检测器版本,参数档,验证状态,事件编号,交易日,事件时间,区间均价确认结束时间,品种,合约,事件开始序号,事件锚点开始序号,事件锚点结束序号,事件结束序号,触发原因,合理价,合理价不确定性_跳,有效参考合约数,参考合约列表,价差基线最少样本数,噪声样本数,噪声覆盖秒数,最新成交价,区间成交均价,末笔向下偏离_跳,末笔向下偏离_基点,区间均价向下偏离_跳,区间均价向下偏离_基点,一秒合并成交均价,一秒合并均价向下偏离_跳,末笔触发阈值_跳,区间均价触发阈值_跳,突发偏离_跳,事件确认深度_跳,事件确认深度_基点,确认深度来源,区间增量成交量,区间增量成交额,事件成交量,名义成交额缺口,回归标签,可见末笔恢复确认秒数,区间均价恢复确认秒数,买一恢复确认秒数,数据质量标记
aggregated-tick-v1,AUTO_INFERRED_V1,validated,AG2604|00:18:01.500,20260202,00:18:01.500,00:18:02.500,AG,AG2604,11881500,23763,23763,11881500,"visible_execution_drop,interval_execution_drop",25530.5,0.7413,3,"AG2608,AG2603,AG2610",20,312,290.0,25442.0,25434.954545454544,88.5,34.66442098666301,95.54545454545588,37.424043612720425,25442.36312849162,88.13687150838086,67.1648,67.75783999999136,47.81468531468636,88.5,34.66442098666301,detector_event_depth,66.0,25180605.0,66.0,94590.00000000132,persistent_10s,,,,
aggregated-tick-v1,AUTO_INFERRED_V1,validated,AG2604|00:18:07.000,20260202,00:18:07.000,00:18:08.000,AG,AG2604,11887000,23774,23774,11887000,"visible_execution_drop,interval_execution_drop",25520.0,9.6369,3,"AG2608,AG2603,AG2610",20,311,290.0,25410.0,25413.21212121212,110.0,43.10344827586207,106.78787878787988,41.84478008929462,25410.65,109.34999999999854,67.1648,71.11839999998561,56.25,110.0,43.10344827586207,detector_event_depth,33.0,12579540.0,33.0,52860.000000000546,persistent_10s,,,,
aggregated-tick-v1,AUTO_INFERRED_V1,validated,AG2605|00:18:01.500,20260202,00:18:01.500,,AG,AG2605,11881500,23738,23738,11881500,visible_execution_drop,25039.0,3.7065,3,"AG2608,AG2603,AG2610",20,266,290.0,24954.0,24974.636363636364,85.0,33.9470426135229,64.36363636363603,25.705354192913468,,,79.5256,77.0545999999928,73.125,85.0,33.9470426135229,detector_event_depth,11.0,4120815.0,11.0,10619.999999999944,trade_recovered_3s,0.5,,1.0,
aggregated-tick-v1,AUTO_INFERRED_V1,validated,AL2609|09:06:27.500,20260202,09:06:27.500,09:06:28.500,AL,AL2609,43587500,20652,20652,43588000,visible_execution_drop,24175.0,1.4826,5,"AL2603,AL2604,AL2605,AL2606,AL2602",20,244,290.0,24000.0,24073.837209302328,35.0,72.38883143743537,20.232558139534376,41.84603544888185,24081.39344262295,18.72131147541004,20.0,20.0,34.75,35.0,72.38883143743537,detector_event_depth,43.0,5175875.0,50.0,21749.999999999454,trade_recovered_3s,2.0,,1.0,
aggregated-tick-v1,AUTO_INFERRED_V1,validated,CU2603|00:56:59.500,20260202,00:56:59.500,,CU,CU2603,14219500,28326,28326,14219500,visible_execution_drop,103150.0,1.4826,5,"CU2604,CU2605,CU2602,CU2606,CU2609",20,505,290.0,102930.0,103011.80722891566,22.0,21.328162869607368,13.819277108434472,13.397263314042144,,,20.0,20.0,20.5,22.0,21.328162869607368,detector_event_depth,83.0,42749900.0,83.0,57350.000000003056,trade_recovered_3s,0.5,,0.5,
aggregated-tick-v1,AUTO_INFERRED_V1,validated,CU2604|21:02:34.500,20260202,21:02:34.500,,CU,CU2604,154500,309,309,154500,visible_execution_drop,103817.5,4.07715,4,"CU2605,CU2602,CU2606,CU2609",20,147,144.0,103600.0,103662.91666666666,21.75,20.950225154718616,15.458333333334304,14.889910981611292,,,20.0,20.0,21.75,21.75,20.950225154718616,detector_event_depth,240.0,124395500.0,240.0,185500.00000001164,trade_recovered_3s,0.5,,0.5,
aggregated-tick-v1,AUTO_INFERRED_V1,validated,CU2605|10:49:14.000,20260202,10:49:14.000,,CU,CU2605,49754000,38784,38784,49754000,visible_execution_drop,101005.0,0.7413,4,"CU2603,CU2602,CU2606,CU2609",20,300,290.0,100750.0,100840.58252427184,25.5,25.246274936884312,16.441747572815803,16.278152143770903,,,20.0,20.0,21.25,25.5,25.246274936884312,detector_event_depth,103.0,51932900.0,103.0,84675.00000000138,trade_recovered_3s,0.5,,0.5,
aggregated-tick-v1,AUTO_INFERRED_V1,validated,EC2604|09:56:20.500,20260202,09:56:20.500,,EC,EC2604,46580500,6761,6761,46580500,visible_execution_drop,1197.0749999999998,8.524949999999663,2,"EC2606,EC2608",20,130,290.0,1184.8,1184.8,24.549999999999727,102.54161184553904,24.549999999999727,102.54161184553904,,,22.063999999999815,22.558200000000717,16.049999999999727,24.549999999999727,102.54161184553904,detector_event_depth,1.0,59240.0,1.0,613.7499999999932,trade_recovered_3s,1.0,,,
aggregated-tick-v1,AUTO_INFERRED_V1,validated,FU2604|11:29:59.000,20260202,11:29:59.000,,FU,FU2604,52199000,30383,30383,52199000,visible_execution_drop,2712.25,1.11195,4,"FU2603,FU2605,FU2606,FU2609",20,180,290.0,2690.0,2697.666666666667,22.25,82.0352106184902,14.58333333333303,53.76839647279207,,,20.0,20.0,18.5,22.25,82.0352106184902,detector_event_depth,6.0,161860.0,6.0,874.9999999999818,trade_recovered_3s,0.5,,0.5,
aggregated-tick-v1,AUTO_INFERRED_V1,validated,IF2603|14:25:40.400,20260202,14:25:40.400,14:25:41.400,IF,IF2603,62739900,23640,23640,62740400,"visible_execution_drop,interval_execution_drop",4601.7,4.4478000000026965,3,"IF2602,IF2606,IF2609",20,454,290.0,4597.0,4593.158273381295,23.49999999999909,10.213616706868804,42.70863309352535,18.56211099964159,4593.5506024096385,40.74698795180666,35.082399999990514,35.08239999997036,26.208633093528988,40.74698795180666,17.709536889326404,detector_event_depth,139.0,191534700.0,168.0,356190.0000000014,trade_recovered_3s,0.5,1.5,0.5,
aggregated-tick-v1,AUTO_INFERRED_V1,validated,IM2602|11:22:31.900,20260202,11:22:31.900,,IM,IM2602,51751900,12617,12617,51751900,visible_execution_drop,8131.950000000001,8.524950000000674,2,"IM2603,IM2606",20,261,290.0,8121.8,8126.745454545454,50.75000000000273,12.481631097093002,26.0227272727343,6.400119841547058,,,46.012799999987394,46.012799999987394,46.625000000008185,50.75000000000273,12.481631097093002,detector_event_depth,11.0,17878840.0,11.0,11450.000000003092,trade_recovered_3s,0.5,,0.5,
aggregated-tick-v1,AUTO_INFERRED_V1,validated,NI2604|22:27:24.500,20260202,22:27:24.500,,NI,NI2604,5244500,10326,10326,5244500,visible_execution_drop,140265.0,3.7065,5,"NI2603,NI2605,NI2609,NI2606,NI2602",20,175,290.0,140040.0,140210.0,22.5,16.041065126724416,5.5,3.9211492531993017,,,20.0064,20.0,21.0,22.5,16.041065126724416,detector_event_depth,11.0,1542310.0,11.0,605.0,trade_recovered_3s,1.0,,0.5,
aggregated-tick-v1,AUTO_INFERRED_V1,validated,NI2604|00:57:52.500,20260202,00:57:52.500,,NI,NI2604,14272500,27298,27298,14272500,visible_execution_drop,140065.0,0.7413,3,"NI2605,NI2609,NI2606",20,178,290.0,139770.0,139948.07692307694,29.5,21.061649948238315,11.692307692306349,8.347772600083067,,,20.0,20.0,20.624647887323228,29.5,21.061649948238315,detector_event_depth,26.0,3638650.0,26.0,3039.9999999996508,trade_recovered_3s,0.5,,0.5,
aggregated-tick-v1,AUTO_INFERRED_V1,validated,NI2604|13:33:16.000,20260202,13:33:16.000,,NI,NI2604,59596000,43784,43784,59596000,visible_execution_drop,132485.0,2.2238999999999995,5,"NI2603,NI2605,NI2609,NI2606,NI2602",20,194,185.5,132190.0,132315.0,29.5,22.266671698682867,17.0,12.831641317885044,,,29.151999999999997,24.40768,28.5,29.5,22.266671698682867,detector_event_depth,8.0,1058520.0,8.0,1360.0,trade_recovered_3s,0.5,,0.5,
aggregated-tick-v1,AUTO_INFERRED_V1,validated,NI2604|14:06:50.000,20260202,14:06:50.000,,NI,NI2604,61610000,47374,47374,61610000,visible_execution_drop,130365.0,8.895599999999998,5,"NI2603,NI2605,NI2609,NI2606,NI2602",20,308,290.0,130090.0,130230.0,27.5,21.094618954473976,13.5,10.355540214014498,,,26.1868,25.365066666663544,22.5,27.5,21.094618954473976,detector_event_depth,5.0,651150.0,5.0,675.0,trade_recovered_3s,0.5,,0.5,
aggregated-tick-v1,AUTO_INFERRED_V1,validated,NI2605|09:03:08.000,20260202,09:03:08.000,,NI,NI2605,43388000,28762,28762,43388000,visible_execution_drop,137895.0,4.447799999999999,5,"NI2603,NI2604,NI2609,NI2606,NI2602",20,212,237.5,137660.0,137761.50735294115,23.5,17.041952210014866,13.349264705882524,9.680746006659067,,,23.2216,20.796358441568845,22.70738636363676,23.5,17.041952210014866,detector_event_depth,272.0,37471130.0,272.0,36310.000000000466,trade_recovered_3s,0.5,,0.5,
aggregated-tick-v1,AUTO_INFERRED_V1,validated,NI2606|21:50:20.000,20260202,21:50:20.000,,NI,NI2606,3020000,5895,5895,3020000,visible_execution_drop,139505.0,2.2238999999999995,5,"NI2603,NI2605,NI2604,NI2609,NI2602",20,121,290.0,139230.0,139246.25,27.5,19.712555105551775,25.875,18.547722303860077,,,23.7216,24.2216,27.5,27.5,19.712555105551775,detector_event_depth,80.0,11139700.0,80.0,20700.0,trade_recovered_3s,1.0,,0.5,
aggregated-tick-v1,AUTO_INFERRED_V1,validated,SN2603|22:50:47.000,20260202,22:50:47.000,22:50:48.000,SN,SN2603,6647000,13291,13291,6647000,visible_execution_drop,418755.0,1.4826,5,"SN2604,SN2605,SN2606,SN2602,SN2607",20,338,290.0,417990.0,418194.7368421053,76.5,18.26843858580793,56.026315789471845,13.37925894364768,418311.8032786885,44.3196721311484,56.4638,54.2786666666772,76.5,76.5,18.26843858580793,detector_event_depth,38.0,15891400.0,38.0,21289.9999999993,trade_recovered_3s,0.5,,0.5,
aggregated-tick-v1,AUTO_INFERRED_V1,validated,SN2603|00:11:33.000,20260202,00:11:33.000,,SN,SN2603,11493000,22941,22941,11493000,visible_execution_drop,411975.0,9.6369,3,"SN2605,SN2606,SN2607",20,322,290.0,411280.0,411460.8,69.5,16.86995570119546,51.42000000000117,12.481339887129357,,,67.6822,63.66700322580088,49.7,69.5,16.86995570119546,detector_event_depth,25.0,10286520.0,25.0,12855.000000000293,trade_recovered_3s,0.5,,0.5,
aggregated-tick-v1,AUTO_INFERRED_V1,validated,SN2603|00:33:20.500,20260202,00:33:20.500,00:33:21.500,SN,SN2603,12800500,25544,25544,12800500,interval_execution_drop,414605.0,1.4826,3,"SN2606,SN2602,SN2607",20,361,290.0,414100.0,414100.0,50.5,12.180267965895249,50.5,12.180267965895249,414100.0,50.5,55.3388,48.72232,35.625,50.5,12.180267965895249,detector_event_depth,1.0,414100.0,1.0,505.0,trade_recovered_3s,,1.5,0.5,
aggregated-tick-v1,AUTO_INFERRED_V1,validated,SN2603|00:52:28.500,20260202,00:52:28.500,,SN,SN2603,13948500,27819,27819,13948500,visible_execution_drop,405040.0,5.1891,5,"SN2604,SN2605,SN2606,SN2602,SN2607",20,149,290.0,403480.0,404667.4528301887,156.0,38.51471459608928,37.25471698113252,9.19778712747692,,,87.2408,75.81956,135.0,156.0,38.51471459608928,detector_event_depth,106.0,42894750.0,106.0,39490.000000000466,trade_recovered_3s,1.0,,1.0,
aggregated-tick-v1,AUTO_INFERRED_V1,validated,SN2603|00:58:18.500,20260202,00:58:18.500,00:58:19.500,SN,SN2603,14298500,28518,28518,14298500,interval_execution_drop,412575.0,2.2238999999999995,5,"SN2604,SN2605,SN2606,SN2602,SN2607",20,219,290.0,411590.0,411624.4444444445,98.5,23.874447070229657,95.0555555555562,23.039582028856863,411674.3209876543,90.0679012345674,101.7472,64.5572,95.0555555555562,90.0679012345674,21.830673510166008,detector_event_depth,18.0,7409240.0,18.0,17110.000000000116,trade_recovered_3s,,1.5,0.5,
aggregated-tick-v1,AUTO_INFERRED_V1,validated,SN2604|22:41:44.000,20260202,22:41:44.000,,SN,SN2604,6104000,12203,12203,6104000,visible_execution_drop,418760.0,2.9652,4,"SN2603,SN2605,SN2606,SN2607",20,119,290.0,418000.0,418326.0,76.0,18.148820326678766,43.4,10.3639316076034,,,70.7376,66.1648,76.0,76.0,18.148820326678766,detector_event_depth,5.0,2091630.0,5.0,2170.0,trade_recovered_3s,0.5,,0.5,
aggregated-tick-v1,AUTO_INFERRED_V1,validated,SN2605|23:11:31.500,20260202,23:11:31.500,,SN,SN2605,7891500,15746,15746,7891500,visible_execution_drop,416570.0,9.6369,5,"SN2603,SN2604,SN2606,SN2602,SN2607",20,149,290.0,415840.0,416030.0,73.0,17.524065583215307,54.0,12.96300741772091,,,58.3736,55.9084,62.4583333333343,73.0,17.524065583215307,detector_event_depth,2.0,832060.0,2.0,1080.0,trade_recovered_3s,0.5,,0.5,
aggregated-tick-v1,AUTO_INFERRED_V1,validated,SS2605|13:52:14.500,20260202,13:52:14.500,,SS,SS2605,60734500,37474,37474,60734500,visible_execution_drop,13637.5,1.4826,5,"SS2603,SS2604,SS2606,SS2602,SS2609",20,392,290.0,13530.0,13570.891304347828,21.5,78.82676443629697,13.321739130434434,48.84230661937465,,,20.0,20.0,12.031281568782834,21.5,78.82676443629697,detector_event_depth,230.0,15606525.0,230.0,76599.99999999799,trade_recovered_3s,0.5,,0.5,
aggregated-tick-v1,AUTO_INFERRED_V1,validated,SS2605|13:52:43.500,20260202,13:52:43.500,13:52:44.500,SS,SS2605,60763500,37532,37532,60763500,interval_execution_drop,13642.5,0.0,3,"SS2603,SS2604,SS2609",20,395,290.0,13560.0,13540.413223140496,16.5,60.47278724573941,20.417355371901067,74.82996288034109,13535.830039525692,21.333992094861607,20.0,20.0,8.167355371901067,21.333992094861607,78.18945242756682,detector_event_depth,121.0,8191950.0,121.0,61762.50000000073,trade_recovered_3s,,2.0,0.5,
aggregated-tick-v1,AUTO_INFERRED_V1,validated,AG2605|14:11:50.500,20260203,14:11:50.500,,AG,AG2605,61910500,26444,26444,61910500,visible_execution_drop,20835.5,1.4826,3,"AG2604,AG2603,AG2610",20,117,290.0,20802.0,20805.23076923077,33.5,16.078327853903193,30.26923076923049,14.527719886362457,,,31.901999999999997,38.0824,33.5,33.5,16.078327853903193,detector_event_depth,13.0,4057020.0,13.0,5902.499999999945,trade_recovered_10s,3.5,,3.5,
aggregated-tick-v1,AUTO_INFERRED_V1,validated,AG2605|14:11:58.500,20260203,14:11:58.500,14:11:59.500,AG,AG2605,61918500,26460,26460,61918500,"visible_execution_drop,interval_execution_drop",20883.5,5.1891,3,"AG2604,AG2608,AG2603",20,107,290.0,20842.0,20835.333333333332,41.5,19.872147867934014,48.16666666666788,23.064460778446087,20834.666666666668,48.83333333333212,35.1172,35.6172,48.16666666666788,48.83333333333212,23.38369206949607,detector_event_depth,6.0,1875180.0,6.0,4335.000000000109,trade_recovered_3s,0.5,1.5,0.5,
aggregated-tick-v1,AUTO_INFERRED_V1,validated,CU2605|14:59:50.500,20260203,14:59:50.500,,CU,CU2605,64790500,53179,53179,64790500,visible_execution_drop,104945.0,2.2238999999999995,5,"CU2603,CU2604,CU2606,CU2602,CU2609",20,350,290.0,104740.0,104843.33333333334,20.5,19.5340416408595,10.166666666665696,9.687614147091995,,,20.0,20.0,19.0,20.5,19.5340416408595,detector_event_depth,27.0,14153850.0,27.0,13724.99999999869,trade_recovered_3s,0.5,,0.5,
aggregated-tick-v1,AUTO_INFERRED_V1,validated,CU2606|22:44:41.000,20260203,22:44:41.000,,CU,CU2606,6281000,11961,11961,6281000,visible_execution_drop,101215.0,1.4826,5,"CU2603,CU2604,CU2605,CU2602,CU2609",20,157,290.0,101000.0,101068.5,21.5,21.24191078397471,14.65,14.474139208615323,,,20.0,20.0,21.5,21.5,21.24191078397471,detector_event_depth,20.0,10106850.0,20.0,14650.0,trade_recovered_3s,1.5,,0.5,
aggregated-tick-v1,AUTO_INFERRED_V1,validated,IC2602|13:34:58.800,20260203,13:34:58.800,,IC,IC2602,59698800,16897,16897,59698800,visible_execution_drop,8222.1,5.189100000005393,2,"IC2606,IC2609",20,213,290.0,8213.8,8216.48,41.50000000000546,10.094744651611013,28.100000000004,6.835236740006567,,,36.582400000133084,36.582400000016115,29.000000000005457,41.50000000000546,10.094744651611013,detector_event_depth,10.0,16432960.0,10.0,11240.0000000016,trade_recovered_3s,1.0,,0.5,
aggregated-tick-v1,AUTO_INFERRED_V1,validated,IF2602|11:15:10.300,20260203,11:15:10.300,,IF,IF2602,51310300,11483,11483,51310300,visible_execution_drop,4595.3,0.7413000000026967,3,"IF2603,IF2606,IF2609",20,165,290.0,4590.0,4591.63,26.50000000000091,11.533523382586951,18.350000000000364,7.986420908319528,,,20.0,20.0,26.50000000000091,26.50000000000091,11.533523382586951,detector_event_depth,20.0,27549780.0,20.0,22020.000000000437,trade_recovered_3s,1.5,,0.5,
aggregated-tick-v1,AUTO_INFERRED_V1,validated,IF2602|14:22:02.800,20260203,14:22:02.800,,IF,IF2602,62522800,20727,20727,62522800,visible_execution_drop,4655.5,2.223899999994606,3,"IF2603,IF2606,IF2609",20,208,289.5,4650.6,4654.311111111111,24.49999999999818,10.525185264739848,5.944444444444343,2.5537297581116287,,,20.0,20.0,23.999999999998636,24.49999999999818,10.525185264739848,detector_event_depth,18.0,25133280.0,18.0,6419.999999999891,trade_recovered_3s,0.5,,0.5,
aggregated-tick-v1,AUTO_INFERRED_V1,validated,IM2602|11:16:19.300,20260203,11:16:19.300,,IM,IM2602,51379300,12134,12134,51379300,visible_execution_drop,8092.3,4.4478000000026965,3,"IM2603,IM2606,IM2609",20,154,290.0,8082.4,8087.544444444445,49.50000000000273,12.233851933320002,23.777777777777377,5.876642679529274,,,45.873599999956,43.15840000004945,49.50000000000273,49.50000000000273,12.233851933320002,detector_event_depth,18.0,29115160.0,18.0,17119.99999999971,trade_recovered_3s,0.5,,0.5,
aggregated-tick-v1,AUTO_INFERRED_V1,validated,LC2605|14:43:41.623,20260203,14:43:41.623,,LC,LC2605,63821623,23787,23787,63821623,visible_execution_drop,147055.0,4.447799999999999,4,"LC2607,LC2609,LC2606,LC2604",20,373,289.408,146300.0,146632.0524017467,37.75,51.34133487470674,21.147379912664473,28.761184472019956,,,36.0476,32.8324,24.25,37.75,51.34133487470674,detector_event_depth,229.0,33578740.0,229.0,96855.00000000327,trade_recovered_3s,0.591,,0.591,
aggregated-tick-v1,AUTO_INFERRED_V1,validated,NI2603|21:42:36.500,20260203,21:42:36.500,21:42:37.500,NI,NI2603,2556500,5113,5113,2556500,interval_execution_drop,130477.5,5.1891,4,"NI2604,NI2606,NI2609,NI2607",20,577,290.0,130420.0,130258.94545454544,5.75,4.406890076833171,21.855454545454997,16.750362741051134,130249.76237623762,22.773762376238302,20.0,20.0,18.466565656565948,22.773762376238302,17.45416824834803,detector_event_depth,275.0,35821210.0,275.0,60102.50000000124,trade_recovered_3s,,1.5,0.5,
aggregated-tick-v1,AUTO_INFERRED_V1,validated,NI2603|14:51:04.000,20260203,14:51:04.000,14:51:05.000,NI,NI2603,64264000,54719,54719,64264000,"visible_execution_drop,interval_execution_drop",134570.0,0.7413,5,"NI2605,NI2604,NI2606,NI2609,NI2607",20,563,290.0,134000.0,134261.71875,57.0,42.357137549230885,30.828125,22.908616333506725,134219.35331230285,35.064668769715354,20.0,20.0,55.5,57.0,42.357137549230885,detector_event_depth,320.0,42963750.0,320.0,98650.0,trade_recovered_3s,1.0,2.0,1.0,
aggregated-tick-v1,AUTO_INFERRED_V1,validated,NI2604|21:12:02.000,20260203,21:12:02.000,,NI,NI2604,722000,1444,1444,722000,visible_execution_drop,132460.0,9.6369,4,"NI2605,NI2606,NI2609,NI2607",20,462,290.0,132140.0,132255.7142857143,32.0,24.15823644873924,20.42857142857101,15.422445590043042,,,25.7216,25.7636612121134,30.5,32.0,24.15823644873924,detector_event_depth,7.0,925790.0,7.0,1429.999999999971,trade_recovered_3s,0.5,,0.5,
aggregated-tick-v1,AUTO_INFERRED_V1,validated,NI2605|21:03:43.500,20260203,21:03:43.500,,NI,NI2605,223500,447,447,223500,visible_execution_drop,131515.0,2.9652,5,"NI2603,NI2604,NI2606,NI2609,NI2607",20,281,213.0,131210.0,131323.18181818182,30.5,23.191270957685436,19.181818181817658,14.585270259527547,,,30.151999999999997,21.594313154543773,29.474576271187107,30.5,23.191270957685436,detector_event_depth,88.0,11556440.0,88.0,16879.999999999534,trade_recovered_3s,0.5,,0.5,
aggregated-tick-v1,AUTO_INFERRED_V1,validated,SN2603|21:42:57.000,20260203,21:42:57.000,,SN,SN2603,2577000,5154,5154,2577000,visible_execution_drop,363590.0,2.2238999999999995,5,"SN2604,SN2605,SN2606,SN2607,SN2602",20,364,290.0,362490.0,363019.87341772154,110.0,30.25385736681427,57.01265822784626,15.680480273892645,,,84.0984,75.60873818182864,99.5666666666657,110.0,30.25385736681427,detector_event_depth,79.0,28678570.0,79.0,45039.999999998545,trade_recovered_3s,0.5,,0.5,
aggregated-tick-v1,AUTO_INFERRED_V1,validated,SN2603|09:43:30.500,20260203,09:43:30.500,,SN,SN2603,45810500,33977,33977,45810500,visible_execution_drop,383675.0,7.412999999999999,5,"SN2604,SN2605,SN2606,SN2607,SN2602",20,195,290.0,383000.0,383430.9090909091,67.5,17.593014921483025,24.409090909088263,6.361918527161859,,,62.32459999999999,50.8388,67.5,67.5,17.593014921483025,detector_event_depth,11.0,4217740.0,11.0,2684.999999999709,trade_recovered_3s,0.5,,0.5,
aggregated-tick-v1,AUTO_INFERRED_V1,validated,SN2603|13:59:00.500,20260203,13:59:00.500,,SN,SN2603,61140500,48427,48427,61140500,visible_execution_drop,375530.0,7.042349999999999,4,"SN2604,SN2605,SN2606,SN2607",20,431,290.0,374860.0,375063.4375,67.0,17.841450749607223,46.65625,12.424107261736744,,,52.8736,52.8736,55.625,67.0,17.841450749607223,detector_event_depth,32.0,12002030.0,32.0,14930.0,trade_recovered_3s,0.5,,0.5,
aggregated-tick-v1,AUTO_INFERRED_V1,validated,SN2604|00:15:57.500,20260203,00:15:57.500,,SN,SN2604,11757500,23399,23399,11758000,visible_execution_drop,368280.0,2.2238999999999995,5,"SN2603,SN2605,SN2606,SN2607,SN2602",20,130,290.0,367000.0,367545.4545454546,128.0,34.75616378842185,73.45454545454704,19.945298537674336,,,103.1886,101.456,96.875,128.0,34.75616378842185,detector_event_depth,11.0,4043000.0,13.0,8080.000000000175,trade_recovered_3s,1.5,,0.5,
aggregated-tick-v1,AUTO_INFERRED_V1,validated,SN2604|14:09:07.500,20260203,14:09:07.500,,SN,SN2604,61747500,49480,49480,61747500,visible_execution_drop,379750.0,8.895599999999998,5,"SN2603,SN2605,SN2606,SN2607,SN2602",20,155,290.0,378970.0,379266.1111111111,78.0,20.53982883475971,48.38888888888759,12.742301221563554,,,75.09519999999999,77.0778,52.625,78.0,20.53982883475971,detector_event_depth,18.0,6826790.0,18.0,8709.999999999767,trade_recovered_3s,0.5,,0.5,
aggregated-tick-v1,AUTO_INFERRED_V1,validated,AG2606|22:30:52.500,20260204,22:30:52.500,22:30:53.500,AG,AG2606,5452500,10904,10904,5452500,"visible_execution_drop,interval_execution_drop",22356.5,5.9304,3,"AG2604,AG2605,AG2603",20,397,290.0,22299.0,22299.5,57.5,25.719589381164315,57.0,25.49594077784984,22295.35294117647,61.14705882353155,35.0824,33.08168888887849,37.94047619047524,61.14705882353155,27.35090860534142,detector_event_depth,10.0,3344925.0,10.0,8550.0,trade_recovered_10s,5.5,6.5,5.5,
aggregated-tick-v1,AUTO_INFERRED_V1,validated,AG2606|22:31:42.000,20260204,22:31:42.000,22:31:43.000,AG,AG2606,5502000,11003,11003,5502000,"visible_execution_drop,interval_execution_drop",22249.5,2.9652,3,"AG2604,AG2608,AG2603",20,338,290.0,22201.0,22201.0,48.5,21.798242657138363,48.5,21.798242657138363,22203.38235294118,46.1176470588216,34.224799999999995,32.820680000004316,29.62037037037044,48.5,21.798242657138363,detector_event_depth,8.0,2664120.0,8.0,5820.0,trade_recovered_3s,2.5,1.5,2.5,
aggregated-tick-v1,AUTO_INFERRED_V1,validated,AG2606|22:31:58.500,20260204,22:31:58.500,22:31:59.500,AG,AG2606,5518500,11036,11036,5518500,"visible_execution_drop,interval_execution_drop",22233.5,1.4826,3,"AG2604,AG2605,AG2603",20,318,290.0,22196.0,22193.666666666668,37.5,16.86644028155711,39.83333333333212,17.915907676853454,22194.454545454544,39.04545454545587,36.0824,31.390399999985615,24.33333333333212,39.04545454545587,17.56154206285824,detector_event_depth,3.0,998715.0,3.0,1792.4999999999454,trade_recovered_3s,1.0,2.0,1.5,
aggregated-tick-v1,AUTO_INFERRED_V1,validated,AG2606|09:55:15.500,20260204,09:55:15.500,,AG,AG2606,46515500,46157,46157,46515500,visible_execution_drop,22123.5,8.1543,5,"AG2604,AG2605,AG2608,AG2610,AG2603",20,303,290.0,22089.0,22100.7,34.5,15.59427757814089,22.799999999999272,10.305783442944955,,,31.651999999999997,34.1172,24.875,34.5,15.59427757814089,detector_event_depth,50.0,16575525.0,50.0,17099.999999999454,trade_recovered_3s,1.0,,0.5,
aggregated-tick-v1,AUTO_INFERRED_V1,validated,AG2608|01:11:38.000,20260204,01:11:38.000,,AG,AG2608,15098000,29456,29456,15098000,visible_execution_drop,21419.75,6.6716999999999995,4,"AG2604,AG2606,AG2610,AG2603",20,253,290.0,21321.0,21381.140350877195,98.75,46.10231211848878,38.60964912280542,18.02525665463202,,,81.59519999999999,70.2344,97.75,98.75,46.10231211848878,detector_event_depth,57.0,18280875.0,57.0,33011.24999999863,trade_recovered_3s,0.5,,0.5,
aggregated-tick-v1,AUTO_INFERRED_V1,validated,AG2610|00:53:37.500,20260204,00:53:37.500,,AG,AG2610,14017500,26043,26043,14017500,visible_execution_drop,21613.5,2.9652,5,"AG2604,AG2606,AG2605,AG2608,AG2603",20,100,290.0,21523.0,21542.571428571428,90.5,41.871978161797024,70.92857142857247,32.816791092869025,,,85.7408,83.0256,90.5,90.5,41.871978161797024,detector_event_depth,7.0,2261970.0,7.0,7447.500000000109,trade_recovered_3s,0.5,,0.5,
aggregated-tick-v1,AUTO_INFERRED_V1,validated,IM2602|14:06:23.300,20260204,14:06:23.300,,IM,IM2602,61583300,20565,20565,61583300,visible_execution_drop,8129.5,0.0,3,"IM2603,IM2606,IM2609",20,165,290.0,8124.4,8124.4,25.50000000000182,6.273448551571885,25.50000000000182,6.273448551571885,,,24.22160000003418,24.22160000003418,20.824999999997544,25.50000000000182,6.273448551571885,detector_event_depth,1.0,1624880.0,1.0,1020.0000000000728,trade_recovered_3s,1.0,,0.5,
aggregated-tick-v1,AUTO_INFERRED_V1,validated,SN2603|00:03:12.000,20260204,00:03:12.000,00:03:13.000,SN,SN2603,10992000,21906,21906,10992000,interval_execution_drop,396725.0,3.7065,3,"SN2604,SN2612,SN2602",20,358,290.0,396300.0,396300.0,42.5,10.712710315709876,42.5,10.712710315709876,396280.9090909091,44.40909090908826,45.477999999999994,38.642533333322795,29.625,44.40909090908826,11.193922971602058,detector_event_depth,1.0,396300.0,1.0,425.0,trade_recovered_3s,,2.0,0.5,
aggregated-tick-v1,AUTO_INFERRED_V1,validated,SN2603|00:30:11.500,20260204,00:30:11.500,,SN,SN2603,12611500,25103,25103,12611500,visible_execution_drop,395610.0,8.895599999999998,5,"SN2604,SN2605,SN2606,SN2612,SN2602",20,320,290.0,395100.0,395372.7272727273,51.0,12.891484037309471,23.72727272727061,5.997642306127401,,,33.8672,33.3264800000115,49.1875,51.0,12.891484037309471,detector_event_depth,22.0,8698200.0,22.0,5219.999999999534,trade_recovered_3s,1.0,,1.0,
aggregated-tick-v1,AUTO_INFERRED_V1,validated,SN2603|10:14:51.500,20260204,10:14:51.500,10:14:52.500,SN,SN2603,47691500,37549,37549,47691500,"visible_execution_drop,interval_execution_drop",395895.0,8.895599999999998,3,"SN2605,SN2606,SN2602",20,354,290.0,395400.0,395500.0,49.5,12.50331527298905,39.5,9.977392995617524,395337.2413793103,55.77586206896813,37.0824,35.635560000000005,38.125,55.77586206896813,14.088549253960805,detector_event_depth,8.0,3164000.0,8.0,3160.0,trade_recovered_3s,0.5,1.5,0.5,
aggregated-tick-v1,AUTO_INFERRED_V1,validated,SN2603|11:07:05.000,20260204,11:07:05.000,,SN,SN2603,50825000,42012,42012,50825000,visible_execution_drop,390892.5,7.042349999999999,4,"SN2604,SN2605,SN2606,SN2602",20,396,290.0,390370.0,390672.8125,52.25,13.366846383596512,21.96875,5.620151320375807,,,46.9432,38.0476,47.75,52.25,13.366846383596512,detector_event_depth,32.0,12501530.0,32.0,7030.0,trade_recovered_3s,0.5,,0.5,
aggregated-tick-v1,AUTO_INFERRED_V1,validated,SN2603|11:18:26.000,20260204,11:18:26.000,,SN,SN2603,51506000,43363,43363,51506000,visible_execution_drop,389265.0,3.7065,4,"SN2604,SN2605,SN2606,SN2602",20,437,290.0,388800.0,389018.3505154639,46.5,11.94558976532696,24.664948453608663,6.336287221714942,,,43.0128,37.0824,34.375,46.5,11.94558976532696,detector_event_depth,97.0,37734780.0,97.0,23925.000000000407,trade_recovered_3s,0.5,,1.5,
aggregated-tick-v1,AUTO_INFERRED_V1,validated,SN2603|11:18:35.500,20260204,11:18:35.500,,SN,SN2603,51515500,43382,43382,51515500,visible_execution_drop,388087.5,8.895599999999998,4,"SN2604,SN2605,SN2612,SN2602",20,446,290.0,387580.0,387899.4736842105,50.75,13.076947853254742,18.802631578949512,4.8449464563917966,,,46.227999999999994,39.97608,34.1973684210534,50.75,13.076947853254742,detector_event_depth,57.0,22110270.0,57.0,10717.500000001222,trade_recovered_3s,0.5,,0.5,
aggregated-tick-v1,AUTO_INFERRED_V1,validated,SN2603|13:36:46.500,20260204,13:36:46.500,,SN,SN2603,59806500,45564,45564,59806500,visible_execution_drop,389145.0,6.6716999999999995,5,"SN2604,SN2605,SN2606,SN2612,SN2602",20,422,290.0,388740.0,388885.71428571426,40.5,10.40743167713834,25.928571428573925,6.66295890441196,,,40.0128,31.117199999999997,25.875,40.5,10.40743167713834,detector_event_depth,14.0,5444400.0,14.0,3630.000000000349,trade_recovered_3s,0.5,,0.5,
aggregated-tick-v1,AUTO_INFERRED_V1,validated,SN2603|14:11:33.500,20260204,14:11:33.500,14:11:34.500,SN,SN2603,61893000,49736,49736,61893500,"visible_execution_drop,interval_execution_drop",384650.0,5.9304,2,"SN2606,SN2602",20,391,290.0,384010.0,384065.6,64.0,16.63850253477187,58.44000000000233,15.19303262706417,384107.75,54.225,39.5128,29.4621333333544,49.5,64.0,16.63850253477187,detector_event_depth,25.0,9601640.0,56.0,14610.000000000582,trade_recovered_3s,0.5,1.5,0.5,
aggregated-tick-v1,AUTO_INFERRED_V1,validated,SN2604|22:23:42.500,20260204,22:23:42.500,,SN,SN2604,5022500,10040,10040,5022500,visible_execution_drop,393080.0,9.6369,5,"SN2603,SN2605,SN2606,SN2612,SN2602",20,201,290.0,392440.0,392800.4761904762,64.0,16.28167294189478,27.952380952378736,7.111117572091874,,,61.803999999999995,60.21792,64.0,64.0,16.28167294189478,detector_event_depth,21.0,8248810.0,21.0,5869.999999999534,trade_recovered_3s,0.5,,0.5,
aggregated-tick-v1,AUTO_INFERRED_V1,validated,SN2604|23:07:36.000,20260204,23:07:36.000,,SN,SN2604,7656000,15294,15294,7656000,visible_execution_drop,394700.0,8.895599999999998,5,"SN2603,SN2605,SN2606,SN2612,SN2602",20,184,290.0,394200.0,394483.3333333333,50.0,12.66784899923993,21.666666666668608,5.489401233004461,,,46.9432,46.9432,41.25,50.0,12.66784899923993,detector_event_depth,6.0,2366900.0,6.0,1300.0000000001164,trade_recovered_3s,0.5,,0.5,
aggregated-tick-v1,AUTO_INFERRED_V1,validated,SN2605|14:04:24.000,20260204,14:04:24.000,,SN,SN2605,61464000,48444,48444,61464000,visible_execution_drop,385790.0,7.412999999999999,5,"SN2603,SN2604,SN2606,SN2612,SN2602",20,208,290.0,385020.0,385271.5384615384,77.0,19.959045076336867,51.846153846156085,13.438957424027604,,,67.7344,67.6094,76.75,77.0,19.959045076336867,detector_event_depth,26.0,10017060.0,26.0,13480.000000000582,trade_recovered_3s,0.5,,0.5,
aggregated-tick-v1,AUTO_INFERRED_V1,validated,AG2604|02:19:44.000,20260205,02:19:44.000,,AG,AG2604,19184000,38368,38368,19184000,visible_execution_drop,22596.5,7.412999999999999,5,"AG2606,AG2605,AG2608,AG2610,AG2603",20,416,290.0,22501.0,22540.927272727273,95.5,42.263182351249085,55.57272727272721,24.593511062654485,,,62.734399999999994,55.99206419686352,85.45238095237983,95.5,42.263182351249085,detector_event_depth,110.0,37192530.0,110.0,91694.99999999988,trade_recovered_3s,0.5,,0.5,
aggregated-tick-v1,AUTO_INFERRED_V1,validated,AG2605|10:04:26.000,20260205,10:04:26.000,,AG,AG2605,47066000,47275,47275,47066000,visible_execution_drop,22181.25,4.4478,4,"AG2604,AG2606,AG2610,AG2603",20,360,290.0,22104.0,22141.558139534885,77.25,34.82671174978867,39.69186046511459,17.894329880017846,,,56.303999999999995,49.374628282830194,77.25,77.25,34.82671174978867,detector_event_depth,43.0,14281305.0,43.0,25601.24999999891,trade_recovered_3s,0.5,,0.5,
aggregated-tick-v1,AUTO_INFERRED_V1,validated,AG2606|23:59:24.000,20260205,23:59:24.000,,AG,AG2606,10764000,21523,21523,10764000,visible_execution_drop,22399.0,6.6716999999999995,5,"AG2604,AG2605,AG2608,AG2610,AG2603",20,480,290.0,22350.0,22371.35,49.0,21.875976606098487,27.650000000001455,12.34430108487051,,,44.5128,40.0028121211708,38.91666666666606,49.0,21.875976606098487,detector_event_depth,40.0,13422810.0,40.0,16590.000000000873,trade_recovered_3s,0.5,,1.0,
aggregated-tick-v1,AUTO_INFERRED_V1,validated,AG2606|00:46:48.000,20260205,00:46:48.000,,AG,AG2606,13608000,27207,27207,13608000,visible_execution_drop,21980.0,7.78365,5,"AG2604,AG2605,AG2608,AG2610,AG2603",20,229,290.0,21916.0,21944.392857142855,64.0,29.117379435850776,35.607142857144936,16.19979201871926,,,62.303999999999995,51.236239999992094,51.86458333333394,64.0,29.117379435850776,detector_event_depth,28.0,9216645.0,28.0,14955.000000000871,trade_recovered_3s,0.5,,0.5,
aggregated-tick-v1,AUTO_INFERRED_V1,validated,AG2606|01:43:45.500,20260205,01:43:45.500,01:43:46.500,AG,AG2606,17023500,34041,34041,17025500,visible_execution_drop,21953.75,6.30105,4,"AG2604,AG2605,AG2608,AG2610",20,405,290.0,21902.0,21913.071428571428,51.75,23.572282639640154,40.67857142857247,18.529213199828032,21918.666666666668,35.08333333333212,45.4432,39.5128,32.375,51.75,23.572282639640154,detector_event_depth,14.0,4601745.0,115.0,8542.500000000218,trade_recovered_3s,0.5,,0.5,
aggregated-tick-v1,AUTO_INFERRED_V1,validated,AG2606|10:44:10.000,20260205,10:44:10.000,,AG,AG2606,49450000,50290,50290,49450000,visible_execution_drop,20242.5,0.7413,5,"AG2604,AG2605,AG2608,AG2610,AG2603",20,256,290.0,20100.0,20167.52380952381,142.5,70.39644312708411,74.97619047619082,37.038997394684856,,,89.744,75.18035376100119,121.91176470588108,142.5,70.39644312708411,detector_event_depth,105.0,31763850.0,105.0,118087.50000000055,trade_recovered_3s,0.5,,0.5,
aggregated-tick-v1,AUTO_INFERRED_V1,validated,AG2606|10:46:35.000,20260205,10:46:35.000,10:46:36.000,AG,AG2606,49595000,50580,50580,49595000,interval_execution_drop,19214.5,9.6369,3,"AG2604,AG2608,AG2603",20,131,290.0,19119.0,19104.732142857145,95.5,49.70204793255094,109.76785714285506,57.1276156771475,19106.786324786324,107.71367521367574,113.1776,82.22095999999351,109.76785714285506,107.71367521367574,56.05853663310299,detector_event_depth,56.0,16047975.0,56.0,92204.99999999824,trade_recovered_3s,,2.0,0.5,
aggregated-tick-v1,AUTO_INFERRED_V1,validated,AG2608|21:36:08.500,20260205,21:36:08.500,21:36:09.500,AG,AG2608,2168500,4336,4336,2168500,"visible_execution_drop,interval_execution_drop",23113.0,0.7413,3,"AG2604,AG2605,AG2603",20,279,290.0,23055.0,23055.0,58.0,25.09410288582183,58.0,25.09410288582183,23047.0625,65.9375,57.303999999999995,51.3736,37.83333333333394,65.9375,28.52831739713581,detector_event_depth,4.0,1383300.0,4.0,3480.0,trade_recovered_3s,1.5,2.5,1.5,
aggregated-tick-v1,AUTO_INFERRED_V1,validated,AG2608|09:56:49.500,20260205,09:56:49.500,,AG,AG2608,46609500,46297,46297,46609500,visible_execution_drop,21908.5,0.7413,5,"AG2604,AG2606,AG2605,AG2610,AG2603",20,243,290.0,21868.0,21897.28,40.5,18.485975762831774,11.219999999997526,5.121299952072267,,,39.5128,41.15626666668226,40.5,40.5,18.485975762831774,detector_event_depth,25.0,8211480.0,25.0,4207.499999999072,trade_recovered_3s,0.5,,0.5,
aggregated-tick-v1,AUTO_INFERRED_V1,validated,AG2608|09:59:06.000,20260205,09:59:06.000,,AG,AG2608,46746000,46568,46568,46746000,visible_execution_drop,21798.0,6.6716999999999995,5,"AG2604,AG2606,AG2605,AG2610,AG2603",20,285,290.0,21750.0,21790.466666666667,48.0,22.02036884117809,7.533333333332848,3.455974554240228,,,45.4432,37.426720000015806,48.0,48.0,22.02036884117809,detector_event_depth,15.0,4902855.0,15.0,1694.9999999998909,trade_recovered_3s,0.5,,0.5,
aggregated-tick-v1,AUTO_INFERRED_V1,validated,AG2608|10:33:19.000,20260205,10:33:19.000,,AG,AG2608,48799000,48875,48875,48799000,visible_execution_drop,20671.5,2.2239,5,"AG2604,AG2606,AG2605,AG2610,AG2603",20,124,188.5,20579.0,20624.275862068967,92.5,44.747599351764514,47.2241379310326,22.845046528327696,,,67.592,63.830280000004315,92.5,92.5,44.747599351764514,detector_event_depth,58.0,17943120.0,58.0,41084.99999999836,trade_recovered_3s,0.5,,0.5,
aggregated-tick-v1,AUTO_INFERRED_V1,validated,AG2610|13:52:06.500,20260205,13:52:06.500,,AG,AG2610,60726500,57711,57711,60726500,visible_execution_drop,18703.5,5.1891,5,"AG2604,AG2606,AG2605,AG2608,AG2603",20,207,290.0,18603.0,18657.18181818182,100.5,53.73325848103296,46.318181818180165,24.764446129430407,,,96.3864,95.8864,94.0,100.5,53.73325848103296,detector_event_depth,11.0,3078435.0,11.0,7642.499999999727,trade_recovered_3s,1.0,,0.5,
aggregated-tick-v1,AUTO_INFERRED_V1,validated,AG2610|14:18:38.000,20260205,14:18:38.000,,AG,AG2610,62318000,60877,60877,62318000,visible_execution_drop,19115.0,9.26625,4,"AG2604,AG2606,AG2608,AG2603",20,147,290.0,18989.0,19073.666666666668,126.0,65.91681925189641,41.33333333333212,21.623506844536816,,,106.5384,107.0384,125.0,126.0,65.91681925189641,detector_event_depth,3.0,858315.0,3.0,1859.9999999999457,trade_recovered_3s,0.5,,0.5,
aggregated-tick-v1,AUTO_INFERRED_V1,validated,AG2610|14:46:10.500,20260205,14:46:10.500,,AG,AG2610,63970500,64140,64140,63970500,visible_execution_drop,19575.5,2.9652,3,"AG2604,AG2606,AG2605",20,126,290.0,19451.0,19505.8,124.5,63.59990804832571,69.70000000000073,35.60573165436425,,,82.14739999999999,84.81142285712748,64.29999999999927,124.5,63.59990804832571,detector_event_depth,15.0,4388805.0,15.0,15682.500000000164,trade_recovered_3s,0.5,,0.5,
aggregated-tick-v1,AUTO_INFERRED_V1,validated,AG2612|10:14:29.500,20260205,10:14:29.500,,AG,AG2612,47669500,46971,46971,47669500,visible_execution_drop,20760.75,5.1891,4,"AG2604,AG2606,AG2608,AG2610",20,163,290.0,20600.0,20676.846153846152,160.75,77.42976530231326,83.90384615384755,40.414650797224354,,,149.7252,156.6208,117.75,160.75,77.42976530231326,detector_event_depth,13.0,4031985.0,13.0,16361.250000000273,trade_recovered_3s,1.0,,0.5,
aggregated-tick-v1,AUTO_INFERRED_V1,validated,AG2612|13:45:50.000,20260205,13:45:50.000,,AG,AG2612,60350000,56121,56121,60350000,visible_execution_drop,18696.5,5.1891,5,"AG2604,AG2606,AG2605,AG2608,AG2610",20,191,290.0,18568.0,18631.466666666667,128.5,68.7294413392881,65.03333333333285,34.78369391775618,,,95.8928,85.17439999999999,128.5,128.5,68.7294413392881,detector_event_depth,15.0,4192080.0,15.0,14632.49999999989,trade_recovered_3s,0.5,,1.0,
aggregated-tick-v1,AUTO_INFERRED_V1,validated,BC2603|10:51:22.500,20260205,10:51:22.500,,BC,BC2603,49882500,34915,34915,49882500,visible_execution_drop,89657.5,8.895599999999998,4,"BC2604,BC2605,BC2606,BC2607",20,147,290.0,89430.0,89430.0,22.75,25.374341243063885,22.75,25.374341243063885,,,20.0,20.0,22.75,22.75,25.374341243063885,detector_event_depth,1.0,447150.0,1.0,1137.5,quote_only_recovered_10s,,,8.0,
aggregated-tick-v1,AUTO_INFERRED_V1,validated,CU2605|22:38:15.000,20260205,22:38:15.000,,CU,CU2605,5895000,11117,11117,5895000,visible_execution_drop,103921.25,1.297275,4,"CU2604,CU2606,CU2602,CU2609",20,253,290.0,103500.0,103735.66666666666,42.125,40.53550164186824,18.558333333334303,17.858073621453073,,,20.0,20.0,42.125,42.125,40.53550164186824,detector_event_depth,240.0,124482800.0,240.0,222700.00000001164,trade_recovered_3s,0.5,,0.5,
aggregated-tick-v1,AUTO_INFERRED_V1,validated,EC2604|14:22:48.500,20260205,14:22:48.500,,EC,EC2604,62568500,17994,17994,62568500,visible_execution_drop,1270.3500000000004,0.7412999999993257,3,"EC2606,EC2610,EC2608",20,137,290.0,1260.1,1260.6909090909091,20.50000000000091,80.68642500098753,19.31818181818244,76.03487943551947,,,20.0,20.0,20.50000000000091,20.50000000000091,80.68642500098753,detector_event_depth,11.0,693380.0,11.0,5312.500000000171,trade_recovered_3s,0.5,,0.5,
aggregated-tick-v1,AUTO_INFERRED_V1,validated,IC2603|11:13:23.000,20260205,11:13:23.000,11:13:24.000,IC,IC2603,51203000,12292,12292,51203000,interval_execution_drop,8073.900000000001,0.7413000000026967,3,"IC2606,IC2602,IC2609",20,336,290.0,8075.6,8063.182178217822,-8.49999999999909,-2.105549982040672,53.58910891089181,13.274652624107755,8064.260176991151,48.19911504424908,43.58559999998342,38.22671999998765,53.58910891089181,48.19911504424908,11.939487743035976,detector_event_depth,101.0,162876280.0,101.0,216500.0000000029,trade_recovered_3s,,1.5,0.5,
aggregated-tick-v1,AUTO_INFERRED_V1,validated,SN2603|23:31:16.000,20260205,23:31:16.000,,SN,SN2603,9076000,18144,18144,9076000,visible_execution_drop,384920.0,6.6716999999999995,5,"SN2604,SN2605,SN2606,SN2607,SN2701",20,463,290.0,384040.0,384787.45098039217,88.0,22.861893380442687,13.254901960783172,3.4435472204050637,,,54.8736,41.224574358947976,88.0,88.0,22.861893380442687,detector_event_depth,102.0,39248320.0,102.0,13519.999999998836,trade_recovered_3s,1.0,,1.0,
aggregated-tick-v1,AUTO_INFERRED_V1,validated,SN2603|09:45:33.500,20260205,09:45:33.500,,SN,SN2603,45933500,34221,34221,45933500,visible_execution_drop,379525.0,4.447799999999999,5,"SN2604,SN2605,SN2606,SN2607,SN2701",20,414,290.0,379040.0,379320.4347826087,48.5,12.779131809498717,20.456521739129677,5.390032735427093,,,41.0128,33.55328,37.10714285714202,48.5,12.779131809498717,detector_event_depth,23.0,8724370.0,23.0,4704.999999999825,trade_recovered_3s,0.5,,0.5,
aggregated-tick-v1,AUTO_INFERRED_V1,validated,SN2603|11:22:25.500,20260205,11:22:25.500,11:22:26.500,SN,SN2603,51745500,44041,44041,51745500,"visible_execution_drop,interval_execution_drop",366550.0,2.7798749999999997,4,"SN2604,SN2606,SN2607,SN2701",20,317,290.0,365420.0,365899.6551724138,113.0,30.827990724321378,65.03448275862029,17.742322400387476,365931.10169491527,61.889830508473096,55.803999999999995,44.9432,113.0,113.0,30.827990724321378,detector_event_depth,87.0,31833270.0,87.0,56579.99999999965,trade_recovered_3s,0.5,1.5,1.0,
aggregated-tick-v1,AUTO_INFERRED_V1,validated,SN2603|14:55:37.000,20260205,14:55:37.000,14:55:38.000,SN,SN2603,64537000,55217,55217,64537000,"visible_execution_drop,interval_execution_drop",363655.0,8.1543,3,"SN2605,SN2607,SN2701",20,349,290.0,362830.0,362915.0,82.5,22.68633732521208,74.0,20.348957115947805,362973.87096774194,68.11290322580608,68.94959999999999,56.05271999999999,64.75,82.5,22.68633732521208,detector_event_depth,10.0,3629150.0,10.0,7400.0,trade_recovered_3s,0.5,1.5,0.5,
aggregated-tick-v1,AUTO_INFERRED_V1,validated,SN2604|14:00:54.000,20260205,14:00:54.000,,SN,SN2604,61254000,48322,48322,61254000,visible_execution_drop,364347.5,2.2238999999999995,3,"SN2603,SN2605,SN2606",20,147,290.0,363360.0,363717.57575757575,98.75,27.103246214122507,62.99242424242548,17.28910565941182,,,78.5256,76.0604,98.75,98.75,27.103246214122507,detector_event_depth,33.0,12002680.0,33.0,20787.500000000407,trade_recovered_3s,0.5,,0.5,
aggregated-tick-v1,AUTO_INFERRED_V1,validated,SN2605|10:01:12.500,20260205,10:01:12.500,,SN,SN2605,46872500,35894,35894,46872500,visible_execution_drop,378835.0,9.26625,4,"SN2603,SN2606,SN2607,SN2701",20,165,290.0,378000.0,378317.7272727273,83.5,22.041258067496404,51.72727272727061,13.65430140490467,,,74.1648,67.7344,63.0,83.5,22.041258067496404,detector_event_depth,22.0,8322990.0,22.0,11379.999999999534,trade_recovered_3s,0.5,,0.5,
aggregated-tick-v1,AUTO_INFERRED_V1,validated,AG2605|09:57:03.000,20260206,09:57:03.000,,AG,AG2605,46623000,45333,45333,46623000,visible_execution_drop,17640.0,0.0,3,"AG2604,AG2606,AG2612",20,167,290.0,17549.0,17589.409090909092,91.0,51.58730158730159,50.5909090909081,28.67965367965311,,,82.59519999999999,66.7923999999856,64.01666666666642,91.0,51.58730158730159,detector_event_depth,22.0,5804505.0,22.0,16694.999999999673,trade_recovered_3s,0.5,,0.5,
aggregated-tick-v1,AUTO_INFERRED_V1,validated,AG2606|21:43:22.000,20260206,21:43:22.000,21:43:23.000,AG,AG2606,2602000,5204,5204,2602000,interval_execution_drop,18778.5,5.9304,5,"AG2604,AG2605,AG2608,AG2612,AG2610",20,455,290.0,18769.0,18726.682926829268,9.5,5.058977021593844,51.81707317073233,27.59382973652439,18735.929515418506,42.57048458149802,49.9432,40.55076363639596,42.56707317073233,42.57048458149802,22.669800346938263,detector_event_depth,164.0,46067640.0,164.0,127470.00000000151,trade_recovered_3s,,1.5,0.5,
aggregated-tick-v1,AUTO_INFERRED_V1,validated,AG2606|22:04:08.500,20260206,22:04:08.500,,AG,AG2606,3848500,7697,7697,3848500,visible_execution_drop,18502.5,9.6369,5,"AG2604,AG2605,AG2608,AG2612,AG2610",20,416,290.0,18451.0,18475.61764705882,51.5,27.83407647615187,26.882352941178397,14.52903820628477,,,50.4432,45.316498461544704,46.0,51.5,27.83407647615187,detector_event_depth,34.0,9422565.0,34.0,13710.000000000982,trade_recovered_3s,0.5,,0.5,
aggregated-tick-v1,AUTO_INFERRED_V1,validated,AG2608|21:31:04.000,20260206,21:31:04.000,,AG,AG2608,1864000,3728,3728,1864000,visible_execution_drop,18689.0,5.9304,5,"AG2604,AG2606,AG2605,AG2612,AG2610",20,371,290.0,18604.0,18640.833333333332,85.0,45.48129915993365,48.16666666666788,25.772736190629715,,,62.053999999999995,55.8736,79.25,85.0,45.48129915993365,detector_event_depth,30.0,8388375.0,30.0,21675.000000000546,trade_recovered_3s,0.5,,0.5,
aggregated-tick-v1,AUTO_INFERRED_V1,validated,AG2608|23:32:19.000,20260206,23:32:19.000,,AG,AG2608,9139000,18263,18263,9139000,visible_execution_drop,18090.0,5.1891,5,"AG2604,AG2606,AG2605,AG2612,AG2610",20,318,290.0,18032.0,18058.483870967742,58.0,32.06191265892758,31.516129032257595,17.42185131689198,,,50.3736,45.800799999999995,58.0,58.0,32.06191265892758,detector_event_depth,31.0,8397195.0,31.0,14654.999999999782,trade_recovered_3s,0.5,,0.5,
aggregated-tick-v1,AUTO_INFERRED_V1,validated,AG2608|23:35:19.500,20260206,23:35:19.500,,AG,AG2608,9319500,18622,18622,9319500,visible_execution_drop,18177.0,4.633125,4,"AG2604,AG2605,AG2612,AG2610",20,342,290.0,18110.0,18148.058823529413,67.0,36.8597678384772,28.94117647058738,15.921866353406712,,,61.734399999999994,54.1964,67.0,67.0,36.8597678384772,detector_event_depth,17.0,4627755.0,17.0,7379.999999999782,trade_recovered_3s,0.5,,0.5,
aggregated-tick-v1,AUTO_INFERRED_V1,validated,AG2608|23:37:24.500,20260206,23:37:24.500,23:37:25.500,AG,AG2608,9444500,18871,18871,9444500,"visible_execution_drop,interval_execution_drop",18241.5,4.4478,5,"AG2604,AG2606,AG2605,AG2612,AG2610",20,356,290.0,18071.0,18089.774011299432,170.5,93.46819066414494,151.72598870056754,83.17626768663078,18116.12757201646,125.37242798354056,122.608,117.0826666666535,143.86422413793116,170.5,93.46819066414494,detector_event_depth,177.0,48028350.0,177.0,402832.5000000068,trade_recovered_3s,0.5,1.5,0.5,
aggregated-tick-v1,AUTO_INFERRED_V1,validated,AG2608|23:37:31.500,20260206,23:37:31.500,23:37:32.500,AG,AG2608,9451500,18885,18885,9451500,visible_execution_drop,18211.0,2.9652,4,"AG2604,AG2606,AG2605,AG2612",20,349,290.0,18050.0,18090.602272727276,161.0,88.40810499148866,120.3977272727243,66.1126392140598,18095.63928571429,115.3607142857145,122.608,116.1776,139.39999999999964,161.0,88.40810499148866,detector_event_depth,88.0,23879595.0,88.0,158924.99999999607,trade_recovered_3s,0.5,,0.5,
aggregated-tick-v1,AUTO_INFERRED_V1,validated,AG2612|10:10:14.000,20260206,10:10:14.000,10:10:15.000,AG,AG2612,47414000,44960,44960,47414000,"visible_execution_drop,interval_execution_drop",16561.5,5.1891,3,"AG2604,AG2606,AG2605",20,148,288.5,16445.0,16475.714285714286,116.5,70.34386981855508,85.78571428571377,51.79827569103871,16480.821428571428,80.67857142857247,79.95599999999999,74.6506,98.5,116.5,70.34386981855508,detector_event_depth,21.0,5189850.0,21.0,27022.499999999836,quote_only_recovered_3s,1.0,,0.5,
aggregated-tick-v1,AUTO_INFERRED_V1,validated,AG2701|00:42:25.500,20260206,00:42:25.500,,AG,AG2701,13345500,23325,23325,13345500,visible_execution_drop,17647.875,2.038575,2,"AG2604,AG2606",20,120,290.0,17564.0,17564.0,83.875,47.52696854437149,83.875,47.52696854437149,,,44.4954,43.0128,43.375,83.875,47.52696854437149,detector_event_depth,1.0,263460.0,1.0,1258.125,persistent_10s,,,,
aggregated-tick-v1,AUTO_INFERRED_V1,validated,AG2701|00:42:45.500,20260206,00:42:45.500,,AG,AG2701,13365500,23359,23359,13365500,visible_execution_drop,17641.25,9.6369,4,"AG2604,AG2606,AG2605,AG2608",20,128,290.0,17589.0,17589.0,52.25,29.618082618862044,52.25,29.618082618862044,,,49.9432,49.9432,52.25,52.25,29.618082618862044,detector_event_depth,2.0,527670.0,2.0,1567.5,trade_recovered_3s,1.0,,1.5,
aggregated-tick-v1,AUTO_INFERRED_V1,validated,IF2602|14:43:20.600,20260206,14:43:20.600,,IF,IF2602,63800600,21965,21965,63800600,visible_execution_drop,4648.700000000001,8.154299999999324,2,"IF2603,IF2606",20,159,287.0,4644.6,4645.433333333333,20.50000000000182,8.819670015273868,16.333333333336668,7.027054158511698,,,20.0,20.0,18.250000000000455,20.50000000000182,8.819670015273868,detector_event_depth,30.0,41808900.0,30.0,29400.000000006003,trade_recovered_3s,0.5,,0.5,
aggregated-tick-v1,AUTO_INFERRED_V1,validated,LC2607|14:51:17.088,20260206,14:51:17.088,,LC,LC2607,64276616,19471,19471,64277088,visible_execution_drop,130965.0,1.1119499999999998,4,"LC2605,LC2609,LC2606,LC2612",20,118,287.697,130200.0,130200.0,38.25,58.412552972168136,38.25,58.412552972168136,,,37.1204,37.7367,32.5,38.25,58.412552972168136,detector_event_depth,5.0,651000.0,105.0,3825.0,trade_recovered_3s,0.597,,0.597,
aggregated-tick-v1,AUTO_INFERRED_V1,validated,SN2603|00:37:47.500,20260206,00:37:47.500,,SN,SN2603,13067500,26082,26082,13067500,visible_execution_drop,365465.0,5.1891,3,"SN2605,SN2606,SN2607",20,333,290.0,365010.0,365104.0625,45.5,12.449892602574804,36.09375,9.87611672800405,,,38.7976,38.7976,42.75,45.5,12.449892602574804,detector_event_depth,32.0,11683330.0,32.0,11550.0,trade_recovered_3s,0.5,,0.5,
aggregated-tick-v1,AUTO_INFERRED_V1,validated,AG2605|21:26:45.000,20260209,21:26:45.000,21:26:46.000,AG,AG2605,1605000,3210,3210,1605000,"visible_execution_drop,interval_execution_drop",18779.5,8.8956,3,"AG2604,AG2608,AG2612",20,396,290.0,18718.0,18720.0,61.5,32.74847573151575,59.5,31.683484650816048,18727.477272727276,52.022727272724296,48.5856,47.96991586205734,44.0,61.5,32.74847573151575,detector_event_depth,22.0,6177600.0,22.0,19635.0,trade_recovered_3s,0.5,1.5,0.5,
aggregated-tick-v1,AUTO_INFERRED_V1,validated,AG2605|23:11:54.500,20260209,23:11:54.500,,AG,AG2605,7914500,15816,15816,7914500,visible_execution_drop,19003.0,9.6369,3,"AG2604,AG2612,AG2603",20,316,290.0,18951.0,18962.666666666668,52.0,27.36410040519918,40.33333333333212,21.22471890403206,,,44.5128,44.5128,43.0,52.0,27.36410040519918,detector_event_depth,3.0,853320.0,3.0,1814.9999999999457,trade_recovered_3s,0.5,,0.5,
aggregated-tick-v1,AUTO_INFERRED_V1,validated,AG2606|02:12:42.000,20260209,02:12:42.000,02:12:43.000,AG,AG2606,18762000,37469,37469,18762000,visible_execution_drop,19159.25,4.633125,4,"AG2604,AG2605,AG2608,AG2603",20,361,290.0,19042.0,19108.642857142855,117.25,61.19759385153385,50.607142857144936,26.41394775742523,19117.141463414635,42.10853658536507,54.3736,50.58666666668226,109.82407407407482,117.25,61.19759385153385,detector_event_depth,112.0,32102520.0,112.0,85020.00000000349,trade_recovered_3s,0.5,,0.5,
aggregated-tick-v1,AUTO_INFERRED_V1,validated,AG2606|10:03:41.500,20260209,10:03:41.500,,AG,AG2606,47021500,47189,47189,47022000,"visible_execution_drop,interval_execution_drop",19797.0,3.7065,5,"AG2604,AG2605,AG2608,AG2612,AG2603",20,499,290.0,19746.0,19777.962264150945,51.0,25.761479011971513,19.037735849055025,9.616475147272329,,,45.5128,39.5824,46.25,51.0,25.761479011971513,detector_event_depth,53.0,15723480.0,156.0,15134.999999998745,trade_recovered_3s,0.5,2.0,1.0,
aggregated-tick-v1,AUTO_INFERRED_V1,validated,AG2608|01:21:14.000,20260209,01:21:14.000,,AG,AG2608,15674000,30911,30911,15674000,visible_execution_drop,18404.5,5.1891,5,"AG2604,AG2606,AG2605,AG2612,AG2603",20,191,290.0,18333.0,18375.4375,71.5,38.84919449047787,29.0625,15.790975033279905,,,40.5128,40.5128,71.5,71.5,38.84919449047787,detector_event_depth,16.0,4410105.0,16.0,6975.0,trade_recovered_3s,1.0,,1.0,
aggregated-tick-v1,AUTO_INFERRED_V1,validated,AG2608|14:22:06.500,20260209,14:22:06.500,,AG,AG2608,62526500,61229,61229,62526500,visible_execution_drop,19738.0,0.7413,3,"AG2604,AG2606,AG2603",20,310,290.0,19700.0,19714.25,38.0,19.252203870706253,23.75,12.032627419191408,,,35.599799999999995,31.151999999999997,30.875,38.0,19.252203870706253,detector_event_depth,12.0,3548565.0,12.0,4275.0,trade_recovered_3s,0.5,,0.5,
aggregated-tick-v1,AUTO_INFERRED_V1,validated,AG2608|14:50:45.000,20260209,14:50:45.000,,AG,AG2608,64245000,64617,64617,64245000,visible_execution_drop,19677.0,0.7413,5,"AG2604,AG2606,AG2605,AG2612,AG2603",20,293,289.5,19609.0,19645.409090909092,68.0,34.55811353356711,31.5909090909081,16.054738573414696,,,57.803999999999995,51.8736,68.0,68.0,34.55811353356711,detector_event_depth,22.0,6482985.0,22.0,10424.999999999673,trade_recovered_3s,0.5,,0.5,
aggregated-tick-v1,AUTO_INFERRED_V1,validated,IC2609|14:59:59.700,20260209,14:59:59.700,,IC,IC2609,64799700,21471,21471,64799700,visible_execution_drop,8097.900000000001,2.223900000001348,2,"IC2606,IC2602",20,128,289.5,8084.0,8084.0,69.50000000000273,17.16494399782727,69.50000000000273,17.16494399782727,,,33.58240000007051,34.48746666674642,61.00000000000364,69.50000000000273,17.16494399782727,detector_event_depth,1.0,1616800.0,1.0,2780.000000000109,truncated,,,,
aggregated-tick-v1,AUTO_INFERRED_V1,validated,IM2606|09:36:14.200,20260209,09:36:14.200,,IM,IM2606,45374200,749,749,45374200,visible_execution_drop,8013.799999999999,4.447799999995954,3,"IM2603,IM2602,IM2609",20,410,290.0,8001.6,8008.454545454546,60.99999999999454,15.22373905013715,26.72727272726661,6.670311893799848,,,59.30400000002924,51.005611111103846,57.549999999996544,60.99999999999454,15.22373905013715,detector_event_depth,22.0,35237200.0,22.0,23519.999999994616,trade_recovered_3s,0.5,,0.5,
aggregated-tick-v1,AUTO_INFERRED_V1,validated,SN2603|21:42:08.000,20260209,21:42:08.000,,SN,SN2603,2528000,5056,5056,2528000,visible_execution_drop,360437.5,8.52495,2,"SN2605,SN2607",20,421,290.0,360040.0,360152.85714285716,39.75,11.028264262181375,28.464285714284053,7.897148802298332,,,33.797599999999996,32.070799999976984,32.01617647058738,39.75,11.028264262181375,detector_event_depth,42.0,15126420.0,42.0,11954.999999999302,trade_recovered_3s,0.5,,0.5,
aggregated-tick-v1,AUTO_INFERRED_V1,validated,SN2603|09:21:06.000,20260209,09:21:06.000,,SN,SN2603,44466000,31138,31138,44466000,visible_execution_drop,374075.0,0.7413,3,"SN2604,SN2605,SN2602",20,364,290.0,373600.0,373792.5,47.5,12.697988371315912,28.25,7.55196150504578,,,42.3356,34.256880000011506,41.25,47.5,12.697988371315912,detector_event_depth,12.0,4485510.0,12.0,3390.0,trade_recovered_3s,0.5,,0.5,
aggregated-tick-v1,AUTO_INFERRED_V1,validated,SN2603|14:02:29.500,20260209,14:02:29.500,,SN,SN2603,61349500,48661,48661,61349500,visible_execution_drop,381450.0,6.6716999999999995,5,"SN2604,SN2605,SN2606,SN2607,SN2602",20,467,290.0,381020.0,381314.7619047619,43.0,11.27277493773758,13.523809523810632,3.5453688619244024,,,38.0128,33.69,31.27631578947476,43.0,11.27277493773758,detector_event_depth,21.0,8007610.0,21.0,2840.000000000233,trade_recovered_3s,0.5,,0.5,
aggregated-tick-v1,AUTO_INFERRED_V1,validated,SN2604|22:08:40.500,20260209,22:08:40.500,,SN,SN2604,4120500,8235,8235,4121000,visible_execution_drop,361020.0,5.1891,5,"SN2603,SN2605,SN2606,SN2607,SN2602",20,200,290.0,360540.0,360915.71428571426,48.0,13.29566229017783,10.428571428573925,2.888640914235755,,,43.9606,40.2541,48.0,48.0,13.29566229017783,detector_event_depth,7.0,2526410.0,9.0,730.0000000001746,trade_recovered_3s,1.0,,0.5,
aggregated-tick-v1,AUTO_INFERRED_V1,validated,AG2606|01:09:16.000,20260210,01:09:16.000,01:09:17.000,AG,AG2606,14955500,29800,29800,14956000,"visible_execution_drop,interval_execution_drop",20094.5,3.7065,3,"AG2604,AG2608,AG2612",20,261,290.0,20063.0,20056.61971830986,31.5,15.675931224962056,37.88028169014069,18.85106954148682,20065.185185185182,29.31481481481751,22.7216,22.7216,24.579380789238712,31.5,15.675931224962056,detector_event_depth,71.0,21360300.0,80.0,40342.49999999984,trade_recovered_3s,0.5,1.5,0.5,
aggregated-tick-v1,AUTO_INFERRED_V1,validated,AG2606|01:51:27.000,20260210,01:51:27.000,,AG,AG2606,17487000,34835,34835,17487000,visible_execution_drop,20146.25,3.7065,4,"AG2604,AG2605,AG2608,AG2612",20,333,290.0,20126.0,20135.428571428572,20.25,10.051498417819694,10.821428571427532,5.37143566243223,,,20.0,20.0,16.75,20.25,10.051498417819694,detector_event_depth,21.0,6342660.0,21.0,3408.7499999996726,trade_recovered_3s,0.5,,0.5,
aggregated-tick-v1,AUTO_INFERRED_V1,validated,AG2608|01:50:02.000,20260210,01:50:02.000,,AG,AG2608,17402000,34111,34111,17402000,visible_execution_drop,19862.0,2.9652,5,"AG2604,AG2606,AG2605,AG2612,AG2603",20,212,290.0,19830.0,19847.0,32.0,16.111167052663376,15.0,7.552109555935957,,,29.151999999999997,29.151999999999997,22.5,32.0,16.111167052663376,detector_event_depth,5.0,1488525.0,5.0,1125.0,trade_recovered_3s,0.5,,0.5,
aggregated-tick-v1,AUTO_INFERRED_V1,validated,AG2608|10:07:12.500,20260210,10:07:12.500,,AG,AG2608,47232500,46742,46742,47232500,visible_execution_drop,19793.0,1.11195,5,"AG2604,AG2606,AG2605,AG2612,AG2603",20,277,290.0,19753.0,19770.285714285717,40.0,20.209164856262316,22.714285714282596,11.475918614804524,,,33.152,35.29546666668226,25.349999999998545,40.0,20.209164856262316,detector_event_depth,28.0,8303520.0,28.0,9539.99999999869,trade_recovered_3s,0.5,,0.5,
aggregated-tick-v1,AUTO_INFERRED_V1,validated,AG2608|10:07:17.500,20260210,10:07:17.500,10:07:18.500,AG,AG2608,47237500,46752,46752,47238000,"visible_execution_drop,interval_execution_drop",19794.5,6.6716999999999995,4,"AG2604,AG2606,AG2605,AG2612",20,282,289.5,19753.0,19759.02564102564,41.5,20.96541968728687,35.47435897435935,17.921321061082296,19760.29577464789,34.20422535211037,33.652,33.652,24.75,41.5,20.96541968728687,detector_event_depth,39.0,11559030.0,57.0,20752.50000000022,trade_recovered_3s,0.5,1.5,0.5,
aggregated-tick-v1,AUTO_INFERRED_V1,validated,AG2608|10:07:22.500,20260210,10:07:22.500,10:07:23.500,AG,AG2608,47242500,46762,46762,47242500,"visible_execution_drop,interval_execution_drop",19802.0,2.9652,5,"AG2604,AG2606,AG2605,AG2612,AG2603",20,289,290.0,19753.0,19758.972222222223,49.0,24.744975255024745,43.027777777777374,21.729006048771524,19760.39705882353,41.60294117646845,33.652,35.62880000001438,28.5,49.0,24.744975255024745,detector_event_depth,36.0,10669845.0,36.0,23234.99999999978,trade_recovered_3s,0.5,2.0,2.0,
aggregated-tick-v1,AUTO_INFERRED_V1,validated,SN2603|21:27:21.500,20260210,21:27:21.500,21:27:22.500,SN,SN2603,1641500,3283,3283,1641500,interval_execution_drop,377125.0,1.4826,3,"SN2604,SN2605,SN2607",20,454,290.0,377000.0,376744.21875,12.5,3.3145508783559827,38.078125,10.096950613191911,376740.8947368421,38.41052631579223,40.5128,33.4951600000115,30.453125,38.41052631579223,10.185091499049978,detector_event_depth,128.0,48223260.0,128.0,48740.0,trade_recovered_3s,,1.5,0.5,
aggregated-tick-v1,AUTO_INFERRED_V1,validated,SN2604|14:58:07.000,20260210,14:58:07.000,,SN,SN2604,64687000,54388,54388,64687000,visible_execution_drop,382465.0,5.9304,5,"SN2603,SN2605,SN2606,SN2607,SN2612",20,200,290.0,381890.0,382160.7692307693,57.5,15.034055403762435,30.423076923075133,7.95447346112066,,,44.8704,43.5128,57.0,57.5,15.034055403762435,detector_event_depth,13.0,4968090.0,13.0,3954.999999999767,trade_recovered_3s,1.0,,0.5,
aggregated-tick-v1,AUTO_INFERRED_V1,validated,IF2602|09:58:21.300,20260211,09:58:21.300,09:58:22.300,IF,IF2602,46701300,2888,2888,46701300,visible_execution_drop,4715.6,0.7412999999959546,3,"IF2603,IF2606,IF2609",20,190,290.0,4708.0,4711.6,38.00000000000182,16.116718975316743,20.0,8.482483671218933,4712.229787234042,16.85106382979029,20.0,20.0,38.00000000000182,38.00000000000182,16.116718975316743,detector_event_depth,20.0,28269600.0,20.0,24000.0,trade_recovered_3s,0.5,,0.5,
aggregated-tick-v1,AUTO_INFERRED_V1,validated,IF2602|10:05:15.800,20260211,10:05:15.800,,IF,IF2602,47115800,3587,3587,47115800,visible_execution_drop,4709.9,0.7412999999959546,3,"IF2603,IF2606,IF2609",20,239,290.0,4705.8,4707.0,20.49999999999727,8.70506804815273,14.49999999999818,6.157243253571491,,,20.0,20.0,14.49999999999818,20.49999999999727,8.70506804815273,detector_event_depth,4.0,5648400.0,4.0,3479.999999999563,trade_recovered_3s,0.5,,0.5,
aggregated-tick-v1,AUTO_INFERRED_V1,validated,IH2602|14:59:30.800,20260211,14:59:30.800,14:59:31.800,IH,IH2602,64770800,13217,13217,64770800,visible_execution_drop,3091.3999999999996,0.7412999999993256,3,"IH2603,IH2606,IH2609",20,135,290.0,3084.0,3087.311111111111,36.99999999999818,23.93737465225994,20.444444444442524,13.226657465512409,3088.3866666666668,15.066666666664332,20.0,20.0,33.49999999999909,36.99999999999818,23.93737465225994,detector_event_depth,9.0,8335740.0,9.0,11039.999999998963,trade_recovered_3s,0.5,,1.0,
aggregated-tick-v1,AUTO_INFERRED_V1,validated,LC2605|11:13:32.122,20260211,11:13:32.122,,LC,LC2605,51212122,12302,12302,51212122,visible_execution_drop,144490.0,0.0,3,"LC2609,LC2603,LC2604",20,416,289.002,143980.0,143980.0,25.5,35.29656031559277,25.5,35.29656031559277,,,22.9716,22.9716,23.0,25.5,35.29656031559277,detector_event_depth,6.0,863880.0,6.0,3060.0,trade_recovered_3s,0.478,,0.478,
aggregated-tick-v1,AUTO_INFERRED_V1,validated,SN2603|21:33:00.000,20260211,21:33:00.000,,SN,SN2603,1980000,3960,3960,1980000,visible_execution_drop,383665.0,3.33585,3,"SN2605,SN2606,SN2608",20,554,290.0,383300.0,383527.0,36.5,9.513507877966456,13.8,3.5968879100256737,,,27.151999999999997,22.30413333332621,36.5,36.5,9.513507877966456,detector_event_depth,30.0,11505810.0,30.0,4140.0,trade_recovered_3s,0.5,,0.5,
aggregated-tick-v1,AUTO_INFERRED_V1,validated,SN2603|22:47:31.000,20260211,22:47:31.000,,SN,SN2603,6451000,12895,12895,6451000,visible_execution_drop,386877.5,1.85325,4,"SN2604,SN2605,SN2606,SN2607",20,492,290.0,386600.0,386751.3888888889,27.75,7.172813099753799,12.611111111112404,3.2597168641527112,,,27.651999999999997,26.518240000011502,25.6875,27.75,7.172813099753799,detector_event_depth,36.0,13923050.0,36.0,4540.000000000466,trade_recovered_3s,0.5,,0.5,
aggregated-tick-v1,AUTO_INFERRED_V1,validated,SN2603|23:36:47.500,20260211,23:36:47.500,,SN,SN2603,9407500,18796,18796,9407500,visible_execution_drop,388060.0,8.1543,5,"SN2604,SN2605,SN2606,SN2607,SN2608",20,448,290.0,387600.0,387834.5945945946,46.0,11.853837035509974,22.540540540538498,5.808519440431505,,,36.2976,30.117199999999997,39.1375,46.0,11.853837035509974,detector_event_depth,37.0,14349880.0,37.0,8339.999999999243,trade_recovered_3s,0.5,,0.5,
aggregated-tick-v1,AUTO_INFERRED_V1,validated,SN2603|00:07:30.500,20260211,00:07:30.500,,SN,SN2603,11250500,22455,22455,11250500,visible_execution_drop,385725.0,1.4826,3,"SN2604,SN2605,SN2606",20,473,290.0,385200.0,385529.1836734694,52.5,13.610733035193467,19.58163265305921,5.076578560647924,,,43.0128,37.0824,45.1,52.5,13.610733035193467,detector_event_depth,98.0,37781860.0,98.0,19189.99999999802,trade_recovered_3s,0.5,,0.5,
aggregated-tick-v1,AUTO_INFERRED_V1,validated,SN2604|11:20:23.500,20260211,11:20:23.500,,SN,SN2604,51623500,43091,43091,51623500,visible_execution_drop,391010.0,2.59455,4,"SN2603,SN2605,SN2606,SN2608",20,211,290.0,390500.0,390843.07692307694,51.0,13.043144676606737,16.69230769230635,4.269023219944848,,,39.2628,39.2628,42.0,51.0,13.043144676606737,detector_event_depth,13.0,5080960.0,13.0,2169.9999999998254,trade_recovered_3s,0.5,,0.5,
aggregated-tick-v1,AUTO_INFERRED_V1,validated,SN2604|11:21:11.000,20260211,11:21:11.000,,SN,SN2604,51671000,43185,43185,51674000,visible_execution_drop,391280.0,3.7065,5,"SN2603,SN2605,SN2606,SN2607,SN2608",20,203,290.0,390670.0,390804.5,61.0,15.589858924555308,47.55,12.152422817419753,,,39.5128,39.5128,61.0,61.0,15.589858924555308,detector_event_depth,20.0,7816090.0,43.0,9510.0,trade_recovered_3s,0.5,,0.5,
aggregated-tick-v1,AUTO_INFERRED_V1,validated,SN2605|22:40:23.500,20260211,22:40:23.500,,SN,SN2605,6023500,11882,11882,6023500,visible_execution_drop,387750.0,4.447799999999999,5,"SN2603,SN2604,SN2606,SN2607,SN2608",20,255,290.0,387170.0,387510.0,58.0,14.958091553836235,24.0,6.189555125725338,,,48.4432,42.0128,58.0,58.0,14.958091553836235,detector_event_depth,9.0,3487590.0,9.0,2160.0,trade_recovered_3s,0.5,,0.5,
aggregated-tick-v1,AUTO_INFERRED_V1,validated,AG2604|21:30:02.500,20260212,21:30:02.500,,AG,AG2604,1802500,3605,3605,1805000,"visible_execution_drop,interval_execution_drop",21326.5,9.6369,3,"AG2606,AG2608,AG2603",20,564,290.0,21244.0,21289.42531120332,82.5,38.68426605397041,37.07468879667795,17.38432879125874,,,46.227999999999994,42.17846000000863,81.375,82.5,38.68426605397041,detector_event_depth,482.0,153922545.0,1838.0,268049.99999998155,trade_recovered_3s,0.5,1.5,1.0,
aggregated-tick-v1,AUTO_INFERRED_V1,validated,AG2604|21:30:25.500,20260212,21:30:25.500,21:30:26.500,AG,AG2604,1825000,3651,3651,1825500,"visible_execution_drop,interval_execution_drop",20919.0,1.4826,3,"AG2606,AG2608,AG2603",20,546,290.0,20820.0,20871.808510638297,99.0,47.325397963573785,47.191489361703134,22.559151661983428,20845.388412017164,73.61158798283577,52.1584,44.39523999999209,58.94089147286832,99.0,47.325397963573785,detector_event_depth,188.0,58858500.0,331.0,133080.00000000285,trade_recovered_3s,0.5,2.5,0.5,
aggregated-tick-v1,AUTO_INFERRED_V1,validated,AG2604|21:30:32.000,20260212,21:30:32.000,,AG,AG2604,1832000,3664,3664,1832000,visible_execution_drop,20692.0,6.6716999999999995,5,"AG2606,AG2605,AG2608,AG2603,AG2612",20,541,290.0,20610.0,20645.48739495798,82.0,39.628842064566015,46.51260504201855,22.478544868557194,,,52.4084,47.46639999998561,42.66935483870839,82.0,39.628842064566015,detector_event_depth,119.0,36852195.0,119.0,83025.00000000311,trade_recovered_3s,0.5,,0.5,
aggregated-tick-v1,AUTO_INFERRED_V1,validated,AG2604|21:31:09.500,20260212,21:31:09.500,21:31:10.500,AG,AG2604,1869500,3739,3739,1869500,"visible_execution_drop,interval_execution_drop",20882.5,4.8184499999999995,5,"AG2606,AG2605,AG2608,AG2603,AG2612",20,492,290.0,20817.0,20830.10909090909,65.5,31.36597629594158,52.39090909091101,25.088427674325875,20805.597826086956,76.90217391304395,48.9432,46.66228562093644,34.240027829313476,76.90217391304395,36.82613380248723,detector_event_depth,110.0,34369680.0,110.0,86445.00000000317,trade_recovered_3s,1.0,2.5,1.5,
aggregated-tick-v1,AUTO_INFERRED_V1,validated,AG2604|22:22:12.000,20260212,22:22:12.000,22:22:13.000,AG,AG2604,4932000,9863,9863,4932000,"visible_execution_drop,interval_execution_drop",21101.75,6.6716999999999995,4,"AG2606,AG2605,AG2608,AG2612",20,522,290.0,21061.0,21066.170454545456,40.75,19.311194569170805,35.57954545454413,16.860945397677508,21061.657794676805,40.09220532319523,38.0824,34.8672,22.374259005926433,40.75,19.311194569170805,detector_event_depth,88.0,27807345.0,88.0,46964.999999998254,trade_recovered_3s,0.5,2.0,0.5,
aggregated-tick-v1,AUTO_INFERRED_V1,validated,AG2604|23:24:55.500,20260212,23:24:55.500,23:24:56.500,AG,AG2604,8695500,17389,17389,8695500,interval_execution_drop,20795.0,3.7065,5,"AG2606,AG2605,AG2608,AG2603,AG2612",20,516,290.0,20768.0,20746.68390804598,27.0,12.983890358259195,48.31609195402052,23.23447557298414,20734.56274509804,60.43725490196084,41.5824,40.29166588237299,34.31609195402052,60.43725490196084,29.06335893337862,detector_event_depth,174.0,54148845.0,174.0,126104.99999999355,trade_recovered_3s,,2.5,2.0,
aggregated-tick-v1,AUTO_INFERRED_V1,validated,AG2605|21:30:25.000,20260212,21:30:25.000,,AG,AG2605,1825000,3650,3650,1825000,visible_execution_drop,20607.0,4.4478,3,"AG2604,AG2606,AG2612",20,415,290.0,20545.0,20596.16,62.0,30.086863687096617,10.840000000000146,5.260348425292447,,,36.5824,33.8672,62.0,62.0,30.086863687096617,detector_event_depth,25.0,7723560.0,25.0,4065.0000000000546,trade_recovered_3s,0.5,,0.5,
aggregated-tick-v1,AUTO_INFERRED_V1,validated,AG2605|00:03:07.000,20260212,00:03:07.000,,AG,AG2605,10987000,21850,21850,10987000,visible_execution_drop,20507.5,3.7065,5,"AG2604,AG2606,AG2608,AG2603,AG2612",20,302,290.0,20472.0,20499.275862068967,35.5,17.310739973180542,8.224137931032601,4.010307414864124,,,28.151999999999997,24.77593333334113,30.0,35.5,17.310739973180542,detector_event_depth,58.0,17834370.0,58.0,7154.999999998363,trade_recovered_3s,0.5,,0.5,
aggregated-tick-v1,AUTO_INFERRED_V1,validated,AG2605|09:12:32.000,20260212,09:12:32.000,,AG,AG2605,43952000,40510,40510,43952000,visible_execution_drop,20306.0,7.412999999999999,3,"AG2606,AG2608,AG2612",20,382,290.0,20265.0,20288.21052631579,41.0,20.191076529104695,17.789473684209952,8.760698160253103,,,37.5824,35.605599999985614,32.75,41.0,20.191076529104695,detector_event_depth,19.0,5782140.0,19.0,5069.999999999836,trade_recovered_3s,0.5,,0.5,
aggregated-tick-v1,AUTO_INFERRED_V1,validated,AG2606|21:30:05.000,20260212,21:30:05.000,21:30:06.000,AG,AG2606,1805000,3609,3609,1805000,"visible_execution_drop,interval_execution_drop",20780.5,9.6369,3,"AG2604,AG2605,AG2612",20,515,290.0,20737.0,20750.061224489797,43.5,20.93308630687423,30.438775510203413,14.647758961624318,20717.706976744183,62.79302325581375,31.151999999999997,25.2216,31.25,62.79302325581375,30.21728219042552,detector_event_depth,49.0,15251295.0,49.0,22372.49999999951,trade_recovered_3s,0.5,1.5,0.5,
aggregated-tick-v1,AUTO_INFERRED_V1,validated,AG2606|22:42:46.500,20260212,22:42:46.500,22:42:47.500,AG,AG2606,6166500,12323,12323,6166500,"visible_execution_drop,interval_execution_drop",20548.25,1.11195,3,"AG2604,AG2603,AG2612",20,334,290.0,20504.0,20500.6875,44.25,21.534680568904893,47.5625,23.14673999002348,20502.13793103448,46.11206896551812,43.0824,38.98844571429486,34.5625,46.11206896551812,22.440874023587465,detector_event_depth,16.0,4920165.0,16.0,11415.0,trade_recovered_3s,0.5,1.5,0.5,
aggregated-tick-v1,AUTO_INFERRED_V1,validated,AG2606|09:14:41.000,20260212,09:14:41.000,,AG,AG2606,44081000,41021,41021,44081000,visible_execution_drop,20239.0,4.4478,5,"AG2604,AG2605,AG2608,AG2603,AG2612",20,484,290.0,20200.0,20221.544444444447,39.0,19.26972676515638,17.455555555552564,8.624712463833472,,,38.0824,38.0824,35.0,39.0,19.26972676515638,detector_event_depth,90.0,27299085.0,90.0,23564.99999999596,trade_recovered_3s,0.5,,0.5,
aggregated-tick-v1,AUTO_INFERRED_V1,validated,AG2606|14:50:06.000,20260212,14:50:06.000,,AG,AG2606,64206000,64604,64604,64206000,visible_execution_drop,20377.0,5.9304,5,"AG2604,AG2605,AG2608,AG2603,AG2612",20,333,290.0,20350.0,20363.245901639344,27.0,13.25023310595279,13.754098360655917,6.749815164477556,,,26.6868,23.7216,24.100000000000364,27.0,13.25023310595279,detector_event_depth,61.0,18632370.0,61.0,12585.000000000164,trade_recovered_3s,0.5,,0.5,
aggregated-tick-v1,AUTO_INFERRED_V1,validated,AG2608|21:30:25.000,20260212,21:30:25.000,,AG,AG2608,1825000,3647,3647,1825000,visible_execution_drop,20193.5,4.4478,3,"AG2604,AG2606,AG2612",20,339,290.0,20138.0,20182.791666666668,55.5,27.484091415554513,10.70833333333212,5.302861481829361,,,39.5128,33.0824,55.5,55.5,27.484091415554513,detector_event_depth,24.0,7265805.0,24.0,3854.999999999563,trade_recovered_3s,0.5,,0.5,
aggregated-tick-v1,AUTO_INFERRED_V1,validated,AG2608|22:31:07.500,20260212,22:31:07.500,,AG,AG2608,5467500,10905,10905,5467500,visible_execution_drop,20396.5,9.6369,3,"AG2604,AG2605,AG2603",20,315,290.0,20368.0,20387.5,28.5,13.972985561248256,9.0,4.412521756183659,,,27.151999999999997,28.438079999981284,28.5,28.5,13.972985561248256,detector_event_depth,18.0,5504625.0,18.0,2430.0,trade_recovered_3s,0.5,,0.5,
aggregated-tick-v1,AUTO_INFERRED_V1,validated,AG2610|00:28:04.500,20260212,00:28:04.500,,AG,AG2610,12484500,23323,23323,12484500,visible_execution_drop,20095.5,9.6369,5,"AG2604,AG2606,AG2605,AG2608,AG2603",20,165,290.0,20050.0,20087.0,45.5,22.641884999129157,8.5,4.229802692145008,,,20.373599999999996,20.373599999999996,45.5,45.5,22.641884999129157,detector_event_depth,5.0,1506525.0,5.0,637.5,trade_recovered_3s,0.5,,0.5,
aggregated-tick-v1,AUTO_INFERRED_V1,validated,NI2604|22:19:54.000,20260212,22:19:54.000,,NI,NI2604,4794000,9337,9337,4794000,visible_execution_drop,141195.0,0.7413,5,"NI2603,NI2605,NI2606,NI2609,NI2607",20,313,290.0,140960.0,141035.57692307694,23.5,16.64364885442119,15.942307692306349,11.290986006803603,,,20.0,20.0,23.5,23.5,16.64364885442119,detector_event_depth,52.0,7333850.0,52.0,8289.999999999302,trade_recovered_3s,0.5,,0.5,
aggregated-tick-v1,AUTO_INFERRED_V1,validated,NI2604|23:38:28.000,20260212,23:38:28.000,,NI,NI2604,9508000,18007,18007,9508000,visible_execution_drop,139830.0,7.412999999999999,3,"NI2603,NI2606,NI2607",20,125,290.0,139550.0,139666.0,28.0,20.024315239934204,16.4,11.72852749767575,,,20.0,20.0,27.5,28.0,20.024315239934204,detector_event_depth,25.0,3491650.0,25.0,4100.0,trade_recovered_3s,0.5,,0.5,
aggregated-tick-v1,AUTO_INFERRED_V1,validated,NI2604|14:26:52.500,20260212,14:26:52.500,,NI,NI2604,62812500,47592,47592,62812500,visible_execution_drop,140397.5,0.7413,4,"NI2603,NI2605,NI2606,NI2609",20,129,290.0,140160.0,140278.27586206896,23.75,16.916255631332465,11.92241379310435,8.491898924912732,,,20.0,20.0,23.75,23.75,16.916255631332465,detector_event_depth,29.0,4068070.0,29.0,3457.500000000262,trade_recovered_3s,0.5,,0.5,
aggregated-tick-v1,AUTO_INFERRED_V1,validated,NI2606|21:15:35.000,20260212,21:15:35.000,,NI,NI2606,935000,1861,1861,935000,visible_execution_drop,141205.0,0.7413,5,"NI2603,NI2605,NI2604,NI2609,NI2607",20,128,290.0,140980.0,141072.0,22.5,15.934279947593923,13.3,9.41892992457774,,,20.0,20.0,22.5,22.5,15.934279947593923,detector_event_depth,10.0,1410720.0,10.0,1330.0,trade_recovered_3s,0.5,,0.5,
aggregated-tick-v1,AUTO_INFERRED_V1,validated,SN2603|21:31:14.500,20260212,21:31:14.500,21:31:15.500,SN,SN2603,1874500,3749,3749,1874500,"visible_execution_drop,interval_execution_drop",392410.0,3.7065,3,"SN2606,SN2607,SN2612",20,472,290.0,392030.0,392014.0909090909,38.0,9.683749139930176,39.59090909091174,10.089169259425534,391967.6470588235,44.23529411764466,34.474799999999995,28.437226666654187,38.30387205387524,44.23529411764466,11.27272345700789,detector_event_depth,22.0,8624310.0,22.0,8710.000000000582,trade_recovered_3s,0.5,1.5,0.5,
aggregated-tick-v1,AUTO_INFERRED_V1,validated,SN2604|00:30:37.500,20260212,00:30:37.500,,SN,SN2604,12637500,25005,25005,12637500,visible_execution_drop,392442.5,1.4826,4,"SN2603,SN2605,SN2606,SN2607",20,145,290.0,392040.0,392120.0,40.25,10.2562795823592,32.25,8.217764385865445,,,31.0824,31.5824,35.75,40.25,10.2562795823592,detector_event_depth,5.0,1960600.0,5.0,1612.5,trade_recovered_3s,2.0,,0.5,
aggregated-tick-v1,AUTO_INFERRED_V1,validated,AG2603|13:45:51.500,20260213,13:45:51.500,,AG,AG2603,60351500,51442,51442,60351500,visible_execution_drop,19588.75,4.8184499999999995,5,"AG2604,AG2606,AG2605,AG2608,AG2612",20,141,290.0,19533.0,19546.666666666668,55.75,28.46021313253781,42.08333333333212,21.483419479717757,,,45.234399999999994,48.94959999999999,55.75,55.75,28.46021313253781,detector_event_depth,9.0,2638800.0,9.0,5681.249999999836,quote_only_recovered_3s,4.0,,1.0,
aggregated-tick-v1,AUTO_INFERRED_V1,validated,AG2605|23:25:14.500,20260213,23:25:14.500,,AG,AG2605,8714500,17312,17312,8715000,visible_execution_drop,20541.5,0.7413,5,"AG2604,AG2606,AG2608,AG2603,AG2612",20,226,290.0,20509.0,20524.59574468085,32.5,15.82162938441691,16.904255319150252,8.229318851666262,,,20.0,20.0,28.25,32.5,15.82162938441691,detector_event_depth,47.0,14469840.0,58.0,11917.500000000928,trade_recovered_3s,1.0,,1.0,
aggregated-tick-v1,AUTO_INFERRED_V1,validated,AG2606|23:24:41.500,20260213,23:24:41.500,,AG,AG2606,8681500,17267,17267,8681500,visible_execution_drop,20472.75,2.2239,4,"AG2605,AG2608,AG2603,AG2612",20,370,290.0,20450.0,20461.57692307693,22.75,11.112332246522817,11.173076923074404,5.4575359553916325,,,22.7216,20.0,22.125,22.75,11.112332246522817,detector_event_depth,52.0,15960030.0,52.0,8714.999999998035,trade_recovered_3s,0.5,,0.5,
aggregated-tick-v1,AUTO_INFERRED_V1,validated,AG2606|00:10:57.500,20260213,00:10:57.500,,AG,AG2606,11457500,22766,22766,11457500,visible_execution_drop,20318.0,8.8956,3,"AG2605,AG2603,AG2612",20,493,290.0,20286.0,20296.54411764706,32.0,15.749581651737376,21.455882352940534,10.560036594615877,,,31.651999999999997,28.9368,26.66666666666606,32.0,15.749581651737376,detector_event_depth,68.0,20702475.0,68.0,21884.999999999345,trade_recovered_3s,0.5,,0.5,
aggregated-tick-v1,AUTO_INFERRED_V1,validated,AG2606|00:28:24.500,20260213,00:28:24.500,00:28:25.500,AG,AG2606,12504500,24860,24860,12504500,interval_execution_drop,18997.0,0.7413,3,"AG2608,AG2603,AG2612",20,218,290.0,18931.0,18927.47,66.0,34.74232773595831,69.53000000000247,36.60051587092829,18928.867924528306,68.13207547169804,66.4567,63.38010673233609,38.475945945949206,68.13207547169804,35.86464992983,detector_event_depth,100.0,28391205.0,100.0,104295.00000000373,trade_recovered_3s,,1.5,0.5,
aggregated-tick-v1,AUTO_INFERRED_V1,validated,AG2608|13:43:49.500,20260213,13:43:49.500,13:43:50.500,AG,AG2608,60229500,56326,56326,60229500,visible_execution_drop,18965.5,4.07715,5,"AG2604,AG2606,AG2605,AG2603,AG2612",20,244,290.0,18900.0,18918.95,65.5,34.53639503308639,46.54999999999927,24.544567767788493,18928.783333333333,36.71666666666715,47.9432,45.4721999999928,60.4375,65.5,34.53639503308639,detector_event_depth,40.0,11351370.0,40.0,27929.999999999563,trade_recovered_3s,0.5,,0.5,
aggregated-tick-v1,AUTO_INFERRED_V1,validated,AG2609|13:55:42.000,20260213,13:55:42.000,,AG,AG2609,60942000,54303,54303,60942000,visible_execution_drop,18804.0,7.78365,4,"AG2604,AG2605,AG2608,AG2603",20,132,290.0,18775.0,18775.0,29.0,15.42225058498192,29.0,15.42225058498192,,,28.5824,25.367199999999997,23.25,29.0,15.42225058498192,detector_event_depth,1.0,281625.0,1.0,435.0,trade_recovered_3s,0.5,,1.0,
aggregated-tick-v1,AUTO_INFERRED_V1,validated,AG2612|14:57:59.000,20260213,14:57:59.000,14:58:00.000,AG,AG2612,64679000,62144,62144,64679000,"visible_execution_drop,interval_execution_drop",19326.5,5.1891,2,"AG2606,AG2605",20,122,290.0,19251.0,19251.0,75.5,39.06553178278529,75.5,39.06553178278529,19251.428571428572,75.07142857142753,45.5334,42.893200000000725,38.5,75.5,39.06553178278529,detector_event_depth,2.0,577530.0,2.0,2265.0,persistent_10s,,,,
aggregated-tick-v1,AUTO_INFERRED_V1,validated,AG2612|14:59:40.000,20260213,14:59:40.000,,AG,AG2612,64780000,62344,62344,64780000,visible_execution_drop,19360.0,5.1891,5,"AG2604,AG2606,AG2605,AG2608,AG2603",20,109,290.0,19302.0,19302.0,58.0,29.958677685950416,58.0,29.958677685950416,,,50.3736,50.8736,58.0,58.0,29.958677685950416,detector_event_depth,1.0,289530.0,1.0,870.0,trade_recovered_3s,0.5,,,
aggregated-tick-v1,AUTO_INFERRED_V1,validated,IF2602|11:19:04.100,20260213,11:19:04.100,,IF,IF2602,51544100,9479,9479,51544100,visible_execution_drop,4673.6,2.223899999994606,3,"IF2603,IF2606,IF2609",20,122,290.0,4666.6,4669.625,35.0,14.97774734679904,19.87500000000182,8.505220814790233,,,20.0,20.0,32.16666666666697,35.0,14.97774734679904,detector_event_depth,8.0,11207100.0,8.0,9540.000000000871,trade_recovered_3s,1.0,,0.5,
aggregated-tick-v1,AUTO_INFERRED_V1,validated,IM2603|10:37:26.100,20260213,10:37:26.100,,IM,IM2603,49046100,7917,7917,49046100,visible_execution_drop,8288.4,5.559749999999999,3,"IM2606,IM2602,IM2609",20,465,290.0,8281.2,8284.944827586207,35.99999999999454,8.686839438249734,17.27586206896376,4.168684443068328,,,22.22160000008084,22.22160000008084,34.249999999992724,35.99999999999454,8.686839438249734,detector_event_depth,29.0,48052680.0,29.0,20039.999999997963,trade_recovered_3s,0.5,,0.5,
aggregated-tick-v1,AUTO_INFERRED_V1,validated,NI2604|09:51:29.500,20260213,09:51:29.500,,NI,NI2604,46289500,32623,32623,46289500,visible_execution_drop,136175.0,0.7413,5,"NI2603,NI2605,NI2606,NI2609,NI2607",20,151,289.5,135960.0,136066.38888888888,21.5,15.78850743528548,10.861111111112404,7.975848071314415,,,20.0,20.0,21.5,21.5,15.78850743528548,detector_event_depth,36.0,4898390.0,36.0,3910.0000000004657,trade_recovered_3s,0.5,,0.5,
aggregated-tick-v1,AUTO_INFERRED_V1,validated,NI2604|14:46:49.500,20260213,14:46:49.500,,NI,NI2604,64009500,50282,50282,64009500,visible_execution_drop,134962.5,1.85325,4,"NI2605,NI2606,NI2609,NI2607",20,137,290.0,134750.0,134803.96226415093,21.25,15.74511438362508,15.853773584906596,11.746798988538735,,,20.0,20.0,21.25,21.25,15.74511438362508,detector_event_depth,53.0,7144610.0,53.0,8402.500000000495,trade_recovered_3s,0.5,,0.5,
aggregated-tick-v1,AUTO_INFERRED_V1,validated,PG2604|14:39:31.492,20260213,14:39:31.492,14:39:32.492,PG,PG2604,63571492,21406,21406,63571492,"visible_execution_drop,interval_execution_drop",4409.0,5.9304,2,"PG2603,PG2609",20,173,289.5,4388.0,4388.072463768116,21.0,47.62984803810388,20.927536231884005,47.46549383507373,4388.125,20.875,20.0,20.0,8.888888888889142,21.0,47.62984803810388,detector_event_depth,69.0,6055540.0,69.0,28879.999999999927,quote_only_recovered_3s,1.0,4.5,1.5,
aggregated-tick-v1,AUTO_INFERRED_V1,validated,PG2604|14:40:41.494,20260213,14:40:41.494,14:40:42.494,PG,PG2604,63641494,21544,21544,63641494,visible_execution_drop,4396.5,8.1543,2,"PG2603,PG2609",20,186,289.502,4376.0,4376.0,20.5,46.62799954509269,20.5,46.62799954509269,4376.6,19.899999999999636,20.0,20.0,11.25,20.5,46.62799954509269,detector_event_depth,1.0,87520.0,1.0,410.0,trade_recovered_3s,0.5,,5.0,
aggregated-tick-v1,AUTO_INFERRED_V1,validated,SN2603|00:26:19.000,20260213,00:26:19.000,,SN,SN2603,12379000,24436,24436,12379000,visible_execution_drop,377670.0,3.7065,3,"SN2604,SN2605,SN2606",20,297,290.0,377000.0,377371.93548387097,67.0,17.740355336669577,29.80645161290304,7.892194670718627,,,65.9844,54.3736,48.875,67.0,17.740355336669577,detector_event_depth,31.0,11698530.0,31.0,9239.999999999942,trade_recovered_3s,0.5,,0.5,
aggregated-tick-v1,AUTO_INFERRED_V1,validated,SN2603|09:49:43.000,20260213,09:49:43.000,,SN,SN2603,46183000,34382,34382,46183000,visible_execution_drop,378915.0,2.59455,4,"SN2604,SN2605,SN2606,SN2607",20,316,290.0,378500.0,378703.3333333333,41.5,10.952324399931385,21.166666666668608,5.5861252963510575,,,35.599799999999995,34.11139999998849,39.75,41.5,10.952324399931385,detector_event_depth,9.0,3408330.0,9.0,1905.0000000001744,trade_recovered_3s,0.5,,0.5,
aggregated-tick-v1,AUTO_INFERRED_V1,validated,SN2604|13:51:32.500,20260213,13:51:32.500,,SN,SN2604,60692500,46415,46415,60692500,visible_execution_drop,372635.0,2.2238999999999995,5,"SN2603,SN2605,SN2606,SN2607,SN2612",20,198,290.0,372190.0,372516.0,44.5,11.941980758651226,11.9,3.1934735062460584,,,43.5128,48.3356,44.5,44.5,11.941980758651226,detector_event_depth,5.0,1862580.0,5.0,595.0,trade_recovered_3s,1.5,,0.5,
aggregated-tick-v1,AUTO_INFERRED_V1,validated,SN2605|14:57:49.000,20260213,14:57:49.000,,SN,SN2605,64669000,53514,53514,64669000,visible_execution_drop,366560.0,6.6716999999999995,3,"SN2604,SN2606,SN2607",20,151,290.0,365310.0,366230.0,125.0,34.100829332169354,33.0,9.002618943692712,,,111.282,103.73304615381429,125.0,125.0,34.100829332169354,detector_event_depth,5.0,1831150.0,5.0,1650.0,trade_recovered_3s,0.5,,0.5,
aggregated-tick-v1,AUTO_INFERRED_V1,validated,AG2603|13:52:59.500,20260224,13:52:59.500,,AG,AG2603,60779500,16686,16686,60779500,visible_execution_drop,22616.5,2.2239,5,"AG2604,AG2606,AG2605,AG2608,AG2612",20,204,290.0,22583.0,22583.0,33.5,14.812194636659076,33.5,14.812194636659076,,,31.867199999999997,30.1346,33.5,33.5,14.812194636659076,detector_event_depth,1.0,338745.0,1.0,502.5,trade_recovered_3s,1.5,,1.5,
aggregated-tick-v1,AUTO_INFERRED_V1,validated,AG2606|09:52:38.000,20260224,09:52:38.000,09:52:39.000,AG,AG2606,46358000,6308,6308,46358500,"visible_execution_drop,interval_execution_drop",21510.25,5.1891,4,"AG2605,AG2608,AG2603,AG2612",20,435,290.0,21300.0,21393.56573705179,210.25,97.74409874362225,116.68426294820893,54.24588879636867,21420.25458248473,89.99541751527431,29.151999999999997,29.151999999999997,208.3333333333339,210.25,97.74409874362225,detector_event_depth,251.0,80546775.0,455.0,439316.2500000066,trade_recovered_3s,1.0,2.5,1.0,
aggregated-tick-v1,AUTO_INFERRED_V1,validated,AG2606|13:56:49.000,20260224,13:56:49.000,,AG,AG2606,61009000,19292,19292,61009000,visible_execution_drop,22066.0,1.4826,5,"AG2604,AG2605,AG2608,AG2603,AG2612",20,349,290.0,22028.0,22050.558139534885,38.0,17.221064080485817,15.441860465114589,6.998033383991021,,,27.9368,25.2216,35.5,38.0,17.221064080485817,detector_event_depth,43.0,14222610.0,43.0,9959.999999998909,trade_recovered_3s,0.5,,0.5,
aggregated-tick-v1,AUTO_INFERRED_V1,validated,AG2606|13:57:24.000,20260224,13:57:24.000,,AG,AG2606,61044000,19362,19362,61044000,visible_execution_drop,22066.5,8.8956,5,"AG2604,AG2605,AG2608,AG2603,AG2612",20,343,290.0,22041.0,22061.02,25.5,11.555978519475223,5.479999999999563,2.4834024426164385,,,24.7216,24.7216,25.5,25.5,11.555978519475223,detector_event_depth,50.0,16545765.0,50.0,4109.999999999673,trade_recovered_3s,0.5,,0.5,
aggregated-tick-v1,AUTO_INFERRED_V1,validated,AG2608|11:21:23.000,20260224,11:21:23.000,,AG,AG2608,51683000,15112,15112,51683000,visible_execution_drop,21812.5,8.8956,5,"AG2604,AG2606,AG2605,AG2603,AG2612",20,327,290.0,21783.0,21792.625,29.5,13.524355300859598,19.875,9.111747851002864,,,21.7216,21.7216,29.5,29.5,13.524355300859598,detector_event_depth,8.0,2615115.0,8.0,2385.0,trade_recovered_3s,0.5,,0.5,
aggregated-tick-v1,AUTO_INFERRED_V1,validated,IF2606|09:49:47.000,20260224,09:49:47.000,,IF,IF2606,46187000,2250,2250,46187000,visible_execution_drop,4648.599999999999,5.930400000001348,3,"IF2603,IF2602,IF2609",20,328,290.0,4643.0,4645.066666666667,27.99999999999727,12.04663769737008,17.66666666666424,7.600854737626056,,,20.0,20.0,19.49999999999818,27.99999999999727,12.04663769737008,detector_event_depth,15.0,20902800.0,15.0,15899.999999997815,trade_recovered_3s,0.5,,0.5,
aggregated-tick-v1,AUTO_INFERRED_V1,validated,SN2603|13:33:45.500,20260224,13:33:45.500,,SN,SN2603,59625500,16473,16473,59625500,visible_execution_drop,385535.0,2.2238999999999995,5,"SN2604,SN2605,SN2606,SN2607,SN2609",20,233,215.0,385200.0,385390.7692307693,33.5,8.689224065259962,14.423076923075133,3.741055137166569,,,30.151999999999997,27.39611428573567,33.5,33.5,8.689224065259962,detector_event_depth,26.0,10020160.0,26.0,3749.9999999995343,trade_recovered_3s,0.5,,0.5,
aggregated-tick-v1,AUTO_INFERRED_V1,validated,SN2604|09:22:06.000,20260224,09:22:06.000,,SN,SN2604,44526000,2651,2651,44526000,visible_execution_drop,388067.5,4.07715,4,"SN2605,SN2606,SN2607,SN2609",20,303,290.0,387430.0,387684.6153846154,63.75,16.427554484722375,38.288461538462435,9.866443734263353,,,62.234399999999994,65.19959999999999,62.25,63.75,16.427554484722375,detector_event_depth,13.0,5039900.0,13.0,4977.500000000116,trade_recovered_3s,3.0,,0.5,
aggregated-tick-v1,AUTO_INFERRED_V1,validated,AG2605|22:14:23.000,20260225,22:14:23.000,,AG,AG2605,4463000,8893,8893,4463000,visible_execution_drop,21735.5,2.9652,5,"AG2604,AG2606,AG2608,AG2612,AG2610",20,458,290.0,21680.0,21716.475,55.5,25.534264222125096,19.025000000001455,8.752961744612021,,,31.651999999999997,28.508252631577907,52.65625,55.5,25.534264222125096,detector_event_depth,40.0,13029885.0,40.0,11415.000000000871,trade_recovered_3s,0.5,,0.5,
aggregated-tick-v1,AUTO_INFERRED_V1,validated,AG2606|22:31:28.500,20260225,22:31:28.500,,AG,AG2606,5488500,10963,10963,5488500,visible_execution_drop,21873.5,0.7413,5,"AG2604,AG2605,AG2608,AG2612,AG2610",20,498,290.0,21830.0,21852.333333333332,43.5,19.887077971060876,21.16666666666788,9.676854031896076,,,29.651999999999997,26.39776969698468,41.08333333333212,43.5,19.887077971060876,detector_event_depth,42.0,13766970.0,42.0,13335.000000000764,trade_recovered_3s,0.5,,0.5,
aggregated-tick-v1,AUTO_INFERRED_V1,validated,AG2606|10:36:25.500,20260225,10:36:25.500,,AG,AG2606,48985500,48657,48657,48985500,visible_execution_drop,22533.5,0.7413,5,"AG2604,AG2605,AG2608,AG2612,AG2610",20,571,290.0,22505.0,22520.166666666668,28.5,12.647835445004104,13.33333333333212,5.917115997662201,,,23.7216,21.0064,24.0,28.5,12.647835445004104,detector_event_depth,42.0,14187705.0,42.0,8399.999999999236,trade_recovered_3s,0.5,,0.5,
aggregated-tick-v1,AUTO_INFERRED_V1,validated,AG2610|21:50:22.500,20260225,21:50:22.500,,AG,AG2610,3022500,5892,5892,3022500,visible_execution_drop,21636.5,8.8956,5,"AG2604,AG2606,AG2605,AG2608,AG2612",20,120,290.0,21588.0,21604.727272727276,48.5,22.415825110345946,31.772727272724296,14.68478139843519,,,48.425799999999995,45.95479999999281,48.5,48.5,22.415825110345946,detector_event_depth,11.0,3564780.0,11.0,5242.499999999509,trade_recovered_3s,0.5,,0.5,
aggregated-tick-v1,AUTO_INFERRED_V1,validated,LC2605|13:45:10.749,20260225,13:45:10.749,,LC,LC2605,60310749,14134,14134,60310749,visible_execution_drop,171400.0,5.9304,3,"LC2607,LC2603,LC2612",20,314,289.585,170920.0,170940.66666666666,24.0,28.004667444574096,22.96666666666715,26.798910929599945,,,22.6868,23.209774193552544,20.0,24.0,28.004667444574096,detector_event_depth,30.0,5128220.0,30.0,13780.000000000293,trade_recovered_3s,0.485,,0.485,
aggregated-tick-v1,AUTO_INFERRED_V1,validated,LC2605|14:16:17.159,20260225,14:16:17.159,,LC,LC2605,62177159,17345,17345,62177159,visible_execution_drop,164950.0,4.447799999999999,5,"LC2607,LC2609,LC2603,LC2604,LC2612",20,400,289.506,164180.0,164195.33333333334,38.5,46.68081236738406,37.73333333333285,45.75123774881219,,,34.152,32.532791869918995,29.75,38.5,46.68081236738406,detector_event_depth,30.0,4925860.0,30.0,22639.99999999971,trade_recovered_3s,0.579,,0.579,
aggregated-tick-v1,AUTO_INFERRED_V1,validated,NI2604|21:30:08.500,20260225,21:30:08.500,,NI,NI2604,1808500,3588,3588,1808500,visible_execution_drop,141710.0,3.7065,5,"NI2605,NI2603,NI2606,NI2609,NI2607",20,419,290.0,141490.0,141589.81132075473,22.0,15.524663044245289,12.018867924527148,8.481312486435078,,,20.0,20.0,22.0,22.0,15.524663044245289,detector_event_depth,53.0,7504260.0,53.0,6369.999999999389,trade_recovered_3s,0.5,,1.0,
aggregated-tick-v1,AUTO_INFERRED_V1,validated,NI2604|21:32:37.500,20260225,21:32:37.500,,NI,NI2604,1957500,3885,3885,1957500,visible_execution_drop,141375.0,1.4826,5,"NI2605,NI2603,NI2606,NI2609,NI2607",20,387,290.0,141120.0,141252.2641509434,25.5,18.03713527851459,12.273584905659664,8.681580835126198,,,20.0,20.0,22.5,25.5,18.03713527851459,detector_event_depth,53.0,7486370.0,53.0,6504.999999999622,trade_recovered_3s,0.5,,0.5,
aggregated-tick-v1,AUTO_INFERRED_V1,validated,NI2606|21:48:57.500,20260225,21:48:57.500,,NI,NI2606,2937500,5583,5583,2937500,visible_execution_drop,141040.0,2.2238999999999995,5,"NI2605,NI2603,NI2604,NI2609,NI2607",20,116,290.0,140840.0,140980.0,20.0,14.180374361883151,6.0,4.254112308564946,,,20.0,20.0,18.0,20.0,14.180374361883151,detector_event_depth,18.0,2537640.0,18.0,1080.0,trade_recovered_3s,0.5,,0.5,
aggregated-tick-v1,AUTO_INFERRED_V1,validated,SN2603|21:57:31.500,20260225,21:57:31.500,,SN,SN2603,3451500,6898,6898,3451500,visible_execution_drop,390962.5,8.895599999999998,4,"SN2604,SN2605,SN2607,SN2608",20,510,290.0,390650.0,390705.0,31.25,7.9930939668126735,25.75,6.586309428653643,,,26.9368,28.030272727257035,22.75,31.25,7.9930939668126735,detector_event_depth,24.0,9376920.0,24.0,6180.0,trade_recovered_3s,0.5,,0.5,
aggregated-tick-v1,AUTO_INFERRED_V1,validated,SN2603|21:59:27.000,20260225,21:59:27.000,,SN,SN2603,3567000,7127,7127,3567000,visible_execution_drop,390340.0,1.1119499999999998,3,"SN2604,SN2607,SN2608",20,501,290.0,390030.0,390154.0,31.0,7.941794333145462,18.6,4.765076599887277,,,30.651999999999997,26.865066666691614,31.0,31.0,7.941794333145462,detector_event_depth,15.0,5852310.0,15.0,2790.0,trade_recovered_3s,0.5,,0.5,
aggregated-tick-v1,AUTO_INFERRED_V1,validated,SN2603|00:47:31.000,20260225,00:47:31.000,,SN,SN2603,13651000,26075,26075,13651000,visible_execution_drop,392960.0,5.1891,5,"SN2604,SN2605,SN2606,SN2607,SN2608",20,220,288.5,392500.0,392799.0,46.0,11.706026058631922,16.1,4.097109120521172,,,38.9052,34.5824,46.0,46.0,11.706026058631922,detector_event_depth,10.0,3927990.0,10.0,1610.0,trade_recovered_3s,0.5,,0.5,
aggregated-tick-v1,AUTO_INFERRED_V1,validated,SN2603|09:50:23.000,20260225,09:50:23.000,,SN,SN2603,46223000,33303,33303,46223000,visible_execution_drop,400940.0,8.895599999999998,5,"SN2604,SN2605,SN2606,SN2607,SN2608",20,394,290.0,400420.0,400804.6511627907,52.0,12.96952162418317,13.534883720928338,3.3757878288343233,,,35.0824,29.151999999999997,48.15,52.0,12.96952162418317,detector_event_depth,43.0,17234600.0,43.0,5819.999999999185,trade_recovered_3s,0.5,,0.5,
aggregated-tick-v1,AUTO_INFERRED_V1,validated,SN2603|13:37:36.000,20260225,13:37:36.000,13:37:37.000,SN,SN2603,59856000,44328,44328,59856000,interval_execution_drop,411845.0,4.447799999999999,5,"SN2604,SN2605,SN2606,SN2607,SN2608",20,386,290.0,411800.0,411393.8461538461,4.5,1.092644077262077,45.1153846153873,10.954457287423011,411429.3333333333,41.56666666666861,37.0476,34.0824,41.6153846153873,41.56666666666861,10.092793809969432,detector_event_depth,39.0,16044360.0,39.0,17595.000000001048,trade_recovered_3s,,3.0,0.5,
aggregated-tick-v1,AUTO_INFERRED_V1,validated,SN2603|14:29:47.000,20260225,14:29:47.000,,SN,SN2603,62987000,50555,50555,62987000,visible_execution_drop,412590.0,7.78365,4,"SN2604,SN2606,SN2607,SN2608",20,409,290.0,412190.0,412333.1818181818,40.0,9.69485445599748,25.681818181817658,6.224537235952798,,,35.5824,32.3172,38.8125,40.0,9.69485445599748,detector_event_depth,22.0,9071330.0,22.0,5649.999999999884,trade_recovered_3s,0.5,,0.5,
aggregated-tick-v1,AUTO_INFERRED_V1,validated,SN2604|00:59:52.000,20260225,00:59:52.000,,SN,SN2604,14392000,27587,27587,14392000,visible_execution_drop,395515.0,5.9304,3,"SN2603,SN2605,SN2608",20,193,290.0,394930.0,395120.0,58.5,14.790842319507478,39.5,9.986979002060606,,,38.0824,38.0824,58.5,58.5,14.790842319507478,detector_event_depth,2.0,790240.0,2.0,790.0,trade_recovered_3s,0.5,,0.5,
aggregated-tick-v1,AUTO_INFERRED_V1,validated,SN2604|09:05:40.000,20260225,09:05:40.000,,SN,SN2604,43540000,28284,28284,43540000,visible_execution_drop,396490.0,2.2238999999999995,5,"SN2603,SN2605,SN2606,SN2607,SN2608",20,422,290.0,396000.0,396238.70967741933,49.0,12.358445358016596,25.12903225806658,6.337872899207189,,,35.5824,29.651999999999997,49.0,49.0,12.358445358016596,detector_event_depth,31.0,12283400.0,31.0,7790.00000000064,trade_recovered_3s,0.5,,0.5,
aggregated-tick-v1,AUTO_INFERRED_V1,validated,SN2604|14:03:28.000,20260225,14:03:28.000,14:03:29.000,SN,SN2604,61408000,47697,47697,61408000,interval_execution_drop,414280.0,8.895599999999998,5,"SN2603,SN2605,SN2606,SN2607,SN2608",20,425,290.0,414120.0,413667.0588235294,16.0,3.862122236168775,61.29411764706019,14.795335919441005,413706.5178571429,57.34821428571595,38.5824,35.1172,60.602450980394494,57.34821428571595,13.842863349839709,detector_event_depth,102.0,42194040.0,102.0,62520.0000000014,trade_recovered_3s,,1.5,0.5,
aggregated-tick-v1,AUTO_INFERRED_V1,validated,SN2604|14:06:48.000,20260225,14:06:48.000,,SN,SN2604,61608000,48097,48097,61608000,visible_execution_drop,414860.0,1.4826,5,"SN2603,SN2605,SN2606,SN2607,SN2608",20,428,290.0,414490.0,414776.6666666667,37.0,8.918671359012679,8.333333333331392,2.0087097655429287,,,36.0824,34.599799999999995,37.0,37.0,8.918671359012679,detector_event_depth,6.0,2488660.0,6.0,499.9999999998836,trade_recovered_3s,0.5,,0.5,
aggregated-tick-v1,AUTO_INFERRED_V1,validated,SN2604|14:29:45.000,20260225,14:29:45.000,14:29:46.000,SN,SN2604,62985000,50829,50829,62985500,"visible_execution_drop,interval_execution_drop",413695.0,1.4826,5,"SN2603,SN2605,SN2606,SN2607,SN2608",20,405,290.0,412970.0,413278.70967741933,72.5,17.5249882159562,41.62903225806658,10.062735169162446,413247.07692307694,44.79230769230635,41.5128,41.5128,64.75,72.5,17.5249882159562,detector_event_depth,31.0,12811640.0,60.0,12905.00000000064,trade_recovered_3s,0.5,1.5,0.5,
aggregated-tick-v1,AUTO_INFERRED_V1,validated,AG2605|21:17:18.000,20260226,21:17:18.000,,AG,AG2605,1038000,2074,2074,1038000,visible_execution_drop,22985.5,1.4826,5,"AG2604,AG2606,AG2608,AG2612,AG2610",20,437,290.0,22951.0,22972.04761904762,34.5,15.009462487220205,13.452380952381644,5.852550935320808,,,29.6868,26.7216,34.5,34.5,15.009462487220205,detector_event_depth,21.0,7236195.0,21.0,4237.500000000218,trade_recovered_3s,0.5,,0.5,
aggregated-tick-v1,AUTO_INFERRED_V1,validated,AG2605|21:42:07.000,20260226,21:42:07.000,21:42:08.000,AG,AG2605,2527000,5039,5039,2527000,visible_execution_drop,22873.5,6.6716999999999995,3,"AG2604,AG2612,AG2610",20,355,290.0,22831.0,22848.24,42.5,18.58045336306206,25.260000000002037,11.043347104729069,22852.16393442623,21.33606557377061,23.7216,21.411466666653496,28.25,42.5,18.58045336306206,detector_event_depth,25.0,8568090.0,25.0,9472.500000000764,trade_recovered_3s,0.5,,0.5,
aggregated-tick-v1,AUTO_INFERRED_V1,validated,AG2605|13:56:07.500,20260226,13:56:07.500,,AG,AG2605,60967500,57775,57775,60967500,visible_execution_drop,22409.0,0.7413,3,"AG2606,AG2612,AG2610",20,343,290.0,22360.0,22384.075,49.0,21.866214467401488,24.924999999999272,11.122763175509515,,,31.151999999999997,31.151999999999997,46.5,49.0,21.866214467401488,detector_event_depth,40.0,13430445.0,40.0,14954.999999999563,trade_recovered_3s,0.5,,0.5,
aggregated-tick-v1,AUTO_INFERRED_V1,validated,AG2606|21:04:07.000,20260226,21:04:07.000,,AG,AG2606,247000,494,494,247000,visible_execution_drop,22958.5,4.4478,5,"AG2604,AG2605,AG2608,AG2612,AG2610",20,316,236.5,22925.0,22939.277777777777,33.5,14.591545614913866,19.222222222222623,8.372594996285745,,,32.652,24.744799999985617,26.875,33.5,14.591545614913866,detector_event_depth,72.0,24774420.0,72.0,20760.000000000437,trade_recovered_3s,0.5,,0.5,
aggregated-tick-v1,AUTO_INFERRED_V1,validated,AG2606|02:29:59.500,20260226,02:29:59.500,,AG,AG2606,19797500,38829,38829,19799500,visible_execution_drop,23118.5,2.2239,2,"AG2605,AG2608",20,378,290.0,23085.0,23098.0,33.5,14.49055950861864,20.5,8.867357311244241,,,22.7216,22.2216,19.9375,33.5,14.49055950861864,detector_event_depth,2.0,692940.0,33.0,615.0,truncated,,,,
aggregated-tick-v1,AUTO_INFERRED_V1,validated,AG2608|21:42:01.500,20260226,21:42:01.500,,AG,AG2608,2521500,5002,5002,2521500,visible_execution_drop,22734.25,2.59455,3,"AG2606,AG2612,AG2610",20,273,290.0,22710.0,22731.333333333332,24.25,10.666725315328192,2.9166666666678793,1.2829394709162958,,,23.2216,20.0,24.25,24.25,10.666725315328192,detector_event_depth,12.0,4091640.0,12.0,525.0000000002183,trade_recovered_3s,0.5,,0.5,
aggregated-tick-v1,AUTO_INFERRED_V1,validated,AG2608|09:09:11.500,20260226,09:09:11.500,,AG,AG2608,43751000,38651,38651,43751500,visible_execution_drop,22645.0,6.6716999999999995,3,"AG2606,AG2605,AG2612",20,453,290.0,22563.0,22605.1,82.0,36.2110841245308,39.900000000001455,17.61978361669307,,,45.9432,42.55439999996301,70.125,82.0,36.2110841245308,detector_event_depth,30.0,10172295.0,54.0,17955.000000000655,trade_recovered_3s,0.5,,0.5,
aggregated-tick-v1,AUTO_INFERRED_V1,validated,AG2610|11:29:59.500,20260226,11:29:59.500,,AG,AG2610,52199500,52633,52633,52199500,visible_execution_drop,22028.5,8.8956,5,"AG2604,AG2606,AG2605,AG2608,AG2612",20,177,290.0,21950.0,21950.0,78.5,35.635653812107044,78.5,35.635653812107044,,,64.304,66.67616000000862,78.5,78.5,35.635653812107044,detector_event_depth,2.0,658500.0,2.0,2355.0,truncated,,,,
aggregated-tick-v1,AUTO_INFERRED_V1,validated,IM2606|13:52:48.100,20260226,13:52:48.100,,IM,IM2606,60768100,17661,17661,60768100,visible_execution_drop,8265.7,2.9651999999838186,3,"IM2603,IM2609,IM2604",20,185,289.5,8260.0,8261.617142857143,28.50000000000364,6.895967673640136,20.41428571428696,4.939517697058195,,,24.72159999997297,24.72159999987419,27.25000000000364,28.50000000000364,6.895967673640136,detector_event_depth,35.0,57831320.0,35.0,28580.000000001743,trade_recovered_3s,0.5,,0.5,
aggregated-tick-v1,AUTO_INFERRED_V1,validated,LC2605|14:41:20.423,20260226,14:41:20.423,,LC,LC2605,63680423,21608,21608,63680423,visible_execution_drop,172137.5,2.409225,2,"LC2607,LC2609",20,407,289.025,171400.0,171797.42268041236,36.875,42.84365696027885,17.003865979381953,19.75614375645278,,,35.8672,33.5093866666729,22.863095238094683,36.875,42.84365696027885,detector_event_depth,194.0,33328700.0,194.0,65975.00000000198,trade_recovered_3s,0.498,,0.498,
aggregated-tick-v1,AUTO_INFERRED_V1,validated,NI2603|10:34:43.500,20260226,10:34:43.500,,NI,NI2603,48883500,33623,33623,48883500,visible_execution_drop,138975.0,1.4826,4,"NI2604,NI2606,NI2609,NI2607",20,251,273.0,138700.0,138878.17204301077,27.5,19.78773160640403,9.682795698923291,6.96729318145227,,,20.0,20.0,27.25,27.5,19.78773160640403,detector_event_depth,93.0,12915670.0,93.0,9004.999999998661,trade_recovered_3s,0.5,,0.5,
aggregated-tick-v1,AUTO_INFERRED_V1,validated,SN2603|21:10:08.000,20260226,21:10:08.000,,SN,SN2603,608000,1216,1216,608000,visible_execution_drop,422055.0,5.9304,5,"SN2604,SN2605,SN2606,SN2607,SN2608",20,466,290.0,421540.0,421786.0,51.5,12.202201134923172,26.9,6.373576903484143,,,47.4432,40.12324,42.9722222222219,51.5,12.202201134923172,detector_event_depth,25.0,10544650.0,25.0,6725.0,trade_recovered_3s,0.5,,0.5,
aggregated-tick-v1,AUTO_INFERRED_V1,validated,SN2603|23:45:55.500,20260226,23:45:55.500,23:45:56.500,SN,SN2603,9955500,19748,19748,9955500,"visible_execution_drop,interval_execution_drop",420920.0,0.7413,2,"SN2604,SN2607",20,317,290.0,419980.0,420271.25,94.0,22.332034590896132,64.875,15.412667490259432,420288.0672268908,63.19327731092344,30.151999999999997,27.979839999999996,90.75,94.0,22.332034590896132,detector_event_depth,48.0,20173020.0,48.0,31140.0,trade_recovered_3s,1.0,1.5,1.0,
aggregated-tick-v1,AUTO_INFERRED_V1,validated,SN2603|00:00:49.000,20260226,00:00:49.000,,SN,SN2603,10849000,21369,21369,10849000,visible_execution_drop,421050.0,0.7413,5,"SN2604,SN2605,SN2606,SN2607,SN2608",20,241,290.0,420500.0,420794.28571428574,55.0,13.062581641135257,25.571428571426075,6.073252243540215,,,29.651999999999997,26.6868,55.0,55.0,13.062581641135257,detector_event_depth,28.0,11782240.0,28.0,7159.9999999993015,trade_recovered_3s,0.5,,0.5,
aggregated-tick-v1,AUTO_INFERRED_V1,validated,SN2603|10:34:17.000,20260226,10:34:17.000,10:34:18.000,SN,SN2603,48857000,37239,37239,48857000,"visible_execution_drop,interval_execution_drop",412125.0,0.7413,5,"SN2604,SN2605,SN2606,SN2607,SN2608",20,273,246.5,411350.0,411699.1176470588,77.5,18.804974218986956,42.58823529412039,10.33381505468496,411700.98484848486,42.40151515151374,50.8736,40.98960000002301,76.72727272727352,77.5,18.804974218986956,detector_event_depth,68.0,27995540.0,68.0,28960.000000001863,trade_recovered_3s,0.5,1.5,0.5,
aggregated-tick-v1,AUTO_INFERRED_V1,validated,SN2603|10:40:22.500,20260226,10:40:22.500,,SN,SN2603,49222500,37967,37967,49222500,visible_execution_drop,409770.0,9.6369,4,"SN2605,SN2606,SN2607,SN2608",20,472,290.0,409280.0,409819.1304347826,49.0,11.95792761793201,-4.913043478259351,-1.1989758836077191,,,46.9432,41.0839888888728,48.5,49.0,11.95792761793201,detector_event_depth,46.0,18851680.0,46.0,0.0,trade_recovered_3s,0.5,,0.5,
aggregated-tick-v1,AUTO_INFERRED_V1,validated,SN2603|13:41:39.000,20260226,13:41:39.000,13:41:40.000,SN,SN2603,60099000,45261,45261,60099000,"visible_execution_drop,interval_execution_drop",412650.0,5.9304,5,"SN2604,SN2605,SN2606,SN2607,SN2608",20,414,290.0,412000.0,412134.75,65.0,15.751847812916514,51.525,12.486368593238822,412192.54901960783,45.74509803921683,40.9954,37.53599999997699,65.0,65.0,15.751847812916514,detector_event_depth,80.0,32970780.0,80.0,41220.0,trade_recovered_3s,0.5,1.5,0.5,
aggregated-tick-v1,AUTO_INFERRED_V1,validated,SN2603|14:16:49.000,20260226,14:16:49.000,14:16:50.000,SN,SN2603,62209000,49395,49395,62209000,interval_execution_drop,411027.5,7.042349999999999,4,"SN2604,SN2605,SN2606,SN2608",20,390,290.0,411090.0,410486.5306122449,-6.25,-1.5205795232679078,54.096938775508896,13.161391579762643,410541.49606299214,48.600393700785936,39.5128,39.5128,45.846938775508896,48.600393700785936,11.824122157467793,detector_event_depth,98.0,40227680.0,98.0,53014.99999999872,trade_recovered_3s,,1.5,0.5,
aggregated-tick-v1,AUTO_INFERRED_V1,validated,SN2603|14:45:17.000,20260226,14:45:17.000,,SN,SN2603,63914000,52792,52792,63918000,visible_execution_drop,413330.0,0.0,3,"SN2605,SN2607,SN2608",20,419,290.0,412860.0,412911.0,47.0,11.371059444027772,41.9,10.13717852563327,,,30.617199999999997,28.151999999999997,38.25,47.0,11.371059444027772,detector_event_depth,10.0,4129110.0,44.0,4190.0,trade_recovered_3s,1.5,,0.5,
aggregated-tick-v1,AUTO_INFERRED_V1,validated,SN2604|22:12:36.500,20260226,22:12:36.500,,SN,SN2604,4356500,8703,8703,4356500,visible_execution_drop,420942.5,8.895599999999998,4,"SN2605,SN2606,SN2607,SN2608",20,453,290.0,420610.0,420712.5,33.25,7.898941066772777,23.0,5.463929158970643,,,32.1172,26.6868,29.25,33.25,7.898941066772777,detector_event_depth,8.0,3365700.0,8.0,1840.0,trade_recovered_3s,0.5,,0.5,
aggregated-tick-v1,AUTO_INFERRED_V1,validated,SN2604|22:36:35.000,20260226,22:36:35.000,,SN,SN2604,5795000,11569,11569,5795000,visible_execution_drop,417375.0,7.412999999999999,2,"SN2606,SN2607",20,465,290.0,417000.0,417090.3333333333,37.5,8.984725965858042,28.46666666666861,6.820405310971814,,,37.0824,32.04272000002301,26.47727272727352,37.5,8.984725965858042,detector_event_depth,30.0,12512710.0,30.0,8540.000000000582,trade_recovered_3s,0.5,,0.5,
aggregated-tick-v1,AUTO_INFERRED_V1,validated,SN2604|23:51:35.500,20260226,23:51:35.500,,SN,SN2604,10295500,20409,20409,10295500,visible_execution_drop,421970.0,4.447799999999999,5,"SN2603,SN2605,SN2606,SN2607,SN2608",20,295,290.0,421730.0,421833.5714285714,24.0,5.6876081238002705,13.642857142857974,3.233134379898565,,,23.7216,24.2216,20.5,24.0,5.6876081238002705,detector_event_depth,14.0,5905670.0,14.0,1910.0000000001164,trade_recovered_3s,0.5,,0.5,
aggregated-tick-v1,AUTO_INFERRED_V1,validated,SN2604|09:23:30.000,20260226,09:23:30.000,,SN,SN2604,44610000,30870,30870,44610000,visible_execution_drop,421595.0,9.6369,4,"SN2603,SN2606,SN2607,SN2608",20,453,290.0,421260.0,421424.5454545454,33.5,7.946014540020636,17.04545454545296,4.0430874525203,,,30.151999999999997,25.06879999997041,24.125,33.5,7.946014540020636,detector_event_depth,11.0,4635670.0,11.0,1874.9999999998256,trade_recovered_3s,0.5,,0.5,
aggregated-tick-v1,AUTO_INFERRED_V1,validated,SN2604|13:39:09.000,20260226,13:39:09.000,13:39:10.000,SN,SN2604,59949000,45324,45324,59949000,"visible_execution_drop,interval_execution_drop",414135.0,8.895599999999998,5,"SN2603,SN2605,SN2606,SN2607,SN2608",20,439,290.0,413310.0,413467.6288659794,82.5,19.921040240501284,66.73711340206209,16.114820868089414,413461.8867924528,67.31132075471687,36.5824,30.151999999999997,75.25,82.5,19.921040240501284,detector_event_depth,97.0,40106360.0,97.0,64735.00000000023,trade_recovered_3s,1.0,2.0,1.0,
aggregated-tick-v1,AUTO_INFERRED_V1,validated,SN2604|14:16:49.500,20260226,14:16:49.500,,SN,SN2604,62209500,49815,49815,62209500,visible_execution_drop,411975.0,0.7413,3,"SN2605,SN2607,SN2608",20,450,290.0,411600.0,411784.8148148148,37.5,9.102494083378843,19.018518518516792,4.6164253943848035,,,34.099799999999995,29.40185777779441,34.0,37.5,9.102494083378843,detector_event_depth,27.0,11118190.0,27.0,5134.999999999534,trade_recovered_3s,0.5,,0.5,
aggregated-tick-v1,AUTO_INFERRED_V1,validated,SN2604|14:31:21.500,20260226,14:31:21.500,,SN,SN2604,63081500,51558,51558,63081500,visible_execution_drop,412427.5,6.301049999999999,4,"SN2603,SN2605,SN2607,SN2608",20,458,290.0,412120.0,412202.0,30.75,7.455855877699717,22.55,5.467627643646459,,,30.151999999999997,27.1868,27.40131578947476,30.75,7.455855877699717,detector_event_depth,5.0,2061010.0,5.0,1127.5,trade_recovered_3s,0.5,,0.5,
aggregated-tick-v1,AUTO_INFERRED_V1,validated,SN2605|21:15:43.000,20260226,21:15:43.000,,SN,SN2605,943000,1885,1885,943000,visible_execution_drop,422100.0,2.9652,5,"SN2604,SN2603,SN2606,SN2607,SN2608",20,309,290.0,421700.0,421964.0,40.0,9.476427386875148,13.6,3.2219853115375505,,,36.0824,33.93893333337741,40.0,40.0,9.476427386875148,detector_event_depth,10.0,4219640.0,10.0,1360.0,trade_recovered_3s,0.5,,0.5,
aggregated-tick-v1,AUTO_INFERRED_V1,validated,SN2605|21:22:44.500,20260226,21:22:44.500,21:22:45.500,SN,SN2605,1364500,2727,2727,1364500,visible_execution_drop,420027.5,7.042349999999999,4,"SN2604,SN2603,SN2607,SN2608",20,321,290.0,419590.0,419681.6,43.75,10.41598466767057,34.59000000000233,8.23517507782284,419770.7894736842,25.67105263157864,36.8324,29.330266666691617,39.125,43.75,10.41598466767057,detector_event_depth,25.0,10492040.0,25.0,8647.500000000582,trade_recovered_3s,0.5,,0.5,
aggregated-tick-v1,AUTO_INFERRED_V1,validated,SN2605|21:41:10.000,20260226,21:41:10.000,,SN,SN2605,2470000,4937,4937,2470000,visible_execution_drop,420780.0,7.412999999999999,3,"SN2604,SN2603,SN2607",20,316,290.0,420280.0,420510.0,50.0,11.882694044393745,27.0,6.416654783972622,,,42.5128,39.7976,46.25,50.0,11.882694044393745,detector_event_depth,7.0,2943570.0,7.0,1890.0,trade_recovered_3s,0.5,,0.5,
aggregated-tick-v1,AUTO_INFERRED_V1,validated,SN2605|22:36:35.000,20260226,22:36:35.000,,SN,SN2605,5795000,11537,11537,5795000,visible_execution_drop,418022.5,7.042349999999999,2,"SN2606,SN2607",20,233,290.0,417620.0,417672.8571428571,40.25,9.628668313308491,34.96428571428405,8.364211427443271,,,37.5824,37.5824,38.0,40.25,9.628668313308491,detector_event_depth,21.0,8771130.0,21.0,7342.499999999651,trade_recovered_3s,0.5,,0.5,
aggregated-tick-v1,AUTO_INFERRED_V1,validated,SN2605|22:59:31.000,20260226,22:59:31.000,,SN,SN2605,7171000,14264,14264,7172000,visible_execution_drop,422715.0,7.412999999999999,5,"SN2604,SN2603,SN2606,SN2607,SN2608",20,305,290.0,422170.0,422503.5,54.5,12.89284742675325,21.15,5.003371065611582,,,37.0476,34.0824,54.5,54.5,12.89284742675325,detector_event_depth,20.0,8450070.0,21.0,4230.0,trade_recovered_3s,1.5,,0.5,
aggregated-tick-v1,AUTO_INFERRED_V1,validated,SN2605|10:03:01.000,20260226,10:03:01.000,,SN,SN2605,46981000,35115,35115,46981000,visible_execution_drop,420635.0,2.9652,5,"SN2604,SN2603,SN2606,SN2607,SN2608",20,209,290.0,420020.0,420426.6666666667,61.5,14.620751958348686,20.833333333331392,4.9528292541826975,,,52.8736,52.3736,61.5,61.5,14.620751958348686,detector_event_depth,9.0,3783840.0,9.0,1874.9999999998256,trade_recovered_3s,0.5,,0.5,
aggregated-tick-v1,AUTO_INFERRED_V1,validated,AG2604|22:30:28.000,20260227,22:30:28.000,,AG,AG2604,5428000,10815,10815,5428000,visible_execution_drop,21996.5,5.1891,5,"AG2606,AG2605,AG2608,AG2610,AG2612",20,427,290.0,21956.0,21989.98780487805,40.5,18.41202009410588,6.512195121951663,2.960559689928699,,,20.0,20.0,40.5,40.5,18.41202009410588,detector_event_depth,246.0,81143055.0,246.0,24030.000000001637,trade_recovered_3s,0.5,,0.5,
aggregated-tick-v1,AUTO_INFERRED_V1,validated,AG2604|22:30:37.500,20260227,22:30:37.500,22:30:38.500,AG,AG2604,5437500,10834,10834,5437500,"visible_execution_drop,interval_execution_drop",21961.5,3.7065,3,"AG2605,AG2610,AG2612",20,432,290.0,21931.0,21934.419354838712,30.5,13.88794025908977,27.080645161287975,12.330963350084454,21934.04054054054,27.45945945946005,20.0,20.0,19.199324324323243,30.5,13.88794025908977,detector_event_depth,62.0,20399010.0,62.0,25184.999999997817,trade_recovered_3s,1.0,3.0,1.0,
aggregated-tick-v1,AUTO_INFERRED_V1,validated,AG2604|22:30:51.500,20260227,22:30:51.500,22:30:52.500,AG,AG2604,5451500,10862,10862,5451500,"visible_execution_drop,interval_execution_drop",21906.5,5.9304,4,"AG2605,AG2608,AG2610,AG2612",20,441,290.0,21874.0,21883.38775510204,32.5,14.8357793349006,23.112244897962228,10.550405084318456,21884.243902439022,22.25609756097765,20.0,20.0,17.500304878049064,32.5,14.8357793349006,detector_event_depth,49.0,16084290.0,49.0,16987.500000002237,trade_recovered_3s,0.5,1.5,1.0,
aggregated-tick-v1,AUTO_INFERRED_V1,validated,AG2604|22:31:06.000,20260227,22:31:06.000,22:31:07.000,AG,AG2604,5466000,10891,10891,5466000,interval_execution_drop,21855.5,2.9652,5,"AG2606,AG2605,AG2608,AG2610,AG2612",20,438,290.0,21831.0,21833.551948051947,24.5,11.209992907963672,21.948051948053035,10.042347211481337,21830.151943462897,25.34805653710282,25.151999999999997,20.0,15.706385281386249,25.34805653710282,11.598021796391214,detector_event_depth,154.0,50435505.0,154.0,50700.00000000251,trade_recovered_3s,,1.5,0.5,
aggregated-tick-v1,AUTO_INFERRED_V1,validated,AG2604|11:15:48.000,20260227,11:15:48.000,,AG,AG2604,51348000,53621,53621,51351000,visible_execution_drop,22948.5,3.7065,5,"AG2606,AG2605,AG2608,AG2610,AG2612",20,349,290.0,22900.0,22922.02857142857,48.5,21.134278928906028,26.471428571428987,11.53514546546789,,,36.0824,34.55174736840382,35.5,48.5,21.134278928906028,detector_event_depth,35.0,12034065.0,170.0,13897.500000000218,trade_recovered_3s,0.5,,0.5,
aggregated-tick-v1,AUTO_INFERRED_V1,validated,AG2605|02:18:16.000,20260227,02:18:16.000,,AG,AG2605,19096000,37891,37891,19096500,visible_execution_drop,21992.0,0.7413,5,"AG2604,AG2606,AG2608,AG2610,AG2612",20,280,290.0,21950.0,21971.0,42.0,19.097853765005457,21.0,9.548926882502728,,,30.6694,27.21000000000719,39.25,42.0,19.097853765005457,detector_event_depth,13.0,4284345.0,19.0,4095.0,trade_recovered_3s,1.0,,0.5,
aggregated-tick-v1,AUTO_INFERRED_V1,validated,AG2605|09:07:35.500,20260227,09:07:35.500,,AG,AG2605,43655500,40179,40179,43655500,visible_execution_drop,22198.5,2.2239,3,"AG2604,AG2606,AG2610",20,442,290.0,22169.0,22193.045454545456,29.5,13.2891862062752,5.454545454544132,2.4571684818992865,,,28.651999999999997,28.651999999999997,27.884615384615245,29.5,13.2891862062752,detector_event_depth,22.0,7323705.0,22.0,1799.9999999995634,trade_recovered_3s,0.5,,0.5,
aggregated-tick-v1,AUTO_INFERRED_V1,validated,AG2605|09:07:42.500,20260227,09:07:42.500,,AG,AG2605,43662500,40193,40193,43662500,visible_execution_drop,22158.5,6.6716999999999995,3,"AG2606,AG2610,AG2612",20,441,290.0,22120.0,22144.866666666665,38.5,17.37482230295372,13.633333333335033,6.152642702951478,,,28.651999999999997,28.651999999999997,36.875,38.5,17.37482230295372,detector_event_depth,15.0,4982595.0,15.0,3067.500000000382,trade_recovered_3s,0.5,,0.5,
aggregated-tick-v1,AUTO_INFERRED_V1,validated,AG2606|00:11:40.000,20260227,00:11:40.000,,AG,AG2606,11500000,22934,22934,11500000,visible_execution_drop,21925.5,3.7065,5,"AG2604,AG2605,AG2608,AG2610,AG2612",20,388,290.0,21901.0,21912.01851851852,24.5,11.17420355294064,13.481481481481753,6.148768092623544,,,20.0,20.85205454546435,24.5,24.5,11.17420355294064,detector_event_depth,54.0,17748735.0,54.0,10920.000000000218,trade_recovered_3s,0.5,,0.5,
aggregated-tick-v1,AUTO_INFERRED_V1,validated,AG2606|00:12:33.000,20260227,00:12:33.000,,AG,AG2606,11553000,23040,23040,11553000,visible_execution_drop,21940.0,2.2239,5,"AG2604,AG2605,AG2608,AG2610,AG2612",20,396,290.0,21902.0,21919.95918367347,38.0,17.31996353691887,20.040816326531058,9.134373895410691,,,24.2216,22.244799999985617,37.25,38.0,17.31996353691887,detector_event_depth,49.0,16111170.0,49.0,14730.000000000327,trade_recovered_3s,0.5,,0.5,
aggregated-tick-v1,AUTO_INFERRED_V1,validated,AG2608|01:37:31.500,20260227,01:37:31.500,,AG,AG2608,16651500,32646,32646,16651500,visible_execution_drop,21833.75,4.07715,4,"AG2604,AG2606,AG2605,AG2610",20,161,290.0,21802.0,21822.0,31.75,14.541707219327876,11.75,5.381576687467796,,,29.151999999999997,29.151999999999997,31.75,31.75,14.541707219327876,detector_event_depth,5.0,1636650.0,5.0,881.25,trade_recovered_3s,0.5,,0.5,
aggregated-tick-v1,AUTO_INFERRED_V1,validated,AG2608|09:02:36.000,20260227,09:02:36.000,,AG,AG2608,43356000,39042,39042,43356000,visible_execution_drop,22184.5,8.8956,5,"AG2604,AG2606,AG2605,AG2610,AG2612",20,104,205.5,22132.0,22150.15,52.5,23.665171628839957,34.349999999998545,15.483783722868914,,,46.4606,35.5824,47.625,52.5,23.665171628839957,detector_event_depth,40.0,13290090.0,40.0,20609.999999999127,trade_recovered_3s,0.5,,0.5,
aggregated-tick-v1,AUTO_INFERRED_V1,validated,AG2612|21:57:14.000,20260227,21:57:14.000,,AG,AG2612,3434000,6635,6635,3434000,visible_execution_drop,21786.25,0.7413,4,"AG2604,AG2606,AG2605,AG2608",20,140,290.0,21753.0,21768.5,33.25,15.26191978885765,17.75,8.14734063916461,,,28.19,25.42480000000072,33.25,33.25,15.26191978885765,detector_event_depth,4.0,1306110.0,4.0,1065.0,trade_recovered_3s,1.5,,0.5,
aggregated-tick-v1,AUTO_INFERRED_V1,validated,AG2612|14:51:19.000,20260227,14:51:19.000,,AG,AG2612,64279000,60664,60664,64279000,visible_execution_drop,22743.5,4.4478,5,"AG2604,AG2606,AG2605,AG2608,AG2610",20,210,290.0,22714.0,22729.125,29.5,12.970738892430804,14.375,6.320487172159078,,,21.9574,20.105599999985618,29.5,29.5,12.970738892430804,detector_event_depth,8.0,2727495.0,8.0,1725.0,trade_recovered_3s,1.0,,0.5,
aggregated-tick-v1,AUTO_INFERRED_V1,validated,EC2604|11:20:51.500,20260227,11:20:51.500,11:20:52.500,EC,EC2604,51650000,11313,11313,51651500,"visible_execution_drop,interval_execution_drop",1252.5000000000002,1.5567299999999324,4,"EC2606,EC2610,EC2605,EC2607",20,169,289.5,1228.0000000000002,1233.6232142857143,49.0,195.6087824351297,37.75357142857183,150.7128599942987,1231.075,42.85000000000037,25.278560000018597,24.804128000003757,20.649999999999864,49.0,195.6087824351297,detector_event_depth,56.0,3454145.0,389.0,52855.00000000057,trade_recovered_10s,4.5,5.5,9.5,
aggregated-tick-v1,AUTO_INFERRED_V1,validated,NI2603|21:03:14.500,20260227,21:03:14.500,,NI,NI2603,194500,388,388,194500,visible_execution_drop,137951.25,1.297275,4,"NI2605,NI2606,NI2609,NI2607",20,197,184.0,137660.0,137809.3103448276,29.125,21.112530694720057,14.193965517240576,10.289117001288917,,,20.0,20.0,25.625,29.125,21.112530694720057,detector_event_depth,58.0,7992940.0,58.0,8232.499999999534,trade_recovered_3s,0.5,,0.5,
aggregated-tick-v1,AUTO_INFERRED_V1,validated,NI2603|10:02:12.000,20260227,10:02:12.000,,NI,NI2603,46932000,29850,29850,46932000,visible_execution_drop,138855.0,0.7413,5,"NI2605,NI2604,NI2606,NI2609,NI2607",20,325,290.0,138630.0,138766.92307692306,22.5,16.20395376471859,8.807692307693651,6.343086174566023,,,20.0,20.0,22.5,22.5,16.20395376471859,detector_event_depth,39.0,5411910.0,39.0,3435.000000000524,trade_recovered_3s,0.5,,0.5,
aggregated-tick-v1,AUTO_INFERRED_V1,validated,NI2603|13:55:54.000,20260227,13:55:54.000,,NI,NI2603,60954000,40458,40458,60954000,visible_execution_drop,139002.5,0.7413,4,"NI2604,NI2606,NI2609,NI2607",20,235,290.0,138750.0,138895.48387096773,25.25,18.16514091473175,10.701612903227216,7.69886361988253,,,20.0,20.0,24.5,25.25,18.16514091473175,detector_event_depth,62.0,8611520.0,62.0,6635.000000000873,trade_recovered_3s,1.0,,0.5,
aggregated-tick-v1,AUTO_INFERRED_V1,validated,SN2603|21:15:12.000,20260227,21:15:12.000,,SN,SN2603,912000,1824,1824,912000,visible_execution_drop,416210.0,0.7413,3,"SN2604,SN2605,SN2606",20,438,290.0,415780.0,415844.25,43.0,10.331323130150643,36.575,8.787631243843252,,,42.5128,36.5824,36.75,43.0,10.331323130150643,detector_event_depth,40.0,16633770.0,40.0,14630.0,trade_recovered_3s,0.5,,0.5,
aggregated-tick-v1,AUTO_INFERRED_V1,validated,SN2603|23:27:37.000,20260227,23:27:37.000,,SN,SN2603,8857000,17649,17649,8857000,visible_execution_drop,423697.5,2.9652,4,"SN2605,SN2606,SN2607,SN2608",20,264,290.0,423200.0,423485.0,49.75,11.741867724024804,21.25,5.015370635889992,,,45.9432,45.9432,49.75,49.75,11.741867724024804,detector_event_depth,4.0,1693940.0,4.0,850.0,trade_recovered_3s,0.5,,0.5,
aggregated-tick-v1,AUTO_INFERRED_V1,validated,SN2603|10:35:03.500,20260227,10:35:03.500,,SN,SN2603,48903500,37155,37155,48903500,visible_execution_drop,430005.0,7.412999999999999,5,"SN2604,SN2605,SN2606,SN2607,SN2608",20,225,290.0,429400.0,429822.22222222225,60.5,14.069603841815791,18.277777777775192,4.250596569289936,,,39.5128,40.0128,54.5,60.5,14.069603841815791,detector_event_depth,9.0,3868400.0,9.0,1644.9999999997672,trade_recovered_3s,0.5,,0.5,
aggregated-tick-v1,AUTO_INFERRED_V1,validated,SN2604|00:37:59.500,20260227,00:37:59.500,,SN,SN2604,13078000,26046,26046,13079500,visible_execution_drop,428382.5,5.559749999999999,2,"SN2603,SN2608",20,384,290.0,427840.0,428085.625,54.25,12.663916009640916,29.6875,6.9301383693311465,,,33.5824,34.0824,36.75,54.25,12.663916009640916,detector_event_depth,16.0,6849370.0,125.0,4750.0,trade_recovered_3s,0.5,,0.5,
aggregated-tick-v1,AUTO_INFERRED_V1,validated,SN2604|00:48:25.500,20260227,00:48:25.500,,SN,SN2604,13705500,27258,27258,13705500,visible_execution_drop,427895.0,5.1891,3,"SN2605,SN2606,SN2608",20,346,290.0,427460.0,427573.5135135135,43.5,10.166045408336156,32.14864864865085,7.513209700662744,,,39.0824,39.0824,39.25,43.5,10.166045408336156,detector_event_depth,37.0,15820220.0,37.0,11895.000000000817,trade_recovered_3s,0.5,,0.5,
aggregated-tick-v1,AUTO_INFERRED_V1,validated,SN2604|09:06:36.500,20260227,09:06:36.500,,SN,SN2604,43596500,29422,29422,43596500,visible_execution_drop,429600.0,0.185325,4,"SN2603,SN2606,SN2607,SN2608",20,386,290.0,429050.0,429435.5555555555,55.0,12.802607076350093,16.444444444443796,3.8278501965651297,,,54.8388,45.875094252873424,44.13500000000058,55.0,12.802607076350093,detector_event_depth,18.0,7729840.0,18.0,2959.9999999998836,trade_recovered_3s,0.5,,0.5,
aggregated-tick-v1,AUTO_INFERRED_V1,validated,SN2604|13:34:19.500,20260227,13:34:19.500,13:34:20.500,SN,SN2604,59659500,45335,45335,59659500,visible_execution_drop,433470.0,4.447799999999999,3,"SN2605,SN2606,SN2607",20,299,249.0,433080.0,433168.5714285714,39.0,8.997162433386393,30.142857142857977,6.95385081847832,433185.0,28.5,35.5824,29.651999999999997,28.5,39.0,8.997162433386393,detector_event_depth,7.0,3032180.0,7.0,2110.000000000058,trade_recovered_3s,0.5,,1.0,
aggregated-tick-v1,AUTO_INFERRED_V1,validated,SN2604|14:19:40.500,20260227,14:19:40.500,,SN,SN2604,62380500,50777,50777,62380500,visible_execution_drop,446850.0,3.7065,5,"SN2605,SN2603,SN2606,SN2607,SN2608",20,474,290.0,446400.0,446732.2580645161,45.0,10.070493454179257,11.774193548387847,2.634931979050654,,,44.9432,36.78878900582277,44.0,45.0,10.070493454179257,detector_event_depth,31.0,13848700.0,31.0,3650.000000000233,trade_recovered_3s,0.5,,0.5,
aggregated-tick-v1,AUTO_INFERRED_V1,validated,SN2604|14:40:01.000,20260227,14:40:01.000,,SN,SN2604,63601000,53218,53218,63601000,visible_execution_drop,446895.0,5.1891,5,"SN2605,SN2603,SN2606,SN2607,SN2608",20,447,290.0,446390.0,446654.4,50.5,11.30019355777084,24.05999999999767,5.383814990097823,,,45.9432,41.007000000023005,50.5,50.5,11.30019355777084,detector_event_depth,25.0,11166360.0,25.0,6014.999999999418,trade_recovered_3s,0.5,,0.5,
aggregated-tick-v1,AUTO_INFERRED_V1,validated,SN2605|22:29:35.500,20260227,22:29:35.500,,SN,SN2605,5375500,10745,10745,5376000,visible_execution_drop,425805.0,1.4826,5,"SN2604,SN2603,SN2606,SN2607,SN2608",20,280,290.0,425280.0,425593.75,52.5,12.32958748723007,21.125,4.961191155575909,,,39.977999999999994,37.33432,51.25,52.5,12.32958748723007,detector_event_depth,16.0,6809500.0,17.0,3380.0,trade_recovered_3s,3.0,,0.5,
aggregated-tick-v1,AUTO_INFERRED_V1,validated,SN2605|00:37:59.500,20260227,00:37:59.500,,SN,SN2605,13079500,25831,25831,13079500,visible_execution_drop,428695.0,5.1891,2,"SN2603,SN2608",20,114,290.0,428310.0,428375.0,38.5,8.98074388551301,32.0,7.464514398348476,,,38.0824,38.0824,33.35714285714202,38.5,8.98074388551301,detector_event_depth,2.0,856750.0,2.0,640.0,trade_recovered_3s,0.5,,0.5,
aggregated-tick-v1,AUTO_INFERRED_V1,validated,SN2605|10:48:32.000,20260227,10:48:32.000,,SN,SN2605,49712000,39539,39539,49712000,visible_execution_drop,433792.5,4.07715,4,"SN2604,SN2603,SN2606,SN2607",20,310,290.0,433140.0,433416.3333333333,65.25,15.04175383391829,37.61666666666861,8.671580690461132,,,47.9432,42.0128,63.4166666666657,65.25,15.04175383391829,detector_event_depth,30.0,13002490.0,30.0,11285.000000000582,trade_recovered_3s,0.5,,0.5,
