trade_id,trade_date,target_contract,hedge_contract,direction,fill_key,fill_time,fill_context,event_label,fill_evidence,target_entry_price,hedge_entry_key,hedge_entry_price,exit_key,exit_time,exit_reason,status,target_exit_price,hedge_exit_price,target_pnl,hedge_pnl,gross_pnl,commission,net_pnl,gross_margin,unhedged_worst_mark_pnl,hedged_worst_mark_pnl,observed_worst_mark_pnl
20260303-AP605-0001,20260303,AP605,AP604,short,43287000,09:01:27.000,normal_quote,normal_move_fill,interval_vwap,9955.0,43288000.0,9611.0,43289000,09:01:29.000,reversion_exit,closed,9881.0,9600.0,74.0,-11.0,63.0,0.0,63.0,1956.6,0.0,63.0,0.0
20260303-AP605-0002,20260303,AP605,AP604,short,43367000,09:02:47.000,normal_quote,normal_move_fill,interval_vwap,9958.0,43368000.0,9624.0,43369000,09:02:49.000,reversion_exit,closed,9884.0,9604.0,74.0,-20.0,54.0,0.0,54.0,1958.2000000000003,0.0,54.0,0.0
20260303-AP605-0003,20260303,AP605,AP604,short,43442000,09:04:02.000,normal_quote,normal_move_fill,interval_vwap,9963.0,43443000.0,9624.0,43444000,09:04:04.000,reversion_exit,closed,9889.0,9604.0,74.0,-20.0,54.0,0.0,54.0,1958.7000000000003,0.0,54.0,0.0
20260303-AP605-0004,20260303,AP605,AP604,short,43594000,09:06:34.000,normal_quote,normal_move_fill,interval_vwap,9963.0,43595000.0,9629.0,43618000,09:06:58.000,reference_invalid_exit,closed,9891.0,9605.0,72.0,-24.0,48.0,0.0,48.0,1959.2000000000003,0.0,45.0,0.0
20260303-AP605-0005,20260303,AP605,AP604,short,43771000,09:09:31.000,normal_quote,normal_move_fill,interval_vwap,9972.0,43772000.0,9628.0,43773000,09:09:33.000,reversion_exit,closed,9894.0,9607.0,78.0,-21.0,57.0,0.0,57.0,1960.0,0.0,57.0,0.0
20260303-AP605-0006,20260303,AP605,AP604,short,43909000,09:11:49.000,normal_quote,normal_move_fill,interval_vwap,9977.0,43910000.0,9658.0,43911000,09:11:51.000,reference_invalid_exit,closed,9921.0,9621.0,56.0,-37.0,19.0,0.0,19.0,1963.5,0.0,19.0,0.0
20260303-AP605-0007,20260303,AP605,AP604,short,43947000,09:12:27.000,normal_quote,normal_move_fill,interval_vwap,10001.0,43948000.0,9641.0,43949000,09:12:29.000,reversion_exit,closed,9915.0,9615.0,86.0,-26.0,60.0,0.0,60.0,1964.2,0.0,60.0,0.0
20260303-AP605-0008,20260303,AP605,AP604,short,43983000,09:13:03.000,normal_quote,normal_move_fill,interval_vwap,9987.0,43984000.0,9641.0,43985000,09:13:05.000,reversion_exit,closed,9919.0,9619.0,68.0,-22.0,46.0,0.0,46.0,1962.8000000000002,0.0,46.0,0.0
20260303-AP605-0009,20260303,AP605,AP604,short,43997000,09:13:17.000,normal_quote,normal_move_fill,interval_vwap,9989.0,43998000.0,9641.0,43999000,09:13:19.000,reversion_exit,closed,9918.0,9618.0,71.0,-23.0,48.0,0.0,48.0,1963.0,0.0,48.0,0.0
20260303-AP605-0010,20260303,AP605,AP604,short,44138000,09:15:38.000,normal_quote,normal_move_fill,interval_vwap,9989.0,44139000.0,9630.0,44140000,09:15:40.000,reversion_exit,closed,9908.0,9605.0,81.0,-25.0,56.0,0.0,56.0,1961.9,0.0,56.0,0.0
20260303-AP605-0011,20260303,AP605,AP604,short,44618000,09:23:38.000,normal_quote,normal_move_fill,interval_vwap,9991.0,44619000.0,9626.0,44620000,09:23:40.000,reversion_exit,closed,9922.0,9619.0,69.0,-7.0,62.0,0.0,62.0,1961.7,0.0,62.0,0.0
20260303-AP605-0012,20260303,AP605,AP604,short,45361000,09:36:01.000,normal_quote,normal_move_fill,interval_vwap,9993.0,45362000.0,9699.0,45363000,09:36:03.000,reversion_exit,closed,9931.0,9674.0,62.0,-25.0,37.0,0.0,37.0,1969.2000000000003,0.0,37.0,0.0
20260303-AP605-0013,20260303,AP605,AP604,short,45420000,09:37:00.000,normal_quote,normal_move_fill,interval_vwap,10010.0,45421000.0,9701.0,45422000,09:37:02.000,reversion_exit,closed,9935.0,9679.0,75.0,-22.0,53.0,0.0,53.0,1971.1,0.0,53.0,0.0
20260303-AP605-0014,20260303,AP605,AP604,short,45815000,09:43:35.000,normal_quote,normal_move_fill,interval_vwap,10013.0,45816000.0,9704.0,45817000,09:43:37.000,reference_invalid_exit,closed,9943.0,9670.0,70.0,-34.0,36.0,0.0,36.0,1971.7000000000003,0.0,36.0,0.0
20260303-AP605-0015,20260303,AP605,AP604,short,46082000,09:48:02.000,normal_quote,normal_move_fill,interval_vwap,10027.0,46083000.0,9699.0,46084000,09:48:04.000,reversion_exit,closed,9946.0,9673.0,81.0,-26.0,55.0,0.0,55.0,1972.6000000000001,0.0,55.0,0.0
20260303-AP605-0016,20260303,AP605,AP604,short,47404000,10:10:04.000,normal_quote,normal_move_fill,interval_vwap,10027.0,47405000.0,9690.0,47406000,10:10:06.000,reversion_exit,closed,9941.0,9669.0,86.0,-21.0,65.0,0.0,65.0,1971.7,0.0,65.0,0.0
20260303-AP605-0017,20260303,AP605,AP604,short,47596000,10:13:16.000,normal_quote,normal_move_fill,interval_vwap,10025.0,47597000.0,9696.0,47598000,10:13:18.000,reversion_exit,closed,9951.0,9669.0,74.0,-27.0,47.0,0.0,47.0,1972.1,0.0,47.0,0.0
20260303-AP605-0018,20260303,AP605,AP604,short,48765000,10:32:45.000,normal_quote,normal_move_fill,interval_vwap,10047.0,48766000.0,9699.0,48767000,10:32:47.000,reversion_exit,closed,9976.0,9681.0,71.0,-18.0,53.0,0.0,53.0,1974.6000000000001,0.0,53.0,0.0
20260303-AP605-0019,20260303,AP605,AP604,short,49099000,10:38:19.000,normal_quote,normal_move_fill,interval_vwap,10051.0,49100000.0,9720.0,49101000,10:38:21.000,reversion_exit,closed,9984.0,9691.0,67.0,-29.0,38.0,0.0,38.0,1977.1,0.0,38.0,0.0
20260303-AP605-0020,20260303,AP605,AP604,short,49119000,10:38:39.000,normal_quote,normal_move_fill,interval_vwap,10070.0,49120000.0,9732.0,49121000,10:38:41.000,reference_invalid_exit,closed,9991.0,9700.0,79.0,-32.0,47.0,0.0,47.0,1980.2,0.0,47.0,0.0
20260303-AP605-0021,20260303,AP605,AP604,short,49136000,10:38:56.000,normal_quote,normal_move_fill,interval_vwap,10071.0,49137000.0,9732.0,49138000,10:38:58.000,reference_invalid_exit,closed,9992.0,9700.0,79.0,-32.0,47.0,0.0,47.0,1980.3000000000002,0.0,47.0,0.0
20260303-AP605-0022,20260303,AP605,AP604,short,49210000,10:40:10.000,normal_quote,normal_move_fill,interval_vwap,10076.0,49211000.0,9739.0,49212000,10:40:12.000,reversion_exit,closed,9999.0,9707.0,77.0,-32.0,45.0,0.0,45.0,1981.5,0.0,45.0,0.0
20260303-AP605-0023,20260303,AP605,AP604,short,49221000,10:40:21.000,normal_quote,normal_move_fill,interval_vwap,10075.0,49222000.0,9743.0,49223000,10:40:23.000,reversion_exit,closed,10010.0,9715.0,65.0,-28.0,37.0,0.0,37.0,1981.8000000000002,0.0,37.0,0.0
20260303-AP605-0024,20260303,AP605,AP604,short,49811000,10:50:11.000,normal_quote,normal_move_fill,interval_vwap,10086.0,49812000.0,9721.0,49813000,10:50:13.000,reversion_exit,closed,10005.0,9712.0,81.0,-9.0,72.0,0.0,72.0,1980.7,0.0,72.0,0.0
20260303-AP605-0025,20260303,AP605,AP604,short,49824000,10:50:24.000,normal_quote,normal_move_fill,interval_vwap,10083.0,49825000.0,9747.0,49826000,10:50:26.000,reference_invalid_exit,closed,10018.0,9711.0,65.0,-36.0,29.0,0.0,29.0,1983.0,0.0,29.0,0.0
20260303-AP605-0026,20260303,AP605,AP604,short,49986000,10:53:06.000,normal_quote,normal_move_fill,interval_vwap,10095.0,49987000.0,9764.0,49988000,10:53:08.000,reference_invalid_exit,closed,10037.0,9734.0,58.0,-30.0,28.0,0.0,28.0,1985.9,0.0,28.0,0.0
20260303-AP605-0027,20260303,AP605,AP604,long,49991000,10:53:11.000,normal_quote,normal_move_fill,interval_vwap,9956.0,49992000.0,9740.0,49993000,10:53:13.000,reference_invalid_exit,closed,10034.0,9771.0,78.0,-31.0,47.0,0.0,47.0,1969.6,0.0,47.0,0.0
20260303-AP605-0028,20260303,AP605,AP604,long,49996000,10:53:16.000,normal_quote,normal_move_fill,interval_vwap,9951.0,49997000.0,9740.0,49998000,10:53:18.000,reference_invalid_exit,closed,10035.0,9768.0,84.0,-28.0,56.0,0.0,56.0,1969.1,0.0,56.0,0.0
20260303-AP605-0029,20260303,AP605,AP604,long,50001000,10:53:21.000,normal_quote,normal_move_fill,interval_vwap,9952.0,50002000.0,9743.0,50003000,10:53:23.000,reference_invalid_exit,closed,10035.0,9769.0,83.0,-26.0,57.0,0.0,57.0,1969.5,0.0,57.0,0.0
20260303-AP605-0030,20260303,AP605,AP604,long,50006000,10:53:26.000,normal_quote,normal_move_fill,interval_vwap,9953.0,50007000.0,9745.0,50008000,10:53:28.000,reference_invalid_exit,closed,10039.0,9775.0,86.0,-30.0,56.0,0.0,56.0,1969.8000000000002,0.0,56.0,0.0
20260303-AP605-0031,20260303,AP605,AP604,long,50011000,10:53:31.000,normal_quote,normal_move_fill,interval_vwap,9956.0,50012000.0,9751.0,50013000,10:53:33.000,reference_invalid_exit,closed,10044.0,9777.0,88.0,-26.0,62.0,0.0,62.0,1970.7,0.0,62.0,0.0
20260303-AP605-0032,20260303,AP605,AP604,long,50016000,10:53:36.000,normal_quote,normal_move_fill,interval_vwap,9960.0,50017000.0,9746.0,50018000,10:53:38.000,reference_invalid_exit,closed,10044.0,9777.0,84.0,-31.0,53.0,0.0,53.0,1970.6,0.0,53.0,0.0
20260303-AP605-0033,20260303,AP605,AP604,long,50021000,10:53:41.000,normal_quote,normal_move_fill,interval_vwap,9960.0,50022000.0,9750.0,50023000,10:53:43.000,reference_invalid_exit,closed,10043.0,9776.0,83.0,-26.0,57.0,0.0,57.0,1971.0,0.0,57.0,0.0
20260303-AP605-0034,20260303,AP605,AP604,long,50026000,10:53:46.000,normal_quote,normal_move_fill,interval_vwap,9960.0,50027000.0,9747.0,50028000,10:53:48.000,reversion_exit,closed,10040.0,9773.0,80.0,-26.0,54.0,0.0,54.0,1970.7,0.0,54.0,0.0
20260303-AP605-0035,20260303,AP605,AP604,long,50071000,10:54:31.000,fill_during_replace,normal_move_fill,interval_vwap,9966.0,50072000.0,9810.0,50073000,10:54:33.000,reference_invalid_exit,closed,10065.0,9827.0,99.0,-17.0,82.0,0.0,82.0,1977.6,0.0,82.0,0.0
20260303-AP605-0036,20260303,AP605,AP604,long,50076000,10:54:36.000,normal_quote,normal_move_fill,interval_vwap,9981.0,50077000.0,9772.0,50078000,10:54:38.000,reference_invalid_exit,closed,10067.0,9841.0,86.0,-69.0,17.0,0.0,17.0,1975.3000000000002,0.0,17.0,0.0
20260303-AP605-0037,20260303,AP605,AP604,long,50081000,10:54:41.000,normal_quote,normal_move_fill,interval_vwap,9986.0,50082000.0,9778.0,50083000,10:54:43.000,reference_invalid_exit,closed,10067.0,9839.0,81.0,-61.0,20.0,0.0,20.0,1976.4,0.0,20.0,0.0
20260303-AP605-0038,20260303,AP605,AP604,long,50086000,10:54:46.000,normal_quote,normal_move_fill,interval_vwap,9984.0,50087000.0,9788.0,50088000,10:54:48.000,reference_invalid_exit,closed,10071.0,9843.0,87.0,-55.0,32.0,0.0,32.0,1977.2000000000003,0.0,32.0,0.0
20260303-AP605-0039,20260303,AP605,AP604,long,50091000,10:54:51.000,normal_quote,normal_move_fill,interval_vwap,9985.0,50092000.0,9792.0,50093000,10:54:53.000,reference_invalid_exit,closed,10075.0,9851.0,90.0,-59.0,31.0,0.0,31.0,1977.7,0.0,31.0,0.0
20260303-AP605-0040,20260303,AP605,AP604,long,50096000,10:54:56.000,normal_quote,normal_move_fill,interval_vwap,9991.0,50097000.0,9835.0,50098000,10:54:58.000,reference_invalid_exit,closed,10069.0,9851.0,78.0,-16.0,62.0,0.0,62.0,1982.6,0.0,62.0,0.0
20260303-AP605-0041,20260303,AP605,AP604,long,50101000,10:55:01.000,normal_quote,normal_move_fill,interval_vwap,9985.0,50102000.0,9805.0,50103000,10:55:03.000,reference_invalid_exit,closed,10061.0,9837.0,76.0,-32.0,44.0,0.0,44.0,1979.0,0.0,44.0,0.0
20260303-AP605-0042,20260303,AP605,AP604,long,50106000,10:55:06.000,normal_quote,normal_move_fill,interval_vwap,9976.0,50107000.0,9791.0,50108000,10:55:08.000,reference_invalid_exit,closed,10068.0,9837.0,92.0,-46.0,46.0,0.0,46.0,1976.7,0.0,46.0,0.0
20260303-AP605-0043,20260303,AP605,AP604,long,50111000,10:55:11.000,normal_quote,normal_move_fill,interval_vwap,9982.0,50112000.0,9774.0,50113000,10:55:13.000,reversion_exit,closed,10066.0,9776.0,84.0,-2.0,82.0,0.0,82.0,1975.6000000000001,0.0,82.0,0.0
20260303-AP605-0044,20260303,AP605,AP604,long,50241000,10:57:21.000,fill_during_replace,normal_move_fill,interval_vwap,9974.0,50242000.0,9793.0,50243000,10:57:23.000,reference_invalid_exit,closed,10091.0,9816.0,117.0,-23.0,94.0,0.0,94.0,1976.7000000000003,0.0,94.0,0.0
20260303-AP605-0045,20260303,AP605,AP604,long,50246000,10:57:26.000,normal_quote,normal_move_fill,interval_vwap,10010.0,50247000.0,9788.0,50248000,10:57:28.000,reference_invalid_exit,closed,10086.0,9811.0,76.0,-23.0,53.0,0.0,53.0,1979.8000000000002,0.0,53.0,0.0
20260303-AP605-0046,20260303,AP605,AP604,long,50251000,10:57:31.000,normal_quote,normal_move_fill,interval_vwap,10001.0,50252000.0,9786.0,50253000,10:57:33.000,reference_invalid_exit,closed,10082.0,9827.0,81.0,-41.0,40.0,0.0,40.0,1978.7,0.0,40.0,0.0
20260303-AP605-0047,20260303,AP605,AP604,long,50256000,10:57:36.000,normal_quote,normal_move_fill,interval_vwap,9999.0,50257000.0,9788.0,50258000,10:57:38.000,reference_invalid_exit,closed,10084.0,9827.0,85.0,-39.0,46.0,0.0,46.0,1978.7000000000003,0.0,46.0,0.0
20260303-AP605-0048,20260303,AP605,AP604,long,50261000,10:57:41.000,normal_quote,normal_move_fill,interval_vwap,10005.0,50262000.0,9788.0,50263000,10:57:43.000,reference_invalid_exit,closed,10087.0,9831.0,82.0,-43.0,39.0,0.0,39.0,1979.3000000000002,0.0,39.0,0.0
20260303-AP605-0049,20260303,AP605,AP604,long,50266000,10:57:46.000,normal_quote,normal_move_fill,interval_vwap,10003.0,50267000.0,9795.0,50268000,10:57:48.000,reference_invalid_exit,closed,10090.0,9834.0,87.0,-39.0,48.0,0.0,48.0,1979.8000000000002,0.0,48.0,0.0
20260303-AP605-0050,20260303,AP605,AP604,long,50272000,10:57:52.000,normal_quote,normal_move_fill,interval_vwap,10006.0,50273000.0,9795.0,50274000,10:57:54.000,reference_invalid_exit,closed,10090.0,9833.0,84.0,-38.0,46.0,0.0,46.0,1980.1,0.0,46.0,0.0
20260303-AP605-0051,20260303,AP605,AP604,long,50277000,10:57:57.000,normal_quote,normal_move_fill,interval_vwap,10004.0,50278000.0,9801.0,50279000,10:57:59.000,reference_invalid_exit,closed,10089.0,9835.0,85.0,-34.0,51.0,0.0,51.0,1980.5,0.0,51.0,0.0
20260303-AP605-0052,20260303,AP605,AP604,long,50282000,10:58:02.000,normal_quote,normal_move_fill,interval_vwap,10004.0,50283000.0,9794.0,50284000,10:58:04.000,reference_invalid_exit,closed,10085.0,9828.0,81.0,-34.0,47.0,0.0,47.0,1979.8000000000002,0.0,47.0,0.0
20260303-AP605-0053,20260303,AP605,AP604,long,50287000,10:58:07.000,normal_quote,normal_move_fill,interval_vwap,10004.0,50288000.0,9832.0,50289000,10:58:09.000,reference_invalid_exit,closed,10094.0,9837.0,90.0,-5.0,85.0,0.0,85.0,1983.6000000000001,0.0,85.0,0.0
20260303-AP605-0054,20260303,AP605,AP604,long,50292000,10:58:12.000,normal_quote,normal_move_fill,interval_vwap,10012.0,50293000.0,9801.0,50294000,10:58:14.000,reference_invalid_exit,closed,10096.0,9841.0,84.0,-40.0,44.0,0.0,44.0,1981.3000000000002,0.0,44.0,0.0
20260303-AP605-0055,20260303,AP605,AP604,long,50297000,10:58:17.000,normal_quote,normal_move_fill,interval_vwap,10012.0,50298000.0,9806.0,50299000,10:58:19.000,reference_invalid_exit,closed,10090.0,9836.0,78.0,-30.0,48.0,0.0,48.0,1981.8000000000002,0.0,48.0,0.0
20260303-AP605-0056,20260303,AP605,AP604,long,50303000,10:58:23.000,normal_quote,normal_move_fill,interval_vwap,10010.0,50304000.0,9809.0,50305000,10:58:25.000,reference_invalid_exit,closed,10097.0,9831.0,87.0,-22.0,65.0,0.0,65.0,1981.9,0.0,65.0,0.0
20260303-AP605-0057,20260303,AP605,AP604,long,50308000,10:58:28.000,normal_quote,normal_move_fill,interval_vwap,10013.0,50309000.0,9818.0,50310000,10:58:30.000,reference_invalid_exit,closed,10112.0,9851.0,99.0,-33.0,66.0,0.0,66.0,1983.1000000000001,0.0,66.0,0.0
20260303-AP605-0058,20260303,AP605,AP604,long,50313000,10:58:33.000,normal_quote,normal_move_fill,interval_vwap,10023.0,50314000.0,9815.0,50315000,10:58:35.000,reference_invalid_exit,closed,10105.0,9849.0,82.0,-34.0,48.0,0.0,48.0,1983.8000000000002,0.0,48.0,0.0
20260303-AP605-0059,20260303,AP605,AP604,long,50318000,10:58:38.000,normal_quote,normal_move_fill,interval_vwap,10023.0,50319000.0,9818.0,50320000,10:58:40.000,reference_invalid_exit,closed,10109.0,9854.0,86.0,-36.0,50.0,0.0,50.0,1984.1000000000001,0.0,50.0,0.0
20260303-AP605-0060,20260303,AP605,AP604,long,50323000,10:58:43.000,normal_quote,normal_move_fill,interval_vwap,10029.0,50324000.0,9829.0,50325000,10:58:45.000,reference_invalid_exit,closed,10111.0,9856.0,82.0,-27.0,55.0,0.0,55.0,1985.8000000000002,0.0,55.0,0.0
20260303-AP605-0061,20260303,AP605,AP604,long,50328000,10:58:48.000,normal_quote,normal_move_fill,interval_vwap,10028.0,50329000.0,9832.0,50330000,10:58:50.000,reference_invalid_exit,closed,10110.0,9863.0,82.0,-31.0,51.0,0.0,51.0,1986.0,0.0,51.0,0.0
20260303-AP605-0062,20260303,AP605,AP604,long,50333000,10:58:53.000,normal_quote,normal_move_fill,interval_vwap,10025.0,50334000.0,9825.0,50335000,10:58:55.000,reference_invalid_exit,closed,10109.0,9864.0,84.0,-39.0,45.0,0.0,45.0,1985.0,0.0,45.0,0.0
20260303-AP605-0063,20260303,AP605,AP604,long,50338000,10:58:58.000,normal_quote,normal_move_fill,interval_vwap,10032.0,50339000.0,9838.0,50340000,10:59:00.000,reference_invalid_exit,closed,10125.0,9886.0,93.0,-48.0,45.0,0.0,45.0,1987.0,0.0,45.0,0.0
20260303-AP605-0064,20260303,AP605,AP604,long,50344000,10:59:04.000,normal_quote,normal_move_fill,interval_vwap,10041.0,50345000.0,9836.0,50346000,10:59:06.000,reference_invalid_exit,closed,10115.0,9898.0,74.0,-62.0,12.0,0.0,12.0,1987.7,0.0,12.0,0.0
20260303-AP605-0065,20260303,AP605,AP604,long,50349000,10:59:09.000,normal_quote,normal_move_fill,interval_vwap,10035.0,50350000.0,9839.0,50351000,10:59:11.000,reference_invalid_exit,closed,10113.0,9885.0,78.0,-46.0,32.0,0.0,32.0,1987.4,0.0,32.0,0.0
20260303-AP605-0066,20260303,AP605,AP604,long,50354000,10:59:14.000,normal_quote,normal_move_fill,interval_vwap,10036.0,50355000.0,9850.0,50356000,10:59:16.000,reference_invalid_exit,closed,10129.0,9900.0,93.0,-50.0,43.0,0.0,43.0,1988.6,0.0,43.0,0.0
20260303-AP605-0067,20260303,AP605,AP604,long,50359000,10:59:19.000,normal_quote,normal_move_fill,interval_vwap,10045.0,50360000.0,9851.0,50361000,10:59:21.000,reference_invalid_exit,closed,10125.0,9894.0,80.0,-43.0,37.0,0.0,37.0,1989.6,0.0,37.0,0.0
20260303-AP605-0068,20260303,AP605,AP604,long,50364000,10:59:24.000,normal_quote,normal_move_fill,interval_vwap,10043.0,50365000.0,9854.0,50366000,10:59:26.000,reference_invalid_exit,closed,10126.0,9896.0,83.0,-42.0,41.0,0.0,41.0,1989.7000000000003,0.0,41.0,0.0
20260303-AP605-0069,20260303,AP605,AP604,long,50369000,10:59:29.000,normal_quote,normal_move_fill,interval_vwap,10045.0,50370000.0,9861.0,50371000,10:59:31.000,reference_invalid_exit,closed,10127.0,9896.0,82.0,-35.0,47.0,0.0,47.0,1990.6,0.0,47.0,0.0
20260303-AP605-0070,20260303,AP605,AP604,long,50374000,10:59:34.000,normal_quote,normal_move_fill,interval_vwap,10040.0,50375000.0,9858.0,50376000,10:59:36.000,reference_invalid_exit,closed,10131.0,9900.0,91.0,-42.0,49.0,0.0,49.0,1989.8000000000002,0.0,49.0,0.0
20260303-AP605-0071,20260303,AP605,AP604,long,50379000,10:59:39.000,normal_quote,normal_move_fill,interval_vwap,10053.0,50380000.0,9870.0,50381000,10:59:41.000,reference_invalid_exit,closed,10135.0,9891.0,82.0,-21.0,61.0,0.0,61.0,1992.3000000000002,0.0,61.0,0.0
20260303-AP605-0072,20260303,AP605,AP604,long,50384000,10:59:44.000,normal_quote,normal_move_fill,interval_vwap,10050.0,50385000.0,9867.0,50386000,10:59:46.000,reference_invalid_exit,closed,10127.0,9891.0,77.0,-24.0,53.0,0.0,53.0,1991.7,0.0,53.0,0.0
20260303-AP605-0073,20260303,AP605,AP604,long,50389000,10:59:49.000,normal_quote,normal_move_fill,interval_vwap,10045.0,50390000.0,9869.0,50391000,10:59:51.000,reference_invalid_exit,closed,10128.0,9891.0,83.0,-22.0,61.0,0.0,61.0,1991.4,0.0,61.0,0.0
20260303-AP605-0074,20260303,AP605,AP604,long,50394000,10:59:54.000,normal_quote,normal_move_fill,interval_vwap,10041.0,50395000.0,9864.0,50396000,10:59:56.000,reference_invalid_exit,closed,10121.0,9889.0,80.0,-25.0,55.0,0.0,55.0,1990.5,0.0,55.0,0.0
20260303-AP605-0075,20260303,AP605,AP604,long,50399000,10:59:59.000,normal_quote,normal_move_fill,interval_vwap,10039.0,50400000.0,9869.0,50401000,11:00:01.000,reference_invalid_exit,closed,10129.0,9891.0,90.0,-22.0,68.0,0.0,68.0,1990.8000000000002,0.0,68.0,0.0
20260303-AP605-0076,20260303,AP605,AP604,long,50404000,11:00:04.000,normal_quote,normal_move_fill,interval_vwap,10042.0,50405000.0,9864.0,50406000,11:00:06.000,reference_invalid_exit,closed,10127.0,9891.0,85.0,-27.0,58.0,0.0,58.0,1990.6000000000001,0.0,58.0,0.0
20260303-AP605-0077,20260303,AP605,AP604,long,50409000,11:00:09.000,normal_quote,normal_move_fill,interval_vwap,10043.0,50410000.0,9862.0,50411000,11:00:11.000,reference_invalid_exit,closed,10122.0,9891.0,79.0,-29.0,50.0,0.0,50.0,1990.5,0.0,50.0,0.0
20260303-AP605-0078,20260303,AP605,AP604,long,50414000,11:00:14.000,normal_quote,normal_move_fill,interval_vwap,10039.0,50415000.0,9867.0,50416000,11:00:16.000,reference_invalid_exit,closed,10123.0,9891.0,84.0,-24.0,60.0,0.0,60.0,1990.6000000000001,0.0,60.0,0.0
20260303-AP605-0079,20260303,AP605,AP604,long,50419000,11:00:19.000,normal_quote,normal_move_fill,interval_vwap,10043.0,50420000.0,9868.0,50421000,11:00:21.000,reference_invalid_exit,closed,10127.0,9891.0,84.0,-23.0,61.0,0.0,61.0,1991.1000000000001,0.0,61.0,0.0
20260303-AP605-0080,20260303,AP605,AP604,long,50424000,11:00:24.000,normal_quote,normal_move_fill,interval_vwap,10047.0,50425000.0,9870.0,50426000,11:00:26.000,reference_invalid_exit,closed,10127.0,9895.0,80.0,-25.0,55.0,0.0,55.0,1991.7,0.0,55.0,0.0
20260303-AP605-0081,20260303,AP605,AP604,long,50429000,11:00:29.000,normal_quote,normal_move_fill,interval_vwap,10047.0,50430000.0,9873.0,50431000,11:00:31.000,reference_invalid_exit,closed,10132.0,9900.0,85.0,-27.0,58.0,0.0,58.0,1992.0,0.0,58.0,0.0
20260303-AP605-0082,20260303,AP605,AP604,long,50434000,11:00:34.000,normal_quote,normal_move_fill,interval_vwap,10046.0,50435000.0,9869.0,50436000,11:00:36.000,reference_invalid_exit,closed,10129.0,9898.0,83.0,-29.0,54.0,0.0,54.0,1991.5,0.0,54.0,0.0
20260303-AP605-0083,20260303,AP605,AP604,long,50439000,11:00:39.000,normal_quote,normal_move_fill,interval_vwap,10045.0,50440000.0,9890.0,50441000,11:00:41.000,reference_invalid_exit,closed,10126.0,9895.0,81.0,-5.0,76.0,0.0,76.0,1993.5,0.0,76.0,0.0
20260303-AP605-0084,20260303,AP605,AP604,long,50444000,11:00:44.000,normal_quote,normal_move_fill,interval_vwap,10042.0,50445000.0,9892.0,50446000,11:00:46.000,reference_invalid_exit,closed,10129.0,9898.0,87.0,-6.0,81.0,0.0,81.0,1993.4,0.0,81.0,0.0
20260303-AP605-0085,20260303,AP605,AP604,long,50449000,11:00:49.000,normal_quote,normal_move_fill,interval_vwap,10044.0,50450000.0,9893.0,50451000,11:00:51.000,reference_invalid_exit,closed,10125.0,9904.0,81.0,-11.0,70.0,0.0,70.0,1993.7000000000003,0.0,70.0,0.0
20260303-AP605-0086,20260303,AP605,AP604,long,50454000,11:00:54.000,normal_quote,normal_move_fill,interval_vwap,10041.0,50455000.0,9895.0,50456000,11:00:56.000,reference_invalid_exit,closed,10128.0,9915.0,87.0,-20.0,67.0,0.0,67.0,1993.6,0.0,67.0,0.0
20260303-AP605-0087,20260303,AP605,AP604,long,50459000,11:00:59.000,normal_quote,normal_move_fill,interval_vwap,10050.0,50460000.0,9897.0,50461000,11:01:01.000,reference_invalid_exit,closed,10128.0,9918.0,78.0,-21.0,57.0,0.0,57.0,1994.7,0.0,57.0,0.0
20260303-AP605-0088,20260303,AP605,AP604,long,50464000,11:01:04.000,normal_quote,normal_move_fill,interval_vwap,10045.0,50465000.0,9901.0,50466000,11:01:06.000,reference_invalid_exit,closed,10134.0,9921.0,89.0,-20.0,69.0,0.0,69.0,1994.6,0.0,69.0,0.0
20260303-AP605-0089,20260303,AP605,AP604,long,50469000,11:01:09.000,normal_quote,normal_move_fill,interval_vwap,10050.0,50470000.0,9903.0,50471000,11:01:11.000,reference_invalid_exit,closed,10133.0,9920.0,83.0,-17.0,66.0,0.0,66.0,1995.3000000000002,0.0,66.0,0.0
20260303-AP605-0090,20260303,AP605,AP604,long,50475000,11:01:15.000,normal_quote,normal_move_fill,interval_vwap,10049.0,50476000.0,9905.0,50477000,11:01:17.000,reference_invalid_exit,closed,10146.0,9934.0,97.0,-29.0,68.0,0.0,68.0,1995.4,0.0,68.0,0.0
20260303-AP605-0091,20260303,AP605,AP604,long,50480000,11:01:20.000,normal_quote,normal_move_fill,interval_vwap,10063.0,50481000.0,9907.0,50482000,11:01:22.000,reference_invalid_exit,closed,10144.0,9932.0,81.0,-25.0,56.0,0.0,56.0,1997.0,0.0,56.0,0.0
20260303-AP605-0092,20260303,AP605,AP604,long,50485000,11:01:25.000,normal_quote,normal_move_fill,interval_vwap,10060.0,50486000.0,9910.0,50487000,11:01:27.000,reference_invalid_exit,closed,10147.0,9938.0,87.0,-28.0,59.0,0.0,59.0,1997.0,0.0,59.0,0.0
20260303-AP605-0093,20260303,AP605,AP604,long,50490000,11:01:30.000,normal_quote,normal_move_fill,interval_vwap,10069.0,50491000.0,9919.0,50492000,11:01:32.000,reference_invalid_exit,closed,10158.0,9944.0,89.0,-25.0,64.0,0.0,64.0,1998.8000000000002,0.0,64.0,0.0
20260303-AP605-0094,20260303,AP605,AP604,long,50496000,11:01:36.000,normal_quote,normal_move_fill,interval_vwap,10074.0,50497000.0,9924.0,50498000,11:01:38.000,reference_invalid_exit,closed,10165.0,9951.0,91.0,-27.0,64.0,0.0,64.0,1999.8000000000002,0.0,64.0,0.0
20260303-AP605-0095,20260303,AP605,AP604,long,50501000,11:01:41.000,normal_quote,normal_move_fill,interval_vwap,10085.0,50502000.0,9935.0,50503000,11:01:43.000,reference_invalid_exit,closed,10175.0,9960.0,90.0,-25.0,65.0,0.0,65.0,2002.0,0.0,65.0,0.0
20260303-AP605-0096,20260303,AP605,AP604,long,50506000,11:01:46.000,normal_quote,normal_move_fill,interval_vwap,10092.0,50507000.0,9954.0,50508000,11:01:48.000,reference_invalid_exit,closed,10178.0,10000.0,86.0,-46.0,40.0,0.0,40.0,2004.6000000000001,0.0,40.0,0.0
20260303-AP605-0097,20260303,AP605,AP604,long,50511000,11:01:51.000,normal_quote,normal_move_fill,interval_vwap,10102.0,50512000.0,9964.0,50513000,11:01:53.000,reference_invalid_exit,closed,10189.0,10018.0,87.0,-54.0,33.0,0.0,33.0,2006.6000000000001,0.0,33.0,0.0
20260303-AP605-0098,20260303,AP605,AP604,long,50516000,11:01:56.000,normal_quote,normal_move_fill,interval_vwap,10107.0,50517000.0,9964.0,50518000,11:01:58.000,reference_invalid_exit,closed,10177.0,10015.0,70.0,-51.0,19.0,0.0,19.0,2007.1000000000001,0.0,19.0,0.0
20260303-AP605-0099,20260303,AP605,AP604,long,50521000,11:02:01.000,normal_quote,normal_move_fill,interval_vwap,10088.0,50522000.0,9959.0,50523000,11:02:03.000,reference_invalid_exit,closed,10169.0,9992.0,81.0,-33.0,48.0,0.0,48.0,2004.7000000000003,0.0,48.0,0.0
20260303-AP605-0100,20260303,AP605,AP604,long,50526000,11:02:06.000,normal_quote,normal_move_fill,interval_vwap,10086.0,50527000.0,9949.0,50528000,11:02:08.000,reference_invalid_exit,closed,10159.0,9983.0,73.0,-34.0,39.0,0.0,39.0,2003.5,0.0,39.0,0.0
20260303-AP605-0101,20260303,AP605,AP604,long,50531000,11:02:11.000,normal_quote,normal_move_fill,interval_vwap,10075.0,50532000.0,9943.0,50533000,11:02:13.000,reference_invalid_exit,closed,10153.0,9993.0,78.0,-50.0,28.0,0.0,28.0,2001.8000000000002,0.0,28.0,0.0
20260303-AP605-0102,20260303,AP605,AP604,long,50536000,11:02:16.000,normal_quote,normal_move_fill,interval_vwap,10067.0,50537000.0,9984.0,50538000,11:02:18.000,reference_invalid_exit,closed,10146.0,10014.0,79.0,-30.0,49.0,0.0,49.0,2005.1000000000001,0.0,49.0,0.0
20260303-AP605-0103,20260303,AP605,AP604,long,50541000,11:02:21.000,normal_quote,normal_move_fill,interval_vwap,10064.0,50542000.0,9994.0,50543000,11:02:23.000,reference_invalid_exit,closed,10149.0,10041.0,85.0,-47.0,38.0,0.0,38.0,2005.8000000000002,0.0,38.0,0.0
20260303-AP605-0104,20260303,AP605,AP604,long,50547000,11:02:27.000,normal_quote,normal_move_fill,interval_vwap,10065.0,50548000.0,9997.0,50549000,11:02:29.000,reference_invalid_exit,closed,10146.0,10035.0,81.0,-38.0,43.0,0.0,43.0,2006.2,0.0,43.0,0.0
20260303-AP605-0105,20260303,AP605,AP604,long,50552000,11:02:32.000,normal_quote,normal_move_fill,interval_vwap,10059.0,50553000.0,9999.0,50554000,11:02:34.000,reference_invalid_exit,closed,10149.0,10041.0,90.0,-42.0,48.0,0.0,48.0,2005.8000000000002,0.0,48.0,0.0
20260303-AP605-0106,20260303,AP605,AP604,long,50557000,11:02:37.000,normal_quote,normal_move_fill,interval_vwap,10063.0,50558000.0,10029.0,50559000,11:02:39.000,reference_invalid_exit,closed,10151.0,10041.0,88.0,-12.0,76.0,0.0,76.0,2009.2000000000003,0.0,76.0,0.0
20260303-AP605-0107,20260303,AP605,AP604,long,50562000,11:02:42.000,normal_quote,normal_move_fill,interval_vwap,10070.0,50563000.0,10028.0,50564000,11:02:44.000,reference_invalid_exit,closed,10159.0,10043.0,89.0,-15.0,74.0,0.0,74.0,2009.8000000000002,0.0,74.0,0.0
20260303-AP605-0108,20260303,AP605,AP604,long,50567000,11:02:47.000,normal_quote,normal_move_fill,interval_vwap,10073.0,50568000.0,10005.0,50569000,11:02:49.000,reference_invalid_exit,closed,10157.0,10031.0,84.0,-26.0,58.0,0.0,58.0,2007.8000000000002,0.0,58.0,0.0
20260303-AP605-0109,20260303,AP605,AP604,long,50572000,11:02:52.000,normal_quote,normal_move_fill,interval_vwap,10078.0,50573000.0,10026.0,50574000,11:02:54.000,reference_invalid_exit,closed,10162.0,10030.0,84.0,-4.0,80.0,0.0,80.0,2010.4,0.0,80.0,0.0
20260303-AP605-0110,20260303,AP605,AP604,long,50577000,11:02:57.000,normal_quote,normal_move_fill,interval_vwap,10081.0,50578000.0,10004.0,50579000,11:02:59.000,reference_invalid_exit,closed,10167.0,10028.0,86.0,-24.0,62.0,0.0,62.0,2008.5,0.0,62.0,0.0
20260303-AP605-0111,20260303,AP605,AP604,long,50582000,11:03:02.000,normal_quote,normal_move_fill,interval_vwap,10088.0,50583000.0,10012.0,50584000,11:03:04.000,reference_invalid_exit,closed,10174.0,10028.0,86.0,-16.0,70.0,0.0,70.0,2010.0,0.0,70.0,0.0
20260303-AP605-0112,20260303,AP605,AP604,long,50587000,11:03:07.000,normal_quote,normal_move_fill,interval_vwap,10091.0,50588000.0,10011.0,50589000,11:03:09.000,reference_invalid_exit,closed,10173.0,10028.0,82.0,-17.0,65.0,0.0,65.0,2010.2,0.0,65.0,0.0
20260303-AP605-0113,20260303,AP605,AP604,long,50592000,11:03:12.000,normal_quote,normal_move_fill,interval_vwap,10092.0,50593000.0,10016.0,50594000,11:03:14.000,reference_invalid_exit,closed,10178.0,10022.0,86.0,-6.0,80.0,0.0,80.0,2010.8000000000002,0.0,80.0,0.0
20260303-AP605-0114,20260303,AP605,AP604,long,50597000,11:03:17.000,normal_quote,normal_move_fill,interval_vwap,10093.0,50598000.0,10001.0,50599000,11:03:19.000,reference_invalid_exit,closed,10174.0,10028.0,81.0,-27.0,54.0,0.0,54.0,2009.4,0.0,54.0,0.0
20260303-AP605-0115,20260303,AP605,AP604,long,50602000,11:03:22.000,normal_quote,normal_move_fill,interval_vwap,10090.0,50603000.0,10001.0,50604000,11:03:24.000,reference_invalid_exit,closed,10178.0,10028.0,88.0,-27.0,61.0,0.0,61.0,2009.1,0.0,61.0,0.0
20260303-AP605-0116,20260303,AP605,AP604,long,50607000,11:03:27.000,normal_quote,normal_move_fill,interval_vwap,10095.0,50608000.0,10006.0,50609000,11:03:29.000,reference_invalid_exit,closed,10183.0,10028.0,88.0,-22.0,66.0,0.0,66.0,2010.1,0.0,66.0,0.0
20260303-AP605-0117,20260303,AP605,AP604,long,50612000,11:03:32.000,normal_quote,normal_move_fill,interval_vwap,10103.0,50613000.0,9994.0,50614000,11:03:34.000,reference_invalid_exit,closed,10193.0,10028.0,90.0,-34.0,56.0,0.0,56.0,2009.7000000000003,0.0,56.0,0.0
20260303-AP605-0118,20260303,AP605,AP604,long,50620000,11:03:40.000,normal_quote,normal_move_fill,interval_vwap,10109.0,50621000.0,9995.0,50622000,11:03:42.000,reference_invalid_exit,closed,10196.0,10028.0,87.0,-33.0,54.0,0.0,54.0,2010.4,0.0,54.0,0.0
20260303-AP605-0119,20260303,AP605,AP604,short,50625000,11:03:45.000,normal_quote,normal_move_fill,interval_vwap,10284.0,50626000.0,10028.0,50627000,11:03:47.000,reference_invalid_exit,closed,10217.0,9996.0,67.0,-32.0,35.0,0.0,35.0,2031.2000000000003,0.0,35.0,0.0
20260303-AP605-0120,20260303,AP605,AP604,long,50630000,11:03:50.000,normal_quote,normal_move_fill,interval_vwap,10133.0,50631000.0,10002.0,50632000,11:03:52.000,reference_invalid_exit,closed,10217.0,10028.0,84.0,-26.0,58.0,0.0,58.0,2013.5,0.0,58.0,0.0
20260303-AP605-0121,20260303,AP605,AP604,long,50636000,11:03:56.000,normal_quote,normal_move_fill,interval_vwap,10133.0,50637000.0,9994.0,50638000,11:03:58.000,reference_invalid_exit,closed,10207.0,10023.0,74.0,-29.0,45.0,0.0,45.0,2012.7000000000003,0.0,45.0,0.0
20260303-AP605-0122,20260303,AP605,AP604,long,50641000,11:04:01.000,normal_quote,normal_move_fill,interval_vwap,10125.0,50642000.0,9994.0,50643000,11:04:03.000,reference_invalid_exit,closed,10198.0,10023.0,73.0,-29.0,44.0,0.0,44.0,2011.9,0.0,44.0,0.0
20260303-AP605-0123,20260303,AP605,AP604,long,50646000,11:04:06.000,normal_quote,normal_move_fill,interval_vwap,10113.0,,,50647000,11:04:07.000,hedge_failure_exit,hedge_failure_exit,10199.0,,86.0,,86.0,0.0,86.0,,0.0,,0.0
20260303-AP605-0124,20260303,AP605,AP604,long,50652000,11:04:12.000,normal_quote,normal_move_fill,interval_vwap,10113.0,50653000.0,9979.0,50654000,11:04:14.000,reference_invalid_exit,closed,10196.0,9996.0,83.0,-17.0,66.0,0.0,66.0,2009.2000000000003,0.0,66.0,0.0
20260303-AP605-0125,20260303,AP605,AP604,long,50657000,11:04:17.000,normal_quote,normal_move_fill,interval_vwap,10117.0,50658000.0,9985.0,50659000,11:04:19.000,reference_invalid_exit,closed,10195.0,9996.0,78.0,-11.0,67.0,0.0,67.0,2010.2,0.0,67.0,0.0
20260303-AP605-0126,20260303,AP605,AP604,long,50662000,11:04:22.000,normal_quote,normal_move_fill,interval_vwap,10112.0,50663000.0,9981.0,50664000,11:04:24.000,reference_invalid_exit,closed,10198.0,9996.0,86.0,-15.0,71.0,0.0,71.0,2009.3000000000002,0.0,71.0,0.0
20260303-AP605-0127,20260303,AP605,AP604,long,50667000,11:04:27.000,normal_quote,normal_move_fill,interval_vwap,10116.0,50668000.0,9987.0,50669000,11:04:29.000,reference_invalid_exit,closed,10199.0,9996.0,83.0,-9.0,74.0,0.0,74.0,2010.3000000000002,0.0,74.0,0.0
20260303-AP605-0128,20260303,AP605,AP604,long,50672000,11:04:32.000,normal_quote,normal_move_fill,interval_vwap,10116.0,50673000.0,9986.0,50674000,11:04:34.000,reversion_exit,closed,10199.0,9996.0,83.0,-10.0,73.0,0.0,73.0,2010.2,0.0,73.0,0.0
20260303-AP605-0129,20260303,AP605,AP604,long,50677000,11:04:37.000,normal_quote,normal_move_fill,interval_vwap,10114.0,50678000.0,9989.0,50679000,11:04:39.000,reversion_exit,closed,10200.0,9996.0,86.0,-7.0,79.0,0.0,79.0,2010.3000000000002,0.0,79.0,0.0
20260303-AP605-0130,20260303,AP605,AP604,long,50682000,11:04:42.000,normal_quote,normal_move_fill,interval_vwap,10113.0,50683000.0,9982.0,50684000,11:04:44.000,reversion_exit,closed,10200.0,9989.0,87.0,-7.0,80.0,0.0,80.0,2009.5,0.0,80.0,0.0
20260303-AP605-0131,20260303,AP605,AP604,long,50687000,11:04:47.000,normal_quote,normal_move_fill,interval_vwap,10106.0,50688000.0,9980.0,50689000,11:04:49.000,reversion_exit,closed,10196.0,9989.0,90.0,-9.0,81.0,0.0,81.0,2008.6,0.0,81.0,0.0
20260303-AP605-0132,20260303,AP605,AP604,long,50693000,11:04:53.000,normal_quote,normal_move_fill,interval_vwap,10104.0,50694000.0,9977.0,50695000,11:04:55.000,reversion_exit,closed,10201.0,9989.0,97.0,-12.0,85.0,0.0,85.0,2008.1000000000001,0.0,85.0,0.0
20260303-AP605-0133,20260303,AP605,AP604,long,50698000,11:04:58.000,normal_quote,normal_move_fill,interval_vwap,10111.0,50699000.0,9979.0,50700000,11:05:00.000,reversion_exit,closed,10199.0,9989.0,88.0,-10.0,78.0,0.0,78.0,2009.0,0.0,78.0,0.0
20260303-AP605-0134,20260303,AP605,AP604,long,50704000,11:05:04.000,normal_quote,normal_move_fill,interval_vwap,10106.0,50705000.0,9977.0,50706000,11:05:06.000,reversion_exit,closed,10205.0,9989.0,99.0,-12.0,87.0,0.0,87.0,2008.3000000000002,0.0,87.0,0.0
20260303-AP605-0135,20260303,AP605,AP604,long,50709000,11:05:09.000,normal_quote,normal_move_fill,interval_vwap,10116.0,50710000.0,9989.0,50711000,11:05:11.000,reversion_exit,closed,10211.0,9996.0,95.0,-7.0,88.0,0.0,88.0,2010.5,0.0,88.0,0.0
20260303-AP605-0136,20260303,AP605,AP604,long,50714000,11:05:14.000,normal_quote,normal_move_fill,interval_vwap,10118.0,50715000.0,9996.0,50716000,11:05:16.000,reversion_exit,closed,10222.0,10021.0,104.0,-25.0,79.0,0.0,79.0,2011.4,0.0,79.0,0.0
20260303-AP605-0137,20260303,AP605,AP604,long,50719000,11:05:19.000,normal_quote,normal_move_fill,interval_vwap,10125.0,50720000.0,9990.0,50721000,11:05:21.000,reversion_exit,closed,10215.0,10010.0,90.0,-20.0,70.0,0.0,70.0,2011.5,0.0,70.0,0.0
20260303-AP605-0138,20260303,AP605,AP604,long,50724000,11:05:24.000,normal_quote,normal_move_fill,interval_vwap,10117.0,50725000.0,9977.0,50726000,11:05:26.000,reversion_exit,closed,10201.0,9997.0,84.0,-20.0,64.0,0.0,64.0,2009.4,0.0,64.0,0.0
20260303-AP605-0139,20260303,AP605,AP604,long,50729000,11:05:29.000,normal_quote,normal_move_fill,interval_vwap,10105.0,50730000.0,9975.0,50731000,11:05:31.000,reversion_exit,closed,10195.0,9991.0,90.0,-16.0,74.0,0.0,74.0,2008.0,0.0,74.0,0.0
20260303-AP605-0140,20260303,AP605,AP604,long,50734000,11:05:34.000,normal_quote,normal_move_fill,interval_vwap,10104.0,50735000.0,9972.0,50736000,11:05:36.000,reversion_exit,closed,10198.0,9994.0,94.0,-22.0,72.0,0.0,72.0,2007.6000000000001,0.0,72.0,0.0
20260303-AP605-0141,20260303,AP605,AP604,long,50739000,11:05:39.000,normal_quote,normal_move_fill,interval_vwap,10110.0,50740000.0,9981.0,50741000,11:05:41.000,reversion_exit,closed,10203.0,10000.0,93.0,-19.0,74.0,0.0,74.0,2009.1,0.0,74.0,0.0
20260303-AP605-0142,20260303,AP605,AP604,long,50744000,11:05:44.000,normal_quote,normal_move_fill,interval_vwap,10110.0,50745000.0,9977.0,50746000,11:05:46.000,reversion_exit,closed,10203.0,9998.0,93.0,-21.0,72.0,0.0,72.0,2008.7,0.0,72.0,0.0
20260303-AP605-0143,20260303,AP605,AP604,long,50749000,11:05:49.000,normal_quote,normal_move_fill,interval_vwap,10106.0,50750000.0,9972.0,50751000,11:05:51.000,reference_invalid_exit,closed,10197.0,10022.0,91.0,-50.0,41.0,0.0,41.0,2007.8000000000002,0.0,41.0,0.0
20260303-AP605-0144,20260303,AP605,AP604,long,50754000,11:05:54.000,normal_quote,normal_move_fill,interval_vwap,10114.0,50755000.0,9973.0,50756000,11:05:56.000,reference_invalid_exit,closed,10199.0,10022.0,85.0,-49.0,36.0,0.0,36.0,2008.7000000000003,0.0,36.0,0.0
20260303-AP605-0145,20260303,AP605,AP604,long,50759000,11:05:59.000,normal_quote,normal_move_fill,interval_vwap,10116.0,50760000.0,9979.0,50761000,11:06:01.000,reference_invalid_exit,closed,10199.0,10022.0,83.0,-43.0,40.0,0.0,40.0,2009.5,0.0,40.0,0.0
20260303-AP605-0146,20260303,AP605,AP604,long,50764000,11:06:04.000,normal_quote,normal_move_fill,interval_vwap,10110.0,50765000.0,9975.0,50766000,11:06:06.000,reference_invalid_exit,closed,10195.0,10020.0,85.0,-45.0,40.0,0.0,40.0,2008.5,0.0,40.0,0.0
20260303-AP605-0147,20260303,AP605,AP604,long,50769000,11:06:09.000,normal_quote,normal_move_fill,interval_vwap,10110.0,50770000.0,9974.0,50771000,11:06:11.000,reference_invalid_exit,closed,10194.0,10020.0,84.0,-46.0,38.0,0.0,38.0,2008.4,0.0,38.0,0.0
20260303-AP605-0148,20260303,AP605,AP604,long,50774000,11:06:14.000,normal_quote,normal_move_fill,interval_vwap,10106.0,50775000.0,9971.0,50776000,11:06:16.000,reversion_exit,closed,10191.0,10020.0,85.0,-49.0,36.0,0.0,36.0,2007.7,0.0,36.0,0.0
20260303-AP605-0149,20260303,AP605,AP604,long,50779000,11:06:19.000,normal_quote,normal_move_fill,interval_vwap,10107.0,50780000.0,9969.0,50781000,11:06:21.000,reversion_exit,closed,10189.0,10016.0,82.0,-47.0,35.0,0.0,35.0,2007.6000000000001,0.0,35.0,0.0
20260303-AP605-0150,20260303,AP605,AP604,long,50784000,11:06:24.000,normal_quote,normal_move_fill,interval_vwap,10108.0,50785000.0,9971.0,50786000,11:06:26.000,reference_invalid_exit,closed,10190.0,10020.0,82.0,-49.0,33.0,0.0,33.0,2007.9,0.0,33.0,0.0
20260303-AP605-0151,20260303,AP605,AP604,long,50789000,11:06:29.000,normal_quote,normal_move_fill,interval_vwap,10109.0,50790000.0,9970.0,50791000,11:06:31.000,reference_invalid_exit,closed,10191.0,10019.0,82.0,-49.0,33.0,0.0,33.0,2007.9,0.0,33.0,0.0
20260303-AP605-0152,20260303,AP605,AP604,long,50794000,11:06:34.000,normal_quote,normal_move_fill,interval_vwap,10108.0,50795000.0,9973.0,50796000,11:06:36.000,reference_invalid_exit,closed,10193.0,10021.0,85.0,-48.0,37.0,0.0,37.0,2008.1000000000001,0.0,37.0,0.0
20260303-AP605-0153,20260303,AP605,AP604,long,50799000,11:06:39.000,normal_quote,normal_move_fill,interval_vwap,10108.0,50800000.0,9980.0,50801000,11:06:41.000,reversion_exit,closed,10196.0,10023.0,88.0,-43.0,45.0,0.0,45.0,2008.8000000000002,0.0,45.0,0.0
20260303-AP605-0154,20260303,AP605,AP604,long,50804000,11:06:44.000,normal_quote,normal_move_fill,interval_vwap,10105.0,50805000.0,9974.0,50806000,11:06:46.000,reversion_exit,closed,10194.0,10021.0,89.0,-47.0,42.0,0.0,42.0,2007.9,0.0,42.0,0.0
20260303-AP605-0155,20260303,AP605,AP604,long,50809000,11:06:49.000,normal_quote,normal_move_fill,interval_vwap,10104.0,50810000.0,9972.0,50811000,11:06:51.000,reversion_exit,closed,10192.0,10019.0,88.0,-47.0,41.0,0.0,41.0,2007.6000000000001,0.0,41.0,0.0
20260303-AP605-0156,20260303,AP605,AP604,long,50814000,11:06:54.000,normal_quote,normal_move_fill,interval_vwap,10108.0,50815000.0,9975.0,50816000,11:06:56.000,reversion_exit,closed,10191.0,10018.0,83.0,-43.0,40.0,0.0,40.0,2008.3000000000002,0.0,40.0,0.0
20260303-AP605-0157,20260303,AP605,AP604,long,50819000,11:06:59.000,normal_quote,normal_move_fill,interval_vwap,10106.0,50820000.0,9977.0,50821000,11:07:01.000,reversion_exit,closed,10197.0,10023.0,91.0,-46.0,45.0,0.0,45.0,2008.3000000000002,0.0,45.0,0.0
20260303-AP605-0158,20260303,AP605,AP604,long,50824000,11:07:04.000,normal_quote,normal_move_fill,interval_vwap,10110.0,50825000.0,9978.0,50826000,11:07:06.000,reversion_exit,closed,10198.0,10023.0,88.0,-45.0,43.0,0.0,43.0,2008.8000000000002,0.0,43.0,0.0
20260303-AP605-0159,20260303,AP605,AP604,long,50829000,11:07:09.000,normal_quote,normal_move_fill,interval_vwap,10106.0,50830000.0,9979.0,50831000,11:07:11.000,reversion_exit,closed,10199.0,10003.0,93.0,-24.0,69.0,0.0,69.0,2008.5,0.0,69.0,0.0
20260303-AP605-0160,20260303,AP605,AP604,long,50834000,11:07:14.000,normal_quote,normal_move_fill,interval_vwap,10105.0,50835000.0,9981.0,50836000,11:07:16.000,reversion_exit,closed,10197.0,10003.0,92.0,-22.0,70.0,0.0,70.0,2008.6,0.0,70.0,0.0
20260303-AP605-0161,20260303,AP605,AP604,long,50839000,11:07:19.000,normal_quote,normal_move_fill,interval_vwap,10105.0,,,50840000,11:07:20.000,hedge_failure_exit,hedge_failure_exit,10193.0,,88.0,,88.0,0.0,88.0,,0.0,,0.0
20260303-AP605-0162,20260303,AP605,AP604,long,50843000,11:07:23.000,normal_quote,normal_move_fill,interval_vwap,10107.0,50844000.0,9982.0,50845000,11:07:25.000,reversion_exit,closed,10193.0,10003.0,86.0,-21.0,65.0,0.0,65.0,2008.9,0.0,65.0,0.0
20260303-AP605-0163,20260303,AP605,AP604,long,50848000,11:07:28.000,normal_quote,normal_move_fill,interval_vwap,10108.0,50849000.0,9984.0,50850000,11:07:30.000,reversion_exit,closed,10189.0,10003.0,81.0,-19.0,62.0,0.0,62.0,2009.2000000000003,0.0,62.0,0.0
20260303-AP605-0164,20260303,AP605,AP604,long,50853000,11:07:33.000,normal_quote,normal_move_fill,interval_vwap,10108.0,50854000.0,9985.0,50855000,11:07:35.000,reversion_exit,closed,10184.0,10003.0,76.0,-18.0,58.0,0.0,58.0,2009.3000000000002,0.0,58.0,0.0
20260303-AP605-0165,20260303,AP605,AP604,long,50858000,11:07:38.000,normal_quote,normal_move_fill,interval_vwap,10103.0,50859000.0,9986.0,50866000,11:07:46.000,reversion_exit,closed,10179.0,9987.0,76.0,-1.0,75.0,0.0,75.0,2008.9,0.0,66.0,0.0
20260303-AP605-0166,20260303,AP605,AP604,long,50869000,11:07:49.000,normal_quote,normal_move_fill,interval_vwap,10104.0,50870000.0,9982.0,50871000,11:07:51.000,reversion_exit,closed,10170.0,9996.0,66.0,-14.0,52.0,0.0,52.0,2008.6000000000001,0.0,52.0,0.0
20260303-AP605-0167,20260303,AP605,AP604,long,50874000,11:07:54.000,normal_quote,normal_move_fill,interval_vwap,10105.0,50875000.0,9982.0,50876000,11:07:56.000,reversion_exit,closed,10177.0,10000.0,72.0,-18.0,54.0,0.0,54.0,2008.7,0.0,54.0,0.0
20260303-AP605-0168,20260303,AP605,AP604,long,50880000,11:08:00.000,normal_quote,normal_move_fill,interval_vwap,10105.0,50881000.0,9982.0,50882000,11:08:02.000,reversion_exit,closed,10180.0,10001.0,75.0,-19.0,56.0,0.0,56.0,2008.7,0.0,56.0,0.0
20260303-AP605-0169,20260303,AP605,AP604,long,50885000,11:08:05.000,normal_quote,normal_move_fill,interval_vwap,10110.0,50886000.0,9983.0,50887000,11:08:07.000,reversion_exit,closed,10181.0,10001.0,71.0,-18.0,53.0,0.0,53.0,2009.3000000000002,0.0,53.0,0.0
20260303-AP605-0170,20260303,AP605,AP604,long,50890000,11:08:10.000,normal_quote,normal_move_fill,interval_vwap,10097.0,50891000.0,9984.0,50892000,11:08:12.000,reference_invalid_exit,closed,10183.0,10001.0,86.0,-17.0,69.0,0.0,69.0,2008.1000000000001,0.0,69.0,0.0
20260303-AP605-0171,20260303,AP605,AP604,long,50895000,11:08:15.000,normal_quote,normal_move_fill,interval_vwap,10101.0,50896000.0,9986.0,50898000,11:08:18.000,reference_invalid_exit,closed,10178.0,10000.0,77.0,-14.0,63.0,0.0,63.0,2008.7,0.0,63.0,0.0
20260303-AP605-0172,20260303,AP605,AP604,long,50901000,11:08:21.000,normal_quote,normal_move_fill,interval_vwap,10100.0,50902000.0,9987.0,50903000,11:08:23.000,reference_invalid_exit,closed,10187.0,10001.0,87.0,-14.0,73.0,0.0,73.0,2008.7,0.0,73.0,0.0
20260303-AP605-0173,20260303,AP605,AP604,long,50906000,11:08:26.000,normal_quote,normal_move_fill,interval_vwap,10107.0,,,50907000,11:08:27.000,hedge_failure_exit,hedge_failure_exit,10188.0,,81.0,,81.0,0.0,81.0,,0.0,,0.0
20260303-AP605-0174,20260303,AP605,AP604,long,50912000,11:08:32.000,normal_quote,normal_move_fill,interval_vwap,10115.0,50913000.0,9989.0,50914000,11:08:34.000,reference_invalid_exit,closed,10206.0,10001.0,91.0,-12.0,79.0,0.0,79.0,2010.4,0.0,79.0,0.0
20260303-AP605-0175,20260303,AP605,AP604,long,50917000,11:08:37.000,normal_quote,normal_move_fill,interval_vwap,10126.0,50918000.0,9995.0,50919000,11:08:39.000,reference_invalid_exit,closed,10216.0,10023.0,90.0,-28.0,62.0,0.0,62.0,2012.1,0.0,62.0,0.0
20260303-AP605-0176,20260303,AP605,AP604,long,50922000,11:08:42.000,normal_quote,normal_move_fill,interval_vwap,10133.0,50923000.0,10011.0,50924000,11:08:44.000,reference_invalid_exit,closed,10234.0,10023.0,101.0,-12.0,89.0,0.0,89.0,2014.4,0.0,89.0,0.0
20260303-AP605-0177,20260303,AP605,AP604,long,50927000,11:08:47.000,normal_quote,normal_move_fill,interval_vwap,10152.0,50928000.0,10005.0,50929000,11:08:49.000,reference_invalid_exit,closed,10255.0,10025.0,103.0,-20.0,83.0,0.0,83.0,2015.7,0.0,83.0,0.0
20260303-AP605-0178,20260303,AP605,AP604,long,50932000,11:08:52.000,normal_quote,normal_move_fill,interval_vwap,10175.0,50933000.0,10018.0,50934000,11:08:54.000,reference_invalid_exit,closed,10264.0,10025.0,89.0,-7.0,82.0,0.0,82.0,2019.3000000000002,0.0,82.0,0.0
20260303-AP605-0179,20260303,AP605,AP604,long,50937000,11:08:57.000,normal_quote,normal_move_fill,interval_vwap,10181.0,50938000.0,10015.0,50939000,11:08:59.000,reference_invalid_exit,closed,10266.0,10025.0,85.0,-10.0,75.0,0.0,75.0,2019.6,0.0,75.0,0.0
20260303-AP605-0180,20260303,AP605,AP604,long,50942000,11:09:02.000,normal_quote,normal_move_fill,interval_vwap,10184.0,50943000.0,10010.0,50944000,11:09:04.000,reference_invalid_exit,closed,10268.0,10021.0,84.0,-11.0,73.0,0.0,73.0,2019.4,0.0,73.0,0.0
20260303-AP605-0181,20260303,AP605,AP604,long,50947000,11:09:07.000,normal_quote,normal_move_fill,interval_vwap,10180.0,50948000.0,10009.0,50949000,11:09:09.000,reference_invalid_exit,closed,10264.0,10021.0,84.0,-12.0,72.0,0.0,72.0,2018.9,0.0,72.0,0.0
20260303-AP605-0182,20260303,AP605,AP604,long,50952000,11:09:12.000,normal_quote,normal_move_fill,interval_vwap,10186.0,50953000.0,10008.0,50954000,11:09:14.000,reference_invalid_exit,closed,10289.0,10028.0,103.0,-20.0,83.0,0.0,83.0,2019.4,0.0,83.0,0.0
20260303-AP605-0183,20260303,AP605,AP604,short,50957000,11:09:17.000,normal_quote,normal_move_fill,interval_vwap,10379.0,50958000.0,10028.0,50959000,11:09:19.000,reference_invalid_exit,closed,10306.0,10026.0,73.0,-2.0,71.0,0.0,71.0,2040.7000000000003,0.0,71.0,0.0
20260303-AP605-0184,20260303,AP605,AP604,long,50963000,11:09:23.000,normal_quote,normal_move_fill,interval_vwap,10219.0,50964000.0,10029.0,50965000,11:09:25.000,reference_invalid_exit,closed,10314.0,10091.0,95.0,-62.0,33.0,0.0,33.0,2024.8000000000002,0.0,33.0,0.0
20260303-AP605-0185,20260303,AP605,AP604,long,50968000,11:09:28.000,normal_quote,normal_move_fill,interval_vwap,10222.0,50969000.0,10029.0,50970000,11:09:30.000,reference_invalid_exit,closed,10306.0,10082.0,84.0,-53.0,31.0,0.0,31.0,2025.1000000000001,0.0,31.0,0.0
20260303-AP605-0186,20260303,AP605,AP604,long,50974000,11:09:34.000,normal_quote,detector_event_fill,interval_vwap,10221.0,50975000.0,10038.0,50976000,11:09:36.000,reference_invalid_exit,closed,10301.0,10076.0,80.0,-38.0,42.0,0.0,42.0,2025.9,0.0,42.0,0.0
20260303-AP605-0187,20260303,AP605,AP604,long,50980000,11:09:40.000,normal_quote,normal_move_fill,interval_vwap,10223.0,50981000.0,10030.0,50982000,11:09:42.000,reference_invalid_exit,closed,10289.0,10062.0,66.0,-32.0,34.0,0.0,34.0,2025.3000000000002,0.0,34.0,0.0
20260303-AP605-0188,20260303,AP605,AP604,long,50985000,11:09:45.000,normal_quote,normal_move_fill,interval_vwap,10216.0,50986000.0,10031.0,50987000,11:09:47.000,reference_invalid_exit,closed,10279.0,10054.0,63.0,-23.0,40.0,0.0,40.0,2024.7,0.0,40.0,0.0
20260303-AP605-0189,20260303,AP605,AP604,long,50990000,11:09:50.000,normal_quote,normal_move_fill,interval_vwap,10188.0,50991000.0,10007.0,50992000,11:09:52.000,reference_invalid_exit,closed,10265.0,10038.0,77.0,-31.0,46.0,0.0,46.0,2019.5,0.0,46.0,0.0
20260303-AP605-0190,20260303,AP605,AP604,long,50995000,11:09:55.000,normal_quote,normal_move_fill,interval_vwap,10177.0,50996000.0,9995.0,50997000,11:09:57.000,reference_invalid_exit,closed,10254.0,10021.0,77.0,-26.0,51.0,0.0,51.0,2017.2,0.0,51.0,0.0
20260303-AP605-0191,20260303,AP605,AP604,long,51000000,11:10:00.000,normal_quote,normal_move_fill,interval_vwap,10162.0,51001000.0,9975.0,51002000,11:10:02.000,reference_invalid_exit,closed,10230.0,10007.0,68.0,-32.0,36.0,0.0,36.0,2013.7,0.0,36.0,0.0
20260303-AP605-0192,20260303,AP605,AP604,long,51005000,11:10:05.000,normal_quote,normal_move_fill,interval_vwap,10150.0,51006000.0,9979.0,51007000,11:10:07.000,reference_invalid_exit,closed,10233.0,10009.0,83.0,-30.0,53.0,0.0,53.0,2012.9,0.0,53.0,0.0
20260303-AP605-0193,20260303,AP605,AP604,long,51010000,11:10:10.000,normal_quote,normal_move_fill,interval_vwap,10146.0,51011000.0,9959.0,51012000,11:10:12.000,reference_invalid_exit,closed,10227.0,10008.0,81.0,-49.0,32.0,0.0,32.0,2010.5,0.0,32.0,0.0
20260303-AP605-0194,20260303,AP605,AP604,long,51015000,11:10:15.000,normal_quote,normal_move_fill,interval_vwap,10156.0,51016000.0,9987.0,51017000,11:10:17.000,reference_invalid_exit,closed,10249.0,10021.0,93.0,-34.0,59.0,0.0,59.0,2014.3000000000002,0.0,59.0,0.0
20260303-AP605-0195,20260303,AP605,AP604,long,51021000,11:10:21.000,normal_quote,normal_move_fill,interval_vwap,10169.0,51022000.0,9997.0,51023000,11:10:23.000,reference_invalid_exit,closed,10253.0,10021.0,84.0,-24.0,60.0,0.0,60.0,2016.6000000000001,0.0,60.0,0.0
20260303-AP605-0196,20260303,AP605,AP604,long,51026000,11:10:26.000,normal_quote,normal_move_fill,interval_vwap,10165.0,51027000.0,9997.0,51028000,11:10:28.000,reference_invalid_exit,closed,10247.0,10021.0,82.0,-24.0,58.0,0.0,58.0,2016.2,0.0,58.0,0.0
20260303-AP605-0197,20260303,AP605,AP604,long,51032000,11:10:32.000,normal_quote,normal_move_fill,interval_vwap,10159.0,51033000.0,9997.0,51034000,11:10:34.000,reference_invalid_exit,closed,10239.0,10017.0,80.0,-20.0,60.0,0.0,60.0,2015.6000000000001,0.0,60.0,0.0
20260303-AP605-0198,20260303,AP605,AP604,long,51037000,11:10:37.000,normal_quote,normal_move_fill,interval_vwap,10149.0,51038000.0,9979.0,51039000,11:10:39.000,reference_invalid_exit,closed,10231.0,10008.0,82.0,-29.0,53.0,0.0,53.0,2012.8000000000002,0.0,53.0,0.0
20260303-AP605-0199,20260303,AP605,AP604,long,51042000,11:10:42.000,normal_quote,normal_move_fill,interval_vwap,10145.0,51043000.0,9979.0,51044000,11:10:44.000,reference_invalid_exit,closed,10229.0,10008.0,84.0,-29.0,55.0,0.0,55.0,2012.4,0.0,55.0,0.0
20260303-AP605-0200,20260303,AP605,AP604,long,51047000,11:10:47.000,normal_quote,normal_move_fill,interval_vwap,10145.0,51048000.0,9979.0,51049000,11:10:49.000,reference_invalid_exit,closed,10221.0,10001.0,76.0,-22.0,54.0,0.0,54.0,2012.4,0.0,54.0,0.0
20260303-AP605-0201,20260303,AP605,AP604,long,51052000,11:10:52.000,normal_quote,normal_move_fill,interval_vwap,10136.0,51053000.0,9968.0,51054000,11:10:54.000,reference_invalid_exit,closed,10224.0,10004.0,88.0,-36.0,52.0,0.0,52.0,2010.4,0.0,52.0,0.0
20260303-AP605-0202,20260303,AP605,AP604,long,51057000,11:10:57.000,normal_quote,normal_move_fill,interval_vwap,10151.0,51058000.0,9978.0,51059000,11:10:59.000,reference_invalid_exit,closed,10231.0,10009.0,80.0,-31.0,49.0,0.0,49.0,2012.9,0.0,49.0,0.0
20260303-AP605-0203,20260303,AP605,AP604,long,51062000,11:11:02.000,normal_quote,normal_move_fill,interval_vwap,10150.0,51063000.0,9975.0,51064000,11:11:04.000,reference_invalid_exit,closed,10228.0,10005.0,78.0,-30.0,48.0,0.0,48.0,2012.5,0.0,48.0,0.0
20260303-AP605-0204,20260303,AP605,AP604,long,51067000,11:11:07.000,normal_quote,normal_move_fill,interval_vwap,10146.0,51068000.0,9971.0,51069000,11:11:09.000,reference_invalid_exit,closed,10221.0,10001.0,75.0,-30.0,45.0,0.0,45.0,2011.7,0.0,45.0,0.0
20260303-AP605-0205,20260303,AP605,AP604,long,51072000,11:11:12.000,normal_quote,normal_move_fill,interval_vwap,10138.0,51073000.0,9965.0,51074000,11:11:14.000,reference_invalid_exit,closed,10224.0,10002.0,86.0,-37.0,49.0,0.0,49.0,2010.3000000000002,0.0,49.0,0.0
20260303-AP605-0206,20260303,AP605,AP604,long,51077000,11:11:17.000,normal_quote,normal_move_fill,interval_vwap,10142.0,51078000.0,9971.0,51079000,11:11:19.000,reference_invalid_exit,closed,10226.0,10003.0,84.0,-32.0,52.0,0.0,52.0,2011.3000000000002,0.0,52.0,0.0
20260303-AP605-0207,20260303,AP605,AP604,long,51082000,11:11:22.000,normal_quote,normal_move_fill,interval_vwap,10145.0,51083000.0,9966.0,51084000,11:11:24.000,reference_invalid_exit,closed,10221.0,9996.0,76.0,-30.0,46.0,0.0,46.0,2011.1,0.0,46.0,0.0
20260303-AP605-0208,20260303,AP605,AP604,long,51087000,11:11:27.000,normal_quote,normal_move_fill,interval_vwap,10133.0,51088000.0,9961.0,51089000,11:11:29.000,reversion_exit,closed,10212.0,9990.0,79.0,-29.0,50.0,0.0,50.0,2009.4,0.0,50.0,0.0
20260303-AP605-0209,20260303,AP605,AP604,long,51092000,11:11:32.000,normal_quote,normal_move_fill,interval_vwap,10123.0,51093000.0,9954.0,51094000,11:11:34.000,reversion_exit,closed,10207.0,9983.0,84.0,-29.0,55.0,0.0,55.0,2007.7000000000003,0.0,55.0,0.0
20260303-AP605-0210,20260303,AP605,AP604,long,51097000,11:11:37.000,normal_quote,normal_move_fill,interval_vwap,10117.0,51098000.0,9953.0,51099000,11:11:39.000,reversion_exit,closed,10210.0,9987.0,93.0,-34.0,59.0,0.0,59.0,2007.0,0.0,59.0,0.0
20260303-AP605-0211,20260303,AP605,AP604,long,51103000,11:11:43.000,normal_quote,normal_move_fill,interval_vwap,10118.0,51104000.0,9951.0,51105000,11:11:45.000,reversion_exit,closed,10205.0,9980.0,87.0,-29.0,58.0,0.0,58.0,2006.9,0.0,58.0,0.0
20260303-AP605-0212,20260303,AP605,AP604,long,51108000,11:11:48.000,normal_quote,normal_move_fill,interval_vwap,10120.0,51109000.0,9952.0,51110000,11:11:50.000,reversion_exit,closed,10210.0,9985.0,90.0,-33.0,57.0,0.0,57.0,2007.2,0.0,57.0,0.0
20260303-AP605-0213,20260303,AP605,AP604,long,51113000,11:11:53.000,normal_quote,normal_move_fill,interval_vwap,10120.0,51114000.0,9961.0,51115000,11:11:55.000,reversion_exit,closed,10218.0,9994.0,98.0,-33.0,65.0,0.0,65.0,2008.1,0.0,65.0,0.0
20260303-AP605-0214,20260303,AP605,AP604,long,51118000,11:11:58.000,normal_quote,normal_move_fill,interval_vwap,10131.0,51119000.0,9961.0,51120000,11:12:00.000,reversion_exit,closed,10214.0,9991.0,83.0,-30.0,53.0,0.0,53.0,2009.2,0.0,53.0,0.0
20260303-AP605-0215,20260303,AP605,AP604,long,51123000,11:12:03.000,normal_quote,normal_move_fill,interval_vwap,10133.0,51124000.0,9974.0,51125000,11:12:05.000,reversion_exit,closed,10233.0,10009.0,100.0,-35.0,65.0,0.0,65.0,2010.7000000000003,0.0,65.0,0.0
20260303-AP605-0216,20260303,AP605,AP604,long,51129000,11:12:09.000,normal_quote,normal_move_fill,interval_vwap,10151.0,51130000.0,9992.0,51131000,11:12:11.000,reversion_exit,closed,10249.0,10021.0,98.0,-29.0,69.0,0.0,69.0,2014.3000000000002,0.0,69.0,0.0
20260303-AP605-0217,20260303,AP605,AP604,long,51134000,11:12:14.000,normal_quote,normal_move_fill,interval_vwap,10155.0,51135000.0,9988.0,51136000,11:12:16.000,reversion_exit,closed,10242.0,10019.0,87.0,-31.0,56.0,0.0,56.0,2014.3000000000002,0.0,56.0,0.0
20260303-AP605-0218,20260303,AP605,AP604,long,51139000,11:12:19.000,normal_quote,normal_move_fill,interval_vwap,10153.0,51140000.0,9982.0,51141000,11:12:21.000,reversion_exit,closed,10235.0,10011.0,82.0,-29.0,53.0,0.0,53.0,2013.5,0.0,53.0,0.0
20260303-AP605-0219,20260303,AP605,AP604,long,51144000,11:12:24.000,normal_quote,normal_move_fill,interval_vwap,10148.0,51145000.0,9975.0,51146000,11:12:26.000,reversion_exit,closed,10230.0,10011.0,82.0,-36.0,46.0,0.0,46.0,2012.3000000000002,0.0,46.0,0.0
20260303-AP605-0220,20260303,AP605,AP604,long,51149000,11:12:29.000,normal_quote,normal_move_fill,interval_vwap,10145.0,51150000.0,9974.0,51151000,11:12:31.000,reversion_exit,closed,10224.0,10002.0,79.0,-28.0,51.0,0.0,51.0,2011.9,0.0,51.0,0.0
20260303-AP605-0221,20260303,AP605,AP604,long,51154000,11:12:34.000,normal_quote,normal_move_fill,interval_vwap,10142.0,51155000.0,9972.0,51156000,11:12:36.000,reversion_exit,closed,10231.0,10007.0,89.0,-35.0,54.0,0.0,54.0,2011.4,0.0,54.0,0.0
20260303-AP605-0222,20260303,AP605,AP604,long,51159000,11:12:39.000,normal_quote,normal_move_fill,interval_vwap,10152.0,51160000.0,9987.0,51161000,11:12:41.000,reversion_exit,closed,10240.0,10015.0,88.0,-28.0,60.0,0.0,60.0,2013.9,0.0,60.0,0.0
20260303-AP605-0223,20260303,AP605,AP604,long,51164000,11:12:44.000,normal_quote,normal_move_fill,interval_vwap,10151.0,51165000.0,9985.0,51166000,11:12:46.000,reversion_exit,closed,10242.0,10006.0,91.0,-21.0,70.0,0.0,70.0,2013.6,0.0,70.0,0.0
20260303-AP605-0224,20260303,AP605,AP604,long,51169000,11:12:49.000,normal_quote,normal_move_fill,interval_vwap,10155.0,51170000.0,9978.0,51171000,11:12:51.000,reversion_exit,closed,10230.0,9995.0,75.0,-17.0,58.0,0.0,58.0,2013.3000000000002,0.0,58.0,0.0
20260303-AP605-0225,20260303,AP605,AP604,long,51174000,11:12:54.000,normal_quote,normal_move_fill,interval_vwap,10146.0,51175000.0,9980.0,51176000,11:12:56.000,reversion_exit,closed,10230.0,10009.0,84.0,-29.0,55.0,0.0,55.0,2012.6,0.0,55.0,0.0
20260303-AP605-0226,20260303,AP605,AP604,long,51179000,11:12:59.000,normal_quote,normal_move_fill,interval_vwap,10147.0,51180000.0,9961.0,51181000,11:13:01.000,reference_invalid_exit,closed,10234.0,10010.0,87.0,-49.0,38.0,0.0,38.0,2010.8000000000002,0.0,38.0,0.0
20260303-AP605-0227,20260303,AP605,AP604,long,51184000,11:13:04.000,normal_quote,normal_move_fill,interval_vwap,10148.0,51185000.0,9963.0,51186000,11:13:06.000,reference_invalid_exit,closed,10231.0,10009.0,83.0,-46.0,37.0,0.0,37.0,2011.1000000000001,0.0,37.0,0.0
20260303-AP605-0228,20260303,AP605,AP604,long,51189000,11:13:09.000,normal_quote,normal_move_fill,interval_vwap,10144.0,51190000.0,9962.0,51191000,11:13:11.000,reversion_exit,closed,10235.0,10010.0,91.0,-48.0,43.0,0.0,43.0,2010.6000000000001,0.0,43.0,0.0
20260303-AP605-0229,20260303,AP605,AP604,long,51194000,11:13:14.000,normal_quote,normal_move_fill,interval_vwap,10146.0,51195000.0,9965.0,51196000,11:13:16.000,reversion_exit,closed,10229.0,10001.0,83.0,-36.0,47.0,0.0,47.0,2011.1,0.0,47.0,0.0
20260303-AP605-0230,20260303,AP605,AP604,long,51199000,11:13:19.000,normal_quote,normal_move_fill,interval_vwap,10131.0,51200000.0,9940.0,51201000,11:13:21.000,reference_invalid_exit,closed,10215.0,9993.0,84.0,-53.0,31.0,0.0,31.0,2007.1,0.0,31.0,0.0
20260303-AP605-0231,20260303,AP605,AP604,long,51204000,11:13:24.000,normal_quote,normal_move_fill,interval_vwap,10129.0,51205000.0,9945.0,51206000,11:13:26.000,reversion_exit,closed,10214.0,9989.0,85.0,-44.0,41.0,0.0,41.0,2007.4,0.0,41.0,0.0
20260303-AP605-0232,20260303,AP605,AP604,long,51209000,11:13:29.000,normal_quote,normal_move_fill,interval_vwap,10121.0,51210000.0,9936.0,51211000,11:13:31.000,reversion_exit,closed,10205.0,9980.0,84.0,-44.0,40.0,0.0,40.0,2005.7,0.0,40.0,0.0
20260303-AP605-0233,20260303,AP605,AP604,long,51214000,11:13:34.000,normal_quote,normal_move_fill,interval_vwap,10116.0,51215000.0,9941.0,51216000,11:13:36.000,reversion_exit,closed,10212.0,9981.0,96.0,-40.0,56.0,0.0,56.0,2005.7,0.0,56.0,0.0
20260303-AP605-0234,20260303,AP605,AP604,long,51219000,11:13:39.000,normal_quote,normal_move_fill,interval_vwap,10125.0,51220000.0,9940.0,51221000,11:13:41.000,reference_invalid_exit,closed,10215.0,9951.0,90.0,-11.0,79.0,0.0,79.0,2006.5,0.0,79.0,0.0
20260303-AP605-0235,20260303,AP605,AP604,long,51224000,11:13:44.000,normal_quote,normal_move_fill,interval_vwap,10133.0,51225000.0,9937.0,51226000,11:13:46.000,reference_invalid_exit,closed,10208.0,9951.0,75.0,-14.0,61.0,0.0,61.0,2007.0,0.0,61.0,0.0
20260303-AP605-0236,20260303,AP605,AP604,long,51229000,11:13:49.000,normal_quote,normal_move_fill,interval_vwap,10129.0,51230000.0,9937.0,51231000,11:13:51.000,reversion_exit,closed,10213.0,9981.0,84.0,-44.0,40.0,0.0,40.0,2006.6000000000001,0.0,40.0,0.0
20260303-AP605-0237,20260303,AP605,AP604,long,51234000,11:13:54.000,normal_quote,normal_move_fill,interval_vwap,10125.0,51235000.0,9936.0,51236000,11:13:56.000,reversion_exit,closed,10208.0,9977.0,83.0,-41.0,42.0,0.0,42.0,2006.1,0.0,42.0,0.0
20260303-AP605-0238,20260303,AP605,AP604,long,51239000,11:13:59.000,normal_quote,normal_move_fill,interval_vwap,10121.0,51240000.0,9944.0,51241000,11:14:01.000,reversion_exit,closed,10210.0,9979.0,89.0,-35.0,54.0,0.0,54.0,2006.5,0.0,54.0,0.0
20260303-AP605-0239,20260303,AP605,AP604,long,51244000,11:14:04.000,normal_quote,normal_move_fill,interval_vwap,10126.0,51245000.0,9945.0,51246000,11:14:06.000,reversion_exit,closed,10221.0,9991.0,95.0,-46.0,49.0,0.0,49.0,2007.1,0.0,49.0,0.0
20260303-AP605-0240,20260303,AP605,AP604,long,51249000,11:14:09.000,normal_quote,normal_move_fill,interval_vwap,10131.0,51250000.0,9952.0,51251000,11:14:11.000,reversion_exit,closed,10228.0,9996.0,97.0,-44.0,53.0,0.0,53.0,2008.3000000000002,0.0,53.0,0.0
20260303-AP605-0241,20260303,AP605,AP604,long,51254000,11:14:14.000,normal_quote,normal_move_fill,interval_vwap,10133.0,51255000.0,9950.0,51256000,11:14:16.000,reversion_exit,closed,10230.0,9999.0,97.0,-49.0,48.0,0.0,48.0,2008.3000000000002,0.0,48.0,0.0
20260303-AP605-0242,20260303,AP605,AP604,long,51259000,11:14:19.000,normal_quote,normal_move_fill,interval_vwap,10128.0,51260000.0,9946.0,51261000,11:14:21.000,reversion_exit,closed,10207.0,9976.0,79.0,-30.0,49.0,0.0,49.0,2007.4,0.0,49.0,0.0
20260303-AP605-0243,20260303,AP605,AP604,long,51264000,11:14:24.000,normal_quote,normal_move_fill,interval_vwap,10121.0,51265000.0,9955.0,51266000,11:14:26.000,reversion_exit,closed,10201.0,9972.0,80.0,-17.0,63.0,0.0,63.0,2007.6,0.0,63.0,0.0
20260303-AP605-0244,20260303,AP605,AP604,long,51269000,11:14:29.000,normal_quote,normal_move_fill,interval_vwap,10120.0,51270000.0,9955.0,51271000,11:14:31.000,reversion_exit,closed,10208.0,9981.0,88.0,-26.0,62.0,0.0,62.0,2007.5,0.0,62.0,0.0
20260303-AP605-0245,20260303,AP605,AP604,long,51274000,11:14:34.000,normal_quote,normal_move_fill,interval_vwap,10129.0,51275000.0,9970.0,51276000,11:14:36.000,reference_invalid_exit,closed,10206.0,9979.0,77.0,-9.0,68.0,0.0,68.0,2009.9,0.0,68.0,0.0
20260303-AP605-0246,20260303,AP605,AP604,long,51279000,11:14:39.000,normal_quote,normal_move_fill,interval_vwap,10120.0,51280000.0,9955.0,51281000,11:14:41.000,reversion_exit,closed,10202.0,9978.0,82.0,-23.0,59.0,0.0,59.0,2007.5,0.0,59.0,0.0
20260303-AP605-0247,20260303,AP605,AP604,long,51284000,11:14:44.000,normal_quote,normal_move_fill,interval_vwap,10117.0,51285000.0,9955.0,51286000,11:14:46.000,reference_invalid_exit,closed,10206.0,9982.0,89.0,-27.0,62.0,0.0,62.0,2007.2,0.0,62.0,0.0
20260303-AP605-0248,20260303,AP605,AP604,long,51289000,11:14:49.000,normal_quote,normal_move_fill,interval_vwap,10120.0,51290000.0,9974.0,51291000,11:14:51.000,reference_invalid_exit,closed,10201.0,9979.0,81.0,-5.0,76.0,0.0,76.0,2009.4,0.0,76.0,0.0
20260303-AP605-0249,20260303,AP605,AP604,long,51294000,11:14:54.000,normal_quote,normal_move_fill,interval_vwap,10121.0,51295000.0,9975.0,51296000,11:14:56.000,reference_invalid_exit,closed,10209.0,9992.0,88.0,-17.0,71.0,0.0,71.0,2009.6,0.0,71.0,0.0
20260303-AP605-0250,20260303,AP605,AP604,long,51299000,11:14:59.000,normal_quote,normal_move_fill,interval_vwap,10133.0,51300000.0,9975.0,51301000,11:15:01.000,reference_invalid_exit,closed,10222.0,10002.0,89.0,-27.0,62.0,0.0,62.0,2010.8000000000002,0.0,62.0,0.0
20260303-AP605-0251,20260303,AP605,AP604,long,51304000,11:15:04.000,normal_quote,normal_move_fill,interval_vwap,10128.0,51305000.0,9975.0,51306000,11:15:06.000,reference_invalid_exit,closed,10201.0,9983.0,73.0,-8.0,65.0,0.0,65.0,2010.3000000000002,0.0,65.0,0.0
20260303-AP605-0252,20260303,AP605,AP604,long,51309000,11:15:09.000,normal_quote,normal_move_fill,interval_vwap,10119.0,51310000.0,9974.0,51311000,11:15:11.000,reference_invalid_exit,closed,10193.0,9980.0,74.0,-6.0,68.0,0.0,68.0,2009.3000000000002,0.0,68.0,0.0
20260303-AP605-0253,20260303,AP605,AP604,long,51314000,11:15:14.000,normal_quote,normal_move_fill,interval_vwap,10102.0,51315000.0,9970.0,51316000,11:15:16.000,reference_invalid_exit,closed,10184.0,9976.0,82.0,-6.0,76.0,0.0,76.0,2007.2,0.0,76.0,0.0
20260303-AP605-0254,20260303,AP605,AP604,long,51319000,11:15:19.000,normal_quote,normal_move_fill,interval_vwap,10105.0,51320000.0,9970.0,51321000,11:15:21.000,reference_invalid_exit,closed,10197.0,9987.0,92.0,-17.0,75.0,0.0,75.0,2007.5,0.0,75.0,0.0
20260303-AP605-0255,20260303,AP605,AP604,long,51325000,11:15:25.000,normal_quote,normal_move_fill,interval_vwap,10109.0,51326000.0,9970.0,51327000,11:15:27.000,reference_invalid_exit,closed,10189.0,9979.0,80.0,-9.0,71.0,0.0,71.0,2007.9,0.0,71.0,0.0
20260303-AP605-0256,20260303,AP605,AP604,long,51330000,11:15:30.000,normal_quote,normal_move_fill,interval_vwap,10102.0,51331000.0,9955.0,51332000,11:15:32.000,reference_invalid_exit,closed,10170.0,9963.0,68.0,-8.0,60.0,0.0,60.0,2005.7,0.0,60.0,0.0
20260303-AP605-0257,20260303,AP605,AP604,long,51335000,11:15:35.000,normal_quote,normal_move_fill,interval_vwap,10085.0,51336000.0,9900.0,51337000,11:15:37.000,reference_invalid_exit,closed,10161.0,9953.0,76.0,-53.0,23.0,0.0,23.0,1998.5,0.0,23.0,0.0
20260303-AP605-0258,20260303,AP605,AP604,long,51340000,11:15:40.000,normal_quote,normal_move_fill,interval_vwap,10083.0,51341000.0,9898.0,51342000,11:15:42.000,reference_invalid_exit,closed,10159.0,9951.0,76.0,-53.0,23.0,0.0,23.0,1998.1000000000001,0.0,23.0,0.0
20260303-AP605-0259,20260303,AP605,AP604,long,51345000,11:15:45.000,normal_quote,normal_move_fill,interval_vwap,10082.0,51346000.0,9912.0,51347000,11:15:47.000,reference_invalid_exit,closed,10172.0,9965.0,90.0,-53.0,37.0,0.0,37.0,1999.4,0.0,37.0,0.0
20260303-AP605-0260,20260303,AP605,AP604,long,51350000,11:15:50.000,normal_quote,normal_move_fill,interval_vwap,10091.0,51351000.0,9919.0,51352000,11:15:52.000,reference_invalid_exit,closed,10164.0,9956.0,73.0,-37.0,36.0,0.0,36.0,2001.0,0.0,36.0,0.0
20260303-AP605-0261,20260303,AP605,AP604,long,51355000,11:15:55.000,normal_quote,normal_move_fill,interval_vwap,10087.0,51356000.0,9919.0,51357000,11:15:57.000,reference_invalid_exit,closed,10162.0,9955.0,75.0,-36.0,39.0,0.0,39.0,2000.6000000000001,0.0,39.0,0.0
20260303-AP605-0262,20260303,AP605,AP604,long,51360000,11:16:00.000,normal_quote,normal_move_fill,interval_vwap,10086.0,51361000.0,9919.0,51362000,11:16:02.000,reference_invalid_exit,closed,10172.0,9966.0,86.0,-47.0,39.0,0.0,39.0,2000.5,0.0,39.0,0.0
20260303-AP605-0263,20260303,AP605,AP604,long,51365000,11:16:05.000,normal_quote,normal_move_fill,interval_vwap,10087.0,51366000.0,9920.0,51367000,11:16:07.000,reference_invalid_exit,closed,10173.0,9966.0,86.0,-46.0,40.0,0.0,40.0,2000.7,0.0,40.0,0.0
20260303-AP605-0264,20260303,AP605,AP604,long,51370000,11:16:10.000,normal_quote,normal_move_fill,interval_vwap,10088.0,51371000.0,9920.0,51372000,11:16:12.000,reference_invalid_exit,closed,10169.0,9961.0,81.0,-41.0,40.0,0.0,40.0,2000.8000000000002,0.0,40.0,0.0
20260303-AP605-0265,20260303,AP605,AP604,long,51375000,11:16:15.000,normal_quote,normal_move_fill,interval_vwap,10088.0,51376000.0,9910.0,51377000,11:16:17.000,reference_invalid_exit,closed,10169.0,9963.0,81.0,-53.0,28.0,0.0,28.0,1999.8000000000002,0.0,28.0,0.0
20260303-AP605-0266,20260303,AP605,AP604,long,51380000,11:16:20.000,normal_quote,normal_move_fill,interval_vwap,10084.0,51381000.0,9906.0,51382000,11:16:22.000,reference_invalid_exit,closed,10164.0,9959.0,80.0,-53.0,27.0,0.0,27.0,1999.0,0.0,27.0,0.0
20260303-AP605-0267,20260303,AP605,AP604,long,51385000,11:16:25.000,normal_quote,normal_move_fill,interval_vwap,10081.0,51386000.0,9905.0,51387000,11:16:27.000,reversion_exit,closed,10162.0,9954.0,81.0,-49.0,32.0,0.0,32.0,1998.6,0.0,32.0,0.0
20260303-AP605-0268,20260303,AP605,AP604,long,51390000,11:16:30.000,normal_quote,normal_move_fill,interval_vwap,10081.0,51391000.0,9906.0,51392000,11:16:32.000,reference_invalid_exit,closed,10167.0,9961.0,86.0,-55.0,31.0,0.0,31.0,1998.7,0.0,31.0,0.0
20260303-AP605-0269,20260303,AP605,AP604,long,51395000,11:16:35.000,normal_quote,normal_move_fill,interval_vwap,10083.0,51396000.0,9912.0,51397000,11:16:37.000,reversion_exit,closed,10174.0,9961.0,91.0,-49.0,42.0,0.0,42.0,1999.5,0.0,42.0,0.0
20260303-AP605-0270,20260303,AP605,AP604,long,51400000,11:16:40.000,normal_quote,normal_move_fill,interval_vwap,10091.0,51401000.0,9928.0,51402000,11:16:42.000,reversion_exit,closed,10194.0,9961.0,103.0,-33.0,70.0,0.0,70.0,2001.9,0.0,70.0,0.0
20260303-AP605-0271,20260303,AP605,AP604,long,51405000,11:16:45.000,normal_quote,normal_move_fill,interval_vwap,10100.0,51406000.0,9931.0,51407000,11:16:47.000,reversion_exit,closed,10189.0,9961.0,89.0,-30.0,59.0,0.0,59.0,2003.1,0.0,59.0,0.0
20260303-AP605-0272,20260303,AP605,AP604,long,51410000,11:16:50.000,normal_quote,normal_move_fill,interval_vwap,10103.0,51411000.0,9930.0,51412000,11:16:52.000,reversion_exit,closed,10191.0,9961.0,88.0,-31.0,57.0,0.0,57.0,2003.3000000000002,0.0,57.0,0.0
20260303-AP605-0273,20260303,AP605,AP604,long,51415000,11:16:55.000,normal_quote,normal_move_fill,interval_vwap,10101.0,51416000.0,9930.0,51417000,11:16:57.000,reversion_exit,closed,10189.0,9961.0,88.0,-31.0,57.0,0.0,57.0,2003.1,0.0,57.0,0.0
20260303-AP605-0274,20260303,AP605,AP604,long,51420000,11:17:00.000,normal_quote,normal_move_fill,interval_vwap,10097.0,51421000.0,9928.0,51422000,11:17:02.000,reversion_exit,closed,10188.0,9961.0,91.0,-33.0,58.0,0.0,58.0,2002.5,0.0,58.0,0.0
20260303-AP605-0275,20260303,AP605,AP604,long,51425000,11:17:05.000,normal_quote,normal_move_fill,interval_vwap,10099.0,51426000.0,9918.0,51427000,11:17:07.000,reversion_exit,closed,10174.0,9957.0,75.0,-39.0,36.0,0.0,36.0,2001.7000000000003,0.0,36.0,0.0
20260303-AP605-0276,20260303,AP605,AP604,long,51430000,11:17:10.000,normal_quote,normal_move_fill,interval_vwap,10092.0,51431000.0,9916.0,51432000,11:17:12.000,reversion_exit,closed,10174.0,9960.0,82.0,-44.0,38.0,0.0,38.0,2000.8000000000002,0.0,38.0,0.0
20260303-AP605-0277,20260303,AP605,AP604,long,51435000,11:17:15.000,normal_quote,normal_move_fill,interval_vwap,10092.0,51436000.0,9915.0,51437000,11:17:17.000,reversion_exit,closed,10171.0,9954.0,79.0,-39.0,40.0,0.0,40.0,2000.7,0.0,40.0,0.0
20260303-AP605-0278,20260303,AP605,AP604,long,51440000,11:17:20.000,normal_quote,normal_move_fill,interval_vwap,10091.0,51441000.0,9911.0,51442000,11:17:22.000,reversion_exit,closed,10170.0,9956.0,79.0,-45.0,34.0,0.0,34.0,2000.2,0.0,34.0,0.0
20260303-AP605-0279,20260303,AP605,AP604,long,51445000,11:17:25.000,normal_quote,normal_move_fill,interval_vwap,10095.0,51446000.0,9908.0,51447000,11:17:27.000,reversion_exit,closed,10167.0,9952.0,72.0,-44.0,28.0,0.0,28.0,2000.3000000000002,0.0,28.0,0.0
20260303-AP605-0280,20260303,AP605,AP604,long,51450000,11:17:30.000,normal_quote,normal_move_fill,interval_vwap,10090.0,51451000.0,9908.0,51452000,11:17:32.000,reversion_exit,closed,10166.0,9949.0,76.0,-41.0,35.0,0.0,35.0,1999.8000000000002,0.0,35.0,0.0
20260303-AP605-0281,20260303,AP605,AP604,long,51455000,11:17:35.000,normal_quote,normal_move_fill,interval_vwap,10090.0,51456000.0,9911.0,51457000,11:17:37.000,reversion_exit,closed,10172.0,9955.0,82.0,-44.0,38.0,0.0,38.0,2000.1,0.0,38.0,0.0
20260303-AP605-0282,20260303,AP605,AP604,long,51460000,11:17:40.000,normal_quote,normal_move_fill,interval_vwap,10093.0,51461000.0,9916.0,51463000,11:17:43.000,reference_invalid_exit,closed,10175.0,9955.0,82.0,-39.0,43.0,0.0,43.0,2000.9,0.0,43.0,0.0
20260303-AP605-0283,20260303,AP605,AP604,long,51466000,11:17:46.000,normal_quote,normal_move_fill,interval_vwap,10095.0,51467000.0,9920.0,51468000,11:17:48.000,reversion_exit,closed,10181.0,9955.0,86.0,-35.0,51.0,0.0,51.0,2001.5,0.0,51.0,0.0
20260303-AP605-0284,20260303,AP605,AP604,long,51471000,11:17:51.000,normal_quote,normal_move_fill,interval_vwap,10097.0,51472000.0,9920.0,51473000,11:17:53.000,reversion_exit,closed,10179.0,9955.0,82.0,-35.0,47.0,0.0,47.0,2001.7,0.0,47.0,0.0
20260303-AP605-0285,20260303,AP605,AP604,long,51476000,11:17:56.000,normal_quote,normal_move_fill,interval_vwap,10098.0,51477000.0,9922.0,51478000,11:17:58.000,reversion_exit,closed,10184.0,9955.0,86.0,-33.0,53.0,0.0,53.0,2002.0,0.0,53.0,0.0
20260303-AP605-0286,20260303,AP605,AP604,long,51481000,11:18:01.000,normal_quote,normal_move_fill,interval_vwap,10095.0,51482000.0,9916.0,51483000,11:18:03.000,reversion_exit,closed,10171.0,9955.0,76.0,-39.0,37.0,0.0,37.0,2001.1,0.0,37.0,0.0
20260303-AP605-0287,20260303,AP605,AP604,long,51486000,11:18:06.000,normal_quote,normal_move_fill,interval_vwap,10089.0,51487000.0,9908.0,51488000,11:18:08.000,reversion_exit,closed,10171.0,9954.0,82.0,-46.0,36.0,0.0,36.0,1999.7000000000003,0.0,36.0,0.0
20260303-AP605-0288,20260303,AP605,AP604,long,51491000,11:18:11.000,normal_quote,normal_move_fill,interval_vwap,10092.0,51492000.0,9923.0,51493000,11:18:13.000,reversion_exit,closed,10187.0,9955.0,95.0,-32.0,63.0,0.0,63.0,2001.5,0.0,63.0,0.0
20260303-AP605-0289,20260303,AP605,AP604,long,51496000,11:18:16.000,normal_quote,normal_move_fill,interval_vwap,10104.0,51497000.0,9936.0,51498000,11:18:18.000,reversion_exit,closed,10194.0,9961.0,90.0,-25.0,65.0,0.0,65.0,2004.0,0.0,65.0,0.0
20260303-AP605-0290,20260303,AP605,AP604,long,51501000,11:18:21.000,normal_quote,normal_move_fill,interval_vwap,10108.0,51502000.0,9936.0,51503000,11:18:23.000,reversion_exit,closed,10196.0,9961.0,88.0,-25.0,63.0,0.0,63.0,2004.4,0.0,63.0,0.0
20260303-AP605-0291,20260303,AP605,AP604,long,51506000,11:18:26.000,normal_quote,normal_move_fill,interval_vwap,10110.0,51507000.0,9948.0,51508000,11:18:28.000,reversion_exit,closed,10201.0,9961.0,91.0,-13.0,78.0,0.0,78.0,2005.8000000000002,0.0,78.0,0.0
20260303-AP605-0292,20260303,AP605,AP604,long,51511000,11:18:31.000,normal_quote,normal_move_fill,interval_vwap,10111.0,51512000.0,9941.0,51513000,11:18:33.000,reversion_exit,closed,10205.0,9961.0,94.0,-20.0,74.0,0.0,74.0,2005.2,0.0,74.0,0.0
20260303-AP605-0293,20260303,AP605,AP604,long,51516000,11:18:36.000,normal_quote,normal_move_fill,interval_vwap,10106.0,51517000.0,9937.0,51518000,11:18:38.000,reversion_exit,closed,10196.0,9961.0,90.0,-24.0,66.0,0.0,66.0,2004.3000000000002,0.0,66.0,0.0
20260303-AP605-0294,20260303,AP605,AP604,long,51521000,11:18:41.000,normal_quote,normal_move_fill,interval_vwap,10105.0,51522000.0,9935.0,51523000,11:18:43.000,reversion_exit,closed,10198.0,9961.0,93.0,-26.0,67.0,0.0,67.0,2004.0,0.0,67.0,0.0
20260303-AP605-0295,20260303,AP605,AP604,long,51526000,11:18:46.000,normal_quote,normal_move_fill,interval_vwap,10104.0,51527000.0,9930.0,51528000,11:18:48.000,reversion_exit,closed,10197.0,9973.0,93.0,-43.0,50.0,0.0,50.0,2003.4,0.0,50.0,0.0
20260303-AP605-0296,20260303,AP605,AP604,long,51531000,11:18:51.000,normal_quote,normal_move_fill,interval_vwap,10106.0,51532000.0,9931.0,51533000,11:18:53.000,reversion_exit,closed,10192.0,9965.0,86.0,-34.0,52.0,0.0,52.0,2003.7,0.0,52.0,0.0
20260303-AP605-0297,20260303,AP605,AP604,long,51536000,11:18:56.000,normal_quote,normal_move_fill,interval_vwap,10101.0,51537000.0,9928.0,51538000,11:18:58.000,reference_invalid_exit,closed,10182.0,9961.0,81.0,-33.0,48.0,0.0,48.0,2002.9,0.0,48.0,0.0
20260303-AP605-0298,20260303,AP605,AP604,long,51541000,11:19:01.000,normal_quote,normal_move_fill,interval_vwap,10095.0,51542000.0,9920.0,51543000,11:19:03.000,reversion_exit,closed,10182.0,9957.0,87.0,-37.0,50.0,0.0,50.0,2001.5,0.0,50.0,0.0
20260303-AP605-0299,20260303,AP605,AP604,long,51546000,11:19:06.000,normal_quote,normal_move_fill,interval_vwap,10099.0,51547000.0,9925.0,51548000,11:19:08.000,reversion_exit,closed,10187.0,9960.0,88.0,-35.0,53.0,0.0,53.0,2002.4,0.0,53.0,0.0
20260303-AP605-0300,20260303,AP605,AP604,long,51551000,11:19:11.000,normal_quote,normal_move_fill,interval_vwap,10097.0,51552000.0,9922.0,51553000,11:19:13.000,reversion_exit,closed,10188.0,9961.0,91.0,-39.0,52.0,0.0,52.0,2001.9,0.0,52.0,0.0
20260303-AP605-0301,20260303,AP605,AP604,long,51556000,11:19:16.000,normal_quote,normal_move_fill,interval_vwap,10099.0,51557000.0,9927.0,51558000,11:19:18.000,reversion_exit,closed,10191.0,9965.0,92.0,-38.0,54.0,0.0,54.0,2002.6000000000001,0.0,54.0,0.0
20260303-AP605-0302,20260303,AP605,AP604,long,51561000,11:19:21.000,normal_quote,normal_move_fill,interval_vwap,10105.0,51562000.0,9934.0,51563000,11:19:23.000,reversion_exit,closed,10195.0,9970.0,90.0,-36.0,54.0,0.0,54.0,2003.9,0.0,54.0,0.0
20260303-AP605-0303,20260303,AP605,AP604,long,51566000,11:19:26.000,normal_quote,normal_move_fill,interval_vwap,10110.0,51567000.0,9939.0,51568000,11:19:28.000,reversion_exit,closed,10198.0,9971.0,88.0,-32.0,56.0,0.0,56.0,2004.9,0.0,56.0,0.0
20260303-AP605-0304,20260303,AP605,AP604,long,51571000,11:19:31.000,normal_quote,normal_move_fill,interval_vwap,10107.0,51572000.0,9936.0,51573000,11:19:33.000,reversion_exit,closed,10195.0,9968.0,88.0,-32.0,56.0,0.0,56.0,2004.3000000000002,0.0,56.0,0.0
20260303-AP605-0305,20260303,AP605,AP604,long,51576000,11:19:36.000,normal_quote,normal_move_fill,interval_vwap,10108.0,51577000.0,9937.0,51578000,11:19:38.000,reversion_exit,closed,10200.0,9968.0,92.0,-31.0,61.0,0.0,61.0,2004.5,0.0,61.0,0.0
20260303-AP605-0306,20260303,AP605,AP604,long,51581000,11:19:41.000,normal_quote,normal_move_fill,interval_vwap,10113.0,51582000.0,9941.0,51583000,11:19:43.000,reversion_exit,closed,10197.0,9968.0,84.0,-27.0,57.0,0.0,57.0,2005.4,0.0,57.0,0.0
20260303-AP605-0307,20260303,AP605,AP604,long,51586000,11:19:46.000,normal_quote,normal_move_fill,interval_vwap,10109.0,51587000.0,9937.0,51588000,11:19:48.000,reversion_exit,closed,10196.0,9968.0,87.0,-31.0,56.0,0.0,56.0,2004.6000000000001,0.0,56.0,0.0
20260303-AP605-0308,20260303,AP605,AP604,long,51591000,11:19:51.000,normal_quote,normal_move_fill,interval_vwap,10110.0,51592000.0,9941.0,51593000,11:19:53.000,reversion_exit,closed,10201.0,9968.0,91.0,-27.0,64.0,0.0,64.0,2005.1,0.0,64.0,0.0
20260303-AP605-0309,20260303,AP605,AP604,long,51596000,11:19:56.000,normal_quote,normal_move_fill,interval_vwap,10113.0,51597000.0,9940.0,51598000,11:19:58.000,reversion_exit,closed,10196.0,9968.0,83.0,-28.0,55.0,0.0,55.0,2005.3000000000002,0.0,55.0,0.0
20260303-AP605-0310,20260303,AP605,AP604,long,51601000,11:20:01.000,normal_quote,normal_move_fill,interval_vwap,10110.0,51602000.0,9935.0,51603000,11:20:03.000,reversion_exit,closed,10194.0,9968.0,84.0,-33.0,51.0,0.0,51.0,2004.5,0.0,51.0,0.0
20260303-AP605-0311,20260303,AP605,AP604,long,51606000,11:20:06.000,normal_quote,normal_move_fill,interval_vwap,10106.0,51607000.0,9925.0,51608000,11:20:08.000,reversion_exit,closed,10185.0,9960.0,79.0,-35.0,44.0,0.0,44.0,2003.1,0.0,44.0,0.0
20260303-AP605-0312,20260303,AP605,AP604,long,51611000,11:20:11.000,normal_quote,normal_move_fill,interval_vwap,10104.0,51612000.0,9925.0,51613000,11:20:13.000,reversion_exit,closed,10190.0,9963.0,86.0,-38.0,48.0,0.0,48.0,2002.9,0.0,48.0,0.0
20260303-AP605-0313,20260303,AP605,AP604,long,51616000,11:20:16.000,normal_quote,normal_move_fill,interval_vwap,10103.0,51617000.0,9927.0,51618000,11:20:18.000,reversion_exit,closed,10188.0,9963.0,85.0,-36.0,49.0,0.0,49.0,2003.0,0.0,49.0,0.0
20260303-AP605-0314,20260303,AP605,AP604,long,51621000,11:20:21.000,normal_quote,normal_move_fill,interval_vwap,10108.0,51622000.0,9925.0,51623000,11:20:23.000,reversion_exit,closed,10184.0,9957.0,76.0,-32.0,44.0,0.0,44.0,2003.3000000000002,0.0,44.0,0.0
20260303-AP605-0315,20260303,AP605,AP604,long,51626000,11:20:26.000,normal_quote,normal_move_fill,interval_vwap,10101.0,51627000.0,9925.0,51628000,11:20:28.000,reversion_exit,closed,10186.0,9959.0,85.0,-34.0,51.0,0.0,51.0,2002.6,0.0,51.0,0.0
20260303-AP605-0316,20260303,AP605,AP604,long,51631000,11:20:31.000,normal_quote,normal_move_fill,interval_vwap,10106.0,51632000.0,9924.0,51635000,11:20:35.000,reference_invalid_exit,closed,10181.0,9957.0,75.0,-33.0,42.0,0.0,42.0,2003.0,0.0,42.0,0.0
20260303-AP605-0317,20260303,AP605,AP604,long,51638000,11:20:38.000,normal_quote,normal_move_fill,interval_vwap,10099.0,51639000.0,9922.0,51640000,11:20:40.000,reversion_exit,closed,10180.0,9954.0,81.0,-32.0,49.0,0.0,49.0,2002.1000000000001,0.0,49.0,0.0
20260303-AP605-0318,20260303,AP605,AP604,long,51643000,11:20:43.000,normal_quote,normal_move_fill,interval_vwap,10099.0,51644000.0,9918.0,51645000,11:20:45.000,reversion_exit,closed,10178.0,9950.0,79.0,-32.0,47.0,0.0,47.0,2001.7000000000003,0.0,47.0,0.0
20260303-AP605-0319,20260303,AP605,AP604,long,51648000,11:20:48.000,normal_quote,normal_move_fill,interval_vwap,10097.0,51649000.0,9917.0,51650000,11:20:50.000,reversion_exit,closed,10177.0,9950.0,80.0,-33.0,47.0,0.0,47.0,2001.4,0.0,47.0,0.0
20260303-AP605-0320,20260303,AP605,AP604,long,51653000,11:20:53.000,normal_quote,normal_move_fill,interval_vwap,10093.0,51654000.0,9922.0,51655000,11:20:55.000,reversion_exit,closed,10181.0,9956.0,88.0,-34.0,54.0,0.0,54.0,2001.5,0.0,54.0,0.0
20260303-AP605-0321,20260303,AP605,AP604,long,51658000,11:20:58.000,normal_quote,normal_move_fill,interval_vwap,10100.0,51659000.0,9920.0,51660000,11:21:00.000,reversion_exit,closed,10178.0,9951.0,78.0,-31.0,47.0,0.0,47.0,2002.0,0.0,47.0,0.0
20260303-AP605-0322,20260303,AP605,AP604,long,51663000,11:21:03.000,normal_quote,normal_move_fill,interval_vwap,10105.0,51664000.0,9922.0,51665000,11:21:05.000,reversion_exit,closed,10179.0,9952.0,74.0,-30.0,44.0,0.0,44.0,2002.7,0.0,44.0,0.0
20260303-AP605-0323,20260303,AP605,AP604,long,51668000,11:21:08.000,normal_quote,normal_move_fill,interval_vwap,10103.0,51669000.0,9927.0,51670000,11:21:10.000,reversion_exit,closed,10185.0,9961.0,82.0,-34.0,48.0,0.0,48.0,2003.0,0.0,48.0,0.0
20260303-AP605-0324,20260303,AP605,AP604,long,51673000,11:21:13.000,normal_quote,normal_move_fill,interval_vwap,10105.0,51674000.0,9929.0,51675000,11:21:15.000,reversion_exit,closed,10193.0,9966.0,88.0,-37.0,51.0,0.0,51.0,2003.4,0.0,51.0,0.0
20260303-AP605-0325,20260303,AP605,AP604,long,51678000,11:21:18.000,normal_quote,normal_move_fill,interval_vwap,10111.0,51679000.0,9936.0,51680000,11:21:20.000,reversion_exit,closed,10198.0,9968.0,87.0,-32.0,55.0,0.0,55.0,2004.7,0.0,55.0,0.0
20260303-AP605-0326,20260303,AP605,AP604,long,51683000,11:21:23.000,normal_quote,normal_move_fill,interval_vwap,10118.0,51684000.0,9936.0,51685000,11:21:25.000,reversion_exit,closed,10196.0,9968.0,78.0,-32.0,46.0,0.0,46.0,2005.4,0.0,46.0,0.0
20260303-AP605-0327,20260303,AP605,AP604,long,51688000,11:21:28.000,normal_quote,normal_move_fill,interval_vwap,10121.0,51689000.0,9943.0,51690000,11:21:30.000,reversion_exit,closed,10201.0,9968.0,80.0,-25.0,55.0,0.0,55.0,2006.4,0.0,55.0,0.0
20260303-AP605-0328,20260303,AP605,AP604,long,51693000,11:21:33.000,normal_quote,normal_move_fill,interval_vwap,10121.0,51694000.0,9944.0,51695000,11:21:35.000,reversion_exit,closed,10203.0,9968.0,82.0,-24.0,58.0,0.0,58.0,2006.5,0.0,58.0,0.0
20260303-AP605-0329,20260303,AP605,AP604,long,51698000,11:21:38.000,normal_quote,normal_move_fill,interval_vwap,10119.0,51699000.0,9940.0,51700000,11:21:40.000,reversion_exit,closed,10204.0,9968.0,85.0,-28.0,57.0,0.0,57.0,2005.9,0.0,57.0,0.0
20260303-AP605-0330,20260303,AP605,AP604,long,51703000,11:21:43.000,normal_quote,normal_move_fill,interval_vwap,10118.0,51704000.0,9942.0,51705000,11:21:45.000,reversion_exit,closed,10201.0,9968.0,83.0,-26.0,57.0,0.0,57.0,2006.0,0.0,57.0,0.0
20260303-AP605-0331,20260303,AP605,AP604,long,51708000,11:21:48.000,normal_quote,normal_move_fill,interval_vwap,10117.0,51709000.0,9941.0,51710000,11:21:50.000,reversion_exit,closed,10202.0,9968.0,85.0,-27.0,58.0,0.0,58.0,2005.8000000000002,0.0,58.0,0.0
20260303-AP605-0332,20260303,AP605,AP604,long,51713000,11:21:53.000,normal_quote,normal_move_fill,interval_vwap,10119.0,51714000.0,9946.0,51715000,11:21:55.000,reversion_exit,closed,10205.0,9968.0,86.0,-22.0,64.0,0.0,64.0,2006.5,0.0,64.0,0.0
20260303-AP605-0333,20260303,AP605,AP604,long,51718000,11:21:58.000,normal_quote,normal_move_fill,interval_vwap,10125.0,51719000.0,9956.0,51720000,11:22:00.000,reversion_exit,closed,10216.0,9990.0,91.0,-34.0,57.0,0.0,57.0,2008.1,0.0,57.0,0.0
20260303-AP605-0334,20260303,AP605,AP604,long,51723000,11:22:03.000,normal_quote,normal_move_fill,interval_vwap,10137.0,51724000.0,9962.0,51725000,11:22:05.000,reversion_exit,closed,10224.0,9994.0,87.0,-32.0,55.0,0.0,55.0,2009.9,0.0,55.0,0.0
20260303-AP605-0335,20260303,AP605,AP604,long,51728000,11:22:08.000,normal_quote,normal_move_fill,interval_vwap,10144.0,51729000.0,9969.0,51730000,11:22:10.000,reversion_exit,closed,10227.0,9994.0,83.0,-25.0,58.0,0.0,58.0,2011.3000000000002,0.0,58.0,0.0
20260303-AP605-0336,20260303,AP605,AP604,long,51733000,11:22:13.000,normal_quote,normal_move_fill,interval_vwap,10141.0,51734000.0,9961.0,51735000,11:22:15.000,reversion_exit,closed,10223.0,9992.0,82.0,-31.0,51.0,0.0,51.0,2010.2,0.0,51.0,0.0
20260303-AP605-0337,20260303,AP605,AP604,long,51738000,11:22:18.000,normal_quote,normal_move_fill,interval_vwap,10140.0,51739000.0,9962.0,51740000,11:22:20.000,reversion_exit,closed,10224.0,9991.0,84.0,-29.0,55.0,0.0,55.0,2010.2,0.0,55.0,0.0
20260303-AP605-0338,20260303,AP605,AP604,long,51743000,11:22:23.000,normal_quote,normal_move_fill,interval_vwap,10141.0,51744000.0,9968.0,51745000,11:22:25.000,reversion_exit,closed,10232.0,9999.0,91.0,-31.0,60.0,0.0,60.0,2010.9,0.0,60.0,0.0
20260303-AP605-0339,20260303,AP605,AP604,long,51748000,11:22:28.000,normal_quote,normal_move_fill,interval_vwap,10148.0,51749000.0,9972.0,51750000,11:22:30.000,reversion_exit,closed,10232.0,9998.0,84.0,-26.0,58.0,0.0,58.0,2012.0,0.0,58.0,0.0
20260303-AP605-0340,20260303,AP605,AP604,long,51753000,11:22:33.000,normal_quote,normal_move_fill,interval_vwap,10146.0,51754000.0,9962.0,51755000,11:22:35.000,reversion_exit,closed,10221.0,9988.0,75.0,-26.0,49.0,0.0,49.0,2010.8000000000002,0.0,49.0,0.0
20260303-AP605-0341,20260303,AP605,AP604,long,51758000,11:22:38.000,normal_quote,normal_move_fill,interval_vwap,10143.0,51759000.0,9969.0,51760000,11:22:40.000,reversion_exit,closed,10232.0,9998.0,89.0,-29.0,60.0,0.0,60.0,2011.2000000000003,0.0,60.0,0.0
20260303-AP605-0342,20260303,AP605,AP604,long,51763000,11:22:43.000,normal_quote,normal_move_fill,interval_vwap,10146.0,51764000.0,9966.0,51765000,11:22:45.000,reversion_exit,closed,10228.0,9994.0,82.0,-28.0,54.0,0.0,54.0,2011.2,0.0,54.0,0.0
20260303-AP605-0343,20260303,AP605,AP604,long,51768000,11:22:48.000,normal_quote,normal_move_fill,interval_vwap,10146.0,51769000.0,9967.0,51770000,11:22:50.000,reversion_exit,closed,10231.0,9997.0,85.0,-30.0,55.0,0.0,55.0,2011.3000000000002,0.0,55.0,0.0
20260303-AP605-0344,20260303,AP605,AP604,long,51773000,11:22:53.000,normal_quote,normal_move_fill,interval_vwap,10147.0,51774000.0,9968.0,51775000,11:22:55.000,reversion_exit,closed,10228.0,9995.0,81.0,-27.0,54.0,0.0,54.0,2011.5,0.0,54.0,0.0
20260303-AP605-0345,20260303,AP605,AP604,long,51778000,11:22:58.000,normal_quote,normal_move_fill,interval_vwap,10147.0,51779000.0,9966.0,51780000,11:23:00.000,reversion_exit,closed,10230.0,9998.0,83.0,-32.0,51.0,0.0,51.0,2011.3000000000002,0.0,51.0,0.0
20260303-AP605-0346,20260303,AP605,AP604,long,51783000,11:23:03.000,normal_quote,normal_move_fill,interval_vwap,10147.0,51784000.0,9966.0,51785000,11:23:05.000,reversion_exit,closed,10227.0,9996.0,80.0,-30.0,50.0,0.0,50.0,2011.3000000000002,0.0,50.0,0.0
20260303-AP605-0347,20260303,AP605,AP604,long,51788000,11:23:08.000,normal_quote,normal_move_fill,interval_vwap,10141.0,51789000.0,9969.0,51790000,11:23:10.000,reversion_exit,closed,10230.0,9996.0,89.0,-27.0,62.0,0.0,62.0,2011.0,0.0,62.0,0.0
20260303-AP605-0348,20260303,AP605,AP604,long,51793000,11:23:13.000,normal_quote,normal_move_fill,interval_vwap,10140.0,51794000.0,9966.0,51795000,11:23:15.000,reversion_exit,closed,10228.0,9995.0,88.0,-29.0,59.0,0.0,59.0,2010.6,0.0,59.0,0.0
20260303-AP605-0349,20260303,AP605,AP604,long,51798000,11:23:18.000,normal_quote,normal_move_fill,interval_vwap,10142.0,51799000.0,9963.0,51800000,11:23:20.000,reversion_exit,closed,10225.0,9993.0,83.0,-30.0,53.0,0.0,53.0,2010.5,0.0,53.0,0.0
20260303-AP605-0350,20260303,AP605,AP604,long,51803000,11:23:23.000,normal_quote,normal_move_fill,interval_vwap,10135.0,51804000.0,9963.0,51805000,11:23:25.000,reversion_exit,closed,10225.0,9992.0,90.0,-29.0,61.0,0.0,61.0,2009.8000000000002,0.0,61.0,0.0
20260303-AP605-0351,20260303,AP605,AP604,long,51809000,11:23:29.000,normal_quote,normal_move_fill,interval_vwap,10137.0,51810000.0,9970.0,51811000,11:23:31.000,reference_invalid_exit,closed,10231.0,9999.0,94.0,-29.0,65.0,0.0,65.0,2010.7,0.0,65.0,0.0
20260303-AP605-0352,20260303,AP605,AP604,long,51814000,11:23:34.000,normal_quote,normal_move_fill,interval_vwap,10137.0,51815000.0,9965.0,51816000,11:23:36.000,reference_invalid_exit,closed,10225.0,9993.0,88.0,-28.0,60.0,0.0,60.0,2010.2,0.0,60.0,0.0
20260303-AP605-0353,20260303,AP605,AP604,long,51819000,11:23:39.000,normal_quote,normal_move_fill,interval_vwap,10141.0,51820000.0,9969.0,51821000,11:23:41.000,reference_invalid_exit,closed,10220.0,9986.0,79.0,-17.0,62.0,0.0,62.0,2011.0,0.0,62.0,0.0
20260303-AP605-0354,20260303,AP605,AP604,long,51824000,11:23:44.000,normal_quote,normal_move_fill,interval_vwap,10138.0,51825000.0,9969.0,51826000,11:23:46.000,reference_invalid_exit,closed,10217.0,9983.0,79.0,-14.0,65.0,0.0,65.0,2010.7000000000003,0.0,65.0,0.0
20260303-AP605-0355,20260303,AP605,AP604,long,51829000,11:23:49.000,normal_quote,normal_move_fill,interval_vwap,10135.0,51830000.0,9970.0,51831000,11:23:51.000,reference_invalid_exit,closed,10218.0,9987.0,83.0,-17.0,66.0,0.0,66.0,2010.5,0.0,66.0,0.0
20260303-AP605-0356,20260303,AP605,AP604,long,51834000,11:23:54.000,normal_quote,normal_move_fill,interval_vwap,10141.0,51835000.0,9970.0,51836000,11:23:56.000,reversion_exit,closed,10228.0,9994.0,87.0,-24.0,63.0,0.0,63.0,2011.1,0.0,63.0,0.0
20260303-AP605-0357,20260303,AP605,AP604,long,51839000,11:23:59.000,normal_quote,normal_move_fill,interval_vwap,10137.0,51840000.0,9970.0,51841000,11:24:01.000,reference_invalid_exit,closed,10220.0,9990.0,83.0,-20.0,63.0,0.0,63.0,2010.7,0.0,63.0,0.0
20260303-AP605-0358,20260303,AP605,AP604,long,51844000,11:24:04.000,normal_quote,normal_move_fill,interval_vwap,10131.0,51845000.0,9969.0,51846000,11:24:06.000,reference_invalid_exit,closed,10215.0,9985.0,84.0,-16.0,68.0,0.0,68.0,2010.0,0.0,68.0,0.0
20260303-AP605-0359,20260303,AP605,AP604,long,51849000,11:24:09.000,normal_quote,normal_move_fill,interval_vwap,10133.0,51850000.0,9969.0,51851000,11:24:11.000,reference_invalid_exit,closed,10217.0,9983.0,84.0,-14.0,70.0,0.0,70.0,2010.2000000000003,0.0,70.0,0.0
20260303-AP605-0360,20260303,AP605,AP604,long,51854000,11:24:14.000,normal_quote,normal_move_fill,interval_vwap,10134.0,51855000.0,9969.0,51856000,11:24:16.000,reversion_exit,closed,10219.0,9987.0,85.0,-18.0,67.0,0.0,67.0,2010.3000000000002,0.0,67.0,0.0
20260303-AP605-0361,20260303,AP605,AP604,long,51860000,11:24:20.000,normal_quote,normal_move_fill,interval_vwap,10138.0,51861000.0,9969.0,51862000,11:24:22.000,reversion_exit,closed,10227.0,9994.0,89.0,-25.0,64.0,0.0,64.0,2010.7000000000003,0.0,64.0,0.0
20260303-AP605-0362,20260303,AP605,AP604,long,51865000,11:24:25.000,normal_quote,normal_move_fill,interval_vwap,10141.0,51866000.0,9969.0,51867000,11:24:27.000,reversion_exit,closed,10229.0,9997.0,88.0,-28.0,60.0,0.0,60.0,2011.0,0.0,60.0,0.0
20260303-AP605-0363,20260303,AP605,AP604,long,51870000,11:24:30.000,normal_quote,normal_move_fill,interval_vwap,10141.0,51871000.0,9969.0,51872000,11:24:32.000,reversion_exit,closed,10227.0,9993.0,86.0,-24.0,62.0,0.0,62.0,2011.0,0.0,62.0,0.0
20260303-AP605-0364,20260303,AP605,AP604,long,51875000,11:24:35.000,normal_quote,normal_move_fill,interval_vwap,10140.0,51876000.0,9969.0,51877000,11:24:37.000,reversion_exit,closed,10226.0,9995.0,86.0,-26.0,60.0,0.0,60.0,2010.9,0.0,60.0,0.0
20260303-AP605-0365,20260303,AP605,AP604,long,51880000,11:24:40.000,normal_quote,normal_move_fill,interval_vwap,10139.0,51881000.0,9969.0,51882000,11:24:42.000,reversion_exit,closed,10226.0,9995.0,87.0,-26.0,61.0,0.0,61.0,2010.8000000000002,0.0,61.0,0.0
20260303-AP605-0366,20260303,AP605,AP604,long,51885000,11:24:45.000,normal_quote,normal_move_fill,interval_vwap,10143.0,51886000.0,9974.0,51887000,11:24:47.000,reversion_exit,closed,10239.0,9999.0,96.0,-25.0,71.0,0.0,71.0,2011.7000000000003,0.0,71.0,0.0
20260303-AP605-0367,20260303,AP605,AP604,long,51890000,11:24:50.000,normal_quote,normal_move_fill,interval_vwap,10146.0,51891000.0,9980.0,51892000,11:24:52.000,reversion_exit,closed,10236.0,9999.0,90.0,-19.0,71.0,0.0,71.0,2012.6,0.0,71.0,0.0
20260303-AP605-0368,20260303,AP605,AP604,long,51895000,11:24:55.000,normal_quote,normal_move_fill,interval_vwap,10144.0,51896000.0,9975.0,51897000,11:24:57.000,reversion_exit,closed,10236.0,9999.0,92.0,-24.0,68.0,0.0,68.0,2011.9,0.0,68.0,0.0
20260303-AP605-0369,20260303,AP605,AP604,long,51900000,11:25:00.000,normal_quote,normal_move_fill,interval_vwap,10142.0,51901000.0,9975.0,51902000,11:25:02.000,reversion_exit,closed,10238.0,9999.0,96.0,-24.0,72.0,0.0,72.0,2011.7,0.0,72.0,0.0
20260303-AP605-0370,20260303,AP605,AP604,long,51905000,11:25:05.000,normal_quote,normal_move_fill,interval_vwap,10144.0,51906000.0,9973.0,51907000,11:25:07.000,reversion_exit,closed,10236.0,9999.0,92.0,-26.0,66.0,0.0,66.0,2011.7000000000003,0.0,66.0,0.0
20260303-AP605-0371,20260303,AP605,AP604,long,51910000,11:25:10.000,normal_quote,normal_move_fill,interval_vwap,10145.0,51911000.0,9977.0,51912000,11:25:12.000,reversion_exit,closed,10239.0,9999.0,94.0,-22.0,72.0,0.0,72.0,2012.2,0.0,72.0,0.0
20260303-AP605-0372,20260303,AP605,AP604,long,51915000,11:25:15.000,normal_quote,normal_move_fill,interval_vwap,10145.0,51916000.0,9976.0,51917000,11:25:17.000,reversion_exit,closed,10238.0,9999.0,93.0,-23.0,70.0,0.0,70.0,2012.1,0.0,70.0,0.0
20260303-AP605-0373,20260303,AP605,AP604,long,51920000,11:25:20.000,normal_quote,normal_move_fill,interval_vwap,10143.0,51921000.0,9974.0,51922000,11:25:22.000,reversion_exit,closed,10238.0,9999.0,95.0,-25.0,70.0,0.0,70.0,2011.7000000000003,0.0,70.0,0.0
20260303-AP605-0374,20260303,AP605,AP604,long,51925000,11:25:25.000,normal_quote,normal_move_fill,interval_vwap,10146.0,51926000.0,9980.0,51927000,11:25:27.000,reversion_exit,closed,10240.0,9999.0,94.0,-19.0,75.0,0.0,75.0,2012.6,0.0,75.0,0.0
20260303-AP605-0375,20260303,AP605,AP604,long,51930000,11:25:30.000,normal_quote,normal_move_fill,interval_vwap,10146.0,51931000.0,9975.0,51932000,11:25:32.000,reversion_exit,closed,10238.0,9999.0,92.0,-24.0,68.0,0.0,68.0,2012.1,0.0,68.0,0.0
20260303-AP605-0376,20260303,AP605,AP604,long,51935000,11:25:35.000,normal_quote,normal_move_fill,interval_vwap,10144.0,51936000.0,9973.0,51937000,11:25:37.000,reversion_exit,closed,10236.0,9999.0,92.0,-26.0,66.0,0.0,66.0,2011.7000000000003,0.0,66.0,0.0
20260303-AP605-0377,20260303,AP605,AP604,long,51940000,11:25:40.000,normal_quote,normal_move_fill,interval_vwap,10147.0,51941000.0,9976.0,51942000,11:25:42.000,reversion_exit,closed,10239.0,9999.0,92.0,-23.0,69.0,0.0,69.0,2012.3000000000002,0.0,69.0,0.0
20260303-AP605-0378,20260303,AP605,AP604,long,51945000,11:25:45.000,normal_quote,normal_move_fill,interval_vwap,10149.0,51946000.0,9976.0,51947000,11:25:47.000,reversion_exit,closed,10236.0,9999.0,87.0,-23.0,64.0,0.0,64.0,2012.5,0.0,64.0,0.0
20260303-AP605-0379,20260303,AP605,AP604,long,51950000,11:25:50.000,normal_quote,normal_move_fill,interval_vwap,10154.0,51951000.0,9975.0,51952000,11:25:52.000,reversion_exit,closed,10237.0,9999.0,83.0,-24.0,59.0,0.0,59.0,2012.9,0.0,59.0,0.0
20260303-AP605-0380,20260303,AP605,AP604,long,51955000,11:25:55.000,normal_quote,normal_move_fill,interval_vwap,10148.0,51956000.0,9980.0,51957000,11:25:57.000,reversion_exit,closed,10242.0,9999.0,94.0,-19.0,75.0,0.0,75.0,2012.8000000000002,0.0,75.0,0.0
20260303-AP605-0381,20260303,AP605,AP604,long,51960000,11:26:00.000,normal_quote,normal_move_fill,interval_vwap,10152.0,51961000.0,9982.0,51962000,11:26:02.000,reversion_exit,closed,10247.0,9999.0,95.0,-17.0,78.0,0.0,78.0,2013.4,0.0,78.0,0.0
20260303-AP605-0382,20260303,AP605,AP604,long,51965000,11:26:05.000,normal_quote,normal_move_fill,interval_vwap,10156.0,51966000.0,9997.0,51967000,11:26:07.000,reference_invalid_exit,closed,10263.0,10021.0,107.0,-24.0,83.0,0.0,83.0,2015.3000000000002,0.0,83.0,0.0
20260303-AP605-0383,20260303,AP605,AP604,long,51970000,11:26:10.000,normal_quote,normal_move_fill,interval_vwap,10180.0,51971000.0,10001.0,51972000,11:26:12.000,reference_invalid_exit,closed,10263.0,10021.0,83.0,-20.0,63.0,0.0,63.0,2018.1,0.0,63.0,0.0
20260303-AP605-0384,20260303,AP605,AP604,long,51975000,11:26:15.000,normal_quote,normal_move_fill,interval_vwap,10181.0,51976000.0,10003.0,51977000,11:26:17.000,reference_invalid_exit,closed,10267.0,10021.0,86.0,-18.0,68.0,0.0,68.0,2018.4,0.0,68.0,0.0
20260303-AP605-0385,20260303,AP605,AP604,long,51980000,11:26:20.000,normal_quote,normal_move_fill,interval_vwap,10186.0,51981000.0,10005.0,51982000,11:26:22.000,reversion_exit,closed,10267.0,10021.0,81.0,-16.0,65.0,0.0,65.0,2019.1,0.0,65.0,0.0
20260303-AP605-0386,20260303,AP605,AP604,long,51985000,11:26:25.000,normal_quote,normal_move_fill,interval_vwap,10169.0,51986000.0,10002.0,51987000,11:26:27.000,reference_invalid_exit,closed,10264.0,10021.0,95.0,-19.0,76.0,0.0,76.0,2017.1000000000001,0.0,76.0,0.0
20260303-AP605-0387,20260303,AP605,AP604,long,51991000,11:26:31.000,normal_quote,normal_move_fill,interval_vwap,10178.0,51992000.0,9992.0,51993000,11:26:33.000,reference_invalid_exit,closed,10257.0,10021.0,79.0,-29.0,50.0,0.0,50.0,2017.0,0.0,50.0,0.0
20260303-AP605-0388,20260303,AP605,AP604,long,51996000,11:26:36.000,normal_quote,normal_move_fill,interval_vwap,10176.0,51997000.0,9999.0,51998000,11:26:38.000,reversion_exit,closed,10262.0,10021.0,86.0,-22.0,64.0,0.0,64.0,2017.5,0.0,64.0,0.0
20260303-AP605-0389,20260303,AP605,AP604,long,52001000,11:26:41.000,normal_quote,normal_move_fill,interval_vwap,10172.0,52002000.0,10000.0,52003000,11:26:43.000,reversion_exit,closed,10262.0,10021.0,90.0,-21.0,69.0,0.0,69.0,2017.2,0.0,69.0,0.0
20260303-AP605-0390,20260303,AP605,AP604,long,52006000,11:26:46.000,normal_quote,normal_move_fill,interval_vwap,10179.0,52007000.0,10004.0,52008000,11:26:48.000,reference_invalid_exit,closed,10263.0,10021.0,84.0,-17.0,67.0,0.0,67.0,2018.3000000000002,0.0,67.0,0.0
20260303-AP605-0391,20260303,AP605,AP604,long,52011000,11:26:51.000,normal_quote,normal_move_fill,interval_vwap,10168.0,52012000.0,9998.0,52013000,11:26:53.000,reference_invalid_exit,closed,10259.0,10018.0,91.0,-20.0,71.0,0.0,71.0,2016.6000000000001,0.0,71.0,0.0
20260303-AP605-0392,20260303,AP605,AP604,long,52016000,11:26:56.000,normal_quote,normal_move_fill,interval_vwap,10177.0,52017000.0,10000.0,52018000,11:26:58.000,reference_invalid_exit,closed,10262.0,10020.0,85.0,-20.0,65.0,0.0,65.0,2017.7,0.0,65.0,0.0
20260303-AP605-0393,20260303,AP605,AP604,long,52021000,11:27:01.000,normal_quote,normal_move_fill,interval_vwap,10184.0,52022000.0,10009.0,52023000,11:27:03.000,reference_invalid_exit,closed,10268.0,10021.0,84.0,-12.0,72.0,0.0,72.0,2019.3000000000002,0.0,72.0,0.0
20260303-AP605-0394,20260303,AP605,AP604,long,52026000,11:27:06.000,normal_quote,normal_move_fill,interval_vwap,10175.0,52027000.0,10008.0,52028000,11:27:08.000,reversion_exit,closed,10275.0,10021.0,100.0,-13.0,87.0,0.0,87.0,2018.3000000000002,0.0,87.0,0.0
20260303-AP605-0395,20260303,AP605,AP604,long,52031000,11:27:11.000,normal_quote,normal_move_fill,interval_vwap,10175.0,52032000.0,10008.0,52033000,11:27:13.000,reversion_exit,closed,10271.0,10021.0,96.0,-13.0,83.0,0.0,83.0,2018.3000000000002,0.0,83.0,0.0
20260303-AP605-0396,20260303,AP605,AP604,long,52036000,11:27:16.000,normal_quote,normal_move_fill,interval_vwap,10175.0,52037000.0,10008.0,52038000,11:27:18.000,reversion_exit,closed,10270.0,10021.0,95.0,-13.0,82.0,0.0,82.0,2018.3000000000002,0.0,82.0,0.0
20260303-AP605-0397,20260303,AP605,AP604,long,52041000,11:27:21.000,normal_quote,normal_move_fill,interval_vwap,10179.0,52042000.0,10013.0,52043000,11:27:23.000,reversion_exit,closed,10288.0,10045.0,109.0,-32.0,77.0,0.0,77.0,2019.2000000000003,0.0,77.0,0.0
20260303-AP605-0398,20260303,AP605,AP604,long,52046000,11:27:26.000,normal_quote,normal_move_fill,interval_vwap,10192.0,52047000.0,10019.0,52048000,11:27:28.000,reference_invalid_exit,closed,10290.0,10047.0,98.0,-28.0,70.0,0.0,70.0,2021.1000000000001,0.0,70.0,0.0
20260303-AP605-0399,20260303,AP605,AP604,long,52051000,11:27:31.000,normal_quote,normal_move_fill,interval_vwap,10203.0,52052000.0,10010.0,52053000,11:27:33.000,reference_invalid_exit,closed,10289.0,10047.0,86.0,-37.0,49.0,0.0,49.0,2021.3000000000002,0.0,49.0,0.0
20260303-AP605-0400,20260303,AP605,AP604,long,52056000,11:27:36.000,normal_quote,normal_move_fill,interval_vwap,10201.0,52057000.0,10028.0,52058000,11:27:38.000,reference_invalid_exit,closed,10296.0,10055.0,95.0,-27.0,68.0,0.0,68.0,2022.9,0.0,68.0,0.0
20260303-AP605-0401,20260303,AP605,AP604,long,52061000,11:27:41.000,normal_quote,normal_move_fill,interval_vwap,10211.0,52062000.0,10027.0,52063000,11:27:43.000,reversion_exit,closed,10297.0,10055.0,86.0,-28.0,58.0,0.0,58.0,2023.8000000000002,0.0,58.0,0.0
20260303-AP605-0402,20260303,AP605,AP604,long,52066000,11:27:46.000,normal_quote,normal_move_fill,interval_vwap,10219.0,52067000.0,10029.0,52068000,11:27:48.000,reference_invalid_exit,closed,10302.0,10059.0,83.0,-30.0,53.0,0.0,53.0,2024.8000000000002,0.0,53.0,0.0
20260303-AP605-0403,20260303,AP605,AP604,long,52071000,11:27:51.000,normal_quote,normal_move_fill,interval_vwap,10219.0,52072000.0,10035.0,52073000,11:27:53.000,reference_invalid_exit,closed,10307.0,10065.0,88.0,-30.0,58.0,0.0,58.0,2025.4,0.0,58.0,0.0
20260303-AP605-0404,20260303,AP605,AP604,long,52076000,11:27:56.000,normal_quote,normal_move_fill,interval_vwap,10223.0,52077000.0,10025.0,52078000,11:27:58.000,reference_invalid_exit,closed,10292.0,10052.0,69.0,-27.0,42.0,0.0,42.0,2024.8000000000002,0.0,42.0,0.0
20260303-AP605-0405,20260303,AP605,AP604,long,52081000,11:28:01.000,normal_quote,normal_move_fill,interval_vwap,10207.0,52082000.0,10022.0,52083000,11:28:03.000,reference_invalid_exit,closed,10292.0,10047.0,85.0,-25.0,60.0,0.0,60.0,2022.9,0.0,60.0,0.0
20260303-AP605-0406,20260303,AP605,AP604,long,52086000,11:28:06.000,normal_quote,normal_move_fill,interval_vwap,10203.0,52087000.0,10015.0,52088000,11:28:08.000,reference_invalid_exit,closed,10282.0,10034.0,79.0,-19.0,60.0,0.0,60.0,2021.8000000000002,0.0,60.0,0.0
20260303-AP605-0407,20260303,AP605,AP604,long,52091000,11:28:11.000,normal_quote,normal_move_fill,interval_vwap,10196.0,52092000.0,10005.0,52093000,11:28:13.000,reference_invalid_exit,closed,10275.0,10029.0,79.0,-24.0,55.0,0.0,55.0,2020.1,0.0,55.0,0.0
20260303-AP605-0408,20260303,AP605,AP604,long,52096000,11:28:16.000,normal_quote,normal_move_fill,interval_vwap,10181.0,52097000.0,10009.0,52098000,11:28:18.000,reversion_exit,closed,10281.0,10033.0,100.0,-24.0,76.0,0.0,76.0,2019.0,0.0,76.0,0.0
20260303-AP605-0409,20260303,AP605,AP604,long,52101000,11:28:21.000,normal_quote,normal_move_fill,interval_vwap,10181.0,52102000.0,10007.0,52103000,11:28:23.000,reference_invalid_exit,closed,10280.0,10032.0,99.0,-25.0,74.0,0.0,74.0,2018.8000000000002,0.0,74.0,0.0
20260303-AP605-0410,20260303,AP605,AP604,long,52106000,11:28:26.000,normal_quote,normal_move_fill,interval_vwap,10195.0,52107000.0,10010.0,52108000,11:28:28.000,reference_invalid_exit,closed,10280.0,10033.0,85.0,-23.0,62.0,0.0,62.0,2020.5,0.0,62.0,0.0
20260303-AP605-0411,20260303,AP605,AP604,long,52111000,11:28:31.000,normal_quote,normal_move_fill,interval_vwap,10196.0,52112000.0,10009.0,52113000,11:28:33.000,reference_invalid_exit,closed,10279.0,10030.0,83.0,-21.0,62.0,0.0,62.0,2020.5,0.0,62.0,0.0
20260303-AP605-0412,20260303,AP605,AP604,long,52116000,11:28:36.000,normal_quote,normal_move_fill,interval_vwap,10194.0,52117000.0,10007.0,52118000,11:28:38.000,reference_invalid_exit,closed,10277.0,10029.0,83.0,-22.0,61.0,0.0,61.0,2020.1000000000001,0.0,61.0,0.0
20260303-AP605-0413,20260303,AP605,AP604,long,52121000,11:28:41.000,normal_quote,normal_move_fill,interval_vwap,10194.0,52122000.0,10006.0,52123000,11:28:43.000,reversion_exit,closed,10277.0,10031.0,83.0,-25.0,58.0,0.0,58.0,2020.0,0.0,58.0,0.0
20260303-AP605-0414,20260303,AP605,AP604,long,52126000,11:28:46.000,normal_quote,normal_move_fill,interval_vwap,10183.0,52127000.0,10006.0,52128000,11:28:48.000,reversion_exit,closed,10280.0,10028.0,97.0,-22.0,75.0,0.0,75.0,2018.9,0.0,75.0,0.0
20260303-AP605-0415,20260303,AP605,AP604,long,52131000,11:28:51.000,normal_quote,normal_move_fill,interval_vwap,10185.0,52132000.0,10006.0,52133000,11:28:53.000,reversion_exit,closed,10281.0,10031.0,96.0,-25.0,71.0,0.0,71.0,2019.1,0.0,71.0,0.0
20260303-AP605-0416,20260303,AP605,AP604,long,52136000,11:28:56.000,normal_quote,normal_move_fill,interval_vwap,10183.0,52137000.0,10007.0,52138000,11:28:58.000,reversion_exit,closed,10281.0,10029.0,98.0,-22.0,76.0,0.0,76.0,2019.0,0.0,76.0,0.0
20260303-AP605-0417,20260303,AP605,AP604,long,52141000,11:29:01.000,normal_quote,normal_move_fill,interval_vwap,10185.0,52142000.0,10012.0,52143000,11:29:03.000,reference_invalid_exit,closed,10294.0,10029.0,109.0,-17.0,92.0,0.0,92.0,2019.7,0.0,92.0,0.0
20260303-AP605-0418,20260303,AP605,AP604,long,52146000,11:29:06.000,normal_quote,normal_move_fill,interval_vwap,10209.0,52147000.0,10014.0,52148000,11:29:08.000,reference_invalid_exit,closed,10287.0,10029.0,78.0,-15.0,63.0,0.0,63.0,2022.3000000000002,0.0,63.0,0.0
20260303-AP605-0419,20260303,AP605,AP604,long,52152000,11:29:12.000,normal_quote,normal_move_fill,interval_vwap,10208.0,52153000.0,10021.0,52154000,11:29:14.000,reversion_exit,closed,10298.0,10029.0,90.0,-8.0,82.0,0.0,82.0,2022.9,0.0,82.0,0.0
20260303-AP605-0420,20260303,AP605,AP604,long,52157000,11:29:17.000,normal_quote,normal_move_fill,interval_vwap,10218.0,52158000.0,10023.0,52159000,11:29:19.000,reference_invalid_exit,closed,10300.0,10029.0,82.0,-6.0,76.0,0.0,76.0,2024.1000000000001,0.0,76.0,0.0
20260303-AP605-0421,20260303,AP605,AP604,long,52162000,11:29:22.000,normal_quote,normal_move_fill,interval_vwap,10199.0,52163000.0,10025.0,52164000,11:29:24.000,reversion_exit,closed,10302.0,10051.0,103.0,-26.0,77.0,0.0,77.0,2022.4,0.0,77.0,0.0
20260303-AP605-0422,20260303,AP605,AP604,long,52167000,11:29:27.000,normal_quote,normal_move_fill,interval_vwap,10209.0,52168000.0,10028.0,52169000,11:29:29.000,reversion_exit,closed,10304.0,10052.0,95.0,-24.0,71.0,0.0,71.0,2023.7000000000003,0.0,71.0,0.0
20260303-AP605-0423,20260303,AP605,AP604,long,52172000,11:29:32.000,normal_quote,normal_move_fill,interval_vwap,10207.0,52173000.0,10028.0,52174000,11:29:34.000,reversion_exit,closed,10305.0,10053.0,98.0,-25.0,73.0,0.0,73.0,2023.5,0.0,73.0,0.0
20260303-AP605-0424,20260303,AP605,AP604,long,52177000,11:29:37.000,normal_quote,normal_move_fill,interval_vwap,10209.0,52178000.0,10025.0,52179000,11:29:39.000,reversion_exit,closed,10301.0,10049.0,92.0,-24.0,68.0,0.0,68.0,2023.4,0.0,68.0,0.0
20260303-AP605-0425,20260303,AP605,AP604,long,52182000,11:29:42.000,normal_quote,normal_move_fill,interval_vwap,10204.0,52183000.0,10020.0,52184000,11:29:44.000,reversion_exit,closed,10295.0,10046.0,91.0,-26.0,65.0,0.0,65.0,2022.4,0.0,65.0,0.0
20260303-AP605-0426,20260303,AP605,AP604,long,52187000,11:29:47.000,normal_quote,normal_move_fill,interval_vwap,10205.0,52188000.0,10025.0,52189000,11:29:49.000,reversion_exit,closed,10296.0,10048.0,91.0,-23.0,68.0,0.0,68.0,2023.0,0.0,68.0,0.0
20260303-AP605-0427,20260303,AP605,AP604,long,52192000,11:29:52.000,normal_quote,normal_move_fill,interval_vwap,10200.0,52193000.0,10025.0,52194000,11:29:54.000,reference_invalid_exit,closed,10301.0,10052.0,101.0,-27.0,74.0,0.0,74.0,2022.5,0.0,74.0,0.0
20260303-AP605-0428,20260303,AP605,AP604,long,52197000,11:29:57.000,normal_quote,normal_move_fill,interval_vwap,10204.0,52198000.0,10027.0,52199000,11:29:59.000,reversion_exit,closed,10299.0,10047.0,95.0,-20.0,75.0,0.0,75.0,2023.1000000000001,0.0,75.0,0.0
20260303-AP605-0429,20260303,AP605,AP604,long,59462000,13:31:02.000,normal_quote,normal_move_fill,interval_vwap,10284.0,59463000.0,10074.0,59464000,13:31:04.000,reference_invalid_exit,closed,10370.0,10120.0,86.0,-46.0,40.0,0.0,40.0,2035.8000000000002,0.0,40.0,0.0
20260303-AP605-0430,20260303,AP605,AP604,long,59468000,13:31:08.000,normal_quote,normal_move_fill,interval_vwap,10286.0,59469000.0,10079.0,59470000,13:31:10.000,reversion_exit,closed,10371.0,10119.0,85.0,-40.0,45.0,0.0,45.0,2036.5000000000002,0.0,45.0,0.0
20260303-AP605-0431,20260303,AP605,AP604,long,59473000,13:31:13.000,normal_quote,normal_move_fill,interval_vwap,10290.0,59474000.0,10079.0,59475000,13:31:15.000,reversion_exit,closed,10366.0,10115.0,76.0,-36.0,40.0,0.0,40.0,2036.9,0.0,40.0,0.0
20260303-AP605-0432,20260303,AP605,AP604,long,59478000,13:31:18.000,normal_quote,normal_move_fill,interval_vwap,10291.0,59479000.0,10076.0,59480000,13:31:20.000,reversion_exit,closed,10368.0,10116.0,77.0,-40.0,37.0,0.0,37.0,2036.7000000000003,0.0,37.0,0.0
20260303-AP605-0433,20260303,AP605,AP604,long,59483000,13:31:23.000,normal_quote,normal_move_fill,interval_vwap,10271.0,59484000.0,10053.0,59485000,13:31:25.000,reference_invalid_exit,closed,10343.0,10081.0,72.0,-28.0,44.0,0.0,44.0,2032.4,0.0,44.0,0.0
20260303-AP605-0434,20260303,AP605,AP604,long,59488000,13:31:28.000,normal_quote,normal_move_fill,interval_vwap,10256.0,59489000.0,10030.0,59490000,13:31:30.000,reference_invalid_exit,closed,10323.0,10061.0,67.0,-31.0,36.0,0.0,36.0,2028.6000000000001,0.0,36.0,0.0
20260303-AP605-0435,20260303,AP605,AP604,long,59493000,13:31:33.000,normal_quote,normal_move_fill,interval_vwap,10221.0,59494000.0,10022.0,59495000,13:31:35.000,reference_invalid_exit,closed,10323.0,10065.0,102.0,-43.0,59.0,0.0,59.0,2024.3000000000002,0.0,59.0,0.0
20260303-AP605-0436,20260303,AP605,AP604,long,59498000,13:31:38.000,normal_quote,normal_move_fill,interval_vwap,10231.0,59499000.0,10025.0,59500000,13:31:40.000,reference_invalid_exit,closed,10326.0,10064.0,95.0,-39.0,56.0,0.0,56.0,2025.6,0.0,56.0,0.0
20260303-AP605-0437,20260303,AP605,AP604,long,59503000,13:31:43.000,normal_quote,normal_move_fill,interval_vwap,10254.0,59504000.0,10035.0,59505000,13:31:45.000,reference_invalid_exit,closed,10329.0,10070.0,75.0,-35.0,40.0,0.0,40.0,2028.9,0.0,40.0,0.0
20260303-AP605-0438,20260303,AP605,AP604,long,59508000,13:31:48.000,normal_quote,normal_move_fill,interval_vwap,10245.0,59509000.0,10034.0,59510000,13:31:50.000,reference_invalid_exit,closed,10324.0,10063.0,79.0,-29.0,50.0,0.0,50.0,2027.9,0.0,50.0,0.0
20260303-AP605-0439,20260303,AP605,AP604,long,59513000,13:31:53.000,normal_quote,normal_move_fill,interval_vwap,10239.0,59514000.0,10030.0,59515000,13:31:55.000,reference_invalid_exit,closed,10319.0,10057.0,80.0,-27.0,53.0,0.0,53.0,2026.9,0.0,53.0,0.0
20260303-AP605-0440,20260303,AP605,AP604,long,59518000,13:31:58.000,normal_quote,normal_move_fill,interval_vwap,10236.0,59519000.0,10030.0,59520000,13:32:00.000,reference_invalid_exit,closed,10317.0,10055.0,81.0,-25.0,56.0,0.0,56.0,2026.6,0.0,56.0,0.0
20260303-AP605-0441,20260303,AP605,AP604,long,59523000,13:32:03.000,normal_quote,normal_move_fill,interval_vwap,10230.0,59524000.0,10033.0,59525000,13:32:05.000,reference_invalid_exit,closed,10321.0,10061.0,91.0,-28.0,63.0,0.0,63.0,2026.3000000000002,0.0,63.0,0.0
20260303-AP605-0442,20260303,AP605,AP604,long,59528000,13:32:08.000,normal_quote,normal_move_fill,interval_vwap,10238.0,59529000.0,10036.0,59530000,13:32:10.000,reference_invalid_exit,closed,10322.0,10061.0,84.0,-25.0,59.0,0.0,59.0,2027.4,0.0,59.0,0.0
20260303-AP605-0443,20260303,AP605,AP604,long,59533000,13:32:13.000,normal_quote,normal_move_fill,interval_vwap,10243.0,59534000.0,10042.0,59535000,13:32:15.000,reference_invalid_exit,closed,10328.0,10066.0,85.0,-24.0,61.0,0.0,61.0,2028.5,0.0,61.0,0.0
20260303-AP605-0444,20260303,AP605,AP604,long,59538000,13:32:18.000,normal_quote,normal_move_fill,interval_vwap,10250.0,59539000.0,10030.0,59540000,13:32:20.000,reference_invalid_exit,closed,10316.0,10055.0,66.0,-25.0,41.0,0.0,41.0,2028.0,0.0,41.0,0.0
20260303-AP605-0445,20260303,AP605,AP604,long,59543000,13:32:23.000,normal_quote,normal_move_fill,interval_vwap,10236.0,59544000.0,10033.0,59545000,13:32:25.000,reference_invalid_exit,closed,10323.0,10055.0,87.0,-22.0,65.0,0.0,65.0,2026.9,0.0,65.0,0.0
20260303-AP605-0446,20260303,AP605,AP604,long,59548000,13:32:28.000,normal_quote,normal_move_fill,interval_vwap,10237.0,59549000.0,10030.0,59550000,13:32:30.000,reference_invalid_exit,closed,10321.0,10055.0,84.0,-25.0,59.0,0.0,59.0,2026.7,0.0,59.0,0.0
20260303-AP605-0447,20260303,AP605,AP604,long,59553000,13:32:33.000,normal_quote,normal_move_fill,interval_vwap,10240.0,59554000.0,10042.0,59555000,13:32:35.000,reference_invalid_exit,closed,10334.0,10055.0,94.0,-13.0,81.0,0.0,81.0,2028.2,0.0,81.0,0.0
20260303-AP605-0448,20260303,AP605,AP604,long,59558000,13:32:38.000,normal_quote,normal_move_fill,interval_vwap,10254.0,59559000.0,10041.0,59560000,13:32:40.000,reference_invalid_exit,closed,10330.0,10055.0,76.0,-14.0,62.0,0.0,62.0,2029.5,0.0,62.0,0.0
20260303-AP605-0449,20260303,AP605,AP604,long,59563000,13:32:43.000,normal_quote,normal_move_fill,interval_vwap,10245.0,59564000.0,10037.0,59565000,13:32:45.000,reference_invalid_exit,closed,10327.0,10055.0,82.0,-18.0,64.0,0.0,64.0,2028.2,0.0,64.0,0.0
20260303-AP605-0450,20260303,AP605,AP604,long,59568000,13:32:48.000,normal_quote,normal_move_fill,interval_vwap,10245.0,59569000.0,10039.0,59570000,13:32:50.000,reference_invalid_exit,closed,10330.0,10055.0,85.0,-16.0,69.0,0.0,69.0,2028.4,0.0,69.0,0.0
20260303-AP605-0451,20260303,AP605,AP604,long,59573000,13:32:53.000,normal_quote,normal_move_fill,interval_vwap,10246.0,59574000.0,10041.0,59575000,13:32:55.000,reference_invalid_exit,closed,10330.0,10055.0,84.0,-14.0,70.0,0.0,70.0,2028.7000000000003,0.0,70.0,0.0
20260303-AP605-0452,20260303,AP605,AP604,long,59578000,13:32:58.000,normal_quote,normal_move_fill,interval_vwap,10247.0,59579000.0,10049.0,59580000,13:33:00.000,reference_invalid_exit,closed,10326.0,10049.0,79.0,0.0,79.0,0.0,79.0,2029.6000000000001,0.0,79.0,0.0
20260303-AP605-0453,20260303,AP605,AP604,long,59583000,13:33:03.000,normal_quote,normal_move_fill,interval_vwap,10243.0,59584000.0,10041.0,59585000,13:33:05.000,reference_invalid_exit,closed,10332.0,10049.0,89.0,-8.0,81.0,0.0,81.0,2028.4,0.0,81.0,0.0
20260303-AP605-0454,20260303,AP605,AP604,long,59588000,13:33:08.000,normal_quote,normal_move_fill,interval_vwap,10244.0,59589000.0,10044.0,59590000,13:33:10.000,reference_invalid_exit,closed,10335.0,10052.0,91.0,-8.0,83.0,0.0,83.0,2028.8000000000002,0.0,83.0,0.0
20260303-AP605-0455,20260303,AP605,AP604,long,59593000,13:33:13.000,normal_quote,normal_move_fill,interval_vwap,10253.0,59594000.0,10043.0,59595000,13:33:15.000,reversion_exit,closed,10339.0,10081.0,86.0,-38.0,48.0,0.0,48.0,2029.6,0.0,48.0,0.0
20260303-AP605-0456,20260303,AP605,AP604,long,59598000,13:33:18.000,normal_quote,normal_move_fill,interval_vwap,10255.0,59599000.0,10042.0,59600000,13:33:20.000,reversion_exit,closed,10337.0,10075.0,82.0,-33.0,49.0,0.0,49.0,2029.7,0.0,49.0,0.0
20260303-AP605-0457,20260303,AP605,AP604,long,59603000,13:33:23.000,normal_quote,normal_move_fill,interval_vwap,10253.0,59604000.0,10039.0,59605000,13:33:25.000,reversion_exit,closed,10335.0,10073.0,82.0,-34.0,48.0,0.0,48.0,2029.2,0.0,48.0,0.0
20260303-AP605-0458,20260303,AP605,AP604,long,59608000,13:33:28.000,normal_quote,normal_move_fill,interval_vwap,10252.0,59609000.0,10042.0,59610000,13:33:30.000,reversion_exit,closed,10335.0,10069.0,83.0,-27.0,56.0,0.0,56.0,2029.4,0.0,56.0,0.0
20260303-AP605-0459,20260303,AP605,AP604,long,59613000,13:33:33.000,normal_quote,normal_move_fill,interval_vwap,10249.0,59614000.0,10044.0,59615000,13:33:35.000,reversion_exit,closed,10338.0,10073.0,89.0,-29.0,60.0,0.0,60.0,2029.3000000000002,0.0,60.0,0.0
20260303-AP605-0460,20260303,AP605,AP604,long,59618000,13:33:38.000,normal_quote,normal_move_fill,interval_vwap,10242.0,59619000.0,10029.0,59620000,13:33:40.000,reversion_exit,closed,10321.0,10056.0,79.0,-27.0,52.0,0.0,52.0,2027.1000000000001,0.0,52.0,0.0
20260303-AP605-0461,20260303,AP605,AP604,long,59623000,13:33:43.000,normal_quote,normal_move_fill,interval_vwap,10230.0,59624000.0,10024.0,59625000,13:33:45.000,reversion_exit,closed,10320.0,10056.0,90.0,-32.0,58.0,0.0,58.0,2025.4,0.0,58.0,0.0
20260303-AP605-0462,20260303,AP605,AP604,long,59628000,13:33:48.000,normal_quote,normal_move_fill,interval_vwap,10234.0,59629000.0,10024.0,59630000,13:33:50.000,reversion_exit,closed,10319.0,10052.0,85.0,-28.0,57.0,0.0,57.0,2025.8000000000002,0.0,57.0,0.0
20260303-AP605-0463,20260303,AP605,AP604,long,59633000,13:33:53.000,normal_quote,normal_move_fill,interval_vwap,10232.0,59634000.0,10020.0,59635000,13:33:55.000,reversion_exit,closed,10314.0,10047.0,82.0,-27.0,55.0,0.0,55.0,2025.2,0.0,55.0,0.0
20260303-AP605-0464,20260303,AP605,AP604,long,59638000,13:33:58.000,normal_quote,normal_move_fill,interval_vwap,10231.0,59639000.0,10015.0,59640000,13:34:00.000,reference_invalid_exit,closed,10307.0,10042.0,76.0,-27.0,49.0,0.0,49.0,2024.6,0.0,49.0,0.0
20260303-AP605-0465,20260303,AP605,AP604,long,59643000,13:34:03.000,normal_quote,normal_move_fill,interval_vwap,10226.0,59644000.0,10015.0,59645000,13:34:05.000,reversion_exit,closed,10311.0,10046.0,85.0,-31.0,54.0,0.0,54.0,2024.1,0.0,54.0,0.0
20260303-AP605-0466,20260303,AP605,AP604,long,59648000,13:34:08.000,normal_quote,normal_move_fill,interval_vwap,10228.0,59649000.0,10012.0,59650000,13:34:10.000,reversion_exit,closed,10314.0,10045.0,86.0,-33.0,53.0,0.0,53.0,2024.0,0.0,53.0,0.0
20260303-AP605-0467,20260303,AP605,AP604,long,59653000,13:34:13.000,normal_quote,normal_move_fill,interval_vwap,10232.0,59654000.0,10019.0,59655000,13:34:15.000,reversion_exit,closed,10313.0,10044.0,81.0,-25.0,56.0,0.0,56.0,2025.1000000000001,0.0,56.0,0.0
20260303-AP605-0468,20260303,AP605,AP604,long,59658000,13:34:18.000,normal_quote,normal_move_fill,interval_vwap,10231.0,59659000.0,10020.0,59660000,13:34:20.000,reference_invalid_exit,closed,10315.0,10047.0,84.0,-27.0,57.0,0.0,57.0,2025.1,0.0,57.0,0.0
20260303-AP605-0469,20260303,AP605,AP604,long,59663000,13:34:23.000,normal_quote,normal_move_fill,interval_vwap,10235.0,59664000.0,10021.0,59665000,13:34:25.000,reference_invalid_exit,closed,10317.0,10046.0,82.0,-25.0,57.0,0.0,57.0,2025.6,0.0,57.0,0.0
20260303-AP605-0470,20260303,AP605,AP604,long,59668000,13:34:28.000,normal_quote,normal_move_fill,interval_vwap,10234.0,59669000.0,10025.0,59670000,13:34:30.000,reversion_exit,closed,10317.0,10046.0,83.0,-21.0,62.0,0.0,62.0,2025.9,0.0,62.0,0.0
20260303-AP605-0471,20260303,AP605,AP604,long,59673000,13:34:33.000,normal_quote,normal_move_fill,interval_vwap,10233.0,59674000.0,10025.0,59675000,13:34:35.000,reversion_exit,closed,10319.0,10049.0,86.0,-24.0,62.0,0.0,62.0,2025.8000000000002,0.0,62.0,0.0
20260303-AP605-0472,20260303,AP605,AP604,long,59678000,13:34:38.000,normal_quote,normal_move_fill,interval_vwap,10235.0,59679000.0,10019.0,59680000,13:34:40.000,reversion_exit,closed,10315.0,10045.0,80.0,-26.0,54.0,0.0,54.0,2025.4,0.0,54.0,0.0
20260303-AP605-0473,20260303,AP605,AP604,long,59683000,13:34:43.000,normal_quote,normal_move_fill,interval_vwap,10235.0,59684000.0,10020.0,59685000,13:34:45.000,reversion_exit,closed,10320.0,10047.0,85.0,-27.0,58.0,0.0,58.0,2025.5,0.0,58.0,0.0
20260303-AP605-0474,20260303,AP605,AP604,long,59688000,13:34:48.000,normal_quote,normal_move_fill,interval_vwap,10236.0,59689000.0,10024.0,59690000,13:34:50.000,reversion_exit,closed,10320.0,10047.0,84.0,-23.0,61.0,0.0,61.0,2026.0,0.0,61.0,0.0
20260303-AP605-0475,20260303,AP605,AP604,long,59693000,13:34:53.000,normal_quote,normal_move_fill,interval_vwap,10230.0,59694000.0,10018.0,59695000,13:34:55.000,reversion_exit,closed,10314.0,10038.0,84.0,-20.0,64.0,0.0,64.0,2024.8000000000002,0.0,64.0,0.0
20260303-AP605-0476,20260303,AP605,AP604,long,59698000,13:34:58.000,normal_quote,normal_move_fill,interval_vwap,10226.0,59699000.0,10014.0,59700000,13:35:00.000,reversion_exit,closed,10309.0,10032.0,83.0,-18.0,65.0,0.0,65.0,2024.0,0.0,65.0,0.0
20260303-AP605-0477,20260303,AP605,AP604,long,59703000,13:35:03.000,normal_quote,normal_move_fill,interval_vwap,10222.0,59704000.0,10028.0,59705000,13:35:05.000,reversion_exit,closed,10324.0,10046.0,102.0,-18.0,84.0,0.0,84.0,2025.0,0.0,84.0,0.0
20260303-AP605-0478,20260303,AP605,AP604,long,59708000,13:35:08.000,normal_quote,normal_move_fill,interval_vwap,10232.0,59709000.0,10035.0,59710000,13:35:10.000,reversion_exit,closed,10334.0,10058.0,102.0,-23.0,79.0,0.0,79.0,2026.7,0.0,79.0,0.0
20260303-AP605-0479,20260303,AP605,AP604,long,59713000,13:35:13.000,normal_quote,normal_move_fill,interval_vwap,10256.0,59714000.0,10045.0,59715000,13:35:15.000,reversion_exit,closed,10342.0,10063.0,86.0,-18.0,68.0,0.0,68.0,2030.1000000000001,0.0,68.0,0.0
20260303-AP605-0480,20260303,AP605,AP604,long,59718000,13:35:18.000,normal_quote,normal_move_fill,interval_vwap,10245.0,59719000.0,10047.0,59720000,13:35:20.000,reference_invalid_exit,closed,10344.0,10067.0,99.0,-20.0,79.0,0.0,79.0,2029.2,0.0,79.0,0.0
20260303-AP605-0481,20260303,AP605,AP604,long,59723000,13:35:23.000,normal_quote,normal_move_fill,interval_vwap,10263.0,59724000.0,10053.0,59725000,13:35:25.000,reference_invalid_exit,closed,10350.0,10070.0,87.0,-17.0,70.0,0.0,70.0,2031.6,0.0,70.0,0.0
20260303-AP605-0482,20260303,AP605,AP604,long,59728000,13:35:28.000,normal_quote,normal_move_fill,interval_vwap,10248.0,59729000.0,10047.0,59730000,13:35:30.000,reversion_exit,closed,10345.0,10066.0,97.0,-19.0,78.0,0.0,78.0,2029.5,0.0,78.0,0.0
20260303-AP605-0483,20260303,AP605,AP604,long,59734000,13:35:34.000,normal_quote,normal_move_fill,interval_vwap,10247.0,59735000.0,10047.0,59736000,13:35:36.000,reference_invalid_exit,closed,10342.0,10059.0,95.0,-12.0,83.0,0.0,83.0,2029.4,0.0,83.0,0.0
20260303-AP605-0484,20260303,AP605,AP604,long,59739000,13:35:39.000,normal_quote,normal_move_fill,interval_vwap,10247.0,59740000.0,10047.0,59742000,13:35:42.000,reference_invalid_exit,closed,10343.0,10062.0,96.0,-15.0,81.0,0.0,81.0,2029.4,0.0,81.0,0.0
20260303-AP605-0485,20260303,AP605,AP604,long,59745000,13:35:45.000,normal_quote,normal_move_fill,interval_vwap,10246.0,59746000.0,10046.0,59747000,13:35:47.000,reversion_exit,closed,10341.0,10058.0,95.0,-12.0,83.0,0.0,83.0,2029.2000000000003,0.0,83.0,0.0
20260303-AP605-0486,20260303,AP605,AP604,long,59750000,13:35:50.000,normal_quote,normal_move_fill,interval_vwap,10243.0,59751000.0,10037.0,59752000,13:35:52.000,reversion_exit,closed,10330.0,10048.0,87.0,-11.0,76.0,0.0,76.0,2028.0,0.0,76.0,0.0
20260303-AP605-0487,20260303,AP605,AP604,long,59755000,13:35:55.000,normal_quote,normal_move_fill,interval_vwap,10234.0,59756000.0,10032.0,59757000,13:35:57.000,reversion_exit,closed,10328.0,10045.0,94.0,-13.0,81.0,0.0,81.0,2026.6000000000001,0.0,81.0,0.0
20260303-AP605-0488,20260303,AP605,AP604,long,59760000,13:36:00.000,normal_quote,normal_move_fill,interval_vwap,10236.0,59761000.0,10029.0,59762000,13:36:02.000,reversion_exit,closed,10327.0,10046.0,91.0,-17.0,74.0,0.0,74.0,2026.5,0.0,74.0,0.0
20260303-AP605-0489,20260303,AP605,AP604,long,59765000,13:36:05.000,normal_quote,normal_move_fill,interval_vwap,10235.0,59766000.0,10027.0,59767000,13:36:07.000,reversion_exit,closed,10322.0,10039.0,87.0,-12.0,75.0,0.0,75.0,2026.2,0.0,75.0,0.0
20260303-AP605-0490,20260303,AP605,AP604,long,59770000,13:36:10.000,normal_quote,normal_move_fill,interval_vwap,10234.0,59771000.0,10021.0,59772000,13:36:12.000,reversion_exit,closed,10318.0,10037.0,84.0,-16.0,68.0,0.0,68.0,2025.5,0.0,68.0,0.0
20260303-AP605-0491,20260303,AP605,AP604,long,59775000,13:36:15.000,normal_quote,normal_move_fill,interval_vwap,10230.0,59776000.0,10021.0,59777000,13:36:17.000,reversion_exit,closed,10317.0,10034.0,87.0,-13.0,74.0,0.0,74.0,2025.1,0.0,74.0,0.0
20260303-AP605-0492,20260303,AP605,AP604,long,59780000,13:36:20.000,normal_quote,normal_move_fill,interval_vwap,10230.0,59781000.0,10020.0,59782000,13:36:22.000,reversion_exit,closed,10316.0,10036.0,86.0,-16.0,70.0,0.0,70.0,2025.0,0.0,70.0,0.0
20260303-AP605-0493,20260303,AP605,AP604,long,59785000,13:36:25.000,normal_quote,normal_move_fill,interval_vwap,10231.0,59786000.0,10021.0,59787000,13:36:27.000,reversion_exit,closed,10323.0,10040.0,92.0,-19.0,73.0,0.0,73.0,2025.2,0.0,73.0,0.0
20260303-AP605-0494,20260303,AP605,AP604,long,59790000,13:36:30.000,normal_quote,normal_move_fill,interval_vwap,10232.0,59791000.0,10026.0,59792000,13:36:32.000,reversion_exit,closed,10323.0,10040.0,91.0,-14.0,77.0,0.0,77.0,2025.8000000000002,0.0,77.0,0.0
20260303-AP605-0495,20260303,AP605,AP604,long,59795000,13:36:35.000,normal_quote,normal_move_fill,interval_vwap,10233.0,59796000.0,10031.0,59797000,13:36:37.000,reversion_exit,closed,10327.0,10047.0,94.0,-16.0,78.0,0.0,78.0,2026.4,0.0,78.0,0.0
20260303-AP605-0496,20260303,AP605,AP604,long,59800000,13:36:40.000,normal_quote,normal_move_fill,interval_vwap,10239.0,59801000.0,10037.0,59802000,13:36:42.000,reference_invalid_exit,closed,10336.0,10053.0,97.0,-16.0,81.0,0.0,81.0,2027.6000000000001,0.0,81.0,0.0
20260303-AP605-0497,20260303,AP605,AP604,long,59806000,13:36:46.000,normal_quote,normal_move_fill,interval_vwap,10256.0,59807000.0,10045.0,59808000,13:36:48.000,reference_invalid_exit,closed,10341.0,10058.0,85.0,-13.0,72.0,0.0,72.0,2030.1000000000001,0.0,72.0,0.0
20260303-AP605-0498,20260303,AP605,AP604,long,59811000,13:36:51.000,normal_quote,normal_move_fill,interval_vwap,10257.0,59812000.0,10043.0,59813000,13:36:53.000,reference_invalid_exit,closed,10339.0,10056.0,82.0,-13.0,69.0,0.0,69.0,2030.0,0.0,69.0,0.0
20260303-AP605-0499,20260303,AP605,AP604,long,59816000,13:36:56.000,normal_quote,normal_move_fill,interval_vwap,10256.0,59817000.0,10043.0,59818000,13:36:58.000,reference_invalid_exit,closed,10339.0,10056.0,83.0,-13.0,70.0,0.0,70.0,2029.9,0.0,70.0,0.0
20260303-AP605-0500,20260303,AP605,AP604,long,59821000,13:37:01.000,normal_quote,normal_move_fill,interval_vwap,10261.0,59822000.0,10048.0,59823000,13:37:03.000,reference_invalid_exit,closed,10336.0,10057.0,75.0,-9.0,66.0,0.0,66.0,2030.9,0.0,66.0,0.0
20260303-AP605-0501,20260303,AP605,AP604,long,59826000,13:37:06.000,normal_quote,normal_move_fill,interval_vwap,10257.0,59827000.0,10040.0,59828000,13:37:08.000,reference_invalid_exit,closed,10336.0,10055.0,79.0,-15.0,64.0,0.0,64.0,2029.7,0.0,64.0,0.0
20260303-AP605-0502,20260303,AP605,AP604,long,59831000,13:37:11.000,normal_quote,normal_move_fill,interval_vwap,10237.0,59832000.0,10035.0,59833000,13:37:13.000,reversion_exit,closed,10331.0,10051.0,94.0,-16.0,78.0,0.0,78.0,2027.2,0.0,78.0,0.0
20260303-AP605-0503,20260303,AP605,AP604,long,59836000,13:37:16.000,normal_quote,normal_move_fill,interval_vwap,10247.0,59837000.0,10031.0,59838000,13:37:18.000,reversion_exit,closed,10327.0,10043.0,80.0,-12.0,68.0,0.0,68.0,2027.8000000000002,0.0,68.0,0.0
20260303-AP605-0504,20260303,AP605,AP604,long,59841000,13:37:21.000,normal_quote,normal_move_fill,interval_vwap,10243.0,59842000.0,10031.0,59843000,13:37:23.000,reversion_exit,closed,10327.0,10044.0,84.0,-13.0,71.0,0.0,71.0,2027.4,0.0,71.0,0.0
20260303-AP605-0505,20260303,AP605,AP604,long,59847000,13:37:27.000,normal_quote,normal_move_fill,interval_vwap,10232.0,59848000.0,10032.0,59849000,13:37:29.000,reversion_exit,closed,10327.0,10046.0,95.0,-14.0,81.0,0.0,81.0,2026.4,0.0,81.0,0.0
20260303-AP605-0506,20260303,AP605,AP604,long,59852000,13:37:32.000,normal_quote,normal_move_fill,interval_vwap,10239.0,59853000.0,10031.0,59854000,13:37:34.000,reversion_exit,closed,10327.0,10043.0,88.0,-12.0,76.0,0.0,76.0,2027.0,0.0,76.0,0.0
20260303-AP605-0507,20260303,AP605,AP604,long,59857000,13:37:37.000,normal_quote,normal_move_fill,interval_vwap,10233.0,59858000.0,10032.0,59859000,13:37:39.000,reversion_exit,closed,10322.0,10042.0,89.0,-10.0,79.0,0.0,79.0,2026.5,0.0,79.0,0.0
20260303-AP605-0508,20260303,AP605,AP604,long,59862000,13:37:42.000,normal_quote,normal_move_fill,interval_vwap,10237.0,59863000.0,10032.0,59864000,13:37:44.000,reversion_exit,closed,10324.0,10042.0,87.0,-10.0,77.0,0.0,77.0,2026.9,0.0,77.0,0.0
20260303-AP605-0509,20260303,AP605,AP604,long,59867000,13:37:47.000,normal_quote,normal_move_fill,interval_vwap,10235.0,59868000.0,10035.0,59869000,13:37:49.000,reversion_exit,closed,10330.0,10046.0,95.0,-11.0,84.0,0.0,84.0,2027.0,0.0,84.0,0.0
20260303-AP605-0510,20260303,AP605,AP604,long,59872000,13:37:52.000,normal_quote,normal_move_fill,interval_vwap,10242.0,59873000.0,10036.0,59874000,13:37:54.000,reversion_exit,closed,10331.0,10049.0,89.0,-13.0,76.0,0.0,76.0,2027.8000000000002,0.0,76.0,0.0
20260303-AP605-0511,20260303,AP605,AP604,long,59877000,13:37:57.000,normal_quote,normal_move_fill,interval_vwap,10242.0,59878000.0,10035.0,59879000,13:37:59.000,reversion_exit,closed,10330.0,10046.0,88.0,-11.0,77.0,0.0,77.0,2027.7,0.0,77.0,0.0
20260303-AP605-0512,20260303,AP605,AP604,long,59882000,13:38:02.000,normal_quote,normal_move_fill,interval_vwap,10240.0,59883000.0,10031.0,59884000,13:38:04.000,reversion_exit,closed,10328.0,10046.0,88.0,-15.0,73.0,0.0,73.0,2027.1,0.0,73.0,0.0
20260303-AP605-0513,20260303,AP605,AP604,long,59887000,13:38:07.000,normal_quote,normal_move_fill,interval_vwap,10242.0,59888000.0,10034.0,59889000,13:38:09.000,reversion_exit,closed,10328.0,10064.0,86.0,-30.0,56.0,0.0,56.0,2027.6000000000001,0.0,56.0,0.0
20260303-AP605-0514,20260303,AP605,AP604,long,59892000,13:38:12.000,normal_quote,normal_move_fill,interval_vwap,10244.0,59893000.0,10032.0,59894000,13:38:14.000,reference_invalid_exit,closed,10330.0,10068.0,86.0,-36.0,50.0,0.0,50.0,2027.6000000000001,0.0,50.0,0.0
20260303-AP605-0515,20260303,AP605,AP604,long,59897000,13:38:17.000,normal_quote,normal_move_fill,interval_vwap,10250.0,59898000.0,10037.0,59899000,13:38:19.000,reference_invalid_exit,closed,10335.0,10071.0,85.0,-34.0,51.0,0.0,51.0,2028.7,0.0,51.0,0.0
20260303-AP605-0516,20260303,AP605,AP604,long,59902000,13:38:22.000,normal_quote,normal_move_fill,interval_vwap,10257.0,59903000.0,10038.0,59904000,13:38:24.000,reference_invalid_exit,closed,10335.0,10072.0,78.0,-34.0,44.0,0.0,44.0,2029.5,0.0,44.0,0.0
20260303-AP605-0517,20260303,AP605,AP604,long,59907000,13:38:27.000,normal_quote,normal_move_fill,interval_vwap,10252.0,59908000.0,10039.0,59909000,13:38:29.000,reversion_exit,closed,10336.0,10067.0,84.0,-28.0,56.0,0.0,56.0,2029.1000000000001,0.0,56.0,0.0
20260303-AP605-0518,20260303,AP605,AP604,long,59912000,13:38:32.000,normal_quote,normal_move_fill,interval_vwap,10257.0,59913000.0,10039.0,59914000,13:38:34.000,reversion_exit,closed,10335.0,10063.0,78.0,-24.0,54.0,0.0,54.0,2029.6000000000001,0.0,54.0,0.0
20260303-AP605-0519,20260303,AP605,AP604,long,59917000,13:38:37.000,normal_quote,normal_move_fill,interval_vwap,10253.0,59918000.0,10039.0,59919000,13:38:39.000,reversion_exit,closed,10341.0,10069.0,88.0,-30.0,58.0,0.0,58.0,2029.2,0.0,58.0,0.0
20260303-AP605-0520,20260303,AP605,AP604,long,59922000,13:38:42.000,normal_quote,normal_move_fill,interval_vwap,10257.0,59923000.0,10048.0,59924000,13:38:44.000,reversion_exit,closed,10341.0,10069.0,84.0,-21.0,63.0,0.0,63.0,2030.5,0.0,63.0,0.0
20260303-AP605-0521,20260303,AP605,AP604,long,59927000,13:38:47.000,normal_quote,normal_move_fill,interval_vwap,10254.0,59928000.0,10038.0,59929000,13:38:49.000,reversion_exit,closed,10339.0,10067.0,85.0,-29.0,56.0,0.0,56.0,2029.2000000000003,0.0,56.0,0.0
20260303-AP605-0522,20260303,AP605,AP604,long,59932000,13:38:52.000,normal_quote,normal_move_fill,interval_vwap,10255.0,59933000.0,10038.0,59934000,13:38:54.000,reversion_exit,closed,10336.0,10065.0,81.0,-27.0,54.0,0.0,54.0,2029.3000000000002,0.0,54.0,0.0
20260303-AP605-0523,20260303,AP605,AP604,long,59937000,13:38:57.000,normal_quote,normal_move_fill,interval_vwap,10248.0,59938000.0,10031.0,59939000,13:38:59.000,reversion_exit,closed,10328.0,10057.0,80.0,-26.0,54.0,0.0,54.0,2027.9,0.0,54.0,0.0
20260303-AP605-0524,20260303,AP605,AP604,long,59942000,13:39:02.000,normal_quote,normal_move_fill,interval_vwap,10243.0,59943000.0,10031.0,59944000,13:39:04.000,reversion_exit,closed,10326.0,10054.0,83.0,-23.0,60.0,0.0,60.0,2027.4,0.0,60.0,0.0
20260303-AP605-0525,20260303,AP605,AP604,long,59947000,13:39:07.000,normal_quote,normal_move_fill,interval_vwap,10241.0,59948000.0,10023.0,59949000,13:39:09.000,reversion_exit,closed,10319.0,10046.0,78.0,-23.0,55.0,0.0,55.0,2026.4,0.0,55.0,0.0
20260303-AP605-0526,20260303,AP605,AP604,long,59952000,13:39:12.000,normal_quote,normal_move_fill,interval_vwap,10236.0,59953000.0,10020.0,59954000,13:39:14.000,reversion_exit,closed,10315.0,10044.0,79.0,-24.0,55.0,0.0,55.0,2025.6,0.0,55.0,0.0
20260303-AP605-0527,20260303,AP605,AP604,long,59957000,13:39:17.000,normal_quote,normal_move_fill,interval_vwap,10232.0,59958000.0,10022.0,59959000,13:39:19.000,reversion_exit,closed,10317.0,10045.0,85.0,-23.0,62.0,0.0,62.0,2025.4,0.0,62.0,0.0
20260303-AP605-0528,20260303,AP605,AP604,long,59962000,13:39:22.000,normal_quote,normal_move_fill,interval_vwap,10235.0,59963000.0,10023.0,59964000,13:39:24.000,reversion_exit,closed,10318.0,10045.0,83.0,-22.0,61.0,0.0,61.0,2025.8000000000002,0.0,61.0,0.0
20260303-AP605-0529,20260303,AP605,AP604,long,59967000,13:39:27.000,normal_quote,normal_move_fill,interval_vwap,10235.0,59968000.0,10021.0,59969000,13:39:29.000,reversion_exit,closed,10318.0,10045.0,83.0,-24.0,59.0,0.0,59.0,2025.6,0.0,59.0,0.0
20260303-AP605-0530,20260303,AP605,AP604,long,59972000,13:39:32.000,normal_quote,normal_move_fill,interval_vwap,10236.0,59973000.0,10024.0,59974000,13:39:34.000,reversion_exit,closed,10321.0,10048.0,85.0,-24.0,61.0,0.0,61.0,2026.0,0.0,61.0,0.0
20260303-AP605-0531,20260303,AP605,AP604,long,59977000,13:39:37.000,normal_quote,normal_move_fill,interval_vwap,10243.0,59978000.0,10031.0,59979000,13:39:39.000,reversion_exit,closed,10327.0,10051.0,84.0,-20.0,64.0,0.0,64.0,2027.4,0.0,64.0,0.0
20260303-AP605-0532,20260303,AP605,AP604,long,59982000,13:39:42.000,normal_quote,normal_move_fill,interval_vwap,10241.0,59983000.0,10025.0,59984000,13:39:44.000,reversion_exit,closed,10322.0,10046.0,81.0,-21.0,60.0,0.0,60.0,2026.6000000000001,0.0,60.0,0.0
20260303-AP605-0533,20260303,AP605,AP604,long,59987000,13:39:47.000,normal_quote,normal_move_fill,interval_vwap,10241.0,59988000.0,10028.0,59989000,13:39:49.000,reversion_exit,closed,10322.0,10047.0,81.0,-19.0,62.0,0.0,62.0,2026.9,0.0,62.0,0.0
20260303-AP605-0534,20260303,AP605,AP604,long,59992000,13:39:52.000,normal_quote,normal_move_fill,interval_vwap,10239.0,59993000.0,10027.0,59994000,13:39:54.000,reversion_exit,closed,10324.0,10048.0,85.0,-21.0,64.0,0.0,64.0,2026.6000000000001,0.0,64.0,0.0
20260303-AP605-0535,20260303,AP605,AP604,long,59997000,13:39:57.000,normal_quote,normal_move_fill,interval_vwap,10241.0,59998000.0,10028.0,59999000,13:39:59.000,reversion_exit,closed,10327.0,10050.0,86.0,-22.0,64.0,0.0,64.0,2026.9,0.0,64.0,0.0
20260303-AP605-0536,20260303,AP605,AP604,long,60002000,13:40:02.000,normal_quote,normal_move_fill,interval_vwap,10243.0,60003000.0,10036.0,60004000,13:40:04.000,reversion_exit,closed,10335.0,10057.0,92.0,-21.0,71.0,0.0,71.0,2027.9,0.0,71.0,0.0
20260303-AP605-0537,20260303,AP605,AP604,long,60008000,13:40:08.000,normal_quote,normal_move_fill,interval_vwap,10252.0,60009000.0,10040.0,60010000,13:40:10.000,reference_invalid_exit,closed,10340.0,10063.0,88.0,-23.0,65.0,0.0,65.0,2029.2,0.0,65.0,0.0
20260303-AP605-0538,20260303,AP605,AP604,long,60013000,13:40:13.000,normal_quote,normal_move_fill,interval_vwap,10257.0,60014000.0,10043.0,60015000,13:40:15.000,reference_invalid_exit,closed,10337.0,10062.0,80.0,-19.0,61.0,0.0,61.0,2030.0,0.0,61.0,0.0
20260303-AP605-0539,20260303,AP605,AP604,long,60018000,13:40:18.000,normal_quote,normal_move_fill,interval_vwap,10257.0,60019000.0,10045.0,60020000,13:40:20.000,reference_invalid_exit,closed,10342.0,10064.0,85.0,-19.0,66.0,0.0,66.0,2030.2,0.0,66.0,0.0
20260303-AP605-0540,20260303,AP605,AP604,long,60023000,13:40:23.000,normal_quote,normal_move_fill,interval_vwap,10260.0,60024000.0,10041.0,60025000,13:40:25.000,reference_invalid_exit,closed,10338.0,10061.0,78.0,-20.0,58.0,0.0,58.0,2030.1,0.0,58.0,0.0
20260303-AP605-0541,20260303,AP605,AP604,long,60028000,13:40:28.000,normal_quote,normal_move_fill,interval_vwap,10249.0,60029000.0,10042.0,60030000,13:40:30.000,reference_invalid_exit,closed,10342.0,10061.0,93.0,-19.0,74.0,0.0,74.0,2029.1000000000001,0.0,74.0,0.0
20260303-AP605-0542,20260303,AP605,AP604,long,60033000,13:40:33.000,normal_quote,normal_move_fill,interval_vwap,10260.0,60034000.0,10045.0,60035000,13:40:35.000,reference_invalid_exit,closed,10348.0,10061.0,88.0,-16.0,72.0,0.0,72.0,2030.5,0.0,72.0,0.0
20260303-AP605-0543,20260303,AP605,AP604,long,60038000,13:40:38.000,normal_quote,normal_move_fill,interval_vwap,10260.0,60039000.0,10058.0,60040000,13:40:40.000,reversion_exit,closed,10355.0,10061.0,95.0,-3.0,92.0,0.0,92.0,2031.8000000000002,0.0,92.0,0.0
20260303-AP605-0544,20260303,AP605,AP604,long,60043000,13:40:43.000,normal_quote,normal_move_fill,interval_vwap,10274.0,60044000.0,10057.0,60045000,13:40:45.000,reference_invalid_exit,closed,10355.0,10078.0,81.0,-21.0,60.0,0.0,60.0,2033.1000000000001,0.0,60.0,0.0
20260303-AP605-0545,20260303,AP605,AP604,long,60048000,13:40:48.000,normal_quote,normal_move_fill,interval_vwap,10273.0,60049000.0,10049.0,60050000,13:40:50.000,reference_invalid_exit,closed,10358.0,10078.0,85.0,-29.0,56.0,0.0,56.0,2032.2,0.0,56.0,0.0
20260303-AP605-0546,20260303,AP605,AP604,long,60053000,13:40:53.000,normal_quote,normal_move_fill,interval_vwap,10275.0,60054000.0,10057.0,60055000,13:40:55.000,reference_invalid_exit,closed,10359.0,10081.0,84.0,-24.0,60.0,0.0,60.0,2033.2,0.0,60.0,0.0
20260303-AP605-0547,20260303,AP605,AP604,long,60058000,13:40:58.000,normal_quote,normal_move_fill,interval_vwap,10278.0,60059000.0,10062.0,60060000,13:41:00.000,reference_invalid_exit,closed,10361.0,10080.0,83.0,-18.0,65.0,0.0,65.0,2034.0,0.0,65.0,0.0
20260303-AP605-0548,20260303,AP605,AP604,long,60064000,13:41:04.000,normal_quote,normal_move_fill,interval_vwap,10280.0,60065000.0,10071.0,60066000,13:41:06.000,reference_invalid_exit,closed,10373.0,10081.0,93.0,-10.0,83.0,0.0,83.0,2035.1,0.0,83.0,0.0
20260303-AP605-0549,20260303,AP605,AP604,long,60069000,13:41:09.000,normal_quote,normal_move_fill,interval_vwap,10295.0,60070000.0,10071.0,60071000,13:41:11.000,reference_invalid_exit,closed,10378.0,10079.0,83.0,-8.0,75.0,0.0,75.0,2036.6,0.0,75.0,0.0
20260303-AP605-0550,20260303,AP605,AP604,long,60075000,13:41:15.000,normal_quote,normal_move_fill,interval_vwap,10289.0,60076000.0,10062.0,60077000,13:41:17.000,reference_invalid_exit,closed,10368.0,10079.0,79.0,-17.0,62.0,0.0,62.0,2035.1000000000001,0.0,62.0,0.0
20260303-AP605-0551,20260303,AP605,AP604,long,60080000,13:41:20.000,normal_quote,normal_move_fill,interval_vwap,10279.0,60081000.0,10055.0,60082000,13:41:22.000,reference_invalid_exit,closed,10359.0,10079.0,80.0,-24.0,56.0,0.0,56.0,2033.4,0.0,56.0,0.0
20260303-AP605-0552,20260303,AP605,AP604,long,60085000,13:41:25.000,normal_quote,normal_move_fill,interval_vwap,10274.0,60086000.0,10042.0,60087000,13:41:27.000,reference_invalid_exit,closed,10350.0,10073.0,76.0,-31.0,45.0,0.0,45.0,2031.6000000000001,0.0,45.0,0.0
20260303-AP605-0553,20260303,AP605,AP604,long,60090000,13:41:30.000,normal_quote,normal_move_fill,interval_vwap,10255.0,60091000.0,10043.0,60092000,13:41:32.000,reference_invalid_exit,closed,10350.0,10072.0,95.0,-29.0,66.0,0.0,66.0,2029.8000000000002,0.0,66.0,0.0
20260303-AP605-0554,20260303,AP605,AP604,long,60095000,13:41:35.000,normal_quote,normal_move_fill,interval_vwap,10259.0,60096000.0,10045.0,60097000,13:41:37.000,reference_invalid_exit,closed,10351.0,10068.0,92.0,-23.0,69.0,0.0,69.0,2030.4,0.0,69.0,0.0
20260303-AP605-0555,20260303,AP605,AP604,long,60100000,13:41:40.000,normal_quote,normal_move_fill,interval_vwap,10266.0,60101000.0,10042.0,60102000,13:41:42.000,reference_invalid_exit,closed,10346.0,10064.0,80.0,-22.0,58.0,0.0,58.0,2030.8000000000002,0.0,58.0,0.0
20260303-AP605-0556,20260303,AP605,AP604,long,60105000,13:41:45.000,normal_quote,normal_move_fill,interval_vwap,10250.0,60106000.0,10040.0,60107000,13:41:47.000,reversion_exit,closed,10342.0,10061.0,92.0,-21.0,71.0,0.0,71.0,2029.0,0.0,71.0,0.0
20260303-AP605-0557,20260303,AP605,AP604,long,60110000,13:41:50.000,normal_quote,normal_move_fill,interval_vwap,10249.0,60111000.0,10036.0,60112000,13:41:52.000,reversion_exit,closed,10340.0,10057.0,91.0,-21.0,70.0,0.0,70.0,2028.5,0.0,70.0,0.0
20260303-AP605-0558,20260303,AP605,AP604,long,60115000,13:41:55.000,normal_quote,normal_move_fill,interval_vwap,10246.0,60116000.0,10041.0,60117000,13:41:57.000,reference_invalid_exit,closed,10346.0,10065.0,100.0,-24.0,76.0,0.0,76.0,2028.7000000000003,0.0,76.0,0.0
20260303-AP605-0559,20260303,AP605,AP604,long,60120000,13:42:00.000,normal_quote,normal_move_fill,interval_vwap,10266.0,60121000.0,10050.0,60122000,13:42:02.000,reference_invalid_exit,closed,10357.0,10073.0,91.0,-23.0,68.0,0.0,68.0,2031.6000000000001,0.0,68.0,0.0
20260303-AP605-0560,20260303,AP605,AP604,long,60125000,13:42:05.000,normal_quote,normal_move_fill,interval_vwap,10273.0,60126000.0,10054.0,60127000,13:42:07.000,reference_invalid_exit,closed,10357.0,10073.0,84.0,-19.0,65.0,0.0,65.0,2032.7,0.0,65.0,0.0
20260303-AP605-0561,20260303,AP605,AP604,long,60130000,13:42:10.000,normal_quote,normal_move_fill,interval_vwap,10274.0,60131000.0,10053.0,60132000,13:42:12.000,reference_invalid_exit,closed,10359.0,10076.0,85.0,-23.0,62.0,0.0,62.0,2032.7000000000003,0.0,62.0,0.0
20260303-AP605-0562,20260303,AP605,AP604,long,60135000,13:42:15.000,normal_quote,normal_move_fill,interval_vwap,10274.0,60136000.0,10053.0,60137000,13:42:17.000,reference_invalid_exit,closed,10358.0,10073.0,84.0,-20.0,64.0,0.0,64.0,2032.7000000000003,0.0,64.0,0.0
20260303-AP605-0563,20260303,AP605,AP604,long,60140000,13:42:20.000,normal_quote,normal_move_fill,interval_vwap,10274.0,60141000.0,10053.0,60142000,13:42:22.000,reference_invalid_exit,closed,10358.0,10073.0,84.0,-20.0,64.0,0.0,64.0,2032.7000000000003,0.0,64.0,0.0
20260303-AP605-0564,20260303,AP605,AP604,long,60145000,13:42:25.000,normal_quote,normal_move_fill,interval_vwap,10274.0,60146000.0,10052.0,60147000,13:42:27.000,reference_invalid_exit,closed,10358.0,10073.0,84.0,-21.0,63.0,0.0,63.0,2032.6000000000001,0.0,63.0,0.0
20260303-AP605-0565,20260303,AP605,AP604,long,60150000,13:42:30.000,normal_quote,normal_move_fill,interval_vwap,10273.0,60151000.0,10051.0,60152000,13:42:32.000,reference_invalid_exit,closed,10356.0,10071.0,83.0,-20.0,63.0,0.0,63.0,2032.4,0.0,63.0,0.0
20260303-AP605-0566,20260303,AP605,AP604,long,60155000,13:42:35.000,normal_quote,normal_move_fill,interval_vwap,10260.0,60156000.0,10045.0,60157000,13:42:37.000,reversion_exit,closed,10349.0,10064.0,89.0,-19.0,70.0,0.0,70.0,2030.5,0.0,70.0,0.0
20260303-AP605-0567,20260303,AP605,AP604,long,60160000,13:42:40.000,normal_quote,normal_move_fill,interval_vwap,10257.0,60161000.0,10043.0,60162000,13:42:42.000,reversion_exit,closed,10348.0,10067.0,91.0,-24.0,67.0,0.0,67.0,2030.0,0.0,67.0,0.0
20260303-AP605-0568,20260303,AP605,AP604,long,60165000,13:42:45.000,normal_quote,normal_move_fill,interval_vwap,10261.0,60166000.0,10043.0,60167000,13:42:47.000,reversion_exit,closed,10348.0,10068.0,87.0,-25.0,62.0,0.0,62.0,2030.4,0.0,62.0,0.0
20260303-AP605-0569,20260303,AP605,AP604,long,60170000,13:42:50.000,normal_quote,normal_move_fill,interval_vwap,10261.0,60171000.0,10044.0,60172000,13:42:52.000,reversion_exit,closed,10349.0,10067.0,88.0,-23.0,65.0,0.0,65.0,2030.5000000000002,0.0,65.0,0.0
20260303-AP605-0570,20260303,AP605,AP604,long,60175000,13:42:55.000,normal_quote,normal_move_fill,interval_vwap,10261.0,60176000.0,10051.0,60177000,13:42:57.000,reversion_exit,closed,10360.0,10075.0,99.0,-24.0,75.0,0.0,75.0,2031.2000000000003,0.0,75.0,0.0
20260303-AP605-0571,20260303,AP605,AP604,long,60181000,13:43:01.000,normal_quote,normal_move_fill,interval_vwap,10269.0,60182000.0,10049.0,60183000,13:43:03.000,reversion_exit,closed,10353.0,10070.0,84.0,-21.0,63.0,0.0,63.0,2031.8000000000002,0.0,63.0,0.0
20260303-AP605-0572,20260303,AP605,AP604,long,60187000,13:43:07.000,normal_quote,normal_move_fill,interval_vwap,10263.0,60188000.0,10047.0,60189000,13:43:09.000,reversion_exit,closed,10351.0,10070.0,88.0,-23.0,65.0,0.0,65.0,2031.0,0.0,65.0,0.0
20260303-AP605-0573,20260303,AP605,AP604,long,60192000,13:43:12.000,normal_quote,normal_move_fill,interval_vwap,10265.0,60193000.0,10052.0,60194000,13:43:14.000,reversion_exit,closed,10356.0,10073.0,91.0,-21.0,70.0,0.0,70.0,2031.7,0.0,70.0,0.0
20260303-AP605-0574,20260303,AP605,AP604,long,60197000,13:43:17.000,normal_quote,normal_move_fill,interval_vwap,10272.0,60198000.0,10047.0,60199000,13:43:19.000,reversion_exit,closed,10351.0,10066.0,79.0,-19.0,60.0,0.0,60.0,2031.9,0.0,60.0,0.0
20260303-AP605-0575,20260303,AP605,AP604,long,60202000,13:43:22.000,normal_quote,normal_move_fill,interval_vwap,10265.0,60203000.0,10046.0,60204000,13:43:24.000,reversion_exit,closed,10350.0,10069.0,85.0,-23.0,62.0,0.0,62.0,2031.1,0.0,62.0,0.0
20260303-AP605-0576,20260303,AP605,AP604,long,60207000,13:43:27.000,normal_quote,normal_move_fill,interval_vwap,10264.0,60208000.0,10045.0,60209000,13:43:29.000,reversion_exit,closed,10349.0,10068.0,85.0,-23.0,62.0,0.0,62.0,2030.9,0.0,62.0,0.0
20260303-AP605-0577,20260303,AP605,AP604,long,60212000,13:43:32.000,normal_quote,normal_move_fill,interval_vwap,10267.0,60213000.0,10046.0,60214000,13:43:34.000,reversion_exit,closed,10350.0,10066.0,83.0,-20.0,63.0,0.0,63.0,2031.3000000000002,0.0,63.0,0.0
20260303-AP605-0578,20260303,AP605,AP604,long,60217000,13:43:37.000,normal_quote,normal_move_fill,interval_vwap,10263.0,60218000.0,10047.0,60219000,13:43:39.000,reversion_exit,closed,10350.0,10067.0,87.0,-20.0,67.0,0.0,67.0,2031.0,0.0,67.0,0.0
20260303-AP605-0579,20260303,AP605,AP604,long,60222000,13:43:42.000,normal_quote,normal_move_fill,interval_vwap,10267.0,60223000.0,10048.0,60224000,13:43:44.000,reversion_exit,closed,10351.0,10069.0,84.0,-21.0,63.0,0.0,63.0,2031.5,0.0,63.0,0.0
20260303-AP605-0580,20260303,AP605,AP604,long,60227000,13:43:47.000,normal_quote,normal_move_fill,interval_vwap,10271.0,60228000.0,10048.0,60229000,13:43:49.000,reversion_exit,closed,10352.0,10069.0,81.0,-21.0,60.0,0.0,60.0,2031.9,0.0,60.0,0.0
20260303-AP605-0581,20260303,AP605,AP604,long,60232000,13:43:52.000,normal_quote,normal_move_fill,interval_vwap,10264.0,,,60233000,13:43:53.000,hedge_failure_exit,hedge_failure_exit,10352.0,,88.0,,88.0,0.0,88.0,,0.0,,0.0
20260303-AP605-0582,20260303,AP605,AP604,long,60236000,13:43:56.000,normal_quote,normal_move_fill,interval_vwap,10268.0,60237000.0,10046.0,60238000,13:43:58.000,reversion_exit,closed,10350.0,10065.0,82.0,-19.0,63.0,0.0,63.0,2031.4,0.0,63.0,0.0
20260303-AP605-0583,20260303,AP605,AP604,long,60241000,13:44:01.000,normal_quote,normal_move_fill,interval_vwap,10268.0,60242000.0,10051.0,60243000,13:44:03.000,reference_invalid_exit,closed,10357.0,10073.0,89.0,-22.0,67.0,0.0,67.0,2031.9,0.0,67.0,0.0
20260303-AP605-0584,20260303,AP605,AP604,long,60246000,13:44:06.000,normal_quote,normal_move_fill,interval_vwap,10278.0,60247000.0,10060.0,60248000,13:44:08.000,reversion_exit,closed,10365.0,10079.0,87.0,-19.0,68.0,0.0,68.0,2033.8,0.0,68.0,0.0
20260303-AP605-0585,20260303,AP605,AP604,long,60251000,13:44:11.000,normal_quote,normal_move_fill,interval_vwap,10277.0,60252000.0,10065.0,60253000,13:44:13.000,reversion_exit,closed,10368.0,10079.0,91.0,-14.0,77.0,0.0,77.0,2034.2,0.0,77.0,0.0
20260303-AP605-0586,20260303,AP605,AP604,long,60256000,13:44:16.000,normal_quote,normal_move_fill,interval_vwap,10285.0,60257000.0,10060.0,60258000,13:44:18.000,reversion_exit,closed,10365.0,10079.0,80.0,-19.0,61.0,0.0,61.0,2034.5,0.0,61.0,0.0
20260303-AP605-0587,20260303,AP605,AP604,long,60262000,13:44:22.000,normal_quote,normal_move_fill,interval_vwap,10274.0,60263000.0,10064.0,60264000,13:44:24.000,reversion_exit,closed,10365.0,10079.0,91.0,-15.0,76.0,0.0,76.0,2033.8000000000002,0.0,76.0,0.0
20260303-AP605-0588,20260303,AP605,AP604,long,60267000,13:44:27.000,normal_quote,normal_move_fill,interval_vwap,10275.0,60268000.0,10065.0,60269000,13:44:29.000,reversion_exit,closed,10370.0,10079.0,95.0,-14.0,81.0,0.0,81.0,2034.0,0.0,81.0,0.0
20260303-AP605-0589,20260303,AP605,AP604,long,60272000,13:44:32.000,normal_quote,normal_move_fill,interval_vwap,10277.0,60273000.0,10067.0,60274000,13:44:34.000,reversion_exit,closed,10372.0,10079.0,95.0,-12.0,83.0,0.0,83.0,2034.4,0.0,83.0,0.0
20260303-AP605-0590,20260303,AP605,AP604,long,60277000,13:44:37.000,normal_quote,normal_move_fill,interval_vwap,10277.0,60278000.0,10062.0,60279000,13:44:39.000,reversion_exit,closed,10370.0,10079.0,93.0,-17.0,76.0,0.0,76.0,2033.9,0.0,76.0,0.0
20260303-AP605-0591,20260303,AP605,AP604,long,60282000,13:44:42.000,normal_quote,normal_move_fill,interval_vwap,10277.0,60283000.0,10060.0,60284000,13:44:44.000,reversion_exit,closed,10366.0,10079.0,89.0,-19.0,70.0,0.0,70.0,2033.7,0.0,70.0,0.0
20260303-AP605-0592,20260303,AP605,AP604,long,60287000,13:44:47.000,normal_quote,normal_move_fill,interval_vwap,10278.0,60288000.0,10062.0,60289000,13:44:49.000,reference_invalid_exit,closed,10367.0,10079.0,89.0,-17.0,72.0,0.0,72.0,2034.0,0.0,72.0,0.0
20260303-AP605-0593,20260303,AP605,AP604,long,60292000,13:44:52.000,normal_quote,normal_move_fill,interval_vwap,10283.0,,,60293000,13:44:53.000,hedge_failure_exit,hedge_failure_exit,10367.0,,84.0,,84.0,0.0,84.0,,0.0,,0.0
20260303-AP605-0594,20260303,AP605,AP604,long,60298000,13:44:58.000,normal_quote,normal_move_fill,interval_vwap,10277.0,60299000.0,10060.0,60300000,13:45:00.000,reversion_exit,closed,10367.0,10079.0,90.0,-19.0,71.0,0.0,71.0,2033.7,0.0,71.0,0.0
20260303-AP605-0595,20260303,AP605,AP604,long,60303000,13:45:03.000,normal_quote,normal_move_fill,interval_vwap,10278.0,60304000.0,10060.0,60305000,13:45:05.000,reversion_exit,closed,10362.0,10079.0,84.0,-19.0,65.0,0.0,65.0,2033.8,0.0,65.0,0.0
20260303-AP605-0596,20260303,AP605,AP604,long,60308000,13:45:08.000,normal_quote,normal_move_fill,interval_vwap,10274.0,60309000.0,10053.0,60310000,13:45:10.000,reversion_exit,closed,10357.0,10071.0,83.0,-18.0,65.0,0.0,65.0,2032.7000000000003,0.0,65.0,0.0
20260303-AP605-0597,20260303,AP605,AP604,long,60313000,13:45:13.000,normal_quote,normal_move_fill,interval_vwap,10269.0,60314000.0,10050.0,60315000,13:45:15.000,reversion_exit,closed,10354.0,10068.0,85.0,-18.0,67.0,0.0,67.0,2031.9,0.0,67.0,0.0
20260303-AP605-0598,20260303,AP605,AP604,long,60318000,13:45:18.000,normal_quote,normal_move_fill,interval_vwap,10271.0,60319000.0,10054.0,60320000,13:45:20.000,reversion_exit,closed,10359.0,10072.0,88.0,-18.0,70.0,0.0,70.0,2032.5000000000002,0.0,70.0,0.0
20260303-AP605-0599,20260303,AP605,AP604,long,60323000,13:45:23.000,normal_quote,normal_move_fill,interval_vwap,10271.0,60324000.0,10051.0,60325000,13:45:25.000,reversion_exit,closed,10356.0,10071.0,85.0,-20.0,65.0,0.0,65.0,2032.2000000000003,0.0,65.0,0.0
20260303-AP605-0600,20260303,AP605,AP604,long,60328000,13:45:28.000,normal_quote,normal_move_fill,interval_vwap,10272.0,60329000.0,10055.0,60330000,13:45:30.000,reversion_exit,closed,10359.0,10076.0,87.0,-21.0,66.0,0.0,66.0,2032.7,0.0,66.0,0.0
20260303-AP605-0601,20260303,AP605,AP604,long,60333000,13:45:33.000,normal_quote,normal_move_fill,interval_vwap,10276.0,60334000.0,10060.0,60335000,13:45:35.000,reversion_exit,closed,10366.0,10079.0,90.0,-19.0,71.0,0.0,71.0,2033.6000000000001,0.0,71.0,0.0
20260303-AP605-0602,20260303,AP605,AP604,long,60338000,13:45:38.000,normal_quote,normal_move_fill,interval_vwap,10275.0,60339000.0,10060.0,60340000,13:45:40.000,reversion_exit,closed,10366.0,10079.0,91.0,-19.0,72.0,0.0,72.0,2033.5,0.0,72.0,0.0
20260303-AP605-0603,20260303,AP605,AP604,long,60343000,13:45:43.000,normal_quote,normal_move_fill,interval_vwap,10278.0,60344000.0,10061.0,60345000,13:45:45.000,reversion_exit,closed,10360.0,10074.0,82.0,-13.0,69.0,0.0,69.0,2033.9,0.0,69.0,0.0
20260303-AP605-0604,20260303,AP605,AP604,long,60348000,13:45:48.000,normal_quote,normal_move_fill,interval_vwap,10271.0,60349000.0,10052.0,60350000,13:45:50.000,reversion_exit,closed,10356.0,10069.0,85.0,-17.0,68.0,0.0,68.0,2032.3000000000002,0.0,68.0,0.0
20260303-AP605-0605,20260303,AP605,AP604,long,60353000,13:45:53.000,normal_quote,normal_move_fill,interval_vwap,10269.0,60354000.0,10050.0,60355000,13:45:55.000,reversion_exit,closed,10355.0,10071.0,86.0,-21.0,65.0,0.0,65.0,2031.9,0.0,65.0,0.0
20260303-AP605-0606,20260303,AP605,AP604,long,60358000,13:45:58.000,normal_quote,normal_move_fill,interval_vwap,10271.0,60359000.0,10050.0,60360000,13:46:00.000,reference_invalid_exit,closed,10359.0,10079.0,88.0,-29.0,59.0,0.0,59.0,2032.1000000000001,0.0,59.0,0.0
20260303-AP605-0607,20260303,AP605,AP604,long,60363000,13:46:03.000,normal_quote,normal_move_fill,interval_vwap,10275.0,60364000.0,10051.0,60365000,13:46:05.000,reference_invalid_exit,closed,10358.0,10079.0,83.0,-28.0,55.0,0.0,55.0,2032.6,0.0,55.0,0.0
20260303-AP605-0608,20260303,AP605,AP604,long,60368000,13:46:08.000,normal_quote,normal_move_fill,interval_vwap,10274.0,60369000.0,10052.0,60370000,13:46:10.000,reversion_exit,closed,10361.0,10079.0,87.0,-27.0,60.0,0.0,60.0,2032.6000000000001,0.0,60.0,0.0
20260303-AP605-0609,20260303,AP605,AP604,long,60373000,13:46:13.000,normal_quote,normal_move_fill,interval_vwap,10274.0,60374000.0,10051.0,60375000,13:46:15.000,reversion_exit,closed,10358.0,10079.0,84.0,-28.0,56.0,0.0,56.0,2032.5,0.0,56.0,0.0
20260303-AP605-0610,20260303,AP605,AP604,long,60378000,13:46:18.000,normal_quote,normal_move_fill,interval_vwap,10273.0,60379000.0,10053.0,60380000,13:46:20.000,reversion_exit,closed,10360.0,10079.0,87.0,-26.0,61.0,0.0,61.0,2032.6,0.0,61.0,0.0
20260303-AP605-0611,20260303,AP605,AP604,long,60383000,13:46:23.000,normal_quote,normal_move_fill,interval_vwap,10274.0,60384000.0,10056.0,60385000,13:46:25.000,reversion_exit,closed,10362.0,10079.0,88.0,-23.0,65.0,0.0,65.0,2033.0,0.0,65.0,0.0
20260303-AP605-0612,20260303,AP605,AP604,long,60388000,13:46:28.000,normal_quote,normal_move_fill,interval_vwap,10274.0,60389000.0,10055.0,60390000,13:46:30.000,reversion_exit,closed,10362.0,10079.0,88.0,-24.0,64.0,0.0,64.0,2032.9,0.0,64.0,0.0
20260303-AP605-0613,20260303,AP605,AP604,long,60393000,13:46:33.000,normal_quote,normal_move_fill,interval_vwap,10274.0,60394000.0,10053.0,60395000,13:46:35.000,reversion_exit,closed,10359.0,10079.0,85.0,-26.0,59.0,0.0,59.0,2032.7000000000003,0.0,59.0,0.0
20260303-AP605-0614,20260303,AP605,AP604,long,60398000,13:46:38.000,normal_quote,normal_move_fill,interval_vwap,10274.0,60399000.0,10053.0,60400000,13:46:40.000,reversion_exit,closed,10357.0,10077.0,83.0,-24.0,59.0,0.0,59.0,2032.7000000000003,0.0,59.0,0.0
20260303-AP605-0615,20260303,AP605,AP604,long,60403000,13:46:43.000,normal_quote,normal_move_fill,interval_vwap,10274.0,60404000.0,10052.0,60405000,13:46:45.000,reversion_exit,closed,10357.0,10077.0,83.0,-25.0,58.0,0.0,58.0,2032.6000000000001,0.0,58.0,0.0
20260303-AP605-0616,20260303,AP605,AP604,long,60408000,13:46:48.000,normal_quote,normal_move_fill,interval_vwap,10273.0,60409000.0,10051.0,60410000,13:46:50.000,reversion_exit,closed,10356.0,10075.0,83.0,-24.0,59.0,0.0,59.0,2032.4,0.0,59.0,0.0
20260303-AP605-0617,20260303,AP605,AP604,long,60413000,13:46:53.000,normal_quote,normal_move_fill,interval_vwap,10271.0,60414000.0,10050.0,60415000,13:46:55.000,reversion_exit,closed,10354.0,10073.0,83.0,-23.0,60.0,0.0,60.0,2032.1000000000001,0.0,60.0,0.0
20260303-AP605-0618,20260303,AP605,AP604,long,60418000,13:46:58.000,normal_quote,normal_move_fill,interval_vwap,10269.0,60419000.0,10046.0,60420000,13:47:00.000,reversion_exit,closed,10352.0,10072.0,83.0,-26.0,57.0,0.0,57.0,2031.5,0.0,57.0,0.0
20260303-AP605-0619,20260303,AP605,AP604,long,60423000,13:47:03.000,normal_quote,normal_move_fill,interval_vwap,10273.0,60424000.0,10054.0,60425000,13:47:05.000,reversion_exit,closed,10359.0,10079.0,86.0,-25.0,61.0,0.0,61.0,2032.7,0.0,61.0,0.0
20260303-AP605-0620,20260303,AP605,AP604,long,60428000,13:47:08.000,normal_quote,normal_move_fill,interval_vwap,10274.0,60429000.0,10055.0,60430000,13:47:10.000,reversion_exit,closed,10360.0,10079.0,86.0,-24.0,62.0,0.0,62.0,2032.9,0.0,62.0,0.0
20260303-AP605-0621,20260303,AP605,AP604,long,60433000,13:47:13.000,normal_quote,normal_move_fill,interval_vwap,10272.0,60434000.0,10049.0,60436000,13:47:16.000,reversion_exit,closed,10355.0,10077.0,83.0,-28.0,55.0,0.0,55.0,2032.1000000000001,0.0,55.0,0.0
20260303-AP605-0622,20260303,AP605,AP604,long,60439000,13:47:19.000,normal_quote,normal_move_fill,interval_vwap,10272.0,60440000.0,10048.0,60441000,13:47:21.000,reversion_exit,closed,10354.0,10074.0,82.0,-26.0,56.0,0.0,56.0,2032.0,0.0,56.0,0.0
20260303-AP605-0623,20260303,AP605,AP604,long,60444000,13:47:24.000,normal_quote,normal_move_fill,interval_vwap,10271.0,60445000.0,10047.0,60446000,13:47:26.000,reference_invalid_exit,closed,10352.0,10076.0,81.0,-29.0,52.0,0.0,52.0,2031.8000000000002,0.0,52.0,0.0
20260303-AP605-0624,20260303,AP605,AP604,long,60449000,13:47:29.000,normal_quote,normal_move_fill,interval_vwap,10270.0,60450000.0,10048.0,60451000,13:47:31.000,reversion_exit,closed,10353.0,10072.0,83.0,-24.0,59.0,0.0,59.0,2031.8000000000002,0.0,59.0,0.0
20260303-AP605-0625,20260303,AP605,AP604,long,60454000,13:47:34.000,normal_quote,normal_move_fill,interval_vwap,10270.0,60455000.0,10050.0,60456000,13:47:36.000,reversion_exit,closed,10355.0,10077.0,85.0,-27.0,58.0,0.0,58.0,2032.0,0.0,58.0,0.0
20260303-AP605-0626,20260303,AP605,AP604,long,60459000,13:47:39.000,normal_quote,normal_move_fill,interval_vwap,10267.0,60460000.0,10050.0,60461000,13:47:41.000,reversion_exit,closed,10355.0,10077.0,88.0,-27.0,61.0,0.0,61.0,2031.7,0.0,61.0,0.0
20260303-AP605-0627,20260303,AP605,AP604,long,60465000,13:47:45.000,normal_quote,normal_move_fill,interval_vwap,10267.0,60466000.0,10050.0,60467000,13:47:47.000,reference_invalid_exit,closed,10355.0,10077.0,88.0,-27.0,61.0,0.0,61.0,2031.7,0.0,61.0,0.0
20260303-AP605-0628,20260303,AP605,AP604,long,60470000,13:47:50.000,normal_quote,normal_move_fill,interval_vwap,10272.0,60471000.0,10053.0,60472000,13:47:52.000,reference_invalid_exit,closed,10358.0,10077.0,86.0,-24.0,62.0,0.0,62.0,2032.5,0.0,62.0,0.0
20260303-AP605-0629,20260303,AP605,AP604,long,60476000,13:47:56.000,normal_quote,normal_move_fill,interval_vwap,10275.0,60477000.0,10055.0,60478000,13:47:58.000,reference_invalid_exit,closed,10360.0,10079.0,85.0,-24.0,61.0,0.0,61.0,2033.0,0.0,61.0,0.0
20260303-AP605-0630,20260303,AP605,AP604,long,60481000,13:48:01.000,normal_quote,normal_move_fill,interval_vwap,10277.0,60482000.0,10057.0,60483000,13:48:03.000,reference_invalid_exit,closed,10363.0,10079.0,86.0,-22.0,64.0,0.0,64.0,2033.4,0.0,64.0,0.0
20260303-AP605-0631,20260303,AP605,AP604,long,60486000,13:48:06.000,normal_quote,normal_move_fill,interval_vwap,10273.0,60487000.0,10058.0,60488000,13:48:08.000,reference_invalid_exit,closed,10362.0,10079.0,89.0,-21.0,68.0,0.0,68.0,2033.1,0.0,68.0,0.0
20260303-AP605-0632,20260303,AP605,AP604,long,60491000,13:48:11.000,normal_quote,normal_move_fill,interval_vwap,10278.0,60492000.0,10058.0,60493000,13:48:13.000,reference_invalid_exit,closed,10367.0,10079.0,89.0,-21.0,68.0,0.0,68.0,2033.6,0.0,68.0,0.0
20260303-AP605-0633,20260303,AP605,AP604,long,60496000,13:48:16.000,normal_quote,normal_move_fill,interval_vwap,10277.0,60497000.0,10063.0,60498000,13:48:18.000,reference_invalid_exit,closed,10367.0,10079.0,90.0,-16.0,74.0,0.0,74.0,2034.0,0.0,74.0,0.0
20260303-AP605-0634,20260303,AP605,AP604,long,60501000,13:48:21.000,normal_quote,normal_move_fill,interval_vwap,10283.0,60502000.0,10061.0,60503000,13:48:23.000,reference_invalid_exit,closed,10363.0,10079.0,80.0,-18.0,62.0,0.0,62.0,2034.4,0.0,62.0,0.0
20260303-AP605-0635,20260303,AP605,AP604,long,60506000,13:48:26.000,normal_quote,normal_move_fill,interval_vwap,10275.0,60507000.0,10061.0,60508000,13:48:28.000,reference_invalid_exit,closed,10367.0,10079.0,92.0,-18.0,74.0,0.0,74.0,2033.6,0.0,74.0,0.0
20260303-AP605-0636,20260303,AP605,AP604,long,60511000,13:48:31.000,normal_quote,normal_move_fill,interval_vwap,10275.0,60512000.0,10064.0,60513000,13:48:33.000,reversion_exit,closed,10369.0,10079.0,94.0,-15.0,79.0,0.0,79.0,2033.9,0.0,79.0,0.0
20260303-AP605-0637,20260303,AP605,AP604,long,60516000,13:48:36.000,normal_quote,normal_move_fill,interval_vwap,10287.0,60517000.0,10061.0,60518000,13:48:38.000,reference_invalid_exit,closed,10367.0,10079.0,80.0,-18.0,62.0,0.0,62.0,2034.8000000000002,0.0,62.0,0.0
20260303-AP605-0638,20260303,AP605,AP604,long,60521000,13:48:41.000,normal_quote,normal_move_fill,interval_vwap,10275.0,60522000.0,10060.0,60523000,13:48:43.000,reversion_exit,closed,10364.0,10079.0,89.0,-19.0,70.0,0.0,70.0,2033.5,0.0,70.0,0.0
20260303-AP605-0639,20260303,AP605,AP604,long,60526000,13:48:46.000,normal_quote,normal_move_fill,interval_vwap,10274.0,60527000.0,10059.0,60528000,13:48:48.000,reversion_exit,closed,10364.0,10079.0,90.0,-20.0,70.0,0.0,70.0,2033.3000000000002,0.0,70.0,0.0
20260303-AP605-0640,20260303,AP605,AP604,long,60531000,13:48:51.000,normal_quote,normal_move_fill,interval_vwap,10280.0,60532000.0,10059.0,60533000,13:48:53.000,reference_invalid_exit,closed,10366.0,10079.0,86.0,-20.0,66.0,0.0,66.0,2033.9,0.0,66.0,0.0
20260303-AP605-0641,20260303,AP605,AP604,long,60536000,13:48:56.000,normal_quote,normal_move_fill,interval_vwap,10283.0,60537000.0,10057.0,60538000,13:48:58.000,reference_invalid_exit,closed,10361.0,10079.0,78.0,-22.0,56.0,0.0,56.0,2034.0,0.0,56.0,0.0
20260303-AP605-0642,20260303,AP605,AP604,long,60541000,13:49:01.000,normal_quote,normal_move_fill,interval_vwap,10277.0,60542000.0,10059.0,60543000,13:49:03.000,reference_invalid_exit,closed,10363.0,10079.0,86.0,-20.0,66.0,0.0,66.0,2033.6000000000001,0.0,66.0,0.0
20260303-AP605-0643,20260303,AP605,AP604,long,60546000,13:49:06.000,normal_quote,normal_move_fill,interval_vwap,10284.0,60547000.0,10061.0,60551000,13:49:11.000,reference_invalid_exit,closed,10366.0,10079.0,82.0,-18.0,64.0,0.0,64.0,2034.5,0.0,64.0,0.0
20260303-AP605-0644,20260303,AP605,AP604,long,60554000,13:49:14.000,normal_quote,normal_move_fill,interval_vwap,10295.0,60555000.0,10069.0,60556000,13:49:16.000,reference_invalid_exit,closed,10375.0,10079.0,80.0,-10.0,70.0,0.0,70.0,2036.4,0.0,70.0,0.0
20260303-AP605-0645,20260303,AP605,AP604,long,60559000,13:49:19.000,normal_quote,normal_move_fill,interval_vwap,10295.0,60560000.0,10070.0,60561000,13:49:21.000,reference_invalid_exit,closed,10375.0,10079.0,80.0,-9.0,71.0,0.0,71.0,2036.5,0.0,71.0,0.0
20260303-AP605-0646,20260303,AP605,AP604,long,60564000,13:49:24.000,normal_quote,normal_move_fill,interval_vwap,10291.0,60565000.0,10070.0,60566000,13:49:26.000,reference_invalid_exit,closed,10374.0,10079.0,83.0,-9.0,74.0,0.0,74.0,2036.1000000000001,0.0,74.0,0.0
20260303-AP605-0647,20260303,AP605,AP604,long,60569000,13:49:29.000,normal_quote,normal_move_fill,interval_vwap,10291.0,60570000.0,10073.0,60571000,13:49:31.000,reference_invalid_exit,closed,10378.0,10079.0,87.0,-6.0,81.0,0.0,81.0,2036.4,0.0,81.0,0.0
20260303-AP605-0648,20260303,AP605,AP604,long,60574000,13:49:34.000,normal_quote,normal_move_fill,interval_vwap,10293.0,60575000.0,10072.0,60576000,13:49:36.000,reference_invalid_exit,closed,10380.0,10079.0,87.0,-7.0,80.0,0.0,80.0,2036.5,0.0,80.0,0.0
20260303-AP605-0649,20260303,AP605,AP604,long,60579000,13:49:39.000,normal_quote,normal_move_fill,interval_vwap,10295.0,60580000.0,10070.0,60581000,13:49:41.000,reference_invalid_exit,closed,10375.0,10079.0,80.0,-9.0,71.0,0.0,71.0,2036.5,0.0,71.0,0.0
20260303-AP605-0650,20260303,AP605,AP604,long,60584000,13:49:44.000,normal_quote,normal_move_fill,interval_vwap,10293.0,60585000.0,10070.0,60586000,13:49:46.000,reference_invalid_exit,closed,10375.0,10079.0,82.0,-9.0,73.0,0.0,73.0,2036.3,0.0,73.0,0.0
20260303-AP605-0651,20260303,AP605,AP604,long,60589000,13:49:49.000,normal_quote,normal_move_fill,interval_vwap,10289.0,60590000.0,10067.0,60591000,13:49:51.000,reference_invalid_exit,closed,10372.0,10079.0,83.0,-12.0,71.0,0.0,71.0,2035.6000000000001,0.0,71.0,0.0
20260303-AP605-0652,20260303,AP605,AP604,long,60594000,13:49:54.000,normal_quote,normal_move_fill,interval_vwap,10277.0,60595000.0,10063.0,60596000,13:49:56.000,reversion_exit,closed,10367.0,10079.0,90.0,-16.0,74.0,0.0,74.0,2034.0,0.0,74.0,0.0
20260303-AP605-0653,20260303,AP605,AP604,long,60599000,13:49:59.000,normal_quote,normal_move_fill,interval_vwap,10276.0,60600000.0,10065.0,60601000,13:50:01.000,reversion_exit,closed,10366.0,10079.0,90.0,-14.0,76.0,0.0,76.0,2034.1000000000001,0.0,76.0,0.0
20260303-AP605-0654,20260303,AP605,AP604,long,60604000,13:50:04.000,normal_quote,normal_move_fill,interval_vwap,10280.0,60605000.0,10066.0,60606000,13:50:06.000,reversion_exit,closed,10366.0,10079.0,86.0,-13.0,73.0,0.0,73.0,2034.6,0.0,73.0,0.0
20260303-AP605-0655,20260303,AP605,AP604,long,60609000,13:50:09.000,normal_quote,normal_move_fill,interval_vwap,10278.0,60610000.0,10063.0,60611000,13:50:11.000,reversion_exit,closed,10361.0,10079.0,83.0,-16.0,67.0,0.0,67.0,2034.1,0.0,67.0,0.0
20260303-AP605-0656,20260303,AP605,AP604,long,60614000,13:50:14.000,normal_quote,normal_move_fill,interval_vwap,10277.0,60615000.0,10060.0,60616000,13:50:16.000,reversion_exit,closed,10359.0,10079.0,82.0,-19.0,63.0,0.0,63.0,2033.7,0.0,63.0,0.0
20260303-AP605-0657,20260303,AP605,AP604,long,60619000,13:50:19.000,normal_quote,normal_move_fill,interval_vwap,10274.0,60620000.0,10056.0,60621000,13:50:21.000,reversion_exit,closed,10359.0,10079.0,85.0,-23.0,62.0,0.0,62.0,2033.0,0.0,62.0,0.0
20260303-AP605-0658,20260303,AP605,AP604,long,60624000,13:50:24.000,normal_quote,normal_move_fill,interval_vwap,10279.0,60625000.0,10061.0,60626000,13:50:26.000,reversion_exit,closed,10361.0,10079.0,82.0,-18.0,64.0,0.0,64.0,2034.0,0.0,64.0,0.0
20260303-AP605-0659,20260303,AP605,AP604,long,60629000,13:50:29.000,normal_quote,normal_move_fill,interval_vwap,10277.0,60630000.0,10065.0,60631000,13:50:31.000,reversion_exit,closed,10366.0,10079.0,89.0,-14.0,75.0,0.0,75.0,2034.2,0.0,75.0,0.0
20260303-AP605-0660,20260303,AP605,AP604,long,60634000,13:50:34.000,normal_quote,normal_move_fill,interval_vwap,10277.0,60635000.0,10060.0,60636000,13:50:36.000,reversion_exit,closed,10359.0,10079.0,82.0,-19.0,63.0,0.0,63.0,2033.7,0.0,63.0,0.0
20260303-AP605-0661,20260303,AP605,AP604,long,60639000,13:50:39.000,normal_quote,normal_move_fill,interval_vwap,10275.0,60640000.0,10057.0,60641000,13:50:41.000,reversion_exit,closed,10357.0,10077.0,82.0,-20.0,62.0,0.0,62.0,2033.2,0.0,62.0,0.0
20260303-AP605-0662,20260303,AP605,AP604,long,60644000,13:50:44.000,normal_quote,normal_move_fill,interval_vwap,10267.0,60645000.0,10054.0,60646000,13:50:46.000,reversion_exit,closed,10350.0,10071.0,83.0,-17.0,66.0,0.0,66.0,2032.1000000000001,0.0,66.0,0.0
20260303-AP605-0663,20260303,AP605,AP604,long,60649000,13:50:49.000,normal_quote,normal_move_fill,interval_vwap,10267.0,60650000.0,10051.0,60651000,13:50:51.000,reversion_exit,closed,10349.0,10068.0,82.0,-17.0,65.0,0.0,65.0,2031.8000000000002,0.0,65.0,0.0
20260303-AP605-0664,20260303,AP605,AP604,long,60654000,13:50:54.000,normal_quote,normal_move_fill,interval_vwap,10265.0,60655000.0,10049.0,60656000,13:50:56.000,reversion_exit,closed,10346.0,10065.0,81.0,-16.0,65.0,0.0,65.0,2031.4,0.0,65.0,0.0
20260303-AP605-0665,20260303,AP605,AP604,long,60659000,13:50:59.000,normal_quote,normal_move_fill,interval_vwap,10262.0,60660000.0,10042.0,60661000,13:51:01.000,reference_invalid_exit,closed,10342.0,10063.0,80.0,-21.0,59.0,0.0,59.0,2030.4,0.0,59.0,0.0
20260303-AP605-0666,20260303,AP605,AP604,long,60664000,13:51:04.000,normal_quote,normal_move_fill,interval_vwap,10261.0,60665000.0,10037.0,60666000,13:51:06.000,reversion_exit,closed,10338.0,10057.0,77.0,-20.0,57.0,0.0,57.0,2029.8000000000002,0.0,57.0,0.0
20260303-AP605-0667,20260303,AP605,AP604,long,60669000,13:51:09.000,normal_quote,normal_move_fill,interval_vwap,10258.0,60670000.0,10043.0,60671000,13:51:11.000,reversion_exit,closed,10340.0,10062.0,82.0,-19.0,63.0,0.0,63.0,2030.1,0.0,63.0,0.0
20260303-AP605-0668,20260303,AP605,AP604,long,60674000,13:51:14.000,normal_quote,normal_move_fill,interval_vwap,10261.0,60675000.0,10041.0,60676000,13:51:16.000,reversion_exit,closed,10342.0,10061.0,81.0,-20.0,61.0,0.0,61.0,2030.2000000000003,0.0,61.0,0.0
20260303-AP605-0669,20260303,AP605,AP604,long,60679000,13:51:19.000,normal_quote,normal_move_fill,interval_vwap,10260.0,60680000.0,10046.0,60681000,13:51:21.000,reversion_exit,closed,10347.0,10067.0,87.0,-21.0,66.0,0.0,66.0,2030.6,0.0,66.0,0.0
20260303-AP605-0670,20260303,AP605,AP604,long,60684000,13:51:24.000,normal_quote,normal_move_fill,interval_vwap,10265.0,60685000.0,10047.0,60686000,13:51:26.000,reversion_exit,closed,10347.0,10066.0,82.0,-19.0,63.0,0.0,63.0,2031.2,0.0,63.0,0.0
20260303-AP605-0671,20260303,AP605,AP604,long,60689000,13:51:29.000,normal_quote,normal_move_fill,interval_vwap,10265.0,60690000.0,10050.0,60691000,13:51:31.000,reversion_exit,closed,10349.0,10068.0,84.0,-18.0,66.0,0.0,66.0,2031.5,0.0,66.0,0.0
20260303-AP605-0672,20260303,AP605,AP604,long,60694000,13:51:34.000,normal_quote,normal_move_fill,interval_vwap,10269.0,60695000.0,10049.0,60696000,13:51:36.000,reversion_exit,closed,10349.0,10070.0,80.0,-21.0,59.0,0.0,59.0,2031.8000000000002,0.0,59.0,0.0
20260303-AP605-0673,20260303,AP605,AP604,long,60699000,13:51:39.000,normal_quote,normal_move_fill,interval_vwap,10272.0,60700000.0,10052.0,60701000,13:51:41.000,reversion_exit,closed,10352.0,10072.0,80.0,-20.0,60.0,0.0,60.0,2032.4,0.0,60.0,0.0
20260303-AP605-0674,20260303,AP605,AP604,long,60704000,13:51:44.000,normal_quote,normal_move_fill,interval_vwap,10275.0,60705000.0,10052.0,60706000,13:51:46.000,reversion_exit,closed,10356.0,10075.0,81.0,-23.0,58.0,0.0,58.0,2032.7,0.0,58.0,0.0
20260303-AP605-0675,20260303,AP605,AP604,long,60709000,13:51:49.000,normal_quote,normal_move_fill,interval_vwap,10270.0,60710000.0,10049.0,60711000,13:51:51.000,reversion_exit,closed,10351.0,10071.0,81.0,-22.0,59.0,0.0,59.0,2031.9,0.0,59.0,0.0
20260303-AP605-0676,20260303,AP605,AP604,long,60714000,13:51:54.000,normal_quote,normal_move_fill,interval_vwap,10266.0,60715000.0,10044.0,60716000,13:51:56.000,reversion_exit,closed,10344.0,10063.0,78.0,-19.0,59.0,0.0,59.0,2031.0000000000002,0.0,59.0,0.0
20260303-AP605-0677,20260303,AP605,AP604,long,60719000,13:51:59.000,normal_quote,normal_move_fill,interval_vwap,10267.0,60720000.0,10044.0,60721000,13:52:01.000,reversion_exit,closed,10342.0,10062.0,75.0,-18.0,57.0,0.0,57.0,2031.1000000000001,0.0,57.0,0.0
20260303-AP605-0678,20260303,AP605,AP604,long,60724000,13:52:04.000,normal_quote,normal_move_fill,interval_vwap,10268.0,60725000.0,10040.0,60726000,13:52:06.000,reversion_exit,closed,10340.0,10063.0,72.0,-23.0,49.0,0.0,49.0,2030.8,0.0,49.0,0.0
20260303-AP605-0679,20260303,AP605,AP604,long,60729000,13:52:09.000,normal_quote,normal_move_fill,interval_vwap,10260.0,60730000.0,10043.0,60731000,13:52:11.000,reversion_exit,closed,10345.0,10064.0,85.0,-21.0,64.0,0.0,64.0,2030.3000000000002,0.0,64.0,0.0
20260303-AP605-0680,20260303,AP605,AP604,long,60734000,13:52:14.000,normal_quote,normal_move_fill,interval_vwap,10267.0,60735000.0,10049.0,60736000,13:52:16.000,reversion_exit,closed,10345.0,10068.0,78.0,-19.0,59.0,0.0,59.0,2031.6000000000001,0.0,59.0,0.0
20260303-AP605-0681,20260303,AP605,AP604,long,60740000,13:52:20.000,normal_quote,normal_move_fill,interval_vwap,10270.0,60741000.0,10046.0,60742000,13:52:22.000,reference_invalid_exit,closed,10344.0,10073.0,74.0,-27.0,47.0,0.0,47.0,2031.6,0.0,47.0,0.0
20260303-AP605-0682,20260303,AP605,AP604,long,60746000,13:52:26.000,normal_quote,normal_move_fill,interval_vwap,10261.0,60747000.0,10045.0,60748000,13:52:28.000,reference_invalid_exit,closed,10346.0,10074.0,85.0,-29.0,56.0,0.0,56.0,2030.6000000000001,0.0,56.0,0.0
20260303-AP605-0683,20260303,AP605,AP604,long,60751000,13:52:31.000,normal_quote,normal_move_fill,interval_vwap,10268.0,60752000.0,10042.0,60753000,13:52:33.000,reference_invalid_exit,closed,10344.0,10070.0,76.0,-28.0,48.0,0.0,48.0,2031.0,0.0,48.0,0.0
20260303-AP605-0684,20260303,AP605,AP604,long,60756000,13:52:36.000,normal_quote,normal_move_fill,interval_vwap,10259.0,60757000.0,10042.0,60772000,13:52:52.000,reference_invalid_exit,closed,10342.0,10069.0,83.0,-27.0,56.0,0.0,56.0,2030.1000000000001,0.0,56.0,0.0
20260303-AP605-0685,20260303,AP605,AP604,long,60776000,13:52:56.000,normal_quote,normal_move_fill,interval_vwap,10266.0,60777000.0,10043.0,60778000,13:52:58.000,reversion_exit,closed,10343.0,10067.0,77.0,-24.0,53.0,0.0,53.0,2030.9,0.0,53.0,0.0
20260303-AP605-0686,20260303,AP605,AP604,long,60781000,13:53:01.000,normal_quote,normal_move_fill,interval_vwap,10266.0,60782000.0,10042.0,60783000,13:53:03.000,reversion_exit,closed,10346.0,10070.0,80.0,-28.0,52.0,0.0,52.0,2030.8000000000002,0.0,52.0,0.0
20260303-AP605-0687,20260303,AP605,AP604,long,60786000,13:53:06.000,normal_quote,normal_move_fill,interval_vwap,10266.0,60787000.0,10044.0,60788000,13:53:08.000,reversion_exit,closed,10344.0,10070.0,78.0,-26.0,52.0,0.0,52.0,2031.0000000000002,0.0,52.0,0.0
20260303-AP605-0688,20260303,AP605,AP604,long,60791000,13:53:11.000,normal_quote,normal_move_fill,interval_vwap,10268.0,60792000.0,10050.0,60793000,13:53:13.000,reversion_exit,closed,10349.0,10075.0,81.0,-25.0,56.0,0.0,56.0,2031.8,0.0,56.0,0.0
20260303-AP605-0689,20260303,AP605,AP604,long,60796000,13:53:16.000,normal_quote,normal_move_fill,interval_vwap,10267.0,60797000.0,10044.0,60799000,13:53:19.000,reference_invalid_exit,closed,10345.0,10046.0,78.0,-2.0,76.0,0.0,76.0,2031.1000000000001,0.0,51.0,0.0
20260303-AP605-0690,20260303,AP605,AP604,long,60802000,13:53:22.000,normal_quote,normal_move_fill,interval_vwap,10263.0,60803000.0,10040.0,60804000,13:53:24.000,reference_invalid_exit,closed,10343.0,10046.0,80.0,-6.0,74.0,0.0,74.0,2030.3,0.0,74.0,0.0
20260303-AP605-0691,20260303,AP605,AP604,long,60807000,13:53:27.000,normal_quote,normal_move_fill,interval_vwap,10263.0,60808000.0,10041.0,60809000,13:53:29.000,reference_invalid_exit,closed,10347.0,10046.0,84.0,-5.0,79.0,0.0,79.0,2030.4,0.0,79.0,0.0
20260303-AP605-0692,20260303,AP605,AP604,long,60812000,13:53:32.000,normal_quote,normal_move_fill,interval_vwap,10266.0,60813000.0,10041.0,60814000,13:53:34.000,reference_invalid_exit,closed,10348.0,10075.0,82.0,-34.0,48.0,0.0,48.0,2030.7000000000003,0.0,48.0,0.0
20260303-AP605-0693,20260303,AP605,AP604,long,60817000,13:53:37.000,normal_quote,normal_move_fill,interval_vwap,10264.0,60818000.0,10042.0,60819000,13:53:39.000,reference_invalid_exit,closed,10350.0,10075.0,86.0,-33.0,53.0,0.0,53.0,2030.6000000000001,0.0,53.0,0.0
20260303-AP605-0694,20260303,AP605,AP604,long,60822000,13:53:42.000,normal_quote,normal_move_fill,interval_vwap,10266.0,60823000.0,10044.0,60824000,13:53:44.000,reference_invalid_exit,closed,10349.0,10076.0,83.0,-32.0,51.0,0.0,51.0,2031.0000000000002,0.0,51.0,0.0
20260303-AP605-0695,20260303,AP605,AP604,long,60827000,13:53:47.000,normal_quote,normal_move_fill,interval_vwap,10269.0,60828000.0,10045.0,60829000,13:53:49.000,reference_invalid_exit,closed,10350.0,10076.0,81.0,-31.0,50.0,0.0,50.0,2031.4,0.0,50.0,0.0
20260303-AP605-0696,20260303,AP605,AP604,long,60832000,13:53:52.000,normal_quote,normal_move_fill,interval_vwap,10273.0,60833000.0,10050.0,60834000,13:53:54.000,reversion_exit,closed,10355.0,10079.0,82.0,-29.0,53.0,0.0,53.0,2032.3,0.0,53.0,0.0
20260303-AP605-0697,20260303,AP605,AP604,long,60837000,13:53:57.000,normal_quote,normal_move_fill,interval_vwap,10277.0,60838000.0,10058.0,60839000,13:53:59.000,reversion_exit,closed,10359.0,10079.0,82.0,-21.0,61.0,0.0,61.0,2033.5,0.0,61.0,0.0
20260303-AP605-0698,20260303,AP605,AP604,long,60842000,13:54:02.000,normal_quote,normal_move_fill,interval_vwap,10273.0,60843000.0,10054.0,60844000,13:54:04.000,reversion_exit,closed,10360.0,10079.0,87.0,-25.0,62.0,0.0,62.0,2032.7,0.0,62.0,0.0
20260303-AP605-0699,20260303,AP605,AP604,long,60847000,13:54:07.000,normal_quote,normal_move_fill,interval_vwap,10274.0,60848000.0,10050.0,60849000,13:54:09.000,reversion_exit,closed,10355.0,10079.0,81.0,-29.0,52.0,0.0,52.0,2032.4,0.0,52.0,0.0
20260303-AP605-0700,20260303,AP605,AP604,long,60852000,13:54:12.000,normal_quote,normal_move_fill,interval_vwap,10270.0,60853000.0,10049.0,60855000,13:54:15.000,reversion_exit,closed,10354.0,10079.0,84.0,-30.0,54.0,0.0,54.0,2031.9,0.0,54.0,0.0
20260303-AP605-0701,20260303,AP605,AP604,long,60858000,13:54:18.000,normal_quote,normal_move_fill,interval_vwap,10269.0,60859000.0,10047.0,60860000,13:54:20.000,reversion_exit,closed,10349.0,10073.0,80.0,-26.0,54.0,0.0,54.0,2031.6000000000001,0.0,54.0,0.0
20260303-AP605-0702,20260303,AP605,AP604,long,60863000,13:54:23.000,normal_quote,normal_move_fill,interval_vwap,10267.0,60864000.0,10044.0,60866000,13:54:26.000,reversion_exit,closed,10350.0,10074.0,83.0,-30.0,53.0,0.0,53.0,2031.1000000000001,0.0,53.0,0.0
20260303-AP605-0703,20260303,AP605,AP604,long,60869000,13:54:29.000,normal_quote,normal_move_fill,interval_vwap,10266.0,60870000.0,10047.0,60871000,13:54:31.000,reversion_exit,closed,10351.0,10075.0,85.0,-28.0,57.0,0.0,57.0,2031.3000000000002,0.0,57.0,0.0
20260303-AP605-0704,20260303,AP605,AP604,long,60874000,13:54:34.000,normal_quote,normal_move_fill,interval_vwap,10268.0,,,60875000,13:54:35.000,hedge_failure_exit,hedge_failure_exit,10351.0,,83.0,,83.0,0.0,83.0,,0.0,,0.0
20260303-AP605-0705,20260303,AP605,AP604,long,60878000,13:54:38.000,normal_quote,normal_move_fill,interval_vwap,10267.0,60879000.0,10044.0,60880000,13:54:40.000,reversion_exit,closed,10351.0,10075.0,84.0,-31.0,53.0,0.0,53.0,2031.1000000000001,0.0,53.0,0.0
20260303-AP605-0706,20260303,AP605,AP604,long,60883000,13:54:43.000,normal_quote,normal_move_fill,interval_vwap,10267.0,60884000.0,10051.0,60885000,13:54:45.000,reversion_exit,closed,10354.0,10079.0,87.0,-28.0,59.0,0.0,59.0,2031.8000000000002,0.0,59.0,0.0
20260303-AP605-0707,20260303,AP605,AP604,long,60888000,13:54:48.000,normal_quote,normal_move_fill,interval_vwap,10268.0,60889000.0,10047.0,60890000,13:54:50.000,reversion_exit,closed,10349.0,10075.0,81.0,-28.0,53.0,0.0,53.0,2031.5,0.0,53.0,0.0
20260303-AP605-0708,20260303,AP605,AP604,long,60893000,13:54:53.000,normal_quote,normal_move_fill,interval_vwap,10260.0,60894000.0,10037.0,60895000,13:54:55.000,reversion_exit,closed,10342.0,10067.0,82.0,-30.0,52.0,0.0,52.0,2029.7,0.0,52.0,0.0
20260303-AP605-0709,20260303,AP605,AP604,long,60898000,13:54:58.000,normal_quote,normal_move_fill,interval_vwap,10257.0,60899000.0,10034.0,60900000,13:55:00.000,reversion_exit,closed,10338.0,10062.0,81.0,-28.0,53.0,0.0,53.0,2029.1000000000001,0.0,53.0,0.0
20260303-AP605-0710,20260303,AP605,AP604,long,60903000,13:55:03.000,normal_quote,normal_move_fill,interval_vwap,10261.0,60904000.0,10041.0,60905000,13:55:05.000,reversion_exit,closed,10346.0,10070.0,85.0,-29.0,56.0,0.0,56.0,2030.2000000000003,0.0,56.0,0.0
20260303-AP605-0711,20260303,AP605,AP604,long,60908000,13:55:08.000,normal_quote,normal_move_fill,interval_vwap,10266.0,60909000.0,10041.0,60910000,13:55:10.000,reversion_exit,closed,10349.0,10074.0,83.0,-33.0,50.0,0.0,50.0,2030.7000000000003,0.0,50.0,0.0
20260303-AP605-0712,20260303,AP605,AP604,long,60913000,13:55:13.000,normal_quote,normal_move_fill,interval_vwap,10266.0,60914000.0,10044.0,60915000,13:55:15.000,reversion_exit,closed,10349.0,10073.0,83.0,-29.0,54.0,0.0,54.0,2031.0000000000002,0.0,54.0,0.0
20260303-AP605-0713,20260303,AP605,AP604,long,60918000,13:55:18.000,normal_quote,normal_move_fill,interval_vwap,10267.0,60919000.0,10047.0,60920000,13:55:20.000,reversion_exit,closed,10355.0,10079.0,88.0,-32.0,56.0,0.0,56.0,2031.4,0.0,56.0,0.0
20260303-AP605-0714,20260303,AP605,AP604,long,60923000,13:55:23.000,normal_quote,normal_move_fill,interval_vwap,10271.0,60924000.0,10053.0,60925000,13:55:25.000,reversion_exit,closed,10358.0,10079.0,87.0,-26.0,61.0,0.0,61.0,2032.4,0.0,61.0,0.0
20260303-AP605-0715,20260303,AP605,AP604,long,60928000,13:55:28.000,normal_quote,normal_move_fill,interval_vwap,10273.0,60929000.0,10055.0,60930000,13:55:30.000,reversion_exit,closed,10361.0,10079.0,88.0,-24.0,64.0,0.0,64.0,2032.8,0.0,64.0,0.0
20260303-AP605-0716,20260303,AP605,AP604,long,60933000,13:55:33.000,normal_quote,normal_move_fill,interval_vwap,10275.0,60934000.0,10063.0,60935000,13:55:35.000,reversion_exit,closed,10369.0,10079.0,94.0,-16.0,78.0,0.0,78.0,2033.8000000000002,0.0,78.0,0.0
20260303-AP605-0717,20260303,AP605,AP604,long,60938000,13:55:38.000,normal_quote,normal_move_fill,interval_vwap,10280.0,60939000.0,10070.0,60940000,13:55:40.000,reversion_exit,closed,10373.0,10079.0,93.0,-9.0,84.0,0.0,84.0,2035.0,0.0,84.0,0.0
20260303-AP605-0718,20260303,AP605,AP604,long,60943000,13:55:43.000,normal_quote,normal_move_fill,interval_vwap,10279.0,60944000.0,10061.0,60945000,13:55:45.000,reversion_exit,closed,10365.0,10079.0,86.0,-18.0,68.0,0.0,68.0,2034.0,0.0,68.0,0.0
20260303-AP605-0719,20260303,AP605,AP604,long,60948000,13:55:48.000,normal_quote,normal_move_fill,interval_vwap,10275.0,60949000.0,10064.0,60950000,13:55:50.000,reversion_exit,closed,10368.0,10079.0,93.0,-15.0,78.0,0.0,78.0,2033.9,0.0,78.0,0.0
20260303-AP605-0720,20260303,AP605,AP604,long,60953000,13:55:53.000,normal_quote,normal_move_fill,interval_vwap,10276.0,60954000.0,10061.0,60955000,13:55:55.000,reversion_exit,closed,10366.0,10079.0,90.0,-18.0,72.0,0.0,72.0,2033.7000000000003,0.0,72.0,0.0
20260303-AP605-0721,20260303,AP605,AP604,long,60958000,13:55:58.000,normal_quote,normal_move_fill,interval_vwap,10278.0,60959000.0,10061.0,60960000,13:56:00.000,reversion_exit,closed,10364.0,10079.0,86.0,-18.0,68.0,0.0,68.0,2033.9,0.0,68.0,0.0
20260303-AP605-0722,20260303,AP605,AP604,long,60963000,13:56:03.000,normal_quote,normal_move_fill,interval_vwap,10283.0,60964000.0,10063.0,60965000,13:56:05.000,reversion_exit,closed,10368.0,10079.0,85.0,-16.0,69.0,0.0,69.0,2034.6,0.0,69.0,0.0
20260303-AP605-0723,20260303,AP605,AP604,long,60968000,13:56:08.000,normal_quote,normal_move_fill,interval_vwap,10279.0,60969000.0,10065.0,60970000,13:56:10.000,reversion_exit,closed,10368.0,10079.0,89.0,-14.0,75.0,0.0,75.0,2034.4,0.0,75.0,0.0
20260303-AP605-0724,20260303,AP605,AP604,long,60973000,13:56:13.000,normal_quote,normal_move_fill,interval_vwap,10277.0,60974000.0,10066.0,60975000,13:56:15.000,reversion_exit,closed,10370.0,10079.0,93.0,-13.0,80.0,0.0,80.0,2034.3000000000002,0.0,80.0,0.0
20260303-AP605-0725,20260303,AP605,AP604,long,60978000,13:56:18.000,normal_quote,normal_move_fill,interval_vwap,10277.0,60979000.0,10066.0,60980000,13:56:20.000,reversion_exit,closed,10370.0,10079.0,93.0,-13.0,80.0,0.0,80.0,2034.3000000000002,0.0,80.0,0.0
20260303-AP605-0726,20260303,AP605,AP604,long,60983000,13:56:23.000,normal_quote,normal_move_fill,interval_vwap,10279.0,60984000.0,10065.0,60985000,13:56:25.000,reversion_exit,closed,10367.0,10079.0,88.0,-14.0,74.0,0.0,74.0,2034.4,0.0,74.0,0.0
20260303-AP605-0727,20260303,AP605,AP604,long,60988000,13:56:28.000,normal_quote,normal_move_fill,interval_vwap,10278.0,60989000.0,10064.0,60990000,13:56:30.000,reversion_exit,closed,10369.0,10079.0,91.0,-15.0,76.0,0.0,76.0,2034.2,0.0,76.0,0.0
20260303-AP605-0728,20260303,AP605,AP604,long,60993000,13:56:33.000,normal_quote,normal_move_fill,interval_vwap,10285.0,60994000.0,10065.0,60995000,13:56:35.000,reference_invalid_exit,closed,10369.0,10079.0,84.0,-14.0,70.0,0.0,70.0,2035.0,0.0,70.0,0.0
20260303-AP605-0729,20260303,AP605,AP604,long,60998000,13:56:38.000,normal_quote,normal_move_fill,interval_vwap,10279.0,60999000.0,10067.0,61000000,13:56:40.000,reversion_exit,closed,10371.0,10079.0,92.0,-12.0,80.0,0.0,80.0,2034.6000000000001,0.0,80.0,0.0
20260303-AP605-0730,20260303,AP605,AP604,long,61004000,13:56:44.000,normal_quote,normal_move_fill,interval_vwap,10280.0,61005000.0,10069.0,61006000,13:56:46.000,reversion_exit,closed,10375.0,10079.0,95.0,-10.0,85.0,0.0,85.0,2034.9,0.0,85.0,0.0
20260303-AP605-0731,20260303,AP605,AP604,long,61009000,13:56:49.000,normal_quote,normal_move_fill,interval_vwap,10283.0,61010000.0,10070.0,61011000,13:56:51.000,reversion_exit,closed,10375.0,10079.0,92.0,-9.0,83.0,0.0,83.0,2035.3,0.0,83.0,0.0
20260303-AP605-0732,20260303,AP605,AP604,long,61014000,13:56:54.000,normal_quote,normal_move_fill,interval_vwap,10283.0,61015000.0,10072.0,61016000,13:56:56.000,reversion_exit,closed,10377.0,10079.0,94.0,-7.0,87.0,0.0,87.0,2035.5,0.0,87.0,0.0
20260303-AP605-0733,20260303,AP605,AP604,long,61019000,13:56:59.000,normal_quote,normal_move_fill,interval_vwap,10283.0,61020000.0,10077.0,61021000,13:57:01.000,reversion_exit,closed,10385.0,10094.0,102.0,-17.0,85.0,0.0,85.0,2036.0,0.0,85.0,0.0
20260303-AP605-0734,20260303,AP605,AP604,long,61025000,13:57:05.000,normal_quote,normal_move_fill,interval_vwap,10294.0,61026000.0,10087.0,61027000,13:57:07.000,reference_invalid_exit,closed,10391.0,10099.0,97.0,-12.0,85.0,0.0,85.0,2038.1000000000001,0.0,85.0,0.0
20260303-AP605-0735,20260303,AP605,AP604,long,61030000,13:57:10.000,normal_quote,normal_move_fill,interval_vwap,10312.0,61031000.0,10087.0,61032000,13:57:12.000,reference_invalid_exit,closed,10392.0,10116.0,80.0,-29.0,51.0,0.0,51.0,2039.9,0.0,51.0,0.0
20260303-AP605-0736,20260303,AP605,AP604,long,61035000,13:57:15.000,normal_quote,normal_move_fill,interval_vwap,10305.0,61036000.0,10087.0,61037000,13:57:17.000,reference_invalid_exit,closed,10387.0,10115.0,82.0,-28.0,54.0,0.0,54.0,2039.2,0.0,54.0,0.0
20260303-AP605-0737,20260303,AP605,AP604,long,61040000,13:57:20.000,normal_quote,normal_move_fill,interval_vwap,10305.0,61041000.0,10082.0,61042000,13:57:22.000,reference_invalid_exit,closed,10389.0,10114.0,84.0,-32.0,52.0,0.0,52.0,2038.7,0.0,52.0,0.0
20260303-AP605-0738,20260303,AP605,AP604,long,61045000,13:57:25.000,normal_quote,normal_move_fill,interval_vwap,10308.0,61046000.0,10084.0,61047000,13:57:27.000,reference_invalid_exit,closed,10387.0,10111.0,79.0,-27.0,52.0,0.0,52.0,2039.2,0.0,52.0,0.0
20260303-AP605-0739,20260303,AP605,AP604,long,61050000,13:57:30.000,normal_quote,normal_move_fill,interval_vwap,10303.0,61051000.0,10086.0,61052000,13:57:32.000,reference_invalid_exit,closed,10391.0,10115.0,88.0,-29.0,59.0,0.0,59.0,2038.9,0.0,59.0,0.0
20260303-AP605-0740,20260303,AP605,AP604,long,61055000,13:57:35.000,normal_quote,normal_move_fill,interval_vwap,10308.0,61056000.0,10088.0,61057000,13:57:37.000,reference_invalid_exit,closed,10389.0,10117.0,81.0,-29.0,52.0,0.0,52.0,2039.6,0.0,52.0,0.0
20260303-AP605-0741,20260303,AP605,AP604,long,61060000,13:57:40.000,normal_quote,normal_move_fill,interval_vwap,10308.0,61061000.0,10090.0,61062000,13:57:42.000,reference_invalid_exit,closed,10393.0,10115.0,85.0,-25.0,60.0,0.0,60.0,2039.8,0.0,60.0,0.0
20260303-AP605-0742,20260303,AP605,AP604,long,61065000,13:57:45.000,normal_quote,normal_move_fill,interval_vwap,10311.0,61066000.0,10091.0,61067000,13:57:47.000,reference_invalid_exit,closed,10396.0,10115.0,85.0,-24.0,61.0,0.0,61.0,2040.2000000000003,0.0,61.0,0.0
20260303-AP605-0743,20260303,AP605,AP604,long,61070000,13:57:50.000,normal_quote,normal_move_fill,interval_vwap,10321.0,61071000.0,10109.0,61072000,13:57:52.000,reference_invalid_exit,closed,10412.0,10139.0,91.0,-30.0,61.0,0.0,61.0,2043.0000000000002,0.0,61.0,0.0
20260303-AP605-0744,20260303,AP605,AP604,long,61075000,13:57:55.000,normal_quote,normal_move_fill,interval_vwap,10328.0,61076000.0,10111.0,61077000,13:57:57.000,reference_invalid_exit,closed,10411.0,10139.0,83.0,-28.0,55.0,0.0,55.0,2043.9,0.0,55.0,0.0
20260303-AP605-0745,20260303,AP605,AP604,long,61080000,13:58:00.000,normal_quote,normal_move_fill,interval_vwap,10327.0,61081000.0,10107.0,61082000,13:58:02.000,reference_invalid_exit,closed,10414.0,10138.0,87.0,-31.0,56.0,0.0,56.0,2043.4,0.0,56.0,0.0
20260303-AP605-0746,20260303,AP605,AP604,long,61085000,13:58:05.000,normal_quote,normal_move_fill,interval_vwap,10328.0,61086000.0,10099.0,61087000,13:58:07.000,reference_invalid_exit,closed,10402.0,10128.0,74.0,-29.0,45.0,0.0,45.0,2042.7,0.0,45.0,0.0
20260303-AP605-0747,20260303,AP605,AP604,long,61090000,13:58:10.000,normal_quote,normal_move_fill,interval_vwap,10321.0,61091000.0,10101.0,61092000,13:58:12.000,reference_invalid_exit,closed,10405.0,10130.0,84.0,-29.0,55.0,0.0,55.0,2042.2000000000003,0.0,55.0,0.0
20260303-AP605-0748,20260303,AP605,AP604,long,61095000,13:58:15.000,normal_quote,normal_move_fill,interval_vwap,10320.0,61096000.0,10097.0,61097000,13:58:17.000,reference_invalid_exit,closed,10403.0,10127.0,83.0,-30.0,53.0,0.0,53.0,2041.7,0.0,53.0,0.0
20260303-AP605-0749,20260303,AP605,AP604,long,61100000,13:58:20.000,normal_quote,normal_move_fill,interval_vwap,10319.0,61101000.0,10099.0,61102000,13:58:22.000,reference_invalid_exit,closed,10400.0,10124.0,81.0,-25.0,56.0,0.0,56.0,2041.8000000000002,0.0,56.0,0.0
20260303-AP605-0750,20260303,AP605,AP604,long,61105000,13:58:25.000,normal_quote,normal_move_fill,interval_vwap,10317.0,61106000.0,10097.0,61107000,13:58:27.000,reference_invalid_exit,closed,10401.0,10126.0,84.0,-29.0,55.0,0.0,55.0,2041.4,0.0,55.0,0.0
20260303-AP605-0751,20260303,AP605,AP604,long,61110000,13:58:30.000,normal_quote,normal_move_fill,interval_vwap,10317.0,61111000.0,10098.0,61112000,13:58:32.000,reference_invalid_exit,closed,10401.0,10127.0,84.0,-29.0,55.0,0.0,55.0,2041.5,0.0,55.0,0.0
20260303-AP605-0752,20260303,AP605,AP604,long,61115000,13:58:35.000,normal_quote,normal_move_fill,interval_vwap,10315.0,61116000.0,10095.0,61117000,13:58:37.000,reference_invalid_exit,closed,10398.0,10122.0,83.0,-27.0,56.0,0.0,56.0,2041.0,0.0,56.0,0.0
20260303-AP605-0753,20260303,AP605,AP604,long,61120000,13:58:40.000,normal_quote,normal_move_fill,interval_vwap,10318.0,61121000.0,10096.0,61122000,13:58:42.000,reference_invalid_exit,closed,10399.0,10124.0,81.0,-28.0,53.0,0.0,53.0,2041.4,0.0,53.0,0.0
20260303-AP605-0754,20260303,AP605,AP604,long,61126000,13:58:46.000,normal_quote,normal_move_fill,interval_vwap,10316.0,61127000.0,10099.0,61128000,13:58:48.000,reference_invalid_exit,closed,10402.0,10126.0,86.0,-27.0,59.0,0.0,59.0,2041.5000000000002,0.0,59.0,0.0
20260303-AP605-0755,20260303,AP605,AP604,long,61131000,13:58:51.000,normal_quote,normal_move_fill,interval_vwap,10316.0,61132000.0,10095.0,61133000,13:58:53.000,reference_invalid_exit,closed,10398.0,10122.0,82.0,-27.0,55.0,0.0,55.0,2041.1000000000001,0.0,55.0,0.0
20260303-AP605-0756,20260303,AP605,AP604,long,61136000,13:58:56.000,normal_quote,normal_move_fill,interval_vwap,10317.0,61137000.0,10093.0,61138000,13:58:58.000,reference_invalid_exit,closed,10401.0,10126.0,84.0,-33.0,51.0,0.0,51.0,2041.0,0.0,51.0,0.0
20260303-AP605-0757,20260303,AP605,AP604,long,61141000,13:59:01.000,normal_quote,normal_move_fill,interval_vwap,10317.0,61142000.0,10092.0,61143000,13:59:03.000,reference_invalid_exit,closed,10396.0,10121.0,79.0,-29.0,50.0,0.0,50.0,2040.9,0.0,50.0,0.0
20260303-AP605-0758,20260303,AP605,AP604,long,61146000,13:59:06.000,normal_quote,normal_move_fill,interval_vwap,10313.0,61147000.0,10089.0,61148000,13:59:08.000,reference_invalid_exit,closed,10395.0,10119.0,82.0,-30.0,52.0,0.0,52.0,2040.2,0.0,52.0,0.0
20260303-AP605-0759,20260303,AP605,AP604,long,61151000,13:59:11.000,normal_quote,normal_move_fill,interval_vwap,10312.0,61152000.0,10092.0,61153000,13:59:13.000,reference_invalid_exit,closed,10399.0,10124.0,87.0,-32.0,55.0,0.0,55.0,2040.4,0.0,55.0,0.0
20260303-AP605-0760,20260303,AP605,AP604,long,61156000,13:59:16.000,normal_quote,normal_move_fill,interval_vwap,10317.0,61157000.0,10097.0,61158000,13:59:18.000,reference_invalid_exit,closed,10401.0,10125.0,84.0,-28.0,56.0,0.0,56.0,2041.4,0.0,56.0,0.0
20260303-AP605-0761,20260303,AP605,AP604,long,61161000,13:59:21.000,normal_quote,normal_move_fill,interval_vwap,10313.0,61162000.0,10088.0,61163000,13:59:23.000,reference_invalid_exit,closed,10393.0,10117.0,80.0,-29.0,51.0,0.0,51.0,2040.1,0.0,51.0,0.0
20260303-AP605-0762,20260303,AP605,AP604,long,61166000,13:59:26.000,normal_quote,normal_move_fill,interval_vwap,10306.0,61167000.0,10082.0,61168000,13:59:28.000,reference_invalid_exit,closed,10387.0,10112.0,81.0,-30.0,51.0,0.0,51.0,2038.8000000000002,0.0,51.0,0.0
20260303-AP605-0763,20260303,AP605,AP604,long,61171000,13:59:31.000,normal_quote,normal_move_fill,interval_vwap,10306.0,61172000.0,10084.0,61173000,13:59:33.000,reference_invalid_exit,closed,10389.0,10116.0,83.0,-32.0,51.0,0.0,51.0,2039.0000000000002,0.0,51.0,0.0
20260303-AP605-0764,20260303,AP605,AP604,long,61176000,13:59:36.000,normal_quote,normal_move_fill,interval_vwap,10305.0,61177000.0,10082.0,61178000,13:59:38.000,reference_invalid_exit,closed,10387.0,10111.0,82.0,-29.0,53.0,0.0,53.0,2038.7,0.0,53.0,0.0
20260303-AP605-0765,20260303,AP605,AP604,long,61181000,13:59:41.000,normal_quote,normal_move_fill,interval_vwap,10306.0,61182000.0,10086.0,61183000,13:59:43.000,reference_invalid_exit,closed,10389.0,10116.0,83.0,-30.0,53.0,0.0,53.0,2039.2000000000003,0.0,53.0,0.0
20260303-AP605-0766,20260303,AP605,AP604,long,61186000,13:59:46.000,normal_quote,normal_move_fill,interval_vwap,10299.0,61187000.0,10085.0,61188000,13:59:48.000,reference_invalid_exit,closed,10391.0,10116.0,92.0,-31.0,61.0,0.0,61.0,2038.4,0.0,61.0,0.0
20260303-AP605-0767,20260303,AP605,AP604,long,61191000,13:59:51.000,normal_quote,normal_move_fill,interval_vwap,10301.0,61192000.0,10084.0,61193000,13:59:53.000,reversion_exit,closed,10389.0,10114.0,88.0,-30.0,58.0,0.0,58.0,2038.5000000000002,0.0,58.0,0.0
20260303-AP605-0768,20260303,AP605,AP604,long,61196000,13:59:56.000,normal_quote,normal_move_fill,interval_vwap,10307.0,61197000.0,10086.0,61198000,13:59:58.000,reversion_exit,closed,10391.0,10116.0,84.0,-30.0,54.0,0.0,54.0,2039.3000000000002,0.0,54.0,0.0
20260303-AP605-0769,20260303,AP605,AP604,long,61201000,14:00:01.000,normal_quote,normal_move_fill,interval_vwap,10310.0,61202000.0,10095.0,61203000,14:00:03.000,reference_invalid_exit,closed,10399.0,10124.0,89.0,-29.0,60.0,0.0,60.0,2040.5,0.0,60.0,0.0
20260303-AP605-0770,20260303,AP605,AP604,long,61206000,14:00:06.000,normal_quote,normal_move_fill,interval_vwap,10317.0,61207000.0,10095.0,61208000,14:00:08.000,reference_invalid_exit,closed,10401.0,10125.0,84.0,-30.0,54.0,0.0,54.0,2041.2,0.0,54.0,0.0
20260303-AP605-0771,20260303,AP605,AP604,long,61211000,14:00:11.000,normal_quote,normal_move_fill,interval_vwap,10319.0,61212000.0,10097.0,61213000,14:00:13.000,reference_invalid_exit,closed,10399.0,10125.0,80.0,-28.0,52.0,0.0,52.0,2041.6000000000001,0.0,52.0,0.0
20260303-AP605-0772,20260303,AP605,AP604,long,61216000,14:00:16.000,normal_quote,normal_move_fill,interval_vwap,10320.0,61217000.0,10102.0,61218000,14:00:18.000,reference_invalid_exit,closed,10407.0,10134.0,87.0,-32.0,55.0,0.0,55.0,2042.2,0.0,55.0,0.0
20260303-AP605-0773,20260303,AP605,AP604,long,61221000,14:00:21.000,normal_quote,normal_move_fill,interval_vwap,10327.0,61222000.0,10107.0,61223000,14:00:23.000,reference_invalid_exit,closed,10414.0,10138.0,87.0,-31.0,56.0,0.0,56.0,2043.4,0.0,56.0,0.0
20260303-AP605-0774,20260303,AP605,AP604,long,61226000,14:00:26.000,normal_quote,normal_move_fill,interval_vwap,10343.0,61227000.0,10125.0,61228000,14:00:28.000,reference_invalid_exit,closed,10435.0,10160.0,92.0,-35.0,57.0,0.0,57.0,2046.8,0.0,57.0,0.0
20260303-AP605-0775,20260303,AP605,AP604,long,61231000,14:00:31.000,normal_quote,normal_move_fill,interval_vwap,10356.0,61232000.0,10132.0,61233000,14:00:33.000,reference_invalid_exit,closed,10441.0,10165.0,85.0,-33.0,52.0,0.0,52.0,2048.8,0.0,52.0,0.0
20260303-AP605-0776,20260303,AP605,AP604,long,61236000,14:00:36.000,normal_quote,normal_move_fill,interval_vwap,10357.0,61237000.0,10136.0,61238000,14:00:38.000,reference_invalid_exit,closed,10444.0,10168.0,87.0,-32.0,55.0,0.0,55.0,2049.3,0.0,55.0,0.0
20260303-AP605-0777,20260303,AP605,AP604,long,61241000,14:00:41.000,normal_quote,normal_move_fill,interval_vwap,10360.0,61242000.0,10143.0,61243000,14:00:43.000,reference_invalid_exit,closed,10459.0,10183.0,99.0,-40.0,59.0,0.0,59.0,2050.3,0.0,59.0,0.0
20260303-AP605-0778,20260303,AP605,AP604,long,61246000,14:00:46.000,normal_quote,normal_move_fill,interval_vwap,10375.0,61247000.0,10146.0,61248000,14:00:48.000,reference_invalid_exit,closed,10459.0,10183.0,84.0,-37.0,47.0,0.0,47.0,2052.1,0.0,47.0,0.0
20260303-AP605-0779,20260303,AP605,AP604,long,61251000,14:00:51.000,normal_quote,normal_move_fill,interval_vwap,10373.0,61252000.0,10147.0,61253000,14:00:53.000,reference_invalid_exit,closed,10457.0,10181.0,84.0,-34.0,50.0,0.0,50.0,2052.0,0.0,50.0,0.0
20260303-AP605-0780,20260303,AP605,AP604,long,61256000,14:00:56.000,normal_quote,normal_move_fill,interval_vwap,10376.0,61257000.0,10155.0,61258000,14:00:58.000,reference_invalid_exit,closed,10461.0,10184.0,85.0,-29.0,56.0,0.0,56.0,2053.1000000000004,0.0,56.0,0.0
20260303-AP605-0781,20260303,AP605,AP604,long,61261000,14:01:01.000,normal_quote,normal_move_fill,interval_vwap,10374.0,61262000.0,10151.0,61263000,14:01:03.000,reference_invalid_exit,closed,10457.0,10181.0,83.0,-30.0,53.0,0.0,53.0,2052.5,0.0,53.0,0.0
20260303-AP605-0782,20260303,AP605,AP604,long,61266000,14:01:06.000,normal_quote,normal_move_fill,interval_vwap,10375.0,61267000.0,10155.0,61268000,14:01:08.000,reference_invalid_exit,closed,10460.0,10183.0,85.0,-28.0,57.0,0.0,57.0,2053.0,0.0,57.0,0.0
20260303-AP605-0783,20260303,AP605,AP604,long,61271000,14:01:11.000,normal_quote,normal_move_fill,interval_vwap,10374.0,61272000.0,10155.0,61273000,14:01:13.000,reference_invalid_exit,closed,10451.0,10177.0,77.0,-22.0,55.0,0.0,55.0,2052.9,0.0,55.0,0.0
20260303-AP605-0784,20260303,AP605,AP604,long,61276000,14:01:16.000,normal_quote,normal_move_fill,interval_vwap,10371.0,61277000.0,10155.0,61278000,14:01:18.000,reference_invalid_exit,closed,10456.0,10179.0,85.0,-24.0,61.0,0.0,61.0,2052.6000000000004,0.0,61.0,0.0
20260303-AP605-0785,20260303,AP605,AP604,long,61281000,14:01:21.000,normal_quote,normal_move_fill,interval_vwap,10371.0,61282000.0,10155.0,61283000,14:01:23.000,reference_invalid_exit,closed,10451.0,10174.0,80.0,-19.0,61.0,0.0,61.0,2052.6000000000004,0.0,61.0,0.0
20260303-AP605-0786,20260303,AP605,AP604,long,61286000,14:01:26.000,normal_quote,normal_move_fill,interval_vwap,10371.0,61287000.0,10155.0,61288000,14:01:28.000,reference_invalid_exit,closed,10454.0,10177.0,83.0,-22.0,61.0,0.0,61.0,2052.6000000000004,0.0,61.0,0.0
20260303-AP605-0787,20260303,AP605,AP604,long,61291000,14:01:31.000,normal_quote,normal_move_fill,interval_vwap,10371.0,61292000.0,10155.0,61293000,14:01:33.000,reference_invalid_exit,closed,10452.0,10176.0,81.0,-21.0,60.0,0.0,60.0,2052.6000000000004,0.0,60.0,0.0
20260303-AP605-0788,20260303,AP605,AP604,long,61296000,14:01:36.000,normal_quote,normal_move_fill,interval_vwap,10368.0,61297000.0,10155.0,61298000,14:01:38.000,reference_invalid_exit,closed,10451.0,10176.0,83.0,-21.0,62.0,0.0,62.0,2052.3,0.0,62.0,0.0
20260303-AP605-0789,20260303,AP605,AP604,long,61301000,14:01:41.000,normal_quote,normal_move_fill,interval_vwap,10372.0,61302000.0,10149.0,61303000,14:01:43.000,reference_invalid_exit,closed,10458.0,10157.0,86.0,-8.0,78.0,0.0,78.0,2052.1000000000004,0.0,78.0,0.0
20260303-AP605-0790,20260303,AP605,AP604,long,61306000,14:01:46.000,normal_quote,normal_move_fill,interval_vwap,10375.0,61307000.0,10150.0,61308000,14:01:48.000,reference_invalid_exit,closed,10456.0,10179.0,81.0,-29.0,52.0,0.0,52.0,2052.5,0.0,52.0,0.0
20260303-AP605-0791,20260303,AP605,AP604,long,61311000,14:01:51.000,normal_quote,normal_move_fill,interval_vwap,10371.0,61312000.0,10145.0,61313000,14:01:53.000,reference_invalid_exit,closed,10456.0,10179.0,85.0,-34.0,51.0,0.0,51.0,2051.6000000000004,0.0,51.0,0.0
20260303-AP605-0792,20260303,AP605,AP604,long,61316000,14:01:56.000,normal_quote,normal_move_fill,interval_vwap,10371.0,61317000.0,10144.0,61318000,14:01:58.000,reference_invalid_exit,closed,10451.0,10175.0,80.0,-31.0,49.0,0.0,49.0,2051.5,0.0,49.0,0.0
20260303-AP605-0793,20260303,AP605,AP604,long,61321000,14:02:01.000,normal_quote,normal_move_fill,interval_vwap,10365.0,61322000.0,10138.0,61323000,14:02:03.000,reference_invalid_exit,closed,10443.0,10169.0,78.0,-31.0,47.0,0.0,47.0,2050.3,0.0,47.0,0.0
20260303-AP605-0794,20260303,AP605,AP604,long,61327000,14:02:07.000,normal_quote,normal_move_fill,interval_vwap,10362.0,61328000.0,10146.0,61329000,14:02:09.000,reference_invalid_exit,closed,10450.0,10175.0,88.0,-29.0,59.0,0.0,59.0,2050.8,0.0,59.0,0.0
20260303-AP605-0795,20260303,AP605,AP604,long,61332000,14:02:12.000,normal_quote,normal_move_fill,interval_vwap,10368.0,61333000.0,10153.0,61334000,14:02:14.000,reference_invalid_exit,closed,10452.0,10178.0,84.0,-25.0,59.0,0.0,59.0,2052.1,0.0,59.0,0.0
20260303-AP605-0796,20260303,AP605,AP604,long,61337000,14:02:17.000,normal_quote,normal_move_fill,interval_vwap,10369.0,61338000.0,10152.0,61339000,14:02:19.000,reference_invalid_exit,closed,10451.0,10178.0,82.0,-26.0,56.0,0.0,56.0,2052.1000000000004,0.0,56.0,0.0
20260303-AP605-0797,20260303,AP605,AP604,long,61342000,14:02:22.000,normal_quote,normal_move_fill,interval_vwap,10367.0,61343000.0,10149.0,61344000,14:02:24.000,reference_invalid_exit,closed,10450.0,10175.0,83.0,-26.0,57.0,0.0,57.0,2051.6000000000004,0.0,57.0,0.0
20260303-AP605-0798,20260303,AP605,AP604,long,61347000,14:02:27.000,normal_quote,normal_move_fill,interval_vwap,10364.0,61348000.0,10148.0,61349000,14:02:29.000,reference_invalid_exit,closed,10450.0,10177.0,86.0,-29.0,57.0,0.0,57.0,2051.2000000000003,0.0,57.0,0.0
20260303-AP605-0799,20260303,AP605,AP604,long,61352000,14:02:32.000,normal_quote,normal_move_fill,interval_vwap,10370.0,61353000.0,10154.0,61354000,14:02:34.000,reference_invalid_exit,closed,10455.0,10181.0,85.0,-27.0,58.0,0.0,58.0,2052.4,0.0,58.0,0.0
20260303-AP605-0800,20260303,AP605,AP604,long,61357000,14:02:37.000,normal_quote,normal_move_fill,interval_vwap,10374.0,61358000.0,10157.0,61359000,14:02:39.000,reference_invalid_exit,closed,10457.0,10183.0,83.0,-26.0,57.0,0.0,57.0,2053.1000000000004,0.0,57.0,0.0
20260303-AP605-0801,20260303,AP605,AP604,long,61362000,14:02:42.000,normal_quote,normal_move_fill,interval_vwap,10376.0,61363000.0,10155.0,61364000,14:02:44.000,reference_invalid_exit,closed,10454.0,10181.0,78.0,-26.0,52.0,0.0,52.0,2053.1000000000004,0.0,52.0,0.0
20260303-AP605-0802,20260303,AP605,AP604,long,61367000,14:02:47.000,normal_quote,normal_move_fill,interval_vwap,10373.0,61368000.0,10160.0,61369000,14:02:49.000,reference_invalid_exit,closed,10464.0,10189.0,91.0,-29.0,62.0,0.0,62.0,2053.3,0.0,62.0,0.0
20260303-AP605-0803,20260303,AP605,AP604,long,61372000,14:02:52.000,normal_quote,normal_move_fill,interval_vwap,10380.0,61373000.0,10157.0,61374000,14:02:54.000,reference_invalid_exit,closed,10457.0,10183.0,77.0,-26.0,51.0,0.0,51.0,2053.7,0.0,51.0,0.0
20260303-AP605-0804,20260303,AP605,AP604,long,61377000,14:02:57.000,normal_quote,normal_move_fill,interval_vwap,10374.0,61378000.0,10156.0,61379000,14:02:59.000,reference_invalid_exit,closed,10459.0,10185.0,85.0,-29.0,56.0,0.0,56.0,2053.0,0.0,56.0,0.0
20260303-AP605-0805,20260303,AP605,AP604,long,61382000,14:03:02.000,normal_quote,normal_move_fill,interval_vwap,10377.0,61383000.0,10159.0,61384000,14:03:04.000,reference_invalid_exit,closed,10459.0,10186.0,82.0,-27.0,55.0,0.0,55.0,2053.6000000000004,0.0,55.0,0.0
20260303-AP605-0806,20260303,AP605,AP604,long,61387000,14:03:07.000,normal_quote,normal_move_fill,interval_vwap,10378.0,61388000.0,10162.0,61389000,14:03:09.000,reference_invalid_exit,closed,10454.0,10180.0,76.0,-18.0,58.0,0.0,58.0,2054.0,0.0,58.0,0.0
20260303-AP605-0807,20260303,AP605,AP604,long,61392000,14:03:12.000,normal_quote,normal_move_fill,interval_vwap,10368.0,61393000.0,10151.0,61394000,14:03:14.000,reference_invalid_exit,closed,10442.0,10174.0,74.0,-23.0,51.0,0.0,51.0,2051.9,0.0,51.0,0.0
20260303-AP605-0808,20260303,AP605,AP604,long,61397000,14:03:17.000,normal_quote,normal_move_fill,interval_vwap,10359.0,61398000.0,10143.0,61399000,14:03:19.000,reference_invalid_exit,closed,10447.0,10174.0,88.0,-31.0,57.0,0.0,57.0,2050.2000000000003,0.0,57.0,0.0
20260303-AP605-0809,20260303,AP605,AP604,long,61402000,14:03:22.000,normal_quote,normal_move_fill,interval_vwap,10363.0,61403000.0,10144.0,61404000,14:03:24.000,reference_invalid_exit,closed,10445.0,10170.0,82.0,-26.0,56.0,0.0,56.0,2050.7,0.0,56.0,0.0
20260303-AP605-0810,20260303,AP605,AP604,long,61407000,14:03:27.000,normal_quote,normal_move_fill,interval_vwap,10363.0,61408000.0,10141.0,61409000,14:03:29.000,reference_invalid_exit,closed,10444.0,10171.0,81.0,-30.0,51.0,0.0,51.0,2050.4,0.0,51.0,0.0
20260303-AP605-0811,20260303,AP605,AP604,long,61412000,14:03:32.000,normal_quote,normal_move_fill,interval_vwap,10363.0,61413000.0,10145.0,61414000,14:03:34.000,reference_invalid_exit,closed,10444.0,10169.0,81.0,-24.0,57.0,0.0,57.0,2050.8,0.0,57.0,0.0
20260303-AP605-0812,20260303,AP605,AP604,long,61417000,14:03:37.000,normal_quote,normal_move_fill,interval_vwap,10358.0,61418000.0,10141.0,61419000,14:03:39.000,reference_invalid_exit,closed,10441.0,10166.0,83.0,-25.0,58.0,0.0,58.0,2049.9,0.0,58.0,0.0
20260303-AP605-0813,20260303,AP605,AP604,long,61422000,14:03:42.000,normal_quote,normal_move_fill,interval_vwap,10357.0,61423000.0,10141.0,61424000,14:03:44.000,reference_invalid_exit,closed,10440.0,10165.0,83.0,-24.0,59.0,0.0,59.0,2049.8,0.0,59.0,0.0
20260303-AP605-0814,20260303,AP605,AP604,long,61427000,14:03:47.000,normal_quote,normal_move_fill,interval_vwap,10355.0,61428000.0,10136.0,61429000,14:03:49.000,reference_invalid_exit,closed,10436.0,10162.0,81.0,-26.0,55.0,0.0,55.0,2049.1,0.0,55.0,0.0
20260303-AP605-0815,20260303,AP605,AP604,long,61432000,14:03:52.000,normal_quote,normal_move_fill,interval_vwap,10351.0,61433000.0,10137.0,61434000,14:03:54.000,reference_invalid_exit,closed,10439.0,10164.0,88.0,-27.0,61.0,0.0,61.0,2048.8,0.0,61.0,0.0
20260303-AP605-0816,20260303,AP605,AP604,long,61437000,14:03:57.000,normal_quote,normal_move_fill,interval_vwap,10354.0,61438000.0,10136.0,61439000,14:03:59.000,reference_invalid_exit,closed,10438.0,10168.0,84.0,-32.0,52.0,0.0,52.0,2049.0,0.0,52.0,0.0
20260303-AP605-0817,20260303,AP605,AP604,long,61442000,14:04:02.000,normal_quote,normal_move_fill,interval_vwap,10363.0,61443000.0,10139.0,61444000,14:04:04.000,reference_invalid_exit,closed,10438.0,10167.0,75.0,-28.0,47.0,0.0,47.0,2050.2,0.0,47.0,0.0
20260303-AP605-0818,20260303,AP605,AP604,long,61447000,14:04:07.000,normal_quote,normal_move_fill,interval_vwap,10355.0,61448000.0,10140.0,61449000,14:04:09.000,reference_invalid_exit,closed,10439.0,10164.0,84.0,-24.0,60.0,0.0,60.0,2049.5,0.0,60.0,0.0
20260303-AP605-0819,20260303,AP605,AP604,long,61453000,14:04:13.000,normal_quote,normal_move_fill,interval_vwap,10345.0,61454000.0,10120.0,61455000,14:04:15.000,reversion_exit,closed,10420.0,10150.0,75.0,-30.0,45.0,0.0,45.0,2046.5,0.0,45.0,0.0
20260303-AP605-0820,20260303,AP605,AP604,long,61458000,14:04:18.000,normal_quote,normal_move_fill,interval_vwap,10333.0,61459000.0,10102.0,61460000,14:04:20.000,reference_invalid_exit,closed,10399.0,10113.0,66.0,-11.0,55.0,0.0,55.0,2043.5,0.0,55.0,0.0
20260303-AP605-0821,20260303,AP605,AP604,long,61463000,14:04:23.000,normal_quote,normal_move_fill,interval_vwap,10305.0,61464000.0,10092.0,61465000,14:04:25.000,reference_invalid_exit,closed,10390.0,10113.0,85.0,-21.0,64.0,0.0,64.0,2039.7,0.0,64.0,0.0
20260303-AP605-0822,20260303,AP605,AP604,long,61468000,14:04:28.000,normal_quote,normal_move_fill,interval_vwap,10313.0,61469000.0,10084.0,61470000,14:04:30.000,reference_invalid_exit,closed,10394.0,10097.0,81.0,-13.0,68.0,0.0,68.0,2039.7,0.0,68.0,0.0
20260303-AP605-0823,20260303,AP605,AP604,long,61473000,14:04:33.000,normal_quote,normal_move_fill,interval_vwap,10312.0,61474000.0,10083.0,61475000,14:04:35.000,reference_invalid_exit,closed,10389.0,10113.0,77.0,-30.0,47.0,0.0,47.0,2039.5,0.0,47.0,0.0
20260303-AP605-0824,20260303,AP605,AP604,long,61478000,14:04:38.000,normal_quote,normal_move_fill,interval_vwap,10308.0,61479000.0,10078.0,61480000,14:04:40.000,reference_invalid_exit,closed,10387.0,10110.0,79.0,-32.0,47.0,0.0,47.0,2038.6,0.0,47.0,0.0
20260303-AP605-0825,20260303,AP605,AP604,long,61483000,14:04:43.000,normal_quote,normal_move_fill,interval_vwap,10304.0,61484000.0,10058.0,61485000,14:04:45.000,reference_invalid_exit,closed,10366.0,10089.0,62.0,-31.0,31.0,0.0,31.0,2036.2000000000003,0.0,31.0,0.0
20260303-AP605-0826,20260303,AP605,AP604,long,61488000,14:04:48.000,normal_quote,normal_move_fill,interval_vwap,10290.0,61489000.0,10039.0,61490000,14:04:50.000,reference_invalid_exit,closed,10343.0,10068.0,53.0,-29.0,24.0,0.0,24.0,2032.9,0.0,24.0,0.0
20260303-AP605-0827,20260303,AP605,AP604,long,61493000,14:04:53.000,normal_quote,normal_move_fill,interval_vwap,10259.0,61494000.0,10034.0,61495000,14:04:55.000,reference_invalid_exit,closed,10349.0,10078.0,90.0,-44.0,46.0,0.0,46.0,2029.3000000000002,0.0,46.0,0.0
20260303-AP605-0828,20260303,AP605,AP604,long,61498000,14:04:58.000,normal_quote,normal_move_fill,interval_vwap,10275.0,61499000.0,10046.0,61500000,14:05:00.000,reference_invalid_exit,closed,10353.0,10074.0,78.0,-28.0,50.0,0.0,50.0,2032.1,0.0,50.0,0.0
20260303-AP605-0829,20260303,AP605,AP604,long,61503000,14:05:03.000,normal_quote,normal_move_fill,interval_vwap,10264.0,61504000.0,10030.0,61505000,14:05:05.000,reference_invalid_exit,closed,10339.0,10063.0,75.0,-33.0,42.0,0.0,42.0,2029.4,0.0,42.0,0.0
20260303-AP605-0830,20260303,AP605,AP604,long,61509000,14:05:09.000,normal_quote,normal_move_fill,interval_vwap,10253.0,61510000.0,10019.0,61511000,14:05:11.000,reference_invalid_exit,closed,10332.0,10059.0,79.0,-40.0,39.0,0.0,39.0,2027.2,0.0,39.0,0.0
20260303-AP605-0831,20260303,AP605,AP604,long,61514000,14:05:14.000,normal_quote,normal_move_fill,interval_vwap,10254.0,61515000.0,10029.0,61516000,14:05:16.000,reference_invalid_exit,closed,10341.0,10054.0,87.0,-25.0,62.0,0.0,62.0,2028.3000000000002,0.0,62.0,0.0
20260303-AP605-0832,20260303,AP605,AP604,long,61519000,14:05:19.000,normal_quote,normal_move_fill,interval_vwap,10267.0,61520000.0,10043.0,61521000,14:05:21.000,reference_invalid_exit,closed,10354.0,10075.0,87.0,-32.0,55.0,0.0,55.0,2031.0,0.0,55.0,0.0
20260303-AP605-0833,20260303,AP605,AP604,long,61525000,14:05:25.000,normal_quote,normal_move_fill,interval_vwap,10274.0,61526000.0,10036.0,61527000,14:05:27.000,reference_invalid_exit,closed,10357.0,10080.0,83.0,-44.0,39.0,0.0,39.0,2031.0,0.0,39.0,0.0
20260303-AP605-0834,20260303,AP605,AP604,long,61530000,14:05:30.000,normal_quote,normal_move_fill,interval_vwap,10275.0,61531000.0,10037.0,61532000,14:05:32.000,reference_invalid_exit,closed,10341.0,10047.0,66.0,-10.0,56.0,0.0,56.0,2031.2,0.0,56.0,0.0
20260303-AP605-0835,20260303,AP605,AP604,long,61535000,14:05:35.000,normal_quote,normal_move_fill,interval_vwap,10262.0,61536000.0,10027.0,61537000,14:05:37.000,reference_invalid_exit,closed,10339.0,10029.0,77.0,-2.0,75.0,0.0,75.0,2028.9,0.0,75.0,0.0
20260303-AP605-0836,20260303,AP605,AP604,long,61540000,14:05:40.000,normal_quote,normal_move_fill,interval_vwap,10261.0,61541000.0,10015.0,61542000,14:05:42.000,reference_invalid_exit,closed,10343.0,10040.0,82.0,-25.0,57.0,0.0,57.0,2027.6000000000001,0.0,57.0,0.0
20260303-AP605-0837,20260303,AP605,AP604,long,61545000,14:05:45.000,normal_quote,normal_move_fill,interval_vwap,10262.0,61546000.0,10020.0,61547000,14:05:47.000,reference_invalid_exit,closed,10351.0,10048.0,89.0,-28.0,61.0,0.0,61.0,2028.2,0.0,61.0,0.0
20260303-AP605-0838,20260303,AP605,AP604,long,61550000,14:05:50.000,normal_quote,normal_move_fill,interval_vwap,10265.0,61551000.0,10022.0,61552000,14:05:52.000,reference_invalid_exit,closed,10344.0,10043.0,79.0,-21.0,58.0,0.0,58.0,2028.7,0.0,58.0,0.0
20260303-AP605-0839,20260303,AP605,AP604,long,61555000,14:05:55.000,normal_quote,normal_move_fill,interval_vwap,10263.0,61556000.0,10021.0,61557000,14:05:57.000,reference_invalid_exit,closed,10345.0,10045.0,82.0,-24.0,58.0,0.0,58.0,2028.4,0.0,58.0,0.0
20260303-AP605-0840,20260303,AP605,AP604,long,61560000,14:06:00.000,normal_quote,normal_move_fill,interval_vwap,10260.0,61561000.0,10016.0,61562000,14:06:02.000,reference_invalid_exit,closed,10341.0,10038.0,81.0,-22.0,59.0,0.0,59.0,2027.6,0.0,59.0,0.0
20260303-AP605-0841,20260303,AP605,AP604,long,61565000,14:06:05.000,normal_quote,normal_move_fill,interval_vwap,10258.0,61566000.0,10016.0,61567000,14:06:07.000,reference_invalid_exit,closed,10341.0,10038.0,83.0,-22.0,61.0,0.0,61.0,2027.4,0.0,61.0,0.0
20260303-AP605-0842,20260303,AP605,AP604,long,61570000,14:06:10.000,normal_quote,normal_move_fill,interval_vwap,10250.0,61571000.0,10008.0,61572000,14:06:12.000,reference_invalid_exit,closed,10334.0,10036.0,84.0,-28.0,56.0,0.0,56.0,2025.8000000000002,0.0,56.0,0.0
20260303-AP605-0843,20260303,AP605,AP604,long,61575000,14:06:15.000,normal_quote,normal_move_fill,interval_vwap,10258.0,61576000.0,10014.0,61577000,14:06:17.000,reference_invalid_exit,closed,10337.0,10036.0,79.0,-22.0,57.0,0.0,57.0,2027.2,0.0,57.0,0.0
20260303-AP605-0844,20260303,AP605,AP604,long,61580000,14:06:20.000,normal_quote,normal_move_fill,interval_vwap,10257.0,61581000.0,10016.0,61582000,14:06:22.000,reference_invalid_exit,closed,10342.0,10052.0,85.0,-36.0,49.0,0.0,49.0,2027.3000000000002,0.0,49.0,0.0
20260303-AP605-0845,20260303,AP605,AP604,long,61585000,14:06:25.000,normal_quote,normal_move_fill,interval_vwap,10255.0,,,61586000,14:06:26.000,hedge_failure_exit,hedge_failure_exit,10339.0,,84.0,,84.0,0.0,84.0,,0.0,,0.0
20260303-AP605-0846,20260303,AP605,AP604,long,61592000,14:06:32.000,normal_quote,normal_move_fill,interval_vwap,10255.0,61593000.0,10040.0,61594000,14:06:34.000,reference_invalid_exit,closed,10339.0,10052.0,84.0,-12.0,72.0,0.0,72.0,2029.5,0.0,72.0,0.0
20260303-AP605-0847,20260303,AP605,AP604,long,61597000,14:06:37.000,normal_quote,normal_move_fill,interval_vwap,10256.0,61598000.0,10007.0,61599000,14:06:39.000,reference_invalid_exit,closed,10322.0,10046.0,66.0,-39.0,27.0,0.0,27.0,2026.3000000000002,0.0,27.0,0.0
20260303-AP605-0848,20260303,AP605,AP604,long,61602000,14:06:42.000,normal_quote,normal_move_fill,interval_vwap,10243.0,61603000.0,10001.0,61604000,14:06:44.000,reference_invalid_exit,closed,10329.0,10050.0,86.0,-49.0,37.0,0.0,37.0,2024.4,0.0,37.0,0.0
20260303-AP605-0849,20260303,AP605,AP604,long,61607000,14:06:47.000,normal_quote,normal_move_fill,interval_vwap,10246.0,61608000.0,9998.0,61609000,14:06:49.000,reference_invalid_exit,closed,10326.0,10044.0,80.0,-46.0,34.0,0.0,34.0,2024.4,0.0,34.0,0.0
20260303-AP605-0850,20260303,AP605,AP604,long,61612000,14:06:52.000,normal_quote,normal_move_fill,interval_vwap,10239.0,61613000.0,9998.0,61614000,14:06:54.000,reference_invalid_exit,closed,10317.0,10035.0,78.0,-37.0,41.0,0.0,41.0,2023.7000000000003,0.0,41.0,0.0
20260303-AP605-0851,20260303,AP605,AP604,long,61617000,14:06:57.000,normal_quote,normal_move_fill,interval_vwap,10232.0,61618000.0,9990.0,61619000,14:06:59.000,reference_invalid_exit,closed,10317.0,10035.0,85.0,-45.0,40.0,0.0,40.0,2022.2,0.0,40.0,0.0
20260303-AP605-0852,20260303,AP605,AP604,long,61622000,14:07:02.000,normal_quote,normal_move_fill,interval_vwap,10231.0,61623000.0,9993.0,61624000,14:07:04.000,reference_invalid_exit,closed,10320.0,10033.0,89.0,-40.0,49.0,0.0,49.0,2022.4,0.0,49.0,0.0
20260303-AP605-0853,20260303,AP605,AP604,long,61627000,14:07:07.000,normal_quote,normal_move_fill,interval_vwap,10237.0,61628000.0,9998.0,61629000,14:07:09.000,reference_invalid_exit,closed,10319.0,10036.0,82.0,-38.0,44.0,0.0,44.0,2023.5,0.0,44.0,0.0
20260303-AP605-0854,20260303,AP605,AP604,long,61632000,14:07:12.000,normal_quote,normal_move_fill,interval_vwap,10240.0,61633000.0,9990.0,61634000,14:07:14.000,reference_invalid_exit,closed,10315.0,10032.0,75.0,-42.0,33.0,0.0,33.0,2023.0,0.0,33.0,0.0
20260303-AP605-0855,20260303,AP605,AP604,long,61637000,14:07:17.000,normal_quote,normal_move_fill,interval_vwap,10236.0,61638000.0,9994.0,61639000,14:07:19.000,reference_invalid_exit,closed,10321.0,10034.0,85.0,-40.0,45.0,0.0,45.0,2023.0,0.0,45.0,0.0
20260303-AP605-0856,20260303,AP605,AP604,long,61642000,14:07:22.000,normal_quote,normal_move_fill,interval_vwap,10237.0,61643000.0,9991.0,61644000,14:07:24.000,reference_invalid_exit,closed,10313.0,10026.0,76.0,-35.0,41.0,0.0,41.0,2022.8000000000002,0.0,41.0,0.0
20260303-AP605-0857,20260303,AP605,AP604,long,61647000,14:07:27.000,normal_quote,normal_move_fill,interval_vwap,10231.0,61648000.0,9990.0,61649000,14:07:29.000,reference_invalid_exit,closed,10314.0,10027.0,83.0,-37.0,46.0,0.0,46.0,2022.1,0.0,46.0,0.0
20260303-AP605-0858,20260303,AP605,AP604,long,61652000,14:07:32.000,normal_quote,normal_move_fill,interval_vwap,10231.0,61653000.0,9998.0,61654000,14:07:34.000,reference_invalid_exit,closed,10318.0,10034.0,87.0,-36.0,51.0,0.0,51.0,2022.9,0.0,51.0,0.0
20260303-AP605-0859,20260303,AP605,AP604,long,61657000,14:07:37.000,normal_quote,normal_move_fill,interval_vwap,10237.0,61658000.0,9998.0,61659000,14:07:39.000,reference_invalid_exit,closed,10319.0,10032.0,82.0,-34.0,48.0,0.0,48.0,2023.5,0.0,48.0,0.0
20260303-AP605-0860,20260303,AP605,AP604,long,61662000,14:07:42.000,normal_quote,normal_move_fill,interval_vwap,10236.0,61663000.0,9995.0,61664000,14:07:44.000,reference_invalid_exit,closed,10320.0,10033.0,84.0,-38.0,46.0,0.0,46.0,2023.1,0.0,46.0,0.0
20260303-AP605-0861,20260303,AP605,AP604,long,61667000,14:07:47.000,normal_quote,normal_move_fill,interval_vwap,10237.0,61668000.0,9998.0,61669000,14:07:49.000,reference_invalid_exit,closed,10321.0,10037.0,84.0,-39.0,45.0,0.0,45.0,2023.5,0.0,45.0,0.0
20260303-AP605-0862,20260303,AP605,AP604,long,61672000,14:07:52.000,normal_quote,normal_move_fill,interval_vwap,10237.0,61673000.0,9993.0,61674000,14:07:54.000,reference_invalid_exit,closed,10315.0,10029.0,78.0,-36.0,42.0,0.0,42.0,2023.0,0.0,42.0,0.0
20260303-AP605-0863,20260303,AP605,AP604,long,61677000,14:07:57.000,normal_quote,normal_move_fill,interval_vwap,10233.0,61678000.0,9992.0,61679000,14:07:59.000,reference_invalid_exit,closed,10314.0,10033.0,81.0,-41.0,40.0,0.0,40.0,2022.5,0.0,40.0,0.0
20260303-AP605-0864,20260303,AP605,AP604,long,61682000,14:08:02.000,normal_quote,normal_move_fill,interval_vwap,10233.0,61683000.0,9992.0,61684000,14:08:04.000,reference_invalid_exit,closed,10315.0,10032.0,82.0,-40.0,42.0,0.0,42.0,2022.5,0.0,42.0,0.0
20260303-AP605-0865,20260303,AP605,AP604,long,61687000,14:08:07.000,normal_quote,normal_move_fill,interval_vwap,10236.0,61688000.0,9987.0,61689000,14:08:09.000,reference_invalid_exit,closed,10313.0,10013.0,77.0,-26.0,51.0,0.0,51.0,2022.3000000000002,0.0,51.0,0.0
20260303-AP605-0866,20260303,AP605,AP604,long,61692000,14:08:12.000,normal_quote,normal_move_fill,interval_vwap,10228.0,61693000.0,9988.0,61694000,14:08:14.000,reference_invalid_exit,closed,10315.0,10009.0,87.0,-21.0,66.0,0.0,66.0,2021.6000000000001,0.0,66.0,0.0
20260303-AP605-0867,20260303,AP605,AP604,long,61697000,14:08:17.000,normal_quote,normal_move_fill,interval_vwap,10239.0,61698000.0,9993.0,61699000,14:08:19.000,reference_invalid_exit,closed,10319.0,10015.0,80.0,-22.0,58.0,0.0,58.0,2023.2000000000003,0.0,58.0,0.0
20260303-AP605-0868,20260303,AP605,AP604,long,61702000,14:08:22.000,normal_quote,normal_move_fill,interval_vwap,10234.0,61703000.0,9991.0,61704000,14:08:24.000,reference_invalid_exit,closed,10317.0,10014.0,83.0,-23.0,60.0,0.0,60.0,2022.5,0.0,60.0,0.0
20260303-AP605-0869,20260303,AP605,AP604,long,61707000,14:08:27.000,normal_quote,normal_move_fill,interval_vwap,10234.0,61708000.0,9990.0,61709000,14:08:29.000,reference_invalid_exit,closed,10316.0,10009.0,82.0,-19.0,63.0,0.0,63.0,2022.4,0.0,63.0,0.0
20260303-AP605-0870,20260303,AP605,AP604,long,61712000,14:08:32.000,normal_quote,normal_move_fill,interval_vwap,10232.0,61713000.0,9991.0,61714000,14:08:34.000,reference_invalid_exit,closed,10316.0,10010.0,84.0,-19.0,65.0,0.0,65.0,2022.3000000000002,0.0,65.0,0.0
20260303-AP605-0871,20260303,AP605,AP604,long,61717000,14:08:37.000,normal_quote,normal_move_fill,interval_vwap,10230.0,61718000.0,9990.0,61719000,14:08:39.000,reference_invalid_exit,closed,10313.0,10007.0,83.0,-17.0,66.0,0.0,66.0,2022.0,0.0,66.0,0.0
20260303-AP605-0872,20260303,AP605,AP604,long,61722000,14:08:42.000,normal_quote,normal_move_fill,interval_vwap,10229.0,61723000.0,9990.0,61724000,14:08:44.000,reference_invalid_exit,closed,10309.0,10002.0,80.0,-12.0,68.0,0.0,68.0,2021.9,0.0,68.0,0.0
20260303-AP605-0873,20260303,AP605,AP604,long,61727000,14:08:47.000,normal_quote,normal_move_fill,interval_vwap,10222.0,61728000.0,9978.0,61729000,14:08:49.000,reference_invalid_exit,closed,10299.0,9992.0,77.0,-14.0,63.0,0.0,63.0,2020.0,0.0,63.0,0.0
20260303-AP605-0874,20260303,AP605,AP604,long,61732000,14:08:52.000,normal_quote,normal_move_fill,interval_vwap,10213.0,61733000.0,9978.0,61734000,14:08:54.000,reference_invalid_exit,closed,10287.0,9989.0,74.0,-11.0,63.0,0.0,63.0,2019.1000000000001,0.0,63.0,0.0
20260303-AP605-0875,20260303,AP605,AP604,long,61737000,14:08:57.000,normal_quote,normal_move_fill,interval_vwap,10211.0,61738000.0,9971.0,61739000,14:08:59.000,reference_invalid_exit,closed,10295.0,9980.0,84.0,-9.0,75.0,0.0,75.0,2018.2,0.0,75.0,0.0
20260303-AP605-0876,20260303,AP605,AP604,long,61742000,14:09:02.000,normal_quote,normal_move_fill,interval_vwap,10212.0,61743000.0,9973.0,61744000,14:09:04.000,reference_invalid_exit,closed,10296.0,9980.0,84.0,-7.0,77.0,0.0,77.0,2018.5,0.0,77.0,0.0
20260303-AP605-0877,20260303,AP605,AP604,long,61747000,14:09:07.000,normal_quote,normal_move_fill,interval_vwap,10214.0,61748000.0,9969.0,61749000,14:09:09.000,reference_invalid_exit,closed,10295.0,9980.0,81.0,-11.0,70.0,0.0,70.0,2018.3000000000002,0.0,70.0,0.0
20260303-AP605-0878,20260303,AP605,AP604,long,61752000,14:09:12.000,normal_quote,normal_move_fill,interval_vwap,10214.0,61753000.0,9978.0,61754000,14:09:14.000,reference_invalid_exit,closed,10306.0,10005.0,92.0,-27.0,65.0,0.0,65.0,2019.2000000000003,0.0,65.0,0.0
20260303-AP605-0879,20260303,AP605,AP604,long,61757000,14:09:17.000,normal_quote,normal_move_fill,interval_vwap,10231.0,61758000.0,9999.0,61759000,14:09:19.000,reversion_exit,closed,10320.0,10017.0,89.0,-18.0,71.0,0.0,71.0,2023.0,0.0,71.0,0.0
20260303-AP605-0880,20260303,AP605,AP604,long,61762000,14:09:22.000,normal_quote,normal_move_fill,interval_vwap,10229.0,61763000.0,9979.0,61764000,14:09:24.000,reference_invalid_exit,closed,10305.0,10002.0,76.0,-23.0,53.0,0.0,53.0,2020.8000000000002,0.0,53.0,0.0
20260303-AP605-0881,20260303,AP605,AP604,long,61767000,14:09:27.000,normal_quote,normal_move_fill,interval_vwap,10217.0,61768000.0,9974.0,61769000,14:09:29.000,reference_invalid_exit,closed,10298.0,9995.0,81.0,-21.0,60.0,0.0,60.0,2019.1000000000001,0.0,60.0,0.0
20260303-AP605-0882,20260303,AP605,AP604,long,61772000,14:09:32.000,normal_quote,normal_move_fill,interval_vwap,10214.0,61773000.0,9973.0,61774000,14:09:34.000,reference_invalid_exit,closed,10298.0,9995.0,84.0,-22.0,62.0,0.0,62.0,2018.7000000000003,0.0,62.0,0.0
20260303-AP605-0883,20260303,AP605,AP604,long,61777000,14:09:37.000,normal_quote,normal_move_fill,interval_vwap,10215.0,61778000.0,9973.0,61779000,14:09:39.000,reference_invalid_exit,closed,10296.0,9995.0,81.0,-22.0,59.0,0.0,59.0,2018.8000000000002,0.0,59.0,0.0
20260303-AP605-0884,20260303,AP605,AP604,long,61782000,14:09:42.000,normal_quote,normal_move_fill,interval_vwap,10220.0,61783000.0,9978.0,61784000,14:09:44.000,reference_invalid_exit,closed,10304.0,10003.0,84.0,-25.0,59.0,0.0,59.0,2019.8000000000002,0.0,59.0,0.0
20260303-AP605-0885,20260303,AP605,AP604,long,61787000,14:09:47.000,normal_quote,normal_move_fill,interval_vwap,10226.0,61788000.0,9979.0,61789000,14:09:49.000,reversion_exit,closed,10305.0,10003.0,79.0,-24.0,55.0,0.0,55.0,2020.5,0.0,55.0,0.0
20260303-AP605-0886,20260303,AP605,AP604,long,61792000,14:09:52.000,normal_quote,normal_move_fill,interval_vwap,10225.0,61793000.0,9980.0,61794000,14:09:54.000,reversion_exit,closed,10306.0,10003.0,81.0,-23.0,58.0,0.0,58.0,2020.5,0.0,58.0,0.0
20260303-AP605-0887,20260303,AP605,AP604,long,61797000,14:09:57.000,normal_quote,normal_move_fill,interval_vwap,10220.0,61798000.0,9974.0,61799000,14:09:59.000,reference_invalid_exit,closed,10299.0,9999.0,79.0,-25.0,54.0,0.0,54.0,2019.4,0.0,54.0,0.0
20260303-AP605-0888,20260303,AP605,AP604,long,61802000,14:10:02.000,normal_quote,normal_move_fill,interval_vwap,10215.0,61803000.0,9973.0,61804000,14:10:04.000,reference_invalid_exit,closed,10299.0,9998.0,84.0,-25.0,59.0,0.0,59.0,2018.8000000000002,0.0,59.0,0.0
20260303-AP605-0889,20260303,AP605,AP604,long,61808000,14:10:08.000,normal_quote,normal_move_fill,interval_vwap,10215.0,61809000.0,9969.0,61810000,14:10:10.000,reference_invalid_exit,closed,10293.0,9990.0,78.0,-21.0,57.0,0.0,57.0,2018.4,0.0,57.0,0.0
20260303-AP605-0890,20260303,AP605,AP604,long,61813000,14:10:13.000,normal_quote,normal_move_fill,interval_vwap,10205.0,61814000.0,9964.0,61815000,14:10:15.000,reversion_exit,closed,10298.0,9995.0,93.0,-31.0,62.0,0.0,62.0,2016.9,0.0,62.0,0.0
20260303-AP605-0891,20260303,AP605,AP604,long,61818000,14:10:18.000,normal_quote,normal_move_fill,interval_vwap,10219.0,61819000.0,9980.0,61820000,14:10:20.000,reversion_exit,closed,10302.0,10002.0,83.0,-22.0,61.0,0.0,61.0,2019.9,0.0,61.0,0.0
20260303-AP605-0892,20260303,AP605,AP604,long,61823000,14:10:23.000,normal_quote,normal_move_fill,interval_vwap,10223.0,61824000.0,9976.0,61825000,14:10:25.000,reversion_exit,closed,10302.0,10002.0,79.0,-26.0,53.0,0.0,53.0,2019.9,0.0,53.0,0.0
20260303-AP605-0893,20260303,AP605,AP604,long,61828000,14:10:28.000,normal_quote,normal_move_fill,interval_vwap,10217.0,61829000.0,9971.0,61830000,14:10:30.000,reversion_exit,closed,10302.0,10000.0,85.0,-29.0,56.0,0.0,56.0,2018.8000000000002,0.0,56.0,0.0
20260303-AP605-0894,20260303,AP605,AP604,long,61833000,14:10:33.000,normal_quote,normal_move_fill,interval_vwap,10219.0,61834000.0,9976.0,61835000,14:10:35.000,reversion_exit,closed,10309.0,10000.0,90.0,-24.0,66.0,0.0,66.0,2019.5,0.0,66.0,0.0
20260303-AP605-0895,20260303,AP605,AP604,long,61838000,14:10:38.000,normal_quote,normal_move_fill,interval_vwap,10220.0,61839000.0,9976.0,61840000,14:10:40.000,reversion_exit,closed,10309.0,10000.0,89.0,-24.0,65.0,0.0,65.0,2019.6,0.0,65.0,0.0
20260303-AP605-0896,20260303,AP605,AP604,long,61843000,14:10:43.000,normal_quote,normal_move_fill,interval_vwap,10220.0,61844000.0,9973.0,61845000,14:10:45.000,reversion_exit,closed,10313.0,10004.0,93.0,-31.0,62.0,0.0,62.0,2019.3000000000002,0.0,62.0,0.0
20260303-AP605-0897,20260303,AP605,AP604,long,61848000,14:10:48.000,normal_quote,normal_move_fill,interval_vwap,10215.0,61849000.0,9973.0,61850000,14:10:50.000,reference_invalid_exit,closed,10307.0,9999.0,92.0,-26.0,66.0,0.0,66.0,2018.8000000000002,0.0,66.0,0.0
20260303-AP605-0898,20260303,AP605,AP604,long,61853000,14:10:53.000,normal_quote,normal_move_fill,interval_vwap,10226.0,61854000.0,9972.0,61855000,14:10:55.000,reversion_exit,closed,10304.0,9975.0,78.0,-3.0,75.0,0.0,75.0,2019.8000000000002,0.0,75.0,0.0
20260303-AP605-0899,20260303,AP605,AP604,long,61858000,14:10:58.000,normal_quote,normal_move_fill,interval_vwap,10207.0,61859000.0,9966.0,61860000,14:11:00.000,reversion_exit,closed,10298.0,9990.0,91.0,-24.0,67.0,0.0,67.0,2017.3000000000002,0.0,67.0,0.0
20260303-AP605-0900,20260303,AP605,AP604,long,61863000,14:11:03.000,normal_quote,normal_move_fill,interval_vwap,10206.0,61864000.0,9966.0,61865000,14:11:05.000,reference_invalid_exit,closed,10299.0,9994.0,93.0,-28.0,65.0,0.0,65.0,2017.2,0.0,65.0,0.0
20260303-AP605-0901,20260303,AP605,AP604,long,61868000,14:11:08.000,normal_quote,normal_move_fill,interval_vwap,10214.0,61869000.0,9975.0,61870000,14:11:10.000,reversion_exit,closed,10305.0,9997.0,91.0,-22.0,69.0,0.0,69.0,2018.9,0.0,69.0,0.0
20260303-AP605-0902,20260303,AP605,AP604,long,61873000,14:11:13.000,normal_quote,normal_move_fill,interval_vwap,10217.0,61874000.0,9977.0,61875000,14:11:15.000,reversion_exit,closed,10307.0,10001.0,90.0,-24.0,66.0,0.0,66.0,2019.4,0.0,66.0,0.0
20260303-AP605-0903,20260303,AP605,AP604,long,61878000,14:11:18.000,normal_quote,normal_move_fill,interval_vwap,10217.0,61879000.0,9981.0,61880000,14:11:20.000,reversion_exit,closed,10312.0,10005.0,95.0,-24.0,71.0,0.0,71.0,2019.8000000000002,0.0,71.0,0.0
20260303-AP605-0904,20260303,AP605,AP604,long,61883000,14:11:23.000,normal_quote,normal_move_fill,interval_vwap,10217.0,61884000.0,9982.0,61885000,14:11:25.000,reversion_exit,closed,10311.0,10005.0,94.0,-23.0,71.0,0.0,71.0,2019.9,0.0,71.0,0.0
20260303-AP605-0905,20260303,AP605,AP604,long,61888000,14:11:28.000,normal_quote,normal_move_fill,interval_vwap,10216.0,61889000.0,9978.0,61890000,14:11:30.000,reference_invalid_exit,closed,10308.0,10004.0,92.0,-26.0,66.0,0.0,66.0,2019.4,0.0,66.0,0.0
20260303-AP605-0906,20260303,AP605,AP604,long,61893000,14:11:33.000,normal_quote,normal_move_fill,interval_vwap,10230.0,61894000.0,9979.0,61895000,14:11:35.000,reference_invalid_exit,closed,10309.0,10005.0,79.0,-26.0,53.0,0.0,53.0,2020.9,0.0,53.0,0.0
20260303-AP605-0907,20260303,AP605,AP604,long,61898000,14:11:38.000,normal_quote,normal_move_fill,interval_vwap,10230.0,61899000.0,9979.0,61900000,14:11:40.000,reference_invalid_exit,closed,10309.0,10003.0,79.0,-24.0,55.0,0.0,55.0,2020.9,0.0,55.0,0.0
20260303-AP605-0908,20260303,AP605,AP604,long,61903000,14:11:43.000,normal_quote,normal_move_fill,interval_vwap,10229.0,61904000.0,9977.0,61905000,14:11:45.000,reversion_exit,closed,10306.0,9999.0,77.0,-22.0,55.0,0.0,55.0,2020.6000000000001,0.0,55.0,0.0
20260303-AP605-0909,20260303,AP605,AP604,long,61908000,14:11:48.000,normal_quote,normal_move_fill,interval_vwap,10212.0,61909000.0,9974.0,61910000,14:11:50.000,reversion_exit,closed,10304.0,9996.0,92.0,-22.0,70.0,0.0,70.0,2018.6000000000001,0.0,70.0,0.0
20260303-AP605-0910,20260303,AP605,AP604,long,61913000,14:11:53.000,normal_quote,normal_move_fill,interval_vwap,10210.0,61914000.0,9968.0,61915000,14:11:55.000,reversion_exit,closed,10302.0,9993.0,92.0,-25.0,67.0,0.0,67.0,2017.8000000000002,0.0,67.0,0.0
20260303-AP605-0911,20260303,AP605,AP604,long,61918000,14:11:58.000,normal_quote,normal_move_fill,interval_vwap,10207.0,61919000.0,9966.0,61920000,14:12:00.000,reversion_exit,closed,10304.0,9996.0,97.0,-30.0,67.0,0.0,67.0,2017.3000000000002,0.0,67.0,0.0
20260303-AP605-0912,20260303,AP605,AP604,long,61923000,14:12:03.000,normal_quote,normal_move_fill,interval_vwap,10197.0,61924000.0,9959.0,61925000,14:12:05.000,reversion_exit,closed,10297.0,9967.0,100.0,-8.0,92.0,0.0,92.0,2015.6000000000001,0.0,92.0,0.0
20260303-AP605-0913,20260303,AP605,AP604,long,61928000,14:12:08.000,normal_quote,normal_move_fill,interval_vwap,10197.0,61929000.0,9959.0,61930000,14:12:10.000,reversion_exit,closed,10302.0,9967.0,105.0,-8.0,97.0,0.0,97.0,2015.6000000000001,0.0,97.0,0.0
20260303-AP605-0914,20260303,AP605,AP604,long,61933000,14:12:13.000,normal_quote,normal_move_fill,interval_vwap,10197.0,61934000.0,9959.0,61935000,14:12:15.000,reversion_exit,closed,10299.0,9967.0,102.0,-8.0,94.0,0.0,94.0,2015.6000000000001,0.0,94.0,0.0
20260303-AP605-0915,20260303,AP605,AP604,long,61938000,14:12:18.000,normal_quote,normal_move_fill,interval_vwap,10199.0,61939000.0,9958.0,61940000,14:12:20.000,reversion_exit,closed,10299.0,9967.0,100.0,-9.0,91.0,0.0,91.0,2015.7000000000003,0.0,91.0,0.0
20260303-AP605-0916,20260303,AP605,AP604,long,61943000,14:12:23.000,normal_quote,normal_move_fill,interval_vwap,10197.0,61944000.0,9962.0,61945000,14:12:25.000,reversion_exit,closed,10302.0,9967.0,105.0,-5.0,100.0,0.0,100.0,2015.9,0.0,100.0,0.0
20260303-AP605-0917,20260303,AP605,AP604,long,61948000,14:12:28.000,normal_quote,normal_move_fill,interval_vwap,10199.0,61949000.0,9961.0,61950000,14:12:30.000,reversion_exit,closed,10303.0,9994.0,104.0,-33.0,71.0,0.0,71.0,2016.0,0.0,71.0,0.0
20260303-AP605-0918,20260303,AP605,AP604,long,61953000,14:12:33.000,normal_quote,normal_move_fill,interval_vwap,10204.0,61954000.0,9961.0,61955000,14:12:35.000,reference_invalid_exit,closed,10301.0,9994.0,97.0,-33.0,64.0,0.0,64.0,2016.5,0.0,64.0,0.0
20260303-AP605-0919,20260303,AP605,AP604,long,61958000,14:12:38.000,normal_quote,normal_move_fill,interval_vwap,10205.0,61959000.0,9961.0,61960000,14:12:40.000,reference_invalid_exit,closed,10304.0,9994.0,99.0,-33.0,66.0,0.0,66.0,2016.6,0.0,66.0,0.0
20260303-AP605-0920,20260303,AP605,AP604,long,61963000,14:12:43.000,normal_quote,normal_move_fill,interval_vwap,10224.0,61964000.0,9970.0,61965000,14:12:45.000,reference_invalid_exit,closed,10308.0,10000.0,84.0,-30.0,54.0,0.0,54.0,2019.4,0.0,54.0,0.0
20260303-AP605-0921,20260303,AP605,AP604,long,61968000,14:12:48.000,normal_quote,normal_move_fill,interval_vwap,10221.0,61969000.0,9966.0,61970000,14:12:50.000,reference_invalid_exit,closed,10306.0,9998.0,85.0,-32.0,53.0,0.0,53.0,2018.7,0.0,53.0,0.0
20260303-AP605-0922,20260303,AP605,AP604,long,61973000,14:12:53.000,normal_quote,normal_move_fill,interval_vwap,10225.0,61974000.0,9966.0,61975000,14:12:55.000,reference_invalid_exit,closed,10306.0,9999.0,81.0,-33.0,48.0,0.0,48.0,2019.1,0.0,48.0,0.0
20260303-AP605-0923,20260303,AP605,AP604,long,61978000,14:12:58.000,normal_quote,normal_move_fill,interval_vwap,10222.0,61979000.0,9955.0,61980000,14:13:00.000,reversion_exit,closed,10289.0,9982.0,67.0,-27.0,40.0,0.0,40.0,2017.7,0.0,40.0,0.0
20260303-AP605-0924,20260303,AP605,AP604,long,61983000,14:13:03.000,normal_quote,normal_move_fill,interval_vwap,10193.0,61984000.0,9930.0,61985000,14:13:05.000,reference_invalid_exit,closed,10261.0,9957.0,68.0,-27.0,41.0,0.0,41.0,2012.3000000000002,0.0,41.0,0.0
20260303-AP605-0925,20260303,AP605,AP604,long,64459000,14:54:19.000,fill_during_replace,normal_move_fill,interval_vwap,10181.0,64460000.0,9830.0,64461000,14:54:21.000,reference_invalid_exit,closed,10279.0,9861.0,98.0,-31.0,67.0,0.0,67.0,2001.1,0.0,67.0,0.0
20260303-AP605-0926,20260303,AP605,AP604,long,64464000,14:54:24.000,normal_quote,normal_move_fill,interval_vwap,10197.0,64465000.0,9827.0,64466000,14:54:26.000,reference_invalid_exit,closed,10278.0,9857.0,81.0,-30.0,51.0,0.0,51.0,2002.4,0.0,51.0,0.0
20260303-AP605-0927,20260303,AP605,AP604,long,64469000,14:54:29.000,normal_quote,normal_move_fill,interval_vwap,10194.0,64470000.0,9826.0,64471000,14:54:31.000,reference_invalid_exit,closed,10274.0,9854.0,80.0,-28.0,52.0,0.0,52.0,2002.0,0.0,52.0,0.0
20260303-AP605-0928,20260303,AP605,AP604,long,64474000,14:54:34.000,normal_quote,normal_move_fill,interval_vwap,10190.0,64475000.0,9828.0,64477000,14:54:37.000,reference_invalid_exit,closed,10274.0,9856.0,84.0,-28.0,56.0,0.0,56.0,2001.8000000000002,0.0,56.0,0.0
20260303-AP605-0929,20260303,AP605,AP604,long,64480000,14:54:40.000,normal_quote,normal_move_fill,interval_vwap,10190.0,64481000.0,9836.0,64482000,14:54:42.000,reference_invalid_exit,closed,10274.0,9862.0,84.0,-26.0,58.0,0.0,58.0,2002.6,0.0,58.0,0.0
20260303-AP605-0930,20260303,AP605,AP604,long,64485000,14:54:45.000,normal_quote,normal_move_fill,interval_vwap,10191.0,64486000.0,9837.0,64487000,14:54:47.000,reference_invalid_exit,closed,10276.0,9864.0,85.0,-27.0,58.0,0.0,58.0,2002.8000000000002,0.0,58.0,0.0
20260303-AP605-0931,20260303,AP605,AP604,long,64490000,14:54:50.000,normal_quote,normal_move_fill,interval_vwap,10192.0,64491000.0,9837.0,64492000,14:54:52.000,reference_invalid_exit,closed,10274.0,9864.0,82.0,-27.0,55.0,0.0,55.0,2002.9,0.0,55.0,0.0
20260303-AP605-0932,20260303,AP605,AP604,long,64495000,14:54:55.000,normal_quote,normal_move_fill,interval_vwap,10193.0,64496000.0,9841.0,64497000,14:54:57.000,reference_invalid_exit,closed,10279.0,9869.0,86.0,-28.0,58.0,0.0,58.0,2003.4,0.0,58.0,0.0
20260303-AP605-0933,20260303,AP605,AP604,long,64500000,14:55:00.000,normal_quote,normal_move_fill,interval_vwap,10195.0,64501000.0,9832.0,64502000,14:55:02.000,reference_invalid_exit,closed,10284.0,9868.0,89.0,-36.0,53.0,0.0,53.0,2002.7,0.0,53.0,0.0
20260303-AP605-0934,20260303,AP605,AP604,long,64505000,14:55:05.000,normal_quote,normal_move_fill,interval_vwap,10202.0,64506000.0,9846.0,64507000,14:55:07.000,reference_invalid_exit,closed,10287.0,9871.0,85.0,-25.0,60.0,0.0,60.0,2004.8000000000002,0.0,60.0,0.0
20260303-AP605-0935,20260303,AP605,AP604,long,64511000,14:55:11.000,normal_quote,normal_move_fill,interval_vwap,10204.0,64512000.0,9847.0,64513000,14:55:13.000,reference_invalid_exit,closed,10287.0,9872.0,83.0,-25.0,58.0,0.0,58.0,2005.1000000000001,0.0,58.0,0.0
20260303-AP605-0936,20260303,AP605,AP604,long,64516000,14:55:16.000,normal_quote,normal_move_fill,interval_vwap,10206.0,64517000.0,9848.0,64518000,14:55:18.000,reference_invalid_exit,closed,10289.0,9873.0,83.0,-25.0,58.0,0.0,58.0,2005.4,0.0,58.0,0.0
20260303-AP605-0937,20260303,AP605,AP604,long,64521000,14:55:21.000,normal_quote,normal_move_fill,interval_vwap,10205.0,64522000.0,9846.0,64523000,14:55:23.000,reference_invalid_exit,closed,10283.0,9868.0,78.0,-22.0,56.0,0.0,56.0,2005.1,0.0,56.0,0.0
20260303-AP605-0938,20260303,AP605,AP604,long,64526000,14:55:26.000,normal_quote,normal_move_fill,interval_vwap,10199.0,64527000.0,9846.0,64528000,14:55:28.000,reference_invalid_exit,closed,10283.0,9867.0,84.0,-21.0,63.0,0.0,63.0,2004.5,0.0,63.0,0.0
20260303-AP605-0939,20260303,AP605,AP604,long,64532000,14:55:32.000,normal_quote,normal_move_fill,interval_vwap,10199.0,64533000.0,9846.0,64534000,14:55:34.000,reference_invalid_exit,closed,10280.0,9867.0,81.0,-21.0,60.0,0.0,60.0,2004.5,0.0,60.0,0.0
20260303-AP605-0940,20260303,AP605,AP604,long,64537000,14:55:37.000,normal_quote,normal_move_fill,interval_vwap,10195.0,64538000.0,9846.0,64539000,14:55:39.000,reference_invalid_exit,closed,10275.0,9859.0,80.0,-13.0,67.0,0.0,67.0,2004.1,0.0,67.0,0.0
20260303-AP605-0941,20260303,AP605,AP604,long,64542000,14:55:42.000,normal_quote,normal_move_fill,interval_vwap,10190.0,64543000.0,9846.0,64544000,14:55:44.000,reference_invalid_exit,closed,10270.0,9854.0,80.0,-8.0,72.0,0.0,72.0,2003.6,0.0,72.0,0.0
20260303-AP605-0942,20260303,AP605,AP604,long,64547000,14:55:47.000,normal_quote,normal_move_fill,interval_vwap,10187.0,64548000.0,9831.0,64549000,14:55:49.000,reference_invalid_exit,closed,10271.0,9859.0,84.0,-28.0,56.0,0.0,56.0,2001.8000000000002,0.0,56.0,0.0
20260303-AP605-0943,20260303,AP605,AP604,long,64552000,14:55:52.000,normal_quote,normal_move_fill,interval_vwap,10187.0,64553000.0,9833.0,64554000,14:55:54.000,reference_invalid_exit,closed,10270.0,9862.0,83.0,-29.0,54.0,0.0,54.0,2002.0,0.0,54.0,0.0
20260303-AP605-0944,20260303,AP605,AP604,long,64557000,14:55:57.000,normal_quote,normal_move_fill,interval_vwap,10187.0,64558000.0,9832.0,64559000,14:55:59.000,reference_invalid_exit,closed,10269.0,9861.0,82.0,-29.0,53.0,0.0,53.0,2001.9,0.0,53.0,0.0
20260303-AP605-0945,20260303,AP605,AP604,long,64562000,14:56:02.000,normal_quote,normal_move_fill,interval_vwap,10184.0,64563000.0,9846.0,64564000,14:56:04.000,reference_invalid_exit,closed,10265.0,9858.0,81.0,-12.0,69.0,0.0,69.0,2003.0,0.0,69.0,0.0
20260303-AP605-0946,20260303,AP605,AP604,long,64567000,14:56:07.000,normal_quote,normal_move_fill,interval_vwap,10189.0,64568000.0,9846.0,64569000,14:56:09.000,reference_invalid_exit,closed,10275.0,9867.0,86.0,-21.0,65.0,0.0,65.0,2003.5,0.0,65.0,0.0
20260303-AP605-0947,20260303,AP605,AP604,long,64573000,14:56:13.000,normal_quote,normal_move_fill,interval_vwap,10196.0,64574000.0,9846.0,64575000,14:56:15.000,reference_invalid_exit,closed,10276.0,9869.0,80.0,-23.0,57.0,0.0,57.0,2004.2,0.0,57.0,0.0
20260303-AP605-0948,20260303,AP605,AP604,long,64578000,14:56:18.000,normal_quote,normal_move_fill,interval_vwap,10194.0,64579000.0,9846.0,64580000,14:56:20.000,reference_invalid_exit,closed,10280.0,9874.0,86.0,-28.0,58.0,0.0,58.0,2004.0,0.0,58.0,0.0
20260303-AP605-0949,20260303,AP605,AP604,long,64583000,14:56:23.000,normal_quote,normal_move_fill,interval_vwap,10199.0,64584000.0,9846.0,64585000,14:56:25.000,reference_invalid_exit,closed,10283.0,9873.0,84.0,-27.0,57.0,0.0,57.0,2004.5,0.0,57.0,0.0
20260303-AP605-0950,20260303,AP605,AP604,long,64588000,14:56:28.000,normal_quote,normal_move_fill,interval_vwap,10198.0,64589000.0,9846.0,64590000,14:56:30.000,reference_invalid_exit,closed,10279.0,9871.0,81.0,-25.0,56.0,0.0,56.0,2004.4,0.0,56.0,0.0
20260303-AP605-0951,20260303,AP605,AP604,long,64593000,14:56:33.000,normal_quote,normal_move_fill,interval_vwap,10195.0,64595000.0,9846.0,64596000,14:56:36.000,reference_invalid_exit,closed,10282.0,9873.0,87.0,-27.0,60.0,0.0,60.0,2004.1,0.0,60.0,0.0
20260303-AP605-0952,20260303,AP605,AP604,long,64599000,14:56:39.000,normal_quote,normal_move_fill,interval_vwap,10198.0,64600000.0,9846.0,64601000,14:56:41.000,reference_invalid_exit,closed,10284.0,9876.0,86.0,-30.0,56.0,0.0,56.0,2004.4,0.0,56.0,0.0
20260303-AP605-0953,20260303,AP605,AP604,long,64604000,14:56:44.000,normal_quote,normal_move_fill,interval_vwap,10202.0,64605000.0,9847.0,64606000,14:56:46.000,reference_invalid_exit,closed,10288.0,9880.0,86.0,-33.0,53.0,0.0,53.0,2004.9,0.0,53.0,0.0
20260303-AP605-0954,20260303,AP605,AP604,long,64609000,14:56:49.000,normal_quote,normal_move_fill,interval_vwap,10204.0,64610000.0,9852.0,64611000,14:56:51.000,reference_invalid_exit,closed,10288.0,9878.0,84.0,-26.0,58.0,0.0,58.0,2005.6000000000001,0.0,58.0,0.0
20260303-AP605-0955,20260303,AP605,AP604,long,64614000,14:56:54.000,normal_quote,normal_move_fill,interval_vwap,10203.0,64615000.0,9851.0,64616000,14:56:56.000,reference_invalid_exit,closed,10286.0,9878.0,83.0,-27.0,56.0,0.0,56.0,2005.4,0.0,56.0,0.0
20260303-AP605-0956,20260303,AP605,AP604,long,64619000,14:56:59.000,normal_quote,normal_move_fill,interval_vwap,10203.0,64620000.0,9848.0,64621000,14:57:01.000,reference_invalid_exit,closed,10282.0,9875.0,79.0,-27.0,52.0,0.0,52.0,2005.1000000000001,0.0,52.0,0.0
20260303-AP605-0957,20260303,AP605,AP604,long,64624000,14:57:04.000,normal_quote,normal_move_fill,interval_vwap,10198.0,64625000.0,9847.0,64626000,14:57:06.000,reference_invalid_exit,closed,10285.0,9878.0,87.0,-31.0,56.0,0.0,56.0,2004.5,0.0,56.0,0.0
20260303-AP605-0958,20260303,AP605,AP604,long,64629000,14:57:09.000,normal_quote,normal_move_fill,interval_vwap,10200.0,64630000.0,9850.0,64631000,14:57:11.000,reference_invalid_exit,closed,10285.0,9878.0,85.0,-28.0,57.0,0.0,57.0,2005.0,0.0,57.0,0.0
20260303-AP605-0959,20260303,AP605,AP604,long,64634000,14:57:14.000,normal_quote,normal_move_fill,interval_vwap,10201.0,64635000.0,9849.0,64636000,14:57:16.000,reference_invalid_exit,closed,10284.0,9876.0,83.0,-27.0,56.0,0.0,56.0,2005.0,0.0,56.0,0.0
20260303-AP605-0960,20260303,AP605,AP604,long,64639000,14:57:19.000,normal_quote,normal_move_fill,interval_vwap,10200.0,64640000.0,9849.0,64641000,14:57:21.000,reference_invalid_exit,closed,10285.0,9877.0,85.0,-28.0,57.0,0.0,57.0,2004.9,0.0,57.0,0.0
20260303-AP605-0961,20260303,AP605,AP604,long,64644000,14:57:24.000,normal_quote,normal_move_fill,interval_vwap,10200.0,64645000.0,9850.0,64646000,14:57:26.000,reference_invalid_exit,closed,10284.0,9876.0,84.0,-26.0,58.0,0.0,58.0,2005.0,0.0,58.0,0.0
20260303-AP605-0962,20260303,AP605,AP604,long,64649000,14:57:29.000,normal_quote,normal_move_fill,interval_vwap,10200.0,64650000.0,9850.0,64651000,14:57:31.000,reference_invalid_exit,closed,10287.0,9876.0,87.0,-26.0,61.0,0.0,61.0,2005.0,0.0,61.0,0.0
20260303-AP605-0963,20260303,AP605,AP604,long,64654000,14:57:34.000,normal_quote,normal_move_fill,interval_vwap,10205.0,64655000.0,9855.0,64656000,14:57:36.000,reference_invalid_exit,closed,10291.0,9876.0,86.0,-21.0,65.0,0.0,65.0,2006.0,0.0,65.0,0.0
20260303-AP605-0964,20260303,AP605,AP604,long,64659000,14:57:39.000,normal_quote,normal_move_fill,interval_vwap,10208.0,64660000.0,9858.0,64661000,14:57:41.000,reference_invalid_exit,closed,10293.0,9876.0,85.0,-18.0,67.0,0.0,67.0,2006.6000000000001,0.0,67.0,0.0
20260303-AP605-0965,20260303,AP605,AP604,long,64664000,14:57:44.000,normal_quote,normal_move_fill,interval_vwap,10209.0,64665000.0,9858.0,64666000,14:57:46.000,reference_invalid_exit,closed,10294.0,9876.0,85.0,-18.0,67.0,0.0,67.0,2006.7000000000003,0.0,67.0,0.0
20260303-AP605-0966,20260303,AP605,AP604,long,64669000,14:57:49.000,normal_quote,normal_move_fill,interval_vwap,10211.0,64670000.0,9860.0,64671000,14:57:51.000,reference_invalid_exit,closed,10294.0,9876.0,83.0,-16.0,67.0,0.0,67.0,2007.1,0.0,67.0,0.0
20260303-AP605-0967,20260303,AP605,AP604,long,64674000,14:57:54.000,normal_quote,normal_move_fill,interval_vwap,10209.0,64675000.0,9858.0,64676000,14:57:56.000,reference_invalid_exit,closed,10295.0,9876.0,86.0,-18.0,68.0,0.0,68.0,2006.7000000000003,0.0,68.0,0.0
20260303-AP605-0968,20260303,AP605,AP604,long,64679000,14:57:59.000,normal_quote,normal_move_fill,interval_vwap,10212.0,64680000.0,9854.0,64681000,14:58:01.000,reference_invalid_exit,closed,10294.0,9876.0,82.0,-22.0,60.0,0.0,60.0,2006.6000000000001,0.0,60.0,0.0
20260303-AP605-0969,20260303,AP605,AP604,long,64684000,14:58:04.000,normal_quote,normal_move_fill,interval_vwap,10210.0,64685000.0,9855.0,64686000,14:58:06.000,reference_invalid_exit,closed,10289.0,9876.0,79.0,-21.0,58.0,0.0,58.0,2006.5,0.0,58.0,0.0
20260303-AP605-0970,20260303,AP605,AP604,long,64689000,14:58:09.000,normal_quote,normal_move_fill,interval_vwap,10205.0,64690000.0,9854.0,64691000,14:58:11.000,reference_invalid_exit,closed,10289.0,9876.0,84.0,-22.0,62.0,0.0,62.0,2005.9,0.0,62.0,0.0
20260303-AP605-0971,20260303,AP605,AP604,long,64694000,14:58:14.000,normal_quote,normal_move_fill,interval_vwap,10208.0,64695000.0,9855.0,64696000,14:58:16.000,reference_invalid_exit,closed,10289.0,9876.0,81.0,-21.0,60.0,0.0,60.0,2006.3000000000002,0.0,60.0,0.0
20260303-AP605-0972,20260303,AP605,AP604,long,64699000,14:58:19.000,normal_quote,normal_move_fill,interval_vwap,10206.0,64700000.0,9854.0,64701000,14:58:21.000,reference_invalid_exit,closed,10290.0,9876.0,84.0,-22.0,62.0,0.0,62.0,2006.0,0.0,62.0,0.0
20260303-AP605-0973,20260303,AP605,AP604,long,64704000,14:58:24.000,normal_quote,normal_move_fill,interval_vwap,10206.0,64705000.0,9854.0,64706000,14:58:26.000,reference_invalid_exit,closed,10289.0,9876.0,83.0,-22.0,61.0,0.0,61.0,2006.0,0.0,61.0,0.0
20260303-AP605-0974,20260303,AP605,AP604,long,64709000,14:58:29.000,normal_quote,normal_move_fill,interval_vwap,10206.0,64710000.0,9855.0,64711000,14:58:31.000,reference_invalid_exit,closed,10291.0,9876.0,85.0,-21.0,64.0,0.0,64.0,2006.1,0.0,64.0,0.0
20260303-AP605-0975,20260303,AP605,AP604,long,64714000,14:58:34.000,normal_quote,normal_move_fill,interval_vwap,10208.0,64715000.0,9856.0,64716000,14:58:36.000,reference_invalid_exit,closed,10291.0,9876.0,83.0,-20.0,63.0,0.0,63.0,2006.4,0.0,63.0,0.0
20260303-AP605-0976,20260303,AP605,AP604,long,64719000,14:58:39.000,normal_quote,normal_move_fill,interval_vwap,10207.0,64720000.0,9856.0,64721000,14:58:41.000,reference_invalid_exit,closed,10290.0,9876.0,83.0,-20.0,63.0,0.0,63.0,2006.3000000000002,0.0,63.0,0.0
20260303-AP605-0977,20260303,AP605,AP604,long,64724000,14:58:44.000,normal_quote,normal_move_fill,interval_vwap,10206.0,64725000.0,9855.0,64726000,14:58:46.000,reference_invalid_exit,closed,10289.0,9876.0,83.0,-21.0,62.0,0.0,62.0,2006.1,0.0,62.0,0.0
20260303-AP605-0978,20260303,AP605,AP604,long,64729000,14:58:49.000,normal_quote,normal_move_fill,interval_vwap,10206.0,64730000.0,9857.0,64731000,14:58:51.000,reference_invalid_exit,closed,10290.0,9876.0,84.0,-19.0,65.0,0.0,65.0,2006.3000000000002,0.0,65.0,0.0
20260303-AP605-0979,20260303,AP605,AP604,long,64734000,14:58:54.000,normal_quote,normal_move_fill,interval_vwap,10207.0,64735000.0,9859.0,64736000,14:58:56.000,reference_invalid_exit,closed,10293.0,9876.0,86.0,-17.0,69.0,0.0,69.0,2006.6000000000001,0.0,69.0,0.0
20260303-AP605-0980,20260303,AP605,AP604,long,64739000,14:58:59.000,normal_quote,normal_move_fill,interval_vwap,10211.0,64740000.0,9858.0,64741000,14:59:01.000,reference_invalid_exit,closed,10289.0,9876.0,78.0,-18.0,60.0,0.0,60.0,2006.9,0.0,60.0,0.0
20260303-AP605-0981,20260303,AP605,AP604,long,64744000,14:59:04.000,normal_quote,normal_move_fill,interval_vwap,10206.0,64745000.0,9857.0,64746000,14:59:06.000,reference_invalid_exit,closed,10289.0,9876.0,83.0,-19.0,64.0,0.0,64.0,2006.3000000000002,0.0,64.0,0.0
20260303-AP605-0982,20260303,AP605,AP604,long,64749000,14:59:09.000,normal_quote,normal_move_fill,interval_vwap,10202.0,64750000.0,9852.0,64751000,14:59:11.000,reference_invalid_exit,closed,10282.0,9876.0,80.0,-24.0,56.0,0.0,56.0,2005.4,0.0,56.0,0.0
20260303-AP605-0983,20260303,AP605,AP604,long,64754000,14:59:14.000,normal_quote,normal_move_fill,interval_vwap,10196.0,64755000.0,9847.0,64756000,14:59:16.000,reference_invalid_exit,closed,10282.0,9876.0,86.0,-29.0,57.0,0.0,57.0,2004.3000000000002,0.0,57.0,0.0
20260303-AP605-0984,20260303,AP605,AP604,long,64759000,14:59:19.000,normal_quote,normal_move_fill,interval_vwap,10201.0,64760000.0,9849.0,64761000,14:59:21.000,reference_invalid_exit,closed,10282.0,9876.0,81.0,-27.0,54.0,0.0,54.0,2005.0,0.0,54.0,0.0
20260303-AP605-0985,20260303,AP605,AP604,long,64764000,14:59:24.000,normal_quote,normal_move_fill,interval_vwap,10202.0,64765000.0,9852.0,64766000,14:59:26.000,reference_invalid_exit,closed,10282.0,9874.0,80.0,-22.0,58.0,0.0,58.0,2005.4,0.0,58.0,0.0
20260303-AP605-0986,20260303,AP605,AP604,long,64769000,14:59:29.000,normal_quote,normal_move_fill,interval_vwap,10198.0,64770000.0,9853.0,64771000,14:59:31.000,reference_invalid_exit,closed,10283.0,9875.0,85.0,-22.0,63.0,0.0,63.0,2005.1000000000001,0.0,63.0,0.0
20260303-AP605-0987,20260303,AP605,AP604,long,64774000,14:59:34.000,normal_quote,normal_move_fill,interval_vwap,10199.0,64775000.0,9847.0,64776000,14:59:36.000,reference_invalid_exit,closed,10282.0,9874.0,83.0,-27.0,56.0,0.0,56.0,2004.6000000000001,0.0,56.0,0.0
20260303-AP605-0988,20260303,AP605,AP604,long,64779000,14:59:39.000,normal_quote,normal_move_fill,interval_vwap,10201.0,64780000.0,9860.0,64781000,14:59:41.000,reference_invalid_exit,closed,10283.0,9875.0,82.0,-15.0,67.0,0.0,67.0,2006.1,0.0,67.0,0.0
20260303-AP605-0989,20260303,AP605,AP604,long,64784000,14:59:44.000,normal_quote,normal_move_fill,interval_vwap,10199.0,64785000.0,9860.0,64786000,14:59:46.000,reversion_exit,closed,10282.0,9875.0,83.0,-15.0,68.0,0.0,68.0,2005.9,0.0,68.0,0.0
20260303-AP605-0990,20260303,AP605,AP604,long,64789000,14:59:49.000,normal_quote,normal_move_fill,interval_vwap,10202.0,64790000.0,9861.0,64791000,14:59:51.000,reversion_exit,closed,10281.0,9873.0,79.0,-12.0,67.0,0.0,67.0,2006.3000000000002,0.0,67.0,0.0
20260303-AP605-0991,20260303,AP605,AP604,long,64794000,14:59:54.000,normal_quote,normal_move_fill,interval_vwap,10204.0,64795000.0,9859.0,64796000,14:59:56.000,reversion_exit,closed,10281.0,9873.0,77.0,-14.0,63.0,0.0,63.0,2006.3000000000002,0.0,63.0,0.0
20260303-AP605-0992,20260303,AP605,AP604,long,64799000,14:59:59.000,normal_quote,normal_move_fill,interval_vwap,10204.0,,,64800000,15:00:00.000,end_of_day_exit,unclosed_end_of_day,,,,,,0.0,,,0.0,,0.0
