trade_date,market_time_key,display_time,from_state,to_state,reason,grid_anchor,buy_limit,sell_limit,fair_price,order_actions_last_minute
20260303,43140000,08:59:00.000,PAUSED,PAUSED,start,,,,,0
20260303,43261000,09:01:01.000,PAUSED,FLAT_QUOTING,fair_recovered,9870.0,9785.0,9955.0,,0
20260303,43287000,09:01:27.000,FLAT_QUOTING,SHORT_PENDING_HEDGE,target_fill,9870.0,9785.0,9955.0,9871.875,3
20260303,43288000,09:01:28.000,SHORT_PENDING_HEDGE,HEDGED_POSITION,hedge_fill,9870.0,9785.0,9955.0,9872.25,4
20260303,43289000,09:01:29.000,HEDGED_POSITION,FLATTENING,reversion_exit,9870.0,9785.0,9955.0,9871.875,4
20260303,43289000,09:01:29.000,FLATTENING,COOLDOWN,reversion_exit,9870.0,9785.0,9955.0,9871.875,6
20260303,43291000,09:01:31.000,COOLDOWN,FLAT_QUOTING,fair_recovered,9873.0,9788.0,9958.0,9873.0,6
20260303,43367000,09:02:47.000,FLAT_QUOTING,SHORT_PENDING_HEDGE,target_fill,9873.0,9788.0,9958.0,9877.0,1
20260303,43368000,09:02:48.000,SHORT_PENDING_HEDGE,HEDGED_POSITION,hedge_fill,9873.0,9788.0,9958.0,9877.25,2
20260303,43369000,09:02:49.000,HEDGED_POSITION,FLATTENING,reversion_exit,9873.0,9788.0,9958.0,9877.25,2
20260303,43369000,09:02:49.000,FLATTENING,COOLDOWN,reversion_exit,9873.0,9788.0,9958.0,9877.25,4
20260303,43371000,09:02:51.000,COOLDOWN,FLAT_QUOTING,fair_recovered,9878.0,9793.0,9963.0,9878.5,4
20260303,43442000,09:04:02.000,FLAT_QUOTING,SHORT_PENDING_HEDGE,target_fill,9878.0,9793.0,9963.0,9879.0,1
20260303,43443000,09:04:03.000,SHORT_PENDING_HEDGE,HEDGED_POSITION,hedge_fill,9878.0,9793.0,9963.0,9879.0,2
20260303,43444000,09:04:04.000,HEDGED_POSITION,FLATTENING,reversion_exit,9878.0,9793.0,9963.0,9878.75,2
20260303,43444000,09:04:04.000,FLATTENING,COOLDOWN,reversion_exit,9878.0,9793.0,9963.0,9878.75,4
20260303,43446000,09:04:06.000,COOLDOWN,FLAT_QUOTING,fair_recovered,9878.0,9793.0,9963.0,9878.25,4
20260303,43594000,09:06:34.000,FLAT_QUOTING,SHORT_PENDING_HEDGE,target_fill,9878.0,9793.0,9963.0,,1
20260303,43595000,09:06:35.000,SHORT_PENDING_HEDGE,HEDGED_POSITION,hedge_fill,9878.0,9793.0,9963.0,9890.125,2
20260303,43616000,09:06:56.000,HEDGED_POSITION,FLATTENING,reference_invalid_exit,9878.0,9793.0,9963.0,,2
20260303,43618000,09:06:58.000,FLATTENING,COOLDOWN,reference_invalid_exit,9878.0,9793.0,9963.0,9887.25,4
20260303,43620000,09:07:00.000,COOLDOWN,FLAT_QUOTING,fair_recovered,9888.0,9803.0,9973.0,9888.0,4
20260303,43731000,09:08:51.000,FLAT_QUOTING,PAUSED,data_gap,9888.0,9803.0,9973.0,9886.75,0
20260303,43733000,09:08:53.000,PAUSED,FLAT_QUOTING,fair_recovered,9887.0,9802.0,9972.0,9887.0,2
20260303,43771000,09:09:31.000,FLAT_QUOTING,SHORT_PENDING_HEDGE,target_fill,9887.0,9802.0,9972.0,9892.25,5
20260303,43772000,09:09:32.000,SHORT_PENDING_HEDGE,HEDGED_POSITION,hedge_fill,9887.0,9802.0,9972.0,9892.25,6
20260303,43773000,09:09:33.000,HEDGED_POSITION,FLATTENING,reversion_exit,9887.0,9802.0,9972.0,9892.25,6
20260303,43773000,09:09:33.000,FLATTENING,COOLDOWN,reversion_exit,9887.0,9802.0,9972.0,9892.25,8
20260303,43775000,09:09:35.000,COOLDOWN,FLAT_QUOTING,fair_recovered,9892.0,9807.0,9977.0,9891.75,8
20260303,43909000,09:11:49.000,FLAT_QUOTING,SHORT_PENDING_HEDGE,target_fill,9892.0,9807.0,9977.0,,1
20260303,43910000,09:11:50.000,SHORT_PENDING_HEDGE,HEDGED_POSITION,hedge_fill,9892.0,9807.0,9977.0,,2
20260303,43911000,09:11:51.000,HEDGED_POSITION,FLATTENING,reference_invalid_exit,9892.0,9807.0,9977.0,,2
20260303,43911000,09:11:51.000,FLATTENING,COOLDOWN,reference_invalid_exit,9892.0,9807.0,9977.0,,4
20260303,43913000,09:11:53.000,COOLDOWN,FLAT_QUOTING,fair_recovered,9916.0,9831.0,10001.0,,4
20260303,43947000,09:12:27.000,FLAT_QUOTING,SHORT_PENDING_HEDGE,target_fill,9916.0,9831.0,10001.0,9902.75,7
20260303,43948000,09:12:28.000,SHORT_PENDING_HEDGE,HEDGED_POSITION,hedge_fill,9916.0,9831.0,10001.0,9903.0,8
20260303,43949000,09:12:29.000,HEDGED_POSITION,FLATTENING,reversion_exit,9916.0,9831.0,10001.0,9903.0,8
20260303,43949000,09:12:29.000,FLATTENING,COOLDOWN,reversion_exit,9916.0,9831.0,10001.0,9903.0,10
20260303,43951000,09:12:31.000,COOLDOWN,FLAT_QUOTING,fair_recovered,9902.0,9817.0,9987.0,9902.25,10
20260303,43983000,09:13:03.000,FLAT_QUOTING,SHORT_PENDING_HEDGE,target_fill,9902.0,9817.0,9987.0,9903.75,7
20260303,43984000,09:13:04.000,SHORT_PENDING_HEDGE,HEDGED_POSITION,hedge_fill,9902.0,9817.0,9987.0,9903.75,8
20260303,43985000,09:13:05.000,HEDGED_POSITION,FLATTENING,reversion_exit,9902.0,9817.0,9987.0,9904.125,8
20260303,43985000,09:13:05.000,FLATTENING,COOLDOWN,reversion_exit,9902.0,9817.0,9987.0,9904.125,10
20260303,43987000,09:13:07.000,COOLDOWN,FLAT_QUOTING,fair_recovered,9904.0,9819.0,9989.0,9904.0,10
20260303,43997000,09:13:17.000,FLAT_QUOTING,SHORT_PENDING_HEDGE,target_fill,9904.0,9819.0,9989.0,9905.25,13
20260303,43998000,09:13:18.000,SHORT_PENDING_HEDGE,HEDGED_POSITION,hedge_fill,9904.0,9819.0,9989.0,9904.75,14
20260303,43999000,09:13:19.000,HEDGED_POSITION,FLATTENING,reversion_exit,9904.0,9819.0,9989.0,9904.75,14
20260303,43999000,09:13:19.000,FLATTENING,COOLDOWN,reversion_exit,9904.0,9819.0,9989.0,9904.75,16
20260303,44001000,09:13:21.000,COOLDOWN,FLAT_QUOTING,fair_recovered,9904.0,9819.0,9989.0,9904.0,16
20260303,44138000,09:15:38.000,FLAT_QUOTING,SHORT_PENDING_HEDGE,target_fill,9904.0,9819.0,9989.0,9907.5,1
20260303,44139000,09:15:39.000,SHORT_PENDING_HEDGE,HEDGED_POSITION,hedge_fill,9904.0,9819.0,9989.0,9907.0,2
20260303,44140000,09:15:40.000,HEDGED_POSITION,FLATTENING,reversion_exit,9904.0,9819.0,9989.0,9907.0,2
20260303,44140000,09:15:40.000,FLATTENING,COOLDOWN,reversion_exit,9904.0,9819.0,9989.0,9907.0,4
20260303,44142000,09:15:42.000,COOLDOWN,FLAT_QUOTING,fair_recovered,9907.0,9822.0,9992.0,9907.25,4
20260303,44525000,09:22:05.000,FLAT_QUOTING,PAUSED,data_gap,9907.0,9822.0,9992.0,,0
20260303,44529000,09:22:09.000,PAUSED,PAUSED,capital_or_hedge_quote_guard,9907.0,9822.0,9992.0,,2
20260303,44530000,09:22:10.000,PAUSED,PAUSED,capital_or_hedge_quote_guard,9907.0,9822.0,9992.0,,2
20260303,44531000,09:22:11.000,PAUSED,PAUSED,capital_or_hedge_quote_guard,9907.0,9822.0,9992.0,,2
20260303,44532000,09:22:12.000,PAUSED,PAUSED,capital_or_hedge_quote_guard,9907.0,9822.0,9992.0,,2
20260303,44533000,09:22:13.000,PAUSED,PAUSED,capital_or_hedge_quote_guard,9907.0,9822.0,9992.0,,2
20260303,44534000,09:22:14.000,PAUSED,PAUSED,capital_or_hedge_quote_guard,9907.0,9822.0,9992.0,,2
20260303,44535000,09:22:15.000,PAUSED,PAUSED,capital_or_hedge_quote_guard,9907.0,9822.0,9992.0,,2
20260303,44536000,09:22:16.000,PAUSED,PAUSED,capital_or_hedge_quote_guard,9907.0,9822.0,9992.0,,2
20260303,44537000,09:22:17.000,PAUSED,FLAT_QUOTING,fair_recovered,9906.0,9821.0,9991.0,9906.0,2
20260303,44618000,09:23:38.000,FLAT_QUOTING,SHORT_PENDING_HEDGE,target_fill,9906.0,9821.0,9991.0,9912.5,1
20260303,44619000,09:23:39.000,SHORT_PENDING_HEDGE,HEDGED_POSITION,hedge_fill,9906.0,9821.0,9991.0,9912.75,2
20260303,44620000,09:23:40.000,HEDGED_POSITION,FLATTENING,reversion_exit,9906.0,9821.0,9991.0,9912.75,2
20260303,44620000,09:23:40.000,FLATTENING,COOLDOWN,reversion_exit,9906.0,9821.0,9991.0,9912.75,4
20260303,44622000,09:23:42.000,COOLDOWN,FLAT_QUOTING,fair_recovered,9914.0,9829.0,9999.0,9913.5,4
20260303,44813000,09:26:53.000,FLAT_QUOTING,PAUSED,data_gap,9914.0,9829.0,9999.0,,0
20260303,44815000,09:26:55.000,PAUSED,FLAT_QUOTING,fair_recovered,9916.0,9831.0,10001.0,,2
20260303,45016000,09:30:16.000,FLAT_QUOTING,PAUSED,data_gap,9916.0,9831.0,10001.0,,0
20260303,45019000,09:30:19.000,PAUSED,FLAT_QUOTING,fair_recovered,9905.0,9820.0,9990.0,9910.5,2
20260303,45139000,09:32:19.000,FLAT_QUOTING,PAUSED,data_gap,9905.0,9820.0,9990.0,9909.0,0
20260303,45141000,09:32:21.000,PAUSED,FLAT_QUOTING,fair_recovered,9908.0,9823.0,9993.0,9908.0,2
20260303,45361000,09:36:01.000,FLAT_QUOTING,SHORT_PENDING_HEDGE,target_fill,9908.0,9823.0,9993.0,9926.75,1
20260303,45362000,09:36:02.000,SHORT_PENDING_HEDGE,HEDGED_POSITION,hedge_fill,9908.0,9823.0,9993.0,9927.0,2
20260303,45363000,09:36:03.000,HEDGED_POSITION,FLATTENING,reversion_exit,9908.0,9823.0,9993.0,9926.5,2
20260303,45363000,09:36:03.000,FLATTENING,COOLDOWN,reversion_exit,9908.0,9823.0,9993.0,9926.5,4
20260303,45365000,09:36:05.000,COOLDOWN,FLAT_QUOTING,fair_recovered,9925.0,9840.0,10010.0,9924.75,4
20260303,45420000,09:37:00.000,FLAT_QUOTING,SHORT_PENDING_HEDGE,target_fill,9925.0,9840.0,10010.0,9929.0,7
20260303,45421000,09:37:01.000,SHORT_PENDING_HEDGE,HEDGED_POSITION,hedge_fill,9925.0,9840.0,10010.0,9929.125,7
20260303,45422000,09:37:02.000,HEDGED_POSITION,FLATTENING,reversion_exit,9925.0,9840.0,10010.0,9928.75,6
20260303,45422000,09:37:02.000,FLATTENING,COOLDOWN,reversion_exit,9925.0,9840.0,10010.0,9928.75,8
20260303,45424000,09:37:04.000,COOLDOWN,FLAT_QUOTING,fair_recovered,9928.0,9843.0,10013.0,9928.5,6
20260303,45815000,09:43:35.000,FLAT_QUOTING,SHORT_PENDING_HEDGE,target_fill,9928.0,9843.0,10013.0,,1
20260303,45816000,09:43:36.000,SHORT_PENDING_HEDGE,HEDGED_POSITION,hedge_fill,9928.0,9843.0,10013.0,,2
20260303,45817000,09:43:37.000,HEDGED_POSITION,FLATTENING,reference_invalid_exit,9928.0,9843.0,10013.0,,2
20260303,45817000,09:43:37.000,FLATTENING,COOLDOWN,reference_invalid_exit,9928.0,9843.0,10013.0,,4
20260303,45819000,09:43:39.000,COOLDOWN,FLAT_QUOTING,fair_recovered,9942.0,9857.0,10027.0,,4
20260303,46082000,09:48:02.000,FLAT_QUOTING,SHORT_PENDING_HEDGE,target_fill,9942.0,9857.0,10027.0,9941.75,1
20260303,46083000,09:48:03.000,SHORT_PENDING_HEDGE,HEDGED_POSITION,hedge_fill,9942.0,9857.0,10027.0,9942.25,2
20260303,46084000,09:48:04.000,HEDGED_POSITION,FLATTENING,reversion_exit,9942.0,9857.0,10027.0,9941.75,2
20260303,46084000,09:48:04.000,FLATTENING,COOLDOWN,reversion_exit,9942.0,9857.0,10027.0,9941.75,4
20260303,46086000,09:48:06.000,COOLDOWN,FLAT_QUOTING,fair_recovered,9942.0,9857.0,10027.0,9941.75,4
20260303,47404000,10:10:04.000,FLAT_QUOTING,SHORT_PENDING_HEDGE,target_fill,9942.0,9857.0,10027.0,9941.0,1
20260303,47405000,10:10:05.000,SHORT_PENDING_HEDGE,HEDGED_POSITION,hedge_fill,9942.0,9857.0,10027.0,9941.75,2
20260303,47406000,10:10:06.000,HEDGED_POSITION,FLATTENING,reversion_exit,9942.0,9857.0,10027.0,9940.0,2
20260303,47406000,10:10:06.000,FLATTENING,COOLDOWN,reversion_exit,9942.0,9857.0,10027.0,9940.0,4
20260303,47408000,10:10:08.000,COOLDOWN,FLAT_QUOTING,fair_recovered,9940.0,9855.0,10025.0,9939.75,4
20260303,47596000,10:13:16.000,FLAT_QUOTING,SHORT_PENDING_HEDGE,target_fill,9940.0,9855.0,10025.0,9941.125,1
20260303,47597000,10:13:17.000,SHORT_PENDING_HEDGE,HEDGED_POSITION,hedge_fill,9940.0,9855.0,10025.0,9941.25,2
20260303,47598000,10:13:18.000,HEDGED_POSITION,FLATTENING,reversion_exit,9940.0,9855.0,10025.0,9941.5,2
20260303,47598000,10:13:18.000,FLATTENING,COOLDOWN,reversion_exit,9940.0,9855.0,10025.0,9941.5,4
20260303,47600000,10:13:20.000,COOLDOWN,FLAT_QUOTING,fair_recovered,9942.0,9857.0,10027.0,9941.75,4
20260303,47700000,10:15:00.000,FLAT_QUOTING,PAUSED,fair_invalid_or_session_guard,9942.0,9857.0,10027.0,,0
20260303,48661000,10:31:01.000,PAUSED,FLAT_QUOTING,fair_recovered,9962.0,9877.0,10047.0,,0
20260303,48765000,10:32:45.000,FLAT_QUOTING,SHORT_PENDING_HEDGE,target_fill,9962.0,9877.0,10047.0,9963.0,1
20260303,48766000,10:32:46.000,SHORT_PENDING_HEDGE,HEDGED_POSITION,hedge_fill,9962.0,9877.0,10047.0,9965.0,2
20260303,48767000,10:32:47.000,HEDGED_POSITION,FLATTENING,reversion_exit,9962.0,9877.0,10047.0,9966.25,2
20260303,48767000,10:32:47.000,FLATTENING,COOLDOWN,reversion_exit,9962.0,9877.0,10047.0,9966.25,4
20260303,48769000,10:32:49.000,COOLDOWN,FLAT_QUOTING,fair_recovered,9966.0,9881.0,10051.0,9965.5,4
20260303,49099000,10:38:19.000,FLAT_QUOTING,SHORT_PENDING_HEDGE,target_fill,9966.0,9881.0,10051.0,9977.75,1
20260303,49100000,10:38:20.000,SHORT_PENDING_HEDGE,HEDGED_POSITION,hedge_fill,9966.0,9881.0,10051.0,9978.75,2
20260303,49101000,10:38:21.000,HEDGED_POSITION,FLATTENING,reversion_exit,9966.0,9881.0,10051.0,9979.75,2
20260303,49101000,10:38:21.000,FLATTENING,COOLDOWN,reversion_exit,9966.0,9881.0,10051.0,9979.75,4
20260303,49103000,10:38:23.000,COOLDOWN,FLAT_QUOTING,fair_recovered,9985.0,9900.0,10070.0,9981.75,4
20260303,49119000,10:38:39.000,FLAT_QUOTING,SHORT_PENDING_HEDGE,target_fill,9985.0,9900.0,10070.0,9985.0,7
20260303,49120000,10:38:40.000,SHORT_PENDING_HEDGE,HEDGED_POSITION,hedge_fill,9985.0,9900.0,10070.0,9985.0,8
20260303,49121000,10:38:41.000,HEDGED_POSITION,FLATTENING,reference_invalid_exit,9985.0,9900.0,10070.0,9984.25,8
20260303,49121000,10:38:41.000,FLATTENING,COOLDOWN,reference_invalid_exit,9985.0,9900.0,10070.0,9984.25,10
20260303,49123000,10:38:43.000,COOLDOWN,FLAT_QUOTING,fair_recovered,9986.0,9901.0,10071.0,9981.25,10
20260303,49136000,10:38:56.000,FLAT_QUOTING,SHORT_PENDING_HEDGE,target_fill,9986.0,9901.0,10071.0,9983.5,13
20260303,49137000,10:38:57.000,SHORT_PENDING_HEDGE,HEDGED_POSITION,hedge_fill,9986.0,9901.0,10071.0,9983.75,14
20260303,49138000,10:38:58.000,HEDGED_POSITION,FLATTENING,reference_invalid_exit,9986.0,9901.0,10071.0,9983.75,14
20260303,49138000,10:38:58.000,FLATTENING,COOLDOWN,reference_invalid_exit,9986.0,9901.0,10071.0,9983.75,16
20260303,49140000,10:39:00.000,COOLDOWN,FLAT_QUOTING,fair_recovered,9991.0,9906.0,10076.0,9983.75,16
20260303,49210000,10:40:10.000,FLAT_QUOTING,SHORT_PENDING_HEDGE,target_fill,9991.0,9906.0,10076.0,9994.875,1
20260303,49211000,10:40:11.000,SHORT_PENDING_HEDGE,HEDGED_POSITION,hedge_fill,9991.0,9906.0,10076.0,9994.5,2
20260303,49212000,10:40:12.000,HEDGED_POSITION,FLATTENING,reversion_exit,9991.0,9906.0,10076.0,9994.75,2
20260303,49212000,10:40:12.000,FLATTENING,COOLDOWN,reversion_exit,9991.0,9906.0,10076.0,9994.75,4
20260303,49214000,10:40:14.000,COOLDOWN,FLAT_QUOTING,fair_recovered,9990.0,9905.0,10075.0,9990.0,4
20260303,49221000,10:40:21.000,FLAT_QUOTING,SHORT_PENDING_HEDGE,target_fill,9990.0,9905.0,10075.0,9997.75,7
20260303,49222000,10:40:22.000,SHORT_PENDING_HEDGE,HEDGED_POSITION,hedge_fill,9990.0,9905.0,10075.0,9998.5,8
20260303,49223000,10:40:23.000,HEDGED_POSITION,FLATTENING,reversion_exit,9990.0,9905.0,10075.0,10001.875,8
20260303,49223000,10:40:23.000,FLATTENING,COOLDOWN,reversion_exit,9990.0,9905.0,10075.0,10001.875,10
20260303,49225000,10:40:25.000,COOLDOWN,FLAT_QUOTING,fair_recovered,10001.0,9916.0,10086.0,10001.25,10
20260303,49811000,10:50:11.000,FLAT_QUOTING,SHORT_PENDING_HEDGE,target_fill,10001.0,9916.0,10086.0,9998.5,1
20260303,49812000,10:50:12.000,SHORT_PENDING_HEDGE,HEDGED_POSITION,hedge_fill,10001.0,9916.0,10086.0,9997.75,2
20260303,49813000,10:50:13.000,HEDGED_POSITION,FLATTENING,reversion_exit,10001.0,9916.0,10086.0,9997.5,2
20260303,49813000,10:50:13.000,FLATTENING,COOLDOWN,reversion_exit,10001.0,9916.0,10086.0,9997.5,4
20260303,49815000,10:50:15.000,COOLDOWN,FLAT_QUOTING,fair_recovered,9998.0,9913.0,10083.0,9997.75,4
20260303,49824000,10:50:24.000,FLAT_QUOTING,SHORT_PENDING_HEDGE,target_fill,9998.0,9913.0,10083.0,10008.0,7
20260303,49825000,10:50:25.000,SHORT_PENDING_HEDGE,HEDGED_POSITION,hedge_fill,9998.0,9913.0,10083.0,,8
20260303,49826000,10:50:26.000,HEDGED_POSITION,FLATTENING,reference_invalid_exit,9998.0,9913.0,10083.0,,8
20260303,49826000,10:50:26.000,FLATTENING,COOLDOWN,reference_invalid_exit,9998.0,9913.0,10083.0,,10
20260303,49828000,10:50:28.000,COOLDOWN,FLAT_QUOTING,fair_recovered,10010.0,9925.0,10095.0,,10
20260303,49986000,10:53:06.000,FLAT_QUOTING,SHORT_PENDING_HEDGE,target_fill,10010.0,9925.0,10095.0,,1
20260303,49987000,10:53:07.000,SHORT_PENDING_HEDGE,HEDGED_POSITION,hedge_fill,10010.0,9925.0,10095.0,10021.25,2
20260303,49988000,10:53:08.000,HEDGED_POSITION,FLATTENING,reference_invalid_exit,10010.0,9925.0,10095.0,10023.0,2
20260303,49988000,10:53:08.000,FLATTENING,COOLDOWN,reference_invalid_exit,10010.0,9925.0,10095.0,10023.0,4
20260303,49990000,10:53:10.000,COOLDOWN,FLAT_QUOTING,fair_recovered,10041.0,9956.0,10126.0,10028.5,4
20260303,49991000,10:53:11.000,FLAT_QUOTING,LONG_PENDING_HEDGE,target_fill,10041.0,9956.0,10126.0,,7
20260303,49992000,10:53:12.000,LONG_PENDING_HEDGE,HEDGED_POSITION,hedge_fill,10041.0,9956.0,10126.0,10026.25,8
20260303,49993000,10:53:13.000,HEDGED_POSITION,FLATTENING,reference_invalid_exit,10041.0,9956.0,10126.0,10026.0,8
20260303,49993000,10:53:13.000,FLATTENING,COOLDOWN,reference_invalid_exit,10041.0,9956.0,10126.0,10026.0,10
20260303,49995000,10:53:15.000,COOLDOWN,FLAT_QUOTING,fair_recovered,10036.0,9951.0,10121.0,10024.5,10
20260303,49996000,10:53:16.000,FLAT_QUOTING,LONG_PENDING_HEDGE,target_fill,10036.0,9951.0,10121.0,10024.5,13
20260303,49997000,10:53:17.000,LONG_PENDING_HEDGE,HEDGED_POSITION,hedge_fill,10036.0,9951.0,10121.0,10023.75,14
20260303,49998000,10:53:18.000,HEDGED_POSITION,FLATTENING,reference_invalid_exit,10036.0,9951.0,10121.0,10024.25,14
20260303,49998000,10:53:18.000,FLATTENING,COOLDOWN,reference_invalid_exit,10036.0,9951.0,10121.0,10024.25,16
20260303,50000000,10:53:20.000,COOLDOWN,FLAT_QUOTING,fair_recovered,10037.0,9952.0,10122.0,10024.5,16
20260303,50001000,10:53:21.000,FLAT_QUOTING,LONG_PENDING_HEDGE,target_fill,10037.0,9952.0,10122.0,10023.75,19
20260303,50002000,10:53:22.000,LONG_PENDING_HEDGE,HEDGED_POSITION,hedge_fill,10037.0,9952.0,10122.0,10026.0,20
20260303,50003000,10:53:23.000,HEDGED_POSITION,FLATTENING,reference_invalid_exit,10037.0,9952.0,10122.0,10025.75,20
20260303,50003000,10:53:23.000,FLATTENING,COOLDOWN,reference_invalid_exit,10037.0,9952.0,10122.0,10025.75,22
20260303,50005000,10:53:25.000,COOLDOWN,FLAT_QUOTING,fair_recovered,10038.0,9953.0,10123.0,10026.5,22
20260303,50006000,10:53:26.000,FLAT_QUOTING,LONG_PENDING_HEDGE,target_fill,10038.0,9953.0,10123.0,10026.75,25
20260303,50007000,10:53:27.000,LONG_PENDING_HEDGE,HEDGED_POSITION,hedge_fill,10038.0,9953.0,10123.0,10029.5,26
20260303,50008000,10:53:28.000,HEDGED_POSITION,FLATTENING,reference_invalid_exit,10038.0,9953.0,10123.0,10029.25,26
20260303,50008000,10:53:28.000,FLATTENING,COOLDOWN,reference_invalid_exit,10038.0,9953.0,10123.0,10029.25,28
20260303,50010000,10:53:30.000,COOLDOWN,FLAT_QUOTING,fair_recovered,10041.0,9956.0,10126.0,10029.75,28
20260303,50011000,10:53:31.000,FLAT_QUOTING,LONG_PENDING_HEDGE,target_fill,10041.0,9956.0,10126.0,10031.0,31
20260303,50012000,10:53:32.000,LONG_PENDING_HEDGE,HEDGED_POSITION,hedge_fill,10041.0,9956.0,10126.0,10031.75,32
20260303,50013000,10:53:33.000,HEDGED_POSITION,FLATTENING,reference_invalid_exit,10041.0,9956.0,10126.0,10032.5,32
20260303,50013000,10:53:33.000,FLATTENING,COOLDOWN,reference_invalid_exit,10041.0,9956.0,10126.0,10032.5,34
20260303,50015000,10:53:35.000,COOLDOWN,FLAT_QUOTING,fair_recovered,10045.0,9960.0,10130.0,10031.75,34
20260303,50016000,10:53:36.000,FLAT_QUOTING,LONG_PENDING_HEDGE,target_fill,10045.0,9960.0,10130.0,10031.75,37
20260303,50017000,10:53:37.000,LONG_PENDING_HEDGE,HEDGED_POSITION,hedge_fill,10045.0,9960.0,10130.0,10031.0,38
20260303,50018000,10:53:38.000,HEDGED_POSITION,FLATTENING,reference_invalid_exit,10045.0,9960.0,10130.0,10033.0,38
20260303,50018000,10:53:38.000,FLATTENING,COOLDOWN,reference_invalid_exit,10045.0,9960.0,10130.0,10033.0,40
20260303,50020000,10:53:40.000,COOLDOWN,FLAT_QUOTING,fair_recovered,10045.0,9960.0,10130.0,10032.25,40
20260303,50021000,10:53:41.000,FLAT_QUOTING,LONG_PENDING_HEDGE,target_fill,10045.0,9960.0,10130.0,10034.75,43
20260303,50022000,10:53:42.000,LONG_PENDING_HEDGE,HEDGED_POSITION,hedge_fill,10045.0,9960.0,10130.0,10035.25,44
20260303,50023000,10:53:43.000,HEDGED_POSITION,FLATTENING,reference_invalid_exit,10045.0,9960.0,10130.0,10035.5,44
20260303,50023000,10:53:43.000,FLATTENING,COOLDOWN,reference_invalid_exit,10045.0,9960.0,10130.0,10035.5,46
20260303,50025000,10:53:45.000,COOLDOWN,FLAT_QUOTING,fair_recovered,10045.0,9960.0,10130.0,10034.25,46
20260303,50026000,10:53:46.000,FLAT_QUOTING,LONG_PENDING_HEDGE,target_fill,10045.0,9960.0,10130.0,10036.5,49
20260303,50027000,10:53:47.000,LONG_PENDING_HEDGE,HEDGED_POSITION,hedge_fill,10045.0,9960.0,10130.0,10035.75,50
20260303,50028000,10:53:48.000,HEDGED_POSITION,FLATTENING,reversion_exit,10045.0,9960.0,10130.0,10034.75,50
20260303,50028000,10:53:48.000,FLATTENING,COOLDOWN,reversion_exit,10045.0,9960.0,10130.0,10034.75,52
20260303,50030000,10:53:50.000,COOLDOWN,FLAT_QUOTING,fair_recovered,10034.0,9949.0,10119.0,10034.5,52
20260303,50070000,10:54:30.000,FLAT_QUOTING,REPLACE_PENDING,fair_up_confirmed,10034.0,9949.0,10119.0,10050.25,24
20260303,50071000,10:54:31.000,REPLACE_PENDING,LONG_PENDING_HEDGE,target_fill,10051.0,9966.0,10136.0,,28
20260303,50072000,10:54:32.000,LONG_PENDING_HEDGE,HEDGED_POSITION,hedge_fill,10051.0,9966.0,10136.0,10064.5,28
20260303,50073000,10:54:33.000,HEDGED_POSITION,FLATTENING,reference_invalid_exit,10051.0,9966.0,10136.0,10066.0,26
20260303,50073000,10:54:33.000,FLATTENING,COOLDOWN,reference_invalid_exit,10051.0,9966.0,10136.0,10066.0,28
20260303,50075000,10:54:35.000,COOLDOWN,FLAT_QUOTING,fair_recovered,10066.0,9981.0,10151.0,,26
20260303,50076000,10:54:36.000,FLAT_QUOTING,LONG_PENDING_HEDGE,target_fill,10066.0,9981.0,10151.0,,28
20260303,50077000,10:54:37.000,LONG_PENDING_HEDGE,HEDGED_POSITION,hedge_fill,10066.0,9981.0,10151.0,,28
20260303,50078000,10:54:38.000,HEDGED_POSITION,FLATTENING,reference_invalid_exit,10066.0,9981.0,10151.0,10077.25,26
20260303,50078000,10:54:38.000,FLATTENING,COOLDOWN,reference_invalid_exit,10066.0,9981.0,10151.0,10077.25,28
20260303,50080000,10:54:40.000,COOLDOWN,FLAT_QUOTING,fair_recovered,10071.0,9986.0,10156.0,,26
20260303,50081000,10:54:41.000,FLAT_QUOTING,LONG_PENDING_HEDGE,target_fill,10071.0,9986.0,10156.0,,28
20260303,50082000,10:54:42.000,LONG_PENDING_HEDGE,HEDGED_POSITION,hedge_fill,10071.0,9986.0,10156.0,,28
20260303,50083000,10:54:43.000,HEDGED_POSITION,FLATTENING,reference_invalid_exit,10071.0,9986.0,10156.0,,26
20260303,50083000,10:54:43.000,FLATTENING,COOLDOWN,reference_invalid_exit,10071.0,9986.0,10156.0,,28
20260303,50085000,10:54:45.000,COOLDOWN,FLAT_QUOTING,fair_recovered,10069.0,9984.0,10154.0,,26
20260303,50086000,10:54:46.000,FLAT_QUOTING,LONG_PENDING_HEDGE,target_fill,10069.0,9984.0,10154.0,,28
20260303,50087000,10:54:47.000,LONG_PENDING_HEDGE,HEDGED_POSITION,hedge_fill,10069.0,9984.0,10154.0,,28
20260303,50088000,10:54:48.000,HEDGED_POSITION,FLATTENING,reference_invalid_exit,10069.0,9984.0,10154.0,,26
20260303,50088000,10:54:48.000,FLATTENING,COOLDOWN,reference_invalid_exit,10069.0,9984.0,10154.0,,28
20260303,50090000,10:54:50.000,COOLDOWN,FLAT_QUOTING,fair_recovered,10070.0,9985.0,10155.0,,26
20260303,50091000,10:54:51.000,FLAT_QUOTING,LONG_PENDING_HEDGE,target_fill,10070.0,9985.0,10155.0,,29
20260303,50092000,10:54:52.000,LONG_PENDING_HEDGE,HEDGED_POSITION,hedge_fill,10070.0,9985.0,10155.0,,30
20260303,50093000,10:54:53.000,HEDGED_POSITION,FLATTENING,reference_invalid_exit,10070.0,9985.0,10155.0,,30
20260303,50093000,10:54:53.000,FLATTENING,COOLDOWN,reference_invalid_exit,10070.0,9985.0,10155.0,,32
20260303,50095000,10:54:55.000,COOLDOWN,FLAT_QUOTING,fair_recovered,10076.0,9991.0,10161.0,,32
20260303,50096000,10:54:56.000,FLAT_QUOTING,LONG_PENDING_HEDGE,target_fill,10076.0,9991.0,10161.0,10080.25,35
20260303,50097000,10:54:57.000,LONG_PENDING_HEDGE,HEDGED_POSITION,hedge_fill,10076.0,9991.0,10161.0,10080.25,36
20260303,50098000,10:54:58.000,HEDGED_POSITION,FLATTENING,reference_invalid_exit,10076.0,9991.0,10161.0,10079.75,36
20260303,50098000,10:54:58.000,FLATTENING,COOLDOWN,reference_invalid_exit,10076.0,9991.0,10161.0,10079.75,38
20260303,50100000,10:55:00.000,COOLDOWN,FLAT_QUOTING,fair_recovered,10070.0,9985.0,10155.0,10078.75,38
20260303,50101000,10:55:01.000,FLAT_QUOTING,LONG_PENDING_HEDGE,target_fill,10070.0,9985.0,10155.0,10078.75,41
20260303,50102000,10:55:02.000,LONG_PENDING_HEDGE,HEDGED_POSITION,hedge_fill,10070.0,9985.0,10155.0,10068.5,42
20260303,50103000,10:55:03.000,HEDGED_POSITION,FLATTENING,reference_invalid_exit,10070.0,9985.0,10155.0,10064.25,42
20260303,50103000,10:55:03.000,FLATTENING,COOLDOWN,reference_invalid_exit,10070.0,9985.0,10155.0,10064.25,44
20260303,50105000,10:55:05.000,COOLDOWN,FLAT_QUOTING,fair_recovered,10061.0,9976.0,10146.0,,44
20260303,50106000,10:55:06.000,FLAT_QUOTING,LONG_PENDING_HEDGE,target_fill,10061.0,9976.0,10146.0,10065.25,47
20260303,50107000,10:55:07.000,LONG_PENDING_HEDGE,HEDGED_POSITION,hedge_fill,10061.0,9976.0,10146.0,10066.75,48
20260303,50108000,10:55:08.000,HEDGED_POSITION,FLATTENING,reference_invalid_exit,10061.0,9976.0,10146.0,10066.125,48
20260303,50108000,10:55:08.000,FLATTENING,COOLDOWN,reference_invalid_exit,10061.0,9976.0,10146.0,10066.125,50
20260303,50110000,10:55:10.000,COOLDOWN,FLAT_QUOTING,fair_recovered,10067.0,9982.0,10152.0,,50
20260303,50111000,10:55:11.000,FLAT_QUOTING,LONG_PENDING_HEDGE,target_fill,10067.0,9982.0,10152.0,10048.5,53
20260303,50112000,10:55:12.000,LONG_PENDING_HEDGE,HEDGED_POSITION,hedge_fill,10067.0,9982.0,10152.0,10048.0,54
20260303,50113000,10:55:13.000,HEDGED_POSITION,FLATTENING,reversion_exit,10067.0,9982.0,10152.0,10046.25,54
20260303,50113000,10:55:13.000,FLATTENING,COOLDOWN,reversion_exit,10067.0,9982.0,10152.0,10046.25,56
20260303,50115000,10:55:15.000,COOLDOWN,FLAT_QUOTING,fair_recovered,10042.0,9957.0,10127.0,10042.5,56
20260303,50240000,10:57:20.000,FLAT_QUOTING,REPLACE_PENDING,fair_up_confirmed,10042.0,9957.0,10127.0,10070.0,0
20260303,50241000,10:57:21.000,REPLACE_PENDING,LONG_PENDING_HEDGE,target_fill,10059.0,9974.0,10144.0,10074.5,5
20260303,50242000,10:57:22.000,LONG_PENDING_HEDGE,HEDGED_POSITION,hedge_fill,10059.0,9974.0,10144.0,10074.875,6
20260303,50243000,10:57:23.000,HEDGED_POSITION,FLATTENING,reference_invalid_exit,10059.0,9974.0,10144.0,10074.5,6
20260303,50243000,10:57:23.000,FLATTENING,COOLDOWN,reference_invalid_exit,10059.0,9974.0,10144.0,10074.5,8
20260303,50245000,10:57:25.000,COOLDOWN,FLAT_QUOTING,fair_recovered,10095.0,10010.0,10180.0,10077.0,8
20260303,50246000,10:57:26.000,FLAT_QUOTING,LONG_PENDING_HEDGE,target_fill,10095.0,10010.0,10180.0,10075.625,11
20260303,50247000,10:57:27.000,LONG_PENDING_HEDGE,HEDGED_POSITION,hedge_fill,10095.0,10010.0,10180.0,10072.75,12
20260303,50248000,10:57:28.000,HEDGED_POSITION,FLATTENING,reference_invalid_exit,10095.0,10010.0,10180.0,10072.0,12
20260303,50248000,10:57:28.000,FLATTENING,COOLDOWN,reference_invalid_exit,10095.0,10010.0,10180.0,10072.0,14
20260303,50250000,10:57:30.000,COOLDOWN,FLAT_QUOTING,fair_recovered,10086.0,10001.0,10171.0,10073.875,14
20260303,50251000,10:57:31.000,FLAT_QUOTING,LONG_PENDING_HEDGE,target_fill,10086.0,10001.0,10171.0,10078.5,17
20260303,50252000,10:57:32.000,LONG_PENDING_HEDGE,HEDGED_POSITION,hedge_fill,10086.0,10001.0,10171.0,10076.875,18
20260303,50253000,10:57:33.000,HEDGED_POSITION,FLATTENING,reference_invalid_exit,10086.0,10001.0,10171.0,10076.375,18
20260303,50253000,10:57:33.000,FLATTENING,COOLDOWN,reference_invalid_exit,10086.0,10001.0,10171.0,10076.375,20
20260303,50255000,10:57:35.000,COOLDOWN,FLAT_QUOTING,fair_recovered,10084.0,9999.0,10169.0,10078.5,20
20260303,50256000,10:57:36.000,FLAT_QUOTING,LONG_PENDING_HEDGE,target_fill,10084.0,9999.0,10169.0,10080.5,23
20260303,50257000,10:57:37.000,LONG_PENDING_HEDGE,HEDGED_POSITION,hedge_fill,10084.0,9999.0,10169.0,10080.25,24
20260303,50258000,10:57:38.000,HEDGED_POSITION,FLATTENING,reference_invalid_exit,10084.0,9999.0,10169.0,10079.75,24
20260303,50258000,10:57:38.000,FLATTENING,COOLDOWN,reference_invalid_exit,10084.0,9999.0,10169.0,10079.75,26
20260303,50260000,10:57:40.000,COOLDOWN,FLAT_QUOTING,fair_recovered,10090.0,10005.0,10175.0,10079.25,26
20260303,50261000,10:57:41.000,FLAT_QUOTING,LONG_PENDING_HEDGE,target_fill,10090.0,10005.0,10175.0,10080.75,29
20260303,50262000,10:57:42.000,LONG_PENDING_HEDGE,HEDGED_POSITION,hedge_fill,10090.0,10005.0,10175.0,10080.25,30
20260303,50263000,10:57:43.000,HEDGED_POSITION,FLATTENING,reference_invalid_exit,10090.0,10005.0,10175.0,10081.75,30
20260303,50263000,10:57:43.000,FLATTENING,COOLDOWN,reference_invalid_exit,10090.0,10005.0,10175.0,10081.75,32
20260303,50265000,10:57:45.000,COOLDOWN,FLAT_QUOTING,fair_recovered,10088.0,10003.0,10173.0,10082.75,32
20260303,50266000,10:57:46.000,FLAT_QUOTING,LONG_PENDING_HEDGE,target_fill,10088.0,10003.0,10173.0,,35
20260303,50267000,10:57:47.000,LONG_PENDING_HEDGE,HEDGED_POSITION,hedge_fill,10088.0,10003.0,10173.0,10083.75,36
20260303,50268000,10:57:48.000,HEDGED_POSITION,FLATTENING,reference_invalid_exit,10088.0,10003.0,10173.0,10083.5,36
20260303,50268000,10:57:48.000,FLATTENING,COOLDOWN,reference_invalid_exit,10088.0,10003.0,10173.0,10083.5,38
20260303,50270000,10:57:50.000,COOLDOWN,FLAT_QUOTING,fair_recovered,10091.0,10006.0,10176.0,10083.25,38
20260303,50272000,10:57:52.000,FLAT_QUOTING,LONG_PENDING_HEDGE,target_fill,10091.0,10006.0,10176.0,10082.75,41
20260303,50273000,10:57:53.000,LONG_PENDING_HEDGE,HEDGED_POSITION,hedge_fill,10091.0,10006.0,10176.0,10083.5,42
20260303,50274000,10:57:54.000,HEDGED_POSITION,FLATTENING,reference_invalid_exit,10091.0,10006.0,10176.0,10084.875,42
20260303,50274000,10:57:54.000,FLATTENING,COOLDOWN,reference_invalid_exit,10091.0,10006.0,10176.0,10084.875,44
20260303,50276000,10:57:56.000,COOLDOWN,FLAT_QUOTING,fair_recovered,10089.0,10004.0,10174.0,10084.5,44
20260303,50277000,10:57:57.000,FLAT_QUOTING,LONG_PENDING_HEDGE,target_fill,10089.0,10004.0,10174.0,10086.375,47
20260303,50278000,10:57:58.000,LONG_PENDING_HEDGE,HEDGED_POSITION,hedge_fill,10089.0,10004.0,10174.0,10086.0,48
20260303,50279000,10:57:59.000,HEDGED_POSITION,FLATTENING,reference_invalid_exit,10089.0,10004.0,10174.0,10085.625,48
20260303,50279000,10:57:59.000,FLATTENING,COOLDOWN,reference_invalid_exit,10089.0,10004.0,10174.0,10085.625,50
20260303,50281000,10:58:01.000,COOLDOWN,FLAT_QUOTING,fair_recovered,10089.0,10004.0,10174.0,10084.25,50
20260303,50282000,10:58:02.000,FLAT_QUOTING,LONG_PENDING_HEDGE,target_fill,10089.0,10004.0,10174.0,10083.5,53
20260303,50283000,10:58:03.000,LONG_PENDING_HEDGE,HEDGED_POSITION,hedge_fill,10089.0,10004.0,10174.0,10082.5,54
20260303,50284000,10:58:04.000,HEDGED_POSITION,FLATTENING,reference_invalid_exit,10089.0,10004.0,10174.0,10083.25,54
20260303,50284000,10:58:04.000,FLATTENING,COOLDOWN,reference_invalid_exit,10089.0,10004.0,10174.0,10083.25,56
20260303,50286000,10:58:06.000,COOLDOWN,FLAT_QUOTING,fair_recovered,10089.0,10004.0,10174.0,10083.5,56
20260303,50287000,10:58:07.000,FLAT_QUOTING,LONG_PENDING_HEDGE,target_fill,10089.0,10004.0,10174.0,10086.0,59
20260303,50288000,10:58:08.000,LONG_PENDING_HEDGE,HEDGED_POSITION,hedge_fill,10089.0,10004.0,10174.0,10096.5,60
20260303,50289000,10:58:09.000,HEDGED_POSITION,FLATTENING,reference_invalid_exit,10089.0,10004.0,10174.0,10089.0,60
20260303,50289000,10:58:09.000,FLATTENING,COOLDOWN,reference_invalid_exit,10089.0,10004.0,10174.0,10089.0,62
20260303,50291000,10:58:11.000,COOLDOWN,FLAT_QUOTING,fair_recovered,10097.0,10012.0,10182.0,10087.5,62
20260303,50292000,10:58:12.000,FLAT_QUOTING,LONG_PENDING_HEDGE,target_fill,10097.0,10012.0,10182.0,10088.5,65
20260303,50293000,10:58:13.000,LONG_PENDING_HEDGE,HEDGED_POSITION,hedge_fill,10097.0,10012.0,10182.0,10089.5,66
20260303,50294000,10:58:14.000,HEDGED_POSITION,FLATTENING,reference_invalid_exit,10097.0,10012.0,10182.0,10090.25,66
20260303,50294000,10:58:14.000,FLATTENING,COOLDOWN,reference_invalid_exit,10097.0,10012.0,10182.0,10090.25,68
20260303,50296000,10:58:16.000,COOLDOWN,FLAT_QUOTING,fair_recovered,10097.0,10012.0,10182.0,10089.5,68
20260303,50297000,10:58:17.000,FLAT_QUOTING,LONG_PENDING_HEDGE,target_fill,10097.0,10012.0,10182.0,10088.875,71
20260303,50298000,10:58:18.000,LONG_PENDING_HEDGE,HEDGED_POSITION,hedge_fill,10097.0,10012.0,10182.0,10088.5,72
20260303,50299000,10:58:19.000,HEDGED_POSITION,FLATTENING,reference_invalid_exit,10097.0,10012.0,10182.0,10089.0,72
20260303,50299000,10:58:19.000,FLATTENING,COOLDOWN,reference_invalid_exit,10097.0,10012.0,10182.0,10089.0,74
20260303,50301000,10:58:21.000,COOLDOWN,FLAT_QUOTING,fair_recovered,10095.0,10010.0,10180.0,10092.125,69
20260303,50303000,10:58:23.000,FLAT_QUOTING,LONG_PENDING_HEDGE,target_fill,10095.0,10010.0,10180.0,10090.25,69
20260303,50304000,10:58:24.000,LONG_PENDING_HEDGE,HEDGED_POSITION,hedge_fill,10095.0,10010.0,10180.0,10090.5,70
20260303,50305000,10:58:25.000,HEDGED_POSITION,FLATTENING,reference_invalid_exit,10095.0,10010.0,10180.0,10091.25,68
20260303,50305000,10:58:25.000,FLATTENING,COOLDOWN,reference_invalid_exit,10095.0,10010.0,10180.0,10091.25,70
20260303,50307000,10:58:27.000,COOLDOWN,FLAT_QUOTING,fair_recovered,10098.0,10013.0,10183.0,10091.25,68
20260303,50308000,10:58:28.000,FLAT_QUOTING,LONG_PENDING_HEDGE,target_fill,10098.0,10013.0,10183.0,10090.5,69
20260303,50309000,10:58:29.000,LONG_PENDING_HEDGE,HEDGED_POSITION,hedge_fill,10098.0,10013.0,10183.0,10096.375,70
20260303,50310000,10:58:30.000,HEDGED_POSITION,FLATTENING,reference_invalid_exit,10098.0,10013.0,10183.0,10106.25,68
20260303,50310000,10:58:30.000,FLATTENING,COOLDOWN,reference_invalid_exit,10098.0,10013.0,10183.0,10106.25,70
20260303,50312000,10:58:32.000,COOLDOWN,FLAT_QUOTING,fair_recovered,10108.0,10023.0,10193.0,10100.25,68
20260303,50313000,10:58:33.000,FLAT_QUOTING,LONG_PENDING_HEDGE,target_fill,10108.0,10023.0,10193.0,,69
20260303,50314000,10:58:34.000,LONG_PENDING_HEDGE,HEDGED_POSITION,hedge_fill,10108.0,10023.0,10193.0,10103.0,70
20260303,50315000,10:58:35.000,HEDGED_POSITION,FLATTENING,reference_invalid_exit,10108.0,10023.0,10193.0,10103.75,68
20260303,50315000,10:58:35.000,FLATTENING,COOLDOWN,reference_invalid_exit,10108.0,10023.0,10193.0,10103.75,70
20260303,50317000,10:58:37.000,COOLDOWN,FLAT_QUOTING,fair_recovered,10108.0,10023.0,10193.0,10107.25,68
20260303,50318000,10:58:38.000,FLAT_QUOTING,LONG_PENDING_HEDGE,target_fill,10108.0,10023.0,10193.0,10108.25,69
20260303,50319000,10:58:39.000,LONG_PENDING_HEDGE,HEDGED_POSITION,hedge_fill,10108.0,10023.0,10193.0,10108.0,70
20260303,50320000,10:58:40.000,HEDGED_POSITION,FLATTENING,reference_invalid_exit,10108.0,10023.0,10193.0,10109.0,68
20260303,50320000,10:58:40.000,FLATTENING,COOLDOWN,reference_invalid_exit,10108.0,10023.0,10193.0,10109.0,70
20260303,50322000,10:58:42.000,COOLDOWN,FLAT_QUOTING,fair_recovered,10114.0,10029.0,10199.0,,68
20260303,50323000,10:58:43.000,FLAT_QUOTING,LONG_PENDING_HEDGE,target_fill,10114.0,10029.0,10199.0,,69
20260303,50324000,10:58:44.000,LONG_PENDING_HEDGE,HEDGED_POSITION,hedge_fill,10114.0,10029.0,10199.0,10112.75,70
20260303,50325000,10:58:45.000,HEDGED_POSITION,FLATTENING,reference_invalid_exit,10114.0,10029.0,10199.0,10119.25,68
20260303,50325000,10:58:45.000,FLATTENING,COOLDOWN,reference_invalid_exit,10114.0,10029.0,10199.0,10119.25,70
20260303,50327000,10:58:47.000,COOLDOWN,FLAT_QUOTING,fair_recovered,10113.0,10028.0,10198.0,10114.5,68
20260303,50328000,10:58:48.000,FLAT_QUOTING,LONG_PENDING_HEDGE,target_fill,10113.0,10028.0,10198.0,10115.75,69
20260303,50329000,10:58:49.000,LONG_PENDING_HEDGE,HEDGED_POSITION,hedge_fill,10113.0,10028.0,10198.0,10117.0,70
20260303,50330000,10:58:50.000,HEDGED_POSITION,FLATTENING,reference_invalid_exit,10113.0,10028.0,10198.0,10116.0,68
20260303,50330000,10:58:50.000,FLATTENING,COOLDOWN,reference_invalid_exit,10113.0,10028.0,10198.0,10116.0,70
20260303,50332000,10:58:52.000,COOLDOWN,FLAT_QUOTING,fair_recovered,10110.0,10025.0,10195.0,10113.75,69
20260303,50333000,10:58:53.000,FLAT_QUOTING,LONG_PENDING_HEDGE,target_fill,10110.0,10025.0,10195.0,10112.5,71
20260303,50334000,10:58:54.000,LONG_PENDING_HEDGE,HEDGED_POSITION,hedge_fill,10110.0,10025.0,10195.0,10113.25,70
20260303,50335000,10:58:55.000,HEDGED_POSITION,FLATTENING,reference_invalid_exit,10110.0,10025.0,10195.0,10115.0,70
20260303,50335000,10:58:55.000,FLATTENING,COOLDOWN,reference_invalid_exit,10110.0,10025.0,10195.0,10115.0,72
20260303,50337000,10:58:57.000,COOLDOWN,FLAT_QUOTING,fair_recovered,10117.0,10032.0,10202.0,10119.5,69
20260303,50338000,10:58:58.000,FLAT_QUOTING,LONG_PENDING_HEDGE,target_fill,10117.0,10032.0,10202.0,10119.75,71
20260303,50339000,10:58:59.000,LONG_PENDING_HEDGE,HEDGED_POSITION,hedge_fill,10117.0,10032.0,10202.0,10120.25,70
20260303,50340000,10:59:00.000,HEDGED_POSITION,FLATTENING,reference_invalid_exit,10117.0,10032.0,10202.0,10127.25,70
20260303,50340000,10:59:00.000,FLATTENING,COOLDOWN,reference_invalid_exit,10117.0,10032.0,10202.0,10127.25,72
20260303,50342000,10:59:02.000,COOLDOWN,FLAT_QUOTING,fair_recovered,10126.0,10041.0,10211.0,10124.25,69
20260303,50344000,10:59:04.000,FLAT_QUOTING,LONG_PENDING_HEDGE,target_fill,10126.0,10041.0,10211.0,,69
20260303,50345000,10:59:05.000,LONG_PENDING_HEDGE,HEDGED_POSITION,hedge_fill,10126.0,10041.0,10211.0,,70
20260303,50346000,10:59:06.000,HEDGED_POSITION,FLATTENING,reference_invalid_exit,10126.0,10041.0,10211.0,,68
20260303,50346000,10:59:06.000,FLATTENING,COOLDOWN,reference_invalid_exit,10126.0,10041.0,10211.0,,70
20260303,50348000,10:59:08.000,COOLDOWN,FLAT_QUOTING,fair_recovered,10120.0,10035.0,10205.0,10120.75,68
20260303,50349000,10:59:09.000,FLAT_QUOTING,LONG_PENDING_HEDGE,target_fill,10120.0,10035.0,10205.0,10120.25,69
20260303,50350000,10:59:10.000,LONG_PENDING_HEDGE,HEDGED_POSITION,hedge_fill,10120.0,10035.0,10205.0,10123.5,70
20260303,50351000,10:59:11.000,HEDGED_POSITION,FLATTENING,reference_invalid_exit,10120.0,10035.0,10205.0,10123.0,68
20260303,50351000,10:59:11.000,FLATTENING,COOLDOWN,reference_invalid_exit,10120.0,10035.0,10205.0,10123.0,70
20260303,50353000,10:59:13.000,COOLDOWN,FLAT_QUOTING,fair_recovered,10121.0,10036.0,10206.0,10128.25,68
20260303,50354000,10:59:14.000,FLAT_QUOTING,LONG_PENDING_HEDGE,target_fill,10121.0,10036.0,10206.0,10128.5,69
20260303,50355000,10:59:15.000,LONG_PENDING_HEDGE,HEDGED_POSITION,hedge_fill,10121.0,10036.0,10206.0,10130.5,70
20260303,50356000,10:59:16.000,HEDGED_POSITION,FLATTENING,reference_invalid_exit,10121.0,10036.0,10206.0,10133.75,68
20260303,50356000,10:59:16.000,FLATTENING,COOLDOWN,reference_invalid_exit,10121.0,10036.0,10206.0,10133.75,70
20260303,50358000,10:59:18.000,COOLDOWN,FLAT_QUOTING,fair_recovered,10130.0,10045.0,10215.0,10133.75,68
20260303,50359000,10:59:19.000,FLAT_QUOTING,LONG_PENDING_HEDGE,target_fill,10130.0,10045.0,10215.0,10132.875,69
20260303,50360000,10:59:20.000,LONG_PENDING_HEDGE,HEDGED_POSITION,hedge_fill,10130.0,10045.0,10215.0,10131.25,70
20260303,50361000,10:59:21.000,HEDGED_POSITION,FLATTENING,reference_invalid_exit,10130.0,10045.0,10215.0,10131.25,68
20260303,50361000,10:59:21.000,FLATTENING,COOLDOWN,reference_invalid_exit,10130.0,10045.0,10215.0,10131.25,70
20260303,50363000,10:59:23.000,COOLDOWN,FLAT_QUOTING,fair_recovered,10128.0,10043.0,10213.0,10133.75,69
20260303,50364000,10:59:24.000,FLAT_QUOTING,LONG_PENDING_HEDGE,target_fill,10128.0,10043.0,10213.0,10131.25,71
20260303,50365000,10:59:25.000,LONG_PENDING_HEDGE,HEDGED_POSITION,hedge_fill,10128.0,10043.0,10213.0,10132.25,70
20260303,50366000,10:59:26.000,HEDGED_POSITION,FLATTENING,reference_invalid_exit,10128.0,10043.0,10213.0,,70
20260303,50366000,10:59:26.000,FLATTENING,COOLDOWN,reference_invalid_exit,10128.0,10043.0,10213.0,,72
20260303,50368000,10:59:28.000,COOLDOWN,FLAT_QUOTING,fair_recovered,10130.0,10045.0,10215.0,10134.75,69
20260303,50369000,10:59:29.000,FLAT_QUOTING,LONG_PENDING_HEDGE,target_fill,10130.0,10045.0,10215.0,10134.5,71
20260303,50370000,10:59:30.000,LONG_PENDING_HEDGE,HEDGED_POSITION,hedge_fill,10130.0,10045.0,10215.0,10137.0,70
20260303,50371000,10:59:31.000,HEDGED_POSITION,FLATTENING,reference_invalid_exit,10130.0,10045.0,10215.0,10136.125,70
20260303,50371000,10:59:31.000,FLATTENING,COOLDOWN,reference_invalid_exit,10130.0,10045.0,10215.0,10136.125,72
20260303,50373000,10:59:33.000,COOLDOWN,FLAT_QUOTING,fair_recovered,10125.0,10040.0,10210.0,10135.0,69
20260303,50374000,10:59:34.000,FLAT_QUOTING,LONG_PENDING_HEDGE,target_fill,10125.0,10040.0,10210.0,10134.875,71
20260303,50375000,10:59:35.000,LONG_PENDING_HEDGE,HEDGED_POSITION,hedge_fill,10125.0,10040.0,10210.0,10136.875,70
20260303,50376000,10:59:36.000,HEDGED_POSITION,FLATTENING,reference_invalid_exit,10125.0,10040.0,10210.0,10139.0,70
20260303,50376000,10:59:36.000,FLATTENING,COOLDOWN,reference_invalid_exit,10125.0,10040.0,10210.0,10139.0,72
20260303,50378000,10:59:38.000,COOLDOWN,FLAT_QUOTING,fair_recovered,10138.0,10053.0,10223.0,,69
20260303,50379000,10:59:39.000,FLAT_QUOTING,LONG_PENDING_HEDGE,target_fill,10138.0,10053.0,10223.0,10142.0,71
20260303,50380000,10:59:40.000,LONG_PENDING_HEDGE,HEDGED_POSITION,hedge_fill,10138.0,10053.0,10223.0,10142.5,70
20260303,50381000,10:59:41.000,HEDGED_POSITION,FLATTENING,reference_invalid_exit,10138.0,10053.0,10223.0,10142.5,70
20260303,50381000,10:59:41.000,FLATTENING,COOLDOWN,reference_invalid_exit,10138.0,10053.0,10223.0,10142.5,72
20260303,50383000,10:59:43.000,COOLDOWN,FLAT_QUOTING,fair_recovered,10135.0,10050.0,10220.0,10140.75,69
20260303,50384000,10:59:44.000,FLAT_QUOTING,LONG_PENDING_HEDGE,target_fill,10135.0,10050.0,10220.0,10138.5,71
20260303,50385000,10:59:45.000,LONG_PENDING_HEDGE,HEDGED_POSITION,hedge_fill,10135.0,10050.0,10220.0,10139.5,70
20260303,50386000,10:59:46.000,HEDGED_POSITION,FLATTENING,reference_invalid_exit,10135.0,10050.0,10220.0,10140.25,70
20260303,50386000,10:59:46.000,FLATTENING,COOLDOWN,reference_invalid_exit,10135.0,10050.0,10220.0,10140.25,72
20260303,50388000,10:59:48.000,COOLDOWN,FLAT_QUOTING,fair_recovered,10130.0,10045.0,10215.0,10141.375,69
20260303,50389000,10:59:49.000,FLAT_QUOTING,LONG_PENDING_HEDGE,target_fill,10130.0,10045.0,10215.0,10143.875,71
20260303,50390000,10:59:50.000,LONG_PENDING_HEDGE,HEDGED_POSITION,hedge_fill,10130.0,10045.0,10215.0,,70
20260303,50391000,10:59:51.000,HEDGED_POSITION,FLATTENING,reference_invalid_exit,10130.0,10045.0,10215.0,,70
20260303,50391000,10:59:51.000,FLATTENING,COOLDOWN,reference_invalid_exit,10130.0,10045.0,10215.0,,72
20260303,50393000,10:59:53.000,COOLDOWN,FLAT_QUOTING,fair_recovered,10126.0,10041.0,10211.0,10142.5,69
20260303,50394000,10:59:54.000,FLAT_QUOTING,LONG_PENDING_HEDGE,target_fill,10126.0,10041.0,10211.0,10139.75,71
20260303,50395000,10:59:55.000,LONG_PENDING_HEDGE,HEDGED_POSITION,hedge_fill,10126.0,10041.0,10211.0,10140.375,70
20260303,50396000,10:59:56.000,HEDGED_POSITION,FLATTENING,reference_invalid_exit,10126.0,10041.0,10211.0,10139.25,70
20260303,50396000,10:59:56.000,FLATTENING,COOLDOWN,reference_invalid_exit,10126.0,10041.0,10211.0,10139.25,72
20260303,50398000,10:59:58.000,COOLDOWN,FLAT_QUOTING,fair_recovered,10124.0,10039.0,10209.0,10141.5,69
20260303,50399000,10:59:59.000,FLAT_QUOTING,LONG_PENDING_HEDGE,target_fill,10124.0,10039.0,10209.0,10141.25,71
20260303,50400000,11:00:00.000,LONG_PENDING_HEDGE,HEDGED_POSITION,hedge_fill,10124.0,10039.0,10209.0,10142.75,70
20260303,50401000,11:00:01.000,HEDGED_POSITION,FLATTENING,reference_invalid_exit,10124.0,10039.0,10209.0,10144.375,70
20260303,50401000,11:00:01.000,FLATTENING,COOLDOWN,reference_invalid_exit,10124.0,10039.0,10209.0,10144.375,72
20260303,50403000,11:00:03.000,COOLDOWN,FLAT_QUOTING,fair_recovered,10127.0,10042.0,10212.0,10142.25,70
20260303,50404000,11:00:04.000,FLAT_QUOTING,LONG_PENDING_HEDGE,target_fill,10127.0,10042.0,10212.0,10142.25,72
20260303,50405000,11:00:05.000,LONG_PENDING_HEDGE,HEDGED_POSITION,hedge_fill,10127.0,10042.0,10212.0,10140.375,72
20260303,50406000,11:00:06.000,HEDGED_POSITION,FLATTENING,reference_invalid_exit,10127.0,10042.0,10212.0,10141.75,70
20260303,50406000,11:00:06.000,FLATTENING,COOLDOWN,reference_invalid_exit,10127.0,10042.0,10212.0,10141.75,72
20260303,50408000,11:00:08.000,COOLDOWN,FLAT_QUOTING,fair_recovered,10128.0,10043.0,10213.0,10141.75,70
20260303,50409000,11:00:09.000,FLAT_QUOTING,LONG_PENDING_HEDGE,target_fill,10128.0,10043.0,10213.0,10141.0,72
20260303,50410000,11:00:10.000,LONG_PENDING_HEDGE,HEDGED_POSITION,hedge_fill,10128.0,10043.0,10213.0,10138.5,72
20260303,50411000,11:00:11.000,HEDGED_POSITION,FLATTENING,reference_invalid_exit,10128.0,10043.0,10213.0,10138.5,70
20260303,50411000,11:00:11.000,FLATTENING,COOLDOWN,reference_invalid_exit,10128.0,10043.0,10213.0,10138.5,72
20260303,50413000,11:00:13.000,COOLDOWN,FLAT_QUOTING,fair_recovered,10124.0,10039.0,10209.0,10138.375,70
20260303,50414000,11:00:14.000,FLAT_QUOTING,LONG_PENDING_HEDGE,target_fill,10124.0,10039.0,10209.0,10136.75,72
20260303,50415000,11:00:15.000,LONG_PENDING_HEDGE,HEDGED_POSITION,hedge_fill,10124.0,10039.0,10209.0,10136.75,72
20260303,50416000,11:00:16.000,HEDGED_POSITION,FLATTENING,reference_invalid_exit,10124.0,10039.0,10209.0,10135.875,70
20260303,50416000,11:00:16.000,FLATTENING,COOLDOWN,reference_invalid_exit,10124.0,10039.0,10209.0,10135.875,72
20260303,50418000,11:00:18.000,COOLDOWN,FLAT_QUOTING,fair_recovered,10128.0,10043.0,10213.0,10136.0,70
20260303,50419000,11:00:19.000,FLAT_QUOTING,LONG_PENDING_HEDGE,target_fill,10128.0,10043.0,10213.0,10138.25,72
20260303,50420000,11:00:20.000,LONG_PENDING_HEDGE,HEDGED_POSITION,hedge_fill,10128.0,10043.0,10213.0,10138.375,72
20260303,50421000,11:00:21.000,HEDGED_POSITION,FLATTENING,reference_invalid_exit,10128.0,10043.0,10213.0,10138.5,70
20260303,50421000,11:00:21.000,FLATTENING,COOLDOWN,reference_invalid_exit,10128.0,10043.0,10213.0,10138.5,72
20260303,50423000,11:00:23.000,COOLDOWN,FLAT_QUOTING,fair_recovered,10132.0,10047.0,10217.0,10140.5,70
20260303,50424000,11:00:24.000,FLAT_QUOTING,LONG_PENDING_HEDGE,target_fill,10132.0,10047.0,10217.0,10143.25,72
20260303,50425000,11:00:25.000,LONG_PENDING_HEDGE,HEDGED_POSITION,hedge_fill,10132.0,10047.0,10217.0,10141.625,72
20260303,50426000,11:00:26.000,HEDGED_POSITION,FLATTENING,reference_invalid_exit,10132.0,10047.0,10217.0,10138.75,70
20260303,50426000,11:00:26.000,FLATTENING,COOLDOWN,reference_invalid_exit,10132.0,10047.0,10217.0,10138.75,72
20260303,50428000,11:00:28.000,COOLDOWN,FLAT_QUOTING,fair_recovered,10132.0,10047.0,10217.0,10139.625,70
20260303,50429000,11:00:29.000,FLAT_QUOTING,LONG_PENDING_HEDGE,target_fill,10132.0,10047.0,10217.0,10141.75,72
20260303,50430000,11:00:30.000,LONG_PENDING_HEDGE,HEDGED_POSITION,hedge_fill,10132.0,10047.0,10217.0,10142.375,72
20260303,50431000,11:00:31.000,HEDGED_POSITION,FLATTENING,reference_invalid_exit,10132.0,10047.0,10217.0,10142.125,70
20260303,50431000,11:00:31.000,FLATTENING,COOLDOWN,reference_invalid_exit,10132.0,10047.0,10217.0,10142.125,72
20260303,50433000,11:00:33.000,COOLDOWN,FLAT_QUOTING,fair_recovered,10131.0,10046.0,10216.0,10139.5,70
20260303,50434000,11:00:34.000,FLAT_QUOTING,LONG_PENDING_HEDGE,target_fill,10131.0,10046.0,10216.0,10138.25,72
20260303,50435000,11:00:35.000,LONG_PENDING_HEDGE,HEDGED_POSITION,hedge_fill,10131.0,10046.0,10216.0,10138.0,72
20260303,50436000,11:00:36.000,HEDGED_POSITION,FLATTENING,reference_invalid_exit,10131.0,10046.0,10216.0,10139.5,70
20260303,50436000,11:00:36.000,FLATTENING,COOLDOWN,reference_invalid_exit,10131.0,10046.0,10216.0,10139.5,72
20260303,50438000,11:00:38.000,COOLDOWN,FLAT_QUOTING,fair_recovered,10130.0,10045.0,10215.0,10139.25,70
20260303,50439000,11:00:39.000,FLAT_QUOTING,LONG_PENDING_HEDGE,target_fill,10130.0,10045.0,10215.0,10140.5,72
20260303,50440000,11:00:40.000,LONG_PENDING_HEDGE,HEDGED_POSITION,hedge_fill,10130.0,10045.0,10215.0,10143.75,72
20260303,50441000,11:00:41.000,HEDGED_POSITION,FLATTENING,reference_invalid_exit,10130.0,10045.0,10215.0,10144.0,70
20260303,50441000,11:00:41.000,FLATTENING,COOLDOWN,reference_invalid_exit,10130.0,10045.0,10215.0,10144.0,72
20260303,50443000,11:00:43.000,COOLDOWN,FLAT_QUOTING,fair_recovered,10127.0,10042.0,10212.0,10143.0,70
20260303,50444000,11:00:44.000,FLAT_QUOTING,LONG_PENDING_HEDGE,target_fill,10127.0,10042.0,10212.0,10143.75,72
20260303,50445000,11:00:45.000,LONG_PENDING_HEDGE,HEDGED_POSITION,hedge_fill,10127.0,10042.0,10212.0,10144.5,72
20260303,50446000,11:00:46.000,HEDGED_POSITION,FLATTENING,reference_invalid_exit,10127.0,10042.0,10212.0,10145.625,70
20260303,50446000,11:00:46.000,FLATTENING,COOLDOWN,reference_invalid_exit,10127.0,10042.0,10212.0,10145.625,72
20260303,50448000,11:00:48.000,COOLDOWN,FLAT_QUOTING,fair_recovered,10129.0,10044.0,10214.0,10146.5,70
20260303,50449000,11:00:49.000,FLAT_QUOTING,LONG_PENDING_HEDGE,target_fill,10129.0,10044.0,10214.0,10146.375,72
20260303,50450000,11:00:50.000,LONG_PENDING_HEDGE,HEDGED_POSITION,hedge_fill,10129.0,10044.0,10214.0,10146.5,72
20260303,50451000,11:00:51.000,HEDGED_POSITION,FLATTENING,reference_invalid_exit,10129.0,10044.0,10214.0,10146.5,70
20260303,50451000,11:00:51.000,FLATTENING,COOLDOWN,reference_invalid_exit,10129.0,10044.0,10214.0,10146.5,72
20260303,50453000,11:00:53.000,COOLDOWN,FLAT_QUOTING,fair_recovered,10126.0,10041.0,10211.0,10149.5,70
20260303,50454000,11:00:54.000,FLAT_QUOTING,LONG_PENDING_HEDGE,target_fill,10126.0,10041.0,10211.0,10149.25,72
20260303,50455000,11:00:55.000,LONG_PENDING_HEDGE,HEDGED_POSITION,hedge_fill,10126.0,10041.0,10211.0,10148.875,72
20260303,50456000,11:00:56.000,HEDGED_POSITION,FLATTENING,reference_invalid_exit,10126.0,10041.0,10211.0,10150.375,70
20260303,50456000,11:00:56.000,FLATTENING,COOLDOWN,reference_invalid_exit,10126.0,10041.0,10211.0,10150.375,72
20260303,50458000,11:00:58.000,COOLDOWN,FLAT_QUOTING,fair_recovered,10135.0,10050.0,10220.0,10154.25,70
20260303,50459000,11:00:59.000,FLAT_QUOTING,LONG_PENDING_HEDGE,target_fill,10135.0,10050.0,10220.0,10153.75,72
20260303,50460000,11:01:00.000,LONG_PENDING_HEDGE,HEDGED_POSITION,hedge_fill,10135.0,10050.0,10220.0,10152.125,72
20260303,50461000,11:01:01.000,HEDGED_POSITION,FLATTENING,reference_invalid_exit,10135.0,10050.0,10220.0,10152.0,70
20260303,50461000,11:01:01.000,FLATTENING,COOLDOWN,reference_invalid_exit,10135.0,10050.0,10220.0,10152.0,72
20260303,50463000,11:01:03.000,COOLDOWN,FLAT_QUOTING,fair_recovered,10130.0,10045.0,10215.0,10152.5,70
20260303,50464000,11:01:04.000,FLAT_QUOTING,LONG_PENDING_HEDGE,target_fill,10130.0,10045.0,10215.0,10153.5,72
20260303,50465000,11:01:05.000,LONG_PENDING_HEDGE,HEDGED_POSITION,hedge_fill,10130.0,10045.0,10215.0,10152.25,72
20260303,50466000,11:01:06.000,HEDGED_POSITION,FLATTENING,reference_invalid_exit,10130.0,10045.0,10215.0,10152.75,70
20260303,50466000,11:01:06.000,FLATTENING,COOLDOWN,reference_invalid_exit,10130.0,10045.0,10215.0,10152.75,72
20260303,50468000,11:01:08.000,COOLDOWN,FLAT_QUOTING,fair_recovered,10135.0,10050.0,10220.0,10153.25,70
20260303,50469000,11:01:09.000,FLAT_QUOTING,LONG_PENDING_HEDGE,target_fill,10135.0,10050.0,10220.0,10152.75,72
20260303,50470000,11:01:10.000,LONG_PENDING_HEDGE,HEDGED_POSITION,hedge_fill,10135.0,10050.0,10220.0,10152.25,72
20260303,50471000,11:01:11.000,HEDGED_POSITION,FLATTENING,reference_invalid_exit,10135.0,10050.0,10220.0,10156.0,70
20260303,50471000,11:01:11.000,FLATTENING,COOLDOWN,reference_invalid_exit,10135.0,10050.0,10220.0,10156.0,72
20260303,50473000,11:01:13.000,COOLDOWN,FLAT_QUOTING,fair_recovered,10134.0,10049.0,10219.0,10156.5,70
20260303,50475000,11:01:15.000,FLAT_QUOTING,LONG_PENDING_HEDGE,target_fill,10134.0,10049.0,10219.0,10156.75,71
20260303,50476000,11:01:16.000,LONG_PENDING_HEDGE,HEDGED_POSITION,hedge_fill,10134.0,10049.0,10219.0,10162.125,70
20260303,50477000,11:01:17.000,HEDGED_POSITION,FLATTENING,reference_invalid_exit,10134.0,10049.0,10219.0,10162.0,70
20260303,50477000,11:01:17.000,FLATTENING,COOLDOWN,reference_invalid_exit,10134.0,10049.0,10219.0,10162.0,72
20260303,50479000,11:01:19.000,COOLDOWN,FLAT_QUOTING,fair_recovered,10148.0,10063.0,10233.0,10160.25,69
20260303,50480000,11:01:20.000,FLAT_QUOTING,LONG_PENDING_HEDGE,target_fill,10148.0,10063.0,10233.0,10159.5,71
20260303,50481000,11:01:21.000,LONG_PENDING_HEDGE,HEDGED_POSITION,hedge_fill,10148.0,10063.0,10233.0,10161.25,70
20260303,50482000,11:01:22.000,HEDGED_POSITION,FLATTENING,reference_invalid_exit,10148.0,10063.0,10233.0,10159.375,70
20260303,50482000,11:01:22.000,FLATTENING,COOLDOWN,reference_invalid_exit,10148.0,10063.0,10233.0,10159.375,72
20260303,50484000,11:01:24.000,COOLDOWN,FLAT_QUOTING,fair_recovered,10145.0,10060.0,10230.0,10156.75,69
20260303,50485000,11:01:25.000,FLAT_QUOTING,LONG_PENDING_HEDGE,target_fill,10145.0,10060.0,10230.0,10158.5,71
20260303,50486000,11:01:26.000,LONG_PENDING_HEDGE,HEDGED_POSITION,hedge_fill,10145.0,10060.0,10230.0,10158.75,70
20260303,50487000,11:01:27.000,HEDGED_POSITION,FLATTENING,reference_invalid_exit,10145.0,10060.0,10230.0,10160.0,70
20260303,50487000,11:01:27.000,FLATTENING,COOLDOWN,reference_invalid_exit,10145.0,10060.0,10230.0,10160.0,72
20260303,50489000,11:01:29.000,COOLDOWN,FLAT_QUOTING,fair_recovered,10154.0,10069.0,10239.0,10158.75,69
20260303,50490000,11:01:30.000,FLAT_QUOTING,LONG_PENDING_HEDGE,target_fill,10154.0,10069.0,10239.0,10159.75,71
20260303,50491000,11:01:31.000,LONG_PENDING_HEDGE,HEDGED_POSITION,hedge_fill,10154.0,10069.0,10239.0,10162.5,70
20260303,50492000,11:01:32.000,HEDGED_POSITION,FLATTENING,reference_invalid_exit,10154.0,10069.0,10239.0,10161.75,70
20260303,50492000,11:01:32.000,FLATTENING,COOLDOWN,reference_invalid_exit,10154.0,10069.0,10239.0,10161.75,72
20260303,50494000,11:01:34.000,COOLDOWN,FLAT_QUOTING,fair_recovered,10159.0,10074.0,10244.0,10162.0,69
20260303,50496000,11:01:36.000,FLAT_QUOTING,LONG_PENDING_HEDGE,target_fill,10159.0,10074.0,10244.0,10168.0,69
20260303,50497000,11:01:37.000,LONG_PENDING_HEDGE,HEDGED_POSITION,hedge_fill,10159.0,10074.0,10244.0,10165.75,70
20260303,50498000,11:01:38.000,HEDGED_POSITION,FLATTENING,reference_invalid_exit,10159.0,10074.0,10244.0,10168.5,68
20260303,50498000,11:01:38.000,FLATTENING,COOLDOWN,reference_invalid_exit,10159.0,10074.0,10244.0,10168.5,70
20260303,50500000,11:01:40.000,COOLDOWN,FLAT_QUOTING,fair_recovered,10170.0,10085.0,10255.0,10170.0,68
20260303,50501000,11:01:41.000,FLAT_QUOTING,LONG_PENDING_HEDGE,target_fill,10170.0,10085.0,10255.0,10172.25,69
20260303,50502000,11:01:42.000,LONG_PENDING_HEDGE,HEDGED_POSITION,hedge_fill,10170.0,10085.0,10255.0,10173.0,70
20260303,50503000,11:01:43.000,HEDGED_POSITION,FLATTENING,reference_invalid_exit,10170.0,10085.0,10255.0,10178.0,68
20260303,50503000,11:01:43.000,FLATTENING,COOLDOWN,reference_invalid_exit,10170.0,10085.0,10255.0,10178.0,70
20260303,50505000,11:01:45.000,COOLDOWN,FLAT_QUOTING,fair_recovered,10177.0,10092.0,10262.0,,68
20260303,50506000,11:01:46.000,FLAT_QUOTING,LONG_PENDING_HEDGE,target_fill,10177.0,10092.0,10262.0,10188.0,69
20260303,50507000,11:01:47.000,LONG_PENDING_HEDGE,HEDGED_POSITION,hedge_fill,10177.0,10092.0,10262.0,,70
20260303,50508000,11:01:48.000,HEDGED_POSITION,FLATTENING,reference_invalid_exit,10177.0,10092.0,10262.0,10209.5,68
20260303,50508000,11:01:48.000,FLATTENING,COOLDOWN,reference_invalid_exit,10177.0,10092.0,10262.0,10209.5,70
20260303,50510000,11:01:50.000,COOLDOWN,FLAT_QUOTING,fair_recovered,10187.0,10102.0,10272.0,,68
20260303,50511000,11:01:51.000,FLAT_QUOTING,LONG_PENDING_HEDGE,target_fill,10187.0,10102.0,10272.0,,69
20260303,50512000,11:01:52.000,LONG_PENDING_HEDGE,HEDGED_POSITION,hedge_fill,10187.0,10102.0,10272.0,,70
20260303,50513000,11:01:53.000,HEDGED_POSITION,FLATTENING,reference_invalid_exit,10187.0,10102.0,10272.0,,68
20260303,50513000,11:01:53.000,FLATTENING,COOLDOWN,reference_invalid_exit,10187.0,10102.0,10272.0,,70
20260303,50515000,11:01:55.000,COOLDOWN,FLAT_QUOTING,fair_recovered,10192.0,10107.0,10277.0,,68
20260303,50516000,11:01:56.000,FLAT_QUOTING,LONG_PENDING_HEDGE,target_fill,10192.0,10107.0,10277.0,,69
20260303,50517000,11:01:57.000,LONG_PENDING_HEDGE,HEDGED_POSITION,hedge_fill,10192.0,10107.0,10277.0,,70
20260303,50518000,11:01:58.000,HEDGED_POSITION,FLATTENING,reference_invalid_exit,10192.0,10107.0,10277.0,,68
20260303,50518000,11:01:58.000,FLATTENING,COOLDOWN,reference_invalid_exit,10192.0,10107.0,10277.0,,70
20260303,50520000,11:02:00.000,COOLDOWN,FLAT_QUOTING,fair_recovered,10173.0,10088.0,10258.0,,68
20260303,50521000,11:02:01.000,FLAT_QUOTING,LONG_PENDING_HEDGE,target_fill,10173.0,10088.0,10258.0,10197.25,69
20260303,50522000,11:02:02.000,LONG_PENDING_HEDGE,HEDGED_POSITION,hedge_fill,10173.0,10088.0,10258.0,10195.25,70
20260303,50523000,11:02:03.000,HEDGED_POSITION,FLATTENING,reference_invalid_exit,10173.0,10088.0,10258.0,10195.25,68
20260303,50523000,11:02:03.000,FLATTENING,COOLDOWN,reference_invalid_exit,10173.0,10088.0,10258.0,10195.25,70
20260303,50525000,11:02:05.000,COOLDOWN,FLAT_QUOTING,fair_recovered,10171.0,10086.0,10256.0,10194.25,68
20260303,50526000,11:02:06.000,FLAT_QUOTING,LONG_PENDING_HEDGE,target_fill,10171.0,10086.0,10256.0,10193.75,69
20260303,50527000,11:02:07.000,LONG_PENDING_HEDGE,HEDGED_POSITION,hedge_fill,10171.0,10086.0,10256.0,10192.5,70
20260303,50528000,11:02:08.000,HEDGED_POSITION,FLATTENING,reference_invalid_exit,10171.0,10086.0,10256.0,10186.5,68
20260303,50528000,11:02:08.000,FLATTENING,COOLDOWN,reference_invalid_exit,10171.0,10086.0,10256.0,10186.5,70
20260303,50530000,11:02:10.000,COOLDOWN,FLAT_QUOTING,fair_recovered,10160.0,10075.0,10245.0,10187.0,68
20260303,50531000,11:02:11.000,FLAT_QUOTING,LONG_PENDING_HEDGE,target_fill,10160.0,10075.0,10245.0,10185.0,69
20260303,50532000,11:02:12.000,LONG_PENDING_HEDGE,HEDGED_POSITION,hedge_fill,10160.0,10075.0,10245.0,,70
20260303,50533000,11:02:13.000,HEDGED_POSITION,FLATTENING,reference_invalid_exit,10160.0,10075.0,10245.0,,68
20260303,50533000,11:02:13.000,FLATTENING,COOLDOWN,reference_invalid_exit,10160.0,10075.0,10245.0,,70
20260303,50535000,11:02:15.000,COOLDOWN,FLAT_QUOTING,fair_recovered,10152.0,10067.0,10237.0,10196.25,69
20260303,50536000,11:02:16.000,FLAT_QUOTING,LONG_PENDING_HEDGE,target_fill,10152.0,10067.0,10237.0,10198.25,71
20260303,50537000,11:02:17.000,LONG_PENDING_HEDGE,HEDGED_POSITION,hedge_fill,10152.0,10067.0,10237.0,10200.0,70
20260303,50538000,11:02:18.000,HEDGED_POSITION,FLATTENING,reference_invalid_exit,10152.0,10067.0,10237.0,10202.25,70
20260303,50538000,11:02:18.000,FLATTENING,COOLDOWN,reference_invalid_exit,10152.0,10067.0,10237.0,10202.25,72
20260303,50540000,11:02:20.000,COOLDOWN,FLAT_QUOTING,fair_recovered,10149.0,10064.0,10234.0,10201.5,69
20260303,50541000,11:02:21.000,FLAT_QUOTING,LONG_PENDING_HEDGE,target_fill,10149.0,10064.0,10234.0,10206.375,71
20260303,50542000,11:02:22.000,LONG_PENDING_HEDGE,HEDGED_POSITION,hedge_fill,10149.0,10064.0,10234.0,10208.0,70
20260303,50543000,11:02:23.000,HEDGED_POSITION,FLATTENING,reference_invalid_exit,10149.0,10064.0,10234.0,10209.25,70
20260303,50543000,11:02:23.000,FLATTENING,COOLDOWN,reference_invalid_exit,10149.0,10064.0,10234.0,10209.25,72
20260303,50545000,11:02:25.000,COOLDOWN,FLAT_QUOTING,fair_recovered,10150.0,10065.0,10235.0,10204.75,69
20260303,50547000,11:02:27.000,FLAT_QUOTING,LONG_PENDING_HEDGE,target_fill,10150.0,10065.0,10235.0,10207.0,69
20260303,50548000,11:02:28.000,LONG_PENDING_HEDGE,HEDGED_POSITION,hedge_fill,10150.0,10065.0,10235.0,10202.75,70
20260303,50549000,11:02:29.000,HEDGED_POSITION,FLATTENING,reference_invalid_exit,10150.0,10065.0,10235.0,10201.75,68
20260303,50549000,11:02:29.000,FLATTENING,COOLDOWN,reference_invalid_exit,10150.0,10065.0,10235.0,10201.75,70
20260303,50551000,11:02:31.000,COOLDOWN,FLAT_QUOTING,fair_recovered,10144.0,10059.0,10229.0,10199.75,68
20260303,50552000,11:02:32.000,FLAT_QUOTING,LONG_PENDING_HEDGE,target_fill,10144.0,10059.0,10229.0,10200.5,69
20260303,50553000,11:02:33.000,LONG_PENDING_HEDGE,HEDGED_POSITION,hedge_fill,10144.0,10059.0,10229.0,10204.25,70
20260303,50554000,11:02:34.000,HEDGED_POSITION,FLATTENING,reference_invalid_exit,10144.0,10059.0,10229.0,10209.75,68
20260303,50554000,11:02:34.000,FLATTENING,COOLDOWN,reference_invalid_exit,10144.0,10059.0,10229.0,10209.75,70
20260303,50556000,11:02:36.000,COOLDOWN,FLAT_QUOTING,fair_recovered,10148.0,10063.0,10233.0,10207.0,69
20260303,50557000,11:02:37.000,FLAT_QUOTING,LONG_PENDING_HEDGE,target_fill,10148.0,10063.0,10233.0,10206.5,71
20260303,50558000,11:02:38.000,LONG_PENDING_HEDGE,HEDGED_POSITION,hedge_fill,10148.0,10063.0,10233.0,10211.25,70
20260303,50559000,11:02:39.000,HEDGED_POSITION,FLATTENING,reference_invalid_exit,10148.0,10063.0,10233.0,10212.625,70
20260303,50559000,11:02:39.000,FLATTENING,COOLDOWN,reference_invalid_exit,10148.0,10063.0,10233.0,10212.625,72
20260303,50561000,11:02:41.000,COOLDOWN,FLAT_QUOTING,fair_recovered,10155.0,10070.0,10240.0,10214.0,69
20260303,50562000,11:02:42.000,FLAT_QUOTING,LONG_PENDING_HEDGE,target_fill,10155.0,10070.0,10240.0,10215.0,71
20260303,50563000,11:02:43.000,LONG_PENDING_HEDGE,HEDGED_POSITION,hedge_fill,10155.0,10070.0,10240.0,10216.25,70
20260303,50564000,11:02:44.000,HEDGED_POSITION,FLATTENING,reference_invalid_exit,10155.0,10070.0,10240.0,10214.75,70
20260303,50564000,11:02:44.000,FLATTENING,COOLDOWN,reference_invalid_exit,10155.0,10070.0,10240.0,10214.75,72
20260303,50566000,11:02:46.000,COOLDOWN,FLAT_QUOTING,fair_recovered,10158.0,10073.0,10243.0,10213.75,69
20260303,50567000,11:02:47.000,FLAT_QUOTING,LONG_PENDING_HEDGE,target_fill,10158.0,10073.0,10243.0,10213.75,71
20260303,50568000,11:02:48.000,LONG_PENDING_HEDGE,HEDGED_POSITION,hedge_fill,10158.0,10073.0,10243.0,10204.75,70
20260303,50569000,11:02:49.000,HEDGED_POSITION,FLATTENING,reference_invalid_exit,10158.0,10073.0,10243.0,10205.25,70
20260303,50569000,11:02:49.000,FLATTENING,COOLDOWN,reference_invalid_exit,10158.0,10073.0,10243.0,10205.25,72
20260303,50571000,11:02:51.000,COOLDOWN,FLAT_QUOTING,fair_recovered,10163.0,10078.0,10248.0,10204.75,69
20260303,50572000,11:02:52.000,FLAT_QUOTING,LONG_PENDING_HEDGE,target_fill,10163.0,10078.0,10248.0,10210.25,71
20260303,50573000,11:02:53.000,LONG_PENDING_HEDGE,HEDGED_POSITION,hedge_fill,10163.0,10078.0,10248.0,10211.0,70
20260303,50574000,11:02:54.000,HEDGED_POSITION,FLATTENING,reference_invalid_exit,10163.0,10078.0,10248.0,10212.25,70
20260303,50574000,11:02:54.000,FLATTENING,COOLDOWN,reference_invalid_exit,10163.0,10078.0,10248.0,10212.25,72
20260303,50576000,11:02:56.000,COOLDOWN,FLAT_QUOTING,fair_recovered,10166.0,10081.0,10251.0,10209.25,69
20260303,50577000,11:02:57.000,FLAT_QUOTING,LONG_PENDING_HEDGE,target_fill,10166.0,10081.0,10251.0,10211.0,71
20260303,50578000,11:02:58.000,LONG_PENDING_HEDGE,HEDGED_POSITION,hedge_fill,10166.0,10081.0,10251.0,10210.5,70
20260303,50579000,11:02:59.000,HEDGED_POSITION,FLATTENING,reference_invalid_exit,10166.0,10081.0,10251.0,10210.625,70
20260303,50579000,11:02:59.000,FLATTENING,COOLDOWN,reference_invalid_exit,10166.0,10081.0,10251.0,10210.625,72
20260303,50581000,11:03:01.000,COOLDOWN,FLAT_QUOTING,fair_recovered,10173.0,10088.0,10258.0,10214.0,69
20260303,50582000,11:03:02.000,FLAT_QUOTING,LONG_PENDING_HEDGE,target_fill,10173.0,10088.0,10258.0,10215.0,71
20260303,50583000,11:03:03.000,LONG_PENDING_HEDGE,HEDGED_POSITION,hedge_fill,10173.0,10088.0,10258.0,10215.625,70
20260303,50584000,11:03:04.000,HEDGED_POSITION,FLATTENING,reference_invalid_exit,10173.0,10088.0,10258.0,10215.25,70
20260303,50584000,11:03:04.000,FLATTENING,COOLDOWN,reference_invalid_exit,10173.0,10088.0,10258.0,10215.25,72
20260303,50586000,11:03:06.000,COOLDOWN,FLAT_QUOTING,fair_recovered,10176.0,10091.0,10261.0,10215.5,69
20260303,50587000,11:03:07.000,FLAT_QUOTING,LONG_PENDING_HEDGE,target_fill,10176.0,10091.0,10261.0,10214.0,71
20260303,50588000,11:03:08.000,LONG_PENDING_HEDGE,HEDGED_POSITION,hedge_fill,10176.0,10091.0,10261.0,10215.125,70
20260303,50589000,11:03:09.000,HEDGED_POSITION,FLATTENING,reference_invalid_exit,10176.0,10091.0,10261.0,10214.75,70
20260303,50589000,11:03:09.000,FLATTENING,COOLDOWN,reference_invalid_exit,10176.0,10091.0,10261.0,10214.75,72
20260303,50591000,11:03:11.000,COOLDOWN,FLAT_QUOTING,fair_recovered,10177.0,10092.0,10262.0,10215.5,69
20260303,50592000,11:03:12.000,FLAT_QUOTING,LONG_PENDING_HEDGE,target_fill,10177.0,10092.0,10262.0,10217.0,71
20260303,50593000,11:03:13.000,LONG_PENDING_HEDGE,HEDGED_POSITION,hedge_fill,10177.0,10092.0,10262.0,10219.75,70
20260303,50594000,11:03:14.000,HEDGED_POSITION,FLATTENING,reference_invalid_exit,10177.0,10092.0,10262.0,10213.125,70
20260303,50594000,11:03:14.000,FLATTENING,COOLDOWN,reference_invalid_exit,10177.0,10092.0,10262.0,10213.125,72
20260303,50596000,11:03:16.000,COOLDOWN,FLAT_QUOTING,fair_recovered,10178.0,10093.0,10263.0,10208.25,69
20260303,50597000,11:03:17.000,FLAT_QUOTING,LONG_PENDING_HEDGE,target_fill,10178.0,10093.0,10263.0,10208.0,71
20260303,50598000,11:03:18.000,LONG_PENDING_HEDGE,HEDGED_POSITION,hedge_fill,10178.0,10093.0,10263.0,10209.75,70
20260303,50599000,11:03:19.000,HEDGED_POSITION,FLATTENING,reference_invalid_exit,10178.0,10093.0,10263.0,10208.75,70
20260303,50599000,11:03:19.000,FLATTENING,COOLDOWN,reference_invalid_exit,10178.0,10093.0,10263.0,10208.75,72
20260303,50601000,11:03:21.000,COOLDOWN,FLAT_QUOTING,fair_recovered,10175.0,10090.0,10260.0,10207.75,69
20260303,50602000,11:03:22.000,FLAT_QUOTING,LONG_PENDING_HEDGE,target_fill,10175.0,10090.0,10260.0,10206.625,71
20260303,50603000,11:03:23.000,LONG_PENDING_HEDGE,HEDGED_POSITION,hedge_fill,10175.0,10090.0,10260.0,10205.75,70
20260303,50604000,11:03:24.000,HEDGED_POSITION,FLATTENING,reference_invalid_exit,10175.0,10090.0,10260.0,10207.5,70
20260303,50604000,11:03:24.000,FLATTENING,COOLDOWN,reference_invalid_exit,10175.0,10090.0,10260.0,10207.5,72
20260303,50606000,11:03:26.000,COOLDOWN,FLAT_QUOTING,fair_recovered,10180.0,10095.0,10265.0,10207.5,70
20260303,50607000,11:03:27.000,FLAT_QUOTING,LONG_PENDING_HEDGE,target_fill,10180.0,10095.0,10265.0,10209.0,72
20260303,50608000,11:03:28.000,LONG_PENDING_HEDGE,HEDGED_POSITION,hedge_fill,10180.0,10095.0,10265.0,10209.0,72
20260303,50609000,11:03:29.000,HEDGED_POSITION,FLATTENING,reference_invalid_exit,10180.0,10095.0,10265.0,10209.375,70
20260303,50609000,11:03:29.000,FLATTENING,COOLDOWN,reference_invalid_exit,10180.0,10095.0,10265.0,10209.375,72
20260303,50611000,11:03:31.000,COOLDOWN,FLAT_QUOTING,fair_recovered,10188.0,10103.0,10273.0,10212.5,70
20260303,50612000,11:03:32.000,FLAT_QUOTING,LONG_PENDING_HEDGE,target_fill,10188.0,10103.0,10273.0,10209.75,72
20260303,50613000,11:03:33.000,LONG_PENDING_HEDGE,HEDGED_POSITION,hedge_fill,10188.0,10103.0,10273.0,10211.25,72
20260303,50614000,11:03:34.000,HEDGED_POSITION,FLATTENING,reference_invalid_exit,10188.0,10103.0,10273.0,10211.5,70
20260303,50614000,11:03:34.000,FLATTENING,COOLDOWN,reference_invalid_exit,10188.0,10103.0,10273.0,10211.5,72
20260303,50616000,11:03:36.000,COOLDOWN,PAUSED,capital_or_hedge_quote_guard,10188.0,10103.0,10273.0,,70
20260303,50617000,11:03:37.000,PAUSED,PAUSED,capital_or_hedge_quote_guard,10188.0,10103.0,10273.0,,69
20260303,50618000,11:03:38.000,PAUSED,PAUSED,capital_or_hedge_quote_guard,10188.0,10103.0,10273.0,,68
20260303,50619000,11:03:39.000,PAUSED,FLAT_QUOTING,fair_recovered,10194.0,10109.0,10279.0,10211.5,66
20260303,50620000,11:03:40.000,FLAT_QUOTING,LONG_PENDING_HEDGE,target_fill,10194.0,10109.0,10279.0,10213.0,69
20260303,50621000,11:03:41.000,LONG_PENDING_HEDGE,HEDGED_POSITION,hedge_fill,10194.0,10109.0,10279.0,10214.25,68
20260303,50622000,11:03:42.000,HEDGED_POSITION,FLATTENING,reference_invalid_exit,10194.0,10109.0,10279.0,10214.0,67
20260303,50622000,11:03:42.000,FLATTENING,COOLDOWN,reference_invalid_exit,10194.0,10109.0,10279.0,10214.0,69
20260303,50624000,11:03:44.000,COOLDOWN,FLAT_QUOTING,fair_recovered,10199.0,10114.0,10284.0,10215.0,66
20260303,50625000,11:03:45.000,FLAT_QUOTING,SHORT_PENDING_HEDGE,target_fill,10199.0,10114.0,10284.0,,69
20260303,50626000,11:03:46.000,SHORT_PENDING_HEDGE,HEDGED_POSITION,hedge_fill,10199.0,10114.0,10284.0,10219.75,68
20260303,50627000,11:03:47.000,HEDGED_POSITION,FLATTENING,reference_invalid_exit,10199.0,10114.0,10284.0,10216.25,67
20260303,50627000,11:03:47.000,FLATTENING,COOLDOWN,reference_invalid_exit,10199.0,10114.0,10284.0,10216.25,69
20260303,50629000,11:03:49.000,COOLDOWN,FLAT_QUOTING,fair_recovered,10218.0,10133.0,10303.0,10218.375,66
20260303,50630000,11:03:50.000,FLAT_QUOTING,LONG_PENDING_HEDGE,target_fill,10218.0,10133.0,10303.0,10219.0,69
20260303,50631000,11:03:51.000,LONG_PENDING_HEDGE,HEDGED_POSITION,hedge_fill,10218.0,10133.0,10303.0,10220.75,68
20260303,50632000,11:03:52.000,HEDGED_POSITION,FLATTENING,reference_invalid_exit,10218.0,10133.0,10303.0,10223.625,67
20260303,50632000,11:03:52.000,FLATTENING,COOLDOWN,reference_invalid_exit,10218.0,10133.0,10303.0,10223.625,69
20260303,50634000,11:03:54.000,COOLDOWN,FLAT_QUOTING,fair_recovered,10218.0,10133.0,10303.0,10222.25,66
20260303,50636000,11:03:56.000,FLAT_QUOTING,LONG_PENDING_HEDGE,target_fill,10218.0,10133.0,10303.0,10218.625,67
20260303,50637000,11:03:57.000,LONG_PENDING_HEDGE,HEDGED_POSITION,hedge_fill,10218.0,10133.0,10303.0,10218.0,67
20260303,50638000,11:03:58.000,HEDGED_POSITION,FLATTENING,reference_invalid_exit,10218.0,10133.0,10303.0,10217.5,66
20260303,50638000,11:03:58.000,FLATTENING,COOLDOWN,reference_invalid_exit,10218.0,10133.0,10303.0,10217.5,68
20260303,50640000,11:04:00.000,COOLDOWN,FLAT_QUOTING,fair_recovered,10210.0,10125.0,10295.0,10217.25,66
20260303,50641000,11:04:01.000,FLAT_QUOTING,LONG_PENDING_HEDGE,target_fill,10210.0,10125.0,10295.0,10215.5,67
20260303,50642000,11:04:02.000,LONG_PENDING_HEDGE,HEDGED_POSITION,hedge_fill,10210.0,10125.0,10295.0,10212.875,67
20260303,50643000,11:04:03.000,HEDGED_POSITION,FLATTENING,reference_invalid_exit,10210.0,10125.0,10295.0,,66
20260303,50643000,11:04:03.000,FLATTENING,COOLDOWN,reference_invalid_exit,10210.0,10125.0,10295.0,,68
20260303,50645000,11:04:05.000,COOLDOWN,FLAT_QUOTING,fair_recovered,10198.0,10113.0,10283.0,10212.75,66
20260303,50646000,11:04:06.000,FLAT_QUOTING,LONG_PENDING_HEDGE,target_fill,10198.0,10113.0,10283.0,,67
20260303,50647000,11:04:07.000,LONG_PENDING_HEDGE,EMERGENCY_FLATTEN,hedge_quote_timeout,10198.0,10113.0,10283.0,,67
20260303,50647000,11:04:07.000,EMERGENCY_FLATTEN,COOLDOWN,hedge_failure_exit,10198.0,10113.0,10283.0,,68
20260303,50649000,11:04:09.000,COOLDOWN,PAUSED,capital_or_hedge_quote_guard,10198.0,10113.0,10283.0,,65
20260303,50650000,11:04:10.000,PAUSED,PAUSED,capital_or_hedge_quote_guard,10198.0,10113.0,10283.0,,65
20260303,50651000,11:04:11.000,PAUSED,FLAT_QUOTING,fair_recovered,10198.0,10113.0,10283.0,,63
20260303,50652000,11:04:12.000,FLAT_QUOTING,LONG_PENDING_HEDGE,target_fill,10198.0,10113.0,10283.0,,65
20260303,50653000,11:04:13.000,LONG_PENDING_HEDGE,HEDGED_POSITION,hedge_fill,10198.0,10113.0,10283.0,10198.625,65
20260303,50654000,11:04:14.000,HEDGED_POSITION,FLATTENING,reference_invalid_exit,10198.0,10113.0,10283.0,10202.625,63
20260303,50654000,11:04:14.000,FLATTENING,COOLDOWN,reference_invalid_exit,10198.0,10113.0,10283.0,10202.625,65
20260303,50656000,11:04:16.000,COOLDOWN,FLAT_QUOTING,fair_recovered,10202.0,10117.0,10287.0,10205.5,63
20260303,50657000,11:04:17.000,FLAT_QUOTING,LONG_PENDING_HEDGE,target_fill,10202.0,10117.0,10287.0,10203.5,65
20260303,50658000,11:04:18.000,LONG_PENDING_HEDGE,HEDGED_POSITION,hedge_fill,10202.0,10117.0,10287.0,10202.375,65
20260303,50659000,11:04:19.000,HEDGED_POSITION,FLATTENING,reference_invalid_exit,10202.0,10117.0,10287.0,10198.75,63
20260303,50659000,11:04:19.000,FLATTENING,COOLDOWN,reference_invalid_exit,10202.0,10117.0,10287.0,10198.75,65
20260303,50661000,11:04:21.000,COOLDOWN,FLAT_QUOTING,fair_recovered,10197.0,10112.0,10282.0,10198.625,63
20260303,50662000,11:04:22.000,FLAT_QUOTING,LONG_PENDING_HEDGE,target_fill,10197.0,10112.0,10282.0,10197.75,65
20260303,50663000,11:04:23.000,LONG_PENDING_HEDGE,HEDGED_POSITION,hedge_fill,10197.0,10112.0,10282.0,10198.125,65
20260303,50664000,11:04:24.000,HEDGED_POSITION,FLATTENING,reference_invalid_exit,10197.0,10112.0,10282.0,10198.5,63
20260303,50664000,11:04:24.000,FLATTENING,COOLDOWN,reference_invalid_exit,10197.0,10112.0,10282.0,10198.5,65
20260303,50666000,11:04:26.000,COOLDOWN,FLAT_QUOTING,fair_recovered,10201.0,10116.0,10286.0,10199.75,63
20260303,50667000,11:04:27.000,FLAT_QUOTING,LONG_PENDING_HEDGE,target_fill,10201.0,10116.0,10286.0,10200.5,65
20260303,50668000,11:04:28.000,LONG_PENDING_HEDGE,HEDGED_POSITION,hedge_fill,10201.0,10116.0,10286.0,10199.75,65
20260303,50669000,11:04:29.000,HEDGED_POSITION,FLATTENING,reference_invalid_exit,10201.0,10116.0,10286.0,10201.0,63
20260303,50669000,11:04:29.000,FLATTENING,COOLDOWN,reference_invalid_exit,10201.0,10116.0,10286.0,10201.0,65
20260303,50671000,11:04:31.000,COOLDOWN,FLAT_QUOTING,fair_recovered,10201.0,10116.0,10286.0,10201.0,63
20260303,50672000,11:04:32.000,FLAT_QUOTING,LONG_PENDING_HEDGE,target_fill,10201.0,10116.0,10286.0,10201.75,65
20260303,50673000,11:04:33.000,LONG_PENDING_HEDGE,HEDGED_POSITION,hedge_fill,10201.0,10116.0,10286.0,10199.75,65
20260303,50674000,11:04:34.000,HEDGED_POSITION,FLATTENING,reversion_exit,10201.0,10116.0,10286.0,10199.125,63
20260303,50674000,11:04:34.000,FLATTENING,COOLDOWN,reversion_exit,10201.0,10116.0,10286.0,10199.125,65
20260303,50676000,11:04:36.000,COOLDOWN,FLAT_QUOTING,fair_recovered,10199.0,10114.0,10284.0,10198.625,65
20260303,50677000,11:04:37.000,FLAT_QUOTING,LONG_PENDING_HEDGE,target_fill,10199.0,10114.0,10284.0,10199.0,68
20260303,50678000,11:04:38.000,LONG_PENDING_HEDGE,HEDGED_POSITION,hedge_fill,10199.0,10114.0,10284.0,10199.25,69
20260303,50679000,11:04:39.000,HEDGED_POSITION,FLATTENING,reversion_exit,10199.0,10114.0,10284.0,10198.625,67
20260303,50679000,11:04:39.000,FLATTENING,COOLDOWN,reversion_exit,10199.0,10114.0,10284.0,10198.625,69
20260303,50681000,11:04:41.000,COOLDOWN,FLAT_QUOTING,fair_recovered,10198.0,10113.0,10283.0,10198.375,67
20260303,50682000,11:04:42.000,FLAT_QUOTING,LONG_PENDING_HEDGE,target_fill,10198.0,10113.0,10283.0,10195.375,68
20260303,50683000,11:04:43.000,LONG_PENDING_HEDGE,HEDGED_POSITION,hedge_fill,10198.0,10113.0,10283.0,10195.25,69
20260303,50684000,11:04:44.000,HEDGED_POSITION,FLATTENING,reversion_exit,10198.0,10113.0,10283.0,10194.625,67
20260303,50684000,11:04:44.000,FLATTENING,COOLDOWN,reversion_exit,10198.0,10113.0,10283.0,10194.625,69
20260303,50686000,11:04:46.000,COOLDOWN,FLAT_QUOTING,fair_recovered,10191.0,10106.0,10276.0,10191.125,67
20260303,50687000,11:04:47.000,FLAT_QUOTING,LONG_PENDING_HEDGE,target_fill,10191.0,10106.0,10276.0,10189.875,68
20260303,50688000,11:04:48.000,LONG_PENDING_HEDGE,HEDGED_POSITION,hedge_fill,10191.0,10106.0,10276.0,10190.125,69
20260303,50689000,11:04:49.000,HEDGED_POSITION,FLATTENING,reversion_exit,10191.0,10106.0,10276.0,10190.75,67
20260303,50689000,11:04:49.000,FLATTENING,COOLDOWN,reversion_exit,10191.0,10106.0,10276.0,10190.75,69
20260303,50691000,11:04:51.000,COOLDOWN,FLAT_QUOTING,fair_recovered,10189.0,10104.0,10274.0,10188.625,67
20260303,50693000,11:04:53.000,FLAT_QUOTING,LONG_PENDING_HEDGE,target_fill,10189.0,10104.0,10274.0,10189.625,68
20260303,50694000,11:04:54.000,LONG_PENDING_HEDGE,HEDGED_POSITION,hedge_fill,10189.0,10104.0,10274.0,10190.125,67
20260303,50695000,11:04:55.000,HEDGED_POSITION,FLATTENING,reversion_exit,10189.0,10104.0,10274.0,10193.625,67
20260303,50695000,11:04:55.000,FLATTENING,COOLDOWN,reversion_exit,10189.0,10104.0,10274.0,10193.625,69
20260303,50697000,11:04:57.000,COOLDOWN,FLAT_QUOTING,fair_recovered,10196.0,10111.0,10281.0,10195.875,67
20260303,50698000,11:04:58.000,FLAT_QUOTING,LONG_PENDING_HEDGE,target_fill,10196.0,10111.0,10281.0,10193.875,68
20260303,50699000,11:04:59.000,LONG_PENDING_HEDGE,HEDGED_POSITION,hedge_fill,10196.0,10111.0,10281.0,10193.375,69
20260303,50700000,11:05:00.000,HEDGED_POSITION,FLATTENING,reversion_exit,10196.0,10111.0,10281.0,10190.125,67
20260303,50700000,11:05:00.000,FLATTENING,COOLDOWN,reversion_exit,10196.0,10111.0,10281.0,10190.125,69
20260303,50702000,11:05:02.000,COOLDOWN,FLAT_QUOTING,fair_recovered,10191.0,10106.0,10276.0,10190.875,67
20260303,50704000,11:05:04.000,FLAT_QUOTING,LONG_PENDING_HEDGE,target_fill,10191.0,10106.0,10276.0,10192.625,68
20260303,50705000,11:05:05.000,LONG_PENDING_HEDGE,HEDGED_POSITION,hedge_fill,10191.0,10106.0,10276.0,10194.875,67
20260303,50706000,11:05:06.000,HEDGED_POSITION,FLATTENING,reversion_exit,10191.0,10106.0,10276.0,10196.375,66
20260303,50706000,11:05:06.000,FLATTENING,COOLDOWN,reversion_exit,10191.0,10106.0,10276.0,10196.375,68
20260303,50708000,11:05:08.000,COOLDOWN,FLAT_QUOTING,fair_recovered,10201.0,10116.0,10286.0,10201.125,66
20260303,50709000,11:05:09.000,FLAT_QUOTING,LONG_PENDING_HEDGE,target_fill,10201.0,10116.0,10286.0,10198.625,69
20260303,50710000,11:05:10.000,LONG_PENDING_HEDGE,HEDGED_POSITION,hedge_fill,10201.0,10116.0,10286.0,10201.125,70
20260303,50711000,11:05:11.000,HEDGED_POSITION,FLATTENING,reversion_exit,10201.0,10116.0,10286.0,10200.125,68
20260303,50711000,11:05:11.000,FLATTENING,COOLDOWN,reversion_exit,10201.0,10116.0,10286.0,10200.125,70
20260303,50713000,11:05:13.000,COOLDOWN,FLAT_QUOTING,fair_recovered,10203.0,10118.0,10288.0,10202.625,68
20260303,50714000,11:05:14.000,FLAT_QUOTING,LONG_PENDING_HEDGE,target_fill,10203.0,10118.0,10288.0,10208.625,69
20260303,50715000,11:05:15.000,LONG_PENDING_HEDGE,HEDGED_POSITION,hedge_fill,10203.0,10118.0,10288.0,10212.875,70
20260303,50716000,11:05:16.000,HEDGED_POSITION,FLATTENING,reversion_exit,10203.0,10118.0,10288.0,10213.125,68
20260303,50716000,11:05:16.000,FLATTENING,COOLDOWN,reversion_exit,10203.0,10118.0,10288.0,10213.125,70
20260303,50718000,11:05:18.000,COOLDOWN,FLAT_QUOTING,fair_recovered,10210.0,10125.0,10295.0,10210.375,68
20260303,50719000,11:05:19.000,FLAT_QUOTING,LONG_PENDING_HEDGE,target_fill,10210.0,10125.0,10295.0,10209.875,69
20260303,50720000,11:05:20.000,LONG_PENDING_HEDGE,HEDGED_POSITION,hedge_fill,10210.0,10125.0,10295.0,10207.5,70
20260303,50721000,11:05:21.000,HEDGED_POSITION,FLATTENING,reversion_exit,10210.0,10125.0,10295.0,10204.875,68
20260303,50721000,11:05:21.000,FLATTENING,COOLDOWN,reversion_exit,10210.0,10125.0,10295.0,10204.875,70
20260303,50723000,11:05:23.000,COOLDOWN,FLAT_QUOTING,fair_recovered,10202.0,10117.0,10287.0,10201.625,68
20260303,50724000,11:05:24.000,FLAT_QUOTING,LONG_PENDING_HEDGE,target_fill,10202.0,10117.0,10287.0,10199.875,69
20260303,50725000,11:05:25.000,LONG_PENDING_HEDGE,HEDGED_POSITION,hedge_fill,10202.0,10117.0,10287.0,10193.875,70
20260303,50726000,11:05:26.000,HEDGED_POSITION,FLATTENING,reversion_exit,10202.0,10117.0,10287.0,10193.0,68
20260303,50726000,11:05:26.000,FLATTENING,COOLDOWN,reversion_exit,10202.0,10117.0,10287.0,10193.0,70
20260303,50728000,11:05:28.000,COOLDOWN,FLAT_QUOTING,fair_recovered,10190.0,10105.0,10275.0,10190.125,68
20260303,50729000,11:05:29.000,FLAT_QUOTING,LONG_PENDING_HEDGE,target_fill,10190.0,10105.0,10275.0,10190.625,69
20260303,50730000,11:05:30.000,LONG_PENDING_HEDGE,HEDGED_POSITION,hedge_fill,10190.0,10105.0,10275.0,10189.625,70
20260303,50731000,11:05:31.000,HEDGED_POSITION,FLATTENING,reversion_exit,10190.0,10105.0,10275.0,10187.375,68
20260303,50731000,11:05:31.000,FLATTENING,COOLDOWN,reversion_exit,10190.0,10105.0,10275.0,10187.375,70
20260303,50733000,11:05:33.000,COOLDOWN,FLAT_QUOTING,fair_recovered,10189.0,10104.0,10274.0,10188.875,68
20260303,50734000,11:05:34.000,FLAT_QUOTING,LONG_PENDING_HEDGE,target_fill,10189.0,10104.0,10274.0,10188.625,69
20260303,50735000,11:05:35.000,LONG_PENDING_HEDGE,HEDGED_POSITION,hedge_fill,10189.0,10104.0,10274.0,10188.375,70
20260303,50736000,11:05:36.000,HEDGED_POSITION,FLATTENING,reversion_exit,10189.0,10104.0,10274.0,10188.875,68
20260303,50736000,11:05:36.000,FLATTENING,COOLDOWN,reversion_exit,10189.0,10104.0,10274.0,10188.875,70
20260303,50738000,11:05:38.000,COOLDOWN,FLAT_QUOTING,fair_recovered,10195.0,10110.0,10280.0,10194.875,68
20260303,50739000,11:05:39.000,FLAT_QUOTING,LONG_PENDING_HEDGE,target_fill,10195.0,10110.0,10280.0,10195.625,69
20260303,50740000,11:05:40.000,LONG_PENDING_HEDGE,HEDGED_POSITION,hedge_fill,10195.0,10110.0,10280.0,10197.125,70
20260303,50741000,11:05:41.000,HEDGED_POSITION,FLATTENING,reversion_exit,10195.0,10110.0,10280.0,10195.125,68
20260303,50741000,11:05:41.000,FLATTENING,COOLDOWN,reversion_exit,10195.0,10110.0,10280.0,10195.125,70
20260303,50743000,11:05:43.000,COOLDOWN,FLAT_QUOTING,fair_recovered,10195.0,10110.0,10280.0,10194.75,68
20260303,50744000,11:05:44.000,FLAT_QUOTING,LONG_PENDING_HEDGE,target_fill,10195.0,10110.0,10280.0,10193.875,69
20260303,50745000,11:05:45.000,LONG_PENDING_HEDGE,HEDGED_POSITION,hedge_fill,10195.0,10110.0,10280.0,10191.875,70
20260303,50746000,11:05:46.000,HEDGED_POSITION,FLATTENING,reversion_exit,10195.0,10110.0,10280.0,10192.625,68
20260303,50746000,11:05:46.000,FLATTENING,COOLDOWN,reversion_exit,10195.0,10110.0,10280.0,10192.625,70
20260303,50748000,11:05:48.000,COOLDOWN,FLAT_QUOTING,fair_recovered,10191.0,10106.0,10276.0,10191.25,68
20260303,50749000,11:05:49.000,FLAT_QUOTING,LONG_PENDING_HEDGE,target_fill,10191.0,10106.0,10276.0,10189.875,69
20260303,50750000,11:05:50.000,LONG_PENDING_HEDGE,HEDGED_POSITION,hedge_fill,10191.0,10106.0,10276.0,,70
20260303,50751000,11:05:51.000,HEDGED_POSITION,FLATTENING,reference_invalid_exit,10191.0,10106.0,10276.0,10194.125,68
20260303,50751000,11:05:51.000,FLATTENING,COOLDOWN,reference_invalid_exit,10191.0,10106.0,10276.0,10194.125,70
20260303,50753000,11:05:53.000,COOLDOWN,FLAT_QUOTING,fair_recovered,10199.0,10114.0,10284.0,10194.875,69
20260303,50754000,11:05:54.000,FLAT_QUOTING,LONG_PENDING_HEDGE,target_fill,10199.0,10114.0,10284.0,10195.125,71
20260303,50755000,11:05:55.000,LONG_PENDING_HEDGE,HEDGED_POSITION,hedge_fill,10199.0,10114.0,10284.0,10195.75,70
20260303,50756000,11:05:56.000,HEDGED_POSITION,FLATTENING,reference_invalid_exit,10199.0,10114.0,10284.0,10197.125,70
20260303,50756000,11:05:56.000,FLATTENING,COOLDOWN,reference_invalid_exit,10199.0,10114.0,10284.0,10197.125,72
20260303,50758000,11:05:58.000,COOLDOWN,FLAT_QUOTING,fair_recovered,10201.0,10116.0,10286.0,10198.625,69
20260303,50759000,11:05:59.000,FLAT_QUOTING,LONG_PENDING_HEDGE,target_fill,10201.0,10116.0,10286.0,10199.125,71
20260303,50760000,11:06:00.000,LONG_PENDING_HEDGE,HEDGED_POSITION,hedge_fill,10201.0,10116.0,10286.0,10198.75,70
20260303,50761000,11:06:01.000,HEDGED_POSITION,FLATTENING,reference_invalid_exit,10201.0,10116.0,10286.0,10196.5,70
20260303,50761000,11:06:01.000,FLATTENING,COOLDOWN,reference_invalid_exit,10201.0,10116.0,10286.0,10196.5,72
20260303,50763000,11:06:03.000,COOLDOWN,FLAT_QUOTING,fair_recovered,10195.0,10110.0,10280.0,,70
20260303,50764000,11:06:04.000,FLAT_QUOTING,LONG_PENDING_HEDGE,target_fill,10195.0,10110.0,10280.0,,72
20260303,50765000,11:06:05.000,LONG_PENDING_HEDGE,HEDGED_POSITION,hedge_fill,10195.0,10110.0,10280.0,10191.5,72
20260303,50766000,11:06:06.000,HEDGED_POSITION,FLATTENING,reference_invalid_exit,10195.0,10110.0,10280.0,10192.875,70
20260303,50766000,11:06:06.000,FLATTENING,COOLDOWN,reference_invalid_exit,10195.0,10110.0,10280.0,10192.875,72
20260303,50768000,11:06:08.000,COOLDOWN,FLAT_QUOTING,fair_recovered,10195.0,10110.0,10280.0,10190.5,70
20260303,50769000,11:06:09.000,FLAT_QUOTING,LONG_PENDING_HEDGE,target_fill,10195.0,10110.0,10280.0,10192.25,72
20260303,50770000,11:06:10.000,LONG_PENDING_HEDGE,HEDGED_POSITION,hedge_fill,10195.0,10110.0,10280.0,10193.125,72
20260303,50771000,11:06:11.000,HEDGED_POSITION,FLATTENING,reference_invalid_exit,10195.0,10110.0,10280.0,10195.25,70
20260303,50771000,11:06:11.000,FLATTENING,COOLDOWN,reference_invalid_exit,10195.0,10110.0,10280.0,10195.25,72
20260303,50773000,11:06:13.000,COOLDOWN,FLAT_QUOTING,fair_recovered,10191.0,10106.0,10276.0,10190.125,70
20260303,50774000,11:06:14.000,FLAT_QUOTING,LONG_PENDING_HEDGE,target_fill,10191.0,10106.0,10276.0,10190.0,72
20260303,50775000,11:06:15.000,LONG_PENDING_HEDGE,HEDGED_POSITION,hedge_fill,10191.0,10106.0,10276.0,10190.875,72
20260303,50776000,11:06:16.000,HEDGED_POSITION,FLATTENING,reversion_exit,10191.0,10106.0,10276.0,10192.5,70
20260303,50776000,11:06:16.000,FLATTENING,COOLDOWN,reversion_exit,10191.0,10106.0,10276.0,10192.5,72
20260303,50778000,11:06:18.000,COOLDOWN,FLAT_QUOTING,fair_recovered,10192.0,10107.0,10277.0,10191.75,70
20260303,50779000,11:06:19.000,FLAT_QUOTING,LONG_PENDING_HEDGE,target_fill,10192.0,10107.0,10277.0,10190.0,72
20260303,50780000,11:06:20.000,LONG_PENDING_HEDGE,HEDGED_POSITION,hedge_fill,10192.0,10107.0,10277.0,10189.0,72
20260303,50781000,11:06:21.000,HEDGED_POSITION,FLATTENING,reversion_exit,10192.0,10107.0,10277.0,10189.125,70
20260303,50781000,11:06:21.000,FLATTENING,COOLDOWN,reversion_exit,10192.0,10107.0,10277.0,10189.125,72
20260303,50783000,11:06:23.000,COOLDOWN,FLAT_QUOTING,fair_recovered,10193.0,10108.0,10278.0,10190.25,70
20260303,50784000,11:06:24.000,FLAT_QUOTING,LONG_PENDING_HEDGE,target_fill,10193.0,10108.0,10278.0,10193.125,72
20260303,50785000,11:06:25.000,LONG_PENDING_HEDGE,HEDGED_POSITION,hedge_fill,10193.0,10108.0,10278.0,10192.75,72
20260303,50786000,11:06:26.000,HEDGED_POSITION,FLATTENING,reference_invalid_exit,10193.0,10108.0,10278.0,10189.625,70
20260303,50786000,11:06:26.000,FLATTENING,COOLDOWN,reference_invalid_exit,10193.0,10108.0,10278.0,10189.625,72
20260303,50788000,11:06:28.000,COOLDOWN,FLAT_QUOTING,fair_recovered,10194.0,10109.0,10279.0,10191.375,70
20260303,50789000,11:06:29.000,FLAT_QUOTING,LONG_PENDING_HEDGE,target_fill,10194.0,10109.0,10279.0,10188.625,72
20260303,50790000,11:06:30.000,LONG_PENDING_HEDGE,HEDGED_POSITION,hedge_fill,10194.0,10109.0,10279.0,10188.0,72
20260303,50791000,11:06:31.000,HEDGED_POSITION,FLATTENING,reference_invalid_exit,10194.0,10109.0,10279.0,10188.75,70
20260303,50791000,11:06:31.000,FLATTENING,COOLDOWN,reference_invalid_exit,10194.0,10109.0,10279.0,10188.75,72
20260303,50793000,11:06:33.000,COOLDOWN,FLAT_QUOTING,fair_recovered,10193.0,10108.0,10278.0,10188.75,70
20260303,50794000,11:06:34.000,FLAT_QUOTING,LONG_PENDING_HEDGE,target_fill,10193.0,10108.0,10278.0,10189.75,72
20260303,50795000,11:06:35.000,LONG_PENDING_HEDGE,HEDGED_POSITION,hedge_fill,10193.0,10108.0,10278.0,10190.5,72
20260303,50796000,11:06:36.000,HEDGED_POSITION,FLATTENING,reference_invalid_exit,10193.0,10108.0,10278.0,10190.5,70
20260303,50796000,11:06:36.000,FLATTENING,COOLDOWN,reference_invalid_exit,10193.0,10108.0,10278.0,10190.5,72
20260303,50798000,11:06:38.000,COOLDOWN,FLAT_QUOTING,fair_recovered,10193.0,10108.0,10278.0,10193.375,70
20260303,50799000,11:06:39.000,FLAT_QUOTING,LONG_PENDING_HEDGE,target_fill,10193.0,10108.0,10278.0,10196.125,72
20260303,50800000,11:06:40.000,LONG_PENDING_HEDGE,HEDGED_POSITION,hedge_fill,10193.0,10108.0,10278.0,10196.25,72
20260303,50801000,11:06:41.000,HEDGED_POSITION,FLATTENING,reversion_exit,10193.0,10108.0,10278.0,10193.0,70
20260303,50801000,11:06:41.000,FLATTENING,COOLDOWN,reversion_exit,10193.0,10108.0,10278.0,10193.0,72
20260303,50803000,11:06:43.000,COOLDOWN,FLAT_QUOTING,fair_recovered,10190.0,10105.0,10275.0,10189.875,70
20260303,50804000,11:06:44.000,FLAT_QUOTING,LONG_PENDING_HEDGE,target_fill,10190.0,10105.0,10275.0,10191.25,72
20260303,50805000,11:06:45.000,LONG_PENDING_HEDGE,HEDGED_POSITION,hedge_fill,10190.0,10105.0,10275.0,10191.0,72
20260303,50806000,11:06:46.000,HEDGED_POSITION,FLATTENING,reversion_exit,10190.0,10105.0,10275.0,10190.875,70
20260303,50806000,11:06:46.000,FLATTENING,COOLDOWN,reversion_exit,10190.0,10105.0,10275.0,10190.875,72
20260303,50808000,11:06:48.000,COOLDOWN,FLAT_QUOTING,fair_recovered,10189.0,10104.0,10274.0,10189.25,70
20260303,50809000,11:06:49.000,FLAT_QUOTING,LONG_PENDING_HEDGE,target_fill,10189.0,10104.0,10274.0,10188.75,72
20260303,50810000,11:06:50.000,LONG_PENDING_HEDGE,HEDGED_POSITION,hedge_fill,10189.0,10104.0,10274.0,10188.25,72
20260303,50811000,11:06:51.000,HEDGED_POSITION,FLATTENING,reversion_exit,10189.0,10104.0,10274.0,10189.25,70
20260303,50811000,11:06:51.000,FLATTENING,COOLDOWN,reversion_exit,10189.0,10104.0,10274.0,10189.25,72
20260303,50813000,11:06:53.000,COOLDOWN,FLAT_QUOTING,fair_recovered,10193.0,10108.0,10278.0,10187.5,70
20260303,50814000,11:06:54.000,FLAT_QUOTING,LONG_PENDING_HEDGE,target_fill,10193.0,10108.0,10278.0,10188.0,72
20260303,50815000,11:06:55.000,LONG_PENDING_HEDGE,HEDGED_POSITION,hedge_fill,10193.0,10108.0,10278.0,10188.5,72
20260303,50816000,11:06:56.000,HEDGED_POSITION,FLATTENING,reversion_exit,10193.0,10108.0,10278.0,10188.75,70
20260303,50816000,11:06:56.000,FLATTENING,COOLDOWN,reversion_exit,10193.0,10108.0,10278.0,10188.75,72
20260303,50818000,11:06:58.000,COOLDOWN,FLAT_QUOTING,fair_recovered,10191.0,10106.0,10276.0,10191.25,70
20260303,50819000,11:06:59.000,FLAT_QUOTING,LONG_PENDING_HEDGE,target_fill,10191.0,10106.0,10276.0,10193.0,72
20260303,50820000,11:07:00.000,LONG_PENDING_HEDGE,HEDGED_POSITION,hedge_fill,10191.0,10106.0,10276.0,,72
20260303,50821000,11:07:01.000,HEDGED_POSITION,FLATTENING,reversion_exit,10191.0,10106.0,10276.0,10196.25,70
20260303,50821000,11:07:01.000,FLATTENING,COOLDOWN,reversion_exit,10191.0,10106.0,10276.0,10196.25,72
20260303,50823000,11:07:03.000,COOLDOWN,FLAT_QUOTING,fair_recovered,10195.0,10110.0,10280.0,10194.625,70
20260303,50824000,11:07:04.000,FLAT_QUOTING,LONG_PENDING_HEDGE,target_fill,10195.0,10110.0,10280.0,10195.125,72
20260303,50825000,11:07:05.000,LONG_PENDING_HEDGE,HEDGED_POSITION,hedge_fill,10195.0,10110.0,10280.0,10195.5,72
20260303,50826000,11:07:06.000,HEDGED_POSITION,FLATTENING,reversion_exit,10195.0,10110.0,10280.0,10195.625,70
20260303,50826000,11:07:06.000,FLATTENING,COOLDOWN,reversion_exit,10195.0,10110.0,10280.0,10195.625,72
20260303,50828000,11:07:08.000,COOLDOWN,FLAT_QUOTING,fair_recovered,10191.0,10106.0,10276.0,10190.75,70
20260303,50829000,11:07:09.000,FLAT_QUOTING,LONG_PENDING_HEDGE,target_fill,10191.0,10106.0,10276.0,10189.25,72
20260303,50830000,11:07:10.000,LONG_PENDING_HEDGE,HEDGED_POSITION,hedge_fill,10191.0,10106.0,10276.0,10189.25,72
20260303,50831000,11:07:11.000,HEDGED_POSITION,FLATTENING,reversion_exit,10191.0,10106.0,10276.0,10190.875,70
20260303,50831000,11:07:11.000,FLATTENING,COOLDOWN,reversion_exit,10191.0,10106.0,10276.0,10190.875,72
20260303,50833000,11:07:13.000,COOLDOWN,FLAT_QUOTING,fair_recovered,10190.0,10105.0,10275.0,10190.5,70
20260303,50834000,11:07:14.000,FLAT_QUOTING,LONG_PENDING_HEDGE,target_fill,10190.0,10105.0,10275.0,10191.0,72
20260303,50835000,11:07:15.000,LONG_PENDING_HEDGE,HEDGED_POSITION,hedge_fill,10190.0,10105.0,10275.0,10191.25,72
20260303,50836000,11:07:16.000,HEDGED_POSITION,FLATTENING,reversion_exit,10190.0,10105.0,10275.0,10191.25,70
20260303,50836000,11:07:16.000,FLATTENING,COOLDOWN,reversion_exit,10190.0,10105.0,10275.0,10191.25,72
20260303,50838000,11:07:18.000,COOLDOWN,FLAT_QUOTING,fair_recovered,10190.0,10105.0,10275.0,10189.75,70
20260303,50839000,11:07:19.000,FLAT_QUOTING,LONG_PENDING_HEDGE,target_fill,10190.0,10105.0,10275.0,,72
20260303,50840000,11:07:20.000,LONG_PENDING_HEDGE,EMERGENCY_FLATTEN,hedge_quote_timeout,10190.0,10105.0,10275.0,,72
20260303,50840000,11:07:20.000,EMERGENCY_FLATTEN,COOLDOWN,hedge_failure_exit,10190.0,10105.0,10275.0,,73
20260303,50842000,11:07:22.000,COOLDOWN,FLAT_QUOTING,fair_recovered,10192.0,10107.0,10277.0,10191.625,71
20260303,50843000,11:07:23.000,FLAT_QUOTING,LONG_PENDING_HEDGE,target_fill,10192.0,10107.0,10277.0,10192.0,72
20260303,50844000,11:07:24.000,LONG_PENDING_HEDGE,HEDGED_POSITION,hedge_fill,10192.0,10107.0,10277.0,10191.375,72
20260303,50845000,11:07:25.000,HEDGED_POSITION,FLATTENING,reversion_exit,10192.0,10107.0,10277.0,10192.25,71
20260303,50845000,11:07:25.000,FLATTENING,COOLDOWN,reversion_exit,10192.0,10107.0,10277.0,10192.25,73
20260303,50847000,11:07:27.000,COOLDOWN,FLAT_QUOTING,fair_recovered,10193.0,10108.0,10278.0,10193.375,71
20260303,50848000,11:07:28.000,FLAT_QUOTING,LONG_PENDING_HEDGE,target_fill,10193.0,10108.0,10278.0,10193.25,72
20260303,50849000,11:07:29.000,LONG_PENDING_HEDGE,HEDGED_POSITION,hedge_fill,10193.0,10108.0,10278.0,10194.25,72
20260303,50850000,11:07:30.000,HEDGED_POSITION,FLATTENING,reversion_exit,10193.0,10108.0,10278.0,10192.5,71
20260303,50850000,11:07:30.000,FLATTENING,COOLDOWN,reversion_exit,10193.0,10108.0,10278.0,10192.5,73
20260303,50852000,11:07:32.000,COOLDOWN,FLAT_QUOTING,fair_recovered,10193.0,10108.0,10278.0,10193.25,71
20260303,50853000,11:07:33.000,FLAT_QUOTING,LONG_PENDING_HEDGE,target_fill,10193.0,10108.0,10278.0,10189.0,72
20260303,50854000,11:07:34.000,LONG_PENDING_HEDGE,HEDGED_POSITION,hedge_fill,10193.0,10108.0,10278.0,,72
20260303,50855000,11:07:35.000,HEDGED_POSITION,FLATTENING,reversion_exit,10193.0,10108.0,10278.0,10190.75,71
20260303,50855000,11:07:35.000,FLATTENING,COOLDOWN,reversion_exit,10193.0,10108.0,10278.0,10190.75,73
20260303,50857000,11:07:37.000,COOLDOWN,FLAT_QUOTING,fair_recovered,10188.0,10103.0,10273.0,10188.5,71
20260303,50858000,11:07:38.000,FLAT_QUOTING,LONG_PENDING_HEDGE,target_fill,10188.0,10103.0,10273.0,,72
20260303,50859000,11:07:39.000,LONG_PENDING_HEDGE,HEDGED_POSITION,hedge_fill,10188.0,10103.0,10273.0,10188.75,72
20260303,50866000,11:07:46.000,HEDGED_POSITION,FLATTENING,reversion_exit,10188.0,10103.0,10273.0,10182.25,63
20260303,50866000,11:07:46.000,FLATTENING,COOLDOWN,reversion_exit,10188.0,10103.0,10273.0,10182.25,65
20260303,50868000,11:07:48.000,COOLDOWN,FLAT_QUOTING,fair_recovered,10189.0,10104.0,10274.0,10188.75,63
20260303,50869000,11:07:49.000,FLAT_QUOTING,LONG_PENDING_HEDGE,target_fill,10189.0,10104.0,10274.0,10189.75,65
20260303,50870000,11:07:50.000,LONG_PENDING_HEDGE,HEDGED_POSITION,hedge_fill,10189.0,10104.0,10274.0,10189.0,65
20260303,50871000,11:07:51.000,HEDGED_POSITION,FLATTENING,reversion_exit,10189.0,10104.0,10274.0,10185.25,63
20260303,50871000,11:07:51.000,FLATTENING,COOLDOWN,reversion_exit,10189.0,10104.0,10274.0,10185.25,65
20260303,50873000,11:07:53.000,COOLDOWN,FLAT_QUOTING,fair_recovered,10190.0,10105.0,10275.0,10189.75,63
20260303,50874000,11:07:54.000,FLAT_QUOTING,LONG_PENDING_HEDGE,target_fill,10190.0,10105.0,10275.0,10187.75,65
20260303,50875000,11:07:55.000,LONG_PENDING_HEDGE,HEDGED_POSITION,hedge_fill,10190.0,10105.0,10275.0,10189.0,65
20260303,50876000,11:07:56.000,HEDGED_POSITION,FLATTENING,reversion_exit,10190.0,10105.0,10275.0,10190.0,63
20260303,50876000,11:07:56.000,FLATTENING,COOLDOWN,reversion_exit,10190.0,10105.0,10275.0,10190.0,65
20260303,50878000,11:07:58.000,COOLDOWN,FLAT_QUOTING,fair_recovered,10190.0,10105.0,10275.0,10189.75,63
20260303,50880000,11:08:00.000,FLAT_QUOTING,LONG_PENDING_HEDGE,target_fill,10190.0,10105.0,10275.0,10193.0,64
20260303,50881000,11:08:01.000,LONG_PENDING_HEDGE,HEDGED_POSITION,hedge_fill,10190.0,10105.0,10275.0,10193.0,63
20260303,50882000,11:08:02.000,HEDGED_POSITION,FLATTENING,reversion_exit,10190.0,10105.0,10275.0,10193.25,63
20260303,50882000,11:08:02.000,FLATTENING,COOLDOWN,reversion_exit,10190.0,10105.0,10275.0,10193.25,65
20260303,50884000,11:08:04.000,COOLDOWN,FLAT_QUOTING,fair_recovered,10195.0,10110.0,10280.0,10195.0,62
20260303,50885000,11:08:05.000,FLAT_QUOTING,LONG_PENDING_HEDGE,target_fill,10195.0,10110.0,10280.0,10194.75,64
20260303,50886000,11:08:06.000,LONG_PENDING_HEDGE,HEDGED_POSITION,hedge_fill,10195.0,10110.0,10280.0,10194.5,63
20260303,50887000,11:08:07.000,HEDGED_POSITION,FLATTENING,reversion_exit,10195.0,10110.0,10280.0,10197.75,63
20260303,50887000,11:08:07.000,FLATTENING,COOLDOWN,reversion_exit,10195.0,10110.0,10280.0,10197.75,65
20260303,50889000,11:08:09.000,COOLDOWN,FLAT_QUOTING,fair_recovered,10182.0,10097.0,10267.0,10200.25,62
20260303,50890000,11:08:10.000,FLAT_QUOTING,LONG_PENDING_HEDGE,target_fill,10182.0,10097.0,10267.0,10200.5,64
20260303,50891000,11:08:11.000,LONG_PENDING_HEDGE,HEDGED_POSITION,hedge_fill,10182.0,10097.0,10267.0,10204.5,63
20260303,50892000,11:08:12.000,HEDGED_POSITION,FLATTENING,reference_invalid_exit,10182.0,10097.0,10267.0,10204.25,63
20260303,50892000,11:08:12.000,FLATTENING,COOLDOWN,reference_invalid_exit,10182.0,10097.0,10267.0,10204.25,65
20260303,50894000,11:08:14.000,COOLDOWN,FLAT_QUOTING,fair_recovered,10186.0,10101.0,10271.0,10204.5,62
20260303,50895000,11:08:15.000,FLAT_QUOTING,LONG_PENDING_HEDGE,target_fill,10186.0,10101.0,10271.0,,64
20260303,50896000,11:08:16.000,LONG_PENDING_HEDGE,HEDGED_POSITION,hedge_fill,10186.0,10101.0,10271.0,10202.25,63
20260303,50898000,11:08:18.000,HEDGED_POSITION,FLATTENING,reference_invalid_exit,10186.0,10101.0,10271.0,,61
20260303,50898000,11:08:18.000,FLATTENING,COOLDOWN,reference_invalid_exit,10186.0,10101.0,10271.0,,63
20260303,50900000,11:08:20.000,COOLDOWN,FLAT_QUOTING,fair_recovered,10185.0,10100.0,10270.0,10202.5,60
20260303,50901000,11:08:21.000,FLAT_QUOTING,LONG_PENDING_HEDGE,target_fill,10185.0,10100.0,10270.0,10202.25,63
20260303,50902000,11:08:22.000,LONG_PENDING_HEDGE,HEDGED_POSITION,hedge_fill,10185.0,10100.0,10270.0,10203.0,62
20260303,50903000,11:08:23.000,HEDGED_POSITION,FLATTENING,reference_invalid_exit,10185.0,10100.0,10270.0,10204.0,61
20260303,50903000,11:08:23.000,FLATTENING,COOLDOWN,reference_invalid_exit,10185.0,10100.0,10270.0,10204.0,63
20260303,50905000,11:08:25.000,COOLDOWN,FLAT_QUOTING,fair_recovered,10192.0,10107.0,10277.0,10205.5,60
20260303,50906000,11:08:26.000,FLAT_QUOTING,LONG_PENDING_HEDGE,target_fill,10192.0,10107.0,10277.0,10205.5,63
20260303,50907000,11:08:27.000,LONG_PENDING_HEDGE,EMERGENCY_FLATTEN,hedge_quote_timeout,10192.0,10107.0,10277.0,,62
20260303,50907000,11:08:27.000,EMERGENCY_FLATTEN,COOLDOWN,hedge_failure_exit,10192.0,10107.0,10277.0,,63
20260303,50909000,11:08:29.000,COOLDOWN,PAUSED,capital_or_hedge_quote_guard,10192.0,10107.0,10277.0,,61
20260303,50910000,11:08:30.000,PAUSED,PAUSED,capital_or_hedge_quote_guard,10192.0,10107.0,10277.0,,59
20260303,50911000,11:08:31.000,PAUSED,FLAT_QUOTING,fair_recovered,10200.0,10115.0,10285.0,10210.0,59
20260303,50912000,11:08:32.000,FLAT_QUOTING,LONG_PENDING_HEDGE,target_fill,10200.0,10115.0,10285.0,10209.75,60
20260303,50913000,11:08:33.000,LONG_PENDING_HEDGE,HEDGED_POSITION,hedge_fill,10200.0,10115.0,10285.0,10210.5,60
20260303,50914000,11:08:34.000,HEDGED_POSITION,FLATTENING,reference_invalid_exit,10200.0,10115.0,10285.0,10213.25,59
20260303,50914000,11:08:34.000,FLATTENING,COOLDOWN,reference_invalid_exit,10200.0,10115.0,10285.0,10213.25,61
20260303,50916000,11:08:36.000,COOLDOWN,FLAT_QUOTING,fair_recovered,10211.0,10126.0,10296.0,10217.25,59
20260303,50917000,11:08:37.000,FLAT_QUOTING,LONG_PENDING_HEDGE,target_fill,10211.0,10126.0,10296.0,10222.5,60
20260303,50918000,11:08:38.000,LONG_PENDING_HEDGE,HEDGED_POSITION,hedge_fill,10211.0,10126.0,10296.0,10224.0,60
20260303,50919000,11:08:39.000,HEDGED_POSITION,FLATTENING,reference_invalid_exit,10211.0,10126.0,10296.0,10225.75,59
20260303,50919000,11:08:39.000,FLATTENING,COOLDOWN,reference_invalid_exit,10211.0,10126.0,10296.0,10225.75,61
20260303,50921000,11:08:41.000,COOLDOWN,FLAT_QUOTING,fair_recovered,10218.0,10133.0,10303.0,10227.0,61
20260303,50922000,11:08:42.000,FLAT_QUOTING,LONG_PENDING_HEDGE,target_fill,10218.0,10133.0,10303.0,10231.5,64
20260303,50923000,11:08:43.000,LONG_PENDING_HEDGE,HEDGED_POSITION,hedge_fill,10218.0,10133.0,10303.0,10236.125,65
20260303,50924000,11:08:44.000,HEDGED_POSITION,FLATTENING,reference_invalid_exit,10218.0,10133.0,10303.0,10237.625,65
20260303,50924000,11:08:44.000,FLATTENING,COOLDOWN,reference_invalid_exit,10218.0,10133.0,10303.0,10237.625,67
20260303,50926000,11:08:46.000,COOLDOWN,FLAT_QUOTING,fair_recovered,10237.0,10152.0,10322.0,,65
20260303,50927000,11:08:47.000,FLAT_QUOTING,LONG_PENDING_HEDGE,target_fill,10237.0,10152.0,10322.0,10241.25,68
20260303,50928000,11:08:48.000,LONG_PENDING_HEDGE,HEDGED_POSITION,hedge_fill,10237.0,10152.0,10322.0,10241.75,67
20260303,50929000,11:08:49.000,HEDGED_POSITION,FLATTENING,reference_invalid_exit,10237.0,10152.0,10322.0,10247.0,66
20260303,50929000,11:08:49.000,FLATTENING,COOLDOWN,reference_invalid_exit,10237.0,10152.0,10322.0,10247.0,68
20260303,50931000,11:08:51.000,COOLDOWN,FLAT_QUOTING,fair_recovered,10260.0,10175.0,10345.0,,65
20260303,50932000,11:08:52.000,FLAT_QUOTING,LONG_PENDING_HEDGE,target_fill,10260.0,10175.0,10345.0,,68
20260303,50933000,11:08:53.000,LONG_PENDING_HEDGE,HEDGED_POSITION,hedge_fill,10260.0,10175.0,10345.0,10252.25,67
20260303,50934000,11:08:54.000,HEDGED_POSITION,FLATTENING,reference_invalid_exit,10260.0,10175.0,10345.0,10252.75,66
20260303,50934000,11:08:54.000,FLATTENING,COOLDOWN,reference_invalid_exit,10260.0,10175.0,10345.0,10252.75,68
20260303,50936000,11:08:56.000,COOLDOWN,FLAT_QUOTING,fair_recovered,10266.0,10181.0,10351.0,10251.5,65
20260303,50937000,11:08:57.000,FLAT_QUOTING,LONG_PENDING_HEDGE,target_fill,10266.0,10181.0,10351.0,10251.75,68
20260303,50938000,11:08:58.000,LONG_PENDING_HEDGE,HEDGED_POSITION,hedge_fill,10266.0,10181.0,10351.0,10253.625,67
20260303,50939000,11:08:59.000,HEDGED_POSITION,FLATTENING,reference_invalid_exit,10266.0,10181.0,10351.0,10255.25,67
20260303,50939000,11:08:59.000,FLATTENING,COOLDOWN,reference_invalid_exit,10266.0,10181.0,10351.0,10255.25,69
20260303,50941000,11:09:01.000,COOLDOWN,FLAT_QUOTING,fair_recovered,10269.0,10184.0,10354.0,10250.25,67
20260303,50942000,11:09:02.000,FLAT_QUOTING,LONG_PENDING_HEDGE,target_fill,10269.0,10184.0,10354.0,10246.25,68
20260303,50943000,11:09:03.000,LONG_PENDING_HEDGE,HEDGED_POSITION,hedge_fill,10269.0,10184.0,10354.0,10249.25,69
20260303,50944000,11:09:04.000,HEDGED_POSITION,FLATTENING,reference_invalid_exit,10269.0,10184.0,10354.0,10253.25,67
20260303,50944000,11:09:04.000,FLATTENING,COOLDOWN,reference_invalid_exit,10269.0,10184.0,10354.0,10253.25,69
20260303,50946000,11:09:06.000,COOLDOWN,FLAT_QUOTING,fair_recovered,10265.0,10180.0,10350.0,,67
20260303,50947000,11:09:07.000,FLAT_QUOTING,LONG_PENDING_HEDGE,target_fill,10265.0,10180.0,10350.0,10248.75,68
20260303,50948000,11:09:08.000,LONG_PENDING_HEDGE,HEDGED_POSITION,hedge_fill,10265.0,10180.0,10350.0,10249.75,69
20260303,50949000,11:09:09.000,HEDGED_POSITION,FLATTENING,reference_invalid_exit,10265.0,10180.0,10350.0,10247.375,67
20260303,50949000,11:09:09.000,FLATTENING,COOLDOWN,reference_invalid_exit,10265.0,10180.0,10350.0,10247.375,69
20260303,50951000,11:09:11.000,COOLDOWN,FLAT_QUOTING,fair_recovered,10271.0,10186.0,10356.0,10255.0,67
20260303,50952000,11:09:12.000,FLAT_QUOTING,LONG_PENDING_HEDGE,target_fill,10271.0,10186.0,10356.0,,68
20260303,50953000,11:09:13.000,LONG_PENDING_HEDGE,HEDGED_POSITION,hedge_fill,10271.0,10186.0,10356.0,,69
20260303,50954000,11:09:14.000,HEDGED_POSITION,FLATTENING,reference_invalid_exit,10271.0,10186.0,10356.0,10262.5,67
20260303,50954000,11:09:14.000,FLATTENING,COOLDOWN,reference_invalid_exit,10271.0,10186.0,10356.0,10262.5,69
20260303,50956000,11:09:16.000,COOLDOWN,FLAT_QUOTING,fair_recovered,10294.0,10209.0,10379.0,,67
20260303,50957000,11:09:17.000,FLAT_QUOTING,SHORT_PENDING_HEDGE,target_fill,10294.0,10209.0,10379.0,10267.25,70
20260303,50958000,11:09:18.000,SHORT_PENDING_HEDGE,HEDGED_POSITION,hedge_fill,10294.0,10209.0,10379.0,10271.5,69
20260303,50959000,11:09:19.000,HEDGED_POSITION,FLATTENING,reference_invalid_exit,10294.0,10209.0,10379.0,,69
20260303,50959000,11:09:19.000,FLATTENING,COOLDOWN,reference_invalid_exit,10294.0,10209.0,10379.0,,71
20260303,50961000,11:09:21.000,COOLDOWN,FLAT_QUOTING,fair_recovered,10304.0,10219.0,10389.0,10272.75,68
20260303,50963000,11:09:23.000,FLAT_QUOTING,LONG_PENDING_HEDGE,target_fill,10304.0,10219.0,10389.0,,68
20260303,50964000,11:09:24.000,LONG_PENDING_HEDGE,HEDGED_POSITION,hedge_fill,10304.0,10219.0,10389.0,,69
20260303,50965000,11:09:25.000,HEDGED_POSITION,FLATTENING,reference_invalid_exit,10304.0,10219.0,10389.0,,67
20260303,50965000,11:09:25.000,FLATTENING,COOLDOWN,reference_invalid_exit,10304.0,10219.0,10389.0,,69
20260303,50967000,11:09:27.000,COOLDOWN,FLAT_QUOTING,fair_recovered,10307.0,10222.0,10392.0,,66
20260303,50968000,11:09:28.000,FLAT_QUOTING,LONG_PENDING_HEDGE,target_fill,10307.0,10222.0,10392.0,,69
20260303,50969000,11:09:29.000,LONG_PENDING_HEDGE,HEDGED_POSITION,hedge_fill,10307.0,10222.0,10392.0,,70
20260303,50970000,11:09:30.000,HEDGED_POSITION,FLATTENING,reference_invalid_exit,10307.0,10222.0,10392.0,,70
20260303,50970000,11:09:30.000,FLATTENING,COOLDOWN,reference_invalid_exit,10307.0,10222.0,10392.0,,72
20260303,50972000,11:09:32.000,COOLDOWN,FLAT_QUOTING,fair_recovered,10306.0,10221.0,10391.0,,69
20260303,50974000,11:09:34.000,FLAT_QUOTING,LONG_PENDING_HEDGE,target_fill,10306.0,10221.0,10391.0,,69
20260303,50975000,11:09:35.000,LONG_PENDING_HEDGE,HEDGED_POSITION,hedge_fill,10306.0,10221.0,10391.0,10280.25,70
20260303,50976000,11:09:36.000,HEDGED_POSITION,FLATTENING,reference_invalid_exit,10306.0,10221.0,10391.0,10276.125,68
20260303,50976000,11:09:36.000,FLATTENING,COOLDOWN,reference_invalid_exit,10306.0,10221.0,10391.0,10276.125,70
20260303,50978000,11:09:38.000,COOLDOWN,FLAT_QUOTING,fair_recovered,10308.0,10223.0,10393.0,10275.25,68
20260303,50980000,11:09:40.000,FLAT_QUOTING,LONG_PENDING_HEDGE,target_fill,10308.0,10223.0,10393.0,10275.5,69
20260303,50981000,11:09:41.000,LONG_PENDING_HEDGE,HEDGED_POSITION,hedge_fill,10308.0,10223.0,10393.0,10267.5,68
20260303,50982000,11:09:42.000,HEDGED_POSITION,FLATTENING,reference_invalid_exit,10308.0,10223.0,10393.0,10266.25,67
20260303,50982000,11:09:42.000,FLATTENING,COOLDOWN,reference_invalid_exit,10308.0,10223.0,10393.0,10266.25,69
20260303,50984000,11:09:44.000,COOLDOWN,FLAT_QUOTING,fair_recovered,10301.0,10216.0,10386.0,10275.25,66
20260303,50985000,11:09:45.000,FLAT_QUOTING,LONG_PENDING_HEDGE,target_fill,10301.0,10216.0,10386.0,10273.0,69
20260303,50986000,11:09:46.000,LONG_PENDING_HEDGE,HEDGED_POSITION,hedge_fill,10301.0,10216.0,10386.0,10266.5,68
20260303,50987000,11:09:47.000,HEDGED_POSITION,FLATTENING,reference_invalid_exit,10301.0,10216.0,10386.0,10261.25,67
20260303,50987000,11:09:47.000,FLATTENING,COOLDOWN,reference_invalid_exit,10301.0,10216.0,10386.0,10261.25,69
20260303,50989000,11:09:49.000,COOLDOWN,FLAT_QUOTING,fair_recovered,10273.0,10188.0,10358.0,10253.75,66
20260303,50990000,11:09:50.000,FLAT_QUOTING,LONG_PENDING_HEDGE,target_fill,10273.0,10188.0,10358.0,10249.5,69
20260303,50991000,11:09:51.000,LONG_PENDING_HEDGE,HEDGED_POSITION,hedge_fill,10273.0,10188.0,10358.0,10249.75,68
20260303,50992000,11:09:52.000,HEDGED_POSITION,FLATTENING,reference_invalid_exit,10273.0,10188.0,10358.0,10246.0,67
20260303,50992000,11:09:52.000,FLATTENING,COOLDOWN,reference_invalid_exit,10273.0,10188.0,10358.0,10246.0,69
20260303,50994000,11:09:54.000,COOLDOWN,FLAT_QUOTING,fair_recovered,10262.0,10177.0,10347.0,10240.5,66
20260303,50995000,11:09:55.000,FLAT_QUOTING,LONG_PENDING_HEDGE,target_fill,10262.0,10177.0,10347.0,10239.75,69
20260303,50996000,11:09:56.000,LONG_PENDING_HEDGE,HEDGED_POSITION,hedge_fill,10262.0,10177.0,10347.0,10238.25,68
20260303,50997000,11:09:57.000,HEDGED_POSITION,FLATTENING,reference_invalid_exit,10262.0,10177.0,10347.0,10236.125,67
20260303,50997000,11:09:57.000,FLATTENING,COOLDOWN,reference_invalid_exit,10262.0,10177.0,10347.0,10236.125,69
20260303,50999000,11:09:59.000,COOLDOWN,FLAT_QUOTING,fair_recovered,10247.0,10162.0,10332.0,10233.75,66
20260303,51000000,11:10:00.000,FLAT_QUOTING,LONG_PENDING_HEDGE,target_fill,10247.0,10162.0,10332.0,10232.75,69
20260303,51001000,11:10:01.000,LONG_PENDING_HEDGE,HEDGED_POSITION,hedge_fill,10247.0,10162.0,10332.0,10222.25,68
20260303,51002000,11:10:02.000,HEDGED_POSITION,FLATTENING,reference_invalid_exit,10247.0,10162.0,10332.0,10219.25,67
20260303,51002000,11:10:02.000,FLATTENING,COOLDOWN,reference_invalid_exit,10247.0,10162.0,10332.0,10219.25,69
20260303,51004000,11:10:04.000,COOLDOWN,FLAT_QUOTING,fair_recovered,10235.0,10150.0,10320.0,,66
20260303,51005000,11:10:05.000,FLAT_QUOTING,LONG_PENDING_HEDGE,target_fill,10235.0,10150.0,10320.0,10219.5,69
20260303,51006000,11:10:06.000,LONG_PENDING_HEDGE,HEDGED_POSITION,hedge_fill,10235.0,10150.0,10320.0,10222.0,68
20260303,51007000,11:10:07.000,HEDGED_POSITION,FLATTENING,reference_invalid_exit,10235.0,10150.0,10320.0,10219.25,67
20260303,51007000,11:10:07.000,FLATTENING,COOLDOWN,reference_invalid_exit,10235.0,10150.0,10320.0,10219.25,69
20260303,51009000,11:10:09.000,COOLDOWN,FLAT_QUOTING,fair_recovered,10231.0,10146.0,10316.0,10214.375,66
20260303,51010000,11:10:10.000,FLAT_QUOTING,LONG_PENDING_HEDGE,target_fill,10231.0,10146.0,10316.0,10209.875,69
20260303,51011000,11:10:11.000,LONG_PENDING_HEDGE,HEDGED_POSITION,hedge_fill,10231.0,10146.0,10316.0,10210.25,68
20260303,51012000,11:10:12.000,HEDGED_POSITION,FLATTENING,reference_invalid_exit,10231.0,10146.0,10316.0,10219.5,67
20260303,51012000,11:10:12.000,FLATTENING,COOLDOWN,reference_invalid_exit,10231.0,10146.0,10316.0,10219.5,69
20260303,51014000,11:10:14.000,COOLDOWN,FLAT_QUOTING,fair_recovered,10241.0,10156.0,10326.0,10226.25,66
20260303,51015000,11:10:15.000,FLAT_QUOTING,LONG_PENDING_HEDGE,target_fill,10241.0,10156.0,10326.0,10229.5,69
20260303,51016000,11:10:16.000,LONG_PENDING_HEDGE,HEDGED_POSITION,hedge_fill,10241.0,10156.0,10326.0,10230.25,68
20260303,51017000,11:10:17.000,HEDGED_POSITION,FLATTENING,reference_invalid_exit,10241.0,10156.0,10326.0,10232.0,67
20260303,51017000,11:10:17.000,FLATTENING,COOLDOWN,reference_invalid_exit,10241.0,10156.0,10326.0,10232.0,69
20260303,51019000,11:10:19.000,COOLDOWN,FLAT_QUOTING,fair_recovered,10254.0,10169.0,10339.0,10232.75,66
20260303,51021000,11:10:21.000,FLAT_QUOTING,LONG_PENDING_HEDGE,target_fill,10254.0,10169.0,10339.0,10232.0,67
20260303,51022000,11:10:22.000,LONG_PENDING_HEDGE,HEDGED_POSITION,hedge_fill,10254.0,10169.0,10339.0,10230.5,68
20260303,51023000,11:10:23.000,HEDGED_POSITION,FLATTENING,reference_invalid_exit,10254.0,10169.0,10339.0,10230.5,67
20260303,51023000,11:10:23.000,FLATTENING,COOLDOWN,reference_invalid_exit,10254.0,10169.0,10339.0,10230.5,69
20260303,51025000,11:10:25.000,COOLDOWN,FLAT_QUOTING,fair_recovered,10250.0,10165.0,10335.0,10226.25,66
20260303,51026000,11:10:26.000,FLAT_QUOTING,LONG_PENDING_HEDGE,target_fill,10250.0,10165.0,10335.0,10226.0,69
20260303,51027000,11:10:27.000,LONG_PENDING_HEDGE,HEDGED_POSITION,hedge_fill,10250.0,10165.0,10335.0,10226.25,68
20260303,51028000,11:10:28.000,HEDGED_POSITION,FLATTENING,reference_invalid_exit,10250.0,10165.0,10335.0,10225.5,67
20260303,51028000,11:10:28.000,FLATTENING,COOLDOWN,reference_invalid_exit,10250.0,10165.0,10335.0,10225.5,69
20260303,51030000,11:10:30.000,COOLDOWN,PAUSED,capital_or_hedge_quote_guard,10250.0,10165.0,10335.0,,66
20260303,51031000,11:10:31.000,PAUSED,FLAT_QUOTING,fair_recovered,10244.0,10159.0,10329.0,10223.25,66
20260303,51032000,11:10:32.000,FLAT_QUOTING,LONG_PENDING_HEDGE,target_fill,10244.0,10159.0,10329.0,10222.75,67
20260303,51033000,11:10:33.000,LONG_PENDING_HEDGE,HEDGED_POSITION,hedge_fill,10244.0,10159.0,10329.0,10224.0,68
20260303,51034000,11:10:34.000,HEDGED_POSITION,FLATTENING,reference_invalid_exit,10244.0,10159.0,10329.0,10217.0,67
20260303,51034000,11:10:34.000,FLATTENING,COOLDOWN,reference_invalid_exit,10244.0,10159.0,10329.0,10217.0,69
20260303,51036000,11:10:36.000,COOLDOWN,FLAT_QUOTING,fair_recovered,10234.0,10149.0,10319.0,10214.25,66
20260303,51037000,11:10:37.000,FLAT_QUOTING,LONG_PENDING_HEDGE,target_fill,10234.0,10149.0,10319.0,10212.75,69
20260303,51038000,11:10:38.000,LONG_PENDING_HEDGE,HEDGED_POSITION,hedge_fill,10234.0,10149.0,10319.0,10212.5,68
20260303,51039000,11:10:39.000,HEDGED_POSITION,FLATTENING,reference_invalid_exit,10234.0,10149.0,10319.0,10212.25,68
20260303,51039000,11:10:39.000,FLATTENING,COOLDOWN,reference_invalid_exit,10234.0,10149.0,10319.0,10212.25,70
20260303,51041000,11:10:41.000,COOLDOWN,FLAT_QUOTING,fair_recovered,10230.0,10145.0,10315.0,10209.375,68
20260303,51042000,11:10:42.000,FLAT_QUOTING,LONG_PENDING_HEDGE,target_fill,10230.0,10145.0,10315.0,10209.125,69
20260303,51043000,11:10:43.000,LONG_PENDING_HEDGE,HEDGED_POSITION,hedge_fill,10230.0,10145.0,10315.0,10211.625,70
20260303,51044000,11:10:44.000,HEDGED_POSITION,FLATTENING,reference_invalid_exit,10230.0,10145.0,10315.0,10211.875,68
20260303,51044000,11:10:44.000,FLATTENING,COOLDOWN,reference_invalid_exit,10230.0,10145.0,10315.0,10211.875,70
20260303,51046000,11:10:46.000,COOLDOWN,FLAT_QUOTING,fair_recovered,10230.0,10145.0,10315.0,10208.125,68
20260303,51047000,11:10:47.000,FLAT_QUOTING,LONG_PENDING_HEDGE,target_fill,10230.0,10145.0,10315.0,10207.875,69
20260303,51048000,11:10:48.000,LONG_PENDING_HEDGE,HEDGED_POSITION,hedge_fill,10230.0,10145.0,10315.0,10205.875,70
20260303,51049000,11:10:49.000,HEDGED_POSITION,FLATTENING,reference_invalid_exit,10230.0,10145.0,10315.0,10205.375,68
20260303,51049000,11:10:49.000,FLATTENING,COOLDOWN,reference_invalid_exit,10230.0,10145.0,10315.0,10205.375,70
20260303,51051000,11:10:51.000,COOLDOWN,FLAT_QUOTING,fair_recovered,10221.0,10136.0,10306.0,10204.875,68
20260303,51052000,11:10:52.000,FLAT_QUOTING,LONG_PENDING_HEDGE,target_fill,10221.0,10136.0,10306.0,10204.5,69
20260303,51053000,11:10:53.000,LONG_PENDING_HEDGE,HEDGED_POSITION,hedge_fill,10221.0,10136.0,10306.0,10204.5,70
20260303,51054000,11:10:54.000,HEDGED_POSITION,FLATTENING,reference_invalid_exit,10221.0,10136.0,10306.0,10204.875,68
20260303,51054000,11:10:54.000,FLATTENING,COOLDOWN,reference_invalid_exit,10221.0,10136.0,10306.0,10204.875,70
20260303,51056000,11:10:56.000,COOLDOWN,FLAT_QUOTING,fair_recovered,10236.0,10151.0,10321.0,10211.0,68
20260303,51057000,11:10:57.000,FLAT_QUOTING,LONG_PENDING_HEDGE,target_fill,10236.0,10151.0,10321.0,10212.625,69
20260303,51058000,11:10:58.000,LONG_PENDING_HEDGE,HEDGED_POSITION,hedge_fill,10236.0,10151.0,10321.0,10212.5,70
20260303,51059000,11:10:59.000,HEDGED_POSITION,FLATTENING,reference_invalid_exit,10236.0,10151.0,10321.0,10211.125,68
20260303,51059000,11:10:59.000,FLATTENING,COOLDOWN,reference_invalid_exit,10236.0,10151.0,10321.0,10211.125,70
20260303,51061000,11:11:01.000,COOLDOWN,FLAT_QUOTING,fair_recovered,10235.0,10150.0,10320.0,10212.5,68
20260303,51062000,11:11:02.000,FLAT_QUOTING,LONG_PENDING_HEDGE,target_fill,10235.0,10150.0,10320.0,10214.0,69
20260303,51063000,11:11:03.000,LONG_PENDING_HEDGE,HEDGED_POSITION,hedge_fill,10235.0,10150.0,10320.0,10211.625,70
20260303,51064000,11:11:04.000,HEDGED_POSITION,FLATTENING,reference_invalid_exit,10235.0,10150.0,10320.0,10207.875,68
20260303,51064000,11:11:04.000,FLATTENING,COOLDOWN,reference_invalid_exit,10235.0,10150.0,10320.0,10207.875,70
20260303,51066000,11:11:06.000,COOLDOWN,FLAT_QUOTING,fair_recovered,10231.0,10146.0,10316.0,10210.0,68
20260303,51067000,11:11:07.000,FLAT_QUOTING,LONG_PENDING_HEDGE,target_fill,10231.0,10146.0,10316.0,10209.75,69
20260303,51068000,11:11:08.000,LONG_PENDING_HEDGE,HEDGED_POSITION,hedge_fill,10231.0,10146.0,10316.0,10208.25,70
20260303,51069000,11:11:09.000,HEDGED_POSITION,FLATTENING,reference_invalid_exit,10231.0,10146.0,10316.0,10202.75,68
20260303,51069000,11:11:09.000,FLATTENING,COOLDOWN,reference_invalid_exit,10231.0,10146.0,10316.0,10202.75,70
20260303,51071000,11:11:11.000,COOLDOWN,FLAT_QUOTING,fair_recovered,10223.0,10138.0,10308.0,10204.0,68
20260303,51072000,11:11:12.000,FLAT_QUOTING,LONG_PENDING_HEDGE,target_fill,10223.0,10138.0,10308.0,10205.5,69
20260303,51073000,11:11:13.000,LONG_PENDING_HEDGE,HEDGED_POSITION,hedge_fill,10223.0,10138.0,10308.0,10205.0,70
20260303,51074000,11:11:14.000,HEDGED_POSITION,FLATTENING,reference_invalid_exit,10223.0,10138.0,10308.0,10206.25,68
20260303,51074000,11:11:14.000,FLATTENING,COOLDOWN,reference_invalid_exit,10223.0,10138.0,10308.0,10206.25,70
20260303,51076000,11:11:16.000,COOLDOWN,FLAT_QUOTING,fair_recovered,10227.0,10142.0,10312.0,10209.5,68
20260303,51077000,11:11:17.000,FLAT_QUOTING,LONG_PENDING_HEDGE,target_fill,10227.0,10142.0,10312.0,10207.0,69
20260303,51078000,11:11:18.000,LONG_PENDING_HEDGE,HEDGED_POSITION,hedge_fill,10227.0,10142.0,10312.0,10208.0,70
20260303,51079000,11:11:19.000,HEDGED_POSITION,FLATTENING,reference_invalid_exit,10227.0,10142.0,10312.0,10208.5,68
20260303,51079000,11:11:19.000,FLATTENING,COOLDOWN,reference_invalid_exit,10227.0,10142.0,10312.0,10208.5,70
20260303,51081000,11:11:21.000,COOLDOWN,FLAT_QUOTING,fair_recovered,10230.0,10145.0,10315.0,10209.75,69
20260303,51082000,11:11:22.000,FLAT_QUOTING,LONG_PENDING_HEDGE,target_fill,10230.0,10145.0,10315.0,10208.5,71
20260303,51083000,11:11:23.000,LONG_PENDING_HEDGE,HEDGED_POSITION,hedge_fill,10230.0,10145.0,10315.0,10206.0,70
20260303,51084000,11:11:24.000,HEDGED_POSITION,FLATTENING,reference_invalid_exit,10230.0,10145.0,10315.0,10206.25,70
20260303,51084000,11:11:24.000,FLATTENING,COOLDOWN,reference_invalid_exit,10230.0,10145.0,10315.0,10206.25,72
20260303,51086000,11:11:26.000,COOLDOWN,FLAT_QUOTING,fair_recovered,10218.0,10133.0,10303.0,10203.0,69
20260303,51087000,11:11:27.000,FLAT_QUOTING,LONG_PENDING_HEDGE,target_fill,10218.0,10133.0,10303.0,10204.5,71
20260303,51088000,11:11:28.000,LONG_PENDING_HEDGE,HEDGED_POSITION,hedge_fill,10218.0,10133.0,10303.0,10208.25,70
20260303,51089000,11:11:29.000,HEDGED_POSITION,FLATTENING,reversion_exit,10218.0,10133.0,10303.0,10208.25,70
20260303,51089000,11:11:29.000,FLATTENING,COOLDOWN,reversion_exit,10218.0,10133.0,10303.0,10208.25,72
20260303,51091000,11:11:31.000,COOLDOWN,FLAT_QUOTING,fair_recovered,10208.0,10123.0,10293.0,10207.75,70
20260303,51092000,11:11:32.000,FLAT_QUOTING,LONG_PENDING_HEDGE,target_fill,10208.0,10123.0,10293.0,10205.75,72
20260303,51093000,11:11:33.000,LONG_PENDING_HEDGE,HEDGED_POSITION,hedge_fill,10208.0,10123.0,10293.0,10206.5,72
20260303,51094000,11:11:34.000,HEDGED_POSITION,FLATTENING,reversion_exit,10208.0,10123.0,10293.0,10204.5,70
20260303,51094000,11:11:34.000,FLATTENING,COOLDOWN,reversion_exit,10208.0,10123.0,10293.0,10204.5,72
20260303,51096000,11:11:36.000,COOLDOWN,FLAT_QUOTING,fair_recovered,10202.0,10117.0,10287.0,10202.0,70
20260303,51097000,11:11:37.000,FLAT_QUOTING,LONG_PENDING_HEDGE,target_fill,10202.0,10117.0,10287.0,10205.0,72
20260303,51098000,11:11:38.000,LONG_PENDING_HEDGE,HEDGED_POSITION,hedge_fill,10202.0,10117.0,10287.0,10206.0,72
20260303,51099000,11:11:39.000,HEDGED_POSITION,FLATTENING,reversion_exit,10202.0,10117.0,10287.0,10207.25,70
20260303,51099000,11:11:39.000,FLATTENING,COOLDOWN,reversion_exit,10202.0,10117.0,10287.0,10207.25,72
20260303,51101000,11:11:41.000,COOLDOWN,FLAT_QUOTING,fair_recovered,10203.0,10118.0,10288.0,10202.75,70
20260303,51103000,11:11:43.000,FLAT_QUOTING,LONG_PENDING_HEDGE,target_fill,10203.0,10118.0,10288.0,10201.75,71
20260303,51104000,11:11:44.000,LONG_PENDING_HEDGE,HEDGED_POSITION,hedge_fill,10203.0,10118.0,10288.0,10202.5,70
20260303,51105000,11:11:45.000,HEDGED_POSITION,FLATTENING,reversion_exit,10203.0,10118.0,10288.0,10201.5,70
20260303,51105000,11:11:45.000,FLATTENING,COOLDOWN,reversion_exit,10203.0,10118.0,10288.0,10201.5,72
20260303,51107000,11:11:47.000,COOLDOWN,FLAT_QUOTING,fair_recovered,10205.0,10120.0,10290.0,10205.0,69
20260303,51108000,11:11:48.000,FLAT_QUOTING,LONG_PENDING_HEDGE,target_fill,10205.0,10120.0,10290.0,10203.875,71
20260303,51109000,11:11:49.000,LONG_PENDING_HEDGE,HEDGED_POSITION,hedge_fill,10205.0,10120.0,10290.0,10204.0,70
20260303,51110000,11:11:50.000,HEDGED_POSITION,FLATTENING,reversion_exit,10205.0,10120.0,10290.0,10205.5,70
20260303,51110000,11:11:50.000,FLATTENING,COOLDOWN,reversion_exit,10205.0,10120.0,10290.0,10205.5,72
20260303,51112000,11:11:52.000,COOLDOWN,FLAT_QUOTING,fair_recovered,10205.0,10120.0,10290.0,10205.0,69
20260303,51113000,11:11:53.000,FLAT_QUOTING,LONG_PENDING_HEDGE,target_fill,10205.0,10120.0,10290.0,10207.0,71
20260303,51114000,11:11:54.000,LONG_PENDING_HEDGE,HEDGED_POSITION,hedge_fill,10205.0,10120.0,10290.0,10214.25,70
20260303,51115000,11:11:55.000,HEDGED_POSITION,FLATTENING,reversion_exit,10205.0,10120.0,10290.0,10214.25,70
20260303,51115000,11:11:55.000,FLATTENING,COOLDOWN,reversion_exit,10205.0,10120.0,10290.0,10214.25,72
20260303,51117000,11:11:57.000,COOLDOWN,FLAT_QUOTING,fair_recovered,10216.0,10131.0,10301.0,10216.0,69
20260303,51118000,11:11:58.000,FLAT_QUOTING,LONG_PENDING_HEDGE,target_fill,10216.0,10131.0,10301.0,10215.5,71
20260303,51119000,11:11:59.000,LONG_PENDING_HEDGE,HEDGED_POSITION,hedge_fill,10216.0,10131.0,10301.0,10214.25,70
20260303,51120000,11:12:00.000,HEDGED_POSITION,FLATTENING,reversion_exit,10216.0,10131.0,10301.0,10213.75,70
20260303,51120000,11:12:00.000,FLATTENING,COOLDOWN,reversion_exit,10216.0,10131.0,10301.0,10213.75,72
20260303,51122000,11:12:02.000,COOLDOWN,FLAT_QUOTING,fair_recovered,10218.0,10133.0,10303.0,10218.0,69
20260303,51123000,11:12:03.000,FLAT_QUOTING,LONG_PENDING_HEDGE,target_fill,10218.0,10133.0,10303.0,10221.5,71
20260303,51124000,11:12:04.000,LONG_PENDING_HEDGE,HEDGED_POSITION,hedge_fill,10218.0,10133.0,10303.0,10227.0,70
20260303,51125000,11:12:05.000,HEDGED_POSITION,FLATTENING,reversion_exit,10218.0,10133.0,10303.0,10229.25,70
20260303,51125000,11:12:05.000,FLATTENING,COOLDOWN,reversion_exit,10218.0,10133.0,10303.0,10229.25,72
20260303,51127000,11:12:07.000,COOLDOWN,FLAT_QUOTING,fair_recovered,10236.0,10151.0,10321.0,10236.0,69
20260303,51129000,11:12:09.000,FLAT_QUOTING,LONG_PENDING_HEDGE,target_fill,10236.0,10151.0,10321.0,10241.75,69
20260303,51130000,11:12:10.000,LONG_PENDING_HEDGE,HEDGED_POSITION,hedge_fill,10236.0,10151.0,10321.0,10241.75,70
20260303,51131000,11:12:11.000,HEDGED_POSITION,FLATTENING,reversion_exit,10236.0,10151.0,10321.0,10244.75,68
20260303,51131000,11:12:11.000,FLATTENING,COOLDOWN,reversion_exit,10236.0,10151.0,10321.0,10244.75,70
20260303,51133000,11:12:13.000,COOLDOWN,FLAT_QUOTING,fair_recovered,10240.0,10155.0,10325.0,10240.5,68
20260303,51134000,11:12:14.000,FLAT_QUOTING,LONG_PENDING_HEDGE,target_fill,10240.0,10155.0,10325.0,10240.5,69
20260303,51135000,11:12:15.000,LONG_PENDING_HEDGE,HEDGED_POSITION,hedge_fill,10240.0,10155.0,10325.0,10241.25,70
20260303,51136000,11:12:16.000,HEDGED_POSITION,FLATTENING,reversion_exit,10240.0,10155.0,10325.0,10240.75,68
20260303,51136000,11:12:16.000,FLATTENING,COOLDOWN,reversion_exit,10240.0,10155.0,10325.0,10240.75,70
20260303,51138000,11:12:18.000,COOLDOWN,FLAT_QUOTING,fair_recovered,10238.0,10153.0,10323.0,10238.25,68
20260303,51139000,11:12:19.000,FLAT_QUOTING,LONG_PENDING_HEDGE,target_fill,10238.0,10153.0,10323.0,10241.0,69
20260303,51140000,11:12:20.000,LONG_PENDING_HEDGE,HEDGED_POSITION,hedge_fill,10238.0,10153.0,10323.0,10235.25,70
20260303,51141000,11:12:21.000,HEDGED_POSITION,FLATTENING,reversion_exit,10238.0,10153.0,10323.0,10232.0,68
20260303,51141000,11:12:21.000,FLATTENING,COOLDOWN,reversion_exit,10238.0,10153.0,10323.0,10232.0,70
20260303,51143000,11:12:23.000,COOLDOWN,FLAT_QUOTING,fair_recovered,10233.0,10148.0,10318.0,10233.25,68
20260303,51144000,11:12:24.000,FLAT_QUOTING,LONG_PENDING_HEDGE,target_fill,10233.0,10148.0,10318.0,10232.25,69
20260303,51145000,11:12:25.000,LONG_PENDING_HEDGE,HEDGED_POSITION,hedge_fill,10233.0,10148.0,10318.0,10230.0,70
20260303,51146000,11:12:26.000,HEDGED_POSITION,FLATTENING,reversion_exit,10233.0,10148.0,10318.0,10230.5,68
20260303,51146000,11:12:26.000,FLATTENING,COOLDOWN,reversion_exit,10233.0,10148.0,10318.0,10230.5,70
20260303,51148000,11:12:28.000,COOLDOWN,FLAT_QUOTING,fair_recovered,10230.0,10145.0,10315.0,10230.0,68
20260303,51149000,11:12:29.000,FLAT_QUOTING,LONG_PENDING_HEDGE,target_fill,10230.0,10145.0,10315.0,10228.25,69
20260303,51150000,11:12:30.000,LONG_PENDING_HEDGE,HEDGED_POSITION,hedge_fill,10230.0,10145.0,10315.0,10229.25,70
20260303,51151000,11:12:31.000,HEDGED_POSITION,FLATTENING,reversion_exit,10230.0,10145.0,10315.0,10226.0,68
20260303,51151000,11:12:31.000,FLATTENING,COOLDOWN,reversion_exit,10230.0,10145.0,10315.0,10226.0,70
20260303,51153000,11:12:33.000,COOLDOWN,FLAT_QUOTING,fair_recovered,10227.0,10142.0,10312.0,10226.75,68
20260303,51154000,11:12:34.000,FLAT_QUOTING,LONG_PENDING_HEDGE,target_fill,10227.0,10142.0,10312.0,10227.75,69
20260303,51155000,11:12:35.000,LONG_PENDING_HEDGE,HEDGED_POSITION,hedge_fill,10227.0,10142.0,10312.0,10229.25,70
20260303,51156000,11:12:36.000,HEDGED_POSITION,FLATTENING,reversion_exit,10227.0,10142.0,10312.0,10230.5,68
20260303,51156000,11:12:36.000,FLATTENING,COOLDOWN,reversion_exit,10227.0,10142.0,10312.0,10230.5,70
20260303,51158000,11:12:38.000,COOLDOWN,FLAT_QUOTING,fair_recovered,10237.0,10152.0,10322.0,10237.25,68
20260303,51159000,11:12:39.000,FLAT_QUOTING,LONG_PENDING_HEDGE,target_fill,10237.0,10152.0,10322.0,10240.25,69
20260303,51160000,11:12:40.000,LONG_PENDING_HEDGE,HEDGED_POSITION,hedge_fill,10237.0,10152.0,10322.0,10239.75,70
20260303,51161000,11:12:41.000,HEDGED_POSITION,FLATTENING,reversion_exit,10237.0,10152.0,10322.0,10238.0,68
20260303,51161000,11:12:41.000,FLATTENING,COOLDOWN,reversion_exit,10237.0,10152.0,10322.0,10238.0,70
20260303,51163000,11:12:43.000,COOLDOWN,FLAT_QUOTING,fair_recovered,10236.0,10151.0,10321.0,10236.25,69
20260303,51164000,11:12:44.000,FLAT_QUOTING,LONG_PENDING_HEDGE,target_fill,10236.0,10151.0,10321.0,10239.0,71
20260303,51165000,11:12:45.000,LONG_PENDING_HEDGE,HEDGED_POSITION,hedge_fill,10236.0,10151.0,10321.0,10236.25,70
20260303,51166000,11:12:46.000,HEDGED_POSITION,FLATTENING,reversion_exit,10236.0,10151.0,10321.0,10237.0,70
20260303,51166000,11:12:46.000,FLATTENING,COOLDOWN,reversion_exit,10236.0,10151.0,10321.0,10237.0,72
20260303,51168000,11:12:48.000,COOLDOWN,FLAT_QUOTING,fair_recovered,10240.0,10155.0,10325.0,10240.125,69
20260303,51169000,11:12:49.000,FLAT_QUOTING,LONG_PENDING_HEDGE,target_fill,10240.0,10155.0,10325.0,10236.25,71
20260303,51170000,11:12:50.000,LONG_PENDING_HEDGE,HEDGED_POSITION,hedge_fill,10240.0,10155.0,10325.0,10231.75,70
20260303,51171000,11:12:51.000,HEDGED_POSITION,FLATTENING,reversion_exit,10240.0,10155.0,10325.0,10228.75,70
20260303,51171000,11:12:51.000,FLATTENING,COOLDOWN,reversion_exit,10240.0,10155.0,10325.0,10228.75,72
20260303,51173000,11:12:53.000,COOLDOWN,FLAT_QUOTING,fair_recovered,10231.0,10146.0,10316.0,10231.25,69
20260303,51174000,11:12:54.000,FLAT_QUOTING,LONG_PENDING_HEDGE,target_fill,10231.0,10146.0,10316.0,10232.5,71
20260303,51175000,11:12:55.000,LONG_PENDING_HEDGE,HEDGED_POSITION,hedge_fill,10231.0,10146.0,10316.0,10230.875,70
20260303,51176000,11:12:56.000,HEDGED_POSITION,FLATTENING,reversion_exit,10231.0,10146.0,10316.0,10231.25,70
20260303,51176000,11:12:56.000,FLATTENING,COOLDOWN,reversion_exit,10231.0,10146.0,10316.0,10231.25,72
20260303,51178000,11:12:58.000,COOLDOWN,FLAT_QUOTING,fair_recovered,10232.0,10147.0,10317.0,10232.0,69
20260303,51179000,11:12:59.000,FLAT_QUOTING,LONG_PENDING_HEDGE,target_fill,10232.0,10147.0,10317.0,10233.25,71
20260303,51180000,11:13:00.000,LONG_PENDING_HEDGE,HEDGED_POSITION,hedge_fill,10232.0,10147.0,10317.0,,70
20260303,51181000,11:13:01.000,HEDGED_POSITION,FLATTENING,reference_invalid_exit,10232.0,10147.0,10317.0,,70
20260303,51181000,11:13:01.000,FLATTENING,COOLDOWN,reference_invalid_exit,10232.0,10147.0,10317.0,,72
20260303,51183000,11:13:03.000,COOLDOWN,FLAT_QUOTING,fair_recovered,10233.0,10148.0,10318.0,,69
20260303,51184000,11:13:04.000,FLAT_QUOTING,LONG_PENDING_HEDGE,target_fill,10233.0,10148.0,10318.0,,71
20260303,51185000,11:13:05.000,LONG_PENDING_HEDGE,HEDGED_POSITION,hedge_fill,10233.0,10148.0,10318.0,,70
20260303,51186000,11:13:06.000,HEDGED_POSITION,FLATTENING,reference_invalid_exit,10233.0,10148.0,10318.0,,70
20260303,51186000,11:13:06.000,FLATTENING,COOLDOWN,reference_invalid_exit,10233.0,10148.0,10318.0,,72
20260303,51188000,11:13:08.000,COOLDOWN,FLAT_QUOTING,fair_recovered,10229.0,10144.0,10314.0,10229.25,70
20260303,51189000,11:13:09.000,FLAT_QUOTING,LONG_PENDING_HEDGE,target_fill,10229.0,10144.0,10314.0,10229.125,72
20260303,51190000,11:13:10.000,LONG_PENDING_HEDGE,HEDGED_POSITION,hedge_fill,10229.0,10144.0,10314.0,,72
20260303,51191000,11:13:11.000,HEDGED_POSITION,FLATTENING,reversion_exit,10229.0,10144.0,10314.0,10229.75,70
20260303,51191000,11:13:11.000,FLATTENING,COOLDOWN,reversion_exit,10229.0,10144.0,10314.0,10229.75,72
20260303,51193000,11:13:13.000,COOLDOWN,FLAT_QUOTING,fair_recovered,10231.0,10146.0,10316.0,10230.75,70
20260303,51194000,11:13:14.000,FLAT_QUOTING,LONG_PENDING_HEDGE,target_fill,10231.0,10146.0,10316.0,10228.875,72
20260303,51195000,11:13:15.000,LONG_PENDING_HEDGE,HEDGED_POSITION,hedge_fill,10231.0,10146.0,10316.0,10227.0,72
20260303,51196000,11:13:16.000,HEDGED_POSITION,FLATTENING,reversion_exit,10231.0,10146.0,10316.0,10223.25,70
20260303,51196000,11:13:16.000,FLATTENING,COOLDOWN,reversion_exit,10231.0,10146.0,10316.0,10223.25,72
20260303,51198000,11:13:18.000,COOLDOWN,FLAT_QUOTING,fair_recovered,10216.0,10131.0,10301.0,10216.25,70
20260303,51199000,11:13:19.000,FLAT_QUOTING,LONG_PENDING_HEDGE,target_fill,10216.0,10131.0,10301.0,,72
20260303,51200000,11:13:20.000,LONG_PENDING_HEDGE,HEDGED_POSITION,hedge_fill,10216.0,10131.0,10301.0,10211.0,72
20260303,51201000,11:13:21.000,HEDGED_POSITION,FLATTENING,reference_invalid_exit,10216.0,10131.0,10301.0,,70
20260303,51201000,11:13:21.000,FLATTENING,COOLDOWN,reference_invalid_exit,10216.0,10131.0,10301.0,,72
20260303,51203000,11:13:23.000,COOLDOWN,FLAT_QUOTING,fair_recovered,10214.0,10129.0,10299.0,10213.75,70
20260303,51204000,11:13:24.000,FLAT_QUOTING,LONG_PENDING_HEDGE,target_fill,10214.0,10129.0,10299.0,10213.75,72
20260303,51205000,11:13:25.000,LONG_PENDING_HEDGE,HEDGED_POSITION,hedge_fill,10214.0,10129.0,10299.0,10213.25,72
20260303,51206000,11:13:26.000,HEDGED_POSITION,FLATTENING,reversion_exit,10214.0,10129.0,10299.0,10212.375,70
20260303,51206000,11:13:26.000,FLATTENING,COOLDOWN,reversion_exit,10214.0,10129.0,10299.0,10212.375,72
20260303,51208000,11:13:28.000,COOLDOWN,FLAT_QUOTING,fair_recovered,10206.0,10121.0,10291.0,10206.0,70
20260303,51209000,11:13:29.000,FLAT_QUOTING,LONG_PENDING_HEDGE,target_fill,10206.0,10121.0,10291.0,10205.0,72
20260303,51210000,11:13:30.000,LONG_PENDING_HEDGE,HEDGED_POSITION,hedge_fill,10206.0,10121.0,10291.0,10205.5,72
20260303,51211000,11:13:31.000,HEDGED_POSITION,FLATTENING,reversion_exit,10206.0,10121.0,10291.0,10204.5,70
20260303,51211000,11:13:31.000,FLATTENING,COOLDOWN,reversion_exit,10206.0,10121.0,10291.0,10204.5,72
20260303,51213000,11:13:33.000,COOLDOWN,FLAT_QUOTING,fair_recovered,10201.0,10116.0,10286.0,10200.75,70
20260303,51214000,11:13:34.000,FLAT_QUOTING,LONG_PENDING_HEDGE,target_fill,10201.0,10116.0,10286.0,,72
20260303,51215000,11:13:35.000,LONG_PENDING_HEDGE,HEDGED_POSITION,hedge_fill,10201.0,10116.0,10286.0,10207.5,72
20260303,51216000,11:13:36.000,HEDGED_POSITION,FLATTENING,reversion_exit,10201.0,10116.0,10286.0,10206.5,70
20260303,51216000,11:13:36.000,FLATTENING,COOLDOWN,reversion_exit,10201.0,10116.0,10286.0,10206.5,72
20260303,51218000,11:13:38.000,COOLDOWN,FLAT_QUOTING,fair_recovered,10210.0,10125.0,10295.0,10209.75,70
20260303,51219000,11:13:39.000,FLAT_QUOTING,LONG_PENDING_HEDGE,target_fill,10210.0,10125.0,10295.0,10202.0,72
20260303,51220000,11:13:40.000,LONG_PENDING_HEDGE,HEDGED_POSITION,hedge_fill,10210.0,10125.0,10295.0,10200.5,72
20260303,51221000,11:13:41.000,HEDGED_POSITION,FLATTENING,reference_invalid_exit,10210.0,10125.0,10295.0,10200.25,70
20260303,51221000,11:13:41.000,FLATTENING,COOLDOWN,reference_invalid_exit,10210.0,10125.0,10295.0,10200.25,72
20260303,51223000,11:13:43.000,COOLDOWN,FLAT_QUOTING,fair_recovered,10218.0,10133.0,10303.0,10199.5,70
20260303,51224000,11:13:44.000,FLAT_QUOTING,LONG_PENDING_HEDGE,target_fill,10218.0,10133.0,10303.0,10199.75,72
20260303,51225000,11:13:45.000,LONG_PENDING_HEDGE,HEDGED_POSITION,hedge_fill,10218.0,10133.0,10303.0,10199.5,72
20260303,51226000,11:13:46.000,HEDGED_POSITION,FLATTENING,reference_invalid_exit,10218.0,10133.0,10303.0,10198.5,70
20260303,51226000,11:13:46.000,FLATTENING,COOLDOWN,reference_invalid_exit,10218.0,10133.0,10303.0,10198.5,72
20260303,51228000,11:13:48.000,COOLDOWN,FLAT_QUOTING,fair_recovered,10214.0,10129.0,10299.0,10197.5,70
20260303,51229000,11:13:49.000,FLAT_QUOTING,LONG_PENDING_HEDGE,target_fill,10214.0,10129.0,10299.0,10196.25,72
20260303,51230000,11:13:50.000,LONG_PENDING_HEDGE,HEDGED_POSITION,hedge_fill,10214.0,10129.0,10299.0,10196.75,72
20260303,51231000,11:13:51.000,HEDGED_POSITION,FLATTENING,reversion_exit,10214.0,10129.0,10299.0,10206.75,70
20260303,51231000,11:13:51.000,FLATTENING,COOLDOWN,reversion_exit,10214.0,10129.0,10299.0,10206.75,72
20260303,51233000,11:13:53.000,COOLDOWN,FLAT_QUOTING,fair_recovered,10210.0,10125.0,10295.0,10209.5,70
20260303,51234000,11:13:54.000,FLAT_QUOTING,LONG_PENDING_HEDGE,target_fill,10210.0,10125.0,10295.0,10207.5,72
20260303,51235000,11:13:55.000,LONG_PENDING_HEDGE,HEDGED_POSITION,hedge_fill,10210.0,10125.0,10295.0,10206.75,72
20260303,51236000,11:13:56.000,HEDGED_POSITION,FLATTENING,reversion_exit,10210.0,10125.0,10295.0,10202.75,70
20260303,51236000,11:13:56.000,FLATTENING,COOLDOWN,reversion_exit,10210.0,10125.0,10295.0,10202.75,72
20260303,51238000,11:13:58.000,COOLDOWN,FLAT_QUOTING,fair_recovered,10206.0,10121.0,10291.0,10206.25,70
20260303,51239000,11:13:59.000,FLAT_QUOTING,LONG_PENDING_HEDGE,target_fill,10206.0,10121.0,10291.0,10206.5,72
20260303,51240000,11:14:00.000,LONG_PENDING_HEDGE,HEDGED_POSITION,hedge_fill,10206.0,10121.0,10291.0,10206.25,72
20260303,51241000,11:14:01.000,HEDGED_POSITION,FLATTENING,reversion_exit,10206.0,10121.0,10291.0,10205.75,70
20260303,51241000,11:14:01.000,FLATTENING,COOLDOWN,reversion_exit,10206.0,10121.0,10291.0,10205.75,72
20260303,51243000,11:14:03.000,COOLDOWN,FLAT_QUOTING,fair_recovered,10211.0,10126.0,10296.0,10211.375,70
20260303,51244000,11:14:04.000,FLAT_QUOTING,LONG_PENDING_HEDGE,target_fill,10211.0,10126.0,10296.0,10211.375,72
20260303,51245000,11:14:05.000,LONG_PENDING_HEDGE,HEDGED_POSITION,hedge_fill,10211.0,10126.0,10296.0,10210.875,72
20260303,51246000,11:14:06.000,HEDGED_POSITION,FLATTENING,reversion_exit,10211.0,10126.0,10296.0,10214.75,70
20260303,51246000,11:14:06.000,FLATTENING,COOLDOWN,reversion_exit,10211.0,10126.0,10296.0,10214.75,72
20260303,51248000,11:14:08.000,COOLDOWN,FLAT_QUOTING,fair_recovered,10216.0,10131.0,10301.0,10216.25,70
20260303,51249000,11:14:09.000,FLAT_QUOTING,LONG_PENDING_HEDGE,target_fill,10216.0,10131.0,10301.0,10217.0,72
20260303,51250000,11:14:10.000,LONG_PENDING_HEDGE,HEDGED_POSITION,hedge_fill,10216.0,10131.0,10301.0,10217.75,72
20260303,51251000,11:14:11.000,HEDGED_POSITION,FLATTENING,reversion_exit,10216.0,10131.0,10301.0,10218.5,70
20260303,51251000,11:14:11.000,FLATTENING,COOLDOWN,reversion_exit,10216.0,10131.0,10301.0,10218.5,72
20260303,51253000,11:14:13.000,COOLDOWN,FLAT_QUOTING,fair_recovered,10218.0,10133.0,10303.0,10218.0,70
20260303,51254000,11:14:14.000,FLAT_QUOTING,LONG_PENDING_HEDGE,target_fill,10218.0,10133.0,10303.0,10219.5,72
20260303,51255000,11:14:15.000,LONG_PENDING_HEDGE,HEDGED_POSITION,hedge_fill,10218.0,10133.0,10303.0,10219.75,72
20260303,51256000,11:14:16.000,HEDGED_POSITION,FLATTENING,reversion_exit,10218.0,10133.0,10303.0,10224.0,70
20260303,51256000,11:14:16.000,FLATTENING,COOLDOWN,reversion_exit,10218.0,10133.0,10303.0,10224.0,72
20260303,51258000,11:14:18.000,COOLDOWN,FLAT_QUOTING,fair_recovered,10213.0,10128.0,10298.0,10213.0,70
20260303,51259000,11:14:19.000,FLAT_QUOTING,LONG_PENDING_HEDGE,target_fill,10213.0,10128.0,10298.0,10212.0,72
20260303,51260000,11:14:20.000,LONG_PENDING_HEDGE,HEDGED_POSITION,hedge_fill,10213.0,10128.0,10298.0,10207.0,72
20260303,51261000,11:14:21.000,HEDGED_POSITION,FLATTENING,reversion_exit,10213.0,10128.0,10298.0,10206.375,70
20260303,51261000,11:14:21.000,FLATTENING,COOLDOWN,reversion_exit,10213.0,10128.0,10298.0,10206.375,72
20260303,51263000,11:14:23.000,COOLDOWN,FLAT_QUOTING,fair_recovered,10206.0,10121.0,10291.0,10205.75,70
20260303,51264000,11:14:24.000,FLAT_QUOTING,LONG_PENDING_HEDGE,target_fill,10206.0,10121.0,10291.0,10205.25,72
20260303,51265000,11:14:25.000,LONG_PENDING_HEDGE,HEDGED_POSITION,hedge_fill,10206.0,10121.0,10291.0,10202.0,72
20260303,51266000,11:14:26.000,HEDGED_POSITION,FLATTENING,reversion_exit,10206.0,10121.0,10291.0,10203.75,70
20260303,51266000,11:14:26.000,FLATTENING,COOLDOWN,reversion_exit,10206.0,10121.0,10291.0,10203.75,72
20260303,51268000,11:14:28.000,COOLDOWN,FLAT_QUOTING,fair_recovered,10205.0,10120.0,10290.0,10205.0,70
20260303,51269000,11:14:29.000,FLAT_QUOTING,LONG_PENDING_HEDGE,target_fill,10205.0,10120.0,10290.0,10204.25,72
20260303,51270000,11:14:30.000,LONG_PENDING_HEDGE,HEDGED_POSITION,hedge_fill,10205.0,10120.0,10290.0,10205.5,72
20260303,51271000,11:14:31.000,HEDGED_POSITION,FLATTENING,reversion_exit,10205.0,10120.0,10290.0,10210.0,70
20260303,51271000,11:14:31.000,FLATTENING,COOLDOWN,reversion_exit,10205.0,10120.0,10290.0,10210.0,72
20260303,51273000,11:14:33.000,COOLDOWN,FLAT_QUOTING,fair_recovered,10214.0,10129.0,10299.0,10214.0,70
20260303,51274000,11:14:34.000,FLAT_QUOTING,LONG_PENDING_HEDGE,target_fill,10214.0,10129.0,10299.0,10211.5,72
20260303,51275000,11:14:35.000,LONG_PENDING_HEDGE,HEDGED_POSITION,hedge_fill,10214.0,10129.0,10299.0,10209.75,72
20260303,51276000,11:14:36.000,HEDGED_POSITION,FLATTENING,reference_invalid_exit,10214.0,10129.0,10299.0,10209.25,70
20260303,51276000,11:14:36.000,FLATTENING,COOLDOWN,reference_invalid_exit,10214.0,10129.0,10299.0,10209.25,72
20260303,51278000,11:14:38.000,COOLDOWN,FLAT_QUOTING,fair_recovered,10205.0,10120.0,10290.0,10204.75,70
20260303,51279000,11:14:39.000,FLAT_QUOTING,LONG_PENDING_HEDGE,target_fill,10205.0,10120.0,10290.0,10205.5,72
20260303,51280000,11:14:40.000,LONG_PENDING_HEDGE,HEDGED_POSITION,hedge_fill,10205.0,10120.0,10290.0,10206.5,72
20260303,51281000,11:14:41.000,HEDGED_POSITION,FLATTENING,reversion_exit,10205.0,10120.0,10290.0,10209.25,70
20260303,51281000,11:14:41.000,FLATTENING,COOLDOWN,reversion_exit,10205.0,10120.0,10290.0,10209.25,72
20260303,51283000,11:14:43.000,COOLDOWN,FLAT_QUOTING,fair_recovered,10202.0,10117.0,10287.0,10207.125,70
20260303,51284000,11:14:44.000,FLAT_QUOTING,LONG_PENDING_HEDGE,target_fill,10202.0,10117.0,10287.0,10208.5,72
20260303,51285000,11:14:45.000,LONG_PENDING_HEDGE,HEDGED_POSITION,hedge_fill,10202.0,10117.0,10287.0,10204.5,72
20260303,51286000,11:14:46.000,HEDGED_POSITION,FLATTENING,reference_invalid_exit,10202.0,10117.0,10287.0,10210.0,70
20260303,51286000,11:14:46.000,FLATTENING,COOLDOWN,reference_invalid_exit,10202.0,10117.0,10287.0,10210.0,72
20260303,51288000,11:14:48.000,COOLDOWN,FLAT_QUOTING,fair_recovered,10205.0,10120.0,10290.0,10211.25,70
20260303,51289000,11:14:49.000,FLAT_QUOTING,LONG_PENDING_HEDGE,target_fill,10205.0,10120.0,10290.0,10208.25,72
20260303,51290000,11:14:50.000,LONG_PENDING_HEDGE,HEDGED_POSITION,hedge_fill,10205.0,10120.0,10290.0,10208.25,72
20260303,51291000,11:14:51.000,HEDGED_POSITION,FLATTENING,reference_invalid_exit,10205.0,10120.0,10290.0,10208.0,70
20260303,51291000,11:14:51.000,FLATTENING,COOLDOWN,reference_invalid_exit,10205.0,10120.0,10290.0,10208.0,72
20260303,51293000,11:14:53.000,COOLDOWN,FLAT_QUOTING,fair_recovered,10206.0,10121.0,10291.0,10209.5,70
20260303,51294000,11:14:54.000,FLAT_QUOTING,LONG_PENDING_HEDGE,target_fill,10206.0,10121.0,10291.0,10211.0,72
20260303,51295000,11:14:55.000,LONG_PENDING_HEDGE,HEDGED_POSITION,hedge_fill,10206.0,10121.0,10291.0,10211.5,72
20260303,51296000,11:14:56.000,HEDGED_POSITION,FLATTENING,reference_invalid_exit,10206.0,10121.0,10291.0,10215.0,70
20260303,51296000,11:14:56.000,FLATTENING,COOLDOWN,reference_invalid_exit,10206.0,10121.0,10291.0,10215.0,72
20260303,51298000,11:14:58.000,COOLDOWN,FLAT_QUOTING,fair_recovered,10218.0,10133.0,10303.0,10219.5,70
20260303,51299000,11:14:59.000,FLAT_QUOTING,LONG_PENDING_HEDGE,target_fill,10218.0,10133.0,10303.0,10219.5,72
20260303,51300000,11:15:00.000,LONG_PENDING_HEDGE,HEDGED_POSITION,hedge_fill,10218.0,10133.0,10303.0,10220.25,72
20260303,51301000,11:15:01.000,HEDGED_POSITION,FLATTENING,reference_invalid_exit,10218.0,10133.0,10303.0,10221.0,70
20260303,51301000,11:15:01.000,FLATTENING,COOLDOWN,reference_invalid_exit,10218.0,10133.0,10303.0,10221.0,72
20260303,51303000,11:15:03.000,COOLDOWN,FLAT_QUOTING,fair_recovered,10213.0,10128.0,10298.0,10213.25,70
20260303,51304000,11:15:04.000,FLAT_QUOTING,LONG_PENDING_HEDGE,target_fill,10213.0,10128.0,10298.0,10209.5,72
20260303,51305000,11:15:05.000,LONG_PENDING_HEDGE,HEDGED_POSITION,hedge_fill,10213.0,10128.0,10298.0,10207.25,72
20260303,51306000,11:15:06.000,HEDGED_POSITION,FLATTENING,reference_invalid_exit,10213.0,10128.0,10298.0,10207.25,70
20260303,51306000,11:15:06.000,FLATTENING,COOLDOWN,reference_invalid_exit,10213.0,10128.0,10298.0,10207.25,72
20260303,51308000,11:15:08.000,COOLDOWN,FLAT_QUOTING,fair_recovered,10204.0,10119.0,10289.0,10208.0,70
20260303,51309000,11:15:09.000,FLAT_QUOTING,LONG_PENDING_HEDGE,target_fill,10204.0,10119.0,10289.0,10207.5,72
20260303,51310000,11:15:10.000,LONG_PENDING_HEDGE,HEDGED_POSITION,hedge_fill,10204.0,10119.0,10289.0,10206.0,72
20260303,51311000,11:15:11.000,HEDGED_POSITION,FLATTENING,reference_invalid_exit,10204.0,10119.0,10289.0,,70
20260303,51311000,11:15:11.000,FLATTENING,COOLDOWN,reference_invalid_exit,10204.0,10119.0,10289.0,,72
20260303,51313000,11:15:13.000,COOLDOWN,FLAT_QUOTING,fair_recovered,10187.0,10102.0,10272.0,10200.25,70
20260303,51314000,11:15:14.000,FLAT_QUOTING,LONG_PENDING_HEDGE,target_fill,10187.0,10102.0,10272.0,10201.75,72
20260303,51315000,11:15:15.000,LONG_PENDING_HEDGE,HEDGED_POSITION,hedge_fill,10187.0,10102.0,10272.0,10199.5,72
20260303,51316000,11:15:16.000,HEDGED_POSITION,FLATTENING,reference_invalid_exit,10187.0,10102.0,10272.0,10198.5,70
20260303,51316000,11:15:16.000,FLATTENING,COOLDOWN,reference_invalid_exit,10187.0,10102.0,10272.0,10198.5,72
20260303,51318000,11:15:18.000,COOLDOWN,FLAT_QUOTING,fair_recovered,10190.0,10105.0,10275.0,10202.0,70
20260303,51319000,11:15:19.000,FLAT_QUOTING,LONG_PENDING_HEDGE,target_fill,10190.0,10105.0,10275.0,10203.0,72
20260303,51320000,11:15:20.000,LONG_PENDING_HEDGE,HEDGED_POSITION,hedge_fill,10190.0,10105.0,10275.0,10204.75,72
20260303,51321000,11:15:21.000,HEDGED_POSITION,FLATTENING,reference_invalid_exit,10190.0,10105.0,10275.0,10204.5,70
20260303,51321000,11:15:21.000,FLATTENING,COOLDOWN,reference_invalid_exit,10190.0,10105.0,10275.0,10204.5,72
20260303,51323000,11:15:23.000,COOLDOWN,FLAT_QUOTING,fair_recovered,10194.0,10109.0,10279.0,10203.5,70
20260303,51325000,11:15:25.000,FLAT_QUOTING,LONG_PENDING_HEDGE,target_fill,10194.0,10109.0,10279.0,10202.25,71
20260303,51326000,11:15:26.000,LONG_PENDING_HEDGE,HEDGED_POSITION,hedge_fill,10194.0,10109.0,10279.0,10202.25,70
20260303,51327000,11:15:27.000,HEDGED_POSITION,FLATTENING,reference_invalid_exit,10194.0,10109.0,10279.0,10201.0,70
20260303,51327000,11:15:27.000,FLATTENING,COOLDOWN,reference_invalid_exit,10194.0,10109.0,10279.0,10201.0,72
20260303,51329000,11:15:29.000,COOLDOWN,FLAT_QUOTING,fair_recovered,10187.0,10102.0,10272.0,10193.5,69
20260303,51330000,11:15:30.000,FLAT_QUOTING,LONG_PENDING_HEDGE,target_fill,10187.0,10102.0,10272.0,10189.5,71
20260303,51331000,11:15:31.000,LONG_PENDING_HEDGE,HEDGED_POSITION,hedge_fill,10187.0,10102.0,10272.0,10187.5,70
20260303,51332000,11:15:32.000,HEDGED_POSITION,FLATTENING,reference_invalid_exit,10187.0,10102.0,10272.0,10187.75,70
20260303,51332000,11:15:32.000,FLATTENING,COOLDOWN,reference_invalid_exit,10187.0,10102.0,10272.0,10187.75,72
20260303,51334000,11:15:34.000,COOLDOWN,FLAT_QUOTING,fair_recovered,10170.0,10085.0,10255.0,,69
20260303,51335000,11:15:35.000,FLAT_QUOTING,LONG_PENDING_HEDGE,target_fill,10170.0,10085.0,10255.0,,71
20260303,51336000,11:15:36.000,LONG_PENDING_HEDGE,HEDGED_POSITION,hedge_fill,10170.0,10085.0,10255.0,,70
20260303,51337000,11:15:37.000,HEDGED_POSITION,FLATTENING,reference_invalid_exit,10170.0,10085.0,10255.0,,70
20260303,51337000,11:15:37.000,FLATTENING,COOLDOWN,reference_invalid_exit,10170.0,10085.0,10255.0,,72
20260303,51339000,11:15:39.000,COOLDOWN,FLAT_QUOTING,fair_recovered,10168.0,10083.0,10253.0,,69
20260303,51340000,11:15:40.000,FLAT_QUOTING,LONG_PENDING_HEDGE,target_fill,10168.0,10083.0,10253.0,,71
20260303,51341000,11:15:41.000,LONG_PENDING_HEDGE,HEDGED_POSITION,hedge_fill,10168.0,10083.0,10253.0,,70
20260303,51342000,11:15:42.000,HEDGED_POSITION,FLATTENING,reference_invalid_exit,10168.0,10083.0,10253.0,,70
20260303,51342000,11:15:42.000,FLATTENING,COOLDOWN,reference_invalid_exit,10168.0,10083.0,10253.0,,72
20260303,51344000,11:15:44.000,COOLDOWN,FLAT_QUOTING,fair_recovered,10167.0,10082.0,10252.0,,69
20260303,51345000,11:15:45.000,FLAT_QUOTING,LONG_PENDING_HEDGE,target_fill,10167.0,10082.0,10252.0,,71
20260303,51346000,11:15:46.000,LONG_PENDING_HEDGE,HEDGED_POSITION,hedge_fill,10167.0,10082.0,10252.0,,70
20260303,51347000,11:15:47.000,HEDGED_POSITION,FLATTENING,reference_invalid_exit,10167.0,10082.0,10252.0,,70
20260303,51347000,11:15:47.000,FLATTENING,COOLDOWN,reference_invalid_exit,10167.0,10082.0,10252.0,,72
20260303,51349000,11:15:49.000,COOLDOWN,FLAT_QUOTING,fair_recovered,10176.0,10091.0,10261.0,10176.5,69
20260303,51350000,11:15:50.000,FLAT_QUOTING,LONG_PENDING_HEDGE,target_fill,10176.0,10091.0,10261.0,10176.5,71
20260303,51351000,11:15:51.000,LONG_PENDING_HEDGE,HEDGED_POSITION,hedge_fill,10176.0,10091.0,10261.0,10173.75,70
20260303,51352000,11:15:52.000,HEDGED_POSITION,FLATTENING,reference_invalid_exit,10176.0,10091.0,10261.0,10172.25,70
20260303,51352000,11:15:52.000,FLATTENING,COOLDOWN,reference_invalid_exit,10176.0,10091.0,10261.0,10172.25,72
20260303,51354000,11:15:54.000,COOLDOWN,FLAT_QUOTING,fair_recovered,10172.0,10087.0,10257.0,10172.5,69
20260303,51355000,11:15:55.000,FLAT_QUOTING,LONG_PENDING_HEDGE,target_fill,10172.0,10087.0,10257.0,10171.5,71
20260303,51356000,11:15:56.000,LONG_PENDING_HEDGE,HEDGED_POSITION,hedge_fill,10172.0,10087.0,10257.0,10170.5,70
20260303,51357000,11:15:57.000,HEDGED_POSITION,FLATTENING,reference_invalid_exit,10172.0,10087.0,10257.0,10170.25,70
20260303,51357000,11:15:57.000,FLATTENING,COOLDOWN,reference_invalid_exit,10172.0,10087.0,10257.0,10170.25,72
20260303,51359000,11:15:59.000,COOLDOWN,FLAT_QUOTING,fair_recovered,10171.0,10086.0,10256.0,10172.75,69
20260303,51360000,11:16:00.000,FLAT_QUOTING,LONG_PENDING_HEDGE,target_fill,10171.0,10086.0,10256.0,10173.75,71
20260303,51361000,11:16:01.000,LONG_PENDING_HEDGE,HEDGED_POSITION,hedge_fill,10171.0,10086.0,10256.0,10173.5,70
20260303,51362000,11:16:02.000,HEDGED_POSITION,FLATTENING,reference_invalid_exit,10171.0,10086.0,10256.0,10175.0,70
20260303,51362000,11:16:02.000,FLATTENING,COOLDOWN,reference_invalid_exit,10171.0,10086.0,10256.0,10175.0,72
20260303,51364000,11:16:04.000,COOLDOWN,FLAT_QUOTING,fair_recovered,10172.0,10087.0,10257.0,10175.0,69
20260303,51365000,11:16:05.000,FLAT_QUOTING,LONG_PENDING_HEDGE,target_fill,10172.0,10087.0,10257.0,10175.5,71
20260303,51366000,11:16:06.000,LONG_PENDING_HEDGE,HEDGED_POSITION,hedge_fill,10172.0,10087.0,10257.0,10173.5,70
20260303,51367000,11:16:07.000,HEDGED_POSITION,FLATTENING,reference_invalid_exit,10172.0,10087.0,10257.0,10173.5,70
20260303,51367000,11:16:07.000,FLATTENING,COOLDOWN,reference_invalid_exit,10172.0,10087.0,10257.0,10173.5,72
20260303,51369000,11:16:09.000,COOLDOWN,FLAT_QUOTING,fair_recovered,10173.0,10088.0,10258.0,10172.5,69
20260303,51370000,11:16:10.000,FLAT_QUOTING,LONG_PENDING_HEDGE,target_fill,10173.0,10088.0,10258.0,10171.75,71
20260303,51371000,11:16:11.000,LONG_PENDING_HEDGE,HEDGED_POSITION,hedge_fill,10173.0,10088.0,10258.0,10170.0,70
20260303,51372000,11:16:12.000,HEDGED_POSITION,FLATTENING,reference_invalid_exit,10173.0,10088.0,10258.0,10170.25,70
20260303,51372000,11:16:12.000,FLATTENING,COOLDOWN,reference_invalid_exit,10173.0,10088.0,10258.0,10170.25,72
20260303,51374000,11:16:14.000,COOLDOWN,FLAT_QUOTING,fair_recovered,10173.0,10088.0,10258.0,10171.5,69
20260303,51375000,11:16:15.000,FLAT_QUOTING,LONG_PENDING_HEDGE,target_fill,10173.0,10088.0,10258.0,10172.25,71
20260303,51376000,11:16:16.000,LONG_PENDING_HEDGE,HEDGED_POSITION,hedge_fill,10173.0,10088.0,10258.0,10169.5,70
20260303,51377000,11:16:17.000,HEDGED_POSITION,FLATTENING,reference_invalid_exit,10173.0,10088.0,10258.0,,70
20260303,51377000,11:16:17.000,FLATTENING,COOLDOWN,reference_invalid_exit,10173.0,10088.0,10258.0,,72
20260303,51379000,11:16:19.000,COOLDOWN,FLAT_QUOTING,fair_recovered,10169.0,10084.0,10254.0,10169.0,69
20260303,51380000,11:16:20.000,FLAT_QUOTING,LONG_PENDING_HEDGE,target_fill,10169.0,10084.0,10254.0,10168.25,71
20260303,51381000,11:16:21.000,LONG_PENDING_HEDGE,HEDGED_POSITION,hedge_fill,10169.0,10084.0,10254.0,10167.5,70
20260303,51382000,11:16:22.000,HEDGED_POSITION,FLATTENING,reference_invalid_exit,10169.0,10084.0,10254.0,,70
20260303,51382000,11:16:22.000,FLATTENING,COOLDOWN,reference_invalid_exit,10169.0,10084.0,10254.0,,72
20260303,51384000,11:16:24.000,COOLDOWN,FLAT_QUOTING,fair_recovered,10166.0,10081.0,10251.0,10166.5,70
20260303,51385000,11:16:25.000,FLAT_QUOTING,LONG_PENDING_HEDGE,target_fill,10166.0,10081.0,10251.0,10166.5,72
20260303,51386000,11:16:26.000,LONG_PENDING_HEDGE,HEDGED_POSITION,hedge_fill,10166.0,10081.0,10251.0,10166.75,72
20260303,51387000,11:16:27.000,HEDGED_POSITION,FLATTENING,reversion_exit,10166.0,10081.0,10251.0,10166.25,70
20260303,51387000,11:16:27.000,FLATTENING,COOLDOWN,reversion_exit,10166.0,10081.0,10251.0,10166.25,72
20260303,51389000,11:16:29.000,COOLDOWN,FLAT_QUOTING,fair_recovered,10166.0,10081.0,10251.0,10166.25,70
20260303,51390000,11:16:30.000,FLAT_QUOTING,LONG_PENDING_HEDGE,target_fill,10166.0,10081.0,10251.0,,72
20260303,51391000,11:16:31.000,LONG_PENDING_HEDGE,HEDGED_POSITION,hedge_fill,10166.0,10081.0,10251.0,,72
20260303,51392000,11:16:32.000,HEDGED_POSITION,FLATTENING,reference_invalid_exit,10166.0,10081.0,10251.0,,70
20260303,51392000,11:16:32.000,FLATTENING,COOLDOWN,reference_invalid_exit,10166.0,10081.0,10251.0,,72
20260303,51394000,11:16:34.000,COOLDOWN,FLAT_QUOTING,fair_recovered,10168.0,10083.0,10253.0,,70
20260303,51395000,11:16:35.000,FLAT_QUOTING,LONG_PENDING_HEDGE,target_fill,10168.0,10083.0,10253.0,10169.25,72
20260303,51396000,11:16:36.000,LONG_PENDING_HEDGE,HEDGED_POSITION,hedge_fill,10168.0,10083.0,10253.0,10173.0,72
20260303,51397000,11:16:37.000,HEDGED_POSITION,FLATTENING,reversion_exit,10168.0,10083.0,10253.0,10173.75,70
20260303,51397000,11:16:37.000,FLATTENING,COOLDOWN,reversion_exit,10168.0,10083.0,10253.0,10173.75,72
20260303,51399000,11:16:39.000,COOLDOWN,FLAT_QUOTING,fair_recovered,10176.0,10091.0,10261.0,10175.5,70
20260303,51400000,11:16:40.000,FLAT_QUOTING,LONG_PENDING_HEDGE,target_fill,10176.0,10091.0,10261.0,10178.5,72
20260303,51401000,11:16:41.000,LONG_PENDING_HEDGE,HEDGED_POSITION,hedge_fill,10176.0,10091.0,10261.0,10181.5,72
20260303,51402000,11:16:42.000,HEDGED_POSITION,FLATTENING,reversion_exit,10176.0,10091.0,10261.0,10186.0,70
20260303,51402000,11:16:42.000,FLATTENING,COOLDOWN,reversion_exit,10176.0,10091.0,10261.0,10186.0,72
20260303,51404000,11:16:44.000,COOLDOWN,FLAT_QUOTING,fair_recovered,10185.0,10100.0,10270.0,10185.25,70
20260303,51405000,11:16:45.000,FLAT_QUOTING,LONG_PENDING_HEDGE,target_fill,10185.0,10100.0,10270.0,10184.25,72
20260303,51406000,11:16:46.000,LONG_PENDING_HEDGE,HEDGED_POSITION,hedge_fill,10185.0,10100.0,10270.0,10185.625,72
20260303,51407000,11:16:47.000,HEDGED_POSITION,FLATTENING,reversion_exit,10185.0,10100.0,10270.0,10186.25,70
20260303,51407000,11:16:47.000,FLATTENING,COOLDOWN,reversion_exit,10185.0,10100.0,10270.0,10186.25,72
20260303,51409000,11:16:49.000,COOLDOWN,FLAT_QUOTING,fair_recovered,10188.0,10103.0,10273.0,10188.5,70
20260303,51410000,11:16:50.000,FLAT_QUOTING,LONG_PENDING_HEDGE,target_fill,10188.0,10103.0,10273.0,10188.75,72
20260303,51411000,11:16:51.000,LONG_PENDING_HEDGE,HEDGED_POSITION,hedge_fill,10188.0,10103.0,10273.0,10188.75,72
20260303,51412000,11:16:52.000,HEDGED_POSITION,FLATTENING,reversion_exit,10188.0,10103.0,10273.0,10189.75,70
20260303,51412000,11:16:52.000,FLATTENING,COOLDOWN,reversion_exit,10188.0,10103.0,10273.0,10189.75,72
20260303,51414000,11:16:54.000,COOLDOWN,FLAT_QUOTING,fair_recovered,10186.0,10101.0,10271.0,10186.25,70
20260303,51415000,11:16:55.000,FLAT_QUOTING,LONG_PENDING_HEDGE,target_fill,10186.0,10101.0,10271.0,10186.0,72
20260303,51416000,11:16:56.000,LONG_PENDING_HEDGE,HEDGED_POSITION,hedge_fill,10186.0,10101.0,10271.0,10185.5,72
20260303,51417000,11:16:57.000,HEDGED_POSITION,FLATTENING,reversion_exit,10186.0,10101.0,10271.0,10184.5,70
20260303,51417000,11:16:57.000,FLATTENING,COOLDOWN,reversion_exit,10186.0,10101.0,10271.0,10184.5,72
20260303,51419000,11:16:59.000,COOLDOWN,FLAT_QUOTING,fair_recovered,10182.0,10097.0,10267.0,10182.5,70
20260303,51420000,11:17:00.000,FLAT_QUOTING,LONG_PENDING_HEDGE,target_fill,10182.0,10097.0,10267.0,10185.25,72
20260303,51421000,11:17:01.000,LONG_PENDING_HEDGE,HEDGED_POSITION,hedge_fill,10182.0,10097.0,10267.0,10184.0,72
20260303,51422000,11:17:02.000,HEDGED_POSITION,FLATTENING,reversion_exit,10182.0,10097.0,10267.0,10185.5,70
20260303,51422000,11:17:02.000,FLATTENING,COOLDOWN,reversion_exit,10182.0,10097.0,10267.0,10185.5,72
20260303,51424000,11:17:04.000,COOLDOWN,FLAT_QUOTING,fair_recovered,10184.0,10099.0,10269.0,10184.5,70
20260303,51425000,11:17:05.000,FLAT_QUOTING,LONG_PENDING_HEDGE,target_fill,10184.0,10099.0,10269.0,10183.0,72
20260303,51426000,11:17:06.000,LONG_PENDING_HEDGE,HEDGED_POSITION,hedge_fill,10184.0,10099.0,10269.0,10180.0,72
20260303,51427000,11:17:07.000,HEDGED_POSITION,FLATTENING,reversion_exit,10184.0,10099.0,10269.0,10178.5,70
20260303,51427000,11:17:07.000,FLATTENING,COOLDOWN,reversion_exit,10184.0,10099.0,10269.0,10178.5,72
20260303,51429000,11:17:09.000,COOLDOWN,FLAT_QUOTING,fair_recovered,10177.0,10092.0,10262.0,10176.75,70
20260303,51430000,11:17:10.000,FLAT_QUOTING,LONG_PENDING_HEDGE,target_fill,10177.0,10092.0,10262.0,10178.5,72
20260303,51431000,11:17:11.000,LONG_PENDING_HEDGE,HEDGED_POSITION,hedge_fill,10177.0,10092.0,10262.0,10177.75,72
20260303,51432000,11:17:12.000,HEDGED_POSITION,FLATTENING,reversion_exit,10177.0,10092.0,10262.0,10178.0,70
20260303,51432000,11:17:12.000,FLATTENING,COOLDOWN,reversion_exit,10177.0,10092.0,10262.0,10178.0,72
20260303,51434000,11:17:14.000,COOLDOWN,FLAT_QUOTING,fair_recovered,10177.0,10092.0,10262.0,10176.75,70
20260303,51435000,11:17:15.000,FLAT_QUOTING,LONG_PENDING_HEDGE,target_fill,10177.0,10092.0,10262.0,10178.75,72
20260303,51436000,11:17:16.000,LONG_PENDING_HEDGE,HEDGED_POSITION,hedge_fill,10177.0,10092.0,10262.0,10177.75,72
20260303,51437000,11:17:17.000,HEDGED_POSITION,FLATTENING,reversion_exit,10177.0,10092.0,10262.0,10174.75,70
20260303,51437000,11:17:17.000,FLATTENING,COOLDOWN,reversion_exit,10177.0,10092.0,10262.0,10174.75,72
20260303,51439000,11:17:19.000,COOLDOWN,FLAT_QUOTING,fair_recovered,10176.0,10091.0,10261.0,10176.0,70
20260303,51440000,11:17:20.000,FLAT_QUOTING,LONG_PENDING_HEDGE,target_fill,10176.0,10091.0,10261.0,10176.0,72
20260303,51441000,11:17:21.000,LONG_PENDING_HEDGE,HEDGED_POSITION,hedge_fill,10176.0,10091.0,10261.0,10175.75,72
20260303,51442000,11:17:22.000,HEDGED_POSITION,FLATTENING,reversion_exit,10176.0,10091.0,10261.0,10177.0,70
20260303,51442000,11:17:22.000,FLATTENING,COOLDOWN,reversion_exit,10176.0,10091.0,10261.0,10177.0,72
20260303,51444000,11:17:24.000,COOLDOWN,FLAT_QUOTING,fair_recovered,10180.0,10095.0,10265.0,10179.5,70
20260303,51445000,11:17:25.000,FLAT_QUOTING,LONG_PENDING_HEDGE,target_fill,10180.0,10095.0,10265.0,10178.25,72
20260303,51446000,11:17:26.000,LONG_PENDING_HEDGE,HEDGED_POSITION,hedge_fill,10180.0,10095.0,10265.0,10175.0,72
20260303,51447000,11:17:27.000,HEDGED_POSITION,FLATTENING,reversion_exit,10180.0,10095.0,10265.0,10174.5,70
20260303,51447000,11:17:27.000,FLATTENING,COOLDOWN,reversion_exit,10180.0,10095.0,10265.0,10174.5,72
20260303,51449000,11:17:29.000,COOLDOWN,FLAT_QUOTING,fair_recovered,10175.0,10090.0,10260.0,10175.25,70
20260303,51450000,11:17:30.000,FLAT_QUOTING,LONG_PENDING_HEDGE,target_fill,10175.0,10090.0,10260.0,10176.25,72
20260303,51451000,11:17:31.000,LONG_PENDING_HEDGE,HEDGED_POSITION,hedge_fill,10175.0,10090.0,10260.0,10174.75,72
20260303,51452000,11:17:32.000,HEDGED_POSITION,FLATTENING,reversion_exit,10175.0,10090.0,10260.0,10173.5,70
20260303,51452000,11:17:32.000,FLATTENING,COOLDOWN,reversion_exit,10175.0,10090.0,10260.0,10173.5,72
20260303,51454000,11:17:34.000,COOLDOWN,FLAT_QUOTING,fair_recovered,10175.0,10090.0,10260.0,10175.25,70
20260303,51455000,11:17:35.000,FLAT_QUOTING,LONG_PENDING_HEDGE,target_fill,10175.0,10090.0,10260.0,10174.75,72
20260303,51456000,11:17:36.000,LONG_PENDING_HEDGE,HEDGED_POSITION,hedge_fill,10175.0,10090.0,10260.0,10176.0,72
20260303,51457000,11:17:37.000,HEDGED_POSITION,FLATTENING,reversion_exit,10175.0,10090.0,10260.0,10176.5,70
20260303,51457000,11:17:37.000,FLATTENING,COOLDOWN,reversion_exit,10175.0,10090.0,10260.0,10176.5,72
20260303,51459000,11:17:39.000,COOLDOWN,FLAT_QUOTING,fair_recovered,10178.0,10093.0,10263.0,10177.875,70
20260303,51460000,11:17:40.000,FLAT_QUOTING,LONG_PENDING_HEDGE,target_fill,10178.0,10093.0,10263.0,10177.75,72
20260303,51461000,11:17:41.000,LONG_PENDING_HEDGE,HEDGED_POSITION,hedge_fill,10178.0,10093.0,10263.0,10177.75,72
20260303,51462000,11:17:42.000,HEDGED_POSITION,FLATTENING,reference_invalid_exit,10178.0,10093.0,10263.0,,70
20260303,51463000,11:17:43.000,FLATTENING,COOLDOWN,reference_invalid_exit,10178.0,10093.0,10263.0,10177.25,72
20260303,51465000,11:17:45.000,COOLDOWN,FLAT_QUOTING,fair_recovered,10180.0,10095.0,10265.0,10179.75,69
20260303,51466000,11:17:46.000,FLAT_QUOTING,LONG_PENDING_HEDGE,target_fill,10180.0,10095.0,10265.0,10181.0,71
20260303,51467000,11:17:47.000,LONG_PENDING_HEDGE,HEDGED_POSITION,hedge_fill,10180.0,10095.0,10265.0,10181.75,70
20260303,51468000,11:17:48.000,HEDGED_POSITION,FLATTENING,reversion_exit,10180.0,10095.0,10265.0,10182.25,70
20260303,51468000,11:17:48.000,FLATTENING,COOLDOWN,reversion_exit,10180.0,10095.0,10265.0,10182.25,72
20260303,51470000,11:17:50.000,COOLDOWN,FLAT_QUOTING,fair_recovered,10182.0,10097.0,10267.0,10182.0,69
20260303,51471000,11:17:51.000,FLAT_QUOTING,LONG_PENDING_HEDGE,target_fill,10182.0,10097.0,10267.0,10181.5,71
20260303,51472000,11:17:52.000,LONG_PENDING_HEDGE,HEDGED_POSITION,hedge_fill,10182.0,10097.0,10267.0,10180.75,70
20260303,51473000,11:17:53.000,HEDGED_POSITION,FLATTENING,reversion_exit,10182.0,10097.0,10267.0,10181.25,70
20260303,51473000,11:17:53.000,FLATTENING,COOLDOWN,reversion_exit,10182.0,10097.0,10267.0,10181.25,72
20260303,51475000,11:17:55.000,COOLDOWN,FLAT_QUOTING,fair_recovered,10183.0,10098.0,10268.0,10182.75,69
20260303,51476000,11:17:56.000,FLAT_QUOTING,LONG_PENDING_HEDGE,target_fill,10183.0,10098.0,10268.0,10178.0,71
20260303,51477000,11:17:57.000,LONG_PENDING_HEDGE,HEDGED_POSITION,hedge_fill,10183.0,10098.0,10268.0,,70
20260303,51478000,11:17:58.000,HEDGED_POSITION,FLATTENING,reversion_exit,10183.0,10098.0,10268.0,10182.25,70
20260303,51478000,11:17:58.000,FLATTENING,COOLDOWN,reversion_exit,10183.0,10098.0,10268.0,10182.25,72
20260303,51480000,11:18:00.000,COOLDOWN,FLAT_QUOTING,fair_recovered,10180.0,10095.0,10265.0,10180.0,69
20260303,51481000,11:18:01.000,FLAT_QUOTING,LONG_PENDING_HEDGE,target_fill,10180.0,10095.0,10265.0,10177.5,71
20260303,51482000,11:18:02.000,LONG_PENDING_HEDGE,HEDGED_POSITION,hedge_fill,10180.0,10095.0,10265.0,10177.5,70
20260303,51483000,11:18:03.000,HEDGED_POSITION,FLATTENING,reversion_exit,10180.0,10095.0,10265.0,10176.25,70
20260303,51483000,11:18:03.000,FLATTENING,COOLDOWN,reversion_exit,10180.0,10095.0,10265.0,10176.25,72
20260303,51485000,11:18:05.000,COOLDOWN,FLAT_QUOTING,fair_recovered,10174.0,10089.0,10259.0,10173.5,69
20260303,51486000,11:18:06.000,FLAT_QUOTING,LONG_PENDING_HEDGE,target_fill,10174.0,10089.0,10259.0,10173.75,71
20260303,51487000,11:18:07.000,LONG_PENDING_HEDGE,HEDGED_POSITION,hedge_fill,10174.0,10089.0,10259.0,10173.5,70
20260303,51488000,11:18:08.000,HEDGED_POSITION,FLATTENING,reversion_exit,10174.0,10089.0,10259.0,10175.25,70
20260303,51488000,11:18:08.000,FLATTENING,COOLDOWN,reversion_exit,10174.0,10089.0,10259.0,10175.25,72
20260303,51490000,11:18:10.000,COOLDOWN,FLAT_QUOTING,fair_recovered,10177.0,10092.0,10262.0,10177.25,69
20260303,51491000,11:18:11.000,FLAT_QUOTING,LONG_PENDING_HEDGE,target_fill,10177.0,10092.0,10262.0,10178.75,71
20260303,51492000,11:18:12.000,LONG_PENDING_HEDGE,HEDGED_POSITION,hedge_fill,10177.0,10092.0,10262.0,10181.25,70
20260303,51493000,11:18:13.000,HEDGED_POSITION,FLATTENING,reversion_exit,10177.0,10092.0,10262.0,10183.75,70
20260303,51493000,11:18:13.000,FLATTENING,COOLDOWN,reversion_exit,10177.0,10092.0,10262.0,10183.75,72
20260303,51495000,11:18:15.000,COOLDOWN,FLAT_QUOTING,fair_recovered,10189.0,10104.0,10274.0,10188.75,69
20260303,51496000,11:18:16.000,FLAT_QUOTING,LONG_PENDING_HEDGE,target_fill,10189.0,10104.0,10274.0,10190.0,71
20260303,51497000,11:18:17.000,LONG_PENDING_HEDGE,HEDGED_POSITION,hedge_fill,10189.0,10104.0,10274.0,,70
20260303,51498000,11:18:18.000,HEDGED_POSITION,FLATTENING,reversion_exit,10189.0,10104.0,10274.0,10192.25,70
20260303,51498000,11:18:18.000,FLATTENING,COOLDOWN,reversion_exit,10189.0,10104.0,10274.0,10192.25,72
20260303,51500000,11:18:20.000,COOLDOWN,FLAT_QUOTING,fair_recovered,10193.0,10108.0,10278.0,10193.0,69
20260303,51501000,11:18:21.000,FLAT_QUOTING,LONG_PENDING_HEDGE,target_fill,10193.0,10108.0,10278.0,10192.25,71
20260303,51502000,11:18:22.000,LONG_PENDING_HEDGE,HEDGED_POSITION,hedge_fill,10193.0,10108.0,10278.0,10191.75,70
20260303,51503000,11:18:23.000,HEDGED_POSITION,FLATTENING,reversion_exit,10193.0,10108.0,10278.0,10192.5,70
20260303,51503000,11:18:23.000,FLATTENING,COOLDOWN,reversion_exit,10193.0,10108.0,10278.0,10192.5,72
20260303,51505000,11:18:25.000,COOLDOWN,FLAT_QUOTING,fair_recovered,10195.0,10110.0,10280.0,10195.0,69
20260303,51506000,11:18:26.000,FLAT_QUOTING,LONG_PENDING_HEDGE,target_fill,10195.0,10110.0,10280.0,10196.5,71
20260303,51507000,11:18:27.000,LONG_PENDING_HEDGE,HEDGED_POSITION,hedge_fill,10195.0,10110.0,10280.0,10196.5,70
20260303,51508000,11:18:28.000,HEDGED_POSITION,FLATTENING,reversion_exit,10195.0,10110.0,10280.0,10195.0,70
20260303,51508000,11:18:28.000,FLATTENING,COOLDOWN,reversion_exit,10195.0,10110.0,10280.0,10195.0,72
20260303,51510000,11:18:30.000,COOLDOWN,FLAT_QUOTING,fair_recovered,10196.0,10111.0,10281.0,10195.75,69
20260303,51511000,11:18:31.000,FLAT_QUOTING,LONG_PENDING_HEDGE,target_fill,10196.0,10111.0,10281.0,10193.75,71
20260303,51512000,11:18:32.000,LONG_PENDING_HEDGE,HEDGED_POSITION,hedge_fill,10196.0,10111.0,10281.0,10192.25,70
20260303,51513000,11:18:33.000,HEDGED_POSITION,FLATTENING,reversion_exit,10196.0,10111.0,10281.0,10194.0,70
20260303,51513000,11:18:33.000,FLATTENING,COOLDOWN,reversion_exit,10196.0,10111.0,10281.0,10194.0,72
20260303,51515000,11:18:35.000,COOLDOWN,FLAT_QUOTING,fair_recovered,10191.0,10106.0,10276.0,10190.75,69
20260303,51516000,11:18:36.000,FLAT_QUOTING,LONG_PENDING_HEDGE,target_fill,10191.0,10106.0,10276.0,10190.5,71
20260303,51517000,11:18:37.000,LONG_PENDING_HEDGE,HEDGED_POSITION,hedge_fill,10191.0,10106.0,10276.0,10188.75,70
20260303,51518000,11:18:38.000,HEDGED_POSITION,FLATTENING,reversion_exit,10191.0,10106.0,10276.0,10189.25,70
20260303,51518000,11:18:38.000,FLATTENING,COOLDOWN,reversion_exit,10191.0,10106.0,10276.0,10189.25,72
20260303,51520000,11:18:40.000,COOLDOWN,FLAT_QUOTING,fair_recovered,10190.0,10105.0,10275.0,10190.0,69
20260303,51521000,11:18:41.000,FLAT_QUOTING,LONG_PENDING_HEDGE,target_fill,10190.0,10105.0,10275.0,10190.5,71
20260303,51522000,11:18:42.000,LONG_PENDING_HEDGE,HEDGED_POSITION,hedge_fill,10190.0,10105.0,10275.0,10191.5,70
20260303,51523000,11:18:43.000,HEDGED_POSITION,FLATTENING,reversion_exit,10190.0,10105.0,10275.0,10190.75,70
20260303,51523000,11:18:43.000,FLATTENING,COOLDOWN,reversion_exit,10190.0,10105.0,10275.0,10190.75,72
20260303,51525000,11:18:45.000,COOLDOWN,FLAT_QUOTING,fair_recovered,10189.0,10104.0,10274.0,10189.0,70
20260303,51526000,11:18:46.000,FLAT_QUOTING,LONG_PENDING_HEDGE,target_fill,10189.0,10104.0,10274.0,10187.0,72
20260303,51527000,11:18:47.000,LONG_PENDING_HEDGE,HEDGED_POSITION,hedge_fill,10189.0,10104.0,10274.0,10189.75,72
20260303,51528000,11:18:48.000,HEDGED_POSITION,FLATTENING,reversion_exit,10189.0,10104.0,10274.0,10193.5,70
20260303,51528000,11:18:48.000,FLATTENING,COOLDOWN,reversion_exit,10189.0,10104.0,10274.0,10193.5,72
20260303,51530000,11:18:50.000,COOLDOWN,FLAT_QUOTING,fair_recovered,10191.0,10106.0,10276.0,10191.0,70
20260303,51531000,11:18:51.000,FLAT_QUOTING,LONG_PENDING_HEDGE,target_fill,10191.0,10106.0,10276.0,10190.75,72
20260303,51532000,11:18:52.000,LONG_PENDING_HEDGE,HEDGED_POSITION,hedge_fill,10191.0,10106.0,10276.0,10190.25,72
20260303,51533000,11:18:53.000,HEDGED_POSITION,FLATTENING,reversion_exit,10191.0,10106.0,10276.0,10189.0,70
20260303,51533000,11:18:53.000,FLATTENING,COOLDOWN,reversion_exit,10191.0,10106.0,10276.0,10189.0,72
20260303,51535000,11:18:55.000,COOLDOWN,FLAT_QUOTING,fair_recovered,10186.0,10101.0,10271.0,10185.5,70
20260303,51536000,11:18:56.000,FLAT_QUOTING,LONG_PENDING_HEDGE,target_fill,10186.0,10101.0,10271.0,10186.75,72
20260303,51537000,11:18:57.000,LONG_PENDING_HEDGE,HEDGED_POSITION,hedge_fill,10186.0,10101.0,10271.0,10187.0,72
20260303,51538000,11:18:58.000,HEDGED_POSITION,FLATTENING,reference_invalid_exit,10186.0,10101.0,10271.0,,70
20260303,51538000,11:18:58.000,FLATTENING,COOLDOWN,reference_invalid_exit,10186.0,10101.0,10271.0,,72
20260303,51540000,11:19:00.000,COOLDOWN,FLAT_QUOTING,fair_recovered,10180.0,10095.0,10265.0,10180.25,70
20260303,51541000,11:19:01.000,FLAT_QUOTING,LONG_PENDING_HEDGE,target_fill,10180.0,10095.0,10265.0,10182.0,72
20260303,51542000,11:19:02.000,LONG_PENDING_HEDGE,HEDGED_POSITION,hedge_fill,10180.0,10095.0,10265.0,10181.0,72
20260303,51543000,11:19:03.000,HEDGED_POSITION,FLATTENING,reversion_exit,10180.0,10095.0,10265.0,10180.75,70
20260303,51543000,11:19:03.000,FLATTENING,COOLDOWN,reversion_exit,10180.0,10095.0,10265.0,10180.75,72
20260303,51545000,11:19:05.000,COOLDOWN,FLAT_QUOTING,fair_recovered,10184.0,10099.0,10269.0,10183.5,70
20260303,51546000,11:19:06.000,FLAT_QUOTING,LONG_PENDING_HEDGE,target_fill,10184.0,10099.0,10269.0,10183.5,72
20260303,51547000,11:19:07.000,LONG_PENDING_HEDGE,HEDGED_POSITION,hedge_fill,10184.0,10099.0,10269.0,10183.75,72
20260303,51548000,11:19:08.000,HEDGED_POSITION,FLATTENING,reversion_exit,10184.0,10099.0,10269.0,10183.75,70
20260303,51548000,11:19:08.000,FLATTENING,COOLDOWN,reversion_exit,10184.0,10099.0,10269.0,10183.75,72
20260303,51550000,11:19:10.000,COOLDOWN,FLAT_QUOTING,fair_recovered,10182.0,10097.0,10267.0,10182.25,70
20260303,51551000,11:19:11.000,FLAT_QUOTING,LONG_PENDING_HEDGE,target_fill,10182.0,10097.0,10267.0,10182.0,72
20260303,51552000,11:19:12.000,LONG_PENDING_HEDGE,HEDGED_POSITION,hedge_fill,10182.0,10097.0,10267.0,10183.0,72
20260303,51553000,11:19:13.000,HEDGED_POSITION,FLATTENING,reversion_exit,10182.0,10097.0,10267.0,10185.75,70
20260303,51553000,11:19:13.000,FLATTENING,COOLDOWN,reversion_exit,10182.0,10097.0,10267.0,10185.75,72
20260303,51555000,11:19:15.000,COOLDOWN,FLAT_QUOTING,fair_recovered,10184.0,10099.0,10269.0,10183.5,70
20260303,51556000,11:19:16.000,FLAT_QUOTING,LONG_PENDING_HEDGE,target_fill,10184.0,10099.0,10269.0,10184.25,72
20260303,51557000,11:19:17.000,LONG_PENDING_HEDGE,HEDGED_POSITION,hedge_fill,10184.0,10099.0,10269.0,10186.5,72
20260303,51558000,11:19:18.000,HEDGED_POSITION,FLATTENING,reversion_exit,10184.0,10099.0,10269.0,10187.25,70
20260303,51558000,11:19:18.000,FLATTENING,COOLDOWN,reversion_exit,10184.0,10099.0,10269.0,10187.25,72
20260303,51560000,11:19:20.000,COOLDOWN,FLAT_QUOTING,fair_recovered,10190.0,10105.0,10275.0,10190.5,70
20260303,51561000,11:19:21.000,FLAT_QUOTING,LONG_PENDING_HEDGE,target_fill,10190.0,10105.0,10275.0,10191.25,72
20260303,51562000,11:19:22.000,LONG_PENDING_HEDGE,HEDGED_POSITION,hedge_fill,10190.0,10105.0,10275.0,10191.75,72
20260303,51563000,11:19:23.000,HEDGED_POSITION,FLATTENING,reversion_exit,10190.0,10105.0,10275.0,10191.5,70
20260303,51563000,11:19:23.000,FLATTENING,COOLDOWN,reversion_exit,10190.0,10105.0,10275.0,10191.5,72
20260303,51565000,11:19:25.000,COOLDOWN,FLAT_QUOTING,fair_recovered,10195.0,10110.0,10280.0,10195.0,70
20260303,51566000,11:19:26.000,FLAT_QUOTING,LONG_PENDING_HEDGE,target_fill,10195.0,10110.0,10280.0,10196.0,72
20260303,51567000,11:19:27.000,LONG_PENDING_HEDGE,HEDGED_POSITION,hedge_fill,10195.0,10110.0,10280.0,10195.25,72
20260303,51568000,11:19:28.000,HEDGED_POSITION,FLATTENING,reversion_exit,10195.0,10110.0,10280.0,10194.5,70
20260303,51568000,11:19:28.000,FLATTENING,COOLDOWN,reversion_exit,10195.0,10110.0,10280.0,10194.5,72
20260303,51570000,11:19:30.000,COOLDOWN,FLAT_QUOTING,fair_recovered,10192.0,10107.0,10277.0,10192.0,70
20260303,51571000,11:19:31.000,FLAT_QUOTING,LONG_PENDING_HEDGE,target_fill,10192.0,10107.0,10277.0,10192.25,72
20260303,51572000,11:19:32.000,LONG_PENDING_HEDGE,HEDGED_POSITION,hedge_fill,10192.0,10107.0,10277.0,10193.0,72
20260303,51573000,11:19:33.000,HEDGED_POSITION,FLATTENING,reversion_exit,10192.0,10107.0,10277.0,10193.75,70
20260303,51573000,11:19:33.000,FLATTENING,COOLDOWN,reversion_exit,10192.0,10107.0,10277.0,10193.75,72
20260303,51575000,11:19:35.000,COOLDOWN,FLAT_QUOTING,fair_recovered,10193.0,10108.0,10278.0,10193.25,70
20260303,51576000,11:19:36.000,FLAT_QUOTING,LONG_PENDING_HEDGE,target_fill,10193.0,10108.0,10278.0,10193.25,72
20260303,51577000,11:19:37.000,LONG_PENDING_HEDGE,HEDGED_POSITION,hedge_fill,10193.0,10108.0,10278.0,10194.25,72
20260303,51578000,11:19:38.000,HEDGED_POSITION,FLATTENING,reversion_exit,10193.0,10108.0,10278.0,10196.25,70
20260303,51578000,11:19:38.000,FLATTENING,COOLDOWN,reversion_exit,10193.0,10108.0,10278.0,10196.25,72
20260303,51580000,11:19:40.000,COOLDOWN,FLAT_QUOTING,fair_recovered,10198.0,10113.0,10283.0,10198.25,70
20260303,51581000,11:19:41.000,FLAT_QUOTING,LONG_PENDING_HEDGE,target_fill,10198.0,10113.0,10283.0,10197.625,72
20260303,51582000,11:19:42.000,LONG_PENDING_HEDGE,HEDGED_POSITION,hedge_fill,10198.0,10113.0,10283.0,10195.75,72
20260303,51583000,11:19:43.000,HEDGED_POSITION,FLATTENING,reversion_exit,10198.0,10113.0,10283.0,10194.0,70
20260303,51583000,11:19:43.000,FLATTENING,COOLDOWN,reversion_exit,10198.0,10113.0,10283.0,10194.0,72
20260303,51585000,11:19:45.000,COOLDOWN,FLAT_QUOTING,fair_recovered,10194.0,10109.0,10279.0,10193.75,70
20260303,51586000,11:19:46.000,FLAT_QUOTING,LONG_PENDING_HEDGE,target_fill,10194.0,10109.0,10279.0,10194.0,72
20260303,51587000,11:19:47.000,LONG_PENDING_HEDGE,HEDGED_POSITION,hedge_fill,10194.0,10109.0,10279.0,10194.75,72
20260303,51588000,11:19:48.000,HEDGED_POSITION,FLATTENING,reversion_exit,10194.0,10109.0,10279.0,10194.375,70
20260303,51588000,11:19:48.000,FLATTENING,COOLDOWN,reversion_exit,10194.0,10109.0,10279.0,10194.375,72
20260303,51590000,11:19:50.000,COOLDOWN,FLAT_QUOTING,fair_recovered,10195.0,10110.0,10280.0,10195.375,70
20260303,51591000,11:19:51.000,FLAT_QUOTING,LONG_PENDING_HEDGE,target_fill,10195.0,10110.0,10280.0,10194.75,72
20260303,51592000,11:19:52.000,LONG_PENDING_HEDGE,HEDGED_POSITION,hedge_fill,10195.0,10110.0,10280.0,10196.75,72
20260303,51593000,11:19:53.000,HEDGED_POSITION,FLATTENING,reversion_exit,10195.0,10110.0,10280.0,10197.5,70
20260303,51593000,11:19:53.000,FLATTENING,COOLDOWN,reversion_exit,10195.0,10110.0,10280.0,10197.5,72
20260303,51595000,11:19:55.000,COOLDOWN,FLAT_QUOTING,fair_recovered,10198.0,10113.0,10283.0,10197.875,70
20260303,51596000,11:19:56.000,FLAT_QUOTING,LONG_PENDING_HEDGE,target_fill,10198.0,10113.0,10283.0,10197.25,72
20260303,51597000,11:19:57.000,LONG_PENDING_HEDGE,HEDGED_POSITION,hedge_fill,10198.0,10113.0,10283.0,10196.875,72
20260303,51598000,11:19:58.000,HEDGED_POSITION,FLATTENING,reversion_exit,10198.0,10113.0,10283.0,10195.125,70
20260303,51598000,11:19:58.000,FLATTENING,COOLDOWN,reversion_exit,10198.0,10113.0,10283.0,10195.125,72
20260303,51600000,11:20:00.000,COOLDOWN,FLAT_QUOTING,fair_recovered,10195.0,10110.0,10280.0,10194.875,70
20260303,51601000,11:20:01.000,FLAT_QUOTING,LONG_PENDING_HEDGE,target_fill,10195.0,10110.0,10280.0,10195.25,72
20260303,51602000,11:20:02.000,LONG_PENDING_HEDGE,HEDGED_POSITION,hedge_fill,10195.0,10110.0,10280.0,10196.75,72
20260303,51603000,11:20:03.000,HEDGED_POSITION,FLATTENING,reversion_exit,10195.0,10110.0,10280.0,10196.0,70
20260303,51603000,11:20:03.000,FLATTENING,COOLDOWN,reversion_exit,10195.0,10110.0,10280.0,10196.0,72
20260303,51605000,11:20:05.000,COOLDOWN,FLAT_QUOTING,fair_recovered,10191.0,10106.0,10276.0,10190.75,70
20260303,51606000,11:20:06.000,FLAT_QUOTING,LONG_PENDING_HEDGE,target_fill,10191.0,10106.0,10276.0,10187.625,72
20260303,51607000,11:20:07.000,LONG_PENDING_HEDGE,HEDGED_POSITION,hedge_fill,10191.0,10106.0,10276.0,10187.75,72
20260303,51608000,11:20:08.000,HEDGED_POSITION,FLATTENING,reversion_exit,10191.0,10106.0,10276.0,10187.5,70
20260303,51608000,11:20:08.000,FLATTENING,COOLDOWN,reversion_exit,10191.0,10106.0,10276.0,10187.5,72
20260303,51610000,11:20:10.000,COOLDOWN,FLAT_QUOTING,fair_recovered,10189.0,10104.0,10274.0,10189.0,70
20260303,51611000,11:20:11.000,FLAT_QUOTING,LONG_PENDING_HEDGE,target_fill,10189.0,10104.0,10274.0,10187.125,72
20260303,51612000,11:20:12.000,LONG_PENDING_HEDGE,HEDGED_POSITION,hedge_fill,10189.0,10104.0,10274.0,10187.25,72
20260303,51613000,11:20:13.000,HEDGED_POSITION,FLATTENING,reversion_exit,10189.0,10104.0,10274.0,10189.75,70
20260303,51613000,11:20:13.000,FLATTENING,COOLDOWN,reversion_exit,10189.0,10104.0,10274.0,10189.75,72
20260303,51615000,11:20:15.000,COOLDOWN,FLAT_QUOTING,fair_recovered,10188.0,10103.0,10273.0,10188.0,70
20260303,51616000,11:20:16.000,FLAT_QUOTING,LONG_PENDING_HEDGE,target_fill,10188.0,10103.0,10273.0,10189.75,72
20260303,51617000,11:20:17.000,LONG_PENDING_HEDGE,HEDGED_POSITION,hedge_fill,10188.0,10103.0,10273.0,10191.625,72
20260303,51618000,11:20:18.000,HEDGED_POSITION,FLATTENING,reversion_exit,10188.0,10103.0,10273.0,10193.0,70
20260303,51618000,11:20:18.000,FLATTENING,COOLDOWN,reversion_exit,10188.0,10103.0,10273.0,10193.0,72
20260303,51620000,11:20:20.000,COOLDOWN,FLAT_QUOTING,fair_recovered,10193.0,10108.0,10278.0,10192.75,70
20260303,51621000,11:20:21.000,FLAT_QUOTING,LONG_PENDING_HEDGE,target_fill,10193.0,10108.0,10278.0,10190.0,72
20260303,51622000,11:20:22.000,LONG_PENDING_HEDGE,HEDGED_POSITION,hedge_fill,10193.0,10108.0,10278.0,10188.5,72
20260303,51623000,11:20:23.000,HEDGED_POSITION,FLATTENING,reversion_exit,10193.0,10108.0,10278.0,10188.5,70
20260303,51623000,11:20:23.000,FLATTENING,COOLDOWN,reversion_exit,10193.0,10108.0,10278.0,10188.5,72
20260303,51625000,11:20:25.000,COOLDOWN,FLAT_QUOTING,fair_recovered,10186.0,10101.0,10271.0,10185.75,70
20260303,51626000,11:20:26.000,FLAT_QUOTING,LONG_PENDING_HEDGE,target_fill,10186.0,10101.0,10271.0,10187.75,72
20260303,51627000,11:20:27.000,LONG_PENDING_HEDGE,HEDGED_POSITION,hedge_fill,10186.0,10101.0,10271.0,10189.5,72
20260303,51628000,11:20:28.000,HEDGED_POSITION,FLATTENING,reversion_exit,10186.0,10101.0,10271.0,10190.5,70
20260303,51628000,11:20:28.000,FLATTENING,COOLDOWN,reversion_exit,10186.0,10101.0,10271.0,10190.5,72
20260303,51630000,11:20:30.000,COOLDOWN,FLAT_QUOTING,fair_recovered,10191.0,10106.0,10276.0,10190.75,70
20260303,51631000,11:20:31.000,FLAT_QUOTING,LONG_PENDING_HEDGE,target_fill,10191.0,10106.0,10276.0,,72
20260303,51632000,11:20:32.000,LONG_PENDING_HEDGE,HEDGED_POSITION,hedge_fill,10191.0,10106.0,10276.0,10185.5,72
20260303,51635000,11:20:35.000,HEDGED_POSITION,FLATTENING,reference_invalid_exit,10191.0,10106.0,10276.0,,68
20260303,51635000,11:20:35.000,FLATTENING,COOLDOWN,reference_invalid_exit,10191.0,10106.0,10276.0,,70
20260303,51637000,11:20:37.000,COOLDOWN,FLAT_QUOTING,fair_recovered,10184.0,10099.0,10269.0,10184.5,68
20260303,51638000,11:20:38.000,FLAT_QUOTING,LONG_PENDING_HEDGE,target_fill,10184.0,10099.0,10269.0,10184.0,69
20260303,51639000,11:20:39.000,LONG_PENDING_HEDGE,HEDGED_POSITION,hedge_fill,10184.0,10099.0,10269.0,10183.5,70
20260303,51640000,11:20:40.000,HEDGED_POSITION,FLATTENING,reversion_exit,10184.0,10099.0,10269.0,10183.5,68
20260303,51640000,11:20:40.000,FLATTENING,COOLDOWN,reversion_exit,10184.0,10099.0,10269.0,10183.5,70
20260303,51642000,11:20:42.000,COOLDOWN,FLAT_QUOTING,fair_recovered,10184.0,10099.0,10269.0,10183.625,68
20260303,51643000,11:20:43.000,FLAT_QUOTING,LONG_PENDING_HEDGE,target_fill,10184.0,10099.0,10269.0,10181.875,69
20260303,51644000,11:20:44.000,LONG_PENDING_HEDGE,HEDGED_POSITION,hedge_fill,10184.0,10099.0,10269.0,10181.625,70
20260303,51645000,11:20:45.000,HEDGED_POSITION,FLATTENING,reversion_exit,10184.0,10099.0,10269.0,10181.75,68
20260303,51645000,11:20:45.000,FLATTENING,COOLDOWN,reversion_exit,10184.0,10099.0,10269.0,10181.75,70
20260303,51647000,11:20:47.000,COOLDOWN,FLAT_QUOTING,fair_recovered,10182.0,10097.0,10267.0,10182.5,68
20260303,51648000,11:20:48.000,FLAT_QUOTING,LONG_PENDING_HEDGE,target_fill,10182.0,10097.0,10267.0,10182.25,69
20260303,51649000,11:20:49.000,LONG_PENDING_HEDGE,HEDGED_POSITION,hedge_fill,10182.0,10097.0,10267.0,10182.5,70
20260303,51650000,11:20:50.000,HEDGED_POSITION,FLATTENING,reversion_exit,10182.0,10097.0,10267.0,10182.75,68
20260303,51650000,11:20:50.000,FLATTENING,COOLDOWN,reversion_exit,10182.0,10097.0,10267.0,10182.75,70
20260303,51652000,11:20:52.000,COOLDOWN,FLAT_QUOTING,fair_recovered,10178.0,10093.0,10263.0,,68
20260303,51653000,11:20:53.000,FLAT_QUOTING,LONG_PENDING_HEDGE,target_fill,10178.0,10093.0,10263.0,10185.25,69
20260303,51654000,11:20:54.000,LONG_PENDING_HEDGE,HEDGED_POSITION,hedge_fill,10178.0,10093.0,10263.0,10187.0,70
20260303,51655000,11:20:55.000,HEDGED_POSITION,FLATTENING,reversion_exit,10178.0,10093.0,10263.0,10185.5,68
20260303,51655000,11:20:55.000,FLATTENING,COOLDOWN,reversion_exit,10178.0,10093.0,10263.0,10185.5,70
20260303,51657000,11:20:57.000,COOLDOWN,FLAT_QUOTING,fair_recovered,10185.0,10100.0,10270.0,10184.75,68
20260303,51658000,11:20:58.000,FLAT_QUOTING,LONG_PENDING_HEDGE,target_fill,10185.0,10100.0,10270.0,10185.5,69
20260303,51659000,11:20:59.000,LONG_PENDING_HEDGE,HEDGED_POSITION,hedge_fill,10185.0,10100.0,10270.0,10188.25,70
20260303,51660000,11:21:00.000,HEDGED_POSITION,FLATTENING,reversion_exit,10185.0,10100.0,10270.0,10185.0,68
20260303,51660000,11:21:00.000,FLATTENING,COOLDOWN,reversion_exit,10185.0,10100.0,10270.0,10185.0,70
20260303,51662000,11:21:02.000,COOLDOWN,FLAT_QUOTING,fair_recovered,10190.0,10105.0,10275.0,10189.5,68
20260303,51663000,11:21:03.000,FLAT_QUOTING,LONG_PENDING_HEDGE,target_fill,10190.0,10105.0,10275.0,10185.75,69
20260303,51664000,11:21:04.000,LONG_PENDING_HEDGE,HEDGED_POSITION,hedge_fill,10190.0,10105.0,10275.0,10185.0,70
20260303,51665000,11:21:05.000,HEDGED_POSITION,FLATTENING,reversion_exit,10190.0,10105.0,10275.0,10185.0,68
20260303,51665000,11:21:05.000,FLATTENING,COOLDOWN,reversion_exit,10190.0,10105.0,10275.0,10185.0,70
20260303,51667000,11:21:07.000,COOLDOWN,FLAT_QUOTING,fair_recovered,10188.0,10103.0,10273.0,10187.5,68
20260303,51668000,11:21:08.000,FLAT_QUOTING,LONG_PENDING_HEDGE,target_fill,10188.0,10103.0,10273.0,10185.625,69
20260303,51669000,11:21:09.000,LONG_PENDING_HEDGE,HEDGED_POSITION,hedge_fill,10188.0,10103.0,10273.0,10188.25,70
20260303,51670000,11:21:10.000,HEDGED_POSITION,FLATTENING,reversion_exit,10188.0,10103.0,10273.0,10187.75,68
20260303,51670000,11:21:10.000,FLATTENING,COOLDOWN,reversion_exit,10188.0,10103.0,10273.0,10187.75,70
20260303,51672000,11:21:12.000,COOLDOWN,FLAT_QUOTING,fair_recovered,10190.0,10105.0,10275.0,10189.75,68
20260303,51673000,11:21:13.000,FLAT_QUOTING,LONG_PENDING_HEDGE,target_fill,10190.0,10105.0,10275.0,10191.5,69
20260303,51674000,11:21:14.000,LONG_PENDING_HEDGE,HEDGED_POSITION,hedge_fill,10190.0,10105.0,10275.0,10191.75,70
20260303,51675000,11:21:15.000,HEDGED_POSITION,FLATTENING,reversion_exit,10190.0,10105.0,10275.0,10195.125,68
20260303,51675000,11:21:15.000,FLATTENING,COOLDOWN,reversion_exit,10190.0,10105.0,10275.0,10195.125,70
20260303,51677000,11:21:17.000,COOLDOWN,FLAT_QUOTING,fair_recovered,10196.0,10111.0,10281.0,10196.5,68
20260303,51678000,11:21:18.000,FLAT_QUOTING,LONG_PENDING_HEDGE,target_fill,10196.0,10111.0,10281.0,10196.875,69
20260303,51679000,11:21:19.000,LONG_PENDING_HEDGE,HEDGED_POSITION,hedge_fill,10196.0,10111.0,10281.0,10198.75,70
20260303,51680000,11:21:20.000,HEDGED_POSITION,FLATTENING,reversion_exit,10196.0,10111.0,10281.0,10200.5,68
20260303,51680000,11:21:20.000,FLATTENING,COOLDOWN,reversion_exit,10196.0,10111.0,10281.0,10200.5,70
20260303,51682000,11:21:22.000,COOLDOWN,FLAT_QUOTING,fair_recovered,10203.0,10118.0,10288.0,10202.875,68
20260303,51683000,11:21:23.000,FLAT_QUOTING,LONG_PENDING_HEDGE,target_fill,10203.0,10118.0,10288.0,10202.375,69
20260303,51684000,11:21:24.000,LONG_PENDING_HEDGE,HEDGED_POSITION,hedge_fill,10203.0,10118.0,10288.0,10200.375,70
20260303,51685000,11:21:25.000,HEDGED_POSITION,FLATTENING,reversion_exit,10203.0,10118.0,10288.0,10203.125,68
20260303,51685000,11:21:25.000,FLATTENING,COOLDOWN,reversion_exit,10203.0,10118.0,10288.0,10203.125,70
20260303,51687000,11:21:27.000,COOLDOWN,FLAT_QUOTING,fair_recovered,10206.0,10121.0,10291.0,10205.625,68
20260303,51688000,11:21:28.000,FLAT_QUOTING,LONG_PENDING_HEDGE,target_fill,10206.0,10121.0,10291.0,10204.375,69
20260303,51689000,11:21:29.000,LONG_PENDING_HEDGE,HEDGED_POSITION,hedge_fill,10206.0,10121.0,10291.0,10204.125,70
20260303,51690000,11:21:30.000,HEDGED_POSITION,FLATTENING,reversion_exit,10206.0,10121.0,10291.0,10203.375,68
20260303,51690000,11:21:30.000,FLATTENING,COOLDOWN,reversion_exit,10206.0,10121.0,10291.0,10203.375,70
20260303,51692000,11:21:32.000,COOLDOWN,FLAT_QUOTING,fair_recovered,10206.0,10121.0,10291.0,10206.0,68
20260303,51693000,11:21:33.000,FLAT_QUOTING,LONG_PENDING_HEDGE,target_fill,10206.0,10121.0,10291.0,10206.25,71
20260303,51694000,11:21:34.000,LONG_PENDING_HEDGE,HEDGED_POSITION,hedge_fill,10206.0,10121.0,10291.0,10204.5,72
20260303,51695000,11:21:35.000,HEDGED_POSITION,FLATTENING,reversion_exit,10206.0,10121.0,10291.0,10204.0,70
20260303,51695000,11:21:35.000,FLATTENING,COOLDOWN,reversion_exit,10206.0,10121.0,10291.0,10204.0,72
20260303,51697000,11:21:37.000,COOLDOWN,FLAT_QUOTING,fair_recovered,10204.0,10119.0,10289.0,10203.75,70
20260303,51698000,11:21:38.000,FLAT_QUOTING,LONG_PENDING_HEDGE,target_fill,10204.0,10119.0,10289.0,10203.0,72
20260303,51699000,11:21:39.000,LONG_PENDING_HEDGE,HEDGED_POSITION,hedge_fill,10204.0,10119.0,10289.0,10203.25,72
20260303,51700000,11:21:40.000,HEDGED_POSITION,FLATTENING,reversion_exit,10204.0,10119.0,10289.0,10204.5,70
20260303,51700000,11:21:40.000,FLATTENING,COOLDOWN,reversion_exit,10204.0,10119.0,10289.0,10204.5,72
20260303,51702000,11:21:42.000,COOLDOWN,FLAT_QUOTING,fair_recovered,10203.0,10118.0,10288.0,10202.75,70
20260303,51703000,11:21:43.000,FLAT_QUOTING,LONG_PENDING_HEDGE,target_fill,10203.0,10118.0,10288.0,10203.0,72
20260303,51704000,11:21:44.000,LONG_PENDING_HEDGE,HEDGED_POSITION,hedge_fill,10203.0,10118.0,10288.0,10204.25,72
20260303,51705000,11:21:45.000,HEDGED_POSITION,FLATTENING,reversion_exit,10203.0,10118.0,10288.0,10204.25,70
20260303,51705000,11:21:45.000,FLATTENING,COOLDOWN,reversion_exit,10203.0,10118.0,10288.0,10204.25,72
20260303,51707000,11:21:47.000,COOLDOWN,FLAT_QUOTING,fair_recovered,10202.0,10117.0,10287.0,,70
20260303,51708000,11:21:48.000,FLAT_QUOTING,LONG_PENDING_HEDGE,target_fill,10202.0,10117.0,10287.0,10202.75,72
20260303,51709000,11:21:49.000,LONG_PENDING_HEDGE,HEDGED_POSITION,hedge_fill,10202.0,10117.0,10287.0,10203.25,72
20260303,51710000,11:21:50.000,HEDGED_POSITION,FLATTENING,reversion_exit,10202.0,10117.0,10287.0,10203.25,70
20260303,51710000,11:21:50.000,FLATTENING,COOLDOWN,reversion_exit,10202.0,10117.0,10287.0,10203.25,72
20260303,51712000,11:21:52.000,COOLDOWN,FLAT_QUOTING,fair_recovered,10204.0,10119.0,10289.0,10204.5,70
20260303,51713000,11:21:53.000,FLAT_QUOTING,LONG_PENDING_HEDGE,target_fill,10204.0,10119.0,10289.0,10205.5,72
20260303,51714000,11:21:54.000,LONG_PENDING_HEDGE,HEDGED_POSITION,hedge_fill,10204.0,10119.0,10289.0,10206.5,72
20260303,51715000,11:21:55.000,HEDGED_POSITION,FLATTENING,reversion_exit,10204.0,10119.0,10289.0,10206.375,70
20260303,51715000,11:21:55.000,FLATTENING,COOLDOWN,reversion_exit,10204.0,10119.0,10289.0,10206.375,72
20260303,51717000,11:21:57.000,COOLDOWN,FLAT_QUOTING,fair_recovered,10210.0,10125.0,10295.0,10210.25,70
20260303,51718000,11:21:58.000,FLAT_QUOTING,LONG_PENDING_HEDGE,target_fill,10210.0,10125.0,10295.0,10210.75,72
20260303,51719000,11:21:59.000,LONG_PENDING_HEDGE,HEDGED_POSITION,hedge_fill,10210.0,10125.0,10295.0,10217.25,72
20260303,51720000,11:22:00.000,HEDGED_POSITION,FLATTENING,reversion_exit,10210.0,10125.0,10295.0,10217.5,70
20260303,51720000,11:22:00.000,FLATTENING,COOLDOWN,reversion_exit,10210.0,10125.0,10295.0,10217.5,72
20260303,51722000,11:22:02.000,COOLDOWN,FLAT_QUOTING,fair_recovered,10222.0,10137.0,10307.0,10221.5,70
20260303,51723000,11:22:03.000,FLAT_QUOTING,LONG_PENDING_HEDGE,target_fill,10222.0,10137.0,10307.0,10222.0,72
20260303,51724000,11:22:04.000,LONG_PENDING_HEDGE,HEDGED_POSITION,hedge_fill,10222.0,10137.0,10307.0,10223.25,72
20260303,51725000,11:22:05.000,HEDGED_POSITION,FLATTENING,reversion_exit,10222.0,10137.0,10307.0,10226.0,70
20260303,51725000,11:22:05.000,FLATTENING,COOLDOWN,reversion_exit,10222.0,10137.0,10307.0,10226.0,72
20260303,51727000,11:22:07.000,COOLDOWN,FLAT_QUOTING,fair_recovered,10229.0,10144.0,10314.0,,70
20260303,51728000,11:22:08.000,FLAT_QUOTING,LONG_PENDING_HEDGE,target_fill,10229.0,10144.0,10314.0,10230.5,72
20260303,51729000,11:22:09.000,LONG_PENDING_HEDGE,HEDGED_POSITION,hedge_fill,10229.0,10144.0,10314.0,10228.75,72
20260303,51730000,11:22:10.000,HEDGED_POSITION,FLATTENING,reversion_exit,10229.0,10144.0,10314.0,10227.0,70
20260303,51730000,11:22:10.000,FLATTENING,COOLDOWN,reversion_exit,10229.0,10144.0,10314.0,10227.0,72
20260303,51732000,11:22:12.000,COOLDOWN,FLAT_QUOTING,fair_recovered,10226.0,10141.0,10311.0,10226.5,70
20260303,51733000,11:22:13.000,FLAT_QUOTING,LONG_PENDING_HEDGE,target_fill,10226.0,10141.0,10311.0,10224.5,72
20260303,51734000,11:22:14.000,LONG_PENDING_HEDGE,HEDGED_POSITION,hedge_fill,10226.0,10141.0,10311.0,10224.75,72
20260303,51735000,11:22:15.000,HEDGED_POSITION,FLATTENING,reversion_exit,10226.0,10141.0,10311.0,10224.25,70
20260303,51735000,11:22:15.000,FLATTENING,COOLDOWN,reversion_exit,10226.0,10141.0,10311.0,10224.25,72
20260303,51737000,11:22:17.000,COOLDOWN,FLAT_QUOTING,fair_recovered,10225.0,10140.0,10310.0,10225.25,70
20260303,51738000,11:22:18.000,FLAT_QUOTING,LONG_PENDING_HEDGE,target_fill,10225.0,10140.0,10310.0,10224.5,72
20260303,51739000,11:22:19.000,LONG_PENDING_HEDGE,HEDGED_POSITION,hedge_fill,10225.0,10140.0,10310.0,10225.25,72
20260303,51740000,11:22:20.000,HEDGED_POSITION,FLATTENING,reversion_exit,10225.0,10140.0,10310.0,10224.75,70
20260303,51740000,11:22:20.000,FLATTENING,COOLDOWN,reversion_exit,10225.0,10140.0,10310.0,10224.75,72
20260303,51742000,11:22:22.000,COOLDOWN,FLAT_QUOTING,fair_recovered,10226.0,10141.0,10311.0,10226.25,70
20260303,51743000,11:22:23.000,FLAT_QUOTING,LONG_PENDING_HEDGE,target_fill,10226.0,10141.0,10311.0,10229.0,72
20260303,51744000,11:22:24.000,LONG_PENDING_HEDGE,HEDGED_POSITION,hedge_fill,10226.0,10141.0,10311.0,10231.0,72
20260303,51745000,11:22:25.000,HEDGED_POSITION,FLATTENING,reversion_exit,10226.0,10141.0,10311.0,10233.25,70
20260303,51745000,11:22:25.000,FLATTENING,COOLDOWN,reversion_exit,10226.0,10141.0,10311.0,10233.25,72
20260303,51747000,11:22:27.000,COOLDOWN,FLAT_QUOTING,fair_recovered,10233.0,10148.0,10318.0,10233.25,70
20260303,51748000,11:22:28.000,FLAT_QUOTING,LONG_PENDING_HEDGE,target_fill,10233.0,10148.0,10318.0,10233.75,72
20260303,51749000,11:22:29.000,LONG_PENDING_HEDGE,HEDGED_POSITION,hedge_fill,10233.0,10148.0,10318.0,10234.0,72
20260303,51750000,11:22:30.000,HEDGED_POSITION,FLATTENING,reversion_exit,10233.0,10148.0,10318.0,10233.0,70
20260303,51750000,11:22:30.000,FLATTENING,COOLDOWN,reversion_exit,10233.0,10148.0,10318.0,10233.0,72
20260303,51752000,11:22:32.000,COOLDOWN,FLAT_QUOTING,fair_recovered,10231.0,10146.0,10316.0,10231.0,70
20260303,51753000,11:22:33.000,FLAT_QUOTING,LONG_PENDING_HEDGE,target_fill,10231.0,10146.0,10316.0,10226.0,72
20260303,51754000,11:22:34.000,LONG_PENDING_HEDGE,HEDGED_POSITION,hedge_fill,10231.0,10146.0,10316.0,10224.25,72
20260303,51755000,11:22:35.000,HEDGED_POSITION,FLATTENING,reversion_exit,10231.0,10146.0,10316.0,10221.25,70
20260303,51755000,11:22:35.000,FLATTENING,COOLDOWN,reversion_exit,10231.0,10146.0,10316.0,10221.25,72
20260303,51757000,11:22:37.000,COOLDOWN,FLAT_QUOTING,fair_recovered,10228.0,10143.0,10313.0,10227.75,70
20260303,51758000,11:22:38.000,FLAT_QUOTING,LONG_PENDING_HEDGE,target_fill,10228.0,10143.0,10313.0,10229.75,72
20260303,51759000,11:22:39.000,LONG_PENDING_HEDGE,HEDGED_POSITION,hedge_fill,10228.0,10143.0,10313.0,10231.0,72
20260303,51760000,11:22:40.000,HEDGED_POSITION,FLATTENING,reversion_exit,10228.0,10143.0,10313.0,10232.75,70
20260303,51760000,11:22:40.000,FLATTENING,COOLDOWN,reversion_exit,10228.0,10143.0,10313.0,10232.75,72
20260303,51762000,11:22:42.000,COOLDOWN,FLAT_QUOTING,fair_recovered,10231.0,10146.0,10316.0,10230.75,70
20260303,51763000,11:22:43.000,FLAT_QUOTING,LONG_PENDING_HEDGE,target_fill,10231.0,10146.0,10316.0,10228.75,72
20260303,51764000,11:22:44.000,LONG_PENDING_HEDGE,HEDGED_POSITION,hedge_fill,10231.0,10146.0,10316.0,10229.0,72
20260303,51765000,11:22:45.000,HEDGED_POSITION,FLATTENING,reversion_exit,10231.0,10146.0,10316.0,10228.5,70
20260303,51765000,11:22:45.000,FLATTENING,COOLDOWN,reversion_exit,10231.0,10146.0,10316.0,10228.5,72
20260303,51767000,11:22:47.000,COOLDOWN,FLAT_QUOTING,fair_recovered,10231.0,10146.0,10316.0,10230.75,70
20260303,51768000,11:22:48.000,FLAT_QUOTING,LONG_PENDING_HEDGE,target_fill,10231.0,10146.0,10316.0,10231.25,72
20260303,51769000,11:22:49.000,LONG_PENDING_HEDGE,HEDGED_POSITION,hedge_fill,10231.0,10146.0,10316.0,10233.0,72
20260303,51770000,11:22:50.000,HEDGED_POSITION,FLATTENING,reversion_exit,10231.0,10146.0,10316.0,10233.25,70
20260303,51770000,11:22:50.000,FLATTENING,COOLDOWN,reversion_exit,10231.0,10146.0,10316.0,10233.25,72
20260303,51772000,11:22:52.000,COOLDOWN,FLAT_QUOTING,fair_recovered,10232.0,10147.0,10317.0,10232.25,70
20260303,51773000,11:22:53.000,FLAT_QUOTING,LONG_PENDING_HEDGE,target_fill,10232.0,10147.0,10317.0,10231.0,72
20260303,51774000,11:22:54.000,LONG_PENDING_HEDGE,HEDGED_POSITION,hedge_fill,10232.0,10147.0,10317.0,10231.0,72
20260303,51775000,11:22:55.000,HEDGED_POSITION,FLATTENING,reversion_exit,10232.0,10147.0,10317.0,10230.0,70
20260303,51775000,11:22:55.000,FLATTENING,COOLDOWN,reversion_exit,10232.0,10147.0,10317.0,10230.0,72
20260303,51777000,11:22:57.000,COOLDOWN,FLAT_QUOTING,fair_recovered,10232.0,10147.0,10317.0,10231.5,70
20260303,51778000,11:22:58.000,FLAT_QUOTING,LONG_PENDING_HEDGE,target_fill,10232.0,10147.0,10317.0,10230.25,72
20260303,51779000,11:22:59.000,LONG_PENDING_HEDGE,HEDGED_POSITION,hedge_fill,10232.0,10147.0,10317.0,10230.0,72
20260303,51780000,11:23:00.000,HEDGED_POSITION,FLATTENING,reversion_exit,10232.0,10147.0,10317.0,10232.0,70
20260303,51780000,11:23:00.000,FLATTENING,COOLDOWN,reversion_exit,10232.0,10147.0,10317.0,10232.0,72
20260303,51782000,11:23:02.000,COOLDOWN,FLAT_QUOTING,fair_recovered,10232.0,10147.0,10317.0,10231.5,70
20260303,51783000,11:23:03.000,FLAT_QUOTING,LONG_PENDING_HEDGE,target_fill,10232.0,10147.0,10317.0,10227.25,72
20260303,51784000,11:23:04.000,LONG_PENDING_HEDGE,HEDGED_POSITION,hedge_fill,10232.0,10147.0,10317.0,10227.5,72
20260303,51785000,11:23:05.000,HEDGED_POSITION,FLATTENING,reversion_exit,10232.0,10147.0,10317.0,10227.25,70
20260303,51785000,11:23:05.000,FLATTENING,COOLDOWN,reversion_exit,10232.0,10147.0,10317.0,10227.25,72
20260303,51787000,11:23:07.000,COOLDOWN,FLAT_QUOTING,fair_recovered,10226.0,10141.0,10311.0,10226.5,70
20260303,51788000,11:23:08.000,FLAT_QUOTING,LONG_PENDING_HEDGE,target_fill,10226.0,10141.0,10311.0,10227.0,72
20260303,51789000,11:23:09.000,LONG_PENDING_HEDGE,HEDGED_POSITION,hedge_fill,10226.0,10141.0,10311.0,10228.75,72
20260303,51790000,11:23:10.000,HEDGED_POSITION,FLATTENING,reversion_exit,10226.0,10141.0,10311.0,10228.75,70
20260303,51790000,11:23:10.000,FLATTENING,COOLDOWN,reversion_exit,10226.0,10141.0,10311.0,10228.75,72
20260303,51792000,11:23:12.000,COOLDOWN,FLAT_QUOTING,fair_recovered,10225.0,10140.0,10310.0,10225.0,70
20260303,51793000,11:23:13.000,FLAT_QUOTING,LONG_PENDING_HEDGE,target_fill,10225.0,10140.0,10310.0,10225.0,72
20260303,51794000,11:23:14.000,LONG_PENDING_HEDGE,HEDGED_POSITION,hedge_fill,10225.0,10140.0,10310.0,10224.0,72
20260303,51795000,11:23:15.000,HEDGED_POSITION,FLATTENING,reversion_exit,10225.0,10140.0,10310.0,10223.25,70
20260303,51795000,11:23:15.000,FLATTENING,COOLDOWN,reversion_exit,10225.0,10140.0,10310.0,10223.25,72
20260303,51797000,11:23:17.000,COOLDOWN,FLAT_QUOTING,fair_recovered,10227.0,10142.0,10312.0,10220.0,70
20260303,51798000,11:23:18.000,FLAT_QUOTING,LONG_PENDING_HEDGE,target_fill,10227.0,10142.0,10312.0,10222.0,72
20260303,51799000,11:23:19.000,LONG_PENDING_HEDGE,HEDGED_POSITION,hedge_fill,10227.0,10142.0,10312.0,10220.375,72
20260303,51800000,11:23:20.000,HEDGED_POSITION,FLATTENING,reversion_exit,10227.0,10142.0,10312.0,10220.375,70
20260303,51800000,11:23:20.000,FLATTENING,COOLDOWN,reversion_exit,10227.0,10142.0,10312.0,10220.375,72
20260303,51802000,11:23:22.000,COOLDOWN,FLAT_QUOTING,fair_recovered,10220.0,10135.0,10305.0,10219.5,70
20260303,51803000,11:23:23.000,FLAT_QUOTING,LONG_PENDING_HEDGE,target_fill,10220.0,10135.0,10305.0,10220.25,72
20260303,51804000,11:23:24.000,LONG_PENDING_HEDGE,HEDGED_POSITION,hedge_fill,10220.0,10135.0,10305.0,10220.0,72
20260303,51805000,11:23:25.000,HEDGED_POSITION,FLATTENING,reversion_exit,10220.0,10135.0,10305.0,10219.75,70
20260303,51805000,11:23:25.000,FLATTENING,COOLDOWN,reversion_exit,10220.0,10135.0,10305.0,10219.75,72
20260303,51807000,11:23:27.000,COOLDOWN,FLAT_QUOTING,fair_recovered,10222.0,10137.0,10307.0,10222.5,70
20260303,51809000,11:23:29.000,FLAT_QUOTING,LONG_PENDING_HEDGE,target_fill,10222.0,10137.0,10307.0,10225.75,71
20260303,51810000,11:23:30.000,LONG_PENDING_HEDGE,HEDGED_POSITION,hedge_fill,10222.0,10137.0,10307.0,10225.0,70
20260303,51811000,11:23:31.000,HEDGED_POSITION,FLATTENING,reference_invalid_exit,10222.0,10137.0,10307.0,10225.5,70
20260303,51811000,11:23:31.000,FLATTENING,COOLDOWN,reference_invalid_exit,10222.0,10137.0,10307.0,10225.5,72
20260303,51813000,11:23:33.000,COOLDOWN,FLAT_QUOTING,fair_recovered,10222.0,10137.0,10307.0,10222.0,69
20260303,51814000,11:23:34.000,FLAT_QUOTING,LONG_PENDING_HEDGE,target_fill,10222.0,10137.0,10307.0,10222.5,71
20260303,51815000,11:23:35.000,LONG_PENDING_HEDGE,HEDGED_POSITION,hedge_fill,10222.0,10137.0,10307.0,10219.25,70
20260303,51816000,11:23:36.000,HEDGED_POSITION,FLATTENING,reference_invalid_exit,10222.0,10137.0,10307.0,10219.5,70
20260303,51816000,11:23:36.000,FLATTENING,COOLDOWN,reference_invalid_exit,10222.0,10137.0,10307.0,10219.5,72
20260303,51818000,11:23:38.000,COOLDOWN,FLAT_QUOTING,fair_recovered,10226.0,10141.0,10311.0,10217.5,69
20260303,51819000,11:23:39.000,FLAT_QUOTING,LONG_PENDING_HEDGE,target_fill,10226.0,10141.0,10311.0,10217.5,71
20260303,51820000,11:23:40.000,LONG_PENDING_HEDGE,HEDGED_POSITION,hedge_fill,10226.0,10141.0,10311.0,10217.0,70
20260303,51821000,11:23:41.000,HEDGED_POSITION,FLATTENING,reference_invalid_exit,10226.0,10141.0,10311.0,10216.75,70
20260303,51821000,11:23:41.000,FLATTENING,COOLDOWN,reference_invalid_exit,10226.0,10141.0,10311.0,10216.75,72
20260303,51823000,11:23:43.000,COOLDOWN,FLAT_QUOTING,fair_recovered,10223.0,10138.0,10308.0,10216.0,69
20260303,51824000,11:23:44.000,FLAT_QUOTING,LONG_PENDING_HEDGE,target_fill,10223.0,10138.0,10308.0,10216.75,71
20260303,51825000,11:23:45.000,LONG_PENDING_HEDGE,HEDGED_POSITION,hedge_fill,10223.0,10138.0,10308.0,10217.5,70
20260303,51826000,11:23:46.000,HEDGED_POSITION,FLATTENING,reference_invalid_exit,10223.0,10138.0,10308.0,10216.0,70
20260303,51826000,11:23:46.000,FLATTENING,COOLDOWN,reference_invalid_exit,10223.0,10138.0,10308.0,10216.0,72
20260303,51828000,11:23:48.000,COOLDOWN,FLAT_QUOTING,fair_recovered,10220.0,10135.0,10305.0,10215.75,69
20260303,51829000,11:23:49.000,FLAT_QUOTING,LONG_PENDING_HEDGE,target_fill,10220.0,10135.0,10305.0,10215.75,71
20260303,51830000,11:23:50.000,LONG_PENDING_HEDGE,HEDGED_POSITION,hedge_fill,10220.0,10135.0,10305.0,10217.0,70
20260303,51831000,11:23:51.000,HEDGED_POSITION,FLATTENING,reference_invalid_exit,10220.0,10135.0,10305.0,10217.5,70
20260303,51831000,11:23:51.000,FLATTENING,COOLDOWN,reference_invalid_exit,10220.0,10135.0,10305.0,10217.5,72
20260303,51833000,11:23:53.000,COOLDOWN,FLAT_QUOTING,fair_recovered,10226.0,10141.0,10311.0,10220.0,69
20260303,51834000,11:23:54.000,FLAT_QUOTING,LONG_PENDING_HEDGE,target_fill,10226.0,10141.0,10311.0,10222.25,71
20260303,51835000,11:23:55.000,LONG_PENDING_HEDGE,HEDGED_POSITION,hedge_fill,10226.0,10141.0,10311.0,10222.75,70
20260303,51836000,11:23:56.000,HEDGED_POSITION,FLATTENING,reversion_exit,10226.0,10141.0,10311.0,10223.0,70
20260303,51836000,11:23:56.000,FLATTENING,COOLDOWN,reversion_exit,10226.0,10141.0,10311.0,10223.0,72
20260303,51838000,11:23:58.000,COOLDOWN,FLAT_QUOTING,fair_recovered,10222.0,10137.0,10307.0,10222.0,69
20260303,51839000,11:23:59.000,FLAT_QUOTING,LONG_PENDING_HEDGE,target_fill,10222.0,10137.0,10307.0,10222.25,71
20260303,51840000,11:24:00.000,LONG_PENDING_HEDGE,HEDGED_POSITION,hedge_fill,10222.0,10137.0,10307.0,10220.5,70
20260303,51841000,11:24:01.000,HEDGED_POSITION,FLATTENING,reference_invalid_exit,10222.0,10137.0,10307.0,10220.0,70
20260303,51841000,11:24:01.000,FLATTENING,COOLDOWN,reference_invalid_exit,10222.0,10137.0,10307.0,10220.0,72
20260303,51843000,11:24:03.000,COOLDOWN,FLAT_QUOTING,fair_recovered,10216.0,10131.0,10301.0,10215.75,69
20260303,51844000,11:24:04.000,FLAT_QUOTING,LONG_PENDING_HEDGE,target_fill,10216.0,10131.0,10301.0,10213.25,71
20260303,51845000,11:24:05.000,LONG_PENDING_HEDGE,HEDGED_POSITION,hedge_fill,10216.0,10131.0,10301.0,10213.25,70
20260303,51846000,11:24:06.000,HEDGED_POSITION,FLATTENING,reference_invalid_exit,10216.0,10131.0,10301.0,10216.75,70
20260303,51846000,11:24:06.000,FLATTENING,COOLDOWN,reference_invalid_exit,10216.0,10131.0,10301.0,10216.75,72
20260303,51848000,11:24:08.000,COOLDOWN,FLAT_QUOTING,fair_recovered,10218.0,10133.0,10303.0,10218.25,69
20260303,51849000,11:24:09.000,FLAT_QUOTING,LONG_PENDING_HEDGE,target_fill,10218.0,10133.0,10303.0,10218.25,71
20260303,51850000,11:24:10.000,LONG_PENDING_HEDGE,HEDGED_POSITION,hedge_fill,10218.0,10133.0,10303.0,10217.75,70
20260303,51851000,11:24:11.000,HEDGED_POSITION,FLATTENING,reference_invalid_exit,10218.0,10133.0,10303.0,10216.25,70
20260303,51851000,11:24:11.000,FLATTENING,COOLDOWN,reference_invalid_exit,10218.0,10133.0,10303.0,10216.25,72
20260303,51853000,11:24:13.000,COOLDOWN,FLAT_QUOTING,fair_recovered,10219.0,10134.0,10304.0,10215.75,69
20260303,51854000,11:24:14.000,FLAT_QUOTING,LONG_PENDING_HEDGE,target_fill,10219.0,10134.0,10304.0,10216.25,71
20260303,51855000,11:24:15.000,LONG_PENDING_HEDGE,HEDGED_POSITION,hedge_fill,10219.0,10134.0,10304.0,10218.75,70
20260303,51856000,11:24:16.000,HEDGED_POSITION,FLATTENING,reversion_exit,10219.0,10134.0,10304.0,10219.0,70
20260303,51856000,11:24:16.000,FLATTENING,COOLDOWN,reversion_exit,10219.0,10134.0,10304.0,10219.0,72
20260303,51859000,11:24:19.000,COOLDOWN,FLAT_QUOTING,fair_recovered,10223.0,10138.0,10308.0,10219.75,68
20260303,51860000,11:24:20.000,FLAT_QUOTING,LONG_PENDING_HEDGE,target_fill,10223.0,10138.0,10308.0,10221.0,69
20260303,51861000,11:24:21.000,LONG_PENDING_HEDGE,HEDGED_POSITION,hedge_fill,10223.0,10138.0,10308.0,10221.5,70
20260303,51862000,11:24:22.000,HEDGED_POSITION,FLATTENING,reversion_exit,10223.0,10138.0,10308.0,10224.25,68
20260303,51862000,11:24:22.000,FLATTENING,COOLDOWN,reversion_exit,10223.0,10138.0,10308.0,10224.25,70
20260303,51864000,11:24:24.000,COOLDOWN,FLAT_QUOTING,fair_recovered,10226.0,10141.0,10311.0,10226.5,68
20260303,51865000,11:24:25.000,FLAT_QUOTING,LONG_PENDING_HEDGE,target_fill,10226.0,10141.0,10311.0,10227.5,69
20260303,51866000,11:24:26.000,LONG_PENDING_HEDGE,HEDGED_POSITION,hedge_fill,10226.0,10141.0,10311.0,10226.0,70
20260303,51867000,11:24:27.000,HEDGED_POSITION,FLATTENING,reversion_exit,10226.0,10141.0,10311.0,10226.25,68
20260303,51867000,11:24:27.000,FLATTENING,COOLDOWN,reversion_exit,10226.0,10141.0,10311.0,10226.25,70
20260303,51869000,11:24:29.000,COOLDOWN,FLAT_QUOTING,fair_recovered,10226.0,10141.0,10311.0,10226.5,69
20260303,51870000,11:24:30.000,FLAT_QUOTING,LONG_PENDING_HEDGE,target_fill,10226.0,10141.0,10311.0,10226.25,71
20260303,51871000,11:24:31.000,LONG_PENDING_HEDGE,HEDGED_POSITION,hedge_fill,10226.0,10141.0,10311.0,10226.0,70
20260303,51872000,11:24:32.000,HEDGED_POSITION,FLATTENING,reversion_exit,10226.0,10141.0,10311.0,10225.0,70
20260303,51872000,11:24:32.000,FLATTENING,COOLDOWN,reversion_exit,10226.0,10141.0,10311.0,10225.0,72
20260303,51874000,11:24:34.000,COOLDOWN,FLAT_QUOTING,fair_recovered,10225.0,10140.0,10310.0,10225.25,69
20260303,51875000,11:24:35.000,FLAT_QUOTING,LONG_PENDING_HEDGE,target_fill,10225.0,10140.0,10310.0,10224.75,71
20260303,51876000,11:24:36.000,LONG_PENDING_HEDGE,HEDGED_POSITION,hedge_fill,10225.0,10140.0,10310.0,10223.75,70
20260303,51877000,11:24:37.000,HEDGED_POSITION,FLATTENING,reversion_exit,10225.0,10140.0,10310.0,10224.25,70
20260303,51877000,11:24:37.000,FLATTENING,COOLDOWN,reversion_exit,10225.0,10140.0,10310.0,10224.25,72
20260303,51879000,11:24:39.000,COOLDOWN,FLAT_QUOTING,fair_recovered,10224.0,10139.0,10309.0,10223.75,69
20260303,51880000,11:24:40.000,FLAT_QUOTING,LONG_PENDING_HEDGE,target_fill,10224.0,10139.0,10309.0,10224.0,71
20260303,51881000,11:24:41.000,LONG_PENDING_HEDGE,HEDGED_POSITION,hedge_fill,10224.0,10139.0,10309.0,10224.0,70
20260303,51882000,11:24:42.000,HEDGED_POSITION,FLATTENING,reversion_exit,10224.0,10139.0,10309.0,10224.625,70
20260303,51882000,11:24:42.000,FLATTENING,COOLDOWN,reversion_exit,10224.0,10139.0,10309.0,10224.625,72
20260303,51884000,11:24:44.000,COOLDOWN,FLAT_QUOTING,fair_recovered,10228.0,10143.0,10313.0,10228.5,69
20260303,51885000,11:24:45.000,FLAT_QUOTING,LONG_PENDING_HEDGE,target_fill,10228.0,10143.0,10313.0,10229.5,71
20260303,51886000,11:24:46.000,LONG_PENDING_HEDGE,HEDGED_POSITION,hedge_fill,10228.0,10143.0,10313.0,10231.0,70
20260303,51887000,11:24:47.000,HEDGED_POSITION,FLATTENING,reversion_exit,10228.0,10143.0,10313.0,10232.0,70
20260303,51887000,11:24:47.000,FLATTENING,COOLDOWN,reversion_exit,10228.0,10143.0,10313.0,10232.0,72
20260303,51889000,11:24:49.000,COOLDOWN,FLAT_QUOTING,fair_recovered,10231.0,10146.0,10316.0,10231.25,69
20260303,51890000,11:24:50.000,FLAT_QUOTING,LONG_PENDING_HEDGE,target_fill,10231.0,10146.0,10316.0,10233.25,71
20260303,51891000,11:24:51.000,LONG_PENDING_HEDGE,HEDGED_POSITION,hedge_fill,10231.0,10146.0,10316.0,10232.5,70
20260303,51892000,11:24:52.000,HEDGED_POSITION,FLATTENING,reversion_exit,10231.0,10146.0,10316.0,10230.5,70
20260303,51892000,11:24:52.000,FLATTENING,COOLDOWN,reversion_exit,10231.0,10146.0,10316.0,10230.5,72
20260303,51894000,11:24:54.000,COOLDOWN,FLAT_QUOTING,fair_recovered,10229.0,10144.0,10314.0,10229.0,69
20260303,51895000,11:24:55.000,FLAT_QUOTING,LONG_PENDING_HEDGE,target_fill,10229.0,10144.0,10314.0,10229.0,71
20260303,51896000,11:24:56.000,LONG_PENDING_HEDGE,HEDGED_POSITION,hedge_fill,10229.0,10144.0,10314.0,10228.75,70
20260303,51897000,11:24:57.000,HEDGED_POSITION,FLATTENING,reversion_exit,10229.0,10144.0,10314.0,10228.25,70
20260303,51897000,11:24:57.000,FLATTENING,COOLDOWN,reversion_exit,10229.0,10144.0,10314.0,10228.25,72
20260303,51899000,11:24:59.000,COOLDOWN,FLAT_QUOTING,fair_recovered,10227.0,10142.0,10312.0,10227.25,69
20260303,51900000,11:25:00.000,FLAT_QUOTING,LONG_PENDING_HEDGE,target_fill,10227.0,10142.0,10312.0,10227.25,71
20260303,51901000,11:25:01.000,LONG_PENDING_HEDGE,HEDGED_POSITION,hedge_fill,10227.0,10142.0,10312.0,10228.0,70
20260303,51902000,11:25:02.000,HEDGED_POSITION,FLATTENING,reversion_exit,10227.0,10142.0,10312.0,10229.25,70
20260303,51902000,11:25:02.000,FLATTENING,COOLDOWN,reversion_exit,10227.0,10142.0,10312.0,10229.25,72
20260303,51904000,11:25:04.000,COOLDOWN,FLAT_QUOTING,fair_recovered,10229.0,10144.0,10314.0,10229.25,69
20260303,51905000,11:25:05.000,FLAT_QUOTING,LONG_PENDING_HEDGE,target_fill,10229.0,10144.0,10314.0,10228.25,71
20260303,51906000,11:25:06.000,LONG_PENDING_HEDGE,HEDGED_POSITION,hedge_fill,10229.0,10144.0,10314.0,10228.0,70
20260303,51907000,11:25:07.000,HEDGED_POSITION,FLATTENING,reversion_exit,10229.0,10144.0,10314.0,10228.5,70
20260303,51907000,11:25:07.000,FLATTENING,COOLDOWN,reversion_exit,10229.0,10144.0,10314.0,10228.5,72
20260303,51909000,11:25:09.000,COOLDOWN,FLAT_QUOTING,fair_recovered,10230.0,10145.0,10315.0,10229.5,69
20260303,51910000,11:25:10.000,FLAT_QUOTING,LONG_PENDING_HEDGE,target_fill,10230.0,10145.0,10315.0,10229.25,71
20260303,51911000,11:25:11.000,LONG_PENDING_HEDGE,HEDGED_POSITION,hedge_fill,10230.0,10145.0,10315.0,10229.75,70
20260303,51912000,11:25:12.000,HEDGED_POSITION,FLATTENING,reversion_exit,10230.0,10145.0,10315.0,10229.75,70
20260303,51912000,11:25:12.000,FLATTENING,COOLDOWN,reversion_exit,10230.0,10145.0,10315.0,10229.75,72
20260303,51914000,11:25:14.000,COOLDOWN,FLAT_QUOTING,fair_recovered,10230.0,10145.0,10315.0,10229.75,69
20260303,51915000,11:25:15.000,FLAT_QUOTING,LONG_PENDING_HEDGE,target_fill,10230.0,10145.0,10315.0,10229.25,71
20260303,51916000,11:25:16.000,LONG_PENDING_HEDGE,HEDGED_POSITION,hedge_fill,10230.0,10145.0,10315.0,10229.25,70
20260303,51917000,11:25:17.000,HEDGED_POSITION,FLATTENING,reversion_exit,10230.0,10145.0,10315.0,10229.25,70
20260303,51917000,11:25:17.000,FLATTENING,COOLDOWN,reversion_exit,10230.0,10145.0,10315.0,10229.25,72
20260303,51919000,11:25:19.000,COOLDOWN,FLAT_QUOTING,fair_recovered,10228.0,10143.0,10313.0,10227.75,70
20260303,51920000,11:25:20.000,FLAT_QUOTING,LONG_PENDING_HEDGE,target_fill,10228.0,10143.0,10313.0,10226.0,72
20260303,51921000,11:25:21.000,LONG_PENDING_HEDGE,HEDGED_POSITION,hedge_fill,10228.0,10143.0,10313.0,10227.5,72
20260303,51922000,11:25:22.000,HEDGED_POSITION,FLATTENING,reversion_exit,10228.0,10143.0,10313.0,10230.0,70
20260303,51922000,11:25:22.000,FLATTENING,COOLDOWN,reversion_exit,10228.0,10143.0,10313.0,10230.0,72
20260303,51924000,11:25:24.000,COOLDOWN,FLAT_QUOTING,fair_recovered,10231.0,10146.0,10316.0,10231.0,70
20260303,51925000,11:25:25.000,FLAT_QUOTING,LONG_PENDING_HEDGE,target_fill,10231.0,10146.0,10316.0,10231.75,72
20260303,51926000,11:25:26.000,LONG_PENDING_HEDGE,HEDGED_POSITION,hedge_fill,10231.0,10146.0,10316.0,10232.5,72
20260303,51927000,11:25:27.000,HEDGED_POSITION,FLATTENING,reversion_exit,10231.0,10146.0,10316.0,10231.75,70
20260303,51927000,11:25:27.000,FLATTENING,COOLDOWN,reversion_exit,10231.0,10146.0,10316.0,10231.75,72
20260303,51929000,11:25:29.000,COOLDOWN,FLAT_QUOTING,fair_recovered,10231.0,10146.0,10316.0,10230.75,70
20260303,51930000,11:25:30.000,FLAT_QUOTING,LONG_PENDING_HEDGE,target_fill,10231.0,10146.0,10316.0,10230.5,72
20260303,51931000,11:25:31.000,LONG_PENDING_HEDGE,HEDGED_POSITION,hedge_fill,10231.0,10146.0,10316.0,10230.75,72
20260303,51932000,11:25:32.000,HEDGED_POSITION,FLATTENING,reversion_exit,10231.0,10146.0,10316.0,10231.0,70
20260303,51932000,11:25:32.000,FLATTENING,COOLDOWN,reversion_exit,10231.0,10146.0,10316.0,10231.0,72
20260303,51934000,11:25:34.000,COOLDOWN,FLAT_QUOTING,fair_recovered,10229.0,10144.0,10314.0,10229.375,70
20260303,51935000,11:25:35.000,FLAT_QUOTING,LONG_PENDING_HEDGE,target_fill,10229.0,10144.0,10314.0,10229.75,72
20260303,51936000,11:25:36.000,LONG_PENDING_HEDGE,HEDGED_POSITION,hedge_fill,10229.0,10144.0,10314.0,10230.5,72
20260303,51937000,11:25:37.000,HEDGED_POSITION,FLATTENING,reversion_exit,10229.0,10144.0,10314.0,10231.0,70
20260303,51937000,11:25:37.000,FLATTENING,COOLDOWN,reversion_exit,10229.0,10144.0,10314.0,10231.0,72
20260303,51939000,11:25:39.000,COOLDOWN,FLAT_QUOTING,fair_recovered,10232.0,10147.0,10317.0,10231.5,70
20260303,51940000,11:25:40.000,FLAT_QUOTING,LONG_PENDING_HEDGE,target_fill,10232.0,10147.0,10317.0,10231.25,72
20260303,51941000,11:25:41.000,LONG_PENDING_HEDGE,HEDGED_POSITION,hedge_fill,10232.0,10147.0,10317.0,10232.75,72
20260303,51942000,11:25:42.000,HEDGED_POSITION,FLATTENING,reversion_exit,10232.0,10147.0,10317.0,10232.75,70
20260303,51942000,11:25:42.000,FLATTENING,COOLDOWN,reversion_exit,10232.0,10147.0,10317.0,10232.75,72
20260303,51944000,11:25:44.000,COOLDOWN,FLAT_QUOTING,fair_recovered,10234.0,10149.0,10319.0,10233.75,70
20260303,51945000,11:25:45.000,FLAT_QUOTING,LONG_PENDING_HEDGE,target_fill,10234.0,10149.0,10319.0,10233.0,72
20260303,51946000,11:25:46.000,LONG_PENDING_HEDGE,HEDGED_POSITION,hedge_fill,10234.0,10149.0,10319.0,10233.0,72
20260303,51947000,11:25:47.000,HEDGED_POSITION,FLATTENING,reversion_exit,10234.0,10149.0,10319.0,10232.75,70
20260303,51947000,11:25:47.000,FLATTENING,COOLDOWN,reversion_exit,10234.0,10149.0,10319.0,10232.75,72
20260303,51949000,11:25:49.000,COOLDOWN,FLAT_QUOTING,fair_recovered,10239.0,10154.0,10324.0,,70
20260303,51950000,11:25:50.000,FLAT_QUOTING,LONG_PENDING_HEDGE,target_fill,10239.0,10154.0,10324.0,10233.75,72
20260303,51951000,11:25:51.000,LONG_PENDING_HEDGE,HEDGED_POSITION,hedge_fill,10239.0,10154.0,10324.0,10233.75,72
20260303,51952000,11:25:52.000,HEDGED_POSITION,FLATTENING,reversion_exit,10239.0,10154.0,10324.0,10233.75,70
20260303,51952000,11:25:52.000,FLATTENING,COOLDOWN,reversion_exit,10239.0,10154.0,10324.0,10233.75,72
20260303,51954000,11:25:54.000,COOLDOWN,FLAT_QUOTING,fair_recovered,10233.0,10148.0,10318.0,10233.0,70
20260303,51955000,11:25:55.000,FLAT_QUOTING,LONG_PENDING_HEDGE,target_fill,10233.0,10148.0,10318.0,10234.25,72
20260303,51956000,11:25:56.000,LONG_PENDING_HEDGE,HEDGED_POSITION,hedge_fill,10233.0,10148.0,10318.0,10236.0,72
20260303,51957000,11:25:57.000,HEDGED_POSITION,FLATTENING,reversion_exit,10233.0,10148.0,10318.0,10236.125,70
20260303,51957000,11:25:57.000,FLATTENING,COOLDOWN,reversion_exit,10233.0,10148.0,10318.0,10236.125,72
20260303,51959000,11:25:59.000,COOLDOWN,FLAT_QUOTING,fair_recovered,10237.0,10152.0,10322.0,10237.0,70
20260303,51960000,11:26:00.000,FLAT_QUOTING,LONG_PENDING_HEDGE,target_fill,10237.0,10152.0,10322.0,10236.75,72
20260303,51961000,11:26:01.000,LONG_PENDING_HEDGE,HEDGED_POSITION,hedge_fill,10237.0,10152.0,10322.0,10236.5,72
20260303,51962000,11:26:02.000,HEDGED_POSITION,FLATTENING,reversion_exit,10237.0,10152.0,10322.0,10238.75,70
20260303,51962000,11:26:02.000,FLATTENING,COOLDOWN,reversion_exit,10237.0,10152.0,10322.0,10238.75,72
20260303,51964000,11:26:04.000,COOLDOWN,FLAT_QUOTING,fair_recovered,10241.0,10156.0,10326.0,10241.25,70
20260303,51965000,11:26:05.000,FLAT_QUOTING,LONG_PENDING_HEDGE,target_fill,10241.0,10156.0,10326.0,10241.75,72
20260303,51966000,11:26:06.000,LONG_PENDING_HEDGE,HEDGED_POSITION,hedge_fill,10241.0,10156.0,10326.0,10245.25,72
20260303,51967000,11:26:07.000,HEDGED_POSITION,FLATTENING,reference_invalid_exit,10241.0,10156.0,10326.0,10251.75,70
20260303,51967000,11:26:07.000,FLATTENING,COOLDOWN,reference_invalid_exit,10241.0,10156.0,10326.0,10251.75,72
20260303,51969000,11:26:09.000,COOLDOWN,FLAT_QUOTING,fair_recovered,10265.0,10180.0,10350.0,10253.5,70
20260303,51970000,11:26:10.000,FLAT_QUOTING,LONG_PENDING_HEDGE,target_fill,10265.0,10180.0,10350.0,10253.5,72
20260303,51971000,11:26:11.000,LONG_PENDING_HEDGE,HEDGED_POSITION,hedge_fill,10265.0,10180.0,10350.0,10253.5,72
20260303,51972000,11:26:12.000,HEDGED_POSITION,FLATTENING,reference_invalid_exit,10265.0,10180.0,10350.0,10253.25,70
20260303,51972000,11:26:12.000,FLATTENING,COOLDOWN,reference_invalid_exit,10265.0,10180.0,10350.0,10253.25,72
20260303,51974000,11:26:14.000,COOLDOWN,FLAT_QUOTING,fair_recovered,10266.0,10181.0,10351.0,10252.0,70
20260303,51975000,11:26:15.000,FLAT_QUOTING,LONG_PENDING_HEDGE,target_fill,10266.0,10181.0,10351.0,10254.0,72
20260303,51976000,11:26:16.000,LONG_PENDING_HEDGE,HEDGED_POSITION,hedge_fill,10266.0,10181.0,10351.0,10254.0,72
20260303,51977000,11:26:17.000,HEDGED_POSITION,FLATTENING,reference_invalid_exit,10266.0,10181.0,10351.0,10254.5,70
20260303,51977000,11:26:17.000,FLATTENING,COOLDOWN,reference_invalid_exit,10266.0,10181.0,10351.0,10254.5,72
20260303,51979000,11:26:19.000,COOLDOWN,FLAT_QUOTING,fair_recovered,10271.0,10186.0,10356.0,10255.0,70
20260303,51980000,11:26:20.000,FLAT_QUOTING,LONG_PENDING_HEDGE,target_fill,10271.0,10186.0,10356.0,10255.0,72
20260303,51981000,11:26:21.000,LONG_PENDING_HEDGE,HEDGED_POSITION,hedge_fill,10271.0,10186.0,10356.0,10254.75,72
20260303,51982000,11:26:22.000,HEDGED_POSITION,FLATTENING,reversion_exit,10271.0,10186.0,10356.0,10258.0,70
20260303,51982000,11:26:22.000,FLATTENING,COOLDOWN,reversion_exit,10271.0,10186.0,10356.0,10258.0,72
20260303,51984000,11:26:24.000,COOLDOWN,FLAT_QUOTING,fair_recovered,10254.0,10169.0,10339.0,10254.5,70
20260303,51985000,11:26:25.000,FLAT_QUOTING,LONG_PENDING_HEDGE,target_fill,10254.0,10169.0,10339.0,10254.0,72
20260303,51986000,11:26:26.000,LONG_PENDING_HEDGE,HEDGED_POSITION,hedge_fill,10254.0,10169.0,10339.0,10253.5,72
20260303,51987000,11:26:27.000,HEDGED_POSITION,FLATTENING,reference_invalid_exit,10254.0,10169.0,10339.0,10253.25,70
20260303,51987000,11:26:27.000,FLATTENING,COOLDOWN,reference_invalid_exit,10254.0,10169.0,10339.0,10253.25,72
20260303,51989000,11:26:29.000,COOLDOWN,FLAT_QUOTING,fair_recovered,10263.0,10178.0,10348.0,10252.25,70
20260303,51991000,11:26:31.000,FLAT_QUOTING,LONG_PENDING_HEDGE,target_fill,10263.0,10178.0,10348.0,10247.0,71
20260303,51992000,11:26:32.000,LONG_PENDING_HEDGE,HEDGED_POSITION,hedge_fill,10263.0,10178.0,10348.0,10246.75,70
20260303,51993000,11:26:33.000,HEDGED_POSITION,FLATTENING,reference_invalid_exit,10263.0,10178.0,10348.0,10247.5,70
20260303,51993000,11:26:33.000,FLATTENING,COOLDOWN,reference_invalid_exit,10263.0,10178.0,10348.0,10247.5,72
20260303,51995000,11:26:35.000,COOLDOWN,FLAT_QUOTING,fair_recovered,10261.0,10176.0,10346.0,10250.0,69
20260303,51996000,11:26:36.000,FLAT_QUOTING,LONG_PENDING_HEDGE,target_fill,10261.0,10176.0,10346.0,10249.75,71
20260303,51997000,11:26:37.000,LONG_PENDING_HEDGE,HEDGED_POSITION,hedge_fill,10261.0,10176.0,10346.0,10253.5,70
20260303,51998000,11:26:38.000,HEDGED_POSITION,FLATTENING,reversion_exit,10261.0,10176.0,10346.0,10254.25,70
20260303,51998000,11:26:38.000,FLATTENING,COOLDOWN,reversion_exit,10261.0,10176.0,10346.0,10254.25,72
20260303,52000000,11:26:40.000,COOLDOWN,FLAT_QUOTING,fair_recovered,10257.0,10172.0,10342.0,10256.75,69
20260303,52001000,11:26:41.000,FLAT_QUOTING,LONG_PENDING_HEDGE,target_fill,10257.0,10172.0,10342.0,10256.75,71
20260303,52002000,11:26:42.000,LONG_PENDING_HEDGE,HEDGED_POSITION,hedge_fill,10257.0,10172.0,10342.0,10255.75,70
20260303,52003000,11:26:43.000,HEDGED_POSITION,FLATTENING,reversion_exit,10257.0,10172.0,10342.0,10253.75,70
20260303,52003000,11:26:43.000,FLATTENING,COOLDOWN,reversion_exit,10257.0,10172.0,10342.0,10253.75,72
20260303,52005000,11:26:45.000,COOLDOWN,FLAT_QUOTING,fair_recovered,10264.0,10179.0,10349.0,10253.5,69
20260303,52006000,11:26:46.000,FLAT_QUOTING,LONG_PENDING_HEDGE,target_fill,10264.0,10179.0,10349.0,10253.5,71
20260303,52007000,11:26:47.000,LONG_PENDING_HEDGE,HEDGED_POSITION,hedge_fill,10264.0,10179.0,10349.0,10254.75,70
20260303,52008000,11:26:48.000,HEDGED_POSITION,FLATTENING,reference_invalid_exit,10264.0,10179.0,10349.0,10253.75,70
20260303,52008000,11:26:48.000,FLATTENING,COOLDOWN,reference_invalid_exit,10264.0,10179.0,10349.0,10253.75,72
20260303,52010000,11:26:50.000,COOLDOWN,FLAT_QUOTING,fair_recovered,10253.0,10168.0,10338.0,10253.375,69
20260303,52011000,11:26:51.000,FLAT_QUOTING,LONG_PENDING_HEDGE,target_fill,10253.0,10168.0,10338.0,10253.0,71
20260303,52012000,11:26:52.000,LONG_PENDING_HEDGE,HEDGED_POSITION,hedge_fill,10253.0,10168.0,10338.0,10250.25,70
20260303,52013000,11:26:53.000,HEDGED_POSITION,FLATTENING,reference_invalid_exit,10253.0,10168.0,10338.0,10249.75,70
20260303,52013000,11:26:53.000,FLATTENING,COOLDOWN,reference_invalid_exit,10253.0,10168.0,10338.0,10249.75,72
20260303,52015000,11:26:55.000,COOLDOWN,FLAT_QUOTING,fair_recovered,10262.0,10177.0,10347.0,10250.5,69
20260303,52016000,11:26:56.000,FLAT_QUOTING,LONG_PENDING_HEDGE,target_fill,10262.0,10177.0,10347.0,10250.75,71
20260303,52017000,11:26:57.000,LONG_PENDING_HEDGE,HEDGED_POSITION,hedge_fill,10262.0,10177.0,10347.0,10251.5,70
20260303,52018000,11:26:58.000,HEDGED_POSITION,FLATTENING,reference_invalid_exit,10262.0,10177.0,10347.0,10251.75,70
20260303,52018000,11:26:58.000,FLATTENING,COOLDOWN,reference_invalid_exit,10262.0,10177.0,10347.0,10251.75,72
20260303,52020000,11:27:00.000,COOLDOWN,FLAT_QUOTING,fair_recovered,10269.0,10184.0,10354.0,10256.25,69
20260303,52021000,11:27:01.000,FLAT_QUOTING,LONG_PENDING_HEDGE,target_fill,10269.0,10184.0,10354.0,10257.5,71
20260303,52022000,11:27:02.000,LONG_PENDING_HEDGE,HEDGED_POSITION,hedge_fill,10269.0,10184.0,10354.0,10257.5,70
20260303,52023000,11:27:03.000,HEDGED_POSITION,FLATTENING,reference_invalid_exit,10269.0,10184.0,10354.0,10256.0,70
20260303,52023000,11:27:03.000,FLATTENING,COOLDOWN,reference_invalid_exit,10269.0,10184.0,10354.0,10256.0,72
20260303,52025000,11:27:05.000,COOLDOWN,FLAT_QUOTING,fair_recovered,10260.0,10175.0,10345.0,10259.5,69
20260303,52026000,11:27:06.000,FLAT_QUOTING,LONG_PENDING_HEDGE,target_fill,10260.0,10175.0,10345.0,10259.75,71
20260303,52027000,11:27:07.000,LONG_PENDING_HEDGE,HEDGED_POSITION,hedge_fill,10260.0,10175.0,10345.0,10258.75,70
20260303,52028000,11:27:08.000,HEDGED_POSITION,FLATTENING,reversion_exit,10260.0,10175.0,10345.0,10260.25,70
20260303,52028000,11:27:08.000,FLATTENING,COOLDOWN,reversion_exit,10260.0,10175.0,10345.0,10260.25,72
20260303,52030000,11:27:10.000,COOLDOWN,FLAT_QUOTING,fair_recovered,10260.0,10175.0,10345.0,10260.0,69
20260303,52031000,11:27:11.000,FLAT_QUOTING,LONG_PENDING_HEDGE,target_fill,10260.0,10175.0,10345.0,10259.875,71
20260303,52032000,11:27:12.000,LONG_PENDING_HEDGE,HEDGED_POSITION,hedge_fill,10260.0,10175.0,10345.0,10257.75,70
20260303,52033000,11:27:13.000,HEDGED_POSITION,FLATTENING,reversion_exit,10260.0,10175.0,10345.0,10258.25,70
20260303,52033000,11:27:13.000,FLATTENING,COOLDOWN,reversion_exit,10260.0,10175.0,10345.0,10258.25,72
20260303,52035000,11:27:15.000,COOLDOWN,FLAT_QUOTING,fair_recovered,10260.0,10175.0,10345.0,10260.25,69
20260303,52036000,11:27:16.000,FLAT_QUOTING,LONG_PENDING_HEDGE,target_fill,10260.0,10175.0,10345.0,10260.75,71
20260303,52037000,11:27:17.000,LONG_PENDING_HEDGE,HEDGED_POSITION,hedge_fill,10260.0,10175.0,10345.0,10260.0,70
20260303,52038000,11:27:18.000,HEDGED_POSITION,FLATTENING,reversion_exit,10260.0,10175.0,10345.0,10260.0,70
20260303,52038000,11:27:18.000,FLATTENING,COOLDOWN,reversion_exit,10260.0,10175.0,10345.0,10260.0,72
20260303,52040000,11:27:20.000,COOLDOWN,FLAT_QUOTING,fair_recovered,10264.0,10179.0,10349.0,10264.0,69
20260303,52041000,11:27:21.000,FLAT_QUOTING,LONG_PENDING_HEDGE,target_fill,10264.0,10179.0,10349.0,10271.75,71
20260303,52042000,11:27:22.000,LONG_PENDING_HEDGE,HEDGED_POSITION,hedge_fill,10264.0,10179.0,10349.0,10273.75,70
20260303,52043000,11:27:23.000,HEDGED_POSITION,FLATTENING,reversion_exit,10264.0,10179.0,10349.0,10276.0,70
20260303,52043000,11:27:23.000,FLATTENING,COOLDOWN,reversion_exit,10264.0,10179.0,10349.0,10276.0,72
20260303,52045000,11:27:25.000,COOLDOWN,FLAT_QUOTING,fair_recovered,10277.0,10192.0,10362.0,10277.0,69
20260303,52046000,11:27:26.000,FLAT_QUOTING,LONG_PENDING_HEDGE,target_fill,10277.0,10192.0,10362.0,10277.0,71
20260303,52047000,11:27:27.000,LONG_PENDING_HEDGE,HEDGED_POSITION,hedge_fill,10277.0,10192.0,10362.0,10276.5,70
20260303,52048000,11:27:28.000,HEDGED_POSITION,FLATTENING,reference_invalid_exit,10277.0,10192.0,10362.0,10276.5,70
20260303,52048000,11:27:28.000,FLATTENING,COOLDOWN,reference_invalid_exit,10277.0,10192.0,10362.0,10276.5,72
20260303,52050000,11:27:30.000,COOLDOWN,FLAT_QUOTING,fair_recovered,10288.0,10203.0,10373.0,10272.25,70
20260303,52051000,11:27:31.000,FLAT_QUOTING,LONG_PENDING_HEDGE,target_fill,10288.0,10203.0,10373.0,10272.5,72
20260303,52052000,11:27:32.000,LONG_PENDING_HEDGE,HEDGED_POSITION,hedge_fill,10288.0,10203.0,10373.0,10268.5,72
20260303,52053000,11:27:33.000,HEDGED_POSITION,FLATTENING,reference_invalid_exit,10288.0,10203.0,10373.0,10276.5,70
20260303,52053000,11:27:33.000,FLATTENING,COOLDOWN,reference_invalid_exit,10288.0,10203.0,10373.0,10276.5,72
20260303,52055000,11:27:35.000,COOLDOWN,FLAT_QUOTING,fair_recovered,10286.0,10201.0,10371.0,10286.25,70
20260303,52056000,11:27:36.000,FLAT_QUOTING,LONG_PENDING_HEDGE,target_fill,10286.0,10201.0,10371.0,10284.0,72
20260303,52057000,11:27:37.000,LONG_PENDING_HEDGE,HEDGED_POSITION,hedge_fill,10286.0,10201.0,10371.0,10284.625,72
20260303,52058000,11:27:38.000,HEDGED_POSITION,FLATTENING,reference_invalid_exit,10286.0,10201.0,10371.0,10284.75,70
20260303,52058000,11:27:38.000,FLATTENING,COOLDOWN,reference_invalid_exit,10286.0,10201.0,10371.0,10284.75,72
20260303,52060000,11:27:40.000,COOLDOWN,FLAT_QUOTING,fair_recovered,10296.0,10211.0,10381.0,10284.25,70
20260303,52061000,11:27:41.000,FLAT_QUOTING,LONG_PENDING_HEDGE,target_fill,10296.0,10211.0,10381.0,10284.0,72
20260303,52062000,11:27:42.000,LONG_PENDING_HEDGE,HEDGED_POSITION,hedge_fill,10296.0,10211.0,10381.0,10286.25,72
20260303,52063000,11:27:43.000,HEDGED_POSITION,FLATTENING,reversion_exit,10296.0,10211.0,10381.0,10286.0,70
20260303,52063000,11:27:43.000,FLATTENING,COOLDOWN,reversion_exit,10296.0,10211.0,10381.0,10286.0,72
20260303,52065000,11:27:45.000,COOLDOWN,FLAT_QUOTING,fair_recovered,10304.0,10219.0,10389.0,10291.25,70
20260303,52066000,11:27:46.000,FLAT_QUOTING,LONG_PENDING_HEDGE,target_fill,10304.0,10219.0,10389.0,10290.25,72
20260303,52067000,11:27:47.000,LONG_PENDING_HEDGE,HEDGED_POSITION,hedge_fill,10304.0,10219.0,10389.0,10287.25,72
20260303,52068000,11:27:48.000,HEDGED_POSITION,FLATTENING,reference_invalid_exit,10304.0,10219.0,10389.0,10288.5,70
20260303,52068000,11:27:48.000,FLATTENING,COOLDOWN,reference_invalid_exit,10304.0,10219.0,10389.0,10288.5,72
20260303,52070000,11:27:50.000,COOLDOWN,FLAT_QUOTING,fair_recovered,10304.0,10219.0,10389.0,10290.5,70
20260303,52071000,11:27:51.000,FLAT_QUOTING,LONG_PENDING_HEDGE,target_fill,10304.0,10219.0,10389.0,10288.75,72
20260303,52072000,11:27:52.000,LONG_PENDING_HEDGE,HEDGED_POSITION,hedge_fill,10304.0,10219.0,10389.0,10289.75,72
20260303,52073000,11:27:53.000,HEDGED_POSITION,FLATTENING,reference_invalid_exit,10304.0,10219.0,10389.0,10292.5,70
20260303,52073000,11:27:53.000,FLATTENING,COOLDOWN,reference_invalid_exit,10304.0,10219.0,10389.0,10292.5,72
20260303,52075000,11:27:55.000,COOLDOWN,FLAT_QUOTING,fair_recovered,10308.0,10223.0,10393.0,10288.75,70
20260303,52076000,11:27:56.000,FLAT_QUOTING,LONG_PENDING_HEDGE,target_fill,10308.0,10223.0,10393.0,10285.0,72
20260303,52077000,11:27:57.000,LONG_PENDING_HEDGE,HEDGED_POSITION,hedge_fill,10308.0,10223.0,10393.0,10280.75,72
20260303,52078000,11:27:58.000,HEDGED_POSITION,FLATTENING,reference_invalid_exit,10308.0,10223.0,10393.0,10278.875,70
20260303,52078000,11:27:58.000,FLATTENING,COOLDOWN,reference_invalid_exit,10308.0,10223.0,10393.0,10278.875,72
20260303,52080000,11:28:00.000,COOLDOWN,FLAT_QUOTING,fair_recovered,10292.0,10207.0,10377.0,10274.0,70
20260303,52081000,11:28:01.000,FLAT_QUOTING,LONG_PENDING_HEDGE,target_fill,10292.0,10207.0,10377.0,10276.75,72
20260303,52082000,11:28:02.000,LONG_PENDING_HEDGE,HEDGED_POSITION,hedge_fill,10292.0,10207.0,10377.0,,72
20260303,52083000,11:28:03.000,HEDGED_POSITION,FLATTENING,reference_invalid_exit,10292.0,10207.0,10377.0,10279.25,70
20260303,52083000,11:28:03.000,FLATTENING,COOLDOWN,reference_invalid_exit,10292.0,10207.0,10377.0,10279.25,72
20260303,52085000,11:28:05.000,COOLDOWN,FLAT_QUOTING,fair_recovered,10288.0,10203.0,10373.0,10271.25,70
20260303,52086000,11:28:06.000,FLAT_QUOTING,LONG_PENDING_HEDGE,target_fill,10288.0,10203.0,10373.0,10271.0,72
20260303,52087000,11:28:07.000,LONG_PENDING_HEDGE,HEDGED_POSITION,hedge_fill,10288.0,10203.0,10373.0,10269.375,72
20260303,52088000,11:28:08.000,HEDGED_POSITION,FLATTENING,reference_invalid_exit,10288.0,10203.0,10373.0,10266.5,70
20260303,52088000,11:28:08.000,FLATTENING,COOLDOWN,reference_invalid_exit,10288.0,10203.0,10373.0,10266.5,72
20260303,52090000,11:28:10.000,COOLDOWN,FLAT_QUOTING,fair_recovered,10281.0,10196.0,10366.0,10264.0,70
20260303,52091000,11:28:11.000,FLAT_QUOTING,LONG_PENDING_HEDGE,target_fill,10281.0,10196.0,10366.0,10265.0,72
20260303,52092000,11:28:12.000,LONG_PENDING_HEDGE,HEDGED_POSITION,hedge_fill,10281.0,10196.0,10366.0,10262.5,72
20260303,52093000,11:28:13.000,HEDGED_POSITION,FLATTENING,reference_invalid_exit,10281.0,10196.0,10366.0,,70
20260303,52093000,11:28:13.000,FLATTENING,COOLDOWN,reference_invalid_exit,10281.0,10196.0,10366.0,,72
20260303,52095000,11:28:15.000,COOLDOWN,FLAT_QUOTING,fair_recovered,10266.0,10181.0,10351.0,10265.5,70
20260303,52096000,11:28:16.000,FLAT_QUOTING,LONG_PENDING_HEDGE,target_fill,10266.0,10181.0,10351.0,10265.75,72
20260303,52097000,11:28:17.000,LONG_PENDING_HEDGE,HEDGED_POSITION,hedge_fill,10266.0,10181.0,10351.0,10266.75,72
20260303,52098000,11:28:18.000,HEDGED_POSITION,FLATTENING,reversion_exit,10266.0,10181.0,10351.0,10268.5,70
20260303,52098000,11:28:18.000,FLATTENING,COOLDOWN,reversion_exit,10266.0,10181.0,10351.0,10268.5,72
20260303,52100000,11:28:20.000,COOLDOWN,FLAT_QUOTING,fair_recovered,10266.0,10181.0,10351.0,10266.25,70
20260303,52101000,11:28:21.000,FLAT_QUOTING,LONG_PENDING_HEDGE,target_fill,10266.0,10181.0,10351.0,10265.75,72
20260303,52102000,11:28:22.000,LONG_PENDING_HEDGE,HEDGED_POSITION,hedge_fill,10266.0,10181.0,10351.0,10264.25,72
20260303,52103000,11:28:23.000,HEDGED_POSITION,FLATTENING,reference_invalid_exit,10266.0,10181.0,10351.0,10264.5,70
20260303,52103000,11:28:23.000,FLATTENING,COOLDOWN,reference_invalid_exit,10266.0,10181.0,10351.0,10264.5,72
20260303,52105000,11:28:25.000,COOLDOWN,FLAT_QUOTING,fair_recovered,10280.0,10195.0,10365.0,10262.625,70
20260303,52106000,11:28:26.000,FLAT_QUOTING,LONG_PENDING_HEDGE,target_fill,10280.0,10195.0,10365.0,10262.0,72
20260303,52107000,11:28:27.000,LONG_PENDING_HEDGE,HEDGED_POSITION,hedge_fill,10280.0,10195.0,10365.0,10264.0,72
20260303,52108000,11:28:28.000,HEDGED_POSITION,FLATTENING,reference_invalid_exit,10280.0,10195.0,10365.0,10264.375,70
20260303,52108000,11:28:28.000,FLATTENING,COOLDOWN,reference_invalid_exit,10280.0,10195.0,10365.0,10264.375,72
20260303,52110000,11:28:30.000,COOLDOWN,FLAT_QUOTING,fair_recovered,10281.0,10196.0,10366.0,10265.0,70
20260303,52111000,11:28:31.000,FLAT_QUOTING,LONG_PENDING_HEDGE,target_fill,10281.0,10196.0,10366.0,10264.875,72
20260303,52112000,11:28:32.000,LONG_PENDING_HEDGE,HEDGED_POSITION,hedge_fill,10281.0,10196.0,10366.0,10263.25,72
20260303,52113000,11:28:33.000,HEDGED_POSITION,FLATTENING,reference_invalid_exit,10281.0,10196.0,10366.0,10263.0,70
20260303,52113000,11:28:33.000,FLATTENING,COOLDOWN,reference_invalid_exit,10281.0,10196.0,10366.0,10263.0,72
20260303,52115000,11:28:35.000,COOLDOWN,FLAT_QUOTING,fair_recovered,10279.0,10194.0,10364.0,10263.0,70
20260303,52116000,11:28:36.000,FLAT_QUOTING,LONG_PENDING_HEDGE,target_fill,10279.0,10194.0,10364.0,10262.75,72
20260303,52117000,11:28:37.000,LONG_PENDING_HEDGE,HEDGED_POSITION,hedge_fill,10279.0,10194.0,10364.0,10261.375,72
20260303,52118000,11:28:38.000,HEDGED_POSITION,FLATTENING,reference_invalid_exit,10279.0,10194.0,10364.0,10261.875,70
20260303,52118000,11:28:38.000,FLATTENING,COOLDOWN,reference_invalid_exit,10279.0,10194.0,10364.0,10261.875,72
20260303,52120000,11:28:40.000,COOLDOWN,FLAT_QUOTING,fair_recovered,10279.0,10194.0,10364.0,10263.5,70
20260303,52121000,11:28:41.000,FLAT_QUOTING,LONG_PENDING_HEDGE,target_fill,10279.0,10194.0,10364.0,10264.75,72
20260303,52122000,11:28:42.000,LONG_PENDING_HEDGE,HEDGED_POSITION,hedge_fill,10279.0,10194.0,10364.0,10266.625,72
20260303,52123000,11:28:43.000,HEDGED_POSITION,FLATTENING,reversion_exit,10279.0,10194.0,10364.0,10268.25,70
20260303,52123000,11:28:43.000,FLATTENING,COOLDOWN,reversion_exit,10279.0,10194.0,10364.0,10268.25,72
20260303,52125000,11:28:45.000,COOLDOWN,FLAT_QUOTING,fair_recovered,10268.0,10183.0,10353.0,10267.5,70
20260303,52126000,11:28:46.000,FLAT_QUOTING,LONG_PENDING_HEDGE,target_fill,10268.0,10183.0,10353.0,10268.0,72
20260303,52127000,11:28:47.000,LONG_PENDING_HEDGE,HEDGED_POSITION,hedge_fill,10268.0,10183.0,10353.0,10268.25,72
20260303,52128000,11:28:48.000,HEDGED_POSITION,FLATTENING,reversion_exit,10268.0,10183.0,10353.0,10267.625,70
20260303,52128000,11:28:48.000,FLATTENING,COOLDOWN,reversion_exit,10268.0,10183.0,10353.0,10267.625,72
20260303,52130000,11:28:50.000,COOLDOWN,FLAT_QUOTING,fair_recovered,10270.0,10185.0,10355.0,10269.5,70
20260303,52131000,11:28:51.000,FLAT_QUOTING,LONG_PENDING_HEDGE,target_fill,10270.0,10185.0,10355.0,10268.875,72
20260303,52132000,11:28:52.000,LONG_PENDING_HEDGE,HEDGED_POSITION,hedge_fill,10270.0,10185.0,10355.0,10269.125,72
20260303,52133000,11:28:53.000,HEDGED_POSITION,FLATTENING,reversion_exit,10270.0,10185.0,10355.0,10269.625,70
20260303,52133000,11:28:53.000,FLATTENING,COOLDOWN,reversion_exit,10270.0,10185.0,10355.0,10269.625,72
20260303,52135000,11:28:55.000,COOLDOWN,FLAT_QUOTING,fair_recovered,10268.0,10183.0,10353.0,10268.5,70
20260303,52136000,11:28:56.000,FLAT_QUOTING,LONG_PENDING_HEDGE,target_fill,10268.0,10183.0,10353.0,10269.0,72
20260303,52137000,11:28:57.000,LONG_PENDING_HEDGE,HEDGED_POSITION,hedge_fill,10268.0,10183.0,10353.0,10269.5,72
20260303,52138000,11:28:58.000,HEDGED_POSITION,FLATTENING,reversion_exit,10268.0,10183.0,10353.0,10269.5,70
20260303,52138000,11:28:58.000,FLATTENING,COOLDOWN,reversion_exit,10268.0,10183.0,10353.0,10269.5,72
20260303,52140000,11:29:00.000,COOLDOWN,FLAT_QUOTING,fair_recovered,10270.0,10185.0,10355.0,10270.0,70
20260303,52141000,11:29:01.000,FLAT_QUOTING,LONG_PENDING_HEDGE,target_fill,10270.0,10185.0,10355.0,10273.75,72
20260303,52142000,11:29:02.000,LONG_PENDING_HEDGE,HEDGED_POSITION,hedge_fill,10270.0,10185.0,10355.0,,72
20260303,52143000,11:29:03.000,HEDGED_POSITION,FLATTENING,reference_invalid_exit,10270.0,10185.0,10355.0,,70
20260303,52143000,11:29:03.000,FLATTENING,COOLDOWN,reference_invalid_exit,10270.0,10185.0,10355.0,,72
20260303,52145000,11:29:05.000,COOLDOWN,FLAT_QUOTING,fair_recovered,10294.0,10209.0,10379.0,10283.625,70
20260303,52146000,11:29:06.000,FLAT_QUOTING,LONG_PENDING_HEDGE,target_fill,10294.0,10209.0,10379.0,,72
20260303,52147000,11:29:07.000,LONG_PENDING_HEDGE,HEDGED_POSITION,hedge_fill,10294.0,10209.0,10379.0,,72
20260303,52148000,11:29:08.000,HEDGED_POSITION,FLATTENING,reference_invalid_exit,10294.0,10209.0,10379.0,,70
20260303,52148000,11:29:08.000,FLATTENING,COOLDOWN,reference_invalid_exit,10294.0,10209.0,10379.0,,72
20260303,52150000,11:29:10.000,COOLDOWN,FLAT_QUOTING,fair_recovered,10293.0,10208.0,10378.0,,70
20260303,52152000,11:29:12.000,FLAT_QUOTING,LONG_PENDING_HEDGE,target_fill,10293.0,10208.0,10378.0,,71
20260303,52153000,11:29:13.000,LONG_PENDING_HEDGE,HEDGED_POSITION,hedge_fill,10293.0,10208.0,10378.0,,70
20260303,52154000,11:29:14.000,HEDGED_POSITION,FLATTENING,reversion_exit,10293.0,10208.0,10378.0,10281.5,70
20260303,52154000,11:29:14.000,FLATTENING,COOLDOWN,reversion_exit,10293.0,10208.0,10378.0,10281.5,72
20260303,52156000,11:29:16.000,COOLDOWN,FLAT_QUOTING,fair_recovered,10303.0,10218.0,10388.0,,69
20260303,52157000,11:29:17.000,FLAT_QUOTING,LONG_PENDING_HEDGE,target_fill,10303.0,10218.0,10388.0,,71
20260303,52158000,11:29:18.000,LONG_PENDING_HEDGE,HEDGED_POSITION,hedge_fill,10303.0,10218.0,10388.0,,70
20260303,52159000,11:29:19.000,HEDGED_POSITION,FLATTENING,reference_invalid_exit,10303.0,10218.0,10388.0,,70
20260303,52159000,11:29:19.000,FLATTENING,COOLDOWN,reference_invalid_exit,10303.0,10218.0,10388.0,,72
20260303,52161000,11:29:21.000,COOLDOWN,FLAT_QUOTING,fair_recovered,10284.0,10199.0,10369.0,10283.625,69
20260303,52162000,11:29:22.000,FLAT_QUOTING,LONG_PENDING_HEDGE,target_fill,10284.0,10199.0,10369.0,10283.75,71
20260303,52163000,11:29:23.000,LONG_PENDING_HEDGE,HEDGED_POSITION,hedge_fill,10284.0,10199.0,10369.0,10287.25,70
20260303,52164000,11:29:24.000,HEDGED_POSITION,FLATTENING,reversion_exit,10284.0,10199.0,10369.0,10293.375,70
20260303,52164000,11:29:24.000,FLATTENING,COOLDOWN,reversion_exit,10284.0,10199.0,10369.0,10293.375,72
20260303,52166000,11:29:26.000,COOLDOWN,FLAT_QUOTING,fair_recovered,10294.0,10209.0,10379.0,10293.5,69
20260303,52167000,11:29:27.000,FLAT_QUOTING,LONG_PENDING_HEDGE,target_fill,10294.0,10209.0,10379.0,10293.5,71
20260303,52168000,11:29:28.000,LONG_PENDING_HEDGE,HEDGED_POSITION,hedge_fill,10294.0,10209.0,10379.0,10294.0,70
20260303,52169000,11:29:29.000,HEDGED_POSITION,FLATTENING,reversion_exit,10294.0,10209.0,10379.0,10294.0,70
20260303,52169000,11:29:29.000,FLATTENING,COOLDOWN,reversion_exit,10294.0,10209.0,10379.0,10294.0,72
20260303,52171000,11:29:31.000,COOLDOWN,FLAT_QUOTING,fair_recovered,10292.0,10207.0,10377.0,10292.5,69
20260303,52172000,11:29:32.000,FLAT_QUOTING,LONG_PENDING_HEDGE,target_fill,10292.0,10207.0,10377.0,10292.25,71
20260303,52173000,11:29:33.000,LONG_PENDING_HEDGE,HEDGED_POSITION,hedge_fill,10292.0,10207.0,10377.0,10291.25,70
20260303,52174000,11:29:34.000,HEDGED_POSITION,FLATTENING,reversion_exit,10292.0,10207.0,10377.0,10292.25,70
20260303,52174000,11:29:34.000,FLATTENING,COOLDOWN,reversion_exit,10292.0,10207.0,10377.0,10292.25,72
20260303,52176000,11:29:36.000,COOLDOWN,FLAT_QUOTING,fair_recovered,10294.0,10209.0,10379.0,10293.5,69
20260303,52177000,11:29:37.000,FLAT_QUOTING,LONG_PENDING_HEDGE,target_fill,10294.0,10209.0,10379.0,10290.25,71
20260303,52178000,11:29:38.000,LONG_PENDING_HEDGE,HEDGED_POSITION,hedge_fill,10294.0,10209.0,10379.0,10291.0,70
20260303,52179000,11:29:39.000,HEDGED_POSITION,FLATTENING,reversion_exit,10294.0,10209.0,10379.0,10291.5,70
20260303,52179000,11:29:39.000,FLATTENING,COOLDOWN,reversion_exit,10294.0,10209.0,10379.0,10291.5,72
20260303,52181000,11:29:41.000,COOLDOWN,FLAT_QUOTING,fair_recovered,10289.0,10204.0,10374.0,10289.0,69
20260303,52182000,11:29:42.000,FLAT_QUOTING,LONG_PENDING_HEDGE,target_fill,10289.0,10204.0,10374.0,10289.875,71
20260303,52183000,11:29:43.000,LONG_PENDING_HEDGE,HEDGED_POSITION,hedge_fill,10289.0,10204.0,10374.0,10288.5,70
20260303,52184000,11:29:44.000,HEDGED_POSITION,FLATTENING,reversion_exit,10289.0,10204.0,10374.0,10289.25,70
20260303,52184000,11:29:44.000,FLATTENING,COOLDOWN,reversion_exit,10289.0,10204.0,10374.0,10289.25,72
20260303,52186000,11:29:46.000,COOLDOWN,FLAT_QUOTING,fair_recovered,10290.0,10205.0,10375.0,10289.75,69
20260303,52187000,11:29:47.000,FLAT_QUOTING,LONG_PENDING_HEDGE,target_fill,10290.0,10205.0,10375.0,10290.625,71
20260303,52188000,11:29:48.000,LONG_PENDING_HEDGE,HEDGED_POSITION,hedge_fill,10290.0,10205.0,10375.0,10289.75,70
20260303,52189000,11:29:49.000,HEDGED_POSITION,FLATTENING,reversion_exit,10290.0,10205.0,10375.0,10289.0,70
20260303,52189000,11:29:49.000,FLATTENING,COOLDOWN,reversion_exit,10290.0,10205.0,10375.0,10289.0,72
20260303,52191000,11:29:51.000,COOLDOWN,FLAT_QUOTING,fair_recovered,10285.0,10200.0,10370.0,10285.375,69
20260303,52192000,11:29:52.000,FLAT_QUOTING,LONG_PENDING_HEDGE,target_fill,10285.0,10200.0,10370.0,10287.5,71
20260303,52193000,11:29:53.000,LONG_PENDING_HEDGE,HEDGED_POSITION,hedge_fill,10285.0,10200.0,10370.0,10288.0,70
20260303,52194000,11:29:54.000,HEDGED_POSITION,FLATTENING,reference_invalid_exit,10285.0,10200.0,10370.0,10290.25,70
20260303,52194000,11:29:54.000,FLATTENING,COOLDOWN,reference_invalid_exit,10285.0,10200.0,10370.0,10290.25,72
20260303,52196000,11:29:56.000,COOLDOWN,FLAT_QUOTING,fair_recovered,10289.0,10204.0,10374.0,10288.875,69
20260303,52197000,11:29:57.000,FLAT_QUOTING,LONG_PENDING_HEDGE,target_fill,10289.0,10204.0,10374.0,10289.0,71
20260303,52198000,11:29:58.000,LONG_PENDING_HEDGE,HEDGED_POSITION,hedge_fill,10289.0,10204.0,10374.0,10290.0,70
20260303,52199000,11:29:59.000,HEDGED_POSITION,FLATTENING,reversion_exit,10289.0,10204.0,10374.0,10288.75,70
20260303,52199000,11:29:59.000,FLATTENING,COOLDOWN,reversion_exit,10289.0,10204.0,10374.0,10288.75,72
20260303,52200000,11:30:00.000,COOLDOWN,PAUSED,fair_invalid_or_session_guard,10289.0,10204.0,10374.0,,70
20260303,59461000,13:31:01.000,PAUSED,FLAT_QUOTING,fair_recovered,10369.0,10284.0,10454.0,,0
20260303,59462000,13:31:02.000,FLAT_QUOTING,LONG_PENDING_HEDGE,target_fill,10369.0,10284.0,10454.0,,3
20260303,59463000,13:31:03.000,LONG_PENDING_HEDGE,HEDGED_POSITION,hedge_fill,10369.0,10284.0,10454.0,,4
20260303,59464000,13:31:04.000,HEDGED_POSITION,FLATTENING,reference_invalid_exit,10369.0,10284.0,10454.0,,4
20260303,59464000,13:31:04.000,FLATTENING,COOLDOWN,reference_invalid_exit,10369.0,10284.0,10454.0,,6
20260303,59466000,13:31:06.000,COOLDOWN,FLAT_QUOTING,fair_recovered,10371.0,10286.0,10456.0,,6
20260303,59468000,13:31:08.000,FLAT_QUOTING,LONG_PENDING_HEDGE,target_fill,10371.0,10286.0,10456.0,,9
20260303,59469000,13:31:09.000,LONG_PENDING_HEDGE,HEDGED_POSITION,hedge_fill,10371.0,10286.0,10456.0,,10
20260303,59470000,13:31:10.000,HEDGED_POSITION,FLATTENING,reversion_exit,10371.0,10286.0,10456.0,10370.5,10
20260303,59470000,13:31:10.000,FLATTENING,COOLDOWN,reversion_exit,10371.0,10286.0,10456.0,10370.5,12
20260303,59472000,13:31:12.000,COOLDOWN,FLAT_QUOTING,fair_recovered,10375.0,10290.0,10460.0,10374.75,12
20260303,59473000,13:31:13.000,FLAT_QUOTING,LONG_PENDING_HEDGE,target_fill,10375.0,10290.0,10460.0,10373.875,15
20260303,59474000,13:31:14.000,LONG_PENDING_HEDGE,HEDGED_POSITION,hedge_fill,10375.0,10290.0,10460.0,10371.0,16
20260303,59475000,13:31:15.000,HEDGED_POSITION,FLATTENING,reversion_exit,10375.0,10290.0,10460.0,10366.75,16
20260303,59475000,13:31:15.000,FLATTENING,COOLDOWN,reversion_exit,10375.0,10290.0,10460.0,10366.75,18
20260303,59477000,13:31:17.000,COOLDOWN,FLAT_QUOTING,fair_recovered,10376.0,10291.0,10461.0,,18
20260303,59478000,13:31:18.000,FLAT_QUOTING,LONG_PENDING_HEDGE,target_fill,10376.0,10291.0,10461.0,10373.5,21
20260303,59479000,13:31:19.000,LONG_PENDING_HEDGE,HEDGED_POSITION,hedge_fill,10376.0,10291.0,10461.0,,22
20260303,59480000,13:31:20.000,HEDGED_POSITION,FLATTENING,reversion_exit,10376.0,10291.0,10461.0,10373.25,22
20260303,59480000,13:31:20.000,FLATTENING,COOLDOWN,reversion_exit,10376.0,10291.0,10461.0,10373.25,24
20260303,59482000,13:31:22.000,COOLDOWN,FLAT_QUOTING,fair_recovered,10356.0,10271.0,10441.0,10358.75,24
20260303,59483000,13:31:23.000,FLAT_QUOTING,LONG_PENDING_HEDGE,target_fill,10356.0,10271.0,10441.0,10357.25,27
20260303,59484000,13:31:24.000,LONG_PENDING_HEDGE,HEDGED_POSITION,hedge_fill,10356.0,10271.0,10441.0,10354.5,28
20260303,59485000,13:31:25.000,HEDGED_POSITION,FLATTENING,reference_invalid_exit,10356.0,10271.0,10441.0,10352.75,28
20260303,59485000,13:31:25.000,FLATTENING,COOLDOWN,reference_invalid_exit,10356.0,10271.0,10441.0,10352.75,30
20260303,59487000,13:31:27.000,COOLDOWN,FLAT_QUOTING,fair_recovered,10341.0,10256.0,10426.0,10352.0,30
20260303,59488000,13:31:28.000,FLAT_QUOTING,LONG_PENDING_HEDGE,target_fill,10341.0,10256.0,10426.0,10349.0,33
20260303,59489000,13:31:29.000,LONG_PENDING_HEDGE,HEDGED_POSITION,hedge_fill,10341.0,10256.0,10426.0,10336.875,34
20260303,59490000,13:31:30.000,HEDGED_POSITION,FLATTENING,reference_invalid_exit,10341.0,10256.0,10426.0,10338.0,34
20260303,59490000,13:31:30.000,FLATTENING,COOLDOWN,reference_invalid_exit,10341.0,10256.0,10426.0,10338.0,36
20260303,59492000,13:31:32.000,COOLDOWN,FLAT_QUOTING,fair_recovered,10306.0,10221.0,10391.0,10324.75,36
20260303,59493000,13:31:33.000,FLAT_QUOTING,LONG_PENDING_HEDGE,target_fill,10306.0,10221.0,10391.0,,39
20260303,59494000,13:31:34.000,LONG_PENDING_HEDGE,HEDGED_POSITION,hedge_fill,10306.0,10221.0,10391.0,10331.25,40
20260303,59495000,13:31:35.000,HEDGED_POSITION,FLATTENING,reference_invalid_exit,10306.0,10221.0,10391.0,10334.875,40
20260303,59495000,13:31:35.000,FLATTENING,COOLDOWN,reference_invalid_exit,10306.0,10221.0,10391.0,10334.875,42
20260303,59497000,13:31:37.000,COOLDOWN,FLAT_QUOTING,fair_recovered,10316.0,10231.0,10401.0,10334.75,42
20260303,59498000,13:31:38.000,FLAT_QUOTING,LONG_PENDING_HEDGE,target_fill,10316.0,10231.0,10401.0,10338.0,45
20260303,59499000,13:31:39.000,LONG_PENDING_HEDGE,HEDGED_POSITION,hedge_fill,10316.0,10231.0,10401.0,10336.125,46
20260303,59500000,13:31:40.000,HEDGED_POSITION,FLATTENING,reference_invalid_exit,10316.0,10231.0,10401.0,10339.5,46
20260303,59500000,13:31:40.000,FLATTENING,COOLDOWN,reference_invalid_exit,10316.0,10231.0,10401.0,10339.5,48
20260303,59502000,13:31:42.000,COOLDOWN,FLAT_QUOTING,fair_recovered,10339.0,10254.0,10424.0,10346.25,48
20260303,59503000,13:31:43.000,FLAT_QUOTING,LONG_PENDING_HEDGE,target_fill,10339.0,10254.0,10424.0,10346.125,51
20260303,59504000,13:31:44.000,LONG_PENDING_HEDGE,HEDGED_POSITION,hedge_fill,10339.0,10254.0,10424.0,10344.0,52
20260303,59505000,13:31:45.000,HEDGED_POSITION,FLATTENING,reference_invalid_exit,10339.0,10254.0,10424.0,10345.375,52
20260303,59505000,13:31:45.000,FLATTENING,COOLDOWN,reference_invalid_exit,10339.0,10254.0,10424.0,10345.375,54
20260303,59507000,13:31:47.000,COOLDOWN,FLAT_QUOTING,fair_recovered,10330.0,10245.0,10415.0,10344.0,54
20260303,59508000,13:31:48.000,FLAT_QUOTING,LONG_PENDING_HEDGE,target_fill,10330.0,10245.0,10415.0,10341.875,57
20260303,59509000,13:31:49.000,LONG_PENDING_HEDGE,HEDGED_POSITION,hedge_fill,10330.0,10245.0,10415.0,10340.25,58
20260303,59510000,13:31:50.000,HEDGED_POSITION,FLATTENING,reference_invalid_exit,10330.0,10245.0,10415.0,10339.75,58
20260303,59510000,13:31:50.000,FLATTENING,COOLDOWN,reference_invalid_exit,10330.0,10245.0,10415.0,10339.75,60
20260303,59512000,13:31:52.000,COOLDOWN,FLAT_QUOTING,fair_recovered,10324.0,10239.0,10409.0,10337.5,60
20260303,59513000,13:31:53.000,FLAT_QUOTING,LONG_PENDING_HEDGE,target_fill,10324.0,10239.0,10409.0,10335.375,63
20260303,59514000,13:31:54.000,LONG_PENDING_HEDGE,HEDGED_POSITION,hedge_fill,10324.0,10239.0,10409.0,10335.5,64
20260303,59515000,13:31:55.000,HEDGED_POSITION,FLATTENING,reference_invalid_exit,10324.0,10239.0,10409.0,10335.5,64
20260303,59515000,13:31:55.000,FLATTENING,COOLDOWN,reference_invalid_exit,10324.0,10239.0,10409.0,10335.5,66
20260303,59517000,13:31:57.000,COOLDOWN,FLAT_QUOTING,fair_recovered,10321.0,10236.0,10406.0,10334.0,66
20260303,59518000,13:31:58.000,FLAT_QUOTING,LONG_PENDING_HEDGE,target_fill,10321.0,10236.0,10406.0,10333.5,69
20260303,59519000,13:31:59.000,LONG_PENDING_HEDGE,HEDGED_POSITION,hedge_fill,10321.0,10236.0,10406.0,10334.0,70
20260303,59520000,13:32:00.000,HEDGED_POSITION,FLATTENING,reference_invalid_exit,10321.0,10236.0,10406.0,10332.75,70
20260303,59520000,13:32:00.000,FLATTENING,COOLDOWN,reference_invalid_exit,10321.0,10236.0,10406.0,10332.75,72
20260303,59522000,13:32:02.000,COOLDOWN,FLAT_QUOTING,fair_recovered,10315.0,10230.0,10400.0,10328.5,69
20260303,59523000,13:32:03.000,FLAT_QUOTING,LONG_PENDING_HEDGE,target_fill,10315.0,10230.0,10400.0,10331.0,71
20260303,59524000,13:32:04.000,LONG_PENDING_HEDGE,HEDGED_POSITION,hedge_fill,10315.0,10230.0,10400.0,10334.75,70
20260303,59525000,13:32:05.000,HEDGED_POSITION,FLATTENING,reference_invalid_exit,10315.0,10230.0,10400.0,10334.125,70
20260303,59525000,13:32:05.000,FLATTENING,COOLDOWN,reference_invalid_exit,10315.0,10230.0,10400.0,10334.125,72
20260303,59527000,13:32:07.000,COOLDOWN,FLAT_QUOTING,fair_recovered,10323.0,10238.0,10408.0,10332.25,70
20260303,59528000,13:32:08.000,FLAT_QUOTING,LONG_PENDING_HEDGE,target_fill,10323.0,10238.0,10408.0,10332.25,72
20260303,59529000,13:32:09.000,LONG_PENDING_HEDGE,HEDGED_POSITION,hedge_fill,10323.0,10238.0,10408.0,10334.375,72
20260303,59530000,13:32:10.000,HEDGED_POSITION,FLATTENING,reference_invalid_exit,10323.0,10238.0,10408.0,10338.0,70
20260303,59530000,13:32:10.000,FLATTENING,COOLDOWN,reference_invalid_exit,10323.0,10238.0,10408.0,10338.0,72
20260303,59532000,13:32:12.000,COOLDOWN,FLAT_QUOTING,fair_recovered,10328.0,10243.0,10413.0,10342.25,70
20260303,59533000,13:32:13.000,FLAT_QUOTING,LONG_PENDING_HEDGE,target_fill,10328.0,10243.0,10413.0,10343.0,72
20260303,59534000,13:32:14.000,LONG_PENDING_HEDGE,HEDGED_POSITION,hedge_fill,10328.0,10243.0,10413.0,10342.5,72
20260303,59535000,13:32:15.000,HEDGED_POSITION,FLATTENING,reference_invalid_exit,10328.0,10243.0,10413.0,10347.25,70
20260303,59535000,13:32:15.000,FLATTENING,COOLDOWN,reference_invalid_exit,10328.0,10243.0,10413.0,10347.25,72
20260303,59537000,13:32:17.000,COOLDOWN,FLAT_QUOTING,fair_recovered,10335.0,10250.0,10420.0,10351.875,70
20260303,59538000,13:32:18.000,FLAT_QUOTING,LONG_PENDING_HEDGE,target_fill,10335.0,10250.0,10420.0,10341.25,72
20260303,59539000,13:32:19.000,LONG_PENDING_HEDGE,HEDGED_POSITION,hedge_fill,10335.0,10250.0,10420.0,10337.5,72
20260303,59540000,13:32:20.000,HEDGED_POSITION,FLATTENING,reference_invalid_exit,10335.0,10250.0,10420.0,10336.0,70
20260303,59540000,13:32:20.000,FLATTENING,COOLDOWN,reference_invalid_exit,10335.0,10250.0,10420.0,10336.0,72
20260303,59542000,13:32:22.000,COOLDOWN,FLAT_QUOTING,fair_recovered,10321.0,10236.0,10406.0,10337.25,70
20260303,59543000,13:32:23.000,FLAT_QUOTING,LONG_PENDING_HEDGE,target_fill,10321.0,10236.0,10406.0,10338.625,72
20260303,59544000,13:32:24.000,LONG_PENDING_HEDGE,HEDGED_POSITION,hedge_fill,10321.0,10236.0,10406.0,10338.0,72
20260303,59545000,13:32:25.000,HEDGED_POSITION,FLATTENING,reference_invalid_exit,10321.0,10236.0,10406.0,10339.25,70
20260303,59545000,13:32:25.000,FLATTENING,COOLDOWN,reference_invalid_exit,10321.0,10236.0,10406.0,10339.25,72
20260303,59547000,13:32:27.000,COOLDOWN,FLAT_QUOTING,fair_recovered,10322.0,10237.0,10407.0,10336.375,70
20260303,59548000,13:32:28.000,FLAT_QUOTING,LONG_PENDING_HEDGE,target_fill,10322.0,10237.0,10407.0,10336.0,72
20260303,59549000,13:32:29.000,LONG_PENDING_HEDGE,HEDGED_POSITION,hedge_fill,10322.0,10237.0,10407.0,10335.375,72
20260303,59550000,13:32:30.000,HEDGED_POSITION,FLATTENING,reference_invalid_exit,10322.0,10237.0,10407.0,10336.0,70
20260303,59550000,13:32:30.000,FLATTENING,COOLDOWN,reference_invalid_exit,10322.0,10237.0,10407.0,10336.0,72
20260303,59552000,13:32:32.000,COOLDOWN,FLAT_QUOTING,fair_recovered,10325.0,10240.0,10410.0,10336.0,70
20260303,59553000,13:32:33.000,FLAT_QUOTING,LONG_PENDING_HEDGE,target_fill,10325.0,10240.0,10410.0,10337.0,72
20260303,59554000,13:32:34.000,LONG_PENDING_HEDGE,HEDGED_POSITION,hedge_fill,10325.0,10240.0,10410.0,10339.75,72
20260303,59555000,13:32:35.000,HEDGED_POSITION,FLATTENING,reference_invalid_exit,10325.0,10240.0,10410.0,10340.125,70
20260303,59555000,13:32:35.000,FLATTENING,COOLDOWN,reference_invalid_exit,10325.0,10240.0,10410.0,10340.125,72
20260303,59557000,13:32:37.000,COOLDOWN,FLAT_QUOTING,fair_recovered,10339.0,10254.0,10424.0,10342.25,70
20260303,59558000,13:32:38.000,FLAT_QUOTING,LONG_PENDING_HEDGE,target_fill,10339.0,10254.0,10424.0,10342.75,72
20260303,59559000,13:32:39.000,LONG_PENDING_HEDGE,HEDGED_POSITION,hedge_fill,10339.0,10254.0,10424.0,10341.25,72
20260303,59560000,13:32:40.000,HEDGED_POSITION,FLATTENING,reference_invalid_exit,10339.0,10254.0,10424.0,10340.75,70
20260303,59560000,13:32:40.000,FLATTENING,COOLDOWN,reference_invalid_exit,10339.0,10254.0,10424.0,10340.75,72
20260303,59562000,13:32:42.000,COOLDOWN,FLAT_QUOTING,fair_recovered,10330.0,10245.0,10415.0,10340.75,70
20260303,59563000,13:32:43.000,FLAT_QUOTING,LONG_PENDING_HEDGE,target_fill,10330.0,10245.0,10415.0,10339.25,72
20260303,59564000,13:32:44.000,LONG_PENDING_HEDGE,HEDGED_POSITION,hedge_fill,10330.0,10245.0,10415.0,10340.75,72
20260303,59565000,13:32:45.000,HEDGED_POSITION,FLATTENING,reference_invalid_exit,10330.0,10245.0,10415.0,10339.125,70
20260303,59565000,13:32:45.000,FLATTENING,COOLDOWN,reference_invalid_exit,10330.0,10245.0,10415.0,10339.125,72
20260303,59567000,13:32:47.000,COOLDOWN,FLAT_QUOTING,fair_recovered,10330.0,10245.0,10415.0,10339.625,70
20260303,59568000,13:32:48.000,FLAT_QUOTING,LONG_PENDING_HEDGE,target_fill,10330.0,10245.0,10415.0,10339.75,72
20260303,59569000,13:32:49.000,LONG_PENDING_HEDGE,HEDGED_POSITION,hedge_fill,10330.0,10245.0,10415.0,10339.0,72
20260303,59570000,13:32:50.000,HEDGED_POSITION,FLATTENING,reference_invalid_exit,10330.0,10245.0,10415.0,10338.25,70
20260303,59570000,13:32:50.000,FLATTENING,COOLDOWN,reference_invalid_exit,10330.0,10245.0,10415.0,10338.25,72
20260303,59572000,13:32:52.000,COOLDOWN,FLAT_QUOTING,fair_recovered,10331.0,10246.0,10416.0,10335.875,70
20260303,59573000,13:32:53.000,FLAT_QUOTING,LONG_PENDING_HEDGE,target_fill,10331.0,10246.0,10416.0,10336.25,72
20260303,59574000,13:32:54.000,LONG_PENDING_HEDGE,HEDGED_POSITION,hedge_fill,10331.0,10246.0,10416.0,10337.25,72
20260303,59575000,13:32:55.000,HEDGED_POSITION,FLATTENING,reference_invalid_exit,10331.0,10246.0,10416.0,10339.625,70
20260303,59575000,13:32:55.000,FLATTENING,COOLDOWN,reference_invalid_exit,10331.0,10246.0,10416.0,10339.625,72
20260303,59577000,13:32:57.000,COOLDOWN,FLAT_QUOTING,fair_recovered,10332.0,10247.0,10417.0,10335.875,70
20260303,59578000,13:32:58.000,FLAT_QUOTING,LONG_PENDING_HEDGE,target_fill,10332.0,10247.0,10417.0,10335.5,72
20260303,59579000,13:32:59.000,LONG_PENDING_HEDGE,HEDGED_POSITION,hedge_fill,10332.0,10247.0,10417.0,10335.5,72
20260303,59580000,13:33:00.000,HEDGED_POSITION,FLATTENING,reference_invalid_exit,10332.0,10247.0,10417.0,10330.5,70
20260303,59580000,13:33:00.000,FLATTENING,COOLDOWN,reference_invalid_exit,10332.0,10247.0,10417.0,10330.5,72
20260303,59582000,13:33:02.000,COOLDOWN,FLAT_QUOTING,fair_recovered,10328.0,10243.0,10413.0,10330.75,70
20260303,59583000,13:33:03.000,FLAT_QUOTING,LONG_PENDING_HEDGE,target_fill,10328.0,10243.0,10413.0,10333.0,72
20260303,59584000,13:33:04.000,LONG_PENDING_HEDGE,HEDGED_POSITION,hedge_fill,10328.0,10243.0,10413.0,10333.5,72
20260303,59585000,13:33:05.000,HEDGED_POSITION,FLATTENING,reference_invalid_exit,10328.0,10243.0,10413.0,10333.375,70
20260303,59585000,13:33:05.000,FLATTENING,COOLDOWN,reference_invalid_exit,10328.0,10243.0,10413.0,10333.375,72
20260303,59587000,13:33:07.000,COOLDOWN,FLAT_QUOTING,fair_recovered,10329.0,10244.0,10414.0,10331.75,70
20260303,59588000,13:33:08.000,FLAT_QUOTING,LONG_PENDING_HEDGE,target_fill,10329.0,10244.0,10414.0,10332.75,72
20260303,59589000,13:33:09.000,LONG_PENDING_HEDGE,HEDGED_POSITION,hedge_fill,10329.0,10244.0,10414.0,10333.75,72
20260303,59590000,13:33:10.000,HEDGED_POSITION,FLATTENING,reference_invalid_exit,10329.0,10244.0,10414.0,10334.75,70
20260303,59590000,13:33:10.000,FLATTENING,COOLDOWN,reference_invalid_exit,10329.0,10244.0,10414.0,10334.75,72
20260303,59592000,13:33:12.000,COOLDOWN,FLAT_QUOTING,fair_recovered,10338.0,10253.0,10423.0,10333.0,70
20260303,59593000,13:33:13.000,FLAT_QUOTING,LONG_PENDING_HEDGE,target_fill,10338.0,10253.0,10423.0,10333.25,72
20260303,59594000,13:33:14.000,LONG_PENDING_HEDGE,HEDGED_POSITION,hedge_fill,10338.0,10253.0,10423.0,10333.0,72
20260303,59595000,13:33:15.000,HEDGED_POSITION,FLATTENING,reversion_exit,10338.0,10253.0,10423.0,10341.25,70
20260303,59595000,13:33:15.000,FLATTENING,COOLDOWN,reversion_exit,10338.0,10253.0,10423.0,10341.25,72
20260303,59597000,13:33:17.000,COOLDOWN,FLAT_QUOTING,fair_recovered,10340.0,10255.0,10425.0,10339.625,70
20260303,59598000,13:33:18.000,FLAT_QUOTING,LONG_PENDING_HEDGE,target_fill,10340.0,10255.0,10425.0,10338.0,72
20260303,59599000,13:33:19.000,LONG_PENDING_HEDGE,HEDGED_POSITION,hedge_fill,10340.0,10255.0,10425.0,10338.125,72
20260303,59600000,13:33:20.000,HEDGED_POSITION,FLATTENING,reversion_exit,10340.0,10255.0,10425.0,10337.25,70
20260303,59600000,13:33:20.000,FLATTENING,COOLDOWN,reversion_exit,10340.0,10255.0,10425.0,10337.25,72
20260303,59602000,13:33:22.000,COOLDOWN,FLAT_QUOTING,fair_recovered,10338.0,10253.0,10423.0,,70
20260303,59603000,13:33:23.000,FLAT_QUOTING,LONG_PENDING_HEDGE,target_fill,10338.0,10253.0,10423.0,,72
20260303,59604000,13:33:24.000,LONG_PENDING_HEDGE,HEDGED_POSITION,hedge_fill,10338.0,10253.0,10423.0,10334.75,72
20260303,59605000,13:33:25.000,HEDGED_POSITION,FLATTENING,reversion_exit,10338.0,10253.0,10423.0,10336.5,70
20260303,59605000,13:33:25.000,FLATTENING,COOLDOWN,reversion_exit,10338.0,10253.0,10423.0,10336.5,72
20260303,59607000,13:33:27.000,COOLDOWN,FLAT_QUOTING,fair_recovered,10337.0,10252.0,10422.0,10337.125,70
20260303,59608000,13:33:28.000,FLAT_QUOTING,LONG_PENDING_HEDGE,target_fill,10337.0,10252.0,10422.0,10336.25,72
20260303,59609000,13:33:29.000,LONG_PENDING_HEDGE,HEDGED_POSITION,hedge_fill,10337.0,10252.0,10422.0,10335.25,72
20260303,59610000,13:33:30.000,HEDGED_POSITION,FLATTENING,reversion_exit,10337.0,10252.0,10422.0,10333.25,70
20260303,59610000,13:33:30.000,FLATTENING,COOLDOWN,reversion_exit,10337.0,10252.0,10422.0,10333.25,72
20260303,59612000,13:33:32.000,COOLDOWN,FLAT_QUOTING,fair_recovered,10334.0,10249.0,10419.0,10333.75,70
20260303,59613000,13:33:33.000,FLAT_QUOTING,LONG_PENDING_HEDGE,target_fill,10334.0,10249.0,10419.0,10330.0,72
20260303,59614000,13:33:34.000,LONG_PENDING_HEDGE,HEDGED_POSITION,hedge_fill,10334.0,10249.0,10419.0,10332.25,72
20260303,59615000,13:33:35.000,HEDGED_POSITION,FLATTENING,reversion_exit,10334.0,10249.0,10419.0,10333.0,70
20260303,59615000,13:33:35.000,FLATTENING,COOLDOWN,reversion_exit,10334.0,10249.0,10419.0,10333.0,72
20260303,59617000,13:33:37.000,COOLDOWN,FLAT_QUOTING,fair_recovered,10327.0,10242.0,10412.0,10326.75,70
20260303,59618000,13:33:38.000,FLAT_QUOTING,LONG_PENDING_HEDGE,target_fill,10327.0,10242.0,10412.0,10319.75,72
20260303,59619000,13:33:39.000,LONG_PENDING_HEDGE,HEDGED_POSITION,hedge_fill,10327.0,10242.0,10412.0,10316.875,72
20260303,59620000,13:33:40.000,HEDGED_POSITION,FLATTENING,reversion_exit,10327.0,10242.0,10412.0,10315.5,70
20260303,59620000,13:33:40.000,FLATTENING,COOLDOWN,reversion_exit,10327.0,10242.0,10412.0,10315.5,72
20260303,59622000,13:33:42.000,COOLDOWN,FLAT_QUOTING,fair_recovered,10315.0,10230.0,10400.0,10314.75,70
20260303,59623000,13:33:43.000,FLAT_QUOTING,LONG_PENDING_HEDGE,target_fill,10315.0,10230.0,10400.0,10314.5,72
20260303,59624000,13:33:44.000,LONG_PENDING_HEDGE,HEDGED_POSITION,hedge_fill,10315.0,10230.0,10400.0,10311.25,72
20260303,59625000,13:33:45.000,HEDGED_POSITION,FLATTENING,reversion_exit,10315.0,10230.0,10400.0,10314.75,70
20260303,59625000,13:33:45.000,FLATTENING,COOLDOWN,reversion_exit,10315.0,10230.0,10400.0,10314.75,72
20260303,59627000,13:33:47.000,COOLDOWN,FLAT_QUOTING,fair_recovered,10319.0,10234.0,10404.0,10318.625,70
20260303,59628000,13:33:48.000,FLAT_QUOTING,LONG_PENDING_HEDGE,target_fill,10319.0,10234.0,10404.0,10320.625,72
20260303,59629000,13:33:49.000,LONG_PENDING_HEDGE,HEDGED_POSITION,hedge_fill,10319.0,10234.0,10404.0,10319.75,72
20260303,59630000,13:33:50.000,HEDGED_POSITION,FLATTENING,reversion_exit,10319.0,10234.0,10404.0,10318.25,70
20260303,59630000,13:33:50.000,FLATTENING,COOLDOWN,reversion_exit,10319.0,10234.0,10404.0,10318.25,72
20260303,59632000,13:33:52.000,COOLDOWN,FLAT_QUOTING,fair_recovered,10317.0,10232.0,10402.0,10316.875,70
20260303,59633000,13:33:53.000,FLAT_QUOTING,LONG_PENDING_HEDGE,target_fill,10317.0,10232.0,10402.0,10316.75,72
20260303,59634000,13:33:54.000,LONG_PENDING_HEDGE,HEDGED_POSITION,hedge_fill,10317.0,10232.0,10402.0,10316.75,72
20260303,59635000,13:33:55.000,HEDGED_POSITION,FLATTENING,reversion_exit,10317.0,10232.0,10402.0,10317.125,70
20260303,59635000,13:33:55.000,FLATTENING,COOLDOWN,reversion_exit,10317.0,10232.0,10402.0,10317.125,72
20260303,59637000,13:33:57.000,COOLDOWN,FLAT_QUOTING,fair_recovered,10316.0,10231.0,10401.0,10315.625,70
20260303,59638000,13:33:58.000,FLAT_QUOTING,LONG_PENDING_HEDGE,target_fill,10316.0,10231.0,10401.0,10315.25,72
20260303,59639000,13:33:59.000,LONG_PENDING_HEDGE,HEDGED_POSITION,hedge_fill,10316.0,10231.0,10401.0,10315.125,72
20260303,59640000,13:34:00.000,HEDGED_POSITION,FLATTENING,reference_invalid_exit,10316.0,10231.0,10401.0,10312.375,70
20260303,59640000,13:34:00.000,FLATTENING,COOLDOWN,reference_invalid_exit,10316.0,10231.0,10401.0,10312.375,72
20260303,59642000,13:34:02.000,COOLDOWN,FLAT_QUOTING,fair_recovered,10311.0,10226.0,10396.0,10313.0,70
20260303,59643000,13:34:03.000,FLAT_QUOTING,LONG_PENDING_HEDGE,target_fill,10311.0,10226.0,10396.0,10313.875,72
20260303,59644000,13:34:04.000,LONG_PENDING_HEDGE,HEDGED_POSITION,hedge_fill,10311.0,10226.0,10396.0,10314.0,72
20260303,59645000,13:34:05.000,HEDGED_POSITION,FLATTENING,reversion_exit,10311.0,10226.0,10396.0,10314.0,70
20260303,59645000,13:34:05.000,FLATTENING,COOLDOWN,reversion_exit,10311.0,10226.0,10396.0,10314.0,72
20260303,59647000,13:34:07.000,COOLDOWN,FLAT_QUOTING,fair_recovered,10313.0,10228.0,10398.0,10312.875,70
20260303,59648000,13:34:08.000,FLAT_QUOTING,LONG_PENDING_HEDGE,target_fill,10313.0,10228.0,10398.0,10312.75,72
20260303,59649000,13:34:09.000,LONG_PENDING_HEDGE,HEDGED_POSITION,hedge_fill,10313.0,10228.0,10398.0,10312.0,72
20260303,59650000,13:34:10.000,HEDGED_POSITION,FLATTENING,reversion_exit,10313.0,10228.0,10398.0,10315.75,70
20260303,59650000,13:34:10.000,FLATTENING,COOLDOWN,reversion_exit,10313.0,10228.0,10398.0,10315.75,72
20260303,59652000,13:34:12.000,COOLDOWN,FLAT_QUOTING,fair_recovered,10317.0,10232.0,10402.0,10316.75,70
20260303,59653000,13:34:13.000,FLAT_QUOTING,LONG_PENDING_HEDGE,target_fill,10317.0,10232.0,10402.0,10317.0,72
20260303,59654000,13:34:14.000,LONG_PENDING_HEDGE,HEDGED_POSITION,hedge_fill,10317.0,10232.0,10402.0,10317.5,72
20260303,59655000,13:34:15.000,HEDGED_POSITION,FLATTENING,reversion_exit,10317.0,10232.0,10402.0,10316.0,70
20260303,59655000,13:34:15.000,FLATTENING,COOLDOWN,reversion_exit,10317.0,10232.0,10402.0,10316.0,72
20260303,59657000,13:34:17.000,COOLDOWN,FLAT_QUOTING,fair_recovered,10316.0,10231.0,10401.0,10316.75,70
20260303,59658000,13:34:18.000,FLAT_QUOTING,LONG_PENDING_HEDGE,target_fill,10316.0,10231.0,10401.0,10317.5,72
20260303,59659000,13:34:19.000,LONG_PENDING_HEDGE,HEDGED_POSITION,hedge_fill,10316.0,10231.0,10401.0,10320.25,72
20260303,59660000,13:34:20.000,HEDGED_POSITION,FLATTENING,reference_invalid_exit,10316.0,10231.0,10401.0,10320.5,70
20260303,59660000,13:34:20.000,FLATTENING,COOLDOWN,reference_invalid_exit,10316.0,10231.0,10401.0,10320.5,72
20260303,59662000,13:34:22.000,COOLDOWN,FLAT_QUOTING,fair_recovered,10320.0,10235.0,10405.0,10322.75,70
20260303,59663000,13:34:23.000,FLAT_QUOTING,LONG_PENDING_HEDGE,target_fill,10320.0,10235.0,10405.0,10323.5,72
20260303,59664000,13:34:24.000,LONG_PENDING_HEDGE,HEDGED_POSITION,hedge_fill,10320.0,10235.0,10405.0,10321.5,72
20260303,59665000,13:34:25.000,HEDGED_POSITION,FLATTENING,reference_invalid_exit,10320.0,10235.0,10405.0,10320.75,70
20260303,59665000,13:34:25.000,FLATTENING,COOLDOWN,reference_invalid_exit,10320.0,10235.0,10405.0,10320.75,72
20260303,59667000,13:34:27.000,COOLDOWN,FLAT_QUOTING,fair_recovered,10319.0,10234.0,10404.0,10318.875,70
20260303,59668000,13:34:28.000,FLAT_QUOTING,LONG_PENDING_HEDGE,target_fill,10319.0,10234.0,10404.0,10320.0,72
20260303,59669000,13:34:29.000,LONG_PENDING_HEDGE,HEDGED_POSITION,hedge_fill,10319.0,10234.0,10404.0,10320.5,72
20260303,59670000,13:34:30.000,HEDGED_POSITION,FLATTENING,reversion_exit,10319.0,10234.0,10404.0,10318.5,70
20260303,59670000,13:34:30.000,FLATTENING,COOLDOWN,reversion_exit,10319.0,10234.0,10404.0,10318.5,72
20260303,59672000,13:34:32.000,COOLDOWN,FLAT_QUOTING,fair_recovered,10318.0,10233.0,10403.0,10318.5,70
20260303,59673000,13:34:33.000,FLAT_QUOTING,LONG_PENDING_HEDGE,target_fill,10318.0,10233.0,10403.0,10320.0,72
20260303,59674000,13:34:34.000,LONG_PENDING_HEDGE,HEDGED_POSITION,hedge_fill,10318.0,10233.0,10403.0,10322.75,72
20260303,59675000,13:34:35.000,HEDGED_POSITION,FLATTENING,reversion_exit,10318.0,10233.0,10403.0,10321.75,70
20260303,59675000,13:34:35.000,FLATTENING,COOLDOWN,reversion_exit,10318.0,10233.0,10403.0,10321.75,72
20260303,59677000,13:34:37.000,COOLDOWN,FLAT_QUOTING,fair_recovered,10320.0,10235.0,10405.0,10319.75,70
20260303,59678000,13:34:38.000,FLAT_QUOTING,LONG_PENDING_HEDGE,target_fill,10320.0,10235.0,10405.0,10319.25,72
20260303,59679000,13:34:39.000,LONG_PENDING_HEDGE,HEDGED_POSITION,hedge_fill,10320.0,10235.0,10405.0,10318.125,72
20260303,59680000,13:34:40.000,HEDGED_POSITION,FLATTENING,reversion_exit,10320.0,10235.0,10405.0,10318.0,70
20260303,59680000,13:34:40.000,FLATTENING,COOLDOWN,reversion_exit,10320.0,10235.0,10405.0,10318.0,72
20260303,59682000,13:34:42.000,COOLDOWN,FLAT_QUOTING,fair_recovered,10320.0,10235.0,10405.0,10319.625,70
20260303,59683000,13:34:43.000,FLAT_QUOTING,LONG_PENDING_HEDGE,target_fill,10320.0,10235.0,10405.0,10320.25,72
20260303,59684000,13:34:44.000,LONG_PENDING_HEDGE,HEDGED_POSITION,hedge_fill,10320.0,10235.0,10405.0,10319.5,72
20260303,59685000,13:34:45.000,HEDGED_POSITION,FLATTENING,reversion_exit,10320.0,10235.0,10405.0,10320.625,70
20260303,59685000,13:34:45.000,FLATTENING,COOLDOWN,reversion_exit,10320.0,10235.0,10405.0,10320.625,72
20260303,59687000,13:34:47.000,COOLDOWN,FLAT_QUOTING,fair_recovered,10321.0,10236.0,10406.0,10320.75,70
20260303,59688000,13:34:48.000,FLAT_QUOTING,LONG_PENDING_HEDGE,target_fill,10321.0,10236.0,10406.0,10321.0,72
20260303,59689000,13:34:49.000,LONG_PENDING_HEDGE,HEDGED_POSITION,hedge_fill,10321.0,10236.0,10406.0,10321.5,72
20260303,59690000,13:34:50.000,HEDGED_POSITION,FLATTENING,reversion_exit,10321.0,10236.0,10406.0,10320.75,70
20260303,59690000,13:34:50.000,FLATTENING,COOLDOWN,reversion_exit,10321.0,10236.0,10406.0,10320.75,72
20260303,59692000,13:34:52.000,COOLDOWN,FLAT_QUOTING,fair_recovered,10315.0,10230.0,10400.0,10315.0,70
20260303,59693000,13:34:53.000,FLAT_QUOTING,LONG_PENDING_HEDGE,target_fill,10315.0,10230.0,10400.0,10315.0,72
20260303,59694000,13:34:54.000,LONG_PENDING_HEDGE,HEDGED_POSITION,hedge_fill,10315.0,10230.0,10400.0,10312.875,72
20260303,59695000,13:34:55.000,HEDGED_POSITION,FLATTENING,reversion_exit,10315.0,10230.0,10400.0,10313.375,70
20260303,59695000,13:34:55.000,FLATTENING,COOLDOWN,reversion_exit,10315.0,10230.0,10400.0,10313.375,72
20260303,59697000,13:34:57.000,COOLDOWN,FLAT_QUOTING,fair_recovered,10311.0,10226.0,10396.0,10311.25,70
20260303,59698000,13:34:58.000,FLAT_QUOTING,LONG_PENDING_HEDGE,target_fill,10311.0,10226.0,10396.0,10306.25,72
20260303,59699000,13:34:59.000,LONG_PENDING_HEDGE,HEDGED_POSITION,hedge_fill,10311.0,10226.0,10396.0,10305.75,72
20260303,59700000,13:35:00.000,HEDGED_POSITION,FLATTENING,reversion_exit,10311.0,10226.0,10396.0,10306.0,70
20260303,59700000,13:35:00.000,FLATTENING,COOLDOWN,reversion_exit,10311.0,10226.0,10396.0,10306.0,72
20260303,59702000,13:35:02.000,COOLDOWN,FLAT_QUOTING,fair_recovered,10307.0,10222.0,10392.0,10306.75,70
20260303,59703000,13:35:03.000,FLAT_QUOTING,LONG_PENDING_HEDGE,target_fill,10307.0,10222.0,10392.0,10310.625,72
20260303,59704000,13:35:04.000,LONG_PENDING_HEDGE,HEDGED_POSITION,hedge_fill,10307.0,10222.0,10392.0,10314.0,72
20260303,59705000,13:35:05.000,HEDGED_POSITION,FLATTENING,reversion_exit,10307.0,10222.0,10392.0,10315.25,70
20260303,59705000,13:35:05.000,FLATTENING,COOLDOWN,reversion_exit,10307.0,10222.0,10392.0,10315.25,72
20260303,59707000,13:35:07.000,COOLDOWN,FLAT_QUOTING,fair_recovered,10317.0,10232.0,10402.0,10316.625,70
20260303,59708000,13:35:08.000,FLAT_QUOTING,LONG_PENDING_HEDGE,target_fill,10317.0,10232.0,10402.0,10317.25,72
20260303,59709000,13:35:09.000,LONG_PENDING_HEDGE,HEDGED_POSITION,hedge_fill,10317.0,10232.0,10402.0,10320.0,72
20260303,59710000,13:35:10.000,HEDGED_POSITION,FLATTENING,reversion_exit,10317.0,10232.0,10402.0,10324.75,70
20260303,59710000,13:35:10.000,FLATTENING,COOLDOWN,reversion_exit,10317.0,10232.0,10402.0,10324.75,72
20260303,59712000,13:35:12.000,COOLDOWN,FLAT_QUOTING,fair_recovered,10341.0,10256.0,10426.0,10328.75,70
20260303,59713000,13:35:13.000,FLAT_QUOTING,LONG_PENDING_HEDGE,target_fill,10341.0,10256.0,10426.0,10327.0,72
20260303,59714000,13:35:14.000,LONG_PENDING_HEDGE,HEDGED_POSITION,hedge_fill,10341.0,10256.0,10426.0,10329.0,72
20260303,59715000,13:35:15.000,HEDGED_POSITION,FLATTENING,reversion_exit,10341.0,10256.0,10426.0,10330.5,70
20260303,59715000,13:35:15.000,FLATTENING,COOLDOWN,reversion_exit,10341.0,10256.0,10426.0,10330.5,72
20260303,59717000,13:35:17.000,COOLDOWN,FLAT_QUOTING,fair_recovered,10330.0,10245.0,10415.0,10330.0,70
20260303,59718000,13:35:18.000,FLAT_QUOTING,LONG_PENDING_HEDGE,target_fill,10330.0,10245.0,10415.0,10330.25,72
20260303,59719000,13:35:19.000,LONG_PENDING_HEDGE,HEDGED_POSITION,hedge_fill,10330.0,10245.0,10415.0,10330.75,72
20260303,59720000,13:35:20.000,HEDGED_POSITION,FLATTENING,reference_invalid_exit,10330.0,10245.0,10415.0,10331.75,70
20260303,59720000,13:35:20.000,FLATTENING,COOLDOWN,reference_invalid_exit,10330.0,10245.0,10415.0,10331.75,72
20260303,59722000,13:35:22.000,COOLDOWN,FLAT_QUOTING,fair_recovered,10348.0,10263.0,10433.0,10333.0,70
20260303,59723000,13:35:23.000,FLAT_QUOTING,LONG_PENDING_HEDGE,target_fill,10348.0,10263.0,10433.0,10333.75,72
20260303,59724000,13:35:24.000,LONG_PENDING_HEDGE,HEDGED_POSITION,hedge_fill,10348.0,10263.0,10433.0,10335.25,72
20260303,59725000,13:35:25.000,HEDGED_POSITION,FLATTENING,reference_invalid_exit,10348.0,10263.0,10433.0,10335.75,70
20260303,59725000,13:35:25.000,FLATTENING,COOLDOWN,reference_invalid_exit,10348.0,10263.0,10433.0,10335.75,72
20260303,59727000,13:35:27.000,COOLDOWN,FLAT_QUOTING,fair_recovered,10333.0,10248.0,10418.0,10332.75,70
20260303,59728000,13:35:28.000,FLAT_QUOTING,LONG_PENDING_HEDGE,target_fill,10333.0,10248.0,10418.0,10332.75,72
20260303,59729000,13:35:29.000,LONG_PENDING_HEDGE,HEDGED_POSITION,hedge_fill,10333.0,10248.0,10418.0,10333.0,72
20260303,59730000,13:35:30.000,HEDGED_POSITION,FLATTENING,reversion_exit,10333.0,10248.0,10418.0,10333.5,70
20260303,59730000,13:35:30.000,FLATTENING,COOLDOWN,reversion_exit,10333.0,10248.0,10418.0,10333.5,72
20260303,59732000,13:35:32.000,COOLDOWN,FLAT_QUOTING,fair_recovered,10332.0,10247.0,10417.0,10331.75,70
20260303,59734000,13:35:34.000,FLAT_QUOTING,LONG_PENDING_HEDGE,target_fill,10332.0,10247.0,10417.0,10331.75,71
20260303,59735000,13:35:35.000,LONG_PENDING_HEDGE,HEDGED_POSITION,hedge_fill,10332.0,10247.0,10417.0,10331.75,70
20260303,59736000,13:35:36.000,HEDGED_POSITION,FLATTENING,reference_invalid_exit,10332.0,10247.0,10417.0,,70
20260303,59736000,13:35:36.000,FLATTENING,COOLDOWN,reference_invalid_exit,10332.0,10247.0,10417.0,,72
20260303,59738000,13:35:38.000,COOLDOWN,FLAT_QUOTING,fair_recovered,10332.0,10247.0,10417.0,10332.0,69
20260303,59739000,13:35:39.000,FLAT_QUOTING,LONG_PENDING_HEDGE,target_fill,10332.0,10247.0,10417.0,10332.75,71
20260303,59740000,13:35:40.000,LONG_PENDING_HEDGE,HEDGED_POSITION,hedge_fill,10332.0,10247.0,10417.0,10332.0,70
20260303,59742000,13:35:42.000,HEDGED_POSITION,FLATTENING,reference_invalid_exit,10332.0,10247.0,10417.0,,68
20260303,59742000,13:35:42.000,FLATTENING,COOLDOWN,reference_invalid_exit,10332.0,10247.0,10417.0,,70
20260303,59744000,13:35:44.000,COOLDOWN,FLAT_QUOTING,fair_recovered,10331.0,10246.0,10416.0,10331.25,68
20260303,59745000,13:35:45.000,FLAT_QUOTING,LONG_PENDING_HEDGE,target_fill,10331.0,10246.0,10416.0,10331.75,69
20260303,59746000,13:35:46.000,LONG_PENDING_HEDGE,HEDGED_POSITION,hedge_fill,10331.0,10246.0,10416.0,10331.25,70
20260303,59747000,13:35:47.000,HEDGED_POSITION,FLATTENING,reversion_exit,10331.0,10246.0,10416.0,10330.75,68
20260303,59747000,13:35:47.000,FLATTENING,COOLDOWN,reversion_exit,10331.0,10246.0,10416.0,10330.75,70
20260303,59749000,13:35:49.000,COOLDOWN,FLAT_QUOTING,fair_recovered,10328.0,10243.0,10413.0,10328.25,68
20260303,59750000,13:35:50.000,FLAT_QUOTING,LONG_PENDING_HEDGE,target_fill,10328.0,10243.0,10413.0,10326.25,69
20260303,59751000,13:35:51.000,LONG_PENDING_HEDGE,HEDGED_POSITION,hedge_fill,10328.0,10243.0,10413.0,10325.25,70
20260303,59752000,13:35:52.000,HEDGED_POSITION,FLATTENING,reversion_exit,10328.0,10243.0,10413.0,10322.0,68
20260303,59752000,13:35:52.000,FLATTENING,COOLDOWN,reversion_exit,10328.0,10243.0,10413.0,10322.0,70
20260303,59754000,13:35:54.000,COOLDOWN,FLAT_QUOTING,fair_recovered,10319.0,10234.0,10404.0,10319.375,68
20260303,59755000,13:35:55.000,FLAT_QUOTING,LONG_PENDING_HEDGE,target_fill,10319.0,10234.0,10404.0,10319.375,69
20260303,59756000,13:35:56.000,LONG_PENDING_HEDGE,HEDGED_POSITION,hedge_fill,10319.0,10234.0,10404.0,10321.375,70
20260303,59757000,13:35:57.000,HEDGED_POSITION,FLATTENING,reversion_exit,10319.0,10234.0,10404.0,10321.125,68
20260303,59757000,13:35:57.000,FLATTENING,COOLDOWN,reversion_exit,10319.0,10234.0,10404.0,10321.125,70
20260303,59759000,13:35:59.000,COOLDOWN,FLAT_QUOTING,fair_recovered,10321.0,10236.0,10406.0,10320.625,68
20260303,59760000,13:36:00.000,FLAT_QUOTING,LONG_PENDING_HEDGE,target_fill,10321.0,10236.0,10406.0,10319.75,69
20260303,59761000,13:36:01.000,LONG_PENDING_HEDGE,HEDGED_POSITION,hedge_fill,10321.0,10236.0,10406.0,10319.75,70
20260303,59762000,13:36:02.000,HEDGED_POSITION,FLATTENING,reversion_exit,10321.0,10236.0,10406.0,10321.75,68
20260303,59762000,13:36:02.000,FLATTENING,COOLDOWN,reversion_exit,10321.0,10236.0,10406.0,10321.75,70
20260303,59764000,13:36:04.000,COOLDOWN,FLAT_QUOTING,fair_recovered,10320.0,10235.0,10405.0,10319.5,68
20260303,59765000,13:36:05.000,FLAT_QUOTING,LONG_PENDING_HEDGE,target_fill,10320.0,10235.0,10405.0,10318.75,69
20260303,59766000,13:36:06.000,LONG_PENDING_HEDGE,HEDGED_POSITION,hedge_fill,10320.0,10235.0,10405.0,10318.75,70
20260303,59767000,13:36:07.000,HEDGED_POSITION,FLATTENING,reversion_exit,10320.0,10235.0,10405.0,10319.25,68
20260303,59767000,13:36:07.000,FLATTENING,COOLDOWN,reversion_exit,10320.0,10235.0,10405.0,10319.25,70
20260303,59769000,13:36:09.000,COOLDOWN,FLAT_QUOTING,fair_recovered,10319.0,10234.0,10404.0,10319.0,68
20260303,59770000,13:36:10.000,FLAT_QUOTING,LONG_PENDING_HEDGE,target_fill,10319.0,10234.0,10404.0,10316.75,69
20260303,59771000,13:36:11.000,LONG_PENDING_HEDGE,HEDGED_POSITION,hedge_fill,10319.0,10234.0,10404.0,10316.25,70
20260303,59772000,13:36:12.000,HEDGED_POSITION,FLATTENING,reversion_exit,10319.0,10234.0,10404.0,10316.5,68
20260303,59772000,13:36:12.000,FLATTENING,COOLDOWN,reversion_exit,10319.0,10234.0,10404.0,10316.5,70
20260303,59774000,13:36:14.000,COOLDOWN,FLAT_QUOTING,fair_recovered,10315.0,10230.0,10400.0,10314.75,68
20260303,59775000,13:36:15.000,FLAT_QUOTING,LONG_PENDING_HEDGE,target_fill,10315.0,10230.0,10400.0,10314.75,69
20260303,59776000,13:36:16.000,LONG_PENDING_HEDGE,HEDGED_POSITION,hedge_fill,10315.0,10230.0,10400.0,10316.5,70
20260303,59777000,13:36:17.000,HEDGED_POSITION,FLATTENING,reversion_exit,10315.0,10230.0,10400.0,10315.5,68
20260303,59777000,13:36:17.000,FLATTENING,COOLDOWN,reversion_exit,10315.0,10230.0,10400.0,10315.5,70
20260303,59779000,13:36:19.000,COOLDOWN,FLAT_QUOTING,fair_recovered,10315.0,10230.0,10400.0,10315.25,68
20260303,59780000,13:36:20.000,FLAT_QUOTING,LONG_PENDING_HEDGE,target_fill,10315.0,10230.0,10400.0,10316.0,69
20260303,59781000,13:36:21.000,LONG_PENDING_HEDGE,HEDGED_POSITION,hedge_fill,10315.0,10230.0,10400.0,10316.25,70
20260303,59782000,13:36:22.000,HEDGED_POSITION,FLATTENING,reversion_exit,10315.0,10230.0,10400.0,10316.0,68
20260303,59782000,13:36:22.000,FLATTENING,COOLDOWN,reversion_exit,10315.0,10230.0,10400.0,10316.0,70
20260303,59784000,13:36:24.000,COOLDOWN,FLAT_QUOTING,fair_recovered,10316.0,10231.0,10401.0,10315.75,68
20260303,59785000,13:36:25.000,FLAT_QUOTING,LONG_PENDING_HEDGE,target_fill,10316.0,10231.0,10401.0,10315.75,69
20260303,59786000,13:36:26.000,LONG_PENDING_HEDGE,HEDGED_POSITION,hedge_fill,10316.0,10231.0,10401.0,10316.5,70
20260303,59787000,13:36:27.000,HEDGED_POSITION,FLATTENING,reversion_exit,10316.0,10231.0,10401.0,10319.5,68
20260303,59787000,13:36:27.000,FLATTENING,COOLDOWN,reversion_exit,10316.0,10231.0,10401.0,10319.5,70
20260303,59789000,13:36:29.000,COOLDOWN,FLAT_QUOTING,fair_recovered,10317.0,10232.0,10402.0,10316.75,68
20260303,59790000,13:36:30.000,FLAT_QUOTING,LONG_PENDING_HEDGE,target_fill,10317.0,10232.0,10402.0,10316.75,69
20260303,59791000,13:36:31.000,LONG_PENDING_HEDGE,HEDGED_POSITION,hedge_fill,10317.0,10232.0,10402.0,10316.25,70
20260303,59792000,13:36:32.000,HEDGED_POSITION,FLATTENING,reversion_exit,10317.0,10232.0,10402.0,10316.75,68
20260303,59792000,13:36:32.000,FLATTENING,COOLDOWN,reversion_exit,10317.0,10232.0,10402.0,10316.75,70
20260303,59794000,13:36:34.000,COOLDOWN,FLAT_QUOTING,fair_recovered,10318.0,10233.0,10403.0,10318.5,69
20260303,59795000,13:36:35.000,FLAT_QUOTING,LONG_PENDING_HEDGE,target_fill,10318.0,10233.0,10403.0,10320.25,71
20260303,59796000,13:36:36.000,LONG_PENDING_HEDGE,HEDGED_POSITION,hedge_fill,10318.0,10233.0,10403.0,10319.75,70
20260303,59797000,13:36:37.000,HEDGED_POSITION,FLATTENING,reversion_exit,10318.0,10233.0,10403.0,10319.75,70
20260303,59797000,13:36:37.000,FLATTENING,COOLDOWN,reversion_exit,10318.0,10233.0,10403.0,10319.75,72
20260303,59799000,13:36:39.000,COOLDOWN,FLAT_QUOTING,fair_recovered,10324.0,10239.0,10409.0,10323.5,69
20260303,59800000,13:36:40.000,FLAT_QUOTING,LONG_PENDING_HEDGE,target_fill,10324.0,10239.0,10409.0,10323.75,71
20260303,59801000,13:36:41.000,LONG_PENDING_HEDGE,HEDGED_POSITION,hedge_fill,10324.0,10239.0,10409.0,10323.75,72
20260303,59802000,13:36:42.000,HEDGED_POSITION,FLATTENING,reference_invalid_exit,10324.0,10239.0,10409.0,10324.75,70
20260303,59802000,13:36:42.000,FLATTENING,COOLDOWN,reference_invalid_exit,10324.0,10239.0,10409.0,10324.75,72
20260303,59804000,13:36:44.000,COOLDOWN,FLAT_QUOTING,fair_recovered,10341.0,10256.0,10426.0,10327.0,70
20260303,59806000,13:36:46.000,FLAT_QUOTING,LONG_PENDING_HEDGE,target_fill,10341.0,10256.0,10426.0,10326.5,71
20260303,59807000,13:36:47.000,LONG_PENDING_HEDGE,HEDGED_POSITION,hedge_fill,10341.0,10256.0,10426.0,10327.0,70
20260303,59808000,13:36:48.000,HEDGED_POSITION,FLATTENING,reference_invalid_exit,10341.0,10256.0,10426.0,10327.0,70
20260303,59808000,13:36:48.000,FLATTENING,COOLDOWN,reference_invalid_exit,10341.0,10256.0,10426.0,10327.0,72
20260303,59810000,13:36:50.000,COOLDOWN,FLAT_QUOTING,fair_recovered,10342.0,10257.0,10427.0,10327.25,69
20260303,59811000,13:36:51.000,FLAT_QUOTING,LONG_PENDING_HEDGE,target_fill,10342.0,10257.0,10427.0,10326.5,71
20260303,59812000,13:36:52.000,LONG_PENDING_HEDGE,HEDGED_POSITION,hedge_fill,10342.0,10257.0,10427.0,10326.5,70
20260303,59813000,13:36:53.000,HEDGED_POSITION,FLATTENING,reference_invalid_exit,10342.0,10257.0,10427.0,10326.5,70
20260303,59813000,13:36:53.000,FLATTENING,COOLDOWN,reference_invalid_exit,10342.0,10257.0,10427.0,10326.5,72
20260303,59815000,13:36:55.000,COOLDOWN,FLAT_QUOTING,fair_recovered,10341.0,10256.0,10426.0,10326.75,69
20260303,59816000,13:36:56.000,FLAT_QUOTING,LONG_PENDING_HEDGE,target_fill,10341.0,10256.0,10426.0,10327.375,71
20260303,59817000,13:36:57.000,LONG_PENDING_HEDGE,HEDGED_POSITION,hedge_fill,10341.0,10256.0,10426.0,10327.25,70
20260303,59818000,13:36:58.000,HEDGED_POSITION,FLATTENING,reference_invalid_exit,10341.0,10256.0,10426.0,10326.75,70
20260303,59818000,13:36:58.000,FLATTENING,COOLDOWN,reference_invalid_exit,10341.0,10256.0,10426.0,10326.75,72
20260303,59820000,13:37:00.000,COOLDOWN,FLAT_QUOTING,fair_recovered,10346.0,10261.0,10431.0,10332.0,69
20260303,59821000,13:37:01.000,FLAT_QUOTING,LONG_PENDING_HEDGE,target_fill,10346.0,10261.0,10431.0,10329.75,71
20260303,59822000,13:37:02.000,LONG_PENDING_HEDGE,HEDGED_POSITION,hedge_fill,10346.0,10261.0,10431.0,10332.375,70
20260303,59823000,13:37:03.000,HEDGED_POSITION,FLATTENING,reference_invalid_exit,10346.0,10261.0,10431.0,,70
20260303,59823000,13:37:03.000,FLATTENING,COOLDOWN,reference_invalid_exit,10346.0,10261.0,10431.0,,72
20260303,59825000,13:37:05.000,COOLDOWN,FLAT_QUOTING,fair_recovered,10342.0,10257.0,10427.0,10331.5,69
20260303,59826000,13:37:06.000,FLAT_QUOTING,LONG_PENDING_HEDGE,target_fill,10342.0,10257.0,10427.0,10330.0,71
20260303,59827000,13:37:07.000,LONG_PENDING_HEDGE,HEDGED_POSITION,hedge_fill,10342.0,10257.0,10427.0,10329.0,70
20260303,59828000,13:37:08.000,HEDGED_POSITION,FLATTENING,reference_invalid_exit,10342.0,10257.0,10427.0,10327.75,70
20260303,59828000,13:37:08.000,FLATTENING,COOLDOWN,reference_invalid_exit,10342.0,10257.0,10427.0,10327.75,72
20260303,59830000,13:37:10.000,COOLDOWN,FLAT_QUOTING,fair_recovered,10322.0,10237.0,10407.0,10322.5,69
20260303,59831000,13:37:11.000,FLAT_QUOTING,LONG_PENDING_HEDGE,target_fill,10322.0,10237.0,10407.0,10324.5,71
20260303,59832000,13:37:12.000,LONG_PENDING_HEDGE,HEDGED_POSITION,hedge_fill,10322.0,10237.0,10407.0,10324.5,70
20260303,59833000,13:37:13.000,HEDGED_POSITION,FLATTENING,reversion_exit,10322.0,10237.0,10407.0,10324.5,70
20260303,59833000,13:37:13.000,FLATTENING,COOLDOWN,reversion_exit,10322.0,10237.0,10407.0,10324.5,72
20260303,59835000,13:37:15.000,COOLDOWN,FLAT_QUOTING,fair_recovered,10332.0,10247.0,10417.0,,69
20260303,59836000,13:37:16.000,FLAT_QUOTING,LONG_PENDING_HEDGE,target_fill,10332.0,10247.0,10417.0,10321.625,71
20260303,59837000,13:37:17.000,LONG_PENDING_HEDGE,HEDGED_POSITION,hedge_fill,10332.0,10247.0,10417.0,10319.75,70
20260303,59838000,13:37:18.000,HEDGED_POSITION,FLATTENING,reversion_exit,10332.0,10247.0,10417.0,10319.0,70
20260303,59838000,13:37:18.000,FLATTENING,COOLDOWN,reversion_exit,10332.0,10247.0,10417.0,10319.0,72
20260303,59840000,13:37:20.000,COOLDOWN,FLAT_QUOTING,fair_recovered,10328.0,10243.0,10413.0,10317.75,69
20260303,59841000,13:37:21.000,FLAT_QUOTING,LONG_PENDING_HEDGE,target_fill,10328.0,10243.0,10413.0,10319.0,71
20260303,59842000,13:37:22.000,LONG_PENDING_HEDGE,HEDGED_POSITION,hedge_fill,10328.0,10243.0,10413.0,10319.5,70
20260303,59843000,13:37:23.000,HEDGED_POSITION,FLATTENING,reversion_exit,10328.0,10243.0,10413.0,10319.75,70
20260303,59843000,13:37:23.000,FLATTENING,COOLDOWN,reversion_exit,10328.0,10243.0,10413.0,10319.75,72
20260303,59845000,13:37:25.000,COOLDOWN,FLAT_QUOTING,fair_recovered,10317.0,10232.0,10402.0,10317.0,69
20260303,59847000,13:37:27.000,FLAT_QUOTING,LONG_PENDING_HEDGE,target_fill,10317.0,10232.0,10402.0,10317.5,69
20260303,59848000,13:37:28.000,LONG_PENDING_HEDGE,HEDGED_POSITION,hedge_fill,10317.0,10232.0,10402.0,10321.0,70
20260303,59849000,13:37:29.000,HEDGED_POSITION,FLATTENING,reversion_exit,10317.0,10232.0,10402.0,10323.25,68
20260303,59849000,13:37:29.000,FLATTENING,COOLDOWN,reversion_exit,10317.0,10232.0,10402.0,10323.25,70
20260303,59851000,13:37:31.000,COOLDOWN,FLAT_QUOTING,fair_recovered,10324.0,10239.0,10409.0,10324.0,68
20260303,59852000,13:37:32.000,FLAT_QUOTING,LONG_PENDING_HEDGE,target_fill,10324.0,10239.0,10409.0,10324.875,69
20260303,59853000,13:37:33.000,LONG_PENDING_HEDGE,HEDGED_POSITION,hedge_fill,10324.0,10239.0,10409.0,10322.75,70
20260303,59854000,13:37:34.000,HEDGED_POSITION,FLATTENING,reversion_exit,10324.0,10239.0,10409.0,10323.0,68
20260303,59854000,13:37:34.000,FLATTENING,COOLDOWN,reversion_exit,10324.0,10239.0,10409.0,10323.0,70
20260303,59856000,13:37:36.000,COOLDOWN,FLAT_QUOTING,fair_recovered,10318.0,10233.0,10403.0,10317.75,68
20260303,59857000,13:37:37.000,FLAT_QUOTING,LONG_PENDING_HEDGE,target_fill,10318.0,10233.0,10403.0,10317.75,69
20260303,59858000,13:37:38.000,LONG_PENDING_HEDGE,HEDGED_POSITION,hedge_fill,10318.0,10233.0,10403.0,10322.25,70
20260303,59859000,13:37:39.000,HEDGED_POSITION,FLATTENING,reversion_exit,10318.0,10233.0,10403.0,10320.75,68
20260303,59859000,13:37:39.000,FLATTENING,COOLDOWN,reversion_exit,10318.0,10233.0,10403.0,10320.75,70
20260303,59861000,13:37:41.000,COOLDOWN,FLAT_QUOTING,fair_recovered,10322.0,10237.0,10407.0,10321.75,68
20260303,59862000,13:37:42.000,FLAT_QUOTING,LONG_PENDING_HEDGE,target_fill,10322.0,10237.0,10407.0,10322.25,69
20260303,59863000,13:37:43.000,LONG_PENDING_HEDGE,HEDGED_POSITION,hedge_fill,10322.0,10237.0,10407.0,10322.5,70
20260303,59864000,13:37:44.000,HEDGED_POSITION,FLATTENING,reversion_exit,10322.0,10237.0,10407.0,10320.5,68
20260303,59864000,13:37:44.000,FLATTENING,COOLDOWN,reversion_exit,10322.0,10237.0,10407.0,10320.5,70
20260303,59866000,13:37:46.000,COOLDOWN,FLAT_QUOTING,fair_recovered,10320.0,10235.0,10405.0,10320.5,69
20260303,59867000,13:37:47.000,FLAT_QUOTING,LONG_PENDING_HEDGE,target_fill,10320.0,10235.0,10405.0,10322.25,71
20260303,59868000,13:37:48.000,LONG_PENDING_HEDGE,HEDGED_POSITION,hedge_fill,10320.0,10235.0,10405.0,10326.0,70
20260303,59869000,13:37:49.000,HEDGED_POSITION,FLATTENING,reversion_exit,10320.0,10235.0,10405.0,10325.625,70
20260303,59869000,13:37:49.000,FLATTENING,COOLDOWN,reversion_exit,10320.0,10235.0,10405.0,10325.625,72
20260303,59871000,13:37:51.000,COOLDOWN,FLAT_QUOTING,fair_recovered,10327.0,10242.0,10412.0,10327.375,69
20260303,59872000,13:37:52.000,FLAT_QUOTING,LONG_PENDING_HEDGE,target_fill,10327.0,10242.0,10412.0,10329.0,71
20260303,59873000,13:37:53.000,LONG_PENDING_HEDGE,HEDGED_POSITION,hedge_fill,10327.0,10242.0,10412.0,10328.0,70
20260303,59874000,13:37:54.000,HEDGED_POSITION,FLATTENING,reversion_exit,10327.0,10242.0,10412.0,10327.0,70
20260303,59874000,13:37:54.000,FLATTENING,COOLDOWN,reversion_exit,10327.0,10242.0,10412.0,10327.0,72
20260303,59876000,13:37:56.000,COOLDOWN,FLAT_QUOTING,fair_recovered,10327.0,10242.0,10412.0,10327.0,69
20260303,59877000,13:37:57.000,FLAT_QUOTING,LONG_PENDING_HEDGE,target_fill,10327.0,10242.0,10412.0,10326.75,71
20260303,59878000,13:37:58.000,LONG_PENDING_HEDGE,HEDGED_POSITION,hedge_fill,10327.0,10242.0,10412.0,10327.25,70
20260303,59879000,13:37:59.000,HEDGED_POSITION,FLATTENING,reversion_exit,10327.0,10242.0,10412.0,10326.375,70
20260303,59879000,13:37:59.000,FLATTENING,COOLDOWN,reversion_exit,10327.0,10242.0,10412.0,10326.375,72
20260303,59881000,13:38:01.000,COOLDOWN,FLAT_QUOTING,fair_recovered,10325.0,10240.0,10410.0,10325.375,69
20260303,59882000,13:38:02.000,FLAT_QUOTING,LONG_PENDING_HEDGE,target_fill,10325.0,10240.0,10410.0,10326.875,71
20260303,59883000,13:38:03.000,LONG_PENDING_HEDGE,HEDGED_POSITION,hedge_fill,10325.0,10240.0,10410.0,10327.0,70
20260303,59884000,13:38:04.000,HEDGED_POSITION,FLATTENING,reversion_exit,10325.0,10240.0,10410.0,10327.25,70
20260303,59884000,13:38:04.000,FLATTENING,COOLDOWN,reversion_exit,10325.0,10240.0,10410.0,10327.25,72
20260303,59886000,13:38:06.000,COOLDOWN,FLAT_QUOTING,fair_recovered,10327.0,10242.0,10412.0,10327.25,69
20260303,59887000,13:38:07.000,FLAT_QUOTING,LONG_PENDING_HEDGE,target_fill,10327.0,10242.0,10412.0,10327.5,71
20260303,59888000,13:38:08.000,LONG_PENDING_HEDGE,HEDGED_POSITION,hedge_fill,10327.0,10242.0,10412.0,10333.25,70
20260303,59889000,13:38:09.000,HEDGED_POSITION,FLATTENING,reversion_exit,10327.0,10242.0,10412.0,10332.5,70
20260303,59889000,13:38:09.000,FLATTENING,COOLDOWN,reversion_exit,10327.0,10242.0,10412.0,10332.5,72
20260303,59891000,13:38:11.000,COOLDOWN,FLAT_QUOTING,fair_recovered,10329.0,10244.0,10414.0,,69
20260303,59892000,13:38:12.000,FLAT_QUOTING,LONG_PENDING_HEDGE,target_fill,10329.0,10244.0,10414.0,,71
20260303,59893000,13:38:13.000,LONG_PENDING_HEDGE,HEDGED_POSITION,hedge_fill,10329.0,10244.0,10414.0,10333.125,70
20260303,59894000,13:38:14.000,HEDGED_POSITION,FLATTENING,reference_invalid_exit,10329.0,10244.0,10414.0,,70
20260303,59894000,13:38:14.000,FLATTENING,COOLDOWN,reference_invalid_exit,10329.0,10244.0,10414.0,,72
20260303,59896000,13:38:16.000,COOLDOWN,FLAT_QUOTING,fair_recovered,10335.0,10250.0,10420.0,,69
20260303,59897000,13:38:17.000,FLAT_QUOTING,LONG_PENDING_HEDGE,target_fill,10335.0,10250.0,10420.0,,71
20260303,59898000,13:38:18.000,LONG_PENDING_HEDGE,HEDGED_POSITION,hedge_fill,10335.0,10250.0,10420.0,,70
20260303,59899000,13:38:19.000,HEDGED_POSITION,FLATTENING,reference_invalid_exit,10335.0,10250.0,10420.0,10338.0,70
20260303,59899000,13:38:19.000,FLATTENING,COOLDOWN,reference_invalid_exit,10335.0,10250.0,10420.0,10338.0,72
20260303,59901000,13:38:21.000,COOLDOWN,FLAT_QUOTING,fair_recovered,10342.0,10257.0,10427.0,10341.25,69
20260303,59902000,13:38:22.000,FLAT_QUOTING,LONG_PENDING_HEDGE,target_fill,10342.0,10257.0,10427.0,10338.0,71
20260303,59903000,13:38:23.000,LONG_PENDING_HEDGE,HEDGED_POSITION,hedge_fill,10342.0,10257.0,10427.0,,70
20260303,59904000,13:38:24.000,HEDGED_POSITION,FLATTENING,reference_invalid_exit,10342.0,10257.0,10427.0,,70
20260303,59904000,13:38:24.000,FLATTENING,COOLDOWN,reference_invalid_exit,10342.0,10257.0,10427.0,,72
20260303,59906000,13:38:26.000,COOLDOWN,FLAT_QUOTING,fair_recovered,10337.0,10252.0,10422.0,,70
20260303,59907000,13:38:27.000,FLAT_QUOTING,LONG_PENDING_HEDGE,target_fill,10337.0,10252.0,10422.0,10343.5,72
20260303,59908000,13:38:28.000,LONG_PENDING_HEDGE,HEDGED_POSITION,hedge_fill,10337.0,10252.0,10422.0,10340.0,72
20260303,59909000,13:38:29.000,HEDGED_POSITION,FLATTENING,reversion_exit,10337.0,10252.0,10422.0,10339.875,70
20260303,59909000,13:38:29.000,FLATTENING,COOLDOWN,reversion_exit,10337.0,10252.0,10422.0,10339.875,72
20260303,59911000,13:38:31.000,COOLDOWN,FLAT_QUOTING,fair_recovered,10342.0,10257.0,10427.0,10341.875,70
20260303,59912000,13:38:32.000,FLAT_QUOTING,LONG_PENDING_HEDGE,target_fill,10342.0,10257.0,10427.0,10342.75,72
20260303,59913000,13:38:33.000,LONG_PENDING_HEDGE,HEDGED_POSITION,hedge_fill,10342.0,10257.0,10427.0,10341.75,72
20260303,59914000,13:38:34.000,HEDGED_POSITION,FLATTENING,reversion_exit,10342.0,10257.0,10427.0,10340.25,70
20260303,59914000,13:38:34.000,FLATTENING,COOLDOWN,reversion_exit,10342.0,10257.0,10427.0,10340.25,72
20260303,59916000,13:38:36.000,COOLDOWN,FLAT_QUOTING,fair_recovered,10338.0,10253.0,10423.0,10337.75,70
20260303,59917000,13:38:37.000,FLAT_QUOTING,LONG_PENDING_HEDGE,target_fill,10338.0,10253.0,10423.0,10337.75,72
20260303,59918000,13:38:38.000,LONG_PENDING_HEDGE,HEDGED_POSITION,hedge_fill,10338.0,10253.0,10423.0,10338.0,72
20260303,59919000,13:38:39.000,HEDGED_POSITION,FLATTENING,reversion_exit,10338.0,10253.0,10423.0,10341.0,70
20260303,59919000,13:38:39.000,FLATTENING,COOLDOWN,reversion_exit,10338.0,10253.0,10423.0,10341.0,72
20260303,59921000,13:38:41.000,COOLDOWN,FLAT_QUOTING,fair_recovered,10342.0,10257.0,10427.0,10341.75,70
20260303,59922000,13:38:42.000,FLAT_QUOTING,LONG_PENDING_HEDGE,target_fill,10342.0,10257.0,10427.0,10342.5,72
20260303,59923000,13:38:43.000,LONG_PENDING_HEDGE,HEDGED_POSITION,hedge_fill,10342.0,10257.0,10427.0,10344.625,72
20260303,59924000,13:38:44.000,HEDGED_POSITION,FLATTENING,reversion_exit,10342.0,10257.0,10427.0,10341.625,70
20260303,59924000,13:38:44.000,FLATTENING,COOLDOWN,reversion_exit,10342.0,10257.0,10427.0,10341.625,72
20260303,59926000,13:38:46.000,COOLDOWN,FLAT_QUOTING,fair_recovered,10339.0,10254.0,10424.0,10338.75,70
20260303,59927000,13:38:47.000,FLAT_QUOTING,LONG_PENDING_HEDGE,target_fill,10339.0,10254.0,10424.0,10339.75,72
20260303,59928000,13:38:48.000,LONG_PENDING_HEDGE,HEDGED_POSITION,hedge_fill,10339.0,10254.0,10424.0,10339.5,72
20260303,59929000,13:38:49.000,HEDGED_POSITION,FLATTENING,reversion_exit,10339.0,10254.0,10424.0,10341.25,70
20260303,59929000,13:38:49.000,FLATTENING,COOLDOWN,reversion_exit,10339.0,10254.0,10424.0,10341.25,72
20260303,59931000,13:38:51.000,COOLDOWN,FLAT_QUOTING,fair_recovered,10340.0,10255.0,10425.0,10339.5,70
20260303,59932000,13:38:52.000,FLAT_QUOTING,LONG_PENDING_HEDGE,target_fill,10340.0,10255.0,10425.0,10339.75,72
20260303,59933000,13:38:53.000,LONG_PENDING_HEDGE,HEDGED_POSITION,hedge_fill,10340.0,10255.0,10425.0,10336.75,72
20260303,59934000,13:38:54.000,HEDGED_POSITION,FLATTENING,reversion_exit,10340.0,10255.0,10425.0,10337.0,70
20260303,59934000,13:38:54.000,FLATTENING,COOLDOWN,reversion_exit,10340.0,10255.0,10425.0,10337.0,72
20260303,59936000,13:38:56.000,COOLDOWN,FLAT_QUOTING,fair_recovered,10333.0,10248.0,10418.0,10332.75,70
20260303,59937000,13:38:57.000,FLAT_QUOTING,LONG_PENDING_HEDGE,target_fill,10333.0,10248.0,10418.0,10332.625,72
20260303,59938000,13:38:58.000,LONG_PENDING_HEDGE,HEDGED_POSITION,hedge_fill,10333.0,10248.0,10418.0,10330.5,72
20260303,59939000,13:38:59.000,HEDGED_POSITION,FLATTENING,reversion_exit,10333.0,10248.0,10418.0,10330.5,70
20260303,59939000,13:38:59.000,FLATTENING,COOLDOWN,reversion_exit,10333.0,10248.0,10418.0,10330.5,72
20260303,59941000,13:39:01.000,COOLDOWN,FLAT_QUOTING,fair_recovered,10328.0,10243.0,10413.0,10327.875,70
20260303,59942000,13:39:02.000,FLAT_QUOTING,LONG_PENDING_HEDGE,target_fill,10328.0,10243.0,10413.0,10328.75,72
20260303,59943000,13:39:03.000,LONG_PENDING_HEDGE,HEDGED_POSITION,hedge_fill,10328.0,10243.0,10413.0,10328.75,72
20260303,59944000,13:39:04.000,HEDGED_POSITION,FLATTENING,reversion_exit,10328.0,10243.0,10413.0,10327.75,70
20260303,59944000,13:39:04.000,FLATTENING,COOLDOWN,reversion_exit,10328.0,10243.0,10413.0,10327.75,72
20260303,59946000,13:39:06.000,COOLDOWN,FLAT_QUOTING,fair_recovered,10326.0,10241.0,10411.0,10325.75,70
20260303,59947000,13:39:07.000,FLAT_QUOTING,LONG_PENDING_HEDGE,target_fill,10326.0,10241.0,10411.0,10325.0,72
20260303,59948000,13:39:08.000,LONG_PENDING_HEDGE,HEDGED_POSITION,hedge_fill,10326.0,10241.0,10411.0,10324.25,72
20260303,59949000,13:39:09.000,HEDGED_POSITION,FLATTENING,reversion_exit,10326.0,10241.0,10411.0,10322.5,70
20260303,59949000,13:39:09.000,FLATTENING,COOLDOWN,reversion_exit,10326.0,10241.0,10411.0,10322.5,72
20260303,59951000,13:39:11.000,COOLDOWN,FLAT_QUOTING,fair_recovered,10321.0,10236.0,10406.0,10320.75,70
20260303,59952000,13:39:12.000,FLAT_QUOTING,LONG_PENDING_HEDGE,target_fill,10321.0,10236.0,10406.0,10320.25,72
20260303,59953000,13:39:13.000,LONG_PENDING_HEDGE,HEDGED_POSITION,hedge_fill,10321.0,10236.0,10406.0,10319.25,72
20260303,59954000,13:39:14.000,HEDGED_POSITION,FLATTENING,reversion_exit,10321.0,10236.0,10406.0,10316.5,70
20260303,59954000,13:39:14.000,FLATTENING,COOLDOWN,reversion_exit,10321.0,10236.0,10406.0,10316.5,72
20260303,59956000,13:39:16.000,COOLDOWN,FLAT_QUOTING,fair_recovered,10317.0,10232.0,10402.0,10317.25,70
20260303,59957000,13:39:17.000,FLAT_QUOTING,LONG_PENDING_HEDGE,target_fill,10317.0,10232.0,10402.0,10321.75,72
20260303,59958000,13:39:18.000,LONG_PENDING_HEDGE,HEDGED_POSITION,hedge_fill,10317.0,10232.0,10402.0,10320.5,72
20260303,59959000,13:39:19.000,HEDGED_POSITION,FLATTENING,reversion_exit,10317.0,10232.0,10402.0,10319.875,70
20260303,59959000,13:39:19.000,FLATTENING,COOLDOWN,reversion_exit,10317.0,10232.0,10402.0,10319.875,72
20260303,59961000,13:39:21.000,COOLDOWN,FLAT_QUOTING,fair_recovered,10320.0,10235.0,10405.0,10320.0,70
20260303,59962000,13:39:22.000,FLAT_QUOTING,LONG_PENDING_HEDGE,target_fill,10320.0,10235.0,10405.0,10321.5,72
20260303,59963000,13:39:23.000,LONG_PENDING_HEDGE,HEDGED_POSITION,hedge_fill,10320.0,10235.0,10405.0,10321.75,72
20260303,59964000,13:39:24.000,HEDGED_POSITION,FLATTENING,reversion_exit,10320.0,10235.0,10405.0,10318.25,70
20260303,59964000,13:39:24.000,FLATTENING,COOLDOWN,reversion_exit,10320.0,10235.0,10405.0,10318.25,72
20260303,59966000,13:39:26.000,COOLDOWN,FLAT_QUOTING,fair_recovered,10320.0,10235.0,10405.0,10319.5,70
20260303,59967000,13:39:27.000,FLAT_QUOTING,LONG_PENDING_HEDGE,target_fill,10320.0,10235.0,10405.0,10319.0,72
20260303,59968000,13:39:28.000,LONG_PENDING_HEDGE,HEDGED_POSITION,hedge_fill,10320.0,10235.0,10405.0,10317.75,72
20260303,59969000,13:39:29.000,HEDGED_POSITION,FLATTENING,reversion_exit,10320.0,10235.0,10405.0,10317.75,70
20260303,59969000,13:39:29.000,FLATTENING,COOLDOWN,reversion_exit,10320.0,10235.0,10405.0,10317.75,72
20260303,59971000,13:39:31.000,COOLDOWN,FLAT_QUOTING,fair_recovered,10321.0,10236.0,10406.0,10321.25,70
20260303,59972000,13:39:32.000,FLAT_QUOTING,LONG_PENDING_HEDGE,target_fill,10321.0,10236.0,10406.0,10322.5,72
20260303,59973000,13:39:33.000,LONG_PENDING_HEDGE,HEDGED_POSITION,hedge_fill,10321.0,10236.0,10406.0,10323.25,72
20260303,59974000,13:39:34.000,HEDGED_POSITION,FLATTENING,reversion_exit,10321.0,10236.0,10406.0,10323.25,70
20260303,59974000,13:39:34.000,FLATTENING,COOLDOWN,reversion_exit,10321.0,10236.0,10406.0,10323.25,72
20260303,59976000,13:39:36.000,COOLDOWN,FLAT_QUOTING,fair_recovered,10328.0,10243.0,10413.0,10328.0,70
20260303,59977000,13:39:37.000,FLAT_QUOTING,LONG_PENDING_HEDGE,target_fill,10328.0,10243.0,10413.0,10328.5,72
20260303,59978000,13:39:38.000,LONG_PENDING_HEDGE,HEDGED_POSITION,hedge_fill,10328.0,10243.0,10413.0,10328.75,72
20260303,59979000,13:39:39.000,HEDGED_POSITION,FLATTENING,reversion_exit,10328.0,10243.0,10413.0,10328.5,70
20260303,59979000,13:39:39.000,FLATTENING,COOLDOWN,reversion_exit,10328.0,10243.0,10413.0,10328.5,72
20260303,59981000,13:39:41.000,COOLDOWN,FLAT_QUOTING,fair_recovered,10326.0,10241.0,10411.0,10325.75,70
20260303,59982000,13:39:42.000,FLAT_QUOTING,LONG_PENDING_HEDGE,target_fill,10326.0,10241.0,10411.0,10324.375,72
20260303,59983000,13:39:43.000,LONG_PENDING_HEDGE,HEDGED_POSITION,hedge_fill,10326.0,10241.0,10411.0,10324.25,72
20260303,59984000,13:39:44.000,HEDGED_POSITION,FLATTENING,reversion_exit,10326.0,10241.0,10411.0,10324.25,70
20260303,59984000,13:39:44.000,FLATTENING,COOLDOWN,reversion_exit,10326.0,10241.0,10411.0,10324.25,72
20260303,59986000,13:39:46.000,COOLDOWN,FLAT_QUOTING,fair_recovered,10326.0,10241.0,10411.0,10325.5,70
20260303,59987000,13:39:47.000,FLAT_QUOTING,LONG_PENDING_HEDGE,target_fill,10326.0,10241.0,10411.0,10325.75,72
20260303,59988000,13:39:48.000,LONG_PENDING_HEDGE,HEDGED_POSITION,hedge_fill,10326.0,10241.0,10411.0,10326.25,72
20260303,59989000,13:39:49.000,HEDGED_POSITION,FLATTENING,reversion_exit,10326.0,10241.0,10411.0,10325.75,70
20260303,59989000,13:39:49.000,FLATTENING,COOLDOWN,reversion_exit,10326.0,10241.0,10411.0,10325.75,72
20260303,59991000,13:39:51.000,COOLDOWN,FLAT_QUOTING,fair_recovered,10324.0,10239.0,10409.0,10324.5,70
20260303,59992000,13:39:52.000,FLAT_QUOTING,LONG_PENDING_HEDGE,target_fill,10324.0,10239.0,10409.0,10325.25,72
20260303,59993000,13:39:53.000,LONG_PENDING_HEDGE,HEDGED_POSITION,hedge_fill,10324.0,10239.0,10409.0,10325.25,72
20260303,59994000,13:39:54.000,HEDGED_POSITION,FLATTENING,reversion_exit,10324.0,10239.0,10409.0,10325.5,70
20260303,59994000,13:39:54.000,FLATTENING,COOLDOWN,reversion_exit,10324.0,10239.0,10409.0,10325.5,72
20260303,59996000,13:39:56.000,COOLDOWN,FLAT_QUOTING,fair_recovered,10326.0,10241.0,10411.0,10326.25,70
20260303,59997000,13:39:57.000,FLAT_QUOTING,LONG_PENDING_HEDGE,target_fill,10326.0,10241.0,10411.0,10326.0,72
20260303,59998000,13:39:58.000,LONG_PENDING_HEDGE,HEDGED_POSITION,hedge_fill,10326.0,10241.0,10411.0,,72
20260303,59999000,13:39:59.000,HEDGED_POSITION,FLATTENING,reversion_exit,10326.0,10241.0,10411.0,10327.0,70
20260303,59999000,13:39:59.000,FLATTENING,COOLDOWN,reversion_exit,10326.0,10241.0,10411.0,10327.0,72
20260303,60001000,13:40:01.000,COOLDOWN,FLAT_QUOTING,fair_recovered,10328.0,10243.0,10413.0,10328.5,70
20260303,60002000,13:40:02.000,FLAT_QUOTING,LONG_PENDING_HEDGE,target_fill,10328.0,10243.0,10413.0,10328.0,72
20260303,60003000,13:40:03.000,LONG_PENDING_HEDGE,HEDGED_POSITION,hedge_fill,10328.0,10243.0,10413.0,10331.5,72
20260303,60004000,13:40:04.000,HEDGED_POSITION,FLATTENING,reversion_exit,10328.0,10243.0,10413.0,10333.0,70
20260303,60004000,13:40:04.000,FLATTENING,COOLDOWN,reversion_exit,10328.0,10243.0,10413.0,10333.0,72
20260303,60006000,13:40:06.000,COOLDOWN,FLAT_QUOTING,fair_recovered,10337.0,10252.0,10422.0,10333.5,70
20260303,60008000,13:40:08.000,FLAT_QUOTING,LONG_PENDING_HEDGE,target_fill,10337.0,10252.0,10422.0,10333.0,71
20260303,60009000,13:40:09.000,LONG_PENDING_HEDGE,HEDGED_POSITION,hedge_fill,10337.0,10252.0,10422.0,10333.5,70
20260303,60010000,13:40:10.000,HEDGED_POSITION,FLATTENING,reference_invalid_exit,10337.0,10252.0,10422.0,10335.25,70
20260303,60010000,13:40:10.000,FLATTENING,COOLDOWN,reference_invalid_exit,10337.0,10252.0,10422.0,10335.25,72
20260303,60012000,13:40:12.000,COOLDOWN,FLAT_QUOTING,fair_recovered,10342.0,10257.0,10427.0,10334.25,69
20260303,60013000,13:40:13.000,FLAT_QUOTING,LONG_PENDING_HEDGE,target_fill,10342.0,10257.0,10427.0,10334.5,71
20260303,60014000,13:40:14.000,LONG_PENDING_HEDGE,HEDGED_POSITION,hedge_fill,10342.0,10257.0,10427.0,10335.25,70
20260303,60015000,13:40:15.000,HEDGED_POSITION,FLATTENING,reference_invalid_exit,10342.0,10257.0,10427.0,10334.0,70
20260303,60015000,13:40:15.000,FLATTENING,COOLDOWN,reference_invalid_exit,10342.0,10257.0,10427.0,10334.0,72
20260303,60017000,13:40:17.000,COOLDOWN,FLAT_QUOTING,fair_recovered,10342.0,10257.0,10427.0,10336.75,69
20260303,60018000,13:40:18.000,FLAT_QUOTING,LONG_PENDING_HEDGE,target_fill,10342.0,10257.0,10427.0,10337.25,71
20260303,60019000,13:40:19.000,LONG_PENDING_HEDGE,HEDGED_POSITION,hedge_fill,10342.0,10257.0,10427.0,10337.25,70
20260303,60020000,13:40:20.000,HEDGED_POSITION,FLATTENING,reference_invalid_exit,10342.0,10257.0,10427.0,10337.25,70
20260303,60020000,13:40:20.000,FLATTENING,COOLDOWN,reference_invalid_exit,10342.0,10257.0,10427.0,10337.25,72
20260303,60022000,13:40:22.000,COOLDOWN,FLAT_QUOTING,fair_recovered,10345.0,10260.0,10430.0,10335.25,69
20260303,60023000,13:40:23.000,FLAT_QUOTING,LONG_PENDING_HEDGE,target_fill,10345.0,10260.0,10430.0,10335.25,71
20260303,60024000,13:40:24.000,LONG_PENDING_HEDGE,HEDGED_POSITION,hedge_fill,10345.0,10260.0,10430.0,10333.75,70
20260303,60025000,13:40:25.000,HEDGED_POSITION,FLATTENING,reference_invalid_exit,10345.0,10260.0,10430.0,10334.5,70
20260303,60025000,13:40:25.000,FLATTENING,COOLDOWN,reference_invalid_exit,10345.0,10260.0,10430.0,10334.5,72
20260303,60027000,13:40:27.000,COOLDOWN,FLAT_QUOTING,fair_recovered,10334.0,10249.0,10419.0,10334.25,69
20260303,60028000,13:40:28.000,FLAT_QUOTING,LONG_PENDING_HEDGE,target_fill,10334.0,10249.0,10419.0,10334.25,71
20260303,60029000,13:40:29.000,LONG_PENDING_HEDGE,HEDGED_POSITION,hedge_fill,10334.0,10249.0,10419.0,10335.25,70
20260303,60030000,13:40:30.000,HEDGED_POSITION,FLATTENING,reference_invalid_exit,10334.0,10249.0,10419.0,10336.25,70
20260303,60030000,13:40:30.000,FLATTENING,COOLDOWN,reference_invalid_exit,10334.0,10249.0,10419.0,10336.25,72
20260303,60032000,13:40:32.000,COOLDOWN,FLAT_QUOTING,fair_recovered,10345.0,10260.0,10430.0,10337.0,69
20260303,60033000,13:40:33.000,FLAT_QUOTING,LONG_PENDING_HEDGE,target_fill,10345.0,10260.0,10430.0,10337.0,71
20260303,60034000,13:40:34.000,LONG_PENDING_HEDGE,HEDGED_POSITION,hedge_fill,10345.0,10260.0,10430.0,10336.5,70
20260303,60035000,13:40:35.000,HEDGED_POSITION,FLATTENING,reference_invalid_exit,10345.0,10260.0,10430.0,10340.25,70
20260303,60035000,13:40:35.000,FLATTENING,COOLDOWN,reference_invalid_exit,10345.0,10260.0,10430.0,10340.25,72
20260303,60037000,13:40:37.000,COOLDOWN,FLAT_QUOTING,fair_recovered,10345.0,10260.0,10430.0,10344.875,69
20260303,60038000,13:40:38.000,FLAT_QUOTING,LONG_PENDING_HEDGE,target_fill,10345.0,10260.0,10430.0,10344.0,71
20260303,60039000,13:40:39.000,LONG_PENDING_HEDGE,HEDGED_POSITION,hedge_fill,10345.0,10260.0,10430.0,10345.75,70
20260303,60040000,13:40:40.000,HEDGED_POSITION,FLATTENING,reversion_exit,10345.0,10260.0,10430.0,10345.25,70
20260303,60040000,13:40:40.000,FLATTENING,COOLDOWN,reversion_exit,10345.0,10260.0,10430.0,10345.25,72
20260303,60042000,13:40:42.000,COOLDOWN,FLAT_QUOTING,fair_recovered,10359.0,10274.0,10444.0,10350.25,69
20260303,60043000,13:40:43.000,FLAT_QUOTING,LONG_PENDING_HEDGE,target_fill,10359.0,10274.0,10444.0,10351.25,71
20260303,60044000,13:40:44.000,LONG_PENDING_HEDGE,HEDGED_POSITION,hedge_fill,10359.0,10274.0,10444.0,10348.5,70
20260303,60045000,13:40:45.000,HEDGED_POSITION,FLATTENING,reference_invalid_exit,10359.0,10274.0,10444.0,10347.75,70
20260303,60045000,13:40:45.000,FLATTENING,COOLDOWN,reference_invalid_exit,10359.0,10274.0,10444.0,10347.75,72
20260303,60047000,13:40:47.000,COOLDOWN,FLAT_QUOTING,fair_recovered,10358.0,10273.0,10443.0,10349.0,69
20260303,60048000,13:40:48.000,FLAT_QUOTING,LONG_PENDING_HEDGE,target_fill,10358.0,10273.0,10443.0,10345.75,71
20260303,60049000,13:40:49.000,LONG_PENDING_HEDGE,HEDGED_POSITION,hedge_fill,10358.0,10273.0,10443.0,10345.75,70
20260303,60050000,13:40:50.000,HEDGED_POSITION,FLATTENING,reference_invalid_exit,10358.0,10273.0,10443.0,10349.125,70
20260303,60050000,13:40:50.000,FLATTENING,COOLDOWN,reference_invalid_exit,10358.0,10273.0,10443.0,10349.125,72
20260303,60052000,13:40:52.000,COOLDOWN,FLAT_QUOTING,fair_recovered,10360.0,10275.0,10445.0,10345.75,69
20260303,60053000,13:40:53.000,FLAT_QUOTING,LONG_PENDING_HEDGE,target_fill,10360.0,10275.0,10445.0,10346.5,71
20260303,60054000,13:40:54.000,LONG_PENDING_HEDGE,HEDGED_POSITION,hedge_fill,10360.0,10275.0,10445.0,10349.0,70
20260303,60055000,13:40:55.000,HEDGED_POSITION,FLATTENING,reference_invalid_exit,10360.0,10275.0,10445.0,10350.5,70
20260303,60055000,13:40:55.000,FLATTENING,COOLDOWN,reference_invalid_exit,10360.0,10275.0,10445.0,10350.5,72
20260303,60057000,13:40:57.000,COOLDOWN,FLAT_QUOTING,fair_recovered,10363.0,10278.0,10448.0,10351.75,69
20260303,60058000,13:40:58.000,FLAT_QUOTING,LONG_PENDING_HEDGE,target_fill,10363.0,10278.0,10448.0,10352.0,71
20260303,60059000,13:40:59.000,LONG_PENDING_HEDGE,HEDGED_POSITION,hedge_fill,10363.0,10278.0,10448.0,10352.5,70
20260303,60060000,13:41:00.000,HEDGED_POSITION,FLATTENING,reference_invalid_exit,10363.0,10278.0,10448.0,10352.0,70
20260303,60060000,13:41:00.000,FLATTENING,COOLDOWN,reference_invalid_exit,10363.0,10278.0,10448.0,10352.0,72
20260303,60062000,13:41:02.000,COOLDOWN,FLAT_QUOTING,fair_recovered,10365.0,10280.0,10450.0,10353.5,69
20260303,60064000,13:41:04.000,FLAT_QUOTING,LONG_PENDING_HEDGE,target_fill,10365.0,10280.0,10450.0,10355.625,69
20260303,60065000,13:41:05.000,LONG_PENDING_HEDGE,HEDGED_POSITION,hedge_fill,10365.0,10280.0,10450.0,10356.5,70
20260303,60066000,13:41:06.000,HEDGED_POSITION,FLATTENING,reference_invalid_exit,10365.0,10280.0,10450.0,10357.25,68
20260303,60066000,13:41:06.000,FLATTENING,COOLDOWN,reference_invalid_exit,10365.0,10280.0,10450.0,10357.25,70
20260303,60068000,13:41:08.000,COOLDOWN,FLAT_QUOTING,fair_recovered,10380.0,10295.0,10465.0,10359.25,69
20260303,60069000,13:41:09.000,FLAT_QUOTING,LONG_PENDING_HEDGE,target_fill,10380.0,10295.0,10465.0,10364.5,71
20260303,60070000,13:41:10.000,LONG_PENDING_HEDGE,HEDGED_POSITION,hedge_fill,10380.0,10295.0,10465.0,10360.125,70
20260303,60071000,13:41:11.000,HEDGED_POSITION,FLATTENING,reference_invalid_exit,10380.0,10295.0,10465.0,10358.25,70
20260303,60071000,13:41:11.000,FLATTENING,COOLDOWN,reference_invalid_exit,10380.0,10295.0,10465.0,10358.25,72
20260303,60073000,13:41:13.000,COOLDOWN,FLAT_QUOTING,fair_recovered,10374.0,10289.0,10459.0,10355.5,69
20260303,60075000,13:41:15.000,FLAT_QUOTING,LONG_PENDING_HEDGE,target_fill,10374.0,10289.0,10459.0,10352.5,69
20260303,60076000,13:41:16.000,LONG_PENDING_HEDGE,HEDGED_POSITION,hedge_fill,10374.0,10289.0,10459.0,10352.5,70
20260303,60077000,13:41:17.000,HEDGED_POSITION,FLATTENING,reference_invalid_exit,10374.0,10289.0,10459.0,10351.5,68
20260303,60077000,13:41:17.000,FLATTENING,COOLDOWN,reference_invalid_exit,10374.0,10289.0,10459.0,10351.5,70
20260303,60079000,13:41:19.000,COOLDOWN,FLAT_QUOTING,fair_recovered,10364.0,10279.0,10449.0,10349.0,68
20260303,60080000,13:41:20.000,FLAT_QUOTING,LONG_PENDING_HEDGE,target_fill,10364.0,10279.0,10449.0,10346.875,69
20260303,60081000,13:41:21.000,LONG_PENDING_HEDGE,HEDGED_POSITION,hedge_fill,10364.0,10279.0,10449.0,10348.0,70
20260303,60082000,13:41:22.000,HEDGED_POSITION,FLATTENING,reference_invalid_exit,10364.0,10279.0,10449.0,10347.25,68
20260303,60082000,13:41:22.000,FLATTENING,COOLDOWN,reference_invalid_exit,10364.0,10279.0,10449.0,10347.25,70
20260303,60084000,13:41:24.000,COOLDOWN,FLAT_QUOTING,fair_recovered,10359.0,10274.0,10444.0,10344.75,68
20260303,60085000,13:41:25.000,FLAT_QUOTING,LONG_PENDING_HEDGE,target_fill,10359.0,10274.0,10444.0,10343.25,69
20260303,60086000,13:41:26.000,LONG_PENDING_HEDGE,HEDGED_POSITION,hedge_fill,10359.0,10274.0,10444.0,,70
20260303,60087000,13:41:27.000,HEDGED_POSITION,FLATTENING,reference_invalid_exit,10359.0,10274.0,10444.0,10341.0,68
20260303,60087000,13:41:27.000,FLATTENING,COOLDOWN,reference_invalid_exit,10359.0,10274.0,10444.0,10341.0,70
20260303,60089000,13:41:29.000,COOLDOWN,FLAT_QUOTING,fair_recovered,10340.0,10255.0,10425.0,10340.0,68
20260303,60090000,13:41:30.000,FLAT_QUOTING,LONG_PENDING_HEDGE,target_fill,10340.0,10255.0,10425.0,10341.0,69
20260303,60091000,13:41:31.000,LONG_PENDING_HEDGE,HEDGED_POSITION,hedge_fill,10340.0,10255.0,10425.0,10340.25,70
20260303,60092000,13:41:32.000,HEDGED_POSITION,FLATTENING,reference_invalid_exit,10340.0,10255.0,10425.0,10342.0,68
20260303,60092000,13:41:32.000,FLATTENING,COOLDOWN,reference_invalid_exit,10340.0,10255.0,10425.0,10342.0,70
20260303,60094000,13:41:34.000,COOLDOWN,FLAT_QUOTING,fair_recovered,10344.0,10259.0,10429.0,10344.25,68
20260303,60095000,13:41:35.000,FLAT_QUOTING,LONG_PENDING_HEDGE,target_fill,10344.0,10259.0,10429.0,10339.0,69
20260303,60096000,13:41:36.000,LONG_PENDING_HEDGE,HEDGED_POSITION,hedge_fill,10344.0,10259.0,10429.0,10340.0,70
20260303,60097000,13:41:37.000,HEDGED_POSITION,FLATTENING,reference_invalid_exit,10344.0,10259.0,10429.0,10339.25,68
20260303,60097000,13:41:37.000,FLATTENING,COOLDOWN,reference_invalid_exit,10344.0,10259.0,10429.0,10339.25,70
20260303,60099000,13:41:39.000,COOLDOWN,FLAT_QUOTING,fair_recovered,10351.0,10266.0,10436.0,10338.5,68
20260303,60100000,13:41:40.000,FLAT_QUOTING,LONG_PENDING_HEDGE,target_fill,10351.0,10266.0,10436.0,10337.0,69
20260303,60101000,13:41:41.000,LONG_PENDING_HEDGE,HEDGED_POSITION,hedge_fill,10351.0,10266.0,10436.0,10336.5,70
20260303,60102000,13:41:42.000,HEDGED_POSITION,FLATTENING,reference_invalid_exit,10351.0,10266.0,10436.0,10336.0,68
20260303,60102000,13:41:42.000,FLATTENING,COOLDOWN,reference_invalid_exit,10351.0,10266.0,10436.0,10336.0,70
20260303,60104000,13:41:44.000,COOLDOWN,FLAT_QUOTING,fair_recovered,10335.0,10250.0,10420.0,10335.0,68
20260303,60105000,13:41:45.000,FLAT_QUOTING,LONG_PENDING_HEDGE,target_fill,10335.0,10250.0,10420.0,10335.0,69
20260303,60106000,13:41:46.000,LONG_PENDING_HEDGE,HEDGED_POSITION,hedge_fill,10335.0,10250.0,10420.0,10335.625,70
20260303,60107000,13:41:47.000,HEDGED_POSITION,FLATTENING,reversion_exit,10335.0,10250.0,10420.0,10334.875,68
20260303,60107000,13:41:47.000,FLATTENING,COOLDOWN,reversion_exit,10335.0,10250.0,10420.0,10334.875,70
20260303,60109000,13:41:49.000,COOLDOWN,FLAT_QUOTING,fair_recovered,10334.0,10249.0,10419.0,10334.125,68
20260303,60110000,13:41:50.000,FLAT_QUOTING,LONG_PENDING_HEDGE,target_fill,10334.0,10249.0,10419.0,10334.625,69
20260303,60111000,13:41:51.000,LONG_PENDING_HEDGE,HEDGED_POSITION,hedge_fill,10334.0,10249.0,10419.0,10334.125,70
20260303,60112000,13:41:52.000,HEDGED_POSITION,FLATTENING,reversion_exit,10334.0,10249.0,10419.0,10333.375,68
20260303,60112000,13:41:52.000,FLATTENING,COOLDOWN,reversion_exit,10334.0,10249.0,10419.0,10333.375,70
20260303,60114000,13:41:54.000,COOLDOWN,FLAT_QUOTING,fair_recovered,10331.0,10246.0,10416.0,10331.125,68
20260303,60115000,13:41:55.000,FLAT_QUOTING,LONG_PENDING_HEDGE,target_fill,10331.0,10246.0,10416.0,10330.625,69
20260303,60116000,13:41:56.000,LONG_PENDING_HEDGE,HEDGED_POSITION,hedge_fill,10331.0,10246.0,10416.0,10332.625,70
20260303,60117000,13:41:57.000,HEDGED_POSITION,FLATTENING,reference_invalid_exit,10331.0,10246.0,10416.0,10334.875,68
20260303,60117000,13:41:57.000,FLATTENING,COOLDOWN,reference_invalid_exit,10331.0,10246.0,10416.0,10334.875,70
20260303,60119000,13:41:59.000,COOLDOWN,FLAT_QUOTING,fair_recovered,10351.0,10266.0,10436.0,10336.375,68
20260303,60120000,13:42:00.000,FLAT_QUOTING,LONG_PENDING_HEDGE,target_fill,10351.0,10266.0,10436.0,10339.375,69
20260303,60121000,13:42:01.000,LONG_PENDING_HEDGE,HEDGED_POSITION,hedge_fill,10351.0,10266.0,10436.0,10340.875,70
20260303,60122000,13:42:02.000,HEDGED_POSITION,FLATTENING,reference_invalid_exit,10351.0,10266.0,10436.0,10342.5,68
20260303,60122000,13:42:02.000,FLATTENING,COOLDOWN,reference_invalid_exit,10351.0,10266.0,10436.0,10342.5,70
20260303,60124000,13:42:04.000,COOLDOWN,FLAT_QUOTING,fair_recovered,10358.0,10273.0,10443.0,10342.75,69
20260303,60125000,13:42:05.000,FLAT_QUOTING,LONG_PENDING_HEDGE,target_fill,10358.0,10273.0,10443.0,10343.75,71
20260303,60126000,13:42:06.000,LONG_PENDING_HEDGE,HEDGED_POSITION,hedge_fill,10358.0,10273.0,10443.0,10343.25,70
20260303,60127000,13:42:07.000,HEDGED_POSITION,FLATTENING,reference_invalid_exit,10358.0,10273.0,10443.0,10342.25,70
20260303,60127000,13:42:07.000,FLATTENING,COOLDOWN,reference_invalid_exit,10358.0,10273.0,10443.0,10342.25,72
20260303,60129000,13:42:09.000,COOLDOWN,FLAT_QUOTING,fair_recovered,10359.0,10274.0,10444.0,10342.25,69
20260303,60130000,13:42:10.000,FLAT_QUOTING,LONG_PENDING_HEDGE,target_fill,10359.0,10274.0,10444.0,10341.75,71
20260303,60131000,13:42:11.000,LONG_PENDING_HEDGE,HEDGED_POSITION,hedge_fill,10359.0,10274.0,10444.0,10342.25,70
20260303,60132000,13:42:12.000,HEDGED_POSITION,FLATTENING,reference_invalid_exit,10359.0,10274.0,10444.0,10343.25,70
20260303,60132000,13:42:12.000,FLATTENING,COOLDOWN,reference_invalid_exit,10359.0,10274.0,10444.0,10343.25,72
20260303,60134000,13:42:14.000,COOLDOWN,FLAT_QUOTING,fair_recovered,10359.0,10274.0,10444.0,10343.5,70
20260303,60135000,13:42:15.000,FLAT_QUOTING,LONG_PENDING_HEDGE,target_fill,10359.0,10274.0,10444.0,10344.625,72
20260303,60136000,13:42:16.000,LONG_PENDING_HEDGE,HEDGED_POSITION,hedge_fill,10359.0,10274.0,10444.0,10344.5,72
20260303,60137000,13:42:17.000,HEDGED_POSITION,FLATTENING,reference_invalid_exit,10359.0,10274.0,10444.0,10344.5,70
20260303,60137000,13:42:17.000,FLATTENING,COOLDOWN,reference_invalid_exit,10359.0,10274.0,10444.0,10344.5,72
20260303,60139000,13:42:19.000,COOLDOWN,FLAT_QUOTING,fair_recovered,10359.0,10274.0,10444.0,10344.0,70
20260303,60140000,13:42:20.000,FLAT_QUOTING,LONG_PENDING_HEDGE,target_fill,10359.0,10274.0,10444.0,10344.5,72
20260303,60141000,13:42:21.000,LONG_PENDING_HEDGE,HEDGED_POSITION,hedge_fill,10359.0,10274.0,10444.0,10344.5,72
20260303,60142000,13:42:22.000,HEDGED_POSITION,FLATTENING,reference_invalid_exit,10359.0,10274.0,10444.0,10345.0,70
20260303,60142000,13:42:22.000,FLATTENING,COOLDOWN,reference_invalid_exit,10359.0,10274.0,10444.0,10345.0,72
20260303,60144000,13:42:24.000,COOLDOWN,FLAT_QUOTING,fair_recovered,10359.0,10274.0,10444.0,10345.75,70
20260303,60145000,13:42:25.000,FLAT_QUOTING,LONG_PENDING_HEDGE,target_fill,10359.0,10274.0,10444.0,10344.875,72
20260303,60146000,13:42:26.000,LONG_PENDING_HEDGE,HEDGED_POSITION,hedge_fill,10359.0,10274.0,10444.0,10344.25,72
20260303,60147000,13:42:27.000,HEDGED_POSITION,FLATTENING,reference_invalid_exit,10359.0,10274.0,10444.0,10344.75,70
20260303,60147000,13:42:27.000,FLATTENING,COOLDOWN,reference_invalid_exit,10359.0,10274.0,10444.0,10344.75,72
20260303,60149000,13:42:29.000,COOLDOWN,FLAT_QUOTING,fair_recovered,10358.0,10273.0,10443.0,10344.0,70
20260303,60150000,13:42:30.000,FLAT_QUOTING,LONG_PENDING_HEDGE,target_fill,10358.0,10273.0,10443.0,10343.5,72
20260303,60151000,13:42:31.000,LONG_PENDING_HEDGE,HEDGED_POSITION,hedge_fill,10358.0,10273.0,10443.0,10344.0,72
20260303,60152000,13:42:32.000,HEDGED_POSITION,FLATTENING,reference_invalid_exit,10358.0,10273.0,10443.0,10344.375,70
20260303,60152000,13:42:32.000,FLATTENING,COOLDOWN,reference_invalid_exit,10358.0,10273.0,10443.0,10344.375,72
20260303,60154000,13:42:34.000,COOLDOWN,FLAT_QUOTING,fair_recovered,10345.0,10260.0,10430.0,10344.625,70
20260303,60155000,13:42:35.000,FLAT_QUOTING,LONG_PENDING_HEDGE,target_fill,10345.0,10260.0,10430.0,10343.75,72
20260303,60156000,13:42:36.000,LONG_PENDING_HEDGE,HEDGED_POSITION,hedge_fill,10345.0,10260.0,10430.0,10341.75,72
20260303,60157000,13:42:37.000,HEDGED_POSITION,FLATTENING,reversion_exit,10345.0,10260.0,10430.0,10340.75,70
20260303,60157000,13:42:37.000,FLATTENING,COOLDOWN,reversion_exit,10345.0,10260.0,10430.0,10340.75,72
20260303,60159000,13:42:39.000,COOLDOWN,FLAT_QUOTING,fair_recovered,10342.0,10257.0,10427.0,10342.5,70
20260303,60160000,13:42:40.000,FLAT_QUOTING,LONG_PENDING_HEDGE,target_fill,10342.0,10257.0,10427.0,10342.75,72
20260303,60161000,13:42:41.000,LONG_PENDING_HEDGE,HEDGED_POSITION,hedge_fill,10342.0,10257.0,10427.0,10344.25,72
20260303,60162000,13:42:42.000,HEDGED_POSITION,FLATTENING,reversion_exit,10342.0,10257.0,10427.0,10344.5,70
20260303,60162000,13:42:42.000,FLATTENING,COOLDOWN,reversion_exit,10342.0,10257.0,10427.0,10344.5,72
20260303,60164000,13:42:44.000,COOLDOWN,FLAT_QUOTING,fair_recovered,10346.0,10261.0,10431.0,10345.5,70
20260303,60165000,13:42:45.000,FLAT_QUOTING,LONG_PENDING_HEDGE,target_fill,10346.0,10261.0,10431.0,10345.0,72
20260303,60166000,13:42:46.000,LONG_PENDING_HEDGE,HEDGED_POSITION,hedge_fill,10346.0,10261.0,10431.0,10345.25,72
20260303,60167000,13:42:47.000,HEDGED_POSITION,FLATTENING,reversion_exit,10346.0,10261.0,10431.0,10346.25,70
20260303,60167000,13:42:47.000,FLATTENING,COOLDOWN,reversion_exit,10346.0,10261.0,10431.0,10346.25,72
20260303,60169000,13:42:49.000,COOLDOWN,FLAT_QUOTING,fair_recovered,10346.0,10261.0,10431.0,10346.5,70
20260303,60170000,13:42:50.000,FLAT_QUOTING,LONG_PENDING_HEDGE,target_fill,10346.0,10261.0,10431.0,10346.5,72
20260303,60171000,13:42:51.000,LONG_PENDING_HEDGE,HEDGED_POSITION,hedge_fill,10346.0,10261.0,10431.0,10346.25,72
20260303,60172000,13:42:52.000,HEDGED_POSITION,FLATTENING,reversion_exit,10346.0,10261.0,10431.0,10347.75,70
20260303,60172000,13:42:52.000,FLATTENING,COOLDOWN,reversion_exit,10346.0,10261.0,10431.0,10347.75,72
20260303,60174000,13:42:54.000,COOLDOWN,FLAT_QUOTING,fair_recovered,10346.0,10261.0,10431.0,10346.5,70
20260303,60175000,13:42:55.000,FLAT_QUOTING,LONG_PENDING_HEDGE,target_fill,10346.0,10261.0,10431.0,10347.25,72
20260303,60176000,13:42:56.000,LONG_PENDING_HEDGE,HEDGED_POSITION,hedge_fill,10346.0,10261.0,10431.0,10349.75,72
20260303,60177000,13:42:57.000,HEDGED_POSITION,FLATTENING,reversion_exit,10346.0,10261.0,10431.0,10352.75,70
20260303,60177000,13:42:57.000,FLATTENING,COOLDOWN,reversion_exit,10346.0,10261.0,10431.0,10352.75,72
20260303,60179000,13:42:59.000,COOLDOWN,FLAT_QUOTING,fair_recovered,10354.0,10269.0,10439.0,10353.75,70
20260303,60181000,13:43:01.000,FLAT_QUOTING,LONG_PENDING_HEDGE,target_fill,10354.0,10269.0,10439.0,10350.5,71
20260303,60182000,13:43:02.000,LONG_PENDING_HEDGE,HEDGED_POSITION,hedge_fill,10354.0,10269.0,10439.0,10348.875,70
20260303,60183000,13:43:03.000,HEDGED_POSITION,FLATTENING,reversion_exit,10354.0,10269.0,10439.0,10348.0,70
20260303,60183000,13:43:03.000,FLATTENING,COOLDOWN,reversion_exit,10354.0,10269.0,10439.0,10348.0,72
20260303,60185000,13:43:05.000,COOLDOWN,FLAT_QUOTING,fair_recovered,10348.0,10263.0,10433.0,10348.25,69
20260303,60187000,13:43:07.000,FLAT_QUOTING,LONG_PENDING_HEDGE,target_fill,10348.0,10263.0,10433.0,10347.0,69
20260303,60188000,13:43:08.000,LONG_PENDING_HEDGE,HEDGED_POSITION,hedge_fill,10348.0,10263.0,10433.0,10347.25,70
20260303,60189000,13:43:09.000,HEDGED_POSITION,FLATTENING,reversion_exit,10348.0,10263.0,10433.0,10347.25,68
20260303,60189000,13:43:09.000,FLATTENING,COOLDOWN,reversion_exit,10348.0,10263.0,10433.0,10347.25,70
20260303,60191000,13:43:11.000,COOLDOWN,FLAT_QUOTING,fair_recovered,10350.0,10265.0,10435.0,10350.0,68
20260303,60192000,13:43:12.000,FLAT_QUOTING,LONG_PENDING_HEDGE,target_fill,10350.0,10265.0,10435.0,10350.0,69
20260303,60193000,13:43:13.000,LONG_PENDING_HEDGE,HEDGED_POSITION,hedge_fill,10350.0,10265.0,10435.0,10350.0,70
20260303,60194000,13:43:14.000,HEDGED_POSITION,FLATTENING,reversion_exit,10350.0,10265.0,10435.0,10350.25,68
20260303,60194000,13:43:14.000,FLATTENING,COOLDOWN,reversion_exit,10350.0,10265.0,10435.0,10350.25,70
20260303,60196000,13:43:16.000,COOLDOWN,FLAT_QUOTING,fair_recovered,10357.0,10272.0,10442.0,,68
20260303,60197000,13:43:17.000,FLAT_QUOTING,LONG_PENDING_HEDGE,target_fill,10357.0,10272.0,10442.0,10348.875,69
20260303,60198000,13:43:18.000,LONG_PENDING_HEDGE,HEDGED_POSITION,hedge_fill,10357.0,10272.0,10442.0,10347.5,70
20260303,60199000,13:43:19.000,HEDGED_POSITION,FLATTENING,reversion_exit,10357.0,10272.0,10442.0,10347.75,68
20260303,60199000,13:43:19.000,FLATTENING,COOLDOWN,reversion_exit,10357.0,10272.0,10442.0,10347.75,70
20260303,60201000,13:43:21.000,COOLDOWN,FLAT_QUOTING,fair_recovered,10350.0,10265.0,10435.0,10350.125,68
20260303,60202000,13:43:22.000,FLAT_QUOTING,LONG_PENDING_HEDGE,target_fill,10350.0,10265.0,10435.0,10347.75,69
20260303,60203000,13:43:23.000,LONG_PENDING_HEDGE,HEDGED_POSITION,hedge_fill,10350.0,10265.0,10435.0,10347.75,70
20260303,60204000,13:43:24.000,HEDGED_POSITION,FLATTENING,reversion_exit,10350.0,10265.0,10435.0,10349.125,68
20260303,60204000,13:43:24.000,FLATTENING,COOLDOWN,reversion_exit,10350.0,10265.0,10435.0,10349.125,70
20260303,60206000,13:43:26.000,COOLDOWN,FLAT_QUOTING,fair_recovered,10349.0,10264.0,10434.0,10348.75,68
20260303,60207000,13:43:27.000,FLAT_QUOTING,LONG_PENDING_HEDGE,target_fill,10349.0,10264.0,10434.0,10348.75,69
20260303,60208000,13:43:28.000,LONG_PENDING_HEDGE,HEDGED_POSITION,hedge_fill,10349.0,10264.0,10434.0,10347.625,70
20260303,60209000,13:43:29.000,HEDGED_POSITION,FLATTENING,reversion_exit,10349.0,10264.0,10434.0,10350.0,68
20260303,60209000,13:43:29.000,FLATTENING,COOLDOWN,reversion_exit,10349.0,10264.0,10434.0,10350.0,70
20260303,60211000,13:43:31.000,COOLDOWN,FLAT_QUOTING,fair_recovered,10352.0,10267.0,10437.0,10352.25,68
20260303,60212000,13:43:32.000,FLAT_QUOTING,LONG_PENDING_HEDGE,target_fill,10352.0,10267.0,10437.0,10352.375,69
20260303,60213000,13:43:33.000,LONG_PENDING_HEDGE,HEDGED_POSITION,hedge_fill,10352.0,10267.0,10437.0,,70
20260303,60214000,13:43:34.000,HEDGED_POSITION,FLATTENING,reversion_exit,10352.0,10267.0,10437.0,10349.75,68
20260303,60214000,13:43:34.000,FLATTENING,COOLDOWN,reversion_exit,10352.0,10267.0,10437.0,10349.75,70
20260303,60216000,13:43:36.000,COOLDOWN,FLAT_QUOTING,fair_recovered,10348.0,10263.0,10433.0,10348.5,68
20260303,60217000,13:43:37.000,FLAT_QUOTING,LONG_PENDING_HEDGE,target_fill,10348.0,10263.0,10433.0,10347.0,69
20260303,60218000,13:43:38.000,LONG_PENDING_HEDGE,HEDGED_POSITION,hedge_fill,10348.0,10263.0,10433.0,10347.25,70
20260303,60219000,13:43:39.000,HEDGED_POSITION,FLATTENING,reversion_exit,10348.0,10263.0,10433.0,10347.375,68
20260303,60219000,13:43:39.000,FLATTENING,COOLDOWN,reversion_exit,10348.0,10263.0,10433.0,10347.375,70
20260303,60221000,13:43:41.000,COOLDOWN,FLAT_QUOTING,fair_recovered,10352.0,10267.0,10437.0,,68
20260303,60222000,13:43:42.000,FLAT_QUOTING,LONG_PENDING_HEDGE,target_fill,10352.0,10267.0,10437.0,,69
20260303,60223000,13:43:43.000,LONG_PENDING_HEDGE,HEDGED_POSITION,hedge_fill,10352.0,10267.0,10437.0,10348.75,70
20260303,60224000,13:43:44.000,HEDGED_POSITION,FLATTENING,reversion_exit,10352.0,10267.0,10437.0,10348.5,68
20260303,60224000,13:43:44.000,FLATTENING,COOLDOWN,reversion_exit,10352.0,10267.0,10437.0,10348.5,70
20260303,60226000,13:43:46.000,COOLDOWN,FLAT_QUOTING,fair_recovered,10356.0,10271.0,10441.0,10349.75,68
20260303,60227000,13:43:47.000,FLAT_QUOTING,LONG_PENDING_HEDGE,target_fill,10356.0,10271.0,10441.0,10349.25,69
20260303,60228000,13:43:48.000,LONG_PENDING_HEDGE,HEDGED_POSITION,hedge_fill,10356.0,10271.0,10441.0,10348.75,70
20260303,60229000,13:43:49.000,HEDGED_POSITION,FLATTENING,reversion_exit,10356.0,10271.0,10441.0,10348.75,68
20260303,60229000,13:43:49.000,FLATTENING,COOLDOWN,reversion_exit,10356.0,10271.0,10441.0,10348.75,70
20260303,60231000,13:43:51.000,COOLDOWN,FLAT_QUOTING,fair_recovered,10349.0,10264.0,10434.0,10348.75,68
20260303,60232000,13:43:52.000,FLAT_QUOTING,LONG_PENDING_HEDGE,target_fill,10349.0,10264.0,10434.0,,69
20260303,60233000,13:43:53.000,LONG_PENDING_HEDGE,EMERGENCY_FLATTEN,hedge_quote_timeout,10349.0,10264.0,10434.0,,70
20260303,60233000,13:43:53.000,EMERGENCY_FLATTEN,COOLDOWN,hedge_failure_exit,10349.0,10264.0,10434.0,,71
20260303,60235000,13:43:55.000,COOLDOWN,FLAT_QUOTING,fair_recovered,10353.0,10268.0,10438.0,,68
20260303,60236000,13:43:56.000,FLAT_QUOTING,LONG_PENDING_HEDGE,target_fill,10353.0,10268.0,10438.0,,70
20260303,60237000,13:43:57.000,LONG_PENDING_HEDGE,HEDGED_POSITION,hedge_fill,10353.0,10268.0,10438.0,,69
20260303,60238000,13:43:58.000,HEDGED_POSITION,FLATTENING,reversion_exit,10353.0,10268.0,10438.0,10347.5,69
20260303,60238000,13:43:58.000,FLATTENING,COOLDOWN,reversion_exit,10353.0,10268.0,10438.0,10347.5,71
20260303,60240000,13:44:00.000,COOLDOWN,FLAT_QUOTING,fair_recovered,10353.0,10268.0,10438.0,,69
20260303,60241000,13:44:01.000,FLAT_QUOTING,LONG_PENDING_HEDGE,target_fill,10353.0,10268.0,10438.0,10350.25,71
20260303,60242000,13:44:02.000,LONG_PENDING_HEDGE,HEDGED_POSITION,hedge_fill,10353.0,10268.0,10438.0,10350.75,71
20260303,60243000,13:44:03.000,HEDGED_POSITION,FLATTENING,reference_invalid_exit,10353.0,10268.0,10438.0,10352.0,69
20260303,60243000,13:44:03.000,FLATTENING,COOLDOWN,reference_invalid_exit,10353.0,10268.0,10438.0,10352.0,71
20260303,60245000,13:44:05.000,COOLDOWN,FLAT_QUOTING,fair_recovered,10363.0,10278.0,10448.0,10356.75,69
20260303,60246000,13:44:06.000,FLAT_QUOTING,LONG_PENDING_HEDGE,target_fill,10363.0,10278.0,10448.0,10360.0,72
20260303,60247000,13:44:07.000,LONG_PENDING_HEDGE,HEDGED_POSITION,hedge_fill,10363.0,10278.0,10448.0,10359.5,72
20260303,60248000,13:44:08.000,HEDGED_POSITION,FLATTENING,reversion_exit,10363.0,10278.0,10448.0,10359.75,71
20260303,60248000,13:44:08.000,FLATTENING,COOLDOWN,reversion_exit,10363.0,10278.0,10448.0,10359.75,73
20260303,60250000,13:44:10.000,COOLDOWN,FLAT_QUOTING,fair_recovered,10362.0,10277.0,10447.0,10361.75,71
20260303,60251000,13:44:11.000,FLAT_QUOTING,LONG_PENDING_HEDGE,target_fill,10362.0,10277.0,10447.0,10362.125,72
20260303,60252000,13:44:12.000,LONG_PENDING_HEDGE,HEDGED_POSITION,hedge_fill,10362.0,10277.0,10447.0,10362.25,72
20260303,60253000,13:44:13.000,HEDGED_POSITION,FLATTENING,reversion_exit,10362.0,10277.0,10447.0,10362.0,71
20260303,60253000,13:44:13.000,FLATTENING,COOLDOWN,reversion_exit,10362.0,10277.0,10447.0,10362.0,73
20260303,60255000,13:44:15.000,COOLDOWN,FLAT_QUOTING,fair_recovered,10370.0,10285.0,10455.0,10359.25,71
20260303,60256000,13:44:16.000,FLAT_QUOTING,LONG_PENDING_HEDGE,target_fill,10370.0,10285.0,10455.0,10359.25,72
20260303,60257000,13:44:17.000,LONG_PENDING_HEDGE,HEDGED_POSITION,hedge_fill,10370.0,10285.0,10455.0,10358.75,72
20260303,60258000,13:44:18.000,HEDGED_POSITION,FLATTENING,reversion_exit,10370.0,10285.0,10455.0,10359.75,71
20260303,60258000,13:44:18.000,FLATTENING,COOLDOWN,reversion_exit,10370.0,10285.0,10455.0,10359.75,73
20260303,60260000,13:44:20.000,COOLDOWN,FLAT_QUOTING,fair_recovered,10359.0,10274.0,10444.0,10359.0,71
20260303,60262000,13:44:22.000,FLAT_QUOTING,LONG_PENDING_HEDGE,target_fill,10359.0,10274.0,10444.0,10360.0,71
20260303,60263000,13:44:23.000,LONG_PENDING_HEDGE,HEDGED_POSITION,hedge_fill,10359.0,10274.0,10444.0,10361.25,71
20260303,60264000,13:44:24.000,HEDGED_POSITION,FLATTENING,reversion_exit,10359.0,10274.0,10444.0,10360.0,69
20260303,60264000,13:44:24.000,FLATTENING,COOLDOWN,reversion_exit,10359.0,10274.0,10444.0,10360.0,71
20260303,60266000,13:44:26.000,COOLDOWN,FLAT_QUOTING,fair_recovered,10360.0,10275.0,10445.0,10360.0,69
20260303,60267000,13:44:27.000,FLAT_QUOTING,LONG_PENDING_HEDGE,target_fill,10360.0,10275.0,10445.0,10361.5,71
20260303,60268000,13:44:28.000,LONG_PENDING_HEDGE,HEDGED_POSITION,hedge_fill,10360.0,10275.0,10445.0,10362.375,71
20260303,60269000,13:44:29.000,HEDGED_POSITION,FLATTENING,reversion_exit,10360.0,10275.0,10445.0,10363.0,69
20260303,60269000,13:44:29.000,FLATTENING,COOLDOWN,reversion_exit,10360.0,10275.0,10445.0,10363.0,71
20260303,60271000,13:44:31.000,COOLDOWN,FLAT_QUOTING,fair_recovered,10362.0,10277.0,10447.0,10362.5,69
20260303,60272000,13:44:32.000,FLAT_QUOTING,LONG_PENDING_HEDGE,target_fill,10362.0,10277.0,10447.0,10363.5,71
20260303,60273000,13:44:33.000,LONG_PENDING_HEDGE,HEDGED_POSITION,hedge_fill,10362.0,10277.0,10447.0,10363.5,71
20260303,60274000,13:44:34.000,HEDGED_POSITION,FLATTENING,reversion_exit,10362.0,10277.0,10447.0,10364.0,69
20260303,60274000,13:44:34.000,FLATTENING,COOLDOWN,reversion_exit,10362.0,10277.0,10447.0,10364.0,71
20260303,60276000,13:44:36.000,COOLDOWN,FLAT_QUOTING,fair_recovered,10362.0,10277.0,10447.0,10362.0,69
20260303,60277000,13:44:37.000,FLAT_QUOTING,LONG_PENDING_HEDGE,target_fill,10362.0,10277.0,10447.0,10361.75,71
20260303,60278000,13:44:38.000,LONG_PENDING_HEDGE,HEDGED_POSITION,hedge_fill,10362.0,10277.0,10447.0,10361.75,71
20260303,60279000,13:44:39.000,HEDGED_POSITION,FLATTENING,reversion_exit,10362.0,10277.0,10447.0,10362.0,69
20260303,60279000,13:44:39.000,FLATTENING,COOLDOWN,reversion_exit,10362.0,10277.0,10447.0,10362.0,71
20260303,60281000,13:44:41.000,COOLDOWN,FLAT_QUOTING,fair_recovered,10362.0,10277.0,10447.0,10362.5,69
20260303,60282000,13:44:42.000,FLAT_QUOTING,LONG_PENDING_HEDGE,target_fill,10362.0,10277.0,10447.0,10362.25,71
20260303,60283000,13:44:43.000,LONG_PENDING_HEDGE,HEDGED_POSITION,hedge_fill,10362.0,10277.0,10447.0,10362.0,71
20260303,60284000,13:44:44.000,HEDGED_POSITION,FLATTENING,reversion_exit,10362.0,10277.0,10447.0,10362.25,69
20260303,60284000,13:44:44.000,FLATTENING,COOLDOWN,reversion_exit,10362.0,10277.0,10447.0,10362.25,71
20260303,60286000,13:44:46.000,COOLDOWN,FLAT_QUOTING,fair_recovered,10363.0,10278.0,10448.0,10362.75,69
20260303,60287000,13:44:47.000,FLAT_QUOTING,LONG_PENDING_HEDGE,target_fill,10363.0,10278.0,10448.0,10363.25,71
20260303,60288000,13:44:48.000,LONG_PENDING_HEDGE,HEDGED_POSITION,hedge_fill,10363.0,10278.0,10448.0,,71
20260303,60289000,13:44:49.000,HEDGED_POSITION,FLATTENING,reference_invalid_exit,10363.0,10278.0,10448.0,,69
20260303,60289000,13:44:49.000,FLATTENING,COOLDOWN,reference_invalid_exit,10363.0,10278.0,10448.0,,71
20260303,60291000,13:44:51.000,COOLDOWN,FLAT_QUOTING,fair_recovered,10368.0,10283.0,10453.0,,69
20260303,60292000,13:44:52.000,FLAT_QUOTING,LONG_PENDING_HEDGE,target_fill,10368.0,10283.0,10453.0,,71
20260303,60293000,13:44:53.000,LONG_PENDING_HEDGE,EMERGENCY_FLATTEN,hedge_quote_timeout,10368.0,10283.0,10453.0,,70
20260303,60293000,13:44:53.000,EMERGENCY_FLATTEN,COOLDOWN,hedge_failure_exit,10368.0,10283.0,10453.0,,71
20260303,60295000,13:44:55.000,COOLDOWN,PAUSED,capital_or_hedge_quote_guard,10368.0,10283.0,10453.0,,69
20260303,60296000,13:44:56.000,PAUSED,PAUSED,capital_or_hedge_quote_guard,10368.0,10283.0,10453.0,,68
20260303,60297000,13:44:57.000,PAUSED,FLAT_QUOTING,fair_recovered,10362.0,10277.0,10447.0,10362.5,67
20260303,60298000,13:44:58.000,FLAT_QUOTING,LONG_PENDING_HEDGE,target_fill,10362.0,10277.0,10447.0,10363.0,68
20260303,60299000,13:44:59.000,LONG_PENDING_HEDGE,HEDGED_POSITION,hedge_fill,10362.0,10277.0,10447.0,10363.0,69
20260303,60300000,13:45:00.000,HEDGED_POSITION,FLATTENING,reversion_exit,10362.0,10277.0,10447.0,10363.0,67
20260303,60300000,13:45:00.000,FLATTENING,COOLDOWN,reversion_exit,10362.0,10277.0,10447.0,10363.0,69
20260303,60302000,13:45:02.000,COOLDOWN,FLAT_QUOTING,fair_recovered,10363.0,10278.0,10448.0,10363.25,67
20260303,60303000,13:45:03.000,FLAT_QUOTING,LONG_PENDING_HEDGE,target_fill,10363.0,10278.0,10448.0,10362.625,68
20260303,60304000,13:45:04.000,LONG_PENDING_HEDGE,HEDGED_POSITION,hedge_fill,10363.0,10278.0,10448.0,10362.0,69
20260303,60305000,13:45:05.000,HEDGED_POSITION,FLATTENING,reversion_exit,10363.0,10278.0,10448.0,10359.75,67
20260303,60305000,13:45:05.000,FLATTENING,COOLDOWN,reversion_exit,10363.0,10278.0,10448.0,10359.75,69
20260303,60307000,13:45:07.000,COOLDOWN,FLAT_QUOTING,fair_recovered,10359.0,10274.0,10444.0,10358.75,67
20260303,60308000,13:45:08.000,FLAT_QUOTING,LONG_PENDING_HEDGE,target_fill,10359.0,10274.0,10444.0,10357.25,68
20260303,60309000,13:45:09.000,LONG_PENDING_HEDGE,HEDGED_POSITION,hedge_fill,10359.0,10274.0,10444.0,10356.5,69
20260303,60310000,13:45:10.000,HEDGED_POSITION,FLATTENING,reversion_exit,10359.0,10274.0,10444.0,10356.25,67
20260303,60310000,13:45:10.000,FLATTENING,COOLDOWN,reversion_exit,10359.0,10274.0,10444.0,10356.25,69
20260303,60312000,13:45:12.000,COOLDOWN,FLAT_QUOTING,fair_recovered,10354.0,10269.0,10439.0,10354.25,67
20260303,60313000,13:45:13.000,FLAT_QUOTING,LONG_PENDING_HEDGE,target_fill,10354.0,10269.0,10439.0,10354.0,68
20260303,60314000,13:45:14.000,LONG_PENDING_HEDGE,HEDGED_POSITION,hedge_fill,10354.0,10269.0,10439.0,10353.75,69
20260303,60315000,13:45:15.000,HEDGED_POSITION,FLATTENING,reversion_exit,10354.0,10269.0,10439.0,10353.625,67
20260303,60315000,13:45:15.000,FLATTENING,COOLDOWN,reversion_exit,10354.0,10269.0,10439.0,10353.625,69
20260303,60317000,13:45:17.000,COOLDOWN,FLAT_QUOTING,fair_recovered,10356.0,10271.0,10441.0,10356.5,67
20260303,60318000,13:45:18.000,FLAT_QUOTING,LONG_PENDING_HEDGE,target_fill,10356.0,10271.0,10441.0,10357.0,68
20260303,60319000,13:45:19.000,LONG_PENDING_HEDGE,HEDGED_POSITION,hedge_fill,10356.0,10271.0,10441.0,10357.125,69
20260303,60320000,13:45:20.000,HEDGED_POSITION,FLATTENING,reversion_exit,10356.0,10271.0,10441.0,10357.0,67
20260303,60320000,13:45:20.000,FLATTENING,COOLDOWN,reversion_exit,10356.0,10271.0,10441.0,10357.0,69
20260303,60322000,13:45:22.000,COOLDOWN,FLAT_QUOTING,fair_recovered,10356.0,10271.0,10441.0,10356.0,68
20260303,60323000,13:45:23.000,FLAT_QUOTING,LONG_PENDING_HEDGE,target_fill,10356.0,10271.0,10441.0,10355.0,70
20260303,60324000,13:45:24.000,LONG_PENDING_HEDGE,HEDGED_POSITION,hedge_fill,10356.0,10271.0,10441.0,10355.75,69
20260303,60325000,13:45:25.000,HEDGED_POSITION,FLATTENING,reversion_exit,10356.0,10271.0,10441.0,10356.25,69
20260303,60325000,13:45:25.000,FLATTENING,COOLDOWN,reversion_exit,10356.0,10271.0,10441.0,10356.25,71
20260303,60327000,13:45:27.000,COOLDOWN,FLAT_QUOTING,fair_recovered,10357.0,10272.0,10442.0,10356.75,68
20260303,60328000,13:45:28.000,FLAT_QUOTING,LONG_PENDING_HEDGE,target_fill,10357.0,10272.0,10442.0,10357.25,70
20260303,60329000,13:45:29.000,LONG_PENDING_HEDGE,HEDGED_POSITION,hedge_fill,10357.0,10272.0,10442.0,10358.75,69
20260303,60330000,13:45:30.000,HEDGED_POSITION,FLATTENING,reversion_exit,10357.0,10272.0,10442.0,10358.5,69
20260303,60330000,13:45:30.000,FLATTENING,COOLDOWN,reversion_exit,10357.0,10272.0,10442.0,10358.5,71
20260303,60332000,13:45:32.000,COOLDOWN,FLAT_QUOTING,fair_recovered,10361.0,10276.0,10446.0,10361.0,68
20260303,60333000,13:45:33.000,FLAT_QUOTING,LONG_PENDING_HEDGE,target_fill,10361.0,10276.0,10446.0,10361.0,70
20260303,60334000,13:45:34.000,LONG_PENDING_HEDGE,HEDGED_POSITION,hedge_fill,10361.0,10276.0,10446.0,10361.0,69
20260303,60335000,13:45:35.000,HEDGED_POSITION,FLATTENING,reversion_exit,10361.0,10276.0,10446.0,10361.75,69
20260303,60335000,13:45:35.000,FLATTENING,COOLDOWN,reversion_exit,10361.0,10276.0,10446.0,10361.75,71
20260303,60337000,13:45:37.000,COOLDOWN,FLAT_QUOTING,fair_recovered,10360.0,10275.0,10445.0,10360.25,68
20260303,60338000,13:45:38.000,FLAT_QUOTING,LONG_PENDING_HEDGE,target_fill,10360.0,10275.0,10445.0,10360.0,70
20260303,60339000,13:45:39.000,LONG_PENDING_HEDGE,HEDGED_POSITION,hedge_fill,10360.0,10275.0,10445.0,10361.25,69
20260303,60340000,13:45:40.000,HEDGED_POSITION,FLATTENING,reversion_exit,10360.0,10275.0,10445.0,10362.75,69
20260303,60340000,13:45:40.000,FLATTENING,COOLDOWN,reversion_exit,10360.0,10275.0,10445.0,10362.75,71
20260303,60342000,13:45:42.000,COOLDOWN,FLAT_QUOTING,fair_recovered,10363.0,10278.0,10448.0,10362.875,68
20260303,60343000,13:45:43.000,FLAT_QUOTING,LONG_PENDING_HEDGE,target_fill,10363.0,10278.0,10448.0,10364.25,70
20260303,60344000,13:45:44.000,LONG_PENDING_HEDGE,HEDGED_POSITION,hedge_fill,10363.0,10278.0,10448.0,10363.25,69
20260303,60345000,13:45:45.000,HEDGED_POSITION,FLATTENING,reversion_exit,10363.0,10278.0,10448.0,10359.75,69
20260303,60345000,13:45:45.000,FLATTENING,COOLDOWN,reversion_exit,10363.0,10278.0,10448.0,10359.75,71
20260303,60347000,13:45:47.000,COOLDOWN,FLAT_QUOTING,fair_recovered,10356.0,10271.0,10441.0,10355.5,68
20260303,60348000,13:45:48.000,FLAT_QUOTING,LONG_PENDING_HEDGE,target_fill,10356.0,10271.0,10441.0,10355.75,70
20260303,60349000,13:45:49.000,LONG_PENDING_HEDGE,HEDGED_POSITION,hedge_fill,10356.0,10271.0,10441.0,10355.75,69
20260303,60350000,13:45:50.000,HEDGED_POSITION,FLATTENING,reversion_exit,10356.0,10271.0,10441.0,10355.75,69
20260303,60350000,13:45:50.000,FLATTENING,COOLDOWN,reversion_exit,10356.0,10271.0,10441.0,10355.75,71
20260303,60352000,13:45:52.000,COOLDOWN,FLAT_QUOTING,fair_recovered,10354.0,10269.0,10439.0,10354.25,68
20260303,60353000,13:45:53.000,FLAT_QUOTING,LONG_PENDING_HEDGE,target_fill,10354.0,10269.0,10439.0,10355.25,69
20260303,60354000,13:45:54.000,LONG_PENDING_HEDGE,HEDGED_POSITION,hedge_fill,10354.0,10269.0,10439.0,10356.0,70
20260303,60355000,13:45:55.000,HEDGED_POSITION,FLATTENING,reversion_exit,10354.0,10269.0,10439.0,10356.5,70
20260303,60355000,13:45:55.000,FLATTENING,COOLDOWN,reversion_exit,10354.0,10269.0,10439.0,10356.5,72
20260303,60357000,13:45:57.000,COOLDOWN,FLAT_QUOTING,fair_recovered,10356.0,10271.0,10441.0,,70
20260303,60358000,13:45:58.000,FLAT_QUOTING,LONG_PENDING_HEDGE,target_fill,10356.0,10271.0,10441.0,,72
20260303,60359000,13:45:59.000,LONG_PENDING_HEDGE,HEDGED_POSITION,hedge_fill,10356.0,10271.0,10441.0,,72
20260303,60360000,13:46:00.000,HEDGED_POSITION,FLATTENING,reference_invalid_exit,10356.0,10271.0,10441.0,,70
20260303,60360000,13:46:00.000,FLATTENING,COOLDOWN,reference_invalid_exit,10356.0,10271.0,10441.0,,72
20260303,60362000,13:46:02.000,COOLDOWN,FLAT_QUOTING,fair_recovered,10360.0,10275.0,10445.0,,70
20260303,60363000,13:46:03.000,FLAT_QUOTING,LONG_PENDING_HEDGE,target_fill,10360.0,10275.0,10445.0,,72
20260303,60364000,13:46:04.000,LONG_PENDING_HEDGE,HEDGED_POSITION,hedge_fill,10360.0,10275.0,10445.0,,72
20260303,60365000,13:46:05.000,HEDGED_POSITION,FLATTENING,reference_invalid_exit,10360.0,10275.0,10445.0,,70
20260303,60365000,13:46:05.000,FLATTENING,COOLDOWN,reference_invalid_exit,10360.0,10275.0,10445.0,,72
20260303,60367000,13:46:07.000,COOLDOWN,FLAT_QUOTING,fair_recovered,10359.0,10274.0,10444.0,,70
20260303,60368000,13:46:08.000,FLAT_QUOTING,LONG_PENDING_HEDGE,target_fill,10359.0,10274.0,10444.0,,72
20260303,60369000,13:46:09.000,LONG_PENDING_HEDGE,HEDGED_POSITION,hedge_fill,10359.0,10274.0,10444.0,,72
20260303,60370000,13:46:10.000,HEDGED_POSITION,FLATTENING,reversion_exit,10359.0,10274.0,10444.0,10358.5,70
20260303,60370000,13:46:10.000,FLATTENING,COOLDOWN,reversion_exit,10359.0,10274.0,10444.0,10358.5,72
20260303,60372000,13:46:12.000,COOLDOWN,FLAT_QUOTING,fair_recovered,10359.0,10274.0,10444.0,10359.25,70
20260303,60373000,13:46:13.000,FLAT_QUOTING,LONG_PENDING_HEDGE,target_fill,10359.0,10274.0,10444.0,,72
20260303,60374000,13:46:14.000,LONG_PENDING_HEDGE,HEDGED_POSITION,hedge_fill,10359.0,10274.0,10444.0,,72
20260303,60375000,13:46:15.000,HEDGED_POSITION,FLATTENING,reversion_exit,10359.0,10274.0,10444.0,10357.75,70
20260303,60375000,13:46:15.000,FLATTENING,COOLDOWN,reversion_exit,10359.0,10274.0,10444.0,10357.75,72
20260303,60377000,13:46:17.000,COOLDOWN,FLAT_QUOTING,fair_recovered,10358.0,10273.0,10443.0,10358.0,70
20260303,60378000,13:46:18.000,FLAT_QUOTING,LONG_PENDING_HEDGE,target_fill,10358.0,10273.0,10443.0,10357.75,72
20260303,60379000,13:46:19.000,LONG_PENDING_HEDGE,HEDGED_POSITION,hedge_fill,10358.0,10273.0,10443.0,10357.75,72
20260303,60380000,13:46:20.000,HEDGED_POSITION,FLATTENING,reversion_exit,10358.0,10273.0,10443.0,10358.75,70
20260303,60380000,13:46:20.000,FLATTENING,COOLDOWN,reversion_exit,10358.0,10273.0,10443.0,10358.75,72
20260303,60382000,13:46:22.000,COOLDOWN,FLAT_QUOTING,fair_recovered,10359.0,10274.0,10444.0,10358.75,70
20260303,60383000,13:46:23.000,FLAT_QUOTING,LONG_PENDING_HEDGE,target_fill,10359.0,10274.0,10444.0,10358.5,72
20260303,60384000,13:46:24.000,LONG_PENDING_HEDGE,HEDGED_POSITION,hedge_fill,10359.0,10274.0,10444.0,10359.5,72
20260303,60385000,13:46:25.000,HEDGED_POSITION,FLATTENING,reversion_exit,10359.0,10274.0,10444.0,10360.25,70
20260303,60385000,13:46:25.000,FLATTENING,COOLDOWN,reversion_exit,10359.0,10274.0,10444.0,10360.25,72
20260303,60387000,13:46:27.000,COOLDOWN,FLAT_QUOTING,fair_recovered,10359.0,10274.0,10444.0,10359.0,70
20260303,60388000,13:46:28.000,FLAT_QUOTING,LONG_PENDING_HEDGE,target_fill,10359.0,10274.0,10444.0,10358.75,72
20260303,60389000,13:46:29.000,LONG_PENDING_HEDGE,HEDGED_POSITION,hedge_fill,10359.0,10274.0,10444.0,10359.25,72
20260303,60390000,13:46:30.000,HEDGED_POSITION,FLATTENING,reversion_exit,10359.0,10274.0,10444.0,10360.25,70
20260303,60390000,13:46:30.000,FLATTENING,COOLDOWN,reversion_exit,10359.0,10274.0,10444.0,10360.25,72
20260303,60392000,13:46:32.000,COOLDOWN,FLAT_QUOTING,fair_recovered,10359.0,10274.0,10444.0,10359.0,70
20260303,60393000,13:46:33.000,FLAT_QUOTING,LONG_PENDING_HEDGE,target_fill,10359.0,10274.0,10444.0,10359.0,72
20260303,60394000,13:46:34.000,LONG_PENDING_HEDGE,HEDGED_POSITION,hedge_fill,10359.0,10274.0,10444.0,10358.75,72
20260303,60395000,13:46:35.000,HEDGED_POSITION,FLATTENING,reversion_exit,10359.0,10274.0,10444.0,10359.0,70
20260303,60395000,13:46:35.000,FLATTENING,COOLDOWN,reversion_exit,10359.0,10274.0,10444.0,10359.0,72
20260303,60397000,13:46:37.000,COOLDOWN,FLAT_QUOTING,fair_recovered,10359.0,10274.0,10444.0,10359.0,70
20260303,60398000,13:46:38.000,FLAT_QUOTING,LONG_PENDING_HEDGE,target_fill,10359.0,10274.0,10444.0,10359.875,72
20260303,60399000,13:46:39.000,LONG_PENDING_HEDGE,HEDGED_POSITION,hedge_fill,10359.0,10274.0,10444.0,10358.75,72
20260303,60400000,13:46:40.000,HEDGED_POSITION,FLATTENING,reversion_exit,10359.0,10274.0,10444.0,10358.25,70
20260303,60400000,13:46:40.000,FLATTENING,COOLDOWN,reversion_exit,10359.0,10274.0,10444.0,10358.25,72
20260303,60402000,13:46:42.000,COOLDOWN,FLAT_QUOTING,fair_recovered,10359.0,10274.0,10444.0,10359.0,70
20260303,60403000,13:46:43.000,FLAT_QUOTING,LONG_PENDING_HEDGE,target_fill,10359.0,10274.0,10444.0,10359.25,72
20260303,60404000,13:46:44.000,LONG_PENDING_HEDGE,HEDGED_POSITION,hedge_fill,10359.0,10274.0,10444.0,10358.25,72
20260303,60405000,13:46:45.000,HEDGED_POSITION,FLATTENING,reversion_exit,10359.0,10274.0,10444.0,10358.25,70
20260303,60405000,13:46:45.000,FLATTENING,COOLDOWN,reversion_exit,10359.0,10274.0,10444.0,10358.25,72
20260303,60407000,13:46:47.000,COOLDOWN,FLAT_QUOTING,fair_recovered,10358.0,10273.0,10443.0,10358.5,70
20260303,60408000,13:46:48.000,FLAT_QUOTING,LONG_PENDING_HEDGE,target_fill,10358.0,10273.0,10443.0,10358.25,72
20260303,60409000,13:46:49.000,LONG_PENDING_HEDGE,HEDGED_POSITION,hedge_fill,10358.0,10273.0,10443.0,10357.625,72
20260303,60410000,13:46:50.000,HEDGED_POSITION,FLATTENING,reversion_exit,10358.0,10273.0,10443.0,10357.5,70
20260303,60410000,13:46:50.000,FLATTENING,COOLDOWN,reversion_exit,10358.0,10273.0,10443.0,10357.5,72
20260303,60412000,13:46:52.000,COOLDOWN,FLAT_QUOTING,fair_recovered,10356.0,10271.0,10441.0,10356.0,70
20260303,60413000,13:46:53.000,FLAT_QUOTING,LONG_PENDING_HEDGE,target_fill,10356.0,10271.0,10441.0,10355.0,72
20260303,60414000,13:46:54.000,LONG_PENDING_HEDGE,HEDGED_POSITION,hedge_fill,10356.0,10271.0,10441.0,10355.0,72
20260303,60415000,13:46:55.000,HEDGED_POSITION,FLATTENING,reversion_exit,10356.0,10271.0,10441.0,10354.0,70
20260303,60415000,13:46:55.000,FLATTENING,COOLDOWN,reversion_exit,10356.0,10271.0,10441.0,10354.0,72
20260303,60417000,13:46:57.000,COOLDOWN,FLAT_QUOTING,fair_recovered,10354.0,10269.0,10439.0,10354.125,70
20260303,60418000,13:46:58.000,FLAT_QUOTING,LONG_PENDING_HEDGE,target_fill,10354.0,10269.0,10439.0,10354.25,72
20260303,60419000,13:46:59.000,LONG_PENDING_HEDGE,HEDGED_POSITION,hedge_fill,10354.0,10269.0,10439.0,10353.0,72
20260303,60420000,13:47:00.000,HEDGED_POSITION,FLATTENING,reversion_exit,10354.0,10269.0,10439.0,10353.25,70
20260303,60420000,13:47:00.000,FLATTENING,COOLDOWN,reversion_exit,10354.0,10269.0,10439.0,10353.25,72
20260303,60422000,13:47:02.000,COOLDOWN,FLAT_QUOTING,fair_recovered,10358.0,10273.0,10443.0,10358.125,70
20260303,60423000,13:47:03.000,FLAT_QUOTING,LONG_PENDING_HEDGE,target_fill,10358.0,10273.0,10443.0,10358.25,72
20260303,60424000,13:47:04.000,LONG_PENDING_HEDGE,HEDGED_POSITION,hedge_fill,10358.0,10273.0,10443.0,10359.0,72
20260303,60425000,13:47:05.000,HEDGED_POSITION,FLATTENING,reversion_exit,10358.0,10273.0,10443.0,10359.125,70
20260303,60425000,13:47:05.000,FLATTENING,COOLDOWN,reversion_exit,10358.0,10273.0,10443.0,10359.125,72
20260303,60427000,13:47:07.000,COOLDOWN,FLAT_QUOTING,fair_recovered,10359.0,10274.0,10444.0,10359.0,70
20260303,60428000,13:47:08.000,FLAT_QUOTING,LONG_PENDING_HEDGE,target_fill,10359.0,10274.0,10444.0,10359.25,72
20260303,60429000,13:47:09.000,LONG_PENDING_HEDGE,HEDGED_POSITION,hedge_fill,10359.0,10274.0,10444.0,10359.75,72
20260303,60430000,13:47:10.000,HEDGED_POSITION,FLATTENING,reversion_exit,10359.0,10274.0,10444.0,10359.75,70
20260303,60430000,13:47:10.000,FLATTENING,COOLDOWN,reversion_exit,10359.0,10274.0,10444.0,10359.75,72
20260303,60432000,13:47:12.000,COOLDOWN,FLAT_QUOTING,fair_recovered,10357.0,10272.0,10442.0,10356.875,70
20260303,60433000,13:47:13.000,FLAT_QUOTING,LONG_PENDING_HEDGE,target_fill,10357.0,10272.0,10442.0,10356.5,72
20260303,60434000,13:47:14.000,LONG_PENDING_HEDGE,HEDGED_POSITION,hedge_fill,10357.0,10272.0,10442.0,10356.5,72
20260303,60436000,13:47:16.000,HEDGED_POSITION,FLATTENING,reversion_exit,10357.0,10272.0,10442.0,10356.75,70
20260303,60436000,13:47:16.000,FLATTENING,COOLDOWN,reversion_exit,10357.0,10272.0,10442.0,10356.75,72
20260303,60438000,13:47:18.000,COOLDOWN,FLAT_QUOTING,fair_recovered,10357.0,10272.0,10442.0,10357.0,69
20260303,60439000,13:47:19.000,FLAT_QUOTING,LONG_PENDING_HEDGE,target_fill,10357.0,10272.0,10442.0,10355.5,71
20260303,60440000,13:47:20.000,LONG_PENDING_HEDGE,HEDGED_POSITION,hedge_fill,10357.0,10272.0,10442.0,10355.125,70
20260303,60441000,13:47:21.000,HEDGED_POSITION,FLATTENING,reversion_exit,10357.0,10272.0,10442.0,10355.75,70
20260303,60441000,13:47:21.000,FLATTENING,COOLDOWN,reversion_exit,10357.0,10272.0,10442.0,10355.75,72
20260303,60443000,13:47:23.000,COOLDOWN,FLAT_QUOTING,fair_recovered,10356.0,10271.0,10441.0,10356.0,69
20260303,60444000,13:47:24.000,FLAT_QUOTING,LONG_PENDING_HEDGE,target_fill,10356.0,10271.0,10441.0,10356.0,71
20260303,60445000,13:47:25.000,LONG_PENDING_HEDGE,HEDGED_POSITION,hedge_fill,10356.0,10271.0,10441.0,10350.75,70
20260303,60446000,13:47:26.000,HEDGED_POSITION,FLATTENING,reference_invalid_exit,10356.0,10271.0,10441.0,,70
20260303,60446000,13:47:26.000,FLATTENING,COOLDOWN,reference_invalid_exit,10356.0,10271.0,10441.0,,72
20260303,60448000,13:47:28.000,COOLDOWN,FLAT_QUOTING,fair_recovered,10355.0,10270.0,10440.0,10351.25,69
20260303,60449000,13:47:29.000,FLAT_QUOTING,LONG_PENDING_HEDGE,target_fill,10355.0,10270.0,10440.0,10349.75,71
20260303,60450000,13:47:30.000,LONG_PENDING_HEDGE,HEDGED_POSITION,hedge_fill,10355.0,10270.0,10440.0,10350.25,70
20260303,60451000,13:47:31.000,HEDGED_POSITION,FLATTENING,reversion_exit,10355.0,10270.0,10440.0,10350.25,70
20260303,60451000,13:47:31.000,FLATTENING,COOLDOWN,reversion_exit,10355.0,10270.0,10440.0,10350.25,72
20260303,60453000,13:47:33.000,COOLDOWN,FLAT_QUOTING,fair_recovered,10355.0,10270.0,10440.0,,69
20260303,60454000,13:47:34.000,FLAT_QUOTING,LONG_PENDING_HEDGE,target_fill,10355.0,10270.0,10440.0,,71
20260303,60455000,13:47:35.000,LONG_PENDING_HEDGE,HEDGED_POSITION,hedge_fill,10355.0,10270.0,10440.0,10353.0,70
20260303,60456000,13:47:36.000,HEDGED_POSITION,FLATTENING,reversion_exit,10355.0,10270.0,10440.0,10353.0,70
20260303,60456000,13:47:36.000,FLATTENING,COOLDOWN,reversion_exit,10355.0,10270.0,10440.0,10353.0,72
20260303,60458000,13:47:38.000,COOLDOWN,FLAT_QUOTING,fair_recovered,10352.0,10267.0,10437.0,10352.5,69
20260303,60459000,13:47:39.000,FLAT_QUOTING,LONG_PENDING_HEDGE,target_fill,10352.0,10267.0,10437.0,10352.0,71
20260303,60460000,13:47:40.000,LONG_PENDING_HEDGE,HEDGED_POSITION,hedge_fill,10352.0,10267.0,10437.0,10352.75,70
20260303,60461000,13:47:41.000,HEDGED_POSITION,FLATTENING,reversion_exit,10352.0,10267.0,10437.0,10353.0,70
20260303,60461000,13:47:41.000,FLATTENING,COOLDOWN,reversion_exit,10352.0,10267.0,10437.0,10353.0,72
20260303,60464000,13:47:44.000,COOLDOWN,FLAT_QUOTING,fair_recovered,10352.0,10267.0,10437.0,10351.5,68
20260303,60465000,13:47:45.000,FLAT_QUOTING,LONG_PENDING_HEDGE,target_fill,10352.0,10267.0,10437.0,10352.5,69
20260303,60466000,13:47:46.000,LONG_PENDING_HEDGE,HEDGED_POSITION,hedge_fill,10352.0,10267.0,10437.0,10352.75,70
20260303,60467000,13:47:47.000,HEDGED_POSITION,FLATTENING,reference_invalid_exit,10352.0,10267.0,10437.0,10352.5,68
20260303,60467000,13:47:47.000,FLATTENING,COOLDOWN,reference_invalid_exit,10352.0,10267.0,10437.0,10352.5,70
20260303,60469000,13:47:49.000,COOLDOWN,FLAT_QUOTING,fair_recovered,10357.0,10272.0,10442.0,10354.125,68
20260303,60470000,13:47:50.000,FLAT_QUOTING,LONG_PENDING_HEDGE,target_fill,10357.0,10272.0,10442.0,10354.0,69
20260303,60471000,13:47:51.000,LONG_PENDING_HEDGE,HEDGED_POSITION,hedge_fill,10357.0,10272.0,10442.0,10352.75,70
20260303,60472000,13:47:52.000,HEDGED_POSITION,FLATTENING,reference_invalid_exit,10357.0,10272.0,10442.0,10352.75,68
20260303,60472000,13:47:52.000,FLATTENING,COOLDOWN,reference_invalid_exit,10357.0,10272.0,10442.0,10352.75,70
20260303,60474000,13:47:54.000,COOLDOWN,PAUSED,capital_or_hedge_quote_guard,10357.0,10272.0,10442.0,,68
20260303,60475000,13:47:55.000,PAUSED,FLAT_QUOTING,fair_recovered,10360.0,10275.0,10445.0,10354.25,66
20260303,60476000,13:47:56.000,FLAT_QUOTING,LONG_PENDING_HEDGE,target_fill,10360.0,10275.0,10445.0,10355.0,69
20260303,60477000,13:47:57.000,LONG_PENDING_HEDGE,HEDGED_POSITION,hedge_fill,10360.0,10275.0,10445.0,10355.0,68
20260303,60478000,13:47:58.000,HEDGED_POSITION,FLATTENING,reference_invalid_exit,10360.0,10275.0,10445.0,10355.5,67
20260303,60478000,13:47:58.000,FLATTENING,COOLDOWN,reference_invalid_exit,10360.0,10275.0,10445.0,10355.5,69
20260303,60480000,13:48:00.000,COOLDOWN,FLAT_QUOTING,fair_recovered,10362.0,10277.0,10447.0,10356.0,66
20260303,60481000,13:48:01.000,FLAT_QUOTING,LONG_PENDING_HEDGE,target_fill,10362.0,10277.0,10447.0,10356.0,69
20260303,60482000,13:48:02.000,LONG_PENDING_HEDGE,HEDGED_POSITION,hedge_fill,10362.0,10277.0,10447.0,10357.25,68
20260303,60483000,13:48:03.000,HEDGED_POSITION,FLATTENING,reference_invalid_exit,10362.0,10277.0,10447.0,10357.75,67
20260303,60483000,13:48:03.000,FLATTENING,COOLDOWN,reference_invalid_exit,10362.0,10277.0,10447.0,10357.75,69
20260303,60485000,13:48:05.000,COOLDOWN,FLAT_QUOTING,fair_recovered,10358.0,10273.0,10443.0,10357.5,66
20260303,60486000,13:48:06.000,FLAT_QUOTING,LONG_PENDING_HEDGE,target_fill,10358.0,10273.0,10443.0,10356.5,69
20260303,60487000,13:48:07.000,LONG_PENDING_HEDGE,HEDGED_POSITION,hedge_fill,10358.0,10273.0,10443.0,10357.0,68
20260303,60488000,13:48:08.000,HEDGED_POSITION,FLATTENING,reference_invalid_exit,10358.0,10273.0,10443.0,10356.75,67
20260303,60488000,13:48:08.000,FLATTENING,COOLDOWN,reference_invalid_exit,10358.0,10273.0,10443.0,10356.75,69
20260303,60490000,13:48:10.000,COOLDOWN,FLAT_QUOTING,fair_recovered,10363.0,10278.0,10448.0,10356.75,66
20260303,60491000,13:48:11.000,FLAT_QUOTING,LONG_PENDING_HEDGE,target_fill,10363.0,10278.0,10448.0,10358.5,69
20260303,60492000,13:48:12.000,LONG_PENDING_HEDGE,HEDGED_POSITION,hedge_fill,10363.0,10278.0,10448.0,10358.5,68
20260303,60493000,13:48:13.000,HEDGED_POSITION,FLATTENING,reference_invalid_exit,10363.0,10278.0,10448.0,10359.5,67
20260303,60493000,13:48:13.000,FLATTENING,COOLDOWN,reference_invalid_exit,10363.0,10278.0,10448.0,10359.5,69
20260303,60495000,13:48:15.000,COOLDOWN,FLAT_QUOTING,fair_recovered,10362.0,10277.0,10447.0,10361.5,68
20260303,60496000,13:48:16.000,FLAT_QUOTING,LONG_PENDING_HEDGE,target_fill,10362.0,10277.0,10447.0,10360.5,69
20260303,60497000,13:48:17.000,LONG_PENDING_HEDGE,HEDGED_POSITION,hedge_fill,10362.0,10277.0,10447.0,10360.25,70
20260303,60498000,13:48:18.000,HEDGED_POSITION,FLATTENING,reference_invalid_exit,10362.0,10277.0,10447.0,10359.75,68
20260303,60498000,13:48:18.000,FLATTENING,COOLDOWN,reference_invalid_exit,10362.0,10277.0,10447.0,10359.75,70
20260303,60500000,13:48:20.000,COOLDOWN,FLAT_QUOTING,fair_recovered,10368.0,10283.0,10453.0,10358.5,68
20260303,60501000,13:48:21.000,FLAT_QUOTING,LONG_PENDING_HEDGE,target_fill,10368.0,10283.0,10453.0,10358.75,69
20260303,60502000,13:48:22.000,LONG_PENDING_HEDGE,HEDGED_POSITION,hedge_fill,10368.0,10283.0,10453.0,10359.25,70
20260303,60503000,13:48:23.000,HEDGED_POSITION,FLATTENING,reference_invalid_exit,10368.0,10283.0,10453.0,10357.5,68
20260303,60503000,13:48:23.000,FLATTENING,COOLDOWN,reference_invalid_exit,10368.0,10283.0,10453.0,10357.5,70
20260303,60505000,13:48:25.000,COOLDOWN,FLAT_QUOTING,fair_recovered,10360.0,10275.0,10445.0,10359.5,68
20260303,60506000,13:48:26.000,FLAT_QUOTING,LONG_PENDING_HEDGE,target_fill,10360.0,10275.0,10445.0,10359.75,69
20260303,60507000,13:48:27.000,LONG_PENDING_HEDGE,HEDGED_POSITION,hedge_fill,10360.0,10275.0,10445.0,10359.5,70
20260303,60508000,13:48:28.000,HEDGED_POSITION,FLATTENING,reference_invalid_exit,10360.0,10275.0,10445.0,10359.75,68
20260303,60508000,13:48:28.000,FLATTENING,COOLDOWN,reference_invalid_exit,10360.0,10275.0,10445.0,10359.75,70
20260303,60510000,13:48:30.000,COOLDOWN,FLAT_QUOTING,fair_recovered,10360.0,10275.0,10445.0,10360.0,68
20260303,60511000,13:48:31.000,FLAT_QUOTING,LONG_PENDING_HEDGE,target_fill,10360.0,10275.0,10445.0,10360.75,69
20260303,60512000,13:48:32.000,LONG_PENDING_HEDGE,HEDGED_POSITION,hedge_fill,10360.0,10275.0,10445.0,10360.75,70
20260303,60513000,13:48:33.000,HEDGED_POSITION,FLATTENING,reversion_exit,10360.0,10275.0,10445.0,10361.0,68
20260303,60513000,13:48:33.000,FLATTENING,COOLDOWN,reversion_exit,10360.0,10275.0,10445.0,10361.0,70
20260303,60515000,13:48:35.000,COOLDOWN,FLAT_QUOTING,fair_recovered,10372.0,10287.0,10457.0,10359.25,68
20260303,60516000,13:48:36.000,FLAT_QUOTING,LONG_PENDING_HEDGE,target_fill,10372.0,10287.0,10457.0,10359.25,69
20260303,60517000,13:48:37.000,LONG_PENDING_HEDGE,HEDGED_POSITION,hedge_fill,10372.0,10287.0,10457.0,10359.25,70
20260303,60518000,13:48:38.000,HEDGED_POSITION,FLATTENING,reference_invalid_exit,10372.0,10287.0,10457.0,10359.5,68
20260303,60518000,13:48:38.000,FLATTENING,COOLDOWN,reference_invalid_exit,10372.0,10287.0,10457.0,10359.5,70
20260303,60520000,13:48:40.000,COOLDOWN,FLAT_QUOTING,fair_recovered,10360.0,10275.0,10445.0,10359.5,68
20260303,60521000,13:48:41.000,FLAT_QUOTING,LONG_PENDING_HEDGE,target_fill,10360.0,10275.0,10445.0,10359.25,69
20260303,60522000,13:48:42.000,LONG_PENDING_HEDGE,HEDGED_POSITION,hedge_fill,10360.0,10275.0,10445.0,10359.0,70
20260303,60523000,13:48:43.000,HEDGED_POSITION,FLATTENING,reversion_exit,10360.0,10275.0,10445.0,10358.875,70
20260303,60523000,13:48:43.000,FLATTENING,COOLDOWN,reversion_exit,10360.0,10275.0,10445.0,10358.875,72
20260303,60525000,13:48:45.000,COOLDOWN,FLAT_QUOTING,fair_recovered,10359.0,10274.0,10444.0,10359.0,69
20260303,60526000,13:48:46.000,FLAT_QUOTING,LONG_PENDING_HEDGE,target_fill,10359.0,10274.0,10444.0,10359.25,71
20260303,60527000,13:48:47.000,LONG_PENDING_HEDGE,HEDGED_POSITION,hedge_fill,10359.0,10274.0,10444.0,10359.25,70
20260303,60528000,13:48:48.000,HEDGED_POSITION,FLATTENING,reversion_exit,10359.0,10274.0,10444.0,10359.5,70
20260303,60528000,13:48:48.000,FLATTENING,COOLDOWN,reversion_exit,10359.0,10274.0,10444.0,10359.5,72
20260303,60530000,13:48:50.000,COOLDOWN,FLAT_QUOTING,fair_recovered,10365.0,10280.0,10450.0,10356.25,69
20260303,60531000,13:48:51.000,FLAT_QUOTING,LONG_PENDING_HEDGE,target_fill,10365.0,10280.0,10450.0,10357.25,71
20260303,60532000,13:48:52.000,LONG_PENDING_HEDGE,HEDGED_POSITION,hedge_fill,10365.0,10280.0,10450.0,10357.25,70
20260303,60533000,13:48:53.000,HEDGED_POSITION,FLATTENING,reference_invalid_exit,10365.0,10280.0,10450.0,10358.25,70
20260303,60533000,13:48:53.000,FLATTENING,COOLDOWN,reference_invalid_exit,10365.0,10280.0,10450.0,10358.25,72
20260303,60535000,13:48:55.000,COOLDOWN,FLAT_QUOTING,fair_recovered,10368.0,10283.0,10453.0,10358.75,70
20260303,60536000,13:48:56.000,FLAT_QUOTING,LONG_PENDING_HEDGE,target_fill,10368.0,10283.0,10453.0,10358.0,72
20260303,60537000,13:48:57.000,LONG_PENDING_HEDGE,HEDGED_POSITION,hedge_fill,10368.0,10283.0,10453.0,10356.25,72
20260303,60538000,13:48:58.000,HEDGED_POSITION,FLATTENING,reference_invalid_exit,10368.0,10283.0,10453.0,10356.0,70
20260303,60538000,13:48:58.000,FLATTENING,COOLDOWN,reference_invalid_exit,10368.0,10283.0,10453.0,10356.0,72
20260303,60540000,13:49:00.000,COOLDOWN,FLAT_QUOTING,fair_recovered,10362.0,10277.0,10447.0,10355.5,70
20260303,60541000,13:49:01.000,FLAT_QUOTING,LONG_PENDING_HEDGE,target_fill,10362.0,10277.0,10447.0,10355.25,72
20260303,60542000,13:49:02.000,LONG_PENDING_HEDGE,HEDGED_POSITION,hedge_fill,10362.0,10277.0,10447.0,10356.25,72
20260303,60543000,13:49:03.000,HEDGED_POSITION,FLATTENING,reference_invalid_exit,10362.0,10277.0,10447.0,10356.0,70
20260303,60543000,13:49:03.000,FLATTENING,COOLDOWN,reference_invalid_exit,10362.0,10277.0,10447.0,10356.0,72
20260303,60545000,13:49:05.000,COOLDOWN,FLAT_QUOTING,fair_recovered,10369.0,10284.0,10454.0,10357.0,70
20260303,60546000,13:49:06.000,FLAT_QUOTING,LONG_PENDING_HEDGE,target_fill,10369.0,10284.0,10454.0,10357.0,72
20260303,60547000,13:49:07.000,LONG_PENDING_HEDGE,HEDGED_POSITION,hedge_fill,10369.0,10284.0,10454.0,10357.5,72
20260303,60548000,13:49:08.000,HEDGED_POSITION,FLATTENING,reference_invalid_exit,10369.0,10284.0,10454.0,,70
20260303,60551000,13:49:11.000,FLATTENING,COOLDOWN,reference_invalid_exit,10369.0,10284.0,10454.0,10359.25,69
20260303,60553000,13:49:13.000,COOLDOWN,FLAT_QUOTING,fair_recovered,10380.0,10295.0,10465.0,10364.5,66
20260303,60554000,13:49:14.000,FLAT_QUOTING,LONG_PENDING_HEDGE,target_fill,10380.0,10295.0,10465.0,10365.0,69
20260303,60555000,13:49:15.000,LONG_PENDING_HEDGE,HEDGED_POSITION,hedge_fill,10380.0,10295.0,10465.0,,68
20260303,60556000,13:49:16.000,HEDGED_POSITION,FLATTENING,reference_invalid_exit,10380.0,10295.0,10465.0,10362.75,67
20260303,60556000,13:49:16.000,FLATTENING,COOLDOWN,reference_invalid_exit,10380.0,10295.0,10465.0,10362.75,69
20260303,60558000,13:49:18.000,COOLDOWN,FLAT_QUOTING,fair_recovered,10380.0,10295.0,10465.0,10362.0,66
20260303,60559000,13:49:19.000,FLAT_QUOTING,LONG_PENDING_HEDGE,target_fill,10380.0,10295.0,10465.0,10362.75,69
20260303,60560000,13:49:20.000,LONG_PENDING_HEDGE,HEDGED_POSITION,hedge_fill,10380.0,10295.0,10465.0,10362.75,68
20260303,60561000,13:49:21.000,HEDGED_POSITION,FLATTENING,reference_invalid_exit,10380.0,10295.0,10465.0,10363.0,67
20260303,60561000,13:49:21.000,FLATTENING,COOLDOWN,reference_invalid_exit,10380.0,10295.0,10465.0,10363.0,69
20260303,60563000,13:49:23.000,COOLDOWN,FLAT_QUOTING,fair_recovered,10376.0,10291.0,10461.0,10362.5,66
20260303,60564000,13:49:24.000,FLAT_QUOTING,LONG_PENDING_HEDGE,target_fill,10376.0,10291.0,10461.0,10362.25,69
20260303,60565000,13:49:25.000,LONG_PENDING_HEDGE,HEDGED_POSITION,hedge_fill,10376.0,10291.0,10461.0,10363.125,68
20260303,60566000,13:49:26.000,HEDGED_POSITION,FLATTENING,reference_invalid_exit,10376.0,10291.0,10461.0,10363.0,67
20260303,60566000,13:49:26.000,FLATTENING,COOLDOWN,reference_invalid_exit,10376.0,10291.0,10461.0,10363.0,69
20260303,60568000,13:49:28.000,COOLDOWN,FLAT_QUOTING,fair_recovered,10376.0,10291.0,10461.0,10362.75,66
20260303,60569000,13:49:29.000,FLAT_QUOTING,LONG_PENDING_HEDGE,target_fill,10376.0,10291.0,10461.0,10362.75,69
20260303,60570000,13:49:30.000,LONG_PENDING_HEDGE,HEDGED_POSITION,hedge_fill,10376.0,10291.0,10461.0,10364.0,68
20260303,60571000,13:49:31.000,HEDGED_POSITION,FLATTENING,reference_invalid_exit,10376.0,10291.0,10461.0,10364.0,67
20260303,60571000,13:49:31.000,FLATTENING,COOLDOWN,reference_invalid_exit,10376.0,10291.0,10461.0,10364.0,69
20260303,60573000,13:49:33.000,COOLDOWN,FLAT_QUOTING,fair_recovered,10378.0,10293.0,10463.0,10363.25,66
20260303,60574000,13:49:34.000,FLAT_QUOTING,LONG_PENDING_HEDGE,target_fill,10378.0,10293.0,10463.0,10362.25,69
20260303,60575000,13:49:35.000,LONG_PENDING_HEDGE,HEDGED_POSITION,hedge_fill,10378.0,10293.0,10463.0,10364.5,68
20260303,60576000,13:49:36.000,HEDGED_POSITION,FLATTENING,reference_invalid_exit,10378.0,10293.0,10463.0,10365.25,67
20260303,60576000,13:49:36.000,FLATTENING,COOLDOWN,reference_invalid_exit,10378.0,10293.0,10463.0,10365.25,69
20260303,60578000,13:49:38.000,COOLDOWN,FLAT_QUOTING,fair_recovered,10380.0,10295.0,10465.0,10364.5,66
20260303,60579000,13:49:39.000,FLAT_QUOTING,LONG_PENDING_HEDGE,target_fill,10380.0,10295.0,10465.0,10364.0,69
20260303,60580000,13:49:40.000,LONG_PENDING_HEDGE,HEDGED_POSITION,hedge_fill,10380.0,10295.0,10465.0,10363.75,68
20260303,60581000,13:49:41.000,HEDGED_POSITION,FLATTENING,reference_invalid_exit,10380.0,10295.0,10465.0,10363.5,67
20260303,60581000,13:49:41.000,FLATTENING,COOLDOWN,reference_invalid_exit,10380.0,10295.0,10465.0,10363.5,69
20260303,60583000,13:49:43.000,COOLDOWN,FLAT_QUOTING,fair_recovered,10378.0,10293.0,10463.0,10363.75,66
20260303,60584000,13:49:44.000,FLAT_QUOTING,LONG_PENDING_HEDGE,target_fill,10378.0,10293.0,10463.0,10364.25,69
20260303,60585000,13:49:45.000,LONG_PENDING_HEDGE,HEDGED_POSITION,hedge_fill,10378.0,10293.0,10463.0,10363.75,68
20260303,60586000,13:49:46.000,HEDGED_POSITION,FLATTENING,reference_invalid_exit,10378.0,10293.0,10463.0,10363.5,67
20260303,60586000,13:49:46.000,FLATTENING,COOLDOWN,reference_invalid_exit,10378.0,10293.0,10463.0,10363.5,69
20260303,60588000,13:49:48.000,COOLDOWN,FLAT_QUOTING,fair_recovered,10374.0,10289.0,10459.0,10362.75,66
20260303,60589000,13:49:49.000,FLAT_QUOTING,LONG_PENDING_HEDGE,target_fill,10374.0,10289.0,10459.0,10362.5,69
20260303,60590000,13:49:50.000,LONG_PENDING_HEDGE,HEDGED_POSITION,hedge_fill,10374.0,10289.0,10459.0,10363.0,68
20260303,60591000,13:49:51.000,HEDGED_POSITION,FLATTENING,reference_invalid_exit,10374.0,10289.0,10459.0,10363.0,67
20260303,60591000,13:49:51.000,FLATTENING,COOLDOWN,reference_invalid_exit,10374.0,10289.0,10459.0,10363.0,69
20260303,60593000,13:49:53.000,COOLDOWN,FLAT_QUOTING,fair_recovered,10362.0,10277.0,10447.0,10362.5,66
20260303,60594000,13:49:54.000,FLAT_QUOTING,LONG_PENDING_HEDGE,target_fill,10362.0,10277.0,10447.0,10362.75,69
20260303,60595000,13:49:55.000,LONG_PENDING_HEDGE,HEDGED_POSITION,hedge_fill,10362.0,10277.0,10447.0,10362.25,68
20260303,60596000,13:49:56.000,HEDGED_POSITION,FLATTENING,reversion_exit,10362.0,10277.0,10447.0,10362.0,67
20260303,60596000,13:49:56.000,FLATTENING,COOLDOWN,reversion_exit,10362.0,10277.0,10447.0,10362.0,69
20260303,60598000,13:49:58.000,COOLDOWN,FLAT_QUOTING,fair_recovered,10361.0,10276.0,10446.0,10361.25,66
20260303,60599000,13:49:59.000,FLAT_QUOTING,LONG_PENDING_HEDGE,target_fill,10361.0,10276.0,10446.0,10359.75,69
20260303,60600000,13:50:00.000,LONG_PENDING_HEDGE,HEDGED_POSITION,hedge_fill,10361.0,10276.0,10446.0,10361.75,68
20260303,60601000,13:50:01.000,HEDGED_POSITION,FLATTENING,reversion_exit,10361.0,10276.0,10446.0,10363.375,67
20260303,60601000,13:50:01.000,FLATTENING,COOLDOWN,reversion_exit,10361.0,10276.0,10446.0,10363.375,69
20260303,60603000,13:50:03.000,COOLDOWN,FLAT_QUOTING,fair_recovered,10365.0,10280.0,10450.0,10365.375,66
20260303,60604000,13:50:04.000,FLAT_QUOTING,LONG_PENDING_HEDGE,target_fill,10365.0,10280.0,10450.0,10365.5,69
20260303,60605000,13:50:05.000,LONG_PENDING_HEDGE,HEDGED_POSITION,hedge_fill,10365.0,10280.0,10450.0,10365.25,68
20260303,60606000,13:50:06.000,HEDGED_POSITION,FLATTENING,reversion_exit,10365.0,10280.0,10450.0,10364.75,67
20260303,60606000,13:50:06.000,FLATTENING,COOLDOWN,reversion_exit,10365.0,10280.0,10450.0,10364.75,69
20260303,60608000,13:50:08.000,COOLDOWN,FLAT_QUOTING,fair_recovered,10363.0,10278.0,10448.0,10362.75,66
20260303,60609000,13:50:09.000,FLAT_QUOTING,LONG_PENDING_HEDGE,target_fill,10363.0,10278.0,10448.0,10362.25,69
20260303,60610000,13:50:10.000,LONG_PENDING_HEDGE,HEDGED_POSITION,hedge_fill,10363.0,10278.0,10448.0,10362.75,70
20260303,60611000,13:50:11.000,HEDGED_POSITION,FLATTENING,reversion_exit,10363.0,10278.0,10448.0,10359.5,70
20260303,60611000,13:50:11.000,FLATTENING,COOLDOWN,reversion_exit,10363.0,10278.0,10448.0,10359.5,72
20260303,60613000,13:50:13.000,COOLDOWN,FLAT_QUOTING,fair_recovered,10362.0,10277.0,10447.0,10361.75,70
20260303,60614000,13:50:14.000,FLAT_QUOTING,LONG_PENDING_HEDGE,target_fill,10362.0,10277.0,10447.0,10361.75,72
20260303,60615000,13:50:15.000,LONG_PENDING_HEDGE,HEDGED_POSITION,hedge_fill,10362.0,10277.0,10447.0,10361.0,72
20260303,60616000,13:50:16.000,HEDGED_POSITION,FLATTENING,reversion_exit,10362.0,10277.0,10447.0,10360.5,70
20260303,60616000,13:50:16.000,FLATTENING,COOLDOWN,reversion_exit,10362.0,10277.0,10447.0,10360.5,72
20260303,60618000,13:50:18.000,COOLDOWN,FLAT_QUOTING,fair_recovered,10359.0,10274.0,10444.0,10358.75,70
20260303,60619000,13:50:19.000,FLAT_QUOTING,LONG_PENDING_HEDGE,target_fill,10359.0,10274.0,10444.0,10358.0,72
20260303,60620000,13:50:20.000,LONG_PENDING_HEDGE,HEDGED_POSITION,hedge_fill,10359.0,10274.0,10444.0,10358.5,72
20260303,60621000,13:50:21.000,HEDGED_POSITION,FLATTENING,reversion_exit,10359.0,10274.0,10444.0,10360.25,70
20260303,60621000,13:50:21.000,FLATTENING,COOLDOWN,reversion_exit,10359.0,10274.0,10444.0,10360.25,72
20260303,60623000,13:50:23.000,COOLDOWN,FLAT_QUOTING,fair_recovered,10364.0,10279.0,10449.0,10363.5,70
20260303,60624000,13:50:24.000,FLAT_QUOTING,LONG_PENDING_HEDGE,target_fill,10364.0,10279.0,10449.0,10363.5,72
20260303,60625000,13:50:25.000,LONG_PENDING_HEDGE,HEDGED_POSITION,hedge_fill,10364.0,10279.0,10449.0,10362.5,72
20260303,60626000,13:50:26.000,HEDGED_POSITION,FLATTENING,reversion_exit,10364.0,10279.0,10449.0,10361.25,70
20260303,60626000,13:50:26.000,FLATTENING,COOLDOWN,reversion_exit,10364.0,10279.0,10449.0,10361.25,72
20260303,60628000,13:50:28.000,COOLDOWN,FLAT_QUOTING,fair_recovered,10362.0,10277.0,10447.0,10362.5,70
20260303,60629000,13:50:29.000,FLAT_QUOTING,LONG_PENDING_HEDGE,target_fill,10362.0,10277.0,10447.0,10362.75,72
20260303,60630000,13:50:30.000,LONG_PENDING_HEDGE,HEDGED_POSITION,hedge_fill,10362.0,10277.0,10447.0,10364.0,72
20260303,60631000,13:50:31.000,HEDGED_POSITION,FLATTENING,reversion_exit,10362.0,10277.0,10447.0,10364.25,70
20260303,60631000,13:50:31.000,FLATTENING,COOLDOWN,reversion_exit,10362.0,10277.0,10447.0,10364.25,72
20260303,60633000,13:50:33.000,COOLDOWN,FLAT_QUOTING,fair_recovered,10362.0,10277.0,10447.0,10361.75,70
20260303,60634000,13:50:34.000,FLAT_QUOTING,LONG_PENDING_HEDGE,target_fill,10362.0,10277.0,10447.0,10360.5,72
20260303,60635000,13:50:35.000,LONG_PENDING_HEDGE,HEDGED_POSITION,hedge_fill,10362.0,10277.0,10447.0,10360.5,72
20260303,60636000,13:50:36.000,HEDGED_POSITION,FLATTENING,reversion_exit,10362.0,10277.0,10447.0,10360.25,70
20260303,60636000,13:50:36.000,FLATTENING,COOLDOWN,reversion_exit,10362.0,10277.0,10447.0,10360.25,72
20260303,60638000,13:50:38.000,COOLDOWN,FLAT_QUOTING,fair_recovered,10360.0,10275.0,10445.0,10360.5,70
20260303,60639000,13:50:39.000,FLAT_QUOTING,LONG_PENDING_HEDGE,target_fill,10360.0,10275.0,10445.0,10360.5,72
20260303,60640000,13:50:40.000,LONG_PENDING_HEDGE,HEDGED_POSITION,hedge_fill,10360.0,10275.0,10445.0,10359.75,72
20260303,60641000,13:50:41.000,HEDGED_POSITION,FLATTENING,reversion_exit,10360.0,10275.0,10445.0,10358.5,70
20260303,60641000,13:50:41.000,FLATTENING,COOLDOWN,reversion_exit,10360.0,10275.0,10445.0,10358.5,72
20260303,60643000,13:50:43.000,COOLDOWN,FLAT_QUOTING,fair_recovered,10352.0,10267.0,10437.0,10352.5,70
20260303,60644000,13:50:44.000,FLAT_QUOTING,LONG_PENDING_HEDGE,target_fill,10352.0,10267.0,10437.0,10352.0,72
20260303,60645000,13:50:45.000,LONG_PENDING_HEDGE,HEDGED_POSITION,hedge_fill,10352.0,10267.0,10437.0,10353.0,72
20260303,60646000,13:50:46.000,HEDGED_POSITION,FLATTENING,reversion_exit,10352.0,10267.0,10437.0,10351.25,70
20260303,60646000,13:50:46.000,FLATTENING,COOLDOWN,reversion_exit,10352.0,10267.0,10437.0,10351.25,72
20260303,60648000,13:50:48.000,COOLDOWN,FLAT_QUOTING,fair_recovered,10352.0,10267.0,10437.0,10351.75,70
20260303,60649000,13:50:49.000,FLAT_QUOTING,LONG_PENDING_HEDGE,target_fill,10352.0,10267.0,10437.0,10351.0,72
20260303,60650000,13:50:50.000,LONG_PENDING_HEDGE,HEDGED_POSITION,hedge_fill,10352.0,10267.0,10437.0,10351.5,72
20260303,60651000,13:50:51.000,HEDGED_POSITION,FLATTENING,reversion_exit,10352.0,10267.0,10437.0,10350.0,70
20260303,60651000,13:50:51.000,FLATTENING,COOLDOWN,reversion_exit,10352.0,10267.0,10437.0,10350.0,72
20260303,60653000,13:50:53.000,COOLDOWN,FLAT_QUOTING,fair_recovered,10350.0,10265.0,10435.0,10349.75,70
20260303,60654000,13:50:54.000,FLAT_QUOTING,LONG_PENDING_HEDGE,target_fill,10350.0,10265.0,10435.0,10349.25,72
20260303,60655000,13:50:55.000,LONG_PENDING_HEDGE,HEDGED_POSITION,hedge_fill,10350.0,10265.0,10435.0,10349.5,72
20260303,60656000,13:50:56.000,HEDGED_POSITION,FLATTENING,reversion_exit,10350.0,10265.0,10435.0,10348.0,70
20260303,60656000,13:50:56.000,FLATTENING,COOLDOWN,reversion_exit,10350.0,10265.0,10435.0,10348.0,72
20260303,60658000,13:50:58.000,COOLDOWN,FLAT_QUOTING,fair_recovered,10347.0,10262.0,10432.0,10347.25,70
20260303,60659000,13:50:59.000,FLAT_QUOTING,LONG_PENDING_HEDGE,target_fill,10347.0,10262.0,10432.0,10345.0,72
20260303,60660000,13:51:00.000,LONG_PENDING_HEDGE,HEDGED_POSITION,hedge_fill,10347.0,10262.0,10432.0,10344.0,72
20260303,60661000,13:51:01.000,HEDGED_POSITION,FLATTENING,reference_invalid_exit,10347.0,10262.0,10432.0,,70
20260303,60661000,13:51:01.000,FLATTENING,COOLDOWN,reference_invalid_exit,10347.0,10262.0,10432.0,,72
20260303,60663000,13:51:03.000,COOLDOWN,FLAT_QUOTING,fair_recovered,10346.0,10261.0,10431.0,10345.5,70
20260303,60664000,13:51:04.000,FLAT_QUOTING,LONG_PENDING_HEDGE,target_fill,10346.0,10261.0,10431.0,10341.125,72
20260303,60665000,13:51:05.000,LONG_PENDING_HEDGE,HEDGED_POSITION,hedge_fill,10346.0,10261.0,10431.0,,72
20260303,60666000,13:51:06.000,HEDGED_POSITION,FLATTENING,reversion_exit,10346.0,10261.0,10431.0,10340.75,70
20260303,60666000,13:51:06.000,FLATTENING,COOLDOWN,reversion_exit,10346.0,10261.0,10431.0,10340.75,72
20260303,60668000,13:51:08.000,COOLDOWN,FLAT_QUOTING,fair_recovered,10343.0,10258.0,10428.0,,70
20260303,60669000,13:51:09.000,FLAT_QUOTING,LONG_PENDING_HEDGE,target_fill,10343.0,10258.0,10428.0,10346.0,72
20260303,60670000,13:51:10.000,LONG_PENDING_HEDGE,HEDGED_POSITION,hedge_fill,10343.0,10258.0,10428.0,10347.75,72
20260303,60671000,13:51:11.000,HEDGED_POSITION,FLATTENING,reversion_exit,10343.0,10258.0,10428.0,10346.75,70
20260303,60671000,13:51:11.000,FLATTENING,COOLDOWN,reversion_exit,10343.0,10258.0,10428.0,10346.75,72
20260303,60673000,13:51:13.000,COOLDOWN,FLAT_QUOTING,fair_recovered,10346.0,10261.0,10431.0,10345.5,70
20260303,60674000,13:51:14.000,FLAT_QUOTING,LONG_PENDING_HEDGE,target_fill,10346.0,10261.0,10431.0,10344.75,72
20260303,60675000,13:51:15.000,LONG_PENDING_HEDGE,HEDGED_POSITION,hedge_fill,10346.0,10261.0,10431.0,10344.0,72
20260303,60676000,13:51:16.000,HEDGED_POSITION,FLATTENING,reversion_exit,10346.0,10261.0,10431.0,10344.5,70
20260303,60676000,13:51:16.000,FLATTENING,COOLDOWN,reversion_exit,10346.0,10261.0,10431.0,10344.5,72
20260303,60678000,13:51:18.000,COOLDOWN,FLAT_QUOTING,fair_recovered,10345.0,10260.0,10430.0,10345.0,70
20260303,60679000,13:51:19.000,FLAT_QUOTING,LONG_PENDING_HEDGE,target_fill,10345.0,10260.0,10430.0,10347.5,72
20260303,60680000,13:51:20.000,LONG_PENDING_HEDGE,HEDGED_POSITION,hedge_fill,10345.0,10260.0,10430.0,10348.75,72
20260303,60681000,13:51:21.000,HEDGED_POSITION,FLATTENING,reversion_exit,10345.0,10260.0,10430.0,10350.25,70
20260303,60681000,13:51:21.000,FLATTENING,COOLDOWN,reversion_exit,10345.0,10260.0,10430.0,10350.25,72
20260303,60683000,13:51:23.000,COOLDOWN,FLAT_QUOTING,fair_recovered,10350.0,10265.0,10435.0,10350.5,70
20260303,60684000,13:51:24.000,FLAT_QUOTING,LONG_PENDING_HEDGE,target_fill,10350.0,10265.0,10435.0,10350.5,72
20260303,60685000,13:51:25.000,LONG_PENDING_HEDGE,HEDGED_POSITION,hedge_fill,10350.0,10265.0,10435.0,,72
20260303,60686000,13:51:26.000,HEDGED_POSITION,FLATTENING,reversion_exit,10350.0,10265.0,10435.0,10349.625,70
20260303,60686000,13:51:26.000,FLATTENING,COOLDOWN,reversion_exit,10350.0,10265.0,10435.0,10349.625,72
20260303,60688000,13:51:28.000,COOLDOWN,FLAT_QUOTING,fair_recovered,10350.0,10265.0,10435.0,10349.5,70
20260303,60689000,13:51:29.000,FLAT_QUOTING,LONG_PENDING_HEDGE,target_fill,10350.0,10265.0,10435.0,10349.75,72
20260303,60690000,13:51:30.000,LONG_PENDING_HEDGE,HEDGED_POSITION,hedge_fill,10350.0,10265.0,10435.0,,72
20260303,60691000,13:51:31.000,HEDGED_POSITION,FLATTENING,reversion_exit,10350.0,10265.0,10435.0,10356.25,70
20260303,60691000,13:51:31.000,FLATTENING,COOLDOWN,reversion_exit,10350.0,10265.0,10435.0,10356.25,72
20260303,60693000,13:51:33.000,COOLDOWN,FLAT_QUOTING,fair_recovered,10354.0,10269.0,10439.0,10354.25,70
20260303,60694000,13:51:34.000,FLAT_QUOTING,LONG_PENDING_HEDGE,target_fill,10354.0,10269.0,10439.0,10354.5,72
20260303,60695000,13:51:35.000,LONG_PENDING_HEDGE,HEDGED_POSITION,hedge_fill,10354.0,10269.0,10439.0,10354.75,72
20260303,60696000,13:51:36.000,HEDGED_POSITION,FLATTENING,reversion_exit,10354.0,10269.0,10439.0,10355.5,70
20260303,60696000,13:51:36.000,FLATTENING,COOLDOWN,reversion_exit,10354.0,10269.0,10439.0,10355.5,72
20260303,60698000,13:51:38.000,COOLDOWN,FLAT_QUOTING,fair_recovered,10357.0,10272.0,10442.0,10357.0,70
20260303,60699000,13:51:39.000,FLAT_QUOTING,LONG_PENDING_HEDGE,target_fill,10357.0,10272.0,10442.0,10357.75,72
20260303,60700000,13:51:40.000,LONG_PENDING_HEDGE,HEDGED_POSITION,hedge_fill,10357.0,10272.0,10442.0,10357.75,72
20260303,60701000,13:51:41.000,HEDGED_POSITION,FLATTENING,reversion_exit,10357.0,10272.0,10442.0,10359.75,70
20260303,60701000,13:51:41.000,FLATTENING,COOLDOWN,reversion_exit,10357.0,10272.0,10442.0,10359.75,72
20260303,60703000,13:51:43.000,COOLDOWN,FLAT_QUOTING,fair_recovered,10360.0,10275.0,10445.0,10360.5,70
20260303,60704000,13:51:44.000,FLAT_QUOTING,LONG_PENDING_HEDGE,target_fill,10360.0,10275.0,10445.0,10360.0,72
20260303,60705000,13:51:45.000,LONG_PENDING_HEDGE,HEDGED_POSITION,hedge_fill,10360.0,10275.0,10445.0,10360.25,72
20260303,60706000,13:51:46.000,HEDGED_POSITION,FLATTENING,reversion_exit,10360.0,10275.0,10445.0,10361.25,70
20260303,60706000,13:51:46.000,FLATTENING,COOLDOWN,reversion_exit,10360.0,10275.0,10445.0,10361.25,72
20260303,60708000,13:51:48.000,COOLDOWN,FLAT_QUOTING,fair_recovered,10355.0,10270.0,10440.0,10355.0,70
20260303,60709000,13:51:49.000,FLAT_QUOTING,LONG_PENDING_HEDGE,target_fill,10355.0,10270.0,10440.0,10355.0,72
20260303,60710000,13:51:50.000,LONG_PENDING_HEDGE,HEDGED_POSITION,hedge_fill,10355.0,10270.0,10440.0,10353.25,72
20260303,60711000,13:51:51.000,HEDGED_POSITION,FLATTENING,reversion_exit,10355.0,10270.0,10440.0,10354.25,70
20260303,60711000,13:51:51.000,FLATTENING,COOLDOWN,reversion_exit,10355.0,10270.0,10440.0,10354.25,72
20260303,60713000,13:51:53.000,COOLDOWN,FLAT_QUOTING,fair_recovered,10351.0,10266.0,10436.0,10351.0,70
20260303,60714000,13:51:54.000,FLAT_QUOTING,LONG_PENDING_HEDGE,target_fill,10351.0,10266.0,10436.0,10352.25,72
20260303,60715000,13:51:55.000,LONG_PENDING_HEDGE,HEDGED_POSITION,hedge_fill,10351.0,10266.0,10436.0,10352.0,72
20260303,60716000,13:51:56.000,HEDGED_POSITION,FLATTENING,reversion_exit,10351.0,10266.0,10436.0,10351.25,70
20260303,60716000,13:51:56.000,FLATTENING,COOLDOWN,reversion_exit,10351.0,10266.0,10436.0,10351.25,72
20260303,60718000,13:51:58.000,COOLDOWN,FLAT_QUOTING,fair_recovered,10352.0,10267.0,10437.0,10352.5,70
20260303,60719000,13:51:59.000,FLAT_QUOTING,LONG_PENDING_HEDGE,target_fill,10352.0,10267.0,10437.0,10353.75,72
20260303,60720000,13:52:00.000,LONG_PENDING_HEDGE,HEDGED_POSITION,hedge_fill,10352.0,10267.0,10437.0,10353.0,72
20260303,60721000,13:52:01.000,HEDGED_POSITION,FLATTENING,reversion_exit,10352.0,10267.0,10437.0,10352.0,70
20260303,60721000,13:52:01.000,FLATTENING,COOLDOWN,reversion_exit,10352.0,10267.0,10437.0,10352.0,72
20260303,60723000,13:52:03.000,COOLDOWN,FLAT_QUOTING,fair_recovered,10353.0,10268.0,10438.0,10353.25,70
20260303,60724000,13:52:04.000,FLAT_QUOTING,LONG_PENDING_HEDGE,target_fill,10353.0,10268.0,10438.0,10353.25,72
20260303,60725000,13:52:05.000,LONG_PENDING_HEDGE,HEDGED_POSITION,hedge_fill,10353.0,10268.0,10438.0,10351.75,72
20260303,60726000,13:52:06.000,HEDGED_POSITION,FLATTENING,reversion_exit,10353.0,10268.0,10438.0,10352.5,70
20260303,60726000,13:52:06.000,FLATTENING,COOLDOWN,reversion_exit,10353.0,10268.0,10438.0,10352.5,72
20260303,60728000,13:52:08.000,COOLDOWN,FLAT_QUOTING,fair_recovered,10345.0,10260.0,10430.0,10351.75,70
20260303,60729000,13:52:09.000,FLAT_QUOTING,LONG_PENDING_HEDGE,target_fill,10345.0,10260.0,10430.0,10353.0,72
20260303,60730000,13:52:10.000,LONG_PENDING_HEDGE,HEDGED_POSITION,hedge_fill,10345.0,10260.0,10430.0,10350.75,72
20260303,60731000,13:52:11.000,HEDGED_POSITION,FLATTENING,reversion_exit,10345.0,10260.0,10430.0,10351.0,70
20260303,60731000,13:52:11.000,FLATTENING,COOLDOWN,reversion_exit,10345.0,10260.0,10430.0,10351.0,72
20260303,60733000,13:52:13.000,COOLDOWN,FLAT_QUOTING,fair_recovered,10352.0,10267.0,10437.0,10352.0,70
20260303,60734000,13:52:14.000,FLAT_QUOTING,LONG_PENDING_HEDGE,target_fill,10352.0,10267.0,10437.0,10352.75,72
20260303,60735000,13:52:15.000,LONG_PENDING_HEDGE,HEDGED_POSITION,hedge_fill,10352.0,10267.0,10437.0,10354.0,72
20260303,60736000,13:52:16.000,HEDGED_POSITION,FLATTENING,reversion_exit,10352.0,10267.0,10437.0,10352.375,70
20260303,60736000,13:52:16.000,FLATTENING,COOLDOWN,reversion_exit,10352.0,10267.0,10437.0,10352.375,72
20260303,60738000,13:52:18.000,COOLDOWN,FLAT_QUOTING,fair_recovered,10355.0,10270.0,10440.0,10355.125,70
20260303,60740000,13:52:20.000,FLAT_QUOTING,LONG_PENDING_HEDGE,target_fill,10355.0,10270.0,10440.0,10356.125,71
20260303,60741000,13:52:21.000,LONG_PENDING_HEDGE,HEDGED_POSITION,hedge_fill,10355.0,10270.0,10440.0,,70
20260303,60742000,13:52:22.000,HEDGED_POSITION,FLATTENING,reference_invalid_exit,10355.0,10270.0,10440.0,,70
20260303,60742000,13:52:22.000,FLATTENING,COOLDOWN,reference_invalid_exit,10355.0,10270.0,10440.0,,72
20260303,60744000,13:52:24.000,COOLDOWN,FLAT_QUOTING,fair_recovered,10346.0,10261.0,10431.0,,69
20260303,60746000,13:52:26.000,FLAT_QUOTING,LONG_PENDING_HEDGE,target_fill,10346.0,10261.0,10431.0,10353.375,69
20260303,60747000,13:52:27.000,LONG_PENDING_HEDGE,HEDGED_POSITION,hedge_fill,10346.0,10261.0,10431.0,,70
20260303,60748000,13:52:28.000,HEDGED_POSITION,FLATTENING,reference_invalid_exit,10346.0,10261.0,10431.0,,68
20260303,60748000,13:52:28.000,FLATTENING,COOLDOWN,reference_invalid_exit,10346.0,10261.0,10431.0,,70
20260303,60750000,13:52:30.000,COOLDOWN,FLAT_QUOTING,fair_recovered,10353.0,10268.0,10438.0,10352.625,68
20260303,60751000,13:52:31.000,FLAT_QUOTING,LONG_PENDING_HEDGE,target_fill,10353.0,10268.0,10438.0,10351.875,69
20260303,60752000,13:52:32.000,LONG_PENDING_HEDGE,HEDGED_POSITION,hedge_fill,10353.0,10268.0,10438.0,,70
20260303,60753000,13:52:33.000,HEDGED_POSITION,FLATTENING,reference_invalid_exit,10353.0,10268.0,10438.0,,68
20260303,60753000,13:52:33.000,FLATTENING,COOLDOWN,reference_invalid_exit,10353.0,10268.0,10438.0,,70
20260303,60755000,13:52:35.000,COOLDOWN,FLAT_QUOTING,fair_recovered,10344.0,10259.0,10429.0,,68
20260303,60756000,13:52:36.000,FLAT_QUOTING,LONG_PENDING_HEDGE,target_fill,10344.0,10259.0,10429.0,,69
20260303,60757000,13:52:37.000,LONG_PENDING_HEDGE,HEDGED_POSITION,hedge_fill,10344.0,10259.0,10429.0,10351.5,70
20260303,60771000,13:52:51.000,HEDGED_POSITION,FLATTENING,reference_invalid_exit,10344.0,10259.0,10429.0,,52
20260303,60772000,13:52:52.000,FLATTENING,COOLDOWN,reference_invalid_exit,10344.0,10259.0,10429.0,10351.5,54
20260303,60774000,13:52:54.000,COOLDOWN,FLAT_QUOTING,fair_recovered,10351.0,10266.0,10436.0,10351.0,51
20260303,60776000,13:52:56.000,FLAT_QUOTING,LONG_PENDING_HEDGE,target_fill,10351.0,10266.0,10436.0,10352.0,51
20260303,60777000,13:52:57.000,LONG_PENDING_HEDGE,HEDGED_POSITION,hedge_fill,10351.0,10266.0,10436.0,10351.25,52
20260303,60778000,13:52:58.000,HEDGED_POSITION,FLATTENING,reversion_exit,10351.0,10266.0,10436.0,10351.0,50
20260303,60778000,13:52:58.000,FLATTENING,COOLDOWN,reversion_exit,10351.0,10266.0,10436.0,10351.0,52
20260303,60780000,13:53:00.000,COOLDOWN,FLAT_QUOTING,fair_recovered,10351.0,10266.0,10436.0,10350.75,50
20260303,60781000,13:53:01.000,FLAT_QUOTING,LONG_PENDING_HEDGE,target_fill,10351.0,10266.0,10436.0,10351.75,51
20260303,60782000,13:53:02.000,LONG_PENDING_HEDGE,HEDGED_POSITION,hedge_fill,10351.0,10266.0,10436.0,10351.0,52
20260303,60783000,13:53:03.000,HEDGED_POSITION,FLATTENING,reversion_exit,10351.0,10266.0,10436.0,10353.25,50
20260303,60783000,13:53:03.000,FLATTENING,COOLDOWN,reversion_exit,10351.0,10266.0,10436.0,10353.25,52
20260303,60785000,13:53:05.000,COOLDOWN,FLAT_QUOTING,fair_recovered,10351.0,10266.0,10436.0,10351.0,50
20260303,60786000,13:53:06.000,FLAT_QUOTING,LONG_PENDING_HEDGE,target_fill,10351.0,10266.0,10436.0,10351.25,51
20260303,60787000,13:53:07.000,LONG_PENDING_HEDGE,HEDGED_POSITION,hedge_fill,10351.0,10266.0,10436.0,10351.25,52
20260303,60788000,13:53:08.000,HEDGED_POSITION,FLATTENING,reversion_exit,10351.0,10266.0,10436.0,10351.25,50
20260303,60788000,13:53:08.000,FLATTENING,COOLDOWN,reversion_exit,10351.0,10266.0,10436.0,10351.25,52
20260303,60790000,13:53:10.000,COOLDOWN,FLAT_QUOTING,fair_recovered,10353.0,10268.0,10438.0,10353.0,50
20260303,60791000,13:53:11.000,FLAT_QUOTING,LONG_PENDING_HEDGE,target_fill,10353.0,10268.0,10438.0,10356.25,51
20260303,60792000,13:53:12.000,LONG_PENDING_HEDGE,HEDGED_POSITION,hedge_fill,10353.0,10268.0,10438.0,10356.25,52
20260303,60793000,13:53:13.000,HEDGED_POSITION,FLATTENING,reversion_exit,10353.0,10268.0,10438.0,10355.5,50
20260303,60793000,13:53:13.000,FLATTENING,COOLDOWN,reversion_exit,10353.0,10268.0,10438.0,10355.5,52
20260303,60795000,13:53:15.000,COOLDOWN,FLAT_QUOTING,fair_recovered,10352.0,10267.0,10437.0,10352.0,50
20260303,60796000,13:53:16.000,FLAT_QUOTING,LONG_PENDING_HEDGE,target_fill,10352.0,10267.0,10437.0,,51
20260303,60797000,13:53:17.000,LONG_PENDING_HEDGE,HEDGED_POSITION,hedge_fill,10352.0,10267.0,10437.0,10350.875,52
20260303,60799000,13:53:19.000,HEDGED_POSITION,FLATTENING,reference_invalid_exit,10352.0,10267.0,10437.0,10343.875,50
20260303,60799000,13:53:19.000,FLATTENING,COOLDOWN,reference_invalid_exit,10352.0,10267.0,10437.0,10343.875,52
20260303,60801000,13:53:21.000,COOLDOWN,FLAT_QUOTING,fair_recovered,10348.0,10263.0,10433.0,10344.5,50
20260303,60802000,13:53:22.000,FLAT_QUOTING,LONG_PENDING_HEDGE,target_fill,10348.0,10263.0,10433.0,10343.75,51
20260303,60803000,13:53:23.000,LONG_PENDING_HEDGE,HEDGED_POSITION,hedge_fill,10348.0,10263.0,10433.0,10343.75,52
20260303,60804000,13:53:24.000,HEDGED_POSITION,FLATTENING,reference_invalid_exit,10348.0,10263.0,10433.0,10343.25,50
20260303,60804000,13:53:24.000,FLATTENING,COOLDOWN,reference_invalid_exit,10348.0,10263.0,10433.0,10343.25,52
20260303,60806000,13:53:26.000,COOLDOWN,FLAT_QUOTING,fair_recovered,10348.0,10263.0,10433.0,,51
20260303,60807000,13:53:27.000,FLAT_QUOTING,LONG_PENDING_HEDGE,target_fill,10348.0,10263.0,10433.0,10343.5,53
20260303,60808000,13:53:28.000,LONG_PENDING_HEDGE,HEDGED_POSITION,hedge_fill,10348.0,10263.0,10433.0,10344.25,52
20260303,60809000,13:53:29.000,HEDGED_POSITION,FLATTENING,reference_invalid_exit,10348.0,10263.0,10433.0,10344.5,52
20260303,60809000,13:53:29.000,FLATTENING,COOLDOWN,reference_invalid_exit,10348.0,10263.0,10433.0,10344.5,54
20260303,60811000,13:53:31.000,COOLDOWN,FLAT_QUOTING,fair_recovered,10351.0,10266.0,10436.0,,51
20260303,60812000,13:53:32.000,FLAT_QUOTING,LONG_PENDING_HEDGE,target_fill,10351.0,10266.0,10436.0,,53
20260303,60813000,13:53:33.000,LONG_PENDING_HEDGE,HEDGED_POSITION,hedge_fill,10351.0,10266.0,10436.0,,52
20260303,60814000,13:53:34.000,HEDGED_POSITION,FLATTENING,reference_invalid_exit,10351.0,10266.0,10436.0,,52
20260303,60814000,13:53:34.000,FLATTENING,COOLDOWN,reference_invalid_exit,10351.0,10266.0,10436.0,,54
20260303,60816000,13:53:36.000,COOLDOWN,FLAT_QUOTING,fair_recovered,10349.0,10264.0,10434.0,,51
20260303,60817000,13:53:37.000,FLAT_QUOTING,LONG_PENDING_HEDGE,target_fill,10349.0,10264.0,10434.0,,53
20260303,60818000,13:53:38.000,LONG_PENDING_HEDGE,HEDGED_POSITION,hedge_fill,10349.0,10264.0,10434.0,,54
20260303,60819000,13:53:39.000,HEDGED_POSITION,FLATTENING,reference_invalid_exit,10349.0,10264.0,10434.0,,54
20260303,60819000,13:53:39.000,FLATTENING,COOLDOWN,reference_invalid_exit,10349.0,10264.0,10434.0,,56
20260303,60821000,13:53:41.000,COOLDOWN,FLAT_QUOTING,fair_recovered,10351.0,10266.0,10436.0,,56
20260303,60822000,13:53:42.000,FLAT_QUOTING,LONG_PENDING_HEDGE,target_fill,10351.0,10266.0,10436.0,,59
20260303,60823000,13:53:43.000,LONG_PENDING_HEDGE,HEDGED_POSITION,hedge_fill,10351.0,10266.0,10436.0,,60
20260303,60824000,13:53:44.000,HEDGED_POSITION,FLATTENING,reference_invalid_exit,10351.0,10266.0,10436.0,,60
20260303,60824000,13:53:44.000,FLATTENING,COOLDOWN,reference_invalid_exit,10351.0,10266.0,10436.0,,62
20260303,60826000,13:53:46.000,COOLDOWN,FLAT_QUOTING,fair_recovered,10354.0,10269.0,10439.0,,62
20260303,60827000,13:53:47.000,FLAT_QUOTING,LONG_PENDING_HEDGE,target_fill,10354.0,10269.0,10439.0,,65
20260303,60828000,13:53:48.000,LONG_PENDING_HEDGE,HEDGED_POSITION,hedge_fill,10354.0,10269.0,10439.0,,66
20260303,60829000,13:53:49.000,HEDGED_POSITION,FLATTENING,reference_invalid_exit,10354.0,10269.0,10439.0,,66
20260303,60829000,13:53:49.000,FLATTENING,COOLDOWN,reference_invalid_exit,10354.0,10269.0,10439.0,,68
20260303,60831000,13:53:51.000,COOLDOWN,FLAT_QUOTING,fair_recovered,10358.0,10273.0,10443.0,10358.125,66
20260303,60832000,13:53:52.000,FLAT_QUOTING,LONG_PENDING_HEDGE,target_fill,10358.0,10273.0,10443.0,10358.0,69
20260303,60833000,13:53:53.000,LONG_PENDING_HEDGE,HEDGED_POSITION,hedge_fill,10358.0,10273.0,10443.0,10357.25,70
20260303,60834000,13:53:54.000,HEDGED_POSITION,FLATTENING,reversion_exit,10358.0,10273.0,10443.0,10357.75,68
20260303,60834000,13:53:54.000,FLATTENING,COOLDOWN,reversion_exit,10358.0,10273.0,10443.0,10357.75,70
20260303,60836000,13:53:56.000,COOLDOWN,FLAT_QUOTING,fair_recovered,10362.0,10277.0,10447.0,10362.25,69
20260303,60837000,13:53:57.000,FLAT_QUOTING,LONG_PENDING_HEDGE,target_fill,10362.0,10277.0,10447.0,10363.0,71
20260303,60838000,13:53:58.000,LONG_PENDING_HEDGE,HEDGED_POSITION,hedge_fill,10362.0,10277.0,10447.0,10362.25,70
20260303,60839000,13:53:59.000,HEDGED_POSITION,FLATTENING,reversion_exit,10362.0,10277.0,10447.0,10360.25,70
20260303,60839000,13:53:59.000,FLATTENING,COOLDOWN,reversion_exit,10362.0,10277.0,10447.0,10360.25,72
20260303,60841000,13:54:01.000,COOLDOWN,FLAT_QUOTING,fair_recovered,10358.0,10273.0,10443.0,10358.5,69
20260303,60842000,13:54:02.000,FLAT_QUOTING,LONG_PENDING_HEDGE,target_fill,10358.0,10273.0,10443.0,10360.0,71
20260303,60843000,13:54:03.000,LONG_PENDING_HEDGE,HEDGED_POSITION,hedge_fill,10358.0,10273.0,10443.0,10360.25,70
20260303,60844000,13:54:04.000,HEDGED_POSITION,FLATTENING,reversion_exit,10358.0,10273.0,10443.0,10360.375,70
20260303,60844000,13:54:04.000,FLATTENING,COOLDOWN,reversion_exit,10358.0,10273.0,10443.0,10360.375,72
20260303,60846000,13:54:06.000,COOLDOWN,FLAT_QUOTING,fair_recovered,10359.0,10274.0,10444.0,10359.0,69
20260303,60847000,13:54:07.000,FLAT_QUOTING,LONG_PENDING_HEDGE,target_fill,10359.0,10274.0,10444.0,10359.0,71
20260303,60848000,13:54:08.000,LONG_PENDING_HEDGE,HEDGED_POSITION,hedge_fill,10359.0,10274.0,10444.0,,70
20260303,60849000,13:54:09.000,HEDGED_POSITION,FLATTENING,reversion_exit,10359.0,10274.0,10444.0,10355.5,70
20260303,60849000,13:54:09.000,FLATTENING,COOLDOWN,reversion_exit,10359.0,10274.0,10444.0,10355.5,72
20260303,60851000,13:54:11.000,COOLDOWN,FLAT_QUOTING,fair_recovered,10355.0,10270.0,10440.0,10355.125,69
20260303,60852000,13:54:12.000,FLAT_QUOTING,LONG_PENDING_HEDGE,target_fill,10355.0,10270.0,10440.0,10354.5,71
20260303,60853000,13:54:13.000,LONG_PENDING_HEDGE,HEDGED_POSITION,hedge_fill,10355.0,10270.0,10440.0,10354.5,70
20260303,60855000,13:54:15.000,HEDGED_POSITION,FLATTENING,reversion_exit,10355.0,10270.0,10440.0,10354.5,68
20260303,60855000,13:54:15.000,FLATTENING,COOLDOWN,reversion_exit,10355.0,10270.0,10440.0,10354.5,70
20260303,60857000,13:54:17.000,COOLDOWN,FLAT_QUOTING,fair_recovered,10354.0,10269.0,10439.0,10354.0,68
20260303,60858000,13:54:18.000,FLAT_QUOTING,LONG_PENDING_HEDGE,target_fill,10354.0,10269.0,10439.0,10354.25,71
20260303,60859000,13:54:19.000,LONG_PENDING_HEDGE,HEDGED_POSITION,hedge_fill,10354.0,10269.0,10439.0,10354.0,70
20260303,60860000,13:54:20.000,HEDGED_POSITION,FLATTENING,reversion_exit,10354.0,10269.0,10439.0,10352.0,70
20260303,60860000,13:54:20.000,FLATTENING,COOLDOWN,reversion_exit,10354.0,10269.0,10439.0,10352.0,72
20260303,60862000,13:54:22.000,COOLDOWN,FLAT_QUOTING,fair_recovered,10352.0,10267.0,10437.0,10352.375,69
20260303,60863000,13:54:23.000,FLAT_QUOTING,LONG_PENDING_HEDGE,target_fill,10352.0,10267.0,10437.0,10351.625,71
20260303,60864000,13:54:24.000,LONG_PENDING_HEDGE,HEDGED_POSITION,hedge_fill,10352.0,10267.0,10437.0,10351.5,70
20260303,60866000,13:54:26.000,HEDGED_POSITION,FLATTENING,reversion_exit,10352.0,10267.0,10437.0,10351.5,68
20260303,60866000,13:54:26.000,FLATTENING,COOLDOWN,reversion_exit,10352.0,10267.0,10437.0,10351.5,70
20260303,60868000,13:54:28.000,COOLDOWN,FLAT_QUOTING,fair_recovered,10351.0,10266.0,10436.0,,68
20260303,60869000,13:54:29.000,FLAT_QUOTING,LONG_PENDING_HEDGE,target_fill,10351.0,10266.0,10436.0,10352.75,69
20260303,60870000,13:54:30.000,LONG_PENDING_HEDGE,HEDGED_POSITION,hedge_fill,10351.0,10266.0,10436.0,10354.25,70
20260303,60871000,13:54:31.000,HEDGED_POSITION,FLATTENING,reversion_exit,10351.0,10266.0,10436.0,10353.0,68
20260303,60871000,13:54:31.000,FLATTENING,COOLDOWN,reversion_exit,10351.0,10266.0,10436.0,10353.0,70
20260303,60873000,13:54:33.000,COOLDOWN,FLAT_QUOTING,fair_recovered,10353.0,10268.0,10438.0,10353.0,68
20260303,60874000,13:54:34.000,FLAT_QUOTING,LONG_PENDING_HEDGE,target_fill,10353.0,10268.0,10438.0,10353.0,69
20260303,60875000,13:54:35.000,LONG_PENDING_HEDGE,EMERGENCY_FLATTEN,hedge_quote_timeout,10353.0,10268.0,10438.0,,70
20260303,60875000,13:54:35.000,EMERGENCY_FLATTEN,COOLDOWN,hedge_failure_exit,10353.0,10268.0,10438.0,,71
20260303,60877000,13:54:37.000,COOLDOWN,FLAT_QUOTING,fair_recovered,10352.0,10267.0,10437.0,10352.5,68
20260303,60878000,13:54:38.000,FLAT_QUOTING,LONG_PENDING_HEDGE,target_fill,10352.0,10267.0,10437.0,10352.5,70
20260303,60879000,13:54:39.000,LONG_PENDING_HEDGE,HEDGED_POSITION,hedge_fill,10352.0,10267.0,10437.0,10351.75,69
20260303,60880000,13:54:40.000,HEDGED_POSITION,FLATTENING,reversion_exit,10352.0,10267.0,10437.0,10352.0,69
20260303,60880000,13:54:40.000,FLATTENING,COOLDOWN,reversion_exit,10352.0,10267.0,10437.0,10352.0,71
20260303,60882000,13:54:42.000,COOLDOWN,FLAT_QUOTING,fair_recovered,10352.0,10267.0,10437.0,10352.0,68
20260303,60883000,13:54:43.000,FLAT_QUOTING,LONG_PENDING_HEDGE,target_fill,10352.0,10267.0,10437.0,10353.25,70
20260303,60884000,13:54:44.000,LONG_PENDING_HEDGE,HEDGED_POSITION,hedge_fill,10352.0,10267.0,10437.0,10355.25,69
20260303,60885000,13:54:45.000,HEDGED_POSITION,FLATTENING,reversion_exit,10352.0,10267.0,10437.0,10354.25,69
20260303,60885000,13:54:45.000,FLATTENING,COOLDOWN,reversion_exit,10352.0,10267.0,10437.0,10354.25,71
20260303,60887000,13:54:47.000,COOLDOWN,FLAT_QUOTING,fair_recovered,10353.0,10268.0,10438.0,10353.25,68
20260303,60888000,13:54:48.000,FLAT_QUOTING,LONG_PENDING_HEDGE,target_fill,10353.0,10268.0,10438.0,10352.75,70
20260303,60889000,13:54:49.000,LONG_PENDING_HEDGE,HEDGED_POSITION,hedge_fill,10353.0,10268.0,10438.0,10352.5,69
20260303,60890000,13:54:50.000,HEDGED_POSITION,FLATTENING,reversion_exit,10353.0,10268.0,10438.0,10351.0,69
20260303,60890000,13:54:50.000,FLATTENING,COOLDOWN,reversion_exit,10353.0,10268.0,10438.0,10351.0,71
20260303,60892000,13:54:52.000,COOLDOWN,FLAT_QUOTING,fair_recovered,10345.0,10260.0,10430.0,10344.75,68
20260303,60893000,13:54:53.000,FLAT_QUOTING,LONG_PENDING_HEDGE,target_fill,10345.0,10260.0,10430.0,10343.75,70
20260303,60894000,13:54:54.000,LONG_PENDING_HEDGE,HEDGED_POSITION,hedge_fill,10345.0,10260.0,10430.0,10343.5,69
20260303,60895000,13:54:55.000,HEDGED_POSITION,FLATTENING,reversion_exit,10345.0,10260.0,10430.0,10343.5,69
20260303,60895000,13:54:55.000,FLATTENING,COOLDOWN,reversion_exit,10345.0,10260.0,10430.0,10343.5,71
20260303,60897000,13:54:57.000,COOLDOWN,FLAT_QUOTING,fair_recovered,10342.0,10257.0,10427.0,10342.0,68
20260303,60898000,13:54:58.000,FLAT_QUOTING,LONG_PENDING_HEDGE,target_fill,10342.0,10257.0,10427.0,10341.5,70
20260303,60899000,13:54:59.000,LONG_PENDING_HEDGE,HEDGED_POSITION,hedge_fill,10342.0,10257.0,10427.0,10341.5,69
20260303,60900000,13:55:00.000,HEDGED_POSITION,FLATTENING,reversion_exit,10342.0,10257.0,10427.0,10340.75,69
20260303,60900000,13:55:00.000,FLATTENING,COOLDOWN,reversion_exit,10342.0,10257.0,10427.0,10340.75,71
20260303,60902000,13:55:02.000,COOLDOWN,FLAT_QUOTING,fair_recovered,10346.0,10261.0,10431.0,10345.5,68
20260303,60903000,13:55:03.000,FLAT_QUOTING,LONG_PENDING_HEDGE,target_fill,10346.0,10261.0,10431.0,10346.5,70
20260303,60904000,13:55:04.000,LONG_PENDING_HEDGE,HEDGED_POSITION,hedge_fill,10346.0,10261.0,10431.0,10348.0,69
20260303,60905000,13:55:05.000,HEDGED_POSITION,FLATTENING,reversion_exit,10346.0,10261.0,10431.0,10349.0,69
20260303,60905000,13:55:05.000,FLATTENING,COOLDOWN,reversion_exit,10346.0,10261.0,10431.0,10349.0,71
20260303,60907000,13:55:07.000,COOLDOWN,FLAT_QUOTING,fair_recovered,10351.0,10266.0,10436.0,10351.25,68
20260303,60908000,13:55:08.000,FLAT_QUOTING,LONG_PENDING_HEDGE,target_fill,10351.0,10266.0,10436.0,10350.75,70
20260303,60909000,13:55:09.000,LONG_PENDING_HEDGE,HEDGED_POSITION,hedge_fill,10351.0,10266.0,10436.0,10350.5,69
20260303,60910000,13:55:10.000,HEDGED_POSITION,FLATTENING,reversion_exit,10351.0,10266.0,10436.0,10351.375,69
20260303,60910000,13:55:10.000,FLATTENING,COOLDOWN,reversion_exit,10351.0,10266.0,10436.0,10351.375,71
20260303,60912000,13:55:12.000,COOLDOWN,FLAT_QUOTING,fair_recovered,10351.0,10266.0,10436.0,10351.125,68
20260303,60913000,13:55:13.000,FLAT_QUOTING,LONG_PENDING_HEDGE,target_fill,10351.0,10266.0,10436.0,10350.625,70
20260303,60914000,13:55:14.000,LONG_PENDING_HEDGE,HEDGED_POSITION,hedge_fill,10351.0,10266.0,10436.0,10351.625,71
20260303,60915000,13:55:15.000,HEDGED_POSITION,FLATTENING,reversion_exit,10351.0,10266.0,10436.0,10351.25,69
20260303,60915000,13:55:15.000,FLATTENING,COOLDOWN,reversion_exit,10351.0,10266.0,10436.0,10351.25,71
20260303,60917000,13:55:17.000,COOLDOWN,FLAT_QUOTING,fair_recovered,10352.0,10267.0,10437.0,10352.0,69
20260303,60918000,13:55:18.000,FLAT_QUOTING,LONG_PENDING_HEDGE,target_fill,10352.0,10267.0,10437.0,10352.25,71
20260303,60919000,13:55:19.000,LONG_PENDING_HEDGE,HEDGED_POSITION,hedge_fill,10352.0,10267.0,10437.0,10353.0,71
20260303,60920000,13:55:20.000,HEDGED_POSITION,FLATTENING,reversion_exit,10352.0,10267.0,10437.0,10354.5,69
20260303,60920000,13:55:20.000,FLATTENING,COOLDOWN,reversion_exit,10352.0,10267.0,10437.0,10354.5,71
20260303,60922000,13:55:22.000,COOLDOWN,FLAT_QUOTING,fair_recovered,10356.0,10271.0,10441.0,10356.5,69
20260303,60923000,13:55:23.000,FLAT_QUOTING,LONG_PENDING_HEDGE,target_fill,10356.0,10271.0,10441.0,10357.25,71
20260303,60924000,13:55:24.000,LONG_PENDING_HEDGE,HEDGED_POSITION,hedge_fill,10356.0,10271.0,10441.0,10357.0,71
20260303,60925000,13:55:25.000,HEDGED_POSITION,FLATTENING,reversion_exit,10356.0,10271.0,10441.0,10357.75,71
20260303,60925000,13:55:25.000,FLATTENING,COOLDOWN,reversion_exit,10356.0,10271.0,10441.0,10357.75,73
20260303,60927000,13:55:27.000,COOLDOWN,FLAT_QUOTING,fair_recovered,10358.0,10273.0,10443.0,10357.75,71
20260303,60928000,13:55:28.000,FLAT_QUOTING,LONG_PENDING_HEDGE,target_fill,10358.0,10273.0,10443.0,10357.75,72
20260303,60929000,13:55:29.000,LONG_PENDING_HEDGE,HEDGED_POSITION,hedge_fill,10358.0,10273.0,10443.0,10358.0,72
20260303,60930000,13:55:30.000,HEDGED_POSITION,FLATTENING,reversion_exit,10358.0,10273.0,10443.0,10358.5,71
20260303,60930000,13:55:30.000,FLATTENING,COOLDOWN,reversion_exit,10358.0,10273.0,10443.0,10358.5,73
20260303,60932000,13:55:32.000,COOLDOWN,FLAT_QUOTING,fair_recovered,10360.0,10275.0,10445.0,10359.75,71
20260303,60933000,13:55:33.000,FLAT_QUOTING,LONG_PENDING_HEDGE,target_fill,10360.0,10275.0,10445.0,10359.0,72
20260303,60934000,13:55:34.000,LONG_PENDING_HEDGE,HEDGED_POSITION,hedge_fill,10360.0,10275.0,10445.0,10361.5,72
20260303,60935000,13:55:35.000,HEDGED_POSITION,FLATTENING,reversion_exit,10360.0,10275.0,10445.0,10363.0,70
20260303,60935000,13:55:35.000,FLATTENING,COOLDOWN,reversion_exit,10360.0,10275.0,10445.0,10363.0,72
20260303,60937000,13:55:37.000,COOLDOWN,FLAT_QUOTING,fair_recovered,10365.0,10280.0,10450.0,10364.75,70
20260303,60938000,13:55:38.000,FLAT_QUOTING,LONG_PENDING_HEDGE,target_fill,10365.0,10280.0,10450.0,10363.5,72
20260303,60939000,13:55:39.000,LONG_PENDING_HEDGE,HEDGED_POSITION,hedge_fill,10365.0,10280.0,10450.0,10365.75,72
20260303,60940000,13:55:40.000,HEDGED_POSITION,FLATTENING,reversion_exit,10365.0,10280.0,10450.0,10365.25,70
20260303,60940000,13:55:40.000,FLATTENING,COOLDOWN,reversion_exit,10365.0,10280.0,10450.0,10365.25,72
20260303,60942000,13:55:42.000,COOLDOWN,FLAT_QUOTING,fair_recovered,10364.0,10279.0,10449.0,10363.5,70
20260303,60943000,13:55:43.000,FLAT_QUOTING,LONG_PENDING_HEDGE,target_fill,10364.0,10279.0,10449.0,10361.0,72
20260303,60944000,13:55:44.000,LONG_PENDING_HEDGE,HEDGED_POSITION,hedge_fill,10364.0,10279.0,10449.0,10361.0,72
20260303,60945000,13:55:45.000,HEDGED_POSITION,FLATTENING,reversion_exit,10364.0,10279.0,10449.0,10360.75,70
20260303,60945000,13:55:45.000,FLATTENING,COOLDOWN,reversion_exit,10364.0,10279.0,10449.0,10360.75,72
20260303,60947000,13:55:47.000,COOLDOWN,FLAT_QUOTING,fair_recovered,10360.0,10275.0,10445.0,10360.5,70
20260303,60948000,13:55:48.000,FLAT_QUOTING,LONG_PENDING_HEDGE,target_fill,10360.0,10275.0,10445.0,10360.75,72
20260303,60949000,13:55:49.000,LONG_PENDING_HEDGE,HEDGED_POSITION,hedge_fill,10360.0,10275.0,10445.0,10362.25,72
20260303,60950000,13:55:50.000,HEDGED_POSITION,FLATTENING,reversion_exit,10360.0,10275.0,10445.0,10362.5,70
20260303,60950000,13:55:50.000,FLATTENING,COOLDOWN,reversion_exit,10360.0,10275.0,10445.0,10362.5,72
20260303,60952000,13:55:52.000,COOLDOWN,FLAT_QUOTING,fair_recovered,10361.0,10276.0,10446.0,10360.75,70
20260303,60953000,13:55:53.000,FLAT_QUOTING,LONG_PENDING_HEDGE,target_fill,10361.0,10276.0,10446.0,10360.75,72
20260303,60954000,13:55:54.000,LONG_PENDING_HEDGE,HEDGED_POSITION,hedge_fill,10361.0,10276.0,10446.0,10360.75,72
20260303,60955000,13:55:55.000,HEDGED_POSITION,FLATTENING,reversion_exit,10361.0,10276.0,10446.0,10361.5,70
20260303,60955000,13:55:55.000,FLATTENING,COOLDOWN,reversion_exit,10361.0,10276.0,10446.0,10361.5,72
20260303,60957000,13:55:57.000,COOLDOWN,FLAT_QUOTING,fair_recovered,10363.0,10278.0,10448.0,10363.25,70
20260303,60958000,13:55:58.000,FLAT_QUOTING,LONG_PENDING_HEDGE,target_fill,10363.0,10278.0,10448.0,10361.75,72
20260303,60959000,13:55:59.000,LONG_PENDING_HEDGE,HEDGED_POSITION,hedge_fill,10363.0,10278.0,10448.0,10361.75,72
20260303,60960000,13:56:00.000,HEDGED_POSITION,FLATTENING,reversion_exit,10363.0,10278.0,10448.0,10361.5,70
20260303,60960000,13:56:00.000,FLATTENING,COOLDOWN,reversion_exit,10363.0,10278.0,10448.0,10361.5,72
20260303,60962000,13:56:02.000,COOLDOWN,FLAT_QUOTING,fair_recovered,10368.0,10283.0,10453.0,,70
20260303,60963000,13:56:03.000,FLAT_QUOTING,LONG_PENDING_HEDGE,target_fill,10368.0,10283.0,10453.0,,72
20260303,60964000,13:56:04.000,LONG_PENDING_HEDGE,HEDGED_POSITION,hedge_fill,10368.0,10283.0,10453.0,,72
20260303,60965000,13:56:05.000,HEDGED_POSITION,FLATTENING,reversion_exit,10368.0,10283.0,10453.0,10362.5,70
20260303,60965000,13:56:05.000,FLATTENING,COOLDOWN,reversion_exit,10368.0,10283.0,10453.0,10362.5,72
20260303,60967000,13:56:07.000,COOLDOWN,FLAT_QUOTING,fair_recovered,10364.0,10279.0,10449.0,10363.75,70
20260303,60968000,13:56:08.000,FLAT_QUOTING,LONG_PENDING_HEDGE,target_fill,10364.0,10279.0,10449.0,10363.5,72
20260303,60969000,13:56:09.000,LONG_PENDING_HEDGE,HEDGED_POSITION,hedge_fill,10364.0,10279.0,10449.0,10362.75,72
20260303,60970000,13:56:10.000,HEDGED_POSITION,FLATTENING,reversion_exit,10364.0,10279.0,10449.0,10362.25,70
20260303,60970000,13:56:10.000,FLATTENING,COOLDOWN,reversion_exit,10364.0,10279.0,10449.0,10362.25,72
20260303,60972000,13:56:12.000,COOLDOWN,FLAT_QUOTING,fair_recovered,10362.0,10277.0,10447.0,10361.75,70
20260303,60973000,13:56:13.000,FLAT_QUOTING,LONG_PENDING_HEDGE,target_fill,10362.0,10277.0,10447.0,10362.875,72
20260303,60974000,13:56:14.000,LONG_PENDING_HEDGE,HEDGED_POSITION,hedge_fill,10362.0,10277.0,10447.0,10363.25,72
20260303,60975000,13:56:15.000,HEDGED_POSITION,FLATTENING,reversion_exit,10362.0,10277.0,10447.0,10363.25,70
20260303,60975000,13:56:15.000,FLATTENING,COOLDOWN,reversion_exit,10362.0,10277.0,10447.0,10363.25,72
20260303,60977000,13:56:17.000,COOLDOWN,FLAT_QUOTING,fair_recovered,10362.0,10277.0,10447.0,10362.25,70
20260303,60978000,13:56:18.000,FLAT_QUOTING,LONG_PENDING_HEDGE,target_fill,10362.0,10277.0,10447.0,10362.25,72
20260303,60979000,13:56:19.000,LONG_PENDING_HEDGE,HEDGED_POSITION,hedge_fill,10362.0,10277.0,10447.0,10362.75,72
20260303,60980000,13:56:20.000,HEDGED_POSITION,FLATTENING,reversion_exit,10362.0,10277.0,10447.0,10363.0,70
20260303,60980000,13:56:20.000,FLATTENING,COOLDOWN,reversion_exit,10362.0,10277.0,10447.0,10363.0,72
20260303,60982000,13:56:22.000,COOLDOWN,FLAT_QUOTING,fair_recovered,10364.0,10279.0,10449.0,10364.25,70
20260303,60983000,13:56:23.000,FLAT_QUOTING,LONG_PENDING_HEDGE,target_fill,10364.0,10279.0,10449.0,10363.5,72
20260303,60984000,13:56:24.000,LONG_PENDING_HEDGE,HEDGED_POSITION,hedge_fill,10364.0,10279.0,10449.0,10363.0,72
20260303,60985000,13:56:25.000,HEDGED_POSITION,FLATTENING,reversion_exit,10364.0,10279.0,10449.0,10362.5,70
20260303,60985000,13:56:25.000,FLATTENING,COOLDOWN,reversion_exit,10364.0,10279.0,10449.0,10362.5,72
20260303,60987000,13:56:27.000,COOLDOWN,FLAT_QUOTING,fair_recovered,10363.0,10278.0,10448.0,10362.875,70
20260303,60988000,13:56:28.000,FLAT_QUOTING,LONG_PENDING_HEDGE,target_fill,10363.0,10278.0,10448.0,10363.125,72
20260303,60989000,13:56:29.000,LONG_PENDING_HEDGE,HEDGED_POSITION,hedge_fill,10363.0,10278.0,10448.0,10363.125,72
20260303,60990000,13:56:30.000,HEDGED_POSITION,FLATTENING,reversion_exit,10363.0,10278.0,10448.0,10363.375,70
20260303,60990000,13:56:30.000,FLATTENING,COOLDOWN,reversion_exit,10363.0,10278.0,10448.0,10363.375,72
20260303,60992000,13:56:32.000,COOLDOWN,FLAT_QUOTING,fair_recovered,10370.0,10285.0,10455.0,,70
20260303,60993000,13:56:33.000,FLAT_QUOTING,LONG_PENDING_HEDGE,target_fill,10370.0,10285.0,10455.0,,72
20260303,60994000,13:56:34.000,LONG_PENDING_HEDGE,HEDGED_POSITION,hedge_fill,10370.0,10285.0,10455.0,,72
20260303,60995000,13:56:35.000,HEDGED_POSITION,FLATTENING,reference_invalid_exit,10370.0,10285.0,10455.0,,70
20260303,60995000,13:56:35.000,FLATTENING,COOLDOWN,reference_invalid_exit,10370.0,10285.0,10455.0,,72
20260303,60997000,13:56:37.000,COOLDOWN,FLAT_QUOTING,fair_recovered,10364.0,10279.0,10449.0,10364.5,70
20260303,60998000,13:56:38.000,FLAT_QUOTING,LONG_PENDING_HEDGE,target_fill,10364.0,10279.0,10449.0,10364.75,72
20260303,60999000,13:56:39.000,LONG_PENDING_HEDGE,HEDGED_POSITION,hedge_fill,10364.0,10279.0,10449.0,10364.5,72
20260303,61000000,13:56:40.000,HEDGED_POSITION,FLATTENING,reversion_exit,10364.0,10279.0,10449.0,10364.5,70
20260303,61000000,13:56:40.000,FLATTENING,COOLDOWN,reversion_exit,10364.0,10279.0,10449.0,10364.5,72
20260303,61002000,13:56:42.000,COOLDOWN,FLAT_QUOTING,fair_recovered,10365.0,10280.0,10450.0,10365.0,70
20260303,61004000,13:56:44.000,FLAT_QUOTING,LONG_PENDING_HEDGE,target_fill,10365.0,10280.0,10450.0,10365.25,71
20260303,61005000,13:56:45.000,LONG_PENDING_HEDGE,HEDGED_POSITION,hedge_fill,10365.0,10280.0,10450.0,10366.0,70
20260303,61006000,13:56:46.000,HEDGED_POSITION,FLATTENING,reversion_exit,10365.0,10280.0,10450.0,10367.0,70
20260303,61006000,13:56:46.000,FLATTENING,COOLDOWN,reversion_exit,10365.0,10280.0,10450.0,10367.0,72
20260303,61008000,13:56:48.000,COOLDOWN,FLAT_QUOTING,fair_recovered,10368.0,10283.0,10453.0,10367.5,69
20260303,61009000,13:56:49.000,FLAT_QUOTING,LONG_PENDING_HEDGE,target_fill,10368.0,10283.0,10453.0,10368.25,71
20260303,61010000,13:56:50.000,LONG_PENDING_HEDGE,HEDGED_POSITION,hedge_fill,10368.0,10283.0,10453.0,10367.25,70
20260303,61011000,13:56:51.000,HEDGED_POSITION,FLATTENING,reversion_exit,10368.0,10283.0,10453.0,10367.25,70
20260303,61011000,13:56:51.000,FLATTENING,COOLDOWN,reversion_exit,10368.0,10283.0,10453.0,10367.25,72
20260303,61013000,13:56:53.000,COOLDOWN,FLAT_QUOTING,fair_recovered,10368.0,10283.0,10453.0,10368.0,69
20260303,61014000,13:56:54.000,FLAT_QUOTING,LONG_PENDING_HEDGE,target_fill,10368.0,10283.0,10453.0,10368.0,71
20260303,61015000,13:56:55.000,LONG_PENDING_HEDGE,HEDGED_POSITION,hedge_fill,10368.0,10283.0,10453.0,10368.25,70
20260303,61016000,13:56:56.000,HEDGED_POSITION,FLATTENING,reversion_exit,10368.0,10283.0,10453.0,10368.25,70
20260303,61016000,13:56:56.000,FLATTENING,COOLDOWN,reversion_exit,10368.0,10283.0,10453.0,10368.25,72
20260303,61018000,13:56:58.000,COOLDOWN,FLAT_QUOTING,fair_recovered,10368.0,10283.0,10453.0,10368.5,69
20260303,61019000,13:56:59.000,FLAT_QUOTING,LONG_PENDING_HEDGE,target_fill,10368.0,10283.0,10453.0,10369.0,71
20260303,61020000,13:57:00.000,LONG_PENDING_HEDGE,HEDGED_POSITION,hedge_fill,10368.0,10283.0,10453.0,10373.75,70
20260303,61021000,13:57:01.000,HEDGED_POSITION,FLATTENING,reversion_exit,10368.0,10283.0,10453.0,10376.25,70
20260303,61021000,13:57:01.000,FLATTENING,COOLDOWN,reversion_exit,10368.0,10283.0,10453.0,10376.25,72
20260303,61023000,13:57:03.000,COOLDOWN,FLAT_QUOTING,fair_recovered,10379.0,10294.0,10464.0,10379.0,69
20260303,61025000,13:57:05.000,FLAT_QUOTING,LONG_PENDING_HEDGE,target_fill,10379.0,10294.0,10464.0,10379.25,69
20260303,61026000,13:57:06.000,LONG_PENDING_HEDGE,HEDGED_POSITION,hedge_fill,10379.0,10294.0,10464.0,10379.75,70
20260303,61027000,13:57:07.000,HEDGED_POSITION,FLATTENING,reference_invalid_exit,10379.0,10294.0,10464.0,10378.25,68
20260303,61027000,13:57:07.000,FLATTENING,COOLDOWN,reference_invalid_exit,10379.0,10294.0,10464.0,10378.25,70
20260303,61029000,13:57:09.000,COOLDOWN,FLAT_QUOTING,fair_recovered,10397.0,10312.0,10482.0,10379.25,68
20260303,61030000,13:57:10.000,FLAT_QUOTING,LONG_PENDING_HEDGE,target_fill,10397.0,10312.0,10482.0,10379.5,69
20260303,61031000,13:57:11.000,LONG_PENDING_HEDGE,HEDGED_POSITION,hedge_fill,10397.0,10312.0,10482.0,10381.75,70
20260303,61032000,13:57:12.000,HEDGED_POSITION,FLATTENING,reference_invalid_exit,10397.0,10312.0,10482.0,10382.0,68
20260303,61032000,13:57:12.000,FLATTENING,COOLDOWN,reference_invalid_exit,10397.0,10312.0,10482.0,10382.0,70
20260303,61034000,13:57:14.000,COOLDOWN,FLAT_QUOTING,fair_recovered,10390.0,10305.0,10475.0,10378.25,68
20260303,61035000,13:57:15.000,FLAT_QUOTING,LONG_PENDING_HEDGE,target_fill,10390.0,10305.0,10475.0,10378.75,69
20260303,61036000,13:57:16.000,LONG_PENDING_HEDGE,HEDGED_POSITION,hedge_fill,10390.0,10305.0,10475.0,10380.25,70
20260303,61037000,13:57:17.000,HEDGED_POSITION,FLATTENING,reference_invalid_exit,10390.0,10305.0,10475.0,10378.75,68
20260303,61037000,13:57:17.000,FLATTENING,COOLDOWN,reference_invalid_exit,10390.0,10305.0,10475.0,10378.75,70
20260303,61039000,13:57:19.000,COOLDOWN,FLAT_QUOTING,fair_recovered,10390.0,10305.0,10475.0,10379.25,68
20260303,61040000,13:57:20.000,FLAT_QUOTING,LONG_PENDING_HEDGE,target_fill,10390.0,10305.0,10475.0,10379.25,69
20260303,61041000,13:57:21.000,LONG_PENDING_HEDGE,HEDGED_POSITION,hedge_fill,10390.0,10305.0,10475.0,10377.75,70
20260303,61042000,13:57:22.000,HEDGED_POSITION,FLATTENING,reference_invalid_exit,10390.0,10305.0,10475.0,10379.125,68
20260303,61042000,13:57:22.000,FLATTENING,COOLDOWN,reference_invalid_exit,10390.0,10305.0,10475.0,10379.125,70
20260303,61044000,13:57:24.000,COOLDOWN,FLAT_QUOTING,fair_recovered,10393.0,10308.0,10478.0,,68
20260303,61045000,13:57:25.000,FLAT_QUOTING,LONG_PENDING_HEDGE,target_fill,10393.0,10308.0,10478.0,,69
20260303,61046000,13:57:26.000,LONG_PENDING_HEDGE,HEDGED_POSITION,hedge_fill,10393.0,10308.0,10478.0,10377.75,70
20260303,61047000,13:57:27.000,HEDGED_POSITION,FLATTENING,reference_invalid_exit,10393.0,10308.0,10478.0,10376.5,68
20260303,61047000,13:57:27.000,FLATTENING,COOLDOWN,reference_invalid_exit,10393.0,10308.0,10478.0,10376.5,70
20260303,61049000,13:57:29.000,COOLDOWN,FLAT_QUOTING,fair_recovered,10388.0,10303.0,10473.0,10374.75,68
20260303,61050000,13:57:30.000,FLAT_QUOTING,LONG_PENDING_HEDGE,target_fill,10388.0,10303.0,10473.0,10377.0,69
20260303,61051000,13:57:31.000,LONG_PENDING_HEDGE,HEDGED_POSITION,hedge_fill,10388.0,10303.0,10473.0,10380.0,70
20260303,61052000,13:57:32.000,HEDGED_POSITION,FLATTENING,reference_invalid_exit,10388.0,10303.0,10473.0,10380.0,68
20260303,61052000,13:57:32.000,FLATTENING,COOLDOWN,reference_invalid_exit,10388.0,10303.0,10473.0,10380.0,70
20260303,61054000,13:57:34.000,COOLDOWN,FLAT_QUOTING,fair_recovered,10393.0,10308.0,10478.0,10380.5,68
20260303,61055000,13:57:35.000,FLAT_QUOTING,LONG_PENDING_HEDGE,target_fill,10393.0,10308.0,10478.0,10381.25,69
20260303,61056000,13:57:36.000,LONG_PENDING_HEDGE,HEDGED_POSITION,hedge_fill,10393.0,10308.0,10478.0,10381.5,70
20260303,61057000,13:57:37.000,HEDGED_POSITION,FLATTENING,reference_invalid_exit,10393.0,10308.0,10478.0,10380.875,68
20260303,61057000,13:57:37.000,FLATTENING,COOLDOWN,reference_invalid_exit,10393.0,10308.0,10478.0,10380.875,70
20260303,61059000,13:57:39.000,COOLDOWN,FLAT_QUOTING,fair_recovered,10393.0,10308.0,10478.0,10381.5,68
20260303,61060000,13:57:40.000,FLAT_QUOTING,LONG_PENDING_HEDGE,target_fill,10393.0,10308.0,10478.0,10382.5,69
20260303,61061000,13:57:41.000,LONG_PENDING_HEDGE,HEDGED_POSITION,hedge_fill,10393.0,10308.0,10478.0,10382.75,70
20260303,61062000,13:57:42.000,HEDGED_POSITION,FLATTENING,reference_invalid_exit,10393.0,10308.0,10478.0,10382.5,68
20260303,61062000,13:57:42.000,FLATTENING,COOLDOWN,reference_invalid_exit,10393.0,10308.0,10478.0,10382.5,70
20260303,61064000,13:57:44.000,COOLDOWN,FLAT_QUOTING,fair_recovered,10396.0,10311.0,10481.0,10383.125,69
20260303,61065000,13:57:45.000,FLAT_QUOTING,LONG_PENDING_HEDGE,target_fill,10396.0,10311.0,10481.0,10383.5,71
20260303,61066000,13:57:46.000,LONG_PENDING_HEDGE,HEDGED_POSITION,hedge_fill,10396.0,10311.0,10481.0,10383.5,70
20260303,61067000,13:57:47.000,HEDGED_POSITION,FLATTENING,reference_invalid_exit,10396.0,10311.0,10481.0,10384.0,70
20260303,61067000,13:57:47.000,FLATTENING,COOLDOWN,reference_invalid_exit,10396.0,10311.0,10481.0,10384.0,72
20260303,61069000,13:57:49.000,COOLDOWN,FLAT_QUOTING,fair_recovered,10406.0,10321.0,10491.0,10389.25,69
20260303,61070000,13:57:50.000,FLAT_QUOTING,LONG_PENDING_HEDGE,target_fill,10406.0,10321.0,10491.0,,71
20260303,61071000,13:57:51.000,LONG_PENDING_HEDGE,HEDGED_POSITION,hedge_fill,10406.0,10321.0,10491.0,10397.5,70
20260303,61072000,13:57:52.000,HEDGED_POSITION,FLATTENING,reference_invalid_exit,10406.0,10321.0,10491.0,10396.5,70
20260303,61072000,13:57:52.000,FLATTENING,COOLDOWN,reference_invalid_exit,10406.0,10321.0,10491.0,10396.5,72
20260303,61074000,13:57:54.000,COOLDOWN,FLAT_QUOTING,fair_recovered,10413.0,10328.0,10498.0,10395.5,69
20260303,61075000,13:57:55.000,FLAT_QUOTING,LONG_PENDING_HEDGE,target_fill,10413.0,10328.0,10498.0,10394.75,71
20260303,61076000,13:57:56.000,LONG_PENDING_HEDGE,HEDGED_POSITION,hedge_fill,10413.0,10328.0,10498.0,10397.0,70
20260303,61077000,13:57:57.000,HEDGED_POSITION,FLATTENING,reference_invalid_exit,10413.0,10328.0,10498.0,10396.0,70
20260303,61077000,13:57:57.000,FLATTENING,COOLDOWN,reference_invalid_exit,10413.0,10328.0,10498.0,10396.0,72
20260303,61079000,13:57:59.000,COOLDOWN,FLAT_QUOTING,fair_recovered,10412.0,10327.0,10497.0,10393.75,69
20260303,61080000,13:58:00.000,FLAT_QUOTING,LONG_PENDING_HEDGE,target_fill,10412.0,10327.0,10497.0,10396.5,71
20260303,61081000,13:58:01.000,LONG_PENDING_HEDGE,HEDGED_POSITION,hedge_fill,10412.0,10327.0,10497.0,10394.625,70
20260303,61082000,13:58:02.000,HEDGED_POSITION,FLATTENING,reference_invalid_exit,10412.0,10327.0,10497.0,10394.75,70
20260303,61082000,13:58:02.000,FLATTENING,COOLDOWN,reference_invalid_exit,10412.0,10327.0,10497.0,10394.75,72
20260303,61084000,13:58:04.000,COOLDOWN,FLAT_QUOTING,fair_recovered,10413.0,10328.0,10498.0,10392.5,70
20260303,61085000,13:58:05.000,FLAT_QUOTING,LONG_PENDING_HEDGE,target_fill,10413.0,10328.0,10498.0,10391.5,72
20260303,61086000,13:58:06.000,LONG_PENDING_HEDGE,HEDGED_POSITION,hedge_fill,10413.0,10328.0,10498.0,10387.125,72
20260303,61087000,13:58:07.000,HEDGED_POSITION,FLATTENING,reference_invalid_exit,10413.0,10328.0,10498.0,10387.25,70
20260303,61087000,13:58:07.000,FLATTENING,COOLDOWN,reference_invalid_exit,10413.0,10328.0,10498.0,10387.25,72
20260303,61089000,13:58:09.000,COOLDOWN,FLAT_QUOTING,fair_recovered,10406.0,10321.0,10491.0,10389.0,70
20260303,61090000,13:58:10.000,FLAT_QUOTING,LONG_PENDING_HEDGE,target_fill,10406.0,10321.0,10491.0,10388.75,72
20260303,61091000,13:58:11.000,LONG_PENDING_HEDGE,HEDGED_POSITION,hedge_fill,10406.0,10321.0,10491.0,10387.875,72
20260303,61092000,13:58:12.000,HEDGED_POSITION,FLATTENING,reference_invalid_exit,10406.0,10321.0,10491.0,10387.75,70
20260303,61092000,13:58:12.000,FLATTENING,COOLDOWN,reference_invalid_exit,10406.0,10321.0,10491.0,10387.75,72
20260303,61094000,13:58:14.000,COOLDOWN,FLAT_QUOTING,fair_recovered,10405.0,10320.0,10490.0,10386.75,70
20260303,61095000,13:58:15.000,FLAT_QUOTING,LONG_PENDING_HEDGE,target_fill,10405.0,10320.0,10490.0,10388.0,72
20260303,61096000,13:58:16.000,LONG_PENDING_HEDGE,HEDGED_POSITION,hedge_fill,10405.0,10320.0,10490.0,10386.125,72
20260303,61097000,13:58:17.000,HEDGED_POSITION,FLATTENING,reference_invalid_exit,10405.0,10320.0,10490.0,10387.0,70
20260303,61097000,13:58:17.000,FLATTENING,COOLDOWN,reference_invalid_exit,10405.0,10320.0,10490.0,10387.0,72
20260303,61099000,13:58:19.000,COOLDOWN,FLAT_QUOTING,fair_recovered,10404.0,10319.0,10489.0,10387.875,70
20260303,61100000,13:58:20.000,FLAT_QUOTING,LONG_PENDING_HEDGE,target_fill,10404.0,10319.0,10489.0,10387.25,72
20260303,61101000,13:58:21.000,LONG_PENDING_HEDGE,HEDGED_POSITION,hedge_fill,10404.0,10319.0,10489.0,10387.25,72
20260303,61102000,13:58:22.000,HEDGED_POSITION,FLATTENING,reference_invalid_exit,10404.0,10319.0,10489.0,10385.75,70
20260303,61102000,13:58:22.000,FLATTENING,COOLDOWN,reference_invalid_exit,10404.0,10319.0,10489.0,10385.75,72
20260303,61104000,13:58:24.000,COOLDOWN,FLAT_QUOTING,fair_recovered,10402.0,10317.0,10487.0,10384.375,70
20260303,61105000,13:58:25.000,FLAT_QUOTING,LONG_PENDING_HEDGE,target_fill,10402.0,10317.0,10487.0,10383.5,72
20260303,61106000,13:58:26.000,LONG_PENDING_HEDGE,HEDGED_POSITION,hedge_fill,10402.0,10317.0,10487.0,10383.5,72
20260303,61107000,13:58:27.000,HEDGED_POSITION,FLATTENING,reference_invalid_exit,10402.0,10317.0,10487.0,10383.5,70
20260303,61107000,13:58:27.000,FLATTENING,COOLDOWN,reference_invalid_exit,10402.0,10317.0,10487.0,10383.5,72
20260303,61109000,13:58:29.000,COOLDOWN,FLAT_QUOTING,fair_recovered,10402.0,10317.0,10487.0,10385.0,70
20260303,61110000,13:58:30.000,FLAT_QUOTING,LONG_PENDING_HEDGE,target_fill,10402.0,10317.0,10487.0,10385.5,72
20260303,61111000,13:58:31.000,LONG_PENDING_HEDGE,HEDGED_POSITION,hedge_fill,10402.0,10317.0,10487.0,10385.5,72
20260303,61112000,13:58:32.000,HEDGED_POSITION,FLATTENING,reference_invalid_exit,10402.0,10317.0,10487.0,10385.5,70
20260303,61112000,13:58:32.000,FLATTENING,COOLDOWN,reference_invalid_exit,10402.0,10317.0,10487.0,10385.5,72
20260303,61114000,13:58:34.000,COOLDOWN,FLAT_QUOTING,fair_recovered,10400.0,10315.0,10485.0,10384.25,70
20260303,61115000,13:58:35.000,FLAT_QUOTING,LONG_PENDING_HEDGE,target_fill,10400.0,10315.0,10485.0,10384.25,72
20260303,61116000,13:58:36.000,LONG_PENDING_HEDGE,HEDGED_POSITION,hedge_fill,10400.0,10315.0,10485.0,10384.25,72
20260303,61117000,13:58:37.000,HEDGED_POSITION,FLATTENING,reference_invalid_exit,10400.0,10315.0,10485.0,10383.5,70
20260303,61117000,13:58:37.000,FLATTENING,COOLDOWN,reference_invalid_exit,10400.0,10315.0,10485.0,10383.5,72
20260303,61119000,13:58:39.000,COOLDOWN,FLAT_QUOTING,fair_recovered,10403.0,10318.0,10488.0,10385.75,70
20260303,61120000,13:58:40.000,FLAT_QUOTING,LONG_PENDING_HEDGE,target_fill,10403.0,10318.0,10488.0,10384.5,72
20260303,61121000,13:58:41.000,LONG_PENDING_HEDGE,HEDGED_POSITION,hedge_fill,10403.0,10318.0,10488.0,10384.5,72
20260303,61122000,13:58:42.000,HEDGED_POSITION,FLATTENING,reference_invalid_exit,10403.0,10318.0,10488.0,10384.125,70
20260303,61122000,13:58:42.000,FLATTENING,COOLDOWN,reference_invalid_exit,10403.0,10318.0,10488.0,10384.125,72
20260303,61124000,13:58:44.000,COOLDOWN,FLAT_QUOTING,fair_recovered,10401.0,10316.0,10486.0,10383.25,70
20260303,61126000,13:58:46.000,FLAT_QUOTING,LONG_PENDING_HEDGE,target_fill,10401.0,10316.0,10486.0,10385.25,71
20260303,61127000,13:58:47.000,LONG_PENDING_HEDGE,HEDGED_POSITION,hedge_fill,10401.0,10316.0,10486.0,10385.75,70
20260303,61128000,13:58:48.000,HEDGED_POSITION,FLATTENING,reference_invalid_exit,10401.0,10316.0,10486.0,10383.0,70
20260303,61128000,13:58:48.000,FLATTENING,COOLDOWN,reference_invalid_exit,10401.0,10316.0,10486.0,10383.0,72
20260303,61130000,13:58:50.000,COOLDOWN,FLAT_QUOTING,fair_recovered,10401.0,10316.0,10486.0,10380.25,69
20260303,61131000,13:58:51.000,FLAT_QUOTING,LONG_PENDING_HEDGE,target_fill,10401.0,10316.0,10486.0,10380.0,71
20260303,61132000,13:58:52.000,LONG_PENDING_HEDGE,HEDGED_POSITION,hedge_fill,10401.0,10316.0,10486.0,10380.5,70
20260303,61133000,13:58:53.000,HEDGED_POSITION,FLATTENING,reference_invalid_exit,10401.0,10316.0,10486.0,10379.875,70
20260303,61133000,13:58:53.000,FLATTENING,COOLDOWN,reference_invalid_exit,10401.0,10316.0,10486.0,10379.875,72
20260303,61135000,13:58:55.000,COOLDOWN,FLAT_QUOTING,fair_recovered,10402.0,10317.0,10487.0,10382.0,69
20260303,61136000,13:58:56.000,FLAT_QUOTING,LONG_PENDING_HEDGE,target_fill,10402.0,10317.0,10487.0,10375.0,71
20260303,61137000,13:58:57.000,LONG_PENDING_HEDGE,HEDGED_POSITION,hedge_fill,10402.0,10317.0,10487.0,10374.375,70
20260303,61138000,13:58:58.000,HEDGED_POSITION,FLATTENING,reference_invalid_exit,10402.0,10317.0,10487.0,10383.5,70
20260303,61138000,13:58:58.000,FLATTENING,COOLDOWN,reference_invalid_exit,10402.0,10317.0,10487.0,10383.5,72
20260303,61140000,13:59:00.000,COOLDOWN,FLAT_QUOTING,fair_recovered,10402.0,10317.0,10487.0,10382.75,69
20260303,61141000,13:59:01.000,FLAT_QUOTING,LONG_PENDING_HEDGE,target_fill,10402.0,10317.0,10487.0,,71
20260303,61142000,13:59:02.000,LONG_PENDING_HEDGE,HEDGED_POSITION,hedge_fill,10402.0,10317.0,10487.0,10380.875,70
20260303,61143000,13:59:03.000,HEDGED_POSITION,FLATTENING,reference_invalid_exit,10402.0,10317.0,10487.0,10379.75,70
20260303,61143000,13:59:03.000,FLATTENING,COOLDOWN,reference_invalid_exit,10402.0,10317.0,10487.0,10379.75,72
20260303,61145000,13:59:05.000,COOLDOWN,FLAT_QUOTING,fair_recovered,10398.0,10313.0,10483.0,10379.25,69
20260303,61146000,13:59:06.000,FLAT_QUOTING,LONG_PENDING_HEDGE,target_fill,10398.0,10313.0,10483.0,10379.0,71
20260303,61147000,13:59:07.000,LONG_PENDING_HEDGE,HEDGED_POSITION,hedge_fill,10398.0,10313.0,10483.0,10378.5,70
20260303,61148000,13:59:08.000,HEDGED_POSITION,FLATTENING,reference_invalid_exit,10398.0,10313.0,10483.0,10379.0,70
20260303,61148000,13:59:08.000,FLATTENING,COOLDOWN,reference_invalid_exit,10398.0,10313.0,10483.0,10379.0,72
20260303,61150000,13:59:10.000,COOLDOWN,FLAT_QUOTING,fair_recovered,10397.0,10312.0,10482.0,10378.75,69
20260303,61151000,13:59:11.000,FLAT_QUOTING,LONG_PENDING_HEDGE,target_fill,10397.0,10312.0,10482.0,10379.0,71
20260303,61152000,13:59:12.000,LONG_PENDING_HEDGE,HEDGED_POSITION,hedge_fill,10397.0,10312.0,10482.0,,70
20260303,61153000,13:59:13.000,HEDGED_POSITION,FLATTENING,reference_invalid_exit,10397.0,10312.0,10482.0,,70
20260303,61153000,13:59:13.000,FLATTENING,COOLDOWN,reference_invalid_exit,10397.0,10312.0,10482.0,,72
20260303,61155000,13:59:15.000,COOLDOWN,FLAT_QUOTING,fair_recovered,10402.0,10317.0,10487.0,10382.75,69
20260303,61156000,13:59:16.000,FLAT_QUOTING,LONG_PENDING_HEDGE,target_fill,10402.0,10317.0,10487.0,10382.75,71
20260303,61157000,13:59:17.000,LONG_PENDING_HEDGE,HEDGED_POSITION,hedge_fill,10402.0,10317.0,10487.0,10383.75,70
20260303,61158000,13:59:18.000,HEDGED_POSITION,FLATTENING,reference_invalid_exit,10402.0,10317.0,10487.0,10383.25,70
20260303,61158000,13:59:18.000,FLATTENING,COOLDOWN,reference_invalid_exit,10402.0,10317.0,10487.0,10383.25,72
20260303,61160000,13:59:20.000,COOLDOWN,FLAT_QUOTING,fair_recovered,10398.0,10313.0,10483.0,10381.25,69
20260303,61161000,13:59:21.000,FLAT_QUOTING,LONG_PENDING_HEDGE,target_fill,10398.0,10313.0,10483.0,10379.5,71
20260303,61162000,13:59:22.000,LONG_PENDING_HEDGE,HEDGED_POSITION,hedge_fill,10398.0,10313.0,10483.0,10378.25,70
20260303,61163000,13:59:23.000,HEDGED_POSITION,FLATTENING,reference_invalid_exit,10398.0,10313.0,10483.0,10378.0,70
20260303,61163000,13:59:23.000,FLATTENING,COOLDOWN,reference_invalid_exit,10398.0,10313.0,10483.0,10378.0,72
20260303,61165000,13:59:25.000,COOLDOWN,FLAT_QUOTING,fair_recovered,10391.0,10306.0,10476.0,10377.0,69
20260303,61166000,13:59:26.000,FLAT_QUOTING,LONG_PENDING_HEDGE,target_fill,10391.0,10306.0,10476.0,10376.25,71
20260303,61167000,13:59:27.000,LONG_PENDING_HEDGE,HEDGED_POSITION,hedge_fill,10391.0,10306.0,10476.0,10375.75,70
20260303,61168000,13:59:28.000,HEDGED_POSITION,FLATTENING,reference_invalid_exit,10391.0,10306.0,10476.0,10376.0,70
20260303,61168000,13:59:28.000,FLATTENING,COOLDOWN,reference_invalid_exit,10391.0,10306.0,10476.0,10376.0,72
20260303,61170000,13:59:30.000,COOLDOWN,FLAT_QUOTING,fair_recovered,10391.0,10306.0,10476.0,10377.875,69
20260303,61171000,13:59:31.000,FLAT_QUOTING,LONG_PENDING_HEDGE,target_fill,10391.0,10306.0,10476.0,10377.25,71
20260303,61172000,13:59:32.000,LONG_PENDING_HEDGE,HEDGED_POSITION,hedge_fill,10391.0,10306.0,10476.0,10378.875,70
20260303,61173000,13:59:33.000,HEDGED_POSITION,FLATTENING,reference_invalid_exit,10391.0,10306.0,10476.0,10379.0,70
20260303,61173000,13:59:33.000,FLATTENING,COOLDOWN,reference_invalid_exit,10391.0,10306.0,10476.0,10379.0,72
20260303,61175000,13:59:35.000,COOLDOWN,FLAT_QUOTING,fair_recovered,10390.0,10305.0,10475.0,10379.625,69
20260303,61176000,13:59:36.000,FLAT_QUOTING,LONG_PENDING_HEDGE,target_fill,10390.0,10305.0,10475.0,10379.75,71
20260303,61177000,13:59:37.000,LONG_PENDING_HEDGE,HEDGED_POSITION,hedge_fill,10390.0,10305.0,10475.0,10380.0,70
20260303,61178000,13:59:38.000,HEDGED_POSITION,FLATTENING,reference_invalid_exit,10390.0,10305.0,10475.0,10381.125,70
20260303,61178000,13:59:38.000,FLATTENING,COOLDOWN,reference_invalid_exit,10390.0,10305.0,10475.0,10381.125,72
20260303,61180000,13:59:40.000,COOLDOWN,FLAT_QUOTING,fair_recovered,10391.0,10306.0,10476.0,10383.25,69
20260303,61181000,13:59:41.000,FLAT_QUOTING,LONG_PENDING_HEDGE,target_fill,10391.0,10306.0,10476.0,10383.375,71
20260303,61182000,13:59:42.000,LONG_PENDING_HEDGE,HEDGED_POSITION,hedge_fill,10391.0,10306.0,10476.0,,70
20260303,61183000,13:59:43.000,HEDGED_POSITION,FLATTENING,reference_invalid_exit,10391.0,10306.0,10476.0,,70
20260303,61183000,13:59:43.000,FLATTENING,COOLDOWN,reference_invalid_exit,10391.0,10306.0,10476.0,,72
20260303,61185000,13:59:45.000,COOLDOWN,FLAT_QUOTING,fair_recovered,10384.0,10299.0,10469.0,10384.5,70
20260303,61186000,13:59:46.000,FLAT_QUOTING,LONG_PENDING_HEDGE,target_fill,10384.0,10299.0,10469.0,10385.25,72
20260303,61187000,13:59:47.000,LONG_PENDING_HEDGE,HEDGED_POSITION,hedge_fill,10384.0,10299.0,10469.0,10385.5,72
20260303,61188000,13:59:48.000,HEDGED_POSITION,FLATTENING,reference_invalid_exit,10384.0,10299.0,10469.0,10386.125,70
20260303,61188000,13:59:48.000,FLATTENING,COOLDOWN,reference_invalid_exit,10384.0,10299.0,10469.0,10386.125,72
20260303,61190000,13:59:50.000,COOLDOWN,FLAT_QUOTING,fair_recovered,10386.0,10301.0,10471.0,10386.125,70
20260303,61191000,13:59:51.000,FLAT_QUOTING,LONG_PENDING_HEDGE,target_fill,10386.0,10301.0,10471.0,10385.875,72
20260303,61192000,13:59:52.000,LONG_PENDING_HEDGE,HEDGED_POSITION,hedge_fill,10386.0,10301.0,10471.0,10385.875,72
20260303,61193000,13:59:53.000,HEDGED_POSITION,FLATTENING,reversion_exit,10386.0,10301.0,10471.0,10385.75,70
20260303,61193000,13:59:53.000,FLATTENING,COOLDOWN,reversion_exit,10386.0,10301.0,10471.0,10385.75,72
20260303,61195000,13:59:55.000,COOLDOWN,FLAT_QUOTING,fair_recovered,10392.0,10307.0,10477.0,10385.5,70
20260303,61196000,13:59:56.000,FLAT_QUOTING,LONG_PENDING_HEDGE,target_fill,10392.0,10307.0,10477.0,10386.5,72
20260303,61197000,13:59:57.000,LONG_PENDING_HEDGE,HEDGED_POSITION,hedge_fill,10392.0,10307.0,10477.0,10386.5,72
20260303,61198000,13:59:58.000,HEDGED_POSITION,FLATTENING,reversion_exit,10392.0,10307.0,10477.0,10386.5,70
20260303,61198000,13:59:58.000,FLATTENING,COOLDOWN,reversion_exit,10392.0,10307.0,10477.0,10386.5,72
20260303,61200000,14:00:00.000,COOLDOWN,FLAT_QUOTING,fair_recovered,10395.0,10310.0,10480.0,10388.125,70
20260303,61201000,14:00:01.000,FLAT_QUOTING,LONG_PENDING_HEDGE,target_fill,10395.0,10310.0,10480.0,10390.5,72
20260303,61202000,14:00:02.000,LONG_PENDING_HEDGE,HEDGED_POSITION,hedge_fill,10395.0,10310.0,10480.0,10392.5,72
20260303,61203000,14:00:03.000,HEDGED_POSITION,FLATTENING,reference_invalid_exit,10395.0,10310.0,10480.0,10391.875,70
20260303,61203000,14:00:03.000,FLATTENING,COOLDOWN,reference_invalid_exit,10395.0,10310.0,10480.0,10391.875,72
20260303,61205000,14:00:05.000,COOLDOWN,FLAT_QUOTING,fair_recovered,10402.0,10317.0,10487.0,10392.0,70
20260303,61206000,14:00:06.000,FLAT_QUOTING,LONG_PENDING_HEDGE,target_fill,10402.0,10317.0,10487.0,10392.0,72
20260303,61207000,14:00:07.000,LONG_PENDING_HEDGE,HEDGED_POSITION,hedge_fill,10402.0,10317.0,10487.0,10392.625,72
20260303,61208000,14:00:08.000,HEDGED_POSITION,FLATTENING,reference_invalid_exit,10402.0,10317.0,10487.0,10393.25,70
20260303,61208000,14:00:08.000,FLATTENING,COOLDOWN,reference_invalid_exit,10402.0,10317.0,10487.0,10393.25,72
20260303,61210000,14:00:10.000,COOLDOWN,FLAT_QUOTING,fair_recovered,10404.0,10319.0,10489.0,10393.75,70
20260303,61211000,14:00:11.000,FLAT_QUOTING,LONG_PENDING_HEDGE,target_fill,10404.0,10319.0,10489.0,10394.0,72
20260303,61212000,14:00:12.000,LONG_PENDING_HEDGE,HEDGED_POSITION,hedge_fill,10404.0,10319.0,10489.0,10393.5,72
20260303,61213000,14:00:13.000,HEDGED_POSITION,FLATTENING,reference_invalid_exit,10404.0,10319.0,10489.0,10392.25,70
20260303,61213000,14:00:13.000,FLATTENING,COOLDOWN,reference_invalid_exit,10404.0,10319.0,10489.0,10392.25,72
20260303,61215000,14:00:15.000,COOLDOWN,FLAT_QUOTING,fair_recovered,10405.0,10320.0,10490.0,10393.75,70
20260303,61216000,14:00:16.000,FLAT_QUOTING,LONG_PENDING_HEDGE,target_fill,10405.0,10320.0,10490.0,10395.25,72
20260303,61217000,14:00:17.000,LONG_PENDING_HEDGE,HEDGED_POSITION,hedge_fill,10405.0,10320.0,10490.0,10398.0,72
20260303,61218000,14:00:18.000,HEDGED_POSITION,FLATTENING,reference_invalid_exit,10405.0,10320.0,10490.0,10398.5,70
20260303,61218000,14:00:18.000,FLATTENING,COOLDOWN,reference_invalid_exit,10405.0,10320.0,10490.0,10398.5,72
20260303,61220000,14:00:20.000,COOLDOWN,FLAT_QUOTING,fair_recovered,10412.0,10327.0,10497.0,10399.75,70
20260303,61221000,14:00:21.000,FLAT_QUOTING,LONG_PENDING_HEDGE,target_fill,10412.0,10327.0,10497.0,10399.25,72
20260303,61222000,14:00:22.000,LONG_PENDING_HEDGE,HEDGED_POSITION,hedge_fill,10412.0,10327.0,10497.0,10403.5,72
20260303,61223000,14:00:23.000,HEDGED_POSITION,FLATTENING,reference_invalid_exit,10412.0,10327.0,10497.0,10405.25,70
20260303,61223000,14:00:23.000,FLATTENING,COOLDOWN,reference_invalid_exit,10412.0,10327.0,10497.0,10405.25,72
20260303,61225000,14:00:25.000,COOLDOWN,FLAT_QUOTING,fair_recovered,10428.0,10343.0,10513.0,,70
20260303,61226000,14:00:26.000,FLAT_QUOTING,LONG_PENDING_HEDGE,target_fill,10428.0,10343.0,10513.0,10419.75,72
20260303,61227000,14:00:27.000,LONG_PENDING_HEDGE,HEDGED_POSITION,hedge_fill,10428.0,10343.0,10513.0,10423.0,72
20260303,61228000,14:00:28.000,HEDGED_POSITION,FLATTENING,reference_invalid_exit,10428.0,10343.0,10513.0,10425.25,70
20260303,61228000,14:00:28.000,FLATTENING,COOLDOWN,reference_invalid_exit,10428.0,10343.0,10513.0,10425.25,72
20260303,61230000,14:00:30.000,COOLDOWN,FLAT_QUOTING,fair_recovered,10441.0,10356.0,10526.0,10429.0,70
20260303,61231000,14:00:31.000,FLAT_QUOTING,LONG_PENDING_HEDGE,target_fill,10441.0,10356.0,10526.0,,72
20260303,61232000,14:00:32.000,LONG_PENDING_HEDGE,HEDGED_POSITION,hedge_fill,10441.0,10356.0,10526.0,10430.25,72
20260303,61233000,14:00:33.000,HEDGED_POSITION,FLATTENING,reference_invalid_exit,10441.0,10356.0,10526.0,10429.25,70
20260303,61233000,14:00:33.000,FLATTENING,COOLDOWN,reference_invalid_exit,10441.0,10356.0,10526.0,10429.25,72
20260303,61235000,14:00:35.000,COOLDOWN,FLAT_QUOTING,fair_recovered,10442.0,10357.0,10527.0,10429.25,70
20260303,61236000,14:00:36.000,FLAT_QUOTING,LONG_PENDING_HEDGE,target_fill,10442.0,10357.0,10527.0,10433.375,72
20260303,61237000,14:00:37.000,LONG_PENDING_HEDGE,HEDGED_POSITION,hedge_fill,10442.0,10357.0,10527.0,10433.5,72
20260303,61238000,14:00:38.000,HEDGED_POSITION,FLATTENING,reference_invalid_exit,10442.0,10357.0,10527.0,10434.75,70
20260303,61238000,14:00:38.000,FLATTENING,COOLDOWN,reference_invalid_exit,10442.0,10357.0,10527.0,10434.75,72
20260303,61240000,14:00:40.000,COOLDOWN,FLAT_QUOTING,fair_recovered,10445.0,10360.0,10530.0,10434.0,70
20260303,61241000,14:00:41.000,FLAT_QUOTING,LONG_PENDING_HEDGE,target_fill,10445.0,10360.0,10530.0,10435.125,72
20260303,61242000,14:00:42.000,LONG_PENDING_HEDGE,HEDGED_POSITION,hedge_fill,10445.0,10360.0,10530.0,10438.25,72
20260303,61243000,14:00:43.000,HEDGED_POSITION,FLATTENING,reference_invalid_exit,10445.0,10360.0,10530.0,10445.875,70
20260303,61243000,14:00:43.000,FLATTENING,COOLDOWN,reference_invalid_exit,10445.0,10360.0,10530.0,10445.875,72
20260303,61245000,14:00:45.000,COOLDOWN,FLAT_QUOTING,fair_recovered,10460.0,10375.0,10545.0,10446.5,70
20260303,61246000,14:00:46.000,FLAT_QUOTING,LONG_PENDING_HEDGE,target_fill,10460.0,10375.0,10545.0,10447.875,72
20260303,61247000,14:00:47.000,LONG_PENDING_HEDGE,HEDGED_POSITION,hedge_fill,10460.0,10375.0,10545.0,10444.5,72
20260303,61248000,14:00:48.000,HEDGED_POSITION,FLATTENING,reference_invalid_exit,10460.0,10375.0,10545.0,10446.75,70
20260303,61248000,14:00:48.000,FLATTENING,COOLDOWN,reference_invalid_exit,10460.0,10375.0,10545.0,10446.75,72
20260303,61250000,14:00:50.000,COOLDOWN,FLAT_QUOTING,fair_recovered,10458.0,10373.0,10543.0,10441.25,70
20260303,61251000,14:00:51.000,FLAT_QUOTING,LONG_PENDING_HEDGE,target_fill,10458.0,10373.0,10543.0,10442.0,72
20260303,61252000,14:00:52.000,LONG_PENDING_HEDGE,HEDGED_POSITION,hedge_fill,10458.0,10373.0,10543.0,10442.5,72
20260303,61253000,14:00:53.000,HEDGED_POSITION,FLATTENING,reference_invalid_exit,10458.0,10373.0,10543.0,10444.25,70
20260303,61253000,14:00:53.000,FLATTENING,COOLDOWN,reference_invalid_exit,10458.0,10373.0,10543.0,10444.25,72
20260303,61255000,14:00:55.000,COOLDOWN,FLAT_QUOTING,fair_recovered,10461.0,10376.0,10546.0,10444.625,70
20260303,61256000,14:00:56.000,FLAT_QUOTING,LONG_PENDING_HEDGE,target_fill,10461.0,10376.0,10546.0,10446.875,72
20260303,61257000,14:00:57.000,LONG_PENDING_HEDGE,HEDGED_POSITION,hedge_fill,10461.0,10376.0,10546.0,10448.0,72
20260303,61258000,14:00:58.000,HEDGED_POSITION,FLATTENING,reference_invalid_exit,10461.0,10376.0,10546.0,10445.75,70
20260303,61258000,14:00:58.000,FLATTENING,COOLDOWN,reference_invalid_exit,10461.0,10376.0,10546.0,10445.75,72
20260303,61260000,14:01:00.000,COOLDOWN,FLAT_QUOTING,fair_recovered,10459.0,10374.0,10544.0,10444.375,70
20260303,61261000,14:01:01.000,FLAT_QUOTING,LONG_PENDING_HEDGE,target_fill,10459.0,10374.0,10544.0,10443.25,72
20260303,61262000,14:01:02.000,LONG_PENDING_HEDGE,HEDGED_POSITION,hedge_fill,10459.0,10374.0,10544.0,10444.25,72
20260303,61263000,14:01:03.000,HEDGED_POSITION,FLATTENING,reference_invalid_exit,10459.0,10374.0,10544.0,10444.75,70
20260303,61263000,14:01:03.000,FLATTENING,COOLDOWN,reference_invalid_exit,10459.0,10374.0,10544.0,10444.75,72
20260303,61265000,14:01:05.000,COOLDOWN,FLAT_QUOTING,fair_recovered,10460.0,10375.0,10545.0,10446.0,70
20260303,61266000,14:01:06.000,FLAT_QUOTING,LONG_PENDING_HEDGE,target_fill,10460.0,10375.0,10545.0,10446.25,72
20260303,61267000,14:01:07.000,LONG_PENDING_HEDGE,HEDGED_POSITION,hedge_fill,10460.0,10375.0,10545.0,10444.5,72
20260303,61268000,14:01:08.000,HEDGED_POSITION,FLATTENING,reference_invalid_exit,10460.0,10375.0,10545.0,10445.25,70
20260303,61268000,14:01:08.000,FLATTENING,COOLDOWN,reference_invalid_exit,10460.0,10375.0,10545.0,10445.25,72
20260303,61270000,14:01:10.000,COOLDOWN,FLAT_QUOTING,fair_recovered,10459.0,10374.0,10544.0,10444.75,70
20260303,61271000,14:01:11.000,FLAT_QUOTING,LONG_PENDING_HEDGE,target_fill,10459.0,10374.0,10544.0,,72
20260303,61272000,14:01:12.000,LONG_PENDING_HEDGE,HEDGED_POSITION,hedge_fill,10459.0,10374.0,10544.0,,72
20260303,61273000,14:01:13.000,HEDGED_POSITION,FLATTENING,reference_invalid_exit,10459.0,10374.0,10544.0,10442.0,70
20260303,61273000,14:01:13.000,FLATTENING,COOLDOWN,reference_invalid_exit,10459.0,10374.0,10544.0,10442.0,72
20260303,61275000,14:01:15.000,COOLDOWN,FLAT_QUOTING,fair_recovered,10456.0,10371.0,10541.0,10443.0,70
20260303,61276000,14:01:16.000,FLAT_QUOTING,LONG_PENDING_HEDGE,target_fill,10456.0,10371.0,10541.0,10442.75,72
20260303,61277000,14:01:17.000,LONG_PENDING_HEDGE,HEDGED_POSITION,hedge_fill,10456.0,10371.0,10541.0,10443.25,72
20260303,61278000,14:01:18.000,HEDGED_POSITION,FLATTENING,reference_invalid_exit,10456.0,10371.0,10541.0,10442.75,70
20260303,61278000,14:01:18.000,FLATTENING,COOLDOWN,reference_invalid_exit,10456.0,10371.0,10541.0,10442.75,72
20260303,61280000,14:01:20.000,COOLDOWN,FLAT_QUOTING,fair_recovered,10456.0,10371.0,10541.0,10442.5,70
20260303,61281000,14:01:21.000,FLAT_QUOTING,LONG_PENDING_HEDGE,target_fill,10456.0,10371.0,10541.0,10442.5,72
20260303,61282000,14:01:22.000,LONG_PENDING_HEDGE,HEDGED_POSITION,hedge_fill,10456.0,10371.0,10541.0,10438.75,72
20260303,61283000,14:01:23.000,HEDGED_POSITION,FLATTENING,reference_invalid_exit,10456.0,10371.0,10541.0,,70
20260303,61283000,14:01:23.000,FLATTENING,COOLDOWN,reference_invalid_exit,10456.0,10371.0,10541.0,,72
20260303,61285000,14:01:25.000,COOLDOWN,FLAT_QUOTING,fair_recovered,10456.0,10371.0,10541.0,10438.75,70
20260303,61286000,14:01:26.000,FLAT_QUOTING,LONG_PENDING_HEDGE,target_fill,10456.0,10371.0,10541.0,,72
20260303,61287000,14:01:27.000,LONG_PENDING_HEDGE,HEDGED_POSITION,hedge_fill,10456.0,10371.0,10541.0,,72
20260303,61288000,14:01:28.000,HEDGED_POSITION,FLATTENING,reference_invalid_exit,10456.0,10371.0,10541.0,10439.75,70
20260303,61288000,14:01:28.000,FLATTENING,COOLDOWN,reference_invalid_exit,10456.0,10371.0,10541.0,10439.75,72
20260303,61290000,14:01:30.000,COOLDOWN,FLAT_QUOTING,fair_recovered,10456.0,10371.0,10541.0,10441.0,70
20260303,61291000,14:01:31.000,FLAT_QUOTING,LONG_PENDING_HEDGE,target_fill,10456.0,10371.0,10541.0,10440.5,72
20260303,61292000,14:01:32.000,LONG_PENDING_HEDGE,HEDGED_POSITION,hedge_fill,10456.0,10371.0,10541.0,10440.75,72
20260303,61293000,14:01:33.000,HEDGED_POSITION,FLATTENING,reference_invalid_exit,10456.0,10371.0,10541.0,10440.5,70
20260303,61293000,14:01:33.000,FLATTENING,COOLDOWN,reference_invalid_exit,10456.0,10371.0,10541.0,10440.5,72
20260303,61295000,14:01:35.000,COOLDOWN,FLAT_QUOTING,fair_recovered,10453.0,10368.0,10538.0,10440.5,70
20260303,61296000,14:01:36.000,FLAT_QUOTING,LONG_PENDING_HEDGE,target_fill,10453.0,10368.0,10538.0,,72
20260303,61297000,14:01:37.000,LONG_PENDING_HEDGE,HEDGED_POSITION,hedge_fill,10453.0,10368.0,10538.0,10440.5,72
20260303,61298000,14:01:38.000,HEDGED_POSITION,FLATTENING,reference_invalid_exit,10453.0,10368.0,10538.0,10440.25,70
20260303,61298000,14:01:38.000,FLATTENING,COOLDOWN,reference_invalid_exit,10453.0,10368.0,10538.0,10440.25,72
20260303,61300000,14:01:40.000,COOLDOWN,FLAT_QUOTING,fair_recovered,10457.0,10372.0,10542.0,10433.5,70
20260303,61301000,14:01:41.000,FLAT_QUOTING,LONG_PENDING_HEDGE,target_fill,10457.0,10372.0,10542.0,10434.0,72
20260303,61302000,14:01:42.000,LONG_PENDING_HEDGE,HEDGED_POSITION,hedge_fill,10457.0,10372.0,10542.0,10435.0,72
20260303,61303000,14:01:43.000,HEDGED_POSITION,FLATTENING,reference_invalid_exit,10457.0,10372.0,10542.0,10436.25,70
20260303,61303000,14:01:43.000,FLATTENING,COOLDOWN,reference_invalid_exit,10457.0,10372.0,10542.0,10436.25,72
20260303,61305000,14:01:45.000,COOLDOWN,FLAT_QUOTING,fair_recovered,10460.0,10375.0,10545.0,10442.75,70
20260303,61306000,14:01:46.000,FLAT_QUOTING,LONG_PENDING_HEDGE,target_fill,10460.0,10375.0,10545.0,10442.75,72
20260303,61307000,14:01:47.000,LONG_PENDING_HEDGE,HEDGED_POSITION,hedge_fill,10460.0,10375.0,10545.0,10441.75,72
20260303,61308000,14:01:48.000,HEDGED_POSITION,FLATTENING,reference_invalid_exit,10460.0,10375.0,10545.0,10440.0,70
20260303,61308000,14:01:48.000,FLATTENING,COOLDOWN,reference_invalid_exit,10460.0,10375.0,10545.0,10440.0,72
20260303,61310000,14:01:50.000,COOLDOWN,FLAT_QUOTING,fair_recovered,10456.0,10371.0,10541.0,,70
20260303,61311000,14:01:51.000,FLAT_QUOTING,LONG_PENDING_HEDGE,target_fill,10456.0,10371.0,10541.0,10437.5,72
20260303,61312000,14:01:52.000,LONG_PENDING_HEDGE,HEDGED_POSITION,hedge_fill,10456.0,10371.0,10541.0,10437.5,72
20260303,61313000,14:01:53.000,HEDGED_POSITION,FLATTENING,reference_invalid_exit,10456.0,10371.0,10541.0,10439.875,70
20260303,61313000,14:01:53.000,FLATTENING,COOLDOWN,reference_invalid_exit,10456.0,10371.0,10541.0,10439.875,72
20260303,61315000,14:01:55.000,COOLDOWN,FLAT_QUOTING,fair_recovered,10456.0,10371.0,10541.0,10438.75,70
20260303,61316000,14:01:56.000,FLAT_QUOTING,LONG_PENDING_HEDGE,target_fill,10456.0,10371.0,10541.0,10439.5,72
20260303,61317000,14:01:57.000,LONG_PENDING_HEDGE,HEDGED_POSITION,hedge_fill,10456.0,10371.0,10541.0,,72
20260303,61318000,14:01:58.000,HEDGED_POSITION,FLATTENING,reference_invalid_exit,10456.0,10371.0,10541.0,,70
20260303,61318000,14:01:58.000,FLATTENING,COOLDOWN,reference_invalid_exit,10456.0,10371.0,10541.0,,72
20260303,61320000,14:02:00.000,COOLDOWN,FLAT_QUOTING,fair_recovered,10450.0,10365.0,10535.0,10436.0,70
20260303,61321000,14:02:01.000,FLAT_QUOTING,LONG_PENDING_HEDGE,target_fill,10450.0,10365.0,10535.0,10435.0,72
20260303,61322000,14:02:02.000,LONG_PENDING_HEDGE,HEDGED_POSITION,hedge_fill,10450.0,10365.0,10535.0,10433.875,72
20260303,61323000,14:02:03.000,HEDGED_POSITION,FLATTENING,reference_invalid_exit,10450.0,10365.0,10535.0,,70
20260303,61323000,14:02:03.000,FLATTENING,COOLDOWN,reference_invalid_exit,10450.0,10365.0,10535.0,,72
20260303,61325000,14:02:05.000,COOLDOWN,FLAT_QUOTING,fair_recovered,10447.0,10362.0,10532.0,,70
20260303,61327000,14:02:07.000,FLAT_QUOTING,LONG_PENDING_HEDGE,target_fill,10447.0,10362.0,10532.0,10432.75,71
20260303,61328000,14:02:08.000,LONG_PENDING_HEDGE,HEDGED_POSITION,hedge_fill,10447.0,10362.0,10532.0,10434.5,70
20260303,61329000,14:02:09.000,HEDGED_POSITION,FLATTENING,reference_invalid_exit,10447.0,10362.0,10532.0,10437.5,70
20260303,61329000,14:02:09.000,FLATTENING,COOLDOWN,reference_invalid_exit,10447.0,10362.0,10532.0,10437.5,72
20260303,61331000,14:02:11.000,COOLDOWN,FLAT_QUOTING,fair_recovered,10453.0,10368.0,10538.0,10439.25,69
20260303,61332000,14:02:12.000,FLAT_QUOTING,LONG_PENDING_HEDGE,target_fill,10453.0,10368.0,10538.0,10437.0,71
20260303,61333000,14:02:13.000,LONG_PENDING_HEDGE,HEDGED_POSITION,hedge_fill,10453.0,10368.0,10538.0,10439.25,70
20260303,61334000,14:02:14.000,HEDGED_POSITION,FLATTENING,reference_invalid_exit,10453.0,10368.0,10538.0,10438.5,70
20260303,61334000,14:02:14.000,FLATTENING,COOLDOWN,reference_invalid_exit,10453.0,10368.0,10538.0,10438.5,72
20260303,61336000,14:02:16.000,COOLDOWN,FLAT_QUOTING,fair_recovered,10454.0,10369.0,10539.0,10439.0,69
20260303,61337000,14:02:17.000,FLAT_QUOTING,LONG_PENDING_HEDGE,target_fill,10454.0,10369.0,10539.0,10437.5,71
20260303,61338000,14:02:18.000,LONG_PENDING_HEDGE,HEDGED_POSITION,hedge_fill,10454.0,10369.0,10539.0,10438.5,70
20260303,61339000,14:02:19.000,HEDGED_POSITION,FLATTENING,reference_invalid_exit,10454.0,10369.0,10539.0,10438.0,70
20260303,61339000,14:02:19.000,FLATTENING,COOLDOWN,reference_invalid_exit,10454.0,10369.0,10539.0,10438.0,72
20260303,61341000,14:02:21.000,COOLDOWN,FLAT_QUOTING,fair_recovered,10452.0,10367.0,10537.0,10437.5,69
20260303,61342000,14:02:22.000,FLAT_QUOTING,LONG_PENDING_HEDGE,target_fill,10452.0,10367.0,10537.0,10437.5,71
20260303,61343000,14:02:23.000,LONG_PENDING_HEDGE,HEDGED_POSITION,hedge_fill,10452.0,10367.0,10537.0,10436.75,70
20260303,61344000,14:02:24.000,HEDGED_POSITION,FLATTENING,reference_invalid_exit,10452.0,10367.0,10537.0,10437.5,70
20260303,61344000,14:02:24.000,FLATTENING,COOLDOWN,reference_invalid_exit,10452.0,10367.0,10537.0,10437.5,72
20260303,61346000,14:02:26.000,COOLDOWN,FLAT_QUOTING,fair_recovered,10449.0,10364.0,10534.0,,69
20260303,61347000,14:02:27.000,FLAT_QUOTING,LONG_PENDING_HEDGE,target_fill,10449.0,10364.0,10534.0,10436.75,71
20260303,61348000,14:02:28.000,LONG_PENDING_HEDGE,HEDGED_POSITION,hedge_fill,10449.0,10364.0,10534.0,,70
20260303,61349000,14:02:29.000,HEDGED_POSITION,FLATTENING,reference_invalid_exit,10449.0,10364.0,10534.0,,70
20260303,61349000,14:02:29.000,FLATTENING,COOLDOWN,reference_invalid_exit,10449.0,10364.0,10534.0,,72
20260303,61351000,14:02:31.000,COOLDOWN,FLAT_QUOTING,fair_recovered,10455.0,10370.0,10540.0,10441.75,69
20260303,61352000,14:02:32.000,FLAT_QUOTING,LONG_PENDING_HEDGE,target_fill,10455.0,10370.0,10540.0,10442.0,71
20260303,61353000,14:02:33.000,LONG_PENDING_HEDGE,HEDGED_POSITION,hedge_fill,10455.0,10370.0,10540.0,10442.25,70
20260303,61354000,14:02:34.000,HEDGED_POSITION,FLATTENING,reference_invalid_exit,10455.0,10370.0,10540.0,10442.5,70
20260303,61354000,14:02:34.000,FLATTENING,COOLDOWN,reference_invalid_exit,10455.0,10370.0,10540.0,10442.5,72
20260303,61356000,14:02:36.000,COOLDOWN,FLAT_QUOTING,fair_recovered,10459.0,10374.0,10544.0,10441.0,69
20260303,61357000,14:02:37.000,FLAT_QUOTING,LONG_PENDING_HEDGE,target_fill,10459.0,10374.0,10544.0,10441.0,71
20260303,61358000,14:02:38.000,LONG_PENDING_HEDGE,HEDGED_POSITION,hedge_fill,10459.0,10374.0,10544.0,10440.5,70
20260303,61359000,14:02:39.000,HEDGED_POSITION,FLATTENING,reference_invalid_exit,10459.0,10374.0,10544.0,10441.125,70
20260303,61359000,14:02:39.000,FLATTENING,COOLDOWN,reference_invalid_exit,10459.0,10374.0,10544.0,10441.125,72
20260303,61361000,14:02:41.000,COOLDOWN,FLAT_QUOTING,fair_recovered,10461.0,10376.0,10546.0,10442.0,69
20260303,61362000,14:02:42.000,FLAT_QUOTING,LONG_PENDING_HEDGE,target_fill,10461.0,10376.0,10546.0,10439.75,71
20260303,61363000,14:02:43.000,LONG_PENDING_HEDGE,HEDGED_POSITION,hedge_fill,10461.0,10376.0,10546.0,10440.0,70
20260303,61364000,14:02:44.000,HEDGED_POSITION,FLATTENING,reference_invalid_exit,10461.0,10376.0,10546.0,10437.5,70
20260303,61364000,14:02:44.000,FLATTENING,COOLDOWN,reference_invalid_exit,10461.0,10376.0,10546.0,10437.5,72
20260303,61366000,14:02:46.000,COOLDOWN,FLAT_QUOTING,fair_recovered,10458.0,10373.0,10543.0,10439.25,69
20260303,61367000,14:02:47.000,FLAT_QUOTING,LONG_PENDING_HEDGE,target_fill,10458.0,10373.0,10543.0,10439.875,71
20260303,61368000,14:02:48.000,LONG_PENDING_HEDGE,HEDGED_POSITION,hedge_fill,10458.0,10373.0,10543.0,10442.25,70
20260303,61369000,14:02:49.000,HEDGED_POSITION,FLATTENING,reference_invalid_exit,10458.0,10373.0,10543.0,10444.0,70
20260303,61369000,14:02:49.000,FLATTENING,COOLDOWN,reference_invalid_exit,10458.0,10373.0,10543.0,10444.0,72
20260303,61371000,14:02:51.000,COOLDOWN,FLAT_QUOTING,fair_recovered,10465.0,10380.0,10550.0,10442.5,69
20260303,61372000,14:02:52.000,FLAT_QUOTING,LONG_PENDING_HEDGE,target_fill,10465.0,10380.0,10550.0,10442.375,71
20260303,61373000,14:02:53.000,LONG_PENDING_HEDGE,HEDGED_POSITION,hedge_fill,10465.0,10380.0,10550.0,10441.25,70
20260303,61374000,14:02:54.000,HEDGED_POSITION,FLATTENING,reference_invalid_exit,10465.0,10380.0,10550.0,10440.75,70
20260303,61374000,14:02:54.000,FLATTENING,COOLDOWN,reference_invalid_exit,10465.0,10380.0,10550.0,10440.75,72
20260303,61376000,14:02:56.000,COOLDOWN,FLAT_QUOTING,fair_recovered,10459.0,10374.0,10544.0,10440.5,69
20260303,61377000,14:02:57.000,FLAT_QUOTING,LONG_PENDING_HEDGE,target_fill,10459.0,10374.0,10544.0,10441.5,71
20260303,61378000,14:02:58.000,LONG_PENDING_HEDGE,HEDGED_POSITION,hedge_fill,10459.0,10374.0,10544.0,10442.625,70
20260303,61379000,14:02:59.000,HEDGED_POSITION,FLATTENING,reference_invalid_exit,10459.0,10374.0,10544.0,10443.0,70
20260303,61379000,14:02:59.000,FLATTENING,COOLDOWN,reference_invalid_exit,10459.0,10374.0,10544.0,10443.0,72
20260303,61381000,14:03:01.000,COOLDOWN,FLAT_QUOTING,fair_recovered,10462.0,10377.0,10547.0,,69
20260303,61382000,14:03:02.000,FLAT_QUOTING,LONG_PENDING_HEDGE,target_fill,10462.0,10377.0,10547.0,,71
20260303,61383000,14:03:03.000,LONG_PENDING_HEDGE,HEDGED_POSITION,hedge_fill,10462.0,10377.0,10547.0,10443.875,70
20260303,61384000,14:03:04.000,HEDGED_POSITION,FLATTENING,reference_invalid_exit,10462.0,10377.0,10547.0,10444.625,70
20260303,61384000,14:03:04.000,FLATTENING,COOLDOWN,reference_invalid_exit,10462.0,10377.0,10547.0,10444.625,72
20260303,61386000,14:03:06.000,COOLDOWN,FLAT_QUOTING,fair_recovered,10463.0,10378.0,10548.0,10447.0,70
20260303,61387000,14:03:07.000,FLAT_QUOTING,LONG_PENDING_HEDGE,target_fill,10463.0,10378.0,10548.0,10447.0,72
20260303,61388000,14:03:08.000,LONG_PENDING_HEDGE,HEDGED_POSITION,hedge_fill,10463.0,10378.0,10548.0,10447.25,72
20260303,61389000,14:03:09.000,HEDGED_POSITION,FLATTENING,reference_invalid_exit,10463.0,10378.0,10548.0,,70
20260303,61389000,14:03:09.000,FLATTENING,COOLDOWN,reference_invalid_exit,10463.0,10378.0,10548.0,,72
20260303,61391000,14:03:11.000,COOLDOWN,FLAT_QUOTING,fair_recovered,10453.0,10368.0,10538.0,10438.125,70
20260303,61392000,14:03:12.000,FLAT_QUOTING,LONG_PENDING_HEDGE,target_fill,10453.0,10368.0,10538.0,10434.25,72
20260303,61393000,14:03:13.000,LONG_PENDING_HEDGE,HEDGED_POSITION,hedge_fill,10453.0,10368.0,10538.0,10436.75,72
20260303,61394000,14:03:14.000,HEDGED_POSITION,FLATTENING,reference_invalid_exit,10453.0,10368.0,10538.0,10434.0,70
20260303,61394000,14:03:14.000,FLATTENING,COOLDOWN,reference_invalid_exit,10453.0,10368.0,10538.0,10434.0,72
20260303,61396000,14:03:16.000,COOLDOWN,FLAT_QUOTING,fair_recovered,10444.0,10359.0,10529.0,10432.75,70
20260303,61397000,14:03:17.000,FLAT_QUOTING,LONG_PENDING_HEDGE,target_fill,10444.0,10359.0,10529.0,10431.5,72
20260303,61398000,14:03:18.000,LONG_PENDING_HEDGE,HEDGED_POSITION,hedge_fill,10444.0,10359.0,10529.0,10435.25,72
20260303,61399000,14:03:19.000,HEDGED_POSITION,FLATTENING,reference_invalid_exit,10444.0,10359.0,10529.0,,70
20260303,61399000,14:03:19.000,FLATTENING,COOLDOWN,reference_invalid_exit,10444.0,10359.0,10529.0,,72
20260303,61401000,14:03:21.000,COOLDOWN,FLAT_QUOTING,fair_recovered,10448.0,10363.0,10533.0,10439.25,70
20260303,61402000,14:03:22.000,FLAT_QUOTING,LONG_PENDING_HEDGE,target_fill,10448.0,10363.0,10533.0,10438.25,72
20260303,61403000,14:03:23.000,LONG_PENDING_HEDGE,HEDGED_POSITION,hedge_fill,10448.0,10363.0,10533.0,10437.625,72
20260303,61404000,14:03:24.000,HEDGED_POSITION,FLATTENING,reference_invalid_exit,10448.0,10363.0,10533.0,10437.75,70
20260303,61404000,14:03:24.000,FLATTENING,COOLDOWN,reference_invalid_exit,10448.0,10363.0,10533.0,10437.75,72
20260303,61406000,14:03:26.000,COOLDOWN,FLAT_QUOTING,fair_recovered,10448.0,10363.0,10533.0,10437.0,70
20260303,61407000,14:03:27.000,FLAT_QUOTING,LONG_PENDING_HEDGE,target_fill,10448.0,10363.0,10533.0,10433.5,72
20260303,61408000,14:03:28.000,LONG_PENDING_HEDGE,HEDGED_POSITION,hedge_fill,10448.0,10363.0,10533.0,10434.5,72
20260303,61409000,14:03:29.000,HEDGED_POSITION,FLATTENING,reference_invalid_exit,10448.0,10363.0,10533.0,10435.875,70
20260303,61409000,14:03:29.000,FLATTENING,COOLDOWN,reference_invalid_exit,10448.0,10363.0,10533.0,10435.875,72
20260303,61411000,14:03:31.000,COOLDOWN,FLAT_QUOTING,fair_recovered,10448.0,10363.0,10533.0,10438.0,70
20260303,61412000,14:03:32.000,FLAT_QUOTING,LONG_PENDING_HEDGE,target_fill,10448.0,10363.0,10533.0,10436.75,72
20260303,61413000,14:03:33.000,LONG_PENDING_HEDGE,HEDGED_POSITION,hedge_fill,10448.0,10363.0,10533.0,10436.75,72
20260303,61414000,14:03:34.000,HEDGED_POSITION,FLATTENING,reference_invalid_exit,10448.0,10363.0,10533.0,10436.125,70
20260303,61414000,14:03:34.000,FLATTENING,COOLDOWN,reference_invalid_exit,10448.0,10363.0,10533.0,10436.125,72
20260303,61416000,14:03:36.000,COOLDOWN,FLAT_QUOTING,fair_recovered,10443.0,10358.0,10528.0,10435.0,70
20260303,61417000,14:03:37.000,FLAT_QUOTING,LONG_PENDING_HEDGE,target_fill,10443.0,10358.0,10528.0,10436.5,72
20260303,61418000,14:03:38.000,LONG_PENDING_HEDGE,HEDGED_POSITION,hedge_fill,10443.0,10358.0,10528.0,10434.25,72
20260303,61419000,14:03:39.000,HEDGED_POSITION,FLATTENING,reference_invalid_exit,10443.0,10358.0,10528.0,10432.0,70
20260303,61419000,14:03:39.000,FLATTENING,COOLDOWN,reference_invalid_exit,10443.0,10358.0,10528.0,10432.0,72
20260303,61421000,14:03:41.000,COOLDOWN,FLAT_QUOTING,fair_recovered,10442.0,10357.0,10527.0,10431.75,70
20260303,61422000,14:03:42.000,FLAT_QUOTING,LONG_PENDING_HEDGE,target_fill,10442.0,10357.0,10527.0,10431.5,72
20260303,61423000,14:03:43.000,LONG_PENDING_HEDGE,HEDGED_POSITION,hedge_fill,10442.0,10357.0,10527.0,10432.0,72
20260303,61424000,14:03:44.000,HEDGED_POSITION,FLATTENING,reference_invalid_exit,10442.0,10357.0,10527.0,10431.25,70
20260303,61424000,14:03:44.000,FLATTENING,COOLDOWN,reference_invalid_exit,10442.0,10357.0,10527.0,10431.25,72
20260303,61426000,14:03:46.000,COOLDOWN,FLAT_QUOTING,fair_recovered,10440.0,10355.0,10525.0,10429.25,70
20260303,61427000,14:03:47.000,FLAT_QUOTING,LONG_PENDING_HEDGE,target_fill,10440.0,10355.0,10525.0,10429.25,72
20260303,61428000,14:03:48.000,LONG_PENDING_HEDGE,HEDGED_POSITION,hedge_fill,10440.0,10355.0,10525.0,10429.5,72
20260303,61429000,14:03:49.000,HEDGED_POSITION,FLATTENING,reference_invalid_exit,10440.0,10355.0,10525.0,10429.5,70
20260303,61429000,14:03:49.000,FLATTENING,COOLDOWN,reference_invalid_exit,10440.0,10355.0,10525.0,10429.5,72
20260303,61431000,14:03:51.000,COOLDOWN,FLAT_QUOTING,fair_recovered,10436.0,10351.0,10521.0,10430.75,70
20260303,61432000,14:03:52.000,FLAT_QUOTING,LONG_PENDING_HEDGE,target_fill,10436.0,10351.0,10521.0,10432.0,72
20260303,61433000,14:03:53.000,LONG_PENDING_HEDGE,HEDGED_POSITION,hedge_fill,10436.0,10351.0,10521.0,10432.25,72
20260303,61434000,14:03:54.000,HEDGED_POSITION,FLATTENING,reference_invalid_exit,10436.0,10351.0,10521.0,10433.0,70
20260303,61434000,14:03:54.000,FLATTENING,COOLDOWN,reference_invalid_exit,10436.0,10351.0,10521.0,10433.0,72
20260303,61436000,14:03:56.000,COOLDOWN,FLAT_QUOTING,fair_recovered,10439.0,10354.0,10524.0,10432.0,70
20260303,61437000,14:03:57.000,FLAT_QUOTING,LONG_PENDING_HEDGE,target_fill,10439.0,10354.0,10524.0,10433.25,72
20260303,61438000,14:03:58.000,LONG_PENDING_HEDGE,HEDGED_POSITION,hedge_fill,10439.0,10354.0,10524.0,10432.25,72
20260303,61439000,14:03:59.000,HEDGED_POSITION,FLATTENING,reference_invalid_exit,10439.0,10354.0,10524.0,10434.0,70
20260303,61439000,14:03:59.000,FLATTENING,COOLDOWN,reference_invalid_exit,10439.0,10354.0,10524.0,10434.0,72
20260303,61441000,14:04:01.000,COOLDOWN,FLAT_QUOTING,fair_recovered,10448.0,10363.0,10533.0,10438.75,70
20260303,61442000,14:04:02.000,FLAT_QUOTING,LONG_PENDING_HEDGE,target_fill,10448.0,10363.0,10533.0,10434.875,72
20260303,61443000,14:04:03.000,LONG_PENDING_HEDGE,HEDGED_POSITION,hedge_fill,10448.0,10363.0,10533.0,10434.75,72
20260303,61444000,14:04:04.000,HEDGED_POSITION,FLATTENING,reference_invalid_exit,10448.0,10363.0,10533.0,10434.5,70
20260303,61444000,14:04:04.000,FLATTENING,COOLDOWN,reference_invalid_exit,10448.0,10363.0,10533.0,10434.5,72
20260303,61446000,14:04:06.000,COOLDOWN,FLAT_QUOTING,fair_recovered,10440.0,10355.0,10525.0,10435.75,70
20260303,61447000,14:04:07.000,FLAT_QUOTING,LONG_PENDING_HEDGE,target_fill,10440.0,10355.0,10525.0,10434.0,72
20260303,61448000,14:04:08.000,LONG_PENDING_HEDGE,HEDGED_POSITION,hedge_fill,10440.0,10355.0,10525.0,,72
20260303,61449000,14:04:09.000,HEDGED_POSITION,FLATTENING,reference_invalid_exit,10440.0,10355.0,10525.0,10434.375,70
20260303,61449000,14:04:09.000,FLATTENING,COOLDOWN,reference_invalid_exit,10440.0,10355.0,10525.0,10434.375,72
20260303,61451000,14:04:11.000,COOLDOWN,FLAT_QUOTING,fair_recovered,10430.0,10345.0,10515.0,10430.125,70
20260303,61453000,14:04:13.000,FLAT_QUOTING,LONG_PENDING_HEDGE,target_fill,10430.0,10345.0,10515.0,10425.0,71
20260303,61454000,14:04:14.000,LONG_PENDING_HEDGE,HEDGED_POSITION,hedge_fill,10430.0,10345.0,10515.0,10423.0,70
20260303,61455000,14:04:15.000,HEDGED_POSITION,FLATTENING,reversion_exit,10430.0,10345.0,10515.0,10422.5,70
20260303,61455000,14:04:15.000,FLATTENING,COOLDOWN,reversion_exit,10430.0,10345.0,10515.0,10422.5,72
20260303,61457000,14:04:17.000,COOLDOWN,FLAT_QUOTING,fair_recovered,10418.0,10333.0,10503.0,10417.75,69
20260303,61458000,14:04:18.000,FLAT_QUOTING,LONG_PENDING_HEDGE,target_fill,10418.0,10333.0,10503.0,10413.875,71
20260303,61459000,14:04:19.000,LONG_PENDING_HEDGE,HEDGED_POSITION,hedge_fill,10418.0,10333.0,10503.0,10411.875,70
20260303,61460000,14:04:20.000,HEDGED_POSITION,FLATTENING,reference_invalid_exit,10418.0,10333.0,10503.0,10403.25,70
20260303,61460000,14:04:20.000,FLATTENING,COOLDOWN,reference_invalid_exit,10418.0,10333.0,10503.0,10403.25,72
20260303,61462000,14:04:22.000,COOLDOWN,FLAT_QUOTING,fair_recovered,10390.0,10305.0,10475.0,10400.75,69
20260303,61463000,14:04:23.000,FLAT_QUOTING,LONG_PENDING_HEDGE,target_fill,10390.0,10305.0,10475.0,10400.0,71
20260303,61464000,14:04:24.000,LONG_PENDING_HEDGE,HEDGED_POSITION,hedge_fill,10390.0,10305.0,10475.0,10398.75,70
20260303,61465000,14:04:25.000,HEDGED_POSITION,FLATTENING,reference_invalid_exit,10390.0,10305.0,10475.0,10400.5,70
20260303,61465000,14:04:25.000,FLATTENING,COOLDOWN,reference_invalid_exit,10390.0,10305.0,10475.0,10400.5,72
20260303,61467000,14:04:27.000,COOLDOWN,FLAT_QUOTING,fair_recovered,10398.0,10313.0,10483.0,10401.25,69
20260303,61468000,14:04:28.000,FLAT_QUOTING,LONG_PENDING_HEDGE,target_fill,10398.0,10313.0,10483.0,10398.25,71
20260303,61469000,14:04:29.000,LONG_PENDING_HEDGE,HEDGED_POSITION,hedge_fill,10398.0,10313.0,10483.0,10393.25,70
20260303,61470000,14:04:30.000,HEDGED_POSITION,FLATTENING,reference_invalid_exit,10398.0,10313.0,10483.0,10394.25,70
20260303,61470000,14:04:30.000,FLATTENING,COOLDOWN,reference_invalid_exit,10398.0,10313.0,10483.0,10394.25,72
20260303,61472000,14:04:32.000,COOLDOWN,FLAT_QUOTING,fair_recovered,10397.0,10312.0,10482.0,10393.75,69
20260303,61473000,14:04:33.000,FLAT_QUOTING,LONG_PENDING_HEDGE,target_fill,10397.0,10312.0,10482.0,10394.25,71
20260303,61474000,14:04:34.000,LONG_PENDING_HEDGE,HEDGED_POSITION,hedge_fill,10397.0,10312.0,10482.0,10397.5,70
20260303,61475000,14:04:35.000,HEDGED_POSITION,FLATTENING,reference_invalid_exit,10397.0,10312.0,10482.0,10397.0,70
20260303,61475000,14:04:35.000,FLATTENING,COOLDOWN,reference_invalid_exit,10397.0,10312.0,10482.0,10397.0,72
20260303,61477000,14:04:37.000,COOLDOWN,FLAT_QUOTING,fair_recovered,10393.0,10308.0,10478.0,,69
20260303,61478000,14:04:38.000,FLAT_QUOTING,LONG_PENDING_HEDGE,target_fill,10393.0,10308.0,10478.0,,71
20260303,61479000,14:04:39.000,LONG_PENDING_HEDGE,HEDGED_POSITION,hedge_fill,10393.0,10308.0,10478.0,10395.75,70
20260303,61480000,14:04:40.000,HEDGED_POSITION,FLATTENING,reference_invalid_exit,10393.0,10308.0,10478.0,10393.5,70
20260303,61480000,14:04:40.000,FLATTENING,COOLDOWN,reference_invalid_exit,10393.0,10308.0,10478.0,10393.5,72
20260303,61482000,14:04:42.000,COOLDOWN,FLAT_QUOTING,fair_recovered,10389.0,10304.0,10474.0,,69
20260303,61483000,14:04:43.000,FLAT_QUOTING,LONG_PENDING_HEDGE,target_fill,10389.0,10304.0,10474.0,,71
20260303,61484000,14:04:44.000,LONG_PENDING_HEDGE,HEDGED_POSITION,hedge_fill,10389.0,10304.0,10474.0,,70
20260303,61485000,14:04:45.000,HEDGED_POSITION,FLATTENING,reference_invalid_exit,10389.0,10304.0,10474.0,10381.25,70
20260303,61485000,14:04:45.000,FLATTENING,COOLDOWN,reference_invalid_exit,10389.0,10304.0,10474.0,10381.25,72
20260303,61487000,14:04:47.000,COOLDOWN,FLAT_QUOTING,fair_recovered,10375.0,10290.0,10460.0,10381.0,69
20260303,61488000,14:04:48.000,FLAT_QUOTING,LONG_PENDING_HEDGE,target_fill,10375.0,10290.0,10460.0,,71
20260303,61489000,14:04:49.000,LONG_PENDING_HEDGE,HEDGED_POSITION,hedge_fill,10375.0,10290.0,10460.0,,70
20260303,61490000,14:04:50.000,HEDGED_POSITION,FLATTENING,reference_invalid_exit,10375.0,10290.0,10460.0,,70
20260303,61490000,14:04:50.000,FLATTENING,COOLDOWN,reference_invalid_exit,10375.0,10290.0,10460.0,,72
20260303,61492000,14:04:52.000,COOLDOWN,FLAT_QUOTING,fair_recovered,10344.0,10259.0,10429.0,10368.25,69
20260303,61493000,14:04:53.000,FLAT_QUOTING,LONG_PENDING_HEDGE,target_fill,10344.0,10259.0,10429.0,10370.5,71
20260303,61494000,14:04:54.000,LONG_PENDING_HEDGE,HEDGED_POSITION,hedge_fill,10344.0,10259.0,10429.0,,70
20260303,61495000,14:04:55.000,HEDGED_POSITION,FLATTENING,reference_invalid_exit,10344.0,10259.0,10429.0,,70
20260303,61495000,14:04:55.000,FLATTENING,COOLDOWN,reference_invalid_exit,10344.0,10259.0,10429.0,,72
20260303,61497000,14:04:57.000,COOLDOWN,FLAT_QUOTING,fair_recovered,10360.0,10275.0,10445.0,10380.0,69
20260303,61498000,14:04:58.000,FLAT_QUOTING,LONG_PENDING_HEDGE,target_fill,10360.0,10275.0,10445.0,,71
20260303,61499000,14:04:59.000,LONG_PENDING_HEDGE,HEDGED_POSITION,hedge_fill,10360.0,10275.0,10445.0,10375.75,70
20260303,61500000,14:05:00.000,HEDGED_POSITION,FLATTENING,reference_invalid_exit,10360.0,10275.0,10445.0,10374.25,70
20260303,61500000,14:05:00.000,FLATTENING,COOLDOWN,reference_invalid_exit,10360.0,10275.0,10445.0,10374.25,72
20260303,61502000,14:05:02.000,COOLDOWN,FLAT_QUOTING,fair_recovered,10349.0,10264.0,10434.0,10370.75,69
20260303,61503000,14:05:03.000,FLAT_QUOTING,LONG_PENDING_HEDGE,target_fill,10349.0,10264.0,10434.0,10369.0,71
20260303,61504000,14:05:04.000,LONG_PENDING_HEDGE,HEDGED_POSITION,hedge_fill,10349.0,10264.0,10434.0,10367.5,70
20260303,61505000,14:05:05.000,HEDGED_POSITION,FLATTENING,reference_invalid_exit,10349.0,10264.0,10434.0,10366.375,70
20260303,61505000,14:05:05.000,FLATTENING,COOLDOWN,reference_invalid_exit,10349.0,10264.0,10434.0,10366.375,72
20260303,61507000,14:05:07.000,COOLDOWN,FLAT_QUOTING,fair_recovered,10338.0,10253.0,10423.0,10362.125,69
20260303,61509000,14:05:09.000,FLAT_QUOTING,LONG_PENDING_HEDGE,target_fill,10338.0,10253.0,10423.0,10359.75,69
20260303,61510000,14:05:10.000,LONG_PENDING_HEDGE,HEDGED_POSITION,hedge_fill,10338.0,10253.0,10423.0,10360.75,70
20260303,61511000,14:05:11.000,HEDGED_POSITION,FLATTENING,reference_invalid_exit,10338.0,10253.0,10423.0,,68
20260303,61511000,14:05:11.000,FLATTENING,COOLDOWN,reference_invalid_exit,10338.0,10253.0,10423.0,,70
20260303,61513000,14:05:13.000,COOLDOWN,FLAT_QUOTING,fair_recovered,10339.0,10254.0,10424.0,10364.25,69
20260303,61514000,14:05:14.000,FLAT_QUOTING,LONG_PENDING_HEDGE,target_fill,10339.0,10254.0,10424.0,10365.25,71
20260303,61515000,14:05:15.000,LONG_PENDING_HEDGE,HEDGED_POSITION,hedge_fill,10339.0,10254.0,10424.0,10366.0,70
20260303,61516000,14:05:16.000,HEDGED_POSITION,FLATTENING,reference_invalid_exit,10339.0,10254.0,10424.0,10367.25,70
20260303,61516000,14:05:16.000,FLATTENING,COOLDOWN,reference_invalid_exit,10339.0,10254.0,10424.0,10367.25,72
20260303,61518000,14:05:18.000,COOLDOWN,FLAT_QUOTING,fair_recovered,10352.0,10267.0,10437.0,10373.75,69
20260303,61519000,14:05:19.000,FLAT_QUOTING,LONG_PENDING_HEDGE,target_fill,10352.0,10267.0,10437.0,10377.0,71
20260303,61520000,14:05:20.000,LONG_PENDING_HEDGE,HEDGED_POSITION,hedge_fill,10352.0,10267.0,10437.0,10377.75,70
20260303,61521000,14:05:21.000,HEDGED_POSITION,FLATTENING,reference_invalid_exit,10352.0,10267.0,10437.0,10377.75,70
20260303,61521000,14:05:21.000,FLATTENING,COOLDOWN,reference_invalid_exit,10352.0,10267.0,10437.0,10377.75,72
20260303,61523000,14:05:23.000,COOLDOWN,FLAT_QUOTING,fair_recovered,10359.0,10274.0,10444.0,10379.75,69
20260303,61525000,14:05:25.000,FLAT_QUOTING,LONG_PENDING_HEDGE,target_fill,10359.0,10274.0,10444.0,10376.5,69
20260303,61526000,14:05:26.000,LONG_PENDING_HEDGE,HEDGED_POSITION,hedge_fill,10359.0,10274.0,10444.0,,70
20260303,61527000,14:05:27.000,HEDGED_POSITION,FLATTENING,reference_invalid_exit,10359.0,10274.0,10444.0,,68
20260303,61527000,14:05:27.000,FLATTENING,COOLDOWN,reference_invalid_exit,10359.0,10274.0,10444.0,,70
20260303,61529000,14:05:29.000,COOLDOWN,FLAT_QUOTING,fair_recovered,10360.0,10275.0,10445.0,10377.625,68
20260303,61530000,14:05:30.000,FLAT_QUOTING,LONG_PENDING_HEDGE,target_fill,10360.0,10275.0,10445.0,,69
20260303,61531000,14:05:31.000,LONG_PENDING_HEDGE,HEDGED_POSITION,hedge_fill,10360.0,10275.0,10445.0,10368.125,70
20260303,61532000,14:05:32.000,HEDGED_POSITION,FLATTENING,reference_invalid_exit,10360.0,10275.0,10445.0,10365.125,68
20260303,61532000,14:05:32.000,FLATTENING,COOLDOWN,reference_invalid_exit,10360.0,10275.0,10445.0,10365.125,70
20260303,61534000,14:05:34.000,COOLDOWN,FLAT_QUOTING,fair_recovered,10347.0,10262.0,10432.0,10370.125,68
20260303,61535000,14:05:35.000,FLAT_QUOTING,LONG_PENDING_HEDGE,target_fill,10347.0,10262.0,10432.0,10362.375,69
20260303,61536000,14:05:36.000,LONG_PENDING_HEDGE,HEDGED_POSITION,hedge_fill,10347.0,10262.0,10432.0,10361.75,70
20260303,61537000,14:05:37.000,HEDGED_POSITION,FLATTENING,reference_invalid_exit,10347.0,10262.0,10432.0,10359.75,68
20260303,61537000,14:05:37.000,FLATTENING,COOLDOWN,reference_invalid_exit,10347.0,10262.0,10432.0,10359.75,70
20260303,61539000,14:05:39.000,COOLDOWN,FLAT_QUOTING,fair_recovered,10346.0,10261.0,10431.0,10358.5,68
20260303,61540000,14:05:40.000,FLAT_QUOTING,LONG_PENDING_HEDGE,target_fill,10346.0,10261.0,10431.0,10355.25,69
20260303,61541000,14:05:41.000,LONG_PENDING_HEDGE,HEDGED_POSITION,hedge_fill,10346.0,10261.0,10431.0,10356.75,70
20260303,61542000,14:05:42.000,HEDGED_POSITION,FLATTENING,reference_invalid_exit,10346.0,10261.0,10431.0,10361.5,68
20260303,61542000,14:05:42.000,FLATTENING,COOLDOWN,reference_invalid_exit,10346.0,10261.0,10431.0,10361.5,70
20260303,61544000,14:05:44.000,COOLDOWN,FLAT_QUOTING,fair_recovered,10347.0,10262.0,10432.0,10364.0,68
20260303,61545000,14:05:45.000,FLAT_QUOTING,LONG_PENDING_HEDGE,target_fill,10347.0,10262.0,10432.0,10364.0,69
20260303,61546000,14:05:46.000,LONG_PENDING_HEDGE,HEDGED_POSITION,hedge_fill,10347.0,10262.0,10432.0,10363.75,70
20260303,61547000,14:05:47.000,HEDGED_POSITION,FLATTENING,reference_invalid_exit,10347.0,10262.0,10432.0,10365.5,68
20260303,61547000,14:05:47.000,FLATTENING,COOLDOWN,reference_invalid_exit,10347.0,10262.0,10432.0,10365.5,70
20260303,61549000,14:05:49.000,COOLDOWN,FLAT_QUOTING,fair_recovered,10350.0,10265.0,10435.0,10362.75,68
20260303,61550000,14:05:50.000,FLAT_QUOTING,LONG_PENDING_HEDGE,target_fill,10350.0,10265.0,10435.0,10362.5,69
20260303,61551000,14:05:51.000,LONG_PENDING_HEDGE,HEDGED_POSITION,hedge_fill,10350.0,10265.0,10435.0,10363.0,70
20260303,61552000,14:05:52.000,HEDGED_POSITION,FLATTENING,reference_invalid_exit,10350.0,10265.0,10435.0,10361.25,68
20260303,61552000,14:05:52.000,FLATTENING,COOLDOWN,reference_invalid_exit,10350.0,10265.0,10435.0,10361.25,70
20260303,61554000,14:05:54.000,COOLDOWN,FLAT_QUOTING,fair_recovered,10348.0,10263.0,10433.0,10360.75,68
20260303,61555000,14:05:55.000,FLAT_QUOTING,LONG_PENDING_HEDGE,target_fill,10348.0,10263.0,10433.0,10360.25,69
20260303,61556000,14:05:56.000,LONG_PENDING_HEDGE,HEDGED_POSITION,hedge_fill,10348.0,10263.0,10433.0,10362.5,70
20260303,61557000,14:05:57.000,HEDGED_POSITION,FLATTENING,reference_invalid_exit,10348.0,10263.0,10433.0,10362.25,68
20260303,61557000,14:05:57.000,FLATTENING,COOLDOWN,reference_invalid_exit,10348.0,10263.0,10433.0,10362.25,70
20260303,61559000,14:05:59.000,COOLDOWN,FLAT_QUOTING,fair_recovered,10345.0,10260.0,10430.0,10361.0,68
20260303,61560000,14:06:00.000,FLAT_QUOTING,LONG_PENDING_HEDGE,target_fill,10345.0,10260.0,10430.0,10359.5,69
20260303,61561000,14:06:01.000,LONG_PENDING_HEDGE,HEDGED_POSITION,hedge_fill,10345.0,10260.0,10430.0,10359.0,70
20260303,61562000,14:06:02.000,HEDGED_POSITION,FLATTENING,reference_invalid_exit,10345.0,10260.0,10430.0,10358.25,68
20260303,61562000,14:06:02.000,FLATTENING,COOLDOWN,reference_invalid_exit,10345.0,10260.0,10430.0,10358.25,70
20260303,61564000,14:06:04.000,COOLDOWN,FLAT_QUOTING,fair_recovered,10343.0,10258.0,10428.0,10358.0,68
20260303,61565000,14:06:05.000,FLAT_QUOTING,LONG_PENDING_HEDGE,target_fill,10343.0,10258.0,10428.0,10360.75,69
20260303,61566000,14:06:06.000,LONG_PENDING_HEDGE,HEDGED_POSITION,hedge_fill,10343.0,10258.0,10428.0,10360.25,70
20260303,61567000,14:06:07.000,HEDGED_POSITION,FLATTENING,reference_invalid_exit,10343.0,10258.0,10428.0,10359.5,68
20260303,61567000,14:06:07.000,FLATTENING,COOLDOWN,reference_invalid_exit,10343.0,10258.0,10428.0,10359.5,70
20260303,61569000,14:06:09.000,COOLDOWN,FLAT_QUOTING,fair_recovered,10335.0,10250.0,10420.0,10354.25,69
20260303,61570000,14:06:10.000,FLAT_QUOTING,LONG_PENDING_HEDGE,target_fill,10335.0,10250.0,10420.0,10354.75,71
20260303,61571000,14:06:11.000,LONG_PENDING_HEDGE,HEDGED_POSITION,hedge_fill,10335.0,10250.0,10420.0,10355.0,70
20260303,61572000,14:06:12.000,HEDGED_POSITION,FLATTENING,reference_invalid_exit,10335.0,10250.0,10420.0,10356.0,70
20260303,61572000,14:06:12.000,FLATTENING,COOLDOWN,reference_invalid_exit,10335.0,10250.0,10420.0,10356.0,72
20260303,61574000,14:06:14.000,COOLDOWN,FLAT_QUOTING,fair_recovered,10343.0,10258.0,10428.0,10358.75,69
20260303,61575000,14:06:15.000,FLAT_QUOTING,LONG_PENDING_HEDGE,target_fill,10343.0,10258.0,10428.0,10359.0,71
20260303,61576000,14:06:16.000,LONG_PENDING_HEDGE,HEDGED_POSITION,hedge_fill,10343.0,10258.0,10428.0,10358.75,70
20260303,61577000,14:06:17.000,HEDGED_POSITION,FLATTENING,reference_invalid_exit,10343.0,10258.0,10428.0,10357.75,70
20260303,61577000,14:06:17.000,FLATTENING,COOLDOWN,reference_invalid_exit,10343.0,10258.0,10428.0,10357.75,72
20260303,61579000,14:06:19.000,COOLDOWN,FLAT_QUOTING,fair_recovered,10342.0,10257.0,10427.0,10359.75,69
20260303,61580000,14:06:20.000,FLAT_QUOTING,LONG_PENDING_HEDGE,target_fill,10342.0,10257.0,10427.0,10360.0,71
20260303,61581000,14:06:21.000,LONG_PENDING_HEDGE,HEDGED_POSITION,hedge_fill,10342.0,10257.0,10427.0,10359.0,70
20260303,61582000,14:06:22.000,HEDGED_POSITION,FLATTENING,reference_invalid_exit,10342.0,10257.0,10427.0,10369.5,70
20260303,61582000,14:06:22.000,FLATTENING,COOLDOWN,reference_invalid_exit,10342.0,10257.0,10427.0,10369.5,72
20260303,61584000,14:06:24.000,COOLDOWN,FLAT_QUOTING,fair_recovered,10340.0,10255.0,10425.0,10369.25,70
20260303,61585000,14:06:25.000,FLAT_QUOTING,LONG_PENDING_HEDGE,target_fill,10340.0,10255.0,10425.0,10369.0,72
20260303,61586000,14:06:26.000,LONG_PENDING_HEDGE,EMERGENCY_FLATTEN,hedge_quote_timeout,10340.0,10255.0,10425.0,,72
20260303,61586000,14:06:26.000,EMERGENCY_FLATTEN,COOLDOWN,hedge_failure_exit,10340.0,10255.0,10425.0,,73
20260303,61588000,14:06:28.000,COOLDOWN,PAUSED,capital_or_hedge_quote_guard,10340.0,10255.0,10425.0,,71
20260303,61589000,14:06:29.000,PAUSED,PAUSED,capital_or_hedge_quote_guard,10340.0,10255.0,10425.0,,69
20260303,61590000,14:06:30.000,PAUSED,PAUSED,capital_or_hedge_quote_guard,10340.0,10255.0,10425.0,,68
20260303,61591000,14:06:31.000,PAUSED,FLAT_QUOTING,fair_recovered,10340.0,10255.0,10425.0,10369.375,67
20260303,61592000,14:06:32.000,FLAT_QUOTING,LONG_PENDING_HEDGE,target_fill,10340.0,10255.0,10425.0,10369.75,68
20260303,61593000,14:06:33.000,LONG_PENDING_HEDGE,HEDGED_POSITION,hedge_fill,10340.0,10255.0,10425.0,10369.375,69
20260303,61594000,14:06:34.000,HEDGED_POSITION,FLATTENING,reference_invalid_exit,10340.0,10255.0,10425.0,10369.625,67
20260303,61594000,14:06:34.000,FLATTENING,COOLDOWN,reference_invalid_exit,10340.0,10255.0,10425.0,10369.625,69
20260303,61596000,14:06:36.000,COOLDOWN,FLAT_QUOTING,fair_recovered,10341.0,10256.0,10426.0,,67
20260303,61597000,14:06:37.000,FLAT_QUOTING,LONG_PENDING_HEDGE,target_fill,10341.0,10256.0,10426.0,,68
20260303,61598000,14:06:38.000,LONG_PENDING_HEDGE,HEDGED_POSITION,hedge_fill,10341.0,10256.0,10426.0,,69
20260303,61599000,14:06:39.000,HEDGED_POSITION,FLATTENING,reference_invalid_exit,10341.0,10256.0,10426.0,,67
20260303,61599000,14:06:39.000,FLATTENING,COOLDOWN,reference_invalid_exit,10341.0,10256.0,10426.0,,69
20260303,61601000,14:06:41.000,COOLDOWN,FLAT_QUOTING,fair_recovered,10328.0,10243.0,10413.0,,67
20260303,61602000,14:06:42.000,FLAT_QUOTING,LONG_PENDING_HEDGE,target_fill,10328.0,10243.0,10413.0,,68
20260303,61603000,14:06:43.000,LONG_PENDING_HEDGE,HEDGED_POSITION,hedge_fill,10328.0,10243.0,10413.0,,69
20260303,61604000,14:06:44.000,HEDGED_POSITION,FLATTENING,reference_invalid_exit,10328.0,10243.0,10413.0,,67
20260303,61604000,14:06:44.000,FLATTENING,COOLDOWN,reference_invalid_exit,10328.0,10243.0,10413.0,,69
20260303,61606000,14:06:46.000,COOLDOWN,FLAT_QUOTING,fair_recovered,10331.0,10246.0,10416.0,,67
20260303,61607000,14:06:47.000,FLAT_QUOTING,LONG_PENDING_HEDGE,target_fill,10331.0,10246.0,10416.0,,68
20260303,61608000,14:06:48.000,LONG_PENDING_HEDGE,HEDGED_POSITION,hedge_fill,10331.0,10246.0,10416.0,,69
20260303,61609000,14:06:49.000,HEDGED_POSITION,FLATTENING,reference_invalid_exit,10331.0,10246.0,10416.0,,67
20260303,61609000,14:06:49.000,FLATTENING,COOLDOWN,reference_invalid_exit,10331.0,10246.0,10416.0,,69
20260303,61611000,14:06:51.000,COOLDOWN,FLAT_QUOTING,fair_recovered,10324.0,10239.0,10409.0,,67
20260303,61612000,14:06:52.000,FLAT_QUOTING,LONG_PENDING_HEDGE,target_fill,10324.0,10239.0,10409.0,,68
20260303,61613000,14:06:53.000,LONG_PENDING_HEDGE,HEDGED_POSITION,hedge_fill,10324.0,10239.0,10409.0,,69
20260303,61614000,14:06:54.000,HEDGED_POSITION,FLATTENING,reference_invalid_exit,10324.0,10239.0,10409.0,10346.5,67
20260303,61614000,14:06:54.000,FLATTENING,COOLDOWN,reference_invalid_exit,10324.0,10239.0,10409.0,10346.5,69
20260303,61616000,14:06:56.000,COOLDOWN,FLAT_QUOTING,fair_recovered,10317.0,10232.0,10402.0,,67
20260303,61617000,14:06:57.000,FLAT_QUOTING,LONG_PENDING_HEDGE,target_fill,10317.0,10232.0,10402.0,,68
20260303,61618000,14:06:58.000,LONG_PENDING_HEDGE,HEDGED_POSITION,hedge_fill,10317.0,10232.0,10402.0,,69
20260303,61619000,14:06:59.000,HEDGED_POSITION,FLATTENING,reference_invalid_exit,10317.0,10232.0,10402.0,,67
20260303,61619000,14:06:59.000,FLATTENING,COOLDOWN,reference_invalid_exit,10317.0,10232.0,10402.0,,69
20260303,61621000,14:07:01.000,COOLDOWN,FLAT_QUOTING,fair_recovered,10316.0,10231.0,10401.0,10343.25,67
20260303,61622000,14:07:02.000,FLAT_QUOTING,LONG_PENDING_HEDGE,target_fill,10316.0,10231.0,10401.0,10344.0,68
20260303,61623000,14:07:03.000,LONG_PENDING_HEDGE,HEDGED_POSITION,hedge_fill,10316.0,10231.0,10401.0,10347.25,69
20260303,61624000,14:07:04.000,HEDGED_POSITION,FLATTENING,reference_invalid_exit,10316.0,10231.0,10401.0,10346.125,67
20260303,61624000,14:07:04.000,FLATTENING,COOLDOWN,reference_invalid_exit,10316.0,10231.0,10401.0,10346.125,69
20260303,61626000,14:07:06.000,COOLDOWN,FLAT_QUOTING,fair_recovered,10322.0,10237.0,10407.0,10347.75,67
20260303,61627000,14:07:07.000,FLAT_QUOTING,LONG_PENDING_HEDGE,target_fill,10322.0,10237.0,10407.0,10350.0,68
20260303,61628000,14:07:08.000,LONG_PENDING_HEDGE,HEDGED_POSITION,hedge_fill,10322.0,10237.0,10407.0,10348.75,69
20260303,61629000,14:07:09.000,HEDGED_POSITION,FLATTENING,reference_invalid_exit,10322.0,10237.0,10407.0,10348.0,67
20260303,61629000,14:07:09.000,FLATTENING,COOLDOWN,reference_invalid_exit,10322.0,10237.0,10407.0,10348.0,69
20260303,61631000,14:07:11.000,COOLDOWN,FLAT_QUOTING,fair_recovered,10325.0,10240.0,10410.0,10347.5,67
20260303,61632000,14:07:12.000,FLAT_QUOTING,LONG_PENDING_HEDGE,target_fill,10325.0,10240.0,10410.0,10345.25,68
20260303,61633000,14:07:13.000,LONG_PENDING_HEDGE,HEDGED_POSITION,hedge_fill,10325.0,10240.0,10410.0,10342.75,69
20260303,61634000,14:07:14.000,HEDGED_POSITION,FLATTENING,reference_invalid_exit,10325.0,10240.0,10410.0,10344.25,67
20260303,61634000,14:07:14.000,FLATTENING,COOLDOWN,reference_invalid_exit,10325.0,10240.0,10410.0,10344.25,69
20260303,61636000,14:07:16.000,COOLDOWN,FLAT_QUOTING,fair_recovered,10321.0,10236.0,10406.0,10346.5,67
20260303,61637000,14:07:17.000,FLAT_QUOTING,LONG_PENDING_HEDGE,target_fill,10321.0,10236.0,10406.0,10345.0,68
20260303,61638000,14:07:18.000,LONG_PENDING_HEDGE,HEDGED_POSITION,hedge_fill,10321.0,10236.0,10406.0,10344.5,69
20260303,61639000,14:07:19.000,HEDGED_POSITION,FLATTENING,reference_invalid_exit,10321.0,10236.0,10406.0,10341.25,67
20260303,61639000,14:07:19.000,FLATTENING,COOLDOWN,reference_invalid_exit,10321.0,10236.0,10406.0,10341.25,69
20260303,61641000,14:07:21.000,COOLDOWN,FLAT_QUOTING,fair_recovered,10322.0,10237.0,10407.0,10336.75,67
20260303,61642000,14:07:22.000,FLAT_QUOTING,LONG_PENDING_HEDGE,target_fill,10322.0,10237.0,10407.0,10334.5,68
20260303,61643000,14:07:23.000,LONG_PENDING_HEDGE,HEDGED_POSITION,hedge_fill,10322.0,10237.0,10407.0,10332.0,69
20260303,61644000,14:07:24.000,HEDGED_POSITION,FLATTENING,reference_invalid_exit,10322.0,10237.0,10407.0,10329.75,67
20260303,61644000,14:07:24.000,FLATTENING,COOLDOWN,reference_invalid_exit,10322.0,10237.0,10407.0,10329.75,69
20260303,61646000,14:07:26.000,COOLDOWN,FLAT_QUOTING,fair_recovered,10316.0,10231.0,10401.0,10327.75,66
20260303,61647000,14:07:27.000,FLAT_QUOTING,LONG_PENDING_HEDGE,target_fill,10316.0,10231.0,10401.0,10325.75,69
20260303,61648000,14:07:28.000,LONG_PENDING_HEDGE,HEDGED_POSITION,hedge_fill,10316.0,10231.0,10401.0,10324.25,70
20260303,61649000,14:07:29.000,HEDGED_POSITION,FLATTENING,reference_invalid_exit,10316.0,10231.0,10401.0,10326.25,70
20260303,61649000,14:07:29.000,FLATTENING,COOLDOWN,reference_invalid_exit,10316.0,10231.0,10401.0,10326.25,72
20260303,61651000,14:07:31.000,COOLDOWN,FLAT_QUOTING,fair_recovered,10316.0,10231.0,10401.0,10331.0,70
20260303,61652000,14:07:32.000,FLAT_QUOTING,LONG_PENDING_HEDGE,target_fill,10316.0,10231.0,10401.0,10331.25,72
20260303,61653000,14:07:33.000,LONG_PENDING_HEDGE,HEDGED_POSITION,hedge_fill,10316.0,10231.0,10401.0,10331.25,72
20260303,61654000,14:07:34.000,HEDGED_POSITION,FLATTENING,reference_invalid_exit,10316.0,10231.0,10401.0,10327.5,70
20260303,61654000,14:07:34.000,FLATTENING,COOLDOWN,reference_invalid_exit,10316.0,10231.0,10401.0,10327.5,72
20260303,61656000,14:07:36.000,COOLDOWN,FLAT_QUOTING,fair_recovered,10322.0,10237.0,10407.0,10328.25,70
20260303,61657000,14:07:37.000,FLAT_QUOTING,LONG_PENDING_HEDGE,target_fill,10322.0,10237.0,10407.0,10328.25,72
20260303,61658000,14:07:38.000,LONG_PENDING_HEDGE,HEDGED_POSITION,hedge_fill,10322.0,10237.0,10407.0,10326.75,72
20260303,61659000,14:07:39.000,HEDGED_POSITION,FLATTENING,reference_invalid_exit,10322.0,10237.0,10407.0,10326.25,70
20260303,61659000,14:07:39.000,FLATTENING,COOLDOWN,reference_invalid_exit,10322.0,10237.0,10407.0,10326.25,72
20260303,61661000,14:07:41.000,COOLDOWN,FLAT_QUOTING,fair_recovered,10321.0,10236.0,10406.0,10323.5,70
20260303,61662000,14:07:42.000,FLAT_QUOTING,LONG_PENDING_HEDGE,target_fill,10321.0,10236.0,10406.0,10323.25,72
20260303,61663000,14:07:43.000,LONG_PENDING_HEDGE,HEDGED_POSITION,hedge_fill,10321.0,10236.0,10406.0,10324.5,72
20260303,61664000,14:07:44.000,HEDGED_POSITION,FLATTENING,reference_invalid_exit,10321.0,10236.0,10406.0,10325.25,70
20260303,61664000,14:07:44.000,FLATTENING,COOLDOWN,reference_invalid_exit,10321.0,10236.0,10406.0,10325.25,72
20260303,61666000,14:07:46.000,COOLDOWN,FLAT_QUOTING,fair_recovered,10322.0,10237.0,10407.0,10325.5,70
20260303,61667000,14:07:47.000,FLAT_QUOTING,LONG_PENDING_HEDGE,target_fill,10322.0,10237.0,10407.0,10328.0,72
20260303,61668000,14:07:48.000,LONG_PENDING_HEDGE,HEDGED_POSITION,hedge_fill,10322.0,10237.0,10407.0,10327.0,72
20260303,61669000,14:07:49.000,HEDGED_POSITION,FLATTENING,reference_invalid_exit,10322.0,10237.0,10407.0,10327.25,70
20260303,61669000,14:07:49.000,FLATTENING,COOLDOWN,reference_invalid_exit,10322.0,10237.0,10407.0,10327.25,72
20260303,61671000,14:07:51.000,COOLDOWN,FLAT_QUOTING,fair_recovered,10322.0,10237.0,10407.0,10325.5,70
20260303,61672000,14:07:52.000,FLAT_QUOTING,LONG_PENDING_HEDGE,target_fill,10322.0,10237.0,10407.0,10325.75,72
20260303,61673000,14:07:53.000,LONG_PENDING_HEDGE,HEDGED_POSITION,hedge_fill,10322.0,10237.0,10407.0,10324.25,72
20260303,61674000,14:07:54.000,HEDGED_POSITION,FLATTENING,reference_invalid_exit,10322.0,10237.0,10407.0,10323.75,70
20260303,61674000,14:07:54.000,FLATTENING,COOLDOWN,reference_invalid_exit,10322.0,10237.0,10407.0,10323.75,72
20260303,61676000,14:07:56.000,COOLDOWN,FLAT_QUOTING,fair_recovered,10318.0,10233.0,10403.0,10323.0,70
20260303,61677000,14:07:57.000,FLAT_QUOTING,LONG_PENDING_HEDGE,target_fill,10318.0,10233.0,10403.0,10322.25,72
20260303,61678000,14:07:58.000,LONG_PENDING_HEDGE,HEDGED_POSITION,hedge_fill,10318.0,10233.0,10403.0,10322.5,72
20260303,61679000,14:07:59.000,HEDGED_POSITION,FLATTENING,reference_invalid_exit,10318.0,10233.0,10403.0,10323.25,70
20260303,61679000,14:07:59.000,FLATTENING,COOLDOWN,reference_invalid_exit,10318.0,10233.0,10403.0,10323.25,72
20260303,61681000,14:08:01.000,COOLDOWN,FLAT_QUOTING,fair_recovered,10318.0,10233.0,10403.0,10324.0,70
20260303,61682000,14:08:02.000,FLAT_QUOTING,LONG_PENDING_HEDGE,target_fill,10318.0,10233.0,10403.0,10324.75,72
20260303,61683000,14:08:03.000,LONG_PENDING_HEDGE,HEDGED_POSITION,hedge_fill,10318.0,10233.0,10403.0,10324.875,72
20260303,61684000,14:08:04.000,HEDGED_POSITION,FLATTENING,reference_invalid_exit,10318.0,10233.0,10403.0,10323.75,70
20260303,61684000,14:08:04.000,FLATTENING,COOLDOWN,reference_invalid_exit,10318.0,10233.0,10403.0,10323.75,72
20260303,61686000,14:08:06.000,COOLDOWN,FLAT_QUOTING,fair_recovered,10321.0,10236.0,10406.0,10318.375,70
20260303,61687000,14:08:07.000,FLAT_QUOTING,LONG_PENDING_HEDGE,target_fill,10321.0,10236.0,10406.0,10318.0,72
20260303,61688000,14:08:08.000,LONG_PENDING_HEDGE,HEDGED_POSITION,hedge_fill,10321.0,10236.0,10406.0,10316.5,72
20260303,61689000,14:08:09.000,HEDGED_POSITION,FLATTENING,reference_invalid_exit,10321.0,10236.0,10406.0,10317.625,70
20260303,61689000,14:08:09.000,FLATTENING,COOLDOWN,reference_invalid_exit,10321.0,10236.0,10406.0,10317.625,72
20260303,61691000,14:08:11.000,COOLDOWN,FLAT_QUOTING,fair_recovered,10313.0,10228.0,10398.0,10315.25,70
20260303,61692000,14:08:12.000,FLAT_QUOTING,LONG_PENDING_HEDGE,target_fill,10313.0,10228.0,10398.0,10316.25,72
20260303,61693000,14:08:13.000,LONG_PENDING_HEDGE,HEDGED_POSITION,hedge_fill,10313.0,10228.0,10398.0,10317.0,72
20260303,61694000,14:08:14.000,HEDGED_POSITION,FLATTENING,reference_invalid_exit,10313.0,10228.0,10398.0,10317.75,70
20260303,61694000,14:08:14.000,FLATTENING,COOLDOWN,reference_invalid_exit,10313.0,10228.0,10398.0,10317.75,72
20260303,61696000,14:08:16.000,COOLDOWN,FLAT_QUOTING,fair_recovered,10324.0,10239.0,10409.0,10321.875,70
20260303,61697000,14:08:17.000,FLAT_QUOTING,LONG_PENDING_HEDGE,target_fill,10324.0,10239.0,10409.0,10319.75,72
20260303,61698000,14:08:18.000,LONG_PENDING_HEDGE,HEDGED_POSITION,hedge_fill,10324.0,10239.0,10409.0,10321.25,72
20260303,61699000,14:08:19.000,HEDGED_POSITION,FLATTENING,reference_invalid_exit,10324.0,10239.0,10409.0,10321.375,70
20260303,61699000,14:08:19.000,FLATTENING,COOLDOWN,reference_invalid_exit,10324.0,10239.0,10409.0,10321.375,72
20260303,61701000,14:08:21.000,COOLDOWN,FLAT_QUOTING,fair_recovered,10319.0,10234.0,10404.0,10321.25,70
20260303,61702000,14:08:22.000,FLAT_QUOTING,LONG_PENDING_HEDGE,target_fill,10319.0,10234.0,10404.0,10321.0,72
20260303,61703000,14:08:23.000,LONG_PENDING_HEDGE,HEDGED_POSITION,hedge_fill,10319.0,10234.0,10404.0,10319.5,72
20260303,61704000,14:08:24.000,HEDGED_POSITION,FLATTENING,reference_invalid_exit,10319.0,10234.0,10404.0,10320.5,70
20260303,61704000,14:08:24.000,FLATTENING,COOLDOWN,reference_invalid_exit,10319.0,10234.0,10404.0,10320.5,72
20260303,61706000,14:08:26.000,COOLDOWN,FLAT_QUOTING,fair_recovered,10319.0,10234.0,10404.0,10319.25,70
20260303,61707000,14:08:27.000,FLAT_QUOTING,LONG_PENDING_HEDGE,target_fill,10319.0,10234.0,10404.0,10319.25,72
20260303,61708000,14:08:28.000,LONG_PENDING_HEDGE,HEDGED_POSITION,hedge_fill,10319.0,10234.0,10404.0,,72
20260303,61709000,14:08:29.000,HEDGED_POSITION,FLATTENING,reference_invalid_exit,10319.0,10234.0,10404.0,,70
20260303,61709000,14:08:29.000,FLATTENING,COOLDOWN,reference_invalid_exit,10319.0,10234.0,10404.0,,72
20260303,61711000,14:08:31.000,COOLDOWN,FLAT_QUOTING,fair_recovered,10317.0,10232.0,10402.0,10319.0,70
20260303,61712000,14:08:32.000,FLAT_QUOTING,LONG_PENDING_HEDGE,target_fill,10317.0,10232.0,10402.0,10319.75,72
20260303,61713000,14:08:33.000,LONG_PENDING_HEDGE,HEDGED_POSITION,hedge_fill,10317.0,10232.0,10402.0,10320.25,72
20260303,61714000,14:08:34.000,HEDGED_POSITION,FLATTENING,reference_invalid_exit,10317.0,10232.0,10402.0,10319.5,70
20260303,61714000,14:08:34.000,FLATTENING,COOLDOWN,reference_invalid_exit,10317.0,10232.0,10402.0,10319.5,72
20260303,61716000,14:08:36.000,COOLDOWN,FLAT_QUOTING,fair_recovered,10315.0,10230.0,10400.0,10317.0,70
20260303,61717000,14:08:37.000,FLAT_QUOTING,LONG_PENDING_HEDGE,target_fill,10315.0,10230.0,10400.0,10317.5,72
20260303,61718000,14:08:38.000,LONG_PENDING_HEDGE,HEDGED_POSITION,hedge_fill,10315.0,10230.0,10400.0,10318.0,72
20260303,61719000,14:08:39.000,HEDGED_POSITION,FLATTENING,reference_invalid_exit,10315.0,10230.0,10400.0,10317.25,70
20260303,61719000,14:08:39.000,FLATTENING,COOLDOWN,reference_invalid_exit,10315.0,10230.0,10400.0,10317.25,72
20260303,61721000,14:08:41.000,COOLDOWN,FLAT_QUOTING,fair_recovered,10314.0,10229.0,10399.0,10316.25,70
20260303,61722000,14:08:42.000,FLAT_QUOTING,LONG_PENDING_HEDGE,target_fill,10314.0,10229.0,10399.0,10315.75,72
20260303,61723000,14:08:43.000,LONG_PENDING_HEDGE,HEDGED_POSITION,hedge_fill,10314.0,10229.0,10399.0,10316.25,72
20260303,61724000,14:08:44.000,HEDGED_POSITION,FLATTENING,reference_invalid_exit,10314.0,10229.0,10399.0,10315.75,70
20260303,61724000,14:08:44.000,FLATTENING,COOLDOWN,reference_invalid_exit,10314.0,10229.0,10399.0,10315.75,72
20260303,61726000,14:08:46.000,COOLDOWN,FLAT_QUOTING,fair_recovered,10307.0,10222.0,10392.0,10314.75,70
20260303,61727000,14:08:47.000,FLAT_QUOTING,LONG_PENDING_HEDGE,target_fill,10307.0,10222.0,10392.0,10310.5,72
20260303,61728000,14:08:48.000,LONG_PENDING_HEDGE,HEDGED_POSITION,hedge_fill,10307.0,10222.0,10392.0,10310.0,72
20260303,61729000,14:08:49.000,HEDGED_POSITION,FLATTENING,reference_invalid_exit,10307.0,10222.0,10392.0,10308.75,70
20260303,61729000,14:08:49.000,FLATTENING,COOLDOWN,reference_invalid_exit,10307.0,10222.0,10392.0,10308.75,72
20260303,61731000,14:08:51.000,COOLDOWN,FLAT_QUOTING,fair_recovered,10298.0,10213.0,10383.0,10307.0,70
20260303,61732000,14:08:52.000,FLAT_QUOTING,LONG_PENDING_HEDGE,target_fill,10298.0,10213.0,10383.0,10309.25,72
20260303,61733000,14:08:53.000,LONG_PENDING_HEDGE,HEDGED_POSITION,hedge_fill,10298.0,10213.0,10383.0,10308.25,72
20260303,61734000,14:08:54.000,HEDGED_POSITION,FLATTENING,reference_invalid_exit,10298.0,10213.0,10383.0,10304.25,70
20260303,61734000,14:08:54.000,FLATTENING,COOLDOWN,reference_invalid_exit,10298.0,10213.0,10383.0,10304.25,72
20260303,61736000,14:08:56.000,COOLDOWN,FLAT_QUOTING,fair_recovered,10296.0,10211.0,10381.0,10303.75,70
20260303,61737000,14:08:57.000,FLAT_QUOTING,LONG_PENDING_HEDGE,target_fill,10296.0,10211.0,10381.0,10304.25,72
20260303,61738000,14:08:58.000,LONG_PENDING_HEDGE,HEDGED_POSITION,hedge_fill,10296.0,10211.0,10381.0,10303.75,72
20260303,61739000,14:08:59.000,HEDGED_POSITION,FLATTENING,reference_invalid_exit,10296.0,10211.0,10381.0,10303.25,70
20260303,61739000,14:08:59.000,FLATTENING,COOLDOWN,reference_invalid_exit,10296.0,10211.0,10381.0,10303.25,72
20260303,61741000,14:09:01.000,COOLDOWN,FLAT_QUOTING,fair_recovered,10297.0,10212.0,10382.0,10304.0,70
20260303,61742000,14:09:02.000,FLAT_QUOTING,LONG_PENDING_HEDGE,target_fill,10297.0,10212.0,10382.0,10303.5,72
20260303,61743000,14:09:03.000,LONG_PENDING_HEDGE,HEDGED_POSITION,hedge_fill,10297.0,10212.0,10382.0,10303.875,72
20260303,61744000,14:09:04.000,HEDGED_POSITION,FLATTENING,reference_invalid_exit,10297.0,10212.0,10382.0,10303.25,70
20260303,61744000,14:09:04.000,FLATTENING,COOLDOWN,reference_invalid_exit,10297.0,10212.0,10382.0,10303.25,72
20260303,61746000,14:09:06.000,COOLDOWN,FLAT_QUOTING,fair_recovered,10299.0,10214.0,10384.0,10302.0,70
20260303,61747000,14:09:07.000,FLAT_QUOTING,LONG_PENDING_HEDGE,target_fill,10299.0,10214.0,10384.0,10301.75,72
20260303,61748000,14:09:08.000,LONG_PENDING_HEDGE,HEDGED_POSITION,hedge_fill,10299.0,10214.0,10384.0,10297.75,72
20260303,61749000,14:09:09.000,HEDGED_POSITION,FLATTENING,reference_invalid_exit,10299.0,10214.0,10384.0,10297.75,70
20260303,61749000,14:09:09.000,FLATTENING,COOLDOWN,reference_invalid_exit,10299.0,10214.0,10384.0,10297.75,72
20260303,61751000,14:09:11.000,COOLDOWN,FLAT_QUOTING,fair_recovered,10299.0,10214.0,10384.0,10301.0,70
20260303,61752000,14:09:12.000,FLAT_QUOTING,LONG_PENDING_HEDGE,target_fill,10299.0,10214.0,10384.0,10305.0,72
20260303,61753000,14:09:13.000,LONG_PENDING_HEDGE,HEDGED_POSITION,hedge_fill,10299.0,10214.0,10384.0,,72
20260303,61754000,14:09:14.000,HEDGED_POSITION,FLATTENING,reference_invalid_exit,10299.0,10214.0,10384.0,,70
20260303,61754000,14:09:14.000,FLATTENING,COOLDOWN,reference_invalid_exit,10299.0,10214.0,10384.0,,72
20260303,61756000,14:09:16.000,COOLDOWN,FLAT_QUOTING,fair_recovered,10316.0,10231.0,10401.0,10315.0,70
20260303,61757000,14:09:17.000,FLAT_QUOTING,LONG_PENDING_HEDGE,target_fill,10316.0,10231.0,10401.0,10317.25,72
20260303,61758000,14:09:18.000,LONG_PENDING_HEDGE,HEDGED_POSITION,hedge_fill,10316.0,10231.0,10401.0,10321.0,72
20260303,61759000,14:09:19.000,HEDGED_POSITION,FLATTENING,reversion_exit,10316.0,10231.0,10401.0,10317.75,70
20260303,61759000,14:09:19.000,FLATTENING,COOLDOWN,reversion_exit,10316.0,10231.0,10401.0,10317.75,72
20260303,61761000,14:09:21.000,COOLDOWN,FLAT_QUOTING,fair_recovered,10314.0,10229.0,10399.0,10313.0,70
20260303,61762000,14:09:22.000,FLAT_QUOTING,LONG_PENDING_HEDGE,target_fill,10314.0,10229.0,10399.0,10310.75,72
20260303,61763000,14:09:23.000,LONG_PENDING_HEDGE,HEDGED_POSITION,hedge_fill,10314.0,10229.0,10399.0,10308.75,72
20260303,61764000,14:09:24.000,HEDGED_POSITION,FLATTENING,reference_invalid_exit,10314.0,10229.0,10399.0,10308.5,70
20260303,61764000,14:09:24.000,FLATTENING,COOLDOWN,reference_invalid_exit,10314.0,10229.0,10399.0,10308.5,72
20260303,61766000,14:09:26.000,COOLDOWN,FLAT_QUOTING,fair_recovered,10302.0,10217.0,10387.0,10305.0,70
20260303,61767000,14:09:27.000,FLAT_QUOTING,LONG_PENDING_HEDGE,target_fill,10302.0,10217.0,10387.0,10304.5,72
20260303,61768000,14:09:28.000,LONG_PENDING_HEDGE,HEDGED_POSITION,hedge_fill,10302.0,10217.0,10387.0,10303.75,72
20260303,61769000,14:09:29.000,HEDGED_POSITION,FLATTENING,reference_invalid_exit,10302.0,10217.0,10387.0,10300.75,70
20260303,61769000,14:09:29.000,FLATTENING,COOLDOWN,reference_invalid_exit,10302.0,10217.0,10387.0,10300.75,72
20260303,61771000,14:09:31.000,COOLDOWN,FLAT_QUOTING,fair_recovered,10299.0,10214.0,10384.0,10299.75,70
20260303,61772000,14:09:32.000,FLAT_QUOTING,LONG_PENDING_HEDGE,target_fill,10299.0,10214.0,10384.0,10301.75,72
20260303,61773000,14:09:33.000,LONG_PENDING_HEDGE,HEDGED_POSITION,hedge_fill,10299.0,10214.0,10384.0,10302.0,72
20260303,61774000,14:09:34.000,HEDGED_POSITION,FLATTENING,reference_invalid_exit,10299.0,10214.0,10384.0,10301.25,70
20260303,61774000,14:09:34.000,FLATTENING,COOLDOWN,reference_invalid_exit,10299.0,10214.0,10384.0,10301.25,72
20260303,61776000,14:09:36.000,COOLDOWN,FLAT_QUOTING,fair_recovered,10300.0,10215.0,10385.0,10301.25,70
20260303,61777000,14:09:37.000,FLAT_QUOTING,LONG_PENDING_HEDGE,target_fill,10300.0,10215.0,10385.0,10303.75,72
20260303,61778000,14:09:38.000,LONG_PENDING_HEDGE,HEDGED_POSITION,hedge_fill,10300.0,10215.0,10385.0,10304.25,72
20260303,61779000,14:09:39.000,HEDGED_POSITION,FLATTENING,reference_invalid_exit,10300.0,10215.0,10385.0,10301.75,70
20260303,61779000,14:09:39.000,FLATTENING,COOLDOWN,reference_invalid_exit,10300.0,10215.0,10385.0,10301.75,72
20260303,61781000,14:09:41.000,COOLDOWN,FLAT_QUOTING,fair_recovered,10305.0,10220.0,10390.0,10304.5,70
20260303,61782000,14:09:42.000,FLAT_QUOTING,LONG_PENDING_HEDGE,target_fill,10305.0,10220.0,10390.0,10303.75,72
20260303,61783000,14:09:43.000,LONG_PENDING_HEDGE,HEDGED_POSITION,hedge_fill,10305.0,10220.0,10390.0,10308.75,72
20260303,61784000,14:09:44.000,HEDGED_POSITION,FLATTENING,reference_invalid_exit,10305.0,10220.0,10390.0,10310.25,70
20260303,61784000,14:09:44.000,FLATTENING,COOLDOWN,reference_invalid_exit,10305.0,10220.0,10390.0,10310.25,72
20260303,61786000,14:09:46.000,COOLDOWN,FLAT_QUOTING,fair_recovered,10311.0,10226.0,10396.0,10310.875,70
20260303,61787000,14:09:47.000,FLAT_QUOTING,LONG_PENDING_HEDGE,target_fill,10311.0,10226.0,10396.0,10310.75,72
20260303,61788000,14:09:48.000,LONG_PENDING_HEDGE,HEDGED_POSITION,hedge_fill,10311.0,10226.0,10396.0,10310.25,72
20260303,61789000,14:09:49.000,HEDGED_POSITION,FLATTENING,reversion_exit,10311.0,10226.0,10396.0,10309.875,70
20260303,61789000,14:09:49.000,FLATTENING,COOLDOWN,reversion_exit,10311.0,10226.0,10396.0,10309.875,72
20260303,61791000,14:09:51.000,COOLDOWN,FLAT_QUOTING,fair_recovered,10310.0,10225.0,10395.0,10310.5,70
20260303,61792000,14:09:52.000,FLAT_QUOTING,LONG_PENDING_HEDGE,target_fill,10310.0,10225.0,10395.0,10311.875,72
20260303,61793000,14:09:53.000,LONG_PENDING_HEDGE,HEDGED_POSITION,hedge_fill,10310.0,10225.0,10395.0,10311.0,72
20260303,61794000,14:09:54.000,HEDGED_POSITION,FLATTENING,reversion_exit,10310.0,10225.0,10395.0,10311.0,70
20260303,61794000,14:09:54.000,FLATTENING,COOLDOWN,reversion_exit,10310.0,10225.0,10395.0,10311.0,72
20260303,61796000,14:09:56.000,COOLDOWN,FLAT_QUOTING,fair_recovered,10305.0,10220.0,10390.0,10311.875,70
20260303,61797000,14:09:57.000,FLAT_QUOTING,LONG_PENDING_HEDGE,target_fill,10305.0,10220.0,10390.0,10310.0,72
20260303,61798000,14:09:58.000,LONG_PENDING_HEDGE,HEDGED_POSITION,hedge_fill,10305.0,10220.0,10390.0,10309.75,72
20260303,61799000,14:09:59.000,HEDGED_POSITION,FLATTENING,reference_invalid_exit,10305.0,10220.0,10390.0,10309.75,70
20260303,61799000,14:09:59.000,FLATTENING,COOLDOWN,reference_invalid_exit,10305.0,10220.0,10390.0,10309.75,72
20260303,61801000,14:10:01.000,COOLDOWN,FLAT_QUOTING,fair_recovered,10300.0,10215.0,10385.0,10308.5,70
20260303,61802000,14:10:02.000,FLAT_QUOTING,LONG_PENDING_HEDGE,target_fill,10300.0,10215.0,10385.0,10308.25,72
20260303,61803000,14:10:03.000,LONG_PENDING_HEDGE,HEDGED_POSITION,hedge_fill,10300.0,10215.0,10385.0,10309.25,72
20260303,61804000,14:10:04.000,HEDGED_POSITION,FLATTENING,reference_invalid_exit,10300.0,10215.0,10385.0,10309.5,70
20260303,61804000,14:10:04.000,FLATTENING,COOLDOWN,reference_invalid_exit,10300.0,10215.0,10385.0,10309.5,72
20260303,61806000,14:10:06.000,COOLDOWN,FLAT_QUOTING,fair_recovered,10300.0,10215.0,10385.0,10310.0,70
20260303,61808000,14:10:08.000,FLAT_QUOTING,LONG_PENDING_HEDGE,target_fill,10300.0,10215.0,10385.0,10306.75,71
20260303,61809000,14:10:09.000,LONG_PENDING_HEDGE,HEDGED_POSITION,hedge_fill,10300.0,10215.0,10385.0,10306.0,70
20260303,61810000,14:10:10.000,HEDGED_POSITION,FLATTENING,reference_invalid_exit,10300.0,10215.0,10385.0,10303.0,70
20260303,61810000,14:10:10.000,FLATTENING,COOLDOWN,reference_invalid_exit,10300.0,10215.0,10385.0,10303.0,72
20260303,61812000,14:10:12.000,COOLDOWN,FLAT_QUOTING,fair_recovered,10290.0,10205.0,10375.0,10299.25,69
20260303,61813000,14:10:13.000,FLAT_QUOTING,LONG_PENDING_HEDGE,target_fill,10290.0,10205.0,10375.0,10300.75,71
20260303,61814000,14:10:14.000,LONG_PENDING_HEDGE,HEDGED_POSITION,hedge_fill,10290.0,10205.0,10375.0,10299.5,70
20260303,61815000,14:10:15.000,HEDGED_POSITION,FLATTENING,reversion_exit,10290.0,10205.0,10375.0,10302.75,70
20260303,61815000,14:10:15.000,FLATTENING,COOLDOWN,reversion_exit,10290.0,10205.0,10375.0,10302.75,72
20260303,61817000,14:10:17.000,COOLDOWN,FLAT_QUOTING,fair_recovered,10304.0,10219.0,10389.0,10303.75,69
20260303,61818000,14:10:18.000,FLAT_QUOTING,LONG_PENDING_HEDGE,target_fill,10304.0,10219.0,10389.0,10306.75,71
20260303,61819000,14:10:19.000,LONG_PENDING_HEDGE,HEDGED_POSITION,hedge_fill,10304.0,10219.0,10389.0,10309.25,70
20260303,61820000,14:10:20.000,HEDGED_POSITION,FLATTENING,reversion_exit,10304.0,10219.0,10389.0,10307.25,70
20260303,61820000,14:10:20.000,FLATTENING,COOLDOWN,reversion_exit,10304.0,10219.0,10389.0,10307.25,72
20260303,61822000,14:10:22.000,COOLDOWN,FLAT_QUOTING,fair_recovered,10308.0,10223.0,10393.0,10307.5,69
20260303,61823000,14:10:23.000,FLAT_QUOTING,LONG_PENDING_HEDGE,target_fill,10308.0,10223.0,10393.0,10308.75,71
20260303,61824000,14:10:24.000,LONG_PENDING_HEDGE,HEDGED_POSITION,hedge_fill,10308.0,10223.0,10393.0,10306.75,70
20260303,61825000,14:10:25.000,HEDGED_POSITION,FLATTENING,reversion_exit,10308.0,10223.0,10393.0,10307.25,70
20260303,61825000,14:10:25.000,FLATTENING,COOLDOWN,reversion_exit,10308.0,10223.0,10393.0,10307.25,72
20260303,61827000,14:10:27.000,COOLDOWN,FLAT_QUOTING,fair_recovered,10302.0,10217.0,10387.0,10302.0,69
20260303,61828000,14:10:28.000,FLAT_QUOTING,LONG_PENDING_HEDGE,target_fill,10302.0,10217.0,10387.0,10304.5,71
20260303,61829000,14:10:29.000,LONG_PENDING_HEDGE,HEDGED_POSITION,hedge_fill,10302.0,10217.0,10387.0,10302.375,70
20260303,61830000,14:10:30.000,HEDGED_POSITION,FLATTENING,reversion_exit,10302.0,10217.0,10387.0,10303.25,70
20260303,61830000,14:10:30.000,FLATTENING,COOLDOWN,reversion_exit,10302.0,10217.0,10387.0,10303.25,72
20260303,61832000,14:10:32.000,COOLDOWN,FLAT_QUOTING,fair_recovered,10304.0,10219.0,10389.0,10304.5,69
20260303,61833000,14:10:33.000,FLAT_QUOTING,LONG_PENDING_HEDGE,target_fill,10304.0,10219.0,10389.0,10302.75,71
20260303,61834000,14:10:34.000,LONG_PENDING_HEDGE,HEDGED_POSITION,hedge_fill,10304.0,10219.0,10389.0,10304.75,70
20260303,61835000,14:10:35.000,HEDGED_POSITION,FLATTENING,reversion_exit,10304.0,10219.0,10389.0,10304.25,70
20260303,61835000,14:10:35.000,FLATTENING,COOLDOWN,reversion_exit,10304.0,10219.0,10389.0,10304.25,72
20260303,61837000,14:10:37.000,COOLDOWN,FLAT_QUOTING,fair_recovered,10305.0,10220.0,10390.0,10305.25,69
20260303,61838000,14:10:38.000,FLAT_QUOTING,LONG_PENDING_HEDGE,target_fill,10305.0,10220.0,10390.0,10307.0,71
20260303,61839000,14:10:39.000,LONG_PENDING_HEDGE,HEDGED_POSITION,hedge_fill,10305.0,10220.0,10390.0,10304.75,70
20260303,61840000,14:10:40.000,HEDGED_POSITION,FLATTENING,reversion_exit,10305.0,10220.0,10390.0,10303.625,70
20260303,61840000,14:10:40.000,FLATTENING,COOLDOWN,reversion_exit,10305.0,10220.0,10390.0,10303.625,72
20260303,61842000,14:10:42.000,COOLDOWN,FLAT_QUOTING,fair_recovered,10305.0,10220.0,10390.0,10305.125,69
20260303,61843000,14:10:43.000,FLAT_QUOTING,LONG_PENDING_HEDGE,target_fill,10305.0,10220.0,10390.0,10305.625,71
20260303,61844000,14:10:44.000,LONG_PENDING_HEDGE,HEDGED_POSITION,hedge_fill,10305.0,10220.0,10390.0,10303.375,70
20260303,61845000,14:10:45.000,HEDGED_POSITION,FLATTENING,reversion_exit,10305.0,10220.0,10390.0,10304.125,70
20260303,61845000,14:10:45.000,FLATTENING,COOLDOWN,reversion_exit,10305.0,10220.0,10390.0,10304.125,72
20260303,61847000,14:10:47.000,COOLDOWN,FLAT_QUOTING,fair_recovered,10300.0,10215.0,10385.0,10299.625,69
20260303,61848000,14:10:48.000,FLAT_QUOTING,LONG_PENDING_HEDGE,target_fill,10300.0,10215.0,10385.0,10300.125,71
20260303,61849000,14:10:49.000,LONG_PENDING_HEDGE,HEDGED_POSITION,hedge_fill,10300.0,10215.0,10385.0,10297.25,70
20260303,61850000,14:10:50.000,HEDGED_POSITION,FLATTENING,reference_invalid_exit,10300.0,10215.0,10385.0,,70
20260303,61850000,14:10:50.000,FLATTENING,COOLDOWN,reference_invalid_exit,10300.0,10215.0,10385.0,,72
20260303,61852000,14:10:52.000,COOLDOWN,FLAT_QUOTING,fair_recovered,10311.0,10226.0,10396.0,,69
20260303,61853000,14:10:53.000,FLAT_QUOTING,LONG_PENDING_HEDGE,target_fill,10311.0,10226.0,10396.0,,71
20260303,61854000,14:10:54.000,LONG_PENDING_HEDGE,HEDGED_POSITION,hedge_fill,10311.0,10226.0,10396.0,10301.5,70
20260303,61855000,14:10:55.000,HEDGED_POSITION,FLATTENING,reversion_exit,10311.0,10226.0,10396.0,10294.25,70
20260303,61855000,14:10:55.000,FLATTENING,COOLDOWN,reversion_exit,10311.0,10226.0,10396.0,10294.25,72
20260303,61857000,14:10:57.000,COOLDOWN,FLAT_QUOTING,fair_recovered,10292.0,10207.0,10377.0,10292.0,69
20260303,61858000,14:10:58.000,FLAT_QUOTING,LONG_PENDING_HEDGE,target_fill,10292.0,10207.0,10377.0,10291.75,71
20260303,61859000,14:10:59.000,LONG_PENDING_HEDGE,HEDGED_POSITION,hedge_fill,10292.0,10207.0,10377.0,10296.0,70
20260303,61860000,14:11:00.000,HEDGED_POSITION,FLATTENING,reversion_exit,10292.0,10207.0,10377.0,10292.375,70
20260303,61860000,14:11:00.000,FLATTENING,COOLDOWN,reversion_exit,10292.0,10207.0,10377.0,10292.375,72
20260303,61862000,14:11:02.000,COOLDOWN,FLAT_QUOTING,fair_recovered,10291.0,10206.0,10376.0,10291.0,69
20260303,61863000,14:11:03.000,FLAT_QUOTING,LONG_PENDING_HEDGE,target_fill,10291.0,10206.0,10376.0,10289.5,71
20260303,61864000,14:11:04.000,LONG_PENDING_HEDGE,HEDGED_POSITION,hedge_fill,10291.0,10206.0,10376.0,,70
20260303,61865000,14:11:05.000,HEDGED_POSITION,FLATTENING,reference_invalid_exit,10291.0,10206.0,10376.0,,70
20260303,61865000,14:11:05.000,FLATTENING,COOLDOWN,reference_invalid_exit,10291.0,10206.0,10376.0,,72
20260303,61867000,14:11:07.000,COOLDOWN,FLAT_QUOTING,fair_recovered,10299.0,10214.0,10384.0,10299.0,70
20260303,61868000,14:11:08.000,FLAT_QUOTING,LONG_PENDING_HEDGE,target_fill,10299.0,10214.0,10384.0,10298.5,72
20260303,61869000,14:11:09.000,LONG_PENDING_HEDGE,HEDGED_POSITION,hedge_fill,10299.0,10214.0,10384.0,10300.75,72
20260303,61870000,14:11:10.000,HEDGED_POSITION,FLATTENING,reversion_exit,10299.0,10214.0,10384.0,10301.25,70
20260303,61870000,14:11:10.000,FLATTENING,COOLDOWN,reversion_exit,10299.0,10214.0,10384.0,10301.25,72
20260303,61872000,14:11:12.000,COOLDOWN,FLAT_QUOTING,fair_recovered,10302.0,10217.0,10387.0,10302.5,70
20260303,61873000,14:11:13.000,FLAT_QUOTING,LONG_PENDING_HEDGE,target_fill,10302.0,10217.0,10387.0,10301.5,72
20260303,61874000,14:11:14.000,LONG_PENDING_HEDGE,HEDGED_POSITION,hedge_fill,10302.0,10217.0,10387.0,10302.75,72
20260303,61875000,14:11:15.000,HEDGED_POSITION,FLATTENING,reversion_exit,10302.0,10217.0,10387.0,10302.75,70
20260303,61875000,14:11:15.000,FLATTENING,COOLDOWN,reversion_exit,10302.0,10217.0,10387.0,10302.75,72
20260303,61877000,14:11:17.000,COOLDOWN,FLAT_QUOTING,fair_recovered,10302.0,10217.0,10387.0,10302.25,70
20260303,61878000,14:11:18.000,FLAT_QUOTING,LONG_PENDING_HEDGE,target_fill,10302.0,10217.0,10387.0,10301.75,72
20260303,61879000,14:11:19.000,LONG_PENDING_HEDGE,HEDGED_POSITION,hedge_fill,10302.0,10217.0,10387.0,10303.75,72
20260303,61880000,14:11:20.000,HEDGED_POSITION,FLATTENING,reversion_exit,10302.0,10217.0,10387.0,10305.0,70
20260303,61880000,14:11:20.000,FLATTENING,COOLDOWN,reversion_exit,10302.0,10217.0,10387.0,10305.0,72
20260303,61882000,14:11:22.000,COOLDOWN,FLAT_QUOTING,fair_recovered,10302.0,10217.0,10387.0,10302.5,70
20260303,61883000,14:11:23.000,FLAT_QUOTING,LONG_PENDING_HEDGE,target_fill,10302.0,10217.0,10387.0,10301.75,72
20260303,61884000,14:11:24.000,LONG_PENDING_HEDGE,HEDGED_POSITION,hedge_fill,10302.0,10217.0,10387.0,10300.75,72
20260303,61885000,14:11:25.000,HEDGED_POSITION,FLATTENING,reversion_exit,10302.0,10217.0,10387.0,10302.5,70
20260303,61885000,14:11:25.000,FLATTENING,COOLDOWN,reversion_exit,10302.0,10217.0,10387.0,10302.5,72
20260303,61887000,14:11:27.000,COOLDOWN,FLAT_QUOTING,fair_recovered,10301.0,10216.0,10386.0,10300.75,70
20260303,61888000,14:11:28.000,FLAT_QUOTING,LONG_PENDING_HEDGE,target_fill,10301.0,10216.0,10386.0,10300.25,72
20260303,61889000,14:11:29.000,LONG_PENDING_HEDGE,HEDGED_POSITION,hedge_fill,10301.0,10216.0,10386.0,10299.75,72
20260303,61890000,14:11:30.000,HEDGED_POSITION,FLATTENING,reference_invalid_exit,10301.0,10216.0,10386.0,10299.5,70
20260303,61890000,14:11:30.000,FLATTENING,COOLDOWN,reference_invalid_exit,10301.0,10216.0,10386.0,10299.5,72
20260303,61892000,14:11:32.000,COOLDOWN,FLAT_QUOTING,fair_recovered,10315.0,10230.0,10400.0,10301.0,70
20260303,61893000,14:11:33.000,FLAT_QUOTING,LONG_PENDING_HEDGE,target_fill,10315.0,10230.0,10400.0,10300.5,72
20260303,61894000,14:11:34.000,LONG_PENDING_HEDGE,HEDGED_POSITION,hedge_fill,10315.0,10230.0,10400.0,10300.5,72
20260303,61895000,14:11:35.000,HEDGED_POSITION,FLATTENING,reference_invalid_exit,10315.0,10230.0,10400.0,10300.5,70
20260303,61895000,14:11:35.000,FLATTENING,COOLDOWN,reference_invalid_exit,10315.0,10230.0,10400.0,10300.5,72
20260303,61897000,14:11:37.000,COOLDOWN,FLAT_QUOTING,fair_recovered,10315.0,10230.0,10400.0,10301.25,70
20260303,61898000,14:11:38.000,FLAT_QUOTING,LONG_PENDING_HEDGE,target_fill,10315.0,10230.0,10400.0,10301.75,72
20260303,61899000,14:11:39.000,LONG_PENDING_HEDGE,HEDGED_POSITION,hedge_fill,10315.0,10230.0,10400.0,10300.25,72
20260303,61900000,14:11:40.000,HEDGED_POSITION,FLATTENING,reference_invalid_exit,10315.0,10230.0,10400.0,10300.25,70
20260303,61900000,14:11:40.000,FLATTENING,COOLDOWN,reference_invalid_exit,10315.0,10230.0,10400.0,10300.25,72
20260303,61902000,14:11:42.000,COOLDOWN,FLAT_QUOTING,fair_recovered,10314.0,10229.0,10399.0,10300.75,70
20260303,61903000,14:11:43.000,FLAT_QUOTING,LONG_PENDING_HEDGE,target_fill,10314.0,10229.0,10399.0,10300.25,72
20260303,61904000,14:11:44.000,LONG_PENDING_HEDGE,HEDGED_POSITION,hedge_fill,10314.0,10229.0,10399.0,10297.75,72
20260303,61905000,14:11:45.000,HEDGED_POSITION,FLATTENING,reversion_exit,10314.0,10229.0,10399.0,10297.25,70
20260303,61905000,14:11:45.000,FLATTENING,COOLDOWN,reversion_exit,10314.0,10229.0,10399.0,10297.25,72
20260303,61907000,14:11:47.000,COOLDOWN,FLAT_QUOTING,fair_recovered,10297.0,10212.0,10382.0,10297.0,70
20260303,61908000,14:11:48.000,FLAT_QUOTING,LONG_PENDING_HEDGE,target_fill,10297.0,10212.0,10382.0,10296.5,72
20260303,61909000,14:11:49.000,LONG_PENDING_HEDGE,HEDGED_POSITION,hedge_fill,10297.0,10212.0,10382.0,10296.25,72
20260303,61910000,14:11:50.000,HEDGED_POSITION,FLATTENING,reversion_exit,10297.0,10212.0,10382.0,10296.0,70
20260303,61910000,14:11:50.000,FLATTENING,COOLDOWN,reversion_exit,10297.0,10212.0,10382.0,10296.0,72
20260303,61912000,14:11:52.000,COOLDOWN,FLAT_QUOTING,fair_recovered,10295.0,10210.0,10380.0,10294.75,70
20260303,61913000,14:11:53.000,FLAT_QUOTING,LONG_PENDING_HEDGE,target_fill,10295.0,10210.0,10380.0,10293.5,72
20260303,61914000,14:11:54.000,LONG_PENDING_HEDGE,HEDGED_POSITION,hedge_fill,10295.0,10210.0,10380.0,10294.25,72
20260303,61915000,14:11:55.000,HEDGED_POSITION,FLATTENING,reversion_exit,10295.0,10210.0,10380.0,10292.75,70
20260303,61915000,14:11:55.000,FLATTENING,COOLDOWN,reversion_exit,10295.0,10210.0,10380.0,10292.75,72
20260303,61917000,14:11:57.000,COOLDOWN,FLAT_QUOTING,fair_recovered,10292.0,10207.0,10377.0,10291.75,70
20260303,61918000,14:11:58.000,FLAT_QUOTING,LONG_PENDING_HEDGE,target_fill,10292.0,10207.0,10377.0,10292.0,72
20260303,61919000,14:11:59.000,LONG_PENDING_HEDGE,HEDGED_POSITION,hedge_fill,10292.0,10207.0,10377.0,10292.25,72
20260303,61920000,14:12:00.000,HEDGED_POSITION,FLATTENING,reversion_exit,10292.0,10207.0,10377.0,10291.75,70
20260303,61920000,14:12:00.000,FLATTENING,COOLDOWN,reversion_exit,10292.0,10207.0,10377.0,10291.75,72
20260303,61922000,14:12:02.000,COOLDOWN,FLAT_QUOTING,fair_recovered,10282.0,10197.0,10367.0,10281.75,70
20260303,61923000,14:12:03.000,FLAT_QUOTING,LONG_PENDING_HEDGE,target_fill,10282.0,10197.0,10367.0,10280.75,72
20260303,61924000,14:12:04.000,LONG_PENDING_HEDGE,HEDGED_POSITION,hedge_fill,10282.0,10197.0,10367.0,10280.5,72
20260303,61925000,14:12:05.000,HEDGED_POSITION,FLATTENING,reversion_exit,10282.0,10197.0,10367.0,10280.25,70
20260303,61925000,14:12:05.000,FLATTENING,COOLDOWN,reversion_exit,10282.0,10197.0,10367.0,10280.25,72
20260303,61927000,14:12:07.000,COOLDOWN,FLAT_QUOTING,fair_recovered,10282.0,10197.0,10367.0,10281.75,70
20260303,61928000,14:12:08.000,FLAT_QUOTING,LONG_PENDING_HEDGE,target_fill,10282.0,10197.0,10367.0,10282.0,72
20260303,61929000,14:12:09.000,LONG_PENDING_HEDGE,HEDGED_POSITION,hedge_fill,10282.0,10197.0,10367.0,10280.25,72
20260303,61930000,14:12:10.000,HEDGED_POSITION,FLATTENING,reversion_exit,10282.0,10197.0,10367.0,10282.0,70
20260303,61930000,14:12:10.000,FLATTENING,COOLDOWN,reversion_exit,10282.0,10197.0,10367.0,10282.0,72
20260303,61932000,14:12:12.000,COOLDOWN,FLAT_QUOTING,fair_recovered,10282.0,10197.0,10367.0,10281.75,70
20260303,61933000,14:12:13.000,FLAT_QUOTING,LONG_PENDING_HEDGE,target_fill,10282.0,10197.0,10367.0,10282.25,72
20260303,61934000,14:12:14.000,LONG_PENDING_HEDGE,HEDGED_POSITION,hedge_fill,10282.0,10197.0,10367.0,10282.25,72
20260303,61935000,14:12:15.000,HEDGED_POSITION,FLATTENING,reversion_exit,10282.0,10197.0,10367.0,10283.5,70
20260303,61935000,14:12:15.000,FLATTENING,COOLDOWN,reversion_exit,10282.0,10197.0,10367.0,10283.5,72
20260303,61937000,14:12:17.000,COOLDOWN,FLAT_QUOTING,fair_recovered,10284.0,10199.0,10369.0,10283.75,70
20260303,61938000,14:12:18.000,FLAT_QUOTING,LONG_PENDING_HEDGE,target_fill,10284.0,10199.0,10369.0,10283.875,72
20260303,61939000,14:12:19.000,LONG_PENDING_HEDGE,HEDGED_POSITION,hedge_fill,10284.0,10199.0,10369.0,10281.0,72
20260303,61940000,14:12:20.000,HEDGED_POSITION,FLATTENING,reversion_exit,10284.0,10199.0,10369.0,10281.25,70
20260303,61940000,14:12:20.000,FLATTENING,COOLDOWN,reversion_exit,10284.0,10199.0,10369.0,10281.25,72
20260303,61942000,14:12:22.000,COOLDOWN,FLAT_QUOTING,fair_recovered,10282.0,10197.0,10367.0,10282.25,70
20260303,61943000,14:12:23.000,FLAT_QUOTING,LONG_PENDING_HEDGE,target_fill,10282.0,10197.0,10367.0,10283.25,72
20260303,61944000,14:12:24.000,LONG_PENDING_HEDGE,HEDGED_POSITION,hedge_fill,10282.0,10197.0,10367.0,10283.25,72
20260303,61945000,14:12:25.000,HEDGED_POSITION,FLATTENING,reversion_exit,10282.0,10197.0,10367.0,10283.5,70
20260303,61945000,14:12:25.000,FLATTENING,COOLDOWN,reversion_exit,10282.0,10197.0,10367.0,10283.5,72
20260303,61947000,14:12:27.000,COOLDOWN,FLAT_QUOTING,fair_recovered,10284.0,10199.0,10369.0,10283.5,70
20260303,61948000,14:12:28.000,FLAT_QUOTING,LONG_PENDING_HEDGE,target_fill,10284.0,10199.0,10369.0,10289.5,72
20260303,61949000,14:12:29.000,LONG_PENDING_HEDGE,HEDGED_POSITION,hedge_fill,10284.0,10199.0,10369.0,10289.5,72
20260303,61950000,14:12:30.000,HEDGED_POSITION,FLATTENING,reversion_exit,10284.0,10199.0,10369.0,10289.75,70
20260303,61950000,14:12:30.000,FLATTENING,COOLDOWN,reversion_exit,10284.0,10199.0,10369.0,10289.75,72
20260303,61952000,14:12:32.000,COOLDOWN,FLAT_QUOTING,fair_recovered,10289.0,10204.0,10374.0,10288.75,70
20260303,61953000,14:12:33.000,FLAT_QUOTING,LONG_PENDING_HEDGE,target_fill,10289.0,10204.0,10374.0,10289.25,72
20260303,61954000,14:12:34.000,LONG_PENDING_HEDGE,HEDGED_POSITION,hedge_fill,10289.0,10204.0,10374.0,10290.0,72
20260303,61955000,14:12:35.000,HEDGED_POSITION,FLATTENING,reference_invalid_exit,10289.0,10204.0,10374.0,10288.75,70
20260303,61955000,14:12:35.000,FLATTENING,COOLDOWN,reference_invalid_exit,10289.0,10204.0,10374.0,10288.75,72
20260303,61957000,14:12:37.000,COOLDOWN,FLAT_QUOTING,fair_recovered,10290.0,10205.0,10375.0,10289.5,70
20260303,61958000,14:12:38.000,FLAT_QUOTING,LONG_PENDING_HEDGE,target_fill,10290.0,10205.0,10375.0,10288.75,72
20260303,61959000,14:12:39.000,LONG_PENDING_HEDGE,HEDGED_POSITION,hedge_fill,10290.0,10205.0,10375.0,10288.75,72
20260303,61960000,14:12:40.000,HEDGED_POSITION,FLATTENING,reference_invalid_exit,10290.0,10205.0,10375.0,10289.25,70
20260303,61960000,14:12:40.000,FLATTENING,COOLDOWN,reference_invalid_exit,10290.0,10205.0,10375.0,10289.25,72
20260303,61962000,14:12:42.000,COOLDOWN,FLAT_QUOTING,fair_recovered,10309.0,10224.0,10394.0,10292.75,70
20260303,61963000,14:12:43.000,FLAT_QUOTING,LONG_PENDING_HEDGE,target_fill,10309.0,10224.0,10394.0,10294.125,72
20260303,61964000,14:12:44.000,LONG_PENDING_HEDGE,HEDGED_POSITION,hedge_fill,10309.0,10224.0,10394.0,10296.25,72
20260303,61965000,14:12:45.000,HEDGED_POSITION,FLATTENING,reference_invalid_exit,10309.0,10224.0,10394.0,10295.25,70
20260303,61965000,14:12:45.000,FLATTENING,COOLDOWN,reference_invalid_exit,10309.0,10224.0,10394.0,10295.25,72
20260303,61967000,14:12:47.000,COOLDOWN,FLAT_QUOTING,fair_recovered,10306.0,10221.0,10391.0,10289.5,70
20260303,61968000,14:12:48.000,FLAT_QUOTING,LONG_PENDING_HEDGE,target_fill,10306.0,10221.0,10391.0,10289.5,72
20260303,61969000,14:12:49.000,LONG_PENDING_HEDGE,HEDGED_POSITION,hedge_fill,10306.0,10221.0,10391.0,10291.0,72
20260303,61970000,14:12:50.000,HEDGED_POSITION,FLATTENING,reference_invalid_exit,10306.0,10221.0,10391.0,10291.5,70
20260303,61970000,14:12:50.000,FLATTENING,COOLDOWN,reference_invalid_exit,10306.0,10221.0,10391.0,10291.5,72
20260303,61972000,14:12:52.000,COOLDOWN,FLAT_QUOTING,fair_recovered,10310.0,10225.0,10395.0,10292.5,70
20260303,61973000,14:12:53.000,FLAT_QUOTING,LONG_PENDING_HEDGE,target_fill,10310.0,10225.0,10395.0,10293.0,72
20260303,61974000,14:12:54.000,LONG_PENDING_HEDGE,HEDGED_POSITION,hedge_fill,10310.0,10225.0,10395.0,10292.0,72
20260303,61975000,14:12:55.000,HEDGED_POSITION,FLATTENING,reference_invalid_exit,10310.0,10225.0,10395.0,10290.25,70
20260303,61975000,14:12:55.000,FLATTENING,COOLDOWN,reference_invalid_exit,10310.0,10225.0,10395.0,10290.25,72
20260303,61977000,14:12:57.000,COOLDOWN,FLAT_QUOTING,fair_recovered,10307.0,10222.0,10392.0,10289.0,70
20260303,61978000,14:12:58.000,FLAT_QUOTING,LONG_PENDING_HEDGE,target_fill,10307.0,10222.0,10392.0,10286.5,72
20260303,61979000,14:12:59.000,LONG_PENDING_HEDGE,HEDGED_POSITION,hedge_fill,10307.0,10222.0,10392.0,10284.25,72
20260303,61980000,14:13:00.000,HEDGED_POSITION,FLATTENING,reversion_exit,10307.0,10222.0,10392.0,10281.25,70
20260303,61980000,14:13:00.000,FLATTENING,COOLDOWN,reversion_exit,10307.0,10222.0,10392.0,10281.25,72
20260303,61982000,14:13:02.000,COOLDOWN,FLAT_QUOTING,fair_recovered,10278.0,10193.0,10363.0,10278.5,70
20260303,61983000,14:13:03.000,FLAT_QUOTING,LONG_PENDING_HEDGE,target_fill,10278.0,10193.0,10363.0,,72
20260303,61984000,14:13:04.000,LONG_PENDING_HEDGE,HEDGED_POSITION,hedge_fill,10278.0,10193.0,10363.0,10269.5,72
20260303,61985000,14:13:05.000,HEDGED_POSITION,FLATTENING,reference_invalid_exit,10278.0,10193.0,10363.0,,70
20260303,61985000,14:13:05.000,FLATTENING,COOLDOWN,reference_invalid_exit,10278.0,10193.0,10363.0,,72
20260303,61987000,14:13:07.000,COOLDOWN,FLAT_QUOTING,fair_recovered,10244.0,10159.0,10329.0,10261.75,70
20260303,62544000,14:22:24.000,FLAT_QUOTING,REPLACE_PENDING,fair_down_confirmed,10244.0,10159.0,10329.0,10202.25,0
20260303,62546000,14:22:26.000,REPLACE_PENDING,FLAT_QUOTING,replace_complete,10227.0,10142.0,10312.0,10203.5,4
20260303,62574000,14:22:54.000,FLAT_QUOTING,REPLACE_PENDING,fair_down_confirmed,10227.0,10142.0,10312.0,10197.25,4
20260303,62576000,14:22:56.000,REPLACE_PENDING,FLAT_QUOTING,replace_complete,10210.0,10125.0,10295.0,10196.5,8
20260303,62658000,14:24:18.000,FLAT_QUOTING,REPLACE_PENDING,fair_down_confirmed,10210.0,10125.0,10295.0,10185.75,0
20260303,62660000,14:24:20.000,REPLACE_PENDING,FLAT_QUOTING,replace_complete,10193.0,10108.0,10278.0,10186.25,4
20260303,62669000,14:24:29.000,FLAT_QUOTING,REPLACE_PENDING,fair_down_confirmed,10193.0,10108.0,10278.0,10179.75,4
20260303,62671000,14:24:31.000,REPLACE_PENDING,FLAT_QUOTING,replace_complete,10176.0,10091.0,10261.0,10179.0,8
20260303,62921000,14:28:41.000,FLAT_QUOTING,REPLACE_PENDING,fair_up_confirmed,10176.0,10091.0,10261.0,10205.75,0
20260303,62923000,14:28:43.000,REPLACE_PENDING,FLAT_QUOTING,replace_complete,10193.0,10108.0,10278.0,10205.25,4
20260303,63032000,14:30:32.000,FLAT_QUOTING,REPLACE_PENDING,fair_up_confirmed,10193.0,10108.0,10278.0,10220.75,0
20260303,63034000,14:30:34.000,REPLACE_PENDING,FLAT_QUOTING,replace_complete,10210.0,10125.0,10295.0,,4
20260303,63044000,14:30:44.000,FLAT_QUOTING,REPLACE_PENDING,fair_up_confirmed,10210.0,10125.0,10295.0,10237.0,4
20260303,63046000,14:30:46.000,REPLACE_PENDING,FLAT_QUOTING,replace_complete,10227.0,10142.0,10312.0,10234.0,8
20260303,63956000,14:45:56.000,FLAT_QUOTING,PAUSED,data_gap,10227.0,10142.0,10312.0,,0
20260303,63958000,14:45:58.000,PAUSED,FLAT_QUOTING,fair_recovered,10232.0,10147.0,10317.0,10232.5,2
20260303,64333000,14:52:13.000,FLAT_QUOTING,REPLACE_PENDING,fair_up_confirmed,10232.0,10147.0,10317.0,10254.5,0
20260303,64335000,14:52:15.000,REPLACE_PENDING,FLAT_QUOTING,replace_complete,10249.0,10164.0,10334.0,10253.25,4
20260303,64458000,14:54:18.000,FLAT_QUOTING,REPLACE_PENDING,fair_up_confirmed,10249.0,10164.0,10334.0,10277.25,0
20260303,64459000,14:54:19.000,REPLACE_PENDING,LONG_PENDING_HEDGE,target_fill,10266.0,10181.0,10351.0,10278.0,5
20260303,64460000,14:54:20.000,LONG_PENDING_HEDGE,HEDGED_POSITION,hedge_fill,10266.0,10181.0,10351.0,10275.0,6
20260303,64461000,14:54:21.000,HEDGED_POSITION,FLATTENING,reference_invalid_exit,10266.0,10181.0,10351.0,10275.875,6
20260303,64461000,14:54:21.000,FLATTENING,COOLDOWN,reference_invalid_exit,10266.0,10181.0,10351.0,10275.875,8
20260303,64463000,14:54:23.000,COOLDOWN,FLAT_QUOTING,fair_recovered,10282.0,10197.0,10367.0,10276.125,8
20260303,64464000,14:54:24.000,FLAT_QUOTING,LONG_PENDING_HEDGE,target_fill,10282.0,10197.0,10367.0,10274.375,11
20260303,64465000,14:54:25.000,LONG_PENDING_HEDGE,HEDGED_POSITION,hedge_fill,10282.0,10197.0,10367.0,10274.625,12
20260303,64466000,14:54:26.000,HEDGED_POSITION,FLATTENING,reference_invalid_exit,10282.0,10197.0,10367.0,10275.875,12
20260303,64466000,14:54:26.000,FLATTENING,COOLDOWN,reference_invalid_exit,10282.0,10197.0,10367.0,10275.875,14
20260303,64468000,14:54:28.000,COOLDOWN,FLAT_QUOTING,fair_recovered,10279.0,10194.0,10364.0,10274.5,14
20260303,64469000,14:54:29.000,FLAT_QUOTING,LONG_PENDING_HEDGE,target_fill,10279.0,10194.0,10364.0,10274.25,17
20260303,64470000,14:54:30.000,LONG_PENDING_HEDGE,HEDGED_POSITION,hedge_fill,10279.0,10194.0,10364.0,10275.25,18
20260303,64471000,14:54:31.000,HEDGED_POSITION,FLATTENING,reference_invalid_exit,10279.0,10194.0,10364.0,10276.0,18
20260303,64471000,14:54:31.000,FLATTENING,COOLDOWN,reference_invalid_exit,10279.0,10194.0,10364.0,10276.0,20
20260303,64473000,14:54:33.000,COOLDOWN,FLAT_QUOTING,fair_recovered,10275.0,10190.0,10360.0,10276.0,20
20260303,64474000,14:54:34.000,FLAT_QUOTING,LONG_PENDING_HEDGE,target_fill,10275.0,10190.0,10360.0,10275.0,23
20260303,64475000,14:54:35.000,LONG_PENDING_HEDGE,HEDGED_POSITION,hedge_fill,10275.0,10190.0,10360.0,10275.0,24
20260303,64476000,14:54:36.000,HEDGED_POSITION,FLATTENING,reference_invalid_exit,10275.0,10190.0,10360.0,,24
20260303,64477000,14:54:37.000,FLATTENING,COOLDOWN,reference_invalid_exit,10275.0,10190.0,10360.0,10275.5,26
20260303,64479000,14:54:39.000,COOLDOWN,FLAT_QUOTING,fair_recovered,10275.0,10190.0,10360.0,,26
20260303,64480000,14:54:40.000,FLAT_QUOTING,LONG_PENDING_HEDGE,target_fill,10275.0,10190.0,10360.0,,29
20260303,64481000,14:54:41.000,LONG_PENDING_HEDGE,HEDGED_POSITION,hedge_fill,10275.0,10190.0,10360.0,,30
20260303,64482000,14:54:42.000,HEDGED_POSITION,FLATTENING,reference_invalid_exit,10275.0,10190.0,10360.0,,30
20260303,64482000,14:54:42.000,FLATTENING,COOLDOWN,reference_invalid_exit,10275.0,10190.0,10360.0,,32
20260303,64484000,14:54:44.000,COOLDOWN,FLAT_QUOTING,fair_recovered,10276.0,10191.0,10361.0,10278.5,32
20260303,64485000,14:54:45.000,FLAT_QUOTING,LONG_PENDING_HEDGE,target_fill,10276.0,10191.0,10361.0,10278.875,35
20260303,64486000,14:54:46.000,LONG_PENDING_HEDGE,HEDGED_POSITION,hedge_fill,10276.0,10191.0,10361.0,10279.0,36
20260303,64487000,14:54:47.000,HEDGED_POSITION,FLATTENING,reference_invalid_exit,10276.0,10191.0,10361.0,10279.75,36
20260303,64487000,14:54:47.000,FLATTENING,COOLDOWN,reference_invalid_exit,10276.0,10191.0,10361.0,10279.75,38
20260303,64489000,14:54:49.000,COOLDOWN,FLAT_QUOTING,fair_recovered,10277.0,10192.0,10362.0,10279.0,38
20260303,64490000,14:54:50.000,FLAT_QUOTING,LONG_PENDING_HEDGE,target_fill,10277.0,10192.0,10362.0,10279.0,41
20260303,64491000,14:54:51.000,LONG_PENDING_HEDGE,HEDGED_POSITION,hedge_fill,10277.0,10192.0,10362.0,10279.375,42
20260303,64492000,14:54:52.000,HEDGED_POSITION,FLATTENING,reference_invalid_exit,10277.0,10192.0,10362.0,10279.0,42
20260303,64492000,14:54:52.000,FLATTENING,COOLDOWN,reference_invalid_exit,10277.0,10192.0,10362.0,10279.0,44
20260303,64494000,14:54:54.000,COOLDOWN,FLAT_QUOTING,fair_recovered,10278.0,10193.0,10363.0,10279.0,44
20260303,64495000,14:54:55.000,FLAT_QUOTING,LONG_PENDING_HEDGE,target_fill,10278.0,10193.0,10363.0,10281.0,47
20260303,64496000,14:54:56.000,LONG_PENDING_HEDGE,HEDGED_POSITION,hedge_fill,10278.0,10193.0,10363.0,10282.25,48
20260303,64497000,14:54:57.000,HEDGED_POSITION,FLATTENING,reference_invalid_exit,10278.0,10193.0,10363.0,10284.0,48
20260303,64497000,14:54:57.000,FLATTENING,COOLDOWN,reference_invalid_exit,10278.0,10193.0,10363.0,10284.0,50
20260303,64499000,14:54:59.000,COOLDOWN,FLAT_QUOTING,fair_recovered,10280.0,10195.0,10365.0,10283.25,50
20260303,64500000,14:55:00.000,FLAT_QUOTING,LONG_PENDING_HEDGE,target_fill,10280.0,10195.0,10365.0,,53
20260303,64501000,14:55:01.000,LONG_PENDING_HEDGE,HEDGED_POSITION,hedge_fill,10280.0,10195.0,10365.0,,54
20260303,64502000,14:55:02.000,HEDGED_POSITION,FLATTENING,reference_invalid_exit,10280.0,10195.0,10365.0,10282.25,54
20260303,64502000,14:55:02.000,FLATTENING,COOLDOWN,reference_invalid_exit,10280.0,10195.0,10365.0,10282.25,56
20260303,64504000,14:55:04.000,COOLDOWN,FLAT_QUOTING,fair_recovered,10287.0,10202.0,10372.0,10281.25,56
20260303,64505000,14:55:05.000,FLAT_QUOTING,LONG_PENDING_HEDGE,target_fill,10287.0,10202.0,10372.0,10281.0,59
20260303,64506000,14:55:06.000,LONG_PENDING_HEDGE,HEDGED_POSITION,hedge_fill,10287.0,10202.0,10372.0,10281.25,60
20260303,64507000,14:55:07.000,HEDGED_POSITION,FLATTENING,reference_invalid_exit,10287.0,10202.0,10372.0,10281.5,60
20260303,64507000,14:55:07.000,FLATTENING,COOLDOWN,reference_invalid_exit,10287.0,10202.0,10372.0,10281.5,62
20260303,64509000,14:55:09.000,COOLDOWN,FLAT_QUOTING,fair_recovered,10289.0,10204.0,10374.0,10282.125,62
20260303,64511000,14:55:11.000,FLAT_QUOTING,LONG_PENDING_HEDGE,target_fill,10289.0,10204.0,10374.0,10282.5,65
20260303,64512000,14:55:12.000,LONG_PENDING_HEDGE,HEDGED_POSITION,hedge_fill,10289.0,10204.0,10374.0,10282.25,66
20260303,64513000,14:55:13.000,HEDGED_POSITION,FLATTENING,reference_invalid_exit,10289.0,10204.0,10374.0,10282.25,66
20260303,64513000,14:55:13.000,FLATTENING,COOLDOWN,reference_invalid_exit,10289.0,10204.0,10374.0,10282.25,68
20260303,64515000,14:55:15.000,COOLDOWN,FLAT_QUOTING,fair_recovered,10291.0,10206.0,10376.0,10283.0,68
20260303,64516000,14:55:16.000,FLAT_QUOTING,LONG_PENDING_HEDGE,target_fill,10291.0,10206.0,10376.0,10282.5,71
20260303,64517000,14:55:17.000,LONG_PENDING_HEDGE,HEDGED_POSITION,hedge_fill,10291.0,10206.0,10376.0,10282.5,72
20260303,64518000,14:55:18.000,HEDGED_POSITION,FLATTENING,reference_invalid_exit,10291.0,10206.0,10376.0,10283.125,70
20260303,64518000,14:55:18.000,FLATTENING,COOLDOWN,reference_invalid_exit,10291.0,10206.0,10376.0,10283.125,72
20260303,64520000,14:55:20.000,COOLDOWN,FLAT_QUOTING,fair_recovered,10290.0,10205.0,10375.0,10282.25,68
20260303,64521000,14:55:21.000,FLAT_QUOTING,LONG_PENDING_HEDGE,target_fill,10290.0,10205.0,10375.0,10280.75,69
20260303,64522000,14:55:22.000,LONG_PENDING_HEDGE,HEDGED_POSITION,hedge_fill,10290.0,10205.0,10375.0,10280.5,70
20260303,64523000,14:55:23.000,HEDGED_POSITION,FLATTENING,reference_invalid_exit,10290.0,10205.0,10375.0,10280.25,68
20260303,64523000,14:55:23.000,FLATTENING,COOLDOWN,reference_invalid_exit,10290.0,10205.0,10375.0,10280.25,70
20260303,64525000,14:55:25.000,COOLDOWN,FLAT_QUOTING,fair_recovered,10284.0,10199.0,10369.0,10280.0,68
20260303,64526000,14:55:26.000,FLAT_QUOTING,LONG_PENDING_HEDGE,target_fill,10284.0,10199.0,10369.0,,69
20260303,64527000,14:55:27.000,LONG_PENDING_HEDGE,HEDGED_POSITION,hedge_fill,10284.0,10199.0,10369.0,,70
20260303,64528000,14:55:28.000,HEDGED_POSITION,FLATTENING,reference_invalid_exit,10284.0,10199.0,10369.0,,68
20260303,64528000,14:55:28.000,FLATTENING,COOLDOWN,reference_invalid_exit,10284.0,10199.0,10369.0,,70
20260303,64530000,14:55:30.000,COOLDOWN,PAUSED,capital_or_hedge_quote_guard,10284.0,10199.0,10369.0,,68
20260303,64531000,14:55:31.000,PAUSED,FLAT_QUOTING,fair_recovered,10284.0,10199.0,10369.0,,66
20260303,64532000,14:55:32.000,FLAT_QUOTING,LONG_PENDING_HEDGE,target_fill,10284.0,10199.0,10369.0,10279.75,69
20260303,64533000,14:55:33.000,LONG_PENDING_HEDGE,HEDGED_POSITION,hedge_fill,10284.0,10199.0,10369.0,10279.875,68
20260303,64534000,14:55:34.000,HEDGED_POSITION,FLATTENING,reference_invalid_exit,10284.0,10199.0,10369.0,10280.5,67
20260303,64534000,14:55:34.000,FLATTENING,COOLDOWN,reference_invalid_exit,10284.0,10199.0,10369.0,10280.5,69
20260303,64536000,14:55:36.000,COOLDOWN,FLAT_QUOTING,fair_recovered,10280.0,10195.0,10365.0,,66
20260303,64537000,14:55:37.000,FLAT_QUOTING,LONG_PENDING_HEDGE,target_fill,10280.0,10195.0,10365.0,10277.0,69
20260303,64538000,14:55:38.000,LONG_PENDING_HEDGE,HEDGED_POSITION,hedge_fill,10280.0,10195.0,10365.0,10276.5,70
20260303,64539000,14:55:39.000,HEDGED_POSITION,FLATTENING,reference_invalid_exit,10280.0,10195.0,10365.0,10276.25,68
20260303,64539000,14:55:39.000,FLATTENING,COOLDOWN,reference_invalid_exit,10280.0,10195.0,10365.0,10276.25,70
20260303,64541000,14:55:41.000,COOLDOWN,FLAT_QUOTING,fair_recovered,10275.0,10190.0,10360.0,,68
20260303,64542000,14:55:42.000,FLAT_QUOTING,LONG_PENDING_HEDGE,target_fill,10275.0,10190.0,10360.0,,69
20260303,64543000,14:55:43.000,LONG_PENDING_HEDGE,HEDGED_POSITION,hedge_fill,10275.0,10190.0,10360.0,,70
20260303,64544000,14:55:44.000,HEDGED_POSITION,FLATTENING,reference_invalid_exit,10275.0,10190.0,10360.0,,68
20260303,64544000,14:55:44.000,FLATTENING,COOLDOWN,reference_invalid_exit,10275.0,10190.0,10360.0,,70
20260303,64546000,14:55:46.000,COOLDOWN,FLAT_QUOTING,fair_recovered,10272.0,10187.0,10357.0,10271.25,68
20260303,64547000,14:55:47.000,FLAT_QUOTING,LONG_PENDING_HEDGE,target_fill,10272.0,10187.0,10357.0,10271.5,69
20260303,64548000,14:55:48.000,LONG_PENDING_HEDGE,HEDGED_POSITION,hedge_fill,10272.0,10187.0,10357.0,10272.25,70
20260303,64549000,14:55:49.000,HEDGED_POSITION,FLATTENING,reference_invalid_exit,10272.0,10187.0,10357.0,10273.75,68
20260303,64549000,14:55:49.000,FLATTENING,COOLDOWN,reference_invalid_exit,10272.0,10187.0,10357.0,10273.75,70
20260303,64551000,14:55:51.000,COOLDOWN,FLAT_QUOTING,fair_recovered,10272.0,10187.0,10357.0,10267.75,68
20260303,64552000,14:55:52.000,FLAT_QUOTING,LONG_PENDING_HEDGE,target_fill,10272.0,10187.0,10357.0,10266.75,69
20260303,64553000,14:55:53.000,LONG_PENDING_HEDGE,HEDGED_POSITION,hedge_fill,10272.0,10187.0,10357.0,10268.5,70
20260303,64554000,14:55:54.000,HEDGED_POSITION,FLATTENING,reference_invalid_exit,10272.0,10187.0,10357.0,10266.0,68
20260303,64554000,14:55:54.000,FLATTENING,COOLDOWN,reference_invalid_exit,10272.0,10187.0,10357.0,10266.0,70
20260303,64556000,14:55:56.000,COOLDOWN,FLAT_QUOTING,fair_recovered,10272.0,10187.0,10357.0,10267.25,68
20260303,64557000,14:55:57.000,FLAT_QUOTING,LONG_PENDING_HEDGE,target_fill,10272.0,10187.0,10357.0,10267.0,69
20260303,64558000,14:55:58.000,LONG_PENDING_HEDGE,HEDGED_POSITION,hedge_fill,10272.0,10187.0,10357.0,10267.5,70
20260303,64559000,14:55:59.000,HEDGED_POSITION,FLATTENING,reference_invalid_exit,10272.0,10187.0,10357.0,10270.75,68
20260303,64559000,14:55:59.000,FLATTENING,COOLDOWN,reference_invalid_exit,10272.0,10187.0,10357.0,10270.75,70
20260303,64561000,14:56:01.000,COOLDOWN,FLAT_QUOTING,fair_recovered,10269.0,10184.0,10354.0,10270.5,68
20260303,64562000,14:56:02.000,FLAT_QUOTING,LONG_PENDING_HEDGE,target_fill,10269.0,10184.0,10354.0,10270.5,69
20260303,64563000,14:56:03.000,LONG_PENDING_HEDGE,HEDGED_POSITION,hedge_fill,10269.0,10184.0,10354.0,10270.5,70
20260303,64564000,14:56:04.000,HEDGED_POSITION,FLATTENING,reference_invalid_exit,10269.0,10184.0,10354.0,10270.375,68
20260303,64564000,14:56:04.000,FLATTENING,COOLDOWN,reference_invalid_exit,10269.0,10184.0,10354.0,10270.375,70
20260303,64566000,14:56:06.000,COOLDOWN,FLAT_QUOTING,fair_recovered,10274.0,10189.0,10359.0,10272.5,68
20260303,64567000,14:56:07.000,FLAT_QUOTING,LONG_PENDING_HEDGE,target_fill,10274.0,10189.0,10359.0,10273.125,69
20260303,64568000,14:56:08.000,LONG_PENDING_HEDGE,HEDGED_POSITION,hedge_fill,10274.0,10189.0,10359.0,10272.75,70
20260303,64569000,14:56:09.000,HEDGED_POSITION,FLATTENING,reference_invalid_exit,10274.0,10189.0,10359.0,,68
20260303,64569000,14:56:09.000,FLATTENING,COOLDOWN,reference_invalid_exit,10274.0,10189.0,10359.0,,70
20260303,64571000,14:56:11.000,COOLDOWN,FLAT_QUOTING,fair_recovered,10281.0,10196.0,10366.0,,69
20260303,64573000,14:56:13.000,FLAT_QUOTING,LONG_PENDING_HEDGE,target_fill,10281.0,10196.0,10366.0,,69
20260303,64574000,14:56:14.000,LONG_PENDING_HEDGE,HEDGED_POSITION,hedge_fill,10281.0,10196.0,10366.0,,70
20260303,64575000,14:56:15.000,HEDGED_POSITION,FLATTENING,reference_invalid_exit,10281.0,10196.0,10366.0,10275.5,68
20260303,64575000,14:56:15.000,FLATTENING,COOLDOWN,reference_invalid_exit,10281.0,10196.0,10366.0,10275.5,70
20260303,64577000,14:56:17.000,COOLDOWN,FLAT_QUOTING,fair_recovered,10279.0,10194.0,10364.0,10275.75,68
20260303,64578000,14:56:18.000,FLAT_QUOTING,LONG_PENDING_HEDGE,target_fill,10279.0,10194.0,10364.0,10275.5,69
20260303,64579000,14:56:19.000,LONG_PENDING_HEDGE,HEDGED_POSITION,hedge_fill,10279.0,10194.0,10364.0,10275.25,70
20260303,64580000,14:56:20.000,HEDGED_POSITION,FLATTENING,reference_invalid_exit,10279.0,10194.0,10364.0,,68
20260303,64580000,14:56:20.000,FLATTENING,COOLDOWN,reference_invalid_exit,10279.0,10194.0,10364.0,,70
20260303,64582000,14:56:22.000,COOLDOWN,FLAT_QUOTING,fair_recovered,10284.0,10199.0,10369.0,10277.25,68
20260303,64583000,14:56:23.000,FLAT_QUOTING,LONG_PENDING_HEDGE,target_fill,10284.0,10199.0,10369.0,10276.25,69
20260303,64584000,14:56:24.000,LONG_PENDING_HEDGE,HEDGED_POSITION,hedge_fill,10284.0,10199.0,10369.0,10277.0,70
20260303,64585000,14:56:25.000,HEDGED_POSITION,FLATTENING,reference_invalid_exit,10284.0,10199.0,10369.0,10277.5,68
20260303,64585000,14:56:25.000,FLATTENING,COOLDOWN,reference_invalid_exit,10284.0,10199.0,10369.0,10277.5,70
20260303,64587000,14:56:27.000,COOLDOWN,FLAT_QUOTING,fair_recovered,10283.0,10198.0,10368.0,10277.0,68
20260303,64588000,14:56:28.000,FLAT_QUOTING,LONG_PENDING_HEDGE,target_fill,10283.0,10198.0,10368.0,10276.75,69
20260303,64589000,14:56:29.000,LONG_PENDING_HEDGE,HEDGED_POSITION,hedge_fill,10283.0,10198.0,10368.0,10276.5,70
20260303,64590000,14:56:30.000,HEDGED_POSITION,FLATTENING,reference_invalid_exit,10283.0,10198.0,10368.0,10276.0,70
20260303,64590000,14:56:30.000,FLATTENING,COOLDOWN,reference_invalid_exit,10283.0,10198.0,10368.0,10276.0,72
20260303,64592000,14:56:32.000,COOLDOWN,FLAT_QUOTING,fair_recovered,10280.0,10195.0,10365.0,10275.75,69
20260303,64593000,14:56:33.000,FLAT_QUOTING,LONG_PENDING_HEDGE,target_fill,10280.0,10195.0,10365.0,10277.75,71
20260303,64595000,14:56:35.000,LONG_PENDING_HEDGE,HEDGED_POSITION,hedge_fill,10280.0,10195.0,10365.0,10277.75,70
20260303,64596000,14:56:36.000,HEDGED_POSITION,FLATTENING,reference_invalid_exit,10280.0,10195.0,10365.0,10277.5,68
20260303,64596000,14:56:36.000,FLATTENING,COOLDOWN,reference_invalid_exit,10280.0,10195.0,10365.0,10277.5,70
20260303,64598000,14:56:38.000,COOLDOWN,FLAT_QUOTING,fair_recovered,10283.0,10198.0,10368.0,10277.5,68
20260303,64599000,14:56:39.000,FLAT_QUOTING,LONG_PENDING_HEDGE,target_fill,10283.0,10198.0,10368.0,10277.75,69
20260303,64600000,14:56:40.000,LONG_PENDING_HEDGE,HEDGED_POSITION,hedge_fill,10283.0,10198.0,10368.0,10279.5,70
20260303,64601000,14:56:41.000,HEDGED_POSITION,FLATTENING,reference_invalid_exit,10283.0,10198.0,10368.0,10279.375,68
20260303,64601000,14:56:41.000,FLATTENING,COOLDOWN,reference_invalid_exit,10283.0,10198.0,10368.0,10279.375,70
20260303,64603000,14:56:43.000,COOLDOWN,FLAT_QUOTING,fair_recovered,10287.0,10202.0,10372.0,10279.875,68
20260303,64604000,14:56:44.000,FLAT_QUOTING,LONG_PENDING_HEDGE,target_fill,10287.0,10202.0,10372.0,10279.5,69
20260303,64605000,14:56:45.000,LONG_PENDING_HEDGE,HEDGED_POSITION,hedge_fill,10287.0,10202.0,10372.0,10279.5,70
20260303,64606000,14:56:46.000,HEDGED_POSITION,FLATTENING,reference_invalid_exit,10287.0,10202.0,10372.0,10282.5,68
20260303,64606000,14:56:46.000,FLATTENING,COOLDOWN,reference_invalid_exit,10287.0,10202.0,10372.0,10282.5,70
20260303,64608000,14:56:48.000,COOLDOWN,FLAT_QUOTING,fair_recovered,10289.0,10204.0,10374.0,10282.5,68
20260303,64609000,14:56:49.000,FLAT_QUOTING,LONG_PENDING_HEDGE,target_fill,10289.0,10204.0,10374.0,10279.5,69
20260303,64610000,14:56:50.000,LONG_PENDING_HEDGE,HEDGED_POSITION,hedge_fill,10289.0,10204.0,10374.0,10279.25,70
20260303,64611000,14:56:51.000,HEDGED_POSITION,FLATTENING,reference_invalid_exit,10289.0,10204.0,10374.0,10279.25,68
20260303,64611000,14:56:51.000,FLATTENING,COOLDOWN,reference_invalid_exit,10289.0,10204.0,10374.0,10279.25,70
20260303,64613000,14:56:53.000,COOLDOWN,FLAT_QUOTING,fair_recovered,10288.0,10203.0,10373.0,10279.0,68
20260303,64614000,14:56:54.000,FLAT_QUOTING,LONG_PENDING_HEDGE,target_fill,10288.0,10203.0,10373.0,10279.5,69
20260303,64615000,14:56:55.000,LONG_PENDING_HEDGE,HEDGED_POSITION,hedge_fill,10288.0,10203.0,10373.0,10279.25,70
20260303,64616000,14:56:56.000,HEDGED_POSITION,FLATTENING,reference_invalid_exit,10288.0,10203.0,10373.0,10279.25,68
20260303,64616000,14:56:56.000,FLATTENING,COOLDOWN,reference_invalid_exit,10288.0,10203.0,10373.0,10279.25,70
20260303,64618000,14:56:58.000,COOLDOWN,FLAT_QUOTING,fair_recovered,10288.0,10203.0,10373.0,10279.5,68
20260303,64619000,14:56:59.000,FLAT_QUOTING,LONG_PENDING_HEDGE,target_fill,10288.0,10203.0,10373.0,10279.0,69
20260303,64620000,14:57:00.000,LONG_PENDING_HEDGE,HEDGED_POSITION,hedge_fill,10288.0,10203.0,10373.0,10278.0,70
20260303,64621000,14:57:01.000,HEDGED_POSITION,FLATTENING,reference_invalid_exit,10288.0,10203.0,10373.0,10277.5,68
20260303,64621000,14:57:01.000,FLATTENING,COOLDOWN,reference_invalid_exit,10288.0,10203.0,10373.0,10277.5,70
20260303,64623000,14:57:03.000,COOLDOWN,FLAT_QUOTING,fair_recovered,10283.0,10198.0,10368.0,10276.5,68
20260303,64624000,14:57:04.000,FLAT_QUOTING,LONG_PENDING_HEDGE,target_fill,10283.0,10198.0,10368.0,10277.25,69
20260303,64625000,14:57:05.000,LONG_PENDING_HEDGE,HEDGED_POSITION,hedge_fill,10283.0,10198.0,10368.0,10277.5,70
20260303,64626000,14:57:06.000,HEDGED_POSITION,FLATTENING,reference_invalid_exit,10283.0,10198.0,10368.0,10278.25,68
20260303,64626000,14:57:06.000,FLATTENING,COOLDOWN,reference_invalid_exit,10283.0,10198.0,10368.0,10278.25,70
20260303,64628000,14:57:08.000,COOLDOWN,FLAT_QUOTING,fair_recovered,10285.0,10200.0,10370.0,10274.75,68
20260303,64629000,14:57:09.000,FLAT_QUOTING,LONG_PENDING_HEDGE,target_fill,10285.0,10200.0,10370.0,10273.625,69
20260303,64630000,14:57:10.000,LONG_PENDING_HEDGE,HEDGED_POSITION,hedge_fill,10285.0,10200.0,10370.0,10272.75,70
20260303,64631000,14:57:11.000,HEDGED_POSITION,FLATTENING,reference_invalid_exit,10285.0,10200.0,10370.0,10272.75,68
20260303,64631000,14:57:11.000,FLATTENING,COOLDOWN,reference_invalid_exit,10285.0,10200.0,10370.0,10272.75,70
20260303,64633000,14:57:13.000,COOLDOWN,FLAT_QUOTING,fair_recovered,10286.0,10201.0,10371.0,10267.5,69
20260303,64634000,14:57:14.000,FLAT_QUOTING,LONG_PENDING_HEDGE,target_fill,10286.0,10201.0,10371.0,,71
20260303,64635000,14:57:15.000,LONG_PENDING_HEDGE,HEDGED_POSITION,hedge_fill,10286.0,10201.0,10371.0,10263.75,70
20260303,64636000,14:57:16.000,HEDGED_POSITION,FLATTENING,reference_invalid_exit,10286.0,10201.0,10371.0,10262.75,70
20260303,64636000,14:57:16.000,FLATTENING,COOLDOWN,reference_invalid_exit,10286.0,10201.0,10371.0,10262.75,72
20260303,64638000,14:57:18.000,COOLDOWN,FLAT_QUOTING,fair_recovered,10285.0,10200.0,10370.0,10266.5,69
20260303,64639000,14:57:19.000,FLAT_QUOTING,LONG_PENDING_HEDGE,target_fill,10285.0,10200.0,10370.0,10266.75,71
20260303,64640000,14:57:20.000,LONG_PENDING_HEDGE,HEDGED_POSITION,hedge_fill,10285.0,10200.0,10370.0,10267.625,70
20260303,64641000,14:57:21.000,HEDGED_POSITION,FLATTENING,reference_invalid_exit,10285.0,10200.0,10370.0,10268.0,70
20260303,64641000,14:57:21.000,FLATTENING,COOLDOWN,reference_invalid_exit,10285.0,10200.0,10370.0,10268.0,72
20260303,64643000,14:57:23.000,COOLDOWN,FLAT_QUOTING,fair_recovered,10285.0,10200.0,10370.0,,69
20260303,64644000,14:57:24.000,FLAT_QUOTING,LONG_PENDING_HEDGE,target_fill,10285.0,10200.0,10370.0,,71
20260303,64645000,14:57:25.000,LONG_PENDING_HEDGE,HEDGED_POSITION,hedge_fill,10285.0,10200.0,10370.0,,70
20260303,64646000,14:57:26.000,HEDGED_POSITION,FLATTENING,reference_invalid_exit,10285.0,10200.0,10370.0,,70
20260303,64646000,14:57:26.000,FLATTENING,COOLDOWN,reference_invalid_exit,10285.0,10200.0,10370.0,,72
20260303,64648000,14:57:28.000,COOLDOWN,FLAT_QUOTING,fair_recovered,10285.0,10200.0,10370.0,,69
20260303,64649000,14:57:29.000,FLAT_QUOTING,LONG_PENDING_HEDGE,target_fill,10285.0,10200.0,10370.0,10267.125,71
20260303,64650000,14:57:30.000,LONG_PENDING_HEDGE,HEDGED_POSITION,hedge_fill,10285.0,10200.0,10370.0,,70
20260303,64651000,14:57:31.000,HEDGED_POSITION,FLATTENING,reference_invalid_exit,10285.0,10200.0,10370.0,,70
20260303,64651000,14:57:31.000,FLATTENING,COOLDOWN,reference_invalid_exit,10285.0,10200.0,10370.0,,72
20260303,64653000,14:57:33.000,COOLDOWN,FLAT_QUOTING,fair_recovered,10290.0,10205.0,10375.0,,69
20260303,64654000,14:57:34.000,FLAT_QUOTING,LONG_PENDING_HEDGE,target_fill,10290.0,10205.0,10375.0,,72
20260303,64655000,14:57:35.000,LONG_PENDING_HEDGE,HEDGED_POSITION,hedge_fill,10290.0,10205.0,10375.0,,72
20260303,64656000,14:57:36.000,HEDGED_POSITION,FLATTENING,reference_invalid_exit,10290.0,10205.0,10375.0,10269.25,70
20260303,64656000,14:57:36.000,FLATTENING,COOLDOWN,reference_invalid_exit,10290.0,10205.0,10375.0,10269.25,72
20260303,64658000,14:57:38.000,COOLDOWN,FLAT_QUOTING,fair_recovered,10293.0,10208.0,10378.0,10270.25,70
20260303,64659000,14:57:39.000,FLAT_QUOTING,LONG_PENDING_HEDGE,target_fill,10293.0,10208.0,10378.0,10269.75,72
20260303,64660000,14:57:40.000,LONG_PENDING_HEDGE,HEDGED_POSITION,hedge_fill,10293.0,10208.0,10378.0,10271.875,72
20260303,64661000,14:57:41.000,HEDGED_POSITION,FLATTENING,reference_invalid_exit,10293.0,10208.0,10378.0,10271.875,70
20260303,64661000,14:57:41.000,FLATTENING,COOLDOWN,reference_invalid_exit,10293.0,10208.0,10378.0,10271.875,72
20260303,64663000,14:57:43.000,COOLDOWN,FLAT_QUOTING,fair_recovered,10294.0,10209.0,10379.0,10272.25,70
20260303,64664000,14:57:44.000,FLAT_QUOTING,LONG_PENDING_HEDGE,target_fill,10294.0,10209.0,10379.0,10272.75,72
20260303,64665000,14:57:45.000,LONG_PENDING_HEDGE,HEDGED_POSITION,hedge_fill,10294.0,10209.0,10379.0,10272.75,72
20260303,64666000,14:57:46.000,HEDGED_POSITION,FLATTENING,reference_invalid_exit,10294.0,10209.0,10379.0,10274.75,70
20260303,64666000,14:57:46.000,FLATTENING,COOLDOWN,reference_invalid_exit,10294.0,10209.0,10379.0,10274.75,72
20260303,64668000,14:57:48.000,COOLDOWN,FLAT_QUOTING,fair_recovered,10296.0,10211.0,10381.0,10273.75,70
20260303,64669000,14:57:49.000,FLAT_QUOTING,LONG_PENDING_HEDGE,target_fill,10296.0,10211.0,10381.0,10273.5,72
20260303,64670000,14:57:50.000,LONG_PENDING_HEDGE,HEDGED_POSITION,hedge_fill,10296.0,10211.0,10381.0,10274.0,72
20260303,64671000,14:57:51.000,HEDGED_POSITION,FLATTENING,reference_invalid_exit,10296.0,10211.0,10381.0,10273.75,70
20260303,64671000,14:57:51.000,FLATTENING,COOLDOWN,reference_invalid_exit,10296.0,10211.0,10381.0,10273.75,72
20260303,64673000,14:57:53.000,COOLDOWN,FLAT_QUOTING,fair_recovered,10294.0,10209.0,10379.0,10274.0,70
20260303,64674000,14:57:54.000,FLAT_QUOTING,LONG_PENDING_HEDGE,target_fill,10294.0,10209.0,10379.0,10274.125,72
20260303,64675000,14:57:55.000,LONG_PENDING_HEDGE,HEDGED_POSITION,hedge_fill,10294.0,10209.0,10379.0,10274.125,72
20260303,64676000,14:57:56.000,HEDGED_POSITION,FLATTENING,reference_invalid_exit,10294.0,10209.0,10379.0,10275.0,70
20260303,64676000,14:57:56.000,FLATTENING,COOLDOWN,reference_invalid_exit,10294.0,10209.0,10379.0,10275.0,72
20260303,64678000,14:57:58.000,COOLDOWN,FLAT_QUOTING,fair_recovered,10297.0,10212.0,10382.0,10275.625,70
20260303,64679000,14:57:59.000,FLAT_QUOTING,LONG_PENDING_HEDGE,target_fill,10297.0,10212.0,10382.0,10274.75,72
20260303,64680000,14:58:00.000,LONG_PENDING_HEDGE,HEDGED_POSITION,hedge_fill,10297.0,10212.0,10382.0,10273.75,72
20260303,64681000,14:58:01.000,HEDGED_POSITION,FLATTENING,reference_invalid_exit,10297.0,10212.0,10382.0,10275.625,70
20260303,64681000,14:58:01.000,FLATTENING,COOLDOWN,reference_invalid_exit,10297.0,10212.0,10382.0,10275.625,72
20260303,64683000,14:58:03.000,COOLDOWN,FLAT_QUOTING,fair_recovered,10295.0,10210.0,10380.0,10276.875,70
20260303,64684000,14:58:04.000,FLAT_QUOTING,LONG_PENDING_HEDGE,target_fill,10295.0,10210.0,10380.0,10276.875,72
20260303,64685000,14:58:05.000,LONG_PENDING_HEDGE,HEDGED_POSITION,hedge_fill,10295.0,10210.0,10380.0,10277.125,72
20260303,64686000,14:58:06.000,HEDGED_POSITION,FLATTENING,reference_invalid_exit,10295.0,10210.0,10380.0,10277.0,70
20260303,64686000,14:58:06.000,FLATTENING,COOLDOWN,reference_invalid_exit,10295.0,10210.0,10380.0,10277.0,72
20260303,64688000,14:58:08.000,COOLDOWN,FLAT_QUOTING,fair_recovered,10290.0,10205.0,10375.0,10276.125,70
20260303,64689000,14:58:09.000,FLAT_QUOTING,LONG_PENDING_HEDGE,target_fill,10290.0,10205.0,10375.0,10275.375,72
20260303,64690000,14:58:10.000,LONG_PENDING_HEDGE,HEDGED_POSITION,hedge_fill,10290.0,10205.0,10375.0,10275.25,72
20260303,64691000,14:58:11.000,HEDGED_POSITION,FLATTENING,reference_invalid_exit,10290.0,10205.0,10375.0,10275.25,70
20260303,64691000,14:58:11.000,FLATTENING,COOLDOWN,reference_invalid_exit,10290.0,10205.0,10375.0,10275.25,72
20260303,64693000,14:58:13.000,COOLDOWN,FLAT_QUOTING,fair_recovered,10293.0,10208.0,10378.0,10275.5,70
20260303,64694000,14:58:14.000,FLAT_QUOTING,LONG_PENDING_HEDGE,target_fill,10293.0,10208.0,10378.0,10275.5,72
20260303,64695000,14:58:15.000,LONG_PENDING_HEDGE,HEDGED_POSITION,hedge_fill,10293.0,10208.0,10378.0,10275.625,72
20260303,64696000,14:58:16.000,HEDGED_POSITION,FLATTENING,reference_invalid_exit,10293.0,10208.0,10378.0,10275.25,70
20260303,64696000,14:58:16.000,FLATTENING,COOLDOWN,reference_invalid_exit,10293.0,10208.0,10378.0,10275.25,72
20260303,64698000,14:58:18.000,COOLDOWN,FLAT_QUOTING,fair_recovered,10291.0,10206.0,10376.0,10275.375,70
20260303,64699000,14:58:19.000,FLAT_QUOTING,LONG_PENDING_HEDGE,target_fill,10291.0,10206.0,10376.0,10275.5,72
20260303,64700000,14:58:20.000,LONG_PENDING_HEDGE,HEDGED_POSITION,hedge_fill,10291.0,10206.0,10376.0,10273.5,72
20260303,64701000,14:58:21.000,HEDGED_POSITION,FLATTENING,reference_invalid_exit,10291.0,10206.0,10376.0,10274.25,70
20260303,64701000,14:58:21.000,FLATTENING,COOLDOWN,reference_invalid_exit,10291.0,10206.0,10376.0,10274.25,72
20260303,64703000,14:58:23.000,COOLDOWN,FLAT_QUOTING,fair_recovered,10291.0,10206.0,10376.0,10276.0,70
20260303,64704000,14:58:24.000,FLAT_QUOTING,LONG_PENDING_HEDGE,target_fill,10291.0,10206.0,10376.0,10276.0,72
20260303,64705000,14:58:25.000,LONG_PENDING_HEDGE,HEDGED_POSITION,hedge_fill,10291.0,10206.0,10376.0,10275.875,72
20260303,64706000,14:58:26.000,HEDGED_POSITION,FLATTENING,reference_invalid_exit,10291.0,10206.0,10376.0,10276.0,70
20260303,64706000,14:58:26.000,FLATTENING,COOLDOWN,reference_invalid_exit,10291.0,10206.0,10376.0,10276.0,72
20260303,64708000,14:58:28.000,COOLDOWN,FLAT_QUOTING,fair_recovered,10291.0,10206.0,10376.0,10276.5,70
20260303,64709000,14:58:29.000,FLAT_QUOTING,LONG_PENDING_HEDGE,target_fill,10291.0,10206.0,10376.0,,72
20260303,64710000,14:58:30.000,LONG_PENDING_HEDGE,HEDGED_POSITION,hedge_fill,10291.0,10206.0,10376.0,10276.75,72
20260303,64711000,14:58:31.000,HEDGED_POSITION,FLATTENING,reference_invalid_exit,10291.0,10206.0,10376.0,10277.5,70
20260303,64711000,14:58:31.000,FLATTENING,COOLDOWN,reference_invalid_exit,10291.0,10206.0,10376.0,10277.5,72
20260303,64713000,14:58:33.000,COOLDOWN,FLAT_QUOTING,fair_recovered,10293.0,10208.0,10378.0,10277.0,70
20260303,64714000,14:58:34.000,FLAT_QUOTING,LONG_PENDING_HEDGE,target_fill,10293.0,10208.0,10378.0,10277.0,72
20260303,64715000,14:58:35.000,LONG_PENDING_HEDGE,HEDGED_POSITION,hedge_fill,10293.0,10208.0,10378.0,10277.125,72
20260303,64716000,14:58:36.000,HEDGED_POSITION,FLATTENING,reference_invalid_exit,10293.0,10208.0,10378.0,10277.75,70
20260303,64716000,14:58:36.000,FLATTENING,COOLDOWN,reference_invalid_exit,10293.0,10208.0,10378.0,10277.75,72
20260303,64718000,14:58:38.000,COOLDOWN,FLAT_QUOTING,fair_recovered,10292.0,10207.0,10377.0,10277.5,70
20260303,64719000,14:58:39.000,FLAT_QUOTING,LONG_PENDING_HEDGE,target_fill,10292.0,10207.0,10377.0,10277.5,72
20260303,64720000,14:58:40.000,LONG_PENDING_HEDGE,HEDGED_POSITION,hedge_fill,10292.0,10207.0,10377.0,10277.5,72
20260303,64721000,14:58:41.000,HEDGED_POSITION,FLATTENING,reference_invalid_exit,10292.0,10207.0,10377.0,10277.5,70
20260303,64721000,14:58:41.000,FLATTENING,COOLDOWN,reference_invalid_exit,10292.0,10207.0,10377.0,10277.5,72
20260303,64723000,14:58:43.000,COOLDOWN,FLAT_QUOTING,fair_recovered,10291.0,10206.0,10376.0,10279.25,70
20260303,64724000,14:58:44.000,FLAT_QUOTING,LONG_PENDING_HEDGE,target_fill,10291.0,10206.0,10376.0,10277.75,72
20260303,64725000,14:58:45.000,LONG_PENDING_HEDGE,HEDGED_POSITION,hedge_fill,10291.0,10206.0,10376.0,10278.25,72
20260303,64726000,14:58:46.000,HEDGED_POSITION,FLATTENING,reference_invalid_exit,10291.0,10206.0,10376.0,10278.5,70
20260303,64726000,14:58:46.000,FLATTENING,COOLDOWN,reference_invalid_exit,10291.0,10206.0,10376.0,10278.5,72
20260303,64728000,14:58:48.000,COOLDOWN,FLAT_QUOTING,fair_recovered,10291.0,10206.0,10376.0,10280.0,70
20260303,64729000,14:58:49.000,FLAT_QUOTING,LONG_PENDING_HEDGE,target_fill,10291.0,10206.0,10376.0,10279.5,72
20260303,64730000,14:58:50.000,LONG_PENDING_HEDGE,HEDGED_POSITION,hedge_fill,10291.0,10206.0,10376.0,10279.75,72
20260303,64731000,14:58:51.000,HEDGED_POSITION,FLATTENING,reference_invalid_exit,10291.0,10206.0,10376.0,10280.5,70
20260303,64731000,14:58:51.000,FLATTENING,COOLDOWN,reference_invalid_exit,10291.0,10206.0,10376.0,10280.5,72
20260303,64733000,14:58:53.000,COOLDOWN,FLAT_QUOTING,fair_recovered,10292.0,10207.0,10377.0,10281.125,70
20260303,64734000,14:58:54.000,FLAT_QUOTING,LONG_PENDING_HEDGE,target_fill,10292.0,10207.0,10377.0,10281.25,72
20260303,64735000,14:58:55.000,LONG_PENDING_HEDGE,HEDGED_POSITION,hedge_fill,10292.0,10207.0,10377.0,10281.25,72
20260303,64736000,14:58:56.000,HEDGED_POSITION,FLATTENING,reference_invalid_exit,10292.0,10207.0,10377.0,10282.25,70
20260303,64736000,14:58:56.000,FLATTENING,COOLDOWN,reference_invalid_exit,10292.0,10207.0,10377.0,10282.25,72
20260303,64738000,14:58:58.000,COOLDOWN,FLAT_QUOTING,fair_recovered,10296.0,10211.0,10381.0,10282.875,70
20260303,64739000,14:58:59.000,FLAT_QUOTING,LONG_PENDING_HEDGE,target_fill,10296.0,10211.0,10381.0,10282.5,72
20260303,64740000,14:59:00.000,LONG_PENDING_HEDGE,HEDGED_POSITION,hedge_fill,10296.0,10211.0,10381.0,10281.0,72
20260303,64741000,14:59:01.000,HEDGED_POSITION,FLATTENING,reference_invalid_exit,10296.0,10211.0,10381.0,10280.5,70
20260303,64741000,14:59:01.000,FLATTENING,COOLDOWN,reference_invalid_exit,10296.0,10211.0,10381.0,10280.5,72
20260303,64743000,14:59:03.000,COOLDOWN,FLAT_QUOTING,fair_recovered,10291.0,10206.0,10376.0,10280.5,70
20260303,64744000,14:59:04.000,FLAT_QUOTING,LONG_PENDING_HEDGE,target_fill,10291.0,10206.0,10376.0,10280.5,72
20260303,64745000,14:59:05.000,LONG_PENDING_HEDGE,HEDGED_POSITION,hedge_fill,10291.0,10206.0,10376.0,10280.5,72
20260303,64746000,14:59:06.000,HEDGED_POSITION,FLATTENING,reference_invalid_exit,10291.0,10206.0,10376.0,10280.0,70
20260303,64746000,14:59:06.000,FLATTENING,COOLDOWN,reference_invalid_exit,10291.0,10206.0,10376.0,10280.0,72
20260303,64748000,14:59:08.000,COOLDOWN,FLAT_QUOTING,fair_recovered,10287.0,10202.0,10372.0,10278.5,70
20260303,64749000,14:59:09.000,FLAT_QUOTING,LONG_PENDING_HEDGE,target_fill,10287.0,10202.0,10372.0,10277.75,72
20260303,64750000,14:59:10.000,LONG_PENDING_HEDGE,HEDGED_POSITION,hedge_fill,10287.0,10202.0,10372.0,10277.75,72
20260303,64751000,14:59:11.000,HEDGED_POSITION,FLATTENING,reference_invalid_exit,10287.0,10202.0,10372.0,10277.125,70
20260303,64751000,14:59:11.000,FLATTENING,COOLDOWN,reference_invalid_exit,10287.0,10202.0,10372.0,10277.125,72
20260303,64753000,14:59:13.000,COOLDOWN,FLAT_QUOTING,fair_recovered,10281.0,10196.0,10366.0,10273.0,70
20260303,64754000,14:59:14.000,FLAT_QUOTING,LONG_PENDING_HEDGE,target_fill,10281.0,10196.0,10366.0,10274.5,72
20260303,64755000,14:59:15.000,LONG_PENDING_HEDGE,HEDGED_POSITION,hedge_fill,10281.0,10196.0,10366.0,10273.5,72
20260303,64756000,14:59:16.000,HEDGED_POSITION,FLATTENING,reference_invalid_exit,10281.0,10196.0,10366.0,10276.75,70
20260303,64756000,14:59:16.000,FLATTENING,COOLDOWN,reference_invalid_exit,10281.0,10196.0,10366.0,10276.75,72
20260303,64758000,14:59:18.000,COOLDOWN,FLAT_QUOTING,fair_recovered,10286.0,10201.0,10371.0,10278.0,70
20260303,64759000,14:59:19.000,FLAT_QUOTING,LONG_PENDING_HEDGE,target_fill,10286.0,10201.0,10371.0,10276.5,72
20260303,64760000,14:59:20.000,LONG_PENDING_HEDGE,HEDGED_POSITION,hedge_fill,10286.0,10201.0,10371.0,10275.875,72
20260303,64761000,14:59:21.000,HEDGED_POSITION,FLATTENING,reference_invalid_exit,10286.0,10201.0,10371.0,10276.5,70
20260303,64761000,14:59:21.000,FLATTENING,COOLDOWN,reference_invalid_exit,10286.0,10201.0,10371.0,10276.5,72
20260303,64763000,14:59:23.000,COOLDOWN,FLAT_QUOTING,fair_recovered,10287.0,10202.0,10372.0,10277.375,70
20260303,64764000,14:59:24.000,FLAT_QUOTING,LONG_PENDING_HEDGE,target_fill,10287.0,10202.0,10372.0,10277.625,72
20260303,64765000,14:59:25.000,LONG_PENDING_HEDGE,HEDGED_POSITION,hedge_fill,10287.0,10202.0,10372.0,10278.0,72
20260303,64766000,14:59:26.000,HEDGED_POSITION,FLATTENING,reference_invalid_exit,10287.0,10202.0,10372.0,10276.75,70
20260303,64766000,14:59:26.000,FLATTENING,COOLDOWN,reference_invalid_exit,10287.0,10202.0,10372.0,10276.75,72
20260303,64768000,14:59:28.000,COOLDOWN,FLAT_QUOTING,fair_recovered,10283.0,10198.0,10368.0,10278.5,70
20260303,64769000,14:59:29.000,FLAT_QUOTING,LONG_PENDING_HEDGE,target_fill,10283.0,10198.0,10368.0,10277.125,72
20260303,64770000,14:59:30.000,LONG_PENDING_HEDGE,HEDGED_POSITION,hedge_fill,10283.0,10198.0,10368.0,10277.0,72
20260303,64771000,14:59:31.000,HEDGED_POSITION,FLATTENING,reference_invalid_exit,10283.0,10198.0,10368.0,10278.625,70
20260303,64771000,14:59:31.000,FLATTENING,COOLDOWN,reference_invalid_exit,10283.0,10198.0,10368.0,10278.625,72
20260303,64773000,14:59:33.000,COOLDOWN,FLAT_QUOTING,fair_recovered,10284.0,10199.0,10369.0,10278.5,70
20260303,64774000,14:59:34.000,FLAT_QUOTING,LONG_PENDING_HEDGE,target_fill,10284.0,10199.0,10369.0,10278.5,72
20260303,64775000,14:59:35.000,LONG_PENDING_HEDGE,HEDGED_POSITION,hedge_fill,10284.0,10199.0,10369.0,10276.125,72
20260303,64776000,14:59:36.000,HEDGED_POSITION,FLATTENING,reference_invalid_exit,10284.0,10199.0,10369.0,10280.0,70
20260303,64776000,14:59:36.000,FLATTENING,COOLDOWN,reference_invalid_exit,10284.0,10199.0,10369.0,10280.0,72
20260303,64778000,14:59:38.000,COOLDOWN,FLAT_QUOTING,fair_recovered,10286.0,10201.0,10371.0,10283.375,70
20260303,64779000,14:59:39.000,FLAT_QUOTING,LONG_PENDING_HEDGE,target_fill,10286.0,10201.0,10371.0,10284.0,72
20260303,64780000,14:59:40.000,LONG_PENDING_HEDGE,HEDGED_POSITION,hedge_fill,10286.0,10201.0,10371.0,10284.0,72
20260303,64781000,14:59:41.000,HEDGED_POSITION,FLATTENING,reference_invalid_exit,10286.0,10201.0,10371.0,10284.25,70
20260303,64781000,14:59:41.000,FLATTENING,COOLDOWN,reference_invalid_exit,10286.0,10201.0,10371.0,10284.25,72
20260303,64783000,14:59:43.000,COOLDOWN,FLAT_QUOTING,fair_recovered,10284.0,10199.0,10369.0,10284.25,70
20260303,64784000,14:59:44.000,FLAT_QUOTING,LONG_PENDING_HEDGE,target_fill,10284.0,10199.0,10369.0,10286.5,72
20260303,64785000,14:59:45.000,LONG_PENDING_HEDGE,HEDGED_POSITION,hedge_fill,10284.0,10199.0,10369.0,10286.75,72
20260303,64786000,14:59:46.000,HEDGED_POSITION,FLATTENING,reversion_exit,10284.0,10199.0,10369.0,10286.75,70
20260303,64786000,14:59:46.000,FLATTENING,COOLDOWN,reversion_exit,10284.0,10199.0,10369.0,10286.75,72
20260303,64788000,14:59:48.000,COOLDOWN,FLAT_QUOTING,fair_recovered,10287.0,10202.0,10372.0,10287.0,70
20260303,64789000,14:59:49.000,FLAT_QUOTING,LONG_PENDING_HEDGE,target_fill,10287.0,10202.0,10372.0,10289.0,72
20260303,64790000,14:59:50.000,LONG_PENDING_HEDGE,HEDGED_POSITION,hedge_fill,10287.0,10202.0,10372.0,10288.0,72
20260303,64791000,14:59:51.000,HEDGED_POSITION,FLATTENING,reversion_exit,10287.0,10202.0,10372.0,10286.0,70
20260303,64791000,14:59:51.000,FLATTENING,COOLDOWN,reversion_exit,10287.0,10202.0,10372.0,10286.0,72
20260303,64793000,14:59:53.000,COOLDOWN,FLAT_QUOTING,fair_recovered,10289.0,10204.0,10374.0,10288.75,70
20260303,64794000,14:59:54.000,FLAT_QUOTING,LONG_PENDING_HEDGE,target_fill,10289.0,10204.0,10374.0,10287.5,72
20260303,64795000,14:59:55.000,LONG_PENDING_HEDGE,HEDGED_POSITION,hedge_fill,10289.0,10204.0,10374.0,10287.75,72
20260303,64796000,14:59:56.000,HEDGED_POSITION,FLATTENING,reversion_exit,10289.0,10204.0,10374.0,10286.5,70
20260303,64796000,14:59:56.000,FLATTENING,COOLDOWN,reversion_exit,10289.0,10204.0,10374.0,10286.5,72
20260303,64798000,14:59:58.000,COOLDOWN,FLAT_QUOTING,fair_recovered,10289.0,10204.0,10374.0,10289.0,70
20260303,64799000,14:59:59.000,FLAT_QUOTING,LONG_PENDING_HEDGE,target_fill,10289.0,10204.0,10374.0,10289.5,72
20260303,64800000,15:00:00.000,LONG_PENDING_HEDGE,EMERGENCY_FLATTEN,hedge_quote_timeout,10289.0,10204.0,10374.0,,72
20260303,64800000,15:00:00.000,EMERGENCY_FLATTEN,EMERGENCY_FLATTEN,end_of_day_exit,10289.0,10204.0,10374.0,,73
