trade_id,trade_date,target_contract,hedge_contract,direction,fill_key,fill_time,fill_context,event_label,fill_evidence,target_entry_price,hedge_entry_key,hedge_entry_price,exit_key,exit_time,exit_reason,status,target_exit_price,hedge_exit_price,target_pnl,hedge_pnl,gross_pnl,commission,net_pnl,gross_margin,unhedged_worst_mark_pnl,hedged_worst_mark_pnl,observed_worst_mark_pnl
20260303-AP605-0001,20260303,AP605,AP604,short,43287000,09:01:27.000,normal_quote,normal_move_fill,interval_vwap,9955.0,43288000.0,9611.0,43290000,09:01:30.000,hedged_exit,closed,9881.0,9603.0,74.0,-8.0,66.0,0.0,66.0,1956.6,0.0,63.0,0.0
20260303-AP605-0002,20260303,AP605,AP604,short,43367000,09:02:47.000,normal_quote,normal_move_fill,interval_vwap,9958.0,43368000.0,9624.0,43370000,09:02:50.000,hedged_exit,closed,9884.0,9606.0,74.0,-18.0,56.0,0.0,56.0,1958.2000000000003,0.0,54.0,0.0
20260303-AP605-0003,20260303,AP605,AP604,short,43442000,09:04:02.000,normal_quote,normal_move_fill,interval_vwap,9963.0,43443000.0,9624.0,43445000,09:04:05.000,hedged_exit,closed,9888.0,9605.0,75.0,-19.0,56.0,0.0,56.0,1958.7000000000003,0.0,54.0,0.0
20260303-AP605-0004,20260303,AP605,AP604,short,43594000,09:06:34.000,normal_quote,normal_move_fill,interval_vwap,9963.0,43595000.0,9629.0,43597000,09:06:37.000,hedged_exit,closed,9894.0,9607.0,69.0,-22.0,47.0,0.0,47.0,1959.2000000000003,0.0,45.0,0.0
20260303-AP605-0005,20260303,AP605,AP604,short,43771000,09:09:31.000,normal_quote,normal_move_fill,interval_vwap,9972.0,43772000.0,9628.0,43774000,09:09:34.000,hedged_exit,closed,9893.0,9608.0,79.0,-20.0,59.0,0.0,59.0,1960.0,0.0,57.0,0.0
20260303-AP605-0006,20260303,AP605,AP604,short,43909000,09:11:49.000,normal_quote,normal_move_fill,interval_vwap,9977.0,43910000.0,9658.0,43912000,09:11:52.000,hedged_exit,closed,9918.0,9620.0,59.0,-38.0,21.0,0.0,21.0,1963.5,0.0,19.0,0.0
20260303-AP605-0007,20260303,AP605,AP604,short,43947000,09:12:27.000,normal_quote,normal_move_fill,interval_vwap,10002.0,43948000.0,9641.0,43950000,09:12:30.000,hedged_exit,closed,9913.0,9615.0,89.0,-26.0,63.0,0.0,63.0,1964.3000000000002,0.0,61.0,0.0
20260303-AP605-0008,20260303,AP605,AP604,short,43983000,09:13:03.000,normal_quote,normal_move_fill,interval_vwap,9987.0,43984000.0,9641.0,43986000,09:13:06.000,hedged_exit,closed,9918.0,9620.0,69.0,-21.0,48.0,0.0,48.0,1962.8000000000002,0.0,46.0,0.0
20260303-AP605-0009,20260303,AP605,AP604,short,43997000,09:13:17.000,normal_quote,normal_move_fill,interval_vwap,9989.0,43998000.0,9641.0,44000000,09:13:20.000,hedged_exit,closed,9917.0,9619.0,72.0,-22.0,50.0,0.0,50.0,1963.0,0.0,48.0,0.0
20260303-AP605-0010,20260303,AP605,AP604,short,44138000,09:15:38.000,normal_quote,normal_move_fill,interval_vwap,9989.0,44139000.0,9630.0,44141000,09:15:41.000,hedged_exit,closed,9907.0,9606.0,82.0,-24.0,58.0,0.0,58.0,1961.9,0.0,56.0,0.0
20260303-AP605-0011,20260303,AP605,AP604,short,44618000,09:23:38.000,normal_quote,normal_move_fill,interval_vwap,9991.0,44619000.0,9626.0,44621000,09:23:41.000,hedged_exit,closed,9922.0,9620.0,69.0,-6.0,63.0,0.0,63.0,1961.7,0.0,61.0,0.0
20260303-AP605-0012,20260303,AP605,AP604,short,45361000,09:36:01.000,normal_quote,normal_move_fill,interval_vwap,9993.0,45362000.0,9699.0,45364000,09:36:04.000,hedged_exit,closed,9929.0,9674.0,64.0,-25.0,39.0,0.0,39.0,1969.2000000000003,0.0,37.0,0.0
20260303-AP605-0013,20260303,AP605,AP604,short,45420000,09:37:00.000,normal_quote,normal_move_fill,interval_vwap,10009.0,45421000.0,9701.0,45423000,09:37:03.000,hedged_exit,closed,9934.0,9678.0,75.0,-23.0,52.0,0.0,52.0,1971.0,0.0,50.0,0.0
20260303-AP605-0014,20260303,AP605,AP604,short,45815000,09:43:35.000,normal_quote,normal_move_fill,interval_vwap,10014.0,45816000.0,9704.0,45818000,09:43:38.000,hedged_exit,closed,9943.0,9672.0,71.0,-32.0,39.0,0.0,39.0,1971.8000000000002,0.0,37.0,0.0
20260303-AP605-0015,20260303,AP605,AP604,short,46082000,09:48:02.000,normal_quote,normal_move_fill,interval_vwap,10028.0,46083000.0,9699.0,46085000,09:48:05.000,hedged_exit,closed,9946.0,9674.0,82.0,-25.0,57.0,0.0,57.0,1972.7000000000003,0.0,55.0,0.0
20260303-AP605-0016,20260303,AP605,AP604,short,47404000,10:10:04.000,normal_quote,normal_move_fill,interval_vwap,10027.0,47405000.0,9690.0,47407000,10:10:07.000,hedged_exit,closed,9940.0,9670.0,87.0,-20.0,67.0,0.0,67.0,1971.7,0.0,65.0,0.0
20260303-AP605-0017,20260303,AP605,AP604,short,47596000,10:13:16.000,normal_quote,normal_move_fill,interval_vwap,10025.0,47597000.0,9696.0,47599000,10:13:19.000,hedged_exit,closed,9950.0,9670.0,75.0,-26.0,49.0,0.0,49.0,1972.1,0.0,47.0,0.0
20260303-AP605-0018,20260303,AP605,AP604,short,48765000,10:32:45.000,normal_quote,normal_move_fill,interval_vwap,10047.0,48766000.0,9699.0,48768000,10:32:48.000,hedged_exit,closed,9973.0,9681.0,74.0,-18.0,56.0,0.0,56.0,1974.6000000000001,0.0,53.0,0.0
20260303-AP605-0019,20260303,AP605,AP604,short,49099000,10:38:19.000,normal_quote,normal_move_fill,interval_vwap,10051.0,49100000.0,9720.0,49102000,10:38:22.000,hedged_exit,closed,9984.0,9694.0,67.0,-26.0,41.0,0.0,41.0,1977.1,0.0,38.0,0.0
20260303-AP605-0020,20260303,AP605,AP604,short,49119000,10:38:39.000,normal_quote,normal_move_fill,interval_vwap,10071.0,49120000.0,9732.0,49122000,10:38:42.000,hedged_exit,closed,9986.0,9701.0,85.0,-31.0,54.0,0.0,54.0,1980.3000000000002,0.0,48.0,0.0
20260303-AP605-0021,20260303,AP605,AP604,short,49136000,10:38:56.000,normal_quote,normal_move_fill,interval_vwap,10072.0,49137000.0,9732.0,49139000,10:38:59.000,hedged_exit,closed,9991.0,9701.0,81.0,-31.0,50.0,0.0,50.0,1980.4,0.0,48.0,0.0
20260303-AP605-0022,20260303,AP605,AP604,short,49210000,10:40:10.000,normal_quote,normal_move_fill,interval_vwap,10076.0,49211000.0,9739.0,49213000,10:40:13.000,hedged_exit,closed,9996.0,9706.0,80.0,-33.0,47.0,0.0,47.0,1981.5,0.0,45.0,0.0
20260303-AP605-0023,20260303,AP605,AP604,short,49221000,10:40:21.000,normal_quote,normal_move_fill,interval_vwap,10077.0,49222000.0,9743.0,49224000,10:40:24.000,hedged_exit,closed,10010.0,9717.0,67.0,-26.0,41.0,0.0,41.0,1982.0,0.0,39.0,0.0
20260303-AP605-0024,20260303,AP605,AP604,short,49811000,10:50:11.000,normal_quote,normal_move_fill,interval_vwap,10084.0,49812000.0,9721.0,49814000,10:50:14.000,hedged_exit,closed,10002.0,9713.0,82.0,-8.0,74.0,0.0,74.0,1980.5,0.0,70.0,0.0
20260303-AP605-0025,20260303,AP605,AP604,short,49824000,10:50:24.000,normal_quote,normal_move_fill,interval_vwap,10083.0,49825000.0,9747.0,49827000,10:50:27.000,hedged_exit,closed,10010.0,9712.0,73.0,-35.0,38.0,0.0,38.0,1983.0,0.0,29.0,0.0
20260303-AP605-0026,20260303,AP605,AP604,short,49986000,10:53:06.000,normal_quote,normal_move_fill,interval_vwap,10093.0,49987000.0,9764.0,49989000,10:53:09.000,hedged_exit,closed,10044.0,9742.0,49.0,-22.0,27.0,0.0,27.0,1985.7000000000003,0.0,25.0,0.0
20260303-AP605-0027,20260303,AP605,AP604,long,49992000,10:53:12.000,normal_quote,normal_move_fill,interval_vwap,9951.0,49993000.0,9740.0,49995000,10:53:15.000,hedged_exit,closed,10035.0,9769.0,84.0,-29.0,55.0,0.0,55.0,1969.1,0.0,53.0,0.0
20260303-AP605-0028,20260303,AP605,AP604,long,49998000,10:53:18.000,normal_quote,normal_move_fill,interval_vwap,9950.0,49999000.0,9742.0,50001000,10:53:21.000,hedged_exit,closed,10034.0,9766.0,84.0,-24.0,60.0,0.0,60.0,1969.2,0.0,58.0,0.0
20260303-AP605-0029,20260303,AP605,AP604,long,50004000,10:53:24.000,normal_quote,normal_move_fill,interval_vwap,9951.0,50005000.0,9741.0,50007000,10:53:27.000,hedged_exit,closed,10040.0,9775.0,89.0,-34.0,55.0,0.0,55.0,1969.2,0.0,53.0,0.0
20260303-AP605-0030,20260303,AP605,AP604,long,50010000,10:53:30.000,normal_quote,normal_move_fill,interval_vwap,9954.0,50011000.0,9747.0,50013000,10:53:33.000,hedged_exit,closed,10045.0,9776.0,91.0,-29.0,62.0,0.0,62.0,1970.1000000000001,0.0,60.0,0.0
20260303-AP605-0031,20260303,AP605,AP604,long,50016000,10:53:36.000,normal_quote,normal_move_fill,interval_vwap,9960.0,50017000.0,9746.0,50019000,10:53:39.000,hedged_exit,closed,10046.0,9777.0,86.0,-31.0,55.0,0.0,55.0,1970.6,0.0,53.0,0.0
20260303-AP605-0032,20260303,AP605,AP604,long,50022000,10:53:42.000,normal_quote,normal_move_fill,interval_vwap,9960.0,50023000.0,9749.0,50025000,10:53:45.000,hedged_exit,closed,10042.0,9775.0,82.0,-26.0,56.0,0.0,56.0,1970.9,0.0,54.0,0.0
20260303-AP605-0033,20260303,AP605,AP604,long,50028000,10:53:48.000,normal_quote,normal_move_fill,interval_vwap,9959.0,50029000.0,9744.0,50031000,10:53:51.000,hedged_exit,closed,10043.0,9775.0,84.0,-31.0,53.0,0.0,53.0,1970.3000000000002,0.0,51.0,0.0
20260303-AP605-0034,20260303,AP605,AP604,long,50034000,10:53:54.000,normal_quote,normal_move_fill,interval_vwap,9952.0,50035000.0,9746.0,50037000,10:53:57.000,hedged_exit,closed,10044.0,9775.0,92.0,-29.0,63.0,0.0,63.0,1969.8000000000002,0.0,61.0,0.0
20260303-AP605-0035,20260303,AP605,AP604,long,50040000,10:54:00.000,normal_quote,normal_move_fill,interval_vwap,9953.0,50041000.0,9746.0,50043000,10:54:03.000,hedged_exit,closed,10040.0,9771.0,87.0,-25.0,62.0,0.0,62.0,1969.9,0.0,60.0,0.0
20260303-AP605-0036,20260303,AP605,AP604,long,50067000,10:54:27.000,fill_during_replace,normal_move_fill,interval_vwap,9964.0,50068000.0,9767.0,50070000,10:54:30.000,hedged_exit,closed,10068.0,9800.0,104.0,-33.0,71.0,0.0,71.0,1973.1000000000001,0.0,69.0,0.0
20260303-AP605-0037,20260303,AP605,AP604,long,50073000,10:54:33.000,normal_quote,normal_move_fill,interval_vwap,9982.0,50074000.0,9810.0,50076000,10:54:36.000,hedged_exit,closed,10067.0,9838.0,85.0,-28.0,57.0,0.0,57.0,1979.2,0.0,55.0,0.0
20260303-AP605-0038,20260303,AP605,AP604,long,50080000,10:54:40.000,normal_quote,normal_move_fill,interval_vwap,9984.0,50081000.0,9778.0,50083000,10:54:43.000,hedged_exit,closed,10068.0,9838.0,84.0,-60.0,24.0,0.0,24.0,1976.2000000000003,0.0,21.0,0.0
20260303-AP605-0039,20260303,AP605,AP604,long,50086000,10:54:46.000,normal_quote,normal_move_fill,interval_vwap,9984.0,50087000.0,9788.0,50089000,10:54:49.000,hedged_exit,closed,10070.0,9844.0,86.0,-56.0,30.0,0.0,30.0,1977.2000000000003,0.0,28.0,0.0
20260303-AP605-0040,20260303,AP605,AP604,long,50092000,10:54:52.000,normal_quote,normal_move_fill,interval_vwap,9987.0,50093000.0,9798.0,50095000,10:54:55.000,hedged_exit,closed,10073.0,9849.0,86.0,-51.0,35.0,0.0,35.0,1978.5,0.0,33.0,0.0
20260303-AP605-0041,20260303,AP605,AP604,long,50098000,10:54:58.000,normal_quote,normal_move_fill,interval_vwap,9992.0,50099000.0,9835.0,50101000,10:55:01.000,hedged_exit,closed,10069.0,9847.0,77.0,-12.0,65.0,0.0,65.0,1982.7,0.0,63.0,0.0
20260303-AP605-0042,20260303,AP605,AP604,long,50105000,10:55:05.000,normal_quote,normal_move_fill,interval_vwap,9981.0,50106000.0,9789.0,50108000,10:55:08.000,hedged_exit,closed,10069.0,9836.0,88.0,-47.0,41.0,0.0,41.0,1977.0,0.0,38.0,0.0
20260303-AP605-0043,20260303,AP605,AP604,long,50111000,10:55:11.000,normal_quote,normal_move_fill,interval_vwap,9982.0,50112000.0,9774.0,50114000,10:55:14.000,hedged_exit,closed,10071.0,9775.0,89.0,-1.0,88.0,0.0,88.0,1975.6000000000001,0.0,82.0,0.0
20260303-AP605-0044,20260303,AP605,AP604,long,50117000,10:55:17.000,normal_quote,normal_move_fill,interval_vwap,9985.0,50118000.0,9769.0,50120000,10:55:20.000,hedged_exit,closed,10069.0,9770.0,84.0,-1.0,83.0,0.0,83.0,1975.4,0.0,70.0,0.0
20260303-AP605-0045,20260303,AP605,AP604,long,50241000,10:57:21.000,fill_during_replace,normal_move_fill,interval_vwap,9976.0,50242000.0,9793.0,50244000,10:57:24.000,hedged_exit,closed,10093.0,9816.0,117.0,-23.0,94.0,0.0,94.0,1976.9,0.0,92.0,0.0
20260303-AP605-0046,20260303,AP605,AP604,long,50247000,10:57:27.000,normal_quote,normal_move_fill,interval_vwap,10008.0,50248000.0,9788.0,50250000,10:57:30.000,hedged_exit,closed,10086.0,9813.0,78.0,-25.0,53.0,0.0,53.0,1979.6000000000001,0.0,51.0,0.0
20260303-AP605-0047,20260303,AP605,AP604,long,50253000,10:57:33.000,normal_quote,normal_move_fill,interval_vwap,10001.0,50254000.0,9786.0,50256000,10:57:36.000,hedged_exit,closed,10086.0,9830.0,85.0,-44.0,41.0,0.0,41.0,1978.7,0.0,39.0,0.0
20260303-AP605-0048,20260303,AP605,AP604,long,50259000,10:57:39.000,normal_quote,normal_move_fill,interval_vwap,10000.0,50260000.0,9787.0,50262000,10:57:42.000,hedged_exit,closed,10085.0,9827.0,85.0,-40.0,45.0,0.0,45.0,1978.7,0.0,41.0,0.0
20260303-AP605-0049,20260303,AP605,AP604,long,50265000,10:57:45.000,normal_quote,normal_move_fill,interval_vwap,10003.0,50266000.0,9792.0,50268000,10:57:48.000,hedged_exit,closed,10091.0,9833.0,88.0,-41.0,47.0,0.0,47.0,1979.5,0.0,45.0,0.0
20260303-AP605-0050,20260303,AP605,AP604,long,50272000,10:57:52.000,normal_quote,normal_move_fill,interval_vwap,10006.0,50273000.0,9795.0,50275000,10:57:55.000,hedged_exit,closed,10089.0,9830.0,83.0,-35.0,48.0,0.0,48.0,1980.1,0.0,46.0,0.0
20260303-AP605-0051,20260303,AP605,AP604,long,50278000,10:57:58.000,normal_quote,normal_move_fill,interval_vwap,10008.0,50279000.0,9799.0,50281000,10:58:01.000,hedged_exit,closed,10089.0,9830.0,81.0,-31.0,50.0,0.0,50.0,1980.7000000000003,0.0,48.0,0.0
20260303-AP605-0052,20260303,AP605,AP604,long,50284000,10:58:04.000,normal_quote,normal_move_fill,interval_vwap,10002.0,50285000.0,9789.0,50287000,10:58:07.000,hedged_exit,closed,10091.0,9833.0,89.0,-44.0,45.0,0.0,45.0,1979.1000000000001,0.0,43.0,0.0
20260303-AP605-0053,20260303,AP605,AP604,long,50290000,10:58:10.000,normal_quote,normal_move_fill,interval_vwap,10010.0,50291000.0,9798.0,50293000,10:58:13.000,hedged_exit,closed,10097.0,9838.0,87.0,-40.0,47.0,0.0,47.0,1980.8000000000002,0.0,45.0,0.0
20260303-AP605-0054,20260303,AP605,AP604,long,50296000,10:58:16.000,normal_quote,normal_move_fill,interval_vwap,10012.0,50297000.0,9806.0,50299000,10:58:19.000,hedged_exit,closed,10091.0,9835.0,79.0,-29.0,50.0,0.0,50.0,1981.8000000000002,0.0,48.0,0.0
20260303-AP605-0055,20260303,AP605,AP604,long,50303000,10:58:23.000,normal_quote,normal_move_fill,interval_vwap,10010.0,50304000.0,9809.0,50306000,10:58:26.000,hedged_exit,closed,10097.0,9830.0,87.0,-21.0,66.0,0.0,66.0,1981.9,0.0,64.0,0.0
20260303-AP605-0056,20260303,AP605,AP604,long,50309000,10:58:29.000,normal_quote,normal_move_fill,interval_vwap,10010.0,50310000.0,9822.0,50312000,10:58:32.000,hedged_exit,closed,10108.0,9850.0,98.0,-28.0,70.0,0.0,70.0,1983.2,0.0,68.0,0.0
20260303-AP605-0057,20260303,AP605,AP604,long,50315000,10:58:35.000,normal_quote,normal_move_fill,interval_vwap,10021.0,50316000.0,9817.0,50318000,10:58:38.000,hedged_exit,closed,10108.0,9850.0,87.0,-33.0,54.0,0.0,54.0,1983.8000000000002,0.0,52.0,0.0
20260303-AP605-0058,20260303,AP605,AP604,long,50321000,10:58:41.000,normal_quote,normal_move_fill,interval_vwap,10027.0,50322000.0,9833.0,50324000,10:58:44.000,hedged_exit,closed,10110.0,9853.0,83.0,-20.0,63.0,0.0,63.0,1986.0,0.0,61.0,0.0
20260303-AP605-0059,20260303,AP605,AP604,long,50327000,10:58:47.000,normal_quote,normal_move_fill,interval_vwap,10027.0,50328000.0,9831.0,50330000,10:58:50.000,hedged_exit,closed,10111.0,9862.0,84.0,-31.0,53.0,0.0,53.0,1985.8000000000002,0.0,51.0,0.0
20260303-AP605-0060,20260303,AP605,AP604,long,50333000,10:58:53.000,normal_quote,normal_move_fill,interval_vwap,10025.0,50334000.0,9825.0,50336000,10:58:56.000,hedged_exit,closed,10113.0,9864.0,88.0,-39.0,49.0,0.0,49.0,1985.0,0.0,45.0,0.0
20260303-AP605-0061,20260303,AP605,AP604,long,50339000,10:58:59.000,normal_quote,normal_move_fill,interval_vwap,10034.0,50340000.0,9845.0,50342000,10:59:02.000,hedged_exit,closed,10122.0,9877.0,88.0,-32.0,56.0,0.0,56.0,1987.9,0.0,52.0,0.0
20260303-AP605-0062,20260303,AP605,AP604,long,50345000,10:59:05.000,normal_quote,normal_move_fill,interval_vwap,10037.0,50346000.0,9836.0,50348000,10:59:08.000,hedged_exit,closed,10120.0,9870.0,83.0,-34.0,49.0,0.0,49.0,1987.3000000000002,0.0,18.0,0.0
20260303-AP605-0063,20260303,AP605,AP604,long,50351000,10:59:11.000,normal_quote,normal_move_fill,interval_vwap,10030.0,50352000.0,9844.0,50354000,10:59:14.000,hedged_exit,closed,10122.0,9891.0,92.0,-47.0,45.0,0.0,45.0,1987.4,0.0,41.0,0.0
20260303-AP605-0064,20260303,AP605,AP604,long,50357000,10:59:17.000,normal_quote,normal_move_fill,interval_vwap,10045.0,50358000.0,9854.0,50360000,10:59:20.000,hedged_exit,closed,10125.0,9893.0,80.0,-39.0,41.0,0.0,41.0,1989.9,0.0,38.0,0.0
20260303-AP605-0065,20260303,AP605,AP604,long,50363000,10:59:23.000,normal_quote,normal_move_fill,interval_vwap,10042.0,50364000.0,9852.0,50366000,10:59:26.000,hedged_exit,closed,10127.0,9895.0,85.0,-43.0,42.0,0.0,42.0,1989.4,0.0,37.0,0.0
20260303-AP605-0066,20260303,AP605,AP604,long,50369000,10:59:29.000,normal_quote,normal_move_fill,interval_vwap,10045.0,50370000.0,9861.0,50372000,10:59:32.000,hedged_exit,closed,10124.0,9892.0,79.0,-31.0,48.0,0.0,48.0,1990.6,0.0,46.0,0.0
20260303-AP605-0067,20260303,AP605,AP604,long,50375000,10:59:35.000,normal_quote,normal_move_fill,interval_vwap,10040.0,50376000.0,9862.0,50378000,10:59:38.000,hedged_exit,closed,10134.0,9890.0,94.0,-28.0,66.0,0.0,66.0,1990.2,0.0,52.0,0.0
20260303-AP605-0068,20260303,AP605,AP604,long,50381000,10:59:41.000,normal_quote,normal_move_fill,interval_vwap,10050.0,50382000.0,9867.0,50384000,10:59:44.000,hedged_exit,closed,10129.0,9890.0,79.0,-23.0,56.0,0.0,56.0,1991.7,0.0,54.0,0.0
20260303-AP605-0069,20260303,AP605,AP604,long,50387000,10:59:47.000,normal_quote,normal_move_fill,interval_vwap,10046.0,50388000.0,9870.0,50390000,10:59:50.000,hedged_exit,closed,10129.0,9890.0,83.0,-20.0,63.0,0.0,63.0,1991.6,0.0,61.0,0.0
20260303-AP605-0070,20260303,AP605,AP604,long,50393000,10:59:53.000,normal_quote,normal_move_fill,interval_vwap,10043.0,50394000.0,9863.0,50396000,10:59:56.000,hedged_exit,closed,10122.0,9888.0,79.0,-25.0,54.0,0.0,54.0,1990.6000000000001,0.0,52.0,0.0
20260303-AP605-0071,20260303,AP605,AP604,long,50399000,10:59:59.000,normal_quote,normal_move_fill,interval_vwap,10039.0,50400000.0,9869.0,50402000,11:00:02.000,hedged_exit,closed,10127.0,9890.0,88.0,-21.0,67.0,0.0,67.0,1990.8000000000002,0.0,65.0,0.0
20260303-AP605-0072,20260303,AP605,AP604,long,50405000,11:00:05.000,normal_quote,normal_move_fill,interval_vwap,10043.0,50406000.0,9867.0,50408000,11:00:08.000,hedged_exit,closed,10128.0,9890.0,85.0,-23.0,62.0,0.0,62.0,1991.0,0.0,56.0,0.0
20260303-AP605-0073,20260303,AP605,AP604,long,50411000,11:00:11.000,normal_quote,normal_move_fill,interval_vwap,10038.0,50412000.0,9867.0,50414000,11:00:14.000,hedged_exit,closed,10124.0,9890.0,86.0,-23.0,63.0,0.0,63.0,1990.5,0.0,61.0,0.0
20260303-AP605-0074,20260303,AP605,AP604,long,50417000,11:00:17.000,normal_quote,normal_move_fill,interval_vwap,10039.0,50418000.0,9867.0,50420000,11:00:20.000,hedged_exit,closed,10129.0,9890.0,90.0,-23.0,67.0,0.0,67.0,1990.6000000000001,0.0,63.0,0.0
20260303-AP605-0075,20260303,AP605,AP604,long,50423000,11:00:23.000,normal_quote,normal_move_fill,interval_vwap,10047.0,50424000.0,9874.0,50426000,11:00:26.000,hedged_exit,closed,10128.0,9894.0,81.0,-20.0,61.0,0.0,61.0,1992.1000000000001,0.0,59.0,0.0
20260303-AP605-0076,20260303,AP605,AP604,long,50429000,11:00:29.000,normal_quote,normal_move_fill,interval_vwap,10047.0,50430000.0,9873.0,50432000,11:00:32.000,hedged_exit,closed,10132.0,9898.0,85.0,-25.0,60.0,0.0,60.0,1992.0,0.0,58.0,0.0
20260303-AP605-0077,20260303,AP605,AP604,long,50435000,11:00:35.000,normal_quote,normal_move_fill,interval_vwap,10045.0,50436000.0,9870.0,50438000,11:00:38.000,hedged_exit,closed,10129.0,9897.0,84.0,-27.0,57.0,0.0,57.0,1991.5,0.0,55.0,0.0
20260303-AP605-0078,20260303,AP605,AP604,long,50441000,11:00:41.000,normal_quote,normal_move_fill,interval_vwap,10044.0,50442000.0,9890.0,50444000,11:00:44.000,hedged_exit,closed,10126.0,9895.0,82.0,-5.0,77.0,0.0,77.0,1993.4,0.0,75.0,0.0
20260303-AP605-0079,20260303,AP605,AP604,long,50447000,11:00:47.000,normal_quote,normal_move_fill,interval_vwap,10045.0,50448000.0,9892.0,50450000,11:00:50.000,hedged_exit,closed,10127.0,9903.0,82.0,-11.0,71.0,0.0,71.0,1993.7,0.0,69.0,0.0
20260303-AP605-0080,20260303,AP605,AP604,long,50453000,11:00:53.000,normal_quote,normal_move_fill,interval_vwap,10041.0,50454000.0,9895.0,50456000,11:00:56.000,hedged_exit,closed,10129.0,9914.0,88.0,-19.0,69.0,0.0,69.0,1993.6,0.0,64.0,0.0
20260303-AP605-0081,20260303,AP605,AP604,long,50459000,11:00:59.000,normal_quote,normal_move_fill,interval_vwap,10050.0,50460000.0,9897.0,50462000,11:01:02.000,hedged_exit,closed,10129.0,9914.0,79.0,-17.0,62.0,0.0,62.0,1994.7,0.0,57.0,0.0
20260303-AP605-0082,20260303,AP605,AP604,long,50465000,11:01:05.000,normal_quote,normal_move_fill,interval_vwap,10045.0,50466000.0,9901.0,50468000,11:01:08.000,hedged_exit,closed,10135.0,9920.0,90.0,-19.0,71.0,0.0,71.0,1994.6,0.0,69.0,0.0
20260303-AP605-0083,20260303,AP605,AP604,long,50471000,11:01:11.000,normal_quote,normal_move_fill,interval_vwap,10051.0,50472000.0,9903.0,50474000,11:01:14.000,hedged_exit,closed,10135.0,9918.0,84.0,-15.0,69.0,0.0,69.0,1995.4,0.0,65.0,0.0
20260303-AP605-0084,20260303,AP605,AP604,long,50477000,11:01:17.000,normal_quote,normal_move_fill,interval_vwap,10062.0,50478000.0,9906.0,50480000,11:01:20.000,hedged_exit,closed,10143.0,9929.0,81.0,-23.0,58.0,0.0,58.0,1996.8000000000002,0.0,56.0,0.0
20260303-AP605-0085,20260303,AP605,AP604,long,50484000,11:01:24.000,normal_quote,normal_move_fill,interval_vwap,10060.0,50485000.0,9909.0,50487000,11:01:27.000,hedged_exit,closed,10148.0,9937.0,88.0,-28.0,60.0,0.0,60.0,1996.9,0.0,58.0,0.0
20260303-AP605-0086,20260303,AP605,AP604,long,50490000,11:01:30.000,normal_quote,normal_move_fill,interval_vwap,10069.0,50491000.0,9919.0,50493000,11:01:33.000,hedged_exit,closed,10158.0,9942.0,89.0,-23.0,66.0,0.0,66.0,1998.8000000000002,0.0,64.0,0.0
20260303-AP605-0087,20260303,AP605,AP604,long,50496000,11:01:36.000,normal_quote,normal_move_fill,interval_vwap,10077.0,50497000.0,9924.0,50499000,11:01:39.000,hedged_exit,closed,10166.0,9949.0,89.0,-25.0,64.0,0.0,64.0,2000.1000000000001,0.0,61.0,0.0
20260303-AP605-0088,20260303,AP605,AP604,long,50502000,11:01:42.000,normal_quote,normal_move_fill,interval_vwap,10089.0,50503000.0,9949.0,50505000,11:01:45.000,hedged_exit,closed,10177.0,9977.0,88.0,-28.0,60.0,0.0,60.0,2003.8000000000002,0.0,58.0,0.0
20260303-AP605-0089,20260303,AP605,AP604,long,50508000,11:01:48.000,normal_quote,normal_move_fill,interval_vwap,10093.0,50509000.0,9999.0,50511000,11:01:51.000,hedged_exit,closed,10188.0,10017.0,95.0,-18.0,77.0,0.0,77.0,2009.2000000000003,0.0,75.0,0.0
20260303-AP605-0090,20260303,AP605,AP604,long,50515000,11:01:55.000,normal_quote,normal_move_fill,interval_vwap,10108.0,50516000.0,9962.0,50518000,11:01:58.000,hedged_exit,closed,10178.0,10014.0,70.0,-52.0,18.0,0.0,18.0,2007.0,0.0,14.0,0.0
20260303-AP605-0091,20260303,AP605,AP604,long,50521000,11:02:01.000,normal_quote,normal_move_fill,interval_vwap,10088.0,50522000.0,9959.0,50524000,11:02:04.000,hedged_exit,closed,10171.0,9993.0,83.0,-34.0,49.0,0.0,49.0,2004.7000000000003,0.0,47.0,0.0
20260303-AP605-0092,20260303,AP605,AP604,long,50527000,11:02:07.000,normal_quote,normal_move_fill,interval_vwap,10085.0,50528000.0,9944.0,50530000,11:02:10.000,hedged_exit,closed,10159.0,9985.0,74.0,-41.0,33.0,0.0,33.0,2002.9,0.0,31.0,0.0
20260303-AP605-0093,20260303,AP605,AP604,long,50533000,11:02:13.000,normal_quote,normal_move_fill,interval_vwap,10074.0,50534000.0,9941.0,50536000,11:02:16.000,hedged_exit,closed,10148.0,10015.0,74.0,-74.0,0.0,0.0,0.0,2001.5,0.0,-2.0,-2.0
20260303-AP605-0094,20260303,AP605,AP604,long,50539000,11:02:19.000,normal_quote,normal_move_fill,interval_vwap,10063.0,50540000.0,9994.0,50542000,11:02:22.000,hedged_exit,closed,10145.0,10040.0,82.0,-46.0,36.0,0.0,36.0,2005.7000000000003,0.0,34.0,0.0
20260303-AP605-0095,20260303,AP605,AP604,long,50545000,11:02:25.000,normal_quote,normal_move_fill,interval_vwap,10070.0,50546000.0,9994.0,50548000,11:02:28.000,hedged_exit,closed,10148.0,10035.0,78.0,-41.0,37.0,0.0,37.0,2006.4,0.0,34.0,0.0
20260303-AP605-0096,20260303,AP605,AP604,long,50551000,11:02:31.000,normal_quote,normal_move_fill,interval_vwap,10058.0,50552000.0,9994.0,50554000,11:02:34.000,hedged_exit,closed,10150.0,10040.0,92.0,-46.0,46.0,0.0,46.0,2005.2000000000003,0.0,44.0,0.0
20260303-AP605-0097,20260303,AP605,AP604,long,50557000,11:02:37.000,normal_quote,normal_move_fill,interval_vwap,10063.0,50558000.0,10029.0,50560000,11:02:40.000,hedged_exit,closed,10154.0,10039.0,91.0,-10.0,81.0,0.0,81.0,2009.2000000000003,0.0,76.0,0.0
20260303-AP605-0098,20260303,AP605,AP604,long,50563000,11:02:43.000,normal_quote,normal_move_fill,interval_vwap,10073.0,50564000.0,10029.0,50566000,11:02:46.000,hedged_exit,closed,10156.0,10042.0,83.0,-13.0,70.0,0.0,70.0,2010.2000000000003,0.0,68.0,0.0
20260303-AP605-0099,20260303,AP605,AP604,long,50569000,11:02:49.000,normal_quote,normal_move_fill,interval_vwap,10073.0,50570000.0,10009.0,50572000,11:02:52.000,hedged_exit,closed,10161.0,10030.0,88.0,-21.0,67.0,0.0,67.0,2008.2000000000003,0.0,65.0,0.0
20260303-AP605-0100,20260303,AP605,AP604,long,50575000,11:02:55.000,normal_quote,normal_move_fill,interval_vwap,10078.0,50576000.0,10003.0,50578000,11:02:58.000,hedged_exit,closed,10168.0,10027.0,90.0,-24.0,66.0,0.0,66.0,2008.1000000000001,0.0,64.0,0.0
20260303-AP605-0101,20260303,AP605,AP604,long,50581000,11:03:01.000,normal_quote,normal_move_fill,interval_vwap,10086.0,50582000.0,10011.0,50584000,11:03:04.000,hedged_exit,closed,10175.0,10027.0,89.0,-16.0,73.0,0.0,73.0,2009.7,0.0,71.0,0.0
20260303-AP605-0102,20260303,AP605,AP604,long,50587000,11:03:07.000,normal_quote,normal_move_fill,interval_vwap,10091.0,50588000.0,10011.0,50590000,11:03:10.000,hedged_exit,closed,10174.0,10027.0,83.0,-16.0,67.0,0.0,67.0,2010.2,0.0,65.0,0.0
20260303-AP605-0103,20260303,AP605,AP604,long,50594000,11:03:14.000,normal_quote,normal_move_fill,interval_vwap,10092.0,50595000.0,10003.0,50597000,11:03:17.000,hedged_exit,closed,10176.0,10027.0,84.0,-24.0,60.0,0.0,60.0,2009.5,0.0,58.0,0.0
20260303-AP605-0104,20260303,AP605,AP604,long,50600000,11:03:20.000,normal_quote,normal_move_fill,interval_vwap,10091.0,50601000.0,9998.0,50603000,11:03:23.000,hedged_exit,closed,10178.0,10027.0,87.0,-29.0,58.0,0.0,58.0,2008.9,0.0,53.0,0.0
20260303-AP605-0105,20260303,AP605,AP604,long,50606000,11:03:26.000,normal_quote,normal_move_fill,interval_vwap,10094.0,50607000.0,10006.0,50609000,11:03:29.000,hedged_exit,closed,10184.0,10027.0,90.0,-21.0,69.0,0.0,69.0,2010.0,0.0,66.0,0.0
20260303-AP605-0106,20260303,AP605,AP604,long,50612000,11:03:32.000,normal_quote,normal_move_fill,interval_vwap,10103.0,50613000.0,9994.0,50615000,11:03:35.000,hedged_exit,closed,10186.0,10027.0,83.0,-33.0,50.0,0.0,50.0,2009.7000000000003,0.0,48.0,0.0
20260303-AP605-0107,20260303,AP605,AP604,long,50620000,11:03:40.000,normal_quote,normal_move_fill,interval_vwap,10109.0,50621000.0,9995.0,50623000,11:03:43.000,hedged_exit,closed,10195.0,10027.0,86.0,-32.0,54.0,0.0,54.0,2010.4,0.0,52.0,0.0
20260303-AP605-0108,20260303,AP605,AP604,long,50626000,11:03:46.000,normal_quote,normal_move_fill,interval_vwap,10121.0,50627000.0,9996.0,50629000,11:03:49.000,hedged_exit,closed,10209.0,10027.0,88.0,-31.0,57.0,0.0,57.0,2011.7,0.0,55.0,0.0
20260303-AP605-0109,20260303,AP605,AP604,long,50632000,11:03:52.000,normal_quote,normal_move_fill,interval_vwap,10131.0,50633000.0,10005.0,50635000,11:03:55.000,hedged_exit,closed,10211.0,10024.0,80.0,-19.0,61.0,0.0,61.0,2013.6,0.0,59.0,0.0
20260303-AP605-0110,20260303,AP605,AP604,long,50638000,11:03:58.000,normal_quote,normal_move_fill,interval_vwap,10119.0,50639000.0,9994.0,50641000,11:04:01.000,hedged_exit,closed,10208.0,10022.0,89.0,-28.0,61.0,0.0,61.0,2011.3000000000002,0.0,59.0,0.0
20260303-AP605-0111,20260303,AP605,AP604,long,50644000,11:04:04.000,normal_quote,normal_move_fill,interval_vwap,10115.0,50645000.0,9994.0,50651000,11:04:11.000,hedged_exit,closed,10200.0,9995.0,85.0,-1.0,84.0,0.0,84.0,2010.9,0.0,83.0,0.0
20260303-AP605-0112,20260303,AP605,AP604,long,50654000,11:04:14.000,normal_quote,normal_move_fill,interval_vwap,10109.0,50655000.0,9985.0,50657000,11:04:17.000,hedged_exit,closed,10200.0,9995.0,91.0,-10.0,81.0,0.0,81.0,2009.4,0.0,79.0,0.0
20260303-AP605-0113,20260303,AP605,AP604,long,50661000,11:04:21.000,normal_quote,normal_move_fill,interval_vwap,10115.0,50662000.0,9981.0,50664000,11:04:24.000,hedged_exit,closed,10199.0,9995.0,84.0,-14.0,70.0,0.0,70.0,2009.6,0.0,64.0,0.0
20260303-AP605-0114,20260303,AP605,AP604,long,50667000,11:04:27.000,normal_quote,normal_move_fill,interval_vwap,10116.0,50668000.0,9987.0,50670000,11:04:30.000,hedged_exit,closed,10201.0,9995.0,85.0,-8.0,77.0,0.0,77.0,2010.3000000000002,0.0,74.0,0.0
20260303-AP605-0115,20260303,AP605,AP604,long,50673000,11:04:33.000,normal_quote,normal_move_fill,interval_vwap,10120.0,50674000.0,9986.0,50676000,11:04:36.000,hedged_exit,closed,10201.0,9995.0,81.0,-9.0,72.0,0.0,72.0,2010.6,0.0,70.0,0.0
20260303-AP605-0116,20260303,AP605,AP604,long,50679000,11:04:39.000,normal_quote,normal_move_fill,interval_vwap,10114.0,50680000.0,9987.0,50682000,11:04:42.000,hedged_exit,closed,10201.0,9988.0,87.0,-1.0,86.0,0.0,86.0,2010.1000000000001,0.0,77.0,0.0
20260303-AP605-0117,20260303,AP605,AP604,long,50685000,11:04:45.000,normal_quote,normal_move_fill,interval_vwap,10110.0,50686000.0,9977.0,50688000,11:04:48.000,hedged_exit,closed,10199.0,9988.0,89.0,-11.0,78.0,0.0,78.0,2008.7,0.0,73.0,0.0
20260303-AP605-0118,20260303,AP605,AP604,long,50691000,11:04:51.000,normal_quote,normal_move_fill,interval_vwap,10104.0,50692000.0,9976.0,50694000,11:04:54.000,hedged_exit,closed,10198.0,9981.0,94.0,-5.0,89.0,0.0,89.0,2008.0,0.0,86.0,0.0
20260303-AP605-0119,20260303,AP605,AP604,long,50697000,11:04:57.000,normal_quote,normal_move_fill,interval_vwap,10109.0,50698000.0,9977.0,50700000,11:05:00.000,hedged_exit,closed,10200.0,9988.0,91.0,-11.0,80.0,0.0,80.0,2008.6000000000001,0.0,78.0,0.0
20260303-AP605-0120,20260303,AP605,AP604,long,50704000,11:05:04.000,normal_quote,normal_move_fill,interval_vwap,10106.0,50705000.0,9977.0,50707000,11:05:07.000,hedged_exit,closed,10209.0,9988.0,103.0,-11.0,92.0,0.0,92.0,2008.3000000000002,0.0,87.0,0.0
20260303-AP605-0121,20260303,AP605,AP604,long,50710000,11:05:10.000,normal_quote,normal_move_fill,interval_vwap,10114.0,50711000.0,9985.0,50713000,11:05:13.000,hedged_exit,closed,10216.0,9995.0,102.0,-10.0,92.0,0.0,92.0,2009.9,0.0,87.0,0.0
20260303-AP605-0122,20260303,AP605,AP604,long,50716000,11:05:16.000,normal_quote,normal_move_fill,interval_vwap,10128.0,50717000.0,9997.0,50719000,11:05:19.000,hedged_exit,closed,10219.0,10012.0,91.0,-15.0,76.0,0.0,76.0,2012.5,0.0,72.0,0.0
20260303-AP605-0123,20260303,AP605,AP604,long,50722000,11:05:22.000,normal_quote,normal_move_fill,interval_vwap,10120.0,50723000.0,9986.0,50725000,11:05:25.000,hedged_exit,closed,10204.0,9999.0,84.0,-13.0,71.0,0.0,71.0,2010.6,0.0,69.0,0.0
20260303-AP605-0124,20260303,AP605,AP604,long,50728000,11:05:28.000,normal_quote,normal_move_fill,interval_vwap,10106.0,50729000.0,9975.0,50731000,11:05:31.000,hedged_exit,closed,10196.0,9990.0,90.0,-15.0,75.0,0.0,75.0,2008.1,0.0,73.0,0.0
20260303-AP605-0125,20260303,AP605,AP604,long,50734000,11:05:34.000,normal_quote,normal_move_fill,interval_vwap,10104.0,50735000.0,9972.0,50737000,11:05:37.000,hedged_exit,closed,10201.0,9996.0,97.0,-24.0,73.0,0.0,73.0,2007.6000000000001,0.0,71.0,0.0
20260303-AP605-0126,20260303,AP605,AP604,long,50740000,11:05:40.000,normal_quote,normal_move_fill,interval_vwap,10111.0,50741000.0,9981.0,50743000,11:05:43.000,hedged_exit,closed,10206.0,9999.0,95.0,-18.0,77.0,0.0,77.0,2009.2,0.0,75.0,0.0
20260303-AP605-0127,20260303,AP605,AP604,long,50746000,11:05:46.000,normal_quote,normal_move_fill,interval_vwap,10107.0,50747000.0,9978.0,50749000,11:05:49.000,hedged_exit,closed,10199.0,9994.0,92.0,-16.0,76.0,0.0,76.0,2008.5,0.0,74.0,0.0
20260303-AP605-0128,20260303,AP605,AP604,long,50752000,11:05:52.000,normal_quote,normal_move_fill,interval_vwap,10114.0,50753000.0,9973.0,50755000,11:05:55.000,hedged_exit,closed,10199.0,10021.0,85.0,-48.0,37.0,0.0,37.0,2008.7000000000003,0.0,34.0,0.0
20260303-AP605-0129,20260303,AP605,AP604,long,50758000,11:05:58.000,normal_quote,normal_move_fill,interval_vwap,10115.0,50759000.0,9979.0,50761000,11:06:01.000,hedged_exit,closed,10200.0,10021.0,85.0,-42.0,43.0,0.0,43.0,2009.4,0.0,41.0,0.0
20260303-AP605-0130,20260303,AP605,AP604,long,50764000,11:06:04.000,normal_quote,normal_move_fill,interval_vwap,10110.0,50765000.0,9975.0,50767000,11:06:07.000,hedged_exit,closed,10195.0,10020.0,85.0,-45.0,40.0,0.0,40.0,2008.5,0.0,38.0,0.0
20260303-AP605-0131,20260303,AP605,AP604,long,50770000,11:06:10.000,normal_quote,normal_move_fill,interval_vwap,10110.0,50771000.0,9974.0,50773000,11:06:13.000,hedged_exit,closed,10191.0,10016.0,81.0,-42.0,39.0,0.0,39.0,2008.4,0.0,37.0,0.0
20260303-AP605-0132,20260303,AP605,AP604,long,50776000,11:06:16.000,normal_quote,normal_move_fill,interval_vwap,10107.0,50777000.0,9970.0,50779000,11:06:19.000,hedged_exit,closed,10191.0,10016.0,84.0,-46.0,38.0,0.0,38.0,2007.7,0.0,36.0,0.0
20260303-AP605-0133,20260303,AP605,AP604,long,50782000,11:06:22.000,normal_quote,normal_move_fill,interval_vwap,10104.0,50783000.0,9971.0,50785000,11:06:25.000,hedged_exit,closed,10192.0,10020.0,88.0,-49.0,39.0,0.0,39.0,2007.5,0.0,37.0,0.0
20260303-AP605-0134,20260303,AP605,AP604,long,50788000,11:06:28.000,normal_quote,normal_move_fill,interval_vwap,10110.0,50789000.0,9971.0,50791000,11:06:31.000,hedged_exit,closed,10192.0,10018.0,82.0,-47.0,35.0,0.0,35.0,2008.1,0.0,33.0,0.0
20260303-AP605-0135,20260303,AP605,AP604,long,50794000,11:06:34.000,normal_quote,normal_move_fill,interval_vwap,10108.0,50795000.0,9973.0,50797000,11:06:37.000,hedged_exit,closed,10194.0,10020.0,86.0,-47.0,39.0,0.0,39.0,2008.1000000000001,0.0,37.0,0.0
20260303-AP605-0136,20260303,AP605,AP604,long,50801000,11:06:41.000,normal_quote,normal_move_fill,interval_vwap,10111.0,50802000.0,9975.0,50804000,11:06:44.000,hedged_exit,closed,10195.0,10021.0,84.0,-46.0,38.0,0.0,38.0,2008.6,0.0,36.0,0.0
20260303-AP605-0137,20260303,AP605,AP604,long,50807000,11:06:47.000,normal_quote,normal_move_fill,interval_vwap,10106.0,50808000.0,9973.0,50810000,11:06:50.000,hedged_exit,closed,10193.0,10018.0,87.0,-45.0,42.0,0.0,42.0,2007.9,0.0,40.0,0.0
20260303-AP605-0138,20260303,AP605,AP604,long,50813000,11:06:53.000,normal_quote,normal_move_fill,interval_vwap,10103.0,50814000.0,9975.0,50816000,11:06:56.000,hedged_exit,closed,10192.0,10017.0,89.0,-42.0,47.0,0.0,47.0,2007.8000000000002,0.0,45.0,0.0
20260303-AP605-0139,20260303,AP605,AP604,long,50819000,11:06:59.000,normal_quote,normal_move_fill,interval_vwap,10106.0,50820000.0,9977.0,50822000,11:07:02.000,hedged_exit,closed,10198.0,10022.0,92.0,-45.0,47.0,0.0,47.0,2008.3000000000002,0.0,45.0,0.0
20260303-AP605-0140,20260303,AP605,AP604,long,50825000,11:07:05.000,normal_quote,normal_move_fill,interval_vwap,10110.0,50826000.0,9978.0,50828000,11:07:08.000,hedged_exit,closed,10199.0,10002.0,89.0,-24.0,65.0,0.0,65.0,2008.8000000000002,0.0,63.0,0.0
20260303-AP605-0141,20260303,AP605,AP604,long,50831000,11:07:11.000,normal_quote,normal_move_fill,interval_vwap,10104.0,50832000.0,9980.0,50834000,11:07:14.000,hedged_exit,closed,10196.0,10002.0,92.0,-22.0,70.0,0.0,70.0,2008.4,0.0,68.0,0.0
20260303-AP605-0142,20260303,AP605,AP604,long,50837000,11:07:17.000,normal_quote,normal_move_fill,interval_vwap,10106.0,50838000.0,9981.0,50841000,11:07:21.000,hedged_exit,closed,10194.0,10002.0,88.0,-21.0,67.0,0.0,67.0,2008.7,0.0,66.0,0.0
20260303-AP605-0143,20260303,AP605,AP604,long,50844000,11:07:24.000,normal_quote,normal_move_fill,interval_vwap,10107.0,50845000.0,9983.0,50847000,11:07:27.000,hedged_exit,closed,10194.0,10002.0,87.0,-19.0,68.0,0.0,68.0,2009.0,0.0,66.0,0.0
20260303-AP605-0144,20260303,AP605,AP604,long,50851000,11:07:31.000,normal_quote,normal_move_fill,interval_vwap,10109.0,50852000.0,9983.0,50854000,11:07:34.000,hedged_exit,closed,10186.0,10002.0,77.0,-19.0,58.0,0.0,58.0,2009.2000000000003,0.0,56.0,0.0
20260303-AP605-0145,20260303,AP605,AP604,long,50857000,11:07:37.000,normal_quote,normal_move_fill,interval_vwap,10105.0,,,50858000,11:07:38.000,hedge_failure_exit,hedge_failure_exit,10183.0,,78.0,,78.0,0.0,78.0,,0.0,,0.0
20260303-AP605-0146,20260303,AP605,AP604,long,50861000,11:07:41.000,normal_quote,normal_move_fill,interval_vwap,10105.0,50862000.0,9986.0,50864000,11:07:44.000,hedged_exit,closed,10186.0,10000.0,81.0,-14.0,67.0,0.0,67.0,2009.1,0.0,64.0,0.0
20260303-AP605-0147,20260303,AP605,AP604,long,50867000,11:07:47.000,normal_quote,normal_move_fill,interval_vwap,10097.0,50868000.0,9982.0,50870000,11:07:50.000,hedged_exit,closed,10178.0,9999.0,81.0,-17.0,64.0,0.0,64.0,2007.9,0.0,62.0,0.0
20260303-AP605-0148,20260303,AP605,AP604,long,50873000,11:07:53.000,normal_quote,normal_move_fill,interval_vwap,10093.0,50874000.0,9982.0,50876000,11:07:56.000,hedged_exit,closed,10178.0,9999.0,85.0,-17.0,68.0,0.0,68.0,2007.5,0.0,66.0,0.0
20260303-AP605-0149,20260303,AP605,AP604,long,50880000,11:08:00.000,normal_quote,normal_move_fill,interval_vwap,10105.0,50881000.0,9982.0,50883000,11:08:03.000,hedged_exit,closed,10188.0,10000.0,83.0,-18.0,65.0,0.0,65.0,2008.7,0.0,56.0,0.0
20260303-AP605-0150,20260303,AP605,AP604,long,50886000,11:08:06.000,normal_quote,normal_move_fill,interval_vwap,10110.0,50887000.0,9983.0,50889000,11:08:09.000,hedged_exit,closed,10182.0,10000.0,72.0,-17.0,55.0,0.0,55.0,2009.3000000000002,0.0,53.0,0.0
20260303-AP605-0151,20260303,AP605,AP604,long,50892000,11:08:12.000,normal_quote,normal_move_fill,interval_vwap,10100.0,50893000.0,9985.0,50895000,11:08:15.000,hedged_exit,closed,10182.0,10000.0,82.0,-15.0,67.0,0.0,67.0,2008.5,0.0,65.0,0.0
20260303-AP605-0152,20260303,AP605,AP604,long,50898000,11:08:18.000,normal_quote,normal_move_fill,interval_vwap,10116.0,50899000.0,9986.0,50901000,11:08:21.000,hedged_exit,closed,10187.0,10000.0,71.0,-14.0,57.0,0.0,57.0,2010.2,0.0,54.0,0.0
20260303-AP605-0153,20260303,AP605,AP604,long,50904000,11:08:24.000,normal_quote,normal_move_fill,interval_vwap,10103.0,50905000.0,9988.0,50911000,11:08:31.000,hedged_exit,closed,10189.0,10000.0,86.0,-12.0,74.0,0.0,74.0,2009.1000000000001,0.0,73.0,0.0
20260303-AP605-0154,20260303,AP605,AP604,long,50914000,11:08:34.000,normal_quote,normal_move_fill,interval_vwap,10119.0,,,50915000,11:08:35.000,hedge_failure_exit,hedge_failure_exit,10208.0,,89.0,,89.0,0.0,89.0,,0.0,,0.0
20260303-AP605-0155,20260303,AP605,AP604,long,50918000,11:08:38.000,normal_quote,normal_move_fill,interval_vwap,10130.0,50919000.0,9996.0,50921000,11:08:41.000,hedged_exit,closed,10219.0,10022.0,89.0,-26.0,63.0,0.0,63.0,2012.6,0.0,61.0,0.0
20260303-AP605-0156,20260303,AP605,AP604,long,50924000,11:08:44.000,normal_quote,normal_move_fill,interval_vwap,10147.0,50925000.0,10014.0,50927000,11:08:47.000,hedged_exit,closed,10240.0,10022.0,93.0,-8.0,85.0,0.0,85.0,2016.1000000000001,0.0,80.0,0.0
20260303-AP605-0157,20260303,AP605,AP604,long,50930000,11:08:50.000,normal_quote,normal_move_fill,interval_vwap,10171.0,50931000.0,10019.0,50933000,11:08:53.000,hedged_exit,closed,10269.0,10024.0,98.0,-5.0,93.0,0.0,93.0,2019.0,0.0,86.0,0.0
20260303-AP605-0158,20260303,AP605,AP604,long,50936000,11:08:56.000,normal_quote,detector_event_fill,interval_vwap,10182.0,50937000.0,10015.0,50939000,11:08:59.000,hedged_exit,closed,10267.0,10024.0,85.0,-9.0,76.0,0.0,76.0,2019.7,0.0,73.0,0.0
20260303-AP605-0159,20260303,AP605,AP604,long,50942000,11:09:02.000,normal_quote,normal_move_fill,interval_vwap,10184.0,50943000.0,10010.0,50945000,11:09:05.000,hedged_exit,closed,10269.0,10020.0,85.0,-10.0,75.0,0.0,75.0,2019.4,0.0,73.0,0.0
20260303-AP605-0160,20260303,AP605,AP604,long,50949000,11:09:09.000,normal_quote,normal_move_fill,interval_vwap,10185.0,50950000.0,10012.0,50952000,11:09:12.000,hedged_exit,closed,10280.0,10025.0,95.0,-13.0,82.0,0.0,82.0,2019.7,0.0,72.0,0.0
20260303-AP605-0161,20260303,AP605,AP604,long,50955000,11:09:15.000,normal_quote,detector_event_fill,interval_vwap,10205.0,50956000.0,10016.0,50958000,11:09:18.000,hedged_exit,closed,10297.0,10027.0,92.0,-11.0,81.0,0.0,81.0,2022.1,0.0,74.0,0.0
20260303-AP605-0162,20260303,AP605,AP604,long,50961000,11:09:21.000,normal_quote,normal_move_fill,interval_vwap,10215.0,50962000.0,10026.0,50964000,11:09:24.000,hedged_exit,closed,10308.0,10080.0,93.0,-54.0,39.0,0.0,39.0,2024.1,0.0,34.0,0.0
20260303-AP605-0163,20260303,AP605,AP604,long,50968000,11:09:28.000,normal_quote,normal_move_fill,interval_vwap,10222.0,50969000.0,10029.0,50971000,11:09:31.000,hedged_exit,closed,10306.0,10080.0,84.0,-51.0,33.0,0.0,33.0,2025.1000000000001,0.0,31.0,0.0
20260303-AP605-0164,20260303,AP605,AP604,long,50974000,11:09:34.000,normal_quote,detector_event_fill,interval_vwap,10225.0,50975000.0,10038.0,50977000,11:09:37.000,hedged_exit,closed,10306.0,10075.0,81.0,-37.0,44.0,0.0,44.0,2026.3000000000002,0.0,38.0,0.0
20260303-AP605-0165,20260303,AP605,AP604,long,50980000,11:09:40.000,normal_quote,normal_move_fill,interval_vwap,10221.0,50981000.0,10030.0,50983000,11:09:43.000,hedged_exit,closed,10294.0,10075.0,73.0,-45.0,28.0,0.0,28.0,2025.1,0.0,26.0,0.0
20260303-AP605-0166,20260303,AP605,AP604,long,50986000,11:09:46.000,normal_quote,normal_move_fill,interval_vwap,10212.0,50987000.0,10029.0,50989000,11:09:49.000,hedged_exit,closed,10273.0,10047.0,61.0,-18.0,43.0,0.0,43.0,2024.1000000000001,0.0,41.0,0.0
20260303-AP605-0167,20260303,AP605,AP604,long,50992000,11:09:52.000,normal_quote,normal_move_fill,interval_vwap,10183.0,50993000.0,10002.0,50995000,11:09:55.000,hedged_exit,closed,10257.0,10028.0,74.0,-26.0,48.0,0.0,48.0,2018.5,0.0,46.0,0.0
20260303-AP605-0168,20260303,AP605,AP604,long,50998000,11:09:58.000,normal_quote,normal_move_fill,interval_vwap,10172.0,50999000.0,9999.0,51001000,11:10:01.000,hedged_exit,closed,10236.0,10009.0,64.0,-10.0,54.0,0.0,54.0,2017.1000000000001,0.0,52.0,0.0
20260303-AP605-0169,20260303,AP605,AP604,long,51004000,11:10:04.000,normal_quote,normal_move_fill,interval_vwap,10154.0,51005000.0,9970.0,51007000,11:10:07.000,hedged_exit,closed,10234.0,10008.0,80.0,-38.0,42.0,0.0,42.0,2012.4,0.0,40.0,0.0
20260303-AP605-0170,20260303,AP605,AP604,long,51010000,11:10:10.000,normal_quote,normal_move_fill,interval_vwap,10146.0,51011000.0,9959.0,51013000,11:10:13.000,hedged_exit,closed,10234.0,10010.0,88.0,-51.0,37.0,0.0,37.0,2010.5,0.0,32.0,0.0
20260303-AP605-0171,20260303,AP605,AP604,long,51016000,11:10:16.000,normal_quote,normal_move_fill,interval_vwap,10161.0,51017000.0,9989.0,51019000,11:10:19.000,hedged_exit,closed,10254.0,10020.0,93.0,-31.0,62.0,0.0,62.0,2015.0,0.0,60.0,0.0
20260303-AP605-0172,20260303,AP605,AP604,long,51022000,11:10:22.000,normal_quote,normal_move_fill,interval_vwap,10169.0,51023000.0,9998.0,51025000,11:10:25.000,hedged_exit,closed,10248.0,10020.0,79.0,-22.0,57.0,0.0,57.0,2016.7000000000003,0.0,55.0,0.0
20260303-AP605-0173,20260303,AP605,AP604,long,51028000,11:10:28.000,normal_quote,normal_move_fill,interval_vwap,10164.0,51029000.0,9997.0,51031000,11:10:31.000,hedged_exit,closed,10243.0,10020.0,79.0,-23.0,56.0,0.0,56.0,2016.1000000000001,0.0,54.0,0.0
20260303-AP605-0174,20260303,AP605,AP604,long,51034000,11:10:34.000,normal_quote,normal_move_fill,interval_vwap,10159.0,51035000.0,9979.0,51037000,11:10:37.000,hedged_exit,closed,10233.0,10012.0,74.0,-33.0,41.0,0.0,41.0,2013.8000000000002,0.0,39.0,0.0
20260303-AP605-0175,20260303,AP605,AP604,long,51040000,11:10:40.000,normal_quote,normal_move_fill,interval_vwap,10148.0,51041000.0,9979.0,51043000,11:10:43.000,hedged_exit,closed,10229.0,10006.0,81.0,-27.0,54.0,0.0,54.0,2012.7000000000003,0.0,52.0,0.0
20260303-AP605-0176,20260303,AP605,AP604,long,51046000,11:10:46.000,normal_quote,normal_move_fill,interval_vwap,10145.0,51047000.0,9979.0,51049000,11:10:49.000,hedged_exit,closed,10222.0,10000.0,77.0,-21.0,56.0,0.0,56.0,2012.4,0.0,54.0,0.0
20260303-AP605-0177,20260303,AP605,AP604,long,51052000,11:10:52.000,normal_quote,normal_move_fill,interval_vwap,10136.0,51053000.0,9968.0,51055000,11:10:55.000,hedged_exit,closed,10233.0,10008.0,97.0,-40.0,57.0,0.0,57.0,2010.4,0.0,52.0,0.0
20260303-AP605-0178,20260303,AP605,AP604,long,51058000,11:10:58.000,normal_quote,normal_move_fill,interval_vwap,10149.0,51059000.0,9976.0,51061000,11:11:01.000,hedged_exit,closed,10234.0,10011.0,85.0,-35.0,50.0,0.0,50.0,2012.5,0.0,48.0,0.0
20260303-AP605-0179,20260303,AP605,AP604,long,51064000,11:11:04.000,normal_quote,normal_move_fill,interval_vwap,10147.0,51065000.0,9970.0,51067000,11:11:07.000,hedged_exit,closed,10228.0,10004.0,81.0,-34.0,47.0,0.0,47.0,2011.7,0.0,43.0,0.0
20260303-AP605-0180,20260303,AP605,AP604,long,51070000,11:11:10.000,normal_quote,normal_move_fill,interval_vwap,10142.0,51071000.0,9965.0,51073000,11:11:13.000,hedged_exit,closed,10221.0,9999.0,79.0,-34.0,45.0,0.0,45.0,2010.7,0.0,43.0,0.0
20260303-AP605-0181,20260303,AP605,AP604,long,51076000,11:11:16.000,normal_quote,normal_move_fill,interval_vwap,10145.0,51077000.0,9970.0,51079000,11:11:19.000,hedged_exit,closed,10227.0,10002.0,82.0,-32.0,50.0,0.0,50.0,2011.5,0.0,48.0,0.0
20260303-AP605-0182,20260303,AP605,AP604,long,51082000,11:11:22.000,normal_quote,normal_move_fill,interval_vwap,10145.0,51083000.0,9966.0,51085000,11:11:25.000,hedged_exit,closed,10217.0,9992.0,72.0,-26.0,46.0,0.0,46.0,2011.1,0.0,44.0,0.0
20260303-AP605-0183,20260303,AP605,AP604,long,51089000,11:11:29.000,normal_quote,normal_move_fill,interval_vwap,10135.0,51090000.0,9957.0,51092000,11:11:32.000,hedged_exit,closed,10212.0,9985.0,77.0,-28.0,49.0,0.0,49.0,2009.2,0.0,46.0,0.0
20260303-AP605-0184,20260303,AP605,AP604,long,51095000,11:11:35.000,normal_quote,normal_move_fill,interval_vwap,10119.0,51096000.0,9948.0,51098000,11:11:38.000,hedged_exit,closed,10209.0,9983.0,90.0,-35.0,55.0,0.0,55.0,2006.7000000000003,0.0,53.0,0.0
20260303-AP605-0185,20260303,AP605,AP604,long,51101000,11:11:41.000,normal_quote,normal_move_fill,interval_vwap,10117.0,51102000.0,9951.0,51104000,11:11:44.000,hedged_exit,closed,10207.0,9980.0,90.0,-29.0,61.0,0.0,61.0,2006.8000000000002,0.0,59.0,0.0
20260303-AP605-0186,20260303,AP605,AP604,long,51107000,11:11:47.000,normal_quote,normal_move_fill,interval_vwap,10119.0,51108000.0,9954.0,51110000,11:11:50.000,hedged_exit,closed,10211.0,9984.0,92.0,-30.0,62.0,0.0,62.0,2007.3000000000002,0.0,58.0,0.0
20260303-AP605-0187,20260303,AP605,AP604,long,51113000,11:11:53.000,normal_quote,normal_move_fill,interval_vwap,10120.0,51114000.0,9961.0,51116000,11:11:56.000,hedged_exit,closed,10219.0,9993.0,99.0,-32.0,67.0,0.0,67.0,2008.1,0.0,65.0,0.0
20260303-AP605-0188,20260303,AP605,AP604,long,51119000,11:11:59.000,normal_quote,normal_move_fill,interval_vwap,10131.0,51120000.0,9959.0,51122000,11:12:02.000,hedged_exit,closed,10221.0,9996.0,90.0,-37.0,53.0,0.0,53.0,2009.0,0.0,49.0,0.0
20260303-AP605-0189,20260303,AP605,AP604,long,51125000,11:12:05.000,normal_quote,normal_move_fill,interval_vwap,10142.0,51126000.0,9981.0,51128000,11:12:08.000,hedged_exit,closed,10244.0,10020.0,102.0,-39.0,63.0,0.0,63.0,2012.3000000000002,0.0,61.0,0.0
20260303-AP605-0190,20260303,AP605,AP604,long,51131000,11:12:11.000,normal_quote,normal_move_fill,interval_vwap,10157.0,51132000.0,9995.0,51134000,11:12:14.000,hedged_exit,closed,10247.0,10020.0,90.0,-25.0,65.0,0.0,65.0,2015.2,0.0,63.0,0.0
20260303-AP605-0191,20260303,AP605,AP604,long,51137000,11:12:17.000,normal_quote,normal_move_fill,interval_vwap,10156.0,51138000.0,9985.0,51140000,11:12:20.000,hedged_exit,closed,10238.0,10012.0,82.0,-27.0,55.0,0.0,55.0,2014.1,0.0,53.0,0.0
20260303-AP605-0192,20260303,AP605,AP604,long,51143000,11:12:23.000,normal_quote,normal_move_fill,interval_vwap,10148.0,51144000.0,9979.0,51146000,11:12:26.000,hedged_exit,closed,10231.0,10010.0,83.0,-31.0,52.0,0.0,52.0,2012.7000000000003,0.0,50.0,0.0
20260303-AP605-0193,20260303,AP605,AP604,long,51149000,11:12:29.000,normal_quote,normal_move_fill,interval_vwap,10145.0,51150000.0,9974.0,51152000,11:12:32.000,hedged_exit,closed,10225.0,10001.0,80.0,-27.0,53.0,0.0,53.0,2011.9,0.0,51.0,0.0
20260303-AP605-0194,20260303,AP605,AP604,long,51155000,11:12:35.000,normal_quote,normal_move_fill,interval_vwap,10143.0,51156000.0,9976.0,51158000,11:12:38.000,hedged_exit,closed,10241.0,10014.0,98.0,-38.0,60.0,0.0,60.0,2011.9,0.0,58.0,0.0
20260303-AP605-0195,20260303,AP605,AP604,long,51161000,11:12:41.000,normal_quote,normal_move_fill,interval_vwap,10155.0,51162000.0,9984.0,51164000,11:12:44.000,hedged_exit,closed,10241.0,10015.0,86.0,-31.0,55.0,0.0,55.0,2013.9,0.0,53.0,0.0
20260303-AP605-0196,20260303,AP605,AP604,long,51167000,11:12:47.000,normal_quote,normal_move_fill,interval_vwap,10152.0,51168000.0,9991.0,51170000,11:12:50.000,hedged_exit,closed,10234.0,9998.0,82.0,-7.0,75.0,0.0,75.0,2014.3000000000002,0.0,73.0,0.0
20260303-AP605-0197,20260303,AP605,AP604,long,51173000,11:12:53.000,normal_quote,normal_move_fill,interval_vwap,10145.0,51174000.0,9980.0,51176000,11:12:56.000,hedged_exit,closed,10231.0,10008.0,86.0,-28.0,58.0,0.0,58.0,2012.5,0.0,56.0,0.0
20260303-AP605-0198,20260303,AP605,AP604,long,51179000,11:12:59.000,normal_quote,normal_move_fill,interval_vwap,10147.0,51180000.0,9961.0,51182000,11:13:02.000,hedged_exit,closed,10232.0,10007.0,85.0,-46.0,39.0,0.0,39.0,2010.8000000000002,0.0,37.0,0.0
20260303-AP605-0199,20260303,AP605,AP604,long,51185000,11:13:05.000,normal_quote,normal_move_fill,interval_vwap,10151.0,51186000.0,9961.0,51188000,11:13:08.000,hedged_exit,closed,10235.0,10008.0,84.0,-47.0,37.0,0.0,37.0,2011.2,0.0,33.0,0.0
20260303-AP605-0200,20260303,AP605,AP604,long,51191000,11:13:11.000,normal_quote,normal_move_fill,interval_vwap,10150.0,51192000.0,9967.0,51194000,11:13:14.000,hedged_exit,closed,10238.0,10000.0,88.0,-33.0,55.0,0.0,55.0,2011.7,0.0,53.0,0.0
20260303-AP605-0201,20260303,AP605,AP604,long,51197000,11:13:17.000,normal_quote,normal_move_fill,interval_vwap,10138.0,51198000.0,9949.0,51200000,11:13:20.000,hedged_exit,closed,10211.0,9987.0,73.0,-38.0,35.0,0.0,35.0,2008.7000000000003,0.0,28.0,0.0
20260303-AP605-0202,20260303,AP605,AP604,long,51203000,11:13:23.000,normal_quote,normal_move_fill,interval_vwap,10129.0,51204000.0,9945.0,51206000,11:13:26.000,hedged_exit,closed,10215.0,9988.0,86.0,-43.0,43.0,0.0,43.0,2007.4,0.0,40.0,0.0
20260303-AP605-0203,20260303,AP605,AP604,long,51209000,11:13:29.000,normal_quote,normal_move_fill,interval_vwap,10121.0,51210000.0,9936.0,51212000,11:13:32.000,hedged_exit,closed,10205.0,9978.0,84.0,-42.0,42.0,0.0,42.0,2005.7,0.0,40.0,0.0
20260303-AP605-0204,20260303,AP605,AP604,long,51216000,11:13:36.000,normal_quote,normal_move_fill,interval_vwap,10128.0,51217000.0,9941.0,51219000,11:13:39.000,hedged_exit,closed,10220.0,9950.0,92.0,-9.0,83.0,0.0,83.0,2006.9,0.0,41.0,0.0
20260303-AP605-0205,20260303,AP605,AP604,long,51222000,11:13:42.000,normal_quote,normal_move_fill,interval_vwap,10132.0,51223000.0,9939.0,51225000,11:13:45.000,hedged_exit,closed,10213.0,9950.0,81.0,-11.0,70.0,0.0,70.0,2007.1000000000001,0.0,68.0,0.0
20260303-AP605-0206,20260303,AP605,AP604,long,51228000,11:13:48.000,normal_quote,normal_move_fill,interval_vwap,10125.0,51229000.0,9935.0,51231000,11:13:51.000,hedged_exit,closed,10214.0,9980.0,89.0,-45.0,44.0,0.0,44.0,2006.0,0.0,42.0,0.0
20260303-AP605-0207,20260303,AP605,AP604,long,51234000,11:13:54.000,normal_quote,normal_move_fill,interval_vwap,10125.0,51235000.0,9936.0,51237000,11:13:57.000,hedged_exit,closed,10210.0,9976.0,85.0,-40.0,45.0,0.0,45.0,2006.1,0.0,42.0,0.0
20260303-AP605-0208,20260303,AP605,AP604,long,51240000,11:14:00.000,normal_quote,normal_move_fill,interval_vwap,10121.0,51241000.0,9944.0,51243000,11:14:03.000,hedged_exit,closed,10220.0,9986.0,99.0,-42.0,57.0,0.0,57.0,2006.5,0.0,50.0,0.0
20260303-AP605-0209,20260303,AP605,AP604,long,51247000,11:14:07.000,normal_quote,normal_move_fill,interval_vwap,10126.0,51248000.0,9951.0,51250000,11:14:10.000,hedged_exit,closed,10227.0,9994.0,101.0,-43.0,58.0,0.0,58.0,2007.7,0.0,56.0,0.0
20260303-AP605-0210,20260303,AP605,AP604,long,51253000,11:14:13.000,normal_quote,normal_move_fill,interval_vwap,10133.0,51254000.0,9954.0,51256000,11:14:16.000,hedged_exit,closed,10231.0,9998.0,98.0,-44.0,54.0,0.0,54.0,2008.7000000000003,0.0,51.0,0.0
20260303-AP605-0211,20260303,AP605,AP604,long,51259000,11:14:19.000,normal_quote,normal_move_fill,interval_vwap,10128.0,51260000.0,9946.0,51262000,11:14:22.000,hedged_exit,closed,10205.0,9974.0,77.0,-28.0,49.0,0.0,49.0,2007.4,0.0,47.0,0.0
20260303-AP605-0212,20260303,AP605,AP604,long,51265000,11:14:25.000,normal_quote,normal_move_fill,interval_vwap,10120.0,51266000.0,9955.0,51268000,11:14:28.000,hedged_exit,closed,10206.0,9972.0,86.0,-17.0,69.0,0.0,69.0,2007.5,0.0,63.0,0.0
20260303-AP605-0213,20260303,AP605,AP604,long,51271000,11:14:31.000,normal_quote,normal_move_fill,interval_vwap,10121.0,51272000.0,9955.0,51274000,11:14:34.000,hedged_exit,closed,10210.0,9978.0,89.0,-23.0,66.0,0.0,66.0,2007.6,0.0,63.0,0.0
20260303-AP605-0214,20260303,AP605,AP604,long,51277000,11:14:37.000,normal_quote,normal_move_fill,interval_vwap,10122.0,51278000.0,9955.0,51280000,11:14:40.000,hedged_exit,closed,10205.0,9979.0,83.0,-24.0,59.0,0.0,59.0,2007.7,0.0,56.0,0.0
20260303-AP605-0215,20260303,AP605,AP604,long,51283000,11:14:43.000,normal_quote,normal_move_fill,interval_vwap,10117.0,51284000.0,9970.0,51286000,11:14:46.000,hedged_exit,closed,10207.0,9981.0,90.0,-11.0,79.0,0.0,79.0,2008.7,0.0,75.0,0.0
20260303-AP605-0216,20260303,AP605,AP604,long,51289000,11:14:49.000,normal_quote,normal_move_fill,interval_vwap,10120.0,51290000.0,9974.0,51292000,11:14:52.000,hedged_exit,closed,10203.0,9981.0,83.0,-7.0,76.0,0.0,76.0,2009.4,0.0,74.0,0.0
20260303-AP605-0217,20260303,AP605,AP604,long,51295000,11:14:55.000,normal_quote,normal_move_fill,interval_vwap,10123.0,51296000.0,9975.0,51298000,11:14:58.000,hedged_exit,closed,10217.0,9997.0,94.0,-22.0,72.0,0.0,72.0,2009.8000000000002,0.0,69.0,0.0
20260303-AP605-0218,20260303,AP605,AP604,long,51301000,11:15:01.000,normal_quote,normal_move_fill,interval_vwap,10135.0,51302000.0,9975.0,51304000,11:15:04.000,hedged_exit,closed,10206.0,9982.0,71.0,-7.0,64.0,0.0,64.0,2011.0,0.0,62.0,0.0
20260303-AP605-0219,20260303,AP605,AP604,long,51307000,11:15:07.000,normal_quote,normal_move_fill,interval_vwap,10117.0,51308000.0,9975.0,51310000,11:15:10.000,hedged_exit,closed,10200.0,9979.0,83.0,-4.0,79.0,0.0,79.0,2009.2,0.0,77.0,0.0
20260303-AP605-0220,20260303,AP605,AP604,long,51313000,11:15:13.000,normal_quote,normal_move_fill,interval_vwap,10106.0,51314000.0,9970.0,51316000,11:15:16.000,hedged_exit,closed,10185.0,9975.0,79.0,-5.0,74.0,0.0,74.0,2007.6,0.0,72.0,0.0
20260303-AP605-0221,20260303,AP605,AP604,long,51319000,11:15:19.000,normal_quote,normal_move_fill,interval_vwap,10105.0,51320000.0,9970.0,51322000,11:15:22.000,hedged_exit,closed,10194.0,9982.0,89.0,-12.0,77.0,0.0,77.0,2007.5,0.0,75.0,0.0
20260303-AP605-0222,20260303,AP605,AP604,long,51325000,11:15:25.000,normal_quote,normal_move_fill,interval_vwap,10109.0,51326000.0,9970.0,51328000,11:15:28.000,hedged_exit,closed,10184.0,9974.0,75.0,-4.0,71.0,0.0,71.0,2007.9,0.0,69.0,0.0
20260303-AP605-0223,20260303,AP605,AP604,long,51331000,11:15:31.000,normal_quote,normal_move_fill,interval_vwap,10095.0,51332000.0,9955.0,51334000,11:15:34.000,hedged_exit,closed,10168.0,9958.0,73.0,-3.0,70.0,0.0,70.0,2005.0,0.0,68.0,0.0
20260303-AP605-0224,20260303,AP605,AP604,long,51337000,11:15:37.000,normal_quote,normal_move_fill,interval_vwap,10081.0,51338000.0,9905.0,51340000,11:15:40.000,hedged_exit,closed,10164.0,9955.0,83.0,-50.0,33.0,0.0,33.0,1998.6,0.0,31.0,0.0
20260303-AP605-0225,20260303,AP605,AP604,long,51343000,11:15:43.000,normal_quote,normal_move_fill,interval_vwap,10076.0,51344000.0,9908.0,51346000,11:15:46.000,hedged_exit,closed,10172.0,9964.0,96.0,-56.0,40.0,0.0,40.0,1998.4,0.0,38.0,0.0
20260303-AP605-0226,20260303,AP605,AP604,long,51349000,11:15:49.000,normal_quote,normal_move_fill,interval_vwap,10087.0,51350000.0,9919.0,51352000,11:15:52.000,hedged_exit,closed,10165.0,9955.0,78.0,-36.0,42.0,0.0,42.0,2000.6000000000001,0.0,39.0,0.0
20260303-AP605-0227,20260303,AP605,AP604,long,51355000,11:15:55.000,normal_quote,normal_move_fill,interval_vwap,10087.0,51356000.0,9919.0,51358000,11:15:58.000,hedged_exit,closed,10163.0,9954.0,76.0,-35.0,41.0,0.0,41.0,2000.6000000000001,0.0,39.0,0.0
20260303-AP605-0228,20260303,AP605,AP604,long,51361000,11:16:01.000,normal_quote,normal_move_fill,interval_vwap,10085.0,51362000.0,9920.0,51364000,11:16:04.000,hedged_exit,closed,10172.0,9962.0,87.0,-42.0,45.0,0.0,45.0,2000.5,0.0,40.0,0.0
20260303-AP605-0229,20260303,AP605,AP604,long,51367000,11:16:07.000,normal_quote,normal_move_fill,interval_vwap,10088.0,51368000.0,9920.0,51370000,11:16:10.000,hedged_exit,closed,10168.0,9960.0,80.0,-40.0,40.0,0.0,40.0,2000.8000000000002,0.0,38.0,0.0
20260303-AP605-0230,20260303,AP605,AP604,long,51373000,11:16:13.000,normal_quote,normal_move_fill,interval_vwap,10085.0,51374000.0,9920.0,51376000,11:16:16.000,hedged_exit,closed,10170.0,9960.0,85.0,-40.0,45.0,0.0,45.0,2000.5,0.0,42.0,0.0
20260303-AP605-0231,20260303,AP605,AP604,long,51379000,11:16:19.000,normal_quote,normal_move_fill,interval_vwap,10087.0,51380000.0,9908.0,51382000,11:16:22.000,hedged_exit,closed,10165.0,9958.0,78.0,-50.0,28.0,0.0,28.0,1999.5,0.0,26.0,0.0
20260303-AP605-0232,20260303,AP605,AP604,long,51385000,11:16:25.000,normal_quote,normal_move_fill,interval_vwap,10081.0,51386000.0,9905.0,51388000,11:16:28.000,hedged_exit,closed,10163.0,9953.0,82.0,-48.0,34.0,0.0,34.0,1998.6,0.0,32.0,0.0
20260303-AP605-0233,20260303,AP605,AP604,long,51391000,11:16:31.000,normal_quote,normal_move_fill,interval_vwap,10080.0,51392000.0,9908.0,51394000,11:16:34.000,hedged_exit,closed,10166.0,9958.0,86.0,-50.0,36.0,0.0,36.0,1998.8000000000002,0.0,34.0,0.0
20260303-AP605-0234,20260303,AP605,AP604,long,51397000,11:16:37.000,normal_quote,normal_move_fill,interval_vwap,10088.0,51398000.0,9918.0,51400000,11:16:40.000,hedged_exit,closed,10183.0,9960.0,95.0,-42.0,53.0,0.0,53.0,2000.6000000000001,0.0,48.0,0.0
20260303-AP605-0235,20260303,AP605,AP604,long,51403000,11:16:43.000,normal_quote,normal_move_fill,interval_vwap,10101.0,51404000.0,9935.0,51406000,11:16:46.000,hedged_exit,closed,10191.0,9960.0,90.0,-25.0,65.0,0.0,65.0,2003.6,0.0,63.0,0.0
20260303-AP605-0236,20260303,AP605,AP604,long,51409000,11:16:49.000,normal_quote,normal_move_fill,interval_vwap,10100.0,51410000.0,9931.0,51412000,11:16:52.000,hedged_exit,closed,10192.0,9960.0,92.0,-29.0,63.0,0.0,63.0,2003.1,0.0,59.0,0.0
20260303-AP605-0237,20260303,AP605,AP604,long,51415000,11:16:55.000,normal_quote,normal_move_fill,interval_vwap,10101.0,51416000.0,9930.0,51418000,11:16:58.000,hedged_exit,closed,10188.0,9960.0,87.0,-30.0,57.0,0.0,57.0,2003.1,0.0,55.0,0.0
20260303-AP605-0238,20260303,AP605,AP604,long,51421000,11:17:01.000,normal_quote,normal_move_fill,interval_vwap,10100.0,51422000.0,9930.0,51424000,11:17:04.000,hedged_exit,closed,10184.0,9960.0,84.0,-30.0,54.0,0.0,54.0,2003.0,0.0,52.0,0.0
20260303-AP605-0239,20260303,AP605,AP604,long,51427000,11:17:07.000,normal_quote,normal_move_fill,interval_vwap,10095.0,51428000.0,9917.0,51430000,11:17:10.000,hedged_exit,closed,10178.0,9959.0,83.0,-42.0,41.0,0.0,41.0,2001.2,0.0,39.0,0.0
20260303-AP605-0240,20260303,AP605,AP604,long,51434000,11:17:14.000,normal_quote,normal_move_fill,interval_vwap,10093.0,51435000.0,9916.0,51437000,11:17:17.000,hedged_exit,closed,10172.0,9953.0,79.0,-37.0,42.0,0.0,42.0,2000.9,0.0,37.0,0.0
20260303-AP605-0241,20260303,AP605,AP604,long,51440000,11:17:20.000,normal_quote,normal_move_fill,interval_vwap,10091.0,51441000.0,9911.0,51443000,11:17:23.000,hedged_exit,closed,10171.0,9954.0,80.0,-43.0,37.0,0.0,37.0,2000.2,0.0,34.0,0.0
20260303-AP605-0242,20260303,AP605,AP604,long,51446000,11:17:26.000,normal_quote,normal_move_fill,interval_vwap,10093.0,51447000.0,9908.0,51449000,11:17:29.000,hedged_exit,closed,10168.0,9951.0,75.0,-43.0,32.0,0.0,32.0,2000.1000000000001,0.0,30.0,0.0
20260303-AP605-0243,20260303,AP605,AP604,long,51452000,11:17:32.000,normal_quote,normal_move_fill,interval_vwap,10090.0,51453000.0,9915.0,51455000,11:17:35.000,hedged_exit,closed,10170.0,9954.0,80.0,-39.0,41.0,0.0,41.0,2000.5,0.0,37.0,0.0
20260303-AP605-0244,20260303,AP605,AP604,long,51458000,11:17:38.000,normal_quote,normal_move_fill,interval_vwap,10091.0,51459000.0,9916.0,51461000,11:17:41.000,hedged_exit,closed,10176.0,9954.0,85.0,-38.0,47.0,0.0,47.0,2000.7,0.0,45.0,0.0
20260303-AP605-0245,20260303,AP605,AP604,long,51464000,11:17:44.000,normal_quote,normal_move_fill,interval_vwap,10092.0,51465000.0,9918.0,51467000,11:17:47.000,hedged_exit,closed,10180.0,9954.0,88.0,-36.0,52.0,0.0,52.0,2001.0,0.0,50.0,0.0
20260303-AP605-0246,20260303,AP605,AP604,long,51470000,11:17:50.000,normal_quote,normal_move_fill,interval_vwap,10097.0,51471000.0,9921.0,51473000,11:17:53.000,hedged_exit,closed,10180.0,9954.0,83.0,-33.0,50.0,0.0,50.0,2001.8000000000002,0.0,48.0,0.0
20260303-AP605-0247,20260303,AP605,AP604,long,51476000,11:17:56.000,normal_quote,normal_move_fill,interval_vwap,10098.0,51477000.0,9922.0,51479000,11:17:59.000,hedged_exit,closed,10182.0,9954.0,84.0,-32.0,52.0,0.0,52.0,2002.0,0.0,50.0,0.0
20260303-AP605-0248,20260303,AP605,AP604,long,51482000,11:18:02.000,normal_quote,normal_move_fill,interval_vwap,10093.0,51483000.0,9912.0,51485000,11:18:05.000,hedged_exit,closed,10168.0,9951.0,75.0,-39.0,36.0,0.0,36.0,2000.5,0.0,34.0,0.0
20260303-AP605-0249,20260303,AP605,AP604,long,51488000,11:18:08.000,normal_quote,normal_move_fill,interval_vwap,10089.0,51489000.0,9912.0,51491000,11:18:11.000,hedged_exit,closed,10178.0,9954.0,89.0,-42.0,47.0,0.0,47.0,2000.1000000000001,0.0,42.0,0.0
20260303-AP605-0250,20260303,AP605,AP604,long,51495000,11:18:15.000,normal_quote,normal_move_fill,interval_vwap,10099.0,51496000.0,9936.0,51498000,11:18:18.000,hedged_exit,closed,10195.0,9960.0,96.0,-24.0,72.0,0.0,72.0,2003.5,0.0,70.0,0.0
20260303-AP605-0251,20260303,AP605,AP604,long,51501000,11:18:21.000,normal_quote,normal_move_fill,interval_vwap,10108.0,51502000.0,9936.0,51504000,11:18:24.000,hedged_exit,closed,10199.0,9960.0,91.0,-24.0,67.0,0.0,67.0,2004.4,0.0,63.0,0.0
20260303-AP605-0252,20260303,AP605,AP604,long,51507000,11:18:27.000,normal_quote,normal_move_fill,interval_vwap,10111.0,51508000.0,9943.0,51510000,11:18:30.000,hedged_exit,closed,10205.0,9960.0,94.0,-17.0,77.0,0.0,77.0,2005.4,0.0,70.0,0.0
20260303-AP605-0253,20260303,AP605,AP604,long,51513000,11:18:33.000,normal_quote,normal_move_fill,interval_vwap,10107.0,51514000.0,9940.0,51516000,11:18:36.000,hedged_exit,closed,10201.0,9958.0,94.0,-18.0,76.0,0.0,76.0,2004.7,0.0,72.0,0.0
20260303-AP605-0254,20260303,AP605,AP604,long,51519000,11:18:39.000,normal_quote,normal_move_fill,interval_vwap,10104.0,51520000.0,9933.0,51522000,11:18:42.000,hedged_exit,closed,10199.0,9960.0,95.0,-27.0,68.0,0.0,68.0,2003.7000000000003,0.0,66.0,0.0
20260303-AP605-0255,20260303,AP605,AP604,long,51525000,11:18:45.000,normal_quote,normal_move_fill,interval_vwap,10106.0,51526000.0,9931.0,51528000,11:18:48.000,hedged_exit,closed,10198.0,9972.0,92.0,-41.0,51.0,0.0,51.0,2003.7,0.0,46.0,0.0
20260303-AP605-0256,20260303,AP605,AP604,long,51531000,11:18:51.000,normal_quote,normal_move_fill,interval_vwap,10106.0,51532000.0,9931.0,51534000,11:18:54.000,hedged_exit,closed,10193.0,9965.0,87.0,-34.0,53.0,0.0,53.0,2003.7,0.0,51.0,0.0
20260303-AP605-0257,20260303,AP605,AP604,long,51537000,11:18:57.000,normal_quote,normal_move_fill,interval_vwap,10102.0,51538000.0,9920.0,51540000,11:19:00.000,hedged_exit,closed,10183.0,9954.0,81.0,-34.0,47.0,0.0,47.0,2002.2,0.0,43.0,0.0
20260303-AP605-0258,20260303,AP605,AP604,long,51543000,11:19:03.000,normal_quote,normal_move_fill,interval_vwap,10096.0,51544000.0,9925.0,51546000,11:19:06.000,hedged_exit,closed,10188.0,9960.0,92.0,-35.0,57.0,0.0,57.0,2002.1,0.0,55.0,0.0
20260303-AP605-0259,20260303,AP605,AP604,long,51549000,11:19:09.000,normal_quote,normal_move_fill,interval_vwap,10099.0,51550000.0,9921.0,51552000,11:19:12.000,hedged_exit,closed,10184.0,9958.0,85.0,-37.0,48.0,0.0,48.0,2002.0,0.0,44.0,0.0
20260303-AP605-0260,20260303,AP605,AP604,long,51555000,11:19:15.000,normal_quote,normal_move_fill,interval_vwap,10099.0,51556000.0,9925.0,51558000,11:19:18.000,hedged_exit,closed,10192.0,9964.0,93.0,-39.0,54.0,0.0,54.0,2002.4,0.0,51.0,0.0
20260303-AP605-0261,20260303,AP605,AP604,long,51561000,11:19:21.000,normal_quote,normal_move_fill,interval_vwap,10105.0,51562000.0,9934.0,51564000,11:19:24.000,hedged_exit,closed,10200.0,9972.0,95.0,-38.0,57.0,0.0,57.0,2003.9,0.0,54.0,0.0
20260303-AP605-0262,20260303,AP605,AP604,long,51567000,11:19:27.000,normal_quote,normal_move_fill,interval_vwap,10111.0,51568000.0,9939.0,51570000,11:19:30.000,hedged_exit,closed,10196.0,9967.0,85.0,-28.0,57.0,0.0,57.0,2005.0,0.0,55.0,0.0
20260303-AP605-0263,20260303,AP605,AP604,long,51573000,11:19:33.000,normal_quote,normal_move_fill,interval_vwap,10108.0,51574000.0,9935.0,51576000,11:19:36.000,hedged_exit,closed,10196.0,9967.0,88.0,-32.0,56.0,0.0,56.0,2004.3000000000002,0.0,54.0,0.0
20260303-AP605-0264,20260303,AP605,AP604,long,51579000,11:19:39.000,normal_quote,normal_move_fill,interval_vwap,10111.0,51580000.0,9944.0,51582000,11:19:42.000,hedged_exit,closed,10200.0,9967.0,89.0,-23.0,66.0,0.0,66.0,2005.5,0.0,64.0,0.0
20260303-AP605-0265,20260303,AP605,AP604,long,51585000,11:19:45.000,normal_quote,normal_move_fill,interval_vwap,10109.0,51586000.0,9936.0,51588000,11:19:48.000,hedged_exit,closed,10197.0,9967.0,88.0,-31.0,57.0,0.0,57.0,2004.5,0.0,55.0,0.0
20260303-AP605-0266,20260303,AP605,AP604,long,51591000,11:19:51.000,normal_quote,normal_move_fill,interval_vwap,10110.0,51592000.0,9941.0,51594000,11:19:54.000,hedged_exit,closed,10203.0,9967.0,93.0,-26.0,67.0,0.0,67.0,2005.1,0.0,64.0,0.0
20260303-AP605-0267,20260303,AP605,AP604,long,51597000,11:19:57.000,normal_quote,normal_move_fill,interval_vwap,10112.0,51598000.0,9936.0,51600000,11:20:00.000,hedged_exit,closed,10196.0,9967.0,84.0,-31.0,53.0,0.0,53.0,2004.8000000000002,0.0,51.0,0.0
20260303-AP605-0268,20260303,AP605,AP604,long,51604000,11:20:04.000,normal_quote,normal_move_fill,interval_vwap,10112.0,51605000.0,9929.0,51607000,11:20:07.000,hedged_exit,closed,10186.0,9959.0,74.0,-30.0,44.0,0.0,44.0,2004.1000000000001,0.0,42.0,0.0
20260303-AP605-0269,20260303,AP605,AP604,long,51610000,11:20:10.000,normal_quote,normal_move_fill,interval_vwap,10104.0,51611000.0,9925.0,51613000,11:20:13.000,hedged_exit,closed,10191.0,9962.0,87.0,-37.0,50.0,0.0,50.0,2002.9,0.0,44.0,0.0
20260303-AP605-0270,20260303,AP605,AP604,long,51616000,11:20:16.000,normal_quote,normal_move_fill,interval_vwap,10103.0,51617000.0,9927.0,51619000,11:20:19.000,hedged_exit,closed,10189.0,9963.0,86.0,-36.0,50.0,0.0,50.0,2003.0,0.0,48.0,0.0
20260303-AP605-0271,20260303,AP605,AP604,long,51622000,11:20:22.000,normal_quote,normal_move_fill,interval_vwap,10105.0,51623000.0,9925.0,51625000,11:20:25.000,hedged_exit,closed,10182.0,9955.0,77.0,-30.0,47.0,0.0,47.0,2003.0,0.0,45.0,0.0
20260303-AP605-0272,20260303,AP605,AP604,long,51628000,11:20:28.000,normal_quote,normal_move_fill,interval_vwap,10105.0,51629000.0,9927.0,51631000,11:20:31.000,hedged_exit,closed,10182.0,9955.0,77.0,-28.0,49.0,0.0,49.0,2003.2,0.0,47.0,0.0
20260303-AP605-0273,20260303,AP605,AP604,long,51634000,11:20:34.000,normal_quote,normal_move_fill,interval_vwap,10099.0,51635000.0,9921.0,51637000,11:20:37.000,hedged_exit,closed,10181.0,9951.0,82.0,-30.0,52.0,0.0,52.0,2002.0,0.0,48.0,0.0
20260303-AP605-0274,20260303,AP605,AP604,long,51640000,11:20:40.000,normal_quote,normal_move_fill,interval_vwap,10099.0,51641000.0,9921.0,51643000,11:20:43.000,hedged_exit,closed,10178.0,9949.0,79.0,-28.0,51.0,0.0,51.0,2002.0,0.0,49.0,0.0
20260303-AP605-0275,20260303,AP605,AP604,long,51646000,11:20:46.000,normal_quote,normal_move_fill,interval_vwap,10097.0,51647000.0,9917.0,51649000,11:20:49.000,hedged_exit,closed,10178.0,9950.0,81.0,-33.0,48.0,0.0,48.0,2001.4,0.0,46.0,0.0
20260303-AP605-0276,20260303,AP605,AP604,long,51652000,11:20:52.000,normal_quote,normal_move_fill,interval_vwap,10098.0,51653000.0,9922.0,51655000,11:20:55.000,hedged_exit,closed,10182.0,9955.0,84.0,-33.0,51.0,0.0,51.0,2002.0,0.0,49.0,0.0
20260303-AP605-0277,20260303,AP605,AP604,long,51658000,11:20:58.000,normal_quote,normal_move_fill,interval_vwap,10100.0,51659000.0,9920.0,51661000,11:21:01.000,hedged_exit,closed,10177.0,9951.0,77.0,-31.0,46.0,0.0,46.0,2002.0,0.0,44.0,0.0
20260303-AP605-0278,20260303,AP605,AP604,long,51664000,11:21:04.000,normal_quote,normal_move_fill,interval_vwap,10101.0,51665000.0,9920.0,51667000,11:21:07.000,hedged_exit,closed,10186.0,9959.0,85.0,-39.0,46.0,0.0,46.0,2002.1,0.0,44.0,0.0
20260303-AP605-0279,20260303,AP605,AP604,long,51670000,11:21:10.000,normal_quote,normal_move_fill,interval_vwap,10103.0,51671000.0,9923.0,51673000,11:21:13.000,hedged_exit,closed,10191.0,9962.0,88.0,-39.0,49.0,0.0,49.0,2002.6000000000001,0.0,47.0,0.0
20260303-AP605-0280,20260303,AP605,AP604,long,51676000,11:21:16.000,normal_quote,normal_move_fill,interval_vwap,10110.0,51677000.0,9934.0,51679000,11:21:19.000,hedged_exit,closed,10196.0,9967.0,86.0,-33.0,53.0,0.0,53.0,2004.4,0.0,51.0,0.0
20260303-AP605-0281,20260303,AP605,AP604,long,51682000,11:21:22.000,normal_quote,normal_move_fill,interval_vwap,10118.0,51683000.0,9942.0,51685000,11:21:25.000,hedged_exit,closed,10197.0,9967.0,79.0,-25.0,54.0,0.0,54.0,2006.0,0.0,52.0,0.0
20260303-AP605-0282,20260303,AP605,AP604,long,51688000,11:21:28.000,normal_quote,normal_move_fill,interval_vwap,10121.0,51689000.0,9943.0,51691000,11:21:31.000,hedged_exit,closed,10202.0,9967.0,81.0,-24.0,57.0,0.0,57.0,2006.4,0.0,55.0,0.0
20260303-AP605-0283,20260303,AP605,AP604,long,51694000,11:21:34.000,normal_quote,normal_move_fill,interval_vwap,10121.0,51695000.0,9943.0,51697000,11:21:37.000,hedged_exit,closed,10204.0,9967.0,83.0,-24.0,59.0,0.0,59.0,2006.4,0.0,57.0,0.0
20260303-AP605-0284,20260303,AP605,AP604,long,51700000,11:21:40.000,normal_quote,normal_move_fill,interval_vwap,10118.0,51701000.0,9944.0,51703000,11:21:43.000,hedged_exit,closed,10202.0,9967.0,84.0,-23.0,61.0,0.0,61.0,2006.2000000000003,0.0,59.0,0.0
20260303-AP605-0285,20260303,AP605,AP604,long,51706000,11:21:46.000,normal_quote,normal_move_fill,interval_vwap,10119.0,51707000.0,9942.0,51709000,11:21:49.000,hedged_exit,closed,10202.0,9967.0,83.0,-25.0,58.0,0.0,58.0,2006.1000000000001,0.0,56.0,0.0
20260303-AP605-0286,20260303,AP605,AP604,long,51712000,11:21:52.000,normal_quote,normal_move_fill,interval_vwap,10118.0,51713000.0,9944.0,51715000,11:21:55.000,hedged_exit,closed,10206.0,9967.0,88.0,-23.0,65.0,0.0,65.0,2006.2000000000003,0.0,63.0,0.0
20260303-AP605-0287,20260303,AP605,AP604,long,51718000,11:21:58.000,normal_quote,normal_move_fill,interval_vwap,10125.0,51719000.0,9956.0,51721000,11:22:01.000,hedged_exit,closed,10219.0,9989.0,94.0,-33.0,61.0,0.0,61.0,2008.1,0.0,57.0,0.0
20260303-AP605-0288,20260303,AP605,AP604,long,51724000,11:22:04.000,normal_quote,normal_move_fill,interval_vwap,10137.0,51725000.0,9965.0,51727000,11:22:07.000,hedged_exit,closed,10226.0,9992.0,89.0,-27.0,62.0,0.0,62.0,2010.2,0.0,60.0,0.0
20260303-AP605-0289,20260303,AP605,AP604,long,51731000,11:22:11.000,normal_quote,normal_move_fill,interval_vwap,10144.0,51732000.0,9965.0,51734000,11:22:14.000,hedged_exit,closed,10224.0,9991.0,80.0,-26.0,54.0,0.0,54.0,2010.9,0.0,51.0,0.0
20260303-AP605-0290,20260303,AP605,AP604,long,51737000,11:22:17.000,normal_quote,normal_move_fill,interval_vwap,10139.0,51738000.0,9961.0,51740000,11:22:20.000,hedged_exit,closed,10225.0,9990.0,86.0,-29.0,57.0,0.0,57.0,2010.0,0.0,55.0,0.0
20260303-AP605-0291,20260303,AP605,AP604,long,51743000,11:22:23.000,normal_quote,normal_move_fill,interval_vwap,10141.0,51744000.0,9968.0,51746000,11:22:26.000,hedged_exit,closed,10232.0,9996.0,91.0,-28.0,63.0,0.0,63.0,2010.9,0.0,60.0,0.0
20260303-AP605-0292,20260303,AP605,AP604,long,51749000,11:22:29.000,normal_quote,normal_move_fill,interval_vwap,10149.0,51750000.0,9970.0,51752000,11:22:32.000,hedged_exit,closed,10229.0,9996.0,80.0,-26.0,54.0,0.0,54.0,2011.9,0.0,52.0,0.0
20260303-AP605-0293,20260303,AP605,AP604,long,51755000,11:22:35.000,normal_quote,normal_move_fill,interval_vwap,10139.0,51756000.0,9963.0,51758000,11:22:38.000,hedged_exit,closed,10229.0,9995.0,90.0,-32.0,58.0,0.0,58.0,2010.2000000000003,0.0,56.0,0.0
20260303-AP605-0294,20260303,AP605,AP604,long,51761000,11:22:41.000,normal_quote,normal_move_fill,interval_vwap,10148.0,51762000.0,9967.0,51764000,11:22:44.000,hedged_exit,closed,10229.0,9993.0,81.0,-26.0,55.0,0.0,55.0,2011.5,0.0,53.0,0.0
20260303-AP605-0295,20260303,AP605,AP604,long,51767000,11:22:47.000,normal_quote,normal_move_fill,interval_vwap,10145.0,51768000.0,9966.0,51770000,11:22:50.000,hedged_exit,closed,10232.0,9996.0,87.0,-30.0,57.0,0.0,57.0,2011.1,0.0,54.0,0.0
20260303-AP605-0296,20260303,AP605,AP604,long,51773000,11:22:53.000,normal_quote,normal_move_fill,interval_vwap,10147.0,51774000.0,9968.0,51776000,11:22:56.000,hedged_exit,closed,10231.0,9995.0,84.0,-27.0,57.0,0.0,57.0,2011.5,0.0,54.0,0.0
20260303-AP605-0297,20260303,AP605,AP604,long,51779000,11:22:59.000,normal_quote,normal_move_fill,interval_vwap,10145.0,51780000.0,9969.0,51782000,11:23:02.000,hedged_exit,closed,10234.0,9998.0,89.0,-29.0,60.0,0.0,60.0,2011.4,0.0,58.0,0.0
20260303-AP605-0298,20260303,AP605,AP604,long,51785000,11:23:05.000,normal_quote,normal_move_fill,interval_vwap,10143.0,51786000.0,9966.0,51788000,11:23:08.000,hedged_exit,closed,10230.0,9994.0,87.0,-28.0,59.0,0.0,59.0,2010.9,0.0,56.0,0.0
20260303-AP605-0299,20260303,AP605,AP604,long,51791000,11:23:11.000,normal_quote,normal_move_fill,interval_vwap,10144.0,51792000.0,9966.0,51794000,11:23:14.000,hedged_exit,closed,10229.0,9993.0,85.0,-27.0,58.0,0.0,58.0,2011.0,0.0,54.0,0.0
20260303-AP605-0300,20260303,AP605,AP604,long,51797000,11:23:17.000,normal_quote,normal_move_fill,interval_vwap,10135.0,51798000.0,9967.0,51800000,11:23:20.000,hedged_exit,closed,10226.0,9992.0,91.0,-25.0,66.0,0.0,66.0,2010.2,0.0,64.0,0.0
20260303-AP605-0301,20260303,AP605,AP604,long,51803000,11:23:23.000,normal_quote,normal_move_fill,interval_vwap,10135.0,51804000.0,9963.0,51806000,11:23:26.000,hedged_exit,closed,10228.0,9992.0,93.0,-29.0,64.0,0.0,64.0,2009.8000000000002,0.0,61.0,0.0
20260303-AP605-0302,20260303,AP605,AP604,long,51809000,11:23:29.000,normal_quote,normal_move_fill,interval_vwap,10139.0,51810000.0,9970.0,51812000,11:23:32.000,hedged_exit,closed,10230.0,9995.0,91.0,-25.0,66.0,0.0,66.0,2010.9,0.0,63.0,0.0
20260303-AP605-0303,20260303,AP605,AP604,long,51815000,11:23:35.000,normal_quote,normal_move_fill,interval_vwap,10137.0,51816000.0,9969.0,51818000,11:23:38.000,hedged_exit,closed,10222.0,9988.0,85.0,-19.0,66.0,0.0,66.0,2010.6000000000001,0.0,64.0,0.0
20260303-AP605-0304,20260303,AP605,AP604,long,51821000,11:23:41.000,normal_quote,normal_move_fill,interval_vwap,10138.0,51822000.0,9969.0,51824000,11:23:44.000,hedged_exit,closed,10217.0,9983.0,79.0,-14.0,65.0,0.0,65.0,2010.7000000000003,0.0,63.0,0.0
20260303-AP605-0305,20260303,AP605,AP604,long,51827000,11:23:47.000,normal_quote,normal_move_fill,interval_vwap,10133.0,51828000.0,9969.0,51830000,11:23:50.000,hedged_exit,closed,10217.0,9984.0,84.0,-15.0,69.0,0.0,69.0,2010.2000000000003,0.0,66.0,0.0
20260303-AP605-0306,20260303,AP605,AP604,long,51833000,11:23:53.000,normal_quote,normal_move_fill,interval_vwap,10139.0,51834000.0,9970.0,51836000,11:23:56.000,hedged_exit,closed,10229.0,9993.0,90.0,-23.0,67.0,0.0,67.0,2010.9,0.0,65.0,0.0
20260303-AP605-0307,20260303,AP605,AP604,long,51839000,11:23:59.000,normal_quote,normal_move_fill,interval_vwap,10137.0,51840000.0,9970.0,51842000,11:24:02.000,hedged_exit,closed,10217.0,9984.0,80.0,-14.0,66.0,0.0,66.0,2010.7,0.0,63.0,0.0
20260303-AP605-0308,20260303,AP605,AP604,long,51845000,11:24:05.000,normal_quote,normal_move_fill,interval_vwap,10128.0,51846000.0,9969.0,51848000,11:24:08.000,hedged_exit,closed,10219.0,9984.0,91.0,-15.0,76.0,0.0,76.0,2009.7000000000003,0.0,73.0,0.0
20260303-AP605-0309,20260303,AP605,AP604,long,51851000,11:24:11.000,normal_quote,normal_move_fill,interval_vwap,10136.0,51852000.0,9969.0,51854000,11:24:14.000,hedged_exit,closed,10217.0,9982.0,81.0,-13.0,68.0,0.0,68.0,2010.5,0.0,65.0,0.0
20260303-AP605-0310,20260303,AP605,AP604,long,51858000,11:24:18.000,normal_quote,normal_move_fill,interval_vwap,10134.0,51859000.0,9969.0,51861000,11:24:21.000,hedged_exit,closed,10224.0,9990.0,90.0,-21.0,69.0,0.0,69.0,2010.3000000000002,0.0,67.0,0.0
20260303-AP605-0311,20260303,AP605,AP604,long,51864000,11:24:24.000,normal_quote,normal_move_fill,interval_vwap,10141.0,51865000.0,9971.0,51867000,11:24:27.000,hedged_exit,closed,10230.0,9996.0,89.0,-25.0,64.0,0.0,64.0,2011.2,0.0,62.0,0.0
20260303-AP605-0312,20260303,AP605,AP604,long,51870000,11:24:30.000,normal_quote,normal_move_fill,interval_vwap,10141.0,51871000.0,9969.0,51873000,11:24:33.000,hedged_exit,closed,10231.0,9996.0,90.0,-27.0,63.0,0.0,63.0,2011.0,0.0,61.0,0.0
20260303-AP605-0313,20260303,AP605,AP604,long,51876000,11:24:36.000,normal_quote,normal_move_fill,interval_vwap,10140.0,51877000.0,9969.0,51879000,11:24:39.000,hedged_exit,closed,10228.0,9992.0,88.0,-23.0,65.0,0.0,65.0,2010.9,0.0,62.0,0.0
20260303-AP605-0314,20260303,AP605,AP604,long,51882000,11:24:42.000,normal_quote,normal_move_fill,interval_vwap,10139.0,51883000.0,9969.0,51885000,11:24:45.000,hedged_exit,closed,10237.0,9998.0,98.0,-29.0,69.0,0.0,69.0,2010.8000000000002,0.0,64.0,0.0
20260303-AP605-0315,20260303,AP605,AP604,long,51888000,11:24:48.000,normal_quote,normal_move_fill,interval_vwap,10147.0,51889000.0,9975.0,51891000,11:24:51.000,hedged_exit,closed,10243.0,9998.0,96.0,-23.0,73.0,0.0,73.0,2012.2,0.0,71.0,0.0
20260303-AP605-0316,20260303,AP605,AP604,long,51894000,11:24:54.000,normal_quote,normal_move_fill,interval_vwap,10145.0,51895000.0,9974.0,51897000,11:24:57.000,hedged_exit,closed,10237.0,9998.0,92.0,-24.0,68.0,0.0,68.0,2011.9,0.0,66.0,0.0
20260303-AP605-0317,20260303,AP605,AP604,long,51900000,11:25:00.000,normal_quote,normal_move_fill,interval_vwap,10142.0,51901000.0,9975.0,51903000,11:25:03.000,hedged_exit,closed,10239.0,9998.0,97.0,-23.0,74.0,0.0,74.0,2011.7,0.0,72.0,0.0
20260303-AP605-0318,20260303,AP605,AP604,long,51906000,11:25:06.000,normal_quote,normal_move_fill,interval_vwap,10143.0,51907000.0,9974.0,51909000,11:25:09.000,hedged_exit,closed,10239.0,9998.0,96.0,-24.0,72.0,0.0,72.0,2011.7000000000003,0.0,70.0,0.0
20260303-AP605-0319,20260303,AP605,AP604,long,51912000,11:25:12.000,normal_quote,normal_move_fill,interval_vwap,10145.0,51913000.0,9977.0,51915000,11:25:15.000,hedged_exit,closed,10239.0,9998.0,94.0,-21.0,73.0,0.0,73.0,2012.2,0.0,71.0,0.0
20260303-AP605-0320,20260303,AP605,AP604,long,51918000,11:25:18.000,normal_quote,normal_move_fill,interval_vwap,10144.0,51919000.0,9973.0,51921000,11:25:21.000,hedged_exit,closed,10237.0,9998.0,93.0,-25.0,68.0,0.0,68.0,2011.7000000000003,0.0,63.0,0.0
20260303-AP605-0321,20260303,AP605,AP604,long,51924000,11:25:24.000,normal_quote,normal_move_fill,interval_vwap,10146.0,51925000.0,9978.0,51927000,11:25:27.000,hedged_exit,closed,10241.0,9998.0,95.0,-20.0,75.0,0.0,75.0,2012.4,0.0,73.0,0.0
20260303-AP605-0322,20260303,AP605,AP604,long,51930000,11:25:30.000,normal_quote,normal_move_fill,interval_vwap,10146.0,51931000.0,9975.0,51933000,11:25:33.000,hedged_exit,closed,10237.0,9998.0,91.0,-23.0,68.0,0.0,68.0,2012.1,0.0,66.0,0.0
20260303-AP605-0323,20260303,AP605,AP604,long,51936000,11:25:36.000,normal_quote,normal_move_fill,interval_vwap,10145.0,51937000.0,9974.0,51939000,11:25:39.000,hedged_exit,closed,10236.0,9998.0,91.0,-24.0,67.0,0.0,67.0,2011.9,0.0,65.0,0.0
20260303-AP605-0324,20260303,AP605,AP604,long,51942000,11:25:42.000,normal_quote,normal_move_fill,interval_vwap,10148.0,51943000.0,9978.0,51945000,11:25:45.000,hedged_exit,closed,10239.0,9998.0,91.0,-20.0,71.0,0.0,71.0,2012.6000000000001,0.0,69.0,0.0
20260303-AP605-0325,20260303,AP605,AP604,long,51948000,11:25:48.000,normal_quote,normal_move_fill,interval_vwap,10148.0,51949000.0,9976.0,51951000,11:25:51.000,hedged_exit,closed,10238.0,9998.0,90.0,-22.0,68.0,0.0,68.0,2012.4,0.0,66.0,0.0
20260303-AP605-0326,20260303,AP605,AP604,long,51954000,11:25:54.000,normal_quote,normal_move_fill,interval_vwap,10149.0,51955000.0,9977.0,51957000,11:25:57.000,hedged_exit,closed,10243.0,9998.0,94.0,-21.0,73.0,0.0,73.0,2012.6000000000001,0.0,71.0,0.0
20260303-AP605-0327,20260303,AP605,AP604,long,51960000,11:26:00.000,normal_quote,normal_move_fill,interval_vwap,10152.0,51961000.0,9982.0,51963000,11:26:03.000,hedged_exit,closed,10249.0,9998.0,97.0,-16.0,81.0,0.0,81.0,2013.4,0.0,78.0,0.0
20260303-AP605-0328,20260303,AP605,AP604,long,51966000,11:26:06.000,normal_quote,normal_move_fill,interval_vwap,10157.0,51967000.0,10000.0,51969000,11:26:09.000,hedged_exit,closed,10265.0,10020.0,108.0,-20.0,88.0,0.0,88.0,2015.7,0.0,86.0,0.0
20260303-AP605-0329,20260303,AP605,AP604,long,51972000,11:26:12.000,normal_quote,normal_move_fill,interval_vwap,10180.0,51973000.0,10003.0,51975000,11:26:15.000,hedged_exit,closed,10267.0,10020.0,87.0,-17.0,70.0,0.0,70.0,2018.3000000000002,0.0,66.0,0.0
20260303-AP605-0330,20260303,AP605,AP604,long,51978000,11:26:18.000,normal_quote,normal_move_fill,interval_vwap,10182.0,51979000.0,10007.0,51981000,11:26:21.000,hedged_exit,closed,10268.0,10020.0,86.0,-13.0,73.0,0.0,73.0,2018.9,0.0,71.0,0.0
20260303-AP605-0331,20260303,AP605,AP604,long,51984000,11:26:24.000,normal_quote,normal_move_fill,interval_vwap,10171.0,51985000.0,10002.0,51987000,11:26:27.000,hedged_exit,closed,10265.0,10020.0,94.0,-18.0,76.0,0.0,76.0,2017.3000000000002,0.0,74.0,0.0
20260303-AP605-0332,20260303,AP605,AP604,long,51991000,11:26:31.000,normal_quote,normal_move_fill,interval_vwap,10178.0,51992000.0,9992.0,51994000,11:26:34.000,hedged_exit,closed,10259.0,10020.0,81.0,-28.0,53.0,0.0,53.0,2017.0,0.0,50.0,0.0
20260303-AP605-0333,20260303,AP605,AP604,long,51997000,11:26:37.000,normal_quote,normal_move_fill,interval_vwap,10176.0,51998000.0,10000.0,52000000,11:26:40.000,hedged_exit,closed,10267.0,10020.0,91.0,-20.0,71.0,0.0,71.0,2017.6,0.0,67.0,0.0
20260303-AP605-0334,20260303,AP605,AP604,long,52003000,11:26:43.000,normal_quote,normal_move_fill,interval_vwap,10171.0,52004000.0,10000.0,52006000,11:26:46.000,hedged_exit,closed,10263.0,10020.0,92.0,-20.0,72.0,0.0,72.0,2017.1,0.0,70.0,0.0
20260303-AP605-0335,20260303,AP605,AP604,long,52009000,11:26:49.000,normal_quote,normal_move_fill,interval_vwap,10182.0,52010000.0,10000.0,52012000,11:26:52.000,hedged_exit,closed,10261.0,10018.0,79.0,-18.0,61.0,0.0,61.0,2018.2,0.0,59.0,0.0
20260303-AP605-0336,20260303,AP605,AP604,long,52015000,11:26:55.000,normal_quote,normal_move_fill,interval_vwap,10176.0,52016000.0,9999.0,52018000,11:26:58.000,hedged_exit,closed,10263.0,10019.0,87.0,-20.0,67.0,0.0,67.0,2017.5,0.0,65.0,0.0
20260303-AP605-0337,20260303,AP605,AP604,long,52021000,11:27:01.000,normal_quote,normal_move_fill,interval_vwap,10184.0,52022000.0,10009.0,52024000,11:27:04.000,hedged_exit,closed,10269.0,10020.0,85.0,-11.0,74.0,0.0,74.0,2019.3000000000002,0.0,72.0,0.0
20260303-AP605-0338,20260303,AP605,AP604,long,52027000,11:27:07.000,normal_quote,normal_move_fill,interval_vwap,10175.0,52028000.0,10013.0,52030000,11:27:10.000,hedged_exit,closed,10275.0,10020.0,100.0,-7.0,93.0,0.0,93.0,2018.8000000000002,0.0,91.0,0.0
20260303-AP605-0339,20260303,AP605,AP604,long,52033000,11:27:13.000,normal_quote,normal_move_fill,interval_vwap,10173.0,52034000.0,10012.0,52036000,11:27:16.000,hedged_exit,closed,10272.0,10020.0,99.0,-8.0,91.0,0.0,91.0,2018.5,0.0,89.0,0.0
20260303-AP605-0340,20260303,AP605,AP604,long,52039000,11:27:19.000,normal_quote,normal_move_fill,interval_vwap,10175.0,52040000.0,10015.0,52042000,11:27:22.000,hedged_exit,closed,10286.0,10042.0,111.0,-27.0,84.0,0.0,84.0,2019.0,0.0,82.0,0.0
20260303-AP605-0341,20260303,AP605,AP604,long,52045000,11:27:25.000,normal_quote,normal_move_fill,interval_vwap,10192.0,52046000.0,10017.0,52048000,11:27:28.000,hedged_exit,closed,10291.0,10046.0,99.0,-29.0,70.0,0.0,70.0,2020.9,0.0,68.0,0.0
20260303-AP605-0342,20260303,AP605,AP604,long,52051000,11:27:31.000,normal_quote,normal_move_fill,interval_vwap,10203.0,52052000.0,10010.0,52054000,11:27:34.000,hedged_exit,closed,10297.0,10052.0,94.0,-42.0,52.0,0.0,52.0,2021.3000000000002,0.0,49.0,0.0
20260303-AP605-0343,20260303,AP605,AP604,long,52057000,11:27:37.000,normal_quote,normal_move_fill,interval_vwap,10215.0,52058000.0,10026.0,52060000,11:27:40.000,hedged_exit,closed,10296.0,10054.0,81.0,-28.0,53.0,0.0,53.0,2024.1,0.0,51.0,0.0
20260303-AP605-0344,20260303,AP605,AP604,long,52063000,11:27:43.000,normal_quote,normal_move_fill,interval_vwap,10201.0,52064000.0,10029.0,52066000,11:27:46.000,hedged_exit,closed,10303.0,10058.0,102.0,-29.0,73.0,0.0,73.0,2023.0,0.0,70.0,0.0
20260303-AP605-0345,20260303,AP605,AP604,long,52069000,11:27:49.000,normal_quote,normal_move_fill,interval_vwap,10218.0,52070000.0,10033.0,52072000,11:27:52.000,hedged_exit,closed,10306.0,10062.0,88.0,-29.0,59.0,0.0,59.0,2025.1000000000001,0.0,57.0,0.0
20260303-AP605-0346,20260303,AP605,AP604,long,52075000,11:27:55.000,normal_quote,normal_move_fill,interval_vwap,10224.0,52076000.0,10029.0,52078000,11:27:58.000,hedged_exit,closed,10293.0,10051.0,69.0,-22.0,47.0,0.0,47.0,2025.3000000000002,0.0,45.0,0.0
20260303-AP605-0347,20260303,AP605,AP604,long,52081000,11:28:01.000,normal_quote,normal_move_fill,interval_vwap,10207.0,52082000.0,10022.0,52084000,11:28:04.000,hedged_exit,closed,10293.0,10044.0,86.0,-22.0,64.0,0.0,64.0,2022.9,0.0,60.0,0.0
20260303-AP605-0348,20260303,AP605,AP604,long,52087000,11:28:07.000,normal_quote,normal_move_fill,interval_vwap,10206.0,52088000.0,10012.0,52090000,11:28:10.000,hedged_exit,closed,10280.0,10031.0,74.0,-19.0,55.0,0.0,55.0,2021.8000000000002,0.0,53.0,0.0
20260303-AP605-0349,20260303,AP605,AP604,long,52093000,11:28:13.000,normal_quote,normal_move_fill,interval_vwap,10192.0,52094000.0,10005.0,52096000,11:28:16.000,hedged_exit,closed,10277.0,10028.0,85.0,-23.0,62.0,0.0,62.0,2019.7,0.0,59.0,0.0
20260303-AP605-0350,20260303,AP605,AP604,long,52099000,11:28:19.000,normal_quote,normal_move_fill,interval_vwap,10183.0,52100000.0,10007.0,52102000,11:28:22.000,hedged_exit,closed,10278.0,10031.0,95.0,-24.0,71.0,0.0,71.0,2019.0,0.0,69.0,0.0
20260303-AP605-0351,20260303,AP605,AP604,long,52105000,11:28:25.000,normal_quote,normal_move_fill,interval_vwap,10195.0,52106000.0,10007.0,52108000,11:28:28.000,hedged_exit,closed,10281.0,10032.0,86.0,-25.0,61.0,0.0,61.0,2020.2,0.0,59.0,0.0
20260303-AP605-0352,20260303,AP605,AP604,long,52111000,11:28:31.000,normal_quote,normal_move_fill,interval_vwap,10196.0,52112000.0,10009.0,52114000,11:28:34.000,hedged_exit,closed,10279.0,10029.0,83.0,-20.0,63.0,0.0,63.0,2020.5,0.0,61.0,0.0
20260303-AP605-0353,20260303,AP605,AP604,long,52117000,11:28:37.000,normal_quote,normal_move_fill,interval_vwap,10194.0,52118000.0,10007.0,52120000,11:28:40.000,hedged_exit,closed,10277.0,10028.0,83.0,-21.0,62.0,0.0,62.0,2020.1000000000001,0.0,60.0,0.0
20260303-AP605-0354,20260303,AP605,AP604,long,52124000,11:28:44.000,normal_quote,normal_move_fill,interval_vwap,10182.0,52125000.0,10005.0,52127000,11:28:47.000,hedged_exit,closed,10282.0,10029.0,100.0,-24.0,76.0,0.0,76.0,2018.7,0.0,73.0,0.0
20260303-AP605-0355,20260303,AP605,AP604,long,52130000,11:28:50.000,normal_quote,normal_move_fill,interval_vwap,10183.0,52131000.0,10006.0,52133000,11:28:53.000,hedged_exit,closed,10282.0,10030.0,99.0,-24.0,75.0,0.0,75.0,2018.9,0.0,73.0,0.0
20260303-AP605-0356,20260303,AP605,AP604,long,52136000,11:28:56.000,normal_quote,normal_move_fill,interval_vwap,10183.0,52137000.0,10007.0,52139000,11:28:59.000,hedged_exit,closed,10281.0,10027.0,98.0,-20.0,78.0,0.0,78.0,2019.0,0.0,76.0,0.0
20260303-AP605-0357,20260303,AP605,AP604,long,52142000,11:29:02.000,normal_quote,normal_move_fill,interval_vwap,10189.0,52143000.0,10020.0,52145000,11:29:05.000,hedged_exit,closed,10288.0,10028.0,99.0,-8.0,91.0,0.0,91.0,2020.9,0.0,89.0,0.0
20260303-AP605-0358,20260303,AP605,AP604,long,52148000,11:29:08.000,normal_quote,normal_move_fill,interval_vwap,10203.0,52149000.0,10018.0,52151000,11:29:11.000,hedged_exit,closed,10297.0,10028.0,94.0,-10.0,84.0,0.0,84.0,2022.1000000000001,0.0,78.0,0.0
20260303-AP605-0359,20260303,AP605,AP604,long,52154000,11:29:14.000,normal_quote,normal_move_fill,interval_vwap,10210.0,52155000.0,10023.0,52157000,11:29:17.000,hedged_exit,closed,10300.0,10028.0,90.0,-5.0,85.0,0.0,85.0,2023.3000000000002,0.0,83.0,0.0
20260303-AP605-0360,20260303,AP605,AP604,long,52160000,11:29:20.000,normal_quote,normal_move_fill,interval_vwap,10217.0,52161000.0,10026.0,52163000,11:29:23.000,hedged_exit,closed,10302.0,10028.0,85.0,-2.0,83.0,0.0,83.0,2024.3000000000002,0.0,81.0,0.0
20260303-AP605-0361,20260303,AP605,AP604,long,52166000,11:29:26.000,normal_quote,normal_move_fill,interval_vwap,10208.0,52167000.0,10027.0,52169000,11:29:29.000,hedged_exit,closed,10305.0,10051.0,97.0,-24.0,73.0,0.0,73.0,2023.5,0.0,71.0,0.0
20260303-AP605-0362,20260303,AP605,AP604,long,52172000,11:29:32.000,normal_quote,normal_move_fill,interval_vwap,10207.0,52173000.0,10028.0,52175000,11:29:35.000,hedged_exit,closed,10304.0,10051.0,97.0,-23.0,74.0,0.0,74.0,2023.5,0.0,72.0,0.0
20260303-AP605-0363,20260303,AP605,AP604,long,52178000,11:29:38.000,normal_quote,normal_move_fill,interval_vwap,10205.0,52179000.0,10026.0,52181000,11:29:41.000,hedged_exit,closed,10297.0,10044.0,92.0,-18.0,74.0,0.0,74.0,2023.1,0.0,70.0,0.0
20260303-AP605-0364,20260303,AP605,AP604,long,52184000,11:29:44.000,normal_quote,normal_move_fill,interval_vwap,10203.0,52185000.0,10020.0,52187000,11:29:47.000,hedged_exit,closed,10296.0,10047.0,93.0,-27.0,66.0,0.0,66.0,2022.3000000000002,0.0,64.0,0.0
20260303-AP605-0365,20260303,AP605,AP604,long,52190000,11:29:50.000,normal_quote,normal_move_fill,interval_vwap,10204.0,52191000.0,10021.0,52193000,11:29:53.000,hedged_exit,closed,10300.0,10046.0,96.0,-25.0,71.0,0.0,71.0,2022.5,0.0,68.0,0.0
20260303-AP605-0366,20260303,AP605,AP604,long,52196000,11:29:56.000,normal_quote,normal_move_fill,interval_vwap,10217.0,52197000.0,10025.0,52199000,11:29:59.000,hedged_exit,closed,10300.0,10046.0,83.0,-21.0,62.0,0.0,62.0,2024.2,0.0,59.0,0.0
20260303-AP605-0367,20260303,AP605,AP604,long,59462000,13:31:02.000,normal_quote,normal_move_fill,interval_vwap,10284.0,59463000.0,10074.0,59465000,13:31:05.000,hedged_exit,closed,10370.0,10116.0,86.0,-42.0,44.0,0.0,44.0,2035.8000000000002,0.0,40.0,0.0
20260303-AP605-0368,20260303,AP605,AP604,long,59468000,13:31:08.000,normal_quote,normal_move_fill,interval_vwap,10287.0,59469000.0,10079.0,59471000,13:31:11.000,hedged_exit,closed,10372.0,10121.0,85.0,-42.0,43.0,0.0,43.0,2036.6000000000001,0.0,41.0,0.0
20260303-AP605-0369,20260303,AP605,AP604,long,59474000,13:31:14.000,normal_quote,normal_move_fill,interval_vwap,10289.0,59475000.0,10074.0,59477000,13:31:17.000,hedged_exit,closed,10372.0,10121.0,83.0,-47.0,36.0,0.0,36.0,2036.3000000000002,0.0,34.0,0.0
20260303-AP605-0370,20260303,AP605,AP604,long,59480000,13:31:20.000,normal_quote,normal_move_fill,interval_vwap,10291.0,59481000.0,10065.0,59483000,13:31:23.000,hedged_exit,closed,10351.0,10080.0,60.0,-15.0,45.0,0.0,45.0,2035.6000000000001,0.0,43.0,0.0
20260303-AP605-0371,20260303,AP605,AP604,long,59486000,13:31:26.000,normal_quote,normal_move_fill,interval_vwap,10258.0,59487000.0,10043.0,59489000,13:31:29.000,hedged_exit,closed,10325.0,10064.0,67.0,-21.0,46.0,0.0,46.0,2030.1,0.0,37.0,0.0
20260303-AP605-0372,20260303,AP605,AP604,long,59492000,13:31:32.000,normal_quote,normal_move_fill,interval_vwap,10227.0,59493000.0,10020.0,59495000,13:31:35.000,hedged_exit,closed,10324.0,10064.0,97.0,-44.0,53.0,0.0,53.0,2024.7,0.0,49.0,0.0
20260303-AP605-0373,20260303,AP605,AP604,long,59498000,13:31:38.000,normal_quote,normal_move_fill,interval_vwap,10231.0,59499000.0,10025.0,59501000,13:31:41.000,hedged_exit,closed,10334.0,10073.0,103.0,-48.0,55.0,0.0,55.0,2025.6,0.0,53.0,0.0
20260303-AP605-0374,20260303,AP605,AP604,long,59504000,13:31:44.000,normal_quote,normal_move_fill,interval_vwap,10256.0,59505000.0,10039.0,59507000,13:31:47.000,hedged_exit,closed,10329.0,10065.0,73.0,-26.0,47.0,0.0,47.0,2029.5000000000002,0.0,42.0,0.0
20260303-AP605-0375,20260303,AP605,AP604,long,59510000,13:31:50.000,normal_quote,normal_move_fill,interval_vwap,10243.0,59511000.0,10033.0,59513000,13:31:53.000,hedged_exit,closed,10321.0,10059.0,78.0,-26.0,52.0,0.0,52.0,2027.6,0.0,49.0,0.0
20260303-AP605-0376,20260303,AP605,AP604,long,59516000,13:31:56.000,normal_quote,normal_move_fill,interval_vwap,10236.0,59517000.0,10028.0,59519000,13:31:59.000,hedged_exit,closed,10321.0,10059.0,85.0,-31.0,54.0,0.0,54.0,2026.4,0.0,52.0,0.0
20260303-AP605-0377,20260303,AP605,AP604,long,59522000,13:32:02.000,normal_quote,normal_move_fill,interval_vwap,10230.0,59523000.0,10028.0,59525000,13:32:05.000,hedged_exit,closed,10322.0,10060.0,92.0,-32.0,60.0,0.0,60.0,2025.8000000000002,0.0,58.0,0.0
20260303-AP605-0378,20260303,AP605,AP604,long,59528000,13:32:08.000,normal_quote,normal_move_fill,interval_vwap,10238.0,59529000.0,10036.0,59531000,13:32:11.000,hedged_exit,closed,10325.0,10063.0,87.0,-27.0,60.0,0.0,60.0,2027.4,0.0,58.0,0.0
20260303-AP605-0379,20260303,AP605,AP604,long,59534000,13:32:14.000,normal_quote,normal_move_fill,interval_vwap,10243.0,59535000.0,10048.0,59537000,13:32:17.000,hedged_exit,closed,10334.0,10074.0,91.0,-26.0,65.0,0.0,65.0,2029.1,0.0,63.0,0.0
20260303-AP605-0380,20260303,AP605,AP604,long,59540000,13:32:20.000,normal_quote,normal_move_fill,interval_vwap,10237.0,59541000.0,10028.0,59543000,13:32:23.000,hedged_exit,closed,10322.0,10054.0,85.0,-26.0,59.0,0.0,59.0,2026.5,0.0,56.0,0.0
20260303-AP605-0381,20260303,AP605,AP604,long,59546000,13:32:26.000,normal_quote,normal_move_fill,interval_vwap,10240.0,59547000.0,10030.0,59549000,13:32:29.000,hedged_exit,closed,10321.0,10054.0,81.0,-24.0,57.0,0.0,57.0,2027.0,0.0,55.0,0.0
20260303-AP605-0382,20260303,AP605,AP604,long,59552000,13:32:32.000,normal_quote,normal_move_fill,interval_vwap,10240.0,59553000.0,10036.0,59555000,13:32:35.000,hedged_exit,closed,10335.0,10054.0,95.0,-18.0,77.0,0.0,77.0,2027.6,0.0,73.0,0.0
20260303-AP605-0383,20260303,AP605,AP604,long,59558000,13:32:38.000,normal_quote,normal_move_fill,interval_vwap,10254.0,59559000.0,10041.0,59561000,13:32:41.000,hedged_exit,closed,10331.0,10054.0,77.0,-13.0,64.0,0.0,64.0,2029.5,0.0,62.0,0.0
20260303-AP605-0384,20260303,AP605,AP604,long,59564000,13:32:44.000,normal_quote,normal_move_fill,interval_vwap,10245.0,59565000.0,10037.0,59567000,13:32:47.000,hedged_exit,closed,10330.0,10054.0,85.0,-17.0,68.0,0.0,68.0,2028.2,0.0,64.0,0.0
20260303-AP605-0385,20260303,AP605,AP604,long,59570000,13:32:50.000,normal_quote,normal_move_fill,interval_vwap,10245.0,59571000.0,10040.0,59573000,13:32:53.000,hedged_exit,closed,10331.0,10054.0,86.0,-14.0,72.0,0.0,72.0,2028.5,0.0,69.0,0.0
20260303-AP605-0386,20260303,AP605,AP604,long,59576000,13:32:56.000,normal_quote,normal_move_fill,interval_vwap,10247.0,59577000.0,10047.0,59579000,13:32:59.000,hedged_exit,closed,10330.0,10054.0,83.0,-7.0,76.0,0.0,76.0,2029.4,0.0,72.0,0.0
20260303-AP605-0387,20260303,AP605,AP604,long,59582000,13:33:02.000,normal_quote,normal_move_fill,interval_vwap,10244.0,59583000.0,10041.0,59585000,13:33:05.000,hedged_exit,closed,10333.0,10048.0,89.0,-7.0,82.0,0.0,82.0,2028.5,0.0,79.0,0.0
20260303-AP605-0388,20260303,AP605,AP604,long,59588000,13:33:08.000,normal_quote,normal_move_fill,interval_vwap,10244.0,59589000.0,10044.0,59591000,13:33:11.000,hedged_exit,closed,10337.0,10051.0,93.0,-7.0,86.0,0.0,86.0,2028.8000000000002,0.0,83.0,0.0
20260303-AP605-0389,20260303,AP605,AP604,long,59594000,13:33:14.000,normal_quote,normal_move_fill,interval_vwap,10253.0,59595000.0,10044.0,59597000,13:33:17.000,hedged_exit,closed,10340.0,10080.0,87.0,-36.0,51.0,0.0,51.0,2029.7,0.0,49.0,0.0
20260303-AP605-0390,20260303,AP605,AP604,long,59600000,13:33:20.000,normal_quote,normal_move_fill,interval_vwap,10253.0,59601000.0,10042.0,59603000,13:33:23.000,hedged_exit,closed,10338.0,10072.0,85.0,-30.0,55.0,0.0,55.0,2029.5,0.0,53.0,0.0
20260303-AP605-0391,20260303,AP605,AP604,long,59606000,13:33:26.000,normal_quote,normal_move_fill,interval_vwap,10251.0,59607000.0,10043.0,59609000,13:33:29.000,hedged_exit,closed,10338.0,10072.0,87.0,-29.0,58.0,0.0,58.0,2029.4,0.0,56.0,0.0
20260303-AP605-0392,20260303,AP605,AP604,long,59612000,13:33:32.000,normal_quote,normal_move_fill,interval_vwap,10249.0,59613000.0,10040.0,59615000,13:33:35.000,hedged_exit,closed,10339.0,10072.0,90.0,-32.0,58.0,0.0,58.0,2028.9,0.0,56.0,0.0
20260303-AP605-0393,20260303,AP605,AP604,long,59618000,13:33:38.000,normal_quote,normal_move_fill,interval_vwap,10242.0,59619000.0,10029.0,59621000,13:33:41.000,hedged_exit,closed,10322.0,10055.0,80.0,-26.0,54.0,0.0,54.0,2027.1000000000001,0.0,52.0,0.0
20260303-AP605-0394,20260303,AP605,AP604,long,59624000,13:33:44.000,normal_quote,normal_move_fill,interval_vwap,10229.0,59625000.0,10025.0,59627000,13:33:47.000,hedged_exit,closed,10320.0,10051.0,91.0,-26.0,65.0,0.0,65.0,2025.4,0.0,63.0,0.0
20260303-AP605-0395,20260303,AP605,AP604,long,59630000,13:33:50.000,normal_quote,normal_move_fill,interval_vwap,10235.0,59631000.0,10022.0,59633000,13:33:53.000,hedged_exit,closed,10316.0,10049.0,81.0,-27.0,54.0,0.0,54.0,2025.7,0.0,52.0,0.0
20260303-AP605-0396,20260303,AP605,AP604,long,59636000,13:33:56.000,normal_quote,normal_move_fill,interval_vwap,10232.0,59637000.0,10016.0,59639000,13:33:59.000,hedged_exit,closed,10312.0,10044.0,80.0,-28.0,52.0,0.0,52.0,2024.8000000000002,0.0,49.0,0.0
20260303-AP605-0397,20260303,AP605,AP604,long,59642000,13:34:02.000,normal_quote,normal_move_fill,interval_vwap,10228.0,59643000.0,10014.0,59645000,13:34:05.000,hedged_exit,closed,10312.0,10045.0,84.0,-31.0,53.0,0.0,53.0,2024.2000000000003,0.0,51.0,0.0
20260303-AP605-0398,20260303,AP605,AP604,long,59648000,13:34:08.000,normal_quote,normal_move_fill,interval_vwap,10228.0,59649000.0,10012.0,59651000,13:34:11.000,hedged_exit,closed,10317.0,10047.0,89.0,-35.0,54.0,0.0,54.0,2024.0,0.0,52.0,0.0
20260303-AP605-0399,20260303,AP605,AP604,long,59654000,13:34:14.000,normal_quote,normal_move_fill,interval_vwap,10232.0,59655000.0,10017.0,59657000,13:34:17.000,hedged_exit,closed,10314.0,10043.0,82.0,-26.0,56.0,0.0,56.0,2024.9,0.0,52.0,0.0
20260303-AP605-0400,20260303,AP605,AP604,long,59660000,13:34:20.000,normal_quote,normal_move_fill,interval_vwap,10231.0,59661000.0,10021.0,59663000,13:34:23.000,hedged_exit,closed,10322.0,10051.0,91.0,-30.0,61.0,0.0,61.0,2025.2,0.0,59.0,0.0
20260303-AP605-0401,20260303,AP605,AP604,long,59666000,13:34:26.000,normal_quote,normal_move_fill,interval_vwap,10234.0,59667000.0,10022.0,59669000,13:34:29.000,hedged_exit,closed,10322.0,10049.0,88.0,-27.0,61.0,0.0,61.0,2025.6000000000001,0.0,56.0,0.0
20260303-AP605-0402,20260303,AP605,AP604,long,59672000,13:34:32.000,normal_quote,normal_move_fill,interval_vwap,10233.0,59673000.0,10022.0,59675000,13:34:35.000,hedged_exit,closed,10320.0,10048.0,87.0,-26.0,61.0,0.0,61.0,2025.5,0.0,59.0,0.0
20260303-AP605-0403,20260303,AP605,AP604,long,59678000,13:34:38.000,normal_quote,normal_move_fill,interval_vwap,10235.0,59679000.0,10019.0,59681000,13:34:41.000,hedged_exit,closed,10316.0,10043.0,81.0,-24.0,57.0,0.0,57.0,2025.4,0.0,54.0,0.0
20260303-AP605-0404,20260303,AP605,AP604,long,59684000,13:34:44.000,normal_quote,normal_move_fill,interval_vwap,10235.0,59685000.0,10024.0,59687000,13:34:47.000,hedged_exit,closed,10320.0,10048.0,85.0,-24.0,61.0,0.0,61.0,2025.9,0.0,59.0,0.0
20260303-AP605-0405,20260303,AP605,AP604,long,59690000,13:34:50.000,normal_quote,normal_move_fill,interval_vwap,10237.0,59691000.0,10020.0,59693000,13:34:53.000,hedged_exit,closed,10315.0,10041.0,78.0,-21.0,57.0,0.0,57.0,2025.7,0.0,55.0,0.0
20260303-AP605-0406,20260303,AP605,AP604,long,59696000,13:34:56.000,normal_quote,normal_move_fill,interval_vwap,10228.0,59697000.0,10017.0,59699000,13:34:59.000,hedged_exit,closed,10311.0,10031.0,83.0,-14.0,69.0,0.0,69.0,2024.5,0.0,63.0,0.0
20260303-AP605-0407,20260303,AP605,AP604,long,59702000,13:35:02.000,normal_quote,normal_move_fill,interval_vwap,10222.0,59703000.0,10018.0,59705000,13:35:05.000,hedged_exit,closed,10325.0,10045.0,103.0,-27.0,76.0,0.0,76.0,2024.0,0.0,74.0,0.0
20260303-AP605-0408,20260303,AP605,AP604,long,59708000,13:35:08.000,normal_quote,normal_move_fill,interval_vwap,10232.0,59709000.0,10035.0,59711000,13:35:11.000,hedged_exit,closed,10338.0,10058.0,106.0,-23.0,83.0,0.0,83.0,2026.7,0.0,79.0,0.0
20260303-AP605-0409,20260303,AP605,AP604,long,59714000,13:35:14.000,normal_quote,normal_move_fill,interval_vwap,10242.0,59715000.0,10046.0,59717000,13:35:17.000,hedged_exit,closed,10342.0,10062.0,100.0,-16.0,84.0,0.0,84.0,2028.8000000000002,0.0,82.0,0.0
20260303-AP605-0410,20260303,AP605,AP604,long,59720000,13:35:20.000,normal_quote,normal_move_fill,interval_vwap,10258.0,59721000.0,10049.0,59723000,13:35:23.000,hedged_exit,closed,10347.0,10065.0,89.0,-16.0,73.0,0.0,73.0,2030.7,0.0,69.0,0.0
20260303-AP605-0411,20260303,AP605,AP604,long,59726000,13:35:26.000,normal_quote,normal_move_fill,interval_vwap,10265.0,59727000.0,10048.0,59729000,13:35:29.000,hedged_exit,closed,10344.0,10065.0,79.0,-17.0,62.0,0.0,62.0,2031.3000000000002,0.0,60.0,0.0
20260303-AP605-0412,20260303,AP605,AP604,long,59732000,13:35:32.000,normal_quote,normal_move_fill,interval_vwap,10247.0,59733000.0,10046.0,59735000,13:35:35.000,hedged_exit,closed,10344.0,10060.0,97.0,-14.0,83.0,0.0,83.0,2029.3000000000002,0.0,81.0,0.0
20260303-AP605-0413,20260303,AP605,AP604,long,59738000,13:35:38.000,normal_quote,normal_move_fill,interval_vwap,10247.0,59739000.0,10049.0,59742000,13:35:42.000,hedged_exit,closed,10344.0,10061.0,97.0,-12.0,85.0,0.0,85.0,2029.6000000000001,0.0,83.0,0.0
20260303-AP605-0414,20260303,AP605,AP604,long,59745000,13:35:45.000,normal_quote,normal_move_fill,interval_vwap,10246.0,59746000.0,10046.0,59748000,13:35:48.000,hedged_exit,closed,10341.0,10057.0,95.0,-11.0,84.0,0.0,84.0,2029.2000000000003,0.0,82.0,0.0
20260303-AP605-0415,20260303,AP605,AP604,long,59751000,13:35:51.000,normal_quote,normal_move_fill,interval_vwap,10241.0,59752000.0,10034.0,59754000,13:35:54.000,hedged_exit,closed,10329.0,10044.0,88.0,-10.0,78.0,0.0,78.0,2027.5000000000002,0.0,76.0,0.0
20260303-AP605-0416,20260303,AP605,AP604,long,59757000,13:35:57.000,normal_quote,normal_move_fill,interval_vwap,10236.0,59758000.0,10029.0,59760000,13:36:00.000,hedged_exit,closed,10325.0,10042.0,89.0,-13.0,76.0,0.0,76.0,2026.5,0.0,73.0,0.0
20260303-AP605-0417,20260303,AP605,AP604,long,59763000,13:36:03.000,normal_quote,normal_move_fill,interval_vwap,10237.0,59764000.0,10028.0,59766000,13:36:06.000,hedged_exit,closed,10324.0,10039.0,87.0,-11.0,76.0,0.0,76.0,2026.5,0.0,74.0,0.0
20260303-AP605-0418,20260303,AP605,AP604,long,59769000,13:36:09.000,normal_quote,normal_move_fill,interval_vwap,10233.0,59770000.0,10023.0,59772000,13:36:12.000,hedged_exit,closed,10319.0,10036.0,86.0,-13.0,73.0,0.0,73.0,2025.6000000000001,0.0,70.0,0.0
20260303-AP605-0419,20260303,AP605,AP604,long,59775000,13:36:15.000,normal_quote,normal_move_fill,interval_vwap,10230.0,59776000.0,10021.0,59778000,13:36:18.000,hedged_exit,closed,10318.0,10033.0,88.0,-12.0,76.0,0.0,76.0,2025.1,0.0,74.0,0.0
20260303-AP605-0420,20260303,AP605,AP604,long,59781000,13:36:21.000,normal_quote,normal_move_fill,interval_vwap,10231.0,59782000.0,10020.0,59784000,13:36:24.000,hedged_exit,closed,10317.0,10035.0,86.0,-15.0,71.0,0.0,71.0,2025.1,0.0,69.0,0.0
20260303-AP605-0421,20260303,AP605,AP604,long,59787000,13:36:27.000,normal_quote,normal_move_fill,interval_vwap,10231.0,59788000.0,10026.0,59790000,13:36:30.000,hedged_exit,closed,10323.0,10039.0,92.0,-13.0,79.0,0.0,79.0,2025.7,0.0,77.0,0.0
20260303-AP605-0422,20260303,AP605,AP604,long,59794000,13:36:34.000,normal_quote,normal_move_fill,interval_vwap,10232.0,59795000.0,10031.0,59797000,13:36:37.000,hedged_exit,closed,10328.0,10046.0,96.0,-15.0,81.0,0.0,81.0,2026.3000000000002,0.0,79.0,0.0
20260303-AP605-0423,20260303,AP605,AP604,long,59800000,13:36:40.000,normal_quote,normal_move_fill,interval_vwap,10239.0,59801000.0,10037.0,59803000,13:36:43.000,hedged_exit,closed,10337.0,10052.0,98.0,-15.0,83.0,0.0,83.0,2027.6000000000001,0.0,81.0,0.0
20260303-AP605-0424,20260303,AP605,AP604,long,59806000,13:36:46.000,normal_quote,normal_move_fill,interval_vwap,10256.0,59807000.0,10045.0,59809000,13:36:49.000,hedged_exit,closed,10342.0,10057.0,86.0,-12.0,74.0,0.0,74.0,2030.1000000000001,0.0,72.0,0.0
20260303-AP605-0425,20260303,AP605,AP604,long,59812000,13:36:52.000,normal_quote,normal_move_fill,interval_vwap,10256.0,59813000.0,10043.0,59815000,13:36:55.000,hedged_exit,closed,10340.0,10056.0,84.0,-13.0,71.0,0.0,71.0,2029.9,0.0,69.0,0.0
20260303-AP605-0426,20260303,AP605,AP604,long,59818000,13:36:58.000,normal_quote,normal_move_fill,interval_vwap,10255.0,59819000.0,10043.0,59821000,13:37:01.000,hedged_exit,closed,10341.0,10056.0,86.0,-13.0,73.0,0.0,73.0,2029.8000000000002,0.0,70.0,0.0
20260303-AP605-0427,20260303,AP605,AP604,long,59824000,13:37:04.000,normal_quote,normal_move_fill,interval_vwap,10252.0,59825000.0,10045.0,59827000,13:37:07.000,hedged_exit,closed,10337.0,10054.0,85.0,-9.0,76.0,0.0,76.0,2029.7,0.0,74.0,0.0
20260303-AP605-0428,20260303,AP605,AP604,long,59830000,13:37:10.000,normal_quote,normal_move_fill,interval_vwap,10237.0,59831000.0,10035.0,59833000,13:37:13.000,hedged_exit,closed,10332.0,10050.0,95.0,-15.0,80.0,0.0,80.0,2027.2,0.0,78.0,0.0
20260303-AP605-0429,20260303,AP605,AP604,long,59836000,13:37:16.000,normal_quote,normal_move_fill,interval_vwap,10247.0,59837000.0,10031.0,59839000,13:37:19.000,hedged_exit,closed,10320.0,10037.0,73.0,-6.0,67.0,0.0,67.0,2027.8000000000002,0.0,65.0,0.0
20260303-AP605-0430,20260303,AP605,AP604,long,59842000,13:37:22.000,normal_quote,normal_move_fill,interval_vwap,10234.0,59843000.0,10031.0,59845000,13:37:25.000,hedged_exit,closed,10321.0,10041.0,87.0,-10.0,77.0,0.0,77.0,2026.5,0.0,75.0,0.0
20260303-AP605-0431,20260303,AP605,AP604,long,59848000,13:37:28.000,normal_quote,normal_move_fill,interval_vwap,10233.0,59849000.0,10031.0,59851000,13:37:31.000,hedged_exit,closed,10330.0,10045.0,97.0,-14.0,83.0,0.0,83.0,2026.4,0.0,81.0,0.0
20260303-AP605-0432,20260303,AP605,AP604,long,59854000,13:37:34.000,normal_quote,normal_move_fill,interval_vwap,10238.0,59855000.0,10026.0,59857000,13:37:37.000,hedged_exit,closed,10321.0,10036.0,83.0,-10.0,73.0,0.0,73.0,2026.4,0.0,71.0,0.0
20260303-AP605-0433,20260303,AP605,AP604,long,59860000,13:37:40.000,normal_quote,normal_move_fill,interval_vwap,10236.0,59861000.0,10031.0,59863000,13:37:43.000,hedged_exit,closed,10329.0,10043.0,93.0,-12.0,81.0,0.0,81.0,2026.7,0.0,78.0,0.0
20260303-AP605-0434,20260303,AP605,AP604,long,59866000,13:37:46.000,normal_quote,normal_move_fill,interval_vwap,10236.0,59867000.0,10031.0,59869000,13:37:49.000,hedged_exit,closed,10331.0,10045.0,95.0,-14.0,81.0,0.0,81.0,2026.7,0.0,79.0,0.0
20260303-AP605-0435,20260303,AP605,AP604,long,59872000,13:37:52.000,normal_quote,normal_move_fill,interval_vwap,10242.0,59873000.0,10036.0,59875000,13:37:55.000,hedged_exit,closed,10332.0,10048.0,90.0,-12.0,78.0,0.0,78.0,2027.8000000000002,0.0,76.0,0.0
20260303-AP605-0436,20260303,AP605,AP604,long,59878000,13:37:58.000,normal_quote,normal_move_fill,interval_vwap,10242.0,59879000.0,10034.0,59881000,13:38:01.000,hedged_exit,closed,10328.0,10042.0,86.0,-8.0,78.0,0.0,78.0,2027.6000000000001,0.0,75.0,0.0
20260303-AP605-0437,20260303,AP605,AP604,long,59884000,13:38:04.000,normal_quote,normal_move_fill,interval_vwap,10242.0,59885000.0,10032.0,59887000,13:38:07.000,hedged_exit,closed,10329.0,10044.0,87.0,-12.0,75.0,0.0,75.0,2027.4,0.0,72.0,0.0
20260303-AP605-0438,20260303,AP605,AP604,long,59891000,13:38:11.000,normal_quote,normal_move_fill,interval_vwap,10247.0,59892000.0,10030.0,59894000,13:38:14.000,hedged_exit,closed,10331.0,10067.0,84.0,-37.0,47.0,0.0,47.0,2027.7,0.0,45.0,0.0
20260303-AP605-0439,20260303,AP605,AP604,long,59897000,13:38:17.000,normal_quote,normal_move_fill,interval_vwap,10250.0,59898000.0,10037.0,59900000,13:38:20.000,hedged_exit,closed,10340.0,10072.0,90.0,-35.0,55.0,0.0,55.0,2028.7,0.0,51.0,0.0
20260303-AP605-0440,20260303,AP605,AP604,long,59904000,13:38:24.000,normal_quote,normal_move_fill,interval_vwap,10252.0,59905000.0,10044.0,59907000,13:38:27.000,hedged_exit,closed,10343.0,10074.0,91.0,-30.0,61.0,0.0,61.0,2029.6000000000001,0.0,56.0,0.0
20260303-AP605-0441,20260303,AP605,AP604,long,59910000,13:38:30.000,normal_quote,normal_move_fill,interval_vwap,10255.0,59911000.0,10044.0,59913000,13:38:33.000,hedged_exit,closed,10337.0,10067.0,82.0,-23.0,59.0,0.0,59.0,2029.9,0.0,57.0,0.0
20260303-AP605-0442,20260303,AP605,AP604,long,59916000,13:38:36.000,normal_quote,normal_move_fill,interval_vwap,10255.0,59917000.0,10039.0,59919000,13:38:39.000,hedged_exit,closed,10342.0,10068.0,87.0,-29.0,58.0,0.0,58.0,2029.4,0.0,52.0,0.0
20260303-AP605-0443,20260303,AP605,AP604,long,59922000,13:38:42.000,normal_quote,normal_move_fill,interval_vwap,10257.0,59923000.0,10048.0,59925000,13:38:45.000,hedged_exit,closed,10336.0,10066.0,79.0,-18.0,61.0,0.0,61.0,2030.5,0.0,59.0,0.0
20260303-AP605-0444,20260303,AP605,AP604,long,59928000,13:38:48.000,normal_quote,normal_move_fill,interval_vwap,10255.0,59929000.0,10042.0,59931000,13:38:51.000,hedged_exit,closed,10340.0,10067.0,85.0,-25.0,60.0,0.0,60.0,2029.7,0.0,58.0,0.0
20260303-AP605-0445,20260303,AP605,AP604,long,59934000,13:38:54.000,normal_quote,normal_move_fill,interval_vwap,10252.0,59935000.0,10037.0,59937000,13:38:57.000,hedged_exit,closed,10332.0,10060.0,80.0,-23.0,57.0,0.0,57.0,2028.9,0.0,55.0,0.0
20260303-AP605-0446,20260303,AP605,AP604,long,59940000,13:39:00.000,normal_quote,normal_move_fill,interval_vwap,10245.0,59941000.0,10028.0,59943000,13:39:03.000,hedged_exit,closed,10329.0,10055.0,84.0,-27.0,57.0,0.0,57.0,2027.3000000000002,0.0,55.0,0.0
20260303-AP605-0447,20260303,AP605,AP604,long,59946000,13:39:06.000,normal_quote,normal_move_fill,interval_vwap,10243.0,59947000.0,10025.0,59949000,13:39:09.000,hedged_exit,closed,10320.0,10045.0,77.0,-20.0,57.0,0.0,57.0,2026.8,0.0,54.0,0.0
20260303-AP605-0448,20260303,AP605,AP604,long,59952000,13:39:12.000,normal_quote,normal_move_fill,interval_vwap,10236.0,59953000.0,10020.0,59955000,13:39:15.000,hedged_exit,closed,10315.0,10040.0,79.0,-20.0,59.0,0.0,59.0,2025.6,0.0,55.0,0.0
20260303-AP605-0449,20260303,AP605,AP604,long,59958000,13:39:18.000,normal_quote,normal_move_fill,interval_vwap,10237.0,59959000.0,10020.0,59961000,13:39:21.000,hedged_exit,closed,10319.0,10045.0,82.0,-25.0,57.0,0.0,57.0,2025.7,0.0,55.0,0.0
20260303-AP605-0450,20260303,AP605,AP604,long,59964000,13:39:24.000,normal_quote,normal_move_fill,interval_vwap,10237.0,59965000.0,10020.0,59967000,13:39:27.000,hedged_exit,closed,10320.0,10045.0,83.0,-25.0,58.0,0.0,58.0,2025.7,0.0,56.0,0.0
20260303-AP605-0451,20260303,AP605,AP604,long,59970000,13:39:30.000,normal_quote,normal_move_fill,interval_vwap,10233.0,59971000.0,10023.0,59973000,13:39:33.000,hedged_exit,closed,10322.0,10049.0,89.0,-26.0,63.0,0.0,63.0,2025.6000000000001,0.0,60.0,0.0
20260303-AP605-0452,20260303,AP605,AP604,long,59976000,13:39:36.000,normal_quote,normal_move_fill,interval_vwap,10239.0,59977000.0,10030.0,59979000,13:39:39.000,hedged_exit,closed,10328.0,10050.0,89.0,-20.0,69.0,0.0,69.0,2026.9,0.0,67.0,0.0
20260303-AP605-0453,20260303,AP605,AP604,long,59982000,13:39:42.000,normal_quote,normal_move_fill,interval_vwap,10241.0,59983000.0,10025.0,59985000,13:39:45.000,hedged_exit,closed,10325.0,10046.0,84.0,-21.0,63.0,0.0,63.0,2026.6000000000001,0.0,60.0,0.0
20260303-AP605-0454,20260303,AP605,AP604,long,59988000,13:39:48.000,normal_quote,normal_move_fill,interval_vwap,10241.0,59989000.0,10025.0,59991000,13:39:51.000,hedged_exit,closed,10323.0,10045.0,82.0,-20.0,62.0,0.0,62.0,2026.6000000000001,0.0,60.0,0.0
20260303-AP605-0455,20260303,AP605,AP604,long,59994000,13:39:54.000,normal_quote,normal_move_fill,interval_vwap,10240.0,59995000.0,10028.0,59997000,13:39:57.000,hedged_exit,closed,10326.0,10048.0,86.0,-20.0,66.0,0.0,66.0,2026.8000000000002,0.0,63.0,0.0
20260303-AP605-0456,20260303,AP605,AP604,long,60000000,13:40:00.000,normal_quote,normal_move_fill,interval_vwap,10242.0,60001000.0,10031.0,60003000,13:40:03.000,hedged_exit,closed,10334.0,10055.0,92.0,-24.0,68.0,0.0,68.0,2027.3000000000002,0.0,65.0,0.0
20260303-AP605-0457,20260303,AP605,AP604,long,60006000,13:40:06.000,normal_quote,normal_move_fill,interval_vwap,10252.0,60007000.0,10039.0,60009000,13:40:09.000,hedged_exit,closed,10338.0,10061.0,86.0,-22.0,64.0,0.0,64.0,2029.1000000000001,0.0,62.0,0.0
20260303-AP605-0458,20260303,AP605,AP604,long,60012000,13:40:12.000,normal_quote,normal_move_fill,interval_vwap,10256.0,60013000.0,10040.0,60015000,13:40:15.000,hedged_exit,closed,10338.0,10061.0,82.0,-21.0,61.0,0.0,61.0,2029.6000000000001,0.0,59.0,0.0
20260303-AP605-0459,20260303,AP605,AP604,long,60018000,13:40:18.000,normal_quote,normal_move_fill,interval_vwap,10257.0,60019000.0,10045.0,60021000,13:40:21.000,hedged_exit,closed,10343.0,10063.0,86.0,-18.0,68.0,0.0,68.0,2030.2,0.0,66.0,0.0
20260303-AP605-0460,20260303,AP605,AP604,long,60024000,13:40:24.000,normal_quote,normal_move_fill,interval_vwap,10255.0,60025000.0,10041.0,60027000,13:40:27.000,hedged_exit,closed,10336.0,10060.0,81.0,-19.0,62.0,0.0,62.0,2029.6,0.0,60.0,0.0
20260303-AP605-0461,20260303,AP605,AP604,long,60030000,13:40:30.000,normal_quote,normal_move_fill,interval_vwap,10257.0,60031000.0,10045.0,60033000,13:40:33.000,hedged_exit,closed,10345.0,10060.0,88.0,-15.0,73.0,0.0,73.0,2030.2,0.0,71.0,0.0
20260303-AP605-0462,20260303,AP605,AP604,long,60036000,13:40:36.000,normal_quote,normal_move_fill,interval_vwap,10265.0,60037000.0,10058.0,60039000,13:40:39.000,hedged_exit,closed,10359.0,10060.0,94.0,-2.0,92.0,0.0,92.0,2032.3000000000002,0.0,89.0,0.0
20260303-AP605-0463,20260303,AP605,AP604,long,60043000,13:40:43.000,normal_quote,normal_move_fill,interval_vwap,10261.0,60044000.0,10057.0,60046000,13:40:46.000,hedged_exit,closed,10358.0,10077.0,97.0,-20.0,77.0,0.0,77.0,2031.8000000000002,0.0,73.0,0.0
20260303-AP605-0464,20260303,AP605,AP604,long,60049000,13:40:49.000,normal_quote,normal_move_fill,interval_vwap,10265.0,60050000.0,10058.0,60052000,13:40:52.000,hedged_exit,closed,10349.0,10077.0,84.0,-19.0,65.0,0.0,65.0,2032.3000000000002,0.0,63.0,0.0
20260303-AP605-0465,20260303,AP605,AP604,long,60055000,13:40:55.000,normal_quote,normal_move_fill,interval_vwap,10274.0,60056000.0,10058.0,60058000,13:40:58.000,hedged_exit,closed,10363.0,10080.0,89.0,-22.0,67.0,0.0,67.0,2033.2000000000003,0.0,65.0,0.0
20260303-AP605-0466,20260303,AP605,AP604,long,60061000,13:41:01.000,normal_quote,normal_move_fill,interval_vwap,10280.0,60062000.0,10064.0,60064000,13:41:04.000,hedged_exit,closed,10369.0,10080.0,89.0,-16.0,73.0,0.0,73.0,2034.4,0.0,70.0,0.0
20260303-AP605-0467,20260303,AP605,AP604,long,60067000,13:41:07.000,normal_quote,normal_move_fill,interval_vwap,10289.0,60068000.0,10075.0,60070000,13:41:10.000,hedged_exit,closed,10380.0,10078.0,91.0,-3.0,88.0,0.0,88.0,2036.4,0.0,73.0,0.0
20260303-AP605-0468,20260303,AP605,AP604,long,60073000,13:41:13.000,normal_quote,normal_move_fill,interval_vwap,10292.0,60074000.0,10065.0,60076000,13:41:16.000,hedged_exit,closed,10371.0,10078.0,79.0,-13.0,66.0,0.0,66.0,2035.7,0.0,64.0,0.0
20260303-AP605-0469,20260303,AP605,AP604,long,60079000,13:41:19.000,normal_quote,normal_move_fill,interval_vwap,10284.0,60080000.0,10051.0,60082000,13:41:22.000,hedged_exit,closed,10360.0,10078.0,76.0,-27.0,49.0,0.0,49.0,2033.5,0.0,47.0,0.0
20260303-AP605-0470,20260303,AP605,AP604,long,60085000,13:41:25.000,normal_quote,normal_move_fill,interval_vwap,10274.0,60086000.0,10042.0,60088000,13:41:28.000,hedged_exit,closed,10349.0,10067.0,75.0,-25.0,50.0,0.0,50.0,2031.6000000000001,0.0,45.0,0.0
20260303-AP605-0471,20260303,AP605,AP604,long,60091000,13:41:31.000,normal_quote,normal_move_fill,interval_vwap,10266.0,60092000.0,10045.0,60094000,13:41:34.000,hedged_exit,closed,10355.0,10068.0,89.0,-23.0,66.0,0.0,66.0,2031.1000000000001,0.0,58.0,0.0
20260303-AP605-0472,20260303,AP605,AP604,long,60097000,13:41:37.000,normal_quote,normal_move_fill,interval_vwap,10266.0,60098000.0,10045.0,60100000,13:41:40.000,hedged_exit,closed,10349.0,10063.0,83.0,-18.0,65.0,0.0,65.0,2031.1000000000001,0.0,63.0,0.0
20260303-AP605-0473,20260303,AP605,AP604,long,60103000,13:41:43.000,normal_quote,normal_move_fill,interval_vwap,10266.0,60104000.0,10038.0,60106000,13:41:46.000,hedged_exit,closed,10346.0,10060.0,80.0,-22.0,58.0,0.0,58.0,2030.4,0.0,53.0,0.0
20260303-AP605-0474,20260303,AP605,AP604,long,60109000,13:41:49.000,normal_quote,normal_move_fill,interval_vwap,10250.0,60110000.0,10038.0,60112000,13:41:52.000,hedged_exit,closed,10341.0,10056.0,91.0,-18.0,73.0,0.0,73.0,2028.8000000000002,0.0,70.0,0.0
20260303-AP605-0475,20260303,AP605,AP604,long,60115000,13:41:55.000,normal_quote,normal_move_fill,interval_vwap,10246.0,60116000.0,10041.0,60118000,13:41:58.000,hedged_exit,closed,10350.0,10065.0,104.0,-24.0,80.0,0.0,80.0,2028.7000000000003,0.0,76.0,0.0
20260303-AP605-0476,20260303,AP605,AP604,long,60122000,13:42:02.000,normal_quote,normal_move_fill,interval_vwap,10269.0,60123000.0,10053.0,60125000,13:42:05.000,hedged_exit,closed,10360.0,10075.0,91.0,-22.0,69.0,0.0,69.0,2032.2000000000003,0.0,67.0,0.0
20260303-AP605-0477,20260303,AP605,AP604,long,60128000,13:42:08.000,normal_quote,normal_move_fill,interval_vwap,10273.0,60129000.0,10052.0,60131000,13:42:11.000,hedged_exit,closed,10359.0,10072.0,86.0,-20.0,66.0,0.0,66.0,2032.5,0.0,64.0,0.0
20260303-AP605-0478,20260303,AP605,AP604,long,60134000,13:42:14.000,normal_quote,normal_move_fill,interval_vwap,10274.0,60135000.0,10053.0,60137000,13:42:17.000,hedged_exit,closed,10359.0,10072.0,85.0,-19.0,66.0,0.0,66.0,2032.7000000000003,0.0,64.0,0.0
20260303-AP605-0479,20260303,AP605,AP604,long,60140000,13:42:20.000,normal_quote,normal_move_fill,interval_vwap,10274.0,60141000.0,10053.0,60143000,13:42:23.000,hedged_exit,closed,10359.0,10073.0,85.0,-20.0,65.0,0.0,65.0,2032.7000000000003,0.0,63.0,0.0
20260303-AP605-0480,20260303,AP605,AP604,long,60146000,13:42:26.000,normal_quote,normal_move_fill,interval_vwap,10274.0,60147000.0,10053.0,60149000,13:42:29.000,hedged_exit,closed,10358.0,10071.0,84.0,-18.0,66.0,0.0,66.0,2032.7000000000003,0.0,64.0,0.0
20260303-AP605-0481,20260303,AP605,AP604,long,60152000,13:42:32.000,normal_quote,normal_move_fill,interval_vwap,10273.0,60153000.0,10050.0,60155000,13:42:35.000,hedged_exit,closed,10354.0,10067.0,81.0,-17.0,64.0,0.0,64.0,2032.3,0.0,62.0,0.0
20260303-AP605-0482,20260303,AP605,AP604,long,60158000,13:42:38.000,normal_quote,normal_move_fill,interval_vwap,10256.0,60159000.0,10043.0,60161000,13:42:41.000,hedged_exit,closed,10349.0,10066.0,93.0,-23.0,70.0,0.0,70.0,2029.9,0.0,68.0,0.0
20260303-AP605-0483,20260303,AP605,AP604,long,60164000,13:42:44.000,normal_quote,normal_move_fill,interval_vwap,10260.0,60165000.0,10042.0,60167000,13:42:47.000,hedged_exit,closed,10349.0,10067.0,89.0,-25.0,64.0,0.0,64.0,2030.2,0.0,62.0,0.0
20260303-AP605-0484,20260303,AP605,AP604,long,60170000,13:42:50.000,normal_quote,normal_move_fill,interval_vwap,10261.0,60171000.0,10044.0,60173000,13:42:53.000,hedged_exit,closed,10351.0,10066.0,90.0,-22.0,68.0,0.0,68.0,2030.5000000000002,0.0,65.0,0.0
20260303-AP605-0485,20260303,AP605,AP604,long,60176000,13:42:56.000,normal_quote,normal_move_fill,interval_vwap,10262.0,60177000.0,10055.0,60179000,13:42:59.000,hedged_exit,closed,10362.0,10076.0,100.0,-21.0,79.0,0.0,79.0,2031.7,0.0,77.0,0.0
20260303-AP605-0486,20260303,AP605,AP604,long,60182000,13:43:02.000,normal_quote,normal_move_fill,interval_vwap,10265.0,60183000.0,10048.0,60185000,13:43:05.000,hedged_exit,closed,10354.0,10069.0,89.0,-21.0,68.0,0.0,68.0,2031.3000000000002,0.0,66.0,0.0
20260303-AP605-0487,20260303,AP605,AP604,long,60188000,13:43:08.000,normal_quote,normal_move_fill,interval_vwap,10262.0,60189000.0,10047.0,60191000,13:43:11.000,hedged_exit,closed,10357.0,10070.0,95.0,-23.0,72.0,0.0,72.0,2030.9,0.0,70.0,0.0
20260303-AP605-0488,20260303,AP605,AP604,long,60194000,13:43:14.000,normal_quote,normal_move_fill,interval_vwap,10265.0,60195000.0,10052.0,60197000,13:43:17.000,hedged_exit,closed,10353.0,10069.0,88.0,-17.0,71.0,0.0,71.0,2031.7,0.0,67.0,0.0
20260303-AP605-0489,20260303,AP605,AP604,long,60200000,13:43:20.000,normal_quote,normal_move_fill,interval_vwap,10263.0,60201000.0,10051.0,60203000,13:43:23.000,hedged_exit,closed,10351.0,10064.0,88.0,-13.0,75.0,0.0,75.0,2031.4,0.0,73.0,0.0
20260303-AP605-0490,20260303,AP605,AP604,long,60206000,13:43:26.000,normal_quote,normal_move_fill,interval_vwap,10265.0,60207000.0,10046.0,60209000,13:43:29.000,hedged_exit,closed,10350.0,10067.0,85.0,-21.0,64.0,0.0,64.0,2031.1,0.0,62.0,0.0
20260303-AP605-0491,20260303,AP605,AP604,long,60212000,13:43:32.000,normal_quote,normal_move_fill,interval_vwap,10267.0,60213000.0,10046.0,60215000,13:43:35.000,hedged_exit,closed,10354.0,10067.0,87.0,-21.0,66.0,0.0,66.0,2031.3000000000002,0.0,63.0,0.0
20260303-AP605-0492,20260303,AP605,AP604,long,60218000,13:43:38.000,normal_quote,normal_move_fill,interval_vwap,10262.0,60219000.0,10046.0,60221000,13:43:41.000,hedged_exit,closed,10351.0,10064.0,89.0,-18.0,71.0,0.0,71.0,2030.8000000000002,0.0,69.0,0.0
20260303-AP605-0493,20260303,AP605,AP604,long,60224000,13:43:44.000,normal_quote,normal_move_fill,interval_vwap,10264.0,60225000.0,10048.0,60227000,13:43:47.000,hedged_exit,closed,10353.0,10070.0,89.0,-22.0,67.0,0.0,67.0,2031.2000000000003,0.0,65.0,0.0
20260303-AP605-0494,20260303,AP605,AP604,long,60230000,13:43:50.000,normal_quote,normal_move_fill,interval_vwap,10264.0,60231000.0,10048.0,60234000,13:43:54.000,hedged_exit,closed,10353.0,10065.0,89.0,-17.0,72.0,0.0,72.0,2031.2000000000003,0.0,71.0,0.0
20260303-AP605-0495,20260303,AP605,AP604,long,60237000,13:43:57.000,normal_quote,normal_move_fill,interval_vwap,10268.0,60238000.0,10046.0,60240000,13:44:00.000,hedged_exit,closed,10353.0,10067.0,85.0,-21.0,64.0,0.0,64.0,2031.4,0.0,62.0,0.0
20260303-AP605-0496,20260303,AP605,AP604,long,60243000,13:44:03.000,normal_quote,normal_move_fill,interval_vwap,10273.0,60244000.0,10057.0,60246000,13:44:06.000,hedged_exit,closed,10366.0,10078.0,93.0,-21.0,72.0,0.0,72.0,2033.0,0.0,68.0,0.0
20260303-AP605-0497,20260303,AP605,AP604,long,60249000,13:44:09.000,normal_quote,normal_move_fill,interval_vwap,10275.0,60250000.0,10065.0,60252000,13:44:12.000,hedged_exit,closed,10370.0,10078.0,95.0,-13.0,82.0,0.0,82.0,2034.0,0.0,80.0,0.0
20260303-AP605-0498,20260303,AP605,AP604,long,60255000,13:44:15.000,normal_quote,normal_move_fill,interval_vwap,10275.0,60256000.0,10061.0,60258000,13:44:18.000,hedged_exit,closed,10366.0,10078.0,91.0,-17.0,74.0,0.0,74.0,2033.6,0.0,71.0,0.0
20260303-AP605-0499,20260303,AP605,AP604,long,60262000,13:44:22.000,normal_quote,normal_move_fill,interval_vwap,10274.0,60263000.0,10064.0,60265000,13:44:25.000,hedged_exit,closed,10366.0,10078.0,92.0,-14.0,78.0,0.0,78.0,2033.8000000000002,0.0,76.0,0.0
20260303-AP605-0500,20260303,AP605,AP604,long,60268000,13:44:28.000,normal_quote,normal_move_fill,interval_vwap,10277.0,60269000.0,10066.0,60271000,13:44:31.000,hedged_exit,closed,10370.0,10078.0,93.0,-12.0,81.0,0.0,81.0,2034.3000000000002,0.0,79.0,0.0
20260303-AP605-0501,20260303,AP605,AP604,long,60274000,13:44:34.000,normal_quote,normal_move_fill,interval_vwap,10279.0,60275000.0,10064.0,60277000,13:44:37.000,hedged_exit,closed,10370.0,10078.0,91.0,-14.0,77.0,0.0,77.0,2034.3000000000002,0.0,75.0,0.0
20260303-AP605-0502,20260303,AP605,AP604,long,60280000,13:44:40.000,normal_quote,normal_move_fill,interval_vwap,10277.0,60281000.0,10063.0,60283000,13:44:43.000,hedged_exit,closed,10368.0,10078.0,91.0,-15.0,76.0,0.0,76.0,2034.0,0.0,74.0,0.0
20260303-AP605-0503,20260303,AP605,AP604,long,60287000,13:44:47.000,normal_quote,normal_move_fill,interval_vwap,10277.0,60288000.0,10062.0,60290000,13:44:50.000,hedged_exit,closed,10368.0,10078.0,91.0,-16.0,75.0,0.0,75.0,2033.9,0.0,73.0,0.0
20260303-AP605-0504,20260303,AP605,AP604,long,60294000,13:44:54.000,normal_quote,normal_move_fill,interval_vwap,10283.0,,,60295000,13:44:55.000,hedge_failure_exit,hedge_failure_exit,10368.0,,85.0,,85.0,0.0,85.0,,0.0,,0.0
20260303-AP605-0505,20260303,AP605,AP604,long,60298000,13:44:58.000,normal_quote,normal_move_fill,interval_vwap,10277.0,60299000.0,10060.0,60301000,13:45:01.000,hedged_exit,closed,10370.0,10078.0,93.0,-18.0,75.0,0.0,75.0,2033.7,0.0,71.0,0.0
20260303-AP605-0506,20260303,AP605,AP604,long,60304000,13:45:04.000,normal_quote,normal_move_fill,interval_vwap,10278.0,60305000.0,10057.0,60307000,13:45:07.000,hedged_exit,closed,10363.0,10074.0,85.0,-17.0,68.0,0.0,68.0,2033.5,0.0,65.0,0.0
20260303-AP605-0507,20260303,AP605,AP604,long,60310000,13:45:10.000,normal_quote,normal_move_fill,interval_vwap,10271.0,60311000.0,10052.0,60313000,13:45:13.000,hedged_exit,closed,10356.0,10068.0,85.0,-16.0,69.0,0.0,69.0,2032.3000000000002,0.0,67.0,0.0
20260303-AP605-0508,20260303,AP605,AP604,long,60316000,13:45:16.000,normal_quote,normal_move_fill,interval_vwap,10269.0,60317000.0,10053.0,60319000,13:45:19.000,hedged_exit,closed,10360.0,10071.0,91.0,-18.0,73.0,0.0,73.0,2032.2000000000003,0.0,71.0,0.0
20260303-AP605-0509,20260303,AP605,AP604,long,60322000,13:45:22.000,normal_quote,normal_move_fill,interval_vwap,10271.0,60323000.0,10050.0,60325000,13:45:25.000,hedged_exit,closed,10357.0,10070.0,86.0,-20.0,66.0,0.0,66.0,2032.1000000000001,0.0,64.0,0.0
20260303-AP605-0510,20260303,AP605,AP604,long,60328000,13:45:28.000,normal_quote,normal_move_fill,interval_vwap,10272.0,60329000.0,10055.0,60331000,13:45:31.000,hedged_exit,closed,10366.0,10077.0,94.0,-22.0,72.0,0.0,72.0,2032.7,0.0,66.0,0.0
20260303-AP605-0511,20260303,AP605,AP604,long,60334000,13:45:34.000,normal_quote,normal_move_fill,interval_vwap,10276.0,60335000.0,10061.0,60337000,13:45:37.000,hedged_exit,closed,10363.0,10076.0,87.0,-15.0,72.0,0.0,72.0,2033.7000000000003,0.0,70.0,0.0
20260303-AP605-0512,20260303,AP605,AP604,long,60340000,13:45:40.000,normal_quote,normal_move_fill,interval_vwap,10276.0,60341000.0,10061.0,60343000,13:45:43.000,hedged_exit,closed,10368.0,10078.0,92.0,-17.0,75.0,0.0,75.0,2033.7000000000003,0.0,72.0,0.0
20260303-AP605-0513,20260303,AP605,AP604,long,60346000,13:45:46.000,normal_quote,normal_move_fill,interval_vwap,10275.0,60347000.0,10052.0,60349000,13:45:49.000,hedged_exit,closed,10357.0,10068.0,82.0,-16.0,66.0,0.0,66.0,2032.7,0.0,64.0,0.0
20260303-AP605-0514,20260303,AP605,AP604,long,60352000,13:45:52.000,normal_quote,normal_move_fill,interval_vwap,10269.0,60353000.0,10050.0,60355000,13:45:55.000,hedged_exit,closed,10356.0,10070.0,87.0,-20.0,67.0,0.0,67.0,2031.9,0.0,65.0,0.0
20260303-AP605-0515,20260303,AP605,AP604,long,60358000,13:45:58.000,normal_quote,normal_move_fill,interval_vwap,10271.0,60359000.0,10050.0,60361000,13:46:01.000,hedged_exit,closed,10360.0,10078.0,89.0,-28.0,61.0,0.0,61.0,2032.1000000000001,0.0,59.0,0.0
20260303-AP605-0516,20260303,AP605,AP604,long,60364000,13:46:04.000,normal_quote,normal_move_fill,interval_vwap,10278.0,60365000.0,10051.0,60367000,13:46:07.000,hedged_exit,closed,10359.0,10078.0,81.0,-27.0,54.0,0.0,54.0,2032.9,0.0,52.0,0.0
20260303-AP605-0517,20260303,AP605,AP604,long,60370000,13:46:10.000,normal_quote,normal_move_fill,interval_vwap,10274.0,60371000.0,10054.0,60373000,13:46:13.000,hedged_exit,closed,10358.0,10078.0,84.0,-24.0,60.0,0.0,60.0,2032.8000000000002,0.0,58.0,0.0
20260303-AP605-0518,20260303,AP605,AP604,long,60376000,13:46:16.000,normal_quote,normal_move_fill,interval_vwap,10273.0,60377000.0,10053.0,60379000,13:46:19.000,hedged_exit,closed,10359.0,10076.0,86.0,-23.0,63.0,0.0,63.0,2032.6,0.0,60.0,0.0
20260303-AP605-0519,20260303,AP605,AP604,long,60383000,13:46:23.000,normal_quote,normal_move_fill,interval_vwap,10274.0,60384000.0,10056.0,60386000,13:46:26.000,hedged_exit,closed,10361.0,10078.0,87.0,-22.0,65.0,0.0,65.0,2033.0,0.0,63.0,0.0
20260303-AP605-0520,20260303,AP605,AP604,long,60389000,13:46:29.000,normal_quote,normal_move_fill,interval_vwap,10274.0,60390000.0,10057.0,60392000,13:46:32.000,hedged_exit,closed,10360.0,10078.0,86.0,-21.0,65.0,0.0,65.0,2033.1000000000001,0.0,63.0,0.0
20260303-AP605-0521,20260303,AP605,AP604,long,60396000,13:46:36.000,normal_quote,normal_move_fill,interval_vwap,10274.0,60397000.0,10054.0,60399000,13:46:39.000,hedged_exit,closed,10359.0,10076.0,85.0,-22.0,63.0,0.0,63.0,2032.8000000000002,0.0,60.0,0.0
20260303-AP605-0522,20260303,AP605,AP604,long,60402000,13:46:42.000,normal_quote,normal_move_fill,interval_vwap,10274.0,60403000.0,10054.0,60405000,13:46:45.000,hedged_exit,closed,10358.0,10076.0,84.0,-22.0,62.0,0.0,62.0,2032.8000000000002,0.0,60.0,0.0
20260303-AP605-0523,20260303,AP605,AP604,long,60408000,13:46:48.000,normal_quote,normal_move_fill,interval_vwap,10273.0,60409000.0,10051.0,60411000,13:46:51.000,hedged_exit,closed,10357.0,10074.0,84.0,-23.0,61.0,0.0,61.0,2032.4,0.0,59.0,0.0
20260303-AP605-0524,20260303,AP605,AP604,long,60414000,13:46:54.000,normal_quote,normal_move_fill,interval_vwap,10270.0,60415000.0,10049.0,60417000,13:46:57.000,hedged_exit,closed,10355.0,10072.0,85.0,-23.0,62.0,0.0,62.0,2031.9,0.0,60.0,0.0
20260303-AP605-0525,20260303,AP605,AP604,long,60420000,13:47:00.000,normal_quote,normal_move_fill,interval_vwap,10268.0,60421000.0,10049.0,60423000,13:47:03.000,hedged_exit,closed,10359.0,10077.0,91.0,-28.0,63.0,0.0,63.0,2031.7,0.0,61.0,0.0
20260303-AP605-0526,20260303,AP605,AP604,long,60426000,13:47:06.000,normal_quote,normal_move_fill,interval_vwap,10274.0,60427000.0,10054.0,60429000,13:47:09.000,hedged_exit,closed,10361.0,10078.0,87.0,-24.0,63.0,0.0,63.0,2032.8000000000002,0.0,60.0,0.0
20260303-AP605-0527,20260303,AP605,AP604,long,60432000,13:47:12.000,normal_quote,normal_move_fill,interval_vwap,10275.0,60433000.0,10049.0,60436000,13:47:16.000,hedged_exit,closed,10356.0,10076.0,81.0,-27.0,54.0,0.0,54.0,2032.4,0.0,51.0,0.0
20260303-AP605-0528,20260303,AP605,AP604,long,60439000,13:47:19.000,normal_quote,normal_move_fill,interval_vwap,10272.0,60440000.0,10048.0,60442000,13:47:22.000,hedged_exit,closed,10356.0,10073.0,84.0,-25.0,59.0,0.0,59.0,2032.0,0.0,56.0,0.0
20260303-AP605-0529,20260303,AP605,AP604,long,60445000,13:47:25.000,normal_quote,normal_move_fill,interval_vwap,10271.0,60446000.0,10047.0,60448000,13:47:28.000,hedged_exit,closed,10355.0,10075.0,84.0,-28.0,56.0,0.0,56.0,2031.8000000000002,0.0,54.0,0.0
20260303-AP605-0530,20260303,AP605,AP604,long,60451000,13:47:31.000,normal_quote,normal_move_fill,interval_vwap,10265.0,60452000.0,10053.0,60454000,13:47:34.000,hedged_exit,closed,10355.0,10077.0,90.0,-24.0,66.0,0.0,66.0,2031.8000000000002,0.0,63.0,0.0
20260303-AP605-0531,20260303,AP605,AP604,long,60457000,13:47:37.000,normal_quote,normal_move_fill,interval_vwap,10268.0,60458000.0,10050.0,60460000,13:47:40.000,hedged_exit,closed,10356.0,10076.0,88.0,-26.0,62.0,0.0,62.0,2031.8,0.0,60.0,0.0
20260303-AP605-0532,20260303,AP605,AP604,long,60465000,13:47:45.000,normal_quote,normal_move_fill,interval_vwap,10268.0,60466000.0,10050.0,60468000,13:47:48.000,hedged_exit,closed,10357.0,10075.0,89.0,-25.0,64.0,0.0,64.0,2031.8,0.0,60.0,0.0
20260303-AP605-0533,20260303,AP605,AP604,long,60471000,13:47:51.000,normal_quote,normal_move_fill,interval_vwap,10274.0,60472000.0,10053.0,60475000,13:47:55.000,hedged_exit,closed,10359.0,10078.0,85.0,-25.0,60.0,0.0,60.0,2032.7000000000003,0.0,59.0,0.0
20260303-AP605-0534,20260303,AP605,AP604,long,60478000,13:47:58.000,normal_quote,normal_move_fill,interval_vwap,10277.0,60479000.0,10055.0,60481000,13:48:01.000,hedged_exit,closed,10362.0,10078.0,85.0,-23.0,62.0,0.0,62.0,2033.2,0.0,60.0,0.0
20260303-AP605-0535,20260303,AP605,AP604,long,60484000,13:48:04.000,normal_quote,normal_move_fill,interval_vwap,10281.0,60485000.0,10057.0,60487000,13:48:07.000,hedged_exit,closed,10364.0,10078.0,83.0,-21.0,62.0,0.0,62.0,2033.8000000000002,0.0,59.0,0.0
20260303-AP605-0536,20260303,AP605,AP604,long,60490000,13:48:10.000,normal_quote,normal_move_fill,interval_vwap,10281.0,60491000.0,10060.0,60493000,13:48:13.000,hedged_exit,closed,10368.0,10078.0,87.0,-18.0,69.0,0.0,69.0,2034.1000000000001,0.0,63.0,0.0
20260303-AP605-0537,20260303,AP605,AP604,long,60496000,13:48:16.000,normal_quote,normal_move_fill,interval_vwap,10277.0,60497000.0,10063.0,60499000,13:48:19.000,hedged_exit,closed,10367.0,10078.0,90.0,-15.0,75.0,0.0,75.0,2034.0,0.0,73.0,0.0
20260303-AP605-0538,20260303,AP605,AP604,long,60502000,13:48:22.000,normal_quote,normal_move_fill,interval_vwap,10282.0,60503000.0,10058.0,60505000,13:48:25.000,hedged_exit,closed,10367.0,10078.0,85.0,-20.0,65.0,0.0,65.0,2034.0,0.0,63.0,0.0
20260303-AP605-0539,20260303,AP605,AP604,long,60508000,13:48:28.000,normal_quote,normal_move_fill,interval_vwap,10275.0,60509000.0,10062.0,60511000,13:48:31.000,hedged_exit,closed,10370.0,10078.0,95.0,-16.0,79.0,0.0,79.0,2033.7,0.0,75.0,0.0
20260303-AP605-0540,20260303,AP605,AP604,long,60514000,13:48:34.000,normal_quote,normal_move_fill,interval_vwap,10276.0,60515000.0,10061.0,60517000,13:48:37.000,hedged_exit,closed,10367.0,10078.0,91.0,-17.0,74.0,0.0,74.0,2033.7000000000003,0.0,72.0,0.0
20260303-AP605-0541,20260303,AP605,AP604,long,60520000,13:48:40.000,normal_quote,normal_move_fill,interval_vwap,10274.0,60521000.0,10060.0,60523000,13:48:43.000,hedged_exit,closed,10365.0,10078.0,91.0,-18.0,73.0,0.0,73.0,2033.4,0.0,71.0,0.0
20260303-AP605-0542,20260303,AP605,AP604,long,60526000,13:48:46.000,normal_quote,normal_move_fill,interval_vwap,10274.0,60527000.0,10059.0,60529000,13:48:49.000,hedged_exit,closed,10364.0,10078.0,90.0,-19.0,71.0,0.0,71.0,2033.3000000000002,0.0,69.0,0.0
20260303-AP605-0543,20260303,AP605,AP604,long,60532000,13:48:52.000,normal_quote,normal_move_fill,interval_vwap,10280.0,60533000.0,10061.0,60535000,13:48:55.000,hedged_exit,closed,10368.0,10078.0,88.0,-17.0,71.0,0.0,71.0,2034.1,0.0,66.0,0.0
20260303-AP605-0544,20260303,AP605,AP604,long,60538000,13:48:58.000,normal_quote,normal_move_fill,interval_vwap,10278.0,60539000.0,10057.0,60541000,13:49:01.000,hedged_exit,closed,10365.0,10078.0,87.0,-21.0,66.0,0.0,66.0,2033.5,0.0,61.0,0.0
20260303-AP605-0545,20260303,AP605,AP604,long,60544000,13:49:04.000,normal_quote,normal_move_fill,interval_vwap,10280.0,60545000.0,10061.0,60547000,13:49:07.000,hedged_exit,closed,10367.0,10078.0,87.0,-17.0,70.0,0.0,70.0,2034.1,0.0,68.0,0.0
20260303-AP605-0546,20260303,AP605,AP604,long,60552000,13:49:12.000,normal_quote,normal_move_fill,interval_vwap,10285.0,60553000.0,10074.0,60555000,13:49:15.000,hedged_exit,closed,10375.0,10078.0,90.0,-4.0,86.0,0.0,86.0,2035.9,0.0,84.0,0.0
20260303-AP605-0547,20260303,AP605,AP604,long,60558000,13:49:18.000,normal_quote,normal_move_fill,interval_vwap,10291.0,60559000.0,10070.0,60561000,13:49:21.000,hedged_exit,closed,10376.0,10078.0,85.0,-8.0,77.0,0.0,77.0,2036.1000000000001,0.0,75.0,0.0
20260303-AP605-0548,20260303,AP605,AP604,long,60564000,13:49:24.000,normal_quote,normal_move_fill,interval_vwap,10291.0,60565000.0,10070.0,60567000,13:49:27.000,hedged_exit,closed,10376.0,10078.0,85.0,-8.0,77.0,0.0,77.0,2036.1000000000001,0.0,74.0,0.0
20260303-AP605-0549,20260303,AP605,AP604,long,60570000,13:49:30.000,normal_quote,normal_move_fill,interval_vwap,10294.0,60571000.0,10073.0,60573000,13:49:33.000,hedged_exit,closed,10377.0,10078.0,83.0,-5.0,78.0,0.0,78.0,2036.7000000000003,0.0,76.0,0.0
20260303-AP605-0550,20260303,AP605,AP604,long,60576000,13:49:36.000,normal_quote,normal_move_fill,interval_vwap,10294.0,60577000.0,10072.0,60579000,13:49:39.000,hedged_exit,closed,10379.0,10078.0,85.0,-6.0,79.0,0.0,79.0,2036.6000000000001,0.0,77.0,0.0
20260303-AP605-0551,20260303,AP605,AP604,long,60582000,13:49:42.000,normal_quote,normal_move_fill,interval_vwap,10292.0,60583000.0,10070.0,60585000,13:49:45.000,hedged_exit,closed,10376.0,10078.0,84.0,-8.0,76.0,0.0,76.0,2036.2,0.0,74.0,0.0
20260303-AP605-0552,20260303,AP605,AP604,long,60588000,13:49:48.000,normal_quote,normal_move_fill,interval_vwap,10291.0,60589000.0,10066.0,60591000,13:49:51.000,hedged_exit,closed,10373.0,10078.0,82.0,-12.0,70.0,0.0,70.0,2035.7000000000003,0.0,68.0,0.0
20260303-AP605-0553,20260303,AP605,AP604,long,60594000,13:49:54.000,normal_quote,normal_move_fill,interval_vwap,10277.0,60595000.0,10063.0,60597000,13:49:57.000,hedged_exit,closed,10368.0,10078.0,91.0,-15.0,76.0,0.0,76.0,2034.0,0.0,74.0,0.0
20260303-AP605-0554,20260303,AP605,AP604,long,60600000,13:50:00.000,normal_quote,normal_move_fill,interval_vwap,10282.0,60601000.0,10066.0,60603000,13:50:03.000,hedged_exit,closed,10368.0,10078.0,86.0,-12.0,74.0,0.0,74.0,2034.8000000000002,0.0,72.0,0.0
20260303-AP605-0555,20260303,AP605,AP604,long,60606000,13:50:06.000,normal_quote,normal_move_fill,interval_vwap,10280.0,60607000.0,10064.0,60609000,13:50:09.000,hedged_exit,closed,10362.0,10078.0,82.0,-14.0,68.0,0.0,68.0,2034.4,0.0,66.0,0.0
20260303-AP605-0556,20260303,AP605,AP604,long,60612000,13:50:12.000,normal_quote,normal_move_fill,interval_vwap,10275.0,60613000.0,10062.0,60615000,13:50:15.000,hedged_exit,closed,10361.0,10078.0,86.0,-16.0,70.0,0.0,70.0,2033.7,0.0,68.0,0.0
20260303-AP605-0557,20260303,AP605,AP604,long,60618000,13:50:18.000,normal_quote,normal_move_fill,interval_vwap,10275.0,60619000.0,10056.0,60621000,13:50:21.000,hedged_exit,closed,10360.0,10078.0,85.0,-22.0,63.0,0.0,63.0,2033.1,0.0,60.0,0.0
20260303-AP605-0558,20260303,AP605,AP604,long,60624000,13:50:24.000,normal_quote,normal_move_fill,interval_vwap,10279.0,60625000.0,10061.0,60627000,13:50:27.000,hedged_exit,closed,10365.0,10078.0,86.0,-17.0,69.0,0.0,69.0,2034.0,0.0,64.0,0.0
20260303-AP605-0559,20260303,AP605,AP604,long,60630000,13:50:30.000,normal_quote,normal_move_fill,interval_vwap,10278.0,60631000.0,10066.0,60633000,13:50:33.000,hedged_exit,closed,10362.0,10078.0,84.0,-12.0,72.0,0.0,72.0,2034.4,0.0,70.0,0.0
20260303-AP605-0560,20260303,AP605,AP604,long,60636000,13:50:36.000,normal_quote,normal_move_fill,interval_vwap,10275.0,60637000.0,10060.0,60639000,13:50:39.000,hedged_exit,closed,10361.0,10078.0,86.0,-18.0,68.0,0.0,68.0,2033.5,0.0,65.0,0.0
20260303-AP605-0561,20260303,AP605,AP604,long,60642000,13:50:42.000,normal_quote,normal_move_fill,interval_vwap,10273.0,60643000.0,10051.0,60645000,13:50:45.000,hedged_exit,closed,10355.0,10072.0,82.0,-21.0,61.0,0.0,61.0,2032.4,0.0,58.0,0.0
20260303-AP605-0562,20260303,AP605,AP604,long,60648000,13:50:48.000,normal_quote,normal_move_fill,interval_vwap,10267.0,60649000.0,10051.0,60651000,13:50:51.000,hedged_exit,closed,10350.0,10067.0,83.0,-16.0,67.0,0.0,67.0,2031.8000000000002,0.0,64.0,0.0
20260303-AP605-0563,20260303,AP605,AP604,long,60654000,13:50:54.000,normal_quote,normal_move_fill,interval_vwap,10265.0,60655000.0,10049.0,60657000,13:50:57.000,hedged_exit,closed,10346.0,10063.0,81.0,-14.0,67.0,0.0,67.0,2031.4,0.0,65.0,0.0
20260303-AP605-0564,20260303,AP605,AP604,long,60660000,13:51:00.000,normal_quote,normal_move_fill,interval_vwap,10260.0,60661000.0,10042.0,60663000,13:51:03.000,hedged_exit,closed,10341.0,10061.0,81.0,-19.0,62.0,0.0,62.0,2030.2,0.0,60.0,0.0
20260303-AP605-0565,20260303,AP605,AP604,long,60666000,13:51:06.000,normal_quote,normal_move_fill,interval_vwap,10253.0,60667000.0,10038.0,60669000,13:51:09.000,hedged_exit,closed,10341.0,10061.0,88.0,-23.0,65.0,0.0,65.0,2029.1,0.0,63.0,0.0
20260303-AP605-0566,20260303,AP605,AP604,long,60672000,13:51:12.000,normal_quote,normal_move_fill,interval_vwap,10262.0,60673000.0,10042.0,60675000,13:51:15.000,hedged_exit,closed,10342.0,10059.0,80.0,-17.0,63.0,0.0,63.0,2030.4,0.0,61.0,0.0
20260303-AP605-0567,20260303,AP605,AP604,long,60678000,13:51:18.000,normal_quote,normal_move_fill,interval_vwap,10260.0,60679000.0,10045.0,60681000,13:51:21.000,hedged_exit,closed,10348.0,10066.0,88.0,-21.0,67.0,0.0,67.0,2030.5,0.0,65.0,0.0
20260303-AP605-0568,20260303,AP605,AP604,long,60684000,13:51:24.000,normal_quote,normal_move_fill,interval_vwap,10265.0,60685000.0,10047.0,60687000,13:51:27.000,hedged_exit,closed,10347.0,10066.0,82.0,-19.0,63.0,0.0,63.0,2031.2,0.0,61.0,0.0
20260303-AP605-0569,20260303,AP605,AP604,long,60690000,13:51:30.000,normal_quote,normal_move_fill,interval_vwap,10265.0,60691000.0,10049.0,60693000,13:51:33.000,hedged_exit,closed,10350.0,10067.0,85.0,-18.0,67.0,0.0,67.0,2031.4,0.0,65.0,0.0
20260303-AP605-0570,20260303,AP605,AP604,long,60696000,13:51:36.000,normal_quote,normal_move_fill,interval_vwap,10270.0,60697000.0,10049.0,60699000,13:51:39.000,hedged_exit,closed,10353.0,10071.0,83.0,-22.0,61.0,0.0,61.0,2031.9,0.0,59.0,0.0
20260303-AP605-0571,20260303,AP605,AP604,long,60702000,13:51:42.000,normal_quote,normal_move_fill,interval_vwap,10275.0,60703000.0,10052.0,60705000,13:51:45.000,hedged_exit,closed,10353.0,10074.0,78.0,-22.0,56.0,0.0,56.0,2032.7,0.0,54.0,0.0
20260303-AP605-0572,20260303,AP605,AP604,long,60708000,13:51:48.000,normal_quote,normal_move_fill,interval_vwap,10272.0,60709000.0,10050.0,60711000,13:51:51.000,hedged_exit,closed,10352.0,10070.0,80.0,-20.0,60.0,0.0,60.0,2032.2,0.0,58.0,0.0
20260303-AP605-0573,20260303,AP605,AP604,long,60714000,13:51:54.000,normal_quote,normal_move_fill,interval_vwap,10266.0,60715000.0,10044.0,60717000,13:51:57.000,hedged_exit,closed,10344.0,10062.0,78.0,-18.0,60.0,0.0,60.0,2031.0000000000002,0.0,58.0,0.0
20260303-AP605-0574,20260303,AP605,AP604,long,60720000,13:52:00.000,normal_quote,normal_move_fill,interval_vwap,10269.0,60721000.0,10042.0,60723000,13:52:03.000,hedged_exit,closed,10343.0,10062.0,74.0,-20.0,54.0,0.0,54.0,2031.1000000000001,0.0,52.0,0.0
20260303-AP605-0575,20260303,AP605,AP604,long,60726000,13:52:06.000,normal_quote,normal_move_fill,interval_vwap,10261.0,60727000.0,10040.0,60729000,13:52:09.000,hedged_exit,closed,10344.0,10062.0,83.0,-22.0,61.0,0.0,61.0,2030.1000000000001,0.0,59.0,0.0
20260303-AP605-0576,20260303,AP605,AP604,long,60732000,13:52:12.000,normal_quote,normal_move_fill,interval_vwap,10266.0,60733000.0,10046.0,60735000,13:52:15.000,hedged_exit,closed,10350.0,10069.0,84.0,-23.0,61.0,0.0,61.0,2031.2000000000003,0.0,59.0,0.0
20260303-AP605-0577,20260303,AP605,AP604,long,60738000,13:52:18.000,normal_quote,normal_move_fill,interval_vwap,10269.0,60739000.0,10050.0,60741000,13:52:21.000,hedged_exit,closed,10347.0,10073.0,78.0,-23.0,55.0,0.0,55.0,2031.9,0.0,53.0,0.0
20260303-AP605-0578,20260303,AP605,AP604,long,60744000,13:52:24.000,normal_quote,normal_move_fill,interval_vwap,10266.0,60745000.0,10044.0,60747000,13:52:27.000,hedged_exit,closed,10346.0,10073.0,80.0,-29.0,51.0,0.0,51.0,2031.0000000000002,0.0,49.0,0.0
20260303-AP605-0579,20260303,AP605,AP604,long,60750000,13:52:30.000,normal_quote,normal_move_fill,interval_vwap,10267.0,60751000.0,10043.0,60753000,13:52:33.000,hedged_exit,closed,10345.0,10069.0,78.0,-26.0,52.0,0.0,52.0,2031.0,0.0,48.0,0.0
20260303-AP605-0580,20260303,AP605,AP604,long,60756000,13:52:36.000,normal_quote,normal_move_fill,interval_vwap,10259.0,60757000.0,10042.0,60759000,13:52:39.000,hedged_exit,closed,10346.0,10068.0,87.0,-26.0,61.0,0.0,61.0,2030.1000000000001,0.0,57.0,0.0
20260303-AP605-0581,20260303,AP605,AP604,long,60762000,13:52:42.000,normal_quote,normal_move_fill,interval_vwap,10269.0,60763000.0,10044.0,60765000,13:52:45.000,hedged_exit,closed,10345.0,10069.0,76.0,-25.0,51.0,0.0,51.0,2031.3000000000002,0.0,48.0,0.0
20260303-AP605-0582,20260303,AP605,AP604,long,60768000,13:52:48.000,normal_quote,normal_move_fill,interval_vwap,10265.0,60769000.0,10042.0,60772000,13:52:52.000,hedged_exit,closed,10343.0,10068.0,78.0,-26.0,52.0,0.0,52.0,2030.7,0.0,51.0,0.0
20260303-AP605-0583,20260303,AP605,AP604,long,60776000,13:52:56.000,normal_quote,normal_move_fill,interval_vwap,10266.0,60777000.0,10043.0,60779000,13:52:59.000,hedged_exit,closed,10343.0,10065.0,77.0,-22.0,55.0,0.0,55.0,2030.9,0.0,53.0,0.0
20260303-AP605-0584,20260303,AP605,AP604,long,60782000,13:53:02.000,normal_quote,normal_move_fill,interval_vwap,10267.0,60783000.0,10046.0,60785000,13:53:05.000,hedged_exit,closed,10344.0,10069.0,77.0,-23.0,54.0,0.0,54.0,2031.3000000000002,0.0,52.0,0.0
20260303-AP605-0585,20260303,AP605,AP604,long,60788000,13:53:08.000,normal_quote,normal_move_fill,interval_vwap,10266.0,60789000.0,10046.0,60791000,13:53:11.000,hedged_exit,closed,10351.0,10074.0,85.0,-28.0,57.0,0.0,57.0,2031.2000000000003,0.0,55.0,0.0
20260303-AP605-0586,20260303,AP605,AP604,long,60794000,13:53:14.000,normal_quote,normal_move_fill,interval_vwap,10271.0,60795000.0,10047.0,60797000,13:53:17.000,hedged_exit,closed,10345.0,10069.0,74.0,-22.0,52.0,0.0,52.0,2031.8000000000002,0.0,45.0,0.0
20260303-AP605-0587,20260303,AP605,AP604,long,60800000,13:53:20.000,normal_quote,normal_move_fill,interval_vwap,10263.0,60801000.0,10043.0,60803000,13:53:23.000,hedged_exit,closed,10346.0,10045.0,83.0,-2.0,81.0,0.0,81.0,2030.6,0.0,79.0,0.0
20260303-AP605-0588,20260303,AP605,AP604,long,60806000,13:53:26.000,normal_quote,normal_move_fill,interval_vwap,10260.0,60807000.0,10038.0,60809000,13:53:29.000,hedged_exit,closed,10348.0,10045.0,88.0,-7.0,81.0,0.0,81.0,2029.8000000000002,0.0,78.0,0.0
20260303-AP605-0589,20260303,AP605,AP604,long,60812000,13:53:32.000,normal_quote,normal_move_fill,interval_vwap,10266.0,60813000.0,10041.0,60815000,13:53:35.000,hedged_exit,closed,10349.0,10075.0,83.0,-34.0,49.0,0.0,49.0,2030.7000000000003,0.0,47.0,0.0
20260303-AP605-0590,20260303,AP605,AP604,long,60818000,13:53:38.000,normal_quote,normal_move_fill,interval_vwap,10269.0,60819000.0,10044.0,60821000,13:53:41.000,hedged_exit,closed,10349.0,10075.0,80.0,-31.0,49.0,0.0,49.0,2031.3000000000002,0.0,47.0,0.0
20260303-AP605-0591,20260303,AP605,AP604,long,60824000,13:53:44.000,normal_quote,normal_move_fill,interval_vwap,10269.0,60825000.0,10045.0,60827000,13:53:47.000,hedged_exit,closed,10351.0,10076.0,82.0,-31.0,51.0,0.0,51.0,2031.4,0.0,49.0,0.0
20260303-AP605-0592,20260303,AP605,AP604,long,60830000,13:53:50.000,normal_quote,normal_move_fill,interval_vwap,10268.0,60831000.0,10051.0,60833000,13:53:53.000,hedged_exit,closed,10356.0,10078.0,88.0,-27.0,61.0,0.0,61.0,2031.9,0.0,59.0,0.0
20260303-AP605-0593,20260303,AP605,AP604,long,60836000,13:53:56.000,normal_quote,normal_move_fill,interval_vwap,10273.0,60837000.0,10057.0,60839000,13:53:59.000,hedged_exit,closed,10360.0,10078.0,87.0,-21.0,66.0,0.0,66.0,2033.0,0.0,64.0,0.0
20260303-AP605-0594,20260303,AP605,AP604,long,60842000,13:54:02.000,normal_quote,normal_move_fill,interval_vwap,10273.0,60843000.0,10054.0,60845000,13:54:05.000,hedged_exit,closed,10359.0,10078.0,86.0,-24.0,62.0,0.0,62.0,2032.7,0.0,60.0,0.0
20260303-AP605-0595,20260303,AP605,AP604,long,60848000,13:54:08.000,normal_quote,normal_move_fill,interval_vwap,10274.0,60849000.0,10050.0,60851000,13:54:11.000,hedged_exit,closed,10355.0,10078.0,81.0,-28.0,53.0,0.0,53.0,2032.4,0.0,51.0,0.0
20260303-AP605-0596,20260303,AP605,AP604,long,60855000,13:54:15.000,normal_quote,normal_move_fill,interval_vwap,10269.0,60856000.0,10048.0,60858000,13:54:18.000,hedged_exit,closed,10353.0,10078.0,84.0,-30.0,54.0,0.0,54.0,2031.7000000000003,0.0,52.0,0.0
20260303-AP605-0597,20260303,AP605,AP604,long,60861000,13:54:21.000,normal_quote,normal_move_fill,interval_vwap,10267.0,60862000.0,10045.0,60864000,13:54:24.000,hedged_exit,closed,10350.0,10074.0,83.0,-29.0,54.0,0.0,54.0,2031.2,0.0,52.0,0.0
20260303-AP605-0598,20260303,AP605,AP604,long,60868000,13:54:28.000,normal_quote,normal_move_fill,interval_vwap,10267.0,60869000.0,10046.0,60871000,13:54:31.000,hedged_exit,closed,10352.0,10074.0,85.0,-28.0,57.0,0.0,57.0,2031.3000000000002,0.0,53.0,0.0
20260303-AP605-0599,20260303,AP605,AP604,long,60874000,13:54:34.000,normal_quote,normal_move_fill,interval_vwap,10268.0,,,60875000,13:54:35.000,hedge_failure_exit,hedge_failure_exit,10352.0,,84.0,,84.0,0.0,84.0,,0.0,,0.0
20260303-AP605-0600,20260303,AP605,AP604,long,60878000,13:54:38.000,normal_quote,normal_move_fill,interval_vwap,10267.0,60879000.0,10044.0,60881000,13:54:41.000,hedged_exit,closed,10353.0,10075.0,86.0,-31.0,55.0,0.0,55.0,2031.1000000000001,0.0,53.0,0.0
20260303-AP605-0601,20260303,AP605,AP604,long,60884000,13:54:44.000,normal_quote,normal_move_fill,interval_vwap,10268.0,60885000.0,10049.0,60887000,13:54:47.000,hedged_exit,closed,10354.0,10076.0,86.0,-27.0,59.0,0.0,59.0,2031.7,0.0,56.0,0.0
20260303-AP605-0602,20260303,AP605,AP604,long,60890000,13:54:50.000,normal_quote,normal_move_fill,interval_vwap,10267.0,60891000.0,10039.0,60893000,13:54:53.000,hedged_exit,closed,10343.0,10066.0,76.0,-27.0,49.0,0.0,49.0,2030.6000000000001,0.0,47.0,0.0
20260303-AP605-0603,20260303,AP605,AP604,long,60896000,13:54:56.000,normal_quote,normal_move_fill,interval_vwap,10259.0,60897000.0,10035.0,60899000,13:54:59.000,hedged_exit,closed,10340.0,10062.0,81.0,-27.0,54.0,0.0,54.0,2029.4,0.0,52.0,0.0
20260303-AP605-0604,20260303,AP605,AP604,long,60902000,13:55:02.000,normal_quote,normal_move_fill,interval_vwap,10257.0,60903000.0,10041.0,60905000,13:55:05.000,hedged_exit,closed,10347.0,10069.0,90.0,-28.0,62.0,0.0,62.0,2029.8000000000002,0.0,58.0,0.0
20260303-AP605-0605,20260303,AP605,AP604,long,60908000,13:55:08.000,normal_quote,normal_move_fill,interval_vwap,10266.0,60909000.0,10041.0,60911000,13:55:11.000,hedged_exit,closed,10349.0,10073.0,83.0,-32.0,51.0,0.0,51.0,2030.7000000000003,0.0,49.0,0.0
20260303-AP605-0606,20260303,AP605,AP604,long,60914000,13:55:14.000,normal_quote,normal_move_fill,interval_vwap,10266.0,60915000.0,10044.0,60917000,13:55:17.000,hedged_exit,closed,10350.0,10074.0,84.0,-30.0,54.0,0.0,54.0,2031.0000000000002,0.0,52.0,0.0
20260303-AP605-0607,20260303,AP605,AP604,long,60920000,13:55:20.000,normal_quote,normal_move_fill,interval_vwap,10268.0,60921000.0,10051.0,60923000,13:55:23.000,hedged_exit,closed,10360.0,10078.0,92.0,-27.0,65.0,0.0,65.0,2031.9,0.0,62.0,0.0
20260303-AP605-0608,20260303,AP605,AP604,long,60926000,13:55:26.000,normal_quote,normal_move_fill,interval_vwap,10273.0,60927000.0,10054.0,60929000,13:55:29.000,hedged_exit,closed,10360.0,10078.0,87.0,-24.0,63.0,0.0,63.0,2032.7,0.0,60.0,0.0
20260303-AP605-0609,20260303,AP605,AP604,long,60932000,13:55:32.000,normal_quote,normal_move_fill,interval_vwap,10275.0,60933000.0,10060.0,60935000,13:55:35.000,hedged_exit,closed,10370.0,10078.0,95.0,-18.0,77.0,0.0,77.0,2033.5,0.0,73.0,0.0
20260303-AP605-0610,20260303,AP605,AP604,long,60938000,13:55:38.000,normal_quote,normal_move_fill,interval_vwap,10280.0,60939000.0,10070.0,60941000,13:55:41.000,hedged_exit,closed,10370.0,10078.0,90.0,-8.0,82.0,0.0,82.0,2035.0,0.0,80.0,0.0
20260303-AP605-0611,20260303,AP605,AP604,long,60944000,13:55:44.000,normal_quote,normal_move_fill,interval_vwap,10276.0,60945000.0,10061.0,60947000,13:55:47.000,hedged_exit,closed,10365.0,10078.0,89.0,-17.0,72.0,0.0,72.0,2033.7000000000003,0.0,70.0,0.0
20260303-AP605-0612,20260303,AP605,AP604,long,60950000,13:55:50.000,normal_quote,normal_move_fill,interval_vwap,10277.0,60951000.0,10060.0,60953000,13:55:53.000,hedged_exit,closed,10366.0,10078.0,89.0,-18.0,71.0,0.0,71.0,2033.7,0.0,69.0,0.0
20260303-AP605-0613,20260303,AP605,AP604,long,60956000,13:55:56.000,normal_quote,normal_move_fill,interval_vwap,10277.0,60957000.0,10061.0,60959000,13:55:59.000,hedged_exit,closed,10366.0,10078.0,89.0,-17.0,72.0,0.0,72.0,2033.8000000000002,0.0,70.0,0.0
20260303-AP605-0614,20260303,AP605,AP604,long,60962000,13:56:02.000,normal_quote,normal_move_fill,interval_vwap,10277.0,60963000.0,10063.0,60965000,13:56:05.000,hedged_exit,closed,10369.0,10078.0,92.0,-15.0,77.0,0.0,77.0,2034.0,0.0,74.0,0.0
20260303-AP605-0615,20260303,AP605,AP604,long,60968000,13:56:08.000,normal_quote,normal_move_fill,interval_vwap,10279.0,60969000.0,10065.0,60971000,13:56:11.000,hedged_exit,closed,10368.0,10078.0,89.0,-13.0,76.0,0.0,76.0,2034.4,0.0,74.0,0.0
20260303-AP605-0616,20260303,AP605,AP604,long,60974000,13:56:14.000,normal_quote,normal_move_fill,interval_vwap,10278.0,60975000.0,10066.0,60977000,13:56:17.000,hedged_exit,closed,10370.0,10078.0,92.0,-12.0,80.0,0.0,80.0,2034.4,0.0,78.0,0.0
20260303-AP605-0617,20260303,AP605,AP604,long,60980000,13:56:20.000,normal_quote,normal_move_fill,interval_vwap,10278.0,60981000.0,10067.0,60983000,13:56:23.000,hedged_exit,closed,10371.0,10078.0,93.0,-11.0,82.0,0.0,82.0,2034.5,0.0,80.0,0.0
20260303-AP605-0618,20260303,AP605,AP604,long,60986000,13:56:26.000,normal_quote,normal_move_fill,interval_vwap,10277.0,60987000.0,10064.0,60989000,13:56:29.000,hedged_exit,closed,10369.0,10078.0,92.0,-14.0,78.0,0.0,78.0,2034.1000000000001,0.0,76.0,0.0
20260303-AP605-0619,20260303,AP605,AP604,long,60993000,13:56:33.000,normal_quote,normal_move_fill,interval_vwap,10279.0,60994000.0,10065.0,60996000,13:56:36.000,hedged_exit,closed,10372.0,10078.0,93.0,-13.0,80.0,0.0,80.0,2034.4,0.0,76.0,0.0
20260303-AP605-0620,20260303,AP605,AP604,long,60999000,13:56:39.000,normal_quote,normal_move_fill,interval_vwap,10280.0,61000000.0,10067.0,61002000,13:56:42.000,hedged_exit,closed,10373.0,10078.0,93.0,-11.0,82.0,0.0,82.0,2034.7,0.0,79.0,0.0
20260303-AP605-0621,20260303,AP605,AP604,long,61005000,13:56:45.000,normal_quote,normal_move_fill,interval_vwap,10280.0,61006000.0,10070.0,61008000,13:56:48.000,hedged_exit,closed,10376.0,10078.0,96.0,-8.0,88.0,0.0,88.0,2035.0,0.0,86.0,0.0
20260303-AP605-0622,20260303,AP605,AP604,long,61011000,13:56:51.000,normal_quote,normal_move_fill,interval_vwap,10282.0,61012000.0,10070.0,61014000,13:56:54.000,hedged_exit,closed,10377.0,10078.0,95.0,-8.0,87.0,0.0,87.0,2035.2,0.0,85.0,0.0
20260303-AP605-0623,20260303,AP605,AP604,long,61017000,13:56:57.000,normal_quote,normal_move_fill,interval_vwap,10283.0,61018000.0,10074.0,61020000,13:57:00.000,hedged_exit,closed,10383.0,10089.0,100.0,-15.0,85.0,0.0,85.0,2035.7,0.0,83.0,0.0
20260303-AP605-0624,20260303,AP605,AP604,long,61023000,13:57:03.000,normal_quote,normal_move_fill,interval_vwap,10293.0,61024000.0,10082.0,61026000,13:57:06.000,hedged_exit,closed,10393.0,10102.0,100.0,-20.0,80.0,0.0,80.0,2037.5,0.0,78.0,0.0
20260303-AP605-0625,20260303,AP605,AP604,long,61029000,13:57:09.000,normal_quote,normal_move_fill,interval_vwap,10305.0,61030000.0,10082.0,61032000,13:57:12.000,hedged_exit,closed,10393.0,10115.0,88.0,-33.0,55.0,0.0,55.0,2038.7,0.0,53.0,0.0
20260303-AP605-0626,20260303,AP605,AP604,long,61035000,13:57:15.000,normal_quote,normal_move_fill,interval_vwap,10305.0,61036000.0,10087.0,61038000,13:57:18.000,hedged_exit,closed,10390.0,10116.0,85.0,-29.0,56.0,0.0,56.0,2039.2,0.0,54.0,0.0
20260303-AP605-0627,20260303,AP605,AP604,long,61041000,13:57:21.000,normal_quote,normal_move_fill,interval_vwap,10308.0,61042000.0,10084.0,61044000,13:57:24.000,hedged_exit,closed,10389.0,10114.0,81.0,-30.0,51.0,0.0,51.0,2039.2,0.0,49.0,0.0
20260303-AP605-0628,20260303,AP605,AP604,long,61047000,13:57:27.000,normal_quote,normal_move_fill,interval_vwap,10305.0,61048000.0,10079.0,61050000,13:57:30.000,hedged_exit,closed,10388.0,10111.0,83.0,-32.0,51.0,0.0,51.0,2038.4,0.0,49.0,0.0
20260303-AP605-0629,20260303,AP605,AP604,long,61053000,13:57:33.000,normal_quote,normal_move_fill,interval_vwap,10307.0,61054000.0,10087.0,61056000,13:57:36.000,hedged_exit,closed,10393.0,10116.0,86.0,-29.0,57.0,0.0,57.0,2039.4,0.0,55.0,0.0
20260303-AP605-0630,20260303,AP605,AP604,long,61059000,13:57:39.000,normal_quote,normal_move_fill,interval_vwap,10310.0,61060000.0,10089.0,61062000,13:57:42.000,hedged_exit,closed,10394.0,10114.0,84.0,-25.0,59.0,0.0,59.0,2039.9,0.0,57.0,0.0
20260303-AP605-0631,20260303,AP605,AP604,long,61065000,13:57:45.000,normal_quote,normal_move_fill,interval_vwap,10311.0,61066000.0,10091.0,61068000,13:57:48.000,hedged_exit,closed,10398.0,10114.0,87.0,-23.0,64.0,0.0,64.0,2040.2000000000003,0.0,61.0,0.0
20260303-AP605-0632,20260303,AP605,AP604,long,61072000,13:57:52.000,normal_quote,normal_move_fill,interval_vwap,10333.0,61073000.0,10107.0,61075000,13:57:55.000,hedged_exit,closed,10413.0,10138.0,80.0,-31.0,49.0,0.0,49.0,2044.0,0.0,47.0,0.0
20260303-AP605-0633,20260303,AP605,AP604,long,61078000,13:57:58.000,normal_quote,normal_move_fill,interval_vwap,10329.0,61079000.0,10106.0,61081000,13:58:01.000,hedged_exit,closed,10413.0,10138.0,84.0,-32.0,52.0,0.0,52.0,2043.5,0.0,50.0,0.0
20260303-AP605-0634,20260303,AP605,AP604,long,61084000,13:58:04.000,normal_quote,normal_move_fill,interval_vwap,10331.0,61085000.0,10104.0,61087000,13:58:07.000,hedged_exit,closed,10403.0,10127.0,72.0,-23.0,49.0,0.0,49.0,2043.5000000000002,0.0,47.0,0.0
20260303-AP605-0635,20260303,AP605,AP604,long,61090000,13:58:10.000,normal_quote,normal_move_fill,interval_vwap,10321.0,61091000.0,10101.0,61093000,13:58:13.000,hedged_exit,closed,10406.0,10128.0,85.0,-27.0,58.0,0.0,58.0,2042.2000000000003,0.0,55.0,0.0
20260303-AP605-0636,20260303,AP605,AP604,long,61096000,13:58:16.000,normal_quote,normal_move_fill,interval_vwap,10321.0,61097000.0,10099.0,61099000,13:58:19.000,hedged_exit,closed,10404.0,10129.0,83.0,-30.0,53.0,0.0,53.0,2042.0000000000002,0.0,51.0,0.0
20260303-AP605-0637,20260303,AP605,AP604,long,61102000,13:58:22.000,normal_quote,normal_move_fill,interval_vwap,10319.0,61103000.0,10096.0,61105000,13:58:25.000,hedged_exit,closed,10402.0,10125.0,83.0,-29.0,54.0,0.0,54.0,2041.5,0.0,52.0,0.0
20260303-AP605-0638,20260303,AP605,AP604,long,61108000,13:58:28.000,normal_quote,normal_move_fill,interval_vwap,10318.0,61109000.0,10097.0,61111000,13:58:31.000,hedged_exit,closed,10403.0,10125.0,85.0,-28.0,57.0,0.0,57.0,2041.5,0.0,55.0,0.0
20260303-AP605-0639,20260303,AP605,AP604,long,61114000,13:58:34.000,normal_quote,normal_move_fill,interval_vwap,10319.0,61115000.0,10095.0,61117000,13:58:37.000,hedged_exit,closed,10399.0,10121.0,80.0,-26.0,54.0,0.0,54.0,2041.4,0.0,51.0,0.0
20260303-AP605-0640,20260303,AP605,AP604,long,61120000,13:58:40.000,normal_quote,normal_move_fill,interval_vwap,10318.0,61121000.0,10096.0,61123000,13:58:43.000,hedged_exit,closed,10400.0,10122.0,82.0,-26.0,56.0,0.0,56.0,2041.4,0.0,53.0,0.0
20260303-AP605-0641,20260303,AP605,AP604,long,61126000,13:58:46.000,normal_quote,normal_move_fill,interval_vwap,10319.0,61127000.0,10099.0,61129000,13:58:49.000,hedged_exit,closed,10402.0,10124.0,83.0,-25.0,58.0,0.0,58.0,2041.8000000000002,0.0,56.0,0.0
20260303-AP605-0642,20260303,AP605,AP604,long,61132000,13:58:52.000,normal_quote,normal_move_fill,interval_vwap,10316.0,61133000.0,10094.0,61135000,13:58:55.000,hedged_exit,closed,10401.0,10123.0,85.0,-29.0,56.0,0.0,56.0,2041.0000000000002,0.0,54.0,0.0
20260303-AP605-0643,20260303,AP605,AP604,long,61138000,13:58:58.000,normal_quote,normal_move_fill,interval_vwap,10316.0,61139000.0,10096.0,61141000,13:59:01.000,hedged_exit,closed,10399.0,10126.0,83.0,-30.0,53.0,0.0,53.0,2041.2000000000003,0.0,51.0,0.0
20260303-AP605-0644,20260303,AP605,AP604,long,61144000,13:59:04.000,normal_quote,normal_move_fill,interval_vwap,10312.0,61145000.0,10091.0,61147000,13:59:07.000,hedged_exit,closed,10395.0,10119.0,83.0,-28.0,55.0,0.0,55.0,2040.3000000000002,0.0,53.0,0.0
20260303-AP605-0645,20260303,AP605,AP604,long,61150000,13:59:10.000,normal_quote,normal_move_fill,interval_vwap,10310.0,61151000.0,10089.0,61153000,13:59:13.000,hedged_exit,closed,10400.0,10123.0,90.0,-34.0,56.0,0.0,56.0,2039.9,0.0,54.0,0.0
20260303-AP605-0646,20260303,AP605,AP604,long,61156000,13:59:16.000,normal_quote,normal_move_fill,interval_vwap,10317.0,61157000.0,10097.0,61159000,13:59:19.000,hedged_exit,closed,10400.0,10124.0,83.0,-27.0,56.0,0.0,56.0,2041.4,0.0,54.0,0.0
20260303-AP605-0647,20260303,AP605,AP604,long,61162000,13:59:22.000,normal_quote,normal_move_fill,interval_vwap,10311.0,61163000.0,10088.0,61165000,13:59:25.000,hedged_exit,closed,10389.0,10111.0,78.0,-23.0,55.0,0.0,55.0,2039.9,0.0,50.0,0.0
20260303-AP605-0648,20260303,AP605,AP604,long,61168000,13:59:28.000,normal_quote,normal_move_fill,interval_vwap,10304.0,61169000.0,10083.0,61171000,13:59:31.000,hedged_exit,closed,10390.0,10112.0,86.0,-29.0,57.0,0.0,57.0,2038.7000000000003,0.0,53.0,0.0
20260303-AP605-0649,20260303,AP605,AP604,long,61174000,13:59:34.000,normal_quote,normal_move_fill,interval_vwap,10305.0,61175000.0,10084.0,61177000,13:59:37.000,hedged_exit,closed,10388.0,10111.0,83.0,-27.0,56.0,0.0,56.0,2038.9,0.0,54.0,0.0
20260303-AP605-0650,20260303,AP605,AP604,long,61180000,13:59:40.000,normal_quote,normal_move_fill,interval_vwap,10305.0,61181000.0,10084.0,61183000,13:59:43.000,hedged_exit,closed,10390.0,10115.0,85.0,-31.0,54.0,0.0,54.0,2038.9,0.0,52.0,0.0
20260303-AP605-0651,20260303,AP605,AP604,long,61186000,13:59:46.000,normal_quote,normal_move_fill,interval_vwap,10299.0,61187000.0,10085.0,61189000,13:59:49.000,hedged_exit,closed,10392.0,10115.0,93.0,-30.0,63.0,0.0,63.0,2038.4,0.0,61.0,0.0
20260303-AP605-0652,20260303,AP605,AP604,long,61192000,13:59:52.000,normal_quote,normal_move_fill,interval_vwap,10301.0,61193000.0,10084.0,61195000,13:59:55.000,hedged_exit,closed,10392.0,10114.0,91.0,-30.0,61.0,0.0,61.0,2038.5000000000002,0.0,59.0,0.0
20260303-AP605-0653,20260303,AP605,AP604,long,61198000,13:59:58.000,normal_quote,normal_move_fill,interval_vwap,10301.0,61199000.0,10086.0,61201000,14:00:01.000,hedged_exit,closed,10395.0,10121.0,94.0,-35.0,59.0,0.0,59.0,2038.7000000000003,0.0,57.0,0.0
20260303-AP605-0654,20260303,AP605,AP604,long,61204000,14:00:04.000,normal_quote,normal_move_fill,interval_vwap,10317.0,61205000.0,10094.0,61207000,14:00:07.000,hedged_exit,closed,10401.0,10124.0,84.0,-30.0,54.0,0.0,54.0,2041.1000000000001,0.0,52.0,0.0
20260303-AP605-0655,20260303,AP605,AP604,long,61210000,14:00:10.000,normal_quote,normal_move_fill,interval_vwap,10319.0,61211000.0,10098.0,61213000,14:00:13.000,hedged_exit,closed,10400.0,10124.0,81.0,-26.0,55.0,0.0,55.0,2041.7000000000003,0.0,53.0,0.0
20260303-AP605-0656,20260303,AP605,AP604,long,61216000,14:00:16.000,normal_quote,normal_move_fill,interval_vwap,10320.0,61217000.0,10102.0,61219000,14:00:19.000,hedged_exit,closed,10412.0,10134.0,92.0,-32.0,60.0,0.0,60.0,2042.2,0.0,55.0,0.0
20260303-AP605-0657,20260303,AP605,AP604,long,61222000,14:00:22.000,normal_quote,normal_move_fill,interval_vwap,10327.0,61223000.0,10109.0,61225000,14:00:25.000,hedged_exit,closed,10423.0,10149.0,96.0,-40.0,56.0,0.0,56.0,2043.6000000000001,0.0,54.0,0.0
20260303-AP605-0658,20260303,AP605,AP604,long,61228000,14:00:28.000,normal_quote,normal_move_fill,interval_vwap,10347.0,61229000.0,10125.0,61231000,14:00:31.000,hedged_exit,closed,10442.0,10168.0,95.0,-43.0,52.0,0.0,52.0,2047.2,0.0,50.0,0.0
20260303-AP605-0659,20260303,AP605,AP604,long,61234000,14:00:34.000,normal_quote,normal_move_fill,interval_vwap,10357.0,61235000.0,10130.0,61237000,14:00:37.000,hedged_exit,closed,10443.0,10166.0,86.0,-36.0,50.0,0.0,50.0,2048.7,0.0,48.0,0.0
20260303-AP605-0660,20260303,AP605,AP604,long,61240000,14:00:40.000,normal_quote,normal_move_fill,interval_vwap,10361.0,61241000.0,10138.0,61243000,14:00:43.000,hedged_exit,closed,10460.0,10182.0,99.0,-44.0,55.0,0.0,55.0,2049.9,0.0,53.0,0.0
20260303-AP605-0661,20260303,AP605,AP604,long,61246000,14:00:46.000,normal_quote,normal_move_fill,interval_vwap,10375.0,61247000.0,10146.0,61249000,14:00:49.000,hedged_exit,closed,10456.0,10179.0,81.0,-33.0,48.0,0.0,48.0,2052.1,0.0,46.0,0.0
20260303-AP605-0662,20260303,AP605,AP604,long,61252000,14:00:52.000,normal_quote,normal_move_fill,interval_vwap,10369.0,61253000.0,10151.0,61255000,14:00:55.000,hedged_exit,closed,10458.0,10180.0,89.0,-29.0,60.0,0.0,60.0,2052.0,0.0,58.0,0.0
20260303-AP605-0663,20260303,AP605,AP604,long,61258000,14:00:58.000,normal_quote,normal_move_fill,interval_vwap,10377.0,61259000.0,10153.0,61261000,14:01:01.000,hedged_exit,closed,10456.0,10178.0,79.0,-25.0,54.0,0.0,54.0,2053.0,0.0,52.0,0.0
20260303-AP605-0664,20260303,AP605,AP604,long,61264000,14:01:04.000,normal_quote,normal_move_fill,interval_vwap,10373.0,61265000.0,10155.0,61267000,14:01:07.000,hedged_exit,closed,10458.0,10180.0,85.0,-25.0,60.0,0.0,60.0,2052.8,0.0,56.0,0.0
20260303-AP605-0665,20260303,AP605,AP604,long,61270000,14:01:10.000,normal_quote,normal_move_fill,interval_vwap,10373.0,61271000.0,10155.0,61273000,14:01:13.000,hedged_exit,closed,10452.0,10176.0,79.0,-21.0,58.0,0.0,58.0,2052.8,0.0,56.0,0.0
20260303-AP605-0666,20260303,AP605,AP604,long,61276000,14:01:16.000,normal_quote,normal_move_fill,interval_vwap,10371.0,61277000.0,10155.0,61279000,14:01:19.000,hedged_exit,closed,10455.0,10178.0,84.0,-23.0,61.0,0.0,61.0,2052.6000000000004,0.0,59.0,0.0
20260303-AP605-0667,20260303,AP605,AP604,long,61282000,14:01:22.000,normal_quote,normal_move_fill,interval_vwap,10368.0,61283000.0,10155.0,61285000,14:01:25.000,hedged_exit,closed,10452.0,10176.0,84.0,-21.0,63.0,0.0,63.0,2052.3,0.0,60.0,0.0
20260303-AP605-0668,20260303,AP605,AP604,long,61288000,14:01:28.000,normal_quote,normal_move_fill,interval_vwap,10367.0,61289000.0,10155.0,61291000,14:01:31.000,hedged_exit,closed,10452.0,10175.0,85.0,-20.0,65.0,0.0,65.0,2052.2,0.0,63.0,0.0
20260303-AP605-0669,20260303,AP605,AP604,long,61294000,14:01:34.000,normal_quote,normal_move_fill,interval_vwap,10370.0,61295000.0,10155.0,61297000,14:01:37.000,hedged_exit,closed,10455.0,10177.0,85.0,-22.0,63.0,0.0,63.0,2052.5,0.0,61.0,0.0
20260303-AP605-0670,20260303,AP605,AP604,long,61300000,14:01:40.000,normal_quote,normal_move_fill,interval_vwap,10367.0,61301000.0,10150.0,61303000,14:01:43.000,hedged_exit,closed,10459.0,10156.0,92.0,-6.0,86.0,0.0,86.0,2051.7,0.0,81.0,0.0
20260303-AP605-0671,20260303,AP605,AP604,long,61306000,14:01:46.000,normal_quote,normal_move_fill,interval_vwap,10375.0,61307000.0,10150.0,61309000,14:01:49.000,hedged_exit,closed,10455.0,10180.0,80.0,-30.0,50.0,0.0,50.0,2052.5,0.0,48.0,0.0
20260303-AP605-0672,20260303,AP605,AP604,long,61312000,14:01:52.000,normal_quote,normal_move_fill,interval_vwap,10371.0,61313000.0,10149.0,61315000,14:01:55.000,hedged_exit,closed,10454.0,10176.0,83.0,-27.0,56.0,0.0,56.0,2052.0,0.0,54.0,0.0
20260303-AP605-0673,20260303,AP605,AP604,long,61318000,14:01:58.000,normal_quote,normal_move_fill,interval_vwap,10371.0,61319000.0,10142.0,61321000,14:02:01.000,hedged_exit,closed,10448.0,10172.0,77.0,-30.0,47.0,0.0,47.0,2051.3,0.0,45.0,0.0
20260303-AP605-0674,20260303,AP605,AP604,long,61324000,14:02:04.000,normal_quote,normal_move_fill,interval_vwap,10359.0,61325000.0,10142.0,61327000,14:02:07.000,hedged_exit,closed,10444.0,10169.0,85.0,-27.0,58.0,0.0,58.0,2050.1000000000004,0.0,56.0,0.0
20260303-AP605-0675,20260303,AP605,AP604,long,61330000,14:02:10.000,normal_quote,normal_move_fill,interval_vwap,10365.0,61331000.0,10152.0,61333000,14:02:13.000,hedged_exit,closed,10454.0,10178.0,89.0,-26.0,63.0,0.0,63.0,2051.7,0.0,56.0,0.0
20260303-AP605-0676,20260303,AP605,AP604,long,61336000,14:02:16.000,normal_quote,normal_move_fill,interval_vwap,10370.0,61337000.0,10151.0,61339000,14:02:19.000,hedged_exit,closed,10452.0,10177.0,82.0,-26.0,56.0,0.0,56.0,2052.1,0.0,54.0,0.0
20260303-AP605-0677,20260303,AP605,AP604,long,61342000,14:02:22.000,normal_quote,normal_move_fill,interval_vwap,10367.0,61343000.0,10149.0,61345000,14:02:25.000,hedged_exit,closed,10451.0,10174.0,84.0,-25.0,59.0,0.0,59.0,2051.6000000000004,0.0,57.0,0.0
20260303-AP605-0678,20260303,AP605,AP604,long,61348000,14:02:28.000,normal_quote,normal_move_fill,interval_vwap,10365.0,61349000.0,10150.0,61351000,14:02:31.000,hedged_exit,closed,10455.0,10179.0,90.0,-29.0,61.0,0.0,61.0,2051.5,0.0,59.0,0.0
20260303-AP605-0679,20260303,AP605,AP604,long,61354000,14:02:34.000,normal_quote,normal_move_fill,interval_vwap,10372.0,61355000.0,10154.0,61357000,14:02:37.000,hedged_exit,closed,10459.0,10182.0,87.0,-28.0,59.0,0.0,59.0,2052.6000000000004,0.0,57.0,0.0
20260303-AP605-0680,20260303,AP605,AP604,long,61360000,14:02:40.000,normal_quote,normal_move_fill,interval_vwap,10374.0,61361000.0,10159.0,61363000,14:02:43.000,hedged_exit,closed,10456.0,10180.0,82.0,-21.0,61.0,0.0,61.0,2053.3,0.0,59.0,0.0
20260303-AP605-0681,20260303,AP605,AP604,long,61366000,14:02:46.000,normal_quote,normal_move_fill,interval_vwap,10374.0,61367000.0,10159.0,61369000,14:02:49.000,hedged_exit,closed,10465.0,10188.0,91.0,-29.0,62.0,0.0,62.0,2053.3,0.0,57.0,0.0
20260303-AP605-0682,20260303,AP605,AP604,long,61372000,14:02:52.000,normal_quote,normal_move_fill,interval_vwap,10380.0,61373000.0,10157.0,61375000,14:02:55.000,hedged_exit,closed,10458.0,10181.0,78.0,-24.0,54.0,0.0,54.0,2053.7,0.0,51.0,0.0
20260303-AP605-0683,20260303,AP605,AP604,long,61379000,14:02:59.000,normal_quote,normal_move_fill,interval_vwap,10374.0,61380000.0,10161.0,61382000,14:03:02.000,hedged_exit,closed,10458.0,10184.0,84.0,-23.0,61.0,0.0,61.0,2053.5,0.0,59.0,0.0
20260303-AP605-0684,20260303,AP605,AP604,long,61385000,14:03:05.000,normal_quote,normal_move_fill,interval_vwap,10375.0,61386000.0,10162.0,61388000,14:03:08.000,hedged_exit,closed,10463.0,10188.0,88.0,-26.0,62.0,0.0,62.0,2053.7,0.0,60.0,0.0
20260303-AP605-0685,20260303,AP605,AP604,long,61391000,14:03:11.000,normal_quote,normal_move_fill,interval_vwap,10372.0,61392000.0,10142.0,61394000,14:03:14.000,hedged_exit,closed,10443.0,10173.0,71.0,-31.0,40.0,0.0,40.0,2051.4,0.0,38.0,0.0
20260303-AP605-0686,20260303,AP605,AP604,long,61397000,14:03:17.000,normal_quote,normal_move_fill,interval_vwap,10359.0,61398000.0,10143.0,61400000,14:03:20.000,hedged_exit,closed,10451.0,10174.0,92.0,-31.0,61.0,0.0,61.0,2050.2000000000003,0.0,57.0,0.0
20260303-AP605-0687,20260303,AP605,AP604,long,61403000,14:03:23.000,normal_quote,normal_move_fill,interval_vwap,10365.0,61404000.0,10145.0,61406000,14:03:26.000,hedged_exit,closed,10448.0,10172.0,83.0,-27.0,56.0,0.0,56.0,2051.0,0.0,54.0,0.0
20260303-AP605-0688,20260303,AP605,AP604,long,61409000,14:03:29.000,normal_quote,normal_move_fill,interval_vwap,10359.0,61410000.0,10147.0,61412000,14:03:32.000,hedged_exit,closed,10446.0,10170.0,87.0,-23.0,64.0,0.0,64.0,2050.6000000000004,0.0,62.0,0.0
20260303-AP605-0689,20260303,AP605,AP604,long,61415000,14:03:35.000,normal_quote,normal_move_fill,interval_vwap,10360.0,61416000.0,10142.0,61418000,14:03:38.000,hedged_exit,closed,10442.0,10167.0,82.0,-25.0,57.0,0.0,57.0,2050.2,0.0,55.0,0.0
20260303-AP605-0690,20260303,AP605,AP604,long,61421000,14:03:41.000,normal_quote,normal_move_fill,interval_vwap,10355.0,61422000.0,10140.0,61424000,14:03:44.000,hedged_exit,closed,10441.0,10164.0,86.0,-24.0,62.0,0.0,62.0,2049.5,0.0,60.0,0.0
20260303-AP605-0691,20260303,AP605,AP604,long,61427000,14:03:47.000,normal_quote,normal_move_fill,interval_vwap,10355.0,61428000.0,10136.0,61430000,14:03:50.000,hedged_exit,closed,10436.0,10159.0,81.0,-23.0,58.0,0.0,58.0,2049.1,0.0,55.0,0.0
20260303-AP605-0692,20260303,AP605,AP604,long,61433000,14:03:53.000,normal_quote,normal_move_fill,interval_vwap,10354.0,61434000.0,10139.0,61436000,14:03:56.000,hedged_exit,closed,10438.0,10162.0,84.0,-23.0,61.0,0.0,61.0,2049.3,0.0,59.0,0.0
20260303-AP605-0693,20260303,AP605,AP604,long,61439000,14:03:59.000,normal_quote,normal_move_fill,interval_vwap,10358.0,61440000.0,10141.0,61442000,14:04:02.000,hedged_exit,closed,10439.0,10167.0,81.0,-26.0,55.0,0.0,55.0,2049.9,0.0,53.0,0.0
20260303-AP605-0694,20260303,AP605,AP604,long,61445000,14:04:05.000,normal_quote,normal_move_fill,interval_vwap,10354.0,61446000.0,10140.0,61448000,14:04:08.000,hedged_exit,closed,10441.0,10173.0,87.0,-33.0,54.0,0.0,54.0,2049.4,0.0,52.0,0.0
20260303-AP605-0695,20260303,AP605,AP604,long,61451000,14:04:11.000,normal_quote,normal_move_fill,interval_vwap,10346.0,61452000.0,10126.0,61454000,14:04:14.000,hedged_exit,closed,10421.0,10149.0,75.0,-23.0,52.0,0.0,52.0,2047.2000000000003,0.0,50.0,0.0
20260303-AP605-0696,20260303,AP605,AP604,long,61457000,14:04:17.000,normal_quote,normal_move_fill,interval_vwap,10335.0,61458000.0,10106.0,61460000,14:04:20.000,hedged_exit,closed,10400.0,10112.0,65.0,-6.0,59.0,0.0,59.0,2044.1,0.0,43.0,0.0
20260303-AP605-0697,20260303,AP605,AP604,long,61463000,14:04:23.000,normal_quote,normal_move_fill,interval_vwap,10305.0,61464000.0,10092.0,61466000,14:04:26.000,hedged_exit,closed,10392.0,10112.0,87.0,-20.0,67.0,0.0,67.0,2039.7,0.0,64.0,0.0
20260303-AP605-0698,20260303,AP605,AP604,long,61469000,14:04:29.000,normal_quote,normal_move_fill,interval_vwap,10308.0,61470000.0,10086.0,61472000,14:04:32.000,hedged_exit,closed,10393.0,10096.0,85.0,-10.0,75.0,0.0,75.0,2039.4,0.0,72.0,0.0
20260303-AP605-0699,20260303,AP605,AP604,long,61475000,14:04:35.000,normal_quote,normal_move_fill,interval_vwap,10312.0,61476000.0,10086.0,61478000,14:04:38.000,hedged_exit,closed,10390.0,10112.0,78.0,-26.0,52.0,0.0,52.0,2039.8000000000002,0.0,50.0,0.0
20260303-AP605-0700,20260303,AP605,AP604,long,61481000,14:04:41.000,normal_quote,normal_move_fill,interval_vwap,10304.0,61482000.0,10078.0,61484000,14:04:44.000,hedged_exit,closed,10369.0,10100.0,65.0,-22.0,43.0,0.0,43.0,2038.2000000000003,0.0,41.0,0.0
20260303-AP605-0701,20260303,AP605,AP604,long,61487000,14:04:47.000,normal_quote,normal_move_fill,interval_vwap,10284.0,61488000.0,10032.0,61490000,14:04:50.000,hedged_exit,closed,10344.0,10067.0,60.0,-35.0,25.0,0.0,25.0,2031.6000000000001,0.0,23.0,0.0
20260303-AP605-0702,20260303,AP605,AP604,long,61493000,14:04:53.000,normal_quote,normal_move_fill,interval_vwap,10259.0,61494000.0,10034.0,61496000,14:04:56.000,hedged_exit,closed,10359.0,10083.0,100.0,-49.0,51.0,0.0,51.0,2029.3000000000002,0.0,46.0,0.0
20260303-AP605-0703,20260303,AP605,AP604,long,61499000,14:04:59.000,normal_quote,normal_move_fill,interval_vwap,10274.0,61500000.0,10043.0,61502000,14:05:02.000,hedged_exit,closed,10348.0,10068.0,74.0,-25.0,49.0,0.0,49.0,2031.7000000000003,0.0,47.0,0.0
20260303-AP605-0704,20260303,AP605,AP604,long,61505000,14:05:05.000,normal_quote,normal_move_fill,interval_vwap,10260.0,61506000.0,10029.0,61508000,14:05:08.000,hedged_exit,closed,10332.0,10051.0,72.0,-22.0,50.0,0.0,50.0,2028.9,0.0,47.0,0.0
20260303-AP605-0705,20260303,AP605,AP604,long,61511000,14:05:11.000,normal_quote,normal_move_fill,interval_vwap,10245.0,61512000.0,10023.0,61514000,14:05:14.000,hedged_exit,closed,10341.0,10050.0,96.0,-27.0,69.0,0.0,69.0,2026.8000000000002,0.0,67.0,0.0
20260303-AP605-0706,20260303,AP605,AP604,long,61517000,14:05:17.000,normal_quote,normal_move_fill,interval_vwap,10260.0,61518000.0,10041.0,61520000,14:05:20.000,hedged_exit,closed,10355.0,10075.0,95.0,-34.0,61.0,0.0,61.0,2030.1,0.0,59.0,0.0
20260303-AP605-0707,20260303,AP605,AP604,long,61523000,14:05:23.000,normal_quote,normal_move_fill,interval_vwap,10275.0,61524000.0,10045.0,61526000,14:05:26.000,hedged_exit,closed,10350.0,10075.0,75.0,-30.0,45.0,0.0,45.0,2032.0,0.0,43.0,0.0
20260303-AP605-0708,20260303,AP605,AP604,long,61529000,14:05:29.000,normal_quote,normal_move_fill,interval_vwap,10275.0,61530000.0,10045.0,61532000,14:05:32.000,hedged_exit,closed,10342.0,10046.0,67.0,-1.0,66.0,0.0,66.0,2032.0,0.0,64.0,0.0
20260303-AP605-0709,20260303,AP605,AP604,long,61535000,14:05:35.000,normal_quote,normal_move_fill,interval_vwap,10262.0,61536000.0,10027.0,61538000,14:05:38.000,hedged_exit,closed,10346.0,10028.0,84.0,-1.0,83.0,0.0,83.0,2028.9,0.0,75.0,0.0
20260303-AP605-0710,20260303,AP605,AP604,long,61541000,14:05:41.000,normal_quote,normal_move_fill,interval_vwap,10262.0,61542000.0,10017.0,61544000,14:05:44.000,hedged_exit,closed,10347.0,10046.0,85.0,-29.0,56.0,0.0,56.0,2027.9,0.0,52.0,0.0
20260303-AP605-0711,20260303,AP605,AP604,long,61548000,14:05:48.000,normal_quote,normal_move_fill,interval_vwap,10262.0,61549000.0,10020.0,61551000,14:05:51.000,hedged_exit,closed,10349.0,10045.0,87.0,-25.0,62.0,0.0,62.0,2028.2,0.0,59.0,0.0
20260303-AP605-0712,20260303,AP605,AP604,long,61554000,14:05:54.000,normal_quote,normal_move_fill,interval_vwap,10261.0,61555000.0,10016.0,61557000,14:05:57.000,hedged_exit,closed,10346.0,10044.0,85.0,-28.0,57.0,0.0,57.0,2027.7000000000003,0.0,55.0,0.0
20260303-AP605-0713,20260303,AP605,AP604,long,61560000,14:06:00.000,normal_quote,normal_move_fill,interval_vwap,10260.0,61561000.0,10016.0,61563000,14:06:03.000,hedged_exit,closed,10343.0,10040.0,83.0,-24.0,59.0,0.0,59.0,2027.6,0.0,57.0,0.0
20260303-AP605-0714,20260303,AP605,AP604,long,61566000,14:06:06.000,normal_quote,normal_move_fill,interval_vwap,10258.0,61567000.0,10015.0,61569000,14:06:09.000,hedged_exit,closed,10335.0,10031.0,77.0,-16.0,61.0,0.0,61.0,2027.3,0.0,58.0,0.0
20260303-AP605-0715,20260303,AP605,AP604,long,61572000,14:06:12.000,normal_quote,normal_move_fill,interval_vwap,10250.0,61573000.0,10014.0,61575000,14:06:15.000,hedged_exit,closed,10342.0,10037.0,92.0,-23.0,69.0,0.0,69.0,2026.4,0.0,66.0,0.0
20260303-AP605-0716,20260303,AP605,AP604,long,61578000,14:06:18.000,normal_quote,normal_move_fill,interval_vwap,10256.0,61579000.0,10017.0,61581000,14:06:21.000,hedged_exit,closed,10342.0,10037.0,86.0,-20.0,66.0,0.0,66.0,2027.3000000000002,0.0,63.0,0.0
20260303-AP605-0717,20260303,AP605,AP604,long,61584000,14:06:24.000,normal_quote,normal_move_fill,interval_vwap,10263.0,61585000.0,10040.0,61591000,14:06:31.000,hedged_exit,closed,10336.0,10051.0,73.0,-11.0,62.0,0.0,62.0,2030.3,0.0,61.0,0.0
20260303-AP605-0718,20260303,AP605,AP604,long,61594000,14:06:34.000,normal_quote,normal_move_fill,interval_vwap,10255.0,,,61595000,14:06:35.000,hedge_failure_exit,hedge_failure_exit,10340.0,,85.0,,85.0,0.0,85.0,,0.0,,0.0
20260303-AP605-0719,20260303,AP605,AP604,long,61598000,14:06:38.000,normal_quote,normal_move_fill,interval_vwap,10252.0,61599000.0,9997.0,61601000,14:06:41.000,hedged_exit,closed,10327.0,10045.0,75.0,-48.0,27.0,0.0,27.0,2024.9,0.0,20.0,0.0
20260303-AP605-0720,20260303,AP605,AP604,long,61604000,14:06:44.000,normal_quote,normal_move_fill,interval_vwap,10245.0,61605000.0,10002.0,61607000,14:06:47.000,hedged_exit,closed,10325.0,10043.0,80.0,-41.0,39.0,0.0,39.0,2024.7,0.0,37.0,0.0
20260303-AP605-0721,20260303,AP605,AP604,long,61610000,14:06:50.000,normal_quote,normal_move_fill,interval_vwap,10242.0,61611000.0,9998.0,61613000,14:06:53.000,hedged_exit,closed,10320.0,10035.0,78.0,-37.0,41.0,0.0,41.0,2024.0,0.0,37.0,0.0
20260303-AP605-0722,20260303,AP605,AP604,long,61616000,14:06:56.000,normal_quote,normal_move_fill,interval_vwap,10232.0,61617000.0,9991.0,61619000,14:06:59.000,hedged_exit,closed,10318.0,10034.0,86.0,-43.0,43.0,0.0,43.0,2022.3000000000002,0.0,41.0,0.0
20260303-AP605-0723,20260303,AP605,AP604,long,61622000,14:07:02.000,normal_quote,normal_move_fill,interval_vwap,10231.0,61623000.0,9993.0,61625000,14:07:05.000,hedged_exit,closed,10320.0,10031.0,89.0,-38.0,51.0,0.0,51.0,2022.4,0.0,49.0,0.0
20260303-AP605-0724,20260303,AP605,AP604,long,61628000,14:07:08.000,normal_quote,normal_move_fill,interval_vwap,10244.0,61629000.0,9995.0,61631000,14:07:11.000,hedged_exit,closed,10319.0,10035.0,75.0,-40.0,35.0,0.0,35.0,2023.9,0.0,33.0,0.0
20260303-AP605-0725,20260303,AP605,AP604,long,61634000,14:07:14.000,normal_quote,normal_move_fill,interval_vwap,10231.0,61635000.0,9993.0,61637000,14:07:17.000,hedged_exit,closed,10318.0,10031.0,87.0,-38.0,49.0,0.0,49.0,2022.4,0.0,47.0,0.0
20260303-AP605-0726,20260303,AP605,AP604,long,61640000,14:07:20.000,normal_quote,normal_move_fill,interval_vwap,10236.0,61641000.0,9992.0,61643000,14:07:23.000,hedged_exit,closed,10315.0,10031.0,79.0,-39.0,40.0,0.0,40.0,2022.8000000000002,0.0,38.0,0.0
20260303-AP605-0727,20260303,AP605,AP604,long,61646000,14:07:26.000,normal_quote,normal_move_fill,interval_vwap,10231.0,61647000.0,9991.0,61649000,14:07:29.000,hedged_exit,closed,10315.0,10026.0,84.0,-35.0,49.0,0.0,49.0,2022.2,0.0,46.0,0.0
20260303-AP605-0728,20260303,AP605,AP604,long,61652000,14:07:32.000,normal_quote,normal_move_fill,interval_vwap,10231.0,61653000.0,9998.0,61655000,14:07:35.000,hedged_exit,closed,10323.0,10034.0,92.0,-36.0,56.0,0.0,56.0,2022.9,0.0,51.0,0.0
20260303-AP605-0729,20260303,AP605,AP604,long,61658000,14:07:38.000,normal_quote,normal_move_fill,interval_vwap,10239.0,61659000.0,9996.0,61661000,14:07:41.000,hedged_exit,closed,10318.0,10031.0,79.0,-35.0,44.0,0.0,44.0,2023.5,0.0,42.0,0.0
20260303-AP605-0730,20260303,AP605,AP604,long,61664000,14:07:44.000,normal_quote,normal_move_fill,interval_vwap,10234.0,61665000.0,9996.0,61667000,14:07:47.000,hedged_exit,closed,10325.0,10036.0,91.0,-40.0,51.0,0.0,51.0,2023.0,0.0,48.0,0.0
20260303-AP605-0731,20260303,AP605,AP604,long,61670000,14:07:50.000,normal_quote,normal_move_fill,interval_vwap,10238.0,61671000.0,9997.0,61673000,14:07:53.000,hedged_exit,closed,10317.0,10030.0,79.0,-33.0,46.0,0.0,46.0,2023.5,0.0,44.0,0.0
20260303-AP605-0732,20260303,AP605,AP604,long,61676000,14:07:56.000,normal_quote,normal_move_fill,interval_vwap,10231.0,61677000.0,9992.0,61679000,14:07:59.000,hedged_exit,closed,10315.0,10032.0,84.0,-40.0,44.0,0.0,44.0,2022.3000000000002,0.0,42.0,0.0
20260303-AP605-0733,20260303,AP605,AP604,long,61682000,14:08:02.000,normal_quote,normal_move_fill,interval_vwap,10233.0,61683000.0,9992.0,61685000,14:08:05.000,hedged_exit,closed,10321.0,10016.0,88.0,-24.0,64.0,0.0,64.0,2022.5,0.0,42.0,0.0
20260303-AP605-0734,20260303,AP605,AP604,long,61688000,14:08:08.000,normal_quote,normal_move_fill,interval_vwap,10231.0,61689000.0,9988.0,61691000,14:08:11.000,hedged_exit,closed,10312.0,10003.0,81.0,-15.0,66.0,0.0,66.0,2021.9,0.0,58.0,0.0
20260303-AP605-0735,20260303,AP605,AP604,long,61694000,14:08:14.000,normal_quote,normal_move_fill,interval_vwap,10228.0,61695000.0,9989.0,61697000,14:08:17.000,hedged_exit,closed,10318.0,10010.0,90.0,-21.0,69.0,0.0,69.0,2021.7000000000003,0.0,67.0,0.0
20260303-AP605-0736,20260303,AP605,AP604,long,61700000,14:08:20.000,normal_quote,normal_move_fill,interval_vwap,10235.0,61701000.0,9993.0,61703000,14:08:23.000,hedged_exit,closed,10318.0,10009.0,83.0,-16.0,67.0,0.0,67.0,2022.8000000000002,0.0,61.0,0.0
20260303-AP605-0737,20260303,AP605,AP604,long,61706000,14:08:26.000,normal_quote,normal_move_fill,interval_vwap,10234.0,61707000.0,9990.0,61709000,14:08:29.000,hedged_exit,closed,10317.0,10008.0,83.0,-18.0,65.0,0.0,65.0,2022.4,0.0,61.0,0.0
20260303-AP605-0738,20260303,AP605,AP604,long,61712000,14:08:32.000,normal_quote,normal_move_fill,interval_vwap,10232.0,61713000.0,9991.0,61715000,14:08:35.000,hedged_exit,closed,10315.0,10006.0,83.0,-15.0,68.0,0.0,68.0,2022.3000000000002,0.0,65.0,0.0
20260303-AP605-0739,20260303,AP605,AP604,long,61718000,14:08:38.000,normal_quote,normal_move_fill,interval_vwap,10232.0,61719000.0,9990.0,61721000,14:08:41.000,hedged_exit,closed,10312.0,10003.0,80.0,-13.0,67.0,0.0,67.0,2022.2,0.0,64.0,0.0
20260303-AP605-0740,20260303,AP605,AP604,long,61724000,14:08:44.000,normal_quote,normal_move_fill,interval_vwap,10226.0,61725000.0,9990.0,61727000,14:08:47.000,hedged_exit,closed,10304.0,9996.0,78.0,-6.0,72.0,0.0,72.0,2021.6,0.0,70.0,0.0
20260303-AP605-0741,20260303,AP605,AP604,long,61730000,14:08:50.000,normal_quote,normal_move_fill,interval_vwap,10216.0,61731000.0,9978.0,61733000,14:08:53.000,hedged_exit,closed,10288.0,9988.0,72.0,-10.0,62.0,0.0,62.0,2019.4,0.0,56.0,0.0
20260303-AP605-0742,20260303,AP605,AP604,long,61736000,14:08:56.000,normal_quote,normal_move_fill,interval_vwap,10213.0,61737000.0,9973.0,61739000,14:08:59.000,hedged_exit,closed,10296.0,9979.0,83.0,-6.0,77.0,0.0,77.0,2018.6000000000001,0.0,75.0,0.0
20260303-AP605-0743,20260303,AP605,AP604,long,61742000,14:09:02.000,normal_quote,normal_move_fill,interval_vwap,10212.0,61743000.0,9973.0,61745000,14:09:05.000,hedged_exit,closed,10298.0,9979.0,86.0,-6.0,80.0,0.0,80.0,2018.5,0.0,77.0,0.0
20260303-AP605-0744,20260303,AP605,AP604,long,61748000,14:09:08.000,normal_quote,normal_move_fill,interval_vwap,10213.0,61749000.0,9970.0,61751000,14:09:11.000,hedged_exit,closed,10299.0,9979.0,86.0,-9.0,77.0,0.0,77.0,2018.3000000000002,0.0,75.0,0.0
20260303-AP605-0745,20260303,AP605,AP604,long,61755000,14:09:15.000,normal_quote,normal_move_fill,interval_vwap,10220.0,61756000.0,9989.0,61758000,14:09:18.000,hedged_exit,closed,10326.0,10021.0,106.0,-32.0,74.0,0.0,74.0,2020.9,0.0,71.0,0.0
20260303-AP605-0746,20260303,AP605,AP604,long,61761000,14:09:21.000,normal_quote,normal_move_fill,interval_vwap,10231.0,61762000.0,9980.0,61764000,14:09:24.000,hedged_exit,closed,10306.0,10001.0,75.0,-21.0,54.0,0.0,54.0,2021.1,0.0,52.0,0.0
20260303-AP605-0747,20260303,AP605,AP604,long,61767000,14:09:27.000,normal_quote,normal_move_fill,interval_vwap,10217.0,61768000.0,9974.0,61770000,14:09:30.000,hedged_exit,closed,10299.0,9994.0,82.0,-20.0,62.0,0.0,62.0,2019.1000000000001,0.0,60.0,0.0
20260303-AP605-0748,20260303,AP605,AP604,long,61773000,14:09:33.000,normal_quote,normal_move_fill,interval_vwap,10216.0,61774000.0,9972.0,61776000,14:09:36.000,hedged_exit,closed,10298.0,9994.0,82.0,-22.0,60.0,0.0,60.0,2018.8000000000002,0.0,58.0,0.0
20260303-AP605-0749,20260303,AP605,AP604,long,61779000,14:09:39.000,normal_quote,normal_move_fill,interval_vwap,10215.0,61780000.0,9973.0,61782000,14:09:42.000,hedged_exit,closed,10300.0,9999.0,85.0,-26.0,59.0,0.0,59.0,2018.8000000000002,0.0,57.0,0.0
20260303-AP605-0750,20260303,AP605,AP604,long,61785000,14:09:45.000,normal_quote,normal_move_fill,interval_vwap,10220.0,61786000.0,9981.0,61788000,14:09:48.000,hedged_exit,closed,10306.0,10002.0,86.0,-21.0,65.0,0.0,65.0,2020.1,0.0,63.0,0.0
20260303-AP605-0751,20260303,AP605,AP604,long,61791000,14:09:51.000,normal_quote,normal_move_fill,interval_vwap,10226.0,61792000.0,9982.0,61794000,14:09:54.000,hedged_exit,closed,10307.0,10002.0,81.0,-20.0,61.0,0.0,61.0,2020.8000000000002,0.0,59.0,0.0
20260303-AP605-0752,20260303,AP605,AP604,long,61797000,14:09:57.000,normal_quote,normal_move_fill,interval_vwap,10220.0,61798000.0,9974.0,61800000,14:10:00.000,hedged_exit,closed,10300.0,9997.0,80.0,-23.0,57.0,0.0,57.0,2019.4,0.0,54.0,0.0
20260303-AP605-0753,20260303,AP605,AP604,long,61803000,14:10:03.000,normal_quote,normal_move_fill,interval_vwap,10216.0,61804000.0,9973.0,61806000,14:10:06.000,hedged_exit,closed,10300.0,10000.0,84.0,-27.0,57.0,0.0,57.0,2018.9,0.0,55.0,0.0
20260303-AP605-0754,20260303,AP605,AP604,long,61809000,14:10:09.000,normal_quote,normal_move_fill,interval_vwap,10214.0,61810000.0,9967.0,61812000,14:10:12.000,hedged_exit,closed,10290.0,9989.0,76.0,-22.0,54.0,0.0,54.0,2018.1000000000001,0.0,52.0,0.0
20260303-AP605-0755,20260303,AP605,AP604,long,61815000,14:10:15.000,normal_quote,normal_move_fill,interval_vwap,10215.0,61816000.0,9971.0,61818000,14:10:18.000,hedged_exit,closed,10305.0,10001.0,90.0,-30.0,60.0,0.0,60.0,2018.6,0.0,57.0,0.0
20260303-AP605-0756,20260303,AP605,AP604,long,61821000,14:10:21.000,normal_quote,normal_move_fill,interval_vwap,10222.0,61822000.0,9976.0,61824000,14:10:24.000,hedged_exit,closed,10303.0,10001.0,81.0,-25.0,56.0,0.0,56.0,2019.8000000000002,0.0,54.0,0.0
20260303-AP605-0757,20260303,AP605,AP604,long,61827000,14:10:27.000,normal_quote,normal_move_fill,interval_vwap,10221.0,61828000.0,9971.0,61830000,14:10:30.000,hedged_exit,closed,10303.0,9999.0,82.0,-28.0,54.0,0.0,54.0,2019.2,0.0,52.0,0.0
20260303-AP605-0758,20260303,AP605,AP604,long,61833000,14:10:33.000,normal_quote,normal_move_fill,interval_vwap,10219.0,61834000.0,9976.0,61836000,14:10:36.000,hedged_exit,closed,10311.0,10002.0,92.0,-26.0,66.0,0.0,66.0,2019.5,0.0,64.0,0.0
20260303-AP605-0759,20260303,AP605,AP604,long,61839000,14:10:39.000,normal_quote,normal_move_fill,interval_vwap,10222.0,61840000.0,9975.0,61842000,14:10:42.000,hedged_exit,closed,10313.0,10003.0,91.0,-28.0,63.0,0.0,63.0,2019.7,0.0,58.0,0.0
20260303-AP605-0760,20260303,AP605,AP604,long,61845000,14:10:45.000,normal_quote,normal_move_fill,interval_vwap,10218.0,61846000.0,9973.0,61848000,14:10:48.000,hedged_exit,closed,10311.0,10002.0,93.0,-29.0,64.0,0.0,64.0,2019.1000000000001,0.0,62.0,0.0
20260303-AP605-0761,20260303,AP605,AP604,long,61851000,14:10:51.000,normal_quote,normal_move_fill,interval_vwap,10225.0,61852000.0,9973.0,61854000,14:10:54.000,hedged_exit,closed,10308.0,9999.0,83.0,-26.0,57.0,0.0,57.0,2019.8000000000002,0.0,55.0,0.0
20260303-AP605-0762,20260303,AP605,AP604,long,61857000,14:10:57.000,normal_quote,normal_move_fill,interval_vwap,10208.0,61858000.0,9966.0,61860000,14:11:00.000,hedged_exit,closed,10299.0,9989.0,91.0,-23.0,68.0,0.0,68.0,2017.4,0.0,66.0,0.0
20260303-AP605-0763,20260303,AP605,AP604,long,61863000,14:11:03.000,normal_quote,normal_move_fill,interval_vwap,10206.0,61864000.0,9966.0,61866000,14:11:06.000,hedged_exit,closed,10300.0,9993.0,94.0,-27.0,67.0,0.0,67.0,2017.2,0.0,65.0,0.0
20260303-AP605-0764,20260303,AP605,AP604,long,61869000,14:11:09.000,normal_quote,normal_move_fill,interval_vwap,10213.0,61870000.0,9975.0,61872000,14:11:12.000,hedged_exit,closed,10306.0,10000.0,93.0,-25.0,68.0,0.0,68.0,2018.8000000000002,0.0,66.0,0.0
20260303-AP605-0765,20260303,AP605,AP604,long,61875000,14:11:15.000,normal_quote,normal_move_fill,interval_vwap,10218.0,61876000.0,9977.0,61878000,14:11:18.000,hedged_exit,closed,10307.0,10001.0,89.0,-24.0,65.0,0.0,65.0,2019.5,0.0,63.0,0.0
20260303-AP605-0766,20260303,AP605,AP604,long,61881000,14:11:21.000,normal_quote,normal_move_fill,interval_vwap,10220.0,61882000.0,9982.0,61884000,14:11:24.000,hedged_exit,closed,10313.0,10004.0,93.0,-22.0,71.0,0.0,71.0,2020.2,0.0,69.0,0.0
20260303-AP605-0767,20260303,AP605,AP604,long,61887000,14:11:27.000,normal_quote,normal_move_fill,interval_vwap,10217.0,61888000.0,9978.0,61890000,14:11:30.000,hedged_exit,closed,10309.0,10003.0,92.0,-25.0,67.0,0.0,67.0,2019.5,0.0,64.0,0.0
20260303-AP605-0768,20260303,AP605,AP604,long,61893000,14:11:33.000,normal_quote,normal_move_fill,interval_vwap,10230.0,61894000.0,9979.0,61896000,14:11:36.000,hedged_exit,closed,10310.0,10002.0,80.0,-23.0,57.0,0.0,57.0,2020.9,0.0,53.0,0.0
20260303-AP605-0769,20260303,AP605,AP604,long,61899000,14:11:39.000,normal_quote,normal_move_fill,interval_vwap,10231.0,61900000.0,9979.0,61902000,14:11:42.000,hedged_exit,closed,10312.0,10002.0,81.0,-23.0,58.0,0.0,58.0,2021.0,0.0,56.0,0.0
20260303-AP605-0770,20260303,AP605,AP604,long,61905000,14:11:45.000,normal_quote,normal_move_fill,interval_vwap,10213.0,61906000.0,9975.0,61908000,14:11:48.000,hedged_exit,closed,10306.0,9996.0,93.0,-21.0,72.0,0.0,72.0,2018.8000000000002,0.0,70.0,0.0
20260303-AP605-0771,20260303,AP605,AP604,long,61911000,14:11:51.000,normal_quote,normal_move_fill,interval_vwap,10211.0,61912000.0,9968.0,61914000,14:11:54.000,hedged_exit,closed,10304.0,9994.0,93.0,-26.0,67.0,0.0,67.0,2017.9,0.0,65.0,0.0
20260303-AP605-0772,20260303,AP605,AP604,long,61917000,14:11:57.000,normal_quote,normal_move_fill,interval_vwap,10209.0,61918000.0,9966.0,61920000,14:12:00.000,hedged_exit,closed,10305.0,9995.0,96.0,-29.0,67.0,0.0,67.0,2017.5,0.0,64.0,0.0
20260303-AP605-0773,20260303,AP605,AP604,long,61923000,14:12:03.000,normal_quote,normal_move_fill,interval_vwap,10197.0,61924000.0,9959.0,61926000,14:12:06.000,hedged_exit,closed,10299.0,9966.0,102.0,-7.0,95.0,0.0,95.0,2015.6000000000001,0.0,92.0,0.0
20260303-AP605-0774,20260303,AP605,AP604,long,61929000,14:12:09.000,normal_quote,normal_move_fill,interval_vwap,10197.0,61930000.0,9962.0,61932000,14:12:12.000,hedged_exit,closed,10300.0,9966.0,103.0,-4.0,99.0,0.0,99.0,2015.9,0.0,97.0,0.0
20260303-AP605-0775,20260303,AP605,AP604,long,61935000,14:12:15.000,normal_quote,normal_move_fill,interval_vwap,10197.0,61936000.0,9959.0,61938000,14:12:18.000,hedged_exit,closed,10300.0,9966.0,103.0,-7.0,96.0,0.0,96.0,2015.6000000000001,0.0,94.0,0.0
20260303-AP605-0776,20260303,AP605,AP604,long,61941000,14:12:21.000,normal_quote,normal_move_fill,interval_vwap,10196.0,61942000.0,9963.0,61944000,14:12:24.000,hedged_exit,closed,10303.0,9966.0,107.0,-3.0,104.0,0.0,104.0,2015.9,0.0,102.0,0.0
20260303-AP605-0777,20260303,AP605,AP604,long,61947000,14:12:27.000,normal_quote,normal_move_fill,interval_vwap,10198.0,61948000.0,9961.0,61950000,14:12:30.000,hedged_exit,closed,10304.0,9993.0,106.0,-32.0,74.0,0.0,74.0,2015.9,0.0,72.0,0.0
20260303-AP605-0778,20260303,AP605,AP604,long,61953000,14:12:33.000,normal_quote,normal_move_fill,interval_vwap,10204.0,61954000.0,9961.0,61956000,14:12:36.000,hedged_exit,closed,10302.0,9993.0,98.0,-32.0,66.0,0.0,66.0,2016.5,0.0,64.0,0.0
20260303-AP605-0779,20260303,AP605,AP604,long,61959000,14:12:39.000,normal_quote,normal_move_fill,interval_vwap,10222.0,61960000.0,9964.0,61962000,14:12:42.000,hedged_exit,closed,10307.0,9996.0,85.0,-32.0,53.0,0.0,53.0,2018.6000000000001,0.0,49.0,0.0
20260303-AP605-0780,20260303,AP605,AP604,long,61965000,14:12:45.000,normal_quote,normal_move_fill,interval_vwap,10227.0,61966000.0,9967.0,61968000,14:12:48.000,hedged_exit,closed,10305.0,9995.0,78.0,-28.0,50.0,0.0,50.0,2019.4,0.0,48.0,0.0
20260303-AP605-0781,20260303,AP605,AP604,long,61971000,14:12:51.000,normal_quote,normal_move_fill,interval_vwap,10222.0,61972000.0,9969.0,61974000,14:12:54.000,hedged_exit,closed,10307.0,9998.0,85.0,-29.0,56.0,0.0,56.0,2019.1000000000001,0.0,54.0,0.0
20260303-AP605-0782,20260303,AP605,AP604,long,61977000,14:12:57.000,normal_quote,normal_move_fill,interval_vwap,10220.0,61978000.0,9959.0,61980000,14:13:00.000,hedged_exit,closed,10290.0,9981.0,70.0,-22.0,48.0,0.0,48.0,2017.9,0.0,46.0,0.0
20260303-AP605-0783,20260303,AP605,AP604,long,61983000,14:13:03.000,normal_quote,normal_move_fill,interval_vwap,10193.0,61984000.0,9930.0,61986000,14:13:06.000,hedged_exit,closed,10251.0,9950.0,58.0,-20.0,38.0,0.0,38.0,2012.3000000000002,0.0,36.0,0.0
20260303-AP605-0784,20260303,AP605,AP604,long,64459000,14:54:19.000,fill_during_replace,normal_move_fill,interval_vwap,10181.0,64460000.0,9830.0,64462000,14:54:22.000,hedged_exit,closed,10280.0,9859.0,99.0,-29.0,70.0,0.0,70.0,2001.1,0.0,67.0,0.0
20260303-AP605-0785,20260303,AP605,AP604,long,64465000,14:54:25.000,normal_quote,normal_move_fill,interval_vwap,10194.0,64466000.0,9829.0,64468000,14:54:28.000,hedged_exit,closed,10277.0,9855.0,83.0,-26.0,57.0,0.0,57.0,2002.3000000000002,0.0,54.0,0.0
20260303-AP605-0786,20260303,AP605,AP604,long,64471000,14:54:31.000,normal_quote,normal_move_fill,interval_vwap,10191.0,64472000.0,9828.0,64474000,14:54:34.000,hedged_exit,closed,10275.0,9852.0,84.0,-24.0,60.0,0.0,60.0,2001.9,0.0,58.0,0.0
20260303-AP605-0787,20260303,AP605,AP604,long,64478000,14:54:38.000,normal_quote,normal_move_fill,interval_vwap,10190.0,64479000.0,9828.0,64481000,14:54:41.000,hedged_exit,closed,10275.0,9861.0,85.0,-33.0,52.0,0.0,52.0,2001.8000000000002,0.0,50.0,0.0
20260303-AP605-0788,20260303,AP605,AP604,long,64484000,14:54:44.000,normal_quote,normal_move_fill,interval_vwap,10189.0,64485000.0,9837.0,64487000,14:54:47.000,hedged_exit,closed,10277.0,9863.0,88.0,-26.0,62.0,0.0,62.0,2002.6000000000001,0.0,60.0,0.0
20260303-AP605-0789,20260303,AP605,AP604,long,64490000,14:54:50.000,normal_quote,normal_move_fill,interval_vwap,10192.0,64491000.0,9837.0,64493000,14:54:53.000,hedged_exit,closed,10275.0,9863.0,83.0,-26.0,57.0,0.0,57.0,2002.9,0.0,55.0,0.0
20260303-AP605-0790,20260303,AP605,AP604,long,64496000,14:54:56.000,normal_quote,normal_move_fill,interval_vwap,10194.0,64497000.0,9846.0,64499000,14:54:59.000,hedged_exit,closed,10279.0,9866.0,85.0,-20.0,65.0,0.0,65.0,2004.0,0.0,63.0,0.0
20260303-AP605-0791,20260303,AP605,AP604,long,64502000,14:55:02.000,normal_quote,normal_move_fill,interval_vwap,10197.0,64503000.0,9846.0,64505000,14:55:05.000,hedged_exit,closed,10286.0,9868.0,89.0,-22.0,67.0,0.0,67.0,2004.3000000000002,0.0,63.0,0.0
20260303-AP605-0792,20260303,AP605,AP604,long,64508000,14:55:08.000,normal_quote,normal_move_fill,interval_vwap,10201.0,64509000.0,9846.0,64511000,14:55:11.000,hedged_exit,closed,10288.0,9872.0,87.0,-26.0,61.0,0.0,61.0,2004.7,0.0,59.0,0.0
20260303-AP605-0793,20260303,AP605,AP604,long,64514000,14:55:14.000,normal_quote,normal_move_fill,interval_vwap,10203.0,64515000.0,9849.0,64517000,14:55:17.000,hedged_exit,closed,10289.0,9871.0,86.0,-22.0,64.0,0.0,64.0,2005.2000000000003,0.0,62.0,0.0
20260303-AP605-0794,20260303,AP605,AP604,long,64520000,14:55:20.000,normal_quote,normal_move_fill,interval_vwap,10205.0,64521000.0,9846.0,64523000,14:55:23.000,hedged_exit,closed,10284.0,9867.0,79.0,-21.0,58.0,0.0,58.0,2005.1,0.0,56.0,0.0
20260303-AP605-0795,20260303,AP605,AP604,long,64526000,14:55:26.000,normal_quote,normal_move_fill,interval_vwap,10199.0,64527000.0,9846.0,64531000,14:55:31.000,hedged_exit,closed,10284.0,9864.0,85.0,-18.0,67.0,0.0,67.0,2004.5,0.0,63.0,0.0
20260303-AP605-0796,20260303,AP605,AP604,long,64534000,14:55:34.000,normal_quote,normal_move_fill,interval_vwap,10197.0,64535000.0,9846.0,64537000,14:55:37.000,hedged_exit,closed,10277.0,9861.0,80.0,-15.0,65.0,0.0,65.0,2004.3000000000002,0.0,63.0,0.0
20260303-AP605-0797,20260303,AP605,AP604,long,64540000,14:55:40.000,normal_quote,normal_move_fill,interval_vwap,10192.0,64541000.0,9846.0,64543000,14:55:43.000,hedged_exit,closed,10272.0,9854.0,80.0,-8.0,72.0,0.0,72.0,2003.8000000000002,0.0,70.0,0.0
20260303-AP605-0798,20260303,AP605,AP604,long,64546000,14:55:46.000,normal_quote,normal_move_fill,interval_vwap,10185.0,64547000.0,9829.0,64549000,14:55:49.000,hedged_exit,closed,10272.0,9858.0,87.0,-29.0,58.0,0.0,58.0,2001.4,0.0,56.0,0.0
20260303-AP605-0799,20260303,AP605,AP604,long,64552000,14:55:52.000,normal_quote,normal_move_fill,interval_vwap,10187.0,64553000.0,9833.0,64555000,14:55:55.000,hedged_exit,closed,10271.0,9861.0,84.0,-28.0,56.0,0.0,56.0,2002.0,0.0,54.0,0.0
20260303-AP605-0800,20260303,AP605,AP604,long,64558000,14:55:58.000,normal_quote,normal_move_fill,interval_vwap,10186.0,64559000.0,9846.0,64561000,14:56:01.000,hedged_exit,closed,10266.0,9858.0,80.0,-12.0,68.0,0.0,68.0,2003.2,0.0,66.0,0.0
20260303-AP605-0801,20260303,AP605,AP604,long,64564000,14:56:04.000,normal_quote,normal_move_fill,interval_vwap,10183.0,64565000.0,9846.0,64567000,14:56:07.000,hedged_exit,closed,10272.0,9865.0,89.0,-19.0,70.0,0.0,70.0,2002.9,0.0,68.0,0.0
20260303-AP605-0802,20260303,AP605,AP604,long,64570000,14:56:10.000,normal_quote,normal_move_fill,interval_vwap,10191.0,64571000.0,9846.0,64573000,14:56:13.000,hedged_exit,closed,10274.0,9866.0,83.0,-20.0,63.0,0.0,63.0,2003.7,0.0,61.0,0.0
20260303-AP605-0803,20260303,AP605,AP604,long,64576000,14:56:16.000,normal_quote,normal_move_fill,interval_vwap,10195.0,64577000.0,9846.0,64579000,14:56:19.000,hedged_exit,closed,10278.0,9868.0,83.0,-22.0,61.0,0.0,61.0,2004.1,0.0,58.0,0.0
20260303-AP605-0804,20260303,AP605,AP604,long,64582000,14:56:22.000,normal_quote,normal_move_fill,interval_vwap,10199.0,64583000.0,9846.0,64585000,14:56:25.000,hedged_exit,closed,10284.0,9872.0,85.0,-26.0,59.0,0.0,59.0,2004.5,0.0,56.0,0.0
20260303-AP605-0805,20260303,AP605,AP604,long,64588000,14:56:28.000,normal_quote,normal_move_fill,interval_vwap,10198.0,64589000.0,9846.0,64591000,14:56:31.000,hedged_exit,closed,10280.0,9870.0,82.0,-24.0,58.0,0.0,58.0,2004.4,0.0,56.0,0.0
20260303-AP605-0806,20260303,AP605,AP604,long,64595000,14:56:35.000,normal_quote,normal_move_fill,interval_vwap,10198.0,64596000.0,9846.0,64598000,14:56:38.000,hedged_exit,closed,10283.0,9872.0,85.0,-26.0,59.0,0.0,59.0,2004.4,0.0,57.0,0.0
20260303-AP605-0807,20260303,AP605,AP604,long,64601000,14:56:41.000,normal_quote,normal_move_fill,interval_vwap,10201.0,64602000.0,9847.0,64604000,14:56:44.000,hedged_exit,closed,10286.0,9876.0,85.0,-29.0,56.0,0.0,56.0,2004.8000000000002,0.0,54.0,0.0
20260303-AP605-0808,20260303,AP605,AP604,long,64607000,14:56:47.000,normal_quote,normal_move_fill,interval_vwap,10204.0,64608000.0,9853.0,64610000,14:56:50.000,hedged_exit,closed,10288.0,9878.0,84.0,-25.0,59.0,0.0,59.0,2005.7000000000003,0.0,57.0,0.0
20260303-AP605-0809,20260303,AP605,AP604,long,64613000,14:56:53.000,normal_quote,normal_move_fill,interval_vwap,10204.0,64614000.0,9852.0,64616000,14:56:56.000,hedged_exit,closed,10287.0,9877.0,83.0,-25.0,58.0,0.0,58.0,2005.6000000000001,0.0,56.0,0.0
20260303-AP605-0810,20260303,AP605,AP604,long,64619000,14:56:59.000,normal_quote,normal_move_fill,interval_vwap,10203.0,64620000.0,9848.0,64622000,14:57:02.000,hedged_exit,closed,10283.0,9874.0,80.0,-26.0,54.0,0.0,54.0,2005.1000000000001,0.0,52.0,0.0
20260303-AP605-0811,20260303,AP605,AP604,long,64625000,14:57:05.000,normal_quote,normal_move_fill,interval_vwap,10198.0,64626000.0,9850.0,64628000,14:57:08.000,hedged_exit,closed,10285.0,9875.0,87.0,-25.0,62.0,0.0,62.0,2004.8000000000002,0.0,58.0,0.0
20260303-AP605-0812,20260303,AP605,AP604,long,64631000,14:57:11.000,normal_quote,normal_move_fill,interval_vwap,10200.0,64632000.0,9850.0,64634000,14:57:14.000,hedged_exit,closed,10285.0,9876.0,85.0,-26.0,59.0,0.0,59.0,2005.0,0.0,57.0,0.0
20260303-AP605-0813,20260303,AP605,AP604,long,64637000,14:57:17.000,normal_quote,normal_move_fill,interval_vwap,10200.0,64638000.0,9849.0,64640000,14:57:20.000,hedged_exit,closed,10285.0,9876.0,85.0,-27.0,58.0,0.0,58.0,2004.9,0.0,56.0,0.0
20260303-AP605-0814,20260303,AP605,AP604,long,64643000,14:57:23.000,normal_quote,normal_move_fill,interval_vwap,10201.0,64644000.0,9849.0,64646000,14:57:26.000,hedged_exit,closed,10285.0,9875.0,84.0,-26.0,58.0,0.0,58.0,2005.0,0.0,56.0,0.0
20260303-AP605-0815,20260303,AP605,AP604,long,64649000,14:57:29.000,normal_quote,normal_move_fill,interval_vwap,10200.0,64650000.0,9850.0,64652000,14:57:32.000,hedged_exit,closed,10286.0,9875.0,86.0,-25.0,61.0,0.0,61.0,2005.0,0.0,59.0,0.0
20260303-AP605-0816,20260303,AP605,AP604,long,64655000,14:57:35.000,normal_quote,normal_move_fill,interval_vwap,10206.0,64656000.0,9856.0,64658000,14:57:38.000,hedged_exit,closed,10293.0,9875.0,87.0,-19.0,68.0,0.0,68.0,2006.2,0.0,66.0,0.0
20260303-AP605-0817,20260303,AP605,AP604,long,64661000,14:57:41.000,normal_quote,normal_move_fill,interval_vwap,10209.0,64662000.0,9858.0,64664000,14:57:44.000,hedged_exit,closed,10295.0,9875.0,86.0,-17.0,69.0,0.0,69.0,2006.7000000000003,0.0,66.0,0.0
20260303-AP605-0818,20260303,AP605,AP604,long,64667000,14:57:47.000,normal_quote,normal_move_fill,interval_vwap,10210.0,64668000.0,9859.0,64670000,14:57:50.000,hedged_exit,closed,10296.0,9875.0,86.0,-16.0,70.0,0.0,70.0,2006.9,0.0,67.0,0.0
20260303-AP605-0819,20260303,AP605,AP604,long,64673000,14:57:53.000,normal_quote,normal_move_fill,interval_vwap,10210.0,64674000.0,9858.0,64676000,14:57:56.000,hedged_exit,closed,10296.0,9875.0,86.0,-17.0,69.0,0.0,69.0,2006.8000000000002,0.0,65.0,0.0
20260303-AP605-0820,20260303,AP605,AP604,long,64679000,14:57:59.000,normal_quote,normal_move_fill,interval_vwap,10212.0,64680000.0,9854.0,64682000,14:58:02.000,hedged_exit,closed,10290.0,9875.0,78.0,-21.0,57.0,0.0,57.0,2006.6000000000001,0.0,55.0,0.0
20260303-AP605-0821,20260303,AP605,AP604,long,64685000,14:58:05.000,normal_quote,normal_move_fill,interval_vwap,10205.0,64686000.0,9854.0,64688000,14:58:08.000,hedged_exit,closed,10294.0,9875.0,89.0,-21.0,68.0,0.0,68.0,2005.9,0.0,63.0,0.0
20260303-AP605-0822,20260303,AP605,AP604,long,64691000,14:58:11.000,normal_quote,normal_move_fill,interval_vwap,10205.0,64692000.0,9855.0,64694000,14:58:14.000,hedged_exit,closed,10291.0,9875.0,86.0,-20.0,66.0,0.0,66.0,2006.0,0.0,64.0,0.0
20260303-AP605-0823,20260303,AP605,AP604,long,64697000,14:58:17.000,normal_quote,normal_move_fill,interval_vwap,10206.0,64698000.0,9854.0,64700000,14:58:20.000,hedged_exit,closed,10290.0,9875.0,84.0,-21.0,63.0,0.0,63.0,2006.0,0.0,61.0,0.0
20260303-AP605-0824,20260303,AP605,AP604,long,64703000,14:58:23.000,normal_quote,normal_move_fill,interval_vwap,10206.0,64704000.0,9854.0,64706000,14:58:26.000,hedged_exit,closed,10290.0,9875.0,84.0,-21.0,63.0,0.0,63.0,2006.0,0.0,61.0,0.0
20260303-AP605-0825,20260303,AP605,AP604,long,64709000,14:58:29.000,normal_quote,normal_move_fill,interval_vwap,10206.0,64710000.0,9855.0,64712000,14:58:32.000,hedged_exit,closed,10291.0,9875.0,85.0,-20.0,65.0,0.0,65.0,2006.1,0.0,63.0,0.0
20260303-AP605-0826,20260303,AP605,AP604,long,64715000,14:58:35.000,normal_quote,normal_move_fill,interval_vwap,10206.0,64716000.0,9857.0,64718000,14:58:38.000,hedged_exit,closed,10291.0,9875.0,85.0,-18.0,67.0,0.0,67.0,2006.3000000000002,0.0,65.0,0.0
20260303-AP605-0827,20260303,AP605,AP604,long,64721000,14:58:41.000,normal_quote,normal_move_fill,interval_vwap,10207.0,,,64722000,14:58:42.000,hedge_failure_exit,hedge_failure_exit,10291.0,,84.0,,84.0,0.0,84.0,,0.0,,0.0
20260303-AP605-0828,20260303,AP605,AP604,long,64725000,14:58:45.000,normal_quote,normal_move_fill,interval_vwap,10206.0,64726000.0,9855.0,64728000,14:58:48.000,hedged_exit,closed,10291.0,9875.0,85.0,-20.0,65.0,0.0,65.0,2006.1,0.0,63.0,0.0
20260303-AP605-0829,20260303,AP605,AP604,long,64731000,14:58:51.000,normal_quote,normal_move_fill,interval_vwap,10205.0,64732000.0,9858.0,64734000,14:58:54.000,hedged_exit,closed,10292.0,9875.0,87.0,-17.0,70.0,0.0,70.0,2006.3000000000002,0.0,68.0,0.0
20260303-AP605-0830,20260303,AP605,AP604,long,64737000,14:58:57.000,normal_quote,normal_move_fill,interval_vwap,10209.0,64738000.0,9862.0,64740000,14:59:00.000,hedged_exit,closed,10291.0,9875.0,82.0,-13.0,69.0,0.0,69.0,2007.1000000000001,0.0,67.0,0.0
20260303-AP605-0831,20260303,AP605,AP604,long,64743000,14:59:03.000,normal_quote,normal_move_fill,interval_vwap,10206.0,64744000.0,9857.0,64746000,14:59:06.000,hedged_exit,closed,10290.0,9875.0,84.0,-18.0,66.0,0.0,66.0,2006.3000000000002,0.0,64.0,0.0
20260303-AP605-0832,20260303,AP605,AP604,long,64749000,14:59:09.000,normal_quote,normal_move_fill,interval_vwap,10202.0,64750000.0,9852.0,64752000,14:59:12.000,hedged_exit,closed,10282.0,9873.0,80.0,-21.0,59.0,0.0,59.0,2005.4,0.0,56.0,0.0
20260303-AP605-0833,20260303,AP605,AP604,long,64755000,14:59:15.000,normal_quote,normal_move_fill,interval_vwap,10196.0,64756000.0,9850.0,64758000,14:59:18.000,hedged_exit,closed,10286.0,9875.0,90.0,-25.0,65.0,0.0,65.0,2004.6,0.0,59.0,0.0
20260303-AP605-0834,20260303,AP605,AP604,long,64761000,14:59:21.000,normal_quote,normal_move_fill,interval_vwap,10202.0,64762000.0,9852.0,64764000,14:59:24.000,hedged_exit,closed,10285.0,9875.0,83.0,-23.0,60.0,0.0,60.0,2005.4,0.0,58.0,0.0
20260303-AP605-0835,20260303,AP605,AP604,long,64767000,14:59:27.000,normal_quote,normal_move_fill,interval_vwap,10200.0,64768000.0,9855.0,64770000,14:59:30.000,hedged_exit,closed,10282.0,9872.0,82.0,-17.0,65.0,0.0,65.0,2005.5,0.0,63.0,0.0
20260303-AP605-0836,20260303,AP605,AP604,long,64773000,14:59:33.000,normal_quote,normal_move_fill,interval_vwap,10199.0,64774000.0,9855.0,64776000,14:59:36.000,hedged_exit,closed,10283.0,9873.0,84.0,-18.0,66.0,0.0,66.0,2005.4,0.0,64.0,0.0
20260303-AP605-0837,20260303,AP605,AP604,long,64779000,14:59:39.000,normal_quote,normal_move_fill,interval_vwap,10201.0,64780000.0,9860.0,64782000,14:59:42.000,hedged_exit,closed,10283.0,9874.0,82.0,-14.0,68.0,0.0,68.0,2006.1,0.0,66.0,0.0
20260303-AP605-0838,20260303,AP605,AP604,long,64785000,14:59:45.000,normal_quote,normal_move_fill,interval_vwap,10201.0,64786000.0,9859.0,64788000,14:59:48.000,hedged_exit,closed,10284.0,9874.0,83.0,-15.0,68.0,0.0,68.0,2006.0,0.0,66.0,0.0
20260303-AP605-0839,20260303,AP605,AP604,long,64791000,14:59:51.000,normal_quote,normal_move_fill,interval_vwap,10203.0,64792000.0,9862.0,64794000,14:59:54.000,hedged_exit,closed,10283.0,9874.0,80.0,-12.0,68.0,0.0,68.0,2006.5,0.0,66.0,0.0
20260303-AP605-0840,20260303,AP605,AP604,long,64797000,14:59:57.000,normal_quote,normal_move_fill,interval_vwap,10201.0,64798000.0,9867.0,64800000,15:00:00.000,end_of_day_exit,unclosed_end_of_day,,,,,,0.0,,2006.8000000000002,0.0,74.0,0.0
