detail_id,commodity,contract,trade_date,candidate_score,candidate_level,sample_status,trigger_reasons,main_reference_contract
JD|JD2411|2024-01-02,JD,JD2411,2024-01-02,60.0,medium,valid,结构失真,JD2402
JD|JD2403|2024-01-02,JD,JD2403,2024-01-02,20.0,none,valid,振幅异常,JD2402
JD|JD2404|2024-01-02,JD,JD2404,2024-01-02,20.0,none,valid,振幅异常,JD2402
JD|JD2405|2024-01-02,JD,JD2405,2024-01-02,20.0,none,valid,振幅异常,JD2402
JD|JD2406|2024-01-02,JD,JD2406,2024-01-02,20.0,none,valid,振幅异常,JD2402
JD|JD2407|2024-01-02,JD,JD2407,2024-01-02,20.0,none,valid,振幅异常,JD2402
JD|JD2408|2024-01-02,JD,JD2408,2024-01-02,20.0,none,valid,振幅异常,JD2402
JD|JD2410|2024-01-02,JD,JD2410,2024-01-02,16.0,none,valid,振幅异常,JD2402
JD|JD2401|2024-01-02,JD,JD2401,2024-01-02,10.0,none,valid,振幅异常；目标合约流动性偏弱,JD2402
JD|JD2402|2024-01-02,JD,JD2402,2024-01-02,5.0,none,valid,无明显触发项,JD2402
JD|JD2409|2024-01-02,JD,JD2409,2024-01-02,4.0,none,valid,无明显触发项,JD2402
JD|JD2412|2024-01-02,JD,JD2412,2024-01-02,0.0,none,invalid_lifecycle_edge,样本状态=生命周期边界无效,JD2402
JD|JD2411|2024-01-03,JD,JD2411,2024-01-03,60.0,medium,valid,结构失真,JD2402
JD|JD2406|2024-01-03,JD,JD2406,2024-01-03,20.0,none,valid,振幅异常,JD2402
JD|JD2407|2024-01-03,JD,JD2407,2024-01-03,20.0,none,valid,振幅异常,JD2402
JD|JD2408|2024-01-03,JD,JD2408,2024-01-03,20.0,none,valid,振幅异常,JD2402
JD|JD2410|2024-01-03,JD,JD2410,2024-01-03,20.0,none,valid,振幅异常,JD2402
JD|JD2409|2024-01-03,JD,JD2409,2024-01-03,16.0,none,valid,振幅异常,JD2402
JD|JD2404|2024-01-03,JD,JD2404,2024-01-03,3.0,none,valid,无明显触发项,JD2402
JD|JD2401|2024-01-03,JD,JD2401,2024-01-03,0.0,none,valid,目标合约流动性偏弱,JD2402
JD|JD2402|2024-01-03,JD,JD2402,2024-01-03,0.0,none,valid,无明显触发项,JD2402
JD|JD2403|2024-01-03,JD,JD2403,2024-01-03,0.0,none,valid,无明显触发项,JD2402
JD|JD2405|2024-01-03,JD,JD2405,2024-01-03,0.0,none,valid,无明显触发项,JD2402
JD|JD2412|2024-01-03,JD,JD2412,2024-01-03,0.0,none,invalid_lifecycle_edge,样本状态=生命周期边界无效,JD2402
JD|JD2410|2024-01-04,JD,JD2410,2024-01-04,60.0,medium,valid,结构失真,JD2402
JD|JD2411|2024-01-04,JD,JD2411,2024-01-04,60.0,medium,valid,结构失真,JD2402
JD|JD2404|2024-01-04,JD,JD2404,2024-01-04,40.0,low,valid,结构失真,JD2402
JD|JD2405|2024-01-04,JD,JD2405,2024-01-04,40.0,low,valid,结构失真,JD2402
JD|JD2409|2024-01-04,JD,JD2409,2024-01-04,29.0,none,valid,结构失真,JD2402
JD|JD2408|2024-01-04,JD,JD2408,2024-01-04,17.0,none,valid,无明显触发项,JD2402
JD|JD2407|2024-01-04,JD,JD2407,2024-01-04,12.0,none,valid,无明显触发项,JD2402
JD|JD2401|2024-01-04,JD,JD2401,2024-01-04,0.0,none,valid,目标合约流动性偏弱,JD2402
JD|JD2402|2024-01-04,JD,JD2402,2024-01-04,0.0,none,valid,无明显触发项,JD2402
JD|JD2403|2024-01-04,JD,JD2403,2024-01-04,0.0,none,valid,无明显触发项,JD2402
JD|JD2406|2024-01-04,JD,JD2406,2024-01-04,0.0,none,valid,无明显触发项,JD2402
JD|JD2412|2024-01-04,JD,JD2412,2024-01-04,0.0,none,invalid_lifecycle_edge,样本状态=生命周期边界无效,JD2402
JD|JD2411|2024-01-05,JD,JD2411,2024-01-05,60.0,medium,valid,结构失真,JD2402
JD|JD2404|2024-01-05,JD,JD2404,2024-01-05,13.0,none,valid,振幅异常,JD2402
JD|JD2407|2024-01-05,JD,JD2407,2024-01-05,13.0,none,valid,振幅异常,JD2402
JD|JD2402|2024-01-05,JD,JD2402,2024-01-05,4.0,none,valid,无明显触发项,JD2402
JD|JD2403|2024-01-05,JD,JD2403,2024-01-05,3.0,none,valid,无明显触发项,JD2402
JD|JD2405|2024-01-05,JD,JD2405,2024-01-05,3.0,none,valid,无明显触发项,JD2402
JD|JD2406|2024-01-05,JD,JD2406,2024-01-05,3.0,none,valid,无明显触发项,JD2402
JD|JD2401|2024-01-05,JD,JD2401,2024-01-05,0.0,none,valid,目标合约流动性偏弱,JD2402
JD|JD2408|2024-01-05,JD,JD2408,2024-01-05,0.0,none,valid,无明显触发项,JD2402
JD|JD2409|2024-01-05,JD,JD2409,2024-01-05,0.0,none,valid,无明显触发项,JD2402
JD|JD2410|2024-01-05,JD,JD2410,2024-01-05,0.0,none,valid,无明显触发项,JD2402
JD|JD2412|2024-01-05,JD,JD2412,2024-01-05,0.0,none,invalid_lifecycle_edge,样本状态=生命周期边界无效,JD2402
JD|JD2411|2024-01-08,JD,JD2411,2024-01-08,60.0,medium,valid,结构失真,JD2402
JD|JD2406|2024-01-08,JD,JD2406,2024-01-08,13.0,none,valid,振幅异常,JD2402
JD|JD2408|2024-01-08,JD,JD2408,2024-01-08,13.0,none,valid,振幅异常,JD2402
JD|JD2409|2024-01-08,JD,JD2409,2024-01-08,9.0,none,valid,振幅异常,JD2402
JD|JD2410|2024-01-08,JD,JD2410,2024-01-08,9.0,none,valid,振幅异常,JD2402
JD|JD2407|2024-01-08,JD,JD2407,2024-01-08,7.0,none,valid,无明显触发项,JD2402
JD|JD2401|2024-01-08,JD,JD2401,2024-01-08,0.0,none,valid,目标合约流动性偏弱,JD2402
JD|JD2402|2024-01-08,JD,JD2402,2024-01-08,0.0,none,valid,无明显触发项,JD2402
JD|JD2403|2024-01-08,JD,JD2403,2024-01-08,0.0,none,valid,无明显触发项,JD2402
JD|JD2404|2024-01-08,JD,JD2404,2024-01-08,0.0,none,valid,无明显触发项,JD2402
JD|JD2405|2024-01-08,JD,JD2405,2024-01-08,0.0,none,valid,无明显触发项,JD2402
JD|JD2412|2024-01-08,JD,JD2412,2024-01-08,0.0,none,invalid_insufficient_history,样本状态=历史样本不足,JD2402
JD|JD2411|2024-01-09,JD,JD2411,2024-01-09,44.0,low,valid,结构失真,JD2403
JD|JD2410|2024-01-09,JD,JD2410,2024-01-09,41.0,low,valid,振幅异常；结构失真,JD2403
JD|JD2409|2024-01-09,JD,JD2409,2024-01-09,27.0,none,valid,结构失真,JD2403
JD|JD2408|2024-01-09,JD,JD2408,2024-01-09,5.0,none,valid,无明显触发项,JD2403
JD|JD2402|2024-01-09,JD,JD2402,2024-01-09,0.0,none,valid,无明显触发项,JD2403
JD|JD2403|2024-01-09,JD,JD2403,2024-01-09,0.0,none,valid,无明显触发项,JD2403
JD|JD2404|2024-01-09,JD,JD2404,2024-01-09,0.0,none,valid,无明显触发项,JD2403
JD|JD2405|2024-01-09,JD,JD2405,2024-01-09,0.0,none,valid,无明显触发项,JD2403
JD|JD2406|2024-01-09,JD,JD2406,2024-01-09,0.0,none,valid,无明显触发项,JD2403
JD|JD2407|2024-01-09,JD,JD2407,2024-01-09,0.0,none,valid,无明显触发项,JD2403
JD|JD2412|2024-01-09,JD,JD2412,2024-01-09,0.0,none,invalid_insufficient_history,样本状态=历史样本不足,JD2403
JD|JD2402|2024-01-10,JD,JD2402,2024-01-10,20.0,none,valid,振幅异常,JD2403
JD|JD2411|2024-01-10,JD,JD2411,2024-01-10,20.0,none,valid,振幅异常,JD2403
JD|JD2401|2024-01-10,JD,JD2401,2024-01-10,0.0,none,valid,目标合约流动性偏弱,JD2403
JD|JD2403|2024-01-10,JD,JD2403,2024-01-10,0.0,none,valid,无明显触发项,JD2403
JD|JD2404|2024-01-10,JD,JD2404,2024-01-10,0.0,none,valid,无明显触发项,JD2403
JD|JD2405|2024-01-10,JD,JD2405,2024-01-10,0.0,none,valid,无明显触发项,JD2403
JD|JD2406|2024-01-10,JD,JD2406,2024-01-10,0.0,none,valid,无明显触发项,JD2403
JD|JD2407|2024-01-10,JD,JD2407,2024-01-10,0.0,none,valid,无明显触发项,JD2403
JD|JD2408|2024-01-10,JD,JD2408,2024-01-10,0.0,none,valid,无明显触发项,JD2403
JD|JD2409|2024-01-10,JD,JD2409,2024-01-10,0.0,none,valid,无明显触发项,JD2403
JD|JD2410|2024-01-10,JD,JD2410,2024-01-10,0.0,none,valid,无明显触发项,JD2403
JD|JD2412|2024-01-10,JD,JD2412,2024-01-10,0.0,none,invalid_insufficient_history,样本状态=历史样本不足,JD2403
JD|JD2408|2024-01-11,JD,JD2408,2024-01-11,20.0,none,valid,振幅异常,JD2403
JD|JD2409|2024-01-11,JD,JD2409,2024-01-11,20.0,none,valid,振幅异常,JD2403
JD|JD2410|2024-01-11,JD,JD2410,2024-01-11,20.0,none,valid,振幅异常,JD2403
JD|JD2411|2024-01-11,JD,JD2411,2024-01-11,20.0,none,valid,振幅异常,JD2403
JD|JD2407|2024-01-11,JD,JD2407,2024-01-11,17.0,none,valid,振幅异常,JD2403
JD|JD2405|2024-01-11,JD,JD2405,2024-01-11,13.0,none,valid,振幅异常,JD2403
JD|JD2404|2024-01-11,JD,JD2404,2024-01-11,7.0,none,valid,无明显触发项,JD2403
JD|JD2402|2024-01-11,JD,JD2402,2024-01-11,4.0,none,valid,无明显触发项,JD2403
JD|JD2406|2024-01-11,JD,JD2406,2024-01-11,4.0,none,valid,无明显触发项,JD2403
JD|JD2401|2024-01-11,JD,JD2401,2024-01-11,0.0,none,valid,目标合约流动性偏弱,JD2403
JD|JD2403|2024-01-11,JD,JD2403,2024-01-11,0.0,none,valid,无明显触发项,JD2403
JD|JD2412|2024-01-11,JD,JD2412,2024-01-11,0.0,none,invalid_insufficient_history,样本状态=历史样本不足,JD2403
JD|JD2403|2024-01-12,JD,JD2403,2024-01-12,52.0,medium,valid,振幅异常；结构失真,JD2403
JD|JD2408|2024-01-12,JD,JD2408,2024-01-12,13.0,none,valid,振幅异常,JD2403
JD|JD2405|2024-01-12,JD,JD2405,2024-01-12,12.0,none,valid,无明显触发项,JD2403
JD|JD2410|2024-01-12,JD,JD2410,2024-01-12,8.0,none,valid,振幅异常,JD2403
JD|JD2401|2024-01-12,JD,JD2401,2024-01-12,0.0,none,valid,目标合约流动性偏弱,JD2403
JD|JD2402|2024-01-12,JD,JD2402,2024-01-12,0.0,none,valid,无明显触发项,JD2403
JD|JD2404|2024-01-12,JD,JD2404,2024-01-12,0.0,none,valid,无明显触发项,JD2403
JD|JD2406|2024-01-12,JD,JD2406,2024-01-12,0.0,none,valid,无明显触发项,JD2403
JD|JD2407|2024-01-12,JD,JD2407,2024-01-12,0.0,none,valid,无明显触发项,JD2403
JD|JD2409|2024-01-12,JD,JD2409,2024-01-12,0.0,none,valid,无明显触发项,JD2403
JD|JD2411|2024-01-12,JD,JD2411,2024-01-12,0.0,none,valid,无明显触发项,JD2403
JD|JD2412|2024-01-12,JD,JD2412,2024-01-12,0.0,none,invalid_insufficient_history,样本状态=历史样本不足,JD2403
JD|JD2410|2024-01-15,JD,JD2410,2024-01-15,50.0,medium,valid,结构失真,JD2403
JD|JD2411|2024-01-15,JD,JD2411,2024-01-15,45.0,low,valid,结构失真,JD2403
JD|JD2405|2024-01-15,JD,JD2405,2024-01-15,40.0,low,valid,结构失真,JD2403
JD|JD2407|2024-01-15,JD,JD2407,2024-01-15,40.0,low,valid,结构失真,JD2403
JD|JD2408|2024-01-15,JD,JD2408,2024-01-15,29.0,none,valid,结构失真,JD2403
JD|JD2409|2024-01-15,JD,JD2409,2024-01-15,29.0,none,valid,结构失真,JD2403
JD|JD2403|2024-01-15,JD,JD2403,2024-01-15,24.0,none,valid,结构失真,JD2403
JD|JD2404|2024-01-15,JD,JD2404,2024-01-15,24.0,none,valid,结构失真,JD2403
JD|JD2402|2024-01-15,JD,JD2402,2024-01-15,0.0,none,valid,无明显触发项,JD2403
JD|JD2406|2024-01-15,JD,JD2406,2024-01-15,0.0,none,valid,无明显触发项,JD2403
JD|JD2412|2024-01-15,JD,JD2412,2024-01-15,0.0,none,invalid_insufficient_history,样本状态=历史样本不足,JD2403
JD|JD2404|2024-01-16,JD,JD2404,2024-01-16,40.0,low,valid,结构失真,JD2403
JD|JD2401|2024-01-16,JD,JD2401,2024-01-16,19.0,none,valid,结构失真；目标合约流动性偏弱,JD2403
JD|JD2405|2024-01-16,JD,JD2405,2024-01-16,12.0,none,valid,无明显触发项,JD2403
JD|JD2407|2024-01-16,JD,JD2407,2024-01-16,12.0,none,valid,无明显触发项,JD2403
JD|JD2402|2024-01-16,JD,JD2402,2024-01-16,0.0,none,valid,无明显触发项,JD2403
JD|JD2403|2024-01-16,JD,JD2403,2024-01-16,0.0,none,valid,无明显触发项,JD2403
JD|JD2406|2024-01-16,JD,JD2406,2024-01-16,0.0,none,valid,无明显触发项,JD2403
JD|JD2408|2024-01-16,JD,JD2408,2024-01-16,0.0,none,valid,无明显触发项,JD2403
JD|JD2409|2024-01-16,JD,JD2409,2024-01-16,0.0,none,valid,无明显触发项,JD2403
JD|JD2410|2024-01-16,JD,JD2410,2024-01-16,0.0,none,valid,无明显触发项,JD2403
JD|JD2411|2024-01-16,JD,JD2411,2024-01-16,0.0,none,valid,无明显触发项,JD2403
JD|JD2412|2024-01-16,JD,JD2412,2024-01-16,0.0,none,invalid_insufficient_history,样本状态=历史样本不足,JD2403
JD|JD2403|2024-01-17,JD,JD2403,2024-01-17,7.0,none,valid,无明显触发项,JD2403
JD|JD2405|2024-01-17,JD,JD2405,2024-01-17,7.0,none,valid,无明显触发项,JD2403
JD|JD2402|2024-01-17,JD,JD2402,2024-01-17,3.0,none,valid,无明显触发项,JD2403
JD|JD2404|2024-01-17,JD,JD2404,2024-01-17,0.0,none,valid,无明显触发项,JD2403
JD|JD2406|2024-01-17,JD,JD2406,2024-01-17,0.0,none,valid,无明显触发项,JD2403
JD|JD2407|2024-01-17,JD,JD2407,2024-01-17,0.0,none,valid,无明显触发项,JD2403
JD|JD2408|2024-01-17,JD,JD2408,2024-01-17,0.0,none,valid,无明显触发项,JD2403
JD|JD2409|2024-01-17,JD,JD2409,2024-01-17,0.0,none,valid,无明显触发项,JD2403
JD|JD2410|2024-01-17,JD,JD2410,2024-01-17,0.0,none,valid,无明显触发项,JD2403
JD|JD2411|2024-01-17,JD,JD2411,2024-01-17,0.0,none,valid,无明显触发项,JD2403
JD|JD2412|2024-01-17,JD,JD2412,2024-01-17,0.0,none,invalid_insufficient_history,样本状态=历史样本不足,JD2403
JD|JD2409|2024-01-18,JD,JD2409,2024-01-18,20.0,none,valid,振幅异常,JD2403
JD|JD2410|2024-01-18,JD,JD2410,2024-01-18,11.0,none,valid,振幅异常,JD2403
JD|JD2408|2024-01-18,JD,JD2408,2024-01-18,7.0,none,valid,无明显触发项,JD2403
JD|JD2411|2024-01-18,JD,JD2411,2024-01-18,4.0,none,valid,无明显触发项,JD2403
JD|JD2402|2024-01-18,JD,JD2402,2024-01-18,0.0,none,valid,无明显触发项,JD2403
JD|JD2403|2024-01-18,JD,JD2403,2024-01-18,0.0,none,valid,无明显触发项,JD2403
JD|JD2404|2024-01-18,JD,JD2404,2024-01-18,0.0,none,valid,无明显触发项,JD2403
JD|JD2405|2024-01-18,JD,JD2405,2024-01-18,0.0,none,valid,无明显触发项,JD2403
JD|JD2406|2024-01-18,JD,JD2406,2024-01-18,0.0,none,valid,无明显触发项,JD2403
JD|JD2407|2024-01-18,JD,JD2407,2024-01-18,0.0,none,valid,无明显触发项,JD2403
JD|JD2412|2024-01-18,JD,JD2412,2024-01-18,0.0,none,invalid_insufficient_history,样本状态=历史样本不足,JD2403
JD|JD2402|2024-01-19,JD,JD2402,2024-01-19,13.0,none,valid,振幅异常,JD2403
JD|JD2407|2024-01-19,JD,JD2407,2024-01-19,12.0,none,valid,无明显触发项,JD2403
JD|JD2401|2024-01-19,JD,JD2401,2024-01-19,0.0,none,invalid_lifecycle_edge,样本状态=生命周期边界无效,JD2403
JD|JD2403|2024-01-19,JD,JD2403,2024-01-19,0.0,none,valid,无明显触发项,JD2403
JD|JD2404|2024-01-19,JD,JD2404,2024-01-19,0.0,none,valid,无明显触发项,JD2403
JD|JD2405|2024-01-19,JD,JD2405,2024-01-19,0.0,none,valid,无明显触发项,JD2403
JD|JD2406|2024-01-19,JD,JD2406,2024-01-19,0.0,none,valid,无明显触发项,JD2403
JD|JD2408|2024-01-19,JD,JD2408,2024-01-19,0.0,none,valid,无明显触发项,JD2403
JD|JD2409|2024-01-19,JD,JD2409,2024-01-19,0.0,none,valid,无明显触发项,JD2403
JD|JD2410|2024-01-19,JD,JD2410,2024-01-19,0.0,none,valid,无明显触发项,JD2403
JD|JD2411|2024-01-19,JD,JD2411,2024-01-19,0.0,none,valid,无明显触发项,JD2403
JD|JD2412|2024-01-19,JD,JD2412,2024-01-19,0.0,none,invalid_insufficient_history,样本状态=历史样本不足,JD2403
JD|JD2412|2024-01-22,JD,JD2412,2024-01-22,60.0,medium,valid,结构失真,JD2403
JD|JD2402|2024-01-22,JD,JD2402,2024-01-22,37.0,low,valid,振幅异常；结构失真,JD2403
JD|JD2401|2024-01-22,JD,JD2401,2024-01-22,0.0,none,invalid_lifecycle_edge,样本状态=生命周期边界无效,JD2403
JD|JD2403|2024-01-22,JD,JD2403,2024-01-22,0.0,none,valid,无明显触发项,JD2403
JD|JD2404|2024-01-22,JD,JD2404,2024-01-22,0.0,none,valid,无明显触发项,JD2403
JD|JD2405|2024-01-22,JD,JD2405,2024-01-22,0.0,none,valid,无明显触发项,JD2403
JD|JD2406|2024-01-22,JD,JD2406,2024-01-22,0.0,none,valid,无明显触发项,JD2403
JD|JD2407|2024-01-22,JD,JD2407,2024-01-22,0.0,none,valid,无明显触发项,JD2403
JD|JD2408|2024-01-22,JD,JD2408,2024-01-22,0.0,none,valid,无明显触发项,JD2403
JD|JD2409|2024-01-22,JD,JD2409,2024-01-22,0.0,none,valid,无明显触发项,JD2403
JD|JD2410|2024-01-22,JD,JD2410,2024-01-22,0.0,none,valid,无明显触发项,JD2403
JD|JD2411|2024-01-22,JD,JD2411,2024-01-22,0.0,none,valid,无明显触发项,JD2403
JD|JD2412|2024-01-23,JD,JD2412,2024-01-23,60.0,medium,valid,结构失真,JD2403
JD|JD2402|2024-01-23,JD,JD2402,2024-01-23,12.0,none,valid,无明显触发项,JD2403
JD|JD2411|2024-01-23,JD,JD2411,2024-01-23,3.0,none,valid,无明显触发项,JD2403
JD|JD2403|2024-01-23,JD,JD2403,2024-01-23,0.0,none,valid,无明显触发项,JD2403
JD|JD2404|2024-01-23,JD,JD2404,2024-01-23,0.0,none,valid,无明显触发项,JD2403
JD|JD2405|2024-01-23,JD,JD2405,2024-01-23,0.0,none,valid,无明显触发项,JD2403
JD|JD2406|2024-01-23,JD,JD2406,2024-01-23,0.0,none,valid,无明显触发项,JD2403
JD|JD2407|2024-01-23,JD,JD2407,2024-01-23,0.0,none,valid,无明显触发项,JD2403
JD|JD2408|2024-01-23,JD,JD2408,2024-01-23,0.0,none,valid,无明显触发项,JD2403
JD|JD2409|2024-01-23,JD,JD2409,2024-01-23,0.0,none,valid,无明显触发项,JD2403
JD|JD2410|2024-01-23,JD,JD2410,2024-01-23,0.0,none,valid,无明显触发项,JD2403
JD|JD2402|2024-01-24,JD,JD2402,2024-01-24,60.0,medium,valid,结构失真,JD2403
JD|JD2412|2024-01-24,JD,JD2412,2024-01-24,60.0,medium,valid,结构失真,JD2403
JD|JD2407|2024-01-24,JD,JD2407,2024-01-24,24.0,none,valid,结构失真,JD2403
JD|JD2401|2024-01-24,JD,JD2401,2024-01-24,0.0,none,invalid_lifecycle_edge,样本状态=生命周期边界无效,JD2403
JD|JD2403|2024-01-24,JD,JD2403,2024-01-24,0.0,none,valid,无明显触发项,JD2403
JD|JD2404|2024-01-24,JD,JD2404,2024-01-24,0.0,none,valid,无明显触发项,JD2403
JD|JD2405|2024-01-24,JD,JD2405,2024-01-24,0.0,none,valid,无明显触发项,JD2403
JD|JD2406|2024-01-24,JD,JD2406,2024-01-24,0.0,none,valid,无明显触发项,JD2403
JD|JD2408|2024-01-24,JD,JD2408,2024-01-24,0.0,none,valid,无明显触发项,JD2403
JD|JD2409|2024-01-24,JD,JD2409,2024-01-24,0.0,none,valid,无明显触发项,JD2403
JD|JD2410|2024-01-24,JD,JD2410,2024-01-24,0.0,none,valid,无明显触发项,JD2403
JD|JD2411|2024-01-24,JD,JD2411,2024-01-24,0.0,none,valid,无明显触发项,JD2403
JD|JD2412|2024-01-25,JD,JD2412,2024-01-25,60.0,medium,valid,结构失真,JD2403
JD|JD2402|2024-01-25,JD,JD2402,2024-01-25,10.0,none,valid,无明显触发项,JD2403
JD|JD2401|2024-01-25,JD,JD2401,2024-01-25,0.0,none,invalid_lifecycle_edge,样本状态=生命周期边界无效,JD2403
JD|JD2403|2024-01-25,JD,JD2403,2024-01-25,0.0,none,valid,无明显触发项,JD2403
JD|JD2404|2024-01-25,JD,JD2404,2024-01-25,0.0,none,valid,无明显触发项,JD2403
JD|JD2405|2024-01-25,JD,JD2405,2024-01-25,0.0,none,valid,无明显触发项,JD2403
JD|JD2406|2024-01-25,JD,JD2406,2024-01-25,0.0,none,valid,无明显触发项,JD2403
JD|JD2407|2024-01-25,JD,JD2407,2024-01-25,0.0,none,valid,无明显触发项,JD2403
JD|JD2408|2024-01-25,JD,JD2408,2024-01-25,0.0,none,valid,无明显触发项,JD2403
JD|JD2409|2024-01-25,JD,JD2409,2024-01-25,0.0,none,valid,无明显触发项,JD2403
JD|JD2410|2024-01-25,JD,JD2410,2024-01-25,0.0,none,valid,无明显触发项,JD2403
JD|JD2411|2024-01-25,JD,JD2411,2024-01-25,0.0,none,valid,目标合约流动性偏弱,JD2403
JD|JD2412|2024-01-26,JD,JD2412,2024-01-26,60.0,medium,valid,结构失真,JD2403
JD|JD2407|2024-01-26,JD,JD2407,2024-01-26,20.0,none,valid,结构失真,JD2403
JD|JD2403|2024-01-26,JD,JD2403,2024-01-26,8.0,none,valid,振幅异常,JD2403
JD|JD2401|2024-01-26,JD,JD2401,2024-01-26,0.0,none,invalid_lifecycle_edge,样本状态=生命周期边界无效,JD2403
JD|JD2402|2024-01-26,JD,JD2402,2024-01-26,0.0,none,valid,无明显触发项,JD2403
JD|JD2404|2024-01-26,JD,JD2404,2024-01-26,0.0,none,valid,无明显触发项,JD2403
JD|JD2405|2024-01-26,JD,JD2405,2024-01-26,0.0,none,valid,无明显触发项,JD2403
JD|JD2406|2024-01-26,JD,JD2406,2024-01-26,0.0,none,valid,无明显触发项,JD2403
JD|JD2408|2024-01-26,JD,JD2408,2024-01-26,0.0,none,valid,无明显触发项,JD2403
JD|JD2409|2024-01-26,JD,JD2409,2024-01-26,0.0,none,valid,无明显触发项,JD2403
JD|JD2410|2024-01-26,JD,JD2410,2024-01-26,0.0,none,valid,无明显触发项,JD2403
JD|JD2411|2024-01-26,JD,JD2411,2024-01-26,0.0,none,valid,无明显触发项,JD2403
JD|JD2412|2024-01-29,JD,JD2412,2024-01-29,60.0,medium,valid,结构失真,JD2403
JD|JD2409|2024-01-29,JD,JD2409,2024-01-29,11.0,none,valid,振幅异常,JD2403
JD|JD2410|2024-01-29,JD,JD2410,2024-01-29,9.0,none,valid,振幅异常,JD2403
JD|JD2402|2024-01-29,JD,JD2402,2024-01-29,8.0,none,valid,振幅异常,JD2403
JD|JD2403|2024-01-29,JD,JD2403,2024-01-29,0.0,none,valid,无明显触发项,JD2403
JD|JD2404|2024-01-29,JD,JD2404,2024-01-29,0.0,none,valid,无明显触发项,JD2403
JD|JD2405|2024-01-29,JD,JD2405,2024-01-29,0.0,none,valid,无明显触发项,JD2403
JD|JD2406|2024-01-29,JD,JD2406,2024-01-29,0.0,none,valid,无明显触发项,JD2403
JD|JD2407|2024-01-29,JD,JD2407,2024-01-29,0.0,none,valid,无明显触发项,JD2403
JD|JD2408|2024-01-29,JD,JD2408,2024-01-29,0.0,none,valid,无明显触发项,JD2403
JD|JD2411|2024-01-29,JD,JD2411,2024-01-29,0.0,none,valid,无明显触发项,JD2403
JD|JD2501|2024-01-29,JD,JD2501,2024-01-29,0.0,none,invalid_lifecycle_edge,样本状态=生命周期边界无效,JD2403
JD|JD2412|2024-01-30,JD,JD2412,2024-01-30,60.0,medium,valid,结构失真,JD2403
JD|JD2405|2024-01-30,JD,JD2405,2024-01-30,20.0,none,valid,振幅异常,JD2403
JD|JD2406|2024-01-30,JD,JD2406,2024-01-30,13.0,none,valid,振幅异常,JD2403
JD|JD2402|2024-01-30,JD,JD2402,2024-01-30,0.0,none,valid,无明显触发项,JD2403
JD|JD2403|2024-01-30,JD,JD2403,2024-01-30,0.0,none,valid,无明显触发项,JD2403
JD|JD2404|2024-01-30,JD,JD2404,2024-01-30,0.0,none,valid,无明显触发项,JD2403
JD|JD2407|2024-01-30,JD,JD2407,2024-01-30,0.0,none,valid,无明显触发项,JD2403
JD|JD2408|2024-01-30,JD,JD2408,2024-01-30,0.0,none,valid,无明显触发项,JD2403
JD|JD2409|2024-01-30,JD,JD2409,2024-01-30,0.0,none,valid,无明显触发项,JD2403
JD|JD2410|2024-01-30,JD,JD2410,2024-01-30,0.0,none,valid,无明显触发项,JD2403
JD|JD2411|2024-01-30,JD,JD2411,2024-01-30,0.0,none,valid,无明显触发项,JD2403
JD|JD2501|2024-01-30,JD,JD2501,2024-01-30,0.0,none,invalid_lifecycle_edge,样本状态=生命周期边界无效,JD2403
JD|JD2412|2024-01-31,JD,JD2412,2024-01-31,60.0,medium,valid,结构失真,JD2403
JD|JD2406|2024-01-31,JD,JD2406,2024-01-31,24.0,none,valid,结构失真,JD2403
JD|JD2407|2024-01-31,JD,JD2407,2024-01-31,12.0,none,valid,无明显触发项,JD2403
JD|JD2410|2024-01-31,JD,JD2410,2024-01-31,12.0,none,valid,无明显触发项,JD2403
JD|JD2402|2024-01-31,JD,JD2402,2024-01-31,0.0,none,valid,无明显触发项,JD2403
JD|JD2403|2024-01-31,JD,JD2403,2024-01-31,0.0,none,valid,无明显触发项,JD2403
JD|JD2404|2024-01-31,JD,JD2404,2024-01-31,0.0,none,valid,无明显触发项,JD2403
JD|JD2405|2024-01-31,JD,JD2405,2024-01-31,0.0,none,valid,无明显触发项,JD2403
JD|JD2408|2024-01-31,JD,JD2408,2024-01-31,0.0,none,valid,无明显触发项,JD2403
JD|JD2409|2024-01-31,JD,JD2409,2024-01-31,0.0,none,valid,无明显触发项,JD2403
JD|JD2411|2024-01-31,JD,JD2411,2024-01-31,0.0,none,valid,无明显触发项,JD2403
JD|JD2501|2024-01-31,JD,JD2501,2024-01-31,0.0,none,invalid_lifecycle_edge,样本状态=生命周期边界无效,JD2403
JD|JD2412|2024-02-01,JD,JD2412,2024-02-01,60.0,medium,valid,结构失真,JD2403
JD|JD2406|2024-02-01,JD,JD2406,2024-02-01,40.0,low,valid,结构失真,JD2403
JD|JD2405|2024-02-01,JD,JD2405,2024-02-01,15.0,none,valid,振幅异常,JD2403
JD|JD2411|2024-02-01,JD,JD2411,2024-02-01,9.0,none,valid,振幅异常,JD2403
JD|JD2402|2024-02-01,JD,JD2402,2024-02-01,0.0,none,valid,目标合约流动性偏弱,JD2403
JD|JD2403|2024-02-01,JD,JD2403,2024-02-01,0.0,none,valid,无明显触发项,JD2403
JD|JD2404|2024-02-01,JD,JD2404,2024-02-01,0.0,none,valid,无明显触发项,JD2403
JD|JD2407|2024-02-01,JD,JD2407,2024-02-01,0.0,none,valid,无明显触发项,JD2403
JD|JD2408|2024-02-01,JD,JD2408,2024-02-01,0.0,none,valid,无明显触发项,JD2403
JD|JD2409|2024-02-01,JD,JD2409,2024-02-01,0.0,none,valid,无明显触发项,JD2403
JD|JD2410|2024-02-01,JD,JD2410,2024-02-01,0.0,none,valid,无明显触发项,JD2403
JD|JD2501|2024-02-01,JD,JD2501,2024-02-01,0.0,none,invalid_lifecycle_edge,样本状态=生命周期边界无效,JD2403
JD|JD2412|2024-02-02,JD,JD2412,2024-02-02,60.0,medium,valid,结构失真,JD2403
JD|JD2406|2024-02-02,JD,JD2406,2024-02-02,40.0,low,valid,结构失真,JD2403
JD|JD2403|2024-02-02,JD,JD2403,2024-02-02,12.0,none,valid,振幅异常,JD2403
JD|JD2411|2024-02-02,JD,JD2411,2024-02-02,8.0,none,valid,振幅异常,JD2403
JD|JD2410|2024-02-02,JD,JD2410,2024-02-02,5.0,none,valid,无明显触发项,JD2403
JD|JD2402|2024-02-02,JD,JD2402,2024-02-02,0.0,none,valid,目标合约流动性偏弱,JD2403
JD|JD2404|2024-02-02,JD,JD2404,2024-02-02,0.0,none,valid,无明显触发项,JD2403
JD|JD2405|2024-02-02,JD,JD2405,2024-02-02,0.0,none,valid,无明显触发项,JD2403
JD|JD2407|2024-02-02,JD,JD2407,2024-02-02,0.0,none,valid,无明显触发项,JD2403
JD|JD2408|2024-02-02,JD,JD2408,2024-02-02,0.0,none,valid,无明显触发项,JD2403
JD|JD2409|2024-02-02,JD,JD2409,2024-02-02,0.0,none,valid,无明显触发项,JD2403
JD|JD2501|2024-02-02,JD,JD2501,2024-02-02,0.0,none,invalid_lifecycle_edge,样本状态=生命周期边界无效,JD2403
JD|JD2406|2024-02-05,JD,JD2406,2024-02-05,40.0,low,valid,结构失真,JD2403
JD|JD2402|2024-02-05,JD,JD2402,2024-02-05,35.0,low,valid,结构失真；目标合约流动性偏弱,JD2403
JD|JD2403|2024-02-05,JD,JD2403,2024-02-05,12.0,none,valid,无明显触发项,JD2403
JD|JD2404|2024-02-05,JD,JD2404,2024-02-05,0.0,none,valid,无明显触发项,JD2403
JD|JD2405|2024-02-05,JD,JD2405,2024-02-05,0.0,none,valid,无明显触发项,JD2403
JD|JD2407|2024-02-05,JD,JD2407,2024-02-05,0.0,none,valid,无明显触发项,JD2403
JD|JD2408|2024-02-05,JD,JD2408,2024-02-05,0.0,none,valid,无明显触发项,JD2403
JD|JD2409|2024-02-05,JD,JD2409,2024-02-05,0.0,none,valid,无明显触发项,JD2403
JD|JD2410|2024-02-05,JD,JD2410,2024-02-05,0.0,none,valid,无明显触发项,JD2403
JD|JD2411|2024-02-05,JD,JD2411,2024-02-05,0.0,none,valid,无明显触发项,JD2403
JD|JD2412|2024-02-05,JD,JD2412,2024-02-05,0.0,none,valid,无明显触发项,JD2403
JD|JD2501|2024-02-05,JD,JD2501,2024-02-05,0.0,none,invalid_lifecycle_edge,样本状态=生命周期边界无效,JD2403
JD|JD2412|2024-02-06,JD,JD2412,2024-02-06,60.0,medium,valid,结构失真,JD2403
JD|JD2403|2024-02-06,JD,JD2403,2024-02-06,40.0,low,valid,结构失真,JD2403
JD|JD2406|2024-02-06,JD,JD2406,2024-02-06,40.0,low,valid,结构失真,JD2403
JD|JD2408|2024-02-06,JD,JD2408,2024-02-06,40.0,low,valid,结构失真,JD2403
JD|JD2411|2024-02-06,JD,JD2411,2024-02-06,40.0,low,valid,结构失真,JD2403
JD|JD2402|2024-02-06,JD,JD2402,2024-02-06,30.0,low,valid,结构失真；目标合约流动性偏弱,JD2403
JD|JD2409|2024-02-06,JD,JD2409,2024-02-06,24.0,none,valid,结构失真,JD2403
JD|JD2410|2024-02-06,JD,JD2410,2024-02-06,24.0,none,valid,结构失真,JD2403
JD|JD2405|2024-02-06,JD,JD2405,2024-02-06,12.0,none,valid,无明显触发项,JD2403
JD|JD2404|2024-02-06,JD,JD2404,2024-02-06,0.0,none,valid,无明显触发项,JD2403
JD|JD2407|2024-02-06,JD,JD2407,2024-02-06,0.0,none,valid,无明显触发项,JD2403
JD|JD2501|2024-02-06,JD,JD2501,2024-02-06,0.0,none,invalid_lifecycle_edge,样本状态=生命周期边界无效,JD2403
JD|JD2406|2024-02-07,JD,JD2406,2024-02-07,12.0,none,valid,无明显触发项,JD2403
JD|JD2402|2024-02-07,JD,JD2402,2024-02-07,0.0,none,valid,目标合约流动性偏弱,JD2403
JD|JD2403|2024-02-07,JD,JD2403,2024-02-07,0.0,none,valid,无明显触发项,JD2403
JD|JD2404|2024-02-07,JD,JD2404,2024-02-07,0.0,none,valid,无明显触发项,JD2403
JD|JD2405|2024-02-07,JD,JD2405,2024-02-07,0.0,none,valid,无明显触发项,JD2403
JD|JD2407|2024-02-07,JD,JD2407,2024-02-07,0.0,none,valid,无明显触发项,JD2403
JD|JD2408|2024-02-07,JD,JD2408,2024-02-07,0.0,none,valid,无明显触发项,JD2403
JD|JD2409|2024-02-07,JD,JD2409,2024-02-07,0.0,none,valid,无明显触发项,JD2403
JD|JD2410|2024-02-07,JD,JD2410,2024-02-07,0.0,none,valid,无明显触发项,JD2403
JD|JD2411|2024-02-07,JD,JD2411,2024-02-07,0.0,none,valid,无明显触发项,JD2403
JD|JD2412|2024-02-07,JD,JD2412,2024-02-07,0.0,none,valid,无明显触发项,JD2403
JD|JD2501|2024-02-07,JD,JD2501,2024-02-07,0.0,none,invalid_lifecycle_edge,样本状态=生命周期边界无效,JD2403
JD|JD2406|2024-02-08,JD,JD2406,2024-02-08,12.0,none,valid,无明显触发项,JD2403
JD|JD2402|2024-02-08,JD,JD2402,2024-02-08,0.0,none,valid,目标合约流动性偏弱,JD2403
JD|JD2403|2024-02-08,JD,JD2403,2024-02-08,0.0,none,valid,无明显触发项,JD2403
JD|JD2404|2024-02-08,JD,JD2404,2024-02-08,0.0,none,valid,无明显触发项,JD2403
JD|JD2405|2024-02-08,JD,JD2405,2024-02-08,0.0,none,valid,无明显触发项,JD2403
JD|JD2407|2024-02-08,JD,JD2407,2024-02-08,0.0,none,valid,无明显触发项,JD2403
JD|JD2408|2024-02-08,JD,JD2408,2024-02-08,0.0,none,valid,无明显触发项,JD2403
JD|JD2409|2024-02-08,JD,JD2409,2024-02-08,0.0,none,valid,无明显触发项,JD2403
JD|JD2410|2024-02-08,JD,JD2410,2024-02-08,0.0,none,valid,无明显触发项,JD2403
JD|JD2411|2024-02-08,JD,JD2411,2024-02-08,0.0,none,valid,无明显触发项,JD2403
JD|JD2412|2024-02-08,JD,JD2412,2024-02-08,0.0,none,valid,无明显触发项,JD2403
JD|JD2501|2024-02-08,JD,JD2501,2024-02-08,0.0,none,invalid_insufficient_history,样本状态=历史样本不足,JD2403
JD|JD2404|2024-02-19,JD,JD2404,2024-02-19,20.0,none,valid,振幅异常,JD2403
JD|JD2405|2024-02-19,JD,JD2405,2024-02-19,13.0,none,valid,振幅异常,JD2403
JD|JD2406|2024-02-19,JD,JD2406,2024-02-19,13.0,none,valid,振幅异常,JD2403
JD|JD2408|2024-02-19,JD,JD2408,2024-02-19,3.0,none,valid,无明显触发项,JD2403
JD|JD2410|2024-02-19,JD,JD2410,2024-02-19,3.0,none,valid,无明显触发项,JD2403
JD|JD2403|2024-02-19,JD,JD2403,2024-02-19,0.0,none,valid,无明显触发项,JD2403
JD|JD2407|2024-02-19,JD,JD2407,2024-02-19,0.0,none,valid,无明显触发项,JD2403
JD|JD2409|2024-02-19,JD,JD2409,2024-02-19,0.0,none,valid,无明显触发项,JD2403
JD|JD2411|2024-02-19,JD,JD2411,2024-02-19,0.0,none,valid,无明显触发项,JD2403
JD|JD2412|2024-02-19,JD,JD2412,2024-02-19,0.0,none,valid,无明显触发项,JD2403
JD|JD2501|2024-02-19,JD,JD2501,2024-02-19,0.0,none,invalid_insufficient_history,样本状态=历史样本不足,JD2403
JD|JD2409|2024-02-20,JD,JD2409,2024-02-20,17.0,none,valid,无明显触发项,JD2405
JD|JD2406|2024-02-20,JD,JD2406,2024-02-20,12.0,none,valid,无明显触发项,JD2405
JD|JD2412|2024-02-20,JD,JD2412,2024-02-20,12.0,none,valid,无明显触发项,JD2405
JD|JD2403|2024-02-20,JD,JD2403,2024-02-20,0.0,none,valid,无明显触发项,JD2405
JD|JD2404|2024-02-20,JD,JD2404,2024-02-20,0.0,none,valid,无明显触发项,JD2405
JD|JD2405|2024-02-20,JD,JD2405,2024-02-20,0.0,none,valid,无明显触发项,JD2405
JD|JD2407|2024-02-20,JD,JD2407,2024-02-20,0.0,none,valid,无明显触发项,JD2405
JD|JD2408|2024-02-20,JD,JD2408,2024-02-20,0.0,none,valid,无明显触发项,JD2405
JD|JD2410|2024-02-20,JD,JD2410,2024-02-20,0.0,none,valid,无明显触发项,JD2405
JD|JD2411|2024-02-20,JD,JD2411,2024-02-20,0.0,none,valid,无明显触发项,JD2405
JD|JD2501|2024-02-20,JD,JD2501,2024-02-20,0.0,none,invalid_insufficient_history,样本状态=历史样本不足,JD2405
JD|JD2408|2024-02-21,JD,JD2408,2024-02-21,60.0,medium,valid,结构失真,JD2405
JD|JD2409|2024-02-21,JD,JD2409,2024-02-21,60.0,medium,valid,结构失真,JD2405
JD|JD2411|2024-02-21,JD,JD2411,2024-02-21,60.0,medium,valid,结构失真,JD2405
JD|JD2412|2024-02-21,JD,JD2412,2024-02-21,60.0,medium,valid,结构失真,JD2405
JD|JD2403|2024-02-21,JD,JD2403,2024-02-21,40.0,low,valid,结构失真,JD2405
JD|JD2405|2024-02-21,JD,JD2405,2024-02-21,40.0,low,valid,结构失真,JD2405
JD|JD2410|2024-02-21,JD,JD2410,2024-02-21,40.0,low,valid,结构失真,JD2405
JD|JD2406|2024-02-21,JD,JD2406,2024-02-21,24.0,none,valid,结构失真,JD2405
JD|JD2402|2024-02-21,JD,JD2402,2024-02-21,0.0,none,invalid_lifecycle_edge,样本状态=生命周期边界无效,JD2405
JD|JD2404|2024-02-21,JD,JD2404,2024-02-21,0.0,none,valid,无明显触发项,JD2405
JD|JD2407|2024-02-21,JD,JD2407,2024-02-21,0.0,none,valid,无明显触发项,JD2405
JD|JD2501|2024-02-21,JD,JD2501,2024-02-21,0.0,none,invalid_insufficient_history,样本状态=历史样本不足,JD2405
JD|JD2403|2024-02-22,JD,JD2403,2024-02-22,12.0,none,valid,无明显触发项,JD2405
JD|JD2408|2024-02-22,JD,JD2408,2024-02-22,4.0,none,valid,无明显触发项,JD2405
JD|JD2402|2024-02-22,JD,JD2402,2024-02-22,0.0,none,invalid_lifecycle_edge,样本状态=生命周期边界无效,JD2405
JD|JD2404|2024-02-22,JD,JD2404,2024-02-22,0.0,none,valid,无明显触发项,JD2405
JD|JD2405|2024-02-22,JD,JD2405,2024-02-22,0.0,none,valid,无明显触发项,JD2405
JD|JD2406|2024-02-22,JD,JD2406,2024-02-22,0.0,none,valid,无明显触发项,JD2405
JD|JD2407|2024-02-22,JD,JD2407,2024-02-22,0.0,none,valid,无明显触发项,JD2405
JD|JD2409|2024-02-22,JD,JD2409,2024-02-22,0.0,none,valid,无明显触发项,JD2405
JD|JD2410|2024-02-22,JD,JD2410,2024-02-22,0.0,none,valid,无明显触发项,JD2405
JD|JD2411|2024-02-22,JD,JD2411,2024-02-22,0.0,none,valid,无明显触发项,JD2405
JD|JD2412|2024-02-22,JD,JD2412,2024-02-22,0.0,none,valid,无明显触发项,JD2405
JD|JD2501|2024-02-22,JD,JD2501,2024-02-22,0.0,none,invalid_insufficient_history,样本状态=历史样本不足,JD2405
JD|JD2407|2024-02-23,JD,JD2407,2024-02-23,20.0,none,valid,振幅异常,JD2405
JD|JD2408|2024-02-23,JD,JD2408,2024-02-23,20.0,none,valid,振幅异常,JD2405
JD|JD2409|2024-02-23,JD,JD2409,2024-02-23,20.0,none,valid,振幅异常,JD2405
JD|JD2410|2024-02-23,JD,JD2410,2024-02-23,20.0,none,valid,振幅异常,JD2405
JD|JD2411|2024-02-23,JD,JD2411,2024-02-23,20.0,none,valid,振幅异常,JD2405
JD|JD2412|2024-02-23,JD,JD2412,2024-02-23,20.0,none,valid,振幅异常,JD2405
JD|JD2404|2024-02-23,JD,JD2404,2024-02-23,11.0,none,valid,振幅异常,JD2405
JD|JD2406|2024-02-23,JD,JD2406,2024-02-23,7.0,none,valid,无明显触发项,JD2405
JD|JD2402|2024-02-23,JD,JD2402,2024-02-23,0.0,none,invalid_lifecycle_edge,样本状态=生命周期边界无效,JD2405
JD|JD2403|2024-02-23,JD,JD2403,2024-02-23,0.0,none,valid,无明显触发项,JD2405
JD|JD2405|2024-02-23,JD,JD2405,2024-02-23,0.0,none,valid,无明显触发项,JD2405
JD|JD2501|2024-02-23,JD,JD2501,2024-02-23,0.0,none,invalid_insufficient_history,样本状态=历史样本不足,JD2405
JD|JD2403|2024-02-26,JD,JD2403,2024-02-26,40.0,low,valid,结构失真,JD2405
JD|JD2412|2024-02-26,JD,JD2412,2024-02-26,13.0,none,valid,振幅异常,JD2405
JD|JD2405|2024-02-26,JD,JD2405,2024-02-26,12.0,none,valid,无明显触发项,JD2405
JD|JD2402|2024-02-26,JD,JD2402,2024-02-26,0.0,none,invalid_lifecycle_edge,样本状态=生命周期边界无效,JD2405
JD|JD2404|2024-02-26,JD,JD2404,2024-02-26,0.0,none,valid,无明显触发项,JD2405
JD|JD2406|2024-02-26,JD,JD2406,2024-02-26,0.0,none,valid,无明显触发项,JD2405
JD|JD2407|2024-02-26,JD,JD2407,2024-02-26,0.0,none,valid,无明显触发项,JD2405
JD|JD2408|2024-02-26,JD,JD2408,2024-02-26,0.0,none,valid,无明显触发项,JD2405
JD|JD2409|2024-02-26,JD,JD2409,2024-02-26,0.0,none,valid,无明显触发项,JD2405
JD|JD2410|2024-02-26,JD,JD2410,2024-02-26,0.0,none,valid,无明显触发项,JD2405
JD|JD2411|2024-02-26,JD,JD2411,2024-02-26,0.0,none,valid,无明显触发项,JD2405
JD|JD2501|2024-02-26,JD,JD2501,2024-02-26,0.0,none,invalid_insufficient_history,样本状态=历史样本不足,JD2405
JD|JD2408|2024-02-27,JD,JD2408,2024-02-27,60.0,medium,valid,结构失真,JD2405
JD|JD2409|2024-02-27,JD,JD2409,2024-02-27,60.0,medium,valid,结构失真,JD2405
JD|JD2411|2024-02-27,JD,JD2411,2024-02-27,60.0,medium,valid,结构失真,JD2405
JD|JD2412|2024-02-27,JD,JD2412,2024-02-27,60.0,medium,valid,结构失真,JD2405
JD|JD2410|2024-02-27,JD,JD2410,2024-02-27,45.0,low,valid,结构失真,JD2405
JD|JD2403|2024-02-27,JD,JD2403,2024-02-27,40.0,low,valid,结构失真,JD2405
JD|JD2405|2024-02-27,JD,JD2405,2024-02-27,40.0,low,valid,结构失真,JD2405
JD|JD2406|2024-02-27,JD,JD2406,2024-02-27,40.0,low,valid,结构失真,JD2405
JD|JD2407|2024-02-27,JD,JD2407,2024-02-27,40.0,low,valid,结构失真,JD2405
JD|JD2404|2024-02-27,JD,JD2404,2024-02-27,0.0,none,valid,无明显触发项,JD2405
JD|JD2501|2024-02-27,JD,JD2501,2024-02-27,0.0,none,invalid_insufficient_history,样本状态=历史样本不足,JD2405
JD|JD2502|2024-02-27,JD,JD2502,2024-02-27,0.0,none,invalid_lifecycle_edge,样本状态=生命周期边界无效,JD2405
JD|JD2403|2024-02-28,JD,JD2403,2024-02-28,44.0,low,valid,结构失真,JD2405
JD|JD2405|2024-02-28,JD,JD2405,2024-02-28,24.0,none,valid,结构失真,JD2405
JD|JD2406|2024-02-28,JD,JD2406,2024-02-28,12.0,none,valid,无明显触发项,JD2405
JD|JD2408|2024-02-28,JD,JD2408,2024-02-28,12.0,none,valid,无明显触发项,JD2405
JD|JD2404|2024-02-28,JD,JD2404,2024-02-28,0.0,none,valid,无明显触发项,JD2405
JD|JD2407|2024-02-28,JD,JD2407,2024-02-28,0.0,none,valid,无明显触发项,JD2405
JD|JD2409|2024-02-28,JD,JD2409,2024-02-28,0.0,none,valid,无明显触发项,JD2405
JD|JD2410|2024-02-28,JD,JD2410,2024-02-28,0.0,none,valid,无明显触发项,JD2405
JD|JD2411|2024-02-28,JD,JD2411,2024-02-28,0.0,none,valid,无明显触发项,JD2405
JD|JD2412|2024-02-28,JD,JD2412,2024-02-28,0.0,none,valid,无明显触发项,JD2405
JD|JD2501|2024-02-28,JD,JD2501,2024-02-28,0.0,none,invalid_insufficient_history,样本状态=历史样本不足,JD2405
JD|JD2502|2024-02-28,JD,JD2502,2024-02-28,0.0,none,invalid_lifecycle_edge,样本状态=生命周期边界无效,JD2405
JD|JD2411|2024-02-29,JD,JD2411,2024-02-29,11.0,none,valid,振幅异常,JD2405
JD|JD2403|2024-02-29,JD,JD2403,2024-02-29,10.0,none,valid,无明显触发项,JD2405
JD|JD2408|2024-02-29,JD,JD2408,2024-02-29,8.0,none,valid,振幅异常,JD2405
JD|JD2407|2024-02-29,JD,JD2407,2024-02-29,7.0,none,valid,无明显触发项,JD2405
JD|JD2412|2024-02-29,JD,JD2412,2024-02-29,3.0,none,valid,无明显触发项,JD2405
JD|JD2404|2024-02-29,JD,JD2404,2024-02-29,0.0,none,valid,无明显触发项,JD2405
JD|JD2405|2024-02-29,JD,JD2405,2024-02-29,0.0,none,valid,无明显触发项,JD2405
JD|JD2406|2024-02-29,JD,JD2406,2024-02-29,0.0,none,valid,无明显触发项,JD2405
JD|JD2409|2024-02-29,JD,JD2409,2024-02-29,0.0,none,valid,无明显触发项,JD2405
JD|JD2410|2024-02-29,JD,JD2410,2024-02-29,0.0,none,valid,无明显触发项,JD2405
JD|JD2501|2024-02-29,JD,JD2501,2024-02-29,0.0,none,invalid_insufficient_history,样本状态=历史样本不足,JD2405
JD|JD2502|2024-02-29,JD,JD2502,2024-02-29,0.0,none,invalid_lifecycle_edge,样本状态=生命周期边界无效,JD2405
JD|JD2406|2024-03-01,JD,JD2406,2024-03-01,60.0,medium,valid,结构失真,JD2405
JD|JD2404|2024-03-01,JD,JD2404,2024-03-01,50.0,medium,valid,结构失真,JD2405
JD|JD2501|2024-03-01,JD,JD2501,2024-03-01,40.0,low,valid,结构失真,JD2405
JD|JD2403|2024-03-01,JD,JD2403,2024-03-01,39.0,low,valid,结构失真；目标合约流动性偏弱,JD2405
JD|JD2405|2024-03-01,JD,JD2405,2024-03-01,0.0,none,valid,无明显触发项,JD2405
JD|JD2407|2024-03-01,JD,JD2407,2024-03-01,0.0,none,valid,无明显触发项,JD2405
JD|JD2408|2024-03-01,JD,JD2408,2024-03-01,0.0,none,valid,无明显触发项,JD2405
JD|JD2409|2024-03-01,JD,JD2409,2024-03-01,0.0,none,valid,无明显触发项,JD2405
JD|JD2410|2024-03-01,JD,JD2410,2024-03-01,0.0,none,valid,无明显触发项,JD2405
JD|JD2411|2024-03-01,JD,JD2411,2024-03-01,0.0,none,valid,无明显触发项,JD2405
JD|JD2412|2024-03-01,JD,JD2412,2024-03-01,0.0,none,valid,无明显触发项,JD2405
JD|JD2502|2024-03-01,JD,JD2502,2024-03-01,0.0,none,invalid_lifecycle_edge,样本状态=生命周期边界无效,JD2405
JD|JD2403|2024-03-04,JD,JD2403,2024-03-04,50.0,medium,valid,结构失真；目标合约流动性偏弱,JD2405
JD|JD2501|2024-03-04,JD,JD2501,2024-03-04,40.0,low,valid,结构失真,JD2405
JD|JD2408|2024-03-04,JD,JD2408,2024-03-04,34.0,low,valid,结构失真,JD2405
JD|JD2412|2024-03-04,JD,JD2412,2024-03-04,34.0,low,valid,结构失真,JD2405
JD|JD2404|2024-03-04,JD,JD2404,2024-03-04,24.0,none,valid,结构失真,JD2405
JD|JD2411|2024-03-04,JD,JD2411,2024-03-04,24.0,none,valid,结构失真,JD2405
JD|JD2406|2024-03-04,JD,JD2406,2024-03-04,12.0,none,valid,无明显触发项,JD2405
JD|JD2410|2024-03-04,JD,JD2410,2024-03-04,12.0,none,valid,无明显触发项,JD2405
JD|JD2405|2024-03-04,JD,JD2405,2024-03-04,0.0,none,valid,无明显触发项,JD2405
JD|JD2407|2024-03-04,JD,JD2407,2024-03-04,0.0,none,valid,无明显触发项,JD2405
JD|JD2409|2024-03-04,JD,JD2409,2024-03-04,0.0,none,valid,无明显触发项,JD2405
JD|JD2502|2024-03-04,JD,JD2502,2024-03-04,0.0,none,invalid_lifecycle_edge,样本状态=生命周期边界无效,JD2405
JD|JD2501|2024-03-05,JD,JD2501,2024-03-05,40.0,low,valid,结构失真,JD2405
JD|JD2406|2024-03-05,JD,JD2406,2024-03-05,10.0,none,valid,无明显触发项,JD2405
JD|JD2403|2024-03-05,JD,JD2403,2024-03-05,0.0,none,valid,目标合约流动性偏弱,JD2405
JD|JD2404|2024-03-05,JD,JD2404,2024-03-05,0.0,none,valid,无明显触发项,JD2405
JD|JD2405|2024-03-05,JD,JD2405,2024-03-05,0.0,none,valid,无明显触发项,JD2405
JD|JD2407|2024-03-05,JD,JD2407,2024-03-05,0.0,none,valid,无明显触发项,JD2405
JD|JD2408|2024-03-05,JD,JD2408,2024-03-05,0.0,none,valid,无明显触发项,JD2405
JD|JD2409|2024-03-05,JD,JD2409,2024-03-05,0.0,none,valid,无明显触发项,JD2405
JD|JD2410|2024-03-05,JD,JD2410,2024-03-05,0.0,none,valid,无明显触发项,JD2405
JD|JD2411|2024-03-05,JD,JD2411,2024-03-05,0.0,none,valid,无明显触发项,JD2405
JD|JD2412|2024-03-05,JD,JD2412,2024-03-05,0.0,none,valid,无明显触发项,JD2405
JD|JD2502|2024-03-05,JD,JD2502,2024-03-05,0.0,none,invalid_lifecycle_edge,样本状态=生命周期边界无效,JD2405
JD|JD2501|2024-03-06,JD,JD2501,2024-03-06,40.0,low,valid,结构失真,JD2405
JD|JD2404|2024-03-06,JD,JD2404,2024-03-06,9.0,none,valid,振幅异常,JD2405
JD|JD2406|2024-03-06,JD,JD2406,2024-03-06,5.0,none,valid,无明显触发项,JD2405
JD|JD2403|2024-03-06,JD,JD2403,2024-03-06,0.0,none,invalid_lifecycle_edge,样本状态=生命周期边界无效,JD2405
JD|JD2405|2024-03-06,JD,JD2405,2024-03-06,0.0,none,valid,无明显触发项,JD2405
JD|JD2407|2024-03-06,JD,JD2407,2024-03-06,0.0,none,valid,无明显触发项,JD2405
JD|JD2408|2024-03-06,JD,JD2408,2024-03-06,0.0,none,valid,无明显触发项,JD2405
JD|JD2409|2024-03-06,JD,JD2409,2024-03-06,0.0,none,valid,无明显触发项,JD2405
JD|JD2410|2024-03-06,JD,JD2410,2024-03-06,0.0,none,valid,无明显触发项,JD2405
JD|JD2411|2024-03-06,JD,JD2411,2024-03-06,0.0,none,valid,无明显触发项,JD2405
JD|JD2412|2024-03-06,JD,JD2412,2024-03-06,0.0,none,valid,无明显触发项,JD2405
JD|JD2502|2024-03-06,JD,JD2502,2024-03-06,0.0,none,invalid_lifecycle_edge,样本状态=生命周期边界无效,JD2405
JD|JD2501|2024-03-07,JD,JD2501,2024-03-07,40.0,low,valid,结构失真,JD2405
JD|JD2404|2024-03-07,JD,JD2404,2024-03-07,8.0,none,valid,振幅异常,JD2405
JD|JD2407|2024-03-07,JD,JD2407,2024-03-07,3.0,none,valid,无明显触发项,JD2405
JD|JD2403|2024-03-07,JD,JD2403,2024-03-07,0.0,none,invalid_lifecycle_edge,样本状态=生命周期边界无效,JD2405
JD|JD2405|2024-03-07,JD,JD2405,2024-03-07,0.0,none,valid,无明显触发项,JD2405
JD|JD2406|2024-03-07,JD,JD2406,2024-03-07,0.0,none,valid,无明显触发项,JD2405
JD|JD2408|2024-03-07,JD,JD2408,2024-03-07,0.0,none,valid,无明显触发项,JD2405
JD|JD2409|2024-03-07,JD,JD2409,2024-03-07,0.0,none,valid,无明显触发项,JD2405
JD|JD2410|2024-03-07,JD,JD2410,2024-03-07,0.0,none,valid,无明显触发项,JD2405
JD|JD2411|2024-03-07,JD,JD2411,2024-03-07,0.0,none,valid,无明显触发项,JD2405
JD|JD2412|2024-03-07,JD,JD2412,2024-03-07,0.0,none,valid,无明显触发项,JD2405
JD|JD2502|2024-03-07,JD,JD2502,2024-03-07,0.0,none,invalid_lifecycle_edge,样本状态=生命周期边界无效,JD2405
JD|JD2501|2024-03-08,JD,JD2501,2024-03-08,40.0,low,valid,结构失真,JD2405
JD|JD2404|2024-03-08,JD,JD2404,2024-03-08,20.0,none,valid,振幅异常,JD2405
JD|JD2406|2024-03-08,JD,JD2406,2024-03-08,5.0,none,valid,无明显触发项,JD2405
JD|JD2403|2024-03-08,JD,JD2403,2024-03-08,0.0,none,invalid_lifecycle_edge,样本状态=生命周期边界无效,JD2405
JD|JD2405|2024-03-08,JD,JD2405,2024-03-08,0.0,none,valid,无明显触发项,JD2405
JD|JD2407|2024-03-08,JD,JD2407,2024-03-08,0.0,none,valid,无明显触发项,JD2405
JD|JD2408|2024-03-08,JD,JD2408,2024-03-08,0.0,none,valid,无明显触发项,JD2405
JD|JD2409|2024-03-08,JD,JD2409,2024-03-08,0.0,none,valid,无明显触发项,JD2405
JD|JD2410|2024-03-08,JD,JD2410,2024-03-08,0.0,none,valid,无明显触发项,JD2405
JD|JD2411|2024-03-08,JD,JD2411,2024-03-08,0.0,none,valid,无明显触发项,JD2405
JD|JD2412|2024-03-08,JD,JD2412,2024-03-08,0.0,none,valid,无明显触发项,JD2405
JD|JD2502|2024-03-08,JD,JD2502,2024-03-08,0.0,none,invalid_insufficient_history,样本状态=历史样本不足,JD2405
JD|JD2404|2024-03-11,JD,JD2404,2024-03-11,42.0,low,valid,振幅异常；结构失真,JD2405
JD|JD2406|2024-03-11,JD,JD2406,2024-03-11,30.0,low,valid,振幅异常,JD2405
JD|JD2501|2024-03-11,JD,JD2501,2024-03-11,24.0,none,valid,结构失真,JD2405
JD|JD2405|2024-03-11,JD,JD2405,2024-03-11,20.0,none,valid,振幅异常,JD2405
JD|JD2407|2024-03-11,JD,JD2407,2024-03-11,13.0,none,valid,振幅异常,JD2405
JD|JD2408|2024-03-11,JD,JD2408,2024-03-11,7.0,none,valid,无明显触发项,JD2405
JD|JD2412|2024-03-11,JD,JD2412,2024-03-11,7.0,none,valid,无明显触发项,JD2405
JD|JD2411|2024-03-11,JD,JD2411,2024-03-11,4.0,none,valid,无明显触发项,JD2405
JD|JD2403|2024-03-11,JD,JD2403,2024-03-11,0.0,none,invalid_lifecycle_edge,样本状态=生命周期边界无效,JD2405
JD|JD2409|2024-03-11,JD,JD2409,2024-03-11,0.0,none,valid,无明显触发项,JD2405
JD|JD2410|2024-03-11,JD,JD2410,2024-03-11,0.0,none,valid,无明显触发项,JD2405
JD|JD2502|2024-03-11,JD,JD2502,2024-03-11,0.0,none,invalid_insufficient_history,样本状态=历史样本不足,JD2405
JD|JD2501|2024-03-12,JD,JD2501,2024-03-12,40.0,low,valid,结构失真,JD2405
JD|JD2411|2024-03-12,JD,JD2411,2024-03-12,20.0,none,valid,振幅异常,JD2405
JD|JD2409|2024-03-12,JD,JD2409,2024-03-12,13.0,none,valid,振幅异常,JD2405
JD|JD2410|2024-03-12,JD,JD2410,2024-03-12,13.0,none,valid,振幅异常,JD2405
JD|JD2404|2024-03-12,JD,JD2404,2024-03-12,0.0,none,valid,无明显触发项,JD2405
JD|JD2405|2024-03-12,JD,JD2405,2024-03-12,0.0,none,valid,无明显触发项,JD2405
JD|JD2406|2024-03-12,JD,JD2406,2024-03-12,0.0,none,valid,无明显触发项,JD2405
JD|JD2407|2024-03-12,JD,JD2407,2024-03-12,0.0,none,valid,无明显触发项,JD2405
JD|JD2408|2024-03-12,JD,JD2408,2024-03-12,0.0,none,valid,无明显触发项,JD2405
JD|JD2412|2024-03-12,JD,JD2412,2024-03-12,0.0,none,valid,无明显触发项,JD2405
JD|JD2502|2024-03-12,JD,JD2502,2024-03-12,0.0,none,invalid_insufficient_history,样本状态=历史样本不足,JD2405
JD|JD2501|2024-03-13,JD,JD2501,2024-03-13,40.0,low,valid,结构失真,JD2405
JD|JD2410|2024-03-13,JD,JD2410,2024-03-13,4.0,none,valid,无明显触发项,JD2405
JD|JD2403|2024-03-13,JD,JD2403,2024-03-13,0.0,none,invalid_lifecycle_edge,样本状态=生命周期边界无效,JD2405
JD|JD2404|2024-03-13,JD,JD2404,2024-03-13,0.0,none,valid,无明显触发项,JD2405
JD|JD2405|2024-03-13,JD,JD2405,2024-03-13,0.0,none,valid,无明显触发项,JD2405
JD|JD2406|2024-03-13,JD,JD2406,2024-03-13,0.0,none,valid,无明显触发项,JD2405
JD|JD2407|2024-03-13,JD,JD2407,2024-03-13,0.0,none,valid,无明显触发项,JD2405
JD|JD2408|2024-03-13,JD,JD2408,2024-03-13,0.0,none,valid,无明显触发项,JD2405
JD|JD2409|2024-03-13,JD,JD2409,2024-03-13,0.0,none,valid,无明显触发项,JD2405
JD|JD2411|2024-03-13,JD,JD2411,2024-03-13,0.0,none,valid,无明显触发项,JD2405
JD|JD2412|2024-03-13,JD,JD2412,2024-03-13,0.0,none,valid,无明显触发项,JD2405
JD|JD2502|2024-03-13,JD,JD2502,2024-03-13,0.0,none,invalid_insufficient_history,样本状态=历史样本不足,JD2405
JD|JD2501|2024-03-14,JD,JD2501,2024-03-14,50.0,medium,valid,结构失真,JD2405
JD|JD2409|2024-03-14,JD,JD2409,2024-03-14,4.0,none,valid,无明显触发项,JD2405
JD|JD2403|2024-03-14,JD,JD2403,2024-03-14,0.0,none,invalid_lifecycle_edge,样本状态=生命周期边界无效,JD2405
JD|JD2404|2024-03-14,JD,JD2404,2024-03-14,0.0,none,valid,无明显触发项,JD2405
JD|JD2405|2024-03-14,JD,JD2405,2024-03-14,0.0,none,valid,无明显触发项,JD2405
JD|JD2406|2024-03-14,JD,JD2406,2024-03-14,0.0,none,valid,无明显触发项,JD2405
JD|JD2407|2024-03-14,JD,JD2407,2024-03-14,0.0,none,valid,无明显触发项,JD2405
JD|JD2408|2024-03-14,JD,JD2408,2024-03-14,0.0,none,valid,无明显触发项,JD2405
JD|JD2410|2024-03-14,JD,JD2410,2024-03-14,0.0,none,valid,无明显触发项,JD2405
JD|JD2411|2024-03-14,JD,JD2411,2024-03-14,0.0,none,valid,无明显触发项,JD2405
JD|JD2412|2024-03-14,JD,JD2412,2024-03-14,0.0,none,valid,无明显触发项,JD2405
JD|JD2502|2024-03-14,JD,JD2502,2024-03-14,0.0,none,invalid_insufficient_history,样本状态=历史样本不足,JD2405
JD|JD2501|2024-03-15,JD,JD2501,2024-03-15,20.0,none,valid,结构失真,JD2405
JD|JD2403|2024-03-15,JD,JD2403,2024-03-15,0.0,none,invalid_lifecycle_edge,样本状态=生命周期边界无效,JD2405
JD|JD2404|2024-03-15,JD,JD2404,2024-03-15,0.0,none,valid,无明显触发项,JD2405
JD|JD2405|2024-03-15,JD,JD2405,2024-03-15,0.0,none,valid,无明显触发项,JD2405
JD|JD2406|2024-03-15,JD,JD2406,2024-03-15,0.0,none,valid,无明显触发项,JD2405
JD|JD2407|2024-03-15,JD,JD2407,2024-03-15,0.0,none,valid,无明显触发项,JD2405
JD|JD2408|2024-03-15,JD,JD2408,2024-03-15,0.0,none,valid,无明显触发项,JD2405
JD|JD2409|2024-03-15,JD,JD2409,2024-03-15,0.0,none,valid,无明显触发项,JD2405
JD|JD2410|2024-03-15,JD,JD2410,2024-03-15,0.0,none,valid,无明显触发项,JD2405
JD|JD2411|2024-03-15,JD,JD2411,2024-03-15,0.0,none,valid,无明显触发项,JD2405
JD|JD2412|2024-03-15,JD,JD2412,2024-03-15,0.0,none,valid,无明显触发项,JD2405
JD|JD2502|2024-03-15,JD,JD2502,2024-03-15,0.0,none,invalid_insufficient_history,样本状态=历史样本不足,JD2405
JD|JD2501|2024-03-18,JD,JD2501,2024-03-18,25.0,none,valid,振幅异常,JD2405
JD|JD2409|2024-03-18,JD,JD2409,2024-03-18,20.0,none,valid,振幅异常,JD2405
JD|JD2410|2024-03-18,JD,JD2410,2024-03-18,16.0,none,valid,振幅异常,JD2405
JD|JD2408|2024-03-18,JD,JD2408,2024-03-18,13.0,none,valid,振幅异常,JD2405
JD|JD2411|2024-03-18,JD,JD2411,2024-03-18,13.0,none,valid,振幅异常,JD2405
JD|JD2407|2024-03-18,JD,JD2407,2024-03-18,11.0,none,valid,振幅异常,JD2405
JD|JD2404|2024-03-18,JD,JD2404,2024-03-18,4.0,none,valid,无明显触发项,JD2405
JD|JD2412|2024-03-18,JD,JD2412,2024-03-18,4.0,none,valid,无明显触发项,JD2405
JD|JD2405|2024-03-18,JD,JD2405,2024-03-18,0.0,none,valid,无明显触发项,JD2405
JD|JD2406|2024-03-18,JD,JD2406,2024-03-18,0.0,none,valid,无明显触发项,JD2405
JD|JD2502|2024-03-18,JD,JD2502,2024-03-18,0.0,none,invalid_insufficient_history,样本状态=历史样本不足,JD2405
JD|JD2404|2024-03-19,JD,JD2404,2024-03-19,40.0,low,valid,结构失真,JD2405
JD|JD2501|2024-03-19,JD,JD2501,2024-03-19,40.0,low,valid,结构失真,JD2405
JD|JD2405|2024-03-19,JD,JD2405,2024-03-19,24.0,none,valid,结构失真,JD2405
JD|JD2406|2024-03-19,JD,JD2406,2024-03-19,24.0,none,valid,结构失真,JD2405
JD|JD2407|2024-03-19,JD,JD2407,2024-03-19,0.0,none,valid,无明显触发项,JD2405
JD|JD2408|2024-03-19,JD,JD2408,2024-03-19,0.0,none,valid,无明显触发项,JD2405
JD|JD2409|2024-03-19,JD,JD2409,2024-03-19,0.0,none,valid,无明显触发项,JD2405
JD|JD2410|2024-03-19,JD,JD2410,2024-03-19,0.0,none,valid,无明显触发项,JD2405
JD|JD2411|2024-03-19,JD,JD2411,2024-03-19,0.0,none,valid,无明显触发项,JD2405
JD|JD2412|2024-03-19,JD,JD2412,2024-03-19,0.0,none,valid,无明显触发项,JD2405
JD|JD2502|2024-03-19,JD,JD2502,2024-03-19,0.0,none,invalid_insufficient_history,样本状态=历史样本不足,JD2405
JD|JD2408|2024-03-20,JD,JD2408,2024-03-20,9.0,none,valid,振幅异常,JD2405
JD|JD2501|2024-03-20,JD,JD2501,2024-03-20,8.0,none,valid,振幅异常,JD2405
JD|JD2406|2024-03-20,JD,JD2406,2024-03-20,5.0,none,valid,无明显触发项,JD2405
JD|JD2404|2024-03-20,JD,JD2404,2024-03-20,0.0,none,valid,目标合约流动性偏弱,JD2405
JD|JD2405|2024-03-20,JD,JD2405,2024-03-20,0.0,none,valid,无明显触发项,JD2405
JD|JD2407|2024-03-20,JD,JD2407,2024-03-20,0.0,none,valid,无明显触发项,JD2405
JD|JD2409|2024-03-20,JD,JD2409,2024-03-20,0.0,none,valid,无明显触发项,JD2405
JD|JD2410|2024-03-20,JD,JD2410,2024-03-20,0.0,none,valid,无明显触发项,JD2405
JD|JD2411|2024-03-20,JD,JD2411,2024-03-20,0.0,none,valid,无明显触发项,JD2405
JD|JD2412|2024-03-20,JD,JD2412,2024-03-20,0.0,none,valid,无明显触发项,JD2405
JD|JD2502|2024-03-20,JD,JD2502,2024-03-20,0.0,none,invalid_insufficient_history,样本状态=历史样本不足,JD2405
JD|JD2406|2024-03-21,JD,JD2406,2024-03-21,29.0,none,valid,结构失真,JD2405
JD|JD2405|2024-03-21,JD,JD2405,2024-03-21,24.0,none,valid,结构失真,JD2405
JD|JD2407|2024-03-21,JD,JD2407,2024-03-21,24.0,none,valid,结构失真,JD2405
JD|JD2411|2024-03-21,JD,JD2411,2024-03-21,20.0,none,valid,振幅异常,JD2405
JD|JD2409|2024-03-21,JD,JD2409,2024-03-21,5.0,none,valid,无明显触发项,JD2405
JD|JD2404|2024-03-21,JD,JD2404,2024-03-21,0.0,none,valid,目标合约流动性偏弱,JD2405
JD|JD2408|2024-03-21,JD,JD2408,2024-03-21,0.0,none,valid,无明显触发项,JD2405
JD|JD2410|2024-03-21,JD,JD2410,2024-03-21,0.0,none,valid,无明显触发项,JD2405
JD|JD2412|2024-03-21,JD,JD2412,2024-03-21,0.0,none,valid,无明显触发项,JD2405
JD|JD2501|2024-03-21,JD,JD2501,2024-03-21,0.0,none,valid,无明显触发项,JD2405
JD|JD2502|2024-03-21,JD,JD2502,2024-03-21,0.0,none,invalid_insufficient_history,样本状态=历史样本不足,JD2405
JD|JD2406|2024-03-22,JD,JD2406,2024-03-22,20.0,none,valid,结构失真,JD2405
JD|JD2501|2024-03-22,JD,JD2501,2024-03-22,4.0,none,valid,无明显触发项,JD2405
JD|JD2404|2024-03-22,JD,JD2404,2024-03-22,0.0,none,valid,目标合约流动性偏弱,JD2405
JD|JD2405|2024-03-22,JD,JD2405,2024-03-22,0.0,none,valid,无明显触发项,JD2405
JD|JD2407|2024-03-22,JD,JD2407,2024-03-22,0.0,none,valid,无明显触发项,JD2405
JD|JD2408|2024-03-22,JD,JD2408,2024-03-22,0.0,none,valid,无明显触发项,JD2405
JD|JD2409|2024-03-22,JD,JD2409,2024-03-22,0.0,none,valid,无明显触发项,JD2405
JD|JD2410|2024-03-22,JD,JD2410,2024-03-22,0.0,none,valid,无明显触发项,JD2405
JD|JD2411|2024-03-22,JD,JD2411,2024-03-22,0.0,none,valid,无明显触发项,JD2405
JD|JD2412|2024-03-22,JD,JD2412,2024-03-22,0.0,none,valid,无明显触发项,JD2405
JD|JD2502|2024-03-22,JD,JD2502,2024-03-22,0.0,none,valid,无明显触发项,JD2405
JD|JD2404|2024-03-25,JD,JD2404,2024-03-25,32.0,low,valid,振幅异常,JD2405
JD|JD2405|2024-03-25,JD,JD2405,2024-03-25,30.0,low,valid,振幅异常,JD2405
JD|JD2408|2024-03-25,JD,JD2408,2024-03-25,20.0,none,valid,振幅异常,JD2405
JD|JD2501|2024-03-25,JD,JD2501,2024-03-25,20.0,none,valid,振幅异常,JD2405
JD|JD2412|2024-03-25,JD,JD2412,2024-03-25,15.0,none,valid,振幅异常,JD2405
JD|JD2502|2024-03-25,JD,JD2502,2024-03-25,12.0,none,valid,无明显触发项,JD2405
JD|JD2409|2024-03-25,JD,JD2409,2024-03-25,7.0,none,valid,无明显触发项,JD2405
JD|JD2410|2024-03-25,JD,JD2410,2024-03-25,7.0,none,valid,无明显触发项,JD2405
JD|JD2406|2024-03-25,JD,JD2406,2024-03-25,0.0,none,valid,无明显触发项,JD2405
JD|JD2407|2024-03-25,JD,JD2407,2024-03-25,0.0,none,valid,无明显触发项,JD2405
JD|JD2411|2024-03-25,JD,JD2411,2024-03-25,0.0,none,valid,无明显触发项,JD2405
JD|JD2406|2024-03-26,JD,JD2406,2024-03-26,44.0,low,valid,结构失真,JD2405
JD|JD2405|2024-03-26,JD,JD2405,2024-03-26,24.0,none,valid,结构失真,JD2405
JD|JD2501|2024-03-26,JD,JD2501,2024-03-26,8.0,none,valid,振幅异常,JD2405
JD|JD2404|2024-03-26,JD,JD2404,2024-03-26,2.0,none,valid,目标合约流动性偏弱,JD2405
JD|JD2407|2024-03-26,JD,JD2407,2024-03-26,0.0,none,valid,无明显触发项,JD2405
JD|JD2408|2024-03-26,JD,JD2408,2024-03-26,0.0,none,valid,无明显触发项,JD2405
JD|JD2409|2024-03-26,JD,JD2409,2024-03-26,0.0,none,valid,无明显触发项,JD2405
JD|JD2410|2024-03-26,JD,JD2410,2024-03-26,0.0,none,valid,无明显触发项,JD2405
JD|JD2411|2024-03-26,JD,JD2411,2024-03-26,0.0,none,valid,无明显触发项,JD2405
JD|JD2412|2024-03-26,JD,JD2412,2024-03-26,0.0,none,valid,无明显触发项,JD2405
JD|JD2502|2024-03-26,JD,JD2502,2024-03-26,0.0,none,valid,无明显触发项,JD2405
JD|JD2405|2024-03-27,JD,JD2405,2024-03-27,60.0,medium,valid,结构失真,JD2405
JD|JD2406|2024-03-27,JD,JD2406,2024-03-27,44.0,low,valid,结构失真,JD2405
JD|JD2407|2024-03-27,JD,JD2407,2024-03-27,12.0,none,valid,无明显触发项,JD2405
JD|JD2404|2024-03-27,JD,JD2404,2024-03-27,2.0,none,valid,目标合约流动性偏弱,JD2405
JD|JD2408|2024-03-27,JD,JD2408,2024-03-27,0.0,none,valid,无明显触发项,JD2405
JD|JD2409|2024-03-27,JD,JD2409,2024-03-27,0.0,none,valid,无明显触发项,JD2405
JD|JD2410|2024-03-27,JD,JD2410,2024-03-27,0.0,none,valid,无明显触发项,JD2405
JD|JD2411|2024-03-27,JD,JD2411,2024-03-27,0.0,none,valid,无明显触发项,JD2405
JD|JD2412|2024-03-27,JD,JD2412,2024-03-27,0.0,none,valid,无明显触发项,JD2405
JD|JD2501|2024-03-27,JD,JD2501,2024-03-27,0.0,none,valid,无明显触发项,JD2405
JD|JD2502|2024-03-27,JD,JD2502,2024-03-27,0.0,none,valid,无明显触发项,JD2405
JD|JD2503|2024-03-27,JD,JD2503,2024-03-27,0.0,none,invalid_lifecycle_edge,样本状态=生命周期边界无效,JD2405
JD|JD2406|2024-03-28,JD,JD2406,2024-03-28,33.0,low,valid,振幅异常；结构失真,JD2405
JD|JD2407|2024-03-28,JD,JD2407,2024-03-28,24.0,none,valid,结构失真,JD2405
JD|JD2501|2024-03-28,JD,JD2501,2024-03-28,8.0,none,valid,振幅异常,JD2405
JD|JD2404|2024-03-28,JD,JD2404,2024-03-28,0.0,none,valid,目标合约流动性偏弱,JD2405
JD|JD2405|2024-03-28,JD,JD2405,2024-03-28,0.0,none,valid,无明显触发项,JD2405
JD|JD2408|2024-03-28,JD,JD2408,2024-03-28,0.0,none,valid,无明显触发项,JD2405
JD|JD2409|2024-03-28,JD,JD2409,2024-03-28,0.0,none,valid,无明显触发项,JD2405
JD|JD2410|2024-03-28,JD,JD2410,2024-03-28,0.0,none,valid,无明显触发项,JD2405
JD|JD2411|2024-03-28,JD,JD2411,2024-03-28,0.0,none,valid,无明显触发项,JD2405
JD|JD2412|2024-03-28,JD,JD2412,2024-03-28,0.0,none,valid,无明显触发项,JD2405
JD|JD2502|2024-03-28,JD,JD2502,2024-03-28,0.0,none,valid,无明显触发项,JD2405
JD|JD2503|2024-03-28,JD,JD2503,2024-03-28,0.0,none,invalid_lifecycle_edge,样本状态=生命周期边界无效,JD2405
JD|JD2405|2024-03-29,JD,JD2405,2024-03-29,40.0,low,valid,振幅异常；结构失真,JD2405
JD|JD2406|2024-03-29,JD,JD2406,2024-03-29,40.0,low,valid,振幅异常；结构失真,JD2405
JD|JD2407|2024-03-29,JD,JD2407,2024-03-29,20.0,none,valid,振幅异常,JD2405
JD|JD2404|2024-03-29,JD,JD2404,2024-03-29,0.0,none,valid,目标合约流动性偏弱,JD2405
JD|JD2408|2024-03-29,JD,JD2408,2024-03-29,0.0,none,valid,无明显触发项,JD2405
JD|JD2409|2024-03-29,JD,JD2409,2024-03-29,0.0,none,valid,无明显触发项,JD2405
JD|JD2410|2024-03-29,JD,JD2410,2024-03-29,0.0,none,valid,无明显触发项,JD2405
JD|JD2411|2024-03-29,JD,JD2411,2024-03-29,0.0,none,valid,无明显触发项,JD2405
JD|JD2412|2024-03-29,JD,JD2412,2024-03-29,0.0,none,valid,无明显触发项,JD2405
JD|JD2501|2024-03-29,JD,JD2501,2024-03-29,0.0,none,valid,无明显触发项,JD2405
JD|JD2502|2024-03-29,JD,JD2502,2024-03-29,0.0,none,valid,无明显触发项,JD2405
JD|JD2503|2024-03-29,JD,JD2503,2024-03-29,0.0,none,invalid_lifecycle_edge,样本状态=生命周期边界无效,JD2405
JD|JD2407|2024-04-01,JD,JD2407,2024-04-01,60.0,medium,valid,振幅异常；结构失真,JD2405
JD|JD2502|2024-04-01,JD,JD2502,2024-04-01,40.0,low,valid,结构失真,JD2405
JD|JD2404|2024-04-01,JD,JD2404,2024-04-01,0.0,none,valid,目标合约流动性偏弱,JD2405
JD|JD2405|2024-04-01,JD,JD2405,2024-04-01,0.0,none,valid,无明显触发项,JD2405
JD|JD2406|2024-04-01,JD,JD2406,2024-04-01,0.0,none,valid,无明显触发项,JD2405
JD|JD2408|2024-04-01,JD,JD2408,2024-04-01,0.0,none,valid,无明显触发项,JD2405
JD|JD2409|2024-04-01,JD,JD2409,2024-04-01,0.0,none,valid,无明显触发项,JD2405
JD|JD2410|2024-04-01,JD,JD2410,2024-04-01,0.0,none,valid,无明显触发项,JD2405
JD|JD2411|2024-04-01,JD,JD2411,2024-04-01,0.0,none,valid,无明显触发项,JD2405
JD|JD2412|2024-04-01,JD,JD2412,2024-04-01,0.0,none,valid,无明显触发项,JD2405
JD|JD2501|2024-04-01,JD,JD2501,2024-04-01,0.0,none,valid,无明显触发项,JD2405
JD|JD2503|2024-04-01,JD,JD2503,2024-04-01,0.0,none,invalid_lifecycle_edge,样本状态=生命周期边界无效,JD2405
JD|JD2404|2024-04-02,JD,JD2404,2024-04-02,70.0,high,valid,振幅异常；结构失真；目标合约流动性偏弱,JD2405
JD|JD2409|2024-04-02,JD,JD2409,2024-04-02,45.0,low,valid,结构失真,JD2405
JD|JD2406|2024-04-02,JD,JD2406,2024-04-02,40.0,low,valid,结构失真,JD2405
JD|JD2407|2024-04-02,JD,JD2407,2024-04-02,40.0,low,valid,结构失真,JD2405
JD|JD2410|2024-04-02,JD,JD2410,2024-04-02,40.0,low,valid,结构失真,JD2405
JD|JD2411|2024-04-02,JD,JD2411,2024-04-02,40.0,low,valid,结构失真,JD2405
JD|JD2412|2024-04-02,JD,JD2412,2024-04-02,40.0,low,valid,结构失真,JD2405
JD|JD2501|2024-04-02,JD,JD2501,2024-04-02,40.0,low,valid,结构失真,JD2405
JD|JD2502|2024-04-02,JD,JD2502,2024-04-02,40.0,low,valid,结构失真,JD2405
JD|JD2408|2024-04-02,JD,JD2408,2024-04-02,27.0,none,valid,结构失真,JD2405
JD|JD2405|2024-04-02,JD,JD2405,2024-04-02,12.0,none,valid,无明显触发项,JD2405
JD|JD2503|2024-04-02,JD,JD2503,2024-04-02,0.0,none,invalid_lifecycle_edge,样本状态=生命周期边界无效,JD2405
JD|JD2407|2024-04-03,JD,JD2407,2024-04-03,51.0,medium,valid,振幅异常；结构失真,JD2405
JD|JD2502|2024-04-03,JD,JD2502,2024-04-03,40.0,low,valid,结构失真,JD2405
JD|JD2404|2024-04-03,JD,JD2404,2024-04-03,34.0,low,valid,振幅异常；结构失真；目标合约流动性偏弱,JD2405
JD|JD2410|2024-04-03,JD,JD2410,2024-04-03,12.0,none,valid,无明显触发项,JD2405
JD|JD2411|2024-04-03,JD,JD2411,2024-04-03,12.0,none,valid,无明显触发项,JD2405
JD|JD2412|2024-04-03,JD,JD2412,2024-04-03,12.0,none,valid,无明显触发项,JD2405
JD|JD2501|2024-04-03,JD,JD2501,2024-04-03,12.0,none,valid,无明显触发项,JD2405
JD|JD2405|2024-04-03,JD,JD2405,2024-04-03,0.0,none,valid,无明显触发项,JD2405
JD|JD2406|2024-04-03,JD,JD2406,2024-04-03,0.0,none,valid,无明显触发项,JD2405
JD|JD2408|2024-04-03,JD,JD2408,2024-04-03,0.0,none,valid,无明显触发项,JD2405
JD|JD2409|2024-04-03,JD,JD2409,2024-04-03,0.0,none,valid,无明显触发项,JD2405
JD|JD2503|2024-04-03,JD,JD2503,2024-04-03,0.0,none,invalid_lifecycle_edge,样本状态=生命周期边界无效,JD2405
JD|JD2502|2024-04-08,JD,JD2502,2024-04-08,40.0,low,valid,结构失真,JD2405
JD|JD2408|2024-04-08,JD,JD2408,2024-04-08,20.0,none,valid,振幅异常,JD2405
JD|JD2501|2024-04-08,JD,JD2501,2024-04-08,20.0,none,valid,振幅异常,JD2405
JD|JD2410|2024-04-08,JD,JD2410,2024-04-08,13.0,none,valid,振幅异常,JD2405
JD|JD2409|2024-04-08,JD,JD2409,2024-04-08,4.0,none,valid,无明显触发项,JD2405
JD|JD2405|2024-04-08,JD,JD2405,2024-04-08,0.0,none,valid,无明显触发项,JD2405
JD|JD2406|2024-04-08,JD,JD2406,2024-04-08,0.0,none,valid,无明显触发项,JD2405
JD|JD2407|2024-04-08,JD,JD2407,2024-04-08,0.0,none,valid,无明显触发项,JD2405
JD|JD2411|2024-04-08,JD,JD2411,2024-04-08,0.0,none,valid,无明显触发项,JD2405
JD|JD2412|2024-04-08,JD,JD2412,2024-04-08,0.0,none,valid,无明显触发项,JD2405
JD|JD2503|2024-04-08,JD,JD2503,2024-04-08,0.0,none,invalid_insufficient_history,样本状态=历史样本不足,JD2405
JD|JD2501|2024-04-09,JD,JD2501,2024-04-09,13.0,none,valid,振幅异常,JD2405
JD|JD2407|2024-04-09,JD,JD2407,2024-04-09,7.0,none,valid,无明显触发项,JD2405
JD|JD2502|2024-04-09,JD,JD2502,2024-04-09,7.0,none,valid,无明显触发项,JD2405
JD|JD2405|2024-04-09,JD,JD2405,2024-04-09,0.0,none,valid,无明显触发项,JD2405
JD|JD2406|2024-04-09,JD,JD2406,2024-04-09,0.0,none,valid,无明显触发项,JD2405
JD|JD2408|2024-04-09,JD,JD2408,2024-04-09,0.0,none,valid,无明显触发项,JD2405
JD|JD2409|2024-04-09,JD,JD2409,2024-04-09,0.0,none,valid,无明显触发项,JD2405
JD|JD2410|2024-04-09,JD,JD2410,2024-04-09,0.0,none,valid,无明显触发项,JD2405
JD|JD2411|2024-04-09,JD,JD2411,2024-04-09,0.0,none,valid,无明显触发项,JD2405
JD|JD2412|2024-04-09,JD,JD2412,2024-04-09,0.0,none,valid,无明显触发项,JD2405
JD|JD2503|2024-04-09,JD,JD2503,2024-04-09,0.0,none,invalid_insufficient_history,样本状态=历史样本不足,JD2405
JD|JD2407|2024-04-10,JD,JD2407,2024-04-10,32.0,low,valid,振幅异常,JD2409
JD|JD2406|2024-04-10,JD,JD2406,2024-04-10,7.0,none,valid,无明显触发项,JD2409
JD|JD2405|2024-04-10,JD,JD2405,2024-04-10,0.0,none,valid,无明显触发项,JD2409
JD|JD2408|2024-04-10,JD,JD2408,2024-04-10,0.0,none,valid,无明显触发项,JD2409
JD|JD2409|2024-04-10,JD,JD2409,2024-04-10,0.0,none,valid,无明显触发项,JD2409
JD|JD2410|2024-04-10,JD,JD2410,2024-04-10,0.0,none,valid,无明显触发项,JD2409
JD|JD2411|2024-04-10,JD,JD2411,2024-04-10,0.0,none,valid,无明显触发项,JD2409
JD|JD2412|2024-04-10,JD,JD2412,2024-04-10,0.0,none,valid,无明显触发项,JD2409
JD|JD2501|2024-04-10,JD,JD2501,2024-04-10,0.0,none,valid,无明显触发项,JD2409
JD|JD2502|2024-04-10,JD,JD2502,2024-04-10,0.0,none,valid,无明显触发项,JD2409
JD|JD2503|2024-04-10,JD,JD2503,2024-04-10,0.0,none,invalid_insufficient_history,样本状态=历史样本不足,JD2409
JD|JD2405|2024-04-11,JD,JD2405,2024-04-11,40.0,low,valid,结构失真,JD2409
JD|JD2406|2024-04-11,JD,JD2406,2024-04-11,40.0,low,valid,结构失真,JD2409
JD|JD2407|2024-04-11,JD,JD2407,2024-04-11,40.0,low,valid,结构失真,JD2409
JD|JD2410|2024-04-11,JD,JD2410,2024-04-11,40.0,low,valid,结构失真,JD2409
JD|JD2411|2024-04-11,JD,JD2411,2024-04-11,40.0,low,valid,结构失真,JD2409
JD|JD2412|2024-04-11,JD,JD2412,2024-04-11,40.0,low,valid,结构失真,JD2409
JD|JD2501|2024-04-11,JD,JD2501,2024-04-11,40.0,low,valid,结构失真,JD2409
JD|JD2502|2024-04-11,JD,JD2502,2024-04-11,40.0,low,valid,结构失真,JD2409
JD|JD2409|2024-04-11,JD,JD2409,2024-04-11,24.0,none,valid,结构失真,JD2409
JD|JD2408|2024-04-11,JD,JD2408,2024-04-11,12.0,none,valid,无明显触发项,JD2409
JD|JD2503|2024-04-11,JD,JD2503,2024-04-11,0.0,none,invalid_insufficient_history,样本状态=历史样本不足,JD2409
JD|JD2408|2024-04-12,JD,JD2408,2024-04-12,20.0,none,valid,振幅异常,JD2409
JD|JD2406|2024-04-12,JD,JD2406,2024-04-12,11.0,none,valid,振幅异常,JD2409
JD|JD2405|2024-04-12,JD,JD2405,2024-04-12,7.0,none,valid,无明显触发项,JD2409
JD|JD2407|2024-04-12,JD,JD2407,2024-04-12,3.0,none,valid,无明显触发项,JD2409
JD|JD2409|2024-04-12,JD,JD2409,2024-04-12,0.0,none,valid,无明显触发项,JD2409
JD|JD2410|2024-04-12,JD,JD2410,2024-04-12,0.0,none,valid,无明显触发项,JD2409
JD|JD2411|2024-04-12,JD,JD2411,2024-04-12,0.0,none,valid,无明显触发项,JD2409
JD|JD2412|2024-04-12,JD,JD2412,2024-04-12,0.0,none,valid,无明显触发项,JD2409
JD|JD2501|2024-04-12,JD,JD2501,2024-04-12,0.0,none,valid,无明显触发项,JD2409
JD|JD2502|2024-04-12,JD,JD2502,2024-04-12,0.0,none,valid,无明显触发项,JD2409
JD|JD2503|2024-04-12,JD,JD2503,2024-04-12,0.0,none,invalid_insufficient_history,样本状态=历史样本不足,JD2409
JD|JD2501|2024-04-15,JD,JD2501,2024-04-15,43.0,low,valid,振幅异常；结构失真,JD2409
JD|JD2407|2024-04-15,JD,JD2407,2024-04-15,24.0,none,valid,结构失真,JD2409
JD|JD2502|2024-04-15,JD,JD2502,2024-04-15,24.0,none,valid,结构失真,JD2409
JD|JD2410|2024-04-15,JD,JD2410,2024-04-15,12.0,none,valid,振幅异常,JD2409
JD|JD2412|2024-04-15,JD,JD2412,2024-04-15,12.0,none,valid,振幅异常,JD2409
JD|JD2409|2024-04-15,JD,JD2409,2024-04-15,8.0,none,valid,振幅异常,JD2409
JD|JD2411|2024-04-15,JD,JD2411,2024-04-15,4.0,none,valid,无明显触发项,JD2409
JD|JD2405|2024-04-15,JD,JD2405,2024-04-15,0.0,none,valid,无明显触发项,JD2409
JD|JD2406|2024-04-15,JD,JD2406,2024-04-15,0.0,none,valid,无明显触发项,JD2409
JD|JD2408|2024-04-15,JD,JD2408,2024-04-15,0.0,none,valid,无明显触发项,JD2409
JD|JD2503|2024-04-15,JD,JD2503,2024-04-15,0.0,none,invalid_insufficient_history,样本状态=历史样本不足,JD2409
JD|JD2501|2024-04-16,JD,JD2501,2024-04-16,28.0,none,valid,振幅异常；结构失真,JD2409
JD|JD2410|2024-04-16,JD,JD2410,2024-04-16,25.0,none,valid,振幅异常,JD2409
JD|JD2405|2024-04-16,JD,JD2405,2024-04-16,20.0,none,valid,振幅异常,JD2409
JD|JD2408|2024-04-16,JD,JD2408,2024-04-16,20.0,none,valid,振幅异常,JD2409
JD|JD2409|2024-04-16,JD,JD2409,2024-04-16,20.0,none,valid,振幅异常,JD2409
JD|JD2412|2024-04-16,JD,JD2412,2024-04-16,20.0,none,valid,振幅异常,JD2409
JD|JD2406|2024-04-16,JD,JD2406,2024-04-16,17.0,none,valid,振幅异常,JD2409
JD|JD2411|2024-04-16,JD,JD2411,2024-04-16,13.0,none,valid,振幅异常,JD2409
JD|JD2502|2024-04-16,JD,JD2502,2024-04-16,11.0,none,valid,振幅异常,JD2409
JD|JD2407|2024-04-16,JD,JD2407,2024-04-16,8.0,none,valid,振幅异常,JD2409
JD|JD2404|2024-04-16,JD,JD2404,2024-04-16,0.0,none,invalid_lifecycle_edge,样本状态=生命周期边界无效,JD2409
JD|JD2503|2024-04-16,JD,JD2503,2024-04-16,0.0,none,invalid_insufficient_history,样本状态=历史样本不足,JD2409
JD|JD2501|2024-04-17,JD,JD2501,2024-04-17,44.0,low,valid,结构失真,JD2409
JD|JD2502|2024-04-17,JD,JD2502,2024-04-17,40.0,low,valid,结构失真,JD2409
JD|JD2410|2024-04-17,JD,JD2410,2024-04-17,16.0,none,valid,无明显触发项,JD2409
JD|JD2405|2024-04-17,JD,JD2405,2024-04-17,12.0,none,valid,无明显触发项,JD2409
JD|JD2407|2024-04-17,JD,JD2407,2024-04-17,12.0,none,valid,无明显触发项,JD2409
JD|JD2409|2024-04-17,JD,JD2409,2024-04-17,12.0,none,valid,无明显触发项,JD2409
JD|JD2406|2024-04-17,JD,JD2406,2024-04-17,0.0,none,valid,无明显触发项,JD2409
JD|JD2408|2024-04-17,JD,JD2408,2024-04-17,0.0,none,valid,无明显触发项,JD2409
JD|JD2411|2024-04-17,JD,JD2411,2024-04-17,0.0,none,valid,无明显触发项,JD2409
JD|JD2412|2024-04-17,JD,JD2412,2024-04-17,0.0,none,valid,无明显触发项,JD2409
JD|JD2503|2024-04-17,JD,JD2503,2024-04-17,0.0,none,invalid_insufficient_history,样本状态=历史样本不足,JD2409
JD|JD2405|2024-04-18,JD,JD2405,2024-04-18,24.0,none,valid,结构失真,JD2409
JD|JD2502|2024-04-18,JD,JD2502,2024-04-18,4.0,none,valid,无明显触发项,JD2409
JD|JD2406|2024-04-18,JD,JD2406,2024-04-18,0.0,none,valid,无明显触发项,JD2409
JD|JD2407|2024-04-18,JD,JD2407,2024-04-18,0.0,none,valid,无明显触发项,JD2409
JD|JD2408|2024-04-18,JD,JD2408,2024-04-18,0.0,none,valid,无明显触发项,JD2409
JD|JD2409|2024-04-18,JD,JD2409,2024-04-18,0.0,none,valid,无明显触发项,JD2409
JD|JD2410|2024-04-18,JD,JD2410,2024-04-18,0.0,none,valid,无明显触发项,JD2409
JD|JD2411|2024-04-18,JD,JD2411,2024-04-18,0.0,none,valid,无明显触发项,JD2409
JD|JD2412|2024-04-18,JD,JD2412,2024-04-18,0.0,none,valid,无明显触发项,JD2409
JD|JD2501|2024-04-18,JD,JD2501,2024-04-18,0.0,none,valid,无明显触发项,JD2409
JD|JD2503|2024-04-18,JD,JD2503,2024-04-18,0.0,none,invalid_insufficient_history,样本状态=历史样本不足,JD2409
JD|JD2405|2024-04-19,JD,JD2405,2024-04-19,32.0,low,valid,振幅异常；结构失真,JD2409
JD|JD2408|2024-04-19,JD,JD2408,2024-04-19,8.0,none,valid,振幅异常,JD2409
JD|JD2406|2024-04-19,JD,JD2406,2024-04-19,4.0,none,valid,无明显触发项,JD2409
JD|JD2407|2024-04-19,JD,JD2407,2024-04-19,0.0,none,valid,无明显触发项,JD2409
JD|JD2409|2024-04-19,JD,JD2409,2024-04-19,0.0,none,valid,无明显触发项,JD2409
JD|JD2410|2024-04-19,JD,JD2410,2024-04-19,0.0,none,valid,无明显触发项,JD2409
JD|JD2411|2024-04-19,JD,JD2411,2024-04-19,0.0,none,valid,无明显触发项,JD2409
JD|JD2412|2024-04-19,JD,JD2412,2024-04-19,0.0,none,valid,无明显触发项,JD2409
JD|JD2501|2024-04-19,JD,JD2501,2024-04-19,0.0,none,valid,无明显触发项,JD2409
JD|JD2502|2024-04-19,JD,JD2502,2024-04-19,0.0,none,valid,无明显触发项,JD2409
JD|JD2503|2024-04-19,JD,JD2503,2024-04-19,0.0,none,invalid_insufficient_history,样本状态=历史样本不足,JD2409
JD|JD2405|2024-04-22,JD,JD2405,2024-04-22,44.0,low,valid,结构失真,JD2409
JD|JD2503|2024-04-22,JD,JD2503,2024-04-22,40.0,low,valid,结构失真,JD2409
JD|JD2502|2024-04-22,JD,JD2502,2024-04-22,24.0,none,valid,结构失真,JD2409
JD|JD2410|2024-04-22,JD,JD2410,2024-04-22,10.0,none,valid,无明显触发项,JD2409
JD|JD2407|2024-04-22,JD,JD2407,2024-04-22,9.0,none,valid,振幅异常,JD2409
JD|JD2406|2024-04-22,JD,JD2406,2024-04-22,0.0,none,valid,无明显触发项,JD2409
JD|JD2408|2024-04-22,JD,JD2408,2024-04-22,0.0,none,valid,无明显触发项,JD2409
JD|JD2409|2024-04-22,JD,JD2409,2024-04-22,0.0,none,valid,无明显触发项,JD2409
JD|JD2411|2024-04-22,JD,JD2411,2024-04-22,0.0,none,valid,无明显触发项,JD2409
JD|JD2412|2024-04-22,JD,JD2412,2024-04-22,0.0,none,valid,无明显触发项,JD2409
JD|JD2501|2024-04-22,JD,JD2501,2024-04-22,0.0,none,valid,无明显触发项,JD2409
JD|JD2501|2024-04-23,JD,JD2501,2024-04-23,50.0,medium,valid,结构失真,JD2409
JD|JD2411|2024-04-23,JD,JD2411,2024-04-23,45.0,low,valid,结构失真,JD2409
JD|JD2405|2024-04-23,JD,JD2405,2024-04-23,40.0,low,valid,结构失真,JD2409
JD|JD2407|2024-04-23,JD,JD2407,2024-04-23,40.0,low,valid,结构失真,JD2409
JD|JD2409|2024-04-23,JD,JD2409,2024-04-23,40.0,low,valid,结构失真,JD2409
JD|JD2410|2024-04-23,JD,JD2410,2024-04-23,40.0,low,valid,结构失真,JD2409
JD|JD2502|2024-04-23,JD,JD2502,2024-04-23,40.0,low,valid,结构失真,JD2409
JD|JD2503|2024-04-23,JD,JD2503,2024-04-23,40.0,low,valid,结构失真,JD2409
JD|JD2406|2024-04-23,JD,JD2406,2024-04-23,24.0,none,valid,结构失真,JD2409
JD|JD2408|2024-04-23,JD,JD2408,2024-04-23,12.0,none,valid,无明显触发项,JD2409
JD|JD2412|2024-04-23,JD,JD2412,2024-04-23,12.0,none,valid,无明显触发项,JD2409
JD|JD2411|2024-04-24,JD,JD2411,2024-04-24,60.0,medium,valid,结构失真,JD2409
JD|JD2501|2024-04-24,JD,JD2501,2024-04-24,50.0,medium,valid,结构失真,JD2409
JD|JD2405|2024-04-24,JD,JD2405,2024-04-24,40.0,low,valid,结构失真,JD2409
JD|JD2406|2024-04-24,JD,JD2406,2024-04-24,40.0,low,valid,结构失真,JD2409
JD|JD2407|2024-04-24,JD,JD2407,2024-04-24,40.0,low,valid,结构失真,JD2409
JD|JD2409|2024-04-24,JD,JD2409,2024-04-24,40.0,low,valid,结构失真,JD2409
JD|JD2410|2024-04-24,JD,JD2410,2024-04-24,40.0,low,valid,结构失真,JD2409
JD|JD2412|2024-04-24,JD,JD2412,2024-04-24,40.0,low,valid,结构失真,JD2409
JD|JD2502|2024-04-24,JD,JD2502,2024-04-24,40.0,low,valid,结构失真,JD2409
JD|JD2503|2024-04-24,JD,JD2503,2024-04-24,40.0,low,valid,结构失真,JD2409
JD|JD2408|2024-04-24,JD,JD2408,2024-04-24,24.0,none,valid,结构失真,JD2409
JD|JD2411|2024-04-25,JD,JD2411,2024-04-25,60.0,medium,valid,结构失真,JD2409
JD|JD2501|2024-04-25,JD,JD2501,2024-04-25,60.0,medium,valid,结构失真,JD2409
JD|JD2412|2024-04-25,JD,JD2412,2024-04-25,45.0,low,valid,结构失真,JD2409
JD|JD2406|2024-04-25,JD,JD2406,2024-04-25,40.0,low,valid,结构失真,JD2409
JD|JD2407|2024-04-25,JD,JD2407,2024-04-25,40.0,low,valid,结构失真,JD2409
JD|JD2408|2024-04-25,JD,JD2408,2024-04-25,40.0,low,valid,结构失真,JD2409
JD|JD2409|2024-04-25,JD,JD2409,2024-04-25,40.0,low,valid,结构失真,JD2409
JD|JD2410|2024-04-25,JD,JD2410,2024-04-25,40.0,low,valid,结构失真,JD2409
JD|JD2502|2024-04-25,JD,JD2502,2024-04-25,40.0,low,valid,结构失真,JD2409
JD|JD2503|2024-04-25,JD,JD2503,2024-04-25,40.0,low,valid,结构失真,JD2409
JD|JD2405|2024-04-25,JD,JD2405,2024-04-25,30.0,low,valid,结构失真；目标合约流动性偏弱,JD2409
JD|JD2503|2024-04-26,JD,JD2503,2024-04-26,40.0,low,valid,结构失真,JD2409
JD|JD2410|2024-04-26,JD,JD2410,2024-04-26,25.0,none,valid,振幅异常,JD2409
JD|JD2405|2024-04-26,JD,JD2405,2024-04-26,20.0,none,valid,振幅异常,JD2409
JD|JD2406|2024-04-26,JD,JD2406,2024-04-26,20.0,none,valid,振幅异常,JD2409
JD|JD2407|2024-04-26,JD,JD2407,2024-04-26,20.0,none,valid,振幅异常,JD2409
JD|JD2408|2024-04-26,JD,JD2408,2024-04-26,20.0,none,valid,振幅异常,JD2409
JD|JD2409|2024-04-26,JD,JD2409,2024-04-26,20.0,none,valid,振幅异常,JD2409
JD|JD2411|2024-04-26,JD,JD2411,2024-04-26,20.0,none,valid,振幅异常,JD2409
JD|JD2412|2024-04-26,JD,JD2412,2024-04-26,20.0,none,valid,振幅异常,JD2409
JD|JD2501|2024-04-26,JD,JD2501,2024-04-26,20.0,none,valid,振幅异常,JD2409
JD|JD2502|2024-04-26,JD,JD2502,2024-04-26,4.0,none,valid,无明显触发项,JD2409
JD|JD2504|2024-04-26,JD,JD2504,2024-04-26,0.0,none,invalid_lifecycle_edge,样本状态=生命周期边界无效,JD2409
JD|JD2503|2024-04-29,JD,JD2503,2024-04-29,40.0,low,valid,结构失真,JD2409
JD|JD2405|2024-04-29,JD,JD2405,2024-04-29,25.0,none,valid,振幅异常,JD2409
JD|JD2409|2024-04-29,JD,JD2409,2024-04-29,19.0,none,valid,振幅异常,JD2409
JD|JD2408|2024-04-29,JD,JD2408,2024-04-29,7.0,none,valid,无明显触发项,JD2409
JD|JD2410|2024-04-29,JD,JD2410,2024-04-29,7.0,none,valid,无明显触发项,JD2409
JD|JD2411|2024-04-29,JD,JD2411,2024-04-29,7.0,none,valid,无明显触发项,JD2409
JD|JD2412|2024-04-29,JD,JD2412,2024-04-29,7.0,none,valid,无明显触发项,JD2409
JD|JD2406|2024-04-29,JD,JD2406,2024-04-29,0.0,none,valid,无明显触发项,JD2409
JD|JD2407|2024-04-29,JD,JD2407,2024-04-29,0.0,none,valid,无明显触发项,JD2409
JD|JD2501|2024-04-29,JD,JD2501,2024-04-29,0.0,none,valid,无明显触发项,JD2409
JD|JD2502|2024-04-29,JD,JD2502,2024-04-29,0.0,none,valid,无明显触发项,JD2409
JD|JD2504|2024-04-29,JD,JD2504,2024-04-29,0.0,none,invalid_lifecycle_edge,样本状态=生命周期边界无效,JD2409
JD|JD2503|2024-04-30,JD,JD2503,2024-04-30,40.0,low,valid,结构失真,JD2409
JD|JD2410|2024-04-30,JD,JD2410,2024-04-30,20.0,none,valid,结构失真,JD2409
JD|JD2411|2024-04-30,JD,JD2411,2024-04-30,10.0,none,valid,无明显触发项,JD2409
JD|JD2407|2024-04-30,JD,JD2407,2024-04-30,7.0,none,valid,无明显触发项,JD2409
JD|JD2412|2024-04-30,JD,JD2412,2024-04-30,7.0,none,valid,无明显触发项,JD2409
JD|JD2502|2024-04-30,JD,JD2502,2024-04-30,4.0,none,valid,无明显触发项,JD2409
JD|JD2501|2024-04-30,JD,JD2501,2024-04-30,3.0,none,valid,无明显触发项,JD2409
JD|JD2405|2024-04-30,JD,JD2405,2024-04-30,0.0,none,valid,无明显触发项,JD2409
JD|JD2406|2024-04-30,JD,JD2406,2024-04-30,0.0,none,valid,无明显触发项,JD2409
JD|JD2408|2024-04-30,JD,JD2408,2024-04-30,0.0,none,valid,无明显触发项,JD2409
JD|JD2409|2024-04-30,JD,JD2409,2024-04-30,0.0,none,valid,无明显触发项,JD2409
JD|JD2504|2024-04-30,JD,JD2504,2024-04-30,0.0,none,invalid_lifecycle_edge,样本状态=生命周期边界无效,JD2409
JD|JD2406|2024-05-06,JD,JD2406,2024-05-06,60.0,medium,valid,结构失真,JD2409
JD|JD2407|2024-05-06,JD,JD2407,2024-05-06,60.0,medium,valid,结构失真,JD2409
JD|JD2405|2024-05-06,JD,JD2405,2024-05-06,50.0,medium,valid,结构失真；目标合约流动性偏弱,JD2409
JD|JD2503|2024-05-06,JD,JD2503,2024-05-06,40.0,low,valid,结构失真,JD2409
JD|JD2408|2024-05-06,JD,JD2408,2024-05-06,20.0,none,valid,结构失真,JD2409
JD|JD2409|2024-05-06,JD,JD2409,2024-05-06,20.0,none,valid,结构失真,JD2409
JD|JD2410|2024-05-06,JD,JD2410,2024-05-06,5.0,none,valid,无明显触发项,JD2409
JD|JD2411|2024-05-06,JD,JD2411,2024-05-06,0.0,none,valid,无明显触发项,JD2409
JD|JD2412|2024-05-06,JD,JD2412,2024-05-06,0.0,none,valid,无明显触发项,JD2409
JD|JD2501|2024-05-06,JD,JD2501,2024-05-06,0.0,none,valid,无明显触发项,JD2409
JD|JD2502|2024-05-06,JD,JD2502,2024-05-06,0.0,none,valid,无明显触发项,JD2409
JD|JD2504|2024-05-06,JD,JD2504,2024-05-06,0.0,none,invalid_insufficient_history,样本状态=历史样本不足,JD2409
JD|JD2503|2024-05-07,JD,JD2503,2024-05-07,40.0,low,valid,结构失真,JD2409
JD|JD2406|2024-05-07,JD,JD2406,2024-05-07,30.0,low,valid,振幅异常,JD2409
JD|JD2407|2024-05-07,JD,JD2407,2024-05-07,26.0,none,valid,振幅异常,JD2409
JD|JD2408|2024-05-07,JD,JD2408,2024-05-07,16.0,none,valid,振幅异常,JD2409
JD|JD2411|2024-05-07,JD,JD2411,2024-05-07,16.0,none,valid,振幅异常,JD2409
JD|JD2412|2024-05-07,JD,JD2412,2024-05-07,16.0,none,valid,振幅异常,JD2409
JD|JD2502|2024-05-07,JD,JD2502,2024-05-07,13.0,none,valid,振幅异常,JD2409
JD|JD2410|2024-05-07,JD,JD2410,2024-05-07,12.0,none,valid,振幅异常,JD2409
JD|JD2501|2024-05-07,JD,JD2501,2024-05-07,11.0,none,valid,振幅异常,JD2409
JD|JD2409|2024-05-07,JD,JD2409,2024-05-07,9.0,none,valid,振幅异常,JD2409
JD|JD2405|2024-05-07,JD,JD2405,2024-05-07,0.0,none,valid,目标合约流动性偏弱,JD2409
JD|JD2504|2024-05-07,JD,JD2504,2024-05-07,0.0,none,invalid_insufficient_history,样本状态=历史样本不足,JD2409
JD|JD2502|2024-05-08,JD,JD2502,2024-05-08,30.0,low,valid,振幅异常,JD2409
JD|JD2406|2024-05-08,JD,JD2406,2024-05-08,25.0,none,valid,振幅异常,JD2409
JD|JD2407|2024-05-08,JD,JD2407,2024-05-08,20.0,none,valid,振幅异常,JD2409
JD|JD2408|2024-05-08,JD,JD2408,2024-05-08,20.0,none,valid,振幅异常,JD2409
JD|JD2412|2024-05-08,JD,JD2412,2024-05-08,20.0,none,valid,振幅异常,JD2409
JD|JD2501|2024-05-08,JD,JD2501,2024-05-08,20.0,none,valid,振幅异常,JD2409
JD|JD2410|2024-05-08,JD,JD2410,2024-05-08,16.0,none,valid,振幅异常,JD2409
JD|JD2411|2024-05-08,JD,JD2411,2024-05-08,16.0,none,valid,振幅异常,JD2409
JD|JD2405|2024-05-08,JD,JD2405,2024-05-08,15.0,none,valid,振幅异常；目标合约流动性偏弱,JD2409
JD|JD2503|2024-05-08,JD,JD2503,2024-05-08,12.0,none,valid,无明显触发项,JD2409
JD|JD2409|2024-05-08,JD,JD2409,2024-05-08,7.0,none,valid,无明显触发项,JD2409
JD|JD2504|2024-05-08,JD,JD2504,2024-05-08,0.0,none,invalid_insufficient_history,样本状态=历史样本不足,JD2409
JD|JD2407|2024-05-09,JD,JD2407,2024-05-09,34.0,low,valid,振幅异常；结构失真,JD2409
JD|JD2406|2024-05-09,JD,JD2406,2024-05-09,25.0,none,valid,结构失真,JD2409
JD|JD2502|2024-05-09,JD,JD2502,2024-05-09,20.0,none,valid,结构失真,JD2409
JD|JD2405|2024-05-09,JD,JD2405,2024-05-09,12.0,none,valid,结构失真；目标合约流动性偏弱,JD2409
JD|JD2503|2024-05-09,JD,JD2503,2024-05-09,10.0,none,valid,无明显触发项,JD2409
JD|JD2408|2024-05-09,JD,JD2408,2024-05-09,0.0,none,valid,无明显触发项,JD2409
JD|JD2409|2024-05-09,JD,JD2409,2024-05-09,0.0,none,valid,无明显触发项,JD2409
JD|JD2410|2024-05-09,JD,JD2410,2024-05-09,0.0,none,valid,无明显触发项,JD2409
JD|JD2411|2024-05-09,JD,JD2411,2024-05-09,0.0,none,valid,无明显触发项,JD2409
JD|JD2412|2024-05-09,JD,JD2412,2024-05-09,0.0,none,valid,无明显触发项,JD2409
JD|JD2501|2024-05-09,JD,JD2501,2024-05-09,0.0,none,valid,无明显触发项,JD2409
JD|JD2504|2024-05-09,JD,JD2504,2024-05-09,0.0,none,invalid_insufficient_history,样本状态=历史样本不足,JD2409
JD|JD2502|2024-05-10,JD,JD2502,2024-05-10,10.0,none,valid,无明显触发项,JD2409
JD|JD2406|2024-05-10,JD,JD2406,2024-05-10,5.0,none,valid,无明显触发项,JD2409
JD|JD2407|2024-05-10,JD,JD2407,2024-05-10,5.0,none,valid,无明显触发项,JD2409
JD|JD2405|2024-05-10,JD,JD2405,2024-05-10,0.0,none,valid,目标合约流动性偏弱,JD2409
JD|JD2408|2024-05-10,JD,JD2408,2024-05-10,0.0,none,valid,无明显触发项,JD2409
JD|JD2409|2024-05-10,JD,JD2409,2024-05-10,0.0,none,valid,无明显触发项,JD2409
JD|JD2410|2024-05-10,JD,JD2410,2024-05-10,0.0,none,valid,无明显触发项,JD2409
JD|JD2411|2024-05-10,JD,JD2411,2024-05-10,0.0,none,valid,无明显触发项,JD2409
JD|JD2412|2024-05-10,JD,JD2412,2024-05-10,0.0,none,valid,无明显触发项,JD2409
JD|JD2501|2024-05-10,JD,JD2501,2024-05-10,0.0,none,valid,无明显触发项,JD2409
JD|JD2503|2024-05-10,JD,JD2503,2024-05-10,0.0,none,valid,无明显触发项,JD2409
JD|JD2504|2024-05-10,JD,JD2504,2024-05-10,0.0,none,invalid_insufficient_history,样本状态=历史样本不足,JD2409
JD|JD2502|2024-05-13,JD,JD2502,2024-05-13,5.0,none,valid,无明显触发项,JD2409
JD|JD2405|2024-05-13,JD,JD2405,2024-05-13,0.0,none,valid,目标合约流动性偏弱,JD2409
JD|JD2406|2024-05-13,JD,JD2406,2024-05-13,0.0,none,valid,无明显触发项,JD2409
JD|JD2407|2024-05-13,JD,JD2407,2024-05-13,0.0,none,valid,无明显触发项,JD2409
JD|JD2408|2024-05-13,JD,JD2408,2024-05-13,0.0,none,valid,无明显触发项,JD2409
JD|JD2409|2024-05-13,JD,JD2409,2024-05-13,0.0,none,valid,无明显触发项,JD2409
JD|JD2410|2024-05-13,JD,JD2410,2024-05-13,0.0,none,valid,无明显触发项,JD2409
JD|JD2411|2024-05-13,JD,JD2411,2024-05-13,0.0,none,valid,无明显触发项,JD2409
JD|JD2412|2024-05-13,JD,JD2412,2024-05-13,0.0,none,valid,无明显触发项,JD2409
JD|JD2501|2024-05-13,JD,JD2501,2024-05-13,0.0,none,valid,无明显触发项,JD2409
JD|JD2503|2024-05-13,JD,JD2503,2024-05-13,0.0,none,valid,无明显触发项,JD2409
JD|JD2504|2024-05-13,JD,JD2504,2024-05-13,0.0,none,invalid_insufficient_history,样本状态=历史样本不足,JD2409
JD|JD2502|2024-05-14,JD,JD2502,2024-05-14,10.0,none,valid,无明显触发项,JD2409
JD|JD2503|2024-05-14,JD,JD2503,2024-05-14,5.0,none,valid,无明显触发项,JD2409
JD|JD2406|2024-05-14,JD,JD2406,2024-05-14,0.0,none,valid,无明显触发项,JD2409
JD|JD2407|2024-05-14,JD,JD2407,2024-05-14,0.0,none,valid,无明显触发项,JD2409
JD|JD2408|2024-05-14,JD,JD2408,2024-05-14,0.0,none,valid,无明显触发项,JD2409
JD|JD2409|2024-05-14,JD,JD2409,2024-05-14,0.0,none,valid,无明显触发项,JD2409
JD|JD2410|2024-05-14,JD,JD2410,2024-05-14,0.0,none,valid,无明显触发项,JD2409
JD|JD2411|2024-05-14,JD,JD2411,2024-05-14,0.0,none,valid,无明显触发项,JD2409
JD|JD2412|2024-05-14,JD,JD2412,2024-05-14,0.0,none,valid,无明显触发项,JD2409
JD|JD2501|2024-05-14,JD,JD2501,2024-05-14,0.0,none,valid,无明显触发项,JD2409
JD|JD2504|2024-05-14,JD,JD2504,2024-05-14,0.0,none,invalid_insufficient_history,样本状态=历史样本不足,JD2409
JD|JD2406|2024-05-15,JD,JD2406,2024-05-15,17.0,none,valid,无明显触发项,JD2409
JD|JD2407|2024-05-15,JD,JD2407,2024-05-15,17.0,none,valid,无明显触发项,JD2409
JD|JD2408|2024-05-15,JD,JD2408,2024-05-15,10.0,none,valid,无明显触发项,JD2409
JD|JD2502|2024-05-15,JD,JD2502,2024-05-15,10.0,none,valid,无明显触发项,JD2409
JD|JD2409|2024-05-15,JD,JD2409,2024-05-15,0.0,none,valid,无明显触发项,JD2409
JD|JD2410|2024-05-15,JD,JD2410,2024-05-15,0.0,none,valid,无明显触发项,JD2409
JD|JD2411|2024-05-15,JD,JD2411,2024-05-15,0.0,none,valid,无明显触发项,JD2409
JD|JD2412|2024-05-15,JD,JD2412,2024-05-15,0.0,none,valid,无明显触发项,JD2409
JD|JD2501|2024-05-15,JD,JD2501,2024-05-15,0.0,none,valid,无明显触发项,JD2409
JD|JD2503|2024-05-15,JD,JD2503,2024-05-15,0.0,none,valid,无明显触发项,JD2409
JD|JD2504|2024-05-15,JD,JD2504,2024-05-15,0.0,none,invalid_insufficient_history,样本状态=历史样本不足,JD2409
JD|JD2503|2024-05-16,JD,JD2503,2024-05-16,10.0,none,valid,无明显触发项,JD2409
JD|JD2502|2024-05-16,JD,JD2502,2024-05-16,5.0,none,valid,无明显触发项,JD2409
JD|JD2405|2024-05-16,JD,JD2405,2024-05-16,0.0,none,valid,目标合约流动性偏弱,JD2409
JD|JD2406|2024-05-16,JD,JD2406,2024-05-16,0.0,none,valid,无明显触发项,JD2409
JD|JD2407|2024-05-16,JD,JD2407,2024-05-16,0.0,none,valid,无明显触发项,JD2409
JD|JD2408|2024-05-16,JD,JD2408,2024-05-16,0.0,none,valid,无明显触发项,JD2409
JD|JD2409|2024-05-16,JD,JD2409,2024-05-16,0.0,none,valid,无明显触发项,JD2409
JD|JD2410|2024-05-16,JD,JD2410,2024-05-16,0.0,none,valid,无明显触发项,JD2409
JD|JD2411|2024-05-16,JD,JD2411,2024-05-16,0.0,none,valid,无明显触发项,JD2409
JD|JD2412|2024-05-16,JD,JD2412,2024-05-16,0.0,none,valid,无明显触发项,JD2409
JD|JD2501|2024-05-16,JD,JD2501,2024-05-16,0.0,none,valid,无明显触发项,JD2409
JD|JD2504|2024-05-16,JD,JD2504,2024-05-16,0.0,none,invalid_insufficient_history,样本状态=历史样本不足,JD2409
JD|JD2407|2024-05-17,JD,JD2407,2024-05-17,22.0,none,valid,结构失真,JD2409
JD|JD2502|2024-05-17,JD,JD2502,2024-05-17,20.0,none,valid,结构失真,JD2409
JD|JD2503|2024-05-17,JD,JD2503,2024-05-17,20.0,none,valid,结构失真,JD2409
JD|JD2408|2024-05-17,JD,JD2408,2024-05-17,5.0,none,valid,无明显触发项,JD2409
JD|JD2405|2024-05-17,JD,JD2405,2024-05-17,0.0,none,valid,目标合约流动性偏弱,JD2409
JD|JD2406|2024-05-17,JD,JD2406,2024-05-17,0.0,none,valid,无明显触发项,JD2409
JD|JD2409|2024-05-17,JD,JD2409,2024-05-17,0.0,none,valid,无明显触发项,JD2409
JD|JD2410|2024-05-17,JD,JD2410,2024-05-17,0.0,none,valid,无明显触发项,JD2409
JD|JD2411|2024-05-17,JD,JD2411,2024-05-17,0.0,none,valid,无明显触发项,JD2409
JD|JD2412|2024-05-17,JD,JD2412,2024-05-17,0.0,none,valid,无明显触发项,JD2409
JD|JD2501|2024-05-17,JD,JD2501,2024-05-17,0.0,none,valid,无明显触发项,JD2409
JD|JD2504|2024-05-17,JD,JD2504,2024-05-17,0.0,none,invalid_insufficient_history,样本状态=历史样本不足,JD2409
JD|JD2504|2024-05-20,JD,JD2504,2024-05-20,40.0,low,valid,结构失真,JD2409
JD|JD2503|2024-05-20,JD,JD2503,2024-05-20,20.0,none,valid,结构失真,JD2409
JD|JD2502|2024-05-20,JD,JD2502,2024-05-20,10.0,none,valid,无明显触发项,JD2409
JD|JD2406|2024-05-20,JD,JD2406,2024-05-20,8.0,none,valid,振幅异常,JD2409
JD|JD2405|2024-05-20,JD,JD2405,2024-05-20,0.0,none,invalid_lifecycle_edge,样本状态=生命周期边界无效,JD2409
JD|JD2407|2024-05-20,JD,JD2407,2024-05-20,0.0,none,valid,无明显触发项,JD2409
JD|JD2408|2024-05-20,JD,JD2408,2024-05-20,0.0,none,valid,无明显触发项,JD2409
JD|JD2409|2024-05-20,JD,JD2409,2024-05-20,0.0,none,valid,无明显触发项,JD2409
JD|JD2410|2024-05-20,JD,JD2410,2024-05-20,0.0,none,valid,无明显触发项,JD2409
JD|JD2411|2024-05-20,JD,JD2411,2024-05-20,0.0,none,valid,无明显触发项,JD2409
JD|JD2412|2024-05-20,JD,JD2412,2024-05-20,0.0,none,valid,无明显触发项,JD2409
JD|JD2501|2024-05-20,JD,JD2501,2024-05-20,0.0,none,valid,无明显触发项,JD2409
JD|JD2504|2024-05-21,JD,JD2504,2024-05-21,12.0,none,valid,无明显触发项,JD2409
JD|JD2407|2024-05-21,JD,JD2407,2024-05-21,5.0,none,valid,无明显触发项,JD2409
JD|JD2406|2024-05-21,JD,JD2406,2024-05-21,3.0,none,valid,无明显触发项,JD2409
JD|JD2408|2024-05-21,JD,JD2408,2024-05-21,0.0,none,valid,无明显触发项,JD2409
JD|JD2409|2024-05-21,JD,JD2409,2024-05-21,0.0,none,valid,无明显触发项,JD2409
JD|JD2410|2024-05-21,JD,JD2410,2024-05-21,0.0,none,valid,无明显触发项,JD2409
JD|JD2411|2024-05-21,JD,JD2411,2024-05-21,0.0,none,valid,无明显触发项,JD2409
JD|JD2412|2024-05-21,JD,JD2412,2024-05-21,0.0,none,valid,无明显触发项,JD2409
JD|JD2501|2024-05-21,JD,JD2501,2024-05-21,0.0,none,valid,无明显触发项,JD2409
JD|JD2502|2024-05-21,JD,JD2502,2024-05-21,0.0,none,valid,无明显触发项,JD2409
JD|JD2503|2024-05-21,JD,JD2503,2024-05-21,0.0,none,valid,无明显触发项,JD2409
JD|JD2504|2024-05-22,JD,JD2504,2024-05-22,24.0,none,valid,结构失真,JD2409
JD|JD2407|2024-05-22,JD,JD2407,2024-05-22,5.0,none,valid,无明显触发项,JD2409
JD|JD2406|2024-05-22,JD,JD2406,2024-05-22,0.0,none,valid,无明显触发项,JD2409
JD|JD2408|2024-05-22,JD,JD2408,2024-05-22,0.0,none,valid,无明显触发项,JD2409
JD|JD2409|2024-05-22,JD,JD2409,2024-05-22,0.0,none,valid,无明显触发项,JD2409
JD|JD2410|2024-05-22,JD,JD2410,2024-05-22,0.0,none,valid,无明显触发项,JD2409
JD|JD2411|2024-05-22,JD,JD2411,2024-05-22,0.0,none,valid,无明显触发项,JD2409
JD|JD2412|2024-05-22,JD,JD2412,2024-05-22,0.0,none,valid,无明显触发项,JD2409
JD|JD2501|2024-05-22,JD,JD2501,2024-05-22,0.0,none,valid,无明显触发项,JD2409
JD|JD2502|2024-05-22,JD,JD2502,2024-05-22,0.0,none,valid,无明显触发项,JD2409
JD|JD2503|2024-05-22,JD,JD2503,2024-05-22,0.0,none,valid,无明显触发项,JD2409
JD|JD2504|2024-05-23,JD,JD2504,2024-05-23,40.0,low,valid,结构失真,JD2409
JD|JD2407|2024-05-23,JD,JD2407,2024-05-23,22.0,none,valid,结构失真,JD2409
JD|JD2408|2024-05-23,JD,JD2408,2024-05-23,10.0,none,valid,无明显触发项,JD2409
JD|JD2409|2024-05-23,JD,JD2409,2024-05-23,5.0,none,valid,无明显触发项,JD2409
JD|JD2502|2024-05-23,JD,JD2502,2024-05-23,5.0,none,valid,无明显触发项,JD2409
JD|JD2406|2024-05-23,JD,JD2406,2024-05-23,0.0,none,valid,无明显触发项,JD2409
JD|JD2410|2024-05-23,JD,JD2410,2024-05-23,0.0,none,valid,无明显触发项,JD2409
JD|JD2411|2024-05-23,JD,JD2411,2024-05-23,0.0,none,valid,无明显触发项,JD2409
JD|JD2412|2024-05-23,JD,JD2412,2024-05-23,0.0,none,valid,无明显触发项,JD2409
JD|JD2501|2024-05-23,JD,JD2501,2024-05-23,0.0,none,valid,无明显触发项,JD2409
JD|JD2503|2024-05-23,JD,JD2503,2024-05-23,0.0,none,valid,无明显触发项,JD2409
JD|JD2504|2024-05-24,JD,JD2504,2024-05-24,24.0,none,valid,结构失真,JD2409
JD|JD2406|2024-05-24,JD,JD2406,2024-05-24,0.0,none,valid,无明显触发项,JD2409
JD|JD2407|2024-05-24,JD,JD2407,2024-05-24,0.0,none,valid,无明显触发项,JD2409
JD|JD2408|2024-05-24,JD,JD2408,2024-05-24,0.0,none,valid,无明显触发项,JD2409
JD|JD2409|2024-05-24,JD,JD2409,2024-05-24,0.0,none,valid,无明显触发项,JD2409
JD|JD2410|2024-05-24,JD,JD2410,2024-05-24,0.0,none,valid,无明显触发项,JD2409
JD|JD2411|2024-05-24,JD,JD2411,2024-05-24,0.0,none,valid,无明显触发项,JD2409
JD|JD2412|2024-05-24,JD,JD2412,2024-05-24,0.0,none,valid,无明显触发项,JD2409
JD|JD2501|2024-05-24,JD,JD2501,2024-05-24,0.0,none,valid,无明显触发项,JD2409
JD|JD2502|2024-05-24,JD,JD2502,2024-05-24,0.0,none,valid,无明显触发项,JD2409
JD|JD2503|2024-05-24,JD,JD2503,2024-05-24,0.0,none,valid,无明显触发项,JD2409
JD|JD2406|2024-05-27,JD,JD2406,2024-05-27,0.0,none,valid,无明显触发项,JD2409
JD|JD2407|2024-05-27,JD,JD2407,2024-05-27,0.0,none,valid,无明显触发项,JD2409
JD|JD2408|2024-05-27,JD,JD2408,2024-05-27,0.0,none,valid,无明显触发项,JD2409
JD|JD2409|2024-05-27,JD,JD2409,2024-05-27,0.0,none,valid,无明显触发项,JD2409
JD|JD2410|2024-05-27,JD,JD2410,2024-05-27,0.0,none,valid,无明显触发项,JD2409
JD|JD2411|2024-05-27,JD,JD2411,2024-05-27,0.0,none,valid,无明显触发项,JD2409
JD|JD2412|2024-05-27,JD,JD2412,2024-05-27,0.0,none,valid,无明显触发项,JD2409
JD|JD2501|2024-05-27,JD,JD2501,2024-05-27,0.0,none,valid,无明显触发项,JD2409
JD|JD2502|2024-05-27,JD,JD2502,2024-05-27,0.0,none,valid,无明显触发项,JD2409
JD|JD2503|2024-05-27,JD,JD2503,2024-05-27,0.0,none,valid,无明显触发项,JD2409
JD|JD2504|2024-05-27,JD,JD2504,2024-05-27,0.0,none,valid,无明显触发项,JD2409
JD|JD2504|2024-05-28,JD,JD2504,2024-05-28,40.0,low,valid,结构失真,JD2409
JD|JD2406|2024-05-28,JD,JD2406,2024-05-28,34.0,low,valid,结构失真,JD2409
JD|JD2407|2024-05-28,JD,JD2407,2024-05-28,34.0,low,valid,结构失真,JD2409
JD|JD2502|2024-05-28,JD,JD2502,2024-05-28,20.0,none,valid,结构失真,JD2409
JD|JD2503|2024-05-28,JD,JD2503,2024-05-28,20.0,none,valid,结构失真,JD2409
JD|JD2408|2024-05-28,JD,JD2408,2024-05-28,10.0,none,valid,无明显触发项,JD2409
JD|JD2409|2024-05-28,JD,JD2409,2024-05-28,10.0,none,valid,无明显触发项,JD2409
JD|JD2405|2024-05-28,JD,JD2405,2024-05-28,0.0,none,invalid_lifecycle_edge,样本状态=生命周期边界无效,JD2409
JD|JD2410|2024-05-28,JD,JD2410,2024-05-28,0.0,none,valid,无明显触发项,JD2409
JD|JD2411|2024-05-28,JD,JD2411,2024-05-28,0.0,none,valid,无明显触发项,JD2409
JD|JD2412|2024-05-28,JD,JD2412,2024-05-28,0.0,none,valid,无明显触发项,JD2409
JD|JD2501|2024-05-28,JD,JD2501,2024-05-28,0.0,none,valid,无明显触发项,JD2409
JD|JD2504|2024-05-29,JD,JD2504,2024-05-29,24.0,none,valid,结构失真,JD2409
JD|JD2406|2024-05-29,JD,JD2406,2024-05-29,17.0,none,valid,无明显触发项,JD2409
JD|JD2407|2024-05-29,JD,JD2407,2024-05-29,17.0,none,valid,无明显触发项,JD2409
JD|JD2501|2024-05-29,JD,JD2501,2024-05-29,12.0,none,valid,无明显触发项,JD2409
JD|JD2408|2024-05-29,JD,JD2408,2024-05-29,10.0,none,valid,无明显触发项,JD2409
JD|JD2409|2024-05-29,JD,JD2409,2024-05-29,5.0,none,valid,无明显触发项,JD2409
JD|JD2410|2024-05-29,JD,JD2410,2024-05-29,0.0,none,valid,无明显触发项,JD2409
JD|JD2411|2024-05-29,JD,JD2411,2024-05-29,0.0,none,valid,无明显触发项,JD2409
JD|JD2412|2024-05-29,JD,JD2412,2024-05-29,0.0,none,valid,无明显触发项,JD2409
JD|JD2502|2024-05-29,JD,JD2502,2024-05-29,0.0,none,valid,无明显触发项,JD2409
JD|JD2503|2024-05-29,JD,JD2503,2024-05-29,0.0,none,valid,无明显触发项,JD2409
JD|JD2505|2024-05-29,JD,JD2505,2024-05-29,0.0,none,invalid_lifecycle_edge,样本状态=生命周期边界无效,JD2409
JD|JD2406|2024-05-30,JD,JD2406,2024-05-30,50.0,medium,valid,结构失真；目标合约流动性偏弱,JD2409
JD|JD2407|2024-05-30,JD,JD2407,2024-05-30,34.0,low,valid,结构失真,JD2409
JD|JD2502|2024-05-30,JD,JD2502,2024-05-30,32.0,low,valid,结构失真,JD2409
JD|JD2504|2024-05-30,JD,JD2504,2024-05-30,24.0,none,valid,结构失真,JD2409
JD|JD2408|2024-05-30,JD,JD2408,2024-05-30,0.0,none,valid,无明显触发项,JD2409
JD|JD2409|2024-05-30,JD,JD2409,2024-05-30,0.0,none,valid,无明显触发项,JD2409
JD|JD2410|2024-05-30,JD,JD2410,2024-05-30,0.0,none,valid,无明显触发项,JD2409
JD|JD2411|2024-05-30,JD,JD2411,2024-05-30,0.0,none,valid,无明显触发项,JD2409
JD|JD2412|2024-05-30,JD,JD2412,2024-05-30,0.0,none,valid,无明显触发项,JD2409
JD|JD2501|2024-05-30,JD,JD2501,2024-05-30,0.0,none,valid,无明显触发项,JD2409
JD|JD2503|2024-05-30,JD,JD2503,2024-05-30,0.0,none,valid,无明显触发项,JD2409
JD|JD2505|2024-05-30,JD,JD2505,2024-05-30,0.0,none,invalid_lifecycle_edge,样本状态=生命周期边界无效,JD2409
JD|JD2412|2024-05-31,JD,JD2412,2024-05-31,10.0,none,valid,无明显触发项,JD2409
JD|JD2406|2024-05-31,JD,JD2406,2024-05-31,0.0,none,valid,无明显触发项,JD2409
JD|JD2407|2024-05-31,JD,JD2407,2024-05-31,0.0,none,valid,无明显触发项,JD2409
JD|JD2408|2024-05-31,JD,JD2408,2024-05-31,0.0,none,valid,无明显触发项,JD2409
JD|JD2409|2024-05-31,JD,JD2409,2024-05-31,0.0,none,valid,无明显触发项,JD2409
JD|JD2410|2024-05-31,JD,JD2410,2024-05-31,0.0,none,valid,无明显触发项,JD2409
JD|JD2411|2024-05-31,JD,JD2411,2024-05-31,0.0,none,valid,无明显触发项,JD2409
JD|JD2501|2024-05-31,JD,JD2501,2024-05-31,0.0,none,valid,无明显触发项,JD2409
JD|JD2502|2024-05-31,JD,JD2502,2024-05-31,0.0,none,valid,无明显触发项,JD2409
JD|JD2503|2024-05-31,JD,JD2503,2024-05-31,0.0,none,valid,无明显触发项,JD2409
JD|JD2504|2024-05-31,JD,JD2504,2024-05-31,0.0,none,valid,无明显触发项,JD2409
JD|JD2505|2024-05-31,JD,JD2505,2024-05-31,0.0,none,invalid_lifecycle_edge,样本状态=生命周期边界无效,JD2409
JD|JD2406|2024-06-03,JD,JD2406,2024-06-03,0.0,none,valid,目标合约流动性偏弱,JD2409
JD|JD2407|2024-06-03,JD,JD2407,2024-06-03,0.0,none,valid,无明显触发项,JD2409
JD|JD2408|2024-06-03,JD,JD2408,2024-06-03,0.0,none,valid,无明显触发项,JD2409
JD|JD2409|2024-06-03,JD,JD2409,2024-06-03,0.0,none,valid,无明显触发项,JD2409
JD|JD2410|2024-06-03,JD,JD2410,2024-06-03,0.0,none,valid,无明显触发项,JD2409
JD|JD2411|2024-06-03,JD,JD2411,2024-06-03,0.0,none,valid,无明显触发项,JD2409
JD|JD2412|2024-06-03,JD,JD2412,2024-06-03,0.0,none,valid,无明显触发项,JD2409
JD|JD2501|2024-06-03,JD,JD2501,2024-06-03,0.0,none,valid,无明显触发项,JD2409
JD|JD2502|2024-06-03,JD,JD2502,2024-06-03,0.0,none,valid,无明显触发项,JD2409
JD|JD2503|2024-06-03,JD,JD2503,2024-06-03,0.0,none,valid,无明显触发项,JD2409
JD|JD2504|2024-06-03,JD,JD2504,2024-06-03,0.0,none,valid,无明显触发项,JD2409
JD|JD2505|2024-06-03,JD,JD2505,2024-06-03,0.0,none,invalid_lifecycle_edge,样本状态=生命周期边界无效,JD2409
JD|JD2410|2024-06-04,JD,JD2410,2024-06-04,12.0,none,valid,无明显触发项,JD2409
JD|JD2408|2024-06-04,JD,JD2408,2024-06-04,5.0,none,valid,无明显触发项,JD2409
JD|JD2406|2024-06-04,JD,JD2406,2024-06-04,0.0,none,valid,目标合约流动性偏弱,JD2409
JD|JD2407|2024-06-04,JD,JD2407,2024-06-04,0.0,none,valid,无明显触发项,JD2409
JD|JD2409|2024-06-04,JD,JD2409,2024-06-04,0.0,none,valid,无明显触发项,JD2409
JD|JD2411|2024-06-04,JD,JD2411,2024-06-04,0.0,none,valid,无明显触发项,JD2409
JD|JD2412|2024-06-04,JD,JD2412,2024-06-04,0.0,none,valid,无明显触发项,JD2409
JD|JD2501|2024-06-04,JD,JD2501,2024-06-04,0.0,none,valid,无明显触发项,JD2409
JD|JD2502|2024-06-04,JD,JD2502,2024-06-04,0.0,none,valid,无明显触发项,JD2409
JD|JD2503|2024-06-04,JD,JD2503,2024-06-04,0.0,none,valid,无明显触发项,JD2409
JD|JD2504|2024-06-04,JD,JD2504,2024-06-04,0.0,none,valid,无明显触发项,JD2409
JD|JD2505|2024-06-04,JD,JD2505,2024-06-04,0.0,none,invalid_lifecycle_edge,样本状态=生命周期边界无效,JD2409
JD|JD2411|2024-06-05,JD,JD2411,2024-06-05,24.0,none,valid,结构失真,JD2409
JD|JD2412|2024-06-05,JD,JD2412,2024-06-05,20.0,none,valid,结构失真,JD2409
JD|JD2406|2024-06-05,JD,JD2406,2024-06-05,0.0,none,valid,目标合约流动性偏弱,JD2409
JD|JD2407|2024-06-05,JD,JD2407,2024-06-05,0.0,none,valid,无明显触发项,JD2409
JD|JD2408|2024-06-05,JD,JD2408,2024-06-05,0.0,none,valid,无明显触发项,JD2409
JD|JD2409|2024-06-05,JD,JD2409,2024-06-05,0.0,none,valid,无明显触发项,JD2409
JD|JD2410|2024-06-05,JD,JD2410,2024-06-05,0.0,none,valid,无明显触发项,JD2409
JD|JD2501|2024-06-05,JD,JD2501,2024-06-05,0.0,none,valid,无明显触发项,JD2409
JD|JD2502|2024-06-05,JD,JD2502,2024-06-05,0.0,none,valid,无明显触发项,JD2409
JD|JD2503|2024-06-05,JD,JD2503,2024-06-05,0.0,none,valid,无明显触发项,JD2409
JD|JD2504|2024-06-05,JD,JD2504,2024-06-05,0.0,none,valid,无明显触发项,JD2409
JD|JD2505|2024-06-05,JD,JD2505,2024-06-05,0.0,none,invalid_lifecycle_edge,样本状态=生命周期边界无效,JD2409
JD|JD2504|2024-06-06,JD,JD2504,2024-06-06,45.0,low,valid,结构失真,JD2409
JD|JD2502|2024-06-06,JD,JD2502,2024-06-06,44.0,low,valid,结构失真,JD2409
JD|JD2503|2024-06-06,JD,JD2503,2024-06-06,44.0,low,valid,结构失真,JD2409
JD|JD2410|2024-06-06,JD,JD2410,2024-06-06,24.0,none,valid,结构失真,JD2409
JD|JD2406|2024-06-06,JD,JD2406,2024-06-06,0.0,none,valid,目标合约流动性偏弱,JD2409
JD|JD2407|2024-06-06,JD,JD2407,2024-06-06,0.0,none,valid,无明显触发项,JD2409
JD|JD2408|2024-06-06,JD,JD2408,2024-06-06,0.0,none,valid,无明显触发项,JD2409
JD|JD2409|2024-06-06,JD,JD2409,2024-06-06,0.0,none,valid,无明显触发项,JD2409
JD|JD2411|2024-06-06,JD,JD2411,2024-06-06,0.0,none,valid,无明显触发项,JD2409
JD|JD2412|2024-06-06,JD,JD2412,2024-06-06,0.0,none,valid,无明显触发项,JD2409
JD|JD2501|2024-06-06,JD,JD2501,2024-06-06,0.0,none,valid,无明显触发项,JD2409
JD|JD2505|2024-06-06,JD,JD2505,2024-06-06,0.0,none,invalid_lifecycle_edge,样本状态=生命周期边界无效,JD2409
JD|JD2412|2024-06-07,JD,JD2412,2024-06-07,60.0,medium,valid,结构失真,JD2409
JD|JD2408|2024-06-07,JD,JD2408,2024-06-07,20.0,none,valid,结构失真,JD2409
JD|JD2504|2024-06-07,JD,JD2504,2024-06-07,12.0,none,valid,无明显触发项,JD2409
JD|JD2502|2024-06-07,JD,JD2502,2024-06-07,10.0,none,valid,无明显触发项,JD2409
JD|JD2503|2024-06-07,JD,JD2503,2024-06-07,5.0,none,valid,无明显触发项,JD2409
JD|JD2406|2024-06-07,JD,JD2406,2024-06-07,0.0,none,valid,目标合约流动性偏弱,JD2409
JD|JD2407|2024-06-07,JD,JD2407,2024-06-07,0.0,none,valid,无明显触发项,JD2409
JD|JD2409|2024-06-07,JD,JD2409,2024-06-07,0.0,none,valid,无明显触发项,JD2409
JD|JD2410|2024-06-07,JD,JD2410,2024-06-07,0.0,none,valid,无明显触发项,JD2409
JD|JD2411|2024-06-07,JD,JD2411,2024-06-07,0.0,none,valid,无明显触发项,JD2409
JD|JD2501|2024-06-07,JD,JD2501,2024-06-07,0.0,none,valid,无明显触发项,JD2409
JD|JD2505|2024-06-07,JD,JD2505,2024-06-07,0.0,none,invalid_lifecycle_edge,样本状态=生命周期边界无效,JD2409
JD|JD2503|2024-06-11,JD,JD2503,2024-06-11,26.0,none,valid,振幅异常,JD2409
JD|JD2408|2024-06-11,JD,JD2408,2024-06-11,23.0,none,valid,结构失真,JD2409
JD|JD2412|2024-06-11,JD,JD2412,2024-06-11,20.0,none,valid,结构失真,JD2409
JD|JD2406|2024-06-11,JD,JD2406,2024-06-11,10.0,none,valid,振幅异常；目标合约流动性偏弱,JD2409
JD|JD2502|2024-06-11,JD,JD2502,2024-06-11,5.0,none,valid,无明显触发项,JD2409
JD|JD2407|2024-06-11,JD,JD2407,2024-06-11,0.0,none,valid,无明显触发项,JD2409
JD|JD2409|2024-06-11,JD,JD2409,2024-06-11,0.0,none,valid,无明显触发项,JD2409
JD|JD2410|2024-06-11,JD,JD2410,2024-06-11,0.0,none,valid,无明显触发项,JD2409
JD|JD2411|2024-06-11,JD,JD2411,2024-06-11,0.0,none,valid,无明显触发项,JD2409
JD|JD2501|2024-06-11,JD,JD2501,2024-06-11,0.0,none,valid,无明显触发项,JD2409
JD|JD2504|2024-06-11,JD,JD2504,2024-06-11,0.0,none,valid,无明显触发项,JD2409
JD|JD2505|2024-06-11,JD,JD2505,2024-06-11,0.0,none,invalid_insufficient_history,样本状态=历史样本不足,JD2409
JD|JD2408|2024-06-12,JD,JD2408,2024-06-12,17.0,none,valid,无明显触发项,JD2409
JD|JD2504|2024-06-12,JD,JD2504,2024-06-12,12.0,none,valid,无明显触发项,JD2409
JD|JD2406|2024-06-12,JD,JD2406,2024-06-12,0.0,none,valid,目标合约流动性偏弱,JD2409
JD|JD2407|2024-06-12,JD,JD2407,2024-06-12,0.0,none,valid,无明显触发项,JD2409
JD|JD2409|2024-06-12,JD,JD2409,2024-06-12,0.0,none,valid,无明显触发项,JD2409
JD|JD2410|2024-06-12,JD,JD2410,2024-06-12,0.0,none,valid,无明显触发项,JD2409
JD|JD2411|2024-06-12,JD,JD2411,2024-06-12,0.0,none,valid,无明显触发项,JD2409
JD|JD2412|2024-06-12,JD,JD2412,2024-06-12,0.0,none,valid,无明显触发项,JD2409
JD|JD2501|2024-06-12,JD,JD2501,2024-06-12,0.0,none,valid,无明显触发项,JD2409
JD|JD2502|2024-06-12,JD,JD2502,2024-06-12,0.0,none,valid,无明显触发项,JD2409
JD|JD2503|2024-06-12,JD,JD2503,2024-06-12,0.0,none,valid,无明显触发项,JD2409
JD|JD2505|2024-06-12,JD,JD2505,2024-06-12,0.0,none,invalid_insufficient_history,样本状态=历史样本不足,JD2409
JD|JD2408|2024-06-13,JD,JD2408,2024-06-13,60.0,medium,valid,结构失真,JD2409
JD|JD2412|2024-06-13,JD,JD2412,2024-06-13,60.0,medium,valid,结构失真,JD2409
JD|JD2502|2024-06-13,JD,JD2502,2024-06-13,60.0,medium,valid,结构失真,JD2409
JD|JD2503|2024-06-13,JD,JD2503,2024-06-13,60.0,medium,valid,结构失真,JD2409
JD|JD2411|2024-06-13,JD,JD2411,2024-06-13,40.0,low,valid,结构失真,JD2409
JD|JD2504|2024-06-13,JD,JD2504,2024-06-13,40.0,low,valid,结构失真,JD2409
JD|JD2407|2024-06-13,JD,JD2407,2024-06-13,17.0,none,valid,无明显触发项,JD2409
JD|JD2406|2024-06-13,JD,JD2406,2024-06-13,0.0,none,valid,目标合约流动性偏弱,JD2409
JD|JD2409|2024-06-13,JD,JD2409,2024-06-13,0.0,none,valid,无明显触发项,JD2409
JD|JD2410|2024-06-13,JD,JD2410,2024-06-13,0.0,none,valid,无明显触发项,JD2409
JD|JD2501|2024-06-13,JD,JD2501,2024-06-13,0.0,none,valid,无明显触发项,JD2409
JD|JD2505|2024-06-13,JD,JD2505,2024-06-13,0.0,none,invalid_insufficient_history,样本状态=历史样本不足,JD2409
JD|JD2502|2024-06-14,JD,JD2502,2024-06-14,60.0,medium,valid,结构失真,JD2409
JD|JD2504|2024-06-14,JD,JD2504,2024-06-14,60.0,medium,valid,结构失真,JD2409
JD|JD2503|2024-06-14,JD,JD2503,2024-06-14,50.0,medium,valid,结构失真；目标合约流动性偏弱,JD2409
JD|JD2407|2024-06-14,JD,JD2407,2024-06-14,40.0,low,valid,结构失真,JD2409
JD|JD2408|2024-06-14,JD,JD2408,2024-06-14,24.0,none,valid,结构失真,JD2409
JD|JD2410|2024-06-14,JD,JD2410,2024-06-14,12.0,none,valid,无明显触发项,JD2409
JD|JD2406|2024-06-14,JD,JD2406,2024-06-14,0.0,none,valid,目标合约流动性偏弱,JD2409
JD|JD2409|2024-06-14,JD,JD2409,2024-06-14,0.0,none,valid,无明显触发项,JD2409
JD|JD2411|2024-06-14,JD,JD2411,2024-06-14,0.0,none,valid,无明显触发项,JD2409
JD|JD2412|2024-06-14,JD,JD2412,2024-06-14,0.0,none,valid,无明显触发项,JD2409
JD|JD2501|2024-06-14,JD,JD2501,2024-06-14,0.0,none,valid,无明显触发项,JD2409
JD|JD2505|2024-06-14,JD,JD2505,2024-06-14,0.0,none,invalid_insufficient_history,样本状态=历史样本不足,JD2409
JD|JD2412|2024-06-17,JD,JD2412,2024-06-17,21.0,none,valid,振幅异常,JD2409
JD|JD2409|2024-06-17,JD,JD2409,2024-06-17,20.0,none,valid,振幅异常,JD2409
JD|JD2410|2024-06-17,JD,JD2410,2024-06-17,20.0,none,valid,振幅异常,JD2409
JD|JD2411|2024-06-17,JD,JD2411,2024-06-17,20.0,none,valid,振幅异常,JD2409
JD|JD2501|2024-06-17,JD,JD2501,2024-06-17,20.0,none,valid,振幅异常,JD2409
JD|JD2503|2024-06-17,JD,JD2503,2024-06-17,20.0,none,valid,振幅异常,JD2409
JD|JD2504|2024-06-17,JD,JD2504,2024-06-17,13.0,none,valid,振幅异常,JD2409
JD|JD2502|2024-06-17,JD,JD2502,2024-06-17,12.0,none,valid,振幅异常,JD2409
JD|JD2408|2024-06-17,JD,JD2408,2024-06-17,7.0,none,valid,无明显触发项,JD2409
JD|JD2407|2024-06-17,JD,JD2407,2024-06-17,3.0,none,valid,无明显触发项,JD2409
JD|JD2406|2024-06-17,JD,JD2406,2024-06-17,0.0,none,invalid_lifecycle_edge,样本状态=生命周期边界无效,JD2409
JD|JD2505|2024-06-17,JD,JD2505,2024-06-17,0.0,none,invalid_insufficient_history,样本状态=历史样本不足,JD2409
JD|JD2411|2024-06-18,JD,JD2411,2024-06-18,12.0,none,valid,无明显触发项,JD2409
JD|JD2502|2024-06-18,JD,JD2502,2024-06-18,12.0,none,valid,振幅异常,JD2409
JD|JD2504|2024-06-18,JD,JD2504,2024-06-18,12.0,none,valid,无明显触发项,JD2409
JD|JD2503|2024-06-18,JD,JD2503,2024-06-18,7.0,none,valid,无明显触发项,JD2409
JD|JD2406|2024-06-18,JD,JD2406,2024-06-18,0.0,none,invalid_lifecycle_edge,样本状态=生命周期边界无效,JD2409
JD|JD2407|2024-06-18,JD,JD2407,2024-06-18,0.0,none,valid,无明显触发项,JD2409
JD|JD2408|2024-06-18,JD,JD2408,2024-06-18,0.0,none,valid,无明显触发项,JD2409
JD|JD2409|2024-06-18,JD,JD2409,2024-06-18,0.0,none,valid,无明显触发项,JD2409
JD|JD2410|2024-06-18,JD,JD2410,2024-06-18,0.0,none,valid,无明显触发项,JD2409
JD|JD2412|2024-06-18,JD,JD2412,2024-06-18,0.0,none,valid,无明显触发项,JD2409
JD|JD2501|2024-06-18,JD,JD2501,2024-06-18,0.0,none,valid,无明显触发项,JD2409
JD|JD2505|2024-06-18,JD,JD2505,2024-06-18,0.0,none,invalid_insufficient_history,样本状态=历史样本不足,JD2409
JD|JD2412|2024-06-19,JD,JD2412,2024-06-19,60.0,medium,valid,结构失真,JD2409
JD|JD2411|2024-06-19,JD,JD2411,2024-06-19,24.0,none,valid,结构失真,JD2409
JD|JD2502|2024-06-19,JD,JD2502,2024-06-19,20.0,none,valid,振幅异常,JD2409
JD|JD2504|2024-06-19,JD,JD2504,2024-06-19,20.0,none,valid,振幅异常,JD2409
JD|JD2501|2024-06-19,JD,JD2501,2024-06-19,13.0,none,valid,振幅异常,JD2409
JD|JD2503|2024-06-19,JD,JD2503,2024-06-19,13.0,none,valid,振幅异常,JD2409
JD|JD2406|2024-06-19,JD,JD2406,2024-06-19,0.0,none,invalid_lifecycle_edge,样本状态=生命周期边界无效,JD2409
JD|JD2407|2024-06-19,JD,JD2407,2024-06-19,0.0,none,valid,无明显触发项,JD2409
JD|JD2408|2024-06-19,JD,JD2408,2024-06-19,0.0,none,valid,无明显触发项,JD2409
JD|JD2409|2024-06-19,JD,JD2409,2024-06-19,0.0,none,valid,无明显触发项,JD2409
JD|JD2410|2024-06-19,JD,JD2410,2024-06-19,0.0,none,valid,无明显触发项,JD2409
JD|JD2505|2024-06-19,JD,JD2505,2024-06-19,0.0,none,invalid_insufficient_history,样本状态=历史样本不足,JD2409
JD|JD2408|2024-06-20,JD,JD2408,2024-06-20,60.0,medium,valid,结构失真,JD2409
JD|JD2412|2024-06-20,JD,JD2412,2024-06-20,50.0,medium,valid,结构失真,JD2409
JD|JD2411|2024-06-20,JD,JD2411,2024-06-20,40.0,low,valid,结构失真,JD2409
JD|JD2502|2024-06-20,JD,JD2502,2024-06-20,12.0,none,valid,无明显触发项,JD2409
JD|JD2503|2024-06-20,JD,JD2503,2024-06-20,12.0,none,valid,无明显触发项,JD2409
JD|JD2504|2024-06-20,JD,JD2504,2024-06-20,12.0,none,valid,无明显触发项,JD2409
JD|JD2407|2024-06-20,JD,JD2407,2024-06-20,0.0,none,valid,无明显触发项,JD2409
JD|JD2409|2024-06-20,JD,JD2409,2024-06-20,0.0,none,valid,无明显触发项,JD2409
JD|JD2410|2024-06-20,JD,JD2410,2024-06-20,0.0,none,valid,无明显触发项,JD2409
JD|JD2501|2024-06-20,JD,JD2501,2024-06-20,0.0,none,valid,无明显触发项,JD2409
JD|JD2505|2024-06-20,JD,JD2505,2024-06-20,0.0,none,invalid_insufficient_history,样本状态=历史样本不足,JD2409
JD|JD2501|2024-06-21,JD,JD2501,2024-06-21,3.0,none,valid,无明显触发项,JD2409
JD|JD2406|2024-06-21,JD,JD2406,2024-06-21,0.0,none,invalid_lifecycle_edge,样本状态=生命周期边界无效,JD2409
JD|JD2407|2024-06-21,JD,JD2407,2024-06-21,0.0,none,valid,无明显触发项,JD2409
JD|JD2408|2024-06-21,JD,JD2408,2024-06-21,0.0,none,valid,无明显触发项,JD2409
JD|JD2409|2024-06-21,JD,JD2409,2024-06-21,0.0,none,valid,无明显触发项,JD2409
JD|JD2410|2024-06-21,JD,JD2410,2024-06-21,0.0,none,valid,无明显触发项,JD2409
JD|JD2411|2024-06-21,JD,JD2411,2024-06-21,0.0,none,valid,无明显触发项,JD2409
JD|JD2412|2024-06-21,JD,JD2412,2024-06-21,0.0,none,valid,无明显触发项,JD2409
JD|JD2502|2024-06-21,JD,JD2502,2024-06-21,0.0,none,valid,无明显触发项,JD2409
JD|JD2503|2024-06-21,JD,JD2503,2024-06-21,0.0,none,valid,无明显触发项,JD2409
JD|JD2504|2024-06-21,JD,JD2504,2024-06-21,0.0,none,valid,无明显触发项,JD2409
JD|JD2505|2024-06-21,JD,JD2505,2024-06-21,0.0,none,invalid_insufficient_history,样本状态=历史样本不足,JD2409
JD|JD2501|2024-06-24,JD,JD2501,2024-06-24,9.0,none,valid,振幅异常,JD2409
JD|JD2504|2024-06-24,JD,JD2504,2024-06-24,9.0,none,valid,振幅异常,JD2409
JD|JD2409|2024-06-24,JD,JD2409,2024-06-24,5.0,none,valid,无明显触发项,JD2409
JD|JD2406|2024-06-24,JD,JD2406,2024-06-24,0.0,none,invalid_lifecycle_edge,样本状态=生命周期边界无效,JD2409
JD|JD2407|2024-06-24,JD,JD2407,2024-06-24,0.0,none,valid,无明显触发项,JD2409
JD|JD2408|2024-06-24,JD,JD2408,2024-06-24,0.0,none,valid,无明显触发项,JD2409
JD|JD2410|2024-06-24,JD,JD2410,2024-06-24,0.0,none,valid,无明显触发项,JD2409
JD|JD2411|2024-06-24,JD,JD2411,2024-06-24,0.0,none,valid,无明显触发项,JD2409
JD|JD2412|2024-06-24,JD,JD2412,2024-06-24,0.0,none,valid,无明显触发项,JD2409
JD|JD2502|2024-06-24,JD,JD2502,2024-06-24,0.0,none,valid,无明显触发项,JD2409
JD|JD2503|2024-06-24,JD,JD2503,2024-06-24,0.0,none,valid,无明显触发项,JD2409
JD|JD2505|2024-06-24,JD,JD2505,2024-06-24,0.0,none,invalid_insufficient_history,样本状态=历史样本不足,JD2409
JD|JD2411|2024-06-25,JD,JD2411,2024-06-25,40.0,low,valid,结构失真,JD2409
JD|JD2412|2024-06-25,JD,JD2412,2024-06-25,40.0,low,valid,结构失真,JD2409
JD|JD2505|2024-06-25,JD,JD2505,2024-06-25,40.0,low,valid,结构失真,JD2409
JD|JD2502|2024-06-25,JD,JD2502,2024-06-25,34.0,low,valid,结构失真,JD2409
JD|JD2503|2024-06-25,JD,JD2503,2024-06-25,34.0,low,valid,结构失真,JD2409
JD|JD2504|2024-06-25,JD,JD2504,2024-06-25,24.0,none,valid,结构失真,JD2409
JD|JD2408|2024-06-25,JD,JD2408,2024-06-25,12.0,none,valid,无明显触发项,JD2409
JD|JD2406|2024-06-25,JD,JD2406,2024-06-25,0.0,none,invalid_lifecycle_edge,样本状态=生命周期边界无效,JD2409
JD|JD2407|2024-06-25,JD,JD2407,2024-06-25,0.0,none,valid,无明显触发项,JD2409
JD|JD2409|2024-06-25,JD,JD2409,2024-06-25,0.0,none,valid,无明显触发项,JD2409
JD|JD2410|2024-06-25,JD,JD2410,2024-06-25,0.0,none,valid,无明显触发项,JD2409
JD|JD2501|2024-06-25,JD,JD2501,2024-06-25,0.0,none,valid,无明显触发项,JD2409
JD|JD2505|2024-06-26,JD,JD2505,2024-06-26,40.0,low,valid,结构失真,JD2409
JD|JD2408|2024-06-26,JD,JD2408,2024-06-26,25.0,none,valid,振幅异常,JD2409
JD|JD2407|2024-06-26,JD,JD2407,2024-06-26,4.0,none,valid,无明显触发项,JD2409
JD|JD2409|2024-06-26,JD,JD2409,2024-06-26,0.0,none,valid,无明显触发项,JD2409
JD|JD2410|2024-06-26,JD,JD2410,2024-06-26,0.0,none,valid,无明显触发项,JD2409
JD|JD2411|2024-06-26,JD,JD2411,2024-06-26,0.0,none,valid,无明显触发项,JD2409
JD|JD2412|2024-06-26,JD,JD2412,2024-06-26,0.0,none,valid,无明显触发项,JD2409
JD|JD2501|2024-06-26,JD,JD2501,2024-06-26,0.0,none,valid,无明显触发项,JD2409
JD|JD2502|2024-06-26,JD,JD2502,2024-06-26,0.0,none,valid,无明显触发项,JD2409
JD|JD2503|2024-06-26,JD,JD2503,2024-06-26,0.0,none,valid,无明显触发项,JD2409
JD|JD2504|2024-06-26,JD,JD2504,2024-06-26,0.0,none,valid,无明显触发项,JD2409
JD|JD2506|2024-06-26,JD,JD2506,2024-06-26,0.0,none,invalid_lifecycle_edge,样本状态=生命周期边界无效,JD2409
JD|JD2505|2024-06-27,JD,JD2505,2024-06-27,40.0,low,valid,结构失真,JD2409
JD|JD2407|2024-06-27,JD,JD2407,2024-06-27,0.0,none,valid,无明显触发项,JD2409
JD|JD2408|2024-06-27,JD,JD2408,2024-06-27,0.0,none,valid,无明显触发项,JD2409
JD|JD2409|2024-06-27,JD,JD2409,2024-06-27,0.0,none,valid,无明显触发项,JD2409
JD|JD2410|2024-06-27,JD,JD2410,2024-06-27,0.0,none,valid,无明显触发项,JD2409
JD|JD2411|2024-06-27,JD,JD2411,2024-06-27,0.0,none,valid,无明显触发项,JD2409
JD|JD2412|2024-06-27,JD,JD2412,2024-06-27,0.0,none,valid,无明显触发项,JD2409
JD|JD2501|2024-06-27,JD,JD2501,2024-06-27,0.0,none,valid,无明显触发项,JD2409
JD|JD2502|2024-06-27,JD,JD2502,2024-06-27,0.0,none,valid,无明显触发项,JD2409
JD|JD2503|2024-06-27,JD,JD2503,2024-06-27,0.0,none,valid,无明显触发项,JD2409
JD|JD2504|2024-06-27,JD,JD2504,2024-06-27,0.0,none,valid,无明显触发项,JD2409
JD|JD2506|2024-06-27,JD,JD2506,2024-06-27,0.0,none,invalid_lifecycle_edge,样本状态=生命周期边界无效,JD2409
JD|JD2408|2024-06-28,JD,JD2408,2024-06-28,60.0,medium,valid,结构失真,JD2409
JD|JD2501|2024-06-28,JD,JD2501,2024-06-28,40.0,low,valid,结构失真,JD2409
JD|JD2505|2024-06-28,JD,JD2505,2024-06-28,40.0,low,valid,结构失真,JD2409
JD|JD2409|2024-06-28,JD,JD2409,2024-06-28,24.0,none,valid,结构失真,JD2409
JD|JD2503|2024-06-28,JD,JD2503,2024-06-28,12.0,none,valid,无明显触发项,JD2409
JD|JD2504|2024-06-28,JD,JD2504,2024-06-28,12.0,none,valid,无明显触发项,JD2409
JD|JD2407|2024-06-28,JD,JD2407,2024-06-28,0.0,none,valid,无明显触发项,JD2409
JD|JD2410|2024-06-28,JD,JD2410,2024-06-28,0.0,none,valid,无明显触发项,JD2409
JD|JD2411|2024-06-28,JD,JD2411,2024-06-28,0.0,none,valid,无明显触发项,JD2409
JD|JD2412|2024-06-28,JD,JD2412,2024-06-28,0.0,none,valid,无明显触发项,JD2409
JD|JD2502|2024-06-28,JD,JD2502,2024-06-28,0.0,none,valid,无明显触发项,JD2409
JD|JD2506|2024-06-28,JD,JD2506,2024-06-28,0.0,none,invalid_lifecycle_edge,样本状态=生命周期边界无效,JD2409
JD|JD2504|2024-07-01,JD,JD2504,2024-07-01,50.0,medium,valid,结构失真,JD2409
JD|JD2505|2024-07-01,JD,JD2505,2024-07-01,45.0,low,valid,结构失真,JD2409
JD|JD2408|2024-07-01,JD,JD2408,2024-07-01,40.0,low,valid,振幅异常；结构失真,JD2409
JD|JD2410|2024-07-01,JD,JD2410,2024-07-01,40.0,low,valid,结构失真,JD2409
JD|JD2501|2024-07-01,JD,JD2501,2024-07-01,40.0,low,valid,结构失真,JD2409
JD|JD2503|2024-07-01,JD,JD2503,2024-07-01,40.0,low,valid,结构失真,JD2409
JD|JD2502|2024-07-01,JD,JD2502,2024-07-01,32.0,low,valid,振幅异常；结构失真,JD2409
JD|JD2407|2024-07-01,JD,JD2407,2024-07-01,10.0,none,valid,振幅异常；目标合约流动性偏弱,JD2409
JD|JD2409|2024-07-01,JD,JD2409,2024-07-01,0.0,none,valid,无明显触发项,JD2409
JD|JD2411|2024-07-01,JD,JD2411,2024-07-01,0.0,none,valid,无明显触发项,JD2409
JD|JD2412|2024-07-01,JD,JD2412,2024-07-01,0.0,none,valid,无明显触发项,JD2409
JD|JD2506|2024-07-01,JD,JD2506,2024-07-01,0.0,none,invalid_lifecycle_edge,样本状态=生命周期边界无效,JD2409
JD|JD2505|2024-07-02,JD,JD2505,2024-07-02,60.0,medium,valid,结构失真,JD2409
JD|JD2504|2024-07-02,JD,JD2504,2024-07-02,32.0,low,valid,结构失真,JD2409
JD|JD2410|2024-07-02,JD,JD2410,2024-07-02,28.0,none,valid,结构失真,JD2409
JD|JD2501|2024-07-02,JD,JD2501,2024-07-02,12.0,none,valid,无明显触发项,JD2409
JD|JD2411|2024-07-02,JD,JD2411,2024-07-02,4.0,none,valid,无明显触发项,JD2409
JD|JD2407|2024-07-02,JD,JD2407,2024-07-02,0.0,none,valid,目标合约流动性偏弱,JD2409
JD|JD2408|2024-07-02,JD,JD2408,2024-07-02,0.0,none,valid,无明显触发项,JD2409
JD|JD2409|2024-07-02,JD,JD2409,2024-07-02,0.0,none,valid,无明显触发项,JD2409
JD|JD2412|2024-07-02,JD,JD2412,2024-07-02,0.0,none,valid,无明显触发项,JD2409
JD|JD2502|2024-07-02,JD,JD2502,2024-07-02,0.0,none,valid,无明显触发项,JD2409
JD|JD2503|2024-07-02,JD,JD2503,2024-07-02,0.0,none,valid,无明显触发项,JD2409
JD|JD2506|2024-07-02,JD,JD2506,2024-07-02,0.0,none,invalid_lifecycle_edge,样本状态=生命周期边界无效,JD2409
JD|JD2502|2024-07-03,JD,JD2502,2024-07-03,80.0,high,valid,振幅异常；结构失真,JD2409
JD|JD2408|2024-07-03,JD,JD2408,2024-07-03,60.0,medium,valid,结构失真,JD2409
JD|JD2503|2024-07-03,JD,JD2503,2024-07-03,60.0,medium,valid,结构失真,JD2409
JD|JD2504|2024-07-03,JD,JD2504,2024-07-03,60.0,medium,valid,结构失真,JD2409
JD|JD2505|2024-07-03,JD,JD2505,2024-07-03,60.0,medium,valid,结构失真,JD2409
JD|JD2409|2024-07-03,JD,JD2409,2024-07-03,40.0,low,valid,结构失真,JD2409
JD|JD2410|2024-07-03,JD,JD2410,2024-07-03,40.0,low,valid,结构失真,JD2409
JD|JD2501|2024-07-03,JD,JD2501,2024-07-03,40.0,low,valid,结构失真,JD2409
JD|JD2407|2024-07-03,JD,JD2407,2024-07-03,0.0,none,valid,目标合约流动性偏弱,JD2409
JD|JD2411|2024-07-03,JD,JD2411,2024-07-03,0.0,none,valid,无明显触发项,JD2409
JD|JD2412|2024-07-03,JD,JD2412,2024-07-03,0.0,none,valid,无明显触发项,JD2409
JD|JD2506|2024-07-03,JD,JD2506,2024-07-03,0.0,none,invalid_lifecycle_edge,样本状态=生命周期边界无效,JD2409
JD|JD2505|2024-07-04,JD,JD2505,2024-07-04,60.0,medium,valid,结构失真,JD2409
JD|JD2504|2024-07-04,JD,JD2504,2024-07-04,22.0,none,valid,结构失真,JD2409
JD|JD2412|2024-07-04,JD,JD2412,2024-07-04,17.0,none,valid,振幅异常,JD2409
JD|JD2501|2024-07-04,JD,JD2501,2024-07-04,12.0,none,valid,无明显触发项,JD2409
JD|JD2503|2024-07-04,JD,JD2503,2024-07-04,5.0,none,valid,无明显触发项,JD2409
JD|JD2407|2024-07-04,JD,JD2407,2024-07-04,0.0,none,valid,目标合约流动性偏弱,JD2409
JD|JD2408|2024-07-04,JD,JD2408,2024-07-04,0.0,none,valid,无明显触发项,JD2409
JD|JD2409|2024-07-04,JD,JD2409,2024-07-04,0.0,none,valid,无明显触发项,JD2409
JD|JD2410|2024-07-04,JD,JD2410,2024-07-04,0.0,none,valid,无明显触发项,JD2409
JD|JD2411|2024-07-04,JD,JD2411,2024-07-04,0.0,none,valid,无明显触发项,JD2409
JD|JD2502|2024-07-04,JD,JD2502,2024-07-04,0.0,none,valid,无明显触发项,JD2409
JD|JD2506|2024-07-04,JD,JD2506,2024-07-04,0.0,none,invalid_lifecycle_edge,样本状态=生命周期边界无效,JD2409
JD|JD2505|2024-07-05,JD,JD2505,2024-07-05,60.0,medium,valid,结构失真,JD2409
JD|JD2502|2024-07-05,JD,JD2502,2024-07-05,44.0,low,valid,结构失真,JD2409
JD|JD2503|2024-07-05,JD,JD2503,2024-07-05,44.0,low,valid,结构失真,JD2409
JD|JD2504|2024-07-05,JD,JD2504,2024-07-05,44.0,low,valid,结构失真,JD2409
JD|JD2411|2024-07-05,JD,JD2411,2024-07-05,15.0,none,valid,振幅异常,JD2409
JD|JD2412|2024-07-05,JD,JD2412,2024-07-05,9.0,none,valid,振幅异常,JD2409
JD|JD2407|2024-07-05,JD,JD2407,2024-07-05,0.0,none,valid,目标合约流动性偏弱,JD2409
JD|JD2408|2024-07-05,JD,JD2408,2024-07-05,0.0,none,valid,无明显触发项,JD2409
JD|JD2409|2024-07-05,JD,JD2409,2024-07-05,0.0,none,valid,无明显触发项,JD2409
JD|JD2410|2024-07-05,JD,JD2410,2024-07-05,0.0,none,valid,无明显触发项,JD2409
JD|JD2501|2024-07-05,JD,JD2501,2024-07-05,0.0,none,valid,无明显触发项,JD2409
JD|JD2506|2024-07-05,JD,JD2506,2024-07-05,0.0,none,invalid_lifecycle_edge,样本状态=生命周期边界无效,JD2409
JD|JD2505|2024-07-08,JD,JD2505,2024-07-08,50.0,medium,valid,结构失真,JD2409
JD|JD2410|2024-07-08,JD,JD2410,2024-07-08,20.0,none,valid,振幅异常,JD2409
JD|JD2411|2024-07-08,JD,JD2411,2024-07-08,20.0,none,valid,振幅异常,JD2409
JD|JD2412|2024-07-08,JD,JD2412,2024-07-08,20.0,none,valid,振幅异常,JD2409
JD|JD2501|2024-07-08,JD,JD2501,2024-07-08,20.0,none,valid,振幅异常,JD2409
JD|JD2503|2024-07-08,JD,JD2503,2024-07-08,20.0,none,valid,振幅异常,JD2409
JD|JD2409|2024-07-08,JD,JD2409,2024-07-08,13.0,none,valid,振幅异常,JD2409
JD|JD2502|2024-07-08,JD,JD2502,2024-07-08,13.0,none,valid,振幅异常,JD2409
JD|JD2407|2024-07-08,JD,JD2407,2024-07-08,0.0,none,valid,目标合约流动性偏弱,JD2409
JD|JD2408|2024-07-08,JD,JD2408,2024-07-08,0.0,none,valid,无明显触发项,JD2409
JD|JD2504|2024-07-08,JD,JD2504,2024-07-08,0.0,none,valid,无明显触发项,JD2409
JD|JD2506|2024-07-08,JD,JD2506,2024-07-08,0.0,none,invalid_insufficient_history,样本状态=历史样本不足,JD2409
JD|JD2411|2024-07-09,JD,JD2411,2024-07-09,8.0,none,valid,振幅异常,JD2409
JD|JD2412|2024-07-09,JD,JD2412,2024-07-09,8.0,none,valid,振幅异常,JD2409
JD|JD2409|2024-07-09,JD,JD2409,2024-07-09,4.0,none,valid,无明显触发项,JD2409
JD|JD2410|2024-07-09,JD,JD2410,2024-07-09,4.0,none,valid,无明显触发项,JD2409
JD|JD2407|2024-07-09,JD,JD2407,2024-07-09,0.0,none,valid,目标合约流动性偏弱,JD2409
JD|JD2408|2024-07-09,JD,JD2408,2024-07-09,0.0,none,valid,无明显触发项,JD2409
JD|JD2501|2024-07-09,JD,JD2501,2024-07-09,0.0,none,valid,无明显触发项,JD2409
JD|JD2502|2024-07-09,JD,JD2502,2024-07-09,0.0,none,valid,无明显触发项,JD2409
JD|JD2503|2024-07-09,JD,JD2503,2024-07-09,0.0,none,valid,无明显触发项,JD2409
JD|JD2504|2024-07-09,JD,JD2504,2024-07-09,0.0,none,valid,无明显触发项,JD2409
JD|JD2505|2024-07-09,JD,JD2505,2024-07-09,0.0,none,valid,无明显触发项,JD2409
JD|JD2506|2024-07-09,JD,JD2506,2024-07-09,0.0,none,invalid_insufficient_history,样本状态=历史样本不足,JD2409
JD|JD2501|2024-07-10,JD,JD2501,2024-07-10,20.0,none,valid,振幅异常,JD2409
JD|JD2502|2024-07-10,JD,JD2502,2024-07-10,20.0,none,valid,振幅异常,JD2409
JD|JD2503|2024-07-10,JD,JD2503,2024-07-10,20.0,none,valid,振幅异常,JD2409
JD|JD2504|2024-07-10,JD,JD2504,2024-07-10,20.0,none,valid,振幅异常,JD2409
JD|JD2505|2024-07-10,JD,JD2505,2024-07-10,20.0,none,valid,振幅异常,JD2409
JD|JD2412|2024-07-10,JD,JD2412,2024-07-10,13.0,none,valid,振幅异常,JD2409
JD|JD2411|2024-07-10,JD,JD2411,2024-07-10,8.0,none,valid,振幅异常,JD2409
JD|JD2410|2024-07-10,JD,JD2410,2024-07-10,7.0,none,valid,无明显触发项,JD2409
JD|JD2407|2024-07-10,JD,JD2407,2024-07-10,0.0,none,valid,目标合约流动性偏弱,JD2409
JD|JD2408|2024-07-10,JD,JD2408,2024-07-10,0.0,none,valid,无明显触发项,JD2409
JD|JD2409|2024-07-10,JD,JD2409,2024-07-10,0.0,none,valid,无明显触发项,JD2409
JD|JD2506|2024-07-10,JD,JD2506,2024-07-10,0.0,none,invalid_insufficient_history,样本状态=历史样本不足,JD2409
JD|JD2501|2024-07-11,JD,JD2501,2024-07-11,31.0,low,valid,结构失真,JD2409
JD|JD2412|2024-07-11,JD,JD2412,2024-07-11,20.0,none,valid,振幅异常,JD2409
JD|JD2504|2024-07-11,JD,JD2504,2024-07-11,20.0,none,valid,振幅异常,JD2409
JD|JD2502|2024-07-11,JD,JD2502,2024-07-11,16.0,none,valid,振幅异常,JD2409
JD|JD2503|2024-07-11,JD,JD2503,2024-07-11,16.0,none,valid,振幅异常,JD2409
JD|JD2411|2024-07-11,JD,JD2411,2024-07-11,13.0,none,valid,振幅异常,JD2409
JD|JD2505|2024-07-11,JD,JD2505,2024-07-11,9.0,none,valid,振幅异常,JD2409
JD|JD2409|2024-07-11,JD,JD2409,2024-07-11,7.0,none,valid,无明显触发项,JD2409
JD|JD2407|2024-07-11,JD,JD2407,2024-07-11,0.0,none,valid,目标合约流动性偏弱,JD2409
JD|JD2408|2024-07-11,JD,JD2408,2024-07-11,0.0,none,valid,无明显触发项,JD2409
JD|JD2410|2024-07-11,JD,JD2410,2024-07-11,0.0,none,valid,无明显触发项,JD2409
JD|JD2506|2024-07-11,JD,JD2506,2024-07-11,0.0,none,invalid_insufficient_history,样本状态=历史样本不足,JD2409
JD|JD2407|2024-07-12,JD,JD2407,2024-07-12,0.0,none,valid,目标合约流动性偏弱,JD2409
JD|JD2408|2024-07-12,JD,JD2408,2024-07-12,0.0,none,valid,无明显触发项,JD2409
JD|JD2409|2024-07-12,JD,JD2409,2024-07-12,0.0,none,valid,无明显触发项,JD2409
JD|JD2410|2024-07-12,JD,JD2410,2024-07-12,0.0,none,valid,无明显触发项,JD2409
JD|JD2411|2024-07-12,JD,JD2411,2024-07-12,0.0,none,valid,无明显触发项,JD2409
JD|JD2412|2024-07-12,JD,JD2412,2024-07-12,0.0,none,valid,无明显触发项,JD2409
JD|JD2501|2024-07-12,JD,JD2501,2024-07-12,0.0,none,valid,无明显触发项,JD2409
JD|JD2502|2024-07-12,JD,JD2502,2024-07-12,0.0,none,valid,无明显触发项,JD2409
JD|JD2503|2024-07-12,JD,JD2503,2024-07-12,0.0,none,valid,无明显触发项,JD2409
JD|JD2504|2024-07-12,JD,JD2504,2024-07-12,0.0,none,valid,无明显触发项,JD2409
JD|JD2505|2024-07-12,JD,JD2505,2024-07-12,0.0,none,valid,无明显触发项,JD2409
JD|JD2506|2024-07-12,JD,JD2506,2024-07-12,0.0,none,invalid_insufficient_history,样本状态=历史样本不足,JD2409
JD|JD2409|2024-07-15,JD,JD2409,2024-07-15,9.0,none,valid,振幅异常,JD2409
JD|JD2408|2024-07-15,JD,JD2408,2024-07-15,0.0,none,valid,无明显触发项,JD2409
JD|JD2410|2024-07-15,JD,JD2410,2024-07-15,0.0,none,valid,无明显触发项,JD2409
JD|JD2411|2024-07-15,JD,JD2411,2024-07-15,0.0,none,valid,无明显触发项,JD2409
JD|JD2412|2024-07-15,JD,JD2412,2024-07-15,0.0,none,valid,无明显触发项,JD2409
JD|JD2501|2024-07-15,JD,JD2501,2024-07-15,0.0,none,valid,无明显触发项,JD2409
JD|JD2502|2024-07-15,JD,JD2502,2024-07-15,0.0,none,valid,无明显触发项,JD2409
JD|JD2503|2024-07-15,JD,JD2503,2024-07-15,0.0,none,valid,无明显触发项,JD2409
JD|JD2504|2024-07-15,JD,JD2504,2024-07-15,0.0,none,valid,无明显触发项,JD2409
JD|JD2505|2024-07-15,JD,JD2505,2024-07-15,0.0,none,valid,无明显触发项,JD2409
JD|JD2506|2024-07-15,JD,JD2506,2024-07-15,0.0,none,invalid_insufficient_history,样本状态=历史样本不足,JD2409
JD|JD2410|2024-07-16,JD,JD2410,2024-07-16,16.0,none,valid,振幅异常,JD2409
JD|JD2409|2024-07-16,JD,JD2409,2024-07-16,7.0,none,valid,无明显触发项,JD2409
JD|JD2411|2024-07-16,JD,JD2411,2024-07-16,5.0,none,valid,无明显触发项,JD2409
JD|JD2412|2024-07-16,JD,JD2412,2024-07-16,3.0,none,valid,无明显触发项,JD2409
JD|JD2408|2024-07-16,JD,JD2408,2024-07-16,0.0,none,valid,无明显触发项,JD2409
JD|JD2501|2024-07-16,JD,JD2501,2024-07-16,0.0,none,valid,无明显触发项,JD2409
JD|JD2502|2024-07-16,JD,JD2502,2024-07-16,0.0,none,valid,无明显触发项,JD2409
JD|JD2503|2024-07-16,JD,JD2503,2024-07-16,0.0,none,valid,无明显触发项,JD2409
JD|JD2504|2024-07-16,JD,JD2504,2024-07-16,0.0,none,valid,无明显触发项,JD2409
JD|JD2505|2024-07-16,JD,JD2505,2024-07-16,0.0,none,valid,无明显触发项,JD2409
JD|JD2506|2024-07-16,JD,JD2506,2024-07-16,0.0,none,invalid_insufficient_history,样本状态=历史样本不足,JD2409
JD|JD2502|2024-07-17,JD,JD2502,2024-07-17,50.0,medium,valid,结构失真,JD2409
JD|JD2503|2024-07-17,JD,JD2503,2024-07-17,50.0,medium,valid,结构失真,JD2409
JD|JD2504|2024-07-17,JD,JD2504,2024-07-17,45.0,low,valid,结构失真,JD2409
JD|JD2409|2024-07-17,JD,JD2409,2024-07-17,40.0,low,valid,结构失真,JD2409
JD|JD2505|2024-07-17,JD,JD2505,2024-07-17,40.0,low,valid,结构失真,JD2409
JD|JD2408|2024-07-17,JD,JD2408,2024-07-17,34.0,low,valid,结构失真,JD2409
JD|JD2410|2024-07-17,JD,JD2410,2024-07-17,24.0,none,valid,结构失真,JD2409
JD|JD2501|2024-07-17,JD,JD2501,2024-07-17,24.0,none,valid,结构失真,JD2409
JD|JD2411|2024-07-17,JD,JD2411,2024-07-17,0.0,none,valid,无明显触发项,JD2409
JD|JD2412|2024-07-17,JD,JD2412,2024-07-17,0.0,none,valid,无明显触发项,JD2409
JD|JD2506|2024-07-17,JD,JD2506,2024-07-17,0.0,none,invalid_insufficient_history,样本状态=历史样本不足,JD2409
JD|JD2501|2024-07-18,JD,JD2501,2024-07-18,24.0,none,valid,结构失真,JD2409
JD|JD2410|2024-07-18,JD,JD2410,2024-07-18,12.0,none,valid,无明显触发项,JD2409
JD|JD2502|2024-07-18,JD,JD2502,2024-07-18,12.0,none,valid,无明显触发项,JD2409
JD|JD2503|2024-07-18,JD,JD2503,2024-07-18,12.0,none,valid,无明显触发项,JD2409
JD|JD2504|2024-07-18,JD,JD2504,2024-07-18,12.0,none,valid,无明显触发项,JD2409
JD|JD2407|2024-07-18,JD,JD2407,2024-07-18,0.0,none,invalid_lifecycle_edge,样本状态=生命周期边界无效,JD2409
JD|JD2408|2024-07-18,JD,JD2408,2024-07-18,0.0,none,valid,无明显触发项,JD2409
JD|JD2409|2024-07-18,JD,JD2409,2024-07-18,0.0,none,valid,无明显触发项,JD2409
JD|JD2411|2024-07-18,JD,JD2411,2024-07-18,0.0,none,valid,无明显触发项,JD2409
JD|JD2412|2024-07-18,JD,JD2412,2024-07-18,0.0,none,valid,无明显触发项,JD2409
JD|JD2505|2024-07-18,JD,JD2505,2024-07-18,0.0,none,valid,无明显触发项,JD2409
JD|JD2506|2024-07-18,JD,JD2506,2024-07-18,0.0,none,invalid_insufficient_history,样本状态=历史样本不足,JD2409
JD|JD2410|2024-07-19,JD,JD2410,2024-07-19,24.0,none,valid,结构失真,JD2409
JD|JD2502|2024-07-19,JD,JD2502,2024-07-19,24.0,none,valid,结构失真,JD2409
JD|JD2503|2024-07-19,JD,JD2503,2024-07-19,24.0,none,valid,结构失真,JD2409
JD|JD2504|2024-07-19,JD,JD2504,2024-07-19,16.0,none,valid,无明显触发项,JD2409
JD|JD2408|2024-07-19,JD,JD2408,2024-07-19,12.0,none,valid,无明显触发项,JD2409
JD|JD2501|2024-07-19,JD,JD2501,2024-07-19,12.0,none,valid,无明显触发项,JD2409
JD|JD2505|2024-07-19,JD,JD2505,2024-07-19,12.0,none,valid,无明显触发项,JD2409
JD|JD2407|2024-07-19,JD,JD2407,2024-07-19,0.0,none,invalid_lifecycle_edge,样本状态=生命周期边界无效,JD2409
JD|JD2409|2024-07-19,JD,JD2409,2024-07-19,0.0,none,valid,无明显触发项,JD2409
JD|JD2411|2024-07-19,JD,JD2411,2024-07-19,0.0,none,valid,无明显触发项,JD2409
JD|JD2412|2024-07-19,JD,JD2412,2024-07-19,0.0,none,valid,无明显触发项,JD2409
JD|JD2506|2024-07-19,JD,JD2506,2024-07-19,0.0,none,invalid_insufficient_history,样本状态=历史样本不足,JD2409
JD|JD2506|2024-07-22,JD,JD2506,2024-07-22,60.0,medium,valid,结构失真,JD2409
JD|JD2501|2024-07-22,JD,JD2501,2024-07-22,40.0,low,valid,结构失真,JD2409
JD|JD2502|2024-07-22,JD,JD2502,2024-07-22,40.0,low,valid,结构失真,JD2409
JD|JD2503|2024-07-22,JD,JD2503,2024-07-22,40.0,low,valid,结构失真,JD2409
JD|JD2504|2024-07-22,JD,JD2504,2024-07-22,40.0,low,valid,结构失真,JD2409
JD|JD2505|2024-07-22,JD,JD2505,2024-07-22,40.0,low,valid,结构失真,JD2409
JD|JD2408|2024-07-22,JD,JD2408,2024-07-22,12.0,none,valid,无明显触发项,JD2409
JD|JD2410|2024-07-22,JD,JD2410,2024-07-22,12.0,none,valid,无明显触发项,JD2409
JD|JD2407|2024-07-22,JD,JD2407,2024-07-22,0.0,none,invalid_lifecycle_edge,样本状态=生命周期边界无效,JD2409
JD|JD2409|2024-07-22,JD,JD2409,2024-07-22,0.0,none,valid,无明显触发项,JD2409
JD|JD2411|2024-07-22,JD,JD2411,2024-07-22,0.0,none,valid,无明显触发项,JD2409
JD|JD2412|2024-07-22,JD,JD2412,2024-07-22,0.0,none,valid,无明显触发项,JD2409
JD|JD2506|2024-07-23,JD,JD2506,2024-07-23,60.0,medium,valid,结构失真,JD2409
JD|JD2407|2024-07-23,JD,JD2407,2024-07-23,0.0,none,invalid_lifecycle_edge,样本状态=生命周期边界无效,JD2409
JD|JD2408|2024-07-23,JD,JD2408,2024-07-23,0.0,none,valid,无明显触发项,JD2409
JD|JD2409|2024-07-23,JD,JD2409,2024-07-23,0.0,none,valid,无明显触发项,JD2409
JD|JD2410|2024-07-23,JD,JD2410,2024-07-23,0.0,none,valid,无明显触发项,JD2409
JD|JD2411|2024-07-23,JD,JD2411,2024-07-23,0.0,none,valid,无明显触发项,JD2409
JD|JD2412|2024-07-23,JD,JD2412,2024-07-23,0.0,none,valid,无明显触发项,JD2409
JD|JD2501|2024-07-23,JD,JD2501,2024-07-23,0.0,none,valid,无明显触发项,JD2409
JD|JD2502|2024-07-23,JD,JD2502,2024-07-23,0.0,none,valid,无明显触发项,JD2409
JD|JD2503|2024-07-23,JD,JD2503,2024-07-23,0.0,none,valid,无明显触发项,JD2409
JD|JD2504|2024-07-23,JD,JD2504,2024-07-23,0.0,none,valid,无明显触发项,JD2409
JD|JD2505|2024-07-23,JD,JD2505,2024-07-23,0.0,none,valid,无明显触发项,JD2409
JD|JD2506|2024-07-24,JD,JD2506,2024-07-24,60.0,medium,valid,结构失真,JD2409
JD|JD2407|2024-07-24,JD,JD2407,2024-07-24,0.0,none,invalid_lifecycle_edge,样本状态=生命周期边界无效,JD2409
JD|JD2408|2024-07-24,JD,JD2408,2024-07-24,0.0,none,valid,无明显触发项,JD2409
JD|JD2409|2024-07-24,JD,JD2409,2024-07-24,0.0,none,valid,无明显触发项,JD2409
JD|JD2410|2024-07-24,JD,JD2410,2024-07-24,0.0,none,valid,无明显触发项,JD2409
JD|JD2411|2024-07-24,JD,JD2411,2024-07-24,0.0,none,valid,无明显触发项,JD2409
JD|JD2412|2024-07-24,JD,JD2412,2024-07-24,0.0,none,valid,无明显触发项,JD2409
JD|JD2501|2024-07-24,JD,JD2501,2024-07-24,0.0,none,valid,无明显触发项,JD2409
JD|JD2502|2024-07-24,JD,JD2502,2024-07-24,0.0,none,valid,无明显触发项,JD2409
JD|JD2503|2024-07-24,JD,JD2503,2024-07-24,0.0,none,valid,无明显触发项,JD2409
JD|JD2504|2024-07-24,JD,JD2504,2024-07-24,0.0,none,valid,无明显触发项,JD2409
JD|JD2505|2024-07-24,JD,JD2505,2024-07-24,0.0,none,valid,无明显触发项,JD2409
JD|JD2506|2024-07-25,JD,JD2506,2024-07-25,60.0,medium,valid,结构失真,JD2409
JD|JD2407|2024-07-25,JD,JD2407,2024-07-25,0.0,none,invalid_lifecycle_edge,样本状态=生命周期边界无效,JD2409
JD|JD2408|2024-07-25,JD,JD2408,2024-07-25,0.0,none,valid,无明显触发项,JD2409
JD|JD2409|2024-07-25,JD,JD2409,2024-07-25,0.0,none,valid,无明显触发项,JD2409
JD|JD2410|2024-07-25,JD,JD2410,2024-07-25,0.0,none,valid,无明显触发项,JD2409
JD|JD2411|2024-07-25,JD,JD2411,2024-07-25,0.0,none,valid,无明显触发项,JD2409
JD|JD2412|2024-07-25,JD,JD2412,2024-07-25,0.0,none,valid,无明显触发项,JD2409
JD|JD2501|2024-07-25,JD,JD2501,2024-07-25,0.0,none,valid,无明显触发项,JD2409
JD|JD2502|2024-07-25,JD,JD2502,2024-07-25,0.0,none,valid,无明显触发项,JD2409
JD|JD2503|2024-07-25,JD,JD2503,2024-07-25,0.0,none,valid,无明显触发项,JD2409
JD|JD2504|2024-07-25,JD,JD2504,2024-07-25,0.0,none,valid,无明显触发项,JD2409
JD|JD2505|2024-07-25,JD,JD2505,2024-07-25,0.0,none,valid,无明显触发项,JD2409
JD|JD2506|2024-07-26,JD,JD2506,2024-07-26,60.0,medium,valid,结构失真,JD2409
JD|JD2504|2024-07-26,JD,JD2504,2024-07-26,3.0,none,valid,无明显触发项,JD2409
JD|JD2407|2024-07-26,JD,JD2407,2024-07-26,0.0,none,invalid_lifecycle_edge,样本状态=生命周期边界无效,JD2409
JD|JD2408|2024-07-26,JD,JD2408,2024-07-26,0.0,none,valid,无明显触发项,JD2409
JD|JD2409|2024-07-26,JD,JD2409,2024-07-26,0.0,none,valid,无明显触发项,JD2409
JD|JD2410|2024-07-26,JD,JD2410,2024-07-26,0.0,none,valid,无明显触发项,JD2409
JD|JD2411|2024-07-26,JD,JD2411,2024-07-26,0.0,none,valid,无明显触发项,JD2409
JD|JD2412|2024-07-26,JD,JD2412,2024-07-26,0.0,none,valid,无明显触发项,JD2409
JD|JD2501|2024-07-26,JD,JD2501,2024-07-26,0.0,none,valid,无明显触发项,JD2409
JD|JD2502|2024-07-26,JD,JD2502,2024-07-26,0.0,none,valid,无明显触发项,JD2409
JD|JD2503|2024-07-26,JD,JD2503,2024-07-26,0.0,none,valid,无明显触发项,JD2409
JD|JD2505|2024-07-26,JD,JD2505,2024-07-26,0.0,none,valid,无明显触发项,JD2409
JD|JD2506|2024-07-29,JD,JD2506,2024-07-29,60.0,medium,valid,结构失真,JD2409
JD|JD2501|2024-07-29,JD,JD2501,2024-07-29,40.0,low,valid,结构失真,JD2409
JD|JD2505|2024-07-29,JD,JD2505,2024-07-29,3.0,none,valid,无明显触发项,JD2409
JD|JD2408|2024-07-29,JD,JD2408,2024-07-29,0.0,none,valid,无明显触发项,JD2409
JD|JD2409|2024-07-29,JD,JD2409,2024-07-29,0.0,none,valid,无明显触发项,JD2409
JD|JD2410|2024-07-29,JD,JD2410,2024-07-29,0.0,none,valid,无明显触发项,JD2409
JD|JD2411|2024-07-29,JD,JD2411,2024-07-29,0.0,none,valid,无明显触发项,JD2409
JD|JD2412|2024-07-29,JD,JD2412,2024-07-29,0.0,none,valid,无明显触发项,JD2409
JD|JD2502|2024-07-29,JD,JD2502,2024-07-29,0.0,none,valid,无明显触发项,JD2409
JD|JD2503|2024-07-29,JD,JD2503,2024-07-29,0.0,none,valid,无明显触发项,JD2409
JD|JD2504|2024-07-29,JD,JD2504,2024-07-29,0.0,none,valid,无明显触发项,JD2409
JD|JD2507|2024-07-29,JD,JD2507,2024-07-29,0.0,none,invalid_lifecycle_edge,样本状态=生命周期边界无效,JD2409
JD|JD2506|2024-07-30,JD,JD2506,2024-07-30,60.0,medium,valid,结构失真,JD2409
JD|JD2505|2024-07-30,JD,JD2505,2024-07-30,7.0,none,valid,无明显触发项,JD2409
JD|JD2504|2024-07-30,JD,JD2504,2024-07-30,3.0,none,valid,无明显触发项,JD2409
JD|JD2408|2024-07-30,JD,JD2408,2024-07-30,0.0,none,valid,目标合约流动性偏弱,JD2409
JD|JD2409|2024-07-30,JD,JD2409,2024-07-30,0.0,none,valid,无明显触发项,JD2409
JD|JD2410|2024-07-30,JD,JD2410,2024-07-30,0.0,none,valid,无明显触发项,JD2409
JD|JD2411|2024-07-30,JD,JD2411,2024-07-30,0.0,none,valid,无明显触发项,JD2409
JD|JD2412|2024-07-30,JD,JD2412,2024-07-30,0.0,none,valid,无明显触发项,JD2409
JD|JD2501|2024-07-30,JD,JD2501,2024-07-30,0.0,none,valid,无明显触发项,JD2409
JD|JD2502|2024-07-30,JD,JD2502,2024-07-30,0.0,none,valid,无明显触发项,JD2409
JD|JD2503|2024-07-30,JD,JD2503,2024-07-30,0.0,none,valid,无明显触发项,JD2409
JD|JD2507|2024-07-30,JD,JD2507,2024-07-30,0.0,none,invalid_lifecycle_edge,样本状态=生命周期边界无效,JD2409
JD|JD2506|2024-07-31,JD,JD2506,2024-07-31,60.0,medium,valid,结构失真,JD2409
JD|JD2501|2024-07-31,JD,JD2501,2024-07-31,40.0,low,valid,结构失真,JD2409
JD|JD2408|2024-07-31,JD,JD2408,2024-07-31,20.0,none,valid,振幅异常,JD2409
JD|JD2409|2024-07-31,JD,JD2409,2024-07-31,12.0,none,valid,无明显触发项,JD2409
JD|JD2410|2024-07-31,JD,JD2410,2024-07-31,12.0,none,valid,无明显触发项,JD2409
JD|JD2412|2024-07-31,JD,JD2412,2024-07-31,12.0,none,valid,无明显触发项,JD2409
JD|JD2411|2024-07-31,JD,JD2411,2024-07-31,0.0,none,valid,无明显触发项,JD2409
JD|JD2502|2024-07-31,JD,JD2502,2024-07-31,0.0,none,valid,无明显触发项,JD2409
JD|JD2503|2024-07-31,JD,JD2503,2024-07-31,0.0,none,valid,无明显触发项,JD2409
JD|JD2504|2024-07-31,JD,JD2504,2024-07-31,0.0,none,valid,无明显触发项,JD2409
JD|JD2505|2024-07-31,JD,JD2505,2024-07-31,0.0,none,valid,无明显触发项,JD2409
JD|JD2507|2024-07-31,JD,JD2507,2024-07-31,0.0,none,invalid_lifecycle_edge,样本状态=生命周期边界无效,JD2409
JD|JD2408|2024-08-01,JD,JD2408,2024-08-01,60.0,medium,valid,振幅异常；结构失真；目标合约流动性偏弱,JD2409
JD|JD2501|2024-08-01,JD,JD2501,2024-08-01,60.0,medium,valid,结构失真,JD2409
JD|JD2506|2024-08-01,JD,JD2506,2024-08-01,60.0,medium,valid,结构失真,JD2409
JD|JD2502|2024-08-01,JD,JD2502,2024-08-01,45.0,low,valid,结构失真,JD2409
JD|JD2503|2024-08-01,JD,JD2503,2024-08-01,45.0,low,valid,结构失真,JD2409
JD|JD2409|2024-08-01,JD,JD2409,2024-08-01,40.0,low,valid,结构失真,JD2409
JD|JD2410|2024-08-01,JD,JD2410,2024-08-01,40.0,low,valid,结构失真,JD2409
JD|JD2504|2024-08-01,JD,JD2504,2024-08-01,40.0,low,valid,结构失真,JD2409
JD|JD2505|2024-08-01,JD,JD2505,2024-08-01,40.0,low,valid,结构失真,JD2409
JD|JD2411|2024-08-01,JD,JD2411,2024-08-01,0.0,none,valid,无明显触发项,JD2409
JD|JD2412|2024-08-01,JD,JD2412,2024-08-01,0.0,none,valid,无明显触发项,JD2409
JD|JD2507|2024-08-01,JD,JD2507,2024-08-01,0.0,none,invalid_lifecycle_edge,样本状态=生命周期边界无效,JD2409
JD|JD2506|2024-08-02,JD,JD2506,2024-08-02,60.0,medium,valid,结构失真,JD2409
JD|JD2501|2024-08-02,JD,JD2501,2024-08-02,10.0,none,valid,无明显触发项,JD2409
JD|JD2410|2024-08-02,JD,JD2410,2024-08-02,7.0,none,valid,无明显触发项,JD2409
JD|JD2408|2024-08-02,JD,JD2408,2024-08-02,0.0,none,valid,目标合约流动性偏弱,JD2409
JD|JD2409|2024-08-02,JD,JD2409,2024-08-02,0.0,none,valid,无明显触发项,JD2409
JD|JD2411|2024-08-02,JD,JD2411,2024-08-02,0.0,none,valid,无明显触发项,JD2409
JD|JD2412|2024-08-02,JD,JD2412,2024-08-02,0.0,none,valid,无明显触发项,JD2409
JD|JD2502|2024-08-02,JD,JD2502,2024-08-02,0.0,none,valid,无明显触发项,JD2409
JD|JD2503|2024-08-02,JD,JD2503,2024-08-02,0.0,none,valid,无明显触发项,JD2409
JD|JD2504|2024-08-02,JD,JD2504,2024-08-02,0.0,none,valid,无明显触发项,JD2409
JD|JD2505|2024-08-02,JD,JD2505,2024-08-02,0.0,none,valid,无明显触发项,JD2409
JD|JD2507|2024-08-02,JD,JD2507,2024-08-02,0.0,none,invalid_lifecycle_edge,样本状态=生命周期边界无效,JD2409
JD|JD2410|2024-08-05,JD,JD2410,2024-08-05,20.0,none,valid,振幅异常,JD2409
JD|JD2411|2024-08-05,JD,JD2411,2024-08-05,20.0,none,valid,振幅异常,JD2409
JD|JD2412|2024-08-05,JD,JD2412,2024-08-05,7.0,none,valid,无明显触发项,JD2409
JD|JD2409|2024-08-05,JD,JD2409,2024-08-05,0.0,none,valid,无明显触发项,JD2409
JD|JD2501|2024-08-05,JD,JD2501,2024-08-05,0.0,none,valid,无明显触发项,JD2409
JD|JD2502|2024-08-05,JD,JD2502,2024-08-05,0.0,none,valid,无明显触发项,JD2409
JD|JD2503|2024-08-05,JD,JD2503,2024-08-05,0.0,none,valid,无明显触发项,JD2409
JD|JD2504|2024-08-05,JD,JD2504,2024-08-05,0.0,none,valid,无明显触发项,JD2409
JD|JD2505|2024-08-05,JD,JD2505,2024-08-05,0.0,none,valid,无明显触发项,JD2409
JD|JD2506|2024-08-05,JD,JD2506,2024-08-05,0.0,none,valid,无明显触发项,JD2409
JD|JD2507|2024-08-05,JD,JD2507,2024-08-05,0.0,none,invalid_lifecycle_edge,样本状态=生命周期边界无效,JD2409
JD|JD2411|2024-08-06,JD,JD2411,2024-08-06,40.0,low,valid,结构失真,JD2409
JD|JD2408|2024-08-06,JD,JD2408,2024-08-06,30.0,low,valid,振幅异常；结构失真；目标合约流动性偏弱,JD2409
JD|JD2506|2024-08-06,JD,JD2506,2024-08-06,5.0,none,valid,无明显触发项,JD2409
JD|JD2409|2024-08-06,JD,JD2409,2024-08-06,0.0,none,valid,无明显触发项,JD2409
JD|JD2410|2024-08-06,JD,JD2410,2024-08-06,0.0,none,valid,无明显触发项,JD2409
JD|JD2412|2024-08-06,JD,JD2412,2024-08-06,0.0,none,valid,无明显触发项,JD2409
JD|JD2501|2024-08-06,JD,JD2501,2024-08-06,0.0,none,valid,无明显触发项,JD2409
JD|JD2502|2024-08-06,JD,JD2502,2024-08-06,0.0,none,valid,无明显触发项,JD2409
JD|JD2503|2024-08-06,JD,JD2503,2024-08-06,0.0,none,valid,无明显触发项,JD2409
JD|JD2504|2024-08-06,JD,JD2504,2024-08-06,0.0,none,valid,无明显触发项,JD2409
JD|JD2505|2024-08-06,JD,JD2505,2024-08-06,0.0,none,valid,无明显触发项,JD2409
JD|JD2507|2024-08-06,JD,JD2507,2024-08-06,0.0,none,invalid_lifecycle_edge,样本状态=生命周期边界无效,JD2409
JD|JD2411|2024-08-07,JD,JD2411,2024-08-07,40.0,low,valid,结构失真,JD2409
JD|JD2501|2024-08-07,JD,JD2501,2024-08-07,29.0,none,valid,振幅异常；结构失真,JD2409
JD|JD2506|2024-08-07,JD,JD2506,2024-08-07,20.0,none,valid,振幅异常,JD2409
JD|JD2409|2024-08-07,JD,JD2409,2024-08-07,12.0,none,valid,无明显触发项,JD2409
JD|JD2503|2024-08-07,JD,JD2503,2024-08-07,9.0,none,valid,振幅异常,JD2409
JD|JD2504|2024-08-07,JD,JD2504,2024-08-07,9.0,none,valid,振幅异常,JD2409
JD|JD2502|2024-08-07,JD,JD2502,2024-08-07,7.0,none,valid,无明显触发项,JD2409
JD|JD2505|2024-08-07,JD,JD2505,2024-08-07,7.0,none,valid,无明显触发项,JD2409
JD|JD2408|2024-08-07,JD,JD2408,2024-08-07,0.0,none,valid,目标合约流动性偏弱,JD2409
JD|JD2410|2024-08-07,JD,JD2410,2024-08-07,0.0,none,valid,无明显触发项,JD2409
JD|JD2412|2024-08-07,JD,JD2412,2024-08-07,0.0,none,valid,无明显触发项,JD2409
JD|JD2507|2024-08-07,JD,JD2507,2024-08-07,0.0,none,invalid_lifecycle_edge,样本状态=生命周期边界无效,JD2409
JD|JD2410|2024-08-08,JD,JD2410,2024-08-08,15.0,none,valid,振幅异常,JD2409
JD|JD2506|2024-08-08,JD,JD2506,2024-08-08,11.0,none,valid,振幅异常,JD2409
JD|JD2411|2024-08-08,JD,JD2411,2024-08-08,8.0,none,valid,振幅异常,JD2409
JD|JD2412|2024-08-08,JD,JD2412,2024-08-08,4.0,none,valid,无明显触发项,JD2409
JD|JD2501|2024-08-08,JD,JD2501,2024-08-08,4.0,none,valid,无明显触发项,JD2409
JD|JD2503|2024-08-08,JD,JD2503,2024-08-08,4.0,none,valid,无明显触发项,JD2409
JD|JD2504|2024-08-08,JD,JD2504,2024-08-08,4.0,none,valid,无明显触发项,JD2409
JD|JD2505|2024-08-08,JD,JD2505,2024-08-08,4.0,none,valid,无明显触发项,JD2409
JD|JD2408|2024-08-08,JD,JD2408,2024-08-08,0.0,none,valid,目标合约流动性偏弱,JD2409
JD|JD2409|2024-08-08,JD,JD2409,2024-08-08,0.0,none,valid,无明显触发项,JD2409
JD|JD2502|2024-08-08,JD,JD2502,2024-08-08,0.0,none,valid,无明显触发项,JD2409
JD|JD2507|2024-08-08,JD,JD2507,2024-08-08,0.0,none,invalid_insufficient_history,样本状态=历史样本不足,JD2409
JD|JD2501|2024-08-09,JD,JD2501,2024-08-09,10.0,none,valid,无明显触发项,JD2409
JD|JD2408|2024-08-09,JD,JD2408,2024-08-09,0.0,none,valid,目标合约流动性偏弱,JD2409
JD|JD2409|2024-08-09,JD,JD2409,2024-08-09,0.0,none,valid,无明显触发项,JD2409
JD|JD2410|2024-08-09,JD,JD2410,2024-08-09,0.0,none,valid,无明显触发项,JD2409
JD|JD2411|2024-08-09,JD,JD2411,2024-08-09,0.0,none,valid,无明显触发项,JD2409
JD|JD2412|2024-08-09,JD,JD2412,2024-08-09,0.0,none,valid,无明显触发项,JD2409
JD|JD2502|2024-08-09,JD,JD2502,2024-08-09,0.0,none,valid,无明显触发项,JD2409
JD|JD2503|2024-08-09,JD,JD2503,2024-08-09,0.0,none,valid,无明显触发项,JD2409
JD|JD2504|2024-08-09,JD,JD2504,2024-08-09,0.0,none,valid,无明显触发项,JD2409
JD|JD2505|2024-08-09,JD,JD2505,2024-08-09,0.0,none,valid,无明显触发项,JD2409
JD|JD2506|2024-08-09,JD,JD2506,2024-08-09,0.0,none,valid,无明显触发项,JD2409
JD|JD2507|2024-08-09,JD,JD2507,2024-08-09,0.0,none,invalid_insufficient_history,样本状态=历史样本不足,JD2409
JD|JD2504|2024-08-12,JD,JD2504,2024-08-12,20.0,none,valid,振幅异常,JD2409
JD|JD2506|2024-08-12,JD,JD2506,2024-08-12,17.0,none,valid,振幅异常,JD2409
JD|JD2411|2024-08-12,JD,JD2411,2024-08-12,15.0,none,valid,无明显触发项,JD2409
JD|JD2501|2024-08-12,JD,JD2501,2024-08-12,14.0,none,valid,振幅异常,JD2409
JD|JD2502|2024-08-12,JD,JD2502,2024-08-12,13.0,none,valid,振幅异常,JD2409
JD|JD2503|2024-08-12,JD,JD2503,2024-08-12,9.0,none,valid,振幅异常,JD2409
JD|JD2412|2024-08-12,JD,JD2412,2024-08-12,7.0,none,valid,无明显触发项,JD2409
JD|JD2505|2024-08-12,JD,JD2505,2024-08-12,7.0,none,valid,无明显触发项,JD2409
JD|JD2408|2024-08-12,JD,JD2408,2024-08-12,0.0,none,valid,振幅异常；目标合约流动性偏弱,JD2409
JD|JD2409|2024-08-12,JD,JD2409,2024-08-12,0.0,none,valid,无明显触发项,JD2409
JD|JD2410|2024-08-12,JD,JD2410,2024-08-12,0.0,none,valid,无明显触发项,JD2409
JD|JD2507|2024-08-12,JD,JD2507,2024-08-12,0.0,none,invalid_insufficient_history,样本状态=历史样本不足,JD2409
JD|JD2409|2024-08-13,JD,JD2409,2024-08-13,30.0,low,valid,振幅异常,JD2409
JD|JD2410|2024-08-13,JD,JD2410,2024-08-13,20.0,none,valid,振幅异常,JD2409
JD|JD2412|2024-08-13,JD,JD2412,2024-08-13,20.0,none,valid,振幅异常,JD2409
JD|JD2411|2024-08-13,JD,JD2411,2024-08-13,17.0,none,valid,振幅异常,JD2409
JD|JD2408|2024-08-13,JD,JD2408,2024-08-13,0.0,none,valid,目标合约流动性偏弱,JD2409
JD|JD2501|2024-08-13,JD,JD2501,2024-08-13,0.0,none,valid,无明显触发项,JD2409
JD|JD2502|2024-08-13,JD,JD2502,2024-08-13,0.0,none,valid,无明显触发项,JD2409
JD|JD2503|2024-08-13,JD,JD2503,2024-08-13,0.0,none,valid,无明显触发项,JD2409
JD|JD2504|2024-08-13,JD,JD2504,2024-08-13,0.0,none,valid,无明显触发项,JD2409
JD|JD2505|2024-08-13,JD,JD2505,2024-08-13,0.0,none,valid,无明显触发项,JD2409
JD|JD2506|2024-08-13,JD,JD2506,2024-08-13,0.0,none,valid,无明显触发项,JD2409
JD|JD2507|2024-08-13,JD,JD2507,2024-08-13,0.0,none,invalid_insufficient_history,样本状态=历史样本不足,JD2409
JD|JD2501|2024-08-14,JD,JD2501,2024-08-14,20.0,none,valid,振幅异常,JD2409
JD|JD2505|2024-08-14,JD,JD2505,2024-08-14,20.0,none,valid,振幅异常,JD2409
JD|JD2506|2024-08-14,JD,JD2506,2024-08-14,15.0,none,valid,振幅异常,JD2409
JD|JD2503|2024-08-14,JD,JD2503,2024-08-14,11.0,none,valid,振幅异常,JD2409
JD|JD2504|2024-08-14,JD,JD2504,2024-08-14,11.0,none,valid,振幅异常,JD2409
JD|JD2409|2024-08-14,JD,JD2409,2024-08-14,10.0,none,valid,无明显触发项,JD2409
JD|JD2410|2024-08-14,JD,JD2410,2024-08-14,3.0,none,valid,无明显触发项,JD2409
JD|JD2412|2024-08-14,JD,JD2412,2024-08-14,3.0,none,valid,无明显触发项,JD2409
JD|JD2408|2024-08-14,JD,JD2408,2024-08-14,0.0,none,valid,目标合约流动性偏弱,JD2409
JD|JD2411|2024-08-14,JD,JD2411,2024-08-14,0.0,none,valid,无明显触发项,JD2409
JD|JD2502|2024-08-14,JD,JD2502,2024-08-14,0.0,none,valid,无明显触发项,JD2409
JD|JD2507|2024-08-14,JD,JD2507,2024-08-14,0.0,none,invalid_insufficient_history,样本状态=历史样本不足,JD2409
JD|JD2409|2024-08-15,JD,JD2409,2024-08-15,76.0,high,valid,振幅异常；结构失真,JD2409
JD|JD2408|2024-08-15,JD,JD2408,2024-08-15,0.0,none,valid,目标合约流动性偏弱,JD2409
JD|JD2410|2024-08-15,JD,JD2410,2024-08-15,0.0,none,valid,无明显触发项,JD2409
JD|JD2411|2024-08-15,JD,JD2411,2024-08-15,0.0,none,valid,无明显触发项,JD2409
JD|JD2412|2024-08-15,JD,JD2412,2024-08-15,0.0,none,valid,无明显触发项,JD2409
JD|JD2501|2024-08-15,JD,JD2501,2024-08-15,0.0,none,valid,无明显触发项,JD2409
JD|JD2502|2024-08-15,JD,JD2502,2024-08-15,0.0,none,valid,无明显触发项,JD2409
JD|JD2503|2024-08-15,JD,JD2503,2024-08-15,0.0,none,valid,无明显触发项,JD2409
JD|JD2504|2024-08-15,JD,JD2504,2024-08-15,0.0,none,valid,无明显触发项,JD2409
JD|JD2505|2024-08-15,JD,JD2505,2024-08-15,0.0,none,valid,无明显触发项,JD2409
JD|JD2506|2024-08-15,JD,JD2506,2024-08-15,0.0,none,valid,无明显触发项,JD2409
JD|JD2507|2024-08-15,JD,JD2507,2024-08-15,0.0,none,invalid_insufficient_history,样本状态=历史样本不足,JD2409
JD|JD2409|2024-08-16,JD,JD2409,2024-08-16,67.0,high,valid,结构失真,JD2409
JD|JD2411|2024-08-16,JD,JD2411,2024-08-16,12.0,none,valid,无明显触发项,JD2409
JD|JD2408|2024-08-16,JD,JD2408,2024-08-16,10.0,none,valid,结构失真；目标合约流动性偏弱,JD2409
JD|JD2410|2024-08-16,JD,JD2410,2024-08-16,4.0,none,valid,无明显触发项,JD2409
JD|JD2412|2024-08-16,JD,JD2412,2024-08-16,0.0,none,valid,无明显触发项,JD2409
JD|JD2501|2024-08-16,JD,JD2501,2024-08-16,0.0,none,valid,无明显触发项,JD2409
JD|JD2502|2024-08-16,JD,JD2502,2024-08-16,0.0,none,valid,无明显触发项,JD2409
JD|JD2503|2024-08-16,JD,JD2503,2024-08-16,0.0,none,valid,无明显触发项,JD2409
JD|JD2504|2024-08-16,JD,JD2504,2024-08-16,0.0,none,valid,无明显触发项,JD2409
JD|JD2505|2024-08-16,JD,JD2505,2024-08-16,0.0,none,valid,无明显触发项,JD2409
JD|JD2506|2024-08-16,JD,JD2506,2024-08-16,0.0,none,valid,无明显触发项,JD2409
JD|JD2507|2024-08-16,JD,JD2507,2024-08-16,0.0,none,invalid_insufficient_history,样本状态=历史样本不足,JD2409
JD|JD2409|2024-08-19,JD,JD2409,2024-08-19,45.0,low,valid,结构失真,JD2409
JD|JD2411|2024-08-19,JD,JD2411,2024-08-19,40.0,low,valid,结构失真,JD2409
JD|JD2408|2024-08-19,JD,JD2408,2024-08-19,0.0,none,invalid_lifecycle_edge,样本状态=生命周期边界无效,JD2409
JD|JD2410|2024-08-19,JD,JD2410,2024-08-19,0.0,none,valid,无明显触发项,JD2409
JD|JD2412|2024-08-19,JD,JD2412,2024-08-19,0.0,none,valid,无明显触发项,JD2409
JD|JD2501|2024-08-19,JD,JD2501,2024-08-19,0.0,none,valid,无明显触发项,JD2409
JD|JD2502|2024-08-19,JD,JD2502,2024-08-19,0.0,none,valid,无明显触发项,JD2409
JD|JD2503|2024-08-19,JD,JD2503,2024-08-19,0.0,none,valid,无明显触发项,JD2409
JD|JD2504|2024-08-19,JD,JD2504,2024-08-19,0.0,none,valid,无明显触发项,JD2409
JD|JD2505|2024-08-19,JD,JD2505,2024-08-19,0.0,none,valid,无明显触发项,JD2409
JD|JD2506|2024-08-19,JD,JD2506,2024-08-19,0.0,none,valid,无明显触发项,JD2409
JD|JD2507|2024-08-19,JD,JD2507,2024-08-19,0.0,none,invalid_insufficient_history,样本状态=历史样本不足,JD2409
JD|JD2411|2024-08-20,JD,JD2411,2024-08-20,40.0,low,valid,结构失真,JD2409
JD|JD2504|2024-08-20,JD,JD2504,2024-08-20,10.0,none,valid,无明显触发项,JD2409
JD|JD2408|2024-08-20,JD,JD2408,2024-08-20,0.0,none,invalid_lifecycle_edge,样本状态=生命周期边界无效,JD2409
JD|JD2409|2024-08-20,JD,JD2409,2024-08-20,0.0,none,valid,无明显触发项,JD2409
JD|JD2410|2024-08-20,JD,JD2410,2024-08-20,0.0,none,valid,无明显触发项,JD2409
JD|JD2412|2024-08-20,JD,JD2412,2024-08-20,0.0,none,valid,无明显触发项,JD2409
JD|JD2501|2024-08-20,JD,JD2501,2024-08-20,0.0,none,valid,无明显触发项,JD2409
JD|JD2502|2024-08-20,JD,JD2502,2024-08-20,0.0,none,valid,无明显触发项,JD2409
JD|JD2503|2024-08-20,JD,JD2503,2024-08-20,0.0,none,valid,无明显触发项,JD2409
JD|JD2505|2024-08-20,JD,JD2505,2024-08-20,0.0,none,valid,无明显触发项,JD2409
JD|JD2506|2024-08-20,JD,JD2506,2024-08-20,0.0,none,valid,无明显触发项,JD2409
JD|JD2507|2024-08-20,JD,JD2507,2024-08-20,0.0,none,invalid_insufficient_history,样本状态=历史样本不足,JD2409
JD|JD2409|2024-08-21,JD,JD2409,2024-08-21,60.0,medium,valid,结构失真,JD2410
JD|JD2411|2024-08-21,JD,JD2411,2024-08-21,40.0,low,valid,结构失真,JD2410
JD|JD2506|2024-08-21,JD,JD2506,2024-08-21,29.0,none,valid,结构失真,JD2410
JD|JD2504|2024-08-21,JD,JD2504,2024-08-21,22.0,none,valid,结构失真,JD2410
JD|JD2505|2024-08-21,JD,JD2505,2024-08-21,12.0,none,valid,无明显触发项,JD2410
JD|JD2408|2024-08-21,JD,JD2408,2024-08-21,0.0,none,invalid_lifecycle_edge,样本状态=生命周期边界无效,JD2410
JD|JD2410|2024-08-21,JD,JD2410,2024-08-21,0.0,none,valid,无明显触发项,JD2410
JD|JD2412|2024-08-21,JD,JD2412,2024-08-21,0.0,none,valid,无明显触发项,JD2410
JD|JD2501|2024-08-21,JD,JD2501,2024-08-21,0.0,none,valid,无明显触发项,JD2410
JD|JD2502|2024-08-21,JD,JD2502,2024-08-21,0.0,none,valid,无明显触发项,JD2410
JD|JD2503|2024-08-21,JD,JD2503,2024-08-21,0.0,none,valid,无明显触发项,JD2410
JD|JD2507|2024-08-21,JD,JD2507,2024-08-21,0.0,none,invalid_insufficient_history,样本状态=历史样本不足,JD2410
JD|JD2409|2024-08-22,JD,JD2409,2024-08-22,44.0,low,valid,结构失真,JD2410
JD|JD2507|2024-08-22,JD,JD2507,2024-08-22,40.0,low,valid,结构失真,JD2410
JD|JD2504|2024-08-22,JD,JD2504,2024-08-22,5.0,none,valid,无明显触发项,JD2410
JD|JD2408|2024-08-22,JD,JD2408,2024-08-22,0.0,none,invalid_lifecycle_edge,样本状态=生命周期边界无效,JD2410
JD|JD2410|2024-08-22,JD,JD2410,2024-08-22,0.0,none,valid,无明显触发项,JD2410
JD|JD2411|2024-08-22,JD,JD2411,2024-08-22,0.0,none,valid,无明显触发项,JD2410
JD|JD2412|2024-08-22,JD,JD2412,2024-08-22,0.0,none,valid,无明显触发项,JD2410
JD|JD2501|2024-08-22,JD,JD2501,2024-08-22,0.0,none,valid,无明显触发项,JD2410
JD|JD2502|2024-08-22,JD,JD2502,2024-08-22,0.0,none,valid,无明显触发项,JD2410
JD|JD2503|2024-08-22,JD,JD2503,2024-08-22,0.0,none,valid,无明显触发项,JD2410
JD|JD2505|2024-08-22,JD,JD2505,2024-08-22,0.0,none,valid,无明显触发项,JD2410
JD|JD2506|2024-08-22,JD,JD2506,2024-08-22,0.0,none,valid,无明显触发项,JD2410
JD|JD2507|2024-08-23,JD,JD2507,2024-08-23,40.0,low,valid,结构失真,JD2410
JD|JD2504|2024-08-23,JD,JD2504,2024-08-23,20.0,none,valid,结构失真,JD2410
JD|JD2505|2024-08-23,JD,JD2505,2024-08-23,20.0,none,valid,结构失真,JD2410
JD|JD2506|2024-08-23,JD,JD2506,2024-08-23,10.0,none,valid,无明显触发项,JD2410
JD|JD2503|2024-08-23,JD,JD2503,2024-08-23,5.0,none,valid,无明显触发项,JD2410
JD|JD2408|2024-08-23,JD,JD2408,2024-08-23,0.0,none,invalid_lifecycle_edge,样本状态=生命周期边界无效,JD2410
JD|JD2409|2024-08-23,JD,JD2409,2024-08-23,0.0,none,valid,无明显触发项,JD2410
JD|JD2410|2024-08-23,JD,JD2410,2024-08-23,0.0,none,valid,无明显触发项,JD2410
JD|JD2411|2024-08-23,JD,JD2411,2024-08-23,0.0,none,valid,无明显触发项,JD2410
JD|JD2412|2024-08-23,JD,JD2412,2024-08-23,0.0,none,valid,无明显触发项,JD2410
JD|JD2501|2024-08-23,JD,JD2501,2024-08-23,0.0,none,valid,无明显触发项,JD2410
JD|JD2502|2024-08-23,JD,JD2502,2024-08-23,0.0,none,valid,无明显触发项,JD2410
JD|JD2507|2024-08-26,JD,JD2507,2024-08-26,24.0,none,valid,结构失真,JD2410
JD|JD2410|2024-08-26,JD,JD2410,2024-08-26,20.0,none,valid,振幅异常,JD2410
JD|JD2412|2024-08-26,JD,JD2412,2024-08-26,16.0,none,valid,振幅异常,JD2410
JD|JD2411|2024-08-26,JD,JD2411,2024-08-26,8.0,none,valid,振幅异常,JD2410
JD|JD2408|2024-08-26,JD,JD2408,2024-08-26,0.0,none,invalid_lifecycle_edge,样本状态=生命周期边界无效,JD2410
JD|JD2409|2024-08-26,JD,JD2409,2024-08-26,0.0,none,valid,无明显触发项,JD2410
JD|JD2501|2024-08-26,JD,JD2501,2024-08-26,0.0,none,valid,无明显触发项,JD2410
JD|JD2502|2024-08-26,JD,JD2502,2024-08-26,0.0,none,valid,无明显触发项,JD2410
JD|JD2503|2024-08-26,JD,JD2503,2024-08-26,0.0,none,valid,无明显触发项,JD2410
JD|JD2504|2024-08-26,JD,JD2504,2024-08-26,0.0,none,valid,无明显触发项,JD2410
JD|JD2505|2024-08-26,JD,JD2505,2024-08-26,0.0,none,valid,无明显触发项,JD2410
JD|JD2506|2024-08-26,JD,JD2506,2024-08-26,0.0,none,valid,无明显触发项,JD2410
JD|JD2506|2024-08-27,JD,JD2506,2024-08-27,68.0,high,valid,振幅异常；结构失真,JD2410
JD|JD2504|2024-08-27,JD,JD2504,2024-08-27,60.0,medium,valid,结构失真,JD2410
JD|JD2502|2024-08-27,JD,JD2502,2024-08-27,44.0,low,valid,结构失真,JD2410
JD|JD2503|2024-08-27,JD,JD2503,2024-08-27,44.0,low,valid,结构失真,JD2410
JD|JD2505|2024-08-27,JD,JD2505,2024-08-27,44.0,low,valid,结构失真,JD2410
JD|JD2411|2024-08-27,JD,JD2411,2024-08-27,40.0,low,valid,结构失真,JD2410
JD|JD2412|2024-08-27,JD,JD2412,2024-08-27,40.0,low,valid,结构失真,JD2410
JD|JD2507|2024-08-27,JD,JD2507,2024-08-27,40.0,low,valid,结构失真,JD2410
JD|JD2409|2024-08-27,JD,JD2409,2024-08-27,12.0,none,valid,无明显触发项,JD2410
JD|JD2501|2024-08-27,JD,JD2501,2024-08-27,12.0,none,valid,无明显触发项,JD2410
JD|JD2408|2024-08-27,JD,JD2408,2024-08-27,0.0,none,invalid_lifecycle_edge,样本状态=生命周期边界无效,JD2410
JD|JD2410|2024-08-27,JD,JD2410,2024-08-27,0.0,none,valid,无明显触发项,JD2410
JD|JD2507|2024-08-28,JD,JD2507,2024-08-28,40.0,low,valid,结构失真,JD2410
JD|JD2504|2024-08-28,JD,JD2504,2024-08-28,5.0,none,valid,无明显触发项,JD2410
JD|JD2505|2024-08-28,JD,JD2505,2024-08-28,5.0,none,valid,无明显触发项,JD2410
JD|JD2506|2024-08-28,JD,JD2506,2024-08-28,5.0,none,valid,无明显触发项,JD2410
JD|JD2409|2024-08-28,JD,JD2409,2024-08-28,0.0,none,valid,无明显触发项,JD2410
JD|JD2410|2024-08-28,JD,JD2410,2024-08-28,0.0,none,valid,无明显触发项,JD2410
JD|JD2411|2024-08-28,JD,JD2411,2024-08-28,0.0,none,valid,无明显触发项,JD2410
JD|JD2412|2024-08-28,JD,JD2412,2024-08-28,0.0,none,valid,无明显触发项,JD2410
JD|JD2501|2024-08-28,JD,JD2501,2024-08-28,0.0,none,valid,无明显触发项,JD2410
JD|JD2502|2024-08-28,JD,JD2502,2024-08-28,0.0,none,valid,无明显触发项,JD2410
JD|JD2503|2024-08-28,JD,JD2503,2024-08-28,0.0,none,valid,无明显触发项,JD2410
JD|JD2508|2024-08-28,JD,JD2508,2024-08-28,0.0,none,invalid_lifecycle_edge,样本状态=生命周期边界无效,JD2410
JD|JD2411|2024-08-29,JD,JD2411,2024-08-29,40.0,low,valid,结构失真,JD2410
JD|JD2507|2024-08-29,JD,JD2507,2024-08-29,40.0,low,valid,结构失真,JD2410
JD|JD2504|2024-08-29,JD,JD2504,2024-08-29,22.0,none,valid,结构失真,JD2410
JD|JD2506|2024-08-29,JD,JD2506,2024-08-29,22.0,none,valid,结构失真,JD2410
JD|JD2502|2024-08-29,JD,JD2502,2024-08-29,17.0,none,valid,无明显触发项,JD2410
JD|JD2503|2024-08-29,JD,JD2503,2024-08-29,17.0,none,valid,无明显触发项,JD2410
JD|JD2409|2024-08-29,JD,JD2409,2024-08-29,12.0,none,valid,无明显触发项,JD2410
JD|JD2410|2024-08-29,JD,JD2410,2024-08-29,12.0,none,valid,无明显触发项,JD2410
JD|JD2412|2024-08-29,JD,JD2412,2024-08-29,12.0,none,valid,无明显触发项,JD2410
JD|JD2505|2024-08-29,JD,JD2505,2024-08-29,12.0,none,valid,无明显触发项,JD2410
JD|JD2501|2024-08-29,JD,JD2501,2024-08-29,0.0,none,valid,无明显触发项,JD2410
JD|JD2508|2024-08-29,JD,JD2508,2024-08-29,0.0,none,invalid_lifecycle_edge,样本状态=生命周期边界无效,JD2410
JD|JD2411|2024-08-30,JD,JD2411,2024-08-30,40.0,low,valid,结构失真,JD2410
JD|JD2507|2024-08-30,JD,JD2507,2024-08-30,40.0,low,valid,结构失真,JD2410
JD|JD2409|2024-08-30,JD,JD2409,2024-08-30,12.0,none,valid,无明显触发项,JD2410
JD|JD2502|2024-08-30,JD,JD2502,2024-08-30,5.0,none,valid,无明显触发项,JD2410
JD|JD2410|2024-08-30,JD,JD2410,2024-08-30,0.0,none,valid,无明显触发项,JD2410
JD|JD2412|2024-08-30,JD,JD2412,2024-08-30,0.0,none,valid,无明显触发项,JD2410
JD|JD2501|2024-08-30,JD,JD2501,2024-08-30,0.0,none,valid,无明显触发项,JD2410
JD|JD2503|2024-08-30,JD,JD2503,2024-08-30,0.0,none,valid,无明显触发项,JD2410
JD|JD2504|2024-08-30,JD,JD2504,2024-08-30,0.0,none,valid,无明显触发项,JD2410
JD|JD2505|2024-08-30,JD,JD2505,2024-08-30,0.0,none,valid,无明显触发项,JD2410
JD|JD2506|2024-08-30,JD,JD2506,2024-08-30,0.0,none,valid,无明显触发项,JD2410
JD|JD2508|2024-08-30,JD,JD2508,2024-08-30,0.0,none,invalid_lifecycle_edge,样本状态=生命周期边界无效,JD2410
JD|JD2507|2024-09-02,JD,JD2507,2024-09-02,40.0,low,valid,结构失真,JD2410
JD|JD2412|2024-09-02,JD,JD2412,2024-09-02,24.0,none,valid,结构失真,JD2410
JD|JD2409|2024-09-02,JD,JD2409,2024-09-02,0.0,none,valid,目标合约流动性偏弱,JD2410
JD|JD2410|2024-09-02,JD,JD2410,2024-09-02,0.0,none,valid,无明显触发项,JD2410
JD|JD2411|2024-09-02,JD,JD2411,2024-09-02,0.0,none,valid,无明显触发项,JD2410
JD|JD2501|2024-09-02,JD,JD2501,2024-09-02,0.0,none,valid,无明显触发项,JD2410
JD|JD2502|2024-09-02,JD,JD2502,2024-09-02,0.0,none,valid,无明显触发项,JD2410
JD|JD2503|2024-09-02,JD,JD2503,2024-09-02,0.0,none,valid,无明显触发项,JD2410
JD|JD2504|2024-09-02,JD,JD2504,2024-09-02,0.0,none,valid,无明显触发项,JD2410
JD|JD2505|2024-09-02,JD,JD2505,2024-09-02,0.0,none,valid,无明显触发项,JD2410
JD|JD2506|2024-09-02,JD,JD2506,2024-09-02,0.0,none,valid,无明显触发项,JD2410
JD|JD2508|2024-09-02,JD,JD2508,2024-09-02,0.0,none,invalid_lifecycle_edge,样本状态=生命周期边界无效,JD2410
JD|JD2507|2024-09-03,JD,JD2507,2024-09-03,40.0,low,valid,结构失真,JD2410
JD|JD2412|2024-09-03,JD,JD2412,2024-09-03,12.0,none,valid,无明显触发项,JD2410
JD|JD2409|2024-09-03,JD,JD2409,2024-09-03,0.0,none,valid,目标合约流动性偏弱,JD2410
JD|JD2410|2024-09-03,JD,JD2410,2024-09-03,0.0,none,valid,无明显触发项,JD2410
JD|JD2411|2024-09-03,JD,JD2411,2024-09-03,0.0,none,valid,无明显触发项,JD2410
JD|JD2501|2024-09-03,JD,JD2501,2024-09-03,0.0,none,valid,无明显触发项,JD2410
JD|JD2502|2024-09-03,JD,JD2502,2024-09-03,0.0,none,valid,无明显触发项,JD2410
JD|JD2503|2024-09-03,JD,JD2503,2024-09-03,0.0,none,valid,无明显触发项,JD2410
JD|JD2504|2024-09-03,JD,JD2504,2024-09-03,0.0,none,valid,无明显触发项,JD2410
JD|JD2505|2024-09-03,JD,JD2505,2024-09-03,0.0,none,valid,无明显触发项,JD2410
JD|JD2506|2024-09-03,JD,JD2506,2024-09-03,0.0,none,valid,无明显触发项,JD2410
JD|JD2508|2024-09-03,JD,JD2508,2024-09-03,0.0,none,invalid_lifecycle_edge,样本状态=生命周期边界无效,JD2410
JD|JD2412|2024-09-04,JD,JD2412,2024-09-04,40.0,low,valid,结构失真,JD2410
JD|JD2507|2024-09-04,JD,JD2507,2024-09-04,40.0,low,valid,结构失真,JD2410
JD|JD2409|2024-09-04,JD,JD2409,2024-09-04,0.0,none,valid,目标合约流动性偏弱,JD2410
JD|JD2410|2024-09-04,JD,JD2410,2024-09-04,0.0,none,valid,无明显触发项,JD2410
JD|JD2411|2024-09-04,JD,JD2411,2024-09-04,0.0,none,valid,无明显触发项,JD2410
JD|JD2501|2024-09-04,JD,JD2501,2024-09-04,0.0,none,valid,无明显触发项,JD2410
JD|JD2502|2024-09-04,JD,JD2502,2024-09-04,0.0,none,valid,无明显触发项,JD2410
JD|JD2503|2024-09-04,JD,JD2503,2024-09-04,0.0,none,valid,无明显触发项,JD2410
JD|JD2504|2024-09-04,JD,JD2504,2024-09-04,0.0,none,valid,无明显触发项,JD2410
JD|JD2505|2024-09-04,JD,JD2505,2024-09-04,0.0,none,valid,无明显触发项,JD2410
JD|JD2506|2024-09-04,JD,JD2506,2024-09-04,0.0,none,valid,无明显触发项,JD2410
JD|JD2508|2024-09-04,JD,JD2508,2024-09-04,0.0,none,invalid_lifecycle_edge,样本状态=生命周期边界无效,JD2410
JD|JD2502|2024-09-05,JD,JD2502,2024-09-05,50.0,medium,valid,结构失真,JD2410
JD|JD2503|2024-09-05,JD,JD2503,2024-09-05,50.0,medium,valid,结构失真,JD2410
JD|JD2504|2024-09-05,JD,JD2504,2024-09-05,50.0,medium,valid,结构失真,JD2410
JD|JD2506|2024-09-05,JD,JD2506,2024-09-05,45.0,low,valid,结构失真,JD2410
JD|JD2410|2024-09-05,JD,JD2410,2024-09-05,40.0,low,valid,结构失真,JD2410
JD|JD2412|2024-09-05,JD,JD2412,2024-09-05,40.0,low,valid,结构失真,JD2410
JD|JD2505|2024-09-05,JD,JD2505,2024-09-05,40.0,low,valid,结构失真,JD2410
JD|JD2507|2024-09-05,JD,JD2507,2024-09-05,12.0,none,valid,无明显触发项,JD2410
JD|JD2409|2024-09-05,JD,JD2409,2024-09-05,2.0,none,valid,目标合约流动性偏弱,JD2410
JD|JD2411|2024-09-05,JD,JD2411,2024-09-05,0.0,none,valid,无明显触发项,JD2410
JD|JD2501|2024-09-05,JD,JD2501,2024-09-05,0.0,none,valid,无明显触发项,JD2410
JD|JD2508|2024-09-05,JD,JD2508,2024-09-05,0.0,none,invalid_lifecycle_edge,样本状态=生命周期边界无效,JD2410
JD|JD2505|2024-09-06,JD,JD2505,2024-09-06,20.0,none,valid,结构失真,JD2410
JD|JD2504|2024-09-06,JD,JD2504,2024-09-06,10.0,none,valid,无明显触发项,JD2410
JD|JD2503|2024-09-06,JD,JD2503,2024-09-06,5.0,none,valid,无明显触发项,JD2410
JD|JD2506|2024-09-06,JD,JD2506,2024-09-06,5.0,none,valid,无明显触发项,JD2410
JD|JD2409|2024-09-06,JD,JD2409,2024-09-06,0.0,none,valid,目标合约流动性偏弱,JD2410
JD|JD2410|2024-09-06,JD,JD2410,2024-09-06,0.0,none,valid,无明显触发项,JD2410
JD|JD2411|2024-09-06,JD,JD2411,2024-09-06,0.0,none,valid,无明显触发项,JD2410
JD|JD2412|2024-09-06,JD,JD2412,2024-09-06,0.0,none,valid,无明显触发项,JD2410
JD|JD2501|2024-09-06,JD,JD2501,2024-09-06,0.0,none,valid,无明显触发项,JD2410
JD|JD2502|2024-09-06,JD,JD2502,2024-09-06,0.0,none,valid,无明显触发项,JD2410
JD|JD2507|2024-09-06,JD,JD2507,2024-09-06,0.0,none,valid,无明显触发项,JD2410
JD|JD2508|2024-09-06,JD,JD2508,2024-09-06,0.0,none,invalid_lifecycle_edge,样本状态=生命周期边界无效,JD2410
JD|JD2505|2024-09-09,JD,JD2505,2024-09-09,40.0,low,valid,振幅异常；结构失真,JD2501
JD|JD2501|2024-09-09,JD,JD2501,2024-09-09,20.0,none,valid,振幅异常,JD2501
JD|JD2502|2024-09-09,JD,JD2502,2024-09-09,20.0,none,valid,振幅异常,JD2501
JD|JD2503|2024-09-09,JD,JD2503,2024-09-09,20.0,none,valid,振幅异常,JD2501
JD|JD2507|2024-09-09,JD,JD2507,2024-09-09,16.0,none,valid,振幅异常,JD2501
JD|JD2504|2024-09-09,JD,JD2504,2024-09-09,13.0,none,valid,振幅异常,JD2501
JD|JD2409|2024-09-09,JD,JD2409,2024-09-09,0.0,none,valid,目标合约流动性偏弱,JD2501
JD|JD2410|2024-09-09,JD,JD2410,2024-09-09,0.0,none,valid,无明显触发项,JD2501
JD|JD2411|2024-09-09,JD,JD2411,2024-09-09,0.0,none,valid,无明显触发项,JD2501
JD|JD2412|2024-09-09,JD,JD2412,2024-09-09,0.0,none,valid,无明显触发项,JD2501
JD|JD2506|2024-09-09,JD,JD2506,2024-09-09,0.0,none,valid,无明显触发项,JD2501
JD|JD2508|2024-09-09,JD,JD2508,2024-09-09,0.0,none,invalid_insufficient_history,样本状态=历史样本不足,JD2501
JD|JD2504|2024-09-10,JD,JD2504,2024-09-10,17.0,none,valid,振幅异常,JD2501
JD|JD2412|2024-09-10,JD,JD2412,2024-09-10,16.0,none,valid,振幅异常,JD2501
JD|JD2505|2024-09-10,JD,JD2505,2024-09-10,16.0,none,valid,振幅异常,JD2501
JD|JD2501|2024-09-10,JD,JD2501,2024-09-10,11.0,none,valid,振幅异常,JD2501
JD|JD2503|2024-09-10,JD,JD2503,2024-09-10,7.0,none,valid,无明显触发项,JD2501
JD|JD2409|2024-09-10,JD,JD2409,2024-09-10,0.0,none,valid,目标合约流动性偏弱,JD2501
JD|JD2410|2024-09-10,JD,JD2410,2024-09-10,0.0,none,valid,无明显触发项,JD2501
JD|JD2411|2024-09-10,JD,JD2411,2024-09-10,0.0,none,valid,无明显触发项,JD2501
JD|JD2502|2024-09-10,JD,JD2502,2024-09-10,0.0,none,valid,无明显触发项,JD2501
JD|JD2506|2024-09-10,JD,JD2506,2024-09-10,0.0,none,valid,无明显触发项,JD2501
JD|JD2507|2024-09-10,JD,JD2507,2024-09-10,0.0,none,valid,无明显触发项,JD2501
JD|JD2508|2024-09-10,JD,JD2508,2024-09-10,0.0,none,invalid_insufficient_history,样本状态=历史样本不足,JD2501
JD|JD2502|2024-09-11,JD,JD2502,2024-09-11,63.0,medium,valid,结构失真,JD2501
JD|JD2505|2024-09-11,JD,JD2505,2024-09-11,60.0,medium,valid,结构失真,JD2501
JD|JD2503|2024-09-11,JD,JD2503,2024-09-11,44.0,low,valid,结构失真,JD2501
JD|JD2410|2024-09-11,JD,JD2410,2024-09-11,40.0,low,valid,结构失真,JD2501
JD|JD2504|2024-09-11,JD,JD2504,2024-09-11,32.0,low,valid,结构失真,JD2501
JD|JD2501|2024-09-11,JD,JD2501,2024-09-11,24.0,none,valid,结构失真,JD2501
JD|JD2507|2024-09-11,JD,JD2507,2024-09-11,24.0,none,valid,结构失真,JD2501
JD|JD2506|2024-09-11,JD,JD2506,2024-09-11,22.0,none,valid,结构失真,JD2501
JD|JD2409|2024-09-11,JD,JD2409,2024-09-11,0.0,none,valid,目标合约流动性偏弱,JD2501
JD|JD2411|2024-09-11,JD,JD2411,2024-09-11,0.0,none,valid,无明显触发项,JD2501
JD|JD2412|2024-09-11,JD,JD2412,2024-09-11,0.0,none,valid,无明显触发项,JD2501
JD|JD2508|2024-09-11,JD,JD2508,2024-09-11,0.0,none,invalid_insufficient_history,样本状态=历史样本不足,JD2501
JD|JD2410|2024-09-12,JD,JD2410,2024-09-12,53.0,medium,valid,振幅异常；结构失真,JD2501
JD|JD2501|2024-09-12,JD,JD2501,2024-09-12,4.0,none,valid,无明显触发项,JD2501
JD|JD2409|2024-09-12,JD,JD2409,2024-09-12,0.0,none,valid,目标合约流动性偏弱,JD2501
JD|JD2411|2024-09-12,JD,JD2411,2024-09-12,0.0,none,valid,无明显触发项,JD2501
JD|JD2412|2024-09-12,JD,JD2412,2024-09-12,0.0,none,valid,无明显触发项,JD2501
JD|JD2502|2024-09-12,JD,JD2502,2024-09-12,0.0,none,valid,无明显触发项,JD2501
JD|JD2503|2024-09-12,JD,JD2503,2024-09-12,0.0,none,valid,无明显触发项,JD2501
JD|JD2504|2024-09-12,JD,JD2504,2024-09-12,0.0,none,valid,无明显触发项,JD2501
JD|JD2505|2024-09-12,JD,JD2505,2024-09-12,0.0,none,valid,无明显触发项,JD2501
JD|JD2506|2024-09-12,JD,JD2506,2024-09-12,0.0,none,valid,无明显触发项,JD2501
JD|JD2507|2024-09-12,JD,JD2507,2024-09-12,0.0,none,valid,无明显触发项,JD2501
JD|JD2508|2024-09-12,JD,JD2508,2024-09-12,0.0,none,invalid_insufficient_history,样本状态=历史样本不足,JD2501
JD|JD2410|2024-09-13,JD,JD2410,2024-09-13,40.0,low,valid,结构失真,JD2501
JD|JD2507|2024-09-13,JD,JD2507,2024-09-13,32.0,low,valid,结构失真,JD2501
JD|JD2504|2024-09-13,JD,JD2504,2024-09-13,20.0,none,valid,结构失真,JD2501
JD|JD2505|2024-09-13,JD,JD2505,2024-09-13,20.0,none,valid,结构失真,JD2501
JD|JD2503|2024-09-13,JD,JD2503,2024-09-13,13.0,none,valid,无明显触发项,JD2501
JD|JD2411|2024-09-13,JD,JD2411,2024-09-13,12.0,none,valid,无明显触发项,JD2501
JD|JD2502|2024-09-13,JD,JD2502,2024-09-13,5.0,none,valid,无明显触发项,JD2501
JD|JD2506|2024-09-13,JD,JD2506,2024-09-13,5.0,none,valid,无明显触发项,JD2501
JD|JD2409|2024-09-13,JD,JD2409,2024-09-13,0.0,none,valid,目标合约流动性偏弱,JD2501
JD|JD2412|2024-09-13,JD,JD2412,2024-09-13,0.0,none,valid,无明显触发项,JD2501
JD|JD2501|2024-09-13,JD,JD2501,2024-09-13,0.0,none,valid,无明显触发项,JD2501
JD|JD2508|2024-09-13,JD,JD2508,2024-09-13,0.0,none,invalid_insufficient_history,样本状态=历史样本不足,JD2501
JD|JD2411|2024-09-18,JD,JD2411,2024-09-18,40.0,low,valid,结构失真,JD2501
JD|JD2410|2024-09-18,JD,JD2410,2024-09-18,24.0,none,valid,结构失真,JD2501
JD|JD2505|2024-09-18,JD,JD2505,2024-09-18,20.0,none,valid,结构失真,JD2501
JD|JD2507|2024-09-18,JD,JD2507,2024-09-18,20.0,none,valid,结构失真,JD2501
JD|JD2503|2024-09-18,JD,JD2503,2024-09-18,5.0,none,valid,无明显触发项,JD2501
JD|JD2504|2024-09-18,JD,JD2504,2024-09-18,5.0,none,valid,无明显触发项,JD2501
JD|JD2409|2024-09-18,JD,JD2409,2024-09-18,0.0,none,invalid_lifecycle_edge,样本状态=生命周期边界无效,JD2501
JD|JD2412|2024-09-18,JD,JD2412,2024-09-18,0.0,none,valid,无明显触发项,JD2501
JD|JD2501|2024-09-18,JD,JD2501,2024-09-18,0.0,none,valid,无明显触发项,JD2501
JD|JD2502|2024-09-18,JD,JD2502,2024-09-18,0.0,none,valid,无明显触发项,JD2501
JD|JD2506|2024-09-18,JD,JD2506,2024-09-18,0.0,none,valid,无明显触发项,JD2501
JD|JD2508|2024-09-18,JD,JD2508,2024-09-18,0.0,none,invalid_insufficient_history,样本状态=历史样本不足,JD2501
JD|JD2502|2024-09-19,JD,JD2502,2024-09-19,60.0,medium,valid,结构失真,JD2501
JD|JD2503|2024-09-19,JD,JD2503,2024-09-19,60.0,medium,valid,结构失真,JD2501
JD|JD2504|2024-09-19,JD,JD2504,2024-09-19,60.0,medium,valid,结构失真,JD2501
JD|JD2505|2024-09-19,JD,JD2505,2024-09-19,60.0,medium,valid,结构失真,JD2501
JD|JD2506|2024-09-19,JD,JD2506,2024-09-19,60.0,medium,valid,结构失真,JD2501
JD|JD2507|2024-09-19,JD,JD2507,2024-09-19,60.0,medium,valid,结构失真,JD2501
JD|JD2410|2024-09-19,JD,JD2410,2024-09-19,40.0,low,valid,结构失真,JD2501
JD|JD2501|2024-09-19,JD,JD2501,2024-09-19,40.0,low,valid,结构失真,JD2501
JD|JD2412|2024-09-19,JD,JD2412,2024-09-19,24.0,none,valid,结构失真,JD2501
JD|JD2409|2024-09-19,JD,JD2409,2024-09-19,0.0,none,invalid_lifecycle_edge,样本状态=生命周期边界无效,JD2501
JD|JD2411|2024-09-19,JD,JD2411,2024-09-19,0.0,none,valid,无明显触发项,JD2501
JD|JD2508|2024-09-19,JD,JD2508,2024-09-19,0.0,none,invalid_insufficient_history,样本状态=历史样本不足,JD2501
JD|JD2504|2024-09-20,JD,JD2504,2024-09-20,16.0,none,valid,振幅异常,JD2501
JD|JD2502|2024-09-20,JD,JD2502,2024-09-20,13.0,none,valid,振幅异常,JD2501
JD|JD2503|2024-09-20,JD,JD2503,2024-09-20,13.0,none,valid,振幅异常,JD2501
JD|JD2501|2024-09-20,JD,JD2501,2024-09-20,9.0,none,valid,振幅异常,JD2501
JD|JD2505|2024-09-20,JD,JD2505,2024-09-20,9.0,none,valid,振幅异常,JD2501
JD|JD2412|2024-09-20,JD,JD2412,2024-09-20,7.0,none,valid,无明显触发项,JD2501
JD|JD2411|2024-09-20,JD,JD2411,2024-09-20,5.0,none,valid,无明显触发项,JD2501
JD|JD2506|2024-09-20,JD,JD2506,2024-09-20,4.0,none,valid,无明显触发项,JD2501
JD|JD2409|2024-09-20,JD,JD2409,2024-09-20,0.0,none,invalid_lifecycle_edge,样本状态=生命周期边界无效,JD2501
JD|JD2410|2024-09-20,JD,JD2410,2024-09-20,0.0,none,valid,无明显触发项,JD2501
JD|JD2507|2024-09-20,JD,JD2507,2024-09-20,0.0,none,valid,无明显触发项,JD2501
JD|JD2508|2024-09-20,JD,JD2508,2024-09-20,0.0,none,invalid_insufficient_history,样本状态=历史样本不足,JD2501
JD|JD2410|2024-09-23,JD,JD2410,2024-09-23,17.0,none,valid,振幅异常,JD2501
JD|JD2411|2024-09-23,JD,JD2411,2024-09-23,17.0,none,valid,振幅异常,JD2501
JD|JD2505|2024-09-23,JD,JD2505,2024-09-23,16.0,none,valid,振幅异常,JD2501
JD|JD2506|2024-09-23,JD,JD2506,2024-09-23,16.0,none,valid,振幅异常,JD2501
JD|JD2501|2024-09-23,JD,JD2501,2024-09-23,13.0,none,valid,振幅异常,JD2501
JD|JD2502|2024-09-23,JD,JD2502,2024-09-23,13.0,none,valid,振幅异常,JD2501
JD|JD2503|2024-09-23,JD,JD2503,2024-09-23,13.0,none,valid,振幅异常,JD2501
JD|JD2507|2024-09-23,JD,JD2507,2024-09-23,7.0,none,valid,无明显触发项,JD2501
JD|JD2504|2024-09-23,JD,JD2504,2024-09-23,5.0,none,valid,无明显触发项,JD2501
JD|JD2412|2024-09-23,JD,JD2412,2024-09-23,4.0,none,valid,无明显触发项,JD2501
JD|JD2409|2024-09-23,JD,JD2409,2024-09-23,0.0,none,invalid_lifecycle_edge,样本状态=生命周期边界无效,JD2501
JD|JD2508|2024-09-23,JD,JD2508,2024-09-23,0.0,none,invalid_insufficient_history,样本状态=历史样本不足,JD2501
JD|JD2410|2024-09-24,JD,JD2410,2024-09-24,60.0,medium,valid,振幅异常；结构失真,JD2501
JD|JD2411|2024-09-24,JD,JD2411,2024-09-24,24.0,none,valid,结构失真,JD2501
JD|JD2507|2024-09-24,JD,JD2507,2024-09-24,24.0,none,valid,结构失真,JD2501
JD|JD2505|2024-09-24,JD,JD2505,2024-09-24,4.0,none,valid,无明显触发项,JD2501
JD|JD2506|2024-09-24,JD,JD2506,2024-09-24,4.0,none,valid,无明显触发项,JD2501
JD|JD2409|2024-09-24,JD,JD2409,2024-09-24,0.0,none,invalid_lifecycle_edge,样本状态=生命周期边界无效,JD2501
JD|JD2412|2024-09-24,JD,JD2412,2024-09-24,0.0,none,valid,无明显触发项,JD2501
JD|JD2501|2024-09-24,JD,JD2501,2024-09-24,0.0,none,valid,无明显触发项,JD2501
JD|JD2502|2024-09-24,JD,JD2502,2024-09-24,0.0,none,valid,无明显触发项,JD2501
JD|JD2503|2024-09-24,JD,JD2503,2024-09-24,0.0,none,valid,无明显触发项,JD2501
JD|JD2504|2024-09-24,JD,JD2504,2024-09-24,0.0,none,valid,无明显触发项,JD2501
JD|JD2508|2024-09-24,JD,JD2508,2024-09-24,0.0,none,invalid_insufficient_history,样本状态=历史样本不足,JD2501
JD|JD2409|2024-09-25,JD,JD2409,2024-09-25,0.0,none,invalid_basic_data,无活跃可比合约；样本状态=基础数据无效,JD2501
JD|JD2410|2024-09-25,JD,JD2410,2024-09-25,0.0,none,invalid_basic_data,无活跃可比合约；样本状态=基础数据无效,JD2501
JD|JD2411|2024-09-25,JD,JD2411,2024-09-25,0.0,none,invalid_basic_data,无活跃可比合约；样本状态=基础数据无效,JD2501
JD|JD2412|2024-09-25,JD,JD2412,2024-09-25,0.0,none,invalid_basic_data,无活跃可比合约；样本状态=基础数据无效,JD2501
JD|JD2501|2024-09-25,JD,JD2501,2024-09-25,0.0,none,invalid_basic_data,无活跃可比合约；样本状态=基础数据无效,JD2501
JD|JD2502|2024-09-25,JD,JD2502,2024-09-25,0.0,none,invalid_basic_data,无活跃可比合约；样本状态=基础数据无效,JD2501
JD|JD2503|2024-09-25,JD,JD2503,2024-09-25,0.0,none,invalid_basic_data,无活跃可比合约；样本状态=基础数据无效,JD2501
JD|JD2504|2024-09-25,JD,JD2504,2024-09-25,0.0,none,invalid_basic_data,无活跃可比合约；样本状态=基础数据无效,JD2501
JD|JD2505|2024-09-25,JD,JD2505,2024-09-25,0.0,none,invalid_basic_data,无活跃可比合约；样本状态=基础数据无效,JD2501
JD|JD2506|2024-09-25,JD,JD2506,2024-09-25,0.0,none,invalid_basic_data,无活跃可比合约；样本状态=基础数据无效,JD2501
JD|JD2507|2024-09-25,JD,JD2507,2024-09-25,0.0,none,invalid_basic_data,无活跃可比合约；样本状态=基础数据无效,JD2501
JD|JD2508|2024-09-25,JD,JD2508,2024-09-25,0.0,none,invalid_basic_data,无活跃可比合约；样本状态=基础数据无效,JD2501
JD|JD2508|2024-09-26,JD,JD2508,2024-09-26,40.0,low,valid,结构失真,JD2501
JD|JD2410|2024-09-26,JD,JD2410,2024-09-26,10.0,none,valid,振幅异常；目标合约流动性偏弱,JD2501
JD|JD2507|2024-09-26,JD,JD2507,2024-09-26,5.0,none,valid,无明显触发项,JD2501
JD|JD2411|2024-09-26,JD,JD2411,2024-09-26,0.0,none,valid,无明显触发项,JD2501
JD|JD2412|2024-09-26,JD,JD2412,2024-09-26,0.0,none,valid,无明显触发项,JD2501
JD|JD2501|2024-09-26,JD,JD2501,2024-09-26,0.0,none,valid,无明显触发项,JD2501
JD|JD2502|2024-09-26,JD,JD2502,2024-09-26,0.0,none,valid,无明显触发项,JD2501
JD|JD2503|2024-09-26,JD,JD2503,2024-09-26,0.0,none,valid,无明显触发项,JD2501
JD|JD2504|2024-09-26,JD,JD2504,2024-09-26,0.0,none,valid,无明显触发项,JD2501
JD|JD2505|2024-09-26,JD,JD2505,2024-09-26,0.0,none,valid,无明显触发项,JD2501
JD|JD2506|2024-09-26,JD,JD2506,2024-09-26,0.0,none,valid,无明显触发项,JD2501
JD|JD2509|2024-09-26,JD,JD2509,2024-09-26,0.0,none,invalid_lifecycle_edge,样本状态=生命周期边界无效,JD2501
JD|JD2411|2024-09-27,JD,JD2411,2024-09-27,60.0,medium,valid,结构失真,JD2501
JD|JD2508|2024-09-27,JD,JD2508,2024-09-27,60.0,medium,valid,结构失真,JD2501
JD|JD2410|2024-09-27,JD,JD2410,2024-09-27,58.0,medium,valid,振幅异常；结构失真；目标合约流动性偏弱,JD2501
JD|JD2412|2024-09-27,JD,JD2412,2024-09-27,50.0,medium,valid,结构失真,JD2501
JD|JD2501|2024-09-27,JD,JD2501,2024-09-27,0.0,none,valid,无明显触发项,JD2501
JD|JD2502|2024-09-27,JD,JD2502,2024-09-27,0.0,none,valid,无明显触发项,JD2501
JD|JD2503|2024-09-27,JD,JD2503,2024-09-27,0.0,none,valid,无明显触发项,JD2501
JD|JD2504|2024-09-27,JD,JD2504,2024-09-27,0.0,none,valid,无明显触发项,JD2501
JD|JD2505|2024-09-27,JD,JD2505,2024-09-27,0.0,none,valid,无明显触发项,JD2501
JD|JD2506|2024-09-27,JD,JD2506,2024-09-27,0.0,none,valid,无明显触发项,JD2501
JD|JD2507|2024-09-27,JD,JD2507,2024-09-27,0.0,none,valid,无明显触发项,JD2501
JD|JD2509|2024-09-27,JD,JD2509,2024-09-27,0.0,none,invalid_lifecycle_edge,样本状态=生命周期边界无效,JD2501
JD|JD2508|2024-09-30,JD,JD2508,2024-09-30,60.0,medium,valid,结构失真,JD2501
JD|JD2410|2024-09-30,JD,JD2410,2024-09-30,24.0,none,valid,结构失真；目标合约流动性偏弱,JD2501
JD|JD2411|2024-09-30,JD,JD2411,2024-09-30,24.0,none,valid,结构失真,JD2501
JD|JD2412|2024-09-30,JD,JD2412,2024-09-30,22.0,none,valid,结构失真,JD2501
JD|JD2507|2024-09-30,JD,JD2507,2024-09-30,13.0,none,valid,振幅异常,JD2501
JD|JD2504|2024-09-30,JD,JD2504,2024-09-30,8.0,none,valid,振幅异常,JD2501
JD|JD2506|2024-09-30,JD,JD2506,2024-09-30,3.0,none,valid,无明显触发项,JD2501
JD|JD2501|2024-09-30,JD,JD2501,2024-09-30,0.0,none,valid,无明显触发项,JD2501
JD|JD2502|2024-09-30,JD,JD2502,2024-09-30,0.0,none,valid,无明显触发项,JD2501
JD|JD2503|2024-09-30,JD,JD2503,2024-09-30,0.0,none,valid,无明显触发项,JD2501
JD|JD2505|2024-09-30,JD,JD2505,2024-09-30,0.0,none,valid,无明显触发项,JD2501
JD|JD2509|2024-09-30,JD,JD2509,2024-09-30,0.0,none,invalid_lifecycle_edge,样本状态=生命周期边界无效,JD2501
JD|JD2508|2024-10-08,JD,JD2508,2024-10-08,60.0,medium,valid,结构失真,JD2501
JD|JD2411|2024-10-08,JD,JD2411,2024-10-08,44.0,low,valid,结构失真,JD2501
JD|JD2412|2024-10-08,JD,JD2412,2024-10-08,44.0,low,valid,结构失真,JD2501
JD|JD2506|2024-10-08,JD,JD2506,2024-10-08,16.0,none,valid,振幅异常,JD2501
JD|JD2501|2024-10-08,JD,JD2501,2024-10-08,7.0,none,valid,无明显触发项,JD2501
JD|JD2410|2024-10-08,JD,JD2410,2024-10-08,5.0,none,valid,振幅异常；目标合约流动性偏弱,JD2501
JD|JD2507|2024-10-08,JD,JD2507,2024-10-08,3.0,none,valid,无明显触发项,JD2501
JD|JD2502|2024-10-08,JD,JD2502,2024-10-08,0.0,none,valid,无明显触发项,JD2501
JD|JD2503|2024-10-08,JD,JD2503,2024-10-08,0.0,none,valid,无明显触发项,JD2501
JD|JD2504|2024-10-08,JD,JD2504,2024-10-08,0.0,none,valid,无明显触发项,JD2501
JD|JD2505|2024-10-08,JD,JD2505,2024-10-08,0.0,none,valid,无明显触发项,JD2501
JD|JD2509|2024-10-08,JD,JD2509,2024-10-08,0.0,none,invalid_insufficient_history,样本状态=历史样本不足,JD2501
JD|JD2411|2024-10-09,JD,JD2411,2024-10-09,60.0,medium,valid,结构失真,JD2501
JD|JD2508|2024-10-09,JD,JD2508,2024-10-09,60.0,medium,valid,结构失真,JD2501
JD|JD2410|2024-10-09,JD,JD2410,2024-10-09,40.0,low,valid,结构失真；目标合约流动性偏弱,JD2501
JD|JD2412|2024-10-09,JD,JD2412,2024-10-09,40.0,low,valid,结构失真,JD2501
JD|JD2501|2024-10-09,JD,JD2501,2024-10-09,0.0,none,valid,无明显触发项,JD2501
JD|JD2502|2024-10-09,JD,JD2502,2024-10-09,0.0,none,valid,无明显触发项,JD2501
JD|JD2503|2024-10-09,JD,JD2503,2024-10-09,0.0,none,valid,无明显触发项,JD2501
JD|JD2504|2024-10-09,JD,JD2504,2024-10-09,0.0,none,valid,无明显触发项,JD2501
JD|JD2505|2024-10-09,JD,JD2505,2024-10-09,0.0,none,valid,无明显触发项,JD2501
JD|JD2506|2024-10-09,JD,JD2506,2024-10-09,0.0,none,valid,无明显触发项,JD2501
JD|JD2507|2024-10-09,JD,JD2507,2024-10-09,0.0,none,valid,无明显触发项,JD2501
JD|JD2509|2024-10-09,JD,JD2509,2024-10-09,0.0,none,invalid_insufficient_history,样本状态=历史样本不足,JD2501
JD|JD2412|2024-10-10,JD,JD2412,2024-10-10,60.0,medium,valid,结构失真,JD2501
JD|JD2508|2024-10-10,JD,JD2508,2024-10-10,60.0,medium,valid,结构失真,JD2501
JD|JD2411|2024-10-10,JD,JD2411,2024-10-10,50.0,medium,valid,结构失真,JD2501
JD|JD2503|2024-10-10,JD,JD2503,2024-10-10,40.0,low,valid,结构失真,JD2501
JD|JD2410|2024-10-10,JD,JD2410,2024-10-10,30.0,low,valid,结构失真；目标合约流动性偏弱,JD2501
JD|JD2502|2024-10-10,JD,JD2502,2024-10-10,24.0,none,valid,结构失真,JD2501
JD|JD2501|2024-10-10,JD,JD2501,2024-10-10,0.0,none,valid,无明显触发项,JD2501
JD|JD2504|2024-10-10,JD,JD2504,2024-10-10,0.0,none,valid,无明显触发项,JD2501
JD|JD2505|2024-10-10,JD,JD2505,2024-10-10,0.0,none,valid,无明显触发项,JD2501
JD|JD2506|2024-10-10,JD,JD2506,2024-10-10,0.0,none,valid,无明显触发项,JD2501
JD|JD2507|2024-10-10,JD,JD2507,2024-10-10,0.0,none,valid,无明显触发项,JD2501
JD|JD2509|2024-10-10,JD,JD2509,2024-10-10,0.0,none,invalid_insufficient_history,样本状态=历史样本不足,JD2501
JD|JD2508|2024-10-11,JD,JD2508,2024-10-11,60.0,medium,valid,结构失真,JD2501
JD|JD2411|2024-10-11,JD,JD2411,2024-10-11,17.0,none,valid,无明显触发项,JD2501
JD|JD2412|2024-10-11,JD,JD2412,2024-10-11,12.0,none,valid,无明显触发项,JD2501
JD|JD2410|2024-10-11,JD,JD2410,2024-10-11,2.0,none,valid,目标合约流动性偏弱,JD2501
JD|JD2501|2024-10-11,JD,JD2501,2024-10-11,0.0,none,valid,无明显触发项,JD2501
JD|JD2502|2024-10-11,JD,JD2502,2024-10-11,0.0,none,valid,无明显触发项,JD2501
JD|JD2503|2024-10-11,JD,JD2503,2024-10-11,0.0,none,valid,无明显触发项,JD2501
JD|JD2504|2024-10-11,JD,JD2504,2024-10-11,0.0,none,valid,无明显触发项,JD2501
JD|JD2505|2024-10-11,JD,JD2505,2024-10-11,0.0,none,valid,无明显触发项,JD2501
JD|JD2506|2024-10-11,JD,JD2506,2024-10-11,0.0,none,valid,无明显触发项,JD2501
JD|JD2507|2024-10-11,JD,JD2507,2024-10-11,0.0,none,valid,无明显触发项,JD2501
JD|JD2509|2024-10-11,JD,JD2509,2024-10-11,0.0,none,invalid_insufficient_history,样本状态=历史样本不足,JD2501
JD|JD2508|2024-10-14,JD,JD2508,2024-10-14,60.0,medium,valid,结构失真,JD2501
JD|JD2412|2024-10-14,JD,JD2412,2024-10-14,44.0,low,valid,结构失真,JD2501
JD|JD2411|2024-10-14,JD,JD2411,2024-10-14,32.0,low,valid,结构失真,JD2501
JD|JD2410|2024-10-14,JD,JD2410,2024-10-14,12.0,none,valid,振幅异常；目标合约流动性偏弱,JD2501
JD|JD2501|2024-10-14,JD,JD2501,2024-10-14,0.0,none,valid,无明显触发项,JD2501
JD|JD2502|2024-10-14,JD,JD2502,2024-10-14,0.0,none,valid,无明显触发项,JD2501
JD|JD2503|2024-10-14,JD,JD2503,2024-10-14,0.0,none,valid,无明显触发项,JD2501
JD|JD2504|2024-10-14,JD,JD2504,2024-10-14,0.0,none,valid,无明显触发项,JD2501
JD|JD2505|2024-10-14,JD,JD2505,2024-10-14,0.0,none,valid,无明显触发项,JD2501
JD|JD2506|2024-10-14,JD,JD2506,2024-10-14,0.0,none,valid,无明显触发项,JD2501
JD|JD2507|2024-10-14,JD,JD2507,2024-10-14,0.0,none,valid,无明显触发项,JD2501
JD|JD2509|2024-10-14,JD,JD2509,2024-10-14,0.0,none,invalid_insufficient_history,样本状态=历史样本不足,JD2501
JD|JD2508|2024-10-15,JD,JD2508,2024-10-15,60.0,medium,valid,结构失真,JD2501
JD|JD2412|2024-10-15,JD,JD2412,2024-10-15,29.0,none,valid,结构失真,JD2501
JD|JD2411|2024-10-15,JD,JD2411,2024-10-15,17.0,none,valid,无明显触发项,JD2501
JD|JD2410|2024-10-15,JD,JD2410,2024-10-15,0.0,none,valid,目标合约流动性偏弱,JD2501
JD|JD2501|2024-10-15,JD,JD2501,2024-10-15,0.0,none,valid,无明显触发项,JD2501
JD|JD2502|2024-10-15,JD,JD2502,2024-10-15,0.0,none,valid,无明显触发项,JD2501
JD|JD2503|2024-10-15,JD,JD2503,2024-10-15,0.0,none,valid,无明显触发项,JD2501
JD|JD2504|2024-10-15,JD,JD2504,2024-10-15,0.0,none,valid,无明显触发项,JD2501
JD|JD2505|2024-10-15,JD,JD2505,2024-10-15,0.0,none,valid,无明显触发项,JD2501
JD|JD2506|2024-10-15,JD,JD2506,2024-10-15,0.0,none,valid,无明显触发项,JD2501
JD|JD2507|2024-10-15,JD,JD2507,2024-10-15,0.0,none,valid,无明显触发项,JD2501
JD|JD2509|2024-10-15,JD,JD2509,2024-10-15,0.0,none,invalid_insufficient_history,样本状态=历史样本不足,JD2501
JD|JD2508|2024-10-16,JD,JD2508,2024-10-16,50.0,medium,valid,结构失真,JD2501
JD|JD2411|2024-10-16,JD,JD2411,2024-10-16,20.0,none,valid,振幅异常,JD2501
JD|JD2410|2024-10-16,JD,JD2410,2024-10-16,0.0,none,valid,目标合约流动性偏弱,JD2501
JD|JD2412|2024-10-16,JD,JD2412,2024-10-16,0.0,none,valid,无明显触发项,JD2501
JD|JD2501|2024-10-16,JD,JD2501,2024-10-16,0.0,none,valid,无明显触发项,JD2501
JD|JD2502|2024-10-16,JD,JD2502,2024-10-16,0.0,none,valid,无明显触发项,JD2501
JD|JD2503|2024-10-16,JD,JD2503,2024-10-16,0.0,none,valid,无明显触发项,JD2501
JD|JD2504|2024-10-16,JD,JD2504,2024-10-16,0.0,none,valid,无明显触发项,JD2501
JD|JD2505|2024-10-16,JD,JD2505,2024-10-16,0.0,none,valid,无明显触发项,JD2501
JD|JD2506|2024-10-16,JD,JD2506,2024-10-16,0.0,none,valid,无明显触发项,JD2501
JD|JD2507|2024-10-16,JD,JD2507,2024-10-16,0.0,none,valid,无明显触发项,JD2501
JD|JD2509|2024-10-16,JD,JD2509,2024-10-16,0.0,none,invalid_insufficient_history,样本状态=历史样本不足,JD2501
JD|JD2412|2024-10-17,JD,JD2412,2024-10-17,7.0,none,valid,无明显触发项,JD2501
JD|JD2506|2024-10-17,JD,JD2506,2024-10-17,3.0,none,valid,无明显触发项,JD2501
JD|JD2410|2024-10-17,JD,JD2410,2024-10-17,0.0,none,valid,目标合约流动性偏弱,JD2501
JD|JD2411|2024-10-17,JD,JD2411,2024-10-17,0.0,none,valid,无明显触发项,JD2501
JD|JD2501|2024-10-17,JD,JD2501,2024-10-17,0.0,none,valid,无明显触发项,JD2501
JD|JD2502|2024-10-17,JD,JD2502,2024-10-17,0.0,none,valid,无明显触发项,JD2501
JD|JD2503|2024-10-17,JD,JD2503,2024-10-17,0.0,none,valid,无明显触发项,JD2501
JD|JD2504|2024-10-17,JD,JD2504,2024-10-17,0.0,none,valid,无明显触发项,JD2501
JD|JD2505|2024-10-17,JD,JD2505,2024-10-17,0.0,none,valid,无明显触发项,JD2501
JD|JD2507|2024-10-17,JD,JD2507,2024-10-17,0.0,none,valid,无明显触发项,JD2501
JD|JD2508|2024-10-17,JD,JD2508,2024-10-17,0.0,none,valid,无明显触发项,JD2501
JD|JD2509|2024-10-17,JD,JD2509,2024-10-17,0.0,none,invalid_insufficient_history,样本状态=历史样本不足,JD2501
JD|JD2410|2024-10-18,JD,JD2410,2024-10-18,0.0,none,valid,目标合约流动性偏弱,JD2501
JD|JD2411|2024-10-18,JD,JD2411,2024-10-18,0.0,none,valid,无明显触发项,JD2501
JD|JD2412|2024-10-18,JD,JD2412,2024-10-18,0.0,none,valid,无明显触发项,JD2501
JD|JD2501|2024-10-18,JD,JD2501,2024-10-18,0.0,none,valid,无明显触发项,JD2501
JD|JD2502|2024-10-18,JD,JD2502,2024-10-18,0.0,none,valid,无明显触发项,JD2501
JD|JD2503|2024-10-18,JD,JD2503,2024-10-18,0.0,none,valid,无明显触发项,JD2501
JD|JD2504|2024-10-18,JD,JD2504,2024-10-18,0.0,none,valid,无明显触发项,JD2501
JD|JD2505|2024-10-18,JD,JD2505,2024-10-18,0.0,none,valid,无明显触发项,JD2501
JD|JD2506|2024-10-18,JD,JD2506,2024-10-18,0.0,none,valid,无明显触发项,JD2501
JD|JD2507|2024-10-18,JD,JD2507,2024-10-18,0.0,none,valid,无明显触发项,JD2501
JD|JD2508|2024-10-18,JD,JD2508,2024-10-18,0.0,none,valid,无明显触发项,JD2501
JD|JD2509|2024-10-18,JD,JD2509,2024-10-18,0.0,none,invalid_insufficient_history,样本状态=历史样本不足,JD2501
JD|JD2410|2024-10-21,JD,JD2410,2024-10-21,0.0,none,invalid_lifecycle_edge,样本状态=生命周期边界无效,JD2501
JD|JD2411|2024-10-21,JD,JD2411,2024-10-21,0.0,none,valid,无明显触发项,JD2501
JD|JD2412|2024-10-21,JD,JD2412,2024-10-21,0.0,none,valid,无明显触发项,JD2501
JD|JD2501|2024-10-21,JD,JD2501,2024-10-21,0.0,none,valid,无明显触发项,JD2501
JD|JD2502|2024-10-21,JD,JD2502,2024-10-21,0.0,none,valid,无明显触发项,JD2501
JD|JD2503|2024-10-21,JD,JD2503,2024-10-21,0.0,none,valid,无明显触发项,JD2501
JD|JD2504|2024-10-21,JD,JD2504,2024-10-21,0.0,none,valid,无明显触发项,JD2501
JD|JD2505|2024-10-21,JD,JD2505,2024-10-21,0.0,none,valid,无明显触发项,JD2501
JD|JD2506|2024-10-21,JD,JD2506,2024-10-21,0.0,none,valid,无明显触发项,JD2501
JD|JD2507|2024-10-21,JD,JD2507,2024-10-21,0.0,none,valid,无明显触发项,JD2501
JD|JD2508|2024-10-21,JD,JD2508,2024-10-21,0.0,none,valid,无明显触发项,JD2501
JD|JD2509|2024-10-21,JD,JD2509,2024-10-21,0.0,none,invalid_insufficient_history,样本状态=历史样本不足,JD2501
JD|JD2509|2024-10-22,JD,JD2509,2024-10-22,40.0,low,valid,结构失真,JD2501
JD|JD2411|2024-10-22,JD,JD2411,2024-10-22,32.0,low,valid,结构失真,JD2501
JD|JD2502|2024-10-22,JD,JD2502,2024-10-22,12.0,none,valid,无明显触发项,JD2501
JD|JD2503|2024-10-22,JD,JD2503,2024-10-22,12.0,none,valid,无明显触发项,JD2501
JD|JD2412|2024-10-22,JD,JD2412,2024-10-22,0.0,none,valid,无明显触发项,JD2501
JD|JD2501|2024-10-22,JD,JD2501,2024-10-22,0.0,none,valid,无明显触发项,JD2501
JD|JD2504|2024-10-22,JD,JD2504,2024-10-22,0.0,none,valid,无明显触发项,JD2501
JD|JD2505|2024-10-22,JD,JD2505,2024-10-22,0.0,none,valid,无明显触发项,JD2501
JD|JD2506|2024-10-22,JD,JD2506,2024-10-22,0.0,none,valid,无明显触发项,JD2501
JD|JD2507|2024-10-22,JD,JD2507,2024-10-22,0.0,none,valid,无明显触发项,JD2501
JD|JD2508|2024-10-22,JD,JD2508,2024-10-22,0.0,none,valid,无明显触发项,JD2501
JD|JD2411|2024-10-23,JD,JD2411,2024-10-23,44.0,low,valid,结构失真,JD2501
JD|JD2412|2024-10-23,JD,JD2412,2024-10-23,44.0,low,valid,结构失真,JD2501
JD|JD2509|2024-10-23,JD,JD2509,2024-10-23,40.0,low,valid,结构失真,JD2501
JD|JD2410|2024-10-23,JD,JD2410,2024-10-23,0.0,none,invalid_lifecycle_edge,样本状态=生命周期边界无效,JD2501
JD|JD2501|2024-10-23,JD,JD2501,2024-10-23,0.0,none,valid,无明显触发项,JD2501
JD|JD2502|2024-10-23,JD,JD2502,2024-10-23,0.0,none,valid,无明显触发项,JD2501
JD|JD2503|2024-10-23,JD,JD2503,2024-10-23,0.0,none,valid,无明显触发项,JD2501
JD|JD2504|2024-10-23,JD,JD2504,2024-10-23,0.0,none,valid,无明显触发项,JD2501
JD|JD2505|2024-10-23,JD,JD2505,2024-10-23,0.0,none,valid,无明显触发项,JD2501
JD|JD2506|2024-10-23,JD,JD2506,2024-10-23,0.0,none,valid,无明显触发项,JD2501
JD|JD2507|2024-10-23,JD,JD2507,2024-10-23,0.0,none,valid,无明显触发项,JD2501
JD|JD2508|2024-10-23,JD,JD2508,2024-10-23,0.0,none,valid,无明显触发项,JD2501
JD|JD2509|2024-10-24,JD,JD2509,2024-10-24,40.0,low,valid,结构失真,JD2501
JD|JD2410|2024-10-24,JD,JD2410,2024-10-24,0.0,none,invalid_lifecycle_edge,样本状态=生命周期边界无效,JD2501
JD|JD2411|2024-10-24,JD,JD2411,2024-10-24,0.0,none,valid,无明显触发项,JD2501
JD|JD2412|2024-10-24,JD,JD2412,2024-10-24,0.0,none,valid,无明显触发项,JD2501
JD|JD2501|2024-10-24,JD,JD2501,2024-10-24,0.0,none,valid,无明显触发项,JD2501
JD|JD2502|2024-10-24,JD,JD2502,2024-10-24,0.0,none,valid,无明显触发项,JD2501
JD|JD2503|2024-10-24,JD,JD2503,2024-10-24,0.0,none,valid,无明显触发项,JD2501
JD|JD2504|2024-10-24,JD,JD2504,2024-10-24,0.0,none,valid,无明显触发项,JD2501
JD|JD2505|2024-10-24,JD,JD2505,2024-10-24,0.0,none,valid,无明显触发项,JD2501
JD|JD2506|2024-10-24,JD,JD2506,2024-10-24,0.0,none,valid,无明显触发项,JD2501
JD|JD2507|2024-10-24,JD,JD2507,2024-10-24,0.0,none,valid,无明显触发项,JD2501
JD|JD2508|2024-10-24,JD,JD2508,2024-10-24,0.0,none,valid,无明显触发项,JD2501
JD|JD2411|2024-10-25,JD,JD2411,2024-10-25,40.0,low,valid,结构失真,JD2501
JD|JD2412|2024-10-25,JD,JD2412,2024-10-25,40.0,low,valid,结构失真,JD2501
JD|JD2502|2024-10-25,JD,JD2502,2024-10-25,40.0,low,valid,结构失真,JD2501
JD|JD2503|2024-10-25,JD,JD2503,2024-10-25,40.0,low,valid,结构失真,JD2501
JD|JD2506|2024-10-25,JD,JD2506,2024-10-25,40.0,low,valid,结构失真,JD2501
JD|JD2508|2024-10-25,JD,JD2508,2024-10-25,40.0,low,valid,结构失真,JD2501
JD|JD2509|2024-10-25,JD,JD2509,2024-10-25,40.0,low,valid,结构失真,JD2501
JD|JD2504|2024-10-25,JD,JD2504,2024-10-25,12.0,none,valid,无明显触发项,JD2501
JD|JD2505|2024-10-25,JD,JD2505,2024-10-25,12.0,none,valid,无明显触发项,JD2501
JD|JD2410|2024-10-25,JD,JD2410,2024-10-25,0.0,none,invalid_lifecycle_edge,样本状态=生命周期边界无效,JD2501
JD|JD2501|2024-10-25,JD,JD2501,2024-10-25,0.0,none,valid,无明显触发项,JD2501
JD|JD2507|2024-10-25,JD,JD2507,2024-10-25,0.0,none,valid,无明显触发项,JD2501
JD|JD2509|2024-10-28,JD,JD2509,2024-10-28,40.0,low,valid,结构失真,JD2501
JD|JD2411|2024-10-28,JD,JD2411,2024-10-28,4.0,none,valid,无明显触发项,JD2501
JD|JD2410|2024-10-28,JD,JD2410,2024-10-28,0.0,none,invalid_lifecycle_edge,样本状态=生命周期边界无效,JD2501
JD|JD2412|2024-10-28,JD,JD2412,2024-10-28,0.0,none,valid,无明显触发项,JD2501
JD|JD2501|2024-10-28,JD,JD2501,2024-10-28,0.0,none,valid,无明显触发项,JD2501
JD|JD2502|2024-10-28,JD,JD2502,2024-10-28,0.0,none,valid,无明显触发项,JD2501
JD|JD2503|2024-10-28,JD,JD2503,2024-10-28,0.0,none,valid,无明显触发项,JD2501
JD|JD2504|2024-10-28,JD,JD2504,2024-10-28,0.0,none,valid,无明显触发项,JD2501
JD|JD2505|2024-10-28,JD,JD2505,2024-10-28,0.0,none,valid,无明显触发项,JD2501
JD|JD2506|2024-10-28,JD,JD2506,2024-10-28,0.0,none,valid,无明显触发项,JD2501
JD|JD2507|2024-10-28,JD,JD2507,2024-10-28,0.0,none,valid,无明显触发项,JD2501
JD|JD2508|2024-10-28,JD,JD2508,2024-10-28,0.0,none,valid,无明显触发项,JD2501
JD|JD2509|2024-10-29,JD,JD2509,2024-10-29,60.0,medium,valid,结构失真,JD2501
JD|JD2411|2024-10-29,JD,JD2411,2024-10-29,0.0,none,valid,目标合约流动性偏弱,JD2501
JD|JD2412|2024-10-29,JD,JD2412,2024-10-29,0.0,none,valid,无明显触发项,JD2501
JD|JD2501|2024-10-29,JD,JD2501,2024-10-29,0.0,none,valid,无明显触发项,JD2501
JD|JD2502|2024-10-29,JD,JD2502,2024-10-29,0.0,none,valid,无明显触发项,JD2501
JD|JD2503|2024-10-29,JD,JD2503,2024-10-29,0.0,none,valid,无明显触发项,JD2501
JD|JD2504|2024-10-29,JD,JD2504,2024-10-29,0.0,none,valid,无明显触发项,JD2501
JD|JD2505|2024-10-29,JD,JD2505,2024-10-29,0.0,none,valid,无明显触发项,JD2501
JD|JD2506|2024-10-29,JD,JD2506,2024-10-29,0.0,none,valid,无明显触发项,JD2501
JD|JD2507|2024-10-29,JD,JD2507,2024-10-29,0.0,none,valid,无明显触发项,JD2501
JD|JD2508|2024-10-29,JD,JD2508,2024-10-29,0.0,none,valid,无明显触发项,JD2501
JD|JD2509|2024-10-30,JD,JD2509,2024-10-30,60.0,medium,valid,结构失真,JD2501
JD|JD2411|2024-10-30,JD,JD2411,2024-10-30,28.0,none,valid,振幅异常；结构失真,JD2501
JD|JD2412|2024-10-30,JD,JD2412,2024-10-30,20.0,none,valid,结构失真,JD2501
JD|JD2501|2024-10-30,JD,JD2501,2024-10-30,0.0,none,valid,无明显触发项,JD2501
JD|JD2502|2024-10-30,JD,JD2502,2024-10-30,0.0,none,valid,无明显触发项,JD2501
JD|JD2503|2024-10-30,JD,JD2503,2024-10-30,0.0,none,valid,无明显触发项,JD2501
JD|JD2504|2024-10-30,JD,JD2504,2024-10-30,0.0,none,valid,无明显触发项,JD2501
JD|JD2505|2024-10-30,JD,JD2505,2024-10-30,0.0,none,valid,无明显触发项,JD2501
JD|JD2506|2024-10-30,JD,JD2506,2024-10-30,0.0,none,valid,无明显触发项,JD2501
JD|JD2507|2024-10-30,JD,JD2507,2024-10-30,0.0,none,valid,无明显触发项,JD2501
JD|JD2508|2024-10-30,JD,JD2508,2024-10-30,0.0,none,valid,无明显触发项,JD2501
JD|JD2412|2024-10-31,JD,JD2412,2024-10-31,60.0,medium,valid,结构失真,JD2501
JD|JD2508|2024-10-31,JD,JD2508,2024-10-31,60.0,medium,valid,结构失真,JD2501
JD|JD2509|2024-10-31,JD,JD2509,2024-10-31,60.0,medium,valid,结构失真,JD2501
JD|JD2501|2024-10-31,JD,JD2501,2024-10-31,40.0,low,valid,结构失真,JD2501
JD|JD2411|2024-10-31,JD,JD2411,2024-10-31,34.0,low,valid,结构失真；目标合约流动性偏弱,JD2501
JD|JD2502|2024-10-31,JD,JD2502,2024-10-31,0.0,none,valid,无明显触发项,JD2501
JD|JD2503|2024-10-31,JD,JD2503,2024-10-31,0.0,none,valid,无明显触发项,JD2501
JD|JD2504|2024-10-31,JD,JD2504,2024-10-31,0.0,none,valid,无明显触发项,JD2501
JD|JD2505|2024-10-31,JD,JD2505,2024-10-31,0.0,none,valid,无明显触发项,JD2501
JD|JD2506|2024-10-31,JD,JD2506,2024-10-31,0.0,none,valid,无明显触发项,JD2501
JD|JD2507|2024-10-31,JD,JD2507,2024-10-31,0.0,none,valid,无明显触发项,JD2501
JD|JD2411|2024-11-01,JD,JD2411,2024-11-01,70.0,high,valid,振幅异常；结构失真；目标合约流动性偏弱,JD2501
JD|JD2508|2024-11-01,JD,JD2508,2024-11-01,60.0,medium,valid,结构失真,JD2501
JD|JD2509|2024-11-01,JD,JD2509,2024-11-01,60.0,medium,valid,结构失真,JD2501
JD|JD2501|2024-11-01,JD,JD2501,2024-11-01,40.0,low,valid,结构失真,JD2501
JD|JD2412|2024-11-01,JD,JD2412,2024-11-01,22.0,none,valid,结构失真,JD2501
JD|JD2502|2024-11-01,JD,JD2502,2024-11-01,0.0,none,valid,无明显触发项,JD2501
JD|JD2503|2024-11-01,JD,JD2503,2024-11-01,0.0,none,valid,无明显触发项,JD2501
JD|JD2504|2024-11-01,JD,JD2504,2024-11-01,0.0,none,valid,无明显触发项,JD2501
JD|JD2505|2024-11-01,JD,JD2505,2024-11-01,0.0,none,valid,无明显触发项,JD2501
JD|JD2506|2024-11-01,JD,JD2506,2024-11-01,0.0,none,valid,无明显触发项,JD2501
JD|JD2507|2024-11-01,JD,JD2507,2024-11-01,0.0,none,valid,无明显触发项,JD2501
JD|JD2509|2024-11-04,JD,JD2509,2024-11-04,60.0,medium,valid,结构失真,JD2501
JD|JD2502|2024-11-04,JD,JD2502,2024-11-04,20.0,none,valid,振幅异常,JD2501
JD|JD2503|2024-11-04,JD,JD2503,2024-11-04,20.0,none,valid,振幅异常,JD2501
JD|JD2412|2024-11-04,JD,JD2412,2024-11-04,15.0,none,valid,振幅异常,JD2501
JD|JD2505|2024-11-04,JD,JD2505,2024-11-04,15.0,none,valid,振幅异常,JD2501
JD|JD2506|2024-11-04,JD,JD2506,2024-11-04,15.0,none,valid,振幅异常,JD2501
JD|JD2501|2024-11-04,JD,JD2501,2024-11-04,12.0,none,valid,振幅异常,JD2501
JD|JD2504|2024-11-04,JD,JD2504,2024-11-04,12.0,none,valid,振幅异常,JD2501
JD|JD2411|2024-11-04,JD,JD2411,2024-11-04,0.0,none,valid,目标合约流动性偏弱,JD2501
JD|JD2507|2024-11-04,JD,JD2507,2024-11-04,0.0,none,valid,无明显触发项,JD2501
JD|JD2508|2024-11-04,JD,JD2508,2024-11-04,0.0,none,valid,无明显触发项,JD2501
JD|JD2501|2024-11-05,JD,JD2501,2024-11-05,60.0,medium,valid,结构失真,JD2501
JD|JD2508|2024-11-05,JD,JD2508,2024-11-05,17.0,none,valid,无明显触发项,JD2501
JD|JD2509|2024-11-05,JD,JD2509,2024-11-05,16.0,none,valid,振幅异常,JD2501
JD|JD2412|2024-11-05,JD,JD2412,2024-11-05,5.0,none,valid,无明显触发项,JD2501
JD|JD2502|2024-11-05,JD,JD2502,2024-11-05,0.0,none,valid,无明显触发项,JD2501
JD|JD2503|2024-11-05,JD,JD2503,2024-11-05,0.0,none,valid,无明显触发项,JD2501
JD|JD2504|2024-11-05,JD,JD2504,2024-11-05,0.0,none,valid,无明显触发项,JD2501
JD|JD2505|2024-11-05,JD,JD2505,2024-11-05,0.0,none,valid,无明显触发项,JD2501
JD|JD2506|2024-11-05,JD,JD2506,2024-11-05,0.0,none,valid,无明显触发项,JD2501
JD|JD2507|2024-11-05,JD,JD2507,2024-11-05,0.0,none,valid,无明显触发项,JD2501
JD|JD2506|2024-11-06,JD,JD2506,2024-11-06,9.0,none,valid,振幅异常,JD2501
JD|JD2504|2024-11-06,JD,JD2504,2024-11-06,7.0,none,valid,无明显触发项,JD2501
JD|JD2507|2024-11-06,JD,JD2507,2024-11-06,7.0,none,valid,无明显触发项,JD2501
JD|JD2503|2024-11-06,JD,JD2503,2024-11-06,3.0,none,valid,无明显触发项,JD2501
JD|JD2505|2024-11-06,JD,JD2505,2024-11-06,3.0,none,valid,无明显触发项,JD2501
JD|JD2411|2024-11-06,JD,JD2411,2024-11-06,0.0,none,valid,目标合约流动性偏弱,JD2501
JD|JD2412|2024-11-06,JD,JD2412,2024-11-06,0.0,none,valid,无明显触发项,JD2501
JD|JD2501|2024-11-06,JD,JD2501,2024-11-06,0.0,none,valid,无明显触发项,JD2501
JD|JD2502|2024-11-06,JD,JD2502,2024-11-06,0.0,none,valid,无明显触发项,JD2501
JD|JD2508|2024-11-06,JD,JD2508,2024-11-06,0.0,none,valid,无明显触发项,JD2501
JD|JD2509|2024-11-06,JD,JD2509,2024-11-06,0.0,none,valid,无明显触发项,JD2501
JD|JD2507|2024-11-07,JD,JD2507,2024-11-07,5.0,none,valid,无明显触发项,JD2501
JD|JD2411|2024-11-07,JD,JD2411,2024-11-07,0.0,none,valid,目标合约流动性偏弱,JD2501
JD|JD2412|2024-11-07,JD,JD2412,2024-11-07,0.0,none,valid,无明显触发项,JD2501
JD|JD2501|2024-11-07,JD,JD2501,2024-11-07,0.0,none,valid,无明显触发项,JD2501
JD|JD2502|2024-11-07,JD,JD2502,2024-11-07,0.0,none,valid,无明显触发项,JD2501
JD|JD2503|2024-11-07,JD,JD2503,2024-11-07,0.0,none,valid,无明显触发项,JD2501
JD|JD2504|2024-11-07,JD,JD2504,2024-11-07,0.0,none,valid,无明显触发项,JD2501
JD|JD2505|2024-11-07,JD,JD2505,2024-11-07,0.0,none,valid,无明显触发项,JD2501
JD|JD2506|2024-11-07,JD,JD2506,2024-11-07,0.0,none,valid,无明显触发项,JD2501
JD|JD2508|2024-11-07,JD,JD2508,2024-11-07,0.0,none,valid,无明显触发项,JD2501
JD|JD2509|2024-11-07,JD,JD2509,2024-11-07,0.0,none,valid,无明显触发项,JD2501
JD|JD2507|2024-11-08,JD,JD2507,2024-11-08,17.0,none,valid,振幅异常,JD2501
JD|JD2506|2024-11-08,JD,JD2506,2024-11-08,9.0,none,valid,无明显触发项,JD2501
JD|JD2504|2024-11-08,JD,JD2504,2024-11-08,7.0,none,valid,无明显触发项,JD2501
JD|JD2411|2024-11-08,JD,JD2411,2024-11-08,0.0,none,valid,目标合约流动性偏弱,JD2501
JD|JD2412|2024-11-08,JD,JD2412,2024-11-08,0.0,none,valid,无明显触发项,JD2501
JD|JD2501|2024-11-08,JD,JD2501,2024-11-08,0.0,none,valid,无明显触发项,JD2501
JD|JD2502|2024-11-08,JD,JD2502,2024-11-08,0.0,none,valid,无明显触发项,JD2501
JD|JD2503|2024-11-08,JD,JD2503,2024-11-08,0.0,none,valid,无明显触发项,JD2501
JD|JD2505|2024-11-08,JD,JD2505,2024-11-08,0.0,none,valid,无明显触发项,JD2501
JD|JD2508|2024-11-08,JD,JD2508,2024-11-08,0.0,none,valid,无明显触发项,JD2501
JD|JD2509|2024-11-08,JD,JD2509,2024-11-08,0.0,none,valid,无明显触发项,JD2501
JD|JD2506|2024-11-11,JD,JD2506,2024-11-11,36.0,low,valid,振幅异常；结构失真,JD2501
JD|JD2507|2024-11-11,JD,JD2507,2024-11-11,20.0,none,valid,振幅异常,JD2501
JD|JD2504|2024-11-11,JD,JD2504,2024-11-11,8.0,none,valid,振幅异常,JD2501
JD|JD2505|2024-11-11,JD,JD2505,2024-11-11,7.0,none,valid,无明显触发项,JD2501
JD|JD2508|2024-11-11,JD,JD2508,2024-11-11,5.0,none,valid,无明显触发项,JD2501
JD|JD2411|2024-11-11,JD,JD2411,2024-11-11,0.0,none,valid,目标合约流动性偏弱,JD2501
JD|JD2412|2024-11-11,JD,JD2412,2024-11-11,0.0,none,valid,无明显触发项,JD2501
JD|JD2501|2024-11-11,JD,JD2501,2024-11-11,0.0,none,valid,无明显触发项,JD2501
JD|JD2502|2024-11-11,JD,JD2502,2024-11-11,0.0,none,valid,无明显触发项,JD2501
JD|JD2503|2024-11-11,JD,JD2503,2024-11-11,0.0,none,valid,无明显触发项,JD2501
JD|JD2509|2024-11-11,JD,JD2509,2024-11-11,0.0,none,valid,无明显触发项,JD2501
JD|JD2506|2024-11-12,JD,JD2506,2024-11-12,5.0,none,valid,无明显触发项,JD2501
JD|JD2411|2024-11-12,JD,JD2411,2024-11-12,0.0,none,valid,目标合约流动性偏弱,JD2501
JD|JD2412|2024-11-12,JD,JD2412,2024-11-12,0.0,none,valid,无明显触发项,JD2501
JD|JD2501|2024-11-12,JD,JD2501,2024-11-12,0.0,none,valid,无明显触发项,JD2501
JD|JD2502|2024-11-12,JD,JD2502,2024-11-12,0.0,none,valid,无明显触发项,JD2501
JD|JD2503|2024-11-12,JD,JD2503,2024-11-12,0.0,none,valid,无明显触发项,JD2501
JD|JD2504|2024-11-12,JD,JD2504,2024-11-12,0.0,none,valid,无明显触发项,JD2501
JD|JD2505|2024-11-12,JD,JD2505,2024-11-12,0.0,none,valid,无明显触发项,JD2501
JD|JD2507|2024-11-12,JD,JD2507,2024-11-12,0.0,none,valid,无明显触发项,JD2501
JD|JD2508|2024-11-12,JD,JD2508,2024-11-12,0.0,none,valid,无明显触发项,JD2501
JD|JD2509|2024-11-12,JD,JD2509,2024-11-12,0.0,none,valid,无明显触发项,JD2501
JD|JD2412|2024-11-13,JD,JD2412,2024-11-13,60.0,medium,valid,结构失真,JD2501
JD|JD2508|2024-11-13,JD,JD2508,2024-11-13,60.0,medium,valid,结构失真,JD2501
JD|JD2509|2024-11-13,JD,JD2509,2024-11-13,45.0,low,valid,结构失真,JD2501
JD|JD2506|2024-11-13,JD,JD2506,2024-11-13,44.0,low,valid,结构失真,JD2501
JD|JD2501|2024-11-13,JD,JD2501,2024-11-13,40.0,low,valid,结构失真,JD2501
JD|JD2411|2024-11-13,JD,JD2411,2024-11-13,7.0,none,valid,目标合约流动性偏弱,JD2501
JD|JD2502|2024-11-13,JD,JD2502,2024-11-13,0.0,none,valid,无明显触发项,JD2501
JD|JD2503|2024-11-13,JD,JD2503,2024-11-13,0.0,none,valid,无明显触发项,JD2501
JD|JD2504|2024-11-13,JD,JD2504,2024-11-13,0.0,none,valid,无明显触发项,JD2501
JD|JD2505|2024-11-13,JD,JD2505,2024-11-13,0.0,none,valid,无明显触发项,JD2501
JD|JD2507|2024-11-13,JD,JD2507,2024-11-13,0.0,none,valid,无明显触发项,JD2501
JD|JD2507|2024-11-14,JD,JD2507,2024-11-14,20.0,none,valid,振幅异常,JD2501
JD|JD2505|2024-11-14,JD,JD2505,2024-11-14,7.0,none,valid,无明显触发项,JD2501
JD|JD2509|2024-11-14,JD,JD2509,2024-11-14,4.0,none,valid,无明显触发项,JD2501
JD|JD2412|2024-11-14,JD,JD2412,2024-11-14,0.0,none,valid,无明显触发项,JD2501
JD|JD2501|2024-11-14,JD,JD2501,2024-11-14,0.0,none,valid,无明显触发项,JD2501
JD|JD2502|2024-11-14,JD,JD2502,2024-11-14,0.0,none,valid,无明显触发项,JD2501
JD|JD2503|2024-11-14,JD,JD2503,2024-11-14,0.0,none,valid,无明显触发项,JD2501
JD|JD2504|2024-11-14,JD,JD2504,2024-11-14,0.0,none,valid,无明显触发项,JD2501
JD|JD2506|2024-11-14,JD,JD2506,2024-11-14,0.0,none,valid,无明显触发项,JD2501
JD|JD2508|2024-11-14,JD,JD2508,2024-11-14,0.0,none,valid,无明显触发项,JD2501
JD|JD2508|2024-11-15,JD,JD2508,2024-11-15,20.0,none,valid,振幅异常,JD2501
JD|JD2509|2024-11-15,JD,JD2509,2024-11-15,20.0,none,valid,振幅异常,JD2501
JD|JD2505|2024-11-15,JD,JD2505,2024-11-15,11.0,none,valid,振幅异常,JD2501
JD|JD2507|2024-11-15,JD,JD2507,2024-11-15,7.0,none,valid,无明显触发项,JD2501
JD|JD2506|2024-11-15,JD,JD2506,2024-11-15,3.0,none,valid,无明显触发项,JD2501
JD|JD2411|2024-11-15,JD,JD2411,2024-11-15,0.0,none,valid,目标合约流动性偏弱,JD2501
JD|JD2412|2024-11-15,JD,JD2412,2024-11-15,0.0,none,valid,无明显触发项,JD2501
JD|JD2501|2024-11-15,JD,JD2501,2024-11-15,0.0,none,valid,无明显触发项,JD2501
JD|JD2502|2024-11-15,JD,JD2502,2024-11-15,0.0,none,valid,无明显触发项,JD2501
JD|JD2503|2024-11-15,JD,JD2503,2024-11-15,0.0,none,valid,无明显触发项,JD2501
JD|JD2504|2024-11-15,JD,JD2504,2024-11-15,0.0,none,valid,无明显触发项,JD2501
JD|JD2508|2024-11-18,JD,JD2508,2024-11-18,16.0,none,valid,振幅异常,JD2501
JD|JD2509|2024-11-18,JD,JD2509,2024-11-18,16.0,none,valid,振幅异常,JD2501
JD|JD2412|2024-11-18,JD,JD2412,2024-11-18,5.0,none,valid,无明显触发项,JD2501
JD|JD2411|2024-11-18,JD,JD2411,2024-11-18,0.0,none,invalid_lifecycle_edge,样本状态=生命周期边界无效,JD2501
JD|JD2501|2024-11-18,JD,JD2501,2024-11-18,0.0,none,valid,无明显触发项,JD2501
JD|JD2502|2024-11-18,JD,JD2502,2024-11-18,0.0,none,valid,无明显触发项,JD2501
JD|JD2503|2024-11-18,JD,JD2503,2024-11-18,0.0,none,valid,无明显触发项,JD2501
JD|JD2504|2024-11-18,JD,JD2504,2024-11-18,0.0,none,valid,无明显触发项,JD2501
JD|JD2505|2024-11-18,JD,JD2505,2024-11-18,0.0,none,valid,无明显触发项,JD2501
JD|JD2506|2024-11-18,JD,JD2506,2024-11-18,0.0,none,valid,无明显触发项,JD2501
JD|JD2507|2024-11-18,JD,JD2507,2024-11-18,0.0,none,valid,无明显触发项,JD2501
JD|JD2501|2024-11-19,JD,JD2501,2024-11-19,60.0,medium,valid,结构失真,JD2501
JD|JD2508|2024-11-19,JD,JD2508,2024-11-19,60.0,medium,valid,结构失真,JD2501
JD|JD2509|2024-11-19,JD,JD2509,2024-11-19,60.0,medium,valid,结构失真,JD2501
JD|JD2412|2024-11-19,JD,JD2412,2024-11-19,34.0,low,valid,结构失真；目标合约流动性偏弱,JD2501
JD|JD2411|2024-11-19,JD,JD2411,2024-11-19,0.0,none,invalid_lifecycle_edge,样本状态=生命周期边界无效,JD2501
JD|JD2502|2024-11-19,JD,JD2502,2024-11-19,0.0,none,valid,无明显触发项,JD2501
JD|JD2503|2024-11-19,JD,JD2503,2024-11-19,0.0,none,valid,无明显触发项,JD2501
JD|JD2504|2024-11-19,JD,JD2504,2024-11-19,0.0,none,valid,无明显触发项,JD2501
JD|JD2505|2024-11-19,JD,JD2505,2024-11-19,0.0,none,valid,无明显触发项,JD2501
JD|JD2506|2024-11-19,JD,JD2506,2024-11-19,0.0,none,valid,无明显触发项,JD2501
JD|JD2507|2024-11-19,JD,JD2507,2024-11-19,0.0,none,valid,无明显触发项,JD2501
JD|JD2501|2024-11-20,JD,JD2501,2024-11-20,60.0,medium,valid,结构失真,JD2501
JD|JD2508|2024-11-20,JD,JD2508,2024-11-20,60.0,medium,valid,结构失真,JD2501
JD|JD2509|2024-11-20,JD,JD2509,2024-11-20,60.0,medium,valid,结构失真,JD2501
JD|JD2412|2024-11-20,JD,JD2412,2024-11-20,34.0,low,valid,结构失真；目标合约流动性偏弱,JD2501
JD|JD2505|2024-11-20,JD,JD2505,2024-11-20,12.0,none,valid,无明显触发项,JD2501
JD|JD2411|2024-11-20,JD,JD2411,2024-11-20,0.0,none,invalid_lifecycle_edge,样本状态=生命周期边界无效,JD2501
JD|JD2502|2024-11-20,JD,JD2502,2024-11-20,0.0,none,valid,无明显触发项,JD2501
JD|JD2503|2024-11-20,JD,JD2503,2024-11-20,0.0,none,valid,无明显触发项,JD2501
JD|JD2504|2024-11-20,JD,JD2504,2024-11-20,0.0,none,valid,无明显触发项,JD2501
JD|JD2506|2024-11-20,JD,JD2506,2024-11-20,0.0,none,valid,无明显触发项,JD2501
JD|JD2507|2024-11-20,JD,JD2507,2024-11-20,0.0,none,valid,无明显触发项,JD2501
JD|JD2501|2024-11-21,JD,JD2501,2024-11-21,20.0,none,valid,结构失真,JD2501
JD|JD2506|2024-11-21,JD,JD2506,2024-11-21,10.0,none,valid,无明显触发项,JD2501
JD|JD2508|2024-11-21,JD,JD2508,2024-11-21,5.0,none,valid,无明显触发项,JD2501
JD|JD2509|2024-11-21,JD,JD2509,2024-11-21,5.0,none,valid,无明显触发项,JD2501
JD|JD2412|2024-11-21,JD,JD2412,2024-11-21,0.0,none,valid,目标合约流动性偏弱,JD2501
JD|JD2502|2024-11-21,JD,JD2502,2024-11-21,0.0,none,valid,无明显触发项,JD2501
JD|JD2503|2024-11-21,JD,JD2503,2024-11-21,0.0,none,valid,无明显触发项,JD2501
JD|JD2504|2024-11-21,JD,JD2504,2024-11-21,0.0,none,valid,无明显触发项,JD2501
JD|JD2505|2024-11-21,JD,JD2505,2024-11-21,0.0,none,valid,无明显触发项,JD2501
JD|JD2507|2024-11-21,JD,JD2507,2024-11-21,0.0,none,valid,无明显触发项,JD2501
JD|JD2505|2024-11-22,JD,JD2505,2024-11-22,4.0,none,valid,无明显触发项,JD2501
JD|JD2411|2024-11-22,JD,JD2411,2024-11-22,0.0,none,invalid_lifecycle_edge,样本状态=生命周期边界无效,JD2501
JD|JD2412|2024-11-22,JD,JD2412,2024-11-22,0.0,none,valid,目标合约流动性偏弱,JD2501
JD|JD2501|2024-11-22,JD,JD2501,2024-11-22,0.0,none,valid,无明显触发项,JD2501
JD|JD2502|2024-11-22,JD,JD2502,2024-11-22,0.0,none,valid,无明显触发项,JD2501
JD|JD2503|2024-11-22,JD,JD2503,2024-11-22,0.0,none,valid,无明显触发项,JD2501
JD|JD2504|2024-11-22,JD,JD2504,2024-11-22,0.0,none,valid,无明显触发项,JD2501
JD|JD2506|2024-11-22,JD,JD2506,2024-11-22,0.0,none,valid,无明显触发项,JD2501
JD|JD2507|2024-11-22,JD,JD2507,2024-11-22,0.0,none,valid,无明显触发项,JD2501
JD|JD2508|2024-11-22,JD,JD2508,2024-11-22,0.0,none,valid,无明显触发项,JD2501
JD|JD2509|2024-11-22,JD,JD2509,2024-11-22,0.0,none,valid,无明显触发项,JD2501
JD|JD2501|2024-11-25,JD,JD2501,2024-11-25,20.0,none,valid,结构失真,JD2501
JD|JD2412|2024-11-25,JD,JD2412,2024-11-25,16.0,none,valid,振幅异常,JD2501
JD|JD2411|2024-11-25,JD,JD2411,2024-11-25,0.0,none,invalid_lifecycle_edge,样本状态=生命周期边界无效,JD2501
JD|JD2502|2024-11-25,JD,JD2502,2024-11-25,0.0,none,valid,无明显触发项,JD2501
JD|JD2503|2024-11-25,JD,JD2503,2024-11-25,0.0,none,valid,无明显触发项,JD2501
JD|JD2504|2024-11-25,JD,JD2504,2024-11-25,0.0,none,valid,无明显触发项,JD2501
JD|JD2505|2024-11-25,JD,JD2505,2024-11-25,0.0,none,valid,无明显触发项,JD2501
JD|JD2506|2024-11-25,JD,JD2506,2024-11-25,0.0,none,valid,无明显触发项,JD2501
JD|JD2507|2024-11-25,JD,JD2507,2024-11-25,0.0,none,valid,无明显触发项,JD2501
JD|JD2508|2024-11-25,JD,JD2508,2024-11-25,0.0,none,valid,无明显触发项,JD2501
JD|JD2509|2024-11-25,JD,JD2509,2024-11-25,0.0,none,valid,无明显触发项,JD2501
JD|JD2412|2024-11-26,JD,JD2412,2024-11-26,28.0,none,valid,振幅异常；结构失真,JD2501
JD|JD2501|2024-11-26,JD,JD2501,2024-11-26,20.0,none,valid,结构失真,JD2501
JD|JD2506|2024-11-26,JD,JD2506,2024-11-26,20.0,none,valid,结构失真,JD2501
JD|JD2502|2024-11-26,JD,JD2502,2024-11-26,0.0,none,valid,无明显触发项,JD2501
JD|JD2503|2024-11-26,JD,JD2503,2024-11-26,0.0,none,valid,无明显触发项,JD2501
JD|JD2504|2024-11-26,JD,JD2504,2024-11-26,0.0,none,valid,无明显触发项,JD2501
JD|JD2505|2024-11-26,JD,JD2505,2024-11-26,0.0,none,valid,无明显触发项,JD2501
JD|JD2507|2024-11-26,JD,JD2507,2024-11-26,0.0,none,valid,无明显触发项,JD2501
JD|JD2508|2024-11-26,JD,JD2508,2024-11-26,0.0,none,valid,无明显触发项,JD2501
JD|JD2509|2024-11-26,JD,JD2509,2024-11-26,0.0,none,valid,无明显触发项,JD2501
JD|JD2412|2024-11-27,JD,JD2412,2024-11-27,20.0,none,valid,结构失真,JD2501
JD|JD2501|2024-11-27,JD,JD2501,2024-11-27,20.0,none,valid,结构失真,JD2501
JD|JD2506|2024-11-27,JD,JD2506,2024-11-27,20.0,none,valid,结构失真,JD2501
JD|JD2502|2024-11-27,JD,JD2502,2024-11-27,0.0,none,valid,无明显触发项,JD2501
JD|JD2503|2024-11-27,JD,JD2503,2024-11-27,0.0,none,valid,无明显触发项,JD2501
JD|JD2504|2024-11-27,JD,JD2504,2024-11-27,0.0,none,valid,无明显触发项,JD2501
JD|JD2505|2024-11-27,JD,JD2505,2024-11-27,0.0,none,valid,无明显触发项,JD2501
JD|JD2507|2024-11-27,JD,JD2507,2024-11-27,0.0,none,valid,无明显触发项,JD2501
JD|JD2508|2024-11-27,JD,JD2508,2024-11-27,0.0,none,valid,无明显触发项,JD2501
JD|JD2509|2024-11-27,JD,JD2509,2024-11-27,0.0,none,valid,无明显触发项,JD2501
JD|JD2412|2024-11-28,JD,JD2412,2024-11-28,8.0,none,valid,振幅异常,JD2501
JD|JD2501|2024-11-28,JD,JD2501,2024-11-28,0.0,none,valid,无明显触发项,JD2501
JD|JD2502|2024-11-28,JD,JD2502,2024-11-28,0.0,none,valid,无明显触发项,JD2501
JD|JD2503|2024-11-28,JD,JD2503,2024-11-28,0.0,none,valid,无明显触发项,JD2501
JD|JD2504|2024-11-28,JD,JD2504,2024-11-28,0.0,none,valid,无明显触发项,JD2501
JD|JD2505|2024-11-28,JD,JD2505,2024-11-28,0.0,none,valid,无明显触发项,JD2501
JD|JD2506|2024-11-28,JD,JD2506,2024-11-28,0.0,none,valid,无明显触发项,JD2501
JD|JD2507|2024-11-28,JD,JD2507,2024-11-28,0.0,none,valid,无明显触发项,JD2501
JD|JD2508|2024-11-28,JD,JD2508,2024-11-28,0.0,none,valid,无明显触发项,JD2501
JD|JD2509|2024-11-28,JD,JD2509,2024-11-28,0.0,none,valid,无明显触发项,JD2501
JD|JD2412|2024-11-29,JD,JD2412,2024-11-29,20.0,none,valid,振幅异常,JD2501
JD|JD2503|2024-11-29,JD,JD2503,2024-11-29,16.0,none,valid,振幅异常,JD2501
JD|JD2502|2024-11-29,JD,JD2502,2024-11-29,13.0,none,valid,振幅异常,JD2501
JD|JD2501|2024-11-29,JD,JD2501,2024-11-29,9.0,none,valid,振幅异常,JD2501
JD|JD2508|2024-11-29,JD,JD2508,2024-11-29,7.0,none,valid,无明显触发项,JD2501
JD|JD2504|2024-11-29,JD,JD2504,2024-11-29,4.0,none,valid,无明显触发项,JD2501
JD|JD2509|2024-11-29,JD,JD2509,2024-11-29,4.0,none,valid,无明显触发项,JD2501
JD|JD2505|2024-11-29,JD,JD2505,2024-11-29,0.0,none,valid,无明显触发项,JD2501
JD|JD2506|2024-11-29,JD,JD2506,2024-11-29,0.0,none,valid,无明显触发项,JD2501
JD|JD2507|2024-11-29,JD,JD2507,2024-11-29,0.0,none,valid,无明显触发项,JD2501
JD|JD2504|2024-12-02,JD,JD2504,2024-12-02,20.0,none,valid,振幅异常,JD2501
JD|JD2509|2024-12-02,JD,JD2509,2024-12-02,12.0,none,valid,振幅异常,JD2501
JD|JD2503|2024-12-02,JD,JD2503,2024-12-02,11.0,none,valid,振幅异常,JD2501
JD|JD2505|2024-12-02,JD,JD2505,2024-12-02,8.0,none,valid,振幅异常,JD2501
JD|JD2502|2024-12-02,JD,JD2502,2024-12-02,4.0,none,valid,无明显触发项,JD2501
JD|JD2508|2024-12-02,JD,JD2508,2024-12-02,4.0,none,valid,无明显触发项,JD2501
JD|JD2412|2024-12-02,JD,JD2412,2024-12-02,3.0,none,valid,振幅异常；目标合约流动性偏弱,JD2501
JD|JD2501|2024-12-02,JD,JD2501,2024-12-02,0.0,none,valid,无明显触发项,JD2501
JD|JD2506|2024-12-02,JD,JD2506,2024-12-02,0.0,none,valid,无明显触发项,JD2501
JD|JD2507|2024-12-02,JD,JD2507,2024-12-02,0.0,none,valid,无明显触发项,JD2501
JD|JD2506|2024-12-03,JD,JD2506,2024-12-03,20.0,none,valid,结构失真,JD2501
JD|JD2412|2024-12-03,JD,JD2412,2024-12-03,14.0,none,valid,结构失真；目标合约流动性偏弱,JD2501
JD|JD2501|2024-12-03,JD,JD2501,2024-12-03,5.0,none,valid,无明显触发项,JD2501
JD|JD2502|2024-12-03,JD,JD2502,2024-12-03,0.0,none,valid,无明显触发项,JD2501
JD|JD2503|2024-12-03,JD,JD2503,2024-12-03,0.0,none,valid,无明显触发项,JD2501
JD|JD2504|2024-12-03,JD,JD2504,2024-12-03,0.0,none,valid,无明显触发项,JD2501
JD|JD2505|2024-12-03,JD,JD2505,2024-12-03,0.0,none,valid,无明显触发项,JD2501
JD|JD2507|2024-12-03,JD,JD2507,2024-12-03,0.0,none,valid,无明显触发项,JD2501
JD|JD2508|2024-12-03,JD,JD2508,2024-12-03,0.0,none,valid,无明显触发项,JD2501
JD|JD2509|2024-12-03,JD,JD2509,2024-12-03,0.0,none,valid,无明显触发项,JD2501
JD|JD2506|2024-12-04,JD,JD2506,2024-12-04,10.0,none,valid,无明显触发项,JD2501
JD|JD2508|2024-12-04,JD,JD2508,2024-12-04,7.0,none,valid,无明显触发项,JD2501
JD|JD2509|2024-12-04,JD,JD2509,2024-12-04,7.0,none,valid,无明显触发项,JD2501
JD|JD2502|2024-12-04,JD,JD2502,2024-12-04,4.0,none,valid,无明显触发项,JD2501
JD|JD2503|2024-12-04,JD,JD2503,2024-12-04,4.0,none,valid,无明显触发项,JD2501
JD|JD2412|2024-12-04,JD,JD2412,2024-12-04,2.0,none,valid,目标合约流动性偏弱,JD2501
JD|JD2501|2024-12-04,JD,JD2501,2024-12-04,0.0,none,valid,无明显触发项,JD2501
JD|JD2504|2024-12-04,JD,JD2504,2024-12-04,0.0,none,valid,无明显触发项,JD2501
JD|JD2505|2024-12-04,JD,JD2505,2024-12-04,0.0,none,valid,无明显触发项,JD2501
JD|JD2507|2024-12-04,JD,JD2507,2024-12-04,0.0,none,valid,无明显触发项,JD2501
JD|JD2503|2024-12-05,JD,JD2503,2024-12-05,20.0,none,valid,振幅异常,JD2501
JD|JD2504|2024-12-05,JD,JD2504,2024-12-05,20.0,none,valid,振幅异常,JD2501
JD|JD2506|2024-12-05,JD,JD2506,2024-12-05,20.0,none,valid,振幅异常,JD2501
JD|JD2505|2024-12-05,JD,JD2505,2024-12-05,12.0,none,valid,振幅异常,JD2501
JD|JD2412|2024-12-05,JD,JD2412,2024-12-05,0.0,none,valid,目标合约流动性偏弱,JD2501
JD|JD2501|2024-12-05,JD,JD2501,2024-12-05,0.0,none,valid,无明显触发项,JD2501
JD|JD2502|2024-12-05,JD,JD2502,2024-12-05,0.0,none,valid,无明显触发项,JD2501
JD|JD2507|2024-12-05,JD,JD2507,2024-12-05,0.0,none,valid,无明显触发项,JD2501
JD|JD2508|2024-12-05,JD,JD2508,2024-12-05,0.0,none,valid,无明显触发项,JD2501
JD|JD2509|2024-12-05,JD,JD2509,2024-12-05,0.0,none,valid,无明显触发项,JD2501
JD|JD2412|2024-12-06,JD,JD2412,2024-12-06,50.0,medium,valid,结构失真；目标合约流动性偏弱,JD2501
JD|JD2501|2024-12-06,JD,JD2501,2024-12-06,20.0,none,valid,结构失真,JD2501
JD|JD2506|2024-12-06,JD,JD2506,2024-12-06,20.0,none,valid,结构失真,JD2501
JD|JD2509|2024-12-06,JD,JD2509,2024-12-06,5.0,none,valid,无明显触发项,JD2501
JD|JD2502|2024-12-06,JD,JD2502,2024-12-06,0.0,none,valid,无明显触发项,JD2501
JD|JD2503|2024-12-06,JD,JD2503,2024-12-06,0.0,none,valid,无明显触发项,JD2501
JD|JD2504|2024-12-06,JD,JD2504,2024-12-06,0.0,none,valid,无明显触发项,JD2501
JD|JD2505|2024-12-06,JD,JD2505,2024-12-06,0.0,none,valid,无明显触发项,JD2501
JD|JD2507|2024-12-06,JD,JD2507,2024-12-06,0.0,none,valid,无明显触发项,JD2501
JD|JD2508|2024-12-06,JD,JD2508,2024-12-06,0.0,none,valid,无明显触发项,JD2501
JD|JD2501|2024-12-09,JD,JD2501,2024-12-09,20.0,none,valid,振幅异常,JD2501
JD|JD2502|2024-12-09,JD,JD2502,2024-12-09,20.0,none,valid,振幅异常,JD2501
JD|JD2503|2024-12-09,JD,JD2503,2024-12-09,16.0,none,valid,振幅异常,JD2501
JD|JD2504|2024-12-09,JD,JD2504,2024-12-09,12.0,none,valid,振幅异常,JD2501
JD|JD2505|2024-12-09,JD,JD2505,2024-12-09,12.0,none,valid,振幅异常,JD2501
JD|JD2412|2024-12-09,JD,JD2412,2024-12-09,0.0,none,valid,目标合约流动性偏弱,JD2501
JD|JD2506|2024-12-09,JD,JD2506,2024-12-09,0.0,none,valid,无明显触发项,JD2501
JD|JD2507|2024-12-09,JD,JD2507,2024-12-09,0.0,none,valid,无明显触发项,JD2501
JD|JD2508|2024-12-09,JD,JD2508,2024-12-09,0.0,none,valid,无明显触发项,JD2501
JD|JD2509|2024-12-09,JD,JD2509,2024-12-09,0.0,none,valid,无明显触发项,JD2501
JD|JD2506|2024-12-10,JD,JD2506,2024-12-10,16.0,none,valid,振幅异常,JD2501
JD|JD2501|2024-12-10,JD,JD2501,2024-12-10,11.0,none,valid,振幅异常,JD2501
JD|JD2412|2024-12-10,JD,JD2412,2024-12-10,0.0,none,valid,目标合约流动性偏弱,JD2501
JD|JD2502|2024-12-10,JD,JD2502,2024-12-10,0.0,none,valid,无明显触发项,JD2501
JD|JD2503|2024-12-10,JD,JD2503,2024-12-10,0.0,none,valid,无明显触发项,JD2501
JD|JD2504|2024-12-10,JD,JD2504,2024-12-10,0.0,none,valid,无明显触发项,JD2501
JD|JD2505|2024-12-10,JD,JD2505,2024-12-10,0.0,none,valid,无明显触发项,JD2501
JD|JD2507|2024-12-10,JD,JD2507,2024-12-10,0.0,none,valid,无明显触发项,JD2501
JD|JD2508|2024-12-10,JD,JD2508,2024-12-10,0.0,none,valid,无明显触发项,JD2501
JD|JD2509|2024-12-10,JD,JD2509,2024-12-10,0.0,none,valid,无明显触发项,JD2501
JD|JD2506|2024-12-11,JD,JD2506,2024-12-11,5.0,none,valid,无明显触发项,JD2501
JD|JD2502|2024-12-11,JD,JD2502,2024-12-11,3.0,none,valid,无明显触发项,JD2501
JD|JD2412|2024-12-11,JD,JD2412,2024-12-11,0.0,none,valid,目标合约流动性偏弱,JD2501
JD|JD2501|2024-12-11,JD,JD2501,2024-12-11,0.0,none,valid,无明显触发项,JD2501
JD|JD2503|2024-12-11,JD,JD2503,2024-12-11,0.0,none,valid,无明显触发项,JD2501
JD|JD2504|2024-12-11,JD,JD2504,2024-12-11,0.0,none,valid,无明显触发项,JD2501
JD|JD2505|2024-12-11,JD,JD2505,2024-12-11,0.0,none,valid,无明显触发项,JD2501
JD|JD2507|2024-12-11,JD,JD2507,2024-12-11,0.0,none,valid,无明显触发项,JD2501
JD|JD2508|2024-12-11,JD,JD2508,2024-12-11,0.0,none,valid,无明显触发项,JD2501
JD|JD2509|2024-12-11,JD,JD2509,2024-12-11,0.0,none,valid,无明显触发项,JD2501
JD|JD2506|2024-12-12,JD,JD2506,2024-12-12,60.0,medium,valid,结构失真,JD2501
JD|JD2412|2024-12-12,JD,JD2412,2024-12-12,24.0,none,valid,结构失真；目标合约流动性偏弱,JD2501
JD|JD2501|2024-12-12,JD,JD2501,2024-12-12,20.0,none,valid,结构失真,JD2501
JD|JD2502|2024-12-12,JD,JD2502,2024-12-12,0.0,none,valid,无明显触发项,JD2501
JD|JD2503|2024-12-12,JD,JD2503,2024-12-12,0.0,none,valid,无明显触发项,JD2501
JD|JD2504|2024-12-12,JD,JD2504,2024-12-12,0.0,none,valid,无明显触发项,JD2501
JD|JD2505|2024-12-12,JD,JD2505,2024-12-12,0.0,none,valid,无明显触发项,JD2501
JD|JD2507|2024-12-12,JD,JD2507,2024-12-12,0.0,none,valid,无明显触发项,JD2501
JD|JD2508|2024-12-12,JD,JD2508,2024-12-12,0.0,none,valid,无明显触发项,JD2501
JD|JD2509|2024-12-12,JD,JD2509,2024-12-12,0.0,none,valid,无明显触发项,JD2501
JD|JD2501|2024-12-13,JD,JD2501,2024-12-13,20.0,none,valid,结构失真,JD2501
JD|JD2412|2024-12-13,JD,JD2412,2024-12-13,7.0,none,valid,目标合约流动性偏弱,JD2501
JD|JD2502|2024-12-13,JD,JD2502,2024-12-13,0.0,none,valid,无明显触发项,JD2501
JD|JD2503|2024-12-13,JD,JD2503,2024-12-13,0.0,none,valid,无明显触发项,JD2501
JD|JD2504|2024-12-13,JD,JD2504,2024-12-13,0.0,none,valid,无明显触发项,JD2501
JD|JD2505|2024-12-13,JD,JD2505,2024-12-13,0.0,none,valid,无明显触发项,JD2501
JD|JD2506|2024-12-13,JD,JD2506,2024-12-13,0.0,none,valid,无明显触发项,JD2501
JD|JD2507|2024-12-13,JD,JD2507,2024-12-13,0.0,none,valid,无明显触发项,JD2501
JD|JD2508|2024-12-13,JD,JD2508,2024-12-13,0.0,none,valid,无明显触发项,JD2501
JD|JD2509|2024-12-13,JD,JD2509,2024-12-13,0.0,none,valid,无明显触发项,JD2501
JD|JD2506|2024-12-16,JD,JD2506,2024-12-16,20.0,none,valid,振幅异常,JD2502
JD|JD2507|2024-12-16,JD,JD2507,2024-12-16,13.0,none,valid,振幅异常,JD2502
JD|JD2504|2024-12-16,JD,JD2504,2024-12-16,12.0,none,valid,振幅异常,JD2502
JD|JD2505|2024-12-16,JD,JD2505,2024-12-16,12.0,none,valid,振幅异常,JD2502
JD|JD2502|2024-12-16,JD,JD2502,2024-12-16,3.0,none,valid,无明显触发项,JD2502
JD|JD2503|2024-12-16,JD,JD2503,2024-12-16,3.0,none,valid,无明显触发项,JD2502
JD|JD2412|2024-12-16,JD,JD2412,2024-12-16,0.0,none,valid,目标合约流动性偏弱,JD2502
JD|JD2501|2024-12-16,JD,JD2501,2024-12-16,0.0,none,valid,无明显触发项,JD2502
JD|JD2508|2024-12-16,JD,JD2508,2024-12-16,0.0,none,valid,无明显触发项,JD2502
JD|JD2509|2024-12-16,JD,JD2509,2024-12-16,0.0,none,valid,无明显触发项,JD2502
JD|JD2507|2024-12-17,JD,JD2507,2024-12-17,12.0,none,valid,无明显触发项,JD2502
JD|JD2506|2024-12-17,JD,JD2506,2024-12-17,5.0,none,valid,无明显触发项,JD2502
JD|JD2412|2024-12-17,JD,JD2412,2024-12-17,0.0,none,invalid_lifecycle_edge,样本状态=生命周期边界无效,JD2502
JD|JD2501|2024-12-17,JD,JD2501,2024-12-17,0.0,none,valid,无明显触发项,JD2502
JD|JD2502|2024-12-17,JD,JD2502,2024-12-17,0.0,none,valid,无明显触发项,JD2502
JD|JD2503|2024-12-17,JD,JD2503,2024-12-17,0.0,none,valid,无明显触发项,JD2502
JD|JD2504|2024-12-17,JD,JD2504,2024-12-17,0.0,none,valid,无明显触发项,JD2502
JD|JD2505|2024-12-17,JD,JD2505,2024-12-17,0.0,none,valid,无明显触发项,JD2502
JD|JD2508|2024-12-17,JD,JD2508,2024-12-17,0.0,none,valid,无明显触发项,JD2502
JD|JD2509|2024-12-17,JD,JD2509,2024-12-17,0.0,none,valid,无明显触发项,JD2502
JD|JD2506|2024-12-18,JD,JD2506,2024-12-18,3.0,none,valid,无明显触发项,JD2502
JD|JD2412|2024-12-18,JD,JD2412,2024-12-18,0.0,none,invalid_lifecycle_edge,样本状态=生命周期边界无效,JD2502
JD|JD2501|2024-12-18,JD,JD2501,2024-12-18,0.0,none,valid,无明显触发项,JD2502
JD|JD2502|2024-12-18,JD,JD2502,2024-12-18,0.0,none,valid,无明显触发项,JD2502
JD|JD2503|2024-12-18,JD,JD2503,2024-12-18,0.0,none,valid,无明显触发项,JD2502
JD|JD2504|2024-12-18,JD,JD2504,2024-12-18,0.0,none,valid,无明显触发项,JD2502
JD|JD2505|2024-12-18,JD,JD2505,2024-12-18,0.0,none,valid,无明显触发项,JD2502
JD|JD2507|2024-12-18,JD,JD2507,2024-12-18,0.0,none,valid,无明显触发项,JD2502
JD|JD2508|2024-12-18,JD,JD2508,2024-12-18,0.0,none,valid,无明显触发项,JD2502
JD|JD2509|2024-12-18,JD,JD2509,2024-12-18,0.0,none,valid,无明显触发项,JD2502
JD|JD2412|2024-12-19,JD,JD2412,2024-12-19,0.0,none,invalid_lifecycle_edge,样本状态=生命周期边界无效,JD2502
JD|JD2501|2024-12-19,JD,JD2501,2024-12-19,0.0,none,valid,无明显触发项,JD2502
JD|JD2502|2024-12-19,JD,JD2502,2024-12-19,0.0,none,valid,无明显触发项,JD2502
JD|JD2503|2024-12-19,JD,JD2503,2024-12-19,0.0,none,valid,无明显触发项,JD2502
JD|JD2504|2024-12-19,JD,JD2504,2024-12-19,0.0,none,valid,无明显触发项,JD2502
JD|JD2505|2024-12-19,JD,JD2505,2024-12-19,0.0,none,valid,无明显触发项,JD2502
JD|JD2506|2024-12-19,JD,JD2506,2024-12-19,0.0,none,valid,无明显触发项,JD2502
JD|JD2507|2024-12-19,JD,JD2507,2024-12-19,0.0,none,valid,无明显触发项,JD2502
JD|JD2508|2024-12-19,JD,JD2508,2024-12-19,0.0,none,valid,无明显触发项,JD2502
JD|JD2509|2024-12-19,JD,JD2509,2024-12-19,0.0,none,valid,无明显触发项,JD2502
JD|JD2501|2024-12-20,JD,JD2501,2024-12-20,13.0,none,valid,振幅异常,JD2502
JD|JD2509|2024-12-20,JD,JD2509,2024-12-20,9.0,none,valid,振幅异常,JD2502
JD|JD2412|2024-12-20,JD,JD2412,2024-12-20,0.0,none,invalid_lifecycle_edge,样本状态=生命周期边界无效,JD2502
JD|JD2502|2024-12-20,JD,JD2502,2024-12-20,0.0,none,valid,无明显触发项,JD2502
JD|JD2503|2024-12-20,JD,JD2503,2024-12-20,0.0,none,valid,无明显触发项,JD2502
JD|JD2504|2024-12-20,JD,JD2504,2024-12-20,0.0,none,valid,无明显触发项,JD2502
JD|JD2505|2024-12-20,JD,JD2505,2024-12-20,0.0,none,valid,无明显触发项,JD2502
JD|JD2506|2024-12-20,JD,JD2506,2024-12-20,0.0,none,valid,无明显触发项,JD2502
JD|JD2507|2024-12-20,JD,JD2507,2024-12-20,0.0,none,valid,无明显触发项,JD2502
JD|JD2508|2024-12-20,JD,JD2508,2024-12-20,0.0,none,valid,无明显触发项,JD2502
JD|JD2506|2024-12-23,JD,JD2506,2024-12-23,34.0,low,valid,结构失真,JD2502
JD|JD2505|2024-12-23,JD,JD2505,2024-12-23,24.0,none,valid,结构失真,JD2502
JD|JD2507|2024-12-23,JD,JD2507,2024-12-23,24.0,none,valid,结构失真,JD2502
JD|JD2412|2024-12-23,JD,JD2412,2024-12-23,0.0,none,invalid_lifecycle_edge,样本状态=生命周期边界无效,JD2502
JD|JD2501|2024-12-23,JD,JD2501,2024-12-23,0.0,none,valid,无明显触发项,JD2502
JD|JD2502|2024-12-23,JD,JD2502,2024-12-23,0.0,none,valid,无明显触发项,JD2502
JD|JD2503|2024-12-23,JD,JD2503,2024-12-23,0.0,none,valid,无明显触发项,JD2502
JD|JD2504|2024-12-23,JD,JD2504,2024-12-23,0.0,none,valid,无明显触发项,JD2502
JD|JD2508|2024-12-23,JD,JD2508,2024-12-23,0.0,none,valid,无明显触发项,JD2502
JD|JD2509|2024-12-23,JD,JD2509,2024-12-23,0.0,none,valid,无明显触发项,JD2502
JD|JD2506|2024-12-24,JD,JD2506,2024-12-24,17.0,none,valid,无明显触发项,JD2502
JD|JD2501|2024-12-24,JD,JD2501,2024-12-24,5.0,none,valid,无明显触发项,JD2502
JD|JD2412|2024-12-24,JD,JD2412,2024-12-24,0.0,none,invalid_lifecycle_edge,样本状态=生命周期边界无效,JD2502
JD|JD2502|2024-12-24,JD,JD2502,2024-12-24,0.0,none,valid,无明显触发项,JD2502
JD|JD2503|2024-12-24,JD,JD2503,2024-12-24,0.0,none,valid,无明显触发项,JD2502
JD|JD2504|2024-12-24,JD,JD2504,2024-12-24,0.0,none,valid,无明显触发项,JD2502
JD|JD2505|2024-12-24,JD,JD2505,2024-12-24,0.0,none,valid,无明显触发项,JD2502
JD|JD2507|2024-12-24,JD,JD2507,2024-12-24,0.0,none,valid,无明显触发项,JD2502
JD|JD2508|2024-12-24,JD,JD2508,2024-12-24,0.0,none,valid,无明显触发项,JD2502
JD|JD2509|2024-12-24,JD,JD2509,2024-12-24,0.0,none,valid,无明显触发项,JD2502
JD|JD2502|2024-12-25,JD,JD2502,2024-12-25,8.0,none,valid,振幅异常,JD2502
JD|JD2412|2024-12-25,JD,JD2412,2024-12-25,0.0,none,invalid_lifecycle_edge,样本状态=生命周期边界无效,JD2502
JD|JD2501|2024-12-25,JD,JD2501,2024-12-25,0.0,none,valid,无明显触发项,JD2502
JD|JD2503|2024-12-25,JD,JD2503,2024-12-25,0.0,none,valid,无明显触发项,JD2502
JD|JD2504|2024-12-25,JD,JD2504,2024-12-25,0.0,none,valid,无明显触发项,JD2502
JD|JD2505|2024-12-25,JD,JD2505,2024-12-25,0.0,none,valid,无明显触发项,JD2502
JD|JD2506|2024-12-25,JD,JD2506,2024-12-25,0.0,none,valid,无明显触发项,JD2502
JD|JD2507|2024-12-25,JD,JD2507,2024-12-25,0.0,none,valid,无明显触发项,JD2502
JD|JD2508|2024-12-25,JD,JD2508,2024-12-25,0.0,none,valid,无明显触发项,JD2502
JD|JD2509|2024-12-25,JD,JD2509,2024-12-25,0.0,none,valid,无明显触发项,JD2502
JD|JD2502|2024-12-26,JD,JD2502,2024-12-26,40.0,low,valid,结构失真,JD2502
JD|JD2504|2024-12-26,JD,JD2504,2024-12-26,40.0,low,valid,结构失真,JD2502
JD|JD2501|2024-12-26,JD,JD2501,2024-12-26,36.0,low,valid,结构失真,JD2502
JD|JD2509|2024-12-26,JD,JD2509,2024-12-26,34.0,low,valid,结构失真,JD2502
JD|JD2508|2024-12-26,JD,JD2508,2024-12-26,29.0,none,valid,结构失真,JD2502
JD|JD2505|2024-12-26,JD,JD2505,2024-12-26,24.0,none,valid,结构失真,JD2502
JD|JD2412|2024-12-26,JD,JD2412,2024-12-26,0.0,none,invalid_lifecycle_edge,样本状态=生命周期边界无效,JD2502
JD|JD2503|2024-12-26,JD,JD2503,2024-12-26,0.0,none,valid,无明显触发项,JD2502
JD|JD2506|2024-12-26,JD,JD2506,2024-12-26,0.0,none,valid,无明显触发项,JD2502
JD|JD2507|2024-12-26,JD,JD2507,2024-12-26,0.0,none,valid,无明显触发项,JD2502
JD|JD2504|2024-12-27,JD,JD2504,2024-12-27,24.0,none,valid,结构失真,JD2502
JD|JD2502|2024-12-27,JD,JD2502,2024-12-27,12.0,none,valid,无明显触发项,JD2502
JD|JD2501|2024-12-27,JD,JD2501,2024-12-27,0.0,none,valid,无明显触发项,JD2502
JD|JD2503|2024-12-27,JD,JD2503,2024-12-27,0.0,none,valid,无明显触发项,JD2502
JD|JD2505|2024-12-27,JD,JD2505,2024-12-27,0.0,none,valid,无明显触发项,JD2502
JD|JD2506|2024-12-27,JD,JD2506,2024-12-27,0.0,none,valid,无明显触发项,JD2502
JD|JD2507|2024-12-27,JD,JD2507,2024-12-27,0.0,none,valid,无明显触发项,JD2502
JD|JD2508|2024-12-27,JD,JD2508,2024-12-27,0.0,none,valid,无明显触发项,JD2502
JD|JD2509|2024-12-27,JD,JD2509,2024-12-27,0.0,none,valid,无明显触发项,JD2502
JD|JD2504|2024-12-30,JD,JD2504,2024-12-30,20.0,none,valid,振幅异常,JD2502
JD|JD2505|2024-12-30,JD,JD2505,2024-12-30,20.0,none,valid,振幅异常,JD2502
JD|JD2507|2024-12-30,JD,JD2507,2024-12-30,20.0,none,valid,振幅异常,JD2502
JD|JD2508|2024-12-30,JD,JD2508,2024-12-30,20.0,none,valid,振幅异常,JD2502
JD|JD2509|2024-12-30,JD,JD2509,2024-12-30,20.0,none,valid,振幅异常,JD2502
JD|JD2503|2024-12-30,JD,JD2503,2024-12-30,16.0,none,valid,振幅异常,JD2502
JD|JD2502|2024-12-30,JD,JD2502,2024-12-30,13.0,none,valid,振幅异常,JD2502
JD|JD2506|2024-12-30,JD,JD2506,2024-12-30,7.0,none,valid,无明显触发项,JD2502
JD|JD2501|2024-12-30,JD,JD2501,2024-12-30,0.0,none,valid,无明显触发项,JD2502
JD|JD2507|2024-12-31,JD,JD2507,2024-12-31,57.0,medium,valid,振幅异常；结构失真,JD2502
JD|JD2505|2024-12-31,JD,JD2505,2024-12-31,40.0,low,valid,结构失真,JD2502
JD|JD2506|2024-12-31,JD,JD2506,2024-12-31,29.0,none,valid,结构失真,JD2502
JD|JD2509|2024-12-31,JD,JD2509,2024-12-31,13.0,none,valid,振幅异常,JD2502
JD|JD2508|2024-12-31,JD,JD2508,2024-12-31,11.0,none,valid,振幅异常,JD2502
JD|JD2501|2024-12-31,JD,JD2501,2024-12-31,0.0,none,valid,无明显触发项,JD2502
JD|JD2502|2024-12-31,JD,JD2502,2024-12-31,0.0,none,valid,无明显触发项,JD2502
JD|JD2503|2024-12-31,JD,JD2503,2024-12-31,0.0,none,valid,无明显触发项,JD2502
JD|JD2504|2024-12-31,JD,JD2504,2024-12-31,0.0,none,valid,无明显触发项,JD2502
JD|JD2502|2025-01-02,JD,JD2502,2025-01-02,40.0,low,valid,结构失真,JD2502
JD|JD2507|2025-01-02,JD,JD2507,2025-01-02,40.0,low,valid,结构失真,JD2502
JD|JD2508|2025-01-02,JD,JD2508,2025-01-02,34.0,low,valid,结构失真,JD2502
JD|JD2509|2025-01-02,JD,JD2509,2025-01-02,34.0,low,valid,结构失真,JD2502
JD|JD2503|2025-01-02,JD,JD2503,2025-01-02,12.0,none,valid,无明显触发项,JD2502
JD|JD2506|2025-01-02,JD,JD2506,2025-01-02,12.0,none,valid,无明显触发项,JD2502
JD|JD2501|2025-01-02,JD,JD2501,2025-01-02,7.0,none,valid,振幅异常；目标合约流动性偏弱,JD2502
JD|JD2504|2025-01-02,JD,JD2504,2025-01-02,0.0,none,valid,无明显触发项,JD2502
JD|JD2505|2025-01-02,JD,JD2505,2025-01-02,0.0,none,valid,无明显触发项,JD2502
JD|JD2502|2025-01-03,JD,JD2502,2025-01-03,11.0,none,valid,振幅异常,JD2502
JD|JD2504|2025-01-03,JD,JD2504,2025-01-03,11.0,none,valid,振幅异常,JD2502
JD|JD2503|2025-01-03,JD,JD2503,2025-01-03,8.0,none,valid,振幅异常,JD2502
JD|JD2508|2025-01-03,JD,JD2508,2025-01-03,7.0,none,valid,无明显触发项,JD2502
JD|JD2505|2025-01-03,JD,JD2505,2025-01-03,4.0,none,valid,无明显触发项,JD2502
JD|JD2509|2025-01-03,JD,JD2509,2025-01-03,4.0,none,valid,无明显触发项,JD2502
JD|JD2501|2025-01-03,JD,JD2501,2025-01-03,0.0,none,valid,目标合约流动性偏弱,JD2502
JD|JD2506|2025-01-03,JD,JD2506,2025-01-03,0.0,none,valid,无明显触发项,JD2502
JD|JD2507|2025-01-03,JD,JD2507,2025-01-03,0.0,none,valid,无明显触发项,JD2502
JD|JD2507|2025-01-06,JD,JD2507,2025-01-06,15.0,none,valid,振幅异常,JD2502
JD|JD2506|2025-01-06,JD,JD2506,2025-01-06,8.0,none,valid,振幅异常,JD2502
JD|JD2501|2025-01-06,JD,JD2501,2025-01-06,0.0,none,valid,目标合约流动性偏弱,JD2502
JD|JD2502|2025-01-06,JD,JD2502,2025-01-06,0.0,none,valid,无明显触发项,JD2502
JD|JD2503|2025-01-06,JD,JD2503,2025-01-06,0.0,none,valid,无明显触发项,JD2502
JD|JD2504|2025-01-06,JD,JD2504,2025-01-06,0.0,none,valid,无明显触发项,JD2502
JD|JD2505|2025-01-06,JD,JD2505,2025-01-06,0.0,none,valid,无明显触发项,JD2502
JD|JD2508|2025-01-06,JD,JD2508,2025-01-06,0.0,none,valid,无明显触发项,JD2502
JD|JD2509|2025-01-06,JD,JD2509,2025-01-06,0.0,none,valid,无明显触发项,JD2502
JD|JD2501|2025-01-07,JD,JD2501,2025-01-07,0.0,none,valid,目标合约流动性偏弱,JD2502
JD|JD2502|2025-01-07,JD,JD2502,2025-01-07,0.0,none,valid,无明显触发项,JD2502
JD|JD2503|2025-01-07,JD,JD2503,2025-01-07,0.0,none,valid,无明显触发项,JD2502
JD|JD2504|2025-01-07,JD,JD2504,2025-01-07,0.0,none,valid,无明显触发项,JD2502
JD|JD2505|2025-01-07,JD,JD2505,2025-01-07,0.0,none,valid,无明显触发项,JD2502
JD|JD2506|2025-01-07,JD,JD2506,2025-01-07,0.0,none,valid,无明显触发项,JD2502
JD|JD2507|2025-01-07,JD,JD2507,2025-01-07,0.0,none,valid,无明显触发项,JD2502
JD|JD2508|2025-01-07,JD,JD2508,2025-01-07,0.0,none,valid,无明显触发项,JD2502
JD|JD2509|2025-01-07,JD,JD2509,2025-01-07,0.0,none,valid,无明显触发项,JD2502
JD|JD2508|2025-01-08,JD,JD2508,2025-01-08,7.0,none,valid,无明显触发项,JD2502
JD|JD2501|2025-01-08,JD,JD2501,2025-01-08,6.0,none,valid,振幅异常；目标合约流动性偏弱,JD2502
JD|JD2509|2025-01-08,JD,JD2509,2025-01-08,3.0,none,valid,无明显触发项,JD2502
JD|JD2502|2025-01-08,JD,JD2502,2025-01-08,0.0,none,valid,无明显触发项,JD2502
JD|JD2503|2025-01-08,JD,JD2503,2025-01-08,0.0,none,valid,无明显触发项,JD2502
JD|JD2504|2025-01-08,JD,JD2504,2025-01-08,0.0,none,valid,无明显触发项,JD2502
JD|JD2505|2025-01-08,JD,JD2505,2025-01-08,0.0,none,valid,无明显触发项,JD2502
JD|JD2506|2025-01-08,JD,JD2506,2025-01-08,0.0,none,valid,无明显触发项,JD2502
JD|JD2507|2025-01-08,JD,JD2507,2025-01-08,0.0,none,valid,无明显触发项,JD2502
JD|JD2509|2025-01-09,JD,JD2509,2025-01-09,16.0,none,valid,振幅异常,JD2502
JD|JD2508|2025-01-09,JD,JD2508,2025-01-09,9.0,none,valid,振幅异常,JD2502
JD|JD2501|2025-01-09,JD,JD2501,2025-01-09,0.0,none,valid,目标合约流动性偏弱,JD2502
JD|JD2502|2025-01-09,JD,JD2502,2025-01-09,0.0,none,valid,无明显触发项,JD2502
JD|JD2503|2025-01-09,JD,JD2503,2025-01-09,0.0,none,valid,无明显触发项,JD2502
JD|JD2504|2025-01-09,JD,JD2504,2025-01-09,0.0,none,valid,无明显触发项,JD2502
JD|JD2505|2025-01-09,JD,JD2505,2025-01-09,0.0,none,valid,无明显触发项,JD2502
JD|JD2506|2025-01-09,JD,JD2506,2025-01-09,0.0,none,valid,无明显触发项,JD2502
JD|JD2507|2025-01-09,JD,JD2507,2025-01-09,0.0,none,valid,无明显触发项,JD2502
JD|JD2508|2025-01-10,JD,JD2508,2025-01-10,60.0,medium,valid,结构失真,JD2502
JD|JD2509|2025-01-10,JD,JD2509,2025-01-10,60.0,medium,valid,结构失真,JD2502
JD|JD2502|2025-01-10,JD,JD2502,2025-01-10,24.0,none,valid,结构失真,JD2502
JD|JD2504|2025-01-10,JD,JD2504,2025-01-10,12.0,none,valid,无明显触发项,JD2502
JD|JD2507|2025-01-10,JD,JD2507,2025-01-10,12.0,none,valid,无明显触发项,JD2502
JD|JD2501|2025-01-10,JD,JD2501,2025-01-10,0.0,none,valid,目标合约流动性偏弱,JD2502
JD|JD2503|2025-01-10,JD,JD2503,2025-01-10,0.0,none,valid,无明显触发项,JD2502
JD|JD2505|2025-01-10,JD,JD2505,2025-01-10,0.0,none,valid,无明显触发项,JD2502
JD|JD2506|2025-01-10,JD,JD2506,2025-01-10,0.0,none,valid,无明显触发项,JD2502
JD|JD2509|2025-01-13,JD,JD2509,2025-01-13,7.0,none,valid,无明显触发项,JD2502
JD|JD2501|2025-01-13,JD,JD2501,2025-01-13,0.0,none,invalid_lifecycle_edge,样本状态=生命周期边界无效,JD2502
JD|JD2502|2025-01-13,JD,JD2502,2025-01-13,0.0,none,valid,无明显触发项,JD2502
JD|JD2503|2025-01-13,JD,JD2503,2025-01-13,0.0,none,valid,无明显触发项,JD2502
JD|JD2504|2025-01-13,JD,JD2504,2025-01-13,0.0,none,valid,无明显触发项,JD2502
JD|JD2505|2025-01-13,JD,JD2505,2025-01-13,0.0,none,valid,无明显触发项,JD2502
JD|JD2506|2025-01-13,JD,JD2506,2025-01-13,0.0,none,valid,无明显触发项,JD2502
JD|JD2507|2025-01-13,JD,JD2507,2025-01-13,0.0,none,valid,无明显触发项,JD2502
JD|JD2508|2025-01-13,JD,JD2508,2025-01-13,0.0,none,valid,无明显触发项,JD2502
JD|JD2508|2025-01-14,JD,JD2508,2025-01-14,34.0,low,valid,结构失真,JD2502
JD|JD2509|2025-01-14,JD,JD2509,2025-01-14,22.0,none,valid,结构失真,JD2502
JD|JD2501|2025-01-14,JD,JD2501,2025-01-14,0.0,none,invalid_lifecycle_edge,样本状态=生命周期边界无效,JD2502
JD|JD2502|2025-01-14,JD,JD2502,2025-01-14,0.0,none,valid,无明显触发项,JD2502
JD|JD2503|2025-01-14,JD,JD2503,2025-01-14,0.0,none,valid,无明显触发项,JD2502
JD|JD2504|2025-01-14,JD,JD2504,2025-01-14,0.0,none,valid,无明显触发项,JD2502
JD|JD2505|2025-01-14,JD,JD2505,2025-01-14,0.0,none,valid,无明显触发项,JD2502
JD|JD2506|2025-01-14,JD,JD2506,2025-01-14,0.0,none,valid,无明显触发项,JD2502
JD|JD2507|2025-01-14,JD,JD2507,2025-01-14,0.0,none,valid,无明显触发项,JD2502
JD|JD2501|2025-01-15,JD,JD2501,2025-01-15,0.0,none,invalid_lifecycle_edge,样本状态=生命周期边界无效,JD2505
JD|JD2502|2025-01-15,JD,JD2502,2025-01-15,0.0,none,valid,无明显触发项,JD2505
JD|JD2503|2025-01-15,JD,JD2503,2025-01-15,0.0,none,valid,无明显触发项,JD2505
JD|JD2504|2025-01-15,JD,JD2504,2025-01-15,0.0,none,valid,无明显触发项,JD2505
JD|JD2505|2025-01-15,JD,JD2505,2025-01-15,0.0,none,valid,无明显触发项,JD2505
JD|JD2506|2025-01-15,JD,JD2506,2025-01-15,0.0,none,valid,无明显触发项,JD2505
JD|JD2507|2025-01-15,JD,JD2507,2025-01-15,0.0,none,valid,无明显触发项,JD2505
JD|JD2508|2025-01-15,JD,JD2508,2025-01-15,0.0,none,valid,无明显触发项,JD2505
JD|JD2509|2025-01-15,JD,JD2509,2025-01-15,0.0,none,valid,无明显触发项,JD2505
JD|JD2501|2025-01-16,JD,JD2501,2025-01-16,0.0,none,invalid_lifecycle_edge,样本状态=生命周期边界无效,JD2505
JD|JD2502|2025-01-16,JD,JD2502,2025-01-16,0.0,none,valid,无明显触发项,JD2505
JD|JD2503|2025-01-16,JD,JD2503,2025-01-16,0.0,none,valid,无明显触发项,JD2505
JD|JD2504|2025-01-16,JD,JD2504,2025-01-16,0.0,none,valid,无明显触发项,JD2505
JD|JD2505|2025-01-16,JD,JD2505,2025-01-16,0.0,none,valid,无明显触发项,JD2505
JD|JD2506|2025-01-16,JD,JD2506,2025-01-16,0.0,none,valid,无明显触发项,JD2505
JD|JD2507|2025-01-16,JD,JD2507,2025-01-16,0.0,none,valid,无明显触发项,JD2505
JD|JD2508|2025-01-16,JD,JD2508,2025-01-16,0.0,none,valid,无明显触发项,JD2505
JD|JD2509|2025-01-16,JD,JD2509,2025-01-16,0.0,none,valid,无明显触发项,JD2505
JD|JD2505|2025-01-17,JD,JD2505,2025-01-17,13.0,none,valid,振幅异常,JD2505
JD|JD2506|2025-01-17,JD,JD2506,2025-01-17,12.0,none,valid,振幅异常,JD2505
JD|JD2504|2025-01-17,JD,JD2504,2025-01-17,7.0,none,valid,无明显触发项,JD2505
JD|JD2501|2025-01-17,JD,JD2501,2025-01-17,0.0,none,invalid_lifecycle_edge,样本状态=生命周期边界无效,JD2505
JD|JD2502|2025-01-17,JD,JD2502,2025-01-17,0.0,none,valid,无明显触发项,JD2505
JD|JD2503|2025-01-17,JD,JD2503,2025-01-17,0.0,none,valid,无明显触发项,JD2505
JD|JD2507|2025-01-17,JD,JD2507,2025-01-17,0.0,none,valid,无明显触发项,JD2505
JD|JD2508|2025-01-17,JD,JD2508,2025-01-17,0.0,none,valid,无明显触发项,JD2505
JD|JD2509|2025-01-17,JD,JD2509,2025-01-17,0.0,none,valid,无明显触发项,JD2505
JD|JD2508|2025-01-20,JD,JD2508,2025-01-20,5.0,none,valid,无明显触发项,JD2505
JD|JD2509|2025-01-20,JD,JD2509,2025-01-20,5.0,none,valid,无明显触发项,JD2505
JD|JD2501|2025-01-20,JD,JD2501,2025-01-20,0.0,none,invalid_lifecycle_edge,样本状态=生命周期边界无效,JD2505
JD|JD2502|2025-01-20,JD,JD2502,2025-01-20,0.0,none,valid,无明显触发项,JD2505
JD|JD2503|2025-01-20,JD,JD2503,2025-01-20,0.0,none,valid,无明显触发项,JD2505
JD|JD2504|2025-01-20,JD,JD2504,2025-01-20,0.0,none,valid,无明显触发项,JD2505
JD|JD2505|2025-01-20,JD,JD2505,2025-01-20,0.0,none,valid,无明显触发项,JD2505
JD|JD2506|2025-01-20,JD,JD2506,2025-01-20,0.0,none,valid,无明显触发项,JD2505
JD|JD2507|2025-01-20,JD,JD2507,2025-01-20,0.0,none,valid,无明显触发项,JD2505
JD|JD2503|2025-01-21,JD,JD2503,2025-01-21,40.0,low,valid,结构失真,JD2505
JD|JD2504|2025-01-21,JD,JD2504,2025-01-21,40.0,low,valid,结构失真,JD2505
JD|JD2508|2025-01-21,JD,JD2508,2025-01-21,34.0,low,valid,结构失真,JD2505
JD|JD2509|2025-01-21,JD,JD2509,2025-01-21,34.0,low,valid,结构失真,JD2505
JD|JD2505|2025-01-21,JD,JD2505,2025-01-21,12.0,none,valid,无明显触发项,JD2505
JD|JD2501|2025-01-21,JD,JD2501,2025-01-21,0.0,none,invalid_lifecycle_edge,样本状态=生命周期边界无效,JD2505
JD|JD2502|2025-01-21,JD,JD2502,2025-01-21,0.0,none,valid,无明显触发项,JD2505
JD|JD2506|2025-01-21,JD,JD2506,2025-01-21,0.0,none,valid,无明显触发项,JD2505
JD|JD2507|2025-01-21,JD,JD2507,2025-01-21,0.0,none,valid,无明显触发项,JD2505
JD|JD2508|2025-01-22,JD,JD2508,2025-01-22,34.0,low,valid,结构失真,JD2505
JD|JD2509|2025-01-22,JD,JD2509,2025-01-22,34.0,low,valid,结构失真,JD2505
JD|JD2504|2025-01-22,JD,JD2504,2025-01-22,24.0,none,valid,结构失真,JD2505
JD|JD2505|2025-01-22,JD,JD2505,2025-01-22,24.0,none,valid,结构失真,JD2505
JD|JD2501|2025-01-22,JD,JD2501,2025-01-22,0.0,none,invalid_lifecycle_edge,样本状态=生命周期边界无效,JD2505
JD|JD2502|2025-01-22,JD,JD2502,2025-01-22,0.0,none,valid,无明显触发项,JD2505
JD|JD2503|2025-01-22,JD,JD2503,2025-01-22,0.0,none,valid,无明显触发项,JD2505
JD|JD2506|2025-01-22,JD,JD2506,2025-01-22,0.0,none,valid,无明显触发项,JD2505
JD|JD2507|2025-01-22,JD,JD2507,2025-01-22,0.0,none,valid,无明显触发项,JD2505
JD|JD2508|2025-01-23,JD,JD2508,2025-01-23,60.0,medium,valid,结构失真,JD2505
JD|JD2509|2025-01-23,JD,JD2509,2025-01-23,60.0,medium,valid,结构失真,JD2505
JD|JD2504|2025-01-23,JD,JD2504,2025-01-23,50.0,medium,valid,结构失真,JD2505
JD|JD2505|2025-01-23,JD,JD2505,2025-01-23,24.0,none,valid,结构失真,JD2505
JD|JD2502|2025-01-23,JD,JD2502,2025-01-23,0.0,none,valid,无明显触发项,JD2505
JD|JD2503|2025-01-23,JD,JD2503,2025-01-23,0.0,none,valid,无明显触发项,JD2505
JD|JD2506|2025-01-23,JD,JD2506,2025-01-23,0.0,none,valid,无明显触发项,JD2505
JD|JD2507|2025-01-23,JD,JD2507,2025-01-23,0.0,none,valid,无明显触发项,JD2505
JD|JD2505|2025-01-24,JD,JD2505,2025-01-24,45.0,low,valid,结构失真,JD2505
JD|JD2504|2025-01-24,JD,JD2504,2025-01-24,24.0,none,valid,结构失真,JD2505
JD|JD2502|2025-01-24,JD,JD2502,2025-01-24,0.0,none,valid,无明显触发项,JD2505
JD|JD2503|2025-01-24,JD,JD2503,2025-01-24,0.0,none,valid,无明显触发项,JD2505
JD|JD2506|2025-01-24,JD,JD2506,2025-01-24,0.0,none,valid,无明显触发项,JD2505
JD|JD2507|2025-01-24,JD,JD2507,2025-01-24,0.0,none,valid,无明显触发项,JD2505
JD|JD2508|2025-01-24,JD,JD2508,2025-01-24,0.0,none,valid,无明显触发项,JD2505
JD|JD2509|2025-01-24,JD,JD2509,2025-01-24,0.0,none,valid,无明显触发项,JD2505
JD|JD2502|2025-01-27,JD,JD2502,2025-01-27,42.0,low,valid,振幅异常；结构失真,JD2505
JD|JD2503|2025-01-27,JD,JD2503,2025-01-27,0.0,none,valid,无明显触发项,JD2505
JD|JD2504|2025-01-27,JD,JD2504,2025-01-27,0.0,none,valid,无明显触发项,JD2505
JD|JD2505|2025-01-27,JD,JD2505,2025-01-27,0.0,none,valid,无明显触发项,JD2505
JD|JD2506|2025-01-27,JD,JD2506,2025-01-27,0.0,none,valid,无明显触发项,JD2505
JD|JD2507|2025-01-27,JD,JD2507,2025-01-27,0.0,none,valid,无明显触发项,JD2505
JD|JD2508|2025-01-27,JD,JD2508,2025-01-27,0.0,none,valid,无明显触发项,JD2505
JD|JD2509|2025-01-27,JD,JD2509,2025-01-27,0.0,none,valid,无明显触发项,JD2505
JD|JD2503|2025-02-05,JD,JD2503,2025-02-05,44.0,low,valid,结构失真,JD2505
JD|JD2502|2025-02-05,JD,JD2502,2025-02-05,32.0,low,valid,振幅异常；结构失真；目标合约流动性偏弱,JD2505
JD|JD2508|2025-02-05,JD,JD2508,2025-02-05,20.0,none,valid,振幅异常,JD2505
JD|JD2509|2025-02-05,JD,JD2509,2025-02-05,20.0,none,valid,振幅异常,JD2505
JD|JD2506|2025-02-05,JD,JD2506,2025-02-05,11.0,none,valid,振幅异常,JD2505
JD|JD2504|2025-02-05,JD,JD2504,2025-02-05,0.0,none,valid,无明显触发项,JD2505
JD|JD2505|2025-02-05,JD,JD2505,2025-02-05,0.0,none,valid,无明显触发项,JD2505
JD|JD2507|2025-02-05,JD,JD2507,2025-02-05,0.0,none,valid,无明显触发项,JD2505
JD|JD2502|2025-02-06,JD,JD2502,2025-02-06,70.0,high,valid,振幅异常；结构失真；目标合约流动性偏弱,JD2505
JD|JD2503|2025-02-06,JD,JD2503,2025-02-06,60.0,medium,valid,振幅异常；结构失真,JD2505
JD|JD2505|2025-02-06,JD,JD2505,2025-02-06,16.0,none,valid,振幅异常,JD2505
JD|JD2504|2025-02-06,JD,JD2504,2025-02-06,5.0,none,valid,无明显触发项,JD2505
JD|JD2506|2025-02-06,JD,JD2506,2025-02-06,0.0,none,valid,无明显触发项,JD2505
JD|JD2507|2025-02-06,JD,JD2507,2025-02-06,0.0,none,valid,无明显触发项,JD2505
JD|JD2508|2025-02-06,JD,JD2508,2025-02-06,0.0,none,valid,无明显触发项,JD2505
JD|JD2509|2025-02-06,JD,JD2509,2025-02-06,0.0,none,valid,无明显触发项,JD2505
JD|JD2502|2025-02-07,JD,JD2502,2025-02-07,50.0,medium,valid,结构失真；目标合约流动性偏弱,JD2505
JD|JD2503|2025-02-07,JD,JD2503,2025-02-07,40.0,low,valid,结构失真,JD2505
JD|JD2509|2025-02-07,JD,JD2509,2025-02-07,12.0,none,valid,无明显触发项,JD2505
JD|JD2504|2025-02-07,JD,JD2504,2025-02-07,0.0,none,valid,无明显触发项,JD2505
JD|JD2505|2025-02-07,JD,JD2505,2025-02-07,0.0,none,valid,无明显触发项,JD2505
JD|JD2506|2025-02-07,JD,JD2506,2025-02-07,0.0,none,valid,无明显触发项,JD2505
JD|JD2507|2025-02-07,JD,JD2507,2025-02-07,0.0,none,valid,无明显触发项,JD2505
JD|JD2508|2025-02-07,JD,JD2508,2025-02-07,0.0,none,valid,无明显触发项,JD2505
JD|JD2502|2025-02-10,JD,JD2502,2025-02-10,24.0,none,valid,结构失真；目标合约流动性偏弱,JD2505
JD|JD2503|2025-02-10,JD,JD2503,2025-02-10,24.0,none,valid,结构失真,JD2505
JD|JD2504|2025-02-10,JD,JD2504,2025-02-10,0.0,none,valid,无明显触发项,JD2505
JD|JD2505|2025-02-10,JD,JD2505,2025-02-10,0.0,none,valid,无明显触发项,JD2505
JD|JD2506|2025-02-10,JD,JD2506,2025-02-10,0.0,none,valid,无明显触发项,JD2505
JD|JD2507|2025-02-10,JD,JD2507,2025-02-10,0.0,none,valid,无明显触发项,JD2505
JD|JD2508|2025-02-10,JD,JD2508,2025-02-10,0.0,none,valid,无明显触发项,JD2505
JD|JD2509|2025-02-10,JD,JD2509,2025-02-10,0.0,none,valid,无明显触发项,JD2505
JD|JD2509|2025-02-11,JD,JD2509,2025-02-11,60.0,medium,valid,结构失真,JD2505
JD|JD2502|2025-02-11,JD,JD2502,2025-02-11,50.0,medium,valid,结构失真；目标合约流动性偏弱,JD2505
JD|JD2508|2025-02-11,JD,JD2508,2025-02-11,50.0,medium,valid,结构失真,JD2505
JD|JD2503|2025-02-11,JD,JD2503,2025-02-11,40.0,low,valid,结构失真,JD2505
JD|JD2505|2025-02-11,JD,JD2505,2025-02-11,40.0,low,valid,结构失真,JD2505
JD|JD2506|2025-02-11,JD,JD2506,2025-02-11,24.0,none,valid,结构失真,JD2505
JD|JD2504|2025-02-11,JD,JD2504,2025-02-11,12.0,none,valid,无明显触发项,JD2505
JD|JD2507|2025-02-11,JD,JD2507,2025-02-11,0.0,none,valid,无明显触发项,JD2505
JD|JD2503|2025-02-12,JD,JD2503,2025-02-12,60.0,medium,valid,结构失真,JD2505
JD|JD2509|2025-02-12,JD,JD2509,2025-02-12,45.0,low,valid,结构失真,JD2505
JD|JD2502|2025-02-12,JD,JD2502,2025-02-12,40.0,low,valid,结构失真；目标合约流动性偏弱,JD2505
JD|JD2505|2025-02-12,JD,JD2505,2025-02-12,40.0,low,valid,结构失真,JD2505
JD|JD2508|2025-02-12,JD,JD2508,2025-02-12,40.0,low,valid,结构失真,JD2505
JD|JD2504|2025-02-12,JD,JD2504,2025-02-12,24.0,none,valid,结构失真,JD2505
JD|JD2507|2025-02-12,JD,JD2507,2025-02-12,12.0,none,valid,无明显触发项,JD2505
JD|JD2506|2025-02-12,JD,JD2506,2025-02-12,0.0,none,valid,无明显触发项,JD2505
JD|JD2503|2025-02-13,JD,JD2503,2025-02-13,37.0,low,valid,结构失真,JD2505
JD|JD2504|2025-02-13,JD,JD2504,2025-02-13,24.0,none,valid,结构失真,JD2505
JD|JD2505|2025-02-13,JD,JD2505,2025-02-13,12.0,none,valid,无明显触发项,JD2505
JD|JD2502|2025-02-13,JD,JD2502,2025-02-13,0.0,none,valid,目标合约流动性偏弱,JD2505
JD|JD2506|2025-02-13,JD,JD2506,2025-02-13,0.0,none,valid,无明显触发项,JD2505
JD|JD2507|2025-02-13,JD,JD2507,2025-02-13,0.0,none,valid,无明显触发项,JD2505
JD|JD2508|2025-02-13,JD,JD2508,2025-02-13,0.0,none,valid,无明显触发项,JD2505
JD|JD2509|2025-02-13,JD,JD2509,2025-02-13,0.0,none,valid,无明显触发项,JD2505
JD|JD2504|2025-02-14,JD,JD2504,2025-02-14,40.0,low,valid,结构失真,JD2505
JD|JD2503|2025-02-14,JD,JD2503,2025-02-14,22.0,none,valid,结构失真,JD2505
JD|JD2505|2025-02-14,JD,JD2505,2025-02-14,0.0,none,valid,无明显触发项,JD2505
JD|JD2506|2025-02-14,JD,JD2506,2025-02-14,0.0,none,valid,无明显触发项,JD2505
JD|JD2507|2025-02-14,JD,JD2507,2025-02-14,0.0,none,valid,无明显触发项,JD2505
JD|JD2508|2025-02-14,JD,JD2508,2025-02-14,0.0,none,valid,无明显触发项,JD2505
JD|JD2509|2025-02-14,JD,JD2509,2025-02-14,0.0,none,valid,无明显触发项,JD2505
JD|JD2503|2025-02-17,JD,JD2503,2025-02-17,40.0,low,valid,振幅异常；结构失真,JD2505
JD|JD2504|2025-02-17,JD,JD2504,2025-02-17,20.0,none,valid,振幅异常,JD2505
JD|JD2506|2025-02-17,JD,JD2506,2025-02-17,20.0,none,valid,振幅异常,JD2505
JD|JD2507|2025-02-17,JD,JD2507,2025-02-17,20.0,none,valid,振幅异常,JD2505
JD|JD2505|2025-02-17,JD,JD2505,2025-02-17,16.0,none,valid,振幅异常,JD2505
JD|JD2508|2025-02-17,JD,JD2508,2025-02-17,11.0,none,valid,振幅异常,JD2505
JD|JD2509|2025-02-17,JD,JD2509,2025-02-17,3.0,none,valid,无明显触发项,JD2505
JD|JD2502|2025-02-17,JD,JD2502,2025-02-17,0.0,none,invalid_lifecycle_edge,样本状态=生命周期边界无效,JD2505
JD|JD2507|2025-02-18,JD,JD2507,2025-02-18,45.0,low,valid,结构失真,JD2505
JD|JD2509|2025-02-18,JD,JD2509,2025-02-18,41.0,low,valid,振幅异常；结构失真,JD2505
JD|JD2503|2025-02-18,JD,JD2503,2025-02-18,32.0,low,valid,结构失真,JD2505
JD|JD2508|2025-02-18,JD,JD2508,2025-02-18,5.0,none,valid,无明显触发项,JD2505
JD|JD2502|2025-02-18,JD,JD2502,2025-02-18,0.0,none,invalid_lifecycle_edge,样本状态=生命周期边界无效,JD2505
JD|JD2504|2025-02-18,JD,JD2504,2025-02-18,0.0,none,valid,无明显触发项,JD2505
JD|JD2505|2025-02-18,JD,JD2505,2025-02-18,0.0,none,valid,无明显触发项,JD2505
JD|JD2506|2025-02-18,JD,JD2506,2025-02-18,0.0,none,valid,无明显触发项,JD2505
JD|JD2508|2025-02-19,JD,JD2508,2025-02-19,60.0,medium,valid,结构失真,JD2505
JD|JD2509|2025-02-19,JD,JD2509,2025-02-19,60.0,medium,valid,结构失真,JD2505
JD|JD2503|2025-02-19,JD,JD2503,2025-02-19,41.0,low,valid,结构失真,JD2505
JD|JD2507|2025-02-19,JD,JD2507,2025-02-19,40.0,low,valid,结构失真,JD2505
JD|JD2502|2025-02-19,JD,JD2502,2025-02-19,0.0,none,invalid_lifecycle_edge,样本状态=生命周期边界无效,JD2505
JD|JD2504|2025-02-19,JD,JD2504,2025-02-19,0.0,none,valid,无明显触发项,JD2505
JD|JD2505|2025-02-19,JD,JD2505,2025-02-19,0.0,none,valid,无明显触发项,JD2505
JD|JD2506|2025-02-19,JD,JD2506,2025-02-19,0.0,none,valid,无明显触发项,JD2505
JD|JD2508|2025-02-20,JD,JD2508,2025-02-20,60.0,medium,valid,结构失真,JD2505
JD|JD2509|2025-02-20,JD,JD2509,2025-02-20,60.0,medium,valid,结构失真,JD2505
JD|JD2507|2025-02-20,JD,JD2507,2025-02-20,40.0,low,valid,结构失真,JD2505
JD|JD2505|2025-02-20,JD,JD2505,2025-02-20,24.0,none,valid,结构失真,JD2505
JD|JD2503|2025-02-20,JD,JD2503,2025-02-20,20.0,none,valid,无明显触发项,JD2505
JD|JD2502|2025-02-20,JD,JD2502,2025-02-20,0.0,none,invalid_lifecycle_edge,样本状态=生命周期边界无效,JD2505
JD|JD2504|2025-02-20,JD,JD2504,2025-02-20,0.0,none,valid,无明显触发项,JD2505
JD|JD2506|2025-02-20,JD,JD2506,2025-02-20,0.0,none,valid,无明显触发项,JD2505
JD|JD2507|2025-02-21,JD,JD2507,2025-02-21,12.0,none,valid,无明显触发项,JD2505
JD|JD2502|2025-02-21,JD,JD2502,2025-02-21,0.0,none,invalid_lifecycle_edge,样本状态=生命周期边界无效,JD2505
JD|JD2503|2025-02-21,JD,JD2503,2025-02-21,0.0,none,valid,无明显触发项,JD2505
JD|JD2504|2025-02-21,JD,JD2504,2025-02-21,0.0,none,valid,无明显触发项,JD2505
JD|JD2505|2025-02-21,JD,JD2505,2025-02-21,0.0,none,valid,无明显触发项,JD2505
JD|JD2506|2025-02-21,JD,JD2506,2025-02-21,0.0,none,valid,无明显触发项,JD2505
JD|JD2508|2025-02-21,JD,JD2508,2025-02-21,0.0,none,valid,无明显触发项,JD2505
JD|JD2509|2025-02-21,JD,JD2509,2025-02-21,0.0,none,valid,无明显触发项,JD2505
JD|JD2503|2025-02-24,JD,JD2503,2025-02-24,13.0,none,valid,振幅异常,JD2505
JD|JD2504|2025-02-24,JD,JD2504,2025-02-24,7.0,none,valid,无明显触发项,JD2505
JD|JD2502|2025-02-24,JD,JD2502,2025-02-24,0.0,none,invalid_lifecycle_edge,样本状态=生命周期边界无效,JD2505
JD|JD2505|2025-02-24,JD,JD2505,2025-02-24,0.0,none,valid,无明显触发项,JD2505
JD|JD2506|2025-02-24,JD,JD2506,2025-02-24,0.0,none,valid,无明显触发项,JD2505
JD|JD2507|2025-02-24,JD,JD2507,2025-02-24,0.0,none,valid,无明显触发项,JD2505
JD|JD2508|2025-02-24,JD,JD2508,2025-02-24,0.0,none,valid,无明显触发项,JD2505
JD|JD2509|2025-02-24,JD,JD2509,2025-02-24,0.0,none,valid,无明显触发项,JD2505
JD|JD2508|2025-02-25,JD,JD2508,2025-02-25,60.0,medium,valid,结构失真,JD2505
JD|JD2509|2025-02-25,JD,JD2509,2025-02-25,60.0,medium,valid,结构失真,JD2505
JD|JD2506|2025-02-25,JD,JD2506,2025-02-25,32.0,low,valid,结构失真,JD2505
JD|JD2502|2025-02-25,JD,JD2502,2025-02-25,0.0,none,invalid_lifecycle_edge,样本状态=生命周期边界无效,JD2505
JD|JD2503|2025-02-25,JD,JD2503,2025-02-25,0.0,none,valid,无明显触发项,JD2505
JD|JD2504|2025-02-25,JD,JD2504,2025-02-25,0.0,none,valid,无明显触发项,JD2505
JD|JD2505|2025-02-25,JD,JD2505,2025-02-25,0.0,none,valid,无明显触发项,JD2505
JD|JD2507|2025-02-25,JD,JD2507,2025-02-25,0.0,none,valid,无明显触发项,JD2505
JD|JD2506|2025-02-26,JD,JD2506,2025-02-26,10.0,none,valid,无明显触发项,JD2505
JD|JD2503|2025-02-26,JD,JD2503,2025-02-26,0.0,none,valid,无明显触发项,JD2505
JD|JD2504|2025-02-26,JD,JD2504,2025-02-26,0.0,none,valid,无明显触发项,JD2505
JD|JD2505|2025-02-26,JD,JD2505,2025-02-26,0.0,none,valid,无明显触发项,JD2505
JD|JD2507|2025-02-26,JD,JD2507,2025-02-26,0.0,none,valid,无明显触发项,JD2505
JD|JD2508|2025-02-26,JD,JD2508,2025-02-26,0.0,none,valid,无明显触发项,JD2505
JD|JD2509|2025-02-26,JD,JD2509,2025-02-26,0.0,none,valid,无明显触发项,JD2505
JD|JD2506|2025-02-27,JD,JD2506,2025-02-27,60.0,medium,valid,结构失真,JD2505
JD|JD2508|2025-02-27,JD,JD2508,2025-02-27,60.0,medium,valid,结构失真,JD2505
JD|JD2509|2025-02-27,JD,JD2509,2025-02-27,60.0,medium,valid,结构失真,JD2505
JD|JD2503|2025-02-27,JD,JD2503,2025-02-27,0.0,none,valid,目标合约流动性偏弱,JD2505
JD|JD2504|2025-02-27,JD,JD2504,2025-02-27,0.0,none,valid,无明显触发项,JD2505
JD|JD2505|2025-02-27,JD,JD2505,2025-02-27,0.0,none,valid,无明显触发项,JD2505
JD|JD2507|2025-02-27,JD,JD2507,2025-02-27,0.0,none,valid,无明显触发项,JD2505
JD|JD2503|2025-02-28,JD,JD2503,2025-02-28,11.0,none,valid,振幅异常,JD2505
JD|JD2504|2025-02-28,JD,JD2504,2025-02-28,0.0,none,valid,无明显触发项,JD2505
JD|JD2505|2025-02-28,JD,JD2505,2025-02-28,0.0,none,valid,无明显触发项,JD2505
JD|JD2506|2025-02-28,JD,JD2506,2025-02-28,0.0,none,valid,无明显触发项,JD2505
JD|JD2507|2025-02-28,JD,JD2507,2025-02-28,0.0,none,valid,无明显触发项,JD2505
JD|JD2508|2025-02-28,JD,JD2508,2025-02-28,0.0,none,valid,无明显触发项,JD2505
JD|JD2509|2025-02-28,JD,JD2509,2025-02-28,0.0,none,valid,无明显触发项,JD2505
JD|JD2504|2025-03-03,JD,JD2504,2025-03-03,13.0,none,valid,振幅异常,JD2505
JD|JD2505|2025-03-03,JD,JD2505,2025-03-03,3.0,none,valid,无明显触发项,JD2505
JD|JD2503|2025-03-03,JD,JD2503,2025-03-03,0.0,none,valid,目标合约流动性偏弱,JD2505
JD|JD2506|2025-03-03,JD,JD2506,2025-03-03,0.0,none,valid,无明显触发项,JD2505
JD|JD2507|2025-03-03,JD,JD2507,2025-03-03,0.0,none,valid,无明显触发项,JD2505
JD|JD2508|2025-03-03,JD,JD2508,2025-03-03,0.0,none,valid,无明显触发项,JD2505
JD|JD2509|2025-03-03,JD,JD2509,2025-03-03,0.0,none,valid,无明显触发项,JD2505
JD|JD2509|2025-03-04,JD,JD2509,2025-03-04,60.0,medium,valid,结构失真,JD2505
JD|JD2506|2025-03-04,JD,JD2506,2025-03-04,50.0,medium,valid,结构失真,JD2505
JD|JD2504|2025-03-04,JD,JD2504,2025-03-04,40.0,low,valid,结构失真,JD2505
JD|JD2508|2025-03-04,JD,JD2508,2025-03-04,29.0,none,valid,结构失真,JD2505
JD|JD2503|2025-03-04,JD,JD2503,2025-03-04,0.0,none,valid,目标合约流动性偏弱,JD2505
JD|JD2505|2025-03-04,JD,JD2505,2025-03-04,0.0,none,valid,无明显触发项,JD2505
JD|JD2507|2025-03-04,JD,JD2507,2025-03-04,0.0,none,valid,无明显触发项,JD2505
JD|JD2504|2025-03-05,JD,JD2504,2025-03-05,40.0,low,valid,结构失真,JD2505
JD|JD2505|2025-03-05,JD,JD2505,2025-03-05,40.0,low,valid,结构失真,JD2505
JD|JD2506|2025-03-05,JD,JD2506,2025-03-05,40.0,low,valid,结构失真,JD2505
JD|JD2507|2025-03-05,JD,JD2507,2025-03-05,0.0,none,valid,无明显触发项,JD2505
JD|JD2508|2025-03-05,JD,JD2508,2025-03-05,0.0,none,valid,无明显触发项,JD2505
JD|JD2509|2025-03-05,JD,JD2509,2025-03-05,0.0,none,valid,无明显触发项,JD2505
JD|JD2506|2025-03-06,JD,JD2506,2025-03-06,63.0,medium,valid,结构失真,JD2505
JD|JD2504|2025-03-06,JD,JD2504,2025-03-06,40.0,low,valid,结构失真,JD2505
JD|JD2505|2025-03-06,JD,JD2505,2025-03-06,40.0,low,valid,结构失真,JD2505
JD|JD2503|2025-03-06,JD,JD2503,2025-03-06,0.0,none,valid,目标合约流动性偏弱,JD2505
JD|JD2507|2025-03-06,JD,JD2507,2025-03-06,0.0,none,valid,无明显触发项,JD2505
JD|JD2508|2025-03-06,JD,JD2508,2025-03-06,0.0,none,valid,无明显触发项,JD2505
JD|JD2509|2025-03-06,JD,JD2509,2025-03-06,0.0,none,valid,无明显触发项,JD2505
JD|JD2505|2025-03-07,JD,JD2505,2025-03-07,16.0,none,valid,振幅异常,JD2505
JD|JD2506|2025-03-07,JD,JD2506,2025-03-07,13.0,none,valid,振幅异常,JD2505
JD|JD2504|2025-03-07,JD,JD2504,2025-03-07,7.0,none,valid,无明显触发项,JD2505
JD|JD2508|2025-03-07,JD,JD2508,2025-03-07,3.0,none,valid,无明显触发项,JD2505
JD|JD2509|2025-03-07,JD,JD2509,2025-03-07,3.0,none,valid,无明显触发项,JD2505
JD|JD2503|2025-03-07,JD,JD2503,2025-03-07,0.0,none,valid,目标合约流动性偏弱,JD2505
JD|JD2507|2025-03-07,JD,JD2507,2025-03-07,0.0,none,valid,无明显触发项,JD2505
JD|JD2505|2025-03-10,JD,JD2505,2025-03-10,36.0,low,valid,结构失真,JD2505
JD|JD2504|2025-03-10,JD,JD2504,2025-03-10,25.0,none,valid,振幅异常,JD2505
JD|JD2508|2025-03-10,JD,JD2508,2025-03-10,20.0,none,valid,振幅异常,JD2505
JD|JD2507|2025-03-10,JD,JD2507,2025-03-10,13.0,none,valid,振幅异常,JD2505
JD|JD2509|2025-03-10,JD,JD2509,2025-03-10,9.0,none,valid,振幅异常,JD2505
JD|JD2506|2025-03-10,JD,JD2506,2025-03-10,7.0,none,valid,无明显触发项,JD2505
JD|JD2503|2025-03-10,JD,JD2503,2025-03-10,0.0,none,valid,目标合约流动性偏弱,JD2505
JD|JD2506|2025-03-11,JD,JD2506,2025-03-11,50.0,medium,valid,结构失真,JD2505
JD|JD2504|2025-03-11,JD,JD2504,2025-03-11,40.0,low,valid,结构失真,JD2505
JD|JD2505|2025-03-11,JD,JD2505,2025-03-11,24.0,none,valid,结构失真,JD2505
JD|JD2503|2025-03-11,JD,JD2503,2025-03-11,0.0,none,valid,目标合约流动性偏弱,JD2505
JD|JD2507|2025-03-11,JD,JD2507,2025-03-11,0.0,none,valid,无明显触发项,JD2505
JD|JD2508|2025-03-11,JD,JD2508,2025-03-11,0.0,none,valid,无明显触发项,JD2505
JD|JD2509|2025-03-11,JD,JD2509,2025-03-11,0.0,none,valid,无明显触发项,JD2505
JD|JD2507|2025-03-12,JD,JD2507,2025-03-12,20.0,none,valid,振幅异常,JD2505
JD|JD2508|2025-03-12,JD,JD2508,2025-03-12,20.0,none,valid,振幅异常,JD2505
JD|JD2504|2025-03-12,JD,JD2504,2025-03-12,0.0,none,valid,无明显触发项,JD2505
JD|JD2505|2025-03-12,JD,JD2505,2025-03-12,0.0,none,valid,无明显触发项,JD2505
JD|JD2506|2025-03-12,JD,JD2506,2025-03-12,0.0,none,valid,无明显触发项,JD2505
JD|JD2509|2025-03-12,JD,JD2509,2025-03-12,0.0,none,valid,无明显触发项,JD2505
JD|JD2506|2025-03-13,JD,JD2506,2025-03-13,13.0,none,valid,振幅异常,JD2505
JD|JD2504|2025-03-13,JD,JD2504,2025-03-13,7.0,none,valid,无明显触发项,JD2505
JD|JD2508|2025-03-13,JD,JD2508,2025-03-13,4.0,none,valid,无明显触发项,JD2505
JD|JD2505|2025-03-13,JD,JD2505,2025-03-13,3.0,none,valid,无明显触发项,JD2505
JD|JD2507|2025-03-13,JD,JD2507,2025-03-13,0.0,none,valid,无明显触发项,JD2505
JD|JD2509|2025-03-13,JD,JD2509,2025-03-13,0.0,none,valid,无明显触发项,JD2505
JD|JD2507|2025-03-14,JD,JD2507,2025-03-14,40.0,low,valid,结构失真,JD2505
JD|JD2509|2025-03-14,JD,JD2509,2025-03-14,13.0,none,valid,振幅异常,JD2505
JD|JD2503|2025-03-14,JD,JD2503,2025-03-14,0.0,none,valid,目标合约流动性偏弱,JD2505
JD|JD2504|2025-03-14,JD,JD2504,2025-03-14,0.0,none,valid,无明显触发项,JD2505
JD|JD2505|2025-03-14,JD,JD2505,2025-03-14,0.0,none,valid,无明显触发项,JD2505
JD|JD2506|2025-03-14,JD,JD2506,2025-03-14,0.0,none,valid,无明显触发项,JD2505
JD|JD2508|2025-03-14,JD,JD2508,2025-03-14,0.0,none,valid,无明显触发项,JD2505
JD|JD2505|2025-03-17,JD,JD2505,2025-03-17,60.0,medium,valid,结构失真,JD2505
JD|JD2504|2025-03-17,JD,JD2504,2025-03-17,12.0,none,valid,无明显触发项,JD2505
JD|JD2503|2025-03-17,JD,JD2503,2025-03-17,0.0,none,invalid_lifecycle_edge,样本状态=生命周期边界无效,JD2505
JD|JD2506|2025-03-17,JD,JD2506,2025-03-17,0.0,none,valid,无明显触发项,JD2505
JD|JD2507|2025-03-17,JD,JD2507,2025-03-17,0.0,none,valid,无明显触发项,JD2505
JD|JD2508|2025-03-17,JD,JD2508,2025-03-17,0.0,none,valid,无明显触发项,JD2505
JD|JD2509|2025-03-17,JD,JD2509,2025-03-17,0.0,none,valid,无明显触发项,JD2505
JD|JD2507|2025-03-18,JD,JD2507,2025-03-18,8.0,none,valid,振幅异常,JD2505
JD|JD2503|2025-03-18,JD,JD2503,2025-03-18,0.0,none,invalid_lifecycle_edge,样本状态=生命周期边界无效,JD2505
JD|JD2504|2025-03-18,JD,JD2504,2025-03-18,0.0,none,valid,无明显触发项,JD2505
JD|JD2505|2025-03-18,JD,JD2505,2025-03-18,0.0,none,valid,无明显触发项,JD2505
JD|JD2506|2025-03-18,JD,JD2506,2025-03-18,0.0,none,valid,无明显触发项,JD2505
JD|JD2508|2025-03-18,JD,JD2508,2025-03-18,0.0,none,valid,无明显触发项,JD2505
JD|JD2509|2025-03-18,JD,JD2509,2025-03-18,0.0,none,valid,无明显触发项,JD2505
JD|JD2507|2025-03-19,JD,JD2507,2025-03-19,27.0,none,valid,结构失真,JD2505
JD|JD2508|2025-03-19,JD,JD2508,2025-03-19,20.0,none,valid,振幅异常,JD2505
JD|JD2509|2025-03-19,JD,JD2509,2025-03-19,20.0,none,valid,振幅异常,JD2505
JD|JD2506|2025-03-19,JD,JD2506,2025-03-19,9.0,none,valid,振幅异常,JD2505
JD|JD2503|2025-03-19,JD,JD2503,2025-03-19,0.0,none,invalid_lifecycle_edge,样本状态=生命周期边界无效,JD2505
JD|JD2504|2025-03-19,JD,JD2504,2025-03-19,0.0,none,valid,无明显触发项,JD2505
JD|JD2505|2025-03-19,JD,JD2505,2025-03-19,0.0,none,valid,无明显触发项,JD2505
JD|JD2507|2025-03-20,JD,JD2507,2025-03-20,37.0,low,valid,振幅异常；结构失真,JD2505
JD|JD2505|2025-03-20,JD,JD2505,2025-03-20,18.0,none,valid,振幅异常,JD2505
JD|JD2506|2025-03-20,JD,JD2506,2025-03-20,15.0,none,valid,振幅异常,JD2505
JD|JD2509|2025-03-20,JD,JD2509,2025-03-20,8.0,none,valid,振幅异常,JD2505
JD|JD2503|2025-03-20,JD,JD2503,2025-03-20,0.0,none,invalid_lifecycle_edge,样本状态=生命周期边界无效,JD2505
JD|JD2504|2025-03-20,JD,JD2504,2025-03-20,0.0,none,valid,无明显触发项,JD2505
JD|JD2508|2025-03-20,JD,JD2508,2025-03-20,0.0,none,valid,无明显触发项,JD2505
JD|JD2507|2025-03-21,JD,JD2507,2025-03-21,24.0,none,valid,结构失真,JD2505
JD|JD2503|2025-03-21,JD,JD2503,2025-03-21,0.0,none,invalid_lifecycle_edge,样本状态=生命周期边界无效,JD2505
JD|JD2504|2025-03-21,JD,JD2504,2025-03-21,0.0,none,valid,目标合约流动性偏弱,JD2505
JD|JD2505|2025-03-21,JD,JD2505,2025-03-21,0.0,none,valid,无明显触发项,JD2505
JD|JD2506|2025-03-21,JD,JD2506,2025-03-21,0.0,none,valid,无明显触发项,JD2505
JD|JD2508|2025-03-21,JD,JD2508,2025-03-21,0.0,none,valid,无明显触发项,JD2505
JD|JD2509|2025-03-21,JD,JD2509,2025-03-21,0.0,none,valid,无明显触发项,JD2505
JD|JD2508|2025-03-24,JD,JD2508,2025-03-24,11.0,none,valid,振幅异常,JD2505
JD|JD2503|2025-03-24,JD,JD2503,2025-03-24,0.0,none,invalid_lifecycle_edge,样本状态=生命周期边界无效,JD2505
JD|JD2504|2025-03-24,JD,JD2504,2025-03-24,0.0,none,valid,目标合约流动性偏弱,JD2505
JD|JD2505|2025-03-24,JD,JD2505,2025-03-24,0.0,none,valid,无明显触发项,JD2505
JD|JD2506|2025-03-24,JD,JD2506,2025-03-24,0.0,none,valid,无明显触发项,JD2505
JD|JD2507|2025-03-24,JD,JD2507,2025-03-24,0.0,none,valid,无明显触发项,JD2505
JD|JD2509|2025-03-24,JD,JD2509,2025-03-24,0.0,none,valid,无明显触发项,JD2505
JD|JD2505|2025-03-25,JD,JD2505,2025-03-25,50.0,medium,valid,结构失真,JD2505
JD|JD2507|2025-03-25,JD,JD2507,2025-03-25,40.0,low,valid,结构失真,JD2505
JD|JD2506|2025-03-25,JD,JD2506,2025-03-25,12.0,none,valid,无明显触发项,JD2505
JD|JD2509|2025-03-25,JD,JD2509,2025-03-25,12.0,none,valid,无明显触发项,JD2505
JD|JD2504|2025-03-25,JD,JD2504,2025-03-25,10.0,none,valid,振幅异常；目标合约流动性偏弱,JD2505
JD|JD2503|2025-03-25,JD,JD2503,2025-03-25,0.0,none,invalid_lifecycle_edge,样本状态=生命周期边界无效,JD2505
JD|JD2508|2025-03-25,JD,JD2508,2025-03-25,0.0,none,valid,无明显触发项,JD2505
JD|JD2505|2025-03-26,JD,JD2505,2025-03-26,40.0,low,valid,结构失真,JD2505
JD|JD2506|2025-03-26,JD,JD2506,2025-03-26,24.0,none,valid,结构失真,JD2505
JD|JD2507|2025-03-26,JD,JD2507,2025-03-26,24.0,none,valid,结构失真,JD2505
JD|JD2508|2025-03-26,JD,JD2508,2025-03-26,12.0,none,valid,无明显触发项,JD2505
JD|JD2509|2025-03-26,JD,JD2509,2025-03-26,12.0,none,valid,无明显触发项,JD2505
JD|JD2503|2025-03-26,JD,JD2503,2025-03-26,0.0,none,invalid_lifecycle_edge,样本状态=生命周期边界无效,JD2505
JD|JD2504|2025-03-26,JD,JD2504,2025-03-26,0.0,none,valid,目标合约流动性偏弱,JD2505
JD|JD2507|2025-03-27,JD,JD2507,2025-03-27,20.0,none,valid,振幅异常,JD2505
JD|JD2508|2025-03-27,JD,JD2508,2025-03-27,17.0,none,valid,振幅异常,JD2505
JD|JD2505|2025-03-27,JD,JD2505,2025-03-27,15.0,none,valid,振幅异常,JD2505
JD|JD2504|2025-03-27,JD,JD2504,2025-03-27,2.0,none,valid,振幅异常；目标合约流动性偏弱,JD2505
JD|JD2506|2025-03-27,JD,JD2506,2025-03-27,0.0,none,valid,无明显触发项,JD2505
JD|JD2509|2025-03-27,JD,JD2509,2025-03-27,0.0,none,valid,无明显触发项,JD2505
JD|JD2507|2025-03-28,JD,JD2507,2025-03-28,12.0,none,valid,无明显触发项,JD2505
JD|JD2504|2025-03-28,JD,JD2504,2025-03-28,0.0,none,valid,目标合约流动性偏弱,JD2505
JD|JD2505|2025-03-28,JD,JD2505,2025-03-28,0.0,none,valid,无明显触发项,JD2505
JD|JD2506|2025-03-28,JD,JD2506,2025-03-28,0.0,none,valid,无明显触发项,JD2505
JD|JD2508|2025-03-28,JD,JD2508,2025-03-28,0.0,none,valid,无明显触发项,JD2505
JD|JD2509|2025-03-28,JD,JD2509,2025-03-28,0.0,none,valid,无明显触发项,JD2505
JD|JD2506|2025-03-31,JD,JD2506,2025-03-31,12.0,none,valid,振幅异常,JD2505
JD|JD2504|2025-03-31,JD,JD2504,2025-03-31,0.0,none,valid,无明显触发项,JD2505
JD|JD2505|2025-03-31,JD,JD2505,2025-03-31,0.0,none,valid,无明显触发项,JD2505
JD|JD2507|2025-03-31,JD,JD2507,2025-03-31,0.0,none,valid,无明显触发项,JD2505
JD|JD2508|2025-03-31,JD,JD2508,2025-03-31,0.0,none,valid,无明显触发项,JD2505
JD|JD2509|2025-03-31,JD,JD2509,2025-03-31,0.0,none,valid,无明显触发项,JD2505
JD|JD2505|2025-04-01,JD,JD2505,2025-04-01,12.0,none,valid,无明显触发项,JD2505
JD|JD2507|2025-04-01,JD,JD2507,2025-04-01,12.0,none,valid,无明显触发项,JD2505
JD|JD2504|2025-04-01,JD,JD2504,2025-04-01,0.0,none,valid,目标合约流动性偏弱,JD2505
JD|JD2506|2025-04-01,JD,JD2506,2025-04-01,0.0,none,valid,无明显触发项,JD2505
JD|JD2508|2025-04-01,JD,JD2508,2025-04-01,0.0,none,valid,无明显触发项,JD2505
JD|JD2509|2025-04-01,JD,JD2509,2025-04-01,0.0,none,valid,无明显触发项,JD2505
JD|JD2505|2025-04-02,JD,JD2505,2025-04-02,40.0,low,valid,结构失真,JD2505
JD|JD2506|2025-04-02,JD,JD2506,2025-04-02,40.0,low,valid,结构失真,JD2505
JD|JD2508|2025-04-02,JD,JD2508,2025-04-02,40.0,low,valid,结构失真,JD2505
JD|JD2509|2025-04-02,JD,JD2509,2025-04-02,40.0,low,valid,结构失真,JD2505
JD|JD2504|2025-04-02,JD,JD2504,2025-04-02,0.0,none,valid,目标合约流动性偏弱,JD2505
JD|JD2507|2025-04-02,JD,JD2507,2025-04-02,0.0,none,valid,无明显触发项,JD2505
JD|JD2504|2025-04-03,JD,JD2504,2025-04-03,0.0,none,valid,目标合约流动性偏弱,JD2505
JD|JD2505|2025-04-03,JD,JD2505,2025-04-03,0.0,none,valid,无明显触发项,JD2505
JD|JD2506|2025-04-03,JD,JD2506,2025-04-03,0.0,none,valid,无明显触发项,JD2505
JD|JD2507|2025-04-03,JD,JD2507,2025-04-03,0.0,none,valid,无明显触发项,JD2505
JD|JD2508|2025-04-03,JD,JD2508,2025-04-03,0.0,none,valid,无明显触发项,JD2505
JD|JD2509|2025-04-03,JD,JD2509,2025-04-03,0.0,none,valid,无明显触发项,JD2505
JD|JD2505|2025-04-07,JD,JD2505,2025-04-07,25.0,none,valid,振幅异常,JD2505
JD|JD2506|2025-04-07,JD,JD2506,2025-04-07,20.0,none,valid,振幅异常,JD2505
JD|JD2507|2025-04-07,JD,JD2507,2025-04-07,20.0,none,valid,振幅异常,JD2505
JD|JD2509|2025-04-07,JD,JD2509,2025-04-07,9.0,none,valid,振幅异常,JD2505
JD|JD2504|2025-04-07,JD,JD2504,2025-04-07,0.0,none,valid,目标合约流动性偏弱,JD2505
JD|JD2508|2025-04-07,JD,JD2508,2025-04-07,0.0,none,valid,无明显触发项,JD2505
JD|JD2505|2025-04-08,JD,JD2505,2025-04-08,20.0,none,valid,振幅异常,JD2505
JD|JD2506|2025-04-08,JD,JD2506,2025-04-08,20.0,none,valid,振幅异常,JD2505
JD|JD2508|2025-04-08,JD,JD2508,2025-04-08,20.0,none,valid,振幅异常,JD2505
JD|JD2509|2025-04-08,JD,JD2509,2025-04-08,17.0,none,valid,振幅异常,JD2505
JD|JD2507|2025-04-08,JD,JD2507,2025-04-08,13.0,none,valid,振幅异常,JD2505
JD|JD2504|2025-04-08,JD,JD2504,2025-04-08,0.0,none,valid,目标合约流动性偏弱,JD2505
JD|JD2506|2025-04-09,JD,JD2506,2025-04-09,4.0,none,valid,无明显触发项,JD2505
JD|JD2505|2025-04-09,JD,JD2505,2025-04-09,0.0,none,valid,无明显触发项,JD2505
JD|JD2507|2025-04-09,JD,JD2507,2025-04-09,0.0,none,valid,无明显触发项,JD2505
JD|JD2508|2025-04-09,JD,JD2508,2025-04-09,0.0,none,valid,无明显触发项,JD2505
JD|JD2509|2025-04-09,JD,JD2509,2025-04-09,0.0,none,valid,无明显触发项,JD2505
JD|JD2504|2025-04-10,JD,JD2504,2025-04-10,0.0,none,valid,目标合约流动性偏弱,JD2505
JD|JD2505|2025-04-10,JD,JD2505,2025-04-10,0.0,none,valid,无明显触发项,JD2505
JD|JD2506|2025-04-10,JD,JD2506,2025-04-10,0.0,none,valid,无明显触发项,JD2505
JD|JD2507|2025-04-10,JD,JD2507,2025-04-10,0.0,none,valid,无明显触发项,JD2505
JD|JD2508|2025-04-10,JD,JD2508,2025-04-10,0.0,none,valid,无明显触发项,JD2505
JD|JD2509|2025-04-10,JD,JD2509,2025-04-10,0.0,none,valid,无明显触发项,JD2505
JD|JD2506|2025-04-11,JD,JD2506,2025-04-11,3.0,none,valid,无明显触发项,JD2505
JD|JD2505|2025-04-11,JD,JD2505,2025-04-11,0.0,none,valid,无明显触发项,JD2505
JD|JD2507|2025-04-11,JD,JD2507,2025-04-11,0.0,none,valid,无明显触发项,JD2505
JD|JD2508|2025-04-11,JD,JD2508,2025-04-11,0.0,none,valid,无明显触发项,JD2505
JD|JD2509|2025-04-11,JD,JD2509,2025-04-11,0.0,none,valid,无明显触发项,JD2505
JD|JD2504|2025-04-14,JD,JD2504,2025-04-14,10.0,none,valid,振幅异常；目标合约流动性偏弱,JD2505
JD|JD2506|2025-04-14,JD,JD2506,2025-04-14,3.0,none,valid,无明显触发项,JD2505
JD|JD2505|2025-04-14,JD,JD2505,2025-04-14,0.0,none,valid,无明显触发项,JD2505
JD|JD2507|2025-04-14,JD,JD2507,2025-04-14,0.0,none,valid,无明显触发项,JD2505
JD|JD2508|2025-04-14,JD,JD2508,2025-04-14,0.0,none,valid,无明显触发项,JD2505
JD|JD2509|2025-04-14,JD,JD2509,2025-04-14,0.0,none,valid,无明显触发项,JD2505
JD|JD2506|2025-04-15,JD,JD2506,2025-04-15,20.0,none,valid,结构失真,JD2506
JD|JD2504|2025-04-15,JD,JD2504,2025-04-15,14.0,none,valid,结构失真；目标合约流动性偏弱,JD2506
JD|JD2505|2025-04-15,JD,JD2505,2025-04-15,0.0,none,valid,无明显触发项,JD2506
JD|JD2507|2025-04-15,JD,JD2507,2025-04-15,0.0,none,valid,无明显触发项,JD2506
JD|JD2508|2025-04-15,JD,JD2508,2025-04-15,0.0,none,valid,无明显触发项,JD2506
JD|JD2509|2025-04-15,JD,JD2509,2025-04-15,0.0,none,valid,无明显触发项,JD2506
JD|JD2506|2025-04-16,JD,JD2506,2025-04-16,13.0,none,valid,振幅异常,JD2506
JD|JD2505|2025-04-16,JD,JD2505,2025-04-16,3.0,none,valid,无明显触发项,JD2506
JD|JD2504|2025-04-16,JD,JD2504,2025-04-16,0.0,none,invalid_lifecycle_edge,样本状态=生命周期边界无效,JD2506
JD|JD2507|2025-04-16,JD,JD2507,2025-04-16,0.0,none,valid,无明显触发项,JD2506
JD|JD2508|2025-04-16,JD,JD2508,2025-04-16,0.0,none,valid,无明显触发项,JD2506
JD|JD2509|2025-04-16,JD,JD2509,2025-04-16,0.0,none,valid,无明显触发项,JD2506
JD|JD2504|2025-04-17,JD,JD2504,2025-04-17,0.0,none,invalid_lifecycle_edge,样本状态=生命周期边界无效,JD2506
JD|JD2505|2025-04-17,JD,JD2505,2025-04-17,0.0,none,valid,无明显触发项,JD2506
JD|JD2506|2025-04-17,JD,JD2506,2025-04-17,0.0,none,valid,无明显触发项,JD2506
JD|JD2507|2025-04-17,JD,JD2507,2025-04-17,0.0,none,valid,无明显触发项,JD2506
JD|JD2508|2025-04-17,JD,JD2508,2025-04-17,0.0,none,valid,无明显触发项,JD2506
JD|JD2509|2025-04-17,JD,JD2509,2025-04-17,0.0,none,valid,无明显触发项,JD2506
JD|JD2507|2025-04-18,JD,JD2507,2025-04-18,24.0,none,valid,结构失真,JD2506
JD|JD2506|2025-04-18,JD,JD2506,2025-04-18,5.0,none,valid,无明显触发项,JD2506
JD|JD2504|2025-04-18,JD,JD2504,2025-04-18,0.0,none,invalid_lifecycle_edge,样本状态=生命周期边界无效,JD2506
JD|JD2505|2025-04-18,JD,JD2505,2025-04-18,0.0,none,valid,无明显触发项,JD2506
JD|JD2508|2025-04-18,JD,JD2508,2025-04-18,0.0,none,valid,无明显触发项,JD2506
JD|JD2509|2025-04-18,JD,JD2509,2025-04-18,0.0,none,valid,无明显触发项,JD2506
JD|JD2509|2025-04-21,JD,JD2509,2025-04-21,16.0,none,valid,振幅异常,JD2506
JD|JD2508|2025-04-21,JD,JD2508,2025-04-21,9.0,none,valid,振幅异常,JD2506
JD|JD2505|2025-04-21,JD,JD2505,2025-04-21,0.0,none,valid,无明显触发项,JD2506
JD|JD2506|2025-04-21,JD,JD2506,2025-04-21,0.0,none,valid,无明显触发项,JD2506
JD|JD2507|2025-04-21,JD,JD2507,2025-04-21,0.0,none,valid,无明显触发项,JD2506
JD|JD2507|2025-04-22,JD,JD2507,2025-04-22,12.0,none,valid,无明显触发项,JD2506
JD|JD2504|2025-04-22,JD,JD2504,2025-04-22,0.0,none,invalid_lifecycle_edge,样本状态=生命周期边界无效,JD2506
JD|JD2505|2025-04-22,JD,JD2505,2025-04-22,0.0,none,valid,无明显触发项,JD2506
JD|JD2506|2025-04-22,JD,JD2506,2025-04-22,0.0,none,valid,无明显触发项,JD2506
JD|JD2508|2025-04-22,JD,JD2508,2025-04-22,0.0,none,valid,无明显触发项,JD2506
JD|JD2509|2025-04-22,JD,JD2509,2025-04-22,0.0,none,valid,无明显触发项,JD2506
JD|JD2508|2025-04-23,JD,JD2508,2025-04-23,5.0,none,valid,无明显触发项,JD2506
JD|JD2509|2025-04-23,JD,JD2509,2025-04-23,5.0,none,valid,无明显触发项,JD2506
JD|JD2504|2025-04-23,JD,JD2504,2025-04-23,0.0,none,invalid_lifecycle_edge,样本状态=生命周期边界无效,JD2506
JD|JD2505|2025-04-23,JD,JD2505,2025-04-23,0.0,none,valid,无明显触发项,JD2506
JD|JD2506|2025-04-23,JD,JD2506,2025-04-23,0.0,none,valid,无明显触发项,JD2506
JD|JD2507|2025-04-23,JD,JD2507,2025-04-23,0.0,none,valid,无明显触发项,JD2506
JD|JD2507|2025-04-24,JD,JD2507,2025-04-24,12.0,none,valid,无明显触发项,JD2506
JD|JD2505|2025-04-24,JD,JD2505,2025-04-24,0.0,none,valid,目标合约流动性偏弱,JD2506
JD|JD2506|2025-04-24,JD,JD2506,2025-04-24,0.0,none,valid,无明显触发项,JD2506
JD|JD2508|2025-04-24,JD,JD2508,2025-04-24,0.0,none,valid,无明显触发项,JD2506
JD|JD2509|2025-04-24,JD,JD2509,2025-04-24,0.0,none,valid,无明显触发项,JD2506
JD|JD2506|2025-04-25,JD,JD2506,2025-04-25,5.0,none,valid,无明显触发项,JD2506
JD|JD2505|2025-04-25,JD,JD2505,2025-04-25,4.0,none,valid,无明显触发项,JD2506
JD|JD2504|2025-04-25,JD,JD2504,2025-04-25,0.0,none,invalid_lifecycle_edge,样本状态=生命周期边界无效,JD2506
JD|JD2507|2025-04-25,JD,JD2507,2025-04-25,0.0,none,valid,无明显触发项,JD2506
JD|JD2508|2025-04-25,JD,JD2508,2025-04-25,0.0,none,valid,无明显触发项,JD2506
JD|JD2509|2025-04-25,JD,JD2509,2025-04-25,0.0,none,valid,无明显触发项,JD2506
JD|JD2505|2025-04-28,JD,JD2505,2025-04-28,0.0,none,valid,目标合约流动性偏弱,JD2506
JD|JD2506|2025-04-28,JD,JD2506,2025-04-28,0.0,none,valid,无明显触发项,JD2506
JD|JD2507|2025-04-28,JD,JD2507,2025-04-28,0.0,none,valid,无明显触发项,JD2506
JD|JD2508|2025-04-28,JD,JD2508,2025-04-28,0.0,none,valid,无明显触发项,JD2506
JD|JD2509|2025-04-28,JD,JD2509,2025-04-28,0.0,none,valid,无明显触发项,JD2506
JD|JD2506|2025-04-29,JD,JD2506,2025-04-29,40.0,low,valid,结构失真,JD2506
JD|JD2507|2025-04-29,JD,JD2507,2025-04-29,40.0,low,valid,结构失真,JD2506
JD|JD2508|2025-04-29,JD,JD2508,2025-04-29,40.0,low,valid,结构失真,JD2506
JD|JD2509|2025-04-29,JD,JD2509,2025-04-29,40.0,low,valid,结构失真,JD2506
JD|JD2505|2025-04-29,JD,JD2505,2025-04-29,0.0,none,valid,目标合约流动性偏弱,JD2506
JD|JD2505|2025-04-30,JD,JD2505,2025-04-30,11.0,none,valid,振幅异常；目标合约流动性偏弱,JD2506
JD|JD2506|2025-04-30,JD,JD2506,2025-04-30,3.0,none,valid,无明显触发项,JD2506
JD|JD2507|2025-04-30,JD,JD2507,2025-04-30,0.0,none,valid,无明显触发项,JD2506
JD|JD2508|2025-04-30,JD,JD2508,2025-04-30,0.0,none,valid,无明显触发项,JD2506
JD|JD2509|2025-04-30,JD,JD2509,2025-04-30,0.0,none,valid,无明显触发项,JD2506
JD|JD2505|2025-05-06,JD,JD2505,2025-05-06,0.0,none,valid,目标合约流动性偏弱,JD2506
JD|JD2506|2025-05-06,JD,JD2506,2025-05-06,0.0,none,valid,无明显触发项,JD2506
JD|JD2507|2025-05-06,JD,JD2507,2025-05-06,0.0,none,valid,无明显触发项,JD2506
JD|JD2508|2025-05-06,JD,JD2508,2025-05-06,0.0,none,valid,无明显触发项,JD2506
JD|JD2509|2025-05-06,JD,JD2509,2025-05-06,0.0,none,valid,无明显触发项,JD2506
JD|JD2508|2025-05-07,JD,JD2508,2025-05-07,60.0,medium,valid,结构失真,JD2506
JD|JD2509|2025-05-07,JD,JD2509,2025-05-07,34.0,low,valid,结构失真,JD2506
JD|JD2505|2025-05-07,JD,JD2505,2025-05-07,30.0,low,valid,结构失真；目标合约流动性偏弱,JD2506
JD|JD2506|2025-05-07,JD,JD2506,2025-05-07,24.0,none,valid,结构失真,JD2506
JD|JD2507|2025-05-07,JD,JD2507,2025-05-07,12.0,none,valid,无明显触发项,JD2506
JD|JD2508|2025-05-08,JD,JD2508,2025-05-08,12.0,none,valid,无明显触发项,JD2506
JD|JD2509|2025-05-08,JD,JD2509,2025-05-08,12.0,none,valid,无明显触发项,JD2506
JD|JD2505|2025-05-08,JD,JD2505,2025-05-08,0.0,none,valid,目标合约流动性偏弱,JD2506
JD|JD2506|2025-05-08,JD,JD2506,2025-05-08,0.0,none,valid,无明显触发项,JD2506
JD|JD2507|2025-05-08,JD,JD2507,2025-05-08,0.0,none,valid,无明显触发项,JD2506
JD|JD2506|2025-05-09,JD,JD2506,2025-05-09,60.0,medium,valid,结构失真,JD2506
JD|JD2507|2025-05-09,JD,JD2507,2025-05-09,60.0,medium,valid,结构失真,JD2506
JD|JD2509|2025-05-09,JD,JD2509,2025-05-09,12.0,none,valid,无明显触发项,JD2506
JD|JD2508|2025-05-09,JD,JD2508,2025-05-09,0.0,none,valid,无明显触发项,JD2506
JD|JD2509|2025-05-12,JD,JD2509,2025-05-12,11.0,none,valid,振幅异常,JD2506
JD|JD2508|2025-05-12,JD,JD2508,2025-05-12,7.0,none,valid,无明显触发项,JD2506
JD|JD2505|2025-05-12,JD,JD2505,2025-05-12,0.0,none,valid,目标合约流动性偏弱,JD2506
JD|JD2506|2025-05-12,JD,JD2506,2025-05-12,0.0,none,valid,无明显触发项,JD2506
JD|JD2507|2025-05-12,JD,JD2507,2025-05-12,0.0,none,valid,无明显触发项,JD2506
JD|JD2505|2025-05-13,JD,JD2505,2025-05-13,0.0,none,valid,目标合约流动性偏弱,JD2506
JD|JD2506|2025-05-13,JD,JD2506,2025-05-13,0.0,none,valid,无明显触发项,JD2506
JD|JD2507|2025-05-13,JD,JD2507,2025-05-13,0.0,none,valid,无明显触发项,JD2506
JD|JD2508|2025-05-13,JD,JD2508,2025-05-13,0.0,none,valid,无明显触发项,JD2506
JD|JD2509|2025-05-13,JD,JD2509,2025-05-13,0.0,none,valid,无明显触发项,JD2506
JD|JD2506|2025-05-14,JD,JD2506,2025-05-14,34.0,low,valid,结构失真,JD2506
JD|JD2507|2025-05-14,JD,JD2507,2025-05-14,34.0,low,valid,结构失真,JD2506
JD|JD2509|2025-05-14,JD,JD2509,2025-05-14,12.0,none,valid,无明显触发项,JD2506
JD|JD2505|2025-05-14,JD,JD2505,2025-05-14,0.0,none,invalid_lifecycle_edge,样本状态=生命周期边界无效,JD2506
JD|JD2508|2025-05-14,JD,JD2508,2025-05-14,0.0,none,valid,无明显触发项,JD2506
JD|JD2506|2025-05-15,JD,JD2506,2025-05-15,60.0,medium,valid,结构失真,JD2506
JD|JD2507|2025-05-15,JD,JD2507,2025-05-15,60.0,medium,valid,结构失真,JD2506
JD|JD2505|2025-05-15,JD,JD2505,2025-05-15,0.0,none,invalid_lifecycle_edge,样本状态=生命周期边界无效,JD2506
JD|JD2508|2025-05-15,JD,JD2508,2025-05-15,0.0,none,valid,无明显触发项,JD2506
JD|JD2509|2025-05-15,JD,JD2509,2025-05-15,0.0,none,valid,无明显触发项,JD2506
JD|JD2507|2025-05-16,JD,JD2507,2025-05-16,34.0,low,valid,结构失真,JD2506
JD|JD2506|2025-05-16,JD,JD2506,2025-05-16,22.0,none,valid,结构失真,JD2506
JD|JD2505|2025-05-16,JD,JD2505,2025-05-16,0.0,none,invalid_lifecycle_edge,样本状态=生命周期边界无效,JD2506
JD|JD2508|2025-05-16,JD,JD2508,2025-05-16,0.0,none,valid,无明显触发项,JD2506
JD|JD2509|2025-05-16,JD,JD2509,2025-05-16,0.0,none,valid,无明显触发项,JD2506
JD|JD2507|2025-05-19,JD,JD2507,2025-05-19,5.0,none,valid,无明显触发项,JD2507
JD|JD2505|2025-05-19,JD,JD2505,2025-05-19,0.0,none,invalid_lifecycle_edge,样本状态=生命周期边界无效,JD2507
JD|JD2506|2025-05-19,JD,JD2506,2025-05-19,0.0,none,valid,无明显触发项,JD2507
JD|JD2508|2025-05-19,JD,JD2508,2025-05-19,0.0,none,valid,无明显触发项,JD2507
JD|JD2509|2025-05-19,JD,JD2509,2025-05-19,0.0,none,valid,无明显触发项,JD2507
JD|JD2508|2025-05-20,JD,JD2508,2025-05-20,8.0,none,valid,振幅异常,JD2507
JD|JD2507|2025-05-20,JD,JD2507,2025-05-20,4.0,none,valid,无明显触发项,JD2507
JD|JD2505|2025-05-20,JD,JD2505,2025-05-20,0.0,none,invalid_lifecycle_edge,样本状态=生命周期边界无效,JD2507
JD|JD2506|2025-05-20,JD,JD2506,2025-05-20,0.0,none,valid,无明显触发项,JD2507
JD|JD2509|2025-05-20,JD,JD2509,2025-05-20,0.0,none,valid,无明显触发项,JD2507
JD|JD2505|2025-05-21,JD,JD2505,2025-05-21,0.0,none,invalid_lifecycle_edge,样本状态=生命周期边界无效,JD2507
JD|JD2506|2025-05-21,JD,JD2506,2025-05-21,0.0,none,valid,无明显触发项,JD2507
JD|JD2507|2025-05-21,JD,JD2507,2025-05-21,0.0,none,valid,无明显触发项,JD2507
JD|JD2508|2025-05-21,JD,JD2508,2025-05-21,0.0,none,valid,无明显触发项,JD2507
JD|JD2509|2025-05-21,JD,JD2509,2025-05-21,0.0,none,valid,无明显触发项,JD2507
JD|JD2509|2025-05-22,JD,JD2509,2025-05-22,12.0,none,valid,无明显触发项,JD2507
JD|JD2505|2025-05-22,JD,JD2505,2025-05-22,0.0,none,invalid_lifecycle_edge,样本状态=生命周期边界无效,JD2507
JD|JD2506|2025-05-22,JD,JD2506,2025-05-22,0.0,none,valid,无明显触发项,JD2507
JD|JD2507|2025-05-22,JD,JD2507,2025-05-22,0.0,none,valid,无明显触发项,JD2507
JD|JD2508|2025-05-22,JD,JD2508,2025-05-22,0.0,none,valid,无明显触发项,JD2507
JD|JD2506|2025-05-23,JD,JD2506,2025-05-23,16.0,none,valid,振幅异常,JD2507
JD|JD2505|2025-05-23,JD,JD2505,2025-05-23,0.0,none,invalid_lifecycle_edge,样本状态=生命周期边界无效,JD2507
JD|JD2507|2025-05-23,JD,JD2507,2025-05-23,0.0,none,valid,无明显触发项,JD2507
JD|JD2508|2025-05-23,JD,JD2508,2025-05-23,0.0,none,valid,无明显触发项,JD2507
JD|JD2509|2025-05-23,JD,JD2509,2025-05-23,0.0,none,valid,无明显触发项,JD2507
JD|JD2506|2025-05-26,JD,JD2506,2025-05-26,44.0,low,valid,结构失真,JD2507
JD|JD2507|2025-05-26,JD,JD2507,2025-05-26,30.0,low,valid,振幅异常,JD2507
JD|JD2508|2025-05-26,JD,JD2508,2025-05-26,0.0,none,valid,无明显触发项,JD2507
JD|JD2509|2025-05-26,JD,JD2509,2025-05-26,0.0,none,valid,无明显触发项,JD2507
JD|JD2506|2025-05-27,JD,JD2506,2025-05-27,20.0,none,valid,振幅异常,JD2507
JD|JD2507|2025-05-27,JD,JD2507,2025-05-27,20.0,none,valid,振幅异常,JD2507
JD|JD2508|2025-05-27,JD,JD2508,2025-05-27,20.0,none,valid,振幅异常,JD2507
JD|JD2509|2025-05-27,JD,JD2509,2025-05-27,20.0,none,valid,振幅异常,JD2507
JD|JD2508|2025-05-28,JD,JD2508,2025-05-28,11.0,none,valid,振幅异常,JD2507
JD|JD2509|2025-05-28,JD,JD2509,2025-05-28,7.0,none,valid,无明显触发项,JD2507
JD|JD2506|2025-05-28,JD,JD2506,2025-05-28,0.0,none,valid,无明显触发项,JD2507
JD|JD2507|2025-05-28,JD,JD2507,2025-05-28,0.0,none,valid,无明显触发项,JD2507
JD|JD2508|2025-05-29,JD,JD2508,2025-05-29,20.0,none,valid,振幅异常,JD2507
JD|JD2506|2025-05-29,JD,JD2506,2025-05-29,15.0,none,valid,振幅异常,JD2507
JD|JD2507|2025-05-29,JD,JD2507,2025-05-29,15.0,none,valid,振幅异常,JD2507
JD|JD2509|2025-05-29,JD,JD2509,2025-05-29,11.0,none,valid,振幅异常,JD2507
JD|JD2506|2025-05-30,JD,JD2506,2025-05-30,12.0,none,valid,振幅异常,JD2507
JD|JD2507|2025-05-30,JD,JD2507,2025-05-30,0.0,none,valid,无明显触发项,JD2507
JD|JD2508|2025-05-30,JD,JD2508,2025-05-30,0.0,none,valid,无明显触发项,JD2507
JD|JD2509|2025-05-30,JD,JD2509,2025-05-30,0.0,none,valid,无明显触发项,JD2507
JD|JD2506|2025-06-03,JD,JD2506,2025-06-03,10.0,none,valid,振幅异常；目标合约流动性偏弱,JD2507
JD|JD2508|2025-06-03,JD,JD2508,2025-06-03,3.0,none,valid,无明显触发项,JD2507
JD|JD2507|2025-06-03,JD,JD2507,2025-06-03,0.0,none,valid,无明显触发项,JD2507
JD|JD2509|2025-06-03,JD,JD2509,2025-06-03,0.0,none,valid,无明显触发项,JD2507
JD|JD2506|2025-06-04,JD,JD2506,2025-06-04,0.0,none,valid,目标合约流动性偏弱,JD2507
JD|JD2507|2025-06-04,JD,JD2507,2025-06-04,0.0,none,valid,无明显触发项,JD2507
JD|JD2508|2025-06-04,JD,JD2508,2025-06-04,0.0,none,valid,无明显触发项,JD2507
JD|JD2509|2025-06-04,JD,JD2509,2025-06-04,0.0,none,valid,无明显触发项,JD2507
JD|JD2508|2025-06-05,JD,JD2508,2025-06-05,40.0,low,valid,结构失真,JD2507
JD|JD2509|2025-06-05,JD,JD2509,2025-06-05,40.0,low,valid,结构失真,JD2507
JD|JD2506|2025-06-05,JD,JD2506,2025-06-05,35.0,low,valid,结构失真；目标合约流动性偏弱,JD2507
JD|JD2507|2025-06-05,JD,JD2507,2025-06-05,12.0,none,valid,无明显触发项,JD2507
JD|JD2508|2025-06-06,JD,JD2508,2025-06-06,50.0,medium,valid,结构失真,JD2507
JD|JD2507|2025-06-06,JD,JD2507,2025-06-06,40.0,low,valid,结构失真,JD2507
JD|JD2506|2025-06-06,JD,JD2506,2025-06-06,0.0,none,valid,目标合约流动性偏弱,JD2507
JD|JD2509|2025-06-06,JD,JD2509,2025-06-06,0.0,none,valid,无明显触发项,JD2507
JD|JD2509|2025-06-09,JD,JD2509,2025-06-09,8.0,none,valid,振幅异常,JD2507
JD|JD2506|2025-06-09,JD,JD2506,2025-06-09,0.0,none,valid,目标合约流动性偏弱,JD2507
JD|JD2507|2025-06-09,JD,JD2507,2025-06-09,0.0,none,valid,无明显触发项,JD2507
JD|JD2508|2025-06-09,JD,JD2508,2025-06-09,0.0,none,valid,无明显触发项,JD2507
JD|JD2507|2025-06-10,JD,JD2507,2025-06-10,12.0,none,valid,无明显触发项,JD2508
JD|JD2508|2025-06-10,JD,JD2508,2025-06-10,12.0,none,valid,无明显触发项,JD2508
JD|JD2506|2025-06-10,JD,JD2506,2025-06-10,0.0,none,valid,目标合约流动性偏弱,JD2508
JD|JD2509|2025-06-10,JD,JD2509,2025-06-10,0.0,none,valid,无明显触发项,JD2508
JD|JD2509|2025-06-11,JD,JD2509,2025-06-11,40.0,low,valid,结构失真,JD2508
JD|JD2507|2025-06-11,JD,JD2507,2025-06-11,12.0,none,valid,无明显触发项,JD2508
JD|JD2506|2025-06-11,JD,JD2506,2025-06-11,2.0,none,valid,目标合约流动性偏弱,JD2508
JD|JD2508|2025-06-11,JD,JD2508,2025-06-11,0.0,none,valid,无明显触发项,JD2508
JD|JD2506|2025-06-12,JD,JD2506,2025-06-12,0.0,none,valid,目标合约流动性偏弱,JD2508
JD|JD2507|2025-06-12,JD,JD2507,2025-06-12,0.0,none,valid,无明显触发项,JD2508
JD|JD2508|2025-06-12,JD,JD2508,2025-06-12,0.0,none,valid,无明显触发项,JD2508
JD|JD2509|2025-06-12,JD,JD2509,2025-06-12,0.0,none,valid,无明显触发项,JD2508
JD|JD2508|2025-06-13,JD,JD2508,2025-06-13,12.0,none,valid,振幅异常,JD2508
JD|JD2506|2025-06-13,JD,JD2506,2025-06-13,3.0,none,valid,振幅异常；目标合约流动性偏弱,JD2508
JD|JD2507|2025-06-13,JD,JD2507,2025-06-13,3.0,none,valid,无明显触发项,JD2508
JD|JD2509|2025-06-13,JD,JD2509,2025-06-13,0.0,none,valid,无明显触发项,JD2508
JD|JD2507|2025-06-16,JD,JD2507,2025-06-16,5.0,none,valid,无明显触发项,JD2508
JD|JD2506|2025-06-16,JD,JD2506,2025-06-16,0.0,none,invalid_lifecycle_edge,样本状态=生命周期边界无效,JD2508
JD|JD2508|2025-06-16,JD,JD2508,2025-06-16,0.0,none,valid,无明显触发项,JD2508
JD|JD2509|2025-06-16,JD,JD2509,2025-06-16,0.0,none,valid,无明显触发项,JD2508
JD|JD2506|2025-06-17,JD,JD2506,2025-06-17,0.0,none,invalid_lifecycle_edge,样本状态=生命周期边界无效,JD2508
JD|JD2507|2025-06-17,JD,JD2507,2025-06-17,0.0,none,valid,无明显触发项,JD2508
JD|JD2508|2025-06-17,JD,JD2508,2025-06-17,0.0,none,valid,无明显触发项,JD2508
JD|JD2509|2025-06-17,JD,JD2509,2025-06-17,0.0,none,valid,无明显触发项,JD2508
JD|JD2507|2025-06-18,JD,JD2507,2025-06-18,15.0,none,valid,振幅异常,JD2508
JD|JD2508|2025-06-18,JD,JD2508,2025-06-18,15.0,none,valid,振幅异常,JD2508
JD|JD2509|2025-06-18,JD,JD2509,2025-06-18,8.0,none,valid,振幅异常,JD2508
JD|JD2507|2025-06-19,JD,JD2507,2025-06-19,15.0,none,valid,结构失真,JD2508
JD|JD2506|2025-06-19,JD,JD2506,2025-06-19,0.0,none,invalid_lifecycle_edge,样本状态=生命周期边界无效,JD2508
JD|JD2508|2025-06-19,JD,JD2508,2025-06-19,0.0,none,valid,无明显触发项,JD2508
JD|JD2509|2025-06-19,JD,JD2509,2025-06-19,0.0,none,valid,无明显触发项,JD2508
JD|JD2507|2025-06-20,JD,JD2507,2025-06-20,5.0,none,valid,无明显触发项,JD2508
JD|JD2508|2025-06-20,JD,JD2508,2025-06-20,0.0,none,valid,无明显触发项,JD2508
JD|JD2509|2025-06-20,JD,JD2509,2025-06-20,0.0,none,valid,无明显触发项,JD2508
JD|JD2506|2025-06-23,JD,JD2506,2025-06-23,0.0,none,invalid_lifecycle_edge,样本状态=生命周期边界无效,JD2508
JD|JD2507|2025-06-23,JD,JD2507,2025-06-23,0.0,none,valid,无明显触发项,JD2508
JD|JD2508|2025-06-23,JD,JD2508,2025-06-23,0.0,none,valid,无明显触发项,JD2508
JD|JD2509|2025-06-23,JD,JD2509,2025-06-23,0.0,none,valid,无明显触发项,JD2508
JD|JD2507|2025-06-24,JD,JD2507,2025-06-24,0.0,none,valid,无明显触发项,JD2508
JD|JD2508|2025-06-24,JD,JD2508,2025-06-24,0.0,none,valid,无明显触发项,JD2508
JD|JD2509|2025-06-24,JD,JD2509,2025-06-24,0.0,none,valid,无明显触发项,JD2508
JD|JD2507|2025-06-25,JD,JD2507,2025-06-25,15.0,none,valid,结构失真,JD2508
JD|JD2508|2025-06-25,JD,JD2508,2025-06-25,0.0,none,valid,无明显触发项,JD2508
JD|JD2509|2025-06-25,JD,JD2509,2025-06-25,0.0,none,valid,无明显触发项,JD2508
JD|JD2507|2025-06-26,JD,JD2507,2025-06-26,55.0,medium,valid,结构失真,JD2508
JD|JD2508|2025-06-26,JD,JD2508,2025-06-26,0.0,none,valid,无明显触发项,JD2508
JD|JD2509|2025-06-26,JD,JD2509,2025-06-26,0.0,none,valid,无明显触发项,JD2508
JD|JD2507|2025-06-27,JD,JD2507,2025-06-27,0.0,none,valid,无明显触发项,JD2508
JD|JD2508|2025-06-27,JD,JD2508,2025-06-27,0.0,none,valid,无明显触发项,JD2508
JD|JD2509|2025-06-27,JD,JD2509,2025-06-27,0.0,none,valid,无明显触发项,JD2508
JD|JD2507|2025-06-30,JD,JD2507,2025-06-30,8.0,none,valid,振幅异常,JD2508
JD|JD2508|2025-06-30,JD,JD2508,2025-06-30,4.0,none,valid,振幅异常,JD2508
JD|JD2509|2025-06-30,JD,JD2509,2025-06-30,4.0,none,valid,振幅异常,JD2508
JD|JD2507|2025-07-01,JD,JD2507,2025-07-01,0.0,none,valid,目标合约流动性偏弱,JD2508
JD|JD2508|2025-07-01,JD,JD2508,2025-07-01,0.0,none,valid,无明显触发项,JD2508
JD|JD2509|2025-07-01,JD,JD2509,2025-07-01,0.0,none,valid,无明显触发项,JD2508
JD|JD2507|2025-07-02,JD,JD2507,2025-07-02,0.0,none,valid,目标合约流动性偏弱,JD2508
JD|JD2508|2025-07-02,JD,JD2508,2025-07-02,0.0,none,valid,无明显触发项,JD2508
JD|JD2509|2025-07-02,JD,JD2509,2025-07-02,0.0,none,valid,无明显触发项,JD2508
JD|JD2507|2025-07-03,JD,JD2507,2025-07-03,0.0,none,valid,目标合约流动性偏弱,JD2508
JD|JD2508|2025-07-03,JD,JD2508,2025-07-03,0.0,none,valid,无明显触发项,JD2508
JD|JD2509|2025-07-03,JD,JD2509,2025-07-03,0.0,none,valid,无明显触发项,JD2508
JD|JD2507|2025-07-04,JD,JD2507,2025-07-04,15.0,none,valid,振幅异常；目标合约流动性偏弱,JD2508
JD|JD2508|2025-07-04,JD,JD2508,2025-07-04,0.0,none,valid,无明显触发项,JD2508
JD|JD2509|2025-07-04,JD,JD2509,2025-07-04,0.0,none,valid,无明显触发项,JD2508
JD|JD2508|2025-07-07,JD,JD2508,2025-07-07,15.0,none,valid,振幅异常,JD2508
JD|JD2509|2025-07-07,JD,JD2509,2025-07-07,15.0,none,valid,振幅异常,JD2508
JD|JD2507|2025-07-07,JD,JD2507,2025-07-07,0.0,none,valid,目标合约流动性偏弱,JD2508
JD|JD2507|2025-07-08,JD,JD2507,2025-07-08,0.0,none,valid,目标合约流动性偏弱,JD2508
JD|JD2508|2025-07-08,JD,JD2508,2025-07-08,0.0,none,valid,无明显触发项,JD2508
JD|JD2509|2025-07-08,JD,JD2509,2025-07-08,0.0,none,valid,无明显触发项,JD2508
JD|JD2507|2025-07-09,JD,JD2507,2025-07-09,0.0,none,valid,目标合约流动性偏弱,JD2508
JD|JD2508|2025-07-09,JD,JD2508,2025-07-09,0.0,none,valid,无明显触发项,JD2508
JD|JD2509|2025-07-09,JD,JD2509,2025-07-09,0.0,none,valid,无明显触发项,JD2508
JD|JD2509|2025-07-10,JD,JD2509,2025-07-10,3.0,none,valid,振幅异常,JD2508
JD|JD2507|2025-07-10,JD,JD2507,2025-07-10,0.0,none,valid,目标合约流动性偏弱,JD2508
JD|JD2508|2025-07-10,JD,JD2508,2025-07-10,0.0,none,valid,无明显触发项,JD2508
JD|JD2507|2025-07-11,JD,JD2507,2025-07-11,0.0,none,valid,目标合约流动性偏弱,JD2508
JD|JD2508|2025-07-11,JD,JD2508,2025-07-11,0.0,none,valid,无明显触发项,JD2508
JD|JD2509|2025-07-11,JD,JD2509,2025-07-11,0.0,none,valid,无明显触发项,JD2508
JD|JD2509|2025-07-14,JD,JD2509,2025-07-14,55.0,medium,valid,结构失真,JD2509
JD|JD2507|2025-07-14,JD,JD2507,2025-07-14,0.0,none,valid,目标合约流动性偏弱,JD2509
JD|JD2508|2025-07-14,JD,JD2508,2025-07-14,0.0,none,valid,无明显触发项,JD2509
JD|JD2507|2025-07-15,JD,JD2507,2025-07-15,42.0,low,valid,振幅异常；结构失真；目标合约流动性偏弱,JD2509
JD|JD2508|2025-07-15,JD,JD2508,2025-07-15,0.0,none,valid,无明显触发项,JD2509
JD|JD2509|2025-07-15,JD,JD2509,2025-07-15,0.0,none,valid,无明显触发项,JD2509
JD|JD2509|2025-07-16,JD,JD2509,2025-07-16,55.0,medium,valid,结构失真,JD2509
JD|JD2508|2025-07-16,JD,JD2508,2025-07-16,7.0,none,valid,无明显触发项,JD2509
JD|JD2507|2025-07-16,JD,JD2507,2025-07-16,0.0,none,valid,目标合约流动性偏弱,JD2509
JD|JD2507|2025-07-17,JD,JD2507,2025-07-17,47.0,low,valid,振幅异常；结构失真；目标合约流动性偏弱,JD2509
JD|JD2508|2025-07-17,JD,JD2508,2025-07-17,0.0,none,valid,无明显触发项,JD2509
JD|JD2509|2025-07-17,JD,JD2509,2025-07-17,0.0,none,valid,无明显触发项,JD2509
JD|JD2508|2025-07-18,JD,JD2508,2025-07-18,15.0,none,valid,振幅异常,JD2509
JD|JD2509|2025-07-18,JD,JD2509,2025-07-18,4.0,none,valid,振幅异常,JD2509
JD|JD2507|2025-07-18,JD,JD2507,2025-07-18,0.0,none,valid,目标合约流动性偏弱,JD2509
JD|JD2508|2025-07-21,JD,JD2508,2025-07-21,33.0,low,valid,结构失真；可比合约不足；仅1个活跃可比合约,JD2509
JD|JD2507|2025-07-21,JD,JD2507,2025-07-21,0.0,none,invalid_lifecycle_edge,样本状态=生命周期边界无效,JD2509
JD|JD2509|2025-07-21,JD,JD2509,2025-07-21,0.0,none,valid,可比合约不足；仅1个活跃可比合约,JD2509
JD|JD2508|2025-07-22,JD,JD2508,2025-07-22,2.0,none,valid,可比合约不足；目标合约流动性偏弱；仅1个活跃可比合约,JD2509
JD|JD2509|2025-07-22,JD,JD2509,2025-07-22,2.0,none,valid,可比合约不足；仅1个活跃可比合约,JD2509
JD|JD2509|2025-07-23,JD,JD2509,2025-07-23,3.0,none,valid,振幅异常；可比合约不足；仅1个活跃可比合约,JD2509
JD|JD2507|2025-07-23,JD,JD2507,2025-07-23,0.0,none,invalid_lifecycle_edge,样本状态=生命周期边界无效,JD2509
JD|JD2508|2025-07-23,JD,JD2508,2025-07-23,0.0,none,valid,可比合约不足；目标合约流动性偏弱；仅1个活跃可比合约,JD2509
JD|JD2508|2025-07-24,JD,JD2508,2025-07-24,50.0,medium,valid,结构失真；可比合约不足；目标合约流动性偏弱；仅1个活跃可比合约,JD2509
JD|JD2509|2025-07-24,JD,JD2509,2025-07-24,0.0,none,valid,可比合约不足；仅1个活跃可比合约,JD2509
JD|JD2508|2025-07-25,JD,JD2508,2025-07-25,50.0,medium,valid,结构失真；可比合约不足；目标合约流动性偏弱；仅1个活跃可比合约,JD2509
JD|JD2509|2025-07-25,JD,JD2509,2025-07-25,14.0,none,valid,结构失真；可比合约不足；仅1个活跃可比合约,JD2509
JD|JD2508|2025-07-28,JD,JD2508,2025-07-28,67.0,high,valid,振幅异常；结构失真；可比合约不足；仅1个活跃可比合约,JD2509
JD|JD2509|2025-07-28,JD,JD2509,2025-07-28,17.0,none,valid,结构失真；可比合约不足；仅1个活跃可比合约,JD2509
JD|JD2507|2025-07-28,JD,JD2507,2025-07-28,0.0,none,invalid_lifecycle_edge,样本状态=生命周期边界无效,JD2509
JD|JD2508|2025-07-29,JD,JD2508,2025-07-29,50.0,medium,valid,结构失真；可比合约不足；目标合约流动性偏弱；仅1个活跃可比合约,JD2509
JD|JD2509|2025-07-29,JD,JD2509,2025-07-29,30.0,low,valid,结构失真；可比合约不足；仅1个活跃可比合约,JD2509
JD|JD2508|2025-07-30,JD,JD2508,2025-07-30,70.0,high,valid,振幅异常；结构失真；可比合约不足；仅1个活跃可比合约,JD2509
JD|JD2509|2025-07-30,JD,JD2509,2025-07-30,2.0,none,valid,可比合约不足；仅1个活跃可比合约,JD2509
JD|JD2508|2025-07-31,JD,JD2508,2025-07-31,50.0,medium,valid,结构失真；可比合约不足；仅1个活跃可比合约,JD2509
JD|JD2509|2025-07-31,JD,JD2509,2025-07-31,30.0,low,valid,结构失真；可比合约不足；仅1个活跃可比合约,JD2509
JD|JD2508|2025-08-01,JD,JD2508,2025-08-01,70.0,high,valid,振幅异常；结构失真；可比合约不足；目标合约流动性偏弱；仅1个活跃可比合约,JD2509
JD|JD2509|2025-08-01,JD,JD2509,2025-08-01,0.0,none,valid,可比合约不足；仅1个活跃可比合约,JD2509
JD|JD2509|2025-08-04,JD,JD2509,2025-08-04,70.0,high,valid,振幅异常；结构失真；可比合约不足；仅1个活跃可比合约,JD2509
JD|JD2508|2025-08-04,JD,JD2508,2025-08-04,30.0,low,valid,结构失真；可比合约不足；目标合约流动性偏弱；仅1个活跃可比合约,JD2509
JD|JD2508|2025-08-05,JD,JD2508,2025-08-05,53.0,medium,valid,结构失真；可比合约不足；目标合约流动性偏弱；仅1个活跃可比合约,JD2509
JD|JD2509|2025-08-05,JD,JD2509,2025-08-05,30.0,low,valid,结构失真；可比合约不足；仅1个活跃可比合约,JD2509
JD|JD2508|2025-08-06,JD,JD2508,2025-08-06,57.0,medium,valid,结构失真；可比合约不足；目标合约流动性偏弱；仅1个活跃可比合约,JD2509
JD|JD2509|2025-08-06,JD,JD2509,2025-08-06,43.0,low,valid,振幅异常；结构失真；可比合约不足；仅1个活跃可比合约,JD2509
JD|JD2508|2025-08-07,JD,JD2508,2025-08-07,50.0,medium,valid,结构失真；可比合约不足；目标合约流动性偏弱；仅1个活跃可比合约,JD2509
JD|JD2509|2025-08-07,JD,JD2509,2025-08-07,30.0,low,valid,结构失真；可比合约不足；仅1个活跃可比合约,JD2509
JD|JD2508|2025-08-08,JD,JD2508,2025-08-08,50.0,medium,valid,结构失真；可比合约不足；目标合约流动性偏弱；仅1个活跃可比合约,JD2509
JD|JD2509|2025-08-08,JD,JD2509,2025-08-08,30.0,low,valid,结构失真；可比合约不足；仅1个活跃可比合约,JD2509
JD|JD2509|2025-08-11,JD,JD2509,2025-08-11,0.0,none,invalid_insufficient_peer,无活跃可比合约；样本状态=对照不足,JD2509
JD|JD2509|2025-08-12,JD,JD2509,2025-08-12,0.0,none,invalid_insufficient_peer,无活跃可比合约；样本状态=对照不足,JD2509
JD|JD2509|2025-08-13,JD,JD2509,2025-08-13,0.0,none,invalid_insufficient_peer,无活跃可比合约；样本状态=对照不足,JD2509
JD|JD2509|2025-08-14,JD,JD2509,2025-08-14,0.0,none,invalid_insufficient_peer,无活跃可比合约；样本状态=对照不足,JD2509
JD|JD2509|2025-08-15,JD,JD2509,2025-08-15,0.0,none,invalid_insufficient_peer,无活跃可比合约；样本状态=对照不足,JD2509
JD|JD2508|2025-08-18,JD,JD2508,2025-08-18,0.0,none,invalid_lifecycle_edge,无活跃可比合约；样本状态=生命周期边界无效,JD2509
JD|JD2509|2025-08-18,JD,JD2509,2025-08-18,0.0,none,invalid_insufficient_peer,无活跃可比合约；样本状态=对照不足,JD2509
JD|JD2508|2025-08-19,JD,JD2508,2025-08-19,0.0,none,invalid_lifecycle_edge,无活跃可比合约；样本状态=生命周期边界无效,JD2509
JD|JD2509|2025-08-19,JD,JD2509,2025-08-19,0.0,none,invalid_insufficient_peer,无活跃可比合约；样本状态=对照不足,JD2509
JD|JD2509|2025-08-20,JD,JD2509,2025-08-20,0.0,none,invalid_insufficient_peer,无活跃可比合约；样本状态=对照不足,JD2509
JD|JD2509|2025-08-21,JD,JD2509,2025-08-21,0.0,none,invalid_insufficient_peer,无活跃可比合约；样本状态=对照不足,JD2509
JD|JD2509|2025-08-22,JD,JD2509,2025-08-22,0.0,none,invalid_insufficient_peer,无活跃可比合约；样本状态=对照不足,JD2509
JD|JD2509|2025-08-25,JD,JD2509,2025-08-25,0.0,none,invalid_insufficient_peer,无活跃可比合约；样本状态=对照不足,JD2509
JD|JD2508|2025-08-26,JD,JD2508,2025-08-26,0.0,none,invalid_lifecycle_edge,无活跃可比合约；样本状态=生命周期边界无效,JD2509
JD|JD2509|2025-08-26,JD,JD2509,2025-08-26,0.0,none,invalid_insufficient_peer,无活跃可比合约；样本状态=对照不足,JD2509
JD|JD2509|2025-08-27,JD,JD2509,2025-08-27,0.0,none,invalid_insufficient_peer,无活跃可比合约；样本状态=对照不足,JD2509
JD|JD2509|2025-08-28,JD,JD2509,2025-08-28,0.0,none,invalid_insufficient_peer,无活跃可比合约；样本状态=对照不足,JD2509
JD|JD2509|2025-08-29,JD,JD2509,2025-08-29,0.0,none,invalid_insufficient_peer,无活跃可比合约；样本状态=对照不足,JD2509
JD|JD2509|2025-09-01,JD,JD2509,2025-09-01,0.0,none,invalid_insufficient_peer,无活跃可比合约；样本状态=对照不足,JD2509
JD|JD2509|2025-09-02,JD,JD2509,2025-09-02,0.0,none,invalid_insufficient_peer,无活跃可比合约；样本状态=对照不足,JD2509
JD|JD2509|2025-09-03,JD,JD2509,2025-09-03,0.0,none,invalid_insufficient_peer,无活跃可比合约；样本状态=对照不足,JD2509
JD|JD2509|2025-09-04,JD,JD2509,2025-09-04,0.0,none,invalid_insufficient_peer,无活跃可比合约；样本状态=对照不足,JD2509
JD|JD2509|2025-09-05,JD,JD2509,2025-09-05,0.0,none,invalid_insufficient_peer,无活跃可比合约；样本状态=对照不足,JD2509
JD|JD2509|2025-09-08,JD,JD2509,2025-09-08,0.0,none,invalid_insufficient_peer,无活跃可比合约；样本状态=对照不足,JD2509
JD|JD2509|2025-09-09,JD,JD2509,2025-09-09,0.0,none,invalid_insufficient_peer,无活跃可比合约；样本状态=对照不足,JD2509
JD|JD2509|2025-09-10,JD,JD2509,2025-09-10,0.0,none,invalid_insufficient_peer,无活跃可比合约；样本状态=对照不足,JD2509
JD|JD2509|2025-09-11,JD,JD2509,2025-09-11,0.0,none,invalid_insufficient_peer,无活跃可比合约；样本状态=对照不足,JD2509
JD|JD2509|2025-09-12,JD,JD2509,2025-09-12,0.0,none,invalid_insufficient_peer,无活跃可比合约；样本状态=对照不足,JD2509
JD|JD2509|2025-09-15,JD,JD2509,2025-09-15,0.0,none,invalid_insufficient_peer,无活跃可比合约；样本状态=对照不足,JD2509
JD|JD2509|2025-09-16,JD,JD2509,2025-09-16,0.0,none,invalid_lifecycle_edge,无活跃可比合约；样本状态=生命周期边界无效,JD2509
JD|JD2509|2025-09-17,JD,JD2509,2025-09-17,0.0,none,invalid_lifecycle_edge,无活跃可比合约；样本状态=生命周期边界无效,JD2509
JD|JD2509|2025-09-18,JD,JD2509,2025-09-18,0.0,none,invalid_lifecycle_edge,无活跃可比合约；样本状态=生命周期边界无效,JD2509
JD|JD2509|2025-09-23,JD,JD2509,2025-09-23,0.0,none,invalid_lifecycle_edge,无活跃可比合约；样本状态=生命周期边界无效,JD2509
JD|JD2509|2025-09-24,JD,JD2509,2025-09-24,0.0,none,invalid_lifecycle_edge,无活跃可比合约；样本状态=生命周期边界无效,JD2509
JD|JD2509|2025-09-25,JD,JD2509,2025-09-25,0.0,none,invalid_lifecycle_edge,无活跃可比合约；样本状态=生命周期边界无效,JD2509
