检测器版本,参数档,验证状态,事件编号,交易日,事件时间,区间均价确认结束时间,品种,合约,事件开始序号,事件锚点开始序号,事件锚点结束序号,事件结束序号,触发原因,合理价,合理价不确定性_跳,有效参考合约数,参考合约列表,价差基线最少样本数,噪声样本数,噪声覆盖秒数,最新成交价,区间成交均价,末笔向下偏离_跳,末笔向下偏离_基点,区间均价向下偏离_跳,区间均价向下偏离_基点,一秒合并成交均价,一秒合并均价向下偏离_跳,末笔触发阈值_跳,区间均价触发阈值_跳,突发偏离_跳,事件确认深度_跳,事件确认深度_基点,确认深度来源,区间增量成交量,区间增量成交额,事件成交量,名义成交额缺口,回归标签,可见末笔恢复确认秒数,区间均价恢复确认秒数,买一恢复确认秒数,数据质量标记
aggregated-tick-v1,AUTO_INFERRED_V1,validated,AL2606|09:10:47.500,20260105,09:10:47.500,,AL,AL2606,43847500,1293,1293,43847500,visible_execution_drop,23682.5,0.7413,5,"AL2602,AL2603,AL2604,AL2605,AL2601",20,310,290.0,23580.0,23638.07692307692,20.5,43.28090362081706,8.884615384615609,18.75776498388179,,,20.0,20.0,20.5,20.5,43.28090362081706,detector_event_depth,52.0,6145900.0,52.0,11550.000000000293,trade_recovered_3s,1.0,,0.5,
aggregated-tick-v1,AUTO_INFERRED_V1,validated,IC2601|09:55:38.400,20260105,09:55:38.400,,IC,IC2601,46538400,3007,3007,46538400,visible_execution_drop,7563.299999999999,1.4825999999986512,3,"IC2603,IC2606,IC2602",20,374,290.0,7556.4,7559.8,34.49999999999818,9.123001864265118,17.499999999995453,4.627609641292942,,,28.617200000009873,25.65200000007772,34.49999999999818,34.49999999999818,9.123001864265118,detector_event_depth,13.0,19655480.0,13.0,9099.999999997635,trade_recovered_3s,0.5,,0.5,
aggregated-tick-v1,AUTO_INFERRED_V1,validated,NI2603|09:25:49.000,20260105,09:25:49.000,,NI,NI2603,44749000,3098,3098,44749000,visible_execution_drop,134770.0,2.9652,4,"NI2605,NI2604,NI2606,NI2609",20,493,290.0,134520.0,134647.572815534,25.0,18.55012243080804,12.242718446601064,9.084157042814471,,,20.0,20.0,24.0,25.0,18.55012243080804,detector_event_depth,103.0,13868700.0,103.0,12609.999999999098,trade_recovered_3s,0.5,,0.5,
aggregated-tick-v1,AUTO_INFERRED_V1,validated,AG2602|22:16:37.500,20260106,22:16:37.500,,AG,AG2602,4597500,9131,9131,4597500,visible_execution_drop,18577.5,2.2239,5,"AG2604,AG2606,AG2605,AG2608,AG2603",20,547,290.0,18551.0,18563.014925373136,26.5,14.264567352980755,14.485074626863934,7.79710651425861,,,25.7216,25.37108571433396,22.75,26.5,14.264567352980755,detector_event_depth,67.0,18655830.0,67.0,14557.499999998254,trade_recovered_3s,0.5,,0.5,
aggregated-tick-v1,AUTO_INFERRED_V1,validated,AG2602|00:56:48.000,20260106,00:56:48.000,,AG,AG2602,14208000,27696,27696,14208000,visible_execution_drop,18940.0,2.2239,5,"AG2604,AG2606,AG2605,AG2608,AG2603",20,450,290.0,18917.0,18923.101694915254,23.0,12.143611404435058,16.898305084745516,8.92201958011907,,,22.7216,22.7216,22.0,23.0,12.143611404435058,detector_event_depth,59.0,16746945.0,59.0,14954.999999999782,trade_recovered_3s,0.5,,0.5,
aggregated-tick-v1,AUTO_INFERRED_V1,validated,AG2602|01:17:07.000,20260106,01:17:07.000,01:17:08.000,AG,AG2602,15427000,30129,30129,15427000,"visible_execution_drop,interval_execution_drop",18802.25,2.59455,4,"AG2604,AG2606,AG2605,AG2608",20,326,290.0,18735.0,18761.169642857145,67.25,35.76699597122685,41.080357142855064,21.848638935688584,18770.767295597485,31.482704402515083,25.2216,25.2216,67.25,67.25,35.76699597122685,detector_event_depth,112.0,31518765.0,112.0,69014.99999999651,trade_recovered_3s,0.5,1.5,0.5,
aggregated-tick-v1,AUTO_INFERRED_V1,validated,AG2602|01:44:33.500,20260106,01:44:33.500,01:44:34.500,AG,AG2602,17073500,33364,33364,17073500,interval_execution_drop,18708.0,0.0,5,"AG2604,AG2606,AG2605,AG2608,AG2603",20,274,290.0,18707.0,18678.41290322581,1.0,0.5345306820611503,29.587096774193924,15.815211018919138,18686.794258373207,21.205741626792587,23.2216,20.0,27.359074796171623,21.205741626792587,11.33511953538197,detector_event_depth,155.0,43427310.0,155.0,68790.00000000087,trade_recovered_3s,,1.5,0.5,
aggregated-tick-v1,AUTO_INFERRED_V1,validated,AG2602|11:04:20.500,20260106,11:04:20.500,,AG,AG2602,50660500,51682,51682,50660500,visible_execution_drop,19327.5,0.7413,5,"AG2604,AG2606,AG2605,AG2608,AG2603",20,409,290.0,19300.0,19314.114285714284,27.5,14.228430992109688,13.385714285715949,6.92573498161477,,,21.7564,20.109066666690637,27.5,27.5,14.228430992109688,detector_event_depth,70.0,20279820.0,70.0,14055.000000001746,trade_recovered_3s,0.5,,0.5,
aggregated-tick-v1,AUTO_INFERRED_V1,validated,AG2602|11:07:35.500,20260106,11:07:35.500,,AG,AG2602,50855500,52070,52070,50855500,visible_execution_drop,19292.5,1.4826,5,"AG2604,AG2606,AG2605,AG2608,AG2603",20,448,290.0,19257.0,19273.421875,35.5,18.400933005053776,19.078125,9.88888168977582,,,24.2216,22.109777777768997,35.5,35.5,18.400933005053776,detector_event_depth,64.0,18502485.0,64.0,18315.0,trade_recovered_3s,0.5,,0.5,
aggregated-tick-v1,AUTO_INFERRED_V1,validated,AG2604|01:03:08.500,20260106,01:03:08.500,,AG,AG2604,14588500,29175,29175,14588500,visible_execution_drop,18680.0,2.2239,5,"AG2602,AG2606,AG2605,AG2608,AG2603",20,580,290.0,18660.0,18673.530909090907,20.0,10.706638115631693,6.469090909093211,3.4631107650391924,,,20.0,20.0,17.0,20.0,10.706638115631693,detector_event_depth,275.0,77028315.0,275.0,26685.000000009495,trade_recovered_3s,0.5,,0.5,
aggregated-tick-v1,AUTO_INFERRED_V1,validated,AG2604|01:44:31.500,20260106,01:44:31.500,01:44:32.500,AG,AG2604,17071500,34140,34140,17071500,interval_execution_drop,18701.5,2.2239,5,"AG2602,AG2606,AG2605,AG2608,AG2603",20,554,290.0,18700.0,18674.558823529413,1.5,0.8020746998903832,26.94117647058738,14.405890688226815,18679.84484848485,21.655151515151378,20.0,20.0,23.44117647058738,21.655151515151378,11.579366101730542,detector_event_depth,476.0,133336350.0,476.0,192359.9999999939,trade_recovered_3s,,1.5,0.5,
aggregated-tick-v1,AUTO_INFERRED_V1,validated,AG2605|01:09:21.500,20260106,01:09:21.500,,AG,AG2605,14961500,29242,29242,14961500,visible_execution_drop,18750.5,2.2239,5,"AG2604,AG2602,AG2606,AG2608,AG2603",20,425,290.0,18724.0,18735.642857142855,26.5,14.132956454494549,14.857142857144936,7.92359822785789,,,24.2216,24.2216,26.5,26.5,14.132956454494549,detector_event_depth,14.0,3934485.0,14.0,3120.000000000437,trade_recovered_3s,0.5,,0.5,
aggregated-tick-v1,AUTO_INFERRED_V1,validated,AG2605|10:39:16.000,20260106,10:39:16.000,,AG,AG2605,49156000,48762,48762,49156000,visible_execution_drop,19195.0,1.4826,5,"AG2604,AG2602,AG2606,AG2608,AG2603",20,445,290.0,19170.0,19183.1,25.0,13.024225058609012,11.900000000001455,6.1995311278986485,,,20.0,20.0,25.0,25.0,13.024225058609012,detector_event_depth,20.0,5754930.0,20.0,3570.000000000437,trade_recovered_3s,0.5,,0.5,
aggregated-tick-v1,AUTO_INFERRED_V1,validated,AG2606|01:01:22.000,20260106,01:01:22.000,,AG,AG2606,14482000,28563,28563,14482000,visible_execution_drop,18724.25,0.37065,4,"AG2602,AG2605,AG2608,AG2603",20,416,290.0,18703.0,18711.2,21.25,11.348919182343751,13.049999999999272,6.969571544921304,,,20.0,20.0,20.196428571427532,21.25,11.348919182343751,detector_event_depth,15.0,4210020.0,15.0,2936.2499999998363,trade_recovered_3s,0.5,,0.5,
aggregated-tick-v1,AUTO_INFERRED_V1,validated,AG2607|13:56:57.000,20260106,13:56:57.000,13:56:58.000,AG,AG2607,61017000,54603,54603,61017000,visible_execution_drop,19238.5,4.4478,4,"AG2604,AG2602,AG2606,AG2608",20,140,290.0,19210.0,19218.285714285717,28.5,14.814044754008888,20.214285714282596,10.50720467514754,19224.5625,13.9375,20.0,20.0,28.5,28.5,14.814044754008888,detector_event_depth,7.0,2017920.0,7.0,2122.4999999996726,trade_recovered_3s,0.5,,0.5,
aggregated-tick-v1,AUTO_INFERRED_V1,validated,AG2607|13:58:14.000,20260106,13:58:14.000,,AG,AG2607,61094000,54756,54756,61094000,visible_execution_drop,19211.5,2.9652,5,"AG2604,AG2602,AG2606,AG2605,AG2608",20,168,290.0,19183.0,19183.6,28.5,14.834864534263332,27.900000000001455,14.522551596700652,,,24.2216,21.458933333326748,28.5,28.5,14.834864534263332,detector_event_depth,10.0,2877540.0,10.0,4185.000000000218,trade_recovered_3s,1.0,,0.5,
aggregated-tick-v1,AUTO_INFERRED_V1,validated,AG2608|21:24:21.500,20260106,21:24:21.500,,AG,AG2608,1461000,2877,2877,1461500,visible_execution_drop,18124.25,1.11195,5,"AG2604,AG2602,AG2606,AG2605,AG2603",20,358,290.0,18100.0,18100.0,24.25,13.37986399437218,24.25,13.37986399437218,,,20.0,20.0,22.75,24.25,13.37986399437218,detector_event_depth,1.0,271500.0,41.0,363.75,trade_recovered_3s,2.5,,0.5,
aggregated-tick-v1,AUTO_INFERRED_V1,validated,AG2608|10:00:24.500,20260106,10:00:24.500,,AG,AG2608,46824500,44929,44929,46824500,visible_execution_drop,18851.0,0.7413,5,"AG2604,AG2602,AG2606,AG2605,AG2603",20,368,290.0,18825.0,18837.052631578947,26.0,13.792371757466448,13.947368421053396,7.398741934673703,,,20.0,20.0,24.25,26.0,13.792371757466448,detector_event_depth,19.0,5368560.0,19.0,3975.0000000002183,trade_recovered_3s,0.5,,0.5,
aggregated-tick-v1,AUTO_INFERRED_V1,validated,AG2608|13:47:58.000,20260106,13:47:58.000,,AG,AG2608,60478000,55867,55867,60478000,visible_execution_drop,19334.0,1.85325,4,"AG2604,AG2606,AG2605,AG2603",20,363,290.0,19311.0,19322.5,23.0,11.896141512361645,11.5,5.9480707561808215,,,22.2216,20.078133333317737,15.5,23.0,11.896141512361645,detector_event_depth,8.0,2318700.0,8.0,1380.0,trade_recovered_3s,1.0,,0.5,
aggregated-tick-v1,AUTO_INFERRED_V1,validated,AG2609|13:58:30.500,20260106,13:58:30.500,,AG,AG2609,61110500,51959,51959,61110500,visible_execution_drop,19235.5,2.2239,5,"AG2604,AG2602,AG2606,AG2605,AG2608",20,159,290.0,19206.0,19206.0,29.5,15.336227288087132,29.5,15.336227288087132,,,29.151999999999997,29.151999999999997,29.5,29.5,15.336227288087132,detector_event_depth,1.0,288090.0,1.0,442.5,trade_recovered_3s,1.0,,0.5,
aggregated-tick-v1,AUTO_INFERRED_V1,validated,AG2611|09:53:21.000,20260106,09:53:21.000,,AG,AG2611,46401000,39697,39697,46401000,visible_execution_drop,18791.5,0.7413,5,"AG2604,AG2602,AG2606,AG2605,AG2608",20,156,290.0,18759.0,18765.4,32.5,17.295053614666205,26.099999999998545,13.889258441315778,,,24.363999999999997,22.7564,30.25,32.5,17.295053614666205,detector_event_depth,5.0,1407405.0,5.0,1957.4999999998909,trade_recovered_3s,2.0,,0.5,
aggregated-tick-v1,AUTO_INFERRED_V1,validated,IC2601|11:27:16.800,20260106,11:27:16.800,,IC,IC2601,52036800,13202,13202,52036800,visible_execution_drop,7769.0,4.4478000000026965,3,"IC2603,IC2606,IC2602",20,313,290.0,7763.0,7766.466666666666,30.0,7.72300167331703,12.666666666668789,3.260822928734403,,,23.221599999976604,21.24479999990205,30.0,30.0,7.72300167331703,detector_event_depth,12.0,18639520.0,12.0,6080.000000001019,trade_recovered_3s,1.0,,0.5,
aggregated-tick-v1,AUTO_INFERRED_V1,validated,IC2602|14:59:47.300,20260106,14:59:47.300,,IC,IC2602,64787300,19794,19794,64787300,visible_execution_drop,7808.000000000001,8.154299999995954,2,"IC2603,IC2606",20,151,289.5,7800.2,7802.733333333334,39.00000000000546,9.989754098362052,26.333333333336668,6.745218579235826,,,29.867200000122295,29.86720000006836,28.250000000007276,39.00000000000546,9.989754098362052,detector_event_depth,9.0,14044920.0,9.0,9480.0000000012,trade_recovered_3s,1.5,,1.0,
aggregated-tick-v1,AUTO_INFERRED_V1,validated,IC2602|14:59:57.300,20260106,14:59:57.300,14:59:58.300,IC,IC2602,64797300,19808,19808,64797300,"visible_execution_drop,interval_execution_drop",7806.25,2.5945499999993253,2,"IC2603,IC2606",20,152,289.5,7793.0,7798.282352941176,66.25,16.973578863090474,39.83823529411893,10.20675363820501,7797.391666666666,44.29166666666788,33.08239999999233,33.08239999999233,66.25,66.25,16.973578863090474,detector_event_depth,17.0,26514160.0,17.0,27090.000000000873,persistent_10s,0.5,,,
aggregated-tick-v1,AUTO_INFERRED_V1,validated,NI2603|21:22:10.000,20260106,21:22:10.000,,NI,NI2603,1330000,2660,2660,1330000,visible_execution_drop,134500.0,2.2238999999999995,5,"NI2602,NI2605,NI2604,NI2606,NI2609",20,377,290.0,134270.0,134369.67213114753,23.0,17.100371747211895,13.032786885247331,9.689804375648574,,,20.0,20.0,20.25,23.0,17.100371747211895,detector_event_depth,122.0,16393100.0,122.0,15900.000000001746,trade_recovered_3s,0.5,,0.5,
aggregated-tick-v1,AUTO_INFERRED_V1,validated,NI2603|23:36:48.500,20260106,23:36:48.500,,NI,NI2603,9408500,18817,18817,9408500,visible_execution_drop,134820.0,2.2238999999999995,5,"NI2602,NI2605,NI2604,NI2606,NI2609",20,126,290.0,134600.0,134712.18181818182,22.0,16.31805370123127,10.781818181817652,7.997194913082371,,,20.0,20.0,20.5,22.0,16.31805370123127,detector_event_depth,110.0,14818340.0,110.0,11859.999999999418,trade_recovered_3s,0.5,,0.5,
aggregated-tick-v1,AUTO_INFERRED_V1,validated,SN2602|23:36:45.000,20260106,23:36:45.000,,SN,SN2602,9405000,18810,18810,9405000,visible_execution_drop,336787.5,2.2238999999999995,4,"SN2603,SN2605,SN2606,SN2607",20,378,290.0,336500.0,336622.962962963,28.75,8.536540103180789,16.453703703702196,4.88548527000028,,,23.2216,23.2216,26.0,28.75,8.536540103180789,detector_event_depth,27.0,9088820.0,27.0,4442.499999999593,trade_recovered_3s,0.5,,0.5,
aggregated-tick-v1,AUTO_INFERRED_V1,validated,SN2602|00:01:41.000,20260106,00:01:41.000,00:01:42.000,SN,SN2602,10901000,21802,21802,10901000,"visible_execution_drop,interval_execution_drop",336610.0,5.1891,3,"SN2605,SN2606,SN2607",20,279,290.0,336340.0,336306.36363636365,27.0,8.02115207510175,30.363636363635305,9.02042017873364,336290.9375,31.90625,20.0,20.0,24.44696969696961,31.90625,9.478699385045008,detector_event_depth,44.0,14797480.0,44.0,13359.999999999534,trade_recovered_3s,1.0,1.5,1.0,
aggregated-tick-v1,AUTO_INFERRED_V1,validated,SN2602|13:39:22.000,20260106,13:39:22.000,,SN,SN2602,59959500,46125,46125,59962000,visible_execution_drop,347595.0,4.81845,4,"SN2603,SN2604,SN2605,SN2607",20,526,290.0,347150.0,347409.6629213483,44.5,12.802255498496814,18.533707865170435,5.331983447739592,,,29.651999999999997,25.52765128205598,40.5,44.5,12.802255498496814,detector_event_depth,89.0,30919460.0,266.0,16495.000000001688,trade_recovered_3s,0.5,,0.5,
aggregated-tick-v1,AUTO_INFERRED_V1,validated,SN2602|13:39:41.000,20260106,13:39:41.000,,SN,SN2602,59981000,46163,46163,59981000,visible_execution_drop,346596.25,3.891825,2,"SN2603,SN2605",20,523,290.0,346240.0,346360.0,35.625,10.278530134125804,23.625,6.816288404736058,,,30.151999999999997,24.3396521738993,29.394230769231218,35.625,10.278530134125804,detector_event_depth,26.0,9005360.0,26.0,6142.5,trade_recovered_3s,0.5,,0.5,
aggregated-tick-v1,AUTO_INFERRED_V1,validated,SN2602|14:40:22.000,20260106,14:40:22.000,14:40:23.000,SN,SN2602,63622000,53445,53445,63622000,interval_execution_drop,348715.0,2.9652,3,"SN2603,SN2606,SN2607",20,481,290.0,348420.0,348415.45454545453,29.5,8.459630357168463,29.95454545454704,8.589979052965042,348392.85714285716,32.21428571428405,30.367199999999997,23.994048484839965,25.86079545454704,32.21428571428405,9.237998283493411,detector_event_depth,11.0,3832570.0,11.0,3295.0000000001746,trade_recovered_3s,,2.5,0.5,
aggregated-tick-v1,AUTO_INFERRED_V1,validated,SN2608|14:05:41.000,20260106,14:05:41.000,,SN,SN2608,61541000,33132,33132,61541000,visible_execution_drop,343907.5,2.9652,5,"SN2602,SN2603,SN2604,SN2605,SN2606",20,100,290.0,341580.0,341580.0,232.75,67.67808204240966,232.75,67.67808204240966,,,226.6666,226.6666,85.25,232.75,67.67808204240966,detector_event_depth,1.0,341580.0,1.0,2327.5,quote_only_recovered_3s,3.5,,3.0,
aggregated-tick-v1,AUTO_INFERRED_V1,validated,SN2608|14:05:54.000,20260106,14:05:54.000,,SN,SN2608,61554000,33152,33152,61554000,visible_execution_drop,343755.0,2.2238999999999995,5,"SN2602,SN2603,SN2604,SN2605,SN2606",20,102,289.0,341410.0,341410.0,234.5,68.21718956815174,234.5,68.21718956815174,,,233.6144,233.6144,99.5,234.5,68.21718956815174,detector_event_depth,1.0,341410.0,1.0,2345.0,truncated,,,,
aggregated-tick-v1,AUTO_INFERRED_V1,validated,AG2602|21:35:27.500,20260107,21:35:27.500,,AG,AG2602,2127500,4252,4252,2127500,visible_execution_drop,19292.75,0.37065,4,"AG2606,AG2605,AG2608,AG2603",20,532,290.0,19258.0,19270.053571428572,34.75,18.01194749322932,22.696428571427532,11.764226754313164,,,32.652,29.6868,29.375,34.75,18.01194749322932,detector_event_depth,56.0,16186845.0,56.0,19064.999999999127,trade_recovered_3s,0.5,,0.5,
aggregated-tick-v1,AUTO_INFERRED_V1,validated,AG2602|01:57:38.000,20260107,01:57:38.000,,AG,AG2602,17858000,34908,34908,17858500,visible_execution_drop,19977.0,1.4826,5,"AG2604,AG2606,AG2605,AG2608,AG2603",20,327,290.0,19940.0,19957.8125,37.0,18.52129949441858,19.1875,9.604795514842069,,,23.2216,23.2216,33.5,37.0,18.52129949441858,detector_event_depth,16.0,4789875.0,26.0,4605.0,trade_recovered_3s,1.0,,0.5,
aggregated-tick-v1,AUTO_INFERRED_V1,validated,AG2602|11:15:07.000,20260107,11:15:07.000,,AG,AG2602,51307000,52972,52972,51307000,visible_execution_drop,19697.0,0.7413,5,"AG2604,AG2606,AG2605,AG2608,AG2603",20,378,290.0,19657.0,19671.7,40.0,20.307661065136823,25.299999999999272,12.844595623698671,,,22.2216,23.40050666664951,39.0,40.0,20.307661065136823,detector_event_depth,50.0,14753775.0,50.0,18974.999999999454,trade_recovered_3s,0.5,,1.0,
aggregated-tick-v1,AUTO_INFERRED_V1,validated,AG2602|11:15:27.500,20260107,11:15:27.500,,AG,AG2602,51327500,53013,53013,51327500,visible_execution_drop,19696.0,1.4826,5,"AG2604,AG2606,AG2605,AG2608,AG2603",20,374,290.0,19662.0,19675.8,34.0,17.262388302193337,20.200000000000728,10.255889520715236,,,22.2216,26.294186666654188,32.625,34.0,17.262388302193337,detector_event_depth,20.0,5902740.0,20.0,6060.000000000218,trade_recovered_3s,0.5,,0.5,
aggregated-tick-v1,AUTO_INFERRED_V1,validated,AG2602|14:49:59.000,20260107,14:49:59.000,,AG,AG2602,64199000,64244,64244,64199000,visible_execution_drop,19190.25,1.85325,4,"AG2606,AG2605,AG2608,AG2603",20,526,290.0,19150.0,19162.75,40.25,20.97419262385847,27.5,14.330193718164171,,,34.5824,32.44086666665468,31.0,40.25,20.97419262385847,detector_event_depth,52.0,14946945.0,52.0,21450.0,trade_recovered_3s,0.5,,0.5,
aggregated-tick-v1,AUTO_INFERRED_V1,validated,AG2602|14:50:03.000,20260107,14:50:03.000,,AG,AG2602,64203000,64252,64252,64203000,visible_execution_drop,19194.5,0.7413,5,"AG2604,AG2606,AG2605,AG2608,AG2603",20,525,290.0,19152.0,19165.54716981132,42.5,22.141759358149468,28.95283018867849,15.083919971178457,,,34.5824,32.605599999985614,38.75,42.5,22.141759358149468,detector_event_depth,53.0,15236610.0,53.0,23017.4999999994,trade_recovered_3s,0.5,,0.5,
aggregated-tick-v1,AUTO_INFERRED_V1,validated,AG2603|00:34:44.500,20260107,00:34:44.500,,AG,AG2603,12884500,24843,24843,12884500,visible_execution_drop,19893.0,3.33585,4,"AG2604,AG2602,AG2606,AG2605",20,129,290.0,19866.0,19877.944444444445,27.0,13.572613482129391,15.055555555554747,7.568268011639645,,,20.0,20.0,26.0,27.0,13.572613482129391,detector_event_depth,18.0,5367045.0,18.0,4064.9999999997817,trade_recovered_3s,0.5,,0.5,
aggregated-tick-v1,AUTO_INFERRED_V1,validated,AG2603|01:20:41.000,20260107,01:20:41.000,,AG,AG2603,15641000,29836,29836,15641000,visible_execution_drop,19942.5,2.2239,3,"AG2602,AG2606,AG2608",20,148,290.0,19910.0,19925.166666666668,32.5,16.29685345367933,17.33333333333212,8.691655175295034,,,28.651999999999997,23.264639999992095,32.5,32.5,16.29685345367933,detector_event_depth,6.0,1793265.0,6.0,1559.9999999998909,trade_recovered_3s,0.5,,0.5,
aggregated-tick-v1,AUTO_INFERRED_V1,validated,AG2603|02:25:00.500,20260107,02:25:00.500,,AG,AG2603,19500500,37406,37406,19500500,visible_execution_drop,19789.0,4.8184499999999995,4,"AG2604,AG2602,AG2606,AG2605",20,133,290.0,19750.0,19774.1,39.0,19.70791854060337,14.900000000001455,7.529435545000482,,,30.151999999999997,26.9368,38.5,39.0,19.70791854060337,detector_event_depth,10.0,2966115.0,10.0,2235.0000000002183,trade_recovered_3s,0.5,,0.5,
aggregated-tick-v1,AUTO_INFERRED_V1,validated,AG2603|09:06:34.000,20260107,09:06:34.000,,AG,AG2603,43594000,38786,38786,43594000,visible_execution_drop,19950.0,3.7065,5,"AG2604,AG2602,AG2606,AG2605,AG2608",20,352,290.0,19914.0,19934.2,36.0,18.045112781954888,15.799999999999272,7.919799498746502,,,34.5824,28.651999999999997,32.5,36.0,18.045112781954888,detector_event_depth,10.0,2990130.0,10.0,2369.999999999891,trade_recovered_3s,0.5,,0.5,
aggregated-tick-v1,AUTO_INFERRED_V1,validated,AG2603|10:47:04.500,20260107,10:47:04.500,,AG,AG2603,49624500,48899,48899,49624500,visible_execution_drop,19794.5,0.7413,5,"AG2604,AG2602,AG2606,AG2605,AG2608",20,103,290.0,19760.0,19772.833333333332,34.5,17.429083836419206,21.66666666666788,10.945801443162434,,,30.151999999999997,26.000720000017257,33.0,34.5,17.429083836419206,detector_event_depth,6.0,1779555.0,6.0,1950.0000000001091,trade_recovered_3s,1.0,,0.5,
aggregated-tick-v1,AUTO_INFERRED_V1,validated,AG2603|14:38:00.000,20260107,14:38:00.000,,AG,AG2603,63480000,61868,61868,63480000,visible_execution_drop,19156.5,1.4826,5,"AG2604,AG2602,AG2606,AG2605,AG2608",20,261,290.0,19119.0,19136.625,37.5,19.575600970949807,19.875,10.3750685146034,,,35.5824,35.5824,30.5,37.5,19.575600970949807,detector_event_depth,16.0,4592790.0,16.0,4770.0,trade_recovered_3s,1.5,,0.5,
aggregated-tick-v1,AUTO_INFERRED_V1,validated,AG2604|02:15:42.000,20260107,02:15:42.000,,AG,AG2604,18942000,37884,37884,18942000,visible_execution_drop,19952.0,1.4826,3,"AG2606,AG2605,AG2608",20,531,290.0,19930.0,19943.68484848485,22.0,11.026463512429832,8.315151515151229,4.1675779446427565,,,20.0,20.0,18.70408163265347,22.0,11.026463512429832,detector_event_depth,165.0,49360620.0,165.0,20579.99999999929,trade_recovered_3s,0.5,,0.5,
aggregated-tick-v1,AUTO_INFERRED_V1,validated,AG2604|02:24:46.000,20260107,02:24:46.000,,AG,AG2604,19486000,38972,38972,19486000,visible_execution_drop,19849.25,3.33585,3,"AG2606,AG2605,AG2603",20,567,290.0,19812.0,19831.01851851852,37.25,18.766452132952125,18.23148148148175,9.184972470739073,,,21.0064,20.0,31.509328358208226,37.25,18.766452132952125,detector_event_depth,108.0,32126250.0,108.0,29535.000000000437,trade_recovered_3s,1.0,,1.0,
aggregated-tick-v1,AUTO_INFERRED_V1,validated,AG2604|10:01:24.500,20260107,10:01:24.500,10:01:25.500,AG,AG2604,46884500,46971,46971,46884500,interval_execution_drop,19474.0,1.4826,5,"AG2602,AG2606,AG2605,AG2608,AG2603",20,580,290.0,19476.0,19448.660477453584,-2.0,-1.0270103728047653,25.339522546415537,13.011976248544489,19442.3543758967,31.64562410330109,20.0,20.0,24.239522546416993,31.64562410330109,16.25019210398536,detector_event_depth,377.0,109982175.0,377.0,143294.99999997986,trade_recovered_3s,,1.5,1.0,
aggregated-tick-v1,AUTO_INFERRED_V1,validated,AG2605|23:12:03.000,20260107,23:12:03.000,,AG,AG2605,7923000,15822,15822,7923000,visible_execution_drop,19763.5,2.2239,5,"AG2604,AG2602,AG2606,AG2608,AG2603",20,430,290.0,19738.0,19742.72,25.5,12.90257292483619,20.78000000000247,10.51433197561286,,,20.0,20.0,25.5,25.5,12.90257292483619,detector_event_depth,25.0,7403520.0,25.0,7792.500000000928,trade_recovered_3s,0.5,,0.5,
aggregated-tick-v1,AUTO_INFERRED_V1,validated,AG2605|23:37:05.500,20260107,23:37:05.500,,AG,AG2605,9425500,18817,18817,9425500,visible_execution_drop,19639.5,0.7413,5,"AG2604,AG2602,AG2606,AG2608,AG2603",20,447,290.0,19614.0,19638.666666666668,25.5,12.984037271824638,0.8333333333321207,0.4243149435230636,,,23.7216,20.7564,25.25,25.5,12.984037271824638,detector_event_depth,21.0,6186180.0,21.0,262.499999999618,trade_recovered_3s,0.5,,0.5,
aggregated-tick-v1,AUTO_INFERRED_V1,validated,AG2605|01:18:20.500,20260107,01:18:20.500,,AG,AG2605,15500500,30705,30705,15500500,visible_execution_drop,19844.25,1.85325,2,"AG2606,AG2603",20,321,290.0,19820.0,19833.916666666668,24.25,12.2201645312874,10.33333333333212,5.2072178758744325,,,20.0,20.0,23.75,24.25,12.2201645312874,detector_event_depth,24.0,7140210.0,24.0,3719.999999999563,trade_recovered_3s,0.5,,0.5,
aggregated-tick-v1,AUTO_INFERRED_V1,validated,AG2605|02:24:58.500,20260107,02:24:58.500,02:24:59.500,AG,AG2605,19498500,38610,38610,19498500,visible_execution_drop,19752.0,8.1543,5,"AG2604,AG2602,AG2606,AG2608,AG2603",20,238,290.0,19732.0,19732.0,20.0,10.12555690562981,20.0,10.12555690562981,19747.857142857145,4.142857142855064,20.0,20.0,18.75,20.0,10.12555690562981,detector_event_depth,1.0,295980.0,1.0,300.0,trade_recovered_3s,0.5,,0.5,
aggregated-tick-v1,AUTO_INFERRED_V1,validated,AG2606|21:26:16.500,20260107,21:26:16.500,,AG,AG2606,1576500,3152,3152,1576500,visible_execution_drop,19293.5,1.4826,5,"AG2604,AG2602,AG2605,AG2608,AG2603",20,491,290.0,19266.0,19284.108108108107,27.5,14.253505066473164,9.391891891893463,4.867904678722609,,,23.7216,20.0,27.5,27.5,14.253505066473164,detector_event_depth,37.0,10702680.0,37.0,5212.500000000873,trade_recovered_3s,0.5,,0.5,
aggregated-tick-v1,AUTO_INFERRED_V1,validated,AG2606|13:47:19.000,20260107,13:47:19.000,,AG,AG2606,60439000,57386,57386,60439000,visible_execution_drop,19113.5,0.7413,5,"AG2604,AG2602,AG2605,AG2608,AG2603",20,567,290.0,19056.0,19086.808510638297,57.5,30.08344887121668,26.691489361703137,13.96473140016383,,,31.151999999999997,29.12287999998274,54.75,57.5,30.08344887121668,detector_event_depth,141.0,40368600.0,141.0,56452.500000002125,trade_recovered_3s,0.5,,0.5,
aggregated-tick-v1,AUTO_INFERRED_V1,validated,AG2607|14:36:06.500,20260107,14:36:06.500,,AG,AG2607,63366500,59226,59226,63366500,visible_execution_drop,19126.0,6.6716999999999995,5,"AG2604,AG2602,AG2606,AG2605,AG2608",20,144,290.0,19094.0,19106.0,32.0,16.73115131234968,20.0,10.45696957021855,,,23.7216,23.7216,32.0,32.0,16.73115131234968,detector_event_depth,10.0,2865900.0,10.0,3000.0,trade_recovered_3s,0.5,,0.5,
aggregated-tick-v1,AUTO_INFERRED_V1,validated,AG2608|13:47:34.000,20260107,13:47:34.000,13:47:35.000,AG,AG2608,60454000,56104,56104,60454000,interval_execution_drop,19091.0,1.4826,5,"AG2604,AG2602,AG2606,AG2605,AG2603",20,499,290.0,19075.0,19033.321428571428,16.0,8.380912471845372,57.67857142857247,30.212441165246695,19043.365942028984,47.634057971015864,23.2216,24.043333333360884,57.67857142857247,47.634057971015864,24.95105440836827,detector_event_depth,224.0,63951960.0,224.0,193800.0000000035,trade_recovered_3s,,1.5,0.5,
aggregated-tick-v1,AUTO_INFERRED_V1,validated,AG2608|13:48:27.500,20260107,13:48:27.500,13:48:28.500,AG,AG2608,60507500,56211,56211,60507500,interval_execution_drop,19046.5,5.1891,5,"AG2604,AG2602,AG2606,AG2605,AG2603",20,488,290.0,19022.0,19008.19417475728,24.5,12.863255716273333,38.30582524271813,20.11173981714127,19015.4,31.099999999998545,26.6868,23.7216,37.05582524271813,31.099999999998545,16.328459296982935,detector_event_depth,103.0,29367660.0,103.0,59182.499999999505,trade_recovered_3s,,1.5,0.5,
aggregated-tick-v1,AUTO_INFERRED_V1,validated,AG2608|14:33:03.500,20260107,14:33:03.500,,AG,AG2608,63183500,61466,61466,63183500,visible_execution_drop,19173.5,2.2239,5,"AG2604,AG2602,AG2606,AG2605,AG2603",20,318,290.0,19150.0,19157.75,23.5,12.256499856572876,15.75,8.214462669830755,,,20.0,20.0,22.25,23.5,12.256499856572876,detector_event_depth,12.0,3448395.0,12.0,2835.0,trade_recovered_3s,0.5,,0.5,
aggregated-tick-v1,AUTO_INFERRED_V1,validated,AG2608|14:34:45.000,20260107,14:34:45.000,,AG,AG2608,63284500,61668,61668,63285000,visible_execution_drop,19174.25,1.85325,4,"AG2604,AG2602,AG2605,AG2603",20,410,290.0,19153.0,19153.0,21.25,11.082571678162118,21.25,11.082571678162118,,,20.0,20.0,19.0,21.25,11.082571678162118,detector_event_depth,1.0,287295.0,15.0,318.75,trade_recovered_3s,1.0,,0.5,
aggregated-tick-v1,AUTO_INFERRED_V1,validated,AG2611|11:05:19.000,20260107,11:05:19.000,,AG,AG2611,50719000,48250,48250,50719000,visible_execution_drop,19749.75,2.59455,4,"AG2604,AG2602,AG2605,AG2608",20,100,290.0,19706.0,19729.166666666668,43.75,22.15217914150812,20.58333333333212,10.422072853242256,,,35.669399999999996,35.669399999999996,36.0,43.75,22.15217914150812,detector_event_depth,6.0,1775625.0,6.0,1852.4999999998909,trade_recovered_3s,1.0,,0.5,
aggregated-tick-v1,AUTO_INFERRED_V1,validated,AG2611|13:48:01.500,20260107,13:48:01.500,,AG,AG2611,60481500,53196,53196,60481500,visible_execution_drop,19052.5,0.7413,5,"AG2604,AG2602,AG2606,AG2605,AG2608",20,184,290.0,19011.0,19012.2,41.5,21.781918383414247,40.29999999999927,21.152079779556107,,,39.9052,39.9052,41.5,41.5,21.781918383414247,detector_event_depth,5.0,1425915.0,5.0,3022.4999999999454,trade_recovered_3s,0.5,,0.5,
aggregated-tick-v1,AUTO_INFERRED_V1,validated,AG2611|14:01:20.000,20260107,14:01:20.000,,AG,AG2611,61280000,54738,54738,61280000,visible_execution_drop,19333.5,4.4478,5,"AG2604,AG2602,AG2606,AG2605,AG2608",20,107,290.0,19290.0,19301.333333333332,43.5,22.49980603615486,32.16666666666788,16.637787605279893,,,42.0128,42.5128,43.5,43.5,22.49980603615486,detector_event_depth,6.0,1737120.0,6.0,2895.000000000109,trade_recovered_3s,3.0,,0.5,
aggregated-tick-v1,AUTO_INFERRED_V1,validated,AG2612|21:26:14.500,20260107,21:26:14.500,,AG,AG2612,1574500,3087,3087,1574500,visible_execution_drop,19300.75,1.11195,4,"AG2604,AG2602,AG2606,AG2605",20,131,290.0,19257.0,19279.235294117647,43.75,22.667512920482363,21.514705882353155,11.147082824425556,,,37.0824,39.7976,43.75,43.75,22.667512920482363,detector_event_depth,17.0,4916205.0,17.0,5486.250000000055,trade_recovered_3s,0.5,,0.5,
aggregated-tick-v1,AUTO_INFERRED_V1,validated,AG2612|10:02:10.500,20260107,10:02:10.500,,AG,AG2612,46930500,41170,41170,46930500,visible_execution_drop,19450.0,2.2239,5,"AG2604,AG2602,AG2606,AG2605,AG2608",20,128,290.0,19419.0,19452.4,31.0,15.938303341902314,-2.400000000001455,-1.2339331619544758,,,28.7944,28.6694,29.75,31.0,15.938303341902314,detector_event_depth,10.0,2917860.0,10.0,0.0,trade_recovered_3s,0.5,,0.5,
aggregated-tick-v1,AUTO_INFERRED_V1,validated,IC2603|09:58:56.600,20260107,09:58:56.600,,IC,IC2603,46736600,3450,3450,46736600,visible_execution_drop,7819.9,4.447799999995954,3,"IC2601,IC2606,IC2602",20,482,290.0,7812.4,7815.736363636363,37.5,9.590915484852747,20.81818181818107,5.324411263105942,,,36.94000000002651,35.08239999997036,33.37499999999636,37.5,9.590915484852747,detector_event_depth,22.0,34389240.0,22.0,18319.999999999345,trade_recovered_3s,1.0,,0.5,
aggregated-tick-v1,AUTO_INFERRED_V1,validated,LC2607|09:29:22.886,20260107,09:29:22.886,,LC,LC2607,44962886,3356,3356,44962886,visible_execution_drop,141555.0,2.2238999999999995,4,"LC2605,LC2609,LC2602,LC2606",20,365,289.5,140800.0,141083.54285714286,37.75,53.33615909010632,23.57285714285681,33.305580365026756,,,23.2216,22.58682352941397,37.125,37.75,53.33615909010632,detector_event_depth,175.0,24689620.0,175.0,82504.99999999884,trade_recovered_3s,0.486,,0.486,
aggregated-tick-v1,AUTO_INFERRED_V1,validated,LC2609|14:19:37.202,20260107,14:19:37.202,,LC,LC2609,62377202,14813,14813,62377202,visible_execution_drop,144485.0,1.4826,4,"LC2605,LC2607,LC2602,LC2603",20,263,289.26,143980.0,144222.66666666666,25.25,34.951725092570165,13.116666666667152,18.15644069165263,,,20.0,20.0,21.75,25.25,34.951725092570165,detector_event_depth,30.0,4326680.0,30.0,7870.000000000291,trade_recovered_3s,0.724,,0.724,
aggregated-tick-v1,AUTO_INFERRED_V1,validated,NI2602|21:35:05.000,20260107,21:35:05.000,21:35:06.000,NI,NI2602,2105000,4210,4210,2105000,"visible_execution_drop,interval_execution_drop",142520.0,5.9304,4,"NI2603,NI2605,NI2604,NI2609",20,581,290.0,142260.0,142318.97025171624,26.0,18.243053606511367,20.10297482837632,14.105371055554532,142296.27534685165,22.372465314835427,20.0,20.0,22.75,26.0,18.243053606511367,detector_event_depth,437.0,62193390.0,437.0,87850.00000000451,trade_recovered_3s,0.5,1.5,1.0,
aggregated-tick-v1,AUTO_INFERRED_V1,validated,NI2605|23:00:17.500,20260107,23:00:17.500,,NI,NI2605,7217500,14056,14056,7217500,visible_execution_drop,146270.0,0.7413,5,"NI2602,NI2603,NI2604,NI2609,NI2606",20,319,290.0,146000.0,146127.7142857143,27.0,18.45901415191085,14.228571428571012,9.7276074578321,,,23.7216,20.0,27.0,27.0,18.45901415191085,detector_event_depth,35.0,5114470.0,35.0,4979.9999999998545,trade_recovered_3s,0.5,,0.5,
aggregated-tick-v1,AUTO_INFERRED_V1,validated,SN2602|21:06:29.000,20260107,21:06:29.000,,SN,SN2602,389000,778,778,389000,visible_execution_drop,351520.0,5.1891,5,"SN2603,SN2604,SN2605,SN2606,SN2608",20,470,290.0,351000.0,351196.3963963964,52.0,14.792899408284024,32.360360360360936,9.205837608204636,,,47.0128,38.17066999999013,47.40625,52.0,14.792899408284024,detector_event_depth,111.0,38982800.0,111.0,35920.00000000064,trade_recovered_3s,0.5,,0.5,
aggregated-tick-v1,AUTO_INFERRED_V1,validated,SN2602|22:26:06.000,20260107,22:26:06.000,,SN,SN2602,5166000,10332,10332,5166000,visible_execution_drop,351983.75,5.1891,4,"SN2603,SN2605,SN2606,SN2608",20,488,290.0,351630.0,351822.79069767444,35.375,10.050179873360632,16.095930232555837,4.572918560176666,,,28.651999999999997,22.434542857153527,31.125,35.375,10.050179873360632,detector_event_depth,43.0,15128380.0,43.0,6921.2499999990105,trade_recovered_3s,1.0,,1.0,
aggregated-tick-v1,AUTO_INFERRED_V1,validated,SN2602|00:04:37.000,20260107,00:04:37.000,,SN,SN2602,11077000,22154,22154,11077000,visible_execution_drop,355992.5,8.895599999999998,4,"SN2603,SN2604,SN2605,SN2606",20,469,290.0,355690.0,355860.0,30.25,8.497370028862967,13.25,3.7219885250391513,,,29.651999999999997,27.67519999997699,23.92857142857101,30.25,8.497370028862967,detector_event_depth,18.0,6405480.0,18.0,2385.0,trade_recovered_3s,0.5,,0.5,
aggregated-tick-v1,AUTO_INFERRED_V1,validated,SN2602|00:42:19.000,20260107,00:42:19.000,,SN,SN2602,13339000,26678,26678,13339000,visible_execution_drop,357970.0,8.895599999999998,3,"SN2604,SN2605,SN2606",20,426,290.0,357680.0,357791.3333333333,29.0,8.101237533871553,17.866666666668607,4.991107262247844,,,28.651999999999997,26.67519999997699,22.0,29.0,8.101237533871553,detector_event_depth,15.0,5366870.0,15.0,2680.000000000291,trade_recovered_3s,0.5,,0.5,
aggregated-tick-v1,AUTO_INFERRED_V1,validated,SN2602|14:30:17.500,20260107,14:30:17.500,,SN,SN2602,63017500,52239,52239,63017500,visible_execution_drop,361605.0,3.33585,4,"SN2603,SN2604,SN2605,SN2606",20,494,290.0,361280.0,361464.0,32.5,8.987707581477027,14.1,3.899282366117725,,,30.151999999999997,29.55896,29.875,32.5,8.987707581477027,detector_event_depth,20.0,7229280.0,20.0,2820.0,trade_recovered_3s,0.5,,0.5,
aggregated-tick-v1,AUTO_INFERRED_V1,validated,SN2602|14:31:53.000,20260107,14:31:53.000,14:31:54.000,SN,SN2602,63113000,52430,52430,63113000,interval_execution_drop,360510.0,8.1543,4,"SN2603,SN2604,SN2605,SN2606",20,521,290.0,360590.0,360111.8918918919,-8.0,-2.219078527641397,39.81081081081065,11.04291442978299,360173.5,33.65,36.5824,32.29546666669162,33.71821821821795,33.65,9.333999056891626,detector_event_depth,111.0,39972420.0,111.0,44189.999999999825,trade_recovered_3s,,1.5,0.5,
aggregated-tick-v1,AUTO_INFERRED_V1,validated,AG2602|01:48:33.500,20260108,01:48:33.500,,AG,AG2602,17313500,33917,33917,17313500,visible_execution_drop,19102.25,2.9652,4,"AG2604,AG2606,AG2605,AG2608",20,210,290.0,19060.0,19093.857142857145,42.25,22.117813346595295,8.392857142855064,4.393648466989524,,,29.151999999999997,29.151999999999997,36.723214285713766,42.25,22.117813346595295,detector_event_depth,49.0,14033985.0,49.0,6168.749999998472,trade_recovered_3s,0.5,,0.5,
aggregated-tick-v1,AUTO_INFERRED_V1,validated,AG2602|02:12:51.500,20260108,02:12:51.500,,AG,AG2602,18771500,36740,36740,18771500,visible_execution_drop,19005.0,2.2239,5,"AG2604,AG2606,AG2605,AG2608,AG2603",20,177,290.0,18981.0,18994.666666666668,24.0,12.628255722178372,10.33333333333212,5.437165658159495,,,23.7216,23.7216,24.0,24.0,12.628255722178372,detector_event_depth,36.0,10257120.0,36.0,5579.999999999345,trade_recovered_3s,0.5,,0.5,
aggregated-tick-v1,AUTO_INFERRED_V1,validated,AG2602|02:24:11.500,20260108,02:24:11.500,,AG,AG2602,19451500,38051,38051,19451500,visible_execution_drop,19019.25,2.9652,4,"AG2604,AG2606,AG2608,AG2603",20,242,290.0,18990.0,19005.5,29.25,15.379155329468828,13.75,7.229517462570816,,,23.7042,25.38447999999712,29.25,29.25,15.379155329468828,detector_event_depth,20.0,5701650.0,20.0,4125.0,trade_recovered_3s,2.0,,0.5,
aggregated-tick-v1,AUTO_INFERRED_V1,validated,AG2602|11:05:49.500,20260108,11:05:49.500,11:05:50.500,AG,AG2602,50749500,51744,51744,50751000,"visible_execution_drop,interval_execution_drop",18967.5,2.2239,5,"AG2604,AG2606,AG2605,AG2608,AG2603",20,330,290.0,18920.0,18932.772727272724,47.5,25.042836430736784,34.727272727275704,18.30882969673162,18940.83838383838,26.66161616161844,31.5096,29.651999999999997,34.5,47.5,25.042836430736784,detector_event_depth,66.0,18743445.0,162.0,34380.00000000295,trade_recovered_3s,0.5,1.5,0.5,
aggregated-tick-v1,AUTO_INFERRED_V1,validated,AG2602|11:06:02.500,20260108,11:06:02.500,,AG,AG2602,50762500,51770,51770,50762500,visible_execution_drop,18934.0,3.7065,5,"AG2604,AG2606,AG2605,AG2608,AG2603",20,345,290.0,18900.0,18916.647619047617,34.0,17.957114186120208,17.3523809523831,9.164667240088257,,,30.151999999999997,30.151999999999997,23.66666666666606,34.0,17.957114186120208,detector_event_depth,105.0,29793720.0,105.0,27330.000000003383,trade_recovered_3s,0.5,,0.5,
aggregated-tick-v1,AUTO_INFERRED_V1,validated,AG2602|11:12:29.500,20260108,11:12:29.500,,AG,AG2602,51149500,52535,52535,51149500,visible_execution_drop,19065.5,1.4826,5,"AG2604,AG2606,AG2605,AG2608,AG2603",20,404,290.0,19031.0,19044.606557377047,34.5,18.09551283732396,20.893442622953444,10.95876983187089,,,29.151999999999997,29.151999999999997,22.5,34.5,18.09551283732396,detector_event_depth,61.0,17425815.0,61.0,19117.5000000024,trade_recovered_3s,0.5,,0.5,
aggregated-tick-v1,AUTO_INFERRED_V1,validated,AG2602|11:16:32.500,20260108,11:16:32.500,,AG,AG2602,51392500,53016,53016,51392500,visible_execution_drop,18961.75,1.85325,4,"AG2604,AG2605,AG2608,AG2603",20,393,290.0,18930.0,18939.590163934427,31.75,16.744235104882197,22.159836065573472,11.686598581657003,,,29.651999999999997,29.651999999999997,31.75,31.75,16.744235104882197,detector_event_depth,61.0,17329725.0,61.0,20276.249999999727,trade_recovered_3s,0.5,,0.5,
aggregated-tick-v1,AUTO_INFERRED_V1,validated,AG2602|11:16:59.000,20260108,11:16:59.000,,AG,AG2602,51419000,53069,53069,51419000,visible_execution_drop,18970.0,2.2239,5,"AG2604,AG2606,AG2605,AG2608,AG2603",20,388,290.0,18938.0,18951.416666666668,32.0,16.86874011597259,18.58333333333212,9.796169390264692,,,29.651999999999997,28.2944,29.0,32.0,16.86874011597259,detector_event_depth,60.0,17056275.0,60.0,16724.99999999891,trade_recovered_3s,0.5,,0.5,
aggregated-tick-v1,AUTO_INFERRED_V1,validated,AG2602|13:35:31.000,20260108,13:35:31.000,,AG,AG2602,59731000,55266,55266,59731000,visible_execution_drop,18465.0,5.1891,5,"AG2604,AG2606,AG2605,AG2608,AG2603",20,493,290.0,18415.0,18438.546296296296,50.0,27.078256160303276,26.453703703704377,14.326403305553413,,,41.0128,37.21813333333812,34.75,50.0,27.078256160303276,detector_event_depth,108.0,29870445.0,108.0,42855.00000000109,trade_recovered_3s,0.5,,0.5,
aggregated-tick-v1,AUTO_INFERRED_V1,validated,AG2603|11:20:36.000,20260108,11:20:36.000,,AG,AG2603,51636000,52847,52847,51636000,visible_execution_drop,19019.0,3.7065,5,"AG2604,AG2606,AG2602,AG2605,AG2608",20,101,289.5,18993.0,19005.666666666668,26.0,13.67053998632946,13.33333333333212,7.010533326322163,,,23.7216,23.7216,26.0,26.0,13.67053998632946,detector_event_depth,6.0,1710510.0,6.0,1199.9999999998909,quote_only_recovered_3s,6.5,,0.5,
aggregated-tick-v1,AUTO_INFERRED_V1,validated,AG2603|13:46:15.000,20260108,13:46:15.000,,AG,AG2603,60375000,55699,55699,60375000,visible_execution_drop,18447.25,1.11195,5,"AG2604,AG2606,AG2602,AG2605,AG2608",20,291,290.0,18401.0,18409.966666666667,46.25,25.071487620105977,37.28333333333285,20.2107811914149,,,35.5824,37.3925333333465,40.25,46.25,25.071487620105977,detector_event_depth,30.0,8284485.0,30.0,16777.49999999978,quote_only_recovered_3s,5.5,,0.5,
aggregated-tick-v1,AUTO_INFERRED_V1,validated,AG2604|21:06:04.500,20260108,21:06:04.500,,AG,AG2604,364500,729,729,364500,visible_execution_drop,19002.0,0.7413,3,"AG2606,AG2602,AG2603",20,569,290.0,18974.0,18995.3531598513,28.0,14.735291021997686,6.646840148699994,3.497968713135456,,,20.0,20.0,24.806297709923456,28.0,14.735291021997686,detector_event_depth,538.0,153292500.0,538.0,53640.00000000895,trade_recovered_3s,0.5,,0.5,
aggregated-tick-v1,AUTO_INFERRED_V1,validated,AG2605|21:37:09.500,20260108,21:37:09.500,,AG,AG2605,2229500,4458,4458,2229500,visible_execution_drop,18845.5,4.4478,4,"AG2606,AG2602,AG2608,AG2603",20,488,290.0,18824.0,18840.190476190477,21.5,11.408559072457615,5.309523809522943,2.817396094305242,,,20.0,20.0,21.25,21.5,11.408559072457615,detector_event_depth,21.0,5934660.0,21.0,1672.4999999997272,trade_recovered_3s,0.5,,0.5,
aggregated-tick-v1,AUTO_INFERRED_V1,validated,AG2605|11:25:58.000,20260108,11:25:58.000,,AG,AG2605,51958000,54839,54839,51958000,visible_execution_drop,19020.5,3.7065,3,"AG2606,AG2602,AG2603",20,322,290.0,18999.0,19010.615384615383,21.5,11.303593491233142,9.884615384617064,5.19682205232095,,,20.0,20.0,21.5,21.5,11.303593491233142,detector_event_depth,13.0,3707070.0,13.0,1927.5000000003272,trade_recovered_3s,0.5,,0.5,
aggregated-tick-v1,AUTO_INFERRED_V1,validated,AG2606|21:06:22.500,20260108,21:06:22.500,,AG,AG2606,382500,765,765,382500,visible_execution_drop,18889.0,2.9652,4,"AG2602,AG2605,AG2608,AG2603",20,539,290.0,18862.0,18878.842105263157,27.0,14.294033564508444,10.157894736843446,5.377677344932736,,,23.7216,21.565090909071294,24.875,27.0,14.294033564508444,detector_event_depth,57.0,16141410.0,57.0,8685.000000001146,trade_recovered_3s,0.5,,0.5,
aggregated-tick-v1,AUTO_INFERRED_V1,validated,AG2606|01:48:32.500,20260108,01:48:32.500,,AG,AG2606,17312500,34286,34286,17312500,visible_execution_drop,19076.0,0.7413,3,"AG2602,AG2605,AG2608",20,200,290.0,19050.0,19066.391304347828,26.0,13.629691759278677,9.608695652172171,5.0370599979933806,,,20.0,24.2216,24.5,26.0,13.629691759278677,detector_event_depth,23.0,6577905.0,23.0,3314.9999999993997,trade_recovered_3s,0.5,,0.5,
aggregated-tick-v1,AUTO_INFERRED_V1,validated,AG2607|10:49:44.000,20260108,10:49:44.000,,AG,AG2607,49784000,45795,45795,49784000,visible_execution_drop,18937.0,3.7065,5,"AG2604,AG2606,AG2602,AG2605,AG2608",20,142,290.0,18900.0,18921.8,37.0,19.538469662565348,15.200000000000728,8.026614564081283,,,32.8672,32.8672,34.5,37.0,19.538469662565348,detector_event_depth,5.0,1419135.0,5.0,1140.0000000000546,trade_recovered_3s,0.5,,0.5,
aggregated-tick-v1,AUTO_INFERRED_V1,validated,AG2607|13:58:41.500,20260108,13:58:41.500,,AG,AG2607,61121500,53735,53735,61121500,visible_execution_drop,18480.0,4.4478,5,"AG2604,AG2606,AG2602,AG2605,AG2608",20,117,290.0,18436.0,18449.666666666668,44.0,23.80952380952381,30.33333333333212,16.414141414140758,,,43.5128,39.55920000001438,44.0,44.0,23.80952380952381,detector_event_depth,6.0,1660470.0,6.0,2729.999999999891,trade_recovered_3s,0.5,,0.5,
aggregated-tick-v1,AUTO_INFERRED_V1,validated,AG2608|00:24:46.500,20260108,00:24:46.500,,AG,AG2608,12286500,23861,23861,12287000,visible_execution_drop,18963.25,0.37065,4,"AG2604,AG2602,AG2605,AG2603",20,264,290.0,18931.0,18943.5,32.25,17.006578513704138,19.75,10.414881415369202,,,24.2216,20.601333333346503,30.75,32.25,17.006578513704138,detector_event_depth,8.0,2273220.0,9.0,2370.0,trade_recovered_3s,1.0,,0.5,
aggregated-tick-v1,AUTO_INFERRED_V1,validated,AG2608|02:06:09.500,20260108,02:06:09.500,,AG,AG2608,18369500,35523,35523,18369500,visible_execution_drop,19013.5,0.7413,5,"AG2604,AG2606,AG2602,AG2605,AG2603",20,161,290.0,18985.0,19010.6,28.5,14.989349672601046,2.900000000001455,1.5252320719496435,,,28.151999999999997,28.151999999999997,28.25,28.5,14.989349672601046,detector_event_depth,5.0,1425795.0,5.0,217.5000000001091,trade_recovered_3s,0.5,,0.5,
aggregated-tick-v1,AUTO_INFERRED_V1,validated,AG2609|21:05:55.000,20260108,21:05:55.000,,AG,AG2609,355000,698,698,355000,visible_execution_drop,19033.0,5.1891,5,"AG2604,AG2606,AG2602,AG2605,AG2608",20,168,290.0,19005.0,19011.727272727276,28.0,14.71129091577786,21.272727272724296,11.176759981466027,,,27.651999999999997,27.651999999999997,28.0,28.0,14.71129091577786,detector_event_depth,11.0,3136935.0,11.0,3509.999999999509,trade_recovered_3s,3.0,,0.5,
aggregated-tick-v1,AUTO_INFERRED_V1,validated,AG2609|21:06:31.500,20260108,21:06:31.500,,AG,AG2609,391500,771,771,391500,visible_execution_drop,18864.25,2.2239,4,"AG2604,AG2606,AG2605,AG2608",20,214,290.0,18836.0,18849.25,28.25,14.975416462356042,15.0,7.951548564082855,,,27.151999999999997,27.151999999999997,28.25,28.25,14.975416462356042,detector_event_depth,4.0,1130955.0,4.0,900.0,trade_recovered_3s,0.5,,0.5,
aggregated-tick-v1,AUTO_INFERRED_V1,validated,AG2609|10:37:28.000,20260108,10:37:28.000,,AG,AG2609,49048000,43823,43823,49048000,visible_execution_drop,19036.5,1.4826,5,"AG2604,AG2606,AG2602,AG2605,AG2608",20,136,290.0,19002.0,19021.714285714283,34.5,18.123079347569146,14.785714285717404,7.7670340061027,,,29.651999999999997,23.7216,34.5,34.5,18.123079347569146,detector_event_depth,7.0,1997280.0,7.0,1552.5000000003274,trade_recovered_3s,0.5,,0.5,
aggregated-tick-v1,AUTO_INFERRED_V1,validated,AG2610|22:37:38.500,20260108,22:37:38.500,,AG,AG2610,5858500,11280,11280,5858500,visible_execution_drop,18750.0,2.2239,5,"AG2604,AG2606,AG2602,AG2605,AG2608",20,125,290.0,18730.0,18739.25,20.0,10.666666666666668,10.75,5.733333333333333,,,20.0,25.2216,20.0,20.0,10.666666666666668,detector_event_depth,4.0,1124355.0,4.0,645.0,trade_recovered_3s,1.5,,0.5,
aggregated-tick-v1,AUTO_INFERRED_V1,validated,AG2610|23:24:03.000,20260108,23:24:03.000,,AG,AG2610,8643000,16462,16462,8643000,visible_execution_drop,18783.0,2.9652,5,"AG2604,AG2606,AG2602,AG2605,AG2608",20,123,290.0,18757.0,18779.125,26.0,13.842304211254858,3.875,2.063035723792791,,,24.2216,24.2216,24.0,26.0,13.842304211254858,detector_event_depth,8.0,2253495.0,8.0,465.0,trade_recovered_3s,0.5,,0.5,
aggregated-tick-v1,AUTO_INFERRED_V1,validated,AG2610|14:20:40.500,20260108,14:20:40.500,14:20:41.500,AG,AG2610,62440500,56844,56844,62440500,visible_execution_drop,18365.5,2.2239,5,"AG2604,AG2606,AG2602,AG2605,AG2608",20,158,290.0,18342.0,18342.6,23.5,12.79573112629659,22.900000000001455,12.46903160817917,18358.3,7.200000000000728,22.2216,22.2216,15.25,23.5,12.79573112629659,detector_event_depth,5.0,1375695.0,5.0,1717.5000000001091,trade_recovered_3s,0.5,,0.5,
aggregated-tick-v1,AUTO_INFERRED_V1,validated,AG2612|21:15:18.000,20260108,21:15:18.000,,AG,AG2612,918000,1823,1823,918000,visible_execution_drop,18841.0,2.2239,5,"AG2604,AG2606,AG2602,AG2605,AG2608",20,225,290.0,18800.0,18804.933333333334,41.0,21.76105302266334,36.0666666666657,19.142649894732603,,,31.151999999999997,31.151999999999997,41.0,41.0,21.76105302266334,detector_event_depth,30.0,8462220.0,30.0,16229.999999999563,trade_recovered_3s,1.5,,0.5,
aggregated-tick-v1,AUTO_INFERRED_V1,validated,IC2601|13:45:44.200,20260108,13:45:44.200,,IC,IC2601,60344200,17882,17882,60344200,visible_execution_drop,7899.799999999999,1.3484168448485431e-11,3,"IC2603,IC2606,IC2602",20,257,290.0,7894.6,7897.127272727273,25.999999999994543,6.582445125191662,13.363636363633304,3.383284732178867,,,24.15200000000273,24.651999999941513,21.999999999995907,25.999999999994543,6.582445125191662,detector_event_depth,11.0,17373680.0,11.0,5879.999999998654,trade_recovered_3s,0.5,,0.5,
aggregated-tick-v1,AUTO_INFERRED_V1,validated,IC2603|13:40:47.200,20260108,13:40:47.200,,IC,IC2603,60047200,18651,18651,60047200,visible_execution_drop,7830.7,2.9652000000107868,3,"IC2601,IC2606,IC2602",20,495,290.0,7826.0,7828.011764705882,23.49999999999909,6.002017699566856,13.44117647058738,3.4329437906157505,,,22.22159999997297,20.0,18.49999999999909,23.49999999999909,6.002017699566856,detector_event_depth,17.0,26615240.0,17.0,9139.999999999418,trade_recovered_3s,0.5,,0.5,
aggregated-tick-v1,AUTO_INFERRED_V1,validated,J2605|21:28:03.064,20260108,21:28:03.064,21:28:04.064,J,J2605,1683064,2814,2814,1683064,visible_execution_drop,1787.625,4.07715,3,"J2609,J2602,J2603",20,143,289.507,1777.5,1777.5,20.25,56.63939584644431,20.25,56.63939584644431,1778.0,19.25,20.0,20.0,11.125,20.25,56.63939584644431,detector_event_depth,1.0,177750.0,1.0,1012.5,trade_recovered_3s,1.0,,4.5,
aggregated-tick-v1,AUTO_INFERRED_V1,validated,LC2605|14:07:57.830,20260108,14:07:57.830,,LC,LC2605,61677830,19192,19192,61677830,visible_execution_drop,141130.0,2.2238999999999995,5,"LC2607,LC2609,LC2602,LC2603,LC2606",20,552,289.519,140600.0,141026.66666666666,26.5,37.554028200949475,5.166666666667152,7.321854554902788,,,25.6868,24.156882978720095,26.5,26.5,37.554028200949475,detector_event_depth,15.0,2115400.0,15.0,1550.0000000001455,trade_recovered_3s,0.581,,0.581,
aggregated-tick-v1,AUTO_INFERRED_V1,validated,LC2607|14:41:54.384,20260108,14:41:54.384,,LC,LC2607,63714384,20893,20893,63714384,visible_execution_drop,143710.0,3.7065,5,"LC2605,LC2609,LC2602,LC2603,LC2606",20,433,288.458,142500.0,142903.93530997305,60.5,84.19734186904181,40.30323450134747,56.08967295434899,,,29.151999999999997,31.567099567089528,60.5,60.5,84.19734186904181,detector_event_depth,371.0,53017360.0,371.0,299049.99999999825,trade_recovered_3s,0.526,,0.526,
aggregated-tick-v1,AUTO_INFERRED_V1,validated,LC2609|14:41:54.879,20260108,14:41:54.879,,LC,LC2609,63714879,19239,19239,63714879,visible_execution_drop,145030.0,2.59455,4,"LC2605,LC2602,LC2603,LC2606",20,340,288.067,144400.0,144613.04347826086,31.5,43.43928842308488,20.847826086956776,28.749673980496137,,,28.651999999999997,28.651999999999997,26.5,31.5,43.43928842308488,detector_event_depth,23.0,3326100.0,23.0,9590.000000000116,trade_recovered_3s,0.49,,0.49,
aggregated-tick-v1,AUTO_INFERRED_V1,validated,NI2602|22:42:55.000,20260108,22:42:55.000,22:42:56.000,NI,NI2602,6175000,12350,12350,6175000,interval_execution_drop,145097.5,5.1891,4,"NI2603,NI2605,NI2609,NI2606",20,570,290.0,144890.0,144721.76623376625,20.75,14.30072882027602,37.573376623375225,25.895261202553613,144742.24815724816,35.52518427518371,39.1172,31.330148378190653,29.477446390816475,35.52518427518371,24.483663932999335,detector_event_depth,385.0,55717880.0,385.0,144657.49999999462,trade_recovered_3s,,1.5,0.5,
aggregated-tick-v1,AUTO_INFERRED_V1,validated,NI2602|00:19:25.000,20260108,00:19:25.000,,NI,NI2602,11965000,23930,23930,11965000,visible_execution_drop,143060.0,5.1891,5,"NI2603,NI2605,NI2604,NI2609,NI2606",20,564,290.0,142660.0,142869.11290322582,40.0,27.960296379141617,19.08870967741823,13.34314950190006,,,20.0,20.0,37.531818181817655,40.0,27.960296379141617,detector_event_depth,496.0,70863080.0,496.0,94679.9999999944,trade_recovered_3s,1.0,,1.0,
aggregated-tick-v1,AUTO_INFERRED_V1,validated,NI2602|11:17:17.000,20260108,11:17:17.000,,NI,NI2602,51437000,43477,43477,51437000,visible_execution_drop,140777.5,7.042349999999999,4,"NI2603,NI2604,NI2609,NI2606",20,573,290.0,140540.0,140628.93129770993,23.75,16.870593667311894,14.856870229006743,10.55344087585498,,,20.0,20.0,13.375,23.75,16.870593667311894,detector_event_depth,131.0,18422390.0,131.0,19462.499999998836,trade_recovered_3s,0.5,,0.5,
aggregated-tick-v1,AUTO_INFERRED_V1,validated,NI2602|13:54:41.000,20260108,13:54:41.000,13:54:42.000,NI,NI2602,60881000,47966,47966,60881000,interval_execution_drop,135905.0,1.4826,3,"NI2603,NI2604,NI2609",20,579,290.0,135880.0,135301.00463678516,2.5,1.8395202531179868,60.3995363214839,44.442468136922045,135395.04424778762,50.99557522123796,24.1868,20.22263684210329,60.3995363214839,50.99557522123796,37.5229573755476,detector_event_depth,647.0,87539750.0,647.0,390785.0000000008,trade_recovered_3s,,1.5,0.5,
aggregated-tick-v1,AUTO_INFERRED_V1,validated,NI2603|21:55:09.000,20260108,21:55:09.000,,NI,NI2603,3309000,6618,6618,3309000,visible_execution_drop,147300.0,2.2238999999999995,5,"NI2602,NI2605,NI2604,NI2609,NI2606",20,428,290.0,147100.0,147176.72727272726,20.0,13.577732518669382,12.32727272727352,8.368820588780395,,,20.0,20.0,20.0,20.0,13.577732518669382,detector_event_depth,55.0,8094720.0,55.0,6780.000000000437,trade_recovered_3s,0.5,,0.5,
aggregated-tick-v1,AUTO_INFERRED_V1,validated,NI2603|11:21:29.000,20260108,11:21:29.000,,NI,NI2603,51689000,43981,43981,51689000,visible_execution_drop,141805.0,2.2238999999999995,5,"NI2602,NI2605,NI2604,NI2609,NI2606",20,536,290.0,141530.0,141708.41584158415,27.5,19.392828179542327,9.658415841584793,6.811054505542676,,,24.7216,24.7216,27.5,27.5,19.392828179542327,detector_event_depth,101.0,14312550.0,101.0,9755.00000000064,trade_recovered_3s,0.5,,0.5,
aggregated-tick-v1,AUTO_INFERRED_V1,validated,NI2603|14:09:42.500,20260108,14:09:42.500,14:09:43.500,NI,NI2603,61782500,49769,49769,61782500,visible_execution_drop,134875.0,1.4826,3,"NI2602,NI2605,NI2604",20,516,290.0,134520.0,134654.0,35.5,26.320667284522703,22.1,16.3855421686747,134715.93023255814,15.906976744186249,20.0,20.0,32.17213114754122,35.5,26.320667284522703,detector_event_depth,50.0,6732700.0,50.0,11050.0,trade_recovered_3s,0.5,,0.5,
aggregated-tick-v1,AUTO_INFERRED_V1,validated,NI2603|14:10:13.000,20260108,14:10:13.000,,NI,NI2603,61813000,49830,49830,61813000,visible_execution_drop,134530.0,0.7413,3,"NI2602,NI2605,NI2604",20,492,290.0,134310.0,134320.76923076922,22.0,16.35322976287817,20.92307692307804,15.5527220122486,,,21.113999999999997,21.946854545455174,15.61363636363676,22.0,16.35322976287817,detector_event_depth,26.0,3492340.0,26.0,5440.000000000291,trade_recovered_3s,0.5,,0.5,
aggregated-tick-v1,AUTO_INFERRED_V1,validated,NI2604|14:09:39.000,20260108,14:09:39.000,,NI,NI2604,61779000,49754,49754,61779000,visible_execution_drop,135415.0,5.1891,4,"NI2602,NI2603,NI2605,NI2606",20,404,290.0,135050.0,135192.35294117648,36.5,26.954177897574127,22.264705882352427,16.441831320276503,,,29.151999999999997,26.646114285716955,19.41447368421068,36.5,26.954177897574127,detector_event_depth,102.0,13789620.0,102.0,22709.999999999476,trade_recovered_3s,1.0,,1.0,
aggregated-tick-v1,AUTO_INFERRED_V1,validated,NI2605|22:17:53.500,20260108,22:17:53.500,,NI,NI2605,4673500,9295,9295,4673500,visible_execution_drop,149910.0,1.4826,5,"NI2602,NI2603,NI2604,NI2609,NI2606",20,496,290.0,149660.0,149815.87786259543,25.0,16.67667267026883,9.412213740457082,6.278576306088374,,,20.0,20.0,20.0,25.0,16.67667267026883,detector_event_depth,131.0,19625880.0,131.0,12329.999999998778,trade_recovered_3s,0.5,,0.5,
aggregated-tick-v1,AUTO_INFERRED_V1,validated,NI2606|00:19:43.000,20260108,00:19:43.000,,NI,NI2606,11983000,23953,23953,11983000,visible_execution_drop,143770.0,1.4826,5,"NI2602,NI2603,NI2605,NI2604,NI2609",20,123,290.0,143330.0,143446.25,44.0,30.6044376434583,32.375,22.518606106976424,,,39.5476,30.651999999999997,40.625,44.0,30.6044376434583,detector_event_depth,16.0,2295140.0,16.0,5180.0,trade_recovered_3s,0.5,,0.5,
aggregated-tick-v1,AUTO_INFERRED_V1,validated,NI2606|13:45:26.000,20260108,13:45:26.000,13:45:27.000,NI,NI2606,60325500,46798,46798,60326000,visible_execution_drop,138020.0,4.447799999999999,4,"NI2602,NI2603,NI2605,NI2609",20,237,290.0,137490.0,137490.0,53.0,38.40023185045646,53.0,38.40023185045646,137762.0,25.8,34.8672,31.651999999999997,35.0,53.0,38.40023185045646,detector_event_depth,6.0,824940.0,17.0,3180.0,trade_recovered_3s,0.5,,0.5,
aggregated-tick-v1,AUTO_INFERRED_V1,validated,NI2606|13:45:32.000,20260108,13:45:32.000,,NI,NI2606,60332000,46810,46810,60332000,visible_execution_drop,137895.0,2.9652,5,"NI2602,NI2603,NI2605,NI2604,NI2609",20,246,290.0,137450.0,137648.75,44.5,32.270930780666454,24.625,17.857790347728344,,,33.2596,31.651999999999997,24.5,44.5,32.270930780666454,detector_event_depth,8.0,1101190.0,8.0,1970.0,trade_recovered_3s,0.5,,0.5,
aggregated-tick-v1,AUTO_INFERRED_V1,validated,NI2606|13:45:37.000,20260108,13:45:37.000,13:45:38.000,NI,NI2606,60337000,46820,46820,60337000,visible_execution_drop,137885.0,3.7065,5,"NI2602,NI2603,NI2605,NI2604,NI2609",20,251,290.0,137500.0,137500.0,38.5,27.92181890706023,38.5,27.92181890706023,137731.61290322582,15.338709677418228,38.0824,33.9621333333228,28.0,38.5,27.92181890706023,detector_event_depth,5.0,687500.0,5.0,1925.0,trade_recovered_3s,0.5,,0.5,
aggregated-tick-v1,AUTO_INFERRED_V1,validated,SN2602|21:11:48.000,20260108,21:11:48.000,,SN,SN2602,707500,1416,1416,708500,"visible_execution_drop,interval_execution_drop",352525.0,1.4826,3,"SN2603,SN2604,SN2605",20,481,290.0,352080.0,352317.1875,44.5,12.623218211474365,20.78125,5.8949719878022835,,,40.0128,30.77184000002301,43.617788461537565,44.5,12.623218211474365,detector_event_depth,32.0,11274150.0,264.0,6650.0,trade_recovered_3s,1.0,1.5,1.0,
aggregated-tick-v1,AUTO_INFERRED_V1,validated,SN2602|00:19:49.500,20260108,00:19:49.500,,SN,SN2602,11989500,23979,23979,11989500,visible_execution_drop,353395.0,5.1891,2,"SN2603,SN2604",20,408,290.0,353150.0,353299.375,24.5,6.9327523026641575,9.5625,2.705895669152082,,,20.0,20.0,22.875,24.5,6.9327523026641575,detector_event_depth,16.0,5652790.0,16.0,1530.0,trade_recovered_3s,0.5,,0.5,
aggregated-tick-v1,AUTO_INFERRED_V1,validated,SN2602|00:51:49.500,20260108,00:51:49.500,00:51:50.500,SN,SN2602,13909500,27818,27818,13909500,interval_execution_drop,354720.0,3.33585,4,"SN2603,SN2604,SN2605,SN2606",20,286,290.0,354730.0,354514.40476190473,-1.0,-0.2819124943617501,20.55952380952658,5.795986640033429,354503.1632653061,21.683673469390488,20.5064,20.0,20.18452380952658,21.683673469390488,6.112898474681576,detector_event_depth,84.0,29779210.0,84.0,17270.00000000233,trade_recovered_3s,,1.5,1.0,
aggregated-tick-v1,AUTO_INFERRED_V1,validated,SN2602|09:54:50.000,20260108,09:54:50.000,,SN,SN2602,46490000,35380,35380,46490000,visible_execution_drop,355845.0,7.412999999999999,5,"SN2603,SN2604,SN2605,SN2606,SN2601",20,487,290.0,355500.0,355720.8695652174,34.5,9.695232474813473,12.41304347825935,3.488328760628743,,,28.651999999999997,23.87666666664559,31.5,34.5,9.695232474813473,detector_event_depth,69.0,24544740.0,69.0,8564.999999998952,trade_recovered_3s,0.5,,0.5,
aggregated-tick-v1,AUTO_INFERRED_V1,validated,SN2603|21:09:52.000,20260108,21:09:52.000,21:09:53.000,SN,SN2603,592000,1184,1184,592000,interval_execution_drop,354207.5,1.85325,3,"SN2602,SN2605,SN2601",20,479,290.0,353920.0,353638.3962264151,28.75,8.116711249761792,56.91037735848804,16.06696000465491,353758.1818181818,44.931818181817654,48.477999999999994,41.55920000002301,54.35482180293184,44.931818181817654,12.68516849073429,detector_event_depth,106.0,37485670.0,106.0,60324.99999999732,trade_recovered_3s,,1.5,0.5,
aggregated-tick-v1,AUTO_INFERRED_V1,validated,AG2602|00:32:19.000,20260109,00:32:19.000,,AG,AG2602,12739000,24896,24896,12739000,visible_execution_drop,18427.5,1.11195,4,"AG2604,AG2606,AG2605,AG2608",20,167,289.0,18406.0,18406.0,21.5,11.667345000678337,21.5,11.667345000678337,,,20.7216,22.91599999997534,15.5,21.5,11.667345000678337,detector_event_depth,1.0,276090.0,1.0,322.5,trade_recovered_3s,0.5,,0.5,
aggregated-tick-v1,AUTO_INFERRED_V1,validated,AG2603|14:36:19.500,20260109,14:36:19.500,,AG,AG2603,63379500,59766,59766,63379500,visible_execution_drop,18741.0,2.2239,5,"AG2604,AG2606,AG2605,AG2602,AG2608",20,171,290.0,18711.0,18729.75,30.0,16.007683688170324,11.25,6.002881383063871,,,29.151999999999997,29.151999999999997,30.0,30.0,16.007683688170324,detector_event_depth,4.0,1123785.0,4.0,675.0,trade_recovered_3s,0.5,,0.5,
aggregated-tick-v1,AUTO_INFERRED_V1,validated,AG2604|09:08:29.500,20260109,09:08:29.500,09:08:30.500,AG,AG2604,43709500,40604,40604,43709500,interval_execution_drop,18270.0,3.7065,3,"AG2606,AG2605,AG2602",20,580,290.0,18240.0,18243.240075614365,30.0,16.420361247947454,26.759924385634804,14.64692084599606,18237.128755364807,32.87124463519285,30.651999999999997,23.86577931035653,22.645408256603332,32.87124463519285,17.99192371931738,detector_event_depth,529.0,144760110.0,529.0,212340.00000001217,trade_recovered_3s,,1.5,1.0,
aggregated-tick-v1,AUTO_INFERRED_V1,validated,AG2605|22:16:04.000,20260109,22:16:04.000,,AG,AG2605,4564000,9122,9122,4564000,visible_execution_drop,17824.5,3.7065,5,"AG2604,AG2606,AG2602,AG2608,AG2603",20,495,290.0,17785.0,17809.234375,39.5,22.16050941120368,15.265625,8.56440573368117,,,29.651999999999997,26.6868,39.5,39.5,22.16050941120368,detector_event_depth,64.0,17096865.0,64.0,14655.0,trade_recovered_3s,0.5,,0.5,
aggregated-tick-v1,AUTO_INFERRED_V1,validated,AG2605|23:15:02.500,20260109,23:15:02.500,,AG,AG2605,8102500,16188,16188,8102500,visible_execution_drop,18118.5,0.0,5,"AG2604,AG2606,AG2602,AG2608,AG2603",20,496,290.0,18092.0,18103.451612903224,26.5,14.6259348180037,15.048387096776423,8.305536935605279,,,20.0,20.0,25.75,26.5,14.6259348180037,detector_event_depth,31.0,8418105.0,31.0,6997.500000001037,trade_recovered_3s,0.5,,0.5,
aggregated-tick-v1,AUTO_INFERRED_V1,validated,AG2605|23:54:38.000,20260109,23:54:38.000,,AG,AG2605,10478000,20913,20913,10478000,visible_execution_drop,18280.0,6.6716999999999995,5,"AG2604,AG2606,AG2602,AG2608,AG2603",20,432,290.0,18249.0,18266.76271186441,31.0,16.95842450765864,13.23728813559137,7.241404888179086,,,21.2564,20.0,30.321428571427532,31.0,16.95842450765864,detector_event_depth,59.0,16166085.0,59.0,11714.999999998365,trade_recovered_3s,0.5,,0.5,
aggregated-tick-v1,AUTO_INFERRED_V1,validated,AG2605|01:17:35.500,20260109,01:17:35.500,,AG,AG2605,15455500,30760,30760,15455500,visible_execution_drop,18395.25,1.4826,4,"AG2604,AG2606,AG2608,AG2603",20,284,290.0,18354.0,18374.844827586207,41.25,22.42426713417866,20.40517241379348,11.092631203051592,,,20.0,20.504693506487214,37.0,41.25,22.42426713417866,detector_event_depth,58.0,15986115.0,58.0,17752.500000000327,trade_recovered_3s,0.5,,0.5,
aggregated-tick-v1,AUTO_INFERRED_V1,validated,AG2606|22:33:47.500,20260109,22:33:47.500,,AG,AG2606,5627500,11249,11249,5627500,visible_execution_drop,17828.25,2.59455,4,"AG2604,AG2605,AG2602,AG2608",20,539,290.0,17800.0,17813.09523809524,28.25,15.845638242676651,15.154761904759653,8.500420346786507,,,24.2216,20.0,28.25,28.25,15.845638242676651,detector_event_depth,42.0,11222250.0,42.0,9547.49999999858,trade_recovered_3s,0.5,,0.5,
aggregated-tick-v1,AUTO_INFERRED_V1,validated,AG2606|10:36:24.000,20260109,10:36:24.000,,AG,AG2606,48984000,49167,49167,48984000,visible_execution_drop,18756.5,2.9652,5,"AG2604,AG2605,AG2602,AG2608,AG2603",20,526,290.0,18724.0,18742.575757575756,32.5,17.32732652680404,13.924242424243856,7.423689080715409,,,20.0,20.0,31.25,32.5,17.32732652680404,detector_event_depth,33.0,9277575.0,33.0,6892.500000000709,trade_recovered_3s,0.5,,0.5,
aggregated-tick-v1,AUTO_INFERRED_V1,validated,AG2608|22:25:14.000,20260109,22:25:14.000,,AG,AG2608,5114000,10153,10153,5114000,visible_execution_drop,17886.0,1.85325,4,"AG2604,AG2606,AG2602,AG2603",20,287,290.0,17863.0,17873.5,23.0,12.85921950128592,12.5,6.988706250698871,,,20.0,20.0,22.625,23.0,12.85921950128592,detector_event_depth,10.0,2681025.0,10.0,1875.0,trade_recovered_3s,0.5,,0.5,
aggregated-tick-v1,AUTO_INFERRED_V1,validated,AG2608|09:08:31.000,20260109,09:08:31.000,09:08:32.000,AG,AG2608,43711000,39528,39528,43711000,interval_execution_drop,18206.0,2.9652,5,"AG2604,AG2606,AG2605,AG2602,AG2603",20,463,290.0,18201.0,18159.894736842103,5.0,2.7463473580138418,46.10526315789684,25.32421353284458,18171.83225806452,34.1677419354819,23.9368,23.3937600000079,45.60526315789684,34.1677419354819,18.76729755876189,detector_event_depth,114.0,31053420.0,114.0,78840.00000000361,trade_recovered_3s,,1.5,0.5,
aggregated-tick-v1,AUTO_INFERRED_V1,validated,LC2607|14:48:06.958,20260109,14:48:06.958,,LC,LC2607,64086958,21230,21230,64086958,visible_execution_drop,144280.0,2.9652,5,"LC2605,LC2609,LC2602,LC2603,LC2606",20,250,289.151,143720.0,143987.65432098764,28.0,38.8134183532021,14.617283950618004,20.26238418438869,,,23.2216,22.39365454544894,17.75,28.0,38.8134183532021,detector_event_depth,81.0,11663000.0,81.0,23680.000000001164,trade_recovered_3s,0.476,,0.476,
aggregated-tick-v1,AUTO_INFERRED_V1,validated,LC2609|13:43:07.954,20260109,13:43:07.954,,LC,LC2609,60187954,13569,13569,60187954,visible_execution_drop,144910.0,2.2238999999999995,4,"LC2605,LC2607,LC2602,LC2606",20,160,289.0,144420.0,144662.5,24.5,33.81409150507211,12.375,17.079566627561935,,,20.0,20.7437333333307,24.5,24.5,33.81409150507211,detector_event_depth,64.0,9258400.0,64.0,15840.0,trade_recovered_3s,0.419,,0.419,
aggregated-tick-v1,AUTO_INFERRED_V1,validated,NI2603|22:20:39.500,20260109,22:20:39.500,,NI,NI2603,4839500,9673,9673,4839500,visible_execution_drop,134360.0,5.1891,5,"NI2602,NI2605,NI2604,NI2609,NI2606",20,520,290.0,134120.0,134281.0606060606,24.0,17.862459065197974,7.893939393939218,5.875215386974708,,,20.0,20.0,24.0,24.0,17.862459065197974,detector_event_depth,66.0,8862550.0,66.0,5209.999999999884,trade_recovered_3s,0.5,,0.5,
aggregated-tick-v1,AUTO_INFERRED_V1,validated,NI2603|11:09:45.000,20260109,11:09:45.000,11:09:46.000,NI,NI2603,50985000,41610,41610,50985000,interval_execution_drop,137295.0,2.59455,4,"NI2602,NI2605,NI2604,NI2606",20,543,290.0,137300.0,137041.74107142858,-0.5,-0.3641793218981026,25.325892857142023,18.44633297435597,137067.859922179,22.714007782100815,21.7564,20.0,25.325892857142023,22.714007782100815,16.5439439033474,detector_event_depth,224.0,30697350.0,224.0,56729.99999999814,trade_recovered_3s,,1.5,0.5,
aggregated-tick-v1,AUTO_INFERRED_V1,validated,NI2604|21:32:18.500,20260109,21:32:18.500,,NI,NI2604,1938500,3867,3867,1938500,visible_execution_drop,136520.0,2.2238999999999995,5,"NI2602,NI2603,NI2605,NI2609,NI2606",20,178,290.0,136300.0,136325.7142857143,22.0,16.114854966305302,19.42857142857101,14.23130048972386,,,20.0,20.0,17.5,22.0,16.114854966305302,detector_event_depth,7.0,954280.0,7.0,1359.999999999971,trade_recovered_3s,0.5,,0.5,
aggregated-tick-v1,AUTO_INFERRED_V1,validated,NI2604|10:54:45.000,20260109,10:54:45.000,,NI,NI2604,50085000,38613,38613,50085000,visible_execution_drop,138660.0,2.59455,4,"NI2603,NI2605,NI2609,NI2606",20,132,290.0,138390.0,138431.11111111112,27.0,19.472090004327132,22.888888888887596,16.507203871980092,,,25.5792,22.8165333333386,27.0,27.0,19.472090004327132,detector_event_depth,18.0,2491760.0,18.0,4119.999999999767,trade_recovered_3s,0.5,,0.5,
aggregated-tick-v1,AUTO_INFERRED_V1,validated,NI2605|23:45:48.000,20260109,23:45:48.000,,NI,NI2605,9948000,19640,19640,9948000,visible_execution_drop,137190.0,1.4826,5,"NI2602,NI2603,NI2604,NI2609,NI2606",20,247,290.0,136990.0,137043.33333333334,20.0,14.578322035133755,14.666666666665696,10.690769492430714,,,20.0,20.0,20.0,20.0,14.578322035133755,detector_event_depth,15.0,2055650.0,15.0,2199.9999999998545,trade_recovered_3s,0.5,,0.5,
aggregated-tick-v1,AUTO_INFERRED_V1,validated,NI2609|21:51:37.500,20260109,21:51:37.500,21:51:38.500,NI,NI2609,3097500,5813,5813,3097500,visible_execution_drop,137210.0,3.7065,5,"NI2602,NI2603,NI2605,NI2604,NI2606",20,175,290.0,136780.0,136878.0,43.0,31.33882370089643,33.2,24.19648713650609,136942.14285714287,26.78571428571304,21.7216,27.651999999999997,43.0,43.0,31.33882370089643,detector_event_depth,10.0,1368780.0,10.0,3320.0,trade_recovered_3s,0.5,,0.5,
aggregated-tick-v1,AUTO_INFERRED_V1,validated,SN2602|21:30:31.000,20260109,21:30:31.000,,SN,SN2602,1831000,3662,3662,1831000,visible_execution_drop,348200.0,3.7065,5,"SN2603,SN2604,SN2605,SN2606,SN2607",20,537,290.0,347800.0,348006.724137931,40.0,11.487650775416428,19.32758620689856,5.550714016915152,,,32.3672,27.756611764685577,35.961538461537565,40.0,11.487650775416428,detector_event_depth,58.0,20184390.0,58.0,11210.000000001164,trade_recovered_3s,0.5,,0.5,
aggregated-tick-v1,AUTO_INFERRED_V1,validated,SN2602|21:33:27.500,20260109,21:33:27.500,21:33:28.500,SN,SN2602,2007500,4015,4015,2007500,interval_execution_drop,348632.5,4.07715,4,"SN2604,SN2605,SN2606,SN2607",20,542,290.0,348620.0,348290.3614457831,1.25,0.3585437387506902,34.21385542168864,9.813730911974256,348308.82352941175,32.36764705882524,32.3672,26.97751999998849,34.21385542168864,32.36764705882524,9.284173752827186,detector_event_depth,83.0,28908100.0,83.0,28397.50000000157,trade_recovered_3s,,1.5,0.5,
aggregated-tick-v1,AUTO_INFERRED_V1,validated,SN2602|21:54:57.000,20260109,21:54:57.000,,SN,SN2602,3297000,6592,6592,3297000,visible_execution_drop,347540.0,6.6716999999999995,5,"SN2603,SN2604,SN2605,SN2606,SN2607",20,523,290.0,347220.0,347382.6666666667,32.0,9.207573228980838,15.733333333331393,4.527056837581687,,,29.151999999999997,25.19840000002301,30.5,32.0,9.207573228980838,detector_event_depth,30.0,10421480.0,30.0,4719.999999999418,trade_recovered_3s,0.5,,0.5,
aggregated-tick-v1,AUTO_INFERRED_V1,validated,SN2602|22:04:53.000,20260109,22:04:53.000,,SN,SN2602,3893000,7784,7784,3893500,visible_execution_drop,346845.0,1.4826,5,"SN2603,SN2604,SN2605,SN2606,SN2607",20,524,290.0,346490.0,346683.3944954128,35.5,10.23511943375283,16.160550458717626,4.6593003960609565,,,26.3118,23.76216769230635,28.66071428571304,35.5,10.23511943375283,detector_event_depth,109.0,37788490.0,176.0,17615.000000002212,trade_recovered_3s,0.5,,0.5,
aggregated-tick-v1,AUTO_INFERRED_V1,validated,SN2602|23:54:34.500,20260109,23:54:34.500,,SN,SN2602,10474500,20852,20852,10474500,visible_execution_drop,346030.0,2.59455,4,"SN2603,SN2604,SN2606,SN2607",20,336,290.0,345660.0,345811.6666666667,37.0,10.69271450452273,21.833333333331392,6.30966486528087,,,30.651999999999997,25.40768,29.125,37.0,10.69271450452273,detector_event_depth,24.0,8299480.0,24.0,5239.999999999534,trade_recovered_3s,1.0,,1.0,
aggregated-tick-v1,AUTO_INFERRED_V1,validated,SN2602|09:17:08.500,20260109,09:17:08.500,,SN,SN2602,44228500,30034,30034,44228500,visible_execution_drop,346875.0,6.6716999999999995,5,"SN2603,SN2604,SN2605,SN2606,SN2607",20,462,290.0,346360.0,346580.7894736842,51.5,14.846846846846846,29.42105263157864,8.481744902797447,,,49.9432,41.0476,45.25,51.5,14.846846846846846,detector_event_depth,38.0,13170070.0,38.0,11179.999999999884,trade_recovered_3s,0.5,,0.5,
aggregated-tick-v1,AUTO_INFERRED_V1,validated,SN2602|11:12:07.500,20260109,11:12:07.500,,SN,SN2602,51127500,42020,42020,51127500,visible_execution_drop,352770.0,7.412999999999999,5,"SN2603,SN2604,SN2605,SN2606,SN2607",20,479,290.0,352200.0,352507.2549019608,57.0,16.1578365507271,26.27450980392168,7.448056751969182,,,40.5128,31.48618666664559,53.2,57.0,16.1578365507271,detector_event_depth,51.0,17977870.0,51.0,13400.000000000058,trade_recovered_3s,0.5,,0.5,
aggregated-tick-v1,AUTO_INFERRED_V1,validated,SN2602|14:21:01.500,20260109,14:21:01.500,,SN,SN2602,62461500,50265,50265,62461500,visible_execution_drop,352740.0,8.1543,5,"SN2603,SN2604,SN2605,SN2606,SN2607",20,434,290.0,352290.0,352547.4698795181,45.0,12.757271644837555,19.25301204819116,5.458131215113443,,,28.651999999999997,25.9368,44.2,45.0,12.757271644837555,detector_event_depth,83.0,29261440.0,83.0,15979.99999999866,trade_recovered_3s,0.5,,0.5,
aggregated-tick-v1,AUTO_INFERRED_V1,validated,SN2602|14:50:51.500,20260109,14:50:51.500,,SN,SN2602,64251500,53811,53811,64251500,visible_execution_drop,353652.5,4.07715,4,"SN2604,SN2605,SN2606,SN2607",20,475,290.0,353300.0,353438.8,35.25,9.967411512713753,21.370000000001163,6.0426548660058,,,25.9368,24.69840000002301,33.60714285714202,35.25,9.967411512713753,detector_event_depth,50.0,17671940.0,50.0,10685.000000000582,trade_recovered_3s,0.5,,0.5,
aggregated-tick-v1,AUTO_INFERRED_V1,validated,SN2603|13:55:20.000,20260109,13:55:20.000,,SN,SN2603,60920000,47377,47377,60920000,visible_execution_drop,352955.0,3.7065,5,"SN2602,SN2604,SN2605,SN2606,SN2607",20,262,290.0,352450.0,352657.3333333333,50.5,14.307772945559632,29.76666666666861,8.433558574511936,,,43.7976,45.530199999999994,50.375,50.5,14.307772945559632,detector_event_depth,15.0,5289860.0,15.0,4465.000000000291,trade_recovered_3s,0.5,,0.5,
aggregated-tick-v1,AUTO_INFERRED_V1,validated,SN2603|14:08:36.500,20260109,14:08:36.500,,SN,SN2603,61716500,48957,48957,61716500,visible_execution_drop,354650.0,9.6369,5,"SN2602,SN2604,SN2605,SN2606,SN2607",20,211,290.0,354110.0,354460.5263157895,54.0,15.22627943042436,18.947368421050488,5.342554186113207,,,48.9432,46.966399999976986,54.0,54.0,15.22627943042436,detector_event_depth,19.0,6734750.0,19.0,3599.9999999995925,quote_only_recovered_3s,5.5,,0.5,
aggregated-tick-v1,AUTO_INFERRED_V1,validated,AG2602|21:34:26.000,20260112,21:34:26.000,21:34:27.000,AG,AG2602,2066000,4107,4107,2066000,visible_execution_drop,19227.5,2.9652,5,"AG2604,AG2606,AG2605,AG2608,AG2603",20,540,290.0,19174.0,19193.564356435647,53.5,27.824730204134703,33.935643564353086,17.649535074426257,19203.72549019608,23.7745098039195,40.0128,31.911703349288388,53.5,53.5,27.824730204134703,detector_event_depth,101.0,29078250.0,101.0,51412.49999999492,trade_recovered_3s,0.5,,0.5,
aggregated-tick-v1,AUTO_INFERRED_V1,validated,AG2602|01:03:28.500,20260112,01:03:28.500,,AG,AG2602,14608500,28178,28178,14608500,visible_execution_drop,19544.5,2.9652,3,"AG2605,AG2608,AG2603",20,248,290.0,19510.0,19525.277777777777,34.5,17.65202486633068,19.222222222222623,9.835105642110376,,,24.151999999999997,24.151999999999997,29.375,34.5,17.65202486633068,detector_event_depth,18.0,5271825.0,18.0,5190.000000000109,trade_recovered_3s,0.5,,0.5,
aggregated-tick-v1,AUTO_INFERRED_V1,validated,AG2603|21:24:25.500,20260112,21:24:25.500,,AG,AG2603,1465500,2923,2923,1465500,visible_execution_drop,19000.5,1.11195,4,"AG2604,AG2606,AG2605,AG2602",20,200,290.0,18957.0,18973.25,43.5,22.894134364885133,27.25,14.341727849267125,,,22.2216,22.2216,43.5,43.5,22.894134364885133,detector_event_depth,20.0,5691975.0,20.0,8175.0,trade_recovered_3s,1.0,,0.5,
aggregated-tick-v1,AUTO_INFERRED_V1,validated,AG2603|22:30:42.500,20260112,22:30:42.500,,AG,AG2603,5442500,10806,10806,5443000,visible_execution_drop,19178.5,2.2239,5,"AG2604,AG2606,AG2605,AG2602,AG2608",20,105,290.0,19151.0,19174.5,27.5,14.338973329509608,4.0,2.08566884792867,,,20.0,23.7216,27.5,27.5,14.338973329509608,detector_event_depth,8.0,2300940.0,9.0,480.0,trade_recovered_3s,1.5,,0.5,
aggregated-tick-v1,AUTO_INFERRED_V1,validated,AG2604|21:51:39.500,20260112,21:51:39.500,,AG,AG2604,3099500,6199,6199,3099500,visible_execution_drop,19155.0,1.4826,5,"AG2606,AG2605,AG2602,AG2608,AG2603",20,576,290.0,19130.0,19142.35885167464,25.0,13.051422605063951,12.64114832535779,6.599398760301639,,,20.0,20.0,23.004385964912217,25.0,13.051422605063951,detector_event_depth,209.0,60011295.0,209.0,39629.99999999667,trade_recovered_3s,0.5,,0.5,
aggregated-tick-v1,AUTO_INFERRED_V1,validated,AG2604|23:38:08.000,20260112,23:38:08.000,,AG,AG2604,9488000,18976,18976,9488000,visible_execution_drop,19503.5,4.4478,5,"AG2606,AG2605,AG2602,AG2608,AG2603",20,574,290.0,19480.0,19495.86764705882,23.5,12.049119388827648,7.632352941178397,3.913324757699078,,,21.7216,20.0,23.13815789473665,23.5,12.049119388827648,detector_event_depth,68.0,19885785.0,68.0,7785.0000000019645,trade_recovered_3s,0.5,,0.5,
aggregated-tick-v1,AUTO_INFERRED_V1,validated,AG2606|23:39:27.500,20260112,23:39:27.500,23:39:28.500,AG,AG2606,9567500,19126,19126,9567500,interval_execution_drop,19492.5,7.412999999999999,5,"AG2604,AG2605,AG2602,AG2608,AG2603",20,495,290.0,19487.0,19459.203791469197,5.5,2.821598050532256,33.29620853080269,17.081548560114243,19463.02380952381,29.476190476190823,20.0,20.0,29.296208530802687,29.476190476190823,15.121811197224996,detector_event_depth,211.0,61588380.0,211.0,105382.49999999053,trade_recovered_3s,,1.5,0.5,
aggregated-tick-v1,AUTO_INFERRED_V1,validated,AG2606|01:03:17.500,20260112,01:03:17.500,,AG,AG2606,14597500,29138,29138,14597500,visible_execution_drop,19531.0,8.1543,5,"AG2604,AG2605,AG2602,AG2608,AG2603",20,394,290.0,19510.0,19517.102564102563,21.0,10.75213762736163,13.89743589743739,7.1155782588896574,,,20.0,20.0,19.0,21.0,10.75213762736163,detector_event_depth,39.0,11417505.0,39.0,8130.000000000873,trade_recovered_3s,0.5,,0.5,
aggregated-tick-v1,AUTO_INFERRED_V1,validated,AG2606|01:28:11.500,20260112,01:28:11.500,01:28:12.500,AG,AG2606,16091500,32115,32115,16091500,"visible_execution_drop,interval_execution_drop",19460.0,0.7413,5,"AG2604,AG2605,AG2602,AG2608,AG2603",20,498,290.0,19412.0,19432.57281553398,48.0,24.665981500513876,27.427184466021572,14.09413384687645,19436.669014084506,23.33098591549424,20.0,20.0,48.0,48.0,24.665981500513876,detector_event_depth,103.0,30023325.0,103.0,42375.00000000333,trade_recovered_3s,0.5,1.5,0.5,
aggregated-tick-v1,AUTO_INFERRED_V1,validated,AG2606|01:28:47.500,20260112,01:28:47.500,01:28:48.500,AG,AG2606,16127500,32185,32185,16127500,visible_execution_drop,19461.0,2.2239,5,"AG2604,AG2605,AG2602,AG2608,AG2603",20,482,290.0,19424.0,19438.68,37.0,19.012383741842665,22.31999999999971,11.469092030214126,19441.95588235294,19.044117647059466,20.0,20.0,35.0,37.0,19.012383741842665,detector_event_depth,50.0,14579010.0,50.0,16739.99999999978,trade_recovered_3s,0.5,,0.5,
aggregated-tick-v1,AUTO_INFERRED_V1,validated,AG2608|22:22:56.500,20260112,22:22:56.500,,AG,AG2608,4976500,9930,9930,4976500,visible_execution_drop,19210.5,2.2239,5,"AG2604,AG2606,AG2605,AG2602,AG2603",20,379,290.0,19190.0,19195.4,20.5,10.671247494859582,15.099999999998545,7.860284740115325,,,20.0,20.0,17.4090909090919,20.5,10.671247494859582,detector_event_depth,10.0,2879310.0,10.0,2264.9999999997817,trade_recovered_3s,0.5,,0.5,
aggregated-tick-v1,AUTO_INFERRED_V1,validated,AG2608|23:50:38.500,20260112,23:50:38.500,,AG,AG2608,10238500,20341,20341,10238500,visible_execution_drop,19544.5,2.2239,5,"AG2604,AG2606,AG2605,AG2602,AG2603",20,318,290.0,19521.0,19534.043478260868,23.5,12.023843024891914,10.456521739131858,5.350109616071968,,,20.0,20.0,21.16666666666606,23.5,12.023843024891914,detector_event_depth,23.0,6739245.0,23.0,3607.500000000491,trade_recovered_3s,0.5,,0.5,
aggregated-tick-v1,AUTO_INFERRED_V1,validated,AG2609|21:24:28.000,20260112,21:24:28.000,,AG,AG2609,1468000,2932,2932,1468000,visible_execution_drop,18967.0,2.2239,5,"AG2604,AG2606,AG2605,AG2602,AG2608",20,121,290.0,18934.0,18934.0,33.0,17.398639742711026,33.0,17.398639742711026,,,30.651999999999997,30.651999999999997,32.0,33.0,17.398639742711026,detector_event_depth,1.0,284010.0,1.0,495.0,trade_recovered_3s,0.5,,0.5,
aggregated-tick-v1,AUTO_INFERRED_V1,validated,AG2609|00:16:31.000,20260112,00:16:31.000,,AG,AG2609,11791000,23376,23376,11791000,visible_execution_drop,19481.5,2.9652,5,"AG2604,AG2606,AG2605,AG2602,AG2608",20,123,290.0,19455.0,19478.8,26.5,13.602648666683775,2.7000000000007276,1.3859302415115506,,,22.7216,22.7216,26.5,26.5,13.602648666683775,detector_event_depth,10.0,2921820.0,10.0,405.00000000010914,trade_recovered_3s,0.5,,0.5,
aggregated-tick-v1,AUTO_INFERRED_V1,validated,AG2610|10:03:32.000,20260112,10:03:32.000,,AG,AG2610,47012000,45947,45947,47012500,visible_execution_drop,20234.75,3.7065,4,"AG2604,AG2606,AG2605,AG2608",20,166,290.0,20204.0,20210.777777777777,30.75,15.19662956053324,23.972222222222623,11.847056287931714,,,26.9368,23.7216,28.035714285717404,30.75,15.19662956053324,detector_event_depth,9.0,2728455.0,10.0,3236.2500000000546,trade_recovered_3s,1.5,,0.5,
aggregated-tick-v1,AUTO_INFERRED_V1,validated,NI2602|00:06:09.000,20260112,00:06:09.000,,NI,NI2602,11169000,22338,22338,11169000,visible_execution_drop,140470.0,4.447799999999999,2,"NI2605,NI2609",20,556,290.0,140200.0,140314.68634686343,27.0,19.22118601836691,15.531365313654533,11.056713400480197,,,20.0,20.0,25.72826086956484,27.0,19.22118601836691,detector_event_depth,271.0,38025280.0,271.0,42090.00000000378,trade_recovered_3s,0.5,,1.0,
aggregated-tick-v1,AUTO_INFERRED_V1,validated,NI2603|00:07:20.000,20260112,00:07:20.000,00:07:21.000,NI,NI2603,11240000,22037,22037,11240500,"visible_execution_drop,interval_execution_drop",140052.5,1.4826,4,"NI2605,NI2604,NI2609,NI2606",20,308,290.0,139500.0,139776.08843537414,55.25,39.44949215472769,27.641156462585787,19.73628208178061,139814.46909667194,23.80309033280646,20.0,20.0,53.416666666667155,55.25,39.44949215472769,detector_event_depth,294.0,41094170.0,579.0,81265.00000000221,trade_recovered_3s,1.0,1.5,1.0,
aggregated-tick-v1,AUTO_INFERRED_V1,validated,NI2603|10:03:59.500,20260112,10:03:59.500,,NI,NI2603,47039500,35519,35519,47039500,visible_execution_drop,141965.0,0.7413,5,"NI2602,NI2605,NI2604,NI2609,NI2606",20,484,290.0,141720.0,141848.0,24.5,17.257774803648786,11.7,8.241467967456767,,,20.0,20.0,22.16666666666715,24.5,17.257774803648786,detector_event_depth,25.0,3546200.0,25.0,2925.0,trade_recovered_3s,0.5,,0.5,
aggregated-tick-v1,AUTO_INFERRED_V1,validated,NI2603|11:10:06.500,20260112,11:10:06.500,,NI,NI2603,51006500,41502,41502,51006500,visible_execution_drop,142170.0,2.9652,5,"NI2602,NI2605,NI2604,NI2609,NI2606",20,291,290.0,141860.0,142023.94736842104,31.0,21.80488147991841,14.605263157896117,10.273097810998182,,,20.0,20.0,31.0,31.0,21.80488147991841,detector_event_depth,76.0,10793820.0,76.0,11100.000000001048,trade_recovered_3s,0.5,,0.5,
aggregated-tick-v1,AUTO_INFERRED_V1,validated,NI2605|21:36:28.000,20260112,21:36:28.000,,NI,NI2605,2188000,4375,4375,2188000,visible_execution_drop,141410.0,2.2238999999999995,5,"NI2602,NI2603,NI2604,NI2609,NI2606",20,537,290.0,141120.0,141246.8,29.0,20.507743441057915,16.320000000001166,11.5409094123479,,,24.7216,20.0,22.0,29.0,20.507743441057915,detector_event_depth,25.0,3531170.0,25.0,4080.000000000291,trade_recovered_3s,0.5,,0.5,
aggregated-tick-v1,AUTO_INFERRED_V1,validated,NI2606|09:08:05.000,20260112,09:08:05.000,09:08:06.000,NI,NI2606,43685000,24389,24389,43685000,"visible_execution_drop,interval_execution_drop",143640.0,2.2238999999999995,5,"NI2602,NI2603,NI2605,NI2604,NI2609",20,339,290.0,143000.0,143237.25,64.0,44.55583402951824,40.275,28.03884711779449,143262.32558139536,37.76744186046417,31.0824,31.0824,62.5,64.0,44.55583402951824,detector_event_depth,40.0,5729490.0,40.0,16110.0,trade_recovered_3s,0.5,1.5,0.5,
aggregated-tick-v1,AUTO_INFERRED_V1,validated,NI2606|13:37:35.500,20260112,13:37:35.500,,NI,NI2606,59855500,38187,38187,59855500,visible_execution_drop,143630.0,2.9652,5,"NI2602,NI2603,NI2605,NI2604,NI2609",20,162,290.0,143320.0,143478.0,31.0,21.583234700271532,15.2,10.58274733690733,,,23.1868,26.151999999999997,31.0,31.0,21.583234700271532,detector_event_depth,10.0,1434780.0,10.0,1520.0,trade_recovered_3s,2.0,,0.5,
aggregated-tick-v1,AUTO_INFERRED_V1,validated,SN2602|22:32:28.500,20260112,22:32:28.500,,SN,SN2602,5548500,11090,11090,5548500,visible_execution_drop,357625.0,4.447799999999999,5,"SN2603,SN2604,SN2605,SN2606,SN2608",20,499,290.0,357200.0,357340.95238095237,42.5,11.88395665851101,28.40476190476329,7.94261080874192,,,41.0128,41.0128,35.753571428571014,42.5,11.88395665851101,detector_event_depth,21.0,7504160.0,21.0,5965.000000000291,trade_recovered_3s,0.5,,0.5,
aggregated-tick-v1,AUTO_INFERRED_V1,validated,SN2602|00:01:58.000,20260112,00:01:58.000,,SN,SN2602,10918000,21785,21785,10918000,visible_execution_drop,361521.25,4.447799999999999,4,"SN2604,SN2605,SN2606,SN2608",20,440,290.0,361130.0,361324.7368421053,39.125,10.822323722326145,19.651315789471845,5.4357291001488415,,,32.3672,27.341866666645597,35.6875,39.125,10.822323722326145,detector_event_depth,19.0,6865170.0,19.0,3733.749999999651,trade_recovered_3s,0.5,,0.5,
aggregated-tick-v1,AUTO_INFERRED_V1,validated,SN2602|00:29:48.000,20260112,00:29:48.000,,SN,SN2602,12588000,25085,25085,12588000,visible_execution_drop,359425.0,0.7413,3,"SN2603,SN2606,SN2608",20,411,290.0,359110.0,359257.82608695654,31.5,8.763998052444878,16.717391304345803,4.651148724864937,,,28.401999999999997,25.779839999999997,20.75,31.5,8.763998052444878,detector_event_depth,23.0,8262930.0,23.0,3844.9999999995343,trade_recovered_3s,0.5,,0.5,
aggregated-tick-v1,AUTO_INFERRED_V1,validated,SN2602|10:39:02.000,20260112,10:39:02.000,10:39:03.000,SN,SN2602,49142000,38474,38474,49142500,"visible_execution_drop,interval_execution_drop",374115.0,1.4826,5,"SN2603,SN2604,SN2605,SN2606,SN2608",20,526,290.0,373550.0,373802.1428571429,56.5,15.10230811381527,31.285714285715947,8.362592862011935,373767.4324324324,34.75675675675738,35.44,30.687005194804208,55.0,56.5,15.10230811381527,detector_event_depth,56.0,20932920.0,71.0,17520.00000000093,trade_recovered_3s,0.5,1.5,0.5,
aggregated-tick-v1,AUTO_INFERRED_V1,validated,AD2603|22:03:33.500,20260113,22:03:33.500,,AD,AD2603,3813500,7626,7626,3813500,visible_execution_drop,23390.0,6.6716999999999995,5,"AD2602,AD2605,AD2604,AD2610,AD2608",20,214,290.0,23225.0,23298.235294117647,33.0,70.5429670799487,18.35294117647063,39.23245227975765,,,23.9004,23.2216,32.75,33.0,70.5429670799487,detector_event_depth,17.0,3960700.0,17.0,15600.000000000036,trade_recovered_3s,0.5,,0.5,
aggregated-tick-v1,AUTO_INFERRED_V1,validated,AG2602|22:45:56.500,20260113,22:45:56.500,,AG,AG2602,6356500,12623,12623,6356500,visible_execution_drop,21019.25,0.37065,4,"AG2604,AG2606,AG2605,AG2608",20,437,290.0,20963.0,20992.235294117647,56.25,26.761183201113266,27.014705882353155,12.852364324299463,,,53.1584,47.227999999999994,56.25,56.25,26.761183201113266,detector_event_depth,51.0,16059060.0,51.0,20666.250000000164,trade_recovered_3s,0.5,,0.5,
aggregated-tick-v1,AUTO_INFERRED_V1,validated,AG2602|01:47:06.000,20260113,01:47:06.000,01:47:07.000,AG,AG2602,17226000,31498,31498,17226000,"visible_execution_drop,interval_execution_drop",21310.0,2.9652,5,"AG2604,AG2606,AG2605,AG2608,AG2603",20,114,290.0,21234.0,21258.45762711864,76.0,35.66400750821211,51.54237288135846,24.186941755682057,21269.57692307693,40.4230769230744,25.2216,25.2216,76.0,76.0,35.66400750821211,detector_event_depth,59.0,18813735.0,59.0,45615.00000000224,trade_recovered_3s,0.5,1.5,1.0,
aggregated-tick-v1,AUTO_INFERRED_V1,validated,AG2602|09:02:45.500,20260113,09:02:45.500,09:02:46.500,AG,AG2602,43365500,36166,36166,43365500,visible_execution_drop,20900.5,2.9652,5,"AG2604,AG2606,AG2605,AG2608,AG2603",20,138,215.0,20800.0,20846.288,100.5,48.08497404368317,54.211999999999534,25.93813545130477,20865.793388429753,34.70661157024733,45.675799999999995,38.7541,98.5,100.5,48.08497404368317,detector_event_depth,125.0,39086790.0,125.0,101647.49999999913,trade_recovered_3s,0.5,,0.5,
aggregated-tick-v1,AUTO_INFERRED_V1,validated,AG2604|22:03:05.000,20260113,22:03:05.000,,AG,AG2604,3785000,7570,7570,3785000,visible_execution_drop,21152.0,2.9652,5,"AG2606,AG2605,AG2608,AG2602,AG2603",20,578,290.0,21132.0,21149.394859813085,20.0,9.4553706505295,2.605140186915378,1.23162830319373,,,20.0,20.0,11.75,20.0,9.4553706505295,detector_event_depth,428.0,135779115.0,428.0,16724.999999996726,trade_recovered_3s,0.5,,0.5,
aggregated-tick-v1,AUTO_INFERRED_V1,validated,AG2604|22:03:13.000,20260113,22:03:13.000,,AG,AG2604,3793000,7586,7586,3796000,visible_execution_drop,21087.5,1.4826,3,"AG2606,AG2602,AG2603",20,578,290.0,21065.0,21076.83417085427,22.5,10.669828097213989,10.66582914573155,5.057891711076017,,,20.0,20.0,11.625,22.5,10.669828097213989,detector_event_depth,199.0,62914350.0,1138.0,31837.500000008677,trade_recovered_3s,0.5,,1.0,
aggregated-tick-v1,AUTO_INFERRED_V1,validated,AG2604|22:03:33.500,20260113,22:03:33.500,,AG,AG2604,3813500,7627,7627,3813500,visible_execution_drop,20998.0,1.11195,4,"AG2606,AG2608,AG2602,AG2603",20,574,290.0,20971.0,20987.343589743592,27.0,12.85836746356796,10.65641025640798,5.074964404423269,,,25.2216,20.0,24.810609978703724,27.0,12.85836746356796,detector_event_depth,195.0,61387980.0,195.0,31169.999999993342,trade_recovered_3s,0.5,,0.5,
aggregated-tick-v1,AUTO_INFERRED_V1,validated,AG2604|09:57:02.500,20260113,09:57:02.500,,AG,AG2604,46622500,46393,46393,46622500,visible_execution_drop,20876.5,4.4478,5,"AG2606,AG2605,AG2608,AG2602,AG2603",20,572,290.0,20842.0,20856.859649122805,34.5,16.525758628122528,19.640350877194575,9.4078753034247,,,28.1868,24.777110724625025,34.5,34.5,16.525758628122528,detector_event_depth,57.0,17832615.0,57.0,16792.500000001364,trade_recovered_3s,0.5,,0.5,
aggregated-tick-v1,AUTO_INFERRED_V1,validated,AG2604|14:56:20.500,20260113,14:56:20.500,,AG,AG2604,64580500,66110,66110,64580500,visible_execution_drop,21026.25,1.11195,4,"AG2606,AG2608,AG2602,AG2603",20,571,290.0,21002.0,21010.492063492064,24.25,11.5332025444385,15.757936507936392,7.494411275399271,,,20.0,20.0,20.5,24.25,11.5332025444385,detector_event_depth,63.0,19854915.0,63.0,14891.24999999989,trade_recovered_3s,0.5,,0.5,
aggregated-tick-v1,AUTO_INFERRED_V1,validated,AG2605|22:03:09.000,20260113,22:03:09.000,,AG,AG2605,3789000,7574,7574,3789000,visible_execution_drop,21096.5,9.6369,5,"AG2604,AG2606,AG2608,AG2602,AG2603",20,511,290.0,21071.0,21084.785714285717,25.5,12.08731306140829,11.714285714282596,5.552715243894767,,,20.0,20.0,25.5,25.5,12.08731306140829,detector_event_depth,28.0,8855610.0,28.0,4919.99999999869,trade_recovered_3s,0.5,,0.5,
aggregated-tick-v1,AUTO_INFERRED_V1,validated,AG2605|22:04:02.000,20260113,22:04:02.000,,AG,AG2605,3842000,7680,7680,3842000,visible_execution_drop,20741.0,3.7065,3,"AG2604,AG2606,AG2608",20,529,290.0,20710.0,20733.21818181818,31.0,14.946241743406778,7.78181818181838,3.751901153183733,,,22.2216,20.0,31.0,31.0,14.946241743406778,detector_event_depth,55.0,17104905.0,55.0,6420.000000000164,trade_recovered_3s,1.0,,1.0,
aggregated-tick-v1,AUTO_INFERRED_V1,validated,AG2606|01:04:54.000,20260113,01:04:54.000,,AG,AG2606,14694000,29246,29246,14694000,visible_execution_drop,21238.75,0.7413,4,"AG2604,AG2605,AG2608,AG2603",20,362,290.0,21208.0,21221.48,30.75,14.478253192866813,17.270000000000437,8.131363663115973,,,20.0,20.0,29.25,30.75,14.478253192866813,detector_event_depth,50.0,15916110.0,50.0,12952.500000000327,trade_recovered_3s,0.5,,0.5,
aggregated-tick-v1,AUTO_INFERRED_V1,validated,AG2606|01:52:25.500,20260113,01:52:25.500,,AG,AG2606,17545500,34886,34886,17547000,visible_execution_drop,21447.5,2.2239,4,"AG2604,AG2608,AG2602,AG2603",20,344,290.0,21410.0,21439.416666666668,37.5,17.48455530947663,8.08333333333212,3.768893033375508,,,22.7216,24.713380000004676,35.41246498599503,37.5,17.48455530947663,detector_event_depth,24.0,7718190.0,95.0,2909.999999999563,trade_recovered_3s,0.5,,0.5,
aggregated-tick-v1,AUTO_INFERRED_V1,validated,AG2606|10:53:07.000,20260113,10:53:07.000,,AG,AG2606,49987000,51109,51109,49987000,visible_execution_drop,21225.0,0.7413,5,"AG2604,AG2605,AG2608,AG2602,AG2603",20,535,290.0,21201.0,21220.285714285717,24.0,11.307420494699649,4.714285714282596,2.221100454314533,,,22.2216,21.21700987012095,24.0,24.0,11.307420494699649,detector_event_depth,7.0,2228130.0,7.0,494.9999999996726,trade_recovered_3s,0.5,,0.5,
aggregated-tick-v1,AUTO_INFERRED_V1,validated,AG2607|22:04:12.000,20260113,22:04:12.000,,AG,AG2607,3852000,7261,7261,3852000,visible_execution_drop,20646.5,3.7065,3,"AG2604,AG2605,AG2602",20,188,290.0,20616.0,20636.121212121212,30.5,14.77247959702613,10.378787878787987,5.02689941577894,,,29.651999999999997,29.151999999999997,29.75,30.5,14.77247959702613,detector_event_depth,33.0,10214880.0,33.0,5137.500000000055,trade_recovered_3s,0.5,,0.5,
aggregated-tick-v1,AUTO_INFERRED_V1,validated,AG2607|22:27:36.500,20260113,22:27:36.500,22:27:37.500,AG,AG2607,5256500,10038,10038,5256500,visible_execution_drop,20559.5,2.2239,5,"AG2604,AG2606,AG2605,AG2608,AG2602",20,285,290.0,20521.0,20524.5,38.5,18.72613633600039,35.0,17.0237603054549,20534.642857142855,24.857142857144936,28.151999999999997,32.105599999985614,38.5,38.5,18.72613633600039,detector_event_depth,10.0,3078675.0,10.0,5250.0,trade_recovered_3s,0.5,,0.5,
aggregated-tick-v1,AUTO_INFERRED_V1,validated,AG2608|21:22:06.500,20260113,21:22:06.500,,AG,AG2608,1326500,2653,2653,1326500,visible_execution_drop,21196.5,0.7413,5,"AG2604,AG2606,AG2605,AG2602,AG2603",20,490,290.0,21176.0,21192.666666666668,20.5,9.671408015474253,3.8333333333321207,1.808474669559654,,,20.0,20.0,20.5,20.5,9.671408015474253,detector_event_depth,18.0,5722020.0,18.0,1034.9999999996726,trade_recovered_3s,0.5,,0.5,
aggregated-tick-v1,AUTO_INFERRED_V1,validated,AG2608|22:03:54.000,20260113,22:03:54.000,,AG,AG2608,3834000,7648,7648,3834000,visible_execution_drop,20857.5,7.412999999999999,4,"AG2604,AG2606,AG2605,AG2602",20,479,290.0,20835.0,20851.871794871797,22.5,10.787486515641854,5.628205128203263,2.6984083079004013,,,21.2216,21.171765034981735,22.25,22.5,10.787486515641854,detector_event_depth,39.0,12198345.0,39.0,3292.4999999989086,trade_recovered_3s,0.5,,0.5,
aggregated-tick-v1,AUTO_INFERRED_V1,validated,AG2608|22:11:28.000,20260113,22:11:28.000,,AG,AG2608,4288000,8556,8556,4288000,visible_execution_drop,20841.0,5.1891,4,"AG2604,AG2606,AG2602,AG2603",20,522,290.0,20801.0,20820.615384615383,40.0,19.1929369991843,20.384615384617064,9.781015970738958,,,34.5824,30.10537128203377,35.347222222222626,40.0,19.1929369991843,detector_event_depth,13.0,4060020.0,13.0,3975.0000000003274,trade_recovered_3s,0.5,,0.5,
aggregated-tick-v1,AUTO_INFERRED_V1,validated,AG2608|01:59:13.000,20260113,01:59:13.000,,AG,AG2608,17953000,35232,35232,17953000,visible_execution_drop,21362.0,2.2239,5,"AG2604,AG2606,AG2605,AG2602,AG2603",20,247,290.0,21333.0,21349.285714285717,29.0,13.575507911244266,12.714285714282596,5.951823665519425,,,24.2216,20.0,27.5,29.0,13.575507911244266,detector_event_depth,7.0,2241675.0,7.0,1334.9999999996726,trade_recovered_3s,0.5,,0.5,
aggregated-tick-v1,AUTO_INFERRED_V1,validated,AG2608|14:20:32.500,20260113,14:20:32.500,,AG,AG2608,62432500,60985,60985,62433000,visible_execution_drop,21026.5,0.7413,3,"AG2606,AG2602,AG2603",20,284,290.0,20997.0,21010.285714285717,29.5,14.029914631536396,16.214285714282596,7.71135743670254,,,21.738999999999997,20.0,29.125,29.5,14.029914631536396,detector_event_depth,7.0,2206080.0,8.0,1702.4999999996726,trade_recovered_3s,1.0,,0.5,
aggregated-tick-v1,AUTO_INFERRED_V1,validated,AG2609|22:31:40.500,20260113,22:31:40.500,,AG,AG2609,5500500,10903,10903,5500500,visible_execution_drop,20801.0,2.2239,5,"AG2604,AG2606,AG2605,AG2608,AG2602",20,240,290.0,20750.0,20761.5,51.0,24.518052016729964,39.5,18.989471660016346,,,46.4432,46.35016000000863,46.0,51.0,24.518052016729964,detector_event_depth,18.0,5605605.0,18.0,10665.0,trade_recovered_3s,1.0,,0.5,
aggregated-tick-v1,AUTO_INFERRED_V1,validated,AG2610|21:27:20.000,20260113,21:27:20.000,,AG,AG2610,1640000,3269,3269,1640000,visible_execution_drop,21155.5,1.4826,5,"AG2604,AG2606,AG2605,AG2608,AG2602",20,151,290.0,21123.0,21147.0,32.5,15.36243530051287,8.5,4.017867693980288,,,24.2216,24.2216,25.5,32.5,15.36243530051287,detector_event_depth,9.0,2854845.0,9.0,1147.5,trade_recovered_3s,0.5,,0.5,
aggregated-tick-v1,AUTO_INFERRED_V1,validated,AG2611|22:11:37.000,20260113,22:11:37.000,,AG,AG2611,4297000,8496,8496,4297000,visible_execution_drop,20862.5,3.7065,5,"AG2604,AG2606,AG2605,AG2608,AG2602",20,163,290.0,20813.0,20813.8,49.5,23.72678250449371,48.70000000000073,23.34331935290628,,,40.5128,38.81840000002465,49.5,49.5,23.72678250449371,detector_event_depth,5.0,1561035.0,5.0,3652.5000000000546,trade_recovered_3s,2.5,,0.5,
aggregated-tick-v1,AUTO_INFERRED_V1,validated,IC2603|10:14:53.500,20260113,10:14:53.500,,IC,IC2603,47693500,5364,5364,47693500,visible_execution_drop,8151.199999999999,3.7064999999865154,3,"IC2601,IC2606,IC2602",20,458,290.0,8145.6,8149.1,27.999999999992724,6.870154087739898,10.499999999992724,2.576307782901346,,,27.15200000005848,27.1519999998944,26.49999999999636,27.999999999992724,6.870154087739898,detector_event_depth,10.0,16298200.0,10.0,4199.99999999709,trade_recovered_3s,0.5,,0.5,
aggregated-tick-v1,AUTO_INFERRED_V1,validated,IM2602|14:33:11.500,20260113,14:33:11.500,,IM,IM2602,63191500,21320,21320,63191500,visible_execution_drop,8214.650000000001,8.524949999990561,2,"IM2603,IM2601",20,150,290.0,8201.0,8207.6,68.25000000000728,16.616654391850478,35.25000000000546,8.582228092494617,,,60.80399999999636,60.80399999999636,61.25,68.25000000000728,16.616654391850478,detector_event_depth,10.0,16415200.0,10.0,14100.000000002185,trade_recovered_3s,0.5,,0.5,
aggregated-tick-v1,AUTO_INFERRED_V1,validated,IM2602|14:41:40.000,20260113,14:41:40.000,,IM,IM2602,63700000,22198,22198,63700000,visible_execution_drop,8190.4,1.3484168448485431e-11,3,"IM2603,IM2601,IM2606",20,217,289.5,8181.0,8185.058536585366,46.99999999999818,11.476850947450233,26.70731707316918,6.521614835214197,,,46.943200000125934,46.943200000072,44.24999999999727,46.99999999999818,11.476850947450233,detector_event_depth,41.0,67117480.0,41.0,43799.99999999745,trade_recovered_3s,0.5,,0.5,
aggregated-tick-v1,AUTO_INFERRED_V1,validated,LC2609|10:08:27.613,20260113,10:08:27.613,,LC,LC2609,47307190,6271,6271,47307613,visible_execution_drop,170580.0,6.6716999999999995,4,"LC2605,LC2607,LC2603,LC2606",20,262,289.91,169880.0,169875.0588235294,35.0,41.03646382928831,35.2470588235301,41.32613298573115,,,23.2216,20.79009411764651,28.147715561663063,35.0,41.03646382928831,detector_event_depth,85.0,14439380.0,156.0,59920.00000000117,trade_recovered_3s,0.583,,0.583,
aggregated-tick-v1,AUTO_INFERRED_V1,validated,LC2610|13:48:16.600,20260113,13:48:16.600,,LC,LC2610,60496600,9933,9933,60496600,visible_execution_drop,170060.0,3.7065,3,"LC2605,LC2607,LC2603",20,110,289.54,169360.0,169390.0,35.0,41.16194284370222,33.5,39.39785957897213,,,31.4574,31.7074,34.5,35.0,41.16194284370222,detector_event_depth,10.0,1693900.0,10.0,6700.0,quote_only_recovered_3s,4.004,,0.262,
aggregated-tick-v1,AUTO_INFERRED_V1,validated,NI2602|11:28:49.500,20260113,11:28:49.500,,NI,NI2602,52129500,44857,44857,52131000,"visible_execution_drop,interval_execution_drop",142000.0,0.7413,3,"NI2603,NI2605,NI2609",20,577,290.0,141720.0,141959.69565217392,28.0,19.718309859154928,4.030434782608063,2.83833435394934,,,20.0,20.0,24.75,28.0,19.718309859154928,detector_event_depth,230.0,32650730.0,632.0,9269.999999998545,trade_recovered_3s,0.5,1.5,0.5,
aggregated-tick-v1,AUTO_INFERRED_V1,validated,NI2603|22:02:02.000,20260113,22:02:02.000,22:02:03.000,NI,NI2603,3722000,7431,7431,3722000,visible_execution_drop,142862.5,0.7413,4,"NI2605,NI2604,NI2609,NI2606",20,467,290.0,142630.0,142652.55319148937,23.25,16.27438971038586,20.994680851063457,14.695725506037943,142665.7723577236,19.672764227641164,20.0,20.0,23.25,23.25,16.27438971038586,detector_event_depth,141.0,20114010.0,141.0,29602.499999999476,trade_recovered_3s,0.5,,0.5,
aggregated-tick-v1,AUTO_INFERRED_V1,validated,NI2603|22:02:11.000,20260113,22:02:11.000,,NI,NI2603,3731000,7449,7449,3731000,visible_execution_drop,142485.0,0.7413,5,"NI2602,NI2605,NI2604,NI2609,NI2606",20,469,290.0,142230.0,142350.48780487804,25.5,17.896620696915463,13.451219512196255,9.440446020420575,,,20.0,20.0,25.235294117647573,25.5,17.896620696915463,detector_event_depth,41.0,5836370.0,41.0,5515.000000000466,trade_recovered_3s,0.5,,0.5,
aggregated-tick-v1,AUTO_INFERRED_V1,validated,NI2603|22:03:16.000,20260113,22:03:16.000,22:03:17.000,NI,NI2603,3796000,7579,7579,3796000,interval_execution_drop,141667.5,2.59455,4,"NI2602,NI2605,NI2609,NI2606",20,499,290.0,141560.0,141430.75555555554,10.75,7.588190657702014,23.674444444445545,16.711274247407164,141449.86595174263,21.763404825737233,20.0,20.0,17.833535353536718,21.763404825737233,15.36231303985546,detector_event_depth,225.0,31821920.0,225.0,53267.500000002474,trade_recovered_3s,,1.5,0.5,
aggregated-tick-v1,AUTO_INFERRED_V1,validated,NI2603|22:04:19.000,20260113,22:04:19.000,22:04:20.000,NI,NI2603,3859000,7705,7705,3859000,"visible_execution_drop,interval_execution_drop",140905.0,5.1891,5,"NI2602,NI2605,NI2604,NI2609,NI2606",20,520,290.0,140640.0,140701.02040816323,26.5,18.80699762251162,20.397959183674537,14.476391315904008,140693.53846153847,21.146153846153176,24.7216,20.216776923075596,18.479729729729296,26.5,18.80699762251162,detector_event_depth,98.0,13788700.0,98.0,19990.000000001048,trade_recovered_3s,0.5,1.5,0.5,
aggregated-tick-v1,AUTO_INFERRED_V1,validated,NI2603|22:06:29.500,20260113,22:06:29.500,,NI,NI2603,3989500,7966,7966,3989500,visible_execution_drop,139795.0,7.412999999999999,5,"NI2602,NI2605,NI2604,NI2609,NI2606",20,556,290.0,139270.0,139561.3432835821,52.5,37.554991237168714,23.36567164178996,16.714239881104447,,,31.651999999999997,27.374141741895787,45.125,52.5,37.554991237168714,detector_event_depth,268.0,37402440.0,268.0,62619.99999999709,trade_recovered_3s,0.5,,1.0,
aggregated-tick-v1,AUTO_INFERRED_V1,validated,NI2603|11:28:51.000,20260113,11:28:51.000,11:28:52.000,NI,NI2603,52131000,43950,43950,52131000,"visible_execution_drop,interval_execution_drop",142185.0,3.7065,3,"NI2602,NI2604,NI2609",20,446,290.0,141860.0,141890.0518134715,32.5,22.85754474803953,29.494818652849062,20.74397345208641,141902.00757575757,28.29924242424313,20.0,20.0,30.596153846153175,32.5,22.85754474803953,detector_event_depth,193.0,27384780.0,193.0,56924.99999999869,trade_recovered_3s,0.5,1.5,0.5,
aggregated-tick-v1,AUTO_INFERRED_V1,validated,NI2603|14:07:10.000,20260113,14:07:10.000,,NI,NI2603,61630000,48545,48545,61630000,visible_execution_drop,139872.5,3.33585,4,"NI2605,NI2604,NI2609,NI2606",20,522,290.0,139650.0,139700.07874015748,22.25,15.907344188457344,17.242125984252198,12.327030677404206,,,20.0,20.0,21.318181818182342,22.25,15.907344188457344,detector_event_depth,127.0,17741910.0,127.0,21897.50000000029,trade_recovered_3s,0.5,,0.5,
aggregated-tick-v1,AUTO_INFERRED_V1,validated,NI2607|21:06:48.500,20260113,21:06:48.500,,NI,NI2607,408500,817,817,408500,visible_execution_drop,144320.0,2.2238999999999995,5,"NI2602,NI2603,NI2605,NI2604,NI2609",20,126,290.0,143760.0,143760.0,56.0,38.80266075388027,56.0,38.80266075388027,,,36.3601,33.0824,56.0,56.0,38.80266075388027,detector_event_depth,2.0,287520.0,2.0,1120.0,trade_recovered_3s,0.5,,1.0,
aggregated-tick-v1,AUTO_INFERRED_V1,validated,SN2602|21:10:11.500,20260113,21:10:11.500,,SN,SN2602,611500,1223,1223,611500,visible_execution_drop,380105.0,5.1891,5,"SN2603,SN2604,SN2605,SN2606,SN2607",20,469,290.0,379560.0,379924.79591836734,54.5,14.338143407742598,18.020408163266257,4.740902688274623,,,51.4432,47.529163636368075,36.25,54.5,14.338143407742598,detector_event_depth,98.0,37232630.0,98.0,17660.00000000093,trade_recovered_3s,0.5,,0.5,
aggregated-tick-v1,AUTO_INFERRED_V1,validated,SN2602|22:03:40.000,20260113,22:03:40.000,,SN,SN2602,3820000,7640,7640,3820000,visible_execution_drop,379795.0,8.895599999999998,5,"SN2603,SN2604,SN2605,SN2606,SN2607",20,434,290.0,379210.0,379496.7924528302,58.5,15.4030463802841,29.820754716981902,7.851802871807659,,,51.4084,48.776544761944514,38.48648648648523,58.5,15.4030463802841,detector_event_depth,53.0,20113330.0,53.0,15805.000000000407,trade_recovered_3s,0.5,,0.5,
aggregated-tick-v1,AUTO_INFERRED_V1,validated,SN2602|22:48:09.000,20260113,22:48:09.000,22:48:10.000,SN,SN2602,6489000,12978,12978,6489000,interval_execution_drop,379075.0,5.745075,4,"SN2604,SN2605,SN2606,SN2607",20,492,290.0,378700.0,378219.6721311475,37.5,9.892501483875222,85.53278688524733,22.56355256486113,378323.12727272726,75.1872727272741,53.8736,45.58543525640273,73.06056466302543,75.1872727272741,19.834405520615736,detector_event_depth,183.0,69214200.0,183.0,156525.00000000262,trade_recovered_3s,,1.5,0.5,
aggregated-tick-v1,AUTO_INFERRED_V1,validated,SN2602|00:24:17.500,20260113,00:24:17.500,,SN,SN2602,12257500,24445,24445,12257500,visible_execution_drop,382585.0,2.2238999999999995,4,"SN2604,SN2605,SN2606,SN2607",20,371,290.0,382160.0,382325.0,42.5,11.108642523883582,26.0,6.795875426375838,,,38.5824,35.6172,29.875,42.5,11.108642523883582,detector_event_depth,26.0,9940450.0,26.0,6760.0,trade_recovered_3s,0.5,,0.5,
aggregated-tick-v1,AUTO_INFERRED_V1,validated,SN2602|00:37:05.500,20260113,00:37:05.500,,SN,SN2602,13025500,25951,25951,13025500,visible_execution_drop,383667.5,4.81845,4,"SN2604,SN2605,SN2606,SN2607",20,378,290.0,383200.0,383372.0,46.75,12.185030006450898,29.55,7.701981533489285,,,35.0824,32.3672,39.3333333333343,46.75,12.185030006450898,detector_event_depth,10.0,3833720.0,10.0,2955.0,trade_recovered_3s,0.5,,0.5,
aggregated-tick-v1,AUTO_INFERRED_V1,validated,SN2602|11:27:33.500,20260113,11:27:33.500,,SN,SN2602,52053500,44441,44441,52053500,visible_execution_drop,389795.0,7.412999999999999,3,"SN2603,SN2604,SN2605",20,383,290.0,389260.0,389346.4516129032,53.5,13.725163226824357,44.85483870967873,11.50728939819103,,,48.5128,48.49245714286784,42.75,53.5,13.725163226824357,detector_event_depth,93.0,36209220.0,93.0,41715.00000000122,trade_recovered_3s,0.5,,0.5,
aggregated-tick-v1,AUTO_INFERRED_V1,validated,SN2602|11:28:50.500,20260113,11:28:50.500,11:28:51.500,SN,SN2602,52130500,44595,44595,52130500,"visible_execution_drop,interval_execution_drop",385000.0,5.9304,5,"SN2603,SN2604,SN2605,SN2606,SN2607",20,312,290.0,384280.0,384261.6666666667,72.0,18.7012987012987,73.8333333333314,19.17748917748867,384220.58252427186,77.94174757281435,56.747,51.0294399999852,33.51190476190241,77.94174757281435,20.24460975917256,detector_event_depth,36.0,13833420.0,36.0,26579.9999999993,quote_only_recovered_3s,0.5,5.0,0.5,
aggregated-tick-v1,AUTO_INFERRED_V1,validated,SN2602|11:29:06.000,20260113,11:29:06.000,11:29:07.000,SN,SN2602,52146000,44626,44626,52146000,visible_execution_drop,384025.0,8.895599999999998,3,"SN2605,SN2606,SN2607",20,290,290.0,383390.0,383370.7272727273,63.5,16.535381811080008,65.4272727272706,17.037243077213883,383515.3333333333,50.96666666666861,58.2296,52.483800000011506,32.01388888888759,63.5,16.535381811080008,detector_event_depth,55.0,21085390.0,55.0,35984.999999998836,trade_recovered_3s,1.0,,1.0,
aggregated-tick-v1,AUTO_INFERRED_V1,validated,SN2602|13:59:45.000,20260113,13:59:45.000,,SN,SN2602,61185000,48303,48303,61185000,visible_execution_drop,384000.0,2.9652,5,"SN2603,SN2604,SN2605,SN2606,SN2607",20,470,290.0,383500.0,383886.6666666667,50.0,13.020833333333332,11.333333333331392,2.9513888888883835,,,38.9052,31.617199999999997,47.75,50.0,13.020833333333332,detector_event_depth,57.0,21881540.0,57.0,6459.999999998894,trade_recovered_3s,0.5,,1.0,
aggregated-tick-v1,AUTO_INFERRED_V1,validated,SN2603|22:40:58.000,20260113,22:40:58.000,22:40:59.000,SN,SN2603,6058000,12113,12113,6058000,"visible_execution_drop,interval_execution_drop",382050.0,7.412999999999999,5,"SN2602,SN2604,SN2605,SN2606,SN2607",20,430,290.0,381380.0,381510.75,67.0,17.536971600575843,53.925,14.114644680015704,381606.51515151514,44.34848484848626,45.227999999999994,39.8489733333343,59.94444444444379,67.0,17.536971600575843,detector_event_depth,40.0,15260430.0,40.0,21570.0,trade_recovered_3s,0.5,1.5,0.5,
aggregated-tick-v1,AUTO_INFERRED_V1,validated,SN2603|23:50:08.000,20260113,23:50:08.000,,SN,SN2603,10208000,20401,20401,10208000,visible_execution_drop,384470.0,2.59455,4,"SN2602,SN2605,SN2606,SN2607",20,238,290.0,383890.0,384201.90476190473,58.0,15.0857023955055,26.80952380952658,6.97311202682305,,,43.4432,43.4432,58.0,58.0,15.0857023955055,detector_event_depth,21.0,8068240.0,21.0,5630.000000000582,trade_recovered_3s,0.5,,0.5,
aggregated-tick-v1,AUTO_INFERRED_V1,validated,SN2603|00:21:38.000,20260113,00:21:38.000,,SN,SN2603,12098000,24100,24100,12098000,visible_execution_drop,384112.5,7.78365,5,"SN2602,SN2604,SN2605,SN2606,SN2607",20,153,290.0,383770.0,383900.0,34.25,8.91665853102932,21.25,5.532233395164178,,,31.367199999999997,31.367199999999997,31.25,34.25,8.91665853102932,detector_event_depth,4.0,1535600.0,4.0,850.0,trade_recovered_3s,0.5,,0.5,
aggregated-tick-v1,AUTO_INFERRED_V1,validated,SN2603|00:23:16.500,20260113,00:23:16.500,,SN,SN2603,12196500,24284,24284,12196500,visible_execution_drop,383640.0,2.2238999999999995,5,"SN2602,SN2604,SN2605,SN2606,SN2607",20,152,290.0,383100.0,383447.5,54.0,14.075695964967158,19.25,5.017724950474403,,,38.4226,35.5824,43.5,54.0,14.075695964967158,detector_event_depth,16.0,6135160.0,16.0,3080.0,trade_recovered_3s,0.5,,0.5,
aggregated-tick-v1,AUTO_INFERRED_V1,validated,SN2603|00:37:05.500,20260113,00:37:05.500,00:37:06.500,SN,SN2603,13025500,25855,25855,13025500,"visible_execution_drop,interval_execution_drop",384012.5,4.07715,4,"SN2604,SN2605,SN2606,SN2607",20,148,290.0,383180.0,383395.0,83.25,21.678981803977734,61.75,16.08020572246997,383385.5555555555,62.69444444444379,42.5128,42.0128,79.75,83.25,21.678981803977734,detector_event_depth,14.0,5367530.0,14.0,8645.0,trade_recovered_3s,0.5,1.5,0.5,
aggregated-tick-v1,AUTO_INFERRED_V1,validated,SN2603|11:27:48.500,20260113,11:27:48.500,,SN,SN2603,52068500,44199,44199,52068500,visible_execution_drop,389185.0,5.9304,3,"SN2602,SN2604,SN2606",20,258,290.0,388230.0,388675.0909090909,95.5,24.538458573686036,50.990909090911735,13.10197183625056,,,56.856199999999994,55.3736,86.46428571428696,95.5,24.538458573686036,detector_event_depth,55.0,21377130.0,55.0,28045.000000001455,trade_recovered_3s,1.0,,1.0,
aggregated-tick-v1,AUTO_INFERRED_V1,validated,SN2603|11:29:06.000,20260113,11:29:06.000,,SN,SN2603,52146000,44354,44354,52146000,visible_execution_drop,384415.0,3.7065,3,"SN2605,SN2606,SN2607",20,207,290.0,383620.0,383816.25,79.5,20.68077468361016,59.875,15.575614895360482,,,59.8388,60.3388,66.75,79.5,20.68077468361016,detector_event_depth,8.0,3070530.0,8.0,4790.0,trade_recovered_3s,1.5,,1.0,
aggregated-tick-v1,AUTO_INFERRED_V1,validated,SN2603|14:34:14.500,20260113,14:34:14.500,14:34:15.500,SN,SN2603,63254500,52159,52159,63254500,visible_execution_drop,383100.0,2.2238999999999995,3,"SN2604,SN2605,SN2607",20,374,290.0,382490.0,382674.70588235295,61.0,15.92273557817802,42.529411764704854,11.101386521718837,382773.7037037037,32.6296296296292,42.3704,35.0824,55.5,61.0,15.92273557817802,detector_event_depth,17.0,6505470.0,17.0,7229.999999999825,trade_recovered_3s,0.5,,0.5,
aggregated-tick-v1,AUTO_INFERRED_V1,validated,AG2602|02:05:24.000,20260114,02:05:24.000,,AG,AG2602,18324000,34317,34317,18324000,visible_execution_drop,21945.75,0.37065,4,"AG2604,AG2606,AG2608,AG2603",20,317,290.0,21903.0,21917.47619047619,42.75,19.479853730221116,28.273809523809177,12.883501144325974,,,38.2976,38.70266666665349,40.875,42.75,19.479853730221116,detector_event_depth,42.0,13808010.0,42.0,17812.49999999978,trade_recovered_3s,0.5,,0.5,
aggregated-tick-v1,AUTO_INFERRED_V1,validated,AG2603|09:48:33.500,20260114,09:48:33.500,,AG,AG2603,46113500,44375,44375,46113500,visible_execution_drop,22545.5,2.9652,5,"AG2604,AG2606,AG2605,AG2608,AG2602",20,149,290.0,22504.0,22521.833333333332,41.5,18.40722095318356,23.66666666666788,10.49729066406506,,,32.152,32.152,40.75,41.5,18.40722095318356,detector_event_depth,6.0,2026965.0,6.0,2130.000000000109,trade_recovered_3s,0.5,,0.5,
aggregated-tick-v1,AUTO_INFERRED_V1,validated,AG2603|14:51:48.000,20260114,14:51:48.000,,AG,AG2603,64308000,63352,63352,64308000,visible_execution_drop,22651.5,2.9652,5,"AG2604,AG2606,AG2605,AG2608,AG2602",20,185,290.0,22608.0,22633.3,43.5,19.20402622342891,18.200000000000728,8.034787983136097,,,41.5128,35.93655652173741,43.5,43.5,19.20402622342891,detector_event_depth,10.0,3394995.0,10.0,2730.000000000109,trade_recovered_3s,2.0,,0.5,
aggregated-tick-v1,AUTO_INFERRED_V1,validated,AG2604|22:30:15.500,20260114,22:30:15.500,,AG,AG2604,5413000,10831,10831,5417500,visible_execution_drop,22179.0,2.9652,3,"AG2605,AG2608,AG2602",20,567,290.0,22155.0,22163.994666666666,24.0,10.821046936291085,15.00533333333442,6.765559012279373,,,20.0,20.0,21.25,24.0,10.821046936291085,detector_event_depth,375.0,124672470.0,2588.0,84405.00000000611,trade_recovered_3s,0.5,,1.0,
aggregated-tick-v1,AUTO_INFERRED_V1,validated,AG2604|10:45:53.500,20260114,10:45:53.500,10:45:54.500,AG,AG2604,49553500,50486,50486,49553500,interval_execution_drop,22594.5,8.8956,3,"AG2606,AG2605,AG2602",20,519,290.0,22586.0,22573.060109289618,8.5,3.761977472393724,21.439890710382315,9.488986572122558,22572.810426540284,21.689573459716485,20.0,20.0,13.175604996096808,21.689573459716485,9.599492557797909,detector_event_depth,183.0,61963050.0,183.0,58852.499999999454,trade_recovered_3s,,1.5,0.5,
aggregated-tick-v1,AUTO_INFERRED_V1,validated,AG2604|11:28:10.500,20260114,11:28:10.500,,AG,AG2604,52090500,55553,55553,52090500,visible_execution_drop,22643.0,4.4478,3,"AG2605,AG2602,AG2603",20,528,290.0,22620.0,22628.213017751477,23.0,10.15766462041249,14.78698224852269,6.53048723602115,,,20.0,20.0,15.59285714285761,23.0,10.15766462041249,detector_event_depth,169.0,57362520.0,169.0,37485.00000000502,trade_recovered_3s,0.5,,0.5,
aggregated-tick-v1,AUTO_INFERRED_V1,validated,AG2604|13:56:09.500,20260114,13:56:09.500,,AG,AG2604,60969500,58912,58912,60969500,visible_execution_drop,22491.5,6.6716999999999995,5,"AG2606,AG2605,AG2608,AG2602,AG2603",20,565,290.0,22462.0,22474.444444444445,29.5,13.116066069403995,17.055555555554747,7.583111644645642,,,27.2216,26.05243636364912,20.9435545385204,29.5,13.116066069403995,detector_event_depth,126.0,42476700.0,126.0,32234.999999998472,trade_recovered_3s,0.5,,0.5,
aggregated-tick-v1,AUTO_INFERRED_V1,validated,AG2604|13:56:19.500,20260114,13:56:19.500,13:56:20.500,AG,AG2604,60979500,58932,58932,60981000,"visible_execution_drop,interval_execution_drop",22405.0,2.2239,5,"AG2606,AG2605,AG2608,AG2602,AG2603",20,563,290.0,22390.0,22359.465181058495,15.0,6.694934166480696,45.53481894150536,20.32350767306644,22362.29824561403,42.701754385965614,30.1868,28.706133333358515,27.180652274839304,42.701754385965614,19.05902896048454,detector_event_depth,359.0,120405720.0,883.0,245205.00000000637,trade_recovered_3s,0.5,2.0,0.5,
aggregated-tick-v1,AUTO_INFERRED_V1,validated,AG2605|22:30:13.500,20260114,22:30:13.500,,AG,AG2605,5413500,10824,10824,5413500,visible_execution_drop,22182.5,1.4826,3,"AG2608,AG2602,AG2603",20,499,290.0,22150.0,22180.07692307693,32.5,14.651189000338103,2.4230769230744045,1.0923371680714096,,,23.2216,20.0,32.5,32.5,14.651189000338103,detector_event_depth,65.0,21625575.0,65.0,2362.4999999975444,trade_recovered_3s,0.5,,0.5,
aggregated-tick-v1,AUTO_INFERRED_V1,validated,AG2605|02:18:08.500,20260114,02:18:08.500,,AG,AG2605,19088000,38014,38014,19088500,visible_execution_drop,21934.0,8.1543,5,"AG2604,AG2606,AG2608,AG2602,AG2603",20,427,290.0,21901.0,21926.32258064516,33.0,15.045135406218655,7.677419354840822,3.500236780724365,,,23.7216,21.911466666653496,28.5,33.0,15.045135406218655,detector_event_depth,31.0,10195740.0,59.0,3570.0000000009823,trade_recovered_3s,0.5,,0.5,
aggregated-tick-v1,AUTO_INFERRED_V1,validated,AG2605|14:30:11.000,20260114,14:30:11.000,,AG,AG2605,63011000,62801,62801,63011000,visible_execution_drop,22601.25,4.4478,4,"AG2604,AG2608,AG2602,AG2603",20,432,290.0,22559.0,22578.857142857145,42.25,18.693656324318347,22.392857142855064,9.907795870960706,,,30.151999999999997,28.7432400000205,41.64423076923049,42.25,18.693656324318347,detector_event_depth,28.0,9483120.0,28.0,9404.999999999129,trade_recovered_3s,0.5,,0.5,
aggregated-tick-v1,AUTO_INFERRED_V1,validated,AG2606|22:30:13.000,20260114,22:30:13.000,,AG,AG2606,5413000,10824,10824,5413000,visible_execution_drop,22193.0,3.7065,3,"AG2605,AG2608,AG2603",20,529,290.0,22173.0,22185.590909090908,20.0,9.011850583517324,7.409090909091901,3.338481011621638,,,20.0,20.0,14.409090909090082,20.0,9.011850583517324,detector_event_depth,88.0,29284980.0,88.0,9780.00000000131,trade_recovered_3s,0.5,,0.5,
aggregated-tick-v1,AUTO_INFERRED_V1,validated,AG2606|00:28:26.000,20260114,00:28:26.000,,AG,AG2606,12506000,24979,24979,12506000,visible_execution_drop,22218.0,2.9652,5,"AG2604,AG2605,AG2608,AG2602,AG2603",20,464,290.0,22185.0,22207.967213114756,33.0,14.852822036186875,10.032786885243697,4.515612064651947,,,20.0,20.0,29.183333333332484,33.0,14.852822036186875,detector_event_depth,61.0,20320290.0,61.0,9179.99999999798,trade_recovered_3s,0.5,,0.5,
aggregated-tick-v1,AUTO_INFERRED_V1,validated,AG2606|01:18:27.000,20260114,01:18:27.000,,AG,AG2606,15507000,30918,30918,15507000,visible_execution_drop,22308.0,1.4826,5,"AG2604,AG2605,AG2608,AG2602,AG2603",20,351,290.0,22288.0,22301.625,20.0,8.965393580778196,6.375,2.85771920387305,,,20.0,20.0,20.0,20.0,8.965393580778196,detector_event_depth,16.0,5352390.0,16.0,1530.0,trade_recovered_3s,0.5,,0.5,
aggregated-tick-v1,AUTO_INFERRED_V1,validated,AG2606|01:42:12.000,20260114,01:42:12.000,,AG,AG2606,16932000,33749,33749,16932000,visible_execution_drop,22271.5,5.1891,5,"AG2604,AG2605,AG2608,AG2602,AG2603",20,275,290.0,22251.0,22261.675675675677,20.5,9.204588824282157,9.824324324323245,4.4111641893555635,,,20.0,20.0,15.5,20.5,9.204588824282157,detector_event_depth,37.0,12355230.0,37.0,5452.4999999994,trade_recovered_3s,0.5,,0.5,
aggregated-tick-v1,AUTO_INFERRED_V1,validated,AG2606|10:46:41.500,20260114,10:46:41.500,,AG,AG2606,49601500,50480,50480,49601500,visible_execution_drop,22636.5,2.2239,5,"AG2604,AG2605,AG2608,AG2602,AG2603",20,453,290.0,22609.0,22629.371794871797,27.5,12.148521193647428,7.128205128203263,3.1489873117324954,,,20.0,20.0,27.5,27.5,12.148521193647428,detector_event_depth,78.0,26476365.0,78.0,8339.999999997817,trade_recovered_3s,0.5,,0.5,
aggregated-tick-v1,AUTO_INFERRED_V1,validated,AG2606|13:57:42.500,20260114,13:57:42.500,,AG,AG2606,61062500,58950,58950,61062500,visible_execution_drop,22208.5,4.4478,5,"AG2604,AG2605,AG2608,AG2602,AG2603",20,508,290.0,22173.0,22185.656000000003,35.5,15.984870657631086,22.84399999999732,10.286151698672723,,,34.0824,25.362337509212026,35.35869565217399,35.5,15.984870657631086,detector_event_depth,250.0,83196210.0,250.0,85664.99999998996,trade_recovered_3s,0.5,,0.5,
aggregated-tick-v1,AUTO_INFERRED_V1,validated,AG2606|13:58:03.500,20260114,13:58:03.500,13:58:04.500,AG,AG2606,61083500,58992,58992,61083500,"visible_execution_drop,interval_execution_drop",22140.5,2.2239,5,"AG2604,AG2605,AG2608,AG2602,AG2603",20,498,290.0,22066.0,22101.685393258427,74.5,33.64874325331406,38.81460674157279,17.531043445980348,22107.698752228163,32.80124777183664,34.0824,25.80190841487372,69.5323033707864,74.5,33.64874325331406,detector_event_depth,356.0,118023000.0,356.0,207269.9999999987,trade_recovered_3s,0.5,1.5,0.5,
aggregated-tick-v1,AUTO_INFERRED_V1,validated,AG2608|22:04:24.000,20260114,22:04:24.000,,AG,AG2608,3864000,7716,7716,3864000,visible_execution_drop,22011.0,4.4478,3,"AG2606,AG2602,AG2603",20,386,290.0,21991.0,21999.909090909092,20.0,9.086365907955113,11.0909090909081,5.038802912592839,,,20.0,20.0,12.055000000000293,20.0,9.086365907955113,detector_event_depth,22.0,7259970.0,22.0,3659.9999999996726,trade_recovered_3s,0.5,,0.5,
aggregated-tick-v1,AUTO_INFERRED_V1,validated,AG2608|01:58:42.000,20260114,01:58:42.000,,AG,AG2608,17922000,35336,35336,17922000,visible_execution_drop,22005.5,3.7065,5,"AG2604,AG2606,AG2605,AG2602,AG2603",20,392,290.0,21979.0,21997.30769230769,26.5,12.042443934470928,8.192307692308532,3.722845512398506,,,23.7216,25.560666666679413,24.25,26.5,12.042443934470928,detector_event_depth,13.0,4289475.0,13.0,1597.5000000001637,trade_recovered_3s,0.5,,0.5,
aggregated-tick-v1,AUTO_INFERRED_V1,validated,AG2608|13:56:31.000,20260114,13:56:31.000,13:56:32.000,AG,AG2608,60991000,58260,58260,60991000,visible_execution_drop,22306.5,3.7065,4,"AG2606,AG2605,AG2602,AG2603",20,437,290.0,22272.0,22275.241379310344,34.5,15.466343890794164,31.2586206896558,14.013234119945215,22277.181434599155,29.318565400844815,29.617199999999997,29.617199999999997,34.5,34.5,15.466343890794164,detector_event_depth,87.0,29069190.0,87.0,40792.500000000815,trade_recovered_3s,0.5,,0.5,
aggregated-tick-v1,AUTO_INFERRED_V1,validated,AG2608|13:58:10.000,20260114,13:58:10.000,13:58:11.000,AG,AG2608,61090000,58458,58458,61090000,interval_execution_drop,22219.25,4.4478,4,"AG2604,AG2606,AG2605,AG2603",20,448,290.0,22201.0,22158.196172248805,18.25,8.213598568808578,61.05382775119506,27.47789765684938,22165.694560669457,53.55543933054287,32.0824,30.43636799999772,48.47049441786112,53.55543933054287,24.103171497932134,detector_event_depth,209.0,69465945.0,209.0,191403.7499999965,trade_recovered_3s,,1.5,0.5,
aggregated-tick-v1,AUTO_INFERRED_V1,validated,AG2608|14:29:44.500,20260114,14:29:44.500,,AG,AG2608,62984500,62233,62233,62984500,visible_execution_drop,22622.25,4.8184499999999995,2,"AG2605,AG2602",20,349,290.0,22600.0,22609.6,22.25,9.835449612660105,12.650000000001455,5.59183989214223,,,20.0,21.268000000014386,22.25,22.25,9.835449612660105,detector_event_depth,10.0,3391440.0,10.0,1897.5000000002185,trade_recovered_3s,0.5,,0.5,
aggregated-tick-v1,AUTO_INFERRED_V1,validated,AG2608|14:49:10.000,20260114,14:49:10.000,,AG,AG2608,64150000,64549,64549,64150000,visible_execution_drop,22648.0,0.7413,3,"AG2604,AG2606,AG2605",20,393,290.0,22617.0,22635.333333333332,31.0,13.687742847050512,12.66666666666788,5.592841163311498,,,24.7216,21.52770666667363,31.0,31.0,13.687742847050512,detector_event_depth,9.0,3055770.0,9.0,1710.0000000001637,trade_recovered_3s,0.5,,0.5,
aggregated-tick-v1,AUTO_INFERRED_V1,validated,AG2611|13:52:28.500,20260114,13:52:28.500,,AG,AG2611,60748500,56907,56907,60748500,visible_execution_drop,22843.0,4.4478,5,"AG2604,AG2606,AG2605,AG2608,AG2602",20,109,290.0,22803.0,22821.5,40.0,17.510834829050474,21.5,9.41207372061463,,,33.3672,30.651999999999997,40.0,40.0,17.510834829050474,detector_event_depth,4.0,1369290.0,4.0,1290.0,quote_only_recovered_3s,3.5,,0.5,
aggregated-tick-v1,AUTO_INFERRED_V1,validated,AG2612|14:34:06.000,20260114,14:34:06.000,,AG,AG2612,63246000,57784,57784,63246000,visible_execution_drop,22534.0,8.1543,3,"AG2606,AG2605,AG2608",20,164,290.0,22476.0,22518.565217391304,58.0,25.738883464986245,15.434782608695969,6.849552946079688,,,54.8736,54.37940000000719,58.0,58.0,25.738883464986245,detector_event_depth,23.0,7768905.0,23.0,5325.000000000109,trade_recovered_3s,0.5,,0.5,
aggregated-tick-v1,AUTO_INFERRED_V1,validated,IM2601|13:36:48.000,20260114,13:36:48.000,13:36:49.000,IM,IM2601,59808000,18132,18132,59808000,visible_execution_drop,8287.1,2.2238999999811218,3,"IM2603,IM2606,IM2602",20,320,290.0,8250.6,8262.45,182.5,44.04435809873176,123.24999999999818,29.74502540092389,8264.975,110.625,114.17760000002416,112.4101142855978,180.25000000000543,182.5,44.04435809873176,detector_event_depth,20.0,33049800.0,20.0,98599.99999999854,trade_recovered_3s,0.5,,0.5,
aggregated-tick-v1,AUTO_INFERRED_V1,validated,LC2606|14:36:54.105,20260114,14:36:54.105,,LC,LC2606,63414105,16807,16807,63414105,visible_execution_drop,161940.0,6.6716999999999995,5,"LC2605,LC2607,LC2609,LC2603,LC2602",20,104,289.75,161260.0,161604.0,34.0,41.990860812646666,16.8,20.748425342719525,,,29.651999999999997,30.640400000002877,34.0,34.0,41.990860812646666,detector_event_depth,5.0,808020.0,5.0,1680.0,trade_recovered_3s,1.061,,1.544,
aggregated-tick-v1,AUTO_INFERRED_V1,validated,LC2607|11:28:13.362,20260114,11:28:13.362,,LC,LC2607,52093362,13296,13296,52093362,visible_execution_drop,168040.0,0.7413,3,"LC2605,LC2609,LC2603",20,186,289.473,167500.0,167679.5652173913,27.0,32.13520590335634,18.02173913043516,21.449344359004,,,26.9368,23.7216,16.5,27.0,32.13520590335634,detector_event_depth,46.0,7713260.0,46.0,16580.00000000035,trade_recovered_3s,0.511,,0.998,
aggregated-tick-v1,AUTO_INFERRED_V1,validated,LC2607|14:59:59.551,20260114,14:59:59.551,,LC,LC2607,64799551,23503,23503,64799551,visible_execution_drop,162890.0,2.2238999999999995,3,"LC2605,LC2609,LC2602",20,367,289.551,161500.0,162100.0,69.5,85.33366075265516,39.5,48.49898704647307,,,37.0476,33.64174545454775,67.75,69.5,85.33366075265516,detector_event_depth,11.0,1783100.0,11.0,8690.0,truncated,,,,
aggregated-tick-v1,AUTO_INFERRED_V1,validated,LC2609|14:22:28.662,20260114,14:22:28.662,,LC,LC2609,62548662,18656,18656,62548662,visible_execution_drop,163840.0,1.4826,5,"LC2605,LC2607,LC2603,LC2606,LC2602",20,295,288.533,163000.0,163391.8,42.0,51.26953125,22.410000000000583,27.35595703125071,,,35.5824,38.423938461535585,42.0,42.0,51.26953125,detector_event_depth,100.0,16339180.0,100.0,44820.00000000117,trade_recovered_3s,0.521,,0.521,
aggregated-tick-v1,AUTO_INFERRED_V1,validated,LC2609|14:35:29.164,20260114,14:35:29.164,,LC,LC2609,63329164,19905,19905,63329164,visible_execution_drop,162460.0,4.447799999999999,5,"LC2605,LC2607,LC2603,LC2606,LC2602",20,240,289.46,161660.0,161984.92307692306,40.0,49.242890557675736,23.753846153846823,29.24270116194365,,,31.224799999999995,26.651999999999997,35.75,40.0,49.242890557675736,detector_event_depth,65.0,10529020.0,65.0,30880.000000000873,trade_recovered_3s,0.49,,0.49,
aggregated-tick-v1,AUTO_INFERRED_V1,validated,NI2603|21:23:05.000,20260114,21:23:05.000,,NI,NI2603,1385000,2770,2770,1385000,visible_execution_drop,139850.0,4.07715,4,"NI2602,NI2604,NI2609,NI2606",20,525,290.0,139500.0,139675.94827586206,35.0,25.026814444047194,17.405172413794208,12.445600581905047,,,20.0,20.0,31.75,35.0,25.026814444047194,detector_event_depth,116.0,16202410.0,116.0,20190.00000000128,trade_recovered_3s,0.5,,0.5,
aggregated-tick-v1,AUTO_INFERRED_V1,validated,NI2603|13:57:54.500,20260114,13:57:54.500,,NI,NI2603,61074500,46788,46788,61074500,visible_execution_drop,139557.5,3.7065,4,"NI2605,NI2604,NI2609,NI2606",20,563,290.0,139220.0,139419.62025316455,33.75,24.183580244702004,13.7879746835446,9.87978050878283,,,25.2216,22.71280000001821,17.75,33.75,24.183580244702004,detector_event_depth,158.0,22028300.0,158.0,21785.000000000466,trade_recovered_3s,0.5,,0.5,
aggregated-tick-v1,AUTO_INFERRED_V1,validated,NI2604|21:38:17.000,20260114,21:38:17.000,,NI,NI2604,2297000,4522,4522,2297000,visible_execution_drop,140407.5,2.9652,4,"NI2602,NI2605,NI2609,NI2606",20,118,290.0,140100.0,140209.3023255814,30.75,21.90053950109503,19.819767441859582,14.115889423185788,,,20.0,20.0,30.75,30.75,21.90053950109503,detector_event_depth,43.0,6029000.0,43.0,8522.499999999622,trade_recovered_3s,0.5,,0.5,
aggregated-tick-v1,AUTO_INFERRED_V1,validated,NI2604|10:37:41.000,20260114,10:37:41.000,,NI,NI2604,49061000,35166,35166,49061000,visible_execution_drop,142235.0,0.7413,5,"NI2602,NI2603,NI2605,NI2609,NI2606",20,104,290.0,141940.0,142040.0,29.5,20.740324111505608,19.5,13.709705768622351,,,24.7216,24.7216,29.5,29.5,20.740324111505608,detector_event_depth,20.0,2840800.0,20.0,3900.0,quote_only_recovered_3s,3.5,,0.5,
aggregated-tick-v1,AUTO_INFERRED_V1,validated,SN2602|21:25:29.500,20260114,21:25:29.500,,SN,SN2602,1529500,3059,3059,1529500,visible_execution_drop,390835.0,5.1891,5,"SN2603,SN2604,SN2605,SN2606,SN2607",20,456,290.0,390280.0,390542.3529411765,55.5,14.200365883301137,29.264705882355337,7.487739297236772,,,49.300799999999995,42.00752727275893,55.5,55.5,14.200365883301137,detector_event_depth,51.0,19917660.0,51.0,14925.000000001222,trade_recovered_3s,0.5,,0.5,
aggregated-tick-v1,AUTO_INFERRED_V1,validated,SN2602|22:30:13.000,20260114,22:30:13.000,22:30:14.000,SN,SN2602,5413000,10826,10826,5413000,"visible_execution_drop,interval_execution_drop",394887.5,6.6716999999999995,4,"SN2603,SN2604,SN2605,SN2606",20,526,290.0,394300.0,394572.9411764706,58.75,14.877655028330851,31.45588235293981,7.965783255468914,394371.2753623189,51.62246376811527,35.0824,30.66909333332279,54.75,58.75,14.877655028330851,detector_event_depth,102.0,40246440.0,102.0,32084.999999998603,trade_recovered_3s,0.5,2.0,1.0,
aggregated-tick-v1,AUTO_INFERRED_V1,validated,SN2602|23:18:05.000,20260114,23:18:05.000,23:18:06.000,SN,SN2602,8285000,16570,16570,8285000,"visible_execution_drop,interval_execution_drop",395265.0,5.1891,3,"SN2604,SN2605,SN2606",20,482,290.0,394680.0,394280.15625,58.5,14.800197335964478,98.484375,24.91603734203636,394457.92307692306,80.70769230769365,36.0824,35.48936,78.31506283068738,80.70769230769365,20.418628592891768,detector_event_depth,192.0,75701790.0,192.0,189090.0,trade_recovered_3s,2.0,2.0,2.0,
aggregated-tick-v1,AUTO_INFERRED_V1,validated,SN2602|00:27:04.000,20260114,00:27:04.000,,SN,SN2602,12424000,24745,24745,12424000,visible_execution_drop,396160.0,3.7065,5,"SN2603,SN2604,SN2605,SN2606,SN2607",20,331,290.0,395710.0,395962.1052631579,45.0,11.359046849757672,19.78947368420777,4.995323526910281,,,42.977999999999994,37.0476,35.57894736842136,45.0,11.359046849757672,detector_event_depth,38.0,15046560.0,38.0,7519.999999998952,trade_recovered_3s,0.5,,0.5,
aggregated-tick-v1,AUTO_INFERRED_V1,validated,SN2603|22:16:20.500,20260114,22:16:20.500,22:16:21.500,SN,SN2603,4580500,9160,9160,4580500,interval_execution_drop,397540.0,4.447799999999999,5,"SN2602,SN2604,SN2605,SN2606,SN2607",20,395,290.0,397230.0,396976.3768115942,31.0,7.797957438245208,56.362318840582155,14.177773014182762,396996.375,54.3625,50.8736,44.784266666659,44.862318840582155,54.3625,13.67472455601952,detector_event_depth,69.0,27391370.0,69.0,38890.00000000169,trade_recovered_3s,,1.5,0.5,
aggregated-tick-v1,AUTO_INFERRED_V1,validated,SN2603|23:18:05.000,20260114,23:18:05.000,23:18:06.000,SN,SN2603,8285000,16564,16564,8285000,"visible_execution_drop,interval_execution_drop",395755.0,8.1543,4,"SN2602,SN2604,SN2605,SN2606",20,325,290.0,395000.0,395323.4482758621,75.5,19.07745953936147,43.1551724137913,10.904517293222144,395266.2337662338,48.876623376621865,34.5824,31.117199999999997,57.82357142857218,75.5,19.07745953936147,detector_event_depth,29.0,11464380.0,29.0,12514.999999999476,trade_recovered_3s,1.0,1.5,1.0,
aggregated-tick-v1,AUTO_INFERRED_V1,validated,SN2603|23:27:11.000,20260114,23:27:11.000,,SN,SN2603,8831000,17653,17653,8831000,visible_execution_drop,396655.0,6.6716999999999995,5,"SN2602,SN2604,SN2605,SN2606,SN2607",20,398,290.0,396120.0,396376.4,53.5,13.487791657737832,27.859999999997672,7.023735992234478,,,48.9432,47.25711999999999,48.25,53.5,13.487791657737832,detector_event_depth,25.0,9909410.0,25.0,6964.999999999418,trade_recovered_3s,0.5,,0.5,
aggregated-tick-v1,AUTO_INFERRED_V1,validated,SN2603|00:27:31.000,20260114,00:27:31.000,,SN,SN2603,12451000,24775,24775,12451000,visible_execution_drop,396345.0,8.1543,5,"SN2602,SN2604,SN2605,SN2606,SN2607",20,159,290.0,395910.0,396144.5,43.5,10.975286682057298,20.05,5.058724091385031,,,42.0128,42.0128,43.0,43.5,10.975286682057298,detector_event_depth,20.0,7922890.0,20.0,4010.0,trade_recovered_3s,2.0,,0.5,
aggregated-tick-v1,AUTO_INFERRED_V1,validated,SN2604|21:28:35.000,20260114,21:28:35.000,,SN,SN2604,1715000,3423,3423,1715000,visible_execution_drop,389360.0,4.447799999999999,4,"SN2602,SN2603,SN2605,SN2606",20,177,290.0,388750.0,388960.0,61.0,15.66673515512636,40.0,10.27326895418122,,,51.0888,51.3388,61.0,61.0,15.66673515512636,detector_event_depth,3.0,1166880.0,3.0,1200.0,quote_only_recovered_3s,4.5,,0.5,
aggregated-tick-v1,AUTO_INFERRED_V1,validated,AG2602|01:04:24.000,20260115,01:04:24.000,,AG,AG2602,14664000,28379,28379,14664000,visible_execution_drop,23144.5,2.9652,5,"AG2604,AG2606,AG2605,AG2608,AG2603",20,153,290.0,23109.0,23126.5,35.5,15.338417334571927,18.0,7.777225690768866,,,31.867199999999997,31.3241600000079,35.5,35.5,15.338417334571927,detector_event_depth,8.0,2775180.0,8.0,2160.0,trade_recovered_3s,1.5,,0.5,
aggregated-tick-v1,AUTO_INFERRED_V1,validated,AG2602|01:40:46.000,20260115,01:40:46.000,,AG,AG2602,16846000,32402,32402,16846000,visible_execution_drop,22945.0,2.9652,3,"AG2606,AG2608,AG2603",20,111,290.0,22900.0,22922.416666666668,45.0,19.612115929396385,22.58333333333212,9.84237669790025,,,41.0128,47.4432,37.375,45.0,19.612115929396385,detector_event_depth,12.0,4126035.0,12.0,4064.9999999997817,trade_recovered_3s,0.5,,0.5,
aggregated-tick-v1,AUTO_INFERRED_V1,validated,AG2603|09:27:13.000,20260115,09:27:13.000,,AG,AG2603,44833000,41996,41996,44833000,visible_execution_drop,22728.5,1.85325,4,"AG2604,AG2606,AG2605,AG2608",20,262,290.0,22680.0,22700.045454545456,48.5,21.33884770222408,28.45454545454413,12.519323956505769,,,47.9432,45.727999999999994,48.5,48.5,21.33884770222408,detector_event_depth,22.0,7491015.0,22.0,9389.999999999563,trade_recovered_3s,0.5,,0.5,
aggregated-tick-v1,AUTO_INFERRED_V1,validated,AG2603|10:05:43.500,20260115,10:05:43.500,,AG,AG2603,47143500,46602,46602,47143500,visible_execution_drop,22549.0,2.9652,3,"AG2606,AG2605,AG2602",20,226,290.0,22472.0,22501.1,77.0,34.14785578074416,47.900000000001455,21.24262716750253,,,49.0334,47.550799999999995,73.0,77.0,34.14785578074416,detector_event_depth,20.0,6750330.0,20.0,14370.000000000437,trade_recovered_3s,2.0,,0.5,
aggregated-tick-v1,AUTO_INFERRED_V1,validated,AG2604|11:14:46.500,20260115,11:14:46.500,11:14:47.500,AG,AG2604,51286500,53957,53957,51286500,interval_execution_drop,22200.0,3.7065,5,"AG2606,AG2605,AG2608,AG2602,AG2603",20,568,290.0,22200.0,22163.40357852883,0.0,0.0,36.5964214711712,16.484874536563602,22168.332268370606,31.66773162939353,30.151999999999997,24.501478181776832,36.4714214711712,31.66773162939353,14.264743977204294,detector_event_depth,503.0,167222880.0,503.0,276119.99999998667,trade_recovered_3s,,1.5,0.5,
aggregated-tick-v1,AUTO_INFERRED_V1,validated,AG2605|21:30:27.000,20260115,21:30:27.000,,AG,AG2605,1827000,3654,3654,1827000,visible_execution_drop,23081.0,7.412999999999999,5,"AG2604,AG2606,AG2608,AG2602,AG2603",20,556,290.0,23045.0,23067.571428571428,36.0,15.597244486807332,13.428571428572468,5.8180197688889,,,24.7216,21.7564,27.249401913875772,36.0,15.597244486807332,detector_event_depth,14.0,4844190.0,14.0,2820.0000000002183,trade_recovered_3s,0.5,,0.5,
aggregated-tick-v1,AUTO_INFERRED_V1,validated,AG2605|23:02:18.500,20260115,23:02:18.500,,AG,AG2605,7338500,14676,14676,7338500,visible_execution_drop,22992.0,3.7065,5,"AG2604,AG2606,AG2608,AG2602,AG2603",20,517,290.0,22961.0,22978.4,31.0,13.48295059151009,13.599999999998545,5.915100904661858,,,23.2216,22.965082352930168,30.714285714282596,31.0,13.48295059151009,detector_event_depth,40.0,13787040.0,40.0,8159.999999999127,trade_recovered_3s,0.5,,0.5,
aggregated-tick-v1,AUTO_INFERRED_V1,validated,AG2605|23:53:17.000,20260115,23:53:17.000,,AG,AG2605,10397000,20790,20790,10397000,visible_execution_drop,23098.0,2.2239,5,"AG2604,AG2606,AG2608,AG2602,AG2603",20,434,290.0,23070.0,23082.0,28.0,12.122261667676854,16.0,6.9270066672439174,,,22.2216,20.0,28.0,28.0,12.122261667676854,detector_event_depth,14.0,4847220.0,14.0,3360.0,trade_recovered_3s,0.5,,0.5,
aggregated-tick-v1,AUTO_INFERRED_V1,validated,AG2605|10:00:05.000,20260115,10:00:05.000,,AG,AG2605,46805000,46677,46677,46805000,visible_execution_drop,22307.0,4.4478,5,"AG2604,AG2606,AG2608,AG2602,AG2603",20,505,290.0,22282.0,22290.0,25.0,11.207244362756086,17.0,7.6209261666741375,,,23.2216,23.2216,15.0,25.0,11.207244362756086,detector_event_depth,14.0,4680900.0,14.0,3570.0,trade_recovered_3s,0.5,,0.5,
aggregated-tick-v1,AUTO_INFERRED_V1,validated,AG2606|21:34:39.000,20260115,21:34:39.000,21:34:40.000,AG,AG2606,2079000,4158,4158,2079000,"visible_execution_drop,interval_execution_drop",23047.5,5.9304,5,"AG2604,AG2605,AG2608,AG2602,AG2603",20,569,290.0,22998.0,23013.902597402597,49.5,21.477383664171818,33.597402597402834,14.577460721294212,23011.101554404144,36.398445595856174,36.5824,31.70019428566316,49.5,49.5,21.477383664171818,detector_event_depth,308.0,106324230.0,308.0,155220.0000000011,trade_recovered_3s,0.5,1.5,0.5,
aggregated-tick-v1,AUTO_INFERRED_V1,validated,AG2606|21:34:52.500,20260115,21:34:52.500,21:34:53.500,AG,AG2606,2092000,4185,4185,2092500,"visible_execution_drop,interval_execution_drop",23049.5,2.59455,4,"AG2605,AG2608,AG2602,AG2603",20,568,290.0,23025.0,23007.24331550802,24.5,10.629297815570837,42.256684491978376,18.333015680157217,23012.98724954463,36.51275045537113,34.974799999999995,32.50014029851535,33.59990483096226,36.51275045537113,15.841016271663651,detector_event_depth,374.0,129070635.0,566.0,237059.9999999987,trade_recovered_3s,0.5,1.5,0.5,
aggregated-tick-v1,AUTO_INFERRED_V1,validated,AG2606|09:14:49.500,20260115,09:14:49.500,,AG,AG2606,44089500,41295,41295,44089500,visible_execution_drop,22976.75,4.07715,4,"AG2604,AG2608,AG2602,AG2603",20,549,290.0,22951.0,22968.527472527472,25.75,11.20698096989348,8.222527472527872,3.578629472195969,,,25.7216,25.577635820925547,25.75,25.75,11.20698096989348,detector_event_depth,91.0,31352040.0,91.0,11223.750000000546,trade_recovered_3s,0.5,,0.5,
aggregated-tick-v1,AUTO_INFERRED_V1,validated,AG2606|09:31:18.000,20260115,09:31:18.000,09:31:19.000,AG,AG2606,45078000,43272,43272,45078000,"visible_execution_drop,interval_execution_drop",22181.75,6.30105,4,"AG2605,AG2608,AG2602,AG2603",20,481,290.0,22125.0,22141.707692307693,56.75,25.584095033078995,40.04230769230708,18.051915512665627,22145.815789473687,35.93421052631311,36.5476,32.766089411764995,56.37179487179674,56.75,25.584095033078995,detector_event_depth,195.0,64764495.0,195.0,117123.7499999982,trade_recovered_3s,0.5,1.5,0.5,
aggregated-tick-v1,AUTO_INFERRED_V1,validated,AG2608|22:31:11.500,20260115,22:31:11.500,,AG,AG2608,5471500,10924,10924,5472000,"visible_execution_drop,interval_execution_drop",23189.75,1.11195,4,"AG2604,AG2606,AG2605,AG2602",20,381,290.0,23165.0,23172.632653061224,24.75,10.672818810034604,17.11734693877588,7.381427975194162,,,24.2216,20.268000000014386,19.549999999999272,24.75,10.672818810034604,detector_event_depth,98.0,34063770.0,208.0,25162.500000000546,trade_recovered_3s,0.5,2.0,0.5,
aggregated-tick-v1,AUTO_INFERRED_V1,validated,AG2608|01:17:09.000,20260115,01:17:09.000,,AG,AG2608,15429000,30682,30682,15429000,visible_execution_drop,22973.25,1.85325,4,"AG2604,AG2606,AG2602,AG2603",20,269,290.0,22930.0,22960.058823529413,43.25,18.82624356588641,13.19117647058738,5.741972281060528,,,29.651999999999997,29.651999999999997,43.25,43.25,18.82624356588641,detector_event_depth,17.0,5854815.0,17.0,3363.7499999997817,trade_recovered_3s,0.5,,0.5,
aggregated-tick-v1,AUTO_INFERRED_V1,validated,AG2608|11:21:46.500,20260115,11:21:46.500,,AG,AG2608,51706500,54455,54455,51706500,visible_execution_drop,22088.5,5.1891,5,"AG2604,AG2606,AG2605,AG2602,AG2603",20,410,290.0,22050.0,22078.88235294118,38.5,17.429884328949452,9.617647058821603,4.354142227322635,,,30.651999999999997,30.651999999999997,38.5,38.5,17.429884328949452,detector_event_depth,17.0,5630115.0,17.0,2452.499999999509,trade_recovered_3s,0.5,,0.5,
aggregated-tick-v1,AUTO_INFERRED_V1,validated,AG2609|09:26:26.000,20260115,09:26:26.000,,AG,AG2609,44786000,41935,41935,44786000,visible_execution_drop,22694.5,4.4478,5,"AG2604,AG2606,AG2605,AG2608,AG2602",20,196,290.0,22648.0,22673.0,46.5,20.489545925224174,21.5,9.473661019189672,,,39.7367,43.4432,46.5,46.5,20.489545925224174,detector_event_depth,3.0,1020285.0,3.0,967.5,trade_recovered_3s,3.0,,0.5,
aggregated-tick-v1,AUTO_INFERRED_V1,validated,AG2610|10:56:39.500,20260115,10:56:39.500,,AG,AG2610,50199500,51132,51132,50199500,visible_execution_drop,22444.0,0.7413,5,"AG2604,AG2606,AG2605,AG2608,AG2602",20,158,290.0,22396.0,22420.0,48.0,21.38656211014079,24.0,10.693281055070395,,,42.9954,42.9954,48.0,48.0,21.38656211014079,detector_event_depth,2.0,672600.0,2.0,720.0,trade_recovered_3s,1.5,,0.5,
aggregated-tick-v1,AUTO_INFERRED_V1,validated,AG2612|21:53:03.000,20260115,21:53:03.000,,AG,AG2612,3183000,6348,6348,3183000,visible_execution_drop,23205.5,1.4826,5,"AG2604,AG2606,AG2605,AG2608,AG2602",20,111,290.0,23154.0,23200.375,51.5,22.193014587059103,5.125,2.20852815065394,,,47.4606,43.5128,51.5,51.5,22.193014587059103,detector_event_depth,8.0,2784045.0,8.0,615.0,trade_recovered_3s,1.0,,0.5,
aggregated-tick-v1,AUTO_INFERRED_V1,validated,EC2604|11:25:52.000,20260115,11:25:52.000,11:25:53.000,EC,EC2604,51950000,14622,14622,51952000,"visible_execution_drop,interval_execution_drop",1213.7000000000005,2.372159999999865,5,"EC2602,EC2606,EC2610,EC2608,EC2612",20,276,290.0,1173.5000000000002,1178.7130597014925,80.40000000000009,331.2185877894046,69.97388059701552,288.26678996875467,1176.8842672413791,73.63146551724185,39.68239999998779,39.616313333337125,27.196014556878257,80.40000000000009,331.2185877894046,detector_event_depth,268.0,15794755.0,836.0,468825.000000004,persistent_10s,,,,
aggregated-tick-v1,AUTO_INFERRED_V1,validated,IC2601|10:38:33.800,20260115,10:38:33.800,,IC,IC2601,49113800,7885,7885,49113800,visible_execution_drop,8209.9,0.0,3,"IC2603,IC2602,IC2606",20,255,290.0,8197.2,8204.16,63.49999999999454,15.469128734818826,28.69999999999891,6.99155897148538,,,33.58240000014036,31.772266666608523,63.49999999999454,63.49999999999454,15.469128734818826,detector_event_depth,10.0,16408320.0,10.0,11479.999999999563,trade_recovered_3s,0.5,,0.5,
aggregated-tick-v1,AUTO_INFERRED_V1,validated,IC2601|14:38:32.300,20260115,14:38:32.300,14:38:33.300,IC,IC2601,63512300,23635,23635,63512800,"visible_execution_drop,interval_execution_drop",8203.4,0.0,3,"IC2603,IC2602,IC2606",20,298,290.0,8166.0,8187.02,186.99999999999815,45.59085257332281,81.899999999996,19.967330619010657,8179.027586206897,121.8620689655154,79.85389999996445,67.50179999998693,185.99999999999457,186.99999999999815,45.59085257332281,detector_event_depth,40.0,65496160.0,86.0,131039.9999999936,trade_recovered_3s,0.5,2.0,0.5,
aggregated-tick-v1,AUTO_INFERRED_V1,validated,IC2602|09:52:34.300,20260115,09:52:34.300,,IC,IC2602,46354300,2657,2657,46354300,visible_execution_drop,8187.500000000001,6.742084224242717e-12,3,"IC2603,IC2601,IC2606",20,259,290.0,8180.2,8184.066666666667,36.50000000000546,8.916030534352476,17.166666666671517,4.193384223919759,,,34.0824000000746,34.082399999917335,36.50000000000546,36.50000000000546,8.916030534352476,detector_event_depth,3.0,4910440.0,3.0,2060.000000000582,trade_recovered_3s,1.0,,0.5,
aggregated-tick-v1,AUTO_INFERRED_V1,validated,IC2602|14:50:25.800,20260115,14:50:25.800,,IC,IC2602,64225800,24026,24026,64225800,visible_execution_drop,8206.0,0.7412999999892126,3,"IC2603,IC2601,IC2606",20,326,290.0,8186.0,8197.44,100.0,24.372410431391664,42.79999999999745,10.431391664635012,,,73.66479999992163,61.30400000015999,100.0,100.0,24.372410431391664,detector_event_depth,10.0,16394880.0,10.0,17119.99999999898,trade_recovered_3s,1.0,,0.5,
aggregated-tick-v1,AUTO_INFERRED_V1,validated,LC2603|09:16:54.752,20260115,09:16:54.752,,LC,LC2603,44214752,1510,1510,44214752,visible_execution_drop,159977.5,2.9652,4,"LC2605,LC2607,LC2609,LC2606",20,137,289.047,158840.0,159132.19512195123,56.875,71.10374896469816,42.26524390243867,52.83898536036464,,,53.8388,47.9084,42.375,56.875,71.10374896469816,detector_event_depth,41.0,6524420.0,41.0,34657.49999999971,trade_recovered_3s,0.923,,0.388,
aggregated-tick-v1,AUTO_INFERRED_V1,validated,LC2605|11:23:07.754,20260115,11:23:07.754,,LC,LC2605,51787754,13733,13733,51787754,visible_execution_drop,159235.0,4.81845,5,"LC2607,LC2609,LC2603,LC2602,LC2606",20,518,289.355,158600.0,158986.08,31.75,39.87816748830345,12.44600000000064,15.632241655415756,,,30.367199999999997,25.432373333330705,31.75,31.75,39.87816748830345,detector_event_depth,125.0,19873260.0,125.0,31115.0000000016,trade_recovered_3s,0.435,,0.435,
aggregated-tick-v1,AUTO_INFERRED_V1,validated,NI2602|00:59:44.500,20260115,00:59:44.500,,NI,NI2602,14384500,28768,28768,14384500,visible_execution_drop,149080.0,2.9652,5,"NI2603,NI2605,NI2604,NI2609,NI2606",20,573,290.0,148880.0,149002.6530612245,20.0,13.415615776764154,7.734693877550308,5.188284060605251,,,20.0,20.0,18.20454545454559,20.0,13.415615776764154,detector_event_depth,49.0,7301130.0,49.0,3789.999999999651,trade_recovered_3s,0.5,,0.5,
aggregated-tick-v1,AUTO_INFERRED_V1,validated,NI2602|00:59:56.500,20260115,00:59:56.500,,NI,NI2602,14396500,28792,28792,14396500,visible_execution_drop,149060.0,7.412999999999999,3,"NI2605,NI2609,NI2606",20,572,290.0,148860.0,148959.5652173913,20.0,13.41741580571582,10.043478260870325,6.7378761980882365,,,20.0,20.0,16.85,20.0,13.41741580571582,detector_event_depth,23.0,3426070.0,23.0,2310.0000000001746,trade_recovered_3s,0.5,,0.5,
aggregated-tick-v1,AUTO_INFERRED_V1,validated,NI2602|09:24:33.000,20260115,09:24:33.000,09:24:34.000,NI,NI2602,44672500,31747,31747,44673000,"visible_execution_drop,interval_execution_drop",147635.0,2.9652,3,"NI2605,NI2604,NI2609",20,579,290.0,147490.0,147339.31216931218,14.5,9.821519287431842,29.568783068782068,20.0283016010987,147389.69941348972,24.530058651027502,20.0,20.0,27.818783068782068,24.530058651027502,16.61534097675179,detector_event_depth,756.0,111388520.0,1125.0,223539.99999999243,trade_recovered_3s,0.5,1.5,0.5,
aggregated-tick-v1,AUTO_INFERRED_V1,validated,NI2602|09:24:46.000,20260115,09:24:46.000,,NI,NI2602,44686000,31773,31773,44686000,visible_execution_drop,147370.0,1.4826,5,"NI2603,NI2605,NI2604,NI2609,NI2606",20,578,290.0,147090.0,147277.1568627451,28.0,18.99979643075253,9.284313725490938,6.300002527984622,,,20.0,20.0,24.24390243902453,28.0,18.99979643075253,detector_event_depth,102.0,15022270.0,102.0,9470.000000000757,trade_recovered_3s,0.5,,0.5,
aggregated-tick-v1,AUTO_INFERRED_V1,validated,NI2602|09:26:07.500,20260115,09:26:07.500,,NI,NI2602,44767500,31936,31936,44767500,visible_execution_drop,146072.5,8.52495,4,"NI2603,NI2605,NI2604,NI2609",20,571,290.0,145780.0,145927.71689497717,29.25,20.024303000222492,14.478310502282692,9.911729108684176,,,21.2564,20.96516338982992,25.75,29.25,20.024303000222492,detector_event_depth,219.0,31958170.0,219.0,31707.499999999098,trade_recovered_3s,0.5,,1.0,
aggregated-tick-v1,AUTO_INFERRED_V1,validated,NI2603|09:24:33.500,20260115,09:24:33.500,,NI,NI2603,44673500,31358,31358,44674000,visible_execution_drop,147765.0,4.447799999999999,3,"NI2604,NI2609,NI2606",20,520,290.0,147500.0,147619.2356687898,26.5,17.933881501032044,14.576433121020091,9.864604690569546,,,20.0,20.0,22.92857142857101,26.5,17.933881501032044,detector_event_depth,157.0,23176220.0,402.0,22885.000000001543,trade_recovered_3s,1.5,,0.5,
aggregated-tick-v1,AUTO_INFERRED_V1,validated,NI2603|11:21:16.000,20260115,11:21:16.000,,NI,NI2603,51676000,43560,43560,51676000,visible_execution_drop,145517.5,3.7065,4,"NI2602,NI2605,NI2604,NI2609",20,555,290.0,145250.0,145401.69491525425,26.75,18.38266875118113,11.58050847457489,7.958155187228264,,,21.0064,20.0,24.6875,26.75,18.38266875118113,detector_event_depth,59.0,8578700.0,59.0,6832.499999999185,trade_recovered_3s,0.5,,0.5,
aggregated-tick-v1,AUTO_INFERRED_V1,validated,NI2603|13:59:29.500,20260115,13:59:29.500,13:59:30.500,NI,NI2603,61169500,48146,48146,61169500,visible_execution_drop,145705.0,0.7413,5,"NI2602,NI2605,NI2604,NI2609,NI2606",20,474,290.0,145450.0,145495.76923076922,25.5,17.501115267149377,20.92307692307804,14.359889449969488,145595.30973451328,10.969026548671536,20.5064,20.0,23.29166666666715,25.5,17.501115267149377,detector_event_depth,52.0,7565780.0,52.0,10880.000000000582,trade_recovered_3s,0.5,,0.5,
aggregated-tick-v1,AUTO_INFERRED_V1,validated,NI2604|21:04:15.000,20260115,21:04:15.000,,NI,NI2604,255000,510,510,255000,visible_execution_drop,145060.0,2.2238999999999995,4,"NI2602,NI2603,NI2605,NI2606",20,293,244.5,144670.0,144891.0945273632,39.0,26.885426719977943,16.890547263680492,11.643835146615531,,,29.651999999999997,29.151999999999997,34.82142857142899,39.0,26.885426719977943,detector_event_depth,201.0,29123110.0,201.0,33949.99999999779,trade_recovered_3s,0.5,,0.5,
aggregated-tick-v1,AUTO_INFERRED_V1,validated,NI2604|21:30:30.000,20260115,21:30:30.000,,NI,NI2604,1830000,3651,3651,1830000,visible_execution_drop,144305.0,0.7413,4,"NI2603,NI2605,NI2609,NI2606",20,231,290.0,144000.0,144105.0,30.5,21.13578878070753,20.0,13.859533626693462,,,29.651999999999997,26.477485714301753,25.0,30.5,21.13578878070753,detector_event_depth,22.0,3170310.0,22.0,4400.0,trade_recovered_3s,0.5,,0.5,
aggregated-tick-v1,AUTO_INFERRED_V1,validated,NI2604|22:20:22.000,20260115,22:20:22.000,,NI,NI2604,4822000,9611,9611,4822000,visible_execution_drop,150945.0,1.85325,3,"NI2602,NI2603,NI2606",20,398,290.0,150720.0,150793.5294117647,22.5,14.90609162277651,15.147058823530095,10.034819850627777,,,22.2216,20.0,22.5,22.5,14.90609162277651,detector_event_depth,17.0,2563490.0,17.0,2575.0000000001164,trade_recovered_3s,0.5,,0.5,
aggregated-tick-v1,AUTO_INFERRED_V1,validated,NI2604|09:04:31.500,20260115,09:04:31.500,,NI,NI2604,43471500,27438,27438,43471500,visible_execution_drop,149365.0,7.412999999999999,4,"NI2602,NI2605,NI2609,NI2606",20,261,261.0,149110.0,149110.0,25.5,17.072272620761222,25.5,17.072272620761222,,,23.7216,26.6868,25.5,25.5,17.072272620761222,detector_event_depth,1.0,149110.0,1.0,255.0,trade_recovered_3s,2.0,,0.5,
aggregated-tick-v1,AUTO_INFERRED_V1,validated,NI2605|22:20:12.000,20260115,22:20:12.000,22:20:13.000,NI,NI2605,4812000,9618,9618,4812000,visible_execution_drop,150785.0,3.7065,3,"NI2602,NI2604,NI2606",20,539,290.0,150550.0,150565.97402597402,23.5,15.58510461915973,21.902597402597895,14.525713700035078,150593.67088607594,19.132911392406093,21.0064,20.0,15.603960396039474,23.5,15.58510461915973,detector_event_depth,77.0,11593580.0,77.0,16865.00000000038,trade_recovered_3s,0.5,,0.5,
aggregated-tick-v1,AUTO_INFERRED_V1,validated,NI2605|22:21:22.500,20260115,22:21:22.500,,NI,NI2605,4882500,9759,9759,4882500,visible_execution_drop,151662.5,8.1543,4,"NI2602,NI2603,NI2604,NI2609",20,479,290.0,151450.0,151509.2857142857,21.25,14.011373938844477,15.321428571428989,10.102318352545282,,,20.7564,20.0,14.825,21.25,14.011373938844477,detector_event_depth,14.0,2121130.0,14.0,2145.000000000058,trade_recovered_3s,0.5,,0.5,
aggregated-tick-v1,AUTO_INFERRED_V1,validated,NI2609|22:18:48.500,20260115,22:18:48.500,,NI,NI2609,4728500,9235,9235,4728500,visible_execution_drop,149692.5,1.85325,5,"NI2602,NI2603,NI2605,NI2604,NI2606",20,172,290.0,149330.0,149436.25,36.25,24.216310102376536,25.625,17.118426106852382,,,32.152,32.152,34.875,36.25,24.216310102376536,detector_event_depth,8.0,1195490.0,8.0,2050.0,quote_only_recovered_3s,6.5,,0.5,
aggregated-tick-v1,AUTO_INFERRED_V1,validated,NI2609|22:20:21.000,20260115,22:20:21.000,22:20:22.000,NI,NI2609,4821000,9409,9409,4821000,"visible_execution_drop,interval_execution_drop",150835.0,5.1891,5,"NI2602,NI2603,NI2605,NI2604,NI2606",20,178,290.0,150520.0,150510.0,31.5,20.88374714091557,32.5,21.546723240627173,150494.41176470587,34.05882352941262,28.6694,26.0792,16.5,34.05882352941262,22.58018598429583,detector_event_depth,6.0,903060.0,6.0,1950.0,trade_recovered_3s,0.5,1.5,0.5,
aggregated-tick-v1,AUTO_INFERRED_V1,validated,SN2602|22:50:51.000,20260115,22:50:51.000,22:50:52.000,SN,SN2602,6651000,13302,13302,6651000,interval_execution_drop,429885.0,0.0,3,"SN2605,SN2606,SN2607",20,498,290.0,429490.0,428957.82608695654,39.5,9.188503902206405,92.7173913043458,21.56795219752859,429280.4214559387,60.45785440612817,61.303999999999995,51.27880000001643,75.40148221343696,60.45785440612817,14.063727370373046,detector_event_depth,46.0,19732060.0,46.0,42649.99999999907,trade_recovered_3s,,2.0,0.5,
aggregated-tick-v1,AUTO_INFERRED_V1,validated,SN2602|00:43:11.500,20260115,00:43:11.500,00:43:12.500,SN,SN2602,13391500,26747,26747,13392000,"visible_execution_drop,interval_execution_drop",439632.5,1.85325,3,"SN2603,SN2604,SN2605",20,382,290.0,437600.0,438550.7291666667,203.25,46.23179587496375,108.1770833333314,24.606252570802067,438541.1934156379,109.13065843621152,48.4432,43.15583999999999,195.25,203.25,46.23179587496375,detector_event_depth,96.0,42100870.0,190.0,103849.99999999814,trade_recovered_3s,1.0,2.0,1.0,
aggregated-tick-v1,AUTO_INFERRED_V1,validated,SN2602|11:27:05.000,20260115,11:27:05.000,,SN,SN2602,52025000,44614,44614,52025000,visible_execution_drop,425935.0,9.6369,5,"SN2603,SN2604,SN2605,SN2606,SN2607",20,395,290.0,425170.0,425528.07692307694,76.5,17.960486928756733,40.69230769230635,9.553642619720462,,,70.1648,56.82006153842699,60.5625,76.5,17.960486928756733,detector_event_depth,26.0,11063730.0,26.0,10579.99999999965,trade_recovered_3s,0.5,,0.5,
aggregated-tick-v1,AUTO_INFERRED_V1,validated,SN2602|13:33:07.000,20260115,13:33:07.000,,SN,SN2602,59587000,45339,45339,59587000,visible_execution_drop,426630.0,5.1891,3,"SN2604,SN2605,SN2607",20,118,176.5,425600.0,426279.4444444445,103.0,24.142699763260904,35.055555555556204,8.216851969049575,,,88.7408,79.48140689655071,96.69512195122078,103.0,24.142699763260904,detector_event_depth,36.0,15346060.0,36.0,12620.000000000233,trade_recovered_3s,0.5,,0.5,
aggregated-tick-v1,AUTO_INFERRED_V1,validated,SN2602|13:46:47.000,20260115,13:46:47.000,,SN,SN2602,60407000,46979,46979,60407000,visible_execution_drop,427890.0,6.6716999999999995,5,"SN2603,SN2604,SN2605,SN2606,SN2607",20,311,290.0,427120.0,427496.1538461539,77.0,17.99527916053191,39.3846153846127,9.20437855164007,,,68.6648,59.806283760703295,64.5,77.0,17.99527916053191,detector_event_depth,26.0,11114900.0,26.0,10239.999999999302,trade_recovered_3s,0.5,,0.5,
aggregated-tick-v1,AUTO_INFERRED_V1,validated,SN2603|21:59:55.500,20260115,21:59:55.500,21:59:56.500,SN,SN2603,3595500,7191,7191,3595500,"visible_execution_drop,interval_execution_drop",438225.0,7.412999999999999,3,"SN2602,SN2604,SN2605",20,419,290.0,436300.0,437219.40789473685,192.5,43.92720634377317,100.55921052631456,22.94693605483817,437374.0099009901,85.0990099009883,60.303999999999995,52.23013333330838,192.5,192.5,43.92720634377317,detector_event_depth,152.0,66457350.0,152.0,152849.99999999814,trade_recovered_3s,0.5,1.5,0.5,
aggregated-tick-v1,AUTO_INFERRED_V1,validated,SN2603|22:50:49.500,20260115,22:50:49.500,22:50:50.500,SN,SN2603,6649500,13296,13296,6651000,interval_execution_drop,431100.0,7.412999999999999,5,"SN2602,SN2604,SN2605,SN2606,SN2607",20,468,290.0,430990.0,430245.3448275862,11.0,2.551612154952447,85.46551724137971,19.82498660203658,430370.57692307694,72.94230769230634,52.1584,44.27619999997699,76.05056626098522,72.94230769230634,16.920043537997298,detector_event_depth,116.0,49908460.0,207.0,99140.00000000048,trade_recovered_3s,,1.5,0.5,
aggregated-tick-v1,AUTO_INFERRED_V1,validated,SN2603|23:06:08.500,20260115,23:06:08.500,,SN,SN2603,7568500,15133,15133,7568500,visible_execution_drop,430010.0,8.1543,3,"SN2605,SN2606,SN2607",20,351,290.0,429200.0,429374.28571428574,81.0,18.83677123787819,63.571428571426075,14.783709348951438,,,71.1648,66.22279999997698,78.46710526315728,81.0,18.83677123787819,detector_event_depth,14.0,6011240.0,14.0,8899.99999999965,trade_recovered_3s,1.0,,1.0,
aggregated-tick-v1,AUTO_INFERRED_V1,validated,SN2603|00:08:26.000,20260115,00:08:26.000,,SN,SN2603,11306000,22583,22583,11306000,visible_execution_drop,437995.0,0.0,3,"SN2602,SN2604,SN2605",20,267,290.0,437560.0,437792.77777777775,43.5,9.93162022397516,20.222222222224808,4.6169984182981105,,,43.0128,37.0824,43.5,43.5,9.93162022397516,detector_event_depth,18.0,7880270.0,18.0,3640.0000000004657,trade_recovered_3s,0.5,,0.5,
aggregated-tick-v1,AUTO_INFERRED_V1,validated,SN2603|00:43:13.500,20260115,00:43:13.500,,SN,SN2603,13393500,26614,26614,13393500,visible_execution_drop,439441.25,6.115724999999999,2,"SN2604,SN2605",20,246,290.0,439020.0,439267.82608695654,42.125,9.58603681379479,17.342391304345803,3.946464130152962,,,32.5824,28.62880000002301,39.875,42.125,9.58603681379479,detector_event_depth,46.0,20206320.0,46.0,7977.499999999069,trade_recovered_3s,0.5,,0.5,
aggregated-tick-v1,AUTO_INFERRED_V1,validated,SN2604|22:37:06.500,20260115,22:37:06.500,,SN,SN2604,5826500,11648,11648,5826500,visible_execution_drop,437580.0,6.6716999999999995,3,"SN2602,SN2603,SN2605",20,157,290.0,437080.0,437353.0,50.0,11.426482014717308,22.7,5.187622834681658,,,47.4432,44.727999999999994,50.0,50.0,11.426482014717308,detector_event_depth,10.0,4373530.0,10.0,2270.0,trade_recovered_3s,0.5,,0.5,
aggregated-tick-v1,AUTO_INFERRED_V1,validated,SN2604|00:22:03.000,20260115,00:22:03.000,,SN,SN2604,12123000,24126,24126,12123000,visible_execution_drop,441405.0,2.2238999999999995,3,"SN2602,SN2603,SN2605",20,114,290.0,440040.0,440760.0,136.5,30.923981377646378,64.5,14.612430760865871,,,81.09519999999999,81.09519999999999,129.0,136.5,30.923981377646378,detector_event_depth,10.0,4407600.0,10.0,6450.0,trade_recovered_3s,0.5,,0.5,
aggregated-tick-v1,AUTO_INFERRED_V1,validated,SN2605|00:20:20.000,20260115,00:20:20.000,,SN,SN2605,12020000,23927,23927,12020000,visible_execution_drop,440550.0,7.412999999999999,2,"SN2602,SN2604",20,107,290.0,439240.0,439819.2307692307,131.0,29.735557825445465,73.07692307692487,16.587657037095646,,,90.456,91.19439999997698,131.0,131.0,29.735557825445465,detector_event_depth,26.0,11435300.0,26.0,19000.000000000466,trade_recovered_3s,1.5,,0.5,
aggregated-tick-v1,AUTO_INFERRED_V1,validated,AD2603|21:31:20.500,20260116,21:31:20.500,,AD,AD2603,1880500,3750,3750,1880500,visible_execution_drop,22830.0,3.7065,5,"AD2602,AD2605,AD2604,AD2606,AD2609",20,186,290.0,22720.0,22760.446428571428,22.0,48.182216381953566,13.910714285714494,30.465865715537657,,,20.0,20.0,18.875,22.0,48.182216381953566,detector_event_depth,56.0,12745850.0,56.0,38950.00000000058,trade_recovered_3s,0.5,,0.5,
aggregated-tick-v1,AUTO_INFERRED_V1,validated,AG2602|01:06:19.000,20260116,01:06:19.000,,AG,AG2602,14779000,28597,28597,14779000,visible_execution_drop,22927.5,0.7413,3,"AG2606,AG2605,AG2603",20,153,290.0,22873.0,22893.428571428572,54.5,23.77058117980591,34.07142857142753,14.860507500350032,,,37.0824,34.1172,52.5,54.5,23.77058117980591,detector_event_depth,14.0,4807620.0,14.0,7154.999999999782,trade_recovered_3s,0.5,,0.5,
aggregated-tick-v1,AUTO_INFERRED_V1,validated,AG2602|13:36:40.000,20260116,13:36:40.000,,AG,AG2602,59800000,53685,53685,59800000,visible_execution_drop,22679.0,5.1891,5,"AG2604,AG2606,AG2605,AG2608,AG2603",20,212,290.0,22613.0,22626.571428571428,66.0,29.101812249217335,52.42857142857247,23.117673366802975,,,59.3388,54.40259999999281,66.0,66.0,29.101812249217335,detector_event_depth,14.0,4751580.0,14.0,11010.000000000218,trade_recovered_3s,0.5,,0.5,
aggregated-tick-v1,AUTO_INFERRED_V1,validated,AG2604|00:20:11.500,20260116,00:20:11.500,,AG,AG2604,12011000,24021,24021,12011500,visible_execution_drop,22880.0,1.4826,3,"AG2605,AG2602,AG2603",20,579,290.0,22851.0,22863.67307692307,29.0,12.674825174825177,16.326923076925596,7.135892953201746,,,21.2216,20.0,20.5,29.0,12.674825174825177,detector_event_depth,104.0,35667330.0,117.0,25470.00000000393,trade_recovered_3s,0.5,,0.5,
aggregated-tick-v1,AUTO_INFERRED_V1,validated,AG2604|01:46:29.500,20260116,01:46:29.500,,AG,AG2604,17189500,34367,34367,17189500,visible_execution_drop,22885.5,1.4826,4,"AG2606,AG2605,AG2608,AG2602",20,422,290.0,22860.0,22869.05,25.5,11.14242642721374,16.450000000000728,7.187957440300945,,,20.863999999999997,22.7216,25.5,25.5,11.14242642721374,detector_event_depth,20.0,6860715.0,20.0,4935.000000000218,trade_recovered_3s,0.5,,0.5,
aggregated-tick-v1,AUTO_INFERRED_V1,validated,AG2605|23:29:36.000,20260116,23:29:36.000,,AG,AG2605,8976000,17944,17944,8976000,visible_execution_drop,22553.0,5.1891,3,"AG2606,AG2602,AG2603",20,461,290.0,22511.0,22529.36206896552,42.0,18.62279962754401,23.63793103448188,10.481058411068098,,,31.151999999999997,29.7469333333465,42.0,42.0,18.62279962754401,detector_event_depth,58.0,19600545.0,58.0,20564.999999999236,trade_recovered_3s,0.5,,0.5,
aggregated-tick-v1,AUTO_INFERRED_V1,validated,AG2605|00:40:46.000,20260116,00:40:46.000,,AG,AG2605,13246000,26463,26463,13246000,visible_execution_drop,22786.5,2.2239,5,"AG2604,AG2606,AG2608,AG2602,AG2603",20,478,290.0,22758.0,22780.75,28.5,12.50740570074386,5.75,2.523423957167621,,,22.7216,22.993119999996047,27.375,28.5,12.50740570074386,detector_event_depth,4.0,1366845.0,4.0,345.0,trade_recovered_3s,0.5,,0.5,
aggregated-tick-v1,AUTO_INFERRED_V1,validated,AG2605|01:09:21.500,20260116,01:09:21.500,,AG,AG2605,14961500,29875,29875,14961500,visible_execution_drop,22862.0,0.0,5,"AG2604,AG2606,AG2608,AG2602,AG2603",20,412,290.0,22833.0,22847.793103448275,29.0,12.684804479048202,14.20689655172464,6.214196724575558,,,20.0,20.0,29.0,29.0,12.684804479048202,detector_event_depth,29.0,9938790.0,29.0,6180.000000000218,trade_recovered_3s,0.5,,0.5,
aggregated-tick-v1,AUTO_INFERRED_V1,validated,AG2605|09:03:25.000,20260116,09:03:25.000,,AG,AG2605,43405000,39910,39910,43405000,visible_execution_drop,22752.5,3.7065,5,"AG2604,AG2606,AG2608,AG2602,AG2603",20,239,254.5,22705.0,22728.875,47.5,20.8768267223382,23.625,10.383474343478738,,,42.0128,32.79584729345197,44.0,47.5,20.8768267223382,detector_event_depth,8.0,2727465.0,8.0,2835.0,trade_recovered_3s,0.5,,0.5,
aggregated-tick-v1,AUTO_INFERRED_V1,validated,AG2606|01:07:51.500,20260116,01:07:51.500,,AG,AG2606,14871500,29718,29718,14871500,visible_execution_drop,22886.75,1.4826,4,"AG2604,AG2605,AG2608,AG2602",20,450,290.0,22836.0,22864.90740740741,50.75,22.174402219624895,21.842592592591245,9.543772091970787,,,23.2216,23.2216,50.75,50.75,22.174402219624895,detector_event_depth,54.0,18520575.0,54.0,17692.49999999891,trade_recovered_3s,0.5,,0.5,
aggregated-tick-v1,AUTO_INFERRED_V1,validated,AG2606|09:14:19.000,20260116,09:14:19.000,,AG,AG2606,44059000,41252,41252,44059000,visible_execution_drop,22880.0,0.7413,5,"AG2604,AG2605,AG2608,AG2602,AG2603",20,568,290.0,22854.0,22870.484848484848,26.0,11.363636363636363,9.515151515151956,4.15872006781117,,,25.2216,26.08394545455443,26.0,26.0,11.363636363636363,detector_event_depth,66.0,22641780.0,66.0,9420.000000000437,trade_recovered_3s,0.5,,0.5,
aggregated-tick-v1,AUTO_INFERRED_V1,validated,AG2607|09:48:55.000,20260116,09:48:55.000,,AG,AG2607,46135000,45077,45077,46135000,visible_execution_drop,22773.0,2.2239,5,"AG2604,AG2606,AG2605,AG2608,AG2602",20,144,290.0,22735.0,22754.571428571428,38.0,16.686426909058973,18.428571428572468,8.092289741611763,,,29.651999999999997,29.651999999999997,38.0,38.0,16.686426909058973,detector_event_depth,7.0,2389230.0,7.0,1935.0000000001091,trade_recovered_3s,0.5,,0.5,
aggregated-tick-v1,AUTO_INFERRED_V1,validated,AG2607|10:04:09.500,20260116,10:04:09.500,,AG,AG2607,47049500,46841,46841,47049500,visible_execution_drop,22746.5,5.1891,5,"AG2604,AG2606,AG2605,AG2608,AG2602",20,100,290.0,22690.0,22712.333333333332,56.5,24.83898621765986,34.16666666666788,15.02062588383614,,,41.5128,36.0824,56.5,56.5,24.83898621765986,detector_event_depth,9.0,3066165.0,9.0,4612.500000000164,trade_recovered_3s,1.0,,0.5,
aggregated-tick-v1,AUTO_INFERRED_V1,validated,AG2608|23:47:24.000,20260116,23:47:24.000,,AG,AG2608,10044000,20008,20008,10044000,visible_execution_drop,22522.0,2.9652,5,"AG2604,AG2606,AG2605,AG2602,AG2603",20,370,290.0,22477.0,22500.361111111113,45.0,19.980463546754287,21.638888888886868,9.607889569703786,,,23.2216,22.578560000009357,45.0,45.0,19.980463546754287,detector_event_depth,36.0,12150195.0,36.0,11684.999999998909,trade_recovered_3s,0.5,,0.5,
aggregated-tick-v1,AUTO_INFERRED_V1,validated,AG2610|00:29:03.500,20260116,00:29:03.500,,AG,AG2610,12543500,24869,24869,12543500,visible_execution_drop,22861.5,3.7065,5,"AG2604,AG2606,AG2605,AG2608,AG2602",20,123,290.0,22807.0,22840.4,54.5,23.839205651422695,21.099999999998545,9.229490628348334,,,38.0824,38.0824,54.5,54.5,23.839205651422695,detector_event_depth,15.0,5139090.0,15.0,4747.499999999673,trade_recovered_3s,1.0,,0.5,
aggregated-tick-v1,AUTO_INFERRED_V1,validated,AG2610|09:12:21.500,20260116,09:12:21.500,,AG,AG2610,43941500,40734,40734,43941500,visible_execution_drop,22800.0,4.4478,4,"AG2604,AG2606,AG2605,AG2608",20,157,290.0,22765.0,22783.166666666668,35.0,15.350877192982455,16.83333333333212,7.383040935671983,,,31.651999999999997,31.651999999999997,34.5,35.0,15.350877192982455,detector_event_depth,6.0,2050485.0,6.0,1514.9999999998909,trade_recovered_3s,1.0,,0.5,
aggregated-tick-v1,AUTO_INFERRED_V1,validated,AG2610|09:12:49.000,20260116,09:12:49.000,,AG,AG2610,43969000,40789,40789,43969000,visible_execution_drop,22868.5,7.412999999999999,5,"AG2604,AG2606,AG2605,AG2608,AG2602",20,187,290.0,22826.0,22850.333333333332,42.5,18.58451581870258,18.16666666666788,7.9439695068184975,,,31.651999999999997,31.651999999999997,41.0,42.5,18.58451581870258,detector_event_depth,3.0,1028265.0,3.0,817.5000000000546,trade_recovered_3s,1.0,,0.5,
aggregated-tick-v1,AUTO_INFERRED_V1,validated,AG2610|10:36:26.000,20260116,10:36:26.000,,AG,AG2610,48986000,48758,48758,48986000,visible_execution_drop,22281.0,1.4826,5,"AG2604,AG2606,AG2605,AG2608,AG2602",20,346,290.0,22242.0,22258.285714285717,39.0,17.503702706341727,22.714285714282596,10.194464213582243,,,38.0128,44.4432,31.5,39.0,17.503702706341727,detector_event_depth,14.0,4674240.0,14.0,4769.999999999345,trade_recovered_3s,0.5,,0.5,
aggregated-tick-v1,AUTO_INFERRED_V1,validated,BZ2603|21:19:32.723,20260116,21:19:32.723,21:19:33.723,BZ,BZ2603,1172223,1323,1323,1172723,"visible_execution_drop,interval_execution_drop",5593.25,4.8184499999999995,2,"BZ2607,BZ2608",20,139,287.502,5561.0,5560.072164948453,32.25,57.65878514280606,33.177835051546936,59.31763295319704,5559.31875,33.931249999999636,26.2216,26.2216,26.15700171821345,33.931249999999636,60.664640414785026,detector_event_depth,97.0,16179810.0,237.0,96547.5000000016,trade_recovered_3s,0.5,1.5,0.5,
aggregated-tick-v1,AUTO_INFERRED_V1,validated,EC2604|11:27:29.000,20260116,11:27:29.000,11:27:30.000,EC,EC2604,52049000,14836,14836,52049000,"visible_execution_drop,interval_execution_drop",1164.95,1.0378200000004043,3,"EC2602,EC2610,EC2608",20,247,290.0,1151.8000000000004,1152.061224489796,26.299999999999272,112.8803811322343,25.77755102040828,110.63801459465334,1151.7297777777778,26.44044444444444,20.0,20.0,15.7749999999985,26.44044444444444,113.48317285911172,detector_event_depth,49.0,2822550.0,49.0,31577.500000000146,trade_recovered_3s,2.0,3.0,2.0,
aggregated-tick-v1,AUTO_INFERRED_V1,validated,EC2604|14:04:59.000,20260116,14:04:59.000,,EC,EC2604,61498500,19261,19261,61499000,visible_execution_drop,1131.1750000000002,1.4084699999997303,4,"EC2606,EC2610,EC2608,EC2612",20,233,290.0,1120.0,1120.7488888888888,22.350000000000364,98.79108007160856,20.852222222222736,92.17062886919678,,,20.539920000001626,20.179353846155777,22.350000000000364,22.350000000000364,98.79108007160856,detector_event_depth,45.0,2521685.0,177.0,23458.75000000058,trade_recovered_3s,0.5,,0.5,
aggregated-tick-v1,AUTO_INFERRED_V1,validated,IC2602|09:58:42.000,20260116,09:58:42.000,,IC,IC2602,46722000,3374,3374,46722000,visible_execution_drop,8239.9,4.447799999989212,3,"IC2603,IC2606,IC2601",20,356,290.0,8231.0,8235.2,44.49999999999818,10.801101955120371,23.499999999994543,5.7039527178714655,,,38.512800000050426,32.58240000013672,44.49999999999818,44.49999999999818,10.801101955120371,detector_event_depth,3.0,4941120.0,3.0,2819.999999999345,trade_recovered_3s,0.5,,0.5,
aggregated-tick-v1,AUTO_INFERRED_V1,validated,IC2603|09:55:25.000,20260116,09:55:25.000,,IC,IC2603,46525000,3020,3020,46525000,visible_execution_drop,8250.600000000002,2.9651999999838186,3,"IC2602,IC2606,IC2601",20,443,290.0,8241.6,8246.8,45.000000000009095,10.90829757836014,19.000000000014552,4.6057256441991,,,41.94319999995503,41.94319999984715,41.83333333333394,45.000000000009095,10.90829757836014,detector_event_depth,11.0,18142960.0,11.0,8360.000000006403,trade_recovered_3s,0.5,,0.5,
aggregated-tick-v1,AUTO_INFERRED_V1,validated,J2605|09:20:10.040,20260116,09:20:10.040,,J,J2605,44410040,8928,8928,44410040,visible_execution_drop,1767.0,4.4478,3,"J2609,J2606,J2604",20,123,289.009,1755.5,1755.5,23.0,65.08205998868138,23.0,65.08205998868138,,,20.0064,20.0064,23.0,23.0,65.08205998868138,detector_event_depth,1.0,175550.0,1.0,1150.0,trade_recovered_10s,4.0,,6.0,
aggregated-tick-v1,AUTO_INFERRED_V1,validated,NI2602|11:20:41.000,20260116,11:20:41.000,,NI,NI2602,51641000,43882,43882,51641000,visible_execution_drop,142720.0,2.2238999999999995,5,"NI2603,NI2605,NI2604,NI2609,NI2606",20,574,290.0,142500.0,142630.9836065574,22.0,15.414798206278023,8.90163934426091,6.237135190765773,,,20.0,20.0,21.25,22.0,15.414798206278023,detector_event_depth,61.0,8700490.0,61.0,5429.999999999156,trade_recovered_3s,0.5,,0.5,
aggregated-tick-v1,AUTO_INFERRED_V1,validated,NI2602|14:22:30.500,20260116,14:22:30.500,,NI,NI2602,62550500,51302,51302,62550500,visible_execution_drop,141600.0,4.447799999999999,5,"NI2603,NI2605,NI2604,NI2609,NI2606",20,576,290.0,141320.0,141479.12663755458,28.0,19.774011299435028,12.087336244541802,8.536254409987148,,,20.0,20.0,23.25,28.0,19.774011299435028,detector_event_depth,229.0,32398720.0,229.0,27680.000000000728,trade_recovered_3s,0.5,,1.0,
aggregated-tick-v1,AUTO_INFERRED_V1,validated,NI2603|21:19:05.000,20260116,21:19:05.000,,NI,NI2603,1145000,2290,2290,1145000,visible_execution_drop,144015.0,1.4826,5,"NI2602,NI2605,NI2604,NI2609,NI2606",20,565,290.0,143800.0,143931.56097560975,21.5,14.929000451341873,8.343902439024532,5.793773175727897,,,20.0,20.0,16.610294117647573,21.5,14.929000451341873,detector_event_depth,205.0,29505970.0,205.0,17105.00000000029,trade_recovered_3s,0.5,,0.5,
aggregated-tick-v1,AUTO_INFERRED_V1,validated,NI2603|21:19:32.500,20260116,21:19:32.500,,NI,NI2603,1172500,2345,2345,1172500,visible_execution_drop,143110.0,0.7413,5,"NI2602,NI2605,NI2604,NI2609,NI2606",20,567,290.0,142880.0,143033.300330033,23.0,16.07155335056949,7.669966996699804,5.3594905993290505,,,20.0,20.0,16.892010163748637,23.0,16.07155335056949,detector_event_depth,303.0,43339090.0,303.0,23240.000000000407,trade_recovered_3s,1.0,,1.0,
aggregated-tick-v1,AUTO_INFERRED_V1,validated,NI2603|09:07:48.000,20260116,09:07:48.000,,NI,NI2603,43668000,29437,29437,43668000,visible_execution_drop,147477.5,3.7065,4,"NI2602,NI2605,NI2604,NI2609",20,570,290.0,147220.0,147318.2857142857,25.75,17.460290552796188,15.921428571428986,10.795835684378286,,,24.2216,20.2608266666614,23.75,25.75,17.460290552796188,detector_event_depth,70.0,10312280.0,70.0,11145.000000000293,trade_recovered_3s,0.5,,0.5,
aggregated-tick-v1,AUTO_INFERRED_V1,validated,NI2603|09:31:49.500,20260116,09:31:49.500,,NI,NI2603,45109500,32320,32320,45109500,visible_execution_drop,148000.0,5.1891,5,"NI2602,NI2605,NI2604,NI2609,NI2606",20,520,290.0,147800.0,147829.44444444444,20.0,13.513513513513514,17.055555555556204,11.52402402402446,,,20.0,20.0,15.625,20.0,13.513513513513514,detector_event_depth,108.0,15965580.0,108.0,18420.0000000007,trade_recovered_3s,0.5,,0.5,
aggregated-tick-v1,AUTO_INFERRED_V1,validated,NI2603|09:45:14.500,20260116,09:45:14.500,,NI,NI2603,45914500,33929,33929,45914500,visible_execution_drop,146892.5,1.85325,4,"NI2605,NI2604,NI2609,NI2606",20,490,290.0,146640.0,146774.57142857142,25.25,17.189441258062867,11.792857142857974,8.028222777104327,,,20.0,20.0,22.75,25.25,17.189441258062867,detector_event_depth,35.0,5137110.0,35.0,4127.500000000291,trade_recovered_3s,0.5,,0.5,
aggregated-tick-v1,AUTO_INFERRED_V1,validated,NI2603|10:12:25.000,20260116,10:12:25.000,,NI,NI2603,47545000,37187,37187,47545000,visible_execution_drop,145460.0,0.0,5,"NI2602,NI2605,NI2604,NI2609,NI2606",20,511,290.0,145220.0,145372.32323232322,24.0,16.499381273202253,8.767676767677766,6.027551744588043,,,20.2564,20.0,22.85416666666715,24.0,16.499381273202253,detector_event_depth,99.0,14391860.0,99.0,8680.00000000099,trade_recovered_3s,0.5,,0.5,
aggregated-tick-v1,AUTO_INFERRED_V1,validated,NI2603|10:37:13.500,20260116,10:37:13.500,10:37:14.500,NI,NI2603,49033500,38364,38364,49033500,interval_execution_drop,142785.0,7.412999999999999,5,"NI2602,NI2605,NI2604,NI2609,NI2606",20,559,290.0,142500.0,142511.79166666666,28.5,19.96007984031936,27.320833333334303,19.134246127628465,142537.7868852459,24.721311475409312,29.651999999999997,23.062666666658995,15.606547619048795,24.721311475409312,17.31366143180958,detector_event_depth,480.0,68405660.0,480.0,131140.00000000466,trade_recovered_3s,,1.5,0.5,
aggregated-tick-v1,AUTO_INFERRED_V1,validated,NI2603|10:37:43.500,20260116,10:37:43.500,,NI,NI2603,49063500,38424,38424,49063500,visible_execution_drop,142010.0,9.6369,4,"NI2602,NI2604,NI2609,NI2606",20,549,290.0,141650.0,141833.36,36.0,25.350327441729455,17.664000000001398,12.438560664742903,,,30.151999999999997,28.81474285713216,27.072727272727935,36.0,25.350327441729455,detector_event_depth,125.0,17729170.0,125.0,22080.000000001743,trade_recovered_3s,0.5,,0.5,
aggregated-tick-v1,AUTO_INFERRED_V1,validated,NI2603|10:51:00.500,20260116,10:51:00.500,,NI,NI2603,49860500,40018,40018,49860500,visible_execution_drop,143922.5,1.4826,4,"NI2602,NI2605,NI2604,NI2606",20,547,290.0,143630.0,143734.77272727274,29.25,20.32343796140284,18.77272727272648,13.043636174139886,,,26.1868,23.7216,29.25,29.25,20.32343796140284,detector_event_depth,308.0,44270310.0,308.0,57819.999999997555,trade_recovered_3s,0.5,,0.5,
aggregated-tick-v1,AUTO_INFERRED_V1,validated,NI2603|11:20:41.500,20260116,11:20:41.500,,NI,NI2603,51641500,43577,43577,51641500,visible_execution_drop,142922.5,8.52495,4,"NI2605,NI2604,NI2609,NI2606",20,429,290.0,142710.0,142819.12280701756,21.25,14.868197799506726,10.337719298244338,7.233094368097632,,,20.0,20.0,19.69162735849095,21.25,14.868197799506726,detector_event_depth,57.0,8140690.0,57.0,5892.499999999272,trade_recovered_3s,0.5,,0.5,
aggregated-tick-v1,AUTO_INFERRED_V1,validated,NI2604|14:23:19.000,20260116,14:23:19.000,,NI,NI2604,62599000,49398,49398,62599000,visible_execution_drop,141340.0,4.447799999999999,5,"NI2602,NI2603,NI2605,NI2609,NI2606",20,170,290.0,141010.0,141142.72727272726,33.0,23.347955285128062,19.72727272727352,13.95731762223965,,,30.651999999999997,24.64520000000246,32.875,33.0,23.347955285128062,detector_event_depth,55.0,7762850.0,55.0,10850.000000000437,trade_recovered_3s,0.5,,0.5,
aggregated-tick-v1,AUTO_INFERRED_V1,validated,NI2605|21:19:36.500,20260116,21:19:36.500,,NI,NI2605,1176500,2353,2353,1176500,visible_execution_drop,143275.0,6.6716999999999995,3,"NI2604,NI2609,NI2606",20,512,290.0,143030.0,143198.4375,24.5,17.099982551038213,7.65625,5.343744547199442,,,20.0,20.0,21.6296296296292,24.5,17.099982551038213,detector_event_depth,128.0,18329400.0,128.0,9800.0,trade_recovered_3s,0.5,,0.5,
aggregated-tick-v1,AUTO_INFERRED_V1,validated,NI2605|23:06:47.000,20260116,23:06:47.000,,NI,NI2605,7607000,15077,15077,7607000,visible_execution_drop,145692.5,1.4826,4,"NI2602,NI2603,NI2604,NI2606",20,332,290.0,145410.0,145513.72549019608,28.25,19.39015392007138,17.877450980391586,12.27067349409996,,,20.0,20.0,27.75,28.25,19.39015392007138,detector_event_depth,51.0,7421200.0,51.0,9117.499999999707,trade_recovered_3s,0.5,,0.5,
aggregated-tick-v1,AUTO_INFERRED_V1,validated,NI2605|23:45:24.000,20260116,23:45:24.000,,NI,NI2605,9924000,19569,19569,9924000,visible_execution_drop,146125.0,2.9652,5,"NI2602,NI2603,NI2604,NI2609,NI2606",20,199,290.0,145880.0,145968.46153846153,24.5,16.766467065868262,15.653846153846825,10.712640652760872,,,20.0,20.0,23.625,24.5,16.766467065868262,detector_event_depth,117.0,17078310.0,117.0,18315.000000000786,trade_recovered_3s,0.5,,0.5,
aggregated-tick-v1,AUTO_INFERRED_V1,validated,NI2605|00:50:08.000,20260116,00:50:08.000,,NI,NI2605,13808000,26900,26900,13808000,visible_execution_drop,147280.0,2.2238999999999995,5,"NI2602,NI2603,NI2604,NI2609,NI2606",20,153,290.0,147000.0,147143.2,28.0,19.011406844106464,13.679999999998836,9.28843020097694,,,20.0,20.0,26.0,28.0,19.011406844106464,detector_event_depth,50.0,7357160.0,50.0,6839.999999999418,trade_recovered_3s,0.5,,0.5,
aggregated-tick-v1,AUTO_INFERRED_V1,validated,NI2605|09:18:45.000,20260116,09:18:45.000,,NI,NI2605,44325000,30241,30241,44325000,visible_execution_drop,148657.5,3.33585,4,"NI2603,NI2604,NI2609,NI2606",20,419,290.0,148440.0,148580.92592592593,21.75,14.6309469754301,7.6574074074073,5.151040080323764,,,20.0,20.0,21.25,21.75,14.6309469754301,detector_event_depth,54.0,8023370.0,54.0,4134.999999999942,trade_recovered_3s,0.5,,0.5,
aggregated-tick-v1,AUTO_INFERRED_V1,validated,NI2605|09:43:16.500,20260116,09:43:16.500,,NI,NI2605,45796500,33179,33179,45796500,visible_execution_drop,147975.0,4.447799999999999,5,"NI2602,NI2603,NI2604,NI2609,NI2606",20,350,290.0,147770.0,147877.1739130435,20.5,13.853691501942896,9.782608695651287,6.6109874611598505,,,20.0,20.0,20.106060606060783,20.5,13.853691501942896,detector_event_depth,46.0,6802350.0,46.0,4499.999999999593,trade_recovered_3s,0.5,,0.5,
aggregated-tick-v1,AUTO_INFERRED_V1,validated,NI2605|10:12:19.500,20260116,10:12:19.500,,NI,NI2605,47539500,36662,36662,47539500,visible_execution_drop,146150.0,4.447799999999999,5,"NI2602,NI2603,NI2604,NI2609,NI2606",20,422,290.0,145930.0,146008.35616438356,22.0,15.05302771125556,14.164383561644351,9.691675375740235,,,20.0,20.0,16.25,22.0,15.05302771125556,detector_event_depth,73.0,10658610.0,73.0,10340.000000000378,trade_recovered_3s,0.5,,0.5,
aggregated-tick-v1,AUTO_INFERRED_V1,validated,NI2605|14:22:32.000,20260116,14:22:32.000,,NI,NI2605,62552000,50372,50372,62552000,visible_execution_drop,142375.0,4.447799999999999,2,"NI2602,NI2609",20,356,290.0,142130.0,142210.86956521738,24.5,17.208077260755047,16.41304347826226,11.528037561553829,,,23.7216,23.7216,24.5,24.5,17.208077260755047,detector_event_depth,115.0,16354250.0,115.0,18875.0000000016,trade_recovered_3s,0.5,,0.5,
aggregated-tick-v1,AUTO_INFERRED_V1,validated,NI2605|14:44:29.000,20260116,14:44:29.000,,NI,NI2605,63868500,53006,53006,63869000,visible_execution_drop,141445.0,7.78365,3,"NI2604,NI2609,NI2606",20,461,290.0,141190.0,141281.42857142858,25.5,18.02820884442716,16.357142857142026,11.564313236340643,,,20.0,20.0,23.75,25.5,18.02820884442716,detector_event_depth,105.0,14834550.0,220.0,17174.999999999127,trade_recovered_3s,0.5,,1.0,
aggregated-tick-v1,AUTO_INFERRED_V1,validated,NI2606|14:23:10.500,20260116,14:23:10.500,,NI,NI2606,62590500,44520,44520,62590500,visible_execution_drop,141945.0,5.1891,4,"NI2603,NI2605,NI2604,NI2609",20,100,290.0,141620.0,141808.46153846153,32.5,22.89619218711473,13.653846153846825,9.619110327131512,,,24.5792,24.539466666664747,32.5,32.5,22.89619218711473,detector_event_depth,13.0,1843510.0,13.0,1775.0000000000873,trade_recovered_3s,0.5,,0.5,
aggregated-tick-v1,AUTO_INFERRED_V1,validated,SN2602|22:36:56.000,20260116,22:36:56.000,22:36:57.000,SN,SN2602,5816000,11632,11632,5816000,"visible_execution_drop,interval_execution_drop",418085.0,9.6369,5,"SN2603,SN2604,SN2605,SN2606,SN2607",20,501,290.0,417240.0,417606.6666666667,84.5,20.21120107155243,47.83333333333139,11.441054649971036,417340.55248618784,74.44475138121634,46.4432,34.5824,75.86111111111241,84.5,20.21120107155243,detector_event_depth,57.0,23803580.0,57.0,27264.999999998898,trade_recovered_3s,1.0,2.0,1.0,
aggregated-tick-v1,AUTO_INFERRED_V1,validated,SN2602|23:04:46.000,20260116,23:04:46.000,,SN,SN2602,7486000,14972,14972,7486000,visible_execution_drop,418632.5,8.1543,4,"SN2603,SN2604,SN2606,SN2607",20,483,290.0,418200.0,418449.1666666667,43.25,10.33125712886601,18.333333333331392,4.379338281985128,,,42.0128,36.0824,38.779487179487475,43.25,10.33125712886601,detector_event_depth,12.0,5021390.0,12.0,2199.999999999767,trade_recovered_3s,0.5,,0.5,
aggregated-tick-v1,AUTO_INFERRED_V1,validated,SN2602|00:59:57.500,20260116,00:59:57.500,00:59:58.500,SN,SN2602,14396500,28572,28572,14397500,"visible_execution_drop,interval_execution_drop",418910.0,0.0,3,"SN2603,SN2604,SN2605",20,309,290.0,418230.0,418436.6666666667,68.0,16.232603661884415,47.33333333333139,11.299165294056335,418544.5454545454,36.545454545452955,35.0824,35.0824,51.96428571428405,68.0,16.232603661884415,detector_event_depth,3.0,1255310.0,19.0,1419.9999999999418,trade_recovered_3s,1.0,1.5,1.0,
aggregated-tick-v1,AUTO_INFERRED_V1,validated,SN2602|10:59:32.500,20260116,10:59:32.500,10:59:33.500,SN,SN2602,50372500,41121,41121,50372500,interval_execution_drop,405387.5,7.78365,4,"SN2604,SN2605,SN2606,SN2607",20,376,290.0,405070.0,404717.2413793103,31.75,7.832012580555641,67.02586206896812,16.533776218795136,404758.08510638296,62.94148936170386,68.1822,52.3736,62.80086206896812,62.94148936170386,15.52625311873303,detector_event_depth,29.0,11736800.0,29.0,19437.500000000757,trade_recovered_3s,,1.5,0.5,
aggregated-tick-v1,AUTO_INFERRED_V1,validated,SN2602|13:43:01.000,20260116,13:43:01.000,,SN,SN2602,60181000,46336,46336,60181000,visible_execution_drop,408065.0,1.4826,5,"SN2603,SN2604,SN2605,SN2606,SN2607",20,387,290.0,407430.0,407699.6666666667,63.5,15.561246370063593,36.53333333333139,8.952822058576794,,,45.227999999999994,40.70266666664559,54.5,63.5,15.561246370063593,detector_event_depth,30.0,12230990.0,30.0,10959.999999999418,trade_recovered_3s,0.5,,1.0,
aggregated-tick-v1,AUTO_INFERRED_V1,validated,SN2602|14:43:22.500,20260116,14:43:22.500,,SN,SN2602,63802500,53567,53567,63802500,visible_execution_drop,401220.0,7.042349999999999,4,"SN2603,SN2605,SN2606,SN2607",20,417,290.0,400600.0,400935.6756756757,62.0,15.45286875031155,28.43243243243196,7.08649430049149,,,51.3736,41.48960000002301,57.5,62.0,15.45286875031155,detector_event_depth,37.0,14834620.0,37.0,10519.999999999824,trade_recovered_3s,0.5,,0.5,
aggregated-tick-v1,AUTO_INFERRED_V1,validated,SN2603|22:36:56.000,20260116,22:36:56.000,,SN,SN2603,5816000,11630,11630,5816000,visible_execution_drop,418705.0,8.1543,4,"SN2604,SN2605,SN2606,SN2607",20,424,290.0,418210.0,418382.0833333333,49.5,11.822165964103606,32.291666666668604,7.712271567492293,,,42.0128,36.0824,32.74740259740211,49.5,11.822165964103606,detector_event_depth,24.0,10041170.0,24.0,7750.000000000466,trade_recovered_3s,0.5,,0.5,
aggregated-tick-v1,AUTO_INFERRED_V1,validated,SN2603|23:35:39.500,20260116,23:35:39.500,,SN,SN2603,9339500,18637,18637,9339500,visible_execution_drop,417492.5,6.6716999999999995,4,"SN2604,SN2605,SN2606,SN2607",20,311,290.0,417100.0,417206.0,39.25,9.401366491613622,28.65,6.862398725725611,,,35.0824,35.0824,34.25,39.25,9.401366491613622,detector_event_depth,5.0,2086030.0,5.0,1432.5,trade_recovered_3s,0.5,,0.5,
aggregated-tick-v1,AUTO_INFERRED_V1,validated,SN2603|10:52:14.500,20260116,10:52:14.500,,SN,SN2603,49934500,39816,39816,49934500,visible_execution_drop,406095.0,2.2238999999999995,3,"SN2604,SN2605,SN2607",20,307,290.0,405230.0,405723.8888888889,86.5,21.300434627365515,37.11111111111241,9.1385294355046,,,78.63,69.9844,82.125,86.5,21.300434627365515,detector_event_depth,18.0,7303030.0,18.0,6680.000000000233,trade_recovered_3s,0.5,,0.5,
aggregated-tick-v1,AUTO_INFERRED_V1,validated,SN2603|11:21:43.000,20260116,11:21:43.000,,SN,SN2603,51703000,43347,43347,51703000,visible_execution_drop,404230.0,5.9304,5,"SN2602,SN2604,SN2605,SN2606,SN2607",20,342,290.0,403500.0,403847.9310344828,73.0,18.059025802142344,38.20689655172173,9.451771652703098,,,71.1648,67.98779999999013,67.0,73.0,18.059025802142344,detector_event_depth,29.0,11711590.0,29.0,11079.999999999302,trade_recovered_3s,0.5,,0.5,
aggregated-tick-v1,AUTO_INFERRED_V1,validated,SN2604|09:35:12.500,20260116,09:35:12.500,,SN,SN2604,45312500,31749,31749,45312500,visible_execution_drop,426330.0,6.6716999999999995,4,"SN2602,SN2603,SN2605,SN2606",20,159,290.0,425530.0,425885.0,80.0,18.764806605211923,44.5,10.437923674149134,,,72.6648,62.28080000002301,80.0,80.0,18.764806605211923,detector_event_depth,6.0,2555310.0,6.0,2670.0,trade_recovered_3s,0.5,,0.5,
aggregated-tick-v1,AUTO_INFERRED_V1,validated,SN2604|10:38:03.000,20260116,10:38:03.000,10:38:04.000,SN,SN2604,49083000,37475,37475,49083000,visible_execution_drop,399255.0,9.6369,3,"SN2602,SN2606,SN2607",20,168,290.0,398200.0,398200.0,105.5,26.424215100624913,105.5,26.424215100624913,398874.0,38.1,95.994,87.42603999997696,74.9166666666686,105.5,26.424215100624913,detector_event_depth,1.0,398200.0,1.0,1055.0,trade_recovered_3s,0.5,,0.5,
aggregated-tick-v1,AUTO_INFERRED_V1,validated,SN2605|10:48:29.000,20260116,10:48:29.000,,SN,SN2605,49709000,38020,38020,49709000,visible_execution_drop,408890.0,8.1543,5,"SN2602,SN2603,SN2604,SN2606,SN2607",20,137,290.0,407850.0,408136.25,104.0,25.43471349262638,75.375,18.43405316833378,,,96.3168,90.3864,104.0,104.0,25.43471349262638,detector_event_depth,8.0,3265090.0,8.0,6030.0,trade_recovered_3s,1.5,,0.5,
aggregated-tick-v1,AUTO_INFERRED_V1,validated,AG2602|21:35:15.000,20260119,21:35:15.000,,AG,AG2602,2115000,4227,4227,2115000,visible_execution_drop,21716.25,3.33585,4,"AG2604,AG2606,AG2605,AG2608",20,455,290.0,21645.0,21677.96551724138,71.25,32.80953203246417,38.28448275861956,17.629417030389483,,,50.9432,49.75712000001726,64.25,71.25,32.80953203246417,detector_event_depth,29.0,9429915.0,29.0,16653.74999999951,trade_recovered_3s,0.5,,0.5,
aggregated-tick-v1,AUTO_INFERRED_V1,validated,AG2602|21:35:44.500,20260119,21:35:44.500,21:35:45.500,AG,AG2602,2144500,4286,4286,2144500,visible_execution_drop,21786.0,2.9652,5,"AG2604,AG2606,AG2605,AG2608,AG2603",20,469,290.0,21734.0,21734.0,52.0,23.868539428991095,52.0,23.868539428991095,21757.47674418605,28.523255813950527,50.9432,49.75712000001726,48.58333333333394,52.0,23.868539428991095,detector_event_depth,86.0,28036860.0,86.0,67080.0,trade_recovered_3s,0.5,,0.5,
aggregated-tick-v1,AUTO_INFERRED_V1,validated,AG2602|02:27:52.000,20260119,02:27:52.000,,AG,AG2602,19671000,37616,37616,19672000,visible_execution_drop,22061.0,9.6369,5,"AG2604,AG2606,AG2605,AG2608,AG2603",20,149,288.5,21980.0,22030.268656716416,81.0,36.71637731743801,30.731343283583556,13.930167845330471,,,46.9432,46.9432,56.75,81.0,36.71637731743801,detector_event_depth,67.0,22140420.0,155.0,30885.000000001473,trade_recovered_3s,1.0,,0.5,
aggregated-tick-v1,AUTO_INFERRED_V1,validated,AG2603|21:29:14.000,20260119,21:29:14.000,,AG,AG2603,1754000,3507,3507,1754000,visible_execution_drop,21503.5,5.1891,5,"AG2604,AG2606,AG2605,AG2608,AG2602",20,246,290.0,21443.0,21472.0,60.5,28.134954774804104,31.5,14.648778105889738,,,47.9432,44.275466666673246,57.08333333333394,60.5,28.134954774804104,detector_event_depth,8.0,2576640.0,8.0,3780.0,trade_recovered_3s,1.0,,0.5,
aggregated-tick-v1,AUTO_INFERRED_V1,validated,AG2603|22:31:14.500,20260119,22:31:14.500,,AG,AG2603,5474500,10886,10886,5474500,visible_execution_drop,21830.5,2.2239,5,"AG2604,AG2606,AG2605,AG2608,AG2602",20,203,290.0,21791.0,21810.5,39.5,18.09395112342823,20.0,9.161494239710496,,,37.5824,37.5824,39.5,39.5,18.09395112342823,detector_event_depth,2.0,654315.0,2.0,600.0,trade_recovered_3s,0.5,,0.5,
aggregated-tick-v1,AUTO_INFERRED_V1,validated,AG2603|00:23:13.500,20260119,00:23:13.500,,AG,AG2603,12193500,24229,24229,12193500,visible_execution_drop,21958.0,2.2239,5,"AG2604,AG2606,AG2605,AG2608,AG2602",20,109,290.0,21893.0,21929.5,65.0,29.60196739229438,28.5,12.979324164313688,,,41.0128,41.0128,65.0,65.0,29.60196739229438,detector_event_depth,10.0,3289425.0,10.0,4275.0,trade_recovered_3s,0.5,,0.5,
aggregated-tick-v1,AUTO_INFERRED_V1,validated,AG2604|00:06:53.000,20260119,00:06:53.000,,AG,AG2604,11213000,22426,22426,11213000,visible_execution_drop,21914.5,4.4478,4,"AG2606,AG2605,AG2608,AG2603",20,576,290.0,21885.0,21895.345794392524,29.5,13.46140683109357,19.154205607475888,8.740425566394801,,,29.151999999999997,26.35773770491458,28.524999999999636,29.5,13.46140683109357,detector_event_depth,214.0,70284060.0,214.0,61484.9999999976,trade_recovered_3s,0.5,,0.5,
aggregated-tick-v1,AUTO_INFERRED_V1,validated,AG2605|23:38:08.000,20260119,23:38:08.000,,AG,AG2605,9488000,18975,18975,9488000,visible_execution_drop,21663.0,2.9652,5,"AG2604,AG2606,AG2608,AG2602,AG2603",20,566,290.0,21626.0,21648.111111111113,37.0,17.079813506901168,14.888888888886868,6.872957987761098,,,34.5824,30.483921052619344,36.30357142857247,37.0,17.079813506901168,detector_event_depth,18.0,5844990.0,18.0,4019.9999999994543,trade_recovered_3s,0.5,,0.5,
aggregated-tick-v1,AUTO_INFERRED_V1,validated,AG2605|02:27:50.000,20260119,02:27:50.000,,AG,AG2605,19670000,39290,39290,19670000,visible_execution_drop,21993.75,1.85325,4,"AG2604,AG2606,AG2608,AG2603",20,371,290.0,21971.0,21986.724137931033,22.75,10.343847684001137,7.025862068967399,3.194481190778016,,,22.0064,22.744799999985617,22.75,22.75,10.343847684001137,detector_event_depth,29.0,9564225.0,29.0,3056.2500000008185,trade_recovered_3s,0.5,,0.5,
aggregated-tick-v1,AUTO_INFERRED_V1,validated,AG2605|09:28:18.500,20260119,09:28:18.500,,AG,AG2605,44898500,42945,42945,44898500,visible_execution_drop,23153.0,4.4478,5,"AG2604,AG2606,AG2608,AG2602,AG2603",20,531,290.0,23117.0,23135.928571428572,36.0,15.548740983889775,17.071428571427532,7.37331169672506,,,25.6868,24.69840000001438,36.0,36.0,15.548740983889775,detector_event_depth,56.0,19434180.0,56.0,14339.999999999129,trade_recovered_3s,0.5,,0.5,
aggregated-tick-v1,AUTO_INFERRED_V1,validated,AG2605|09:28:29.000,20260119,09:28:29.000,,AG,AG2605,44909000,42966,42966,44909000,visible_execution_drop,23149.5,0.7413,5,"AG2604,AG2606,AG2608,AG2602,AG2603",20,531,290.0,23120.0,23126.88,29.5,12.743255793861636,22.61999999999898,9.77126935786906,,,28.651999999999997,24.2042,26.5,29.5,12.743255793861636,detector_event_depth,50.0,17345160.0,50.0,16964.999999999236,trade_recovered_3s,0.5,,0.5,
aggregated-tick-v1,AUTO_INFERRED_V1,validated,AG2605|09:28:33.500,20260119,09:28:33.500,,AG,AG2605,44913500,42975,42975,44913500,visible_execution_drop,23137.0,2.2239,5,"AG2604,AG2606,AG2608,AG2602,AG2603",20,532,290.0,23108.0,23112.38,29.0,12.534036391926351,24.61999999999898,10.640964688593588,,,28.651999999999997,24.896080000011505,25.25,29.0,12.534036391926351,detector_event_depth,50.0,17334285.0,50.0,18464.999999999236,trade_recovered_3s,0.5,,0.5,
aggregated-tick-v1,AUTO_INFERRED_V1,validated,AG2605|13:42:35.500,20260119,13:42:35.500,13:42:36.500,AG,AG2605,60155500,57205,57205,60155500,visible_execution_drop,23056.0,3.7065,5,"AG2604,AG2606,AG2608,AG2602,AG2603",20,463,290.0,23020.0,23035.909090909092,36.0,15.61415683553088,20.0909090909081,8.713961264273117,23039.47619047619,16.523809523809177,20.0,20.0,35.0,36.0,15.61415683553088,detector_event_depth,55.0,19004625.0,55.0,16574.99999999918,trade_recovered_3s,0.5,,0.5,
aggregated-tick-v1,AUTO_INFERRED_V1,validated,AG2606|22:30:05.500,20260119,22:30:05.500,,AG,AG2606,5405500,10810,10810,5405500,visible_execution_drop,21778.0,7.412999999999999,2,"AG2604,AG2603",20,554,290.0,21752.0,21760.434782608696,26.0,11.938653687207273,17.56521739130403,8.06557874520343,,,23.7216,20.0,24.02822580645261,26.0,11.938653687207273,detector_event_depth,115.0,37536750.0,115.0,30299.999999999454,trade_recovered_3s,0.5,,0.5,
aggregated-tick-v1,AUTO_INFERRED_V1,validated,AG2606|00:47:32.500,20260119,00:47:32.500,,AG,AG2606,13652500,27299,27299,13652500,visible_execution_drop,21929.0,2.59455,4,"AG2604,AG2605,AG2608,AG2603",20,474,290.0,21902.0,21912.8,27.0,12.312462948606868,16.200000000000728,7.387477769164453,,,23.7216,22.73320000001438,26.25,27.0,12.312462948606868,detector_event_depth,50.0,16434600.0,50.0,12150.000000000546,trade_recovered_3s,0.5,,0.5,
aggregated-tick-v1,AUTO_INFERRED_V1,validated,AG2609|23:47:24.000,20260119,23:47:24.000,,AG,AG2609,10044000,19990,19990,10044000,visible_execution_drop,21805.5,1.11195,4,"AG2604,AG2606,AG2605,AG2608",20,107,290.0,21760.0,21782.8,45.5,20.866295200752106,22.700000000000728,10.410217605650285,,,36.5824,33.3672,45.5,45.5,20.866295200752106,detector_event_depth,5.0,1633710.0,5.0,1702.5000000000546,trade_recovered_3s,1.5,,0.5,
aggregated-tick-v1,AUTO_INFERRED_V1,validated,AG2609|09:42:05.000,20260119,09:42:05.000,09:42:06.000,AG,AG2609,45725000,44378,44378,45725000,visible_execution_drop,22863.0,5.9304,5,"AG2604,AG2606,AG2605,AG2608,AG2602",20,209,290.0,22810.0,22819.2,53.0,23.181559725320387,43.79999999999927,19.157590867339927,22838.64705882353,24.35294117646845,34.5824,40.5128,53.0,53.0,23.181559725320387,detector_event_depth,10.0,3422880.0,10.0,6569.999999999891,trade_recovered_3s,0.5,,1.0,
aggregated-tick-v1,AUTO_INFERRED_V1,validated,AG2610|22:56:42.000,20260119,22:56:42.000,,AG,AG2610,7002000,13928,13928,7002000,visible_execution_drop,22108.0,2.2239,5,"AG2604,AG2606,AG2605,AG2608,AG2602",20,131,290.0,22073.0,22089.75,35.0,15.831373258548942,18.25,8.254930341957662,,,30.651999999999997,30.651999999999997,32.5,35.0,15.831373258548942,detector_event_depth,8.0,2650770.0,8.0,2190.0,trade_recovered_3s,2.0,,0.5,
aggregated-tick-v1,AUTO_INFERRED_V1,validated,AG2610|23:52:29.000,20260119,23:52:29.000,,AG,AG2610,10349000,20557,20557,10349000,visible_execution_drop,21768.0,1.85325,4,"AG2604,AG2605,AG2608,AG2602",20,149,290.0,21712.0,21721.65,56.0,25.725836089672914,46.349999999998545,21.2927232635054,,,37.224799999999995,38.5824,50.75,56.0,25.725836089672914,detector_event_depth,20.0,6516495.0,20.0,13904.999999999563,trade_recovered_3s,2.0,,0.5,
aggregated-tick-v1,AUTO_INFERRED_V1,validated,AG2610|09:28:51.000,20260119,09:28:51.000,,AG,AG2610,44931000,42554,42554,44931000,visible_execution_drop,23146.5,3.7065,5,"AG2604,AG2606,AG2605,AG2608,AG2602",20,232,290.0,23105.0,23125.5,41.5,17.929276564491392,21.0,9.072645972393234,,,35.5824,40.91976000000863,35.642857142855064,41.5,17.929276564491392,detector_event_depth,2.0,693765.0,2.0,630.0,trade_recovered_3s,1.5,,0.5,
aggregated-tick-v1,AUTO_INFERRED_V1,validated,AG2610|10:43:15.500,20260119,10:43:15.500,10:43:16.500,AG,AG2610,49395500,49246,49246,49395500,"visible_execution_drop,interval_execution_drop",22916.0,0.7413,5,"AG2604,AG2606,AG2605,AG2608,AG2602",20,124,290.0,22850.0,22874.81818181818,66.0,28.80083784255542,41.181818181819835,17.970770719942326,22877.857142857145,38.142857142855064,36.0824,32.8672,66.0,66.0,28.80083784255542,detector_event_depth,11.0,3774345.0,11.0,6795.000000000273,trade_recovered_3s,1.0,1.5,0.5,
aggregated-tick-v1,AUTO_INFERRED_V1,validated,LC2605|09:11:00.415,20260119,09:11:00.415,,LC,LC2605,43860415,1320,1320,43860415,visible_execution_drop,145150.0,2.9652,2,"LC2609,LC2606",20,531,289.058,144420.0,144815.7894736842,36.5,50.29280055115398,16.71052631578932,23.02518266040554,,,29.617199999999997,26.21356363636023,28.260479041915826,36.5,50.29280055115398,detector_event_depth,323.0,46775500.0,323.0,107949.999999999,trade_recovered_3s,0.529,,0.529,
aggregated-tick-v1,AUTO_INFERRED_V1,validated,LH2603|13:38:43.191,20260119,13:38:43.191,13:38:44.191,LH,LH2603,59922191,12472,12472,59923191,"visible_execution_drop,interval_execution_drop",11820.0,3.33585,4,"LH2605,LH2609,LH2607,LH2611",20,484,289.5,11475.0,11461.037924151697,69.0,291.8781725888325,71.79241516966067,303.6904194994106,11499.135888501742,64.17282229965167,54.227999999999994,52.02270884353845,30.02538519690861,69.0,291.8781725888325,detector_event_depth,501.0,91871680.0,2932.0,2877439.9999999995,trade_recovered_3s,1.0,2.0,1.0,
aggregated-tick-v1,AUTO_INFERRED_V1,validated,NI2602|21:08:15.500,20260119,21:08:15.500,,NI,NI2602,495500,991,991,495500,visible_execution_drop,141285.0,1.85325,4,"NI2603,NI2605,NI2609,NI2606",20,579,290.0,141000.0,141171.57407407407,28.5,20.171992780549953,11.3425925925927,8.028164768087695,,,20.0,20.0,26.5,28.5,20.171992780549953,detector_event_depth,108.0,15246530.0,108.0,12250.000000000116,trade_recovered_3s,0.5,,0.5,
aggregated-tick-v1,AUTO_INFERRED_V1,validated,NI2602|23:52:39.500,20260119,23:52:39.500,,NI,NI2602,10359500,20719,20719,10359500,visible_execution_drop,138045.0,1.4826,4,"NI2603,NI2604,NI2609,NI2606",20,573,290.0,137700.0,137925.9068627451,34.5,24.991850483537977,11.909313725490938,8.6271242895367,,,20.0,20.0,28.688741721854605,34.5,24.991850483537977,detector_event_depth,408.0,56273770.0,408.0,48590.00000000303,trade_recovered_3s,0.5,,0.5,
aggregated-tick-v1,AUTO_INFERRED_V1,validated,NI2603|21:18:01.500,20260119,21:18:01.500,,NI,NI2603,1081500,2163,2163,1081500,visible_execution_drop,139820.0,5.9304,5,"NI2602,NI2605,NI2604,NI2609,NI2606",20,554,290.0,139620.0,139764.57142857142,20.0,14.304105278214848,5.542857142857974,3.9642806056772817,,,20.0,20.0,18.34781209781213,20.0,14.304105278214848,detector_event_depth,35.0,4891760.0,35.0,1940.000000000291,trade_recovered_3s,0.5,,0.5,
aggregated-tick-v1,AUTO_INFERRED_V1,validated,NI2603|23:29:44.500,20260119,23:29:44.500,,NI,NI2603,8984500,17940,17940,8984500,visible_execution_drop,139655.0,2.2238999999999995,5,"NI2602,NI2605,NI2604,NI2609,NI2606",20,531,290.0,139380.0,139514.1489361702,27.5,19.69138233503992,14.085106382978848,10.08564418243446,,,20.0,20.0,27.5,27.5,19.69138233503992,detector_event_depth,94.0,13114330.0,94.0,13240.000000000116,trade_recovered_3s,0.5,,0.5,
aggregated-tick-v1,AUTO_INFERRED_V1,validated,NI2603|10:14:40.500,20260119,10:14:40.500,,NI,NI2603,47680500,37513,37513,47680500,visible_execution_drop,142630.0,3.7065,5,"NI2602,NI2605,NI2604,NI2609,NI2606",20,461,290.0,142420.0,142533.2142857143,21.0,14.723410222253383,9.678571428571011,6.785789405153904,,,20.0,20.0,19.5,21.0,14.723410222253383,detector_event_depth,28.0,3990930.0,28.0,2709.9999999998836,trade_recovered_3s,0.5,,0.5,
aggregated-tick-v1,AUTO_INFERRED_V1,validated,NI2604|09:07:51.500,20260119,09:07:51.500,,NI,NI2604,43671500,27910,27910,43671500,visible_execution_drop,142640.0,6.6716999999999995,4,"NI2602,NI2605,NI2609,NI2606",20,341,290.0,142440.0,142708.5507246377,20.0,14.021312394840155,-6.855072463769465,-4.805855625188913,,,20.0,20.0,20.0,20.0,14.021312394840155,detector_event_depth,69.0,9846890.0,69.0,0.0,trade_recovered_3s,0.5,,0.5,
aggregated-tick-v1,AUTO_INFERRED_V1,validated,NI2605|21:18:51.500,20260119,21:18:51.500,,NI,NI2605,1131500,2263,2263,1134000,visible_execution_drop,140855.0,2.2238999999999995,5,"NI2602,NI2603,NI2604,NI2609,NI2606",20,513,290.0,140500.0,140685.16666666666,35.5,25.20322317276632,16.983333333334304,12.057316625845234,,,23.7216,22.593657142867833,31.25,35.5,25.20322317276632,detector_event_depth,60.0,8441110.0,145.0,10190.000000000582,trade_recovered_3s,0.5,,0.5,
aggregated-tick-v1,AUTO_INFERRED_V1,validated,NI2605|21:18:59.000,20260119,21:18:59.000,,NI,NI2605,1139000,2278,2278,1139000,visible_execution_drop,140890.0,2.2238999999999995,5,"NI2602,NI2603,NI2604,NI2609,NI2606",20,517,290.0,140540.0,140738.77192982455,35.0,24.84207537795443,15.122807017544982,10.733768910174591,,,26.9368,24.0549333333343,30.0,35.0,24.84207537795443,detector_event_depth,57.0,8022110.0,57.0,8620.00000000064,trade_recovered_3s,0.5,,0.5,
aggregated-tick-v1,AUTO_INFERRED_V1,validated,NI2606|21:17:57.500,20260119,21:17:57.500,,NI,NI2606,1077500,2107,2107,1077500,visible_execution_drop,140525.0,3.7065,5,"NI2602,NI2603,NI2605,NI2604,NI2609",20,145,289.5,140040.0,140245.45454545456,48.5,34.51343177370575,27.95454545454413,19.892933965162165,,,35.5824,35.5824,48.5,48.5,34.51343177370575,detector_event_depth,11.0,1542700.0,11.0,3074.9999999998545,trade_recovered_3s,1.0,,0.5,
aggregated-tick-v1,AUTO_INFERRED_V1,validated,NI2609|09:41:47.000,20260119,09:41:47.000,,NI,NI2609,45707000,27915,27915,45707000,visible_execution_drop,142510.0,0.7413,4,"NI2602,NI2603,NI2605,NI2606",20,102,289.5,142000.0,142095.14285714287,51.0,35.786962318433794,41.48571428571304,29.110739096002412,,,34.0824,38.5302,51.0,51.0,35.786962318433794,detector_event_depth,70.0,9946660.0,70.0,29039.999999999127,trade_recovered_3s,2.0,,0.5,
aggregated-tick-v1,AUTO_INFERRED_V1,validated,SN2602|21:16:12.500,20260119,21:16:12.500,,SN,SN2602,972500,1945,1945,972500,visible_execution_drop,389990.0,7.412999999999999,5,"SN2603,SN2604,SN2605,SN2606,SN2607",20,472,290.0,389350.0,389925.3378378378,64.0,16.4106771968512,6.466216216218891,1.6580466720220752,,,62.734399999999994,51.62070000001151,58.548387096772785,64.0,16.4106771968512,detector_event_depth,148.0,57708950.0,148.0,9570.000000003958,trade_recovered_3s,0.5,,0.5,
aggregated-tick-v1,AUTO_INFERRED_V1,validated,SN2602|21:58:36.000,20260119,21:58:36.000,,SN,SN2602,3516000,7032,7032,3516000,visible_execution_drop,386835.0,3.7065,5,"SN2603,SN2604,SN2605,SN2606,SN2607",20,525,290.0,386390.0,386570.2380952381,44.5,11.503612651388837,26.47619047618937,6.844311004999384,,,43.5128,38.815,37.5833333333343,44.5,11.503612651388837,detector_event_depth,42.0,16235950.0,42.0,11119.999999999534,trade_recovered_3s,0.5,,0.5,
aggregated-tick-v1,AUTO_INFERRED_V1,validated,SN2602|23:24:39.500,20260119,23:24:39.500,23:24:40.500,SN,SN2602,8679500,17339,17339,8679500,"visible_execution_drop,interval_execution_drop",381127.5,4.07715,4,"SN2603,SN2604,SN2605,SN2607",20,477,290.0,380640.0,380785.6886227545,48.75,12.790995139421849,34.181137724552535,8.968425979377646,380702.2006472492,42.529935275082245,37.5824,30.00853333330838,42.75,48.75,12.790995139421849,detector_event_depth,167.0,63591210.0,167.0,57082.500000002736,trade_recovered_3s,0.5,1.5,1.0,
aggregated-tick-v1,AUTO_INFERRED_V1,validated,SN2602|23:49:58.500,20260119,23:49:58.500,,SN,SN2602,10198500,20366,20366,10198500,visible_execution_drop,380390.0,3.7065,5,"SN2603,SN2604,SN2605,SN2606,SN2607",20,375,290.0,380100.0,380273.5,29.0,7.623754567680539,11.65,3.062646231499251,,,27.651999999999997,24.6868,29.0,29.0,7.623754567680539,detector_event_depth,20.0,7605470.0,20.0,2330.0,trade_recovered_3s,0.5,,0.5,
aggregated-tick-v1,AUTO_INFERRED_V1,validated,SN2602|00:11:49.000,20260119,00:11:49.000,,SN,SN2602,11509000,22976,22976,11509000,visible_execution_drop,381425.0,5.9304,5,"SN2603,SN2604,SN2605,SN2606,SN2607",20,395,290.0,380920.0,381061.2,50.5,13.23982434292456,36.37999999999884,9.537917021694652,,,43.0128,43.5128,45.318181818182346,50.5,13.23982434292456,detector_event_depth,25.0,9526530.0,25.0,9094.999999999707,trade_recovered_3s,0.5,,0.5,
aggregated-tick-v1,AUTO_INFERRED_V1,validated,SN2603|21:42:13.500,20260119,21:42:13.500,,SN,SN2603,2533500,5067,5067,2533500,visible_execution_drop,384100.0,4.447799999999999,5,"SN2602,SN2604,SN2605,SN2606,SN2607",20,343,290.0,383640.0,383900.9090909091,46.0,11.976047904191615,19.909090909088263,5.183309270785801,,,44.0128,41.70266666664559,44.5,46.0,11.976047904191615,detector_event_depth,44.0,16891640.0,44.0,8759.999999998836,trade_recovered_3s,0.5,,0.5,
aggregated-tick-v1,AUTO_INFERRED_V1,validated,SN2603|09:47:48.500,20260119,09:47:48.500,,SN,SN2603,46068500,34207,34207,46069000,visible_execution_drop,388635.0,0.0,5,"SN2602,SN2604,SN2605,SN2606,SN2607",20,361,290.0,388070.0,388284.0,56.5,14.538062706652774,35.1,9.031610637230306,,,44.727999999999994,41.5128,56.5,56.5,14.538062706652774,detector_event_depth,20.0,7765680.0,24.0,7020.0,trade_recovered_3s,1.5,,0.5,
aggregated-tick-v1,AUTO_INFERRED_V1,validated,SN2603|14:43:46.500,20260119,14:43:46.500,14:43:47.500,SN,SN2603,63826500,53388,53388,63826500,"visible_execution_drop,interval_execution_drop",390422.5,1.85325,4,"SN2604,SN2605,SN2606,SN2607",20,355,290.0,389550.0,389774.5,87.25,22.347584988057807,64.8,16.597404094282478,389826.72,59.578000000002795,37.0824,31.151999999999997,87.25,87.25,22.347584988057807,detector_event_depth,100.0,38977450.0,100.0,64800.0,trade_recovered_3s,0.5,1.5,0.5,
aggregated-tick-v1,AUTO_INFERRED_V1,validated,SN2604|22:08:53.500,20260119,22:08:53.500,,SN,SN2604,4133500,8266,8266,4133500,visible_execution_drop,383210.0,3.7065,5,"SN2602,SN2603,SN2605,SN2606,SN2607",20,218,290.0,382690.0,382782.22222222225,52.0,13.56958325722189,42.77777777777519,11.163011867585707,,,50.9432,50.9432,46.75,52.0,13.56958325722189,detector_event_depth,18.0,6890080.0,18.0,7699.999999999534,trade_recovered_3s,0.5,,0.5,
aggregated-tick-v1,AUTO_INFERRED_V1,validated,SN2605|22:23:45.500,20260119,22:23:45.500,,SN,SN2605,5025500,10023,10023,5025500,visible_execution_drop,381020.0,6.6716999999999995,3,"SN2603,SN2604,SN2606",20,182,290.0,380360.0,380621.0,66.0,17.321925358248908,39.9,10.471891239305023,,,58.5192,51.2786666666772,66.0,66.0,17.321925358248908,detector_event_depth,10.0,3806210.0,10.0,3990.0,trade_recovered_3s,0.5,,0.5,
aggregated-tick-v1,AUTO_INFERRED_V1,validated,AG2603|14:33:51.000,20260120,14:33:51.000,14:33:52.000,AG,AG2603,63231000,60576,60576,63232500,"visible_execution_drop,interval_execution_drop",22978.75,1.85325,4,"AG2604,AG2606,AG2605,AG2608",20,298,290.0,22904.0,22933.257142857143,74.75,32.53005494206604,45.49285714285725,19.79779454620345,22942.727272727276,36.022727272724296,42.5128,35.923466666654676,74.75,74.75,32.53005494206604,detector_event_depth,35.0,12039960.0,74.0,23883.750000000055,trade_recovered_3s,0.5,1.5,0.5,
aggregated-tick-v1,AUTO_INFERRED_V1,validated,AG2604|09:56:38.500,20260120,09:56:38.500,09:56:39.500,AG,AG2604,46598500,46210,46210,46598500,interval_execution_drop,23145.5,7.412999999999999,5,"AG2606,AG2605,AG2608,AG2602,AG2603",20,519,290.0,23143.0,23119.10152284264,2.5,1.080123566135966,26.398477157359594,11.405446915106433,23123.53875236295,21.961247637049382,20.0,20.0,24.102778232629134,21.961247637049382,9.488344445809934,detector_event_depth,394.0,136633890.0,394.0,156014.9999999952,trade_recovered_3s,,1.5,0.5,
aggregated-tick-v1,AUTO_INFERRED_V1,validated,AG2604|11:22:39.500,20260120,11:22:39.500,,AG,AG2604,51757000,54733,54733,51759500,visible_execution_drop,23028.75,1.85325,4,"AG2606,AG2608,AG2602,AG2603",20,553,290.0,23006.0,23012.509433962263,22.75,9.878955653259514,16.240566037733515,7.052300293213273,,,20.0,20.0,18.625,22.75,9.878955653259514,detector_event_depth,53.0,18294945.0,141.0,12911.249999998145,trade_recovered_3s,0.5,,0.5,
aggregated-tick-v1,AUTO_INFERRED_V1,validated,AG2604|13:40:59.500,20260120,13:40:59.500,,AG,AG2604,60059500,56934,56934,60061000,visible_execution_drop,23283.5,0.7413,4,"AG2606,AG2605,AG2608,AG2603",20,575,290.0,23257.0,23267.545454545456,26.5,11.38145038331866,15.954545454544132,6.852296886011181,,,21.2216,20.0,16.5,26.5,11.38145038331866,detector_event_depth,55.0,19195725.0,144.0,13162.499999998909,trade_recovered_3s,0.5,,0.5,
aggregated-tick-v1,AUTO_INFERRED_V1,validated,AG2605|02:27:34.500,20260120,02:27:34.500,,AG,AG2605,19654500,38459,38459,19654500,visible_execution_drop,23506.5,2.2239,5,"AG2604,AG2606,AG2608,AG2602,AG2603",20,217,290.0,23450.0,23488.849056603776,56.5,24.03590496245719,17.650943396223738,7.508962795917613,,,23.7216,20.5064,53.5,56.5,24.03590496245719,detector_event_depth,53.0,18673635.0,53.0,14032.499999997872,trade_recovered_3s,0.5,,0.5,
aggregated-tick-v1,AUTO_INFERRED_V1,validated,AG2605|13:41:47.500,20260120,13:41:47.500,,AG,AG2605,60107500,56316,56316,60107500,visible_execution_drop,23154.5,5.9304,4,"AG2604,AG2606,AG2608,AG2603",20,517,290.0,23126.0,23138.776315789473,28.5,12.308622513982163,15.7236842105267,6.790768192155607,,,24.7216,22.180000000036983,21.996848739494453,28.5,12.308622513982163,detector_event_depth,76.0,26378205.0,76.0,17925.000000000437,trade_recovered_3s,0.5,,0.5,
aggregated-tick-v1,AUTO_INFERRED_V1,validated,AG2605|14:10:02.500,20260120,14:10:02.500,,AG,AG2605,61802500,59686,59686,61802500,visible_execution_drop,23169.5,2.2239,5,"AG2604,AG2606,AG2608,AG2602,AG2603",20,413,290.0,23140.0,23149.98076923077,29.5,12.73225576728026,19.51923076923049,8.4245368994715,,,20.0,20.0,26.899999999999636,29.5,12.73225576728026,detector_event_depth,52.0,18056985.0,52.0,15224.999999999782,trade_recovered_3s,0.5,,0.5,
aggregated-tick-v1,AUTO_INFERRED_V1,validated,AG2607|14:34:17.000,20260120,14:34:17.000,14:34:18.000,AG,AG2607,63257000,53591,53591,63259500,visible_execution_drop,22887.0,2.9652,5,"AG2604,AG2606,AG2605,AG2608,AG2602",20,109,290.0,22832.0,22841.066666666666,55.0,24.031109363394062,45.9333333333343,20.06961739561074,22859.138888888887,27.861111111113132,40.5128,40.0128,55.0,55.0,24.031109363394062,detector_event_depth,30.0,10278480.0,112.0,20670.000000000437,trade_recovered_3s,0.5,,0.5,
aggregated-tick-v1,AUTO_INFERRED_V1,validated,AG2609|14:34:34.500,20260120,14:34:34.500,,AG,AG2609,63274500,61112,61112,63275000,visible_execution_drop,22864.5,2.2239,5,"AG2604,AG2606,AG2605,AG2608,AG2602",20,121,290.0,22804.0,22815.866666666665,60.5,26.460233112466923,48.63333333333503,21.27023697580749,,,34.5824,34.5824,60.5,60.5,26.460233112466923,detector_event_depth,30.0,10267140.0,60.0,21885.000000000764,trade_recovered_3s,2.0,,0.5,
aggregated-tick-v1,AUTO_INFERRED_V1,validated,AG2609|14:34:45.500,20260120,14:34:45.500,14:34:46.500,AG,AG2609,63285500,61134,61134,63285500,"visible_execution_drop,interval_execution_drop",22860.5,2.9652,5,"AG2604,AG2606,AG2605,AG2608,AG2602",20,130,290.0,22819.0,22824.297297297297,41.5,18.153583692395177,36.20270270270339,15.836356467576556,22827.669491525427,32.830508474573435,28.651999999999997,31.617199999999997,23.753048780488825,41.5,18.153583692395177,detector_event_depth,37.0,12667485.0,37.0,20092.500000000386,trade_recovered_3s,0.5,1.5,2.0,
aggregated-tick-v1,AUTO_INFERRED_V1,validated,AG2610|13:36:07.500,20260120,13:36:07.500,13:36:08.500,AG,AG2610,59767500,53793,53793,59767500,"visible_execution_drop,interval_execution_drop",23234.0,2.9652,5,"AG2604,AG2606,AG2605,AG2608,AG2602",20,218,290.0,23180.0,23203.25,54.0,23.241800809158992,30.75,13.23491434965998,23203.849056603776,30.150943396223735,30.651999999999997,28.180999999992807,48.5,54.0,23.241800809158992,detector_event_depth,20.0,6960975.0,20.0,9225.0,trade_recovered_3s,0.5,1.5,1.0,
aggregated-tick-v1,AUTO_INFERRED_V1,validated,IC2603|11:07:45.200,20260120,11:07:45.200,,IC,IC2603,50865200,11607,11607,50865200,visible_execution_drop,8149.200000000001,1.4826000000121355,3,"IC2606,IC2602,IC2609",20,414,290.0,8141.0,8145.4,41.00000000000364,10.06233740735376,19.000000000005457,4.663034408286815,,,35.0823999999434,29.79504000004373,41.00000000000364,41.00000000000364,10.06233740735376,detector_event_depth,51.0,83083080.0,51.0,38760.00000001113,trade_recovered_3s,0.5,,0.5,
aggregated-tick-v1,AUTO_INFERRED_V1,validated,LC2607|09:13:15.250,20260120,09:13:15.250,,LC,LC2607,43995250,1460,1460,43995250,visible_execution_drop,155060.0,3.7065,2,"LC2609,LC2606",20,339,288.529,154200.0,154203.96396396396,43.0,55.46240165097382,42.80180180180177,55.20676099806755,,,40.5128,40.5128,35.5,43.0,55.46240165097382,detector_event_depth,111.0,17116640.0,111.0,95019.99999999994,trade_recovered_3s,0.514,,0.514,
aggregated-tick-v1,AUTO_INFERRED_V1,validated,NI2602|09:56:14.500,20260120,09:56:14.500,,NI,NI2602,46574500,35502,35502,46574500,visible_execution_drop,142845.0,4.447799999999999,3,"NI2603,NI2606,NI2609",20,534,290.0,142600.0,142750.33898305084,24.5,17.151457873919284,9.466101694916144,6.626834467371026,,,20.0,20.0,22.185810810810658,24.5,17.151457873919284,detector_event_depth,354.0,50533620.0,354.0,33510.00000000314,trade_recovered_3s,1.0,,1.0,
aggregated-tick-v1,AUTO_INFERRED_V1,validated,NI2603|00:59:54.500,20260120,00:59:54.500,,NI,NI2603,14394500,27906,27906,14394500,visible_execution_drop,143945.0,2.9652,2,"NI2602,NI2605",20,331,290.0,143740.0,143859.0909090909,20.5,14.241550592240092,8.590909090908827,5.968188607390896,,,20.0,20.0,20.5,20.5,14.241550592240092,detector_event_depth,22.0,3164900.0,22.0,1889.9999999999416,trade_recovered_3s,0.5,,0.5,
aggregated-tick-v1,AUTO_INFERRED_V1,validated,NI2605|00:59:55.000,20260120,00:59:55.000,,NI,NI2605,14395000,25830,25830,14395000,visible_execution_drop,144385.0,2.2238999999999995,2,"NI2602,NI2603",20,148,290.0,144090.0,144238.18181818182,29.5,20.431485265089865,14.681818181817652,10.168520401577489,,,20.0,20.0,29.5,29.5,20.431485265089865,detector_event_depth,11.0,1586620.0,11.0,1614.9999999999418,trade_recovered_3s,0.5,,0.5,
aggregated-tick-v1,AUTO_INFERRED_V1,validated,SN2602|23:42:05.500,20260120,23:42:05.500,,SN,SN2602,9725500,19278,19278,9725500,visible_execution_drop,394345.0,4.447799999999999,5,"SN2603,SN2604,SN2605,SN2606,SN2607",20,304,290.0,394100.0,394257.037037037,24.5,6.212833939824265,8.796296296297806,2.2306093132403872,,,23.2216,23.2216,19.45454545454413,24.5,6.212833939824265,detector_event_depth,27.0,10644940.0,27.0,2375.0000000004075,trade_recovered_3s,0.5,,0.5,
aggregated-tick-v1,AUTO_INFERRED_V1,validated,SN2602|00:59:57.000,20260120,00:59:57.000,00:59:58.000,SN,SN2602,14397000,27455,27455,14397000,visible_execution_drop,396990.0,0.7413,3,"SN2603,SN2604,SN2607",20,289,290.0,396540.0,396540.0,45.0,11.335298118340512,45.0,11.335298118340512,396800.0,19.0,27.4368,27.1868,25.2,45.0,11.335298118340512,detector_event_depth,1.0,396540.0,1.0,450.0,trade_recovered_3s,0.5,,0.5,
aggregated-tick-v1,AUTO_INFERRED_V1,validated,SN2602|09:50:16.500,20260120,09:50:16.500,,SN,SN2602,46216500,33459,33459,46216500,visible_execution_drop,402415.0,2.9652,5,"SN2603,SN2604,SN2605,SN2606,SN2607",20,408,290.0,402080.0,402270.0,33.5,8.324739385957283,14.5,3.603245405862108,,,30.867199999999997,27.01244,33.5,33.5,8.324739385957283,detector_event_depth,13.0,5229510.0,13.0,1885.0,trade_recovered_3s,0.5,,0.5,
aggregated-tick-v1,AUTO_INFERRED_V1,validated,SN2602|09:56:12.000,20260120,09:56:12.000,09:56:13.000,SN,SN2602,46572000,34166,34166,46572000,"visible_execution_drop,interval_execution_drop",400637.5,6.6716999999999995,4,"SN2603,SN2604,SN2606,SN2607",20,412,290.0,400110.0,400275.9090909091,52.75,13.166515865339614,36.15909090908826,9.025388514327355,400223.5714285714,41.39285714285798,36.0824,32.0512666666657,33.94436813186621,52.75,13.166515865339614,detector_event_depth,22.0,8806070.0,22.0,7954.999999999418,trade_recovered_3s,0.5,1.5,0.5,
aggregated-tick-v1,AUTO_INFERRED_V1,validated,SN2602|09:56:16.000,20260120,09:56:16.000,09:56:17.000,SN,SN2602,46576000,34174,34174,46576000,"visible_execution_drop,interval_execution_drop",399655.0,8.895599999999998,3,"SN2603,SN2606,SN2607",20,414,290.0,399070.0,399199.6153846154,58.5,14.637624951520689,45.538461538462435,11.394443091782271,399281.5094339623,37.34905660377117,35.099799999999995,32.628800000023006,43.02713815789612,58.5,14.637624951520689,detector_event_depth,26.0,10379190.0,26.0,11840.000000000233,trade_recovered_3s,0.5,1.5,0.5,
aggregated-tick-v1,AUTO_INFERRED_V1,validated,SN2602|09:56:42.000,20260120,09:56:42.000,,SN,SN2602,46602000,34226,34226,46602000,visible_execution_drop,399460.0,3.7065,2,"SN2605,SN2606",20,416,290.0,399030.0,399234.0,43.0,10.764532118359789,22.6,5.657637811044911,,,37.0824,37.0824,36.54545454545587,43.0,10.764532118359789,detector_event_depth,25.0,9980850.0,25.0,5650.0,trade_recovered_3s,0.5,,1.0,
aggregated-tick-v1,AUTO_INFERRED_V1,validated,SN2602|11:17:05.500,20260120,11:17:05.500,,SN,SN2602,51425500,42049,42049,51425500,visible_execution_drop,394390.0,3.7065,5,"SN2603,SN2604,SN2605,SN2606,SN2607",20,410,290.0,394000.0,394177.8333333333,39.0,9.888688861279444,21.21666666666861,5.379615777952941,,,35.0824,29.151999999999997,36.88636363636469,39.0,9.888688861279444,detector_event_depth,60.0,23650670.0,60.0,12730.000000001164,trade_recovered_3s,0.5,,0.5,
aggregated-tick-v1,AUTO_INFERRED_V1,validated,SN2602|13:51:09.500,20260120,13:51:09.500,,SN,SN2602,60669000,46126,46126,60669500,visible_execution_drop,398810.0,6.6716999999999995,5,"SN2603,SN2604,SN2605,SN2606,SN2607",20,433,290.0,398210.0,398507.61904761905,60.0,15.044758155512651,30.238095238094683,7.58208049900822,,,41.5128,35.5824,55.0,60.0,15.044758155512651,detector_event_depth,21.0,8368660.0,47.0,6349.999999999884,trade_recovered_3s,0.5,,0.5,
aggregated-tick-v1,AUTO_INFERRED_V1,validated,SN2602|14:30:32.000,20260120,14:30:32.000,14:30:33.000,SN,SN2602,63032000,50824,50824,63032000,visible_execution_drop,398145.0,3.7065,5,"SN2603,SN2604,SN2605,SN2606,SN2607",20,438,290.0,397200.0,397792.9090909091,94.5,23.735071393587763,35.20909090908826,8.843283454291342,397835.6043956044,30.939560439559862,35.5824,34.224799999999995,93.0,94.5,23.735071393587763,detector_event_depth,55.0,21878610.0,55.0,19364.999999998545,trade_recovered_3s,0.5,,0.5,
aggregated-tick-v1,AUTO_INFERRED_V1,validated,SN2602|14:38:32.500,20260120,14:38:32.500,,SN,SN2602,63512500,51784,51784,63512500,visible_execution_drop,396255.0,2.59455,5,"SN2603,SN2604,SN2605,SN2606,SN2607",20,445,290.0,395800.0,396009.0476190476,45.5,11.482504952618894,24.59523809523671,6.206921829437284,,,42.0128,34.49632,45.5,45.5,11.482504952618894,detector_event_depth,21.0,8316190.0,21.0,5164.999999999709,trade_recovered_3s,0.5,,0.5,
aggregated-tick-v1,AUTO_INFERRED_V1,validated,SN2603|21:38:07.000,20260120,21:38:07.000,,SN,SN2603,2287000,4573,4573,2287000,visible_execution_drop,391950.0,2.2238999999999995,5,"SN2602,SN2604,SN2605,SN2606,SN2607",20,440,290.0,391560.0,391792.68292682926,39.0,9.950248756218905,15.731707317073596,4.013702593972088,,,31.117199999999997,28.151999999999997,33.5,39.0,9.950248756218905,detector_event_depth,41.0,16063500.0,41.0,6450.000000000175,trade_recovered_3s,0.5,,0.5,
aggregated-tick-v1,AUTO_INFERRED_V1,validated,SN2603|22:45:18.000,20260120,22:45:18.000,,SN,SN2603,6318000,12603,12603,6318500,visible_execution_drop,393245.0,0.7413,3,"SN2605,SN2606,SN2607",20,384,290.0,392800.0,392986.28571428574,44.5,11.316100649722182,25.871428571426076,6.578959318345071,,,29.651999999999997,29.151999999999997,44.5,44.5,11.316100649722182,detector_event_depth,35.0,13754520.0,44.0,9054.999999999129,trade_recovered_3s,0.5,,0.5,
aggregated-tick-v1,AUTO_INFERRED_V1,validated,SN2604|09:56:16.000,20260120,09:56:16.000,09:56:17.000,SN,SN2604,46575500,31560,31560,46576000,visible_execution_drop,400170.0,9.6369,3,"SN2603,SN2606,SN2607",20,107,290.0,399590.0,399590.0,58.0,14.49384011794987,58.0,14.49384011794987,400150.29850746266,1.9701492537336889,44.4432,43.9432,39.5,58.0,14.49384011794987,detector_event_depth,5.0,1997950.0,33.0,2900.0,trade_recovered_3s,0.5,,0.5,
aggregated-tick-v1,AUTO_INFERRED_V1,validated,SN2604|10:08:15.500,20260120,10:08:15.500,,SN,SN2604,47295500,32995,32995,47295500,visible_execution_drop,397825.0,6.6716999999999995,5,"SN2602,SN2603,SN2605,SN2606,SN2607",20,162,290.0,397210.0,397490.0,61.5,15.459058631307736,33.5,8.420788034939987,,,59.0366,57.803999999999995,61.5,61.5,15.459058631307736,detector_event_depth,28.0,11129720.0,28.0,9380.0,trade_recovered_3s,0.5,,0.5,
aggregated-tick-v1,AUTO_INFERRED_V1,validated,AG2602|00:21:28.000,20260121,00:21:28.000,,AG,AG2602,12088000,23272,23272,12088500,visible_execution_drop,23024.5,2.2239,5,"AG2604,AG2606,AG2605,AG2608,AG2603",20,127,290.0,22964.0,22993.75,60.5,26.276357792785944,30.75,13.355338878151535,,,32.652,26.7216,60.5,60.5,26.276357792785944,detector_event_depth,20.0,6898125.0,32.0,9225.0,trade_recovered_3s,1.5,,1.0,
aggregated-tick-v1,AUTO_INFERRED_V1,validated,AG2602|10:37:44.000,20260121,10:37:44.000,,AG,AG2602,49064000,45737,45737,49064000,visible_execution_drop,22955.0,2.9652,5,"AG2604,AG2606,AG2605,AG2608,AG2603",20,147,290.0,22888.0,22913.04705882353,67.0,29.18754084077543,41.95294117647063,18.276166925057996,,,54.8736,54.8736,62.0,67.0,29.18754084077543,detector_event_depth,85.0,29214135.0,85.0,53490.00000000006,trade_recovered_3s,1.0,,0.5,
aggregated-tick-v1,AUTO_INFERRED_V1,validated,AG2604|00:42:15.500,20260121,00:42:15.500,00:42:16.500,AG,AG2604,13335500,26667,26667,13335500,"visible_execution_drop,interval_execution_drop",22998.0,3.7065,4,"AG2606,AG2605,AG2602,AG2603",20,475,290.0,22940.0,22967.49805447471,58.0,25.219584311679277,30.501945525291376,13.26286873871266,22958.620745542947,39.37925445705332,24.7216,22.66945454547354,57.21052631579005,58.0,25.219584311679277,detector_event_depth,257.0,88539705.0,257.0,117584.99999999824,trade_recovered_3s,1.0,1.5,1.0,
aggregated-tick-v1,AUTO_INFERRED_V1,validated,AG2604|01:57:34.000,20260121,01:57:34.000,,AG,AG2604,17854000,35666,35666,17854000,visible_execution_drop,23047.5,0.7413,5,"AG2606,AG2605,AG2608,AG2602,AG2603",20,357,290.0,23008.0,23029.9898989899,39.5,17.13851827747044,17.51010101009888,7.597397119036286,,,22.7216,20.0,39.5,39.5,17.13851827747044,detector_event_depth,99.0,34199535.0,99.0,26002.499999996835,trade_recovered_3s,0.5,,0.5,
aggregated-tick-v1,AUTO_INFERRED_V1,validated,AG2605|09:37:57.500,20260121,09:37:57.500,,AG,AG2605,45477500,43938,43938,45477500,visible_execution_drop,22773.0,5.9304,5,"AG2604,AG2606,AG2608,AG2602,AG2603",20,567,290.0,22731.0,22751.360655737702,42.0,18.442892899486232,21.639344262297527,9.50219306296822,,,29.651999999999997,25.273142857120277,41.3571428571413,42.0,18.442892899486232,detector_event_depth,61.0,20817495.0,61.0,19800.000000002237,trade_recovered_3s,0.5,,0.5,
aggregated-tick-v1,AUTO_INFERRED_V1,validated,AG2605|09:39:30.500,20260121,09:39:30.500,,AG,AG2605,45570500,44124,44124,45570500,visible_execution_drop,22742.0,2.9652,5,"AG2604,AG2606,AG2608,AG2602,AG2603",20,550,290.0,22717.0,22726.8,25.0,10.99287661595286,15.200000000000728,6.68366898249966,,,24.7216,24.7216,23.625,25.0,10.99287661595286,detector_event_depth,25.0,8522550.0,25.0,5700.000000000273,trade_recovered_3s,0.5,,0.5,
aggregated-tick-v1,AUTO_INFERRED_V1,validated,AG2606|22:24:42.000,20260121,22:24:42.000,,AG,AG2606,5082000,10163,10163,5082000,visible_execution_drop,23083.5,6.6716999999999995,3,"AG2604,AG2602,AG2603",20,518,290.0,23057.0,23079.166666666668,26.5,11.48006151580133,4.333333333332121,1.8772427635896296,,,20.5064,20.0,26.5,26.5,11.48006151580133,detector_event_depth,90.0,31156875.0,90.0,5849.999999998363,trade_recovered_3s,0.5,,0.5,
aggregated-tick-v1,AUTO_INFERRED_V1,validated,AG2606|22:34:18.500,20260121,22:34:18.500,,AG,AG2606,5658500,11316,11316,5658500,visible_execution_drop,22995.75,0.7413,4,"AG2604,AG2608,AG2602,AG2603",20,575,290.0,22966.0,22983.21495327103,29.75,12.937173173303762,12.535046728971793,5.451027572039091,,,23.7216,20.0,29.75,29.75,12.937173173303762,detector_event_depth,107.0,36888060.0,107.0,20118.749999999727,trade_recovered_3s,0.5,,0.5,
aggregated-tick-v1,AUTO_INFERRED_V1,validated,AG2606|22:54:07.500,20260121,22:54:07.500,,AG,AG2606,6847500,13694,13694,6847500,visible_execution_drop,22960.25,3.33585,4,"AG2604,AG2605,AG2608,AG2602",20,563,290.0,22937.0,22945.458823529418,23.25,10.12619636110234,14.791176470585924,6.442079886144935,,,20.0,20.0,18.75,23.25,10.12619636110234,detector_event_depth,85.0,29255460.0,85.0,18858.749999997053,trade_recovered_3s,0.5,,0.5,
aggregated-tick-v1,AUTO_INFERRED_V1,validated,AG2607|22:03:32.000,20260121,22:03:32.000,,AG,AG2607,3812000,7592,7592,3812000,visible_execution_drop,23341.0,3.7065,5,"AG2604,AG2606,AG2605,AG2608,AG2602",20,181,290.0,23311.0,23311.0,30.0,12.852919754937664,30.0,12.852919754937664,,,25.7216,25.7216,30.0,30.0,12.852919754937664,detector_event_depth,1.0,349665.0,1.0,450.0,trade_recovered_3s,1.5,,0.5,
aggregated-tick-v1,AUTO_INFERRED_V1,validated,AG2607|09:32:51.000,20260121,09:32:51.000,,AG,AG2607,45171000,43179,43179,45171000,visible_execution_drop,22703.0,2.9652,5,"AG2604,AG2606,AG2605,AG2608,AG2602",20,112,290.0,22677.0,22695.833333333332,26.0,11.452230982689512,7.166666666667879,3.1567046939470025,,,21.7216,20.363999999999997,26.0,26.0,11.452230982689512,detector_event_depth,6.0,2042625.0,6.0,645.0000000001091,trade_recovered_3s,1.0,,0.5,
aggregated-tick-v1,AUTO_INFERRED_V1,validated,AG2610|09:33:45.500,20260121,09:33:45.500,,AG,AG2610,45225500,42601,42601,45225500,visible_execution_drop,22616.5,4.4478,5,"AG2604,AG2606,AG2605,AG2608,AG2602",20,180,290.0,22570.0,22601.625,46.5,20.560210465810357,14.875,6.577056573740411,,,41.5128,35.5824,41.0,46.5,20.560210465810357,detector_event_depth,16.0,5424390.0,16.0,3570.0,trade_recovered_3s,0.5,,0.5,
aggregated-tick-v1,AUTO_INFERRED_V1,validated,AG2612|09:21:43.500,20260121,09:21:43.500,,AG,AG2612,44503500,41395,41395,44503500,visible_execution_drop,22840.0,0.7413,5,"AG2604,AG2606,AG2605,AG2608,AG2602",20,127,290.0,22800.0,22819.5,40.0,17.513134851138354,20.5,8.975481611208407,,,32.5824,26.651999999999997,40.0,40.0,17.513134851138354,detector_event_depth,4.0,1369170.0,4.0,1230.0,quote_only_recovered_3s,4.0,,0.5,
aggregated-tick-v1,AUTO_INFERRED_V1,validated,AG2612|09:22:33.000,20260121,09:22:33.000,,AG,AG2612,44553000,41493,41493,44553000,visible_execution_drop,22749.0,2.9652,5,"AG2604,AG2606,AG2605,AG2608,AG2602",20,147,290.0,22721.0,22744.285714285717,28.0,12.308233328937536,4.714285714282596,2.0723045910952553,,,26.651999999999997,26.651999999999997,28.0,28.0,12.308233328937536,detector_event_depth,7.0,2388150.0,7.0,494.9999999996726,trade_recovered_3s,0.5,,0.5,
aggregated-tick-v1,AUTO_INFERRED_V1,validated,IM2602|09:58:28.600,20260121,09:58:28.600,,IM,IM2602,46708600,3329,3329,46708600,visible_execution_drop,8220.5,2.9652000000107868,3,"IM2603,IM2606,IM2609",20,302,290.0,8210.0,8215.12,52.5,12.772945684569066,26.899999999996,6.5446140745687,,,45.158399999917336,41.69900000002161,45.49999999999727,52.5,12.772945684569066,detector_event_depth,10.0,16430240.0,10.0,10759.9999999984,trade_recovered_3s,0.5,,0.5,
aggregated-tick-v1,AUTO_INFERRED_V1,validated,NI2604|14:57:20.500,20260121,14:57:20.500,,NI,NI2604,64640500,52587,52587,64640500,visible_execution_drop,143200.0,0.0,5,"NI2602,NI2603,NI2605,NI2606,NI2609",20,279,290.0,143000.0,143079.0,20.0,13.966480446927374,12.1,8.449720670391061,,,20.0,20.0,20.0,20.0,13.966480446927374,detector_event_depth,10.0,1430790.0,10.0,1210.0,quote_only_recovered_3s,5.0,,0.5,
aggregated-tick-v1,AUTO_INFERRED_V1,validated,NI2605|23:23:12.500,20260121,23:23:12.500,,NI,NI2605,8592500,16858,16858,8592500,visible_execution_drop,140055.0,4.81845,4,"NI2602,NI2604,NI2606,NI2609",20,468,290.0,139810.0,139935.0588235294,24.5,17.493127699832208,11.994117647060191,8.563862516197347,,,20.0,20.0,23.027777777778105,24.5,17.493127699832208,detector_event_depth,85.0,11894480.0,85.0,10195.000000001164,trade_recovered_3s,0.5,,0.5,
aggregated-tick-v1,AUTO_INFERRED_V1,validated,NI2606|14:40:37.000,20260121,14:40:37.000,,NI,NI2606,63637000,44324,44324,63637000,visible_execution_drop,143065.0,3.33585,4,"NI2603,NI2605,NI2604,NI2609",20,114,290.0,142700.0,142802.1052631579,36.5,25.51287876140216,26.28947368421068,18.37589465222848,,,29.151999999999997,28.0444,31.5,36.5,25.51287876140216,detector_event_depth,19.0,2713240.0,19.0,4995.000000000029,trade_recovered_3s,0.5,,0.5,
aggregated-tick-v1,AUTO_INFERRED_V1,validated,SN2602|21:50:54.000,20260121,21:50:54.000,21:50:55.000,SN,SN2602,3054000,6094,6094,3054000,interval_execution_drop,400830.0,1.4826,5,"SN2603,SN2604,SN2605,SN2606,SN2607",20,486,290.0,400800.0,400562.0,3.0,0.7484469725319961,26.8,6.686126287952499,400542.0661157025,28.79338842974976,28.651999999999997,24.448399999988492,26.8,28.79338842974976,7.183441466394671,detector_event_depth,40.0,16022480.0,40.0,10720.0,trade_recovered_3s,,1.5,0.5,
aggregated-tick-v1,AUTO_INFERRED_V1,validated,SN2602|21:51:05.500,20260121,21:51:05.500,21:51:06.500,SN,SN2602,3064000,6117,6117,3065500,"visible_execution_drop,interval_execution_drop",399635.0,0.0,3,"SN2603,SN2605,SN2607",20,491,290.0,399250.0,399394.1666666667,38.5,9.633790834136148,24.083333333331392,6.026332361612821,399499.3689320389,13.563106796116337,28.651999999999997,23.512320000023013,24.275,38.5,9.633790834136148,detector_event_depth,96.0,38341840.0,360.0,23119.999999998137,trade_recovered_3s,0.5,1.5,0.5,
aggregated-tick-v1,AUTO_INFERRED_V1,validated,SN2602|22:17:31.000,20260121,22:17:31.000,,SN,SN2602,4651000,9281,9281,4651000,visible_execution_drop,398800.0,5.1891,4,"SN2604,SN2605,SN2606,SN2607",20,498,290.0,398510.0,398755.6,29.0,7.271815446339017,4.440000000002328,1.1133400200607644,,,27.651999999999997,26.20516,22.857758620689857,29.0,7.271815446339017,detector_event_depth,25.0,9968890.0,25.0,1110.000000000582,trade_recovered_3s,0.5,,1.0,
aggregated-tick-v1,AUTO_INFERRED_V1,validated,SN2602|22:25:44.000,20260121,22:25:44.000,,SN,SN2602,5144000,10266,10266,5144000,visible_execution_drop,396490.0,9.6369,3,"SN2604,SN2605,SN2607",20,506,290.0,396110.0,396476.75675675675,38.0,9.584100481727155,1.3243243243254257,0.334012036703429,,,33.8411,26.06872888888759,38.0,38.0,9.584100481727155,detector_event_depth,74.0,29339280.0,74.0,980.0000000008148,trade_recovered_3s,0.5,,0.5,
aggregated-tick-v1,AUTO_INFERRED_V1,validated,SN2602|22:30:21.500,20260121,22:30:21.500,,SN,SN2602,5421500,10821,10821,5423000,visible_execution_drop,398540.0,4.447799999999999,5,"SN2603,SN2604,SN2605,SN2606,SN2607",20,492,290.0,397840.0,398264.1509433962,70.0,17.564108997842123,27.584905660379444,6.9214898530585245,,,34.5824,28.6032579185689,70.0,70.0,17.564108997842123,detector_event_depth,53.0,21108000.0,135.0,14620.000000001106,trade_recovered_3s,0.5,,0.5,
aggregated-tick-v1,AUTO_INFERRED_V1,validated,SN2602|22:40:45.000,20260121,22:40:45.000,,SN,SN2602,6045000,12067,12067,6045000,visible_execution_drop,397310.0,2.9652,5,"SN2603,SN2604,SN2605,SN2606,SN2607",20,516,290.0,396940.0,397051.92307692306,37.0,9.312627419395437,25.80769230769365,6.495606027458068,,,35.5824,26.87825714284318,37.0,37.0,9.312627419395437,detector_event_depth,26.0,10323350.0,26.0,6710.000000000349,trade_recovered_3s,0.5,,0.5,
aggregated-tick-v1,AUTO_INFERRED_V1,validated,SN2602|22:41:54.000,20260121,22:41:54.000,,SN,SN2602,6114000,12205,12205,6114000,visible_execution_drop,396870.0,4.447799999999999,5,"SN2603,SN2604,SN2605,SN2606,SN2607",20,513,290.0,396500.0,396631.6666666667,37.0,9.32295210018394,23.833333333331392,6.005325001469346,,,36.0824,30.151999999999997,36.0,37.0,9.32295210018394,detector_event_depth,12.0,4759580.0,12.0,2859.999999999767,trade_recovered_3s,0.5,,0.5,
aggregated-tick-v1,AUTO_INFERRED_V1,validated,SN2602|23:13:13.000,20260121,23:13:13.000,23:13:14.000,SN,SN2602,7993000,15950,15950,7993000,"visible_execution_drop,interval_execution_drop",395047.5,3.33585,2,"SN2604,SN2605",20,430,290.0,394520.0,394703.1944444445,52.75,13.352824660325656,34.430555555556204,8.715548270918358,394627.8306878307,41.96693121693097,35.474799999999995,31.151999999999997,42.875,52.75,13.352824660325656,detector_event_depth,72.0,28418630.0,72.0,24790.000000000466,trade_recovered_3s,0.5,1.5,0.5,
aggregated-tick-v1,AUTO_INFERRED_V1,validated,SN2602|00:59:27.000,20260121,00:59:27.000,,SN,SN2602,14367000,28294,28294,14367000,visible_execution_drop,395125.0,8.895599999999998,3,"SN2604,SN2606,SN2607",20,337,290.0,394750.0,394999.3333333333,37.5,9.490667510281556,12.566666666668606,3.180428134557066,,,36.5824,33.6172,33.75,37.5,9.490667510281556,detector_event_depth,15.0,5924990.0,15.0,1885.000000000291,trade_recovered_3s,0.5,,0.5,
aggregated-tick-v1,AUTO_INFERRED_V1,validated,SN2602|10:54:19.000,20260121,10:54:19.000,,SN,SN2602,50059000,40195,40195,50059000,visible_execution_drop,398905.0,8.895599999999998,5,"SN2603,SN2604,SN2605,SN2606,SN2607",20,313,290.0,398510.0,398787.8125,39.5,9.90210701796167,11.71875,2.93772953460097,,,26.151999999999997,26.151999999999997,39.5,39.5,9.90210701796167,detector_event_depth,32.0,12761210.0,32.0,3750.0,trade_recovered_3s,0.5,,0.5,
aggregated-tick-v1,AUTO_INFERRED_V1,validated,SN2602|14:29:18.000,20260121,14:29:18.000,,SN,SN2602,62958000,51542,51542,62958000,visible_execution_drop,415992.5,3.7065,4,"SN2603,SN2604,SN2605,SN2606",20,459,290.0,415470.0,415756.25,52.25,12.560322601969988,23.625,5.6791889276849945,,,42.5128,34.35559999997699,52.25,52.25,12.560322601969988,detector_event_depth,24.0,9978150.0,24.0,5670.0,trade_recovered_3s,0.5,,0.5,
aggregated-tick-v1,AUTO_INFERRED_V1,validated,SN2602|14:58:00.500,20260121,14:58:00.500,,SN,SN2602,64680500,54986,54986,64680500,visible_execution_drop,417245.0,5.1891,5,"SN2603,SN2604,SN2605,SN2606,SN2607",20,453,290.0,416710.0,417135.0,53.5,12.822202782537836,11.0,2.636340759026471,,,47.6584,39.0128,45.425,53.5,12.822202782537836,detector_event_depth,28.0,11679780.0,28.0,3080.0,trade_recovered_3s,0.5,,0.5,
aggregated-tick-v1,AUTO_INFERRED_V1,validated,SN2603|21:27:12.500,20260121,21:27:12.500,21:27:13.500,SN,SN2603,1632500,3265,3265,1632500,"visible_execution_drop,interval_execution_drop",403260.0,1.4826,2,"SN2605,SN2606",20,436,290.0,402790.0,402894.0,47.0,11.655011655011656,36.6,9.076030352626098,402879.3650793651,38.06349206349114,34.5824,29.21679999999178,47.0,47.0,11.655011655011656,detector_event_depth,30.0,12086820.0,30.0,10980.0,trade_recovered_3s,0.5,1.5,0.5,
aggregated-tick-v1,AUTO_INFERRED_V1,validated,SN2603|21:51:02.500,20260121,21:51:02.500,,SN,SN2603,3062500,6118,6118,3062500,visible_execution_drop,400860.0,8.895599999999998,5,"SN2602,SN2604,SN2605,SN2606,SN2607",20,482,290.0,400500.0,400687.7083333333,36.0,8.98069151324652,17.229166666668608,4.298050857323905,,,29.651999999999997,24.4003644444486,25.383333333334303,36.0,8.98069151324652,detector_event_depth,48.0,19233010.0,48.0,8270.000000000931,trade_recovered_3s,0.5,,0.5,
aggregated-tick-v1,AUTO_INFERRED_V1,validated,SN2603|22:47:47.000,20260121,22:47:47.000,22:47:48.000,SN,SN2603,6467000,12925,12925,6467000,"visible_execution_drop,interval_execution_drop",396825.0,6.6716999999999995,4,"SN2602,SN2604,SN2606,SN2607",20,454,290.0,396300.0,396455.4545454546,52.5,13.230013230013231,36.954545454547045,9.312554767100622,396489.2,33.57999999999883,29.151999999999997,28.35608205127637,45.45,52.5,13.230013230013231,detector_event_depth,22.0,8722020.0,22.0,8130.000000000349,trade_recovered_3s,0.5,1.5,0.5,
aggregated-tick-v1,AUTO_INFERRED_V1,validated,SN2603|23:17:09.500,20260121,23:17:09.500,,SN,SN2603,8229500,16443,16443,8229500,visible_execution_drop,393010.0,5.9304,5,"SN2602,SN2604,SN2605,SN2606,SN2607",20,480,290.0,392360.0,392871.0869565217,65.0,16.539019363374976,13.8913043478271,3.5345931014038063,,,41.0128,36.15413333334581,64.25,65.0,16.539019363374976,detector_event_depth,46.0,18072070.0,46.0,6390.000000000466,trade_recovered_3s,1.0,,1.0,
aggregated-tick-v1,AUTO_INFERRED_V1,validated,SN2603|00:59:58.500,20260121,00:59:58.500,00:59:59.500,SN,SN2603,14398500,28547,28547,14398500,interval_execution_drop,394710.0,7.412999999999999,3,"SN2602,SN2605,SN2606",20,358,289.5,394610.0,394365.4545454546,10.0,2.53350561171493,34.454545454547045,8.729078425818207,394401.4285714286,30.857142857142023,35.0824,29.151999999999997,34.454545454547045,30.857142857142023,7.817674459005859,detector_event_depth,11.0,4338020.0,11.0,3790.0000000001746,trade_recovered_3s,,1.5,0.5,
aggregated-tick-v1,AUTO_INFERRED_V1,validated,SN2604|22:25:36.500,20260121,22:25:36.500,,SN,SN2604,5136500,10192,10192,5136500,visible_execution_drop,397480.0,8.1543,5,"SN2602,SN2603,SN2605,SN2606,SN2607",20,151,290.0,397050.0,397230.0,43.0,10.818154372547047,25.0,6.289624635201772,,,40.5128,40.5128,26.0,43.0,10.818154372547047,detector_event_depth,4.0,1588920.0,4.0,1000.0,trade_recovered_3s,0.5,,0.5,
aggregated-tick-v1,AUTO_INFERRED_V1,validated,AG2602|23:30:21.000,20260122,23:30:21.000,,AG,AG2602,9021000,17205,17205,9021000,visible_execution_drop,22966.5,2.9652,5,"AG2604,AG2606,AG2605,AG2608,AG2610",20,261,290.0,22906.0,22921.4,60.5,26.342716565432266,45.099999999998545,19.63729780332159,,,47.4432,47.4432,59.75,60.5,26.342716565432266,detector_event_depth,40.0,13752840.0,40.0,27059.999999999127,trade_recovered_3s,0.5,,0.5,
aggregated-tick-v1,AUTO_INFERRED_V1,validated,AG2602|00:54:01.500,20260122,00:54:01.500,,AG,AG2602,14041500,26385,26385,14041500,visible_execution_drop,23040.0,0.7413,5,"AG2604,AG2606,AG2605,AG2608,AG2610",20,133,289.5,22990.0,22998.5,50.0,21.70138888888889,41.5,18.01215277777778,,,47.9432,47.9432,50.0,50.0,21.70138888888889,detector_event_depth,10.0,3449775.0,10.0,6225.0,trade_recovered_3s,1.0,,0.5,
aggregated-tick-v1,AUTO_INFERRED_V1,validated,AG2603|23:56:17.000,20260122,23:56:17.000,,AG,AG2603,10577000,20221,20221,10577000,visible_execution_drop,23117.25,1.11195,5,"AG2604,AG2606,AG2605,AG2608,AG2602",20,131,290.0,23065.0,23071.933333333334,52.25,22.602169375682664,45.3166666666657,19.60296603906853,,,21.651999999999997,21.651999999999997,52.25,52.25,22.602169375682664,detector_event_depth,30.0,10382370.0,30.0,20392.499999999563,trade_recovered_3s,1.0,,0.5,
aggregated-tick-v1,AUTO_INFERRED_V1,validated,AG2604|21:32:53.000,20260122,21:32:53.000,,AG,AG2604,1973000,3946,3946,1973000,visible_execution_drop,23066.75,3.33585,4,"AG2606,AG2605,AG2608,AG2610",20,542,290.0,23039.0,23058.470588235297,27.75,12.03030335873064,8.27941176470631,3.5893273931985696,,,20.0,20.0,26.75,27.75,12.03030335873064,detector_event_depth,357.0,123478110.0,357.0,44336.25000000229,trade_recovered_3s,0.5,,0.5,
aggregated-tick-v1,AUTO_INFERRED_V1,validated,AG2604|23:59:23.500,20260122,23:59:23.500,,AG,AG2604,10763500,21527,21527,10763500,visible_execution_drop,23064.25,1.11195,4,"AG2606,AG2605,AG2608,AG2610",20,564,290.0,23040.0,23047.848484848488,24.25,10.51410733060906,16.401515151512285,7.111228481963335,,,21.2216,20.0,22.445652173913913,24.25,10.51410733060906,detector_event_depth,99.0,34226055.0,99.0,24356.249999995744,trade_recovered_3s,0.5,,0.5,
aggregated-tick-v1,AUTO_INFERRED_V1,validated,AG2604|01:11:06.500,20260122,01:11:06.500,,AG,AG2604,15066000,30117,30117,15066500,visible_execution_drop,22962.0,5.1891,3,"AG2606,AG2602,AG2610",20,427,290.0,22936.0,22946.5,26.0,11.323055482971869,15.5,6.750283076387074,,,20.0,20.744799999985617,20.5,26.0,11.323055482971869,detector_event_depth,24.0,8260740.0,46.0,5580.0,trade_recovered_3s,0.5,,0.5,
aggregated-tick-v1,AUTO_INFERRED_V1,validated,AG2604|02:03:43.500,20260122,02:03:43.500,,AG,AG2604,18223500,36399,36399,18223500,visible_execution_drop,22982.5,2.2239,5,"AG2606,AG2605,AG2608,AG2602,AG2610",20,356,290.0,22960.0,22972.535714285717,22.5,9.790057652561732,9.964285714282596,4.3355969604188385,,,20.0,20.0,20.3125,22.5,9.790057652561732,detector_event_depth,56.0,19296930.0,56.0,8369.99999999738,trade_recovered_3s,0.5,,0.5,
aggregated-tick-v1,AUTO_INFERRED_V1,validated,AG2605|10:47:15.500,20260122,10:47:15.500,,AG,AG2605,49635500,50490,50490,49636000,visible_execution_drop,22762.0,1.11195,4,"AG2604,AG2606,AG2608,AG2610",20,438,290.0,22738.0,22752.135135135137,24.0,10.543888937703189,9.864864864863192,4.333918313356995,,,20.0,20.0,24.0,24.0,10.543888937703189,detector_event_depth,37.0,12627435.0,41.0,5474.999999999072,trade_recovered_3s,1.0,,0.5,
aggregated-tick-v1,AUTO_INFERRED_V1,validated,AG2608|23:49:11.000,20260122,23:49:11.000,23:49:12.000,AG,AG2608,10151000,20243,20243,10151000,visible_execution_drop,22926.0,2.9652,5,"AG2604,AG2606,AG2605,AG2602,AG2610",20,372,290.0,22888.0,22903.777777777777,38.0,16.575067608828405,22.222222222222623,9.69302199346708,22905.367088607592,20.63291139240755,22.7216,21.316533333326745,38.0,38.0,16.575067608828405,detector_event_depth,72.0,24736080.0,72.0,24000.000000000437,trade_recovered_3s,0.5,,0.5,
aggregated-tick-v1,AUTO_INFERRED_V1,validated,AG2610|22:20:06.500,20260122,22:20:06.500,,AG,AG2610,4806500,9508,9508,4806500,visible_execution_drop,23061.5,0.7413,5,"AG2604,AG2606,AG2605,AG2608,AG2602",20,143,290.0,23034.0,23034.0,27.5,11.924636298592892,27.5,11.924636298592892,,,26.6868,29.651999999999997,27.5,27.5,11.924636298592892,detector_event_depth,1.0,345510.0,1.0,412.5,trade_recovered_3s,3.0,,0.5,
aggregated-tick-v1,AUTO_INFERRED_V1,validated,AG2610|23:24:51.000,20260122,23:24:51.000,,AG,AG2610,8691000,17172,17172,8691000,visible_execution_drop,22774.5,2.2239,5,"AG2604,AG2606,AG2605,AG2608,AG2602",20,307,290.0,22712.0,22748.0,62.5,27.442973501064788,26.5,11.635820764451468,,,41.4432,38.613653333334994,62.5,62.5,27.442973501064788,detector_event_depth,10.0,3412200.0,10.0,3975.0,trade_recovered_3s,0.5,,0.5,
aggregated-tick-v1,AUTO_INFERRED_V1,validated,AG2610|11:00:38.500,20260122,11:00:38.500,11:00:39.500,AG,AG2610,50438500,50583,50583,50438500,visible_execution_drop,22848.0,2.2239,5,"AG2604,AG2606,AG2605,AG2608,AG2602",20,105,290.0,22800.0,22815.0,48.0,21.008403361344534,33.0,14.44327731092437,22836.5,11.5,30.651999999999997,30.651999999999997,47.25,48.0,21.008403361344534,detector_event_depth,6.0,2053350.0,6.0,2970.0,trade_recovered_3s,0.5,,0.5,
aggregated-tick-v1,AUTO_INFERRED_V1,validated,IC2606|11:12:00.200,20260122,11:12:00.200,,IC,IC2606,51120200,11083,11083,51120200,visible_execution_drop,8279.200000000003,1.4825999999919093,3,"IC2603,IC2602,IC2609",20,164,290.0,8272.0,8273.2,36.00000000001273,8.696492414729134,30.000000000009095,7.247077012273912,,,32.08240000002703,32.08240000002703,31.75000000001091,36.00000000001273,8.696492414729134,detector_event_depth,8.0,13237120.0,8.0,9600.00000000291,trade_recovered_3s,1.0,,0.5,
aggregated-tick-v1,AUTO_INFERRED_V1,validated,LC2609|09:22:29.837,20260122,09:22:29.837,,LC,LC2609,44549837,2151,2151,44549837,visible_execution_drop,171540.0,2.9652,4,"LC2605,LC2607,LC2606,LC2608",20,133,288.856,170420.0,170792.19047619047,56.0,65.29089425206949,37.39047619047633,43.59388619619486,,,39.5128,33.5824,52.0,56.0,65.29089425206949,detector_event_depth,105.0,17933180.0,105.0,78520.00000000029,trade_recovered_3s,0.492,,0.492,
aggregated-tick-v1,AUTO_INFERRED_V1,validated,SN2602|21:18:45.000,20260122,21:18:45.000,,SN,SN2602,1125000,2250,2250,1125000,visible_execution_drop,418200.0,2.9652,4,"SN2603,SN2604,SN2605,SN2607",20,524,290.0,417700.0,418002.0930232558,50.0,11.956001912960309,19.790697674418332,4.732352385083294,,,45.5128,38.67292000000164,41.5,50.0,11.956001912960309,detector_event_depth,43.0,17974090.0,43.0,8509.999999999884,trade_recovered_3s,0.5,,0.5,
aggregated-tick-v1,AUTO_INFERRED_V1,validated,SN2602|22:02:33.000,20260122,22:02:33.000,,SN,SN2602,3753000,7501,7501,3753000,visible_execution_drop,414995.0,3.7065,5,"SN2603,SN2604,SN2605,SN2606,SN2607",20,508,290.0,414540.0,414761.4285714286,45.5,10.963987517921902,23.357142857142023,5.628295005275251,,,36.5824,31.84272000002301,33.75,45.5,10.963987517921902,detector_event_depth,21.0,8709990.0,21.0,4904.999999999825,trade_recovered_3s,0.5,,0.5,
aggregated-tick-v1,AUTO_INFERRED_V1,validated,SN2602|22:02:53.000,20260122,22:02:53.000,22:02:54.000,SN,SN2602,3773000,7541,7541,3773000,interval_execution_drop,414175.0,9.6369,4,"SN2603,SN2604,SN2606,SN2607",20,509,289.5,414100.0,413774.28571428574,7.5,1.8108287559606449,40.071428571426075,9.674999353274842,413742.6178010471,43.23821989528951,40.2976,31.151999999999997,38.821428571426075,43.23821989528951,10.439601592391988,detector_event_depth,98.0,40549880.0,98.0,39269.999999997555,trade_recovered_3s,,1.5,0.5,
aggregated-tick-v1,AUTO_INFERRED_V1,validated,SN2602|22:42:12.500,20260122,22:42:12.500,,SN,SN2602,6132500,12257,12257,6132500,visible_execution_drop,411900.0,8.1543,5,"SN2603,SN2604,SN2605,SN2606,SN2607",20,500,290.0,411480.0,411643.15789473685,42.0,10.196649672250546,25.684210526314565,6.235545162979986,,,41.5128,32.561142857151886,38.5,42.0,10.196649672250546,detector_event_depth,38.0,15642440.0,38.0,9759.999999999534,trade_recovered_3s,0.5,,0.5,
aggregated-tick-v1,AUTO_INFERRED_V1,validated,SN2602|22:51:48.000,20260122,22:51:48.000,,SN,SN2602,6708000,13408,13408,6708000,visible_execution_drop,405502.5,6.6716999999999995,4,"SN2603,SN2605,SN2606,SN2607",20,498,290.0,405000.0,405148.8461538461,50.25,12.39203210831006,35.3653846153873,8.721372769683862,,,47.9432,37.89899729731689,50.25,50.25,12.39203210831006,detector_event_depth,52.0,21067740.0,52.0,18390.000000001397,trade_recovered_3s,0.5,,0.5,
aggregated-tick-v1,AUTO_INFERRED_V1,validated,SN2602|23:33:43.500,20260122,23:33:43.500,,SN,SN2602,9223500,18438,18438,9223500,visible_execution_drop,406660.0,2.59455,5,"SN2603,SN2604,SN2605,SN2606,SN2607",20,513,290.0,406180.0,406364.0,48.0,11.803472188068657,29.6,7.278807849309005,,,45.9606,35.177333333354404,48.0,48.0,11.803472188068657,detector_event_depth,5.0,2031820.0,5.0,1480.0,trade_recovered_3s,0.5,,0.5,
aggregated-tick-v1,AUTO_INFERRED_V1,validated,SN2602|23:47:55.500,20260122,23:47:55.500,,SN,SN2602,10075500,20135,20135,10075500,visible_execution_drop,407180.0,3.7065,5,"SN2603,SN2604,SN2605,SN2606,SN2607",20,426,290.0,406730.0,407044.6666666667,45.0,11.051623360675867,13.533333333331392,3.3236733958768583,,,42.0128,36.5824,44.0,45.0,11.051623360675867,detector_event_depth,15.0,6105670.0,15.0,2029.999999999709,trade_recovered_3s,0.5,,0.5,
aggregated-tick-v1,AUTO_INFERRED_V1,validated,SN2602|11:19:30.500,20260122,11:19:30.500,,SN,SN2602,51570500,43417,43417,51570500,visible_execution_drop,406075.0,1.4826,5,"SN2603,SN2604,SN2605,SN2606,SN2607",20,415,290.0,405350.0,405681.78571428574,72.5,17.853844733115803,39.321428571426075,9.683292143428204,,,52.3736,45.60016,72.5,72.5,17.853844733115803,detector_event_depth,28.0,11359090.0,28.0,11009.999999999302,trade_recovered_3s,0.5,,0.5,
aggregated-tick-v1,AUTO_INFERRED_V1,validated,SN2602|11:28:13.000,20260122,11:28:13.000,,SN,SN2602,52093000,44446,44446,52093000,visible_execution_drop,407095.0,5.1891,3,"SN2605,SN2606,SN2607",20,357,290.0,406500.0,406869.3333333333,59.5,14.61575307974797,22.56666666666861,5.543341644252227,,,49.9432,46.68148,56.0,59.5,14.61575307974797,detector_event_depth,15.0,6103040.0,15.0,3385.000000000291,trade_recovered_3s,0.5,,0.5,
aggregated-tick-v1,AUTO_INFERRED_V1,validated,SN2603|21:48:47.500,20260122,21:48:47.500,,SN,SN2603,2927500,5855,5855,2927500,visible_execution_drop,418040.0,5.1891,5,"SN2602,SN2604,SN2605,SN2606,SN2607",20,528,290.0,417640.0,417847.9310344828,40.0,9.56846234810066,19.20689655172173,4.5945116619753446,,,29.651999999999997,28.328333333341,37.75,40.0,9.56846234810066,detector_event_depth,29.0,12117590.0,29.0,5569.9999999993015,trade_recovered_3s,0.5,,0.5,
aggregated-tick-v1,AUTO_INFERRED_V1,validated,SN2603|22:11:17.000,20260122,22:11:17.000,,SN,SN2603,4277000,8554,8554,4277000,visible_execution_drop,415532.5,6.6716999999999995,4,"SN2602,SN2604,SN2606,SN2607",20,522,290.0,415120.0,415355.7894736842,41.25,9.927021352120471,17.67105263157864,4.252628285772747,,,36.0824,29.98755808079308,39.125,41.25,9.927021352120471,detector_event_depth,19.0,7891760.0,19.0,3357.499999999942,trade_recovered_3s,0.5,,0.5,
aggregated-tick-v1,AUTO_INFERRED_V1,validated,SN2603|10:59:40.000,20260122,10:59:40.000,,SN,SN2603,50380000,41251,41251,50380000,visible_execution_drop,407850.0,3.7065,5,"SN2602,SN2604,SN2605,SN2606,SN2607",20,501,290.0,407400.0,407679.5454545454,45.0,11.033468186833394,17.04545454545296,4.179344010163776,,,41.0128,33.02226666664559,45.0,45.0,11.033468186833394,detector_event_depth,22.0,8968950.0,22.0,3749.999999999651,trade_recovered_3s,0.5,,0.5,
aggregated-tick-v1,AUTO_INFERRED_V1,validated,SN2604|21:47:14.000,20260122,21:47:14.000,,SN,SN2604,2834000,5666,5666,2834000,visible_execution_drop,419125.0,3.7065,5,"SN2603,SN2602,SN2605,SN2606,SN2607",20,190,290.0,418660.0,418994.5454545454,46.5,11.094542201014017,13.04545454545296,3.112545074966408,,,42.477999999999994,39.5128,46.5,46.5,11.094542201014017,detector_event_depth,11.0,4608940.0,11.0,1434.9999999998254,trade_recovered_3s,0.5,,0.5,
aggregated-tick-v1,AUTO_INFERRED_V1,validated,SN2604|22:52:15.500,20260122,22:52:15.500,,SN,SN2604,6735500,13466,13466,6735500,visible_execution_drop,406095.0,6.301049999999999,3,"SN2605,SN2606,SN2607",20,289,290.0,405490.0,405646.22222222225,60.5,14.897991849197847,44.877777777775194,11.051054008981934,,,56.5888,50.6584,54.5,60.5,14.897991849197847,detector_event_depth,45.0,18254080.0,45.0,20194.999999998836,trade_recovered_3s,0.5,,0.5,
aggregated-tick-v1,AUTO_INFERRED_V1,validated,SN2604|10:05:14.000,20260122,10:05:14.000,,SN,SN2604,47114000,36459,36459,47114000,visible_execution_drop,407045.0,8.895599999999998,5,"SN2603,SN2602,SN2605,SN2606,SN2607",20,195,290.0,406410.0,406614.0,63.5,15.60024075962117,43.1,10.588509869916102,,,56.303999999999995,56.053999999999995,56.5,63.5,15.60024075962117,detector_event_depth,5.0,2033070.0,5.0,2155.0,trade_recovered_3s,0.5,,0.5,
aggregated-tick-v1,AUTO_INFERRED_V1,validated,AG2602|23:00:03.000,20260123,23:00:03.000,,AG,AG2602,7203000,13214,13214,7203000,visible_execution_drop,23394.0,1.4826,4,"AG2604,AG2605,AG2608,AG2603",20,155,289.5,23362.0,23384.733333333337,32.0,13.6787210395828,9.266666666666424,3.961129634379082,,,31.617199999999997,31.617199999999997,32.0,32.0,13.6787210395828,detector_event_depth,15.0,5261565.0,15.0,2084.9999999999454,trade_recovered_3s,0.5,,0.5,
aggregated-tick-v1,AUTO_INFERRED_V1,validated,AG2602|23:41:04.500,20260123,23:41:04.500,23:41:05.500,AG,AG2602,9664500,17607,17607,9664500,"visible_execution_drop,interval_execution_drop",23583.5,0.7413,4,"AG2606,AG2605,AG2608,AG2603",20,255,289.5,23523.0,23541.76829268293,60.5,25.65352895032544,41.731707317070686,17.69529854223109,23545.62365591398,37.876344086020254,37.0128,34.86933333331773,53.5,60.5,25.65352895032544,detector_event_depth,82.0,28956375.0,82.0,51329.999999996944,trade_recovered_3s,0.5,1.5,0.5,
aggregated-tick-v1,AUTO_INFERRED_V1,validated,AG2602|23:56:29.000,20260123,23:56:29.000,,AG,AG2602,10589000,19433,19433,10589000,visible_execution_drop,23892.5,1.11195,4,"AG2604,AG2605,AG2608,AG2603",20,371,289.5,23853.0,23863.0,39.5,16.532384639531234,29.5,12.346970806738517,,,33.0824,36.94063999999064,39.5,39.5,16.532384639531234,detector_event_depth,5.0,1789725.0,5.0,2212.5,trade_recovered_3s,1.0,,0.5,
aggregated-tick-v1,AUTO_INFERRED_V1,validated,AG2602|01:09:01.500,20260123,01:09:01.500,,AG,AG2602,14940000,27577,27577,14941500,"visible_execution_drop,interval_execution_drop",23920.0,5.1891,4,"AG2604,AG2606,AG2608,AG2603",20,175,290.0,23877.0,23906.631578947367,43.0,17.976588628762542,13.368421052633494,5.588804787890257,,,22.6868,20.0,26.375,43.0,17.976588628762542,detector_event_depth,19.0,6813390.0,42.0,3810.0000000005457,trade_recovered_3s,0.5,1.5,0.5,
aggregated-tick-v1,AUTO_INFERRED_V1,validated,AG2602|01:09:09.000,20260123,01:09:09.000,,AG,AG2602,14949000,27592,27592,14949000,visible_execution_drop,23860.25,2.2239,4,"AG2604,AG2606,AG2605,AG2603",20,180,290.0,23832.0,23849.666666666668,28.25,11.839775358598503,10.58333333333212,4.435550060595392,,,26.151999999999997,27.14040000000719,28.25,28.25,11.839775358598503,detector_event_depth,6.0,2146470.0,6.0,952.4999999998907,trade_recovered_3s,1.0,,0.5,
aggregated-tick-v1,AUTO_INFERRED_V1,validated,AG2605|23:43:50.500,20260123,23:43:50.500,,AG,AG2605,9830500,19599,19599,9830500,visible_execution_drop,23603.0,2.9652,5,"AG2604,AG2606,AG2608,AG2602,AG2603",20,533,290.0,23564.0,23583.616666666665,39.0,16.52332330635936,19.38333333333503,8.212232908246845,,,21.2564,20.0,37.0,39.0,16.52332330635936,detector_event_depth,60.0,21225255.0,60.0,17445.000000001528,trade_recovered_3s,0.5,,0.5,
aggregated-tick-v1,AUTO_INFERRED_V1,validated,AG2606|14:12:15.500,20260123,14:12:15.500,,AG,AG2606,61935500,60717,60717,61935500,visible_execution_drop,24804.0,2.2239,5,"AG2604,AG2605,AG2608,AG2602,AG2603",20,482,290.0,24770.0,24791.725,34.0,13.707466537655216,12.275000000001455,4.94879858087464,,,23.7216,20.544599999981507,32.26388888888869,34.0,13.707466537655216,detector_event_depth,80.0,29750070.0,80.0,14730.000000001746,trade_recovered_3s,0.5,,0.5,
aggregated-tick-v1,AUTO_INFERRED_V1,validated,IC2602|14:58:00.100,20260123,14:58:00.100,14:58:01.100,IC,IC2602,64680100,24973,24973,64680100,"visible_execution_drop,interval_execution_drop",8644.824999999999,6.857024999994606,2,"IC2603,IC2609",20,374,290.0,8632.4,8637.63870967742,62.12499999999636,14.37276058219718,35.931451612896126,8.312823362623565,8638.314285714285,32.55357142857065,34.15200000011515,32.47116190489241,47.875000000008185,62.12499999999636,14.37276058219718,detector_event_depth,31.0,53553360.0,31.0,44554.9999999912,trade_recovered_3s,0.5,1.5,0.5,
aggregated-tick-v1,AUTO_INFERRED_V1,validated,IM2603|14:10:42.600,20260123,14:10:42.600,,IM,IM2603,61842600,22148,22148,61842600,visible_execution_drop,8481.8,5.93040000000809,3,"IM2606,IM2602,IM2609",20,285,290.0,8477.2,8477.969230769231,22.999999999992724,5.4233771133468665,19.153846153840277,4.516457863623353,,,21.72160000007902,21.2045,14.44999999999709,22.999999999992724,5.4233771133468665,detector_event_depth,13.0,22042720.0,13.0,9959.999999996944,trade_recovered_3s,0.5,,0.5,
aggregated-tick-v1,AUTO_INFERRED_V1,validated,LC2605|09:24:04.197,20260123,09:24:04.197,,LC,LC2605,44644197,2781,2781,44644197,visible_execution_drop,173230.0,9.6369,4,"LC2607,LC2609,LC2603,LC2606",20,481,289.085,172380.0,172690.20408163266,42.5,49.06771344455348,26.989795918366873,31.160648754103644,,,36.0824,33.573384615377975,29.746323529411892,42.5,49.06771344455348,detector_event_depth,294.0,50770920.0,294.0,158699.9999999972,trade_recovered_3s,0.525,,0.525,
aggregated-tick-v1,AUTO_INFERRED_V1,validated,NI2603|14:12:18.500,20260123,14:12:18.500,14:12:19.500,NI,NI2603,61938500,49698,49698,61938500,interval_execution_drop,148005.0,2.9652,4,"NI2602,NI2604,NI2606,NI2609",20,538,290.0,147980.0,147700.88188976378,2.5,1.6891321239147326,30.411811023621706,20.547826778569444,147728.26998689384,27.67300131061638,20.0,20.0,29.8118110236217,27.67300131061638,18.69734219155865,detector_event_depth,635.0,93790060.0,635.0,193114.99999999785,trade_recovered_3s,,1.5,0.5,
aggregated-tick-v1,AUTO_INFERRED_V1,validated,NI2605|09:26:53.000,20260123,09:26:53.000,,NI,NI2605,44813000,30183,30183,44813000,visible_execution_drop,144440.0,1.4826,5,"NI2602,NI2603,NI2604,NI2606,NI2609",20,359,289.5,144180.0,144242.64705882352,26.0,18.00055386319579,19.735294117647573,13.663316337335624,,,20.0,20.0,26.0,26.0,18.00055386319579,detector_event_depth,204.0,29425500.0,204.0,40260.00000000105,trade_recovered_3s,0.5,,1.0,
aggregated-tick-v1,AUTO_INFERRED_V1,validated,NI2609|10:39:18.000,20260123,10:39:18.000,,NI,NI2609,49158000,28774,28774,49158000,visible_execution_drop,147612.5,1.1119499999999998,4,"NI2602,NI2603,NI2604,NI2606",20,172,290.0,147210.0,147392.0,40.25,27.267338470657972,22.05,14.937759336099584,,,20.7912,20.7912,38.25,40.25,27.267338470657972,detector_event_depth,10.0,1473920.0,10.0,2205.0,trade_recovered_3s,1.5,,0.5,
aggregated-tick-v1,AUTO_INFERRED_V1,validated,SN2602|21:55:37.000,20260123,21:55:37.000,,SN,SN2602,3337000,6662,6662,3337500,visible_execution_drop,408120.0,3.33585,4,"SN2603,SN2604,SN2605,SN2606",20,415,290.0,407540.0,407890.7692307693,58.0,14.211506419680486,22.923076923075133,5.616749221570894,,,35.5824,35.0824,55.75,58.0,14.211506419680486,detector_event_depth,26.0,10605160.0,30.0,5959.999999999534,trade_recovered_3s,1.0,,1.0,
aggregated-tick-v1,AUTO_INFERRED_V1,validated,SN2602|23:00:25.500,20260123,23:00:25.500,23:00:26.500,SN,SN2602,7225500,14415,14415,7225500,interval_execution_drop,412615.0,3.7065,2,"SN2605,SN2607",20,356,290.0,412550.0,412227.77777777775,6.5,1.575318396083516,38.72222222222481,9.384589077523795,412215.7291666667,39.92708333333139,37.0824,37.0824,31.319444444446702,39.92708333333139,9.67659521183946,detector_event_depth,63.0,25970350.0,63.0,24395.00000000163,trade_recovered_3s,,1.5,0.5,
aggregated-tick-v1,AUTO_INFERRED_V1,validated,SN2602|09:40:50.000,20260123,09:40:50.000,,SN,SN2602,45650000,33102,33102,45650000,visible_execution_drop,420952.5,4.81845,4,"SN2604,SN2605,SN2606,SN2607",20,365,290.0,420360.0,420713.9130434783,59.25,14.075222263794608,23.8586956521729,5.6677880882458,,,50.3736,48.396799999976984,59.25,59.25,14.075222263794608,detector_event_depth,46.0,19352840.0,46.0,10974.999999999534,trade_recovered_3s,0.5,,0.5,
aggregated-tick-v1,AUTO_INFERRED_V1,validated,SN2602|09:51:32.500,20260123,09:51:32.500,,SN,SN2602,46292500,34376,34376,46292500,visible_execution_drop,422845.0,4.81845,3,"SN2603,SN2606,SN2607",20,354,290.0,422390.0,422651.1111111111,45.5,10.76044413437548,19.388888888887596,4.585341883878867,,,39.977999999999994,39.77200000000165,42.5,45.5,10.76044413437548,detector_event_depth,9.0,3803860.0,9.0,1744.9999999998836,trade_recovered_3s,0.5,,0.5,
aggregated-tick-v1,AUTO_INFERRED_V1,validated,SN2602|10:10:50.500,20260123,10:10:50.500,,SN,SN2602,47450500,36688,36688,47450500,visible_execution_drop,424982.5,4.81845,4,"SN2604,SN2605,SN2606,SN2607",20,388,290.0,424330.0,424564.1860465116,65.25,15.353573382433394,41.831395348836665,9.843086562114124,,,53.3736,47.4432,65.125,65.25,15.353573382433394,detector_event_depth,43.0,18256260.0,43.0,17987.499999999767,trade_recovered_3s,0.5,,0.5,
aggregated-tick-v1,AUTO_INFERRED_V1,validated,SN2602|11:10:39.500,20260123,11:10:39.500,,SN,SN2602,51039500,42004,42004,51039500,visible_execution_drop,426792.5,0.37065,2,"SN2605,SN2606",20,266,290.0,426320.0,426493.3333333333,47.25,11.0709536835816,29.916666666668608,7.009651450451591,,,40.5128,34.5824,47.25,47.25,11.0709536835816,detector_event_depth,9.0,3838440.0,9.0,2692.5000000001746,trade_recovered_3s,0.5,,0.5,
aggregated-tick-v1,AUTO_INFERRED_V1,validated,SN2602|11:29:44.000,20260123,11:29:44.000,,SN,SN2602,52184000,44285,44285,52186000,visible_execution_drop,427535.0,2.2238999999999995,5,"SN2603,SN2604,SN2605,SN2606,SN2607",20,337,290.0,426770.0,427147.3333333333,76.5,17.893271895868175,38.766666666668606,9.067483753767204,,,57.803999999999995,53.11199999997699,76.05,76.5,17.893271895868175,detector_event_depth,30.0,12814420.0,74.0,11630.000000000582,trade_recovered_3s,0.5,,0.5,
aggregated-tick-v1,AUTO_INFERRED_V1,validated,SN2602|13:40:56.000,20260123,13:40:56.000,,SN,SN2602,60056000,45622,45622,60056000,visible_execution_drop,433490.0,5.9304,5,"SN2603,SN2604,SN2605,SN2606,SN2607",20,413,290.0,432920.0,433253.125,57.0,13.149092251263006,23.6875,5.464370573715657,,,49.3736,43.4432,57.0,57.0,13.149092251263006,detector_event_depth,32.0,13864100.0,32.0,7580.0,trade_recovered_3s,0.5,,0.5,
aggregated-tick-v1,AUTO_INFERRED_V1,validated,SN2602|13:42:16.500,20260123,13:42:16.500,13:42:17.500,SN,SN2602,60136500,45782,45782,60136500,"visible_execution_drop,interval_execution_drop",431760.0,7.412999999999999,5,"SN2603,SN2604,SN2605,SN2606,SN2607",20,419,290.0,431080.0,431283.7662337662,68.0,15.749490457661665,47.623376623378135,11.030057583698843,431332.9069767442,42.70930232558167,49.8736,42.3356,58.15,68.0,15.749490457661665,detector_event_depth,77.0,33208850.0,77.0,36670.00000000117,trade_recovered_3s,0.5,1.5,0.5,
aggregated-tick-v1,AUTO_INFERRED_V1,validated,SN2603|22:22:33.500,20260123,22:22:33.500,,SN,SN2603,4953500,9906,9906,4953500,visible_execution_drop,414695.0,5.1891,3,"SN2604,SN2606,SN2607",20,501,290.0,414400.0,414570.0,29.5,7.113661847864093,12.5,3.0142634948576665,,,27.651999999999997,27.651999999999997,29.5,29.5,7.113661847864093,detector_event_depth,15.0,6218550.0,15.0,1875.0,trade_recovered_3s,0.5,,0.5,
aggregated-tick-v1,AUTO_INFERRED_V1,validated,SN2603|23:00:23.500,20260123,23:00:23.500,,SN,SN2603,7223500,14446,14446,7225500,visible_execution_drop,414905.0,6.6716999999999995,2,"SN2604,SN2607",20,522,290.0,414500.0,414814.61988304096,40.5,9.761270652318,9.038011695904425,2.1783327980873755,,,35.5824,28.891743999987355,33.5861111111124,40.5,9.761270652318,detector_event_depth,171.0,70933300.0,567.0,15454.999999996566,trade_recovered_3s,0.5,,1.0,
aggregated-tick-v1,AUTO_INFERRED_V1,validated,SN2603|10:10:39.500,20260123,10:10:39.500,,SN,SN2603,47439500,37100,37100,47439500,visible_execution_drop,426865.0,3.7065,2,"SN2604,SN2606",20,507,290.0,426320.0,426685.0,54.5,12.767502606210394,18.0,4.216789851592424,,,42.0128,33.91024,53.533333333334305,54.5,12.767502606210394,detector_event_depth,36.0,15360660.0,36.0,6480.0,trade_recovered_3s,0.5,,0.5,
aggregated-tick-v1,AUTO_INFERRED_V1,validated,SN2603|10:14:39.500,20260123,10:14:39.500,,SN,SN2603,47679500,37580,37580,47679500,visible_execution_drop,427725.0,5.1891,5,"SN2602,SN2604,SN2605,SN2606,SN2607",20,381,290.0,427070.0,427407.6470588235,65.5,15.313577649190483,31.735294117644663,7.419555583060299,,,52.8736,38.73716,64.25,65.5,15.313577649190483,detector_event_depth,17.0,7265930.0,17.0,5394.999999999593,trade_recovered_3s,0.5,,0.5,
aggregated-tick-v1,AUTO_INFERRED_V1,validated,SN2603|11:10:38.500,20260123,11:10:38.500,,SN,SN2603,51038500,42491,42491,51038500,visible_execution_drop,427982.5,7.042349999999999,4,"SN2602,SN2604,SN2606,SN2607",20,453,290.0,427580.0,427861.0256410256,40.25,9.404590140952024,12.14743589743739,2.838302009413326,,,33.0824,27.0899733333544,34.25,40.25,9.404590140952024,detector_event_depth,39.0,16686580.0,39.0,4737.500000000582,trade_recovered_3s,0.5,,0.5,
aggregated-tick-v1,AUTO_INFERRED_V1,validated,SN2603|14:10:03.500,20260123,14:10:03.500,,SN,SN2603,61803500,49619,49619,61803500,visible_execution_drop,429970.0,3.7065,5,"SN2602,SN2604,SN2605,SN2606,SN2607",20,466,290.0,429320.0,429846.1643835616,65.0,15.11733376747215,12.383561643835856,2.8800989938451185,,,43.727999999999994,35.0824,57.5,65.0,15.11733376747215,detector_event_depth,73.0,31378770.0,73.0,9040.000000000176,trade_recovered_3s,0.5,,0.5,
aggregated-tick-v1,AUTO_INFERRED_V1,validated,SN2604|23:56:49.500,20260123,23:56:49.500,,SN,SN2604,10609500,20936,20936,10609500,visible_execution_drop,411025.0,4.447799999999999,3,"SN2603,SN2602,SN2607",20,119,290.0,410410.0,410600.0,61.5,14.962593516209475,42.5,10.340003649413052,,,58.553999999999995,55.8388,46.5,61.5,14.962593516209475,detector_event_depth,4.0,1642400.0,4.0,1700.0,trade_recovered_3s,0.5,,0.5,
aggregated-tick-v1,AUTO_INFERRED_V1,validated,SN2604|10:14:40.000,20260123,10:14:40.000,,SN,SN2604,47680000,36967,36967,47680000,visible_execution_drop,427782.5,4.81845,2,"SN2602,SN2606",20,193,290.0,426880.0,427520.0,90.25,21.097169706568177,26.25,6.136295898032294,,,76.09519999999999,70.1648,90.25,90.25,21.097169706568177,detector_event_depth,8.0,3420160.0,8.0,2100.0,trade_recovered_3s,1.0,,0.5,
aggregated-tick-v1,AUTO_INFERRED_V1,validated,SN2604|10:37:05.500,20260123,10:37:05.500,,SN,SN2604,49025500,37854,37854,49025500,visible_execution_drop,426921.25,3.891825,4,"SN2602,SN2605,SN2606,SN2607",20,163,290.0,426270.0,426444.5454545454,65.125,15.254569783068892,47.670454545452955,11.166100198913256,,,61.303999999999995,64.2692,55.5,65.125,15.254569783068892,detector_event_depth,11.0,4690890.0,11.0,5243.749999999825,trade_recovered_3s,1.5,,0.5,
aggregated-tick-v1,AUTO_INFERRED_V1,validated,SN2604|11:10:39.500,20260123,11:10:39.500,,SN,SN2604,51039500,41832,41832,51039500,visible_execution_drop,427935.0,0.0,2,"SN2605,SN2606",20,124,290.0,427320.0,427750.0,61.5,14.37134144204143,18.5,4.3230864500449835,,,56.3736,56.3736,61.5,61.5,14.37134144204143,detector_event_depth,6.0,2566500.0,6.0,1110.0,trade_recovered_3s,1.0,,0.5,
aggregated-tick-v1,AUTO_INFERRED_V1,validated,SN2604|11:18:29.500,20260123,11:18:29.500,,SN,SN2604,51509000,42770,42770,51509500,visible_execution_drop,427055.0,2.2238999999999995,5,"SN2603,SN2602,SN2605,SN2606,SN2607",20,146,290.0,426400.0,426400.0,65.5,15.337602884874311,65.5,15.337602884874311,,,49.6584,46.6932,59.1666666666657,65.5,15.337602884874311,detector_event_depth,1.0,426400.0,8.0,655.0,trade_recovered_3s,0.5,,0.5,
aggregated-tick-v1,AUTO_INFERRED_V1,validated,SN2604|14:10:04.000,20260123,14:10:04.000,,SN,SN2604,61804000,48868,48868,61804000,visible_execution_drop,429585.0,2.2238999999999995,3,"SN2603,SN2602,SN2605",20,151,290.0,429110.0,429571.6666666667,47.5,11.057183095312917,1.333333333331393,0.3103770693416653,,,39.9432,41.52927999999999,43.75,47.5,11.057183095312917,detector_event_depth,6.0,2577430.0,6.0,79.99999999988358,trade_recovered_3s,1.0,,1.0,
aggregated-tick-v1,AUTO_INFERRED_V1,validated,SN2605|21:12:04.500,20260123,21:12:04.500,21:12:05.500,SN,SN2605,724500,1449,1449,724500,visible_execution_drop,410105.0,0.7413,5,"SN2603,SN2602,SN2604,SN2606,SN2607",20,223,290.0,409590.0,409590.0,51.5,12.557759598151694,51.5,12.557759598151694,409960.0,14.5,45.0128,50.9432,41.0,51.5,12.557759598151694,detector_event_depth,1.0,409590.0,1.0,515.0,trade_recovered_3s,0.5,,0.5,
aggregated-tick-v1,AUTO_INFERRED_V1,validated,AG2602|21:36:27.500,20260126,21:36:27.500,21:36:28.500,AG,AG2602,2187500,4251,4251,2187500,interval_execution_drop,24967.0,2.2239,4,"AG2604,AG2606,AG2605,AG2610",20,176,290.0,24941.0,24913.08,26.0,10.413746144911284,53.919999999998254,21.59650738975378,24921.503267973854,45.49673202614576,34.5824,34.5824,53.919999999998254,45.49673202614576,18.2227468362822,detector_event_depth,125.0,46712025.0,125.0,101099.99999999673,trade_recovered_3s,,1.5,0.5,
aggregated-tick-v1,AUTO_INFERRED_V1,validated,AG2602|00:32:45.500,20260126,00:32:45.500,,AG,AG2602,12765500,23773,23773,12765500,visible_execution_drop,25801.5,0.7413,5,"AG2604,AG2606,AG2605,AG2608,AG2610",20,238,290.0,25733.0,25782.153846153848,68.5,26.548844059453906,19.346153846152447,7.498073308200085,,,44.0128,44.0128,62.16666666666606,68.5,26.548844059453906,detector_event_depth,26.0,10055040.0,26.0,7544.999999999454,trade_recovered_3s,0.5,,0.5,
aggregated-tick-v1,AUTO_INFERRED_V1,validated,AG2602|00:59:22.500,20260126,00:59:22.500,,AG,AG2602,14362500,26809,26809,14362500,visible_execution_drop,25710.25,4.4478,4,"AG2604,AG2606,AG2608,AG2610",20,116,290.0,25650.0,25683.75,60.25,23.43423342830194,26.5,10.307173209128656,,,32.652,29.6868,60.25,60.25,23.43423342830194,detector_event_depth,24.0,9246150.0,24.0,9540.0,trade_recovered_3s,0.5,,0.5,
aggregated-tick-v1,AUTO_INFERRED_V1,validated,AG2602|09:15:44.500,20260126,09:15:44.500,09:15:45.500,AG,AG2602,44144500,38119,38119,44144500,"visible_execution_drop,interval_execution_drop",27529.0,3.7065,5,"AG2604,AG2606,AG2605,AG2608,AG2610",20,311,290.0,27414.0,27386.677685950413,115.0,41.774129100221586,142.32231404958657,51.69904974738878,27401.350364963502,127.64963503649416,87.7408,85.0256,139.19731404958657,127.64963503649416,46.36915072704935,detector_event_depth,121.0,49706820.0,121.0,258314.9999999996,trade_recovered_3s,0.5,1.5,0.5,
aggregated-tick-v1,AUTO_INFERRED_V1,validated,AG2603|09:10:57.000,20260126,09:10:57.000,,AG,AG2603,43857000,40419,40419,43857000,visible_execution_drop,27157.5,5.1891,5,"AG2604,AG2606,AG2605,AG2608,AG2602",20,305,290.0,27099.0,27111.6,58.5,21.541010770505384,45.900000000001455,16.90140845070476,,,48.4432,48.4432,53.91666666666606,58.5,21.541010770505384,detector_event_depth,10.0,4066740.0,10.0,6885.000000000218,trade_recovered_3s,0.5,,0.5,
aggregated-tick-v1,AUTO_INFERRED_V1,validated,AG2603|09:41:07.500,20260126,09:41:07.500,,AG,AG2603,45667500,43977,43977,45667500,visible_execution_drop,27435.0,3.7065,5,"AG2604,AG2606,AG2605,AG2608,AG2602",20,209,290.0,27380.0,27422.857142857145,55.0,20.047384727537818,12.142857142855064,4.426045978806292,,,48.4432,48.4432,55.0,55.0,20.047384727537818,detector_event_depth,14.0,5758800.0,14.0,2549.999999999563,trade_recovered_3s,1.0,,0.5,
aggregated-tick-v1,AUTO_INFERRED_V1,validated,AG2603|13:47:36.000,20260126,13:47:36.000,,AG,AG2603,60456000,56834,56834,60456000,visible_execution_drop,27189.0,1.4826,5,"AG2604,AG2606,AG2605,AG2608,AG2602",20,278,290.0,27100.0,27182.483870967742,89.0,32.73382617970503,6.516129032257595,2.396604888836513,,,68.7344,65.97110909089339,89.0,89.0,32.73382617970503,detector_event_depth,31.0,12639855.0,31.0,3029.9999999997817,trade_recovered_3s,1.0,,0.5,
aggregated-tick-v1,AUTO_INFERRED_V1,validated,AG2603|14:27:07.500,20260126,14:27:07.500,14:27:08.500,AG,AG2603,62827500,61429,61429,62827500,visible_execution_drop,27303.0,2.2239,5,"AG2604,AG2606,AG2605,AG2608,AG2602",20,136,290.0,27260.0,27267.666666666668,43.0,15.749185071237592,35.33333333333212,12.941190833729667,27276.5,26.5,29.5824,31.559199999992806,43.0,43.0,15.749185071237592,detector_event_depth,6.0,2454090.0,6.0,3179.999999999891,trade_recovered_3s,0.5,,0.5,
aggregated-tick-v1,AUTO_INFERRED_V1,validated,AG2604|21:36:26.000,20260126,21:36:26.000,,AG,AG2604,2186000,4372,4372,2186000,visible_execution_drop,24940.25,4.07715,4,"AG2605,AG2608,AG2602,AG2610",20,566,290.0,24912.0,24925.152597402597,28.25,11.327071701366265,15.097402597402834,6.0534287336345205,,,23.2216,20.0,22.75249051233368,28.25,11.327071701366265,detector_event_depth,308.0,115154205.0,308.0,69750.00000000109,trade_recovered_3s,0.5,,0.5,
aggregated-tick-v1,AUTO_INFERRED_V1,validated,AG2604|10:57:33.500,20260126,10:57:33.500,,AG,AG2604,50253500,51889,51889,50253500,visible_execution_drop,27535.5,5.9304,3,"AG2605,AG2608,AG2602",20,563,290.0,27503.0,27523.907975460123,32.5,11.802945288808992,11.592024539877457,4.209847120944765,,,31.151999999999997,30.233371428584796,21.65625,32.5,11.802945288808992,detector_event_depth,163.0,67295955.0,163.0,28342.500000000386,trade_recovered_3s,0.5,,0.5,
aggregated-tick-v1,AUTO_INFERRED_V1,validated,AG2604|13:57:01.500,20260126,13:57:01.500,13:57:02.500,AG,AG2604,61021500,59022,59022,61021500,interval_execution_drop,27195.25,5.1891,4,"AG2606,AG2608,AG2602,AG2610",20,573,290.0,27188.0,27169.436440677968,7.25,2.665906730035576,25.813559322032233,9.491936761762526,27173.435435435436,21.814564564563625,30.651999999999997,21.6939,25.650097783569436,21.814564564563625,8.021461308340106,detector_event_depth,236.0,96179805.0,236.0,91379.9999999941,trade_recovered_3s,,1.5,0.5,
aggregated-tick-v1,AUTO_INFERRED_V1,validated,AG2604|14:13:21.000,20260126,14:13:21.000,14:13:22.000,AG,AG2604,62001000,60980,60980,62001000,interval_execution_drop,27175.5,8.1543,5,"AG2606,AG2605,AG2608,AG2602,AG2610",20,540,290.0,27162.0,27141.4672489083,13.5,4.967709885742672,34.03275109170136,12.523321039797375,27146.245070422538,29.2549295774661,24.2216,23.952036363628515,32.569515797582426,29.2549295774661,10.7651853976803,detector_event_depth,229.0,93230940.0,229.0,116902.49999999416,trade_recovered_3s,,1.5,0.5,
aggregated-tick-v1,AUTO_INFERRED_V1,validated,AG2604|14:15:48.000,20260126,14:15:48.000,14:15:49.000,AG,AG2604,62148000,61274,61274,62148000,interval_execution_drop,27150.5,4.07715,4,"AG2606,AG2605,AG2602,AG2610",20,552,290.0,27149.0,27122.9603960396,1.5,0.5524760133330878,27.53960396039838,10.143313736542009,27123.888888888887,26.611111111113132,30.651999999999997,26.57941333334581,24.03960396039838,26.611111111113132,9.80133371802108,detector_event_depth,101.0,41091285.0,101.0,41722.50000000355,trade_recovered_3s,,1.5,1.0,
aggregated-tick-v1,AUTO_INFERRED_V1,validated,AG2605|22:04:07.500,20260126,22:04:07.500,,AG,AG2605,3847500,7689,7689,3847500,visible_execution_drop,25107.5,1.4826,5,"AG2604,AG2606,AG2608,AG2602,AG2610",20,502,290.0,25080.0,25093.615384615383,27.5,10.95290251916758,13.884615384617064,5.530066866321642,,,20.0,20.0,23.375,27.5,10.95290251916758,detector_event_depth,13.0,4893255.0,13.0,2707.5000000003274,trade_recovered_3s,0.5,,0.5,
aggregated-tick-v1,AUTO_INFERRED_V1,validated,AG2605|23:50:05.000,20260126,23:50:05.000,23:50:06.000,AG,AG2605,10205000,20340,20340,10205000,interval_execution_drop,25422.5,2.59455,5,"AG2604,AG2606,AG2608,AG2602,AG2610",20,505,290.0,25423.0,25397.201149425287,-0.5,-0.1966761726816796,25.29885057471256,9.951362208560354,25399.655172413793,22.84482758620652,21.738999999999997,20.0,25.29885057471256,22.84482758620652,8.986066510455903,detector_event_depth,174.0,66286695.0,174.0,66029.99999999978,trade_recovered_3s,,1.5,1.0,
aggregated-tick-v1,AUTO_INFERRED_V1,validated,AG2605|02:23:49.500,20260126,02:23:49.500,,AG,AG2605,19429500,38706,38706,19429500,visible_execution_drop,25645.0,1.4826,5,"AG2604,AG2606,AG2608,AG2602,AG2610",20,347,290.0,25622.0,25632.85,23.0,8.968609865470851,12.150000000001455,4.737765646325387,,,20.0,20.0,23.0,23.0,8.968609865470851,detector_event_depth,20.0,7689855.0,20.0,3645.000000000437,trade_recovered_3s,0.5,,0.5,
aggregated-tick-v1,AUTO_INFERRED_V1,validated,AG2605|09:13:36.000,20260126,09:13:36.000,,AG,AG2605,44016000,41080,41080,44016000,visible_execution_drop,27572.5,3.7065,3,"AG2604,AG2602,AG2610",20,560,290.0,27529.0,27550.755555555555,43.5,15.776588992655729,21.744444444444525,7.8862796062905165,,,35.5824,30.52259567099673,43.5,43.5,15.776588992655729,detector_event_depth,45.0,18596760.0,45.0,14677.500000000056,trade_recovered_3s,0.5,,0.5,
aggregated-tick-v1,AUTO_INFERRED_V1,validated,AG2605|14:06:42.000,20260126,14:06:42.000,,AG,AG2605,61602000,60008,60008,61602000,visible_execution_drop,27228.0,2.9652,5,"AG2604,AG2606,AG2608,AG2602,AG2610",20,474,290.0,27188.0,27210.944444444445,40.0,14.690759512266784,17.055555555554747,6.263976625369012,,,29.651999999999997,25.436373333331773,40.0,40.0,14.690759512266784,detector_event_depth,54.0,22040865.0,54.0,13814.999999999343,trade_recovered_3s,0.5,,0.5,
aggregated-tick-v1,AUTO_INFERRED_V1,validated,AG2606|22:56:37.500,20260126,22:56:37.500,22:56:38.500,AG,AG2606,6997500,13977,13977,6997500,interval_execution_drop,25178.5,0.7413,4,"AG2604,AG2605,AG2608,AG2610",20,443,290.0,25175.0,25154.657894736843,3.5,1.3900748654606114,23.84210526315655,9.469231790280023,25158.17142857143,20.328571428570285,20.0,20.0,20.508771929824434,20.328571428570285,8.073781769593218,detector_event_depth,114.0,43014465.0,114.0,40769.99999999771,trade_recovered_3s,,1.5,0.5,
aggregated-tick-v1,AUTO_INFERRED_V1,validated,AG2606|09:39:47.000,20260126,09:39:47.000,09:39:48.000,AG,AG2606,45587000,44310,44310,45587000,"visible_execution_drop,interval_execution_drop",27489.0,4.07715,4,"AG2604,AG2608,AG2602,AG2610",20,565,290.0,27435.0,27458.114285714284,54.0,19.644221324893593,30.88571428571595,11.235663096408,27462.920454545456,26.07954545454413,26.9368,24.712676923066137,54.0,54.0,19.644221324893593,detector_event_depth,70.0,28831020.0,70.0,32430.000000001743,trade_recovered_3s,0.5,1.5,0.5,
aggregated-tick-v1,AUTO_INFERRED_V1,validated,AG2606|09:51:15.500,20260126,09:51:15.500,09:51:16.500,AG,AG2606,46275500,45687,45687,46275500,interval_execution_drop,27274.5,9.6369,3,"AG2608,AG2602,AG2610",20,526,290.0,27263.0,27244.79012345679,11.5,4.216392601147592,29.709876543209248,10.892913359808336,27239.887179487177,34.61282051282251,26.151999999999997,26.151999999999997,27.959876543209248,34.61282051282251,12.690542636096906,detector_event_depth,81.0,33102420.0,81.0,36097.49999999923,trade_recovered_3s,,1.5,0.5,
aggregated-tick-v1,AUTO_INFERRED_V1,validated,AG2606|13:41:27.000,20260126,13:41:27.000,13:41:28.000,AG,AG2606,60087000,57108,57108,60087000,"visible_execution_drop,interval_execution_drop",26985.75,4.07715,2,"AG2605,AG2608",20,566,290.0,26953.0,26931.36863543788,32.75,12.136034759085812,54.381364562119415,20.151881849538892,26938.159663865543,47.590336134457175,30.151999999999997,26.34192109588113,54.381364562119415,47.590336134457175,17.635357970209157,detector_event_depth,491.0,198349530.0,491.0,400518.7500000095,trade_recovered_3s,0.5,1.5,0.5,
aggregated-tick-v1,AUTO_INFERRED_V1,validated,AG2606|13:43:18.500,20260126,13:43:18.500,,AG,AG2606,60197500,57331,57331,60198500,"visible_execution_drop,interval_execution_drop",26789.5,5.1891,3,"AG2604,AG2602,AG2610",20,570,290.0,26741.0,26766.0,48.5,18.104107952742677,23.5,8.772093544112431,,,32.6172,26.26424484848523,38.8928571428587,48.5,18.104107952742677,detector_event_depth,38.0,15256620.0,344.0,13395.0,trade_recovered_3s,0.5,1.5,0.5,
aggregated-tick-v1,AUTO_INFERRED_V1,validated,AG2606|14:58:39.500,20260126,14:58:39.500,,AG,AG2606,64719500,66366,66366,64719500,visible_execution_drop,27190.5,1.4826,5,"AG2604,AG2605,AG2608,AG2602,AG2610",20,561,290.0,27150.0,27163.83597883598,40.5,14.89490814806642,26.664021164018777,9.806373977682933,,,33.1172,27.1868,37.5,40.5,14.89490814806642,detector_event_depth,189.0,77009475.0,189.0,75592.49999999323,trade_recovered_3s,0.5,,0.5,
aggregated-tick-v1,AUTO_INFERRED_V1,validated,AG2608|21:20:51.500,20260126,21:20:51.500,,AG,AG2608,1251500,2503,2503,1251500,visible_execution_drop,25091.0,0.7413,3,"AG2605,AG2602,AG2610",20,461,290.0,25070.0,25084.0,21.0,8.369534892989519,7.0,2.7898449643298395,,,20.0064,20.0,19.178571428572468,21.0,8.369534892989519,detector_event_depth,23.0,8653980.0,23.0,2415.0,trade_recovered_3s,0.5,,0.5,
aggregated-tick-v1,AUTO_INFERRED_V1,validated,AG2608|01:46:24.500,20260126,01:46:24.500,,AG,AG2608,17184500,34073,34073,17184500,visible_execution_drop,25792.5,0.7413,4,"AG2604,AG2606,AG2605,AG2602",20,225,290.0,25760.0,25779.76923076923,32.5,12.600562178927984,12.73076923076951,4.935841516242904,,,23.2216,23.2216,30.5,32.5,12.600562178927984,detector_event_depth,13.0,5027055.0,13.0,2482.5000000000546,trade_recovered_3s,0.5,,0.5,
aggregated-tick-v1,AUTO_INFERRED_V1,validated,AG2610|10:47:05.500,20260126,10:47:05.500,,AG,AG2610,49625500,50069,50069,49625500,visible_execution_drop,27545.5,2.9652,5,"AG2604,AG2606,AG2605,AG2608,AG2602",20,312,290.0,27486.0,27525.0,59.5,21.600624421411847,20.5,7.442231943511644,,,45.5128,41.7545600000079,59.5,59.5,21.600624421411847,detector_event_depth,12.0,4954500.0,12.0,3690.0,trade_recovered_3s,0.5,,0.5,
aggregated-tick-v1,AUTO_INFERRED_V1,validated,AG2610|11:01:07.000,20260126,11:01:07.000,,AG,AG2610,50467000,51688,51688,50467000,visible_execution_drop,27315.0,4.4478,4,"AG2604,AG2606,AG2605,AG2608",20,235,290.0,27268.0,27289.8,47.0,17.20666300567454,25.200000000000728,9.225700164744913,,,36.0824,35.5824,47.0,47.0,17.20666300567454,detector_event_depth,10.0,4093470.0,10.0,3780.000000000109,trade_recovered_3s,1.0,,0.5,
aggregated-tick-v1,AUTO_INFERRED_V1,validated,AG2610|13:41:27.000,20260126,13:41:27.000,,AG,AG2610,60087000,56344,56344,60087000,visible_execution_drop,26995.75,4.07715,2,"AG2605,AG2608",20,353,290.0,26950.0,26996.59375,45.75,16.947112045414556,-0.84375,-0.312549197558875,,,37.5128,33.8925333333465,45.75,45.75,16.947112045414556,detector_event_depth,32.0,12958365.0,32.0,0.0,trade_recovered_3s,0.5,,0.5,
aggregated-tick-v1,AUTO_INFERRED_V1,validated,AG2612|09:03:34.000,20260126,09:03:34.000,,AG,AG2612,43414000,39622,39622,43414000,visible_execution_drop,26842.5,0.7413,5,"AG2604,AG2606,AG2605,AG2608,AG2602",20,203,263.5,26753.0,26790.68,89.5,33.34264692185899,51.81999999999971,19.305206295985737,,,65.2692,58.01706666668226,83.75,89.5,33.34264692185899,detector_event_depth,25.0,10046505.0,25.0,19432.49999999989,trade_recovered_3s,0.5,,0.5,
aggregated-tick-v1,AUTO_INFERRED_V1,validated,AG2612|14:53:49.500,20260126,14:53:49.500,,AG,AG2612,64429500,64414,64414,64429500,visible_execution_drop,27353.5,2.9652,5,"AG2604,AG2606,AG2605,AG2608,AG2602",20,115,290.0,27260.0,27297.666666666668,93.5,34.18209735500027,55.83333333333212,20.41176936528492,,,52.3736,57.803999999999995,93.5,93.5,34.18209735500027,detector_event_depth,24.0,9827160.0,24.0,20099.999999999563,trade_recovered_3s,0.5,,0.5,
aggregated-tick-v1,AUTO_INFERRED_V1,validated,IF2602|10:39:00.800,20260126,10:39:00.800,,IF,IF2602,49140800,7908,7908,49140800,visible_execution_drop,4749.199999999999,2.223899999994606,3,"IF2603,IF2606,IF2609",20,358,290.0,4740.6,4746.512000000001,42.99999999999272,18.108312979024987,13.439999999991414,5.65990061483678,,,40.01280000004224,40.01280000004224,42.99999999999272,42.99999999999272,18.108312979024987,detector_event_depth,25.0,35598840.0,25.0,20159.99999998712,trade_recovered_3s,0.5,,0.5,
aggregated-tick-v1,AUTO_INFERRED_V1,validated,IF2602|11:18:49.800,20260126,11:18:49.800,,IF,IF2602,51529800,11884,11884,51529800,visible_execution_drop,4724.4,1.4826000000020223,2,"IF2603,IF2609",20,201,290.0,4720.2,4721.4857142857145,20.99999999999909,8.890017780035176,14.571428571425711,6.1685837657377505,,,20.0,20.0,15.499999999997272,20.99999999999909,8.890017780035176,detector_event_depth,14.0,19830240.0,14.0,12239.9999999976,trade_recovered_3s,0.5,,0.5,
aggregated-tick-v1,AUTO_INFERRED_V1,validated,LC2605|10:56:29.669,20260126,10:56:29.669,,LC,LC2605,50189669,10717,10717,50189669,visible_execution_drop,183210.0,2.9652,3,"LC2607,LC2609,LC2606",20,276,286.497,182320.0,182544.2857142857,44.5,48.57813438131107,33.28571428571449,36.33613261908683,,,40.5476,40.84412,27.80875804057432,44.5,48.57813438131107,detector_event_depth,84.0,15333720.0,84.0,55920.00000000035,trade_recovered_3s,0.531,,0.531,
aggregated-tick-v1,AUTO_INFERRED_V1,validated,NI2602|00:45:51.500,20260126,00:45:51.500,,NI,NI2602,13551500,27092,27092,13551500,visible_execution_drop,146720.0,2.59455,4,"NI2605,NI2604,NI2609,NI2606",20,568,290.0,146500.0,146646.66666666666,22.0,14.994547437295529,7.333333333334304,4.998182479099171,,,20.0,20.0,18.716160220994787,22.0,14.994547437295529,detector_event_depth,132.0,19357360.0,132.0,9680.00000000128,trade_recovered_3s,0.5,,0.5,
aggregated-tick-v1,AUTO_INFERRED_V1,validated,NI2602|11:01:07.500,20260126,11:01:07.500,11:01:08.500,NI,NI2602,50467000,41526,41526,50467500,"visible_execution_drop,interval_execution_drop",149035.0,3.7065,3,"NI2604,NI2609,NI2606",20,579,290.0,148680.0,148780.47619047618,35.5,23.81990807528433,25.452380952381645,17.078123227685875,148834.30107526883,20.069892473117218,20.2912,20.0,30.625,35.5,23.81990807528433,detector_event_depth,147.0,21870730.0,368.0,37415.00000000102,trade_recovered_3s,0.5,1.5,0.5,
aggregated-tick-v1,AUTO_INFERRED_V1,validated,NI2602|13:36:33.500,20260126,13:36:33.500,,NI,NI2602,59793500,45779,45779,59793500,visible_execution_drop,148005.0,4.07715,5,"NI2603,NI2605,NI2604,NI2609,NI2606",20,574,290.0,147800.0,147925.15384615384,20.5,13.850883416100809,7.984615384615608,5.394828137303206,,,20.0,20.0,18.374125874125458,20.5,13.850883416100809,detector_event_depth,130.0,19230270.0,130.0,10380.000000000293,trade_recovered_3s,0.5,,0.5,
aggregated-tick-v1,AUTO_INFERRED_V1,validated,NI2602|14:09:56.000,20260126,14:09:56.000,,NI,NI2602,61796000,49784,49784,61796000,visible_execution_drop,147212.5,3.33585,2,"NI2605,NI2606",20,557,290.0,147000.0,147035.0804597701,21.25,14.434915513288614,17.741954022989376,12.051934464117773,,,20.0,20.0,18.08333333333285,21.25,14.434915513288614,detector_event_depth,435.0,63960260.0,435.0,77177.50000000378,trade_recovered_3s,0.5,,0.5,
aggregated-tick-v1,AUTO_INFERRED_V1,validated,NI2602|14:56:02.500,20260126,14:56:02.500,,NI,NI2602,64562500,55315,55315,64562500,visible_execution_drop,146310.0,2.59455,4,"NI2603,NI2605,NI2604,NI2609",20,553,290.0,146100.0,146227.27272727274,21.0,14.353085913471396,8.27272727272648,5.654245965912432,,,20.0,20.0,18.96153846153902,21.0,14.353085913471396,detector_event_depth,66.0,9651000.0,66.0,5459.999999999476,trade_recovered_3s,0.5,,0.5,
aggregated-tick-v1,AUTO_INFERRED_V1,validated,NI2602|14:56:07.000,20260126,14:56:07.000,,NI,NI2602,64567000,55324,55324,64567000,visible_execution_drop,145967.5,4.81845,4,"NI2605,NI2604,NI2609,NI2606",20,554,290.0,145700.0,145822.33333333334,26.75,18.325997225409765,14.516666666665696,9.945136188991178,,,20.0,20.0,21.0,26.75,18.325997225409765,detector_event_depth,90.0,13124010.0,90.0,13064.999999999129,trade_recovered_3s,0.5,,0.5,
aggregated-tick-v1,AUTO_INFERRED_V1,validated,NI2603|00:45:55.500,20260126,00:45:55.500,,NI,NI2603,13555500,27033,27033,13555500,visible_execution_drop,146885.0,5.1891,5,"NI2602,NI2605,NI2604,NI2609,NI2606",20,530,290.0,146680.0,146749.9290780142,20.5,13.956496578956326,13.507092198581086,9.195692002982664,,,20.0,20.0,12.373397435896914,20.5,13.956496578956326,detector_event_depth,141.0,20691740.0,141.0,19044.99999999933,trade_recovered_3s,0.5,,0.5,
aggregated-tick-v1,AUTO_INFERRED_V1,validated,NI2603|13:43:29.500,20260126,13:43:29.500,13:43:30.500,NI,NI2603,60209500,46537,46537,60209500,visible_execution_drop,147530.0,5.1891,5,"NI2602,NI2605,NI2604,NI2609,NI2606",20,577,290.0,147200.0,147315.99514563108,33.0,22.36833186470548,21.400485436891906,14.5058533429756,147331.19747899158,19.88025210084161,20.0,20.0,31.175,33.0,22.36833186470548,detector_event_depth,412.0,60694190.0,412.0,88169.99999999464,trade_recovered_3s,0.5,,0.5,
aggregated-tick-v1,AUTO_INFERRED_V1,validated,NI2604|00:37:40.000,20260126,00:37:40.000,00:37:41.000,NI,NI2604,13060000,24426,24426,13060000,"visible_execution_drop,interval_execution_drop",148585.0,1.4826,5,"NI2602,NI2603,NI2605,NI2609,NI2606",20,128,290.0,148220.0,148355.4,36.5,24.56506376821348,22.960000000000583,15.452434633375228,148361.92307692306,22.30769230769365,20.0,20.0,35.75,36.5,24.56506376821348,detector_event_depth,50.0,7417770.0,50.0,11480.000000000293,quote_only_recovered_3s,0.5,,0.5,
aggregated-tick-v1,AUTO_INFERRED_V1,validated,NI2604|10:04:04.000,20260126,10:04:04.000,,NI,NI2604,47044000,34597,34597,47044000,visible_execution_drop,150725.0,2.59455,4,"NI2602,NI2603,NI2605,NI2606",20,240,290.0,150500.0,150535.33333333334,22.5,14.927848731132856,18.966666666665695,12.583623597058017,,,21.863999999999997,23.2216,22.5,22.5,14.927848731132856,detector_event_depth,30.0,4516060.0,30.0,5689.999999999709,trade_recovered_3s,0.5,,0.5,
aggregated-tick-v1,AUTO_INFERRED_V1,validated,NI2605|00:50:43.000,20260126,00:50:43.000,,NI,NI2605,13843000,26900,26900,13843000,visible_execution_drop,147997.5,0.37065,4,"NI2602,NI2603,NI2604,NI2609",20,479,290.0,147750.0,147889.4,24.75,16.723255460396288,10.81000000000058,7.304177435430045,,,20.0,20.0,24.75,24.75,16.723255460396288,detector_event_depth,50.0,7394470.0,50.0,5405.000000000291,trade_recovered_3s,0.5,,0.5,
aggregated-tick-v1,AUTO_INFERRED_V1,validated,NI2605|00:51:20.500,20260126,00:51:20.500,,NI,NI2605,13880500,26975,26975,13880500,visible_execution_drop,147990.0,0.7413,5,"NI2602,NI2603,NI2604,NI2609,NI2606",20,449,290.0,147710.0,147844.5,28.0,18.920197310629096,14.55,9.831745388201906,,,20.0,20.0,28.0,28.0,18.920197310629096,detector_event_depth,20.0,2956890.0,20.0,2910.0,trade_recovered_3s,0.5,,0.5,
aggregated-tick-v1,AUTO_INFERRED_V1,validated,NI2605|09:13:33.500,20260126,09:13:33.500,,NI,NI2605,44013500,29614,29614,44013500,visible_execution_drop,150585.0,2.2238999999999995,5,"NI2602,NI2603,NI2604,NI2609,NI2606",20,539,290.0,150380.0,150447.91666666666,20.5,13.613573729123086,13.708333333334304,9.10338568471913,,,20.2564,20.0,16.760564570657152,20.5,13.613573729123086,detector_event_depth,24.0,3610750.0,24.0,3290.000000000233,trade_recovered_3s,0.5,,0.5,
aggregated-tick-v1,AUTO_INFERRED_V1,validated,NI2605|14:56:05.500,20260126,14:56:05.500,,NI,NI2605,64565500,54397,54397,64565500,visible_execution_drop,147027.5,3.7065,4,"NI2602,NI2604,NI2609,NI2606",20,382,290.0,146800.0,146913.40782122905,22.75,15.473295812007956,11.409217877095216,7.759921019601922,,,20.0,20.0,15.75,22.75,15.473295812007956,detector_event_depth,179.0,26297500.0,179.0,20422.500000000437,trade_recovered_3s,0.5,,0.5,
aggregated-tick-v1,AUTO_INFERRED_V1,validated,SN2602|00:58:55.500,20260126,00:58:55.500,,SN,SN2602,14335500,28525,28525,14335500,visible_execution_drop,446710.0,8.52495,4,"SN2603,SN2604,SN2605,SN2606",20,224,290.0,446000.0,446300.0,71.0,15.893980434733942,41.0,9.178214053860446,,,58.303999999999995,58.303999999999995,71.0,71.0,15.893980434733942,detector_event_depth,6.0,2677800.0,6.0,2460.0,trade_recovered_3s,0.5,,0.5,
aggregated-tick-v1,AUTO_INFERRED_V1,validated,SN2602|10:59:10.500,20260126,10:59:10.500,,SN,SN2602,50350500,41136,41136,50350500,visible_execution_drop,441055.0,6.6716999999999995,5,"SN2603,SN2604,SN2605,SN2606,SN2607",20,283,290.0,440180.0,440787.3333333333,87.5,19.838795615059347,26.76666666666861,6.068782049102404,,,87.4908,79.33359999997698,87.5,87.5,19.838795615059347,detector_event_depth,15.0,6611810.0,15.0,4015.000000000291,trade_recovered_3s,0.5,,0.5,
aggregated-tick-v1,AUTO_INFERRED_V1,validated,SN2603|22:11:15.000,20260126,22:11:15.000,,SN,SN2603,4275000,8550,8550,4275000,visible_execution_drop,439792.5,3.7065,4,"SN2602,SN2604,SN2605,SN2607",20,513,290.0,439380.0,439620.4545454546,41.25,9.379423250737563,17.20454545454704,3.911968815872722,,,34.0824,31.214880000023015,38.0,41.25,9.379423250737563,detector_event_depth,22.0,9671650.0,22.0,3785.000000000349,trade_recovered_3s,0.5,,0.5,
aggregated-tick-v1,AUTO_INFERRED_V1,validated,SN2603|22:17:45.000,20260126,22:17:45.000,,SN,SN2603,4665000,9330,9330,4665000,visible_execution_drop,440125.0,2.2238999999999995,5,"SN2602,SN2604,SN2605,SN2606,SN2607",20,474,290.0,439700.0,439903.125,42.5,9.656347628514624,22.1875,5.041181482533371,,,34.0824,27.550324731174182,42.5,42.5,9.656347628514624,detector_event_depth,32.0,14076900.0,32.0,7100.0,trade_recovered_3s,0.5,,0.5,
aggregated-tick-v1,AUTO_INFERRED_V1,validated,SN2603|00:04:18.500,20260126,00:04:18.500,00:04:19.500,SN,SN2603,11058500,22115,22115,11058500,"visible_execution_drop,interval_execution_drop",455760.0,0.7413,2,"SN2604,SN2607",20,510,290.0,455150.0,455461.0,61.0,13.384237317886608,29.9,6.560470423029664,455251.7469879518,50.825301204819695,43.477999999999994,29.733476363639763,61.0,61.0,13.384237317886608,detector_event_depth,30.0,13663830.0,30.0,8970.0,trade_recovered_3s,0.5,1.5,0.5,
aggregated-tick-v1,AUTO_INFERRED_V1,validated,SN2603|10:13:32.000,20260126,10:13:32.000,,SN,SN2603,47612000,37622,37622,47612000,visible_execution_drop,444690.0,8.895599999999998,5,"SN2602,SN2604,SN2605,SN2606,SN2607",20,403,290.0,444040.0,444418.0,65.0,14.616924149407453,27.2,6.116620567136657,,,54.3736,39.7976,58.1083333333343,65.0,14.616924149407453,detector_event_depth,10.0,4444180.0,10.0,2720.0,trade_recovered_3s,0.5,,0.5,
aggregated-tick-v1,AUTO_INFERRED_V1,validated,SN2603|11:00:03.500,20260126,11:00:03.500,11:00:04.500,SN,SN2603,50403500,41406,41406,50403500,interval_execution_drop,440750.0,2.2238999999999995,3,"SN2604,SN2605,SN2606",20,425,290.0,440110.0,440154.90196078434,64.0,14.52070334656835,59.509803921566345,13.501940764961168,440080.0,67.0,73.6648,49.865666666714624,45.437866599630794,67.0,15.20136131593874,detector_event_depth,51.0,22447900.0,51.0,30349.999999998836,trade_recovered_3s,,1.5,0.5,
aggregated-tick-v1,AUTO_INFERRED_V1,validated,SN2603|13:37:22.500,20260126,13:37:22.500,13:37:23.500,SN,SN2603,59842500,45885,45885,59842500,"visible_execution_drop,interval_execution_drop",431987.5,5.559749999999999,4,"SN2604,SN2605,SN2606,SN2607",20,397,290.0,431170.0,431511.56862745096,81.75,18.924158685147138,47.59313725490356,11.017248706248113,431284.099378882,70.3400621118024,60.303999999999995,42.40555555558882,67.25,81.75,18.924158685147138,detector_event_depth,51.0,22007090.0,51.0,24272.500000000815,trade_recovered_3s,0.5,2.0,1.0,
aggregated-tick-v1,AUTO_INFERRED_V1,validated,SN2603|14:36:44.500,20260126,14:36:44.500,,SN,SN2603,63404500,53009,53009,63404500,visible_execution_drop,437175.0,2.9652,5,"SN2602,SN2604,SN2605,SN2606,SN2607",20,341,290.0,436600.0,437062.11267605633,57.5,13.152627666266367,11.288732394366525,2.5821998957777836,,,51.4084,38.77803636361126,53.125,57.5,13.152627666266367,detector_event_depth,71.0,31031410.0,71.0,8015.000000000233,trade_recovered_3s,0.5,,0.5,
aggregated-tick-v1,AUTO_INFERRED_V1,validated,SN2604|09:51:46.500,20260126,09:51:46.500,,SN,SN2604,46306500,34744,34744,46306500,visible_execution_drop,446007.5,6.486375,4,"SN2603,SN2605,SN2606,SN2607",20,163,290.0,445150.0,445957.5,85.75,19.22613408967338,5.0,1.121057381322063,,,84.7756,90.44439999997698,85.75,85.75,19.22613408967338,detector_event_depth,20.0,8919150.0,20.0,1000.0,trade_recovered_3s,0.5,,0.5,
aggregated-tick-v1,AUTO_INFERRED_V1,validated,SN2605|22:30:47.000,20260126,22:30:47.000,,SN,SN2605,5447000,10880,10880,5447000,visible_execution_drop,440112.5,1.85325,4,"SN2603,SN2602,SN2604,SN2607",20,224,290.0,439360.0,439844.6153846154,75.25,17.097901104831152,26.788461538462435,6.08673044697945,,,66.217,64.7344,66.475,75.25,17.097901104831152,detector_event_depth,26.0,11435960.0,26.0,6965.000000000233,trade_recovered_3s,1.0,,0.5,
aggregated-tick-v1,AUTO_INFERRED_V1,validated,SN2605|11:00:09.000,20260126,11:00:09.000,11:00:10.000,SN,SN2605,50409000,41119,41119,50409000,interval_execution_drop,439055.0,8.895599999999998,3,"SN2602,SN2604,SN2607",20,159,290.0,439560.0,437130.9813084112,-50.5,-11.501975834462652,192.40186915887753,43.821814842987216,437204.4888888889,185.05111111110892,78.5256,81.59804444441116,190.27686915887753,185.05111111110892,42.14759224040471,detector_event_depth,214.0,93546030.0,214.0,411739.9999999979,trade_recovered_3s,,1.5,0.5,
aggregated-tick-v1,AUTO_INFERRED_V1,validated,AG2602|21:22:47.000,20260127,21:22:47.000,,AG,AG2602,1367000,2714,2714,1367000,visible_execution_drop,27855.5,3.7065,5,"AG2604,AG2606,AG2605,AG2608,AG2610",20,329,290.0,27803.0,27813.2,52.5,18.847265351546373,42.29999999999927,15.18551094038853,,,47.8736,53.00400000000072,48.0,52.5,18.847265351546373,detector_event_depth,10.0,4171980.0,10.0,6344.999999999891,trade_recovered_3s,0.5,,0.5,
aggregated-tick-v1,AUTO_INFERRED_V1,validated,AG2603|11:09:26.500,20260127,11:09:26.500,,AG,AG2603,50966500,52285,52285,50966500,visible_execution_drop,28291.0,0.7413,5,"AG2604,AG2606,AG2605,AG2608,AG2602",20,113,290.0,28253.0,28281.25,38.0,13.43183344526528,9.75,3.4463256866141174,,,37.5128,37.5128,33.125,38.0,13.43183344526528,detector_event_depth,4.0,1696875.0,4.0,585.0,trade_recovered_3s,1.0,,0.5,
aggregated-tick-v1,AUTO_INFERRED_V1,validated,AG2604|00:29:20.000,20260127,00:29:20.000,,AG,AG2604,12560000,25120,25120,12560000,visible_execution_drop,28735.0,8.8956,4,"AG2606,AG2608,AG2602,AG2610",20,548,290.0,28690.0,28710.735849056604,45.0,15.660344527579609,24.26415094339609,8.444110298728411,,,37.5824,33.9448355555617,38.25,45.0,15.660344527579609,detector_event_depth,159.0,68475105.0,159.0,57869.99999999967,trade_recovered_3s,0.5,,0.5,
aggregated-tick-v1,AUTO_INFERRED_V1,validated,AG2604|02:07:34.000,20260127,02:07:34.000,,AG,AG2604,18454000,36907,36907,18454000,visible_execution_drop,29625.5,0.0,3,"AG2606,AG2602,AG2610",20,552,290.0,29550.0,29589.946428571428,75.5,25.48480194427098,35.55357142857247,12.001002996935906,,,60.803999999999995,55.3736,44.375,75.5,25.48480194427098,detector_event_depth,56.0,24855555.0,56.0,29865.000000000873,trade_recovered_3s,0.5,,0.5,
aggregated-tick-v1,AUTO_INFERRED_V1,validated,AG2604|09:41:16.000,20260127,09:41:16.000,09:41:17.000,AG,AG2604,45675500,44553,44553,45676000,"visible_execution_drop,interval_execution_drop",28188.0,1.4826,3,"AG2606,AG2602,AG2610",20,544,290.0,28158.0,28114.648734177215,30.0,10.642826734780758,73.35126582278463,26.02216043095808,28129.847036328872,58.15296367112751,36.0824,31.082925714272164,63.91314701090414,58.15296367112751,20.630397215527,detector_event_depth,316.0,133263435.0,415.0,347684.9999999991,trade_recovered_3s,0.5,1.5,0.5,
aggregated-tick-v1,AUTO_INFERRED_V1,validated,AG2604|09:41:20.500,20260127,09:41:20.500,09:41:21.500,AG,AG2604,45680500,44562,44562,45680500,"visible_execution_drop,interval_execution_drop",28100.25,2.59455,4,"AG2605,AG2608,AG2602,AG2610",20,544,290.0,28064.0,28054.214285714283,36.25,12.90024110105782,46.03571428571741,16.382670718487347,28044.687160940324,55.56283905967575,36.0824,32.8672,38.1821077983077,55.56283905967575,19.773076417354208,detector_event_depth,112.0,47131080.0,112.0,77340.00000000524,trade_recovered_3s,1.0,2.0,1.0,
aggregated-tick-v1,AUTO_INFERRED_V1,validated,AG2605|22:01:16.500,20260127,22:01:16.500,,AG,AG2605,3676500,7352,7352,3676500,visible_execution_drop,27533.0,8.8956,5,"AG2604,AG2606,AG2608,AG2602,AG2610",20,481,290.0,27505.0,27519.97619047619,28.0,10.169614644245089,13.023809523809176,4.730254430613874,,,24.7216,24.7216,22.0,28.0,10.169614644245089,detector_event_depth,42.0,17337585.0,42.0,8204.999999999782,trade_recovered_3s,0.5,,0.5,
aggregated-tick-v1,AUTO_INFERRED_V1,validated,AG2605|01:21:44.500,20260127,01:21:44.500,,AG,AG2605,15704500,31381,31381,15704500,visible_execution_drop,29716.5,7.412999999999999,5,"AG2604,AG2606,AG2608,AG2602,AG2610",20,512,290.0,29637.0,29687.424242424244,79.5,26.75281409318055,29.075757575756143,9.784381598020005,,,59.803999999999995,45.376183333325656,79.5,79.5,26.75281409318055,detector_event_depth,33.0,14695275.0,33.0,14392.49999999929,trade_recovered_3s,0.5,,0.5,
aggregated-tick-v1,AUTO_INFERRED_V1,validated,AG2605|14:48:47.000,20260127,14:48:47.000,14:48:48.000,AG,AG2605,64127000,65091,65091,64127000,"visible_execution_drop,interval_execution_drop",28423.5,5.9304,3,"AG2604,AG2608,AG2602",20,430,290.0,28376.0,28379.75,47.5,16.711523915070277,43.75,15.392193079669992,28374.933333333334,48.5666666666657,42.0128,41.76860000000719,41.83333333333394,48.5666666666657,17.086800241583795,detector_event_depth,8.0,3405570.0,8.0,5250.0,trade_recovered_10s,0.5,6.5,5.5,
aggregated-tick-v1,AUTO_INFERRED_V1,validated,AG2606|00:32:23.500,20260127,00:32:23.500,,AG,AG2606,12743500,25484,25484,12743500,visible_execution_drop,28719.0,0.7413,5,"AG2604,AG2605,AG2608,AG2602,AG2610",20,545,290.0,28678.0,28700.666666666668,41.0,14.276263101082906,18.33333333333212,6.383694882597625,,,34.5824,28.651999999999997,41.0,41.0,14.276263101082906,detector_event_depth,63.0,27122130.0,63.0,17324.999999998854,trade_recovered_3s,0.5,,0.5,
aggregated-tick-v1,AUTO_INFERRED_V1,validated,AG2606|02:20:11.000,20260127,02:20:11.000,02:20:12.000,AG,AG2606,19211000,38415,38415,19211500,"visible_execution_drop,interval_execution_drop",29410.0,2.9652,2,"AG2608,AG2602",20,511,290.0,29300.0,29357.25,110.0,37.40224413464808,52.75,17.936076164569876,29351.901315789473,58.0986842105267,46.9432,38.71039999999399,102.64772727272792,110.0,37.40224413464808,detector_event_depth,56.0,24660090.0,140.0,44310.0,trade_recovered_3s,0.5,2.0,1.0,
aggregated-tick-v1,AUTO_INFERRED_V1,validated,AG2606|09:41:20.500,20260127,09:41:20.500,09:41:21.500,AG,AG2606,45680500,44556,44556,45680500,interval_execution_drop,28079.25,2.9652,4,"AG2605,AG2608,AG2602,AG2610",20,511,290.0,28057.0,28039.60975609756,22.25,7.924000819110197,39.64024390243867,14.11727304056863,28032.57692307693,46.6730769230744,37.0824,31.151999999999997,32.64024390243867,46.6730769230744,16.621910101970105,detector_event_depth,41.0,17244360.0,41.0,24378.74999999978,trade_recovered_3s,,2.0,1.0,
aggregated-tick-v1,AUTO_INFERRED_V1,validated,AG2606|14:48:51.000,20260127,14:48:51.000,14:48:52.000,AG,AG2606,64131000,65217,65217,64132500,"visible_execution_drop,interval_execution_drop",28394.5,4.4478,3,"AG2604,AG2608,AG2602",20,468,290.0,28348.0,28349.666666666668,46.5,16.3764109246509,44.83333333333212,15.78944279115044,28350.90322580645,43.59677419354921,30.151999999999997,24.2216,24.848484848484077,46.5,16.3764109246509,detector_event_depth,24.0,10205880.0,72.0,16139.999999999563,quote_only_recovered_3s,3.0,4.0,3.0,
aggregated-tick-v1,AUTO_INFERRED_V1,validated,AG2606|14:49:01.000,20260127,14:49:01.000,14:49:02.000,AG,AG2606,64141000,65237,65237,64143500,"visible_execution_drop,interval_execution_drop",28396.0,1.4826,3,"AG2604,AG2602,AG2610",20,460,290.0,28362.0,28359.08,34.0,11.973517396816453,36.919999999998254,13.001831243836545,28360.62162162162,35.37837837838015,30.151999999999997,24.2216,35.669999999998254,35.37837837838015,12.45893026425558,detector_event_depth,25.0,10634655.0,68.0,13844.999999999343,quote_only_recovered_3s,2.0,11.0,2.0,
aggregated-tick-v1,AUTO_INFERRED_V1,validated,AG2607|09:41:18.500,20260127,09:41:18.500,,AG,AG2607,45678500,42558,42558,45678500,visible_execution_drop,28115.75,2.59455,2,"AG2604,AG2606",20,113,290.0,28063.0,28102.8,52.75,18.76172607879925,12.950000000000728,4.6059592932789375,,,49.9432,49.9432,52.75,52.75,18.76172607879925,detector_event_depth,5.0,2107710.0,5.0,971.2500000000546,trade_recovered_3s,0.5,,0.5,
aggregated-tick-v1,AUTO_INFERRED_V1,validated,AG2607|09:41:25.500,20260127,09:41:25.500,,AG,AG2607,45685500,42572,42572,45685500,visible_execution_drop,27988.25,4.8184499999999995,4,"AG2606,AG2605,AG2608,AG2602",20,121,290.0,27930.0,27959.111111111113,58.25,20.81230516377408,29.138888888886868,10.411114981782308,,,52.9084,49.9432,58.25,58.25,20.81230516377408,detector_event_depth,9.0,3774480.0,9.0,3933.749999999727,trade_recovered_3s,0.5,,0.5,
aggregated-tick-v1,AUTO_INFERRED_V1,validated,AG2608|00:13:43.000,20260127,00:13:43.000,,AG,AG2608,11623000,23202,23202,11623000,visible_execution_drop,28794.5,5.1891,4,"AG2604,AG2606,AG2605,AG2602",20,494,290.0,28758.0,28776.241379310344,36.5,12.676031881088402,18.2586206896558,6.341009807308965,,,36.0824,37.02222769229402,36.5,36.5,12.676031881088402,detector_event_depth,29.0,12517665.0,29.0,7942.500000000273,trade_recovered_3s,0.5,,0.5,
aggregated-tick-v1,AUTO_INFERRED_V1,validated,AG2608|01:32:26.000,20260127,01:32:26.000,,AG,AG2608,16346000,32627,32627,16346000,visible_execution_drop,29813.0,4.8184499999999995,4,"AG2606,AG2605,AG2602,AG2610",20,341,290.0,29783.0,29799.454545454544,30.0,10.062724314896188,13.545454545455868,4.543472493695994,,,29.867199999999997,30.117199999999997,24.5,30.0,10.062724314896188,detector_event_depth,11.0,4916910.0,11.0,2235.0000000002183,trade_recovered_3s,0.5,,0.5,
aggregated-tick-v1,AUTO_INFERRED_V1,validated,AG2608|01:40:07.000,20260127,01:40:07.000,,AG,AG2608,16807000,33543,33543,16807000,visible_execution_drop,29831.0,2.9652,3,"AG2604,AG2606,AG2605",20,321,290.0,29783.0,29803.25,48.0,16.090643960980188,27.75,9.302403539941672,,,40.5476,41.61933333331773,45.5,48.0,16.090643960980188,detector_event_depth,20.0,8940975.0,20.0,8325.0,trade_recovered_3s,0.5,,0.5,
aggregated-tick-v1,AUTO_INFERRED_V1,validated,AG2608|09:59:08.000,20260127,09:59:08.000,,AG,AG2608,46748000,46605,46605,46748000,visible_execution_drop,28042.5,7.412999999999999,4,"AG2604,AG2606,AG2605,AG2610",20,364,290.0,28008.0,28032.315789473687,34.5,12.302754747258623,10.184210526313109,3.6317056347733296,,,29.651999999999997,32.41466666667325,34.5,34.5,12.302754747258623,detector_event_depth,19.0,7989210.0,19.0,2902.499999999236,trade_recovered_3s,0.5,,0.5,
aggregated-tick-v1,AUTO_INFERRED_V1,validated,AG2608|10:52:12.500,20260127,10:52:12.500,,AG,AG2608,49932500,51136,51136,49932500,visible_execution_drop,28189.5,5.9304,4,"AG2604,AG2605,AG2602,AG2610",20,329,290.0,28132.0,28170.527777777777,57.5,20.397665797548733,18.972222222222623,6.730244318708252,,,24.2216,22.384342857169592,57.5,57.5,20.397665797548733,detector_event_depth,36.0,15212085.0,36.0,10245.000000000218,trade_recovered_3s,0.5,,1.0,
aggregated-tick-v1,AUTO_INFERRED_V1,validated,AG2608|11:29:27.000,20260127,11:29:27.000,,AG,AG2608,52167000,55550,55550,52167000,visible_execution_drop,27998.0,2.2239,5,"AG2604,AG2606,AG2605,AG2602,AG2610",20,329,290.0,27941.0,27970.74193548387,57.0,20.358597042645904,27.2580645161288,9.73571844993528,,,35.0824,33.6773333333465,57.0,57.0,20.358597042645904,detector_event_depth,31.0,13006395.0,31.0,12674.99999999989,trade_recovered_3s,0.5,,0.5,
aggregated-tick-v1,AUTO_INFERRED_V1,validated,AG2610|23:21:52.000,20260127,23:21:52.000,,AG,AG2610,8512000,16945,16945,8512000,visible_execution_drop,28399.75,0.37065,4,"AG2606,AG2605,AG2608,AG2602",20,236,290.0,28334.0,28362.285714285717,65.75,23.151612250107835,37.46428571428259,13.191766024096196,,,50.3736,44.4432,65.75,65.75,23.151612250107835,detector_event_depth,21.0,8934120.0,21.0,11801.249999999018,trade_recovered_3s,0.5,,0.5,
aggregated-tick-v1,AUTO_INFERRED_V1,validated,AG2612|09:41:16.000,20260127,09:41:16.000,,AG,AG2612,45676000,44258,44258,45676000,visible_execution_drop,28193.0,1.4826,2,"AG2606,AG2602",20,109,290.0,28150.0,28190.88235294118,43.0,15.25201291100628,2.117647058821603,0.7511251228395712,,,36.0824,36.5824,31.25,43.0,15.25201291100628,detector_event_depth,17.0,7188675.0,17.0,539.9999999995089,trade_recovered_3s,0.5,,0.5,
aggregated-tick-v1,AUTO_INFERRED_V1,validated,AG2612|09:41:20.500,20260127,09:41:20.500,,AG,AG2612,45680500,44267,44267,45680500,visible_execution_drop,28104.0,5.9304,3,"AG2605,AG2608,AG2602",20,107,290.0,28057.0,28064.857142857145,47.0,16.723598064332478,39.142857142855064,13.927859786099866,,,42.0128,42.0128,47.0,47.0,16.723598064332478,detector_event_depth,7.0,2946810.0,7.0,4109.999999999782,trade_recovered_3s,0.5,,0.5,
aggregated-tick-v1,AUTO_INFERRED_V1,validated,IF2606|10:34:28.500,20260127,10:34:28.500,,IF,IF2606,48868500,6812,6812,48868500,visible_execution_drop,4713.099999999999,0.7413000000094389,3,"IF2603,IF2602,IF2609",20,183,290.0,4708.0,4710.145454545455,25.49999999999727,10.82090343934874,14.772727272720658,6.268794327606315,,,24.72159999991903,20.0,14.49999999999818,25.49999999999727,10.82090343934874,detector_event_depth,22.0,31086960.0,22.0,19499.99999999127,trade_recovered_3s,0.5,,0.5,
aggregated-tick-v1,AUTO_INFERRED_V1,validated,IM2603|09:39:44.500,20260127,09:39:44.500,,IM,IM2603,45584500,1169,1169,45584500,visible_execution_drop,8236.0,8.154300000002696,3,"IM2602,IM2606,IM2609",20,337,290.0,8222.4,8227.286868686868,68.00000000000182,16.51287032540112,43.5656565656609,10.579324081024987,,,65.80400000020302,57.30144000014348,51.24999999999545,68.00000000000182,16.51287032540112,detector_event_depth,99.0,162900280.0,99.0,172520.00000001717,trade_recovered_3s,0.5,,0.5,
aggregated-tick-v1,AUTO_INFERRED_V1,validated,NI2603|09:48:01.000,20260127,09:48:01.000,,NI,NI2603,46081000,34495,34495,46081000,visible_execution_drop,145032.5,1.4826,4,"NI2602,NI2605,NI2604,NI2609",20,573,290.0,144800.0,144946.875,23.25,16.030889628186788,8.5625,5.903849137262338,,,20.0,20.0,21.0,23.25,16.030889628186788,detector_event_depth,112.0,16234050.0,112.0,9590.0,trade_recovered_3s,0.5,,0.5,
aggregated-tick-v1,AUTO_INFERRED_V1,validated,NI2604|09:10:55.500,20260127,09:10:55.500,,NI,NI2604,43855500,28641,28641,43855500,visible_execution_drop,146320.0,4.447799999999999,5,"NI2602,NI2603,NI2605,NI2609,NI2606",20,326,290.0,146090.0,146157.1875,23.0,15.718972115910336,16.28125,11.12715281574631,,,20.0,20.0,23.0,23.0,15.718972115910336,detector_event_depth,32.0,4677030.0,32.0,5210.0,trade_recovered_3s,1.5,,0.5,
aggregated-tick-v1,AUTO_INFERRED_V1,validated,NI2604|09:11:59.500,20260127,09:11:59.500,,NI,NI2604,43919500,28769,28769,43919500,visible_execution_drop,146635.0,0.7413,5,"NI2602,NI2603,NI2605,NI2609,NI2606",20,309,290.0,146350.0,146460.96774193548,28.5,19.43601459406008,17.40322580645152,11.868398272207536,,,20.0,20.0,27.375,28.5,19.43601459406008,detector_event_depth,31.0,4540290.0,31.0,5394.999999999971,trade_recovered_3s,1.0,,0.5,
aggregated-tick-v1,AUTO_INFERRED_V1,validated,NI2604|09:25:51.000,20260127,09:25:51.000,,NI,NI2604,44751000,30418,30418,44751000,visible_execution_drop,146460.0,0.7413,5,"NI2602,NI2603,NI2605,NI2609,NI2606",20,181,290.0,146220.0,146220.0,24.0,16.386726751331423,24.0,16.386726751331423,,,23.7216,20.7564,18.5,24.0,16.386726751331423,detector_event_depth,3.0,438660.0,3.0,720.0,trade_recovered_3s,1.0,,0.5,
aggregated-tick-v1,AUTO_INFERRED_V1,validated,NI2604|09:28:31.500,20260127,09:28:31.500,,NI,NI2604,44911500,30731,30731,44911500,visible_execution_drop,146315.0,1.4826,5,"NI2602,NI2603,NI2605,NI2609,NI2606",20,213,289.5,146060.0,146194.5,25.5,17.428151590745994,12.05,8.235655947783892,,,20.0,20.0,23.5,25.5,17.428151590745994,detector_event_depth,20.0,2923890.0,20.0,2410.0,quote_only_recovered_3s,4.0,,0.5,
aggregated-tick-v1,AUTO_INFERRED_V1,validated,NI2604|13:38:01.000,20260127,13:38:01.000,,NI,NI2604,59881000,43736,43736,59882000,visible_execution_drop,145225.0,0.7413,5,"NI2602,NI2603,NI2605,NI2609,NI2606",20,129,290.0,145010.0,145085.45454545456,21.5,14.80461353072818,13.954545454544132,9.608914067511884,,,20.0,20.0,10.5,21.5,14.80461353072818,detector_event_depth,22.0,3191880.0,43.0,3069.999999999709,trade_recovered_3s,1.5,,0.5,
aggregated-tick-v1,AUTO_INFERRED_V1,validated,NI2604|13:46:25.000,20260127,13:46:25.000,,NI,NI2604,60385000,44744,44744,60385000,visible_execution_drop,144940.0,1.4826,5,"NI2602,NI2603,NI2605,NI2609,NI2606",20,187,290.0,144720.0,144799.1379310345,22.0,15.178694632261625,14.08620689655072,9.71864695498187,,,21.0064,20.0,14.875,22.0,15.178694632261625,detector_event_depth,58.0,8398350.0,58.0,8169.999999999418,trade_recovered_3s,0.5,,0.5,
aggregated-tick-v1,AUTO_INFERRED_V1,validated,NI2605|10:08:59.500,20260127,10:08:59.500,,NI,NI2605,47339500,36222,36222,47339500,visible_execution_drop,145670.0,0.7413,5,"NI2602,NI2603,NI2604,NI2609,NI2606",20,429,290.0,145450.0,145573.92156862744,22.0,15.102629230452392,9.607843137255989,6.595622391196531,,,20.0,20.0,22.0,22.0,15.102629230452392,detector_event_depth,51.0,7424270.0,51.0,4900.000000000553,trade_recovered_3s,0.5,,0.5,
aggregated-tick-v1,AUTO_INFERRED_V1,validated,NI2605|13:46:43.500,20260127,13:46:43.500,,NI,NI2605,60403500,45877,45877,60403500,visible_execution_drop,145287.5,1.85325,4,"NI2602,NI2603,NI2604,NI2606",20,473,290.0,145070.0,145195.74074074073,21.75,14.97031747397402,9.175925925927004,6.3157022633929305,,,20.0,20.0,21.75,21.75,14.97031747397402,detector_event_depth,54.0,7840570.0,54.0,4955.000000000582,trade_recovered_3s,1.0,,0.5,
aggregated-tick-v1,AUTO_INFERRED_V1,validated,SN2602|23:20:37.500,20260127,23:20:37.500,,SN,SN2602,8437500,16817,16817,8437500,visible_execution_drop,430090.0,6.6716999999999995,5,"SN2603,SN2604,SN2605,SN2606,SN2607",20,247,290.0,429310.0,429642.0,78.0,18.135739031365528,44.8,10.416424469297125,,,77.88,70.94959999999999,68.0,78.0,18.135739031365528,detector_event_depth,5.0,2148210.0,5.0,2240.0,trade_recovered_3s,0.5,,0.5,
aggregated-tick-v1,AUTO_INFERRED_V1,validated,SN2602|00:59:59.500,20260127,00:59:59.500,,SN,SN2602,14399000,27882,27882,14399500,visible_execution_drop,434912.5,6.301049999999999,3,"SN2603,SN2604,SN2605",20,103,290.0,434240.0,434240.0,67.25,15.46288046446124,67.25,15.46288046446124,,,64.2344,64.2344,59.0,67.25,15.46288046446124,detector_event_depth,1.0,434240.0,2.0,672.5,persistent_10s,,,,
aggregated-tick-v1,AUTO_INFERRED_V1,validated,SN2603|21:57:16.500,20260127,21:57:16.500,21:57:17.500,SN,SN2603,3436500,6873,6873,3437000,"visible_execution_drop,interval_execution_drop",429200.0,5.9304,4,"SN2602,SN2605,SN2606,SN2607",20,468,290.0,428250.0,428597.7922077922,95.0,22.13420316868593,60.22077922077733,14.030936444729107,428470.8163265306,72.9183673469408,54.132299999999994,41.00101839079141,88.6875,95.0,22.13420316868593,detector_event_depth,77.0,33002030.0,120.0,46369.999999998545,trade_recovered_3s,1.0,2.0,1.0,
aggregated-tick-v1,AUTO_INFERRED_V1,validated,SN2603|22:48:30.000,20260127,22:48:30.000,,SN,SN2603,6510000,13020,13020,6510000,visible_execution_drop,435150.0,4.447799999999999,4,"SN2602,SN2604,SN2605,SN2606",20,479,290.0,434330.0,434792.95081967214,82.0,18.844076755141906,35.70491803278564,8.205197755437354,,,54.3736,45.227999999999994,68.75,82.0,18.844076755141906,detector_event_depth,61.0,26522370.0,61.0,21779.999999999243,trade_recovered_3s,0.5,,0.5,
aggregated-tick-v1,AUTO_INFERRED_V1,validated,SN2603|23:30:48.500,20260127,23:30:48.500,23:30:49.500,SN,SN2603,9048000,18097,18097,9048500,"visible_execution_drop,interval_execution_drop",431820.0,8.895599999999998,2,"SN2602,SN2607",20,511,290.0,431360.0,431308.6363636363,46.0,10.652586725950629,51.13636363636469,11.842055401872235,431226.8085106383,59.31914893616922,44.477999999999994,37.55920000002301,42.13636363636469,59.31914893616922,13.73700822939401,detector_event_depth,22.0,9488790.0,50.0,11250.000000000233,trade_recovered_3s,0.5,1.5,0.5,
aggregated-tick-v1,AUTO_INFERRED_V1,validated,SN2603|14:21:51.500,20260127,14:21:51.500,,SN,SN2603,62511500,50947,50947,62511500,visible_execution_drop,440555.0,9.26625,4,"SN2602,SN2604,SN2606,SN2607",20,467,290.0,440060.0,440265.8139534884,49.5,11.235827535721986,28.91860465116333,6.564130392610078,,,47.8356,37.9357777777848,37.269230769231214,49.5,11.235827535721986,detector_event_depth,43.0,18931430.0,43.0,12435.000000000233,trade_recovered_3s,0.5,,0.5,
aggregated-tick-v1,AUTO_INFERRED_V1,validated,SN2604|21:33:11.500,20260127,21:33:11.500,,SN,SN2604,1991500,3981,3981,1991500,visible_execution_drop,430980.0,7.042349999999999,4,"SN2602,SN2605,SN2606,SN2607",20,291,290.0,429900.0,430570.0,108.0,25.05916747876932,41.0,9.513202468792056,,,78.59519999999999,62.1616,96.875,108.0,25.05916747876932,detector_event_depth,17.0,7319690.0,17.0,6970.0,trade_recovered_3s,1.0,,0.5,
aggregated-tick-v1,AUTO_INFERRED_V1,validated,SN2605|23:19:49.000,20260127,23:19:49.000,23:19:50.000,SN,SN2605,8389000,16760,16760,8389000,visible_execution_drop,432922.5,2.2238999999999995,5,"SN2603,SN2602,SN2604,SN2606,SN2607",20,159,290.0,432330.0,432256.6666666667,59.25,13.686052353481282,66.5833333333314,15.379966006232385,432811.3333333333,11.116666666668609,57.234399999999994,56.43397333330839,59.25,59.25,13.686052353481282,detector_event_depth,3.0,1296770.0,3.0,1997.4999999999416,trade_recovered_3s,0.5,,0.5,
aggregated-tick-v1,AUTO_INFERRED_V1,validated,AG2602|21:43:56.000,20260128,21:43:56.000,,AG,AG2602,2636000,5193,5193,2636000,visible_execution_drop,29356.25,2.9652,4,"AG2604,AG2605,AG2608,AG2610",20,146,290.0,29300.0,29332.7,56.25,19.161166702150307,23.549999999999272,8.022141792633349,,,53.856199999999994,49.1584,56.25,56.25,19.161166702150307,detector_event_depth,10.0,4399905.0,10.0,3532.499999999891,trade_recovered_3s,0.5,,0.5,
aggregated-tick-v1,AUTO_INFERRED_V1,validated,AG2602|21:44:08.000,20260128,21:44:08.000,,AG,AG2602,2648000,5217,5217,2648000,visible_execution_drop,29440.0,2.9652,5,"AG2604,AG2606,AG2605,AG2608,AG2610",20,148,290.0,29388.0,29405.2,52.0,17.66304347826087,34.79999999999927,11.820652173912796,,,51.8736,51.8736,52.0,52.0,17.66304347826087,detector_event_depth,10.0,4410780.0,10.0,5219.999999999891,trade_recovered_3s,0.5,,0.5,
aggregated-tick-v1,AUTO_INFERRED_V1,validated,AG2603|22:13:13.500,20260128,22:13:13.500,22:13:14.500,AG,AG2603,4393500,8726,8726,4393500,visible_execution_drop,28703.25,8.8956,4,"AG2604,AG2606,AG2608,AG2602",20,213,290.0,28610.0,28610.0,93.25,32.487610288033586,93.25,32.487610288033586,28651.555555555555,51.69444444444525,86.1332,83.04879999998562,70.25,93.25,32.487610288033586,detector_event_depth,13.0,5578950.0,13.0,18183.75,trade_recovered_3s,0.5,,0.5,
aggregated-tick-v1,AUTO_INFERRED_V1,validated,AG2603|09:28:12.000,20260128,09:28:12.000,,AG,AG2603,44892000,42333,42333,44892000,visible_execution_drop,29219.0,1.4826,5,"AG2604,AG2606,AG2605,AG2608,AG2602",20,213,290.0,29099.0,29150.925925925923,120.0,41.06916732263253,68.07407407407663,23.297879487346123,,,83.6776,83.6776,78.20689655172464,120.0,41.06916732263253,detector_event_depth,27.0,11806125.0,27.0,27570.000000001037,trade_recovered_3s,0.5,,0.5,
aggregated-tick-v1,AUTO_INFERRED_V1,validated,AG2603|09:28:22.500,20260128,09:28:22.500,09:28:23.500,AG,AG2603,44902500,42354,42354,44902500,"visible_execution_drop,interval_execution_drop",29150.5,6.6716999999999995,5,"AG2604,AG2606,AG2605,AG2608,AG2602",20,203,290.0,29000.0,29030.296296296296,150.5,51.62861700485412,120.20370370370438,41.23555469158484,29038.774193548383,111.7258064516136,103.4688,99.2536,89.0,150.5,51.62861700485412,detector_event_depth,27.0,11757270.0,27.0,48682.50000000028,trade_recovered_3s,0.5,1.5,0.5,
aggregated-tick-v1,AUTO_INFERRED_V1,validated,AG2603|09:59:31.500,20260128,09:59:31.500,09:59:32.500,AG,AG2603,46771500,45831,45831,46771500,visible_execution_drop,29119.25,5.1891,4,"AG2604,AG2605,AG2608,AG2602",20,140,290.0,29043.0,29043.0,76.25,26.185427165878245,76.25,26.185427165878245,29101.428571428572,17.821428571427532,71.09519999999999,71.84519999999999,56.25,76.25,26.185427165878245,detector_event_depth,2.0,871290.0,2.0,2287.5,trade_recovered_3s,0.5,,0.5,
aggregated-tick-v1,AUTO_INFERRED_V1,validated,AG2603|14:27:17.500,20260128,14:27:17.500,,AG,AG2603,62837500,59949,59949,62837500,visible_execution_drop,29459.0,3.7065,5,"AG2604,AG2606,AG2605,AG2608,AG2602",20,185,290.0,29388.0,29424.666666666668,71.0,24.101293322923382,34.33333333333212,11.654616020004797,,,54.303999999999995,48.3736,71.0,71.0,24.101293322923382,detector_event_depth,3.0,1324110.0,3.0,1544.9999999999454,trade_recovered_3s,2.0,,0.5,
aggregated-tick-v1,AUTO_INFERRED_V1,validated,AG2604|13:32:33.500,20260128,13:32:33.500,,AG,AG2604,59553500,56097,56097,59553500,visible_execution_drop,29289.0,7.412999999999999,5,"AG2606,AG2605,AG2608,AG2602,AG2610",20,135,143.0,29228.0,29255.02,61.0,20.826931612550787,33.97999999999956,11.601625183515846,,,43.5128,36.74213333333828,44.5,61.0,20.826931612550787,detector_event_depth,50.0,21941265.0,50.0,25484.999999999673,trade_recovered_3s,0.5,,0.5,
aggregated-tick-v1,AUTO_INFERRED_V1,validated,AG2604|14:25:43.500,20260128,14:25:43.500,14:25:44.500,AG,AG2604,62743500,62471,62471,62743500,interval_execution_drop,29152.0,4.4478,5,"AG2606,AG2605,AG2608,AG2602,AG2610",20,531,290.0,29137.0,29105.172413793105,15.0,5.1454445664105375,46.82758620689492,16.063249933759234,29112.74345549738,39.25654450261936,30.151999999999997,29.08026666668226,28.3393808963192,39.25654450261936,13.466158240470415,detector_event_depth,58.0,25321500.0,58.0,40739.99999999858,trade_recovered_3s,,1.5,1.0,
aggregated-tick-v1,AUTO_INFERRED_V1,validated,AG2605|22:05:42.500,20260128,22:05:42.500,,AG,AG2605,3942500,7881,7881,3942500,visible_execution_drop,28754.25,8.8956,4,"AG2604,AG2606,AG2602,AG2610",20,512,290.0,28690.0,28724.869565217392,64.25,22.344522983558953,29.380434782608063,10.2177712103804,,,35.94,30.81602285712749,56.61764705882342,64.25,22.344522983558953,detector_event_depth,69.0,29730240.0,69.0,30408.749999999345,trade_recovered_3s,0.5,,0.5,
aggregated-tick-v1,AUTO_INFERRED_V1,validated,AG2605|22:05:51.000,20260128,22:05:51.000,,AG,AG2605,3951000,7898,7898,3951000,visible_execution_drop,28809.5,7.412999999999999,5,"AG2604,AG2606,AG2608,AG2602,AG2610",20,508,290.0,28753.0,28780.616438356166,56.5,19.611586455856575,28.883561643833673,10.025707368692158,,,34.5824,32.74680000000514,33.49391891891901,56.5,19.611586455856575,detector_event_depth,73.0,31514775.0,73.0,31627.49999999787,trade_recovered_3s,0.5,,1.0,
aggregated-tick-v1,AUTO_INFERRED_V1,validated,AG2605|22:13:38.000,20260128,22:13:38.000,22:13:39.000,AG,AG2605,4418000,8832,8832,4418000,"visible_execution_drop,interval_execution_drop",27956.0,5.9304,5,"AG2604,AG2606,AG2608,AG2602,AG2610",20,418,290.0,27892.0,27900.57777777778,64.0,22.89311775647446,55.42222222221971,19.824804057168308,27906.380116959062,49.619883040937566,49.2834,42.56859428572387,32.0,64.0,22.89311775647446,detector_event_depth,180.0,75331560.0,180.0,149639.99999999325,trade_recovered_3s,1.5,2.0,1.5,
aggregated-tick-v1,AUTO_INFERRED_V1,validated,AG2605|01:32:20.000,20260128,01:32:20.000,01:32:21.000,AG,AG2605,16340000,32651,32651,16340000,visible_execution_drop,27827.0,8.8956,5,"AG2604,AG2606,AG2608,AG2602,AG2610",20,434,290.0,27739.0,27782.891891891893,88.0,31.62396233873576,44.108108108106535,15.850831245950529,27796.73076923077,30.26923076923049,40.0128,40.0128,88.0,88.0,31.62396233873576,detector_event_depth,37.0,15419505.0,37.0,24479.999999999127,trade_recovered_3s,0.5,,0.5,
aggregated-tick-v1,AUTO_INFERRED_V1,validated,AG2605|09:58:01.000,20260128,09:58:01.000,09:58:02.000,AG,AG2605,46681000,46515,46515,46681000,interval_execution_drop,28703.5,4.8184499999999995,4,"AG2604,AG2606,AG2608,AG2610",20,453,290.0,28680.0,28623.36170212766,23.5,8.187154876582994,80.13829787234135,27.91934707347235,28647.125603864733,56.37439613526658,52.8736,46.9432,80.13829787234135,56.37439613526658,19.64025158439444,detector_event_depth,141.0,60538410.0,141.0,169492.50000000198,trade_recovered_3s,,1.5,0.5,
aggregated-tick-v1,AUTO_INFERRED_V1,validated,AG2605|13:51:37.000,20260128,13:51:37.000,,AG,AG2605,60697000,58297,58297,60697000,visible_execution_drop,29314.5,8.1543,5,"AG2604,AG2606,AG2608,AG2602,AG2610",20,456,290.0,29284.0,29296.629629629628,30.5,10.404407375189752,17.870370370372257,6.096085681274542,,,29.651999999999997,31.600106666665347,30.5,30.5,10.404407375189752,detector_event_depth,27.0,11865135.0,27.0,7237.500000000764,trade_recovered_3s,0.5,,0.5,
aggregated-tick-v1,AUTO_INFERRED_V1,validated,AG2606|22:00:04.500,20260128,22:00:04.500,,AG,AG2606,3604500,7208,7208,3604500,visible_execution_drop,29088.5,2.9652,5,"AG2604,AG2605,AG2608,AG2602,AG2610",20,533,290.0,29051.0,29083.138888888887,37.5,12.891692593292882,5.361111111113132,1.8430345707455291,,,34.1172,29.508533333360884,35.5,37.5,12.891692593292882,detector_event_depth,72.0,31409790.0,72.0,5790.000000002183,trade_recovered_3s,0.5,,0.5,
aggregated-tick-v1,AUTO_INFERRED_V1,validated,AG2606|22:11:46.000,20260128,22:11:46.000,,AG,AG2606,4306000,8611,8611,4306500,"visible_execution_drop,interval_execution_drop",28663.0,5.1891,5,"AG2604,AG2605,AG2608,AG2602,AG2610",20,500,290.0,28600.0,28630.850340136058,63.0,21.979555524543837,32.149659863946,11.21643228690158,,,48.4432,36.440899465221875,61.375,63.0,21.979555524543837,detector_event_depth,147.0,63131025.0,355.0,70890.00000000093,trade_recovered_3s,0.5,2.0,1.0,
aggregated-tick-v1,AUTO_INFERRED_V1,validated,AG2606|22:12:26.000,20260128,22:12:26.000,,AG,AG2606,4346000,8691,8691,4346000,visible_execution_drop,28352.5,8.8956,5,"AG2604,AG2605,AG2608,AG2602,AG2610",20,484,290.0,28304.0,28330.69318181818,48.5,17.10607530200159,21.806818181819835,7.691321111654999,,,47.9432,38.50566666667325,48.5,48.5,17.10607530200159,detector_event_depth,88.0,37396515.0,88.0,28785.000000002183,trade_recovered_3s,0.5,,0.5,
aggregated-tick-v1,AUTO_INFERRED_V1,validated,AG2606|22:51:40.500,20260128,22:51:40.500,22:51:41.500,AG,AG2606,6700500,13400,13400,6700500,"visible_execution_drop,interval_execution_drop",27917.5,4.8184499999999995,4,"AG2604,AG2605,AG2602,AG2610",20,443,290.0,27800.0,27843.91911764706,117.5,42.08829587176503,73.58088235294053,26.356544229583783,27855.852791878173,61.647208121827134,60.3388,50.08243636360403,111.811735261399,117.5,42.08829587176503,detector_event_depth,272.0,113603190.0,272.0,300209.9999999974,trade_recovered_3s,0.5,1.5,0.5,
aggregated-tick-v1,AUTO_INFERRED_V1,validated,AG2606|00:30:40.500,20260128,00:30:40.500,00:30:41.500,AG,AG2606,12640500,25277,25277,12640500,visible_execution_drop,28051.0,2.2239,5,"AG2604,AG2605,AG2608,AG2602,AG2610",20,482,290.0,28005.0,28018.95238095238,46.0,16.3987023635521,32.047619047618355,11.42476883092166,28027.473684210527,23.5263157894733,36.5824,31.511358041943858,44.75,46.0,16.3987023635521,detector_event_depth,21.0,8825970.0,21.0,10094.999999999782,trade_recovered_3s,0.5,,0.5,
aggregated-tick-v1,AUTO_INFERRED_V1,validated,AG2606|01:09:20.000,20260128,01:09:20.000,01:09:21.000,AG,AG2606,14960000,29912,29912,14960000,interval_execution_drop,27584.625,9.26625,4,"AG2604,AG2608,AG2602,AG2610",20,469,290.0,27589.0,27521.16167664671,-4.375,-1.586028448818862,63.463323353291344,23.006774010265264,27523.427835051545,61.19716494845488,50.8736,43.13306666665349,56.088323353291344,61.19716494845488,22.185244478927984,detector_event_depth,167.0,68940510.0,167.0,158975.62499999482,trade_recovered_3s,,1.5,0.5,
aggregated-tick-v1,AUTO_INFERRED_V1,validated,AG2607|09:17:30.500,20260128,09:17:30.500,,AG,AG2607,44250500,41355,41355,44250500,visible_execution_drop,28804.5,4.4478,5,"AG2604,AG2606,AG2605,AG2608,AG2602",20,105,290.0,28682.0,28749.590909090908,122.5,42.52807721015814,54.9090909090919,19.06267802221594,,,74.59519999999999,77.0604,122.5,122.5,42.52807721015814,detector_event_depth,22.0,9487365.0,22.0,18120.000000000327,trade_recovered_3s,3.0,,0.5,
aggregated-tick-v1,AUTO_INFERRED_V1,validated,AG2608|00:39:18.000,20260128,00:39:18.000,,AG,AG2608,13158000,26268,26268,13158000,visible_execution_drop,27897.0,2.9652,5,"AG2604,AG2606,AG2605,AG2602,AG2610",20,322,290.0,27838.0,27859.933333333334,59.0,21.14922751550346,37.0666666666657,13.286972314824425,,,53.3736,47.91007999998956,53.5,59.0,21.14922751550346,detector_event_depth,15.0,6268485.0,15.0,8339.999999999782,trade_recovered_3s,0.5,,0.5,
aggregated-tick-v1,AUTO_INFERRED_V1,validated,AG2608|01:07:55.500,20260128,01:07:55.500,,AG,AG2608,14875500,29655,29655,14875500,visible_execution_drop,27587.5,2.2239,5,"AG2604,AG2606,AG2605,AG2602,AG2610",20,309,290.0,27523.0,27565.07692307693,64.5,23.38015405527866,22.423076923074404,8.127984385346409,,,53.8736,50.6584,64.5,64.5,23.38015405527866,detector_event_depth,26.0,10750380.0,26.0,8744.999999999018,trade_recovered_3s,0.5,,0.5,
aggregated-tick-v1,AUTO_INFERRED_V1,validated,AG2608|10:06:21.500,20260128,10:06:21.500,,AG,AG2608,47181500,47419,47419,47181500,visible_execution_drop,28778.5,4.4478,5,"AG2604,AG2606,AG2605,AG2602,AG2610",20,371,290.0,28723.0,28754.277777777777,55.5,19.285230293448233,24.222222222222623,8.4167771851287,,,34.5824,32.04080000003698,50.0,55.5,19.285230293448233,detector_event_depth,18.0,7763655.0,18.0,6540.000000000109,trade_recovered_3s,0.5,,1.0,
aggregated-tick-v1,AUTO_INFERRED_V1,validated,AG2608|10:50:13.000,20260128,10:50:13.000,,AG,AG2608,49813000,50839,50839,49813000,visible_execution_drop,28940.5,3.7065,4,"AG2604,AG2606,AG2605,AG2602",20,336,290.0,28910.0,28929.1,30.5,10.53886422141981,11.400000000001455,3.939116463088563,,,22.2216,22.2216,25.0,30.5,10.53886422141981,detector_event_depth,20.0,8678730.0,20.0,3420.000000000437,trade_recovered_3s,0.5,,0.5,
aggregated-tick-v1,AUTO_INFERRED_V1,validated,AG2608|14:26:04.000,20260128,14:26:04.000,,AG,AG2608,62764000,62256,62256,62764000,visible_execution_drop,28985.25,3.7065,4,"AG2604,AG2606,AG2602,AG2610",20,402,290.0,28929.0,28961.043478260868,56.25,19.406422231997308,24.20652173913186,8.351324118002038,,,29.651999999999997,30.29503999999064,52.13333333333321,56.25,19.406422231997308,detector_event_depth,23.0,9991560.0,23.0,8351.250000000491,trade_recovered_3s,0.5,,0.5,
aggregated-tick-v1,AUTO_INFERRED_V1,validated,AG2610|22:00:13.500,20260128,22:00:13.500,22:00:14.500,AG,AG2610,3613500,7218,7218,3613500,visible_execution_drop,29071.5,9.6369,3,"AG2604,AG2605,AG2602",20,160,290.0,29000.0,29000.0,71.5,24.59453416576372,71.5,24.59453416576372,29049.74418604651,21.75581395348854,64.7344,59.16124444443924,63.5,71.5,24.59453416576372,detector_event_depth,11.0,4785000.0,11.0,11797.5,trade_recovered_3s,0.5,,0.5,
aggregated-tick-v1,AUTO_INFERRED_V1,validated,AL2608|11:20:56.500,20260128,11:20:56.500,,AL,AL2608,51656500,28445,28445,51656500,visible_execution_drop,25415.0,0.7413,5,"AL2603,AL2604,AL2605,AL2602,AL2606",20,157,290.0,25250.0,25326.5,33.0,64.9222899862286,17.7,34.82195553806807,,,20.0,20.0,33.0,33.0,64.9222899862286,detector_event_depth,40.0,5065300.0,40.0,17700.0,trade_recovered_3s,1.5,,0.5,
aggregated-tick-v1,AUTO_INFERRED_V1,validated,IM2602|14:59:29.600,20260128,14:59:29.600,,IM,IM2602,64769600,26143,26143,64769600,visible_execution_drop,8408.899999999998,1.4825999999784252,3,"IM2603,IM2606,IM2609",20,381,290.0,8400.0,8404.32,44.499999999989086,10.584024069733044,22.89999999999054,5.446610139254967,,,31.08240000002339,31.08240000012217,38.1304347825926,44.499999999989086,10.584024069733044,detector_event_depth,20.0,33617280.0,20.0,18319.999999992433,trade_recovered_3s,0.5,,0.5,
aggregated-tick-v1,AUTO_INFERRED_V1,validated,LC2609|14:58:14.181,20260128,14:58:14.181,,LC,LC2609,64694181,17965,17965,64695241,visible_execution_drop,166920.0,7.412999999999999,3,"LC2605,LC2607,LC2604",20,105,287.661,165260.0,165853.91812865497,83.0,99.44883776659478,53.3040935672514,63.86783317427678,,,59.8388,62.553999999999995,83.0,83.0,99.44883776659478,detector_event_depth,171.0,28361020.0,172.0,182299.9999999998,trade_recovered_3s,1.06,,0.539,
aggregated-tick-v1,AUTO_INFERRED_V1,validated,NI2602|09:55:03.000,20260128,09:55:03.000,,NI,NI2602,46503000,35253,35253,46503000,visible_execution_drop,142485.0,1.4826,4,"NI2605,NI2604,NI2606,NI2609",20,482,290.0,142240.0,142368.9516129032,24.5,17.19479243429133,11.604838709678734,8.144603789647144,,,20.0,20.0,20.5,24.5,17.19479243429133,detector_event_depth,124.0,17653750.0,124.0,14390.00000000163,trade_recovered_3s,0.5,,0.5,
aggregated-tick-v1,AUTO_INFERRED_V1,validated,NI2603|22:13:05.000,20260128,22:13:05.000,,NI,NI2603,4385000,8770,8770,4385000,visible_execution_drop,145935.0,4.447799999999999,5,"NI2602,NI2605,NI2604,NI2606,NI2609",20,575,290.0,145700.0,145824.65465465465,23.5,16.10305958132045,11.034534534535489,7.56126668347928,,,20.0,20.0,23.5,23.5,16.10305958132045,detector_event_depth,333.0,48559610.0,333.0,36745.00000000317,trade_recovered_3s,0.5,,0.5,
aggregated-tick-v1,AUTO_INFERRED_V1,validated,NI2603|22:19:29.500,20260128,22:19:29.500,,NI,NI2603,4769500,9539,9539,4769500,visible_execution_drop,145245.0,0.37065,4,"NI2602,NI2605,NI2604,NI2609",20,581,290.0,145000.0,145095.73033707865,24.5,16.86805053530242,14.926966292134605,10.277094765489071,,,20.0,20.0,21.10975609756133,24.5,16.86805053530242,detector_event_depth,267.0,38740560.0,267.0,39854.99999999939,trade_recovered_3s,0.5,,0.5,
aggregated-tick-v1,AUTO_INFERRED_V1,validated,NI2603|23:10:14.500,20260128,23:10:14.500,,NI,NI2603,7814500,15629,15629,7814500,visible_execution_drop,143275.0,9.6369,3,"NI2605,NI2606,NI2609",20,561,290.0,143050.0,143104.03225806452,22.5,15.70406560809632,17.09677419354848,11.932838383213038,,,20.0,20.0,18.031565656565363,22.5,15.70406560809632,detector_event_depth,62.0,8872450.0,62.0,10600.000000000058,trade_recovered_3s,0.5,,0.5,
aggregated-tick-v1,AUTO_INFERRED_V1,validated,NI2603|23:10:37.500,20260128,23:10:37.500,23:10:38.500,NI,NI2603,7837500,15675,15675,7837500,interval_execution_drop,143045.0,1.4826,3,"NI2602,NI2606,NI2609",20,558,290.0,142850.0,142670.88974854932,19.5,13.632073822922855,37.41102514506783,26.153325977886563,142676.99235344096,36.80076465590391,20.0,20.0,36.85256743362406,36.80076465590391,25.726704642527817,detector_event_depth,517.0,73760850.0,517.0,193415.0000000007,trade_recovered_3s,,2.0,1.0,
aggregated-tick-v1,AUTO_INFERRED_V1,validated,NI2603|09:31:40.000,20260128,09:31:40.000,,NI,NI2603,45100000,32552,32552,45100000,visible_execution_drop,143387.5,1.4826,4,"NI2602,NI2605,NI2604,NI2606",20,555,290.0,143170.0,143275.7894736842,21.75,15.16868625228838,11.17105263157864,7.790813447182384,,,20.0,20.0,19.875,21.75,15.16868625228838,detector_event_depth,57.0,8166720.0,57.0,6367.499999999825,trade_recovered_3s,0.5,,0.5,
aggregated-tick-v1,AUTO_INFERRED_V1,validated,NI2604|09:22:36.000,20260128,09:22:36.000,,NI,NI2604,44556000,29923,29923,44556000,visible_execution_drop,144075.0,1.4826,3,"NI2602,NI2605,NI2606",20,324,290.0,143850.0,143897.6,22.5,15.616866215512754,17.73999999999942,12.313031407252762,,,20.0,20.0,22.0,22.5,15.616866215512754,detector_event_depth,50.0,7194880.0,50.0,8869.999999999709,trade_recovered_3s,1.0,,0.5,
aggregated-tick-v1,AUTO_INFERRED_V1,validated,NI2604|09:32:59.500,20260128,09:32:59.500,09:33:00.500,NI,NI2604,45179500,31163,31163,45180000,"visible_execution_drop,interval_execution_drop",143540.0,0.7413,5,"NI2603,NI2602,NI2605,NI2606,NI2609",20,277,290.0,143230.0,143325.88235294115,31.0,21.59676745158144,21.41176470588253,14.91693235744916,143315.7723577236,22.422764227641164,20.0,20.0,31.0,31.0,21.59676745158144,detector_event_depth,51.0,7309620.0,109.0,10920.000000000087,trade_recovered_3s,1.0,2.0,0.5,
aggregated-tick-v1,AUTO_INFERRED_V1,validated,NI2604|09:33:17.000,20260128,09:33:17.000,,NI,NI2604,45197000,31198,31198,45197000,visible_execution_drop,143300.0,6.6716999999999995,5,"NI2603,NI2602,NI2605,NI2606,NI2609",20,286,290.0,143020.0,143139.72972972973,28.0,19.539427773900908,16.027027027026634,11.184247750890885,,,21.6314,20.0,13.916666666667153,28.0,19.539427773900908,detector_event_depth,74.0,10592340.0,74.0,11859.999999999707,trade_recovered_3s,0.5,,0.5,
aggregated-tick-v1,AUTO_INFERRED_V1,validated,NI2605|09:19:36.500,20260128,09:19:36.500,,NI,NI2605,44376500,30472,30472,44384000,visible_execution_drop,144480.0,2.9652,5,"NI2603,NI2602,NI2604,NI2606,NI2609",20,503,290.0,144190.0,144332.74509803922,29.0,20.071982281284605,14.725490196078317,10.192061320652211,,,20.0,20.0,26.5,29.0,20.071982281284605,detector_event_depth,51.0,7360970.0,630.0,7509.999999999942,trade_recovered_3s,0.5,,0.5,
aggregated-tick-v1,AUTO_INFERRED_V1,validated,NI2605|09:21:43.500,20260128,09:21:43.500,,NI,NI2605,44503500,30726,30726,44503500,visible_execution_drop,144420.0,0.7413,5,"NI2603,NI2602,NI2604,NI2606,NI2609",20,525,290.0,144220.0,144289.43396226416,20.0,13.848497438027977,13.056603773584357,9.040717195391467,,,20.0,20.0,20.0,20.0,13.848497438027977,detector_event_depth,53.0,7647340.0,53.0,6919.999999999709,trade_recovered_3s,0.5,,0.5,
aggregated-tick-v1,AUTO_INFERRED_V1,validated,NI2605|09:21:53.000,20260128,09:21:53.000,,NI,NI2605,44513000,30745,30745,44513000,visible_execution_drop,144460.0,0.0,5,"NI2603,NI2602,NI2604,NI2606,NI2609",20,520,290.0,144240.0,144295.49019607843,22.0,15.229129170704695,16.450980392156634,11.387913880767432,,,20.0,20.0,21.25,22.0,15.229129170704695,detector_event_depth,51.0,7359070.0,51.0,8389.999999999884,trade_recovered_3s,0.5,,0.5,
aggregated-tick-v1,AUTO_INFERRED_V1,validated,NI2605|09:27:28.500,20260128,09:27:28.500,09:27:29.500,NI,NI2605,44848500,31416,31416,44850000,visible_execution_drop,144405.0,1.4826,5,"NI2603,NI2602,NI2604,NI2606,NI2609",20,470,290.0,144100.0,144205.0,30.5,21.121152314670542,20.0,13.84993594404626,144223.39285714287,18.16071428571304,20.0,20.0,30.5,30.5,21.121152314670542,detector_event_depth,50.0,7210250.0,185.0,10000.0,trade_recovered_3s,0.5,,0.5,
aggregated-tick-v1,AUTO_INFERRED_V1,validated,SN2602|21:47:48.500,20260128,21:47:48.500,,SN,SN2602,2868500,5726,5726,2868500,visible_execution_drop,456020.0,3.7065,5,"SN2603,SN2604,SN2605,SN2606,SN2607",20,253,290.0,455010.0,455032.5,101.0,22.14815139686856,98.75,21.654751984562083,,,77.59519999999999,72.1648,94.5,101.0,22.14815139686856,detector_event_depth,4.0,1820130.0,4.0,3950.0,trade_recovered_3s,1.0,,0.5,
aggregated-tick-v1,AUTO_INFERRED_V1,validated,SN2602|09:10:31.500,20260128,09:10:31.500,,SN,SN2602,43831500,29791,29791,43831500,visible_execution_drop,440135.0,8.895599999999998,5,"SN2603,SN2604,SN2605,SN2606,SN2607",20,155,290.0,439030.0,439591.25,110.5,25.105933406795643,54.375,12.35416406329876,,,97.032,91.1016,96.5,110.5,25.105933406795643,detector_event_depth,8.0,3516730.0,8.0,4350.0,trade_recovered_3s,1.0,,0.5,
aggregated-tick-v1,AUTO_INFERRED_V1,validated,SN2603|22:05:57.500,20260128,22:05:57.500,22:05:58.500,SN,SN2603,3957500,7915,7915,3957500,interval_execution_drop,454980.0,6.6716999999999995,4,"SN2604,SN2602,SN2606,SN2607",20,495,290.0,454900.0,454627.265625,8.0,1.7583190469910766,35.2734375,7.752744626137412,454435.3872053872,54.46127946127672,41.0128,32.755085714303775,24.082648026314565,54.46127946127672,11.970038125033346,detector_event_depth,128.0,58192290.0,128.0,45150.0,trade_recovered_3s,,2.0,0.5,
aggregated-tick-v1,AUTO_INFERRED_V1,validated,SN2603|22:06:03.500,20260128,22:06:03.500,,SN,SN2603,3963500,7927,7927,3963500,visible_execution_drop,452995.0,9.6369,4,"SN2604,SN2605,SN2602,SN2606",20,495,290.0,452500.0,452808.64864864864,49.5,10.927272927957262,18.63513513513608,4.113761771131266,,,41.0128,33.438933333308384,37.125,49.5,10.927272927957262,detector_event_depth,74.0,33507840.0,74.0,13790.000000000698,trade_recovered_3s,0.5,,0.5,
aggregated-tick-v1,AUTO_INFERRED_V1,validated,SN2603|22:06:21.000,20260128,22:06:21.000,22:06:22.000,SN,SN2603,3981000,7962,7962,3981000,"visible_execution_drop,interval_execution_drop",450040.0,1.4826,3,"SN2604,SN2605,SN2606",20,482,290.0,449480.0,449310.4545454546,56.0,12.443338369922676,72.95454545454704,16.210680262764875,449253.4439834025,78.65560165974894,44.227999999999994,34.06411111110279,34.329545454547045,78.65560165974894,17.477469038251918,detector_event_depth,44.0,19769660.0,44.0,32100.0000000007,trade_recovered_3s,0.5,2.0,1.5,
aggregated-tick-v1,AUTO_INFERRED_V1,validated,SN2603|22:37:53.000,20260128,22:37:53.000,,SN,SN2603,5873000,11746,11746,5873000,visible_execution_drop,443695.0,7.78365,4,"SN2604,SN2605,SN2606,SN2607",20,354,290.0,442820.0,443225.0,87.5,19.72075412163761,47.0,10.592862213908202,,,64.19959999999999,54.78736000001479,87.5,87.5,19.72075412163761,detector_event_depth,54.0,23934150.0,54.0,25380.0,trade_recovered_3s,0.5,,0.5,
aggregated-tick-v1,AUTO_INFERRED_V1,validated,SN2603|22:59:42.000,20260128,22:59:42.000,22:59:43.000,SN,SN2603,7182000,14364,14364,7182000,interval_execution_drop,438635.0,4.447799999999999,3,"SN2604,SN2605,SN2606",20,396,290.0,438280.0,438042.8985507246,35.5,8.093289409189873,59.210144927538934,13.498727855173192,438060.3501945525,57.464980544749416,67.7344,56.38971692307804,52.411608342174446,57.464980544749416,13.100865308228803,detector_event_depth,138.0,60449920.0,138.0,81710.00000000373,trade_recovered_3s,,1.5,0.5,
aggregated-tick-v1,AUTO_INFERRED_V1,validated,SN2603|23:01:02.500,20260128,23:01:02.500,,SN,SN2603,7262500,14525,14525,7262500,visible_execution_drop,437740.0,5.9304,5,"SN2604,SN2605,SN2602,SN2606,SN2607",20,378,290.0,437000.0,437218.275862069,74.0,16.905012107643806,52.17241379310144,11.918584957532198,,,72.6648,56.05134666666569,46.577586206895646,74.0,16.905012107643806,detector_event_depth,58.0,25358660.0,58.0,30259.999999998836,trade_recovered_3s,0.5,,1.5,
aggregated-tick-v1,AUTO_INFERRED_V1,validated,SN2603|23:01:14.000,20260128,23:01:14.000,23:01:15.000,SN,SN2603,7274000,14548,14548,7274000,"visible_execution_drop,interval_execution_drop",435965.0,8.1543,3,"SN2605,SN2606,SN2607",20,379,290.0,435000.0,435221.1666666667,96.5,22.134804399435737,74.3833333333314,17.061767190790864,435097.40566037735,86.75943396226504,73.1648,59.15842424243957,73.25,96.5,22.134804399435737,detector_event_depth,60.0,26113270.0,60.0,44629.99999999883,trade_recovered_3s,0.5,1.5,0.5,
aggregated-tick-v1,AUTO_INFERRED_V1,validated,SN2603|23:23:19.000,20260128,23:23:19.000,23:23:20.000,SN,SN2603,8599000,17198,17198,8599000,"visible_execution_drop,interval_execution_drop",433830.0,9.6369,5,"SN2604,SN2605,SN2602,SN2606,SN2607",20,417,290.0,433000.0,433317.2340425532,83.0,19.131918032409008,51.27659574468271,11.81951357552099,433214.39024390245,61.56097560975468,58.303999999999995,48.53919999997699,77.05,83.0,19.131918032409008,detector_event_depth,47.0,20365910.0,47.0,24100.000000000873,trade_recovered_3s,0.5,1.5,0.5,
aggregated-tick-v1,AUTO_INFERRED_V1,validated,SN2603|23:34:51.000,20260128,23:34:51.000,,SN,SN2603,9291000,18582,18582,9291000,visible_execution_drop,437315.0,2.9652,5,"SN2604,SN2605,SN2602,SN2606,SN2607",20,445,290.0,436510.0,437012.38095238095,80.5,18.407783862890593,30.261904761905317,6.919932945795437,,,68.44959999999999,53.8736,80.5,80.5,18.407783862890593,detector_event_depth,42.0,18354520.0,42.0,12710.000000000233,trade_recovered_3s,0.5,,1.0,
aggregated-tick-v1,AUTO_INFERRED_V1,validated,SN2603|09:30:03.500,20260128,09:30:03.500,,SN,SN2603,45003500,32396,32396,45003500,visible_execution_drop,442282.5,5.559749999999999,5,"SN2604,SN2605,SN2602,SN2606,SN2607",20,385,290.0,441740.0,442133.3333333333,54.25,12.26591601521652,14.916666666668608,3.3726558628633523,,,51.9084,42.16976,54.25,54.25,12.26591601521652,detector_event_depth,15.0,6632000.0,15.0,2237.500000000291,trade_recovered_3s,0.5,,0.5,
aggregated-tick-v1,AUTO_INFERRED_V1,validated,SN2603|09:51:31.500,20260128,09:51:31.500,,SN,SN2603,46291500,34969,34969,46291500,visible_execution_drop,439525.0,4.07715,4,"SN2604,SN2605,SN2602,SN2607",20,403,290.0,439000.0,439209.1304347826,52.5,11.94471304248905,31.58695652174065,7.18661202929086,,,41.5128,35.5824,52.5,52.5,11.94471304248905,detector_event_depth,23.0,10101810.0,23.0,7265.000000000349,trade_recovered_3s,0.5,,0.5,
aggregated-tick-v1,AUTO_INFERRED_V1,validated,SN2603|09:51:36.000,20260128,09:51:36.000,,SN,SN2603,46296000,34978,34978,46296000,visible_execution_drop,438935.0,5.9304,5,"SN2604,SN2605,SN2602,SN2606,SN2607",20,399,290.0,438490.0,438800.7692307693,44.5,10.13817535626004,13.423076923075133,3.0581012958809692,,,41.5128,35.5824,44.5,44.5,10.13817535626004,detector_event_depth,13.0,5704410.0,13.0,1744.9999999997672,trade_recovered_3s,0.5,,0.5,
aggregated-tick-v1,AUTO_INFERRED_V1,validated,SN2603|10:34:55.500,20260128,10:34:55.500,10:34:56.500,SN,SN2603,48895500,38376,38376,48895500,interval_execution_drop,438765.0,2.9652,5,"SN2604,SN2605,SN2602,SN2606,SN2607",20,325,285.0,438710.0,438298.51851851854,5.5,1.2535183982313995,46.64814814814599,10.631693081295452,438064.0983606557,70.09016393442872,60.803999999999995,43.5128,46.64814814814599,70.09016393442872,15.97442000488387,detector_event_depth,27.0,11834060.0,27.0,12594.999999999418,trade_recovered_3s,,2.0,0.5,
aggregated-tick-v1,AUTO_INFERRED_V1,validated,SN2603|10:35:04.000,20260128,10:35:04.000,10:35:05.000,SN,SN2603,48904000,38393,38393,48904000,interval_execution_drop,437865.0,9.26625,4,"SN2604,SN2605,SN2602,SN2606",20,338,290.0,437300.0,437362.4,56.5,12.903520491475682,50.259999999997675,11.478423715071465,437372.3529411765,49.26470588235534,57.5888,43.5128,44.804354838706786,49.26470588235534,11.251117555035304,detector_event_depth,25.0,10934060.0,25.0,12564.999999999418,trade_recovered_3s,,1.5,0.5,
aggregated-tick-v1,AUTO_INFERRED_V1,validated,SN2603|10:38:10.500,20260128,10:38:10.500,,SN,SN2603,49090500,38766,38766,49090500,visible_execution_drop,441112.5,4.07715,5,"SN2604,SN2605,SN2602,SN2606,SN2607",20,353,290.0,440180.0,440611.90476190473,93.25,21.1397319277962,50.05952380952658,11.348470925110169,,,79.09519999999999,62.45906666664559,82.45258620689565,93.25,21.1397319277962,detector_event_depth,21.0,9252850.0,21.0,10512.500000000582,trade_recovered_3s,0.5,,0.5,
aggregated-tick-v1,AUTO_INFERRED_V1,validated,SN2603|14:26:14.000,20260128,14:26:14.000,14:26:15.000,SN,SN2603,62774000,51723,51723,62774000,"visible_execution_drop,interval_execution_drop",441350.0,4.07715,5,"SN2604,SN2605,SN2602,SN2606,SN2607",20,424,290.0,440180.0,440636.724137931,117.0,26.50957290132548,71.32758620689856,16.161229456644058,440635.3658536585,71.4634146341472,79.59519999999999,53.97777263155508,100.046875,117.0,26.50957290132548,detector_event_depth,58.0,25556930.0,58.0,41370.00000000117,trade_recovered_3s,0.5,1.5,0.5,
aggregated-tick-v1,AUTO_INFERRED_V1,validated,SN2604|21:58:54.000,20260128,21:58:54.000,21:58:55.000,SN,SN2604,3534000,7067,7067,3534000,interval_execution_drop,458465.0,3.7065,5,"SN2603,SN2605,SN2602,SN2606,SN2607",20,247,290.0,457830.0,457582.6,63.5,13.850566564514194,88.24000000000233,19.246834545712833,457718.6301369863,74.63698630136787,66.5192,66.5192,83.24000000000233,74.63698630136787,16.279756644753224,detector_event_depth,50.0,22879130.0,50.0,44120.00000000117,trade_recovered_3s,,1.5,0.5,
aggregated-tick-v1,AUTO_INFERRED_V1,validated,SN2604|22:06:00.500,20260128,22:06:00.500,22:06:01.500,SN,SN2604,3960500,7920,7920,3960500,visible_execution_drop,454112.5,7.042349999999999,4,"SN2603,SN2605,SN2602,SN2606",20,229,290.0,453460.0,453482.7272727273,65.25,14.368686173580336,62.97727272727061,13.86820946951925,453616.2962962963,49.6203703703708,58.303999999999995,52.3736,50.0,65.25,14.368686173580336,detector_event_depth,11.0,4988310.0,11.0,6927.499999999767,trade_recovered_3s,0.5,,0.5,
aggregated-tick-v1,AUTO_INFERRED_V1,validated,SN2604|09:30:51.500,20260128,09:30:51.500,,SN,SN2604,45051500,32440,32440,45051500,visible_execution_drop,441740.0,7.412999999999999,4,"SN2605,SN2602,SN2606,SN2607",20,136,290.0,441090.0,441577.5,65.0,14.714537963507944,16.25,3.6786344908769864,,,64.94959999999999,67.62313333333431,65.0,65.0,14.714537963507944,detector_event_depth,8.0,3532620.0,8.0,1300.0,trade_recovered_3s,0.5,,0.5,
aggregated-tick-v1,AUTO_INFERRED_V1,validated,SN2604|14:03:15.000,20260128,14:03:15.000,,SN,SN2604,61395000,48846,48846,61395500,visible_execution_drop,447317.5,4.81845,4,"SN2603,SN2605,SN2606,SN2607",20,171,290.0,446070.0,446624.8148148148,124.75,27.88846848155952,69.2685185185168,15.485313791326472,,,102.3168,101.8168,124.75,124.75,27.88846848155952,detector_event_depth,27.0,12058870.0,33.0,18702.499999999534,trade_recovered_3s,1.0,,0.5,
aggregated-tick-v1,AUTO_INFERRED_V1,validated,SN2605|22:06:24.500,20260128,22:06:24.500,,SN,SN2605,3984500,7966,7966,3984500,visible_execution_drop,449590.0,5.9304,5,"SN2603,SN2604,SN2602,SN2606,SN2607",20,171,290.0,448710.0,449302.9032258064,88.0,19.573389087835583,28.70967741935747,6.385746439946944,,,79.0256,76.0604,88.0,88.0,19.573389087835583,detector_event_depth,31.0,13928390.0,31.0,8900.000000000815,trade_recovered_3s,0.5,,0.5,
aggregated-tick-v1,AUTO_INFERRED_V1,validated,SN2605|00:31:04.000,20260128,00:31:04.000,,SN,SN2605,12664000,25262,25262,12664000,visible_execution_drop,441295.0,2.9652,5,"SN2603,SN2604,SN2602,SN2606,SN2607",20,100,290.0,440690.0,441092.5,60.5,13.709650007364688,20.25,4.588767151225371,,,50.8388,50.7138,60.5,60.5,13.709650007364688,detector_event_depth,4.0,1764370.0,4.0,810.0,trade_recovered_3s,0.5,,0.5,
aggregated-tick-v1,AUTO_INFERRED_V1,validated,AG2604|22:54:08.500,20260129,22:54:08.500,,AG,AG2604,6848500,13695,13695,6848500,visible_execution_drop,29101.5,2.2239,5,"AG2606,AG2605,AG2608,AG2603,AG2610",20,550,290.0,29053.0,29078.125,48.5,16.665807604419015,23.375,8.032232015531845,,,32.6172,30.902226015032007,37.735294117646845,48.5,16.665807604419015,detector_event_depth,88.0,38383125.0,88.0,30855.0,trade_recovered_3s,0.5,,0.5,
aggregated-tick-v1,AUTO_INFERRED_V1,validated,AG2605|09:33:21.500,20260129,09:33:21.500,09:33:22.500,AG,AG2605,45201500,43348,43348,45201500,"visible_execution_drop,interval_execution_drop",30068.0,8.1543,3,"AG2604,AG2608,AG2603",20,178,290.0,30019.0,30016.533333333333,49.0,16.29639483836637,51.46666666666715,17.11675757172647,30017.52,50.47999999999956,33.0824,35.22586666665887,35.7649621212131,50.47999999999956,16.788612478382188,detector_event_depth,15.0,6753720.0,15.0,11580.00000000011,trade_recovered_10s,4.5,2.5,5.5,
aggregated-tick-v1,AUTO_INFERRED_V1,validated,AG2605|13:49:19.500,20260129,13:49:19.500,13:49:20.500,AG,AG2605,60559500,57808,57808,60559500,"visible_execution_drop,interval_execution_drop",30133.0,0.7413,3,"AG2604,AG2608,AG2603",20,144,290.0,30092.0,30091.2,41.0,13.60634520293366,41.79999999999927,13.871834865429689,30091.208333333332,41.79166666666788,33.599799999999995,28.651999999999997,19.299999999999272,41.79166666666788,13.86906934811266,detector_event_depth,10.0,4513680.0,10.0,6269.999999999891,quote_only_recovered_3s,0.5,,2.5,
aggregated-tick-v1,AUTO_INFERRED_V1,validated,AG2606|21:12:02.000,20260129,21:12:02.000,,AG,AG2606,722000,1444,1444,722000,visible_execution_drop,28705.5,3.33585,4,"AG2605,AG2608,AG2603,AG2610",20,525,290.0,28668.0,28691.0,37.5,13.06369859434603,14.5,5.051296789813799,,,31.651999999999997,26.06004210525823,35.3125,37.5,13.06369859434603,detector_event_depth,69.0,29695185.0,69.0,15007.5,trade_recovered_3s,0.5,,1.0,
aggregated-tick-v1,AUTO_INFERRED_V1,validated,AG2606|23:08:02.500,20260129,23:08:02.500,23:08:03.500,AG,AG2606,7682500,15358,15358,7682500,"visible_execution_drop,interval_execution_drop",28859.5,7.412999999999999,3,"AG2605,AG2603,AG2610",20,509,290.0,28825.0,28827.79220779221,34.5,11.954469065645627,31.7077922077915,10.986951335882983,28822.361904761907,37.13809523809323,25.4368,27.16360000001438,26.077441077441108,37.13809523809323,12.8685858168344,detector_event_depth,77.0,33296100.0,77.0,36622.499999999185,trade_recovered_3s,0.5,1.5,0.5,
aggregated-tick-v1,AUTO_INFERRED_V1,validated,AG2606|23:08:34.000,20260129,23:08:34.000,23:08:35.000,AG,AG2606,7714000,15421,15421,7714000,interval_execution_drop,28841.5,4.07715,4,"AG2604,AG2608,AG2603,AG2610",20,476,290.0,28826.0,28810.555555555555,15.5,5.3742003709931865,30.944444444445253,10.729138375065531,28812.53658536585,28.96341463414865,29.151999999999997,26.592963265313283,25.596868927754254,28.96341463414865,10.04227055948846,detector_event_depth,18.0,7778850.0,18.0,8355.000000000218,trade_recovered_3s,,1.5,0.5,
aggregated-tick-v1,AUTO_INFERRED_V1,validated,AG2606|13:48:30.500,20260129,13:48:30.500,13:48:31.500,AG,AG2606,60510000,57799,57799,60510500,"visible_execution_drop,interval_execution_drop",29938.0,8.1543,5,"AG2604,AG2605,AG2608,AG2603,AG2610",20,229,290.0,29900.0,29899.975609756097,38.0,12.69289865722493,38.024390243903326,12.701045575490456,29900.038834951454,37.96116504854217,33.5824,30.617199999999997,23.524390243903326,38.0,12.69289865722493,detector_event_depth,41.0,18388485.0,54.0,23385.000000000546,trade_recovered_3s,0.5,1.5,0.5,
aggregated-tick-v1,AUTO_INFERRED_V1,validated,AG2608|21:12:03.000,20260129,21:12:03.000,,AG,AG2608,723000,1446,1446,723000,visible_execution_drop,28673.0,7.412999999999999,3,"AG2606,AG2605,AG2603",20,471,290.0,28639.0,28643.625,34.0,11.857845359746102,29.375,10.244829630662997,,,32.8672,30.151999999999997,34.0,34.0,11.857845359746102,detector_event_depth,8.0,3437235.0,8.0,3525.0,trade_recovered_3s,0.5,,0.5,
aggregated-tick-v1,AUTO_INFERRED_V1,validated,AG2610|09:30:47.500,20260129,09:30:47.500,,AG,AG2610,45047500,42851,42851,45047500,visible_execution_drop,29522.0,6.6716999999999995,3,"AG2606,AG2608,AG2603",20,162,290.0,29467.0,29467.0,55.0,18.630174107445296,55.0,18.630174107445296,,,49.9432,49.9432,48.0,55.0,18.630174107445296,detector_event_depth,1.0,442005.0,1.0,825.0,trade_recovered_3s,1.5,,0.5,
aggregated-tick-v1,AUTO_INFERRED_V1,validated,AO2602|21:07:37.500,20260129,21:07:37.500,21:07:38.500,AO,AO2602,457500,769,769,461000,"visible_execution_drop,interval_execution_drop",2643.5,0.0,5,"AO2605,AO2603,AO2609,AO2606,AO2604",20,184,290.0,2620.0,2622.2594142259413,23.5,88.89729525250614,21.240585774058673,80.35023935713514,2622.5741626794256,20.925837320574377,20.0,20.0,20.0,23.5,88.89729525250614,detector_event_depth,239.0,12534400.0,765.0,101530.00000000044,trade_recovered_3s,0.5,1.5,0.5,
aggregated-tick-v1,AUTO_INFERRED_V1,validated,CU2602|11:28:30.500,20260129,11:28:30.500,11:28:31.500,CU,CU2602,52110500,32699,32699,52110500,visible_execution_drop,108025.0,5.1891,5,"CU2603,CU2604,CU2605,CU2606,CU2609",20,309,290.0,107340.0,107759.0,68.5,63.41124739643601,26.6,24.623929645915297,107891.20689655172,13.379310344827536,28.151999999999997,24.9368,67.0,68.5,63.41124739643601,detector_event_depth,20.0,10775900.0,20.0,26600.0,trade_recovered_3s,0.5,,0.5,
aggregated-tick-v1,AUTO_INFERRED_V1,validated,IC2602|14:27:46.500,20260129,14:27:46.500,,IC,IC2602,62866500,22634,22634,62867000,visible_execution_drop,8577.3,4.447799999989212,3,"IC2603,IC2606,IC2609",20,228,290.0,8562.0,8569.733333333334,76.49999999999636,17.837781119932,37.83333333332848,8.821734889377423,,,57.1963999999137,54.18373333354237,61.74999999999727,76.49999999999636,17.837781119932,detector_event_depth,3.0,5141840.0,4.0,4539.999999999418,trade_recovered_3s,1.5,,0.5,
aggregated-tick-v1,AUTO_INFERRED_V1,validated,IF2603|09:35:56.000,20260129,09:35:56.000,,IF,IF2603,45356000,711,711,45356000,visible_execution_drop,4736.800000000001,4.447800000009439,3,"IF2602,IF2606,IF2609",20,541,290.0,4730.4,4733.756,32.000000000007276,13.511231210947166,15.220000000003893,6.426279344706929,,,25.22159999987601,21.61752941173838,32.000000000007276,32.000000000007276,13.511231210947166,detector_event_depth,50.0,71006340.0,50.0,45660.00000001168,trade_recovered_3s,0.5,,0.5,
aggregated-tick-v1,AUTO_INFERRED_V1,validated,IF2606|14:19:12.000,20260129,14:19:12.000,,IF,IF2606,62352000,17754,17754,62352000,visible_execution_drop,4754.5,1.4826000000053934,3,"IF2603,IF2602,IF2609",20,164,290.0,4746.2,4750.79,41.50000000000091,17.457145861815505,18.550000000000185,7.80313387317286,,,31.15199999997394,31.152000000000907,40.49999999999727,41.50000000000091,17.457145861815505,detector_event_depth,20.0,28504740.0,20.0,22260.00000000022,trade_recovered_3s,1.0,,0.5,
aggregated-tick-v1,AUTO_INFERRED_V1,validated,LC2607|09:11:24.394,20260129,09:11:24.394,,LC,LC2607,43884394,1251,1251,43884394,visible_execution_drop,163090.0,4.07715,5,"LC2605,LC2609,LC2604,LC2603,LC2612",20,178,289.548,162180.0,162181.2962962963,45.5,55.79741247164142,45.43518518518541,55.71792897809234,,,43.4432,44.22351578947095,45.5,45.5,55.79741247164142,detector_event_depth,108.0,17515580.0,108.0,98140.00000000048,trade_recovered_3s,0.498,,0.498,
aggregated-tick-v1,AUTO_INFERRED_V1,validated,NI2602|11:02:41.500,20260129,11:02:41.500,11:02:42.500,NI,NI2602,50561500,40351,40351,50561500,visible_execution_drop,145530.0,1.4826,4,"NI2605,NI2604,NI2606,NI2609",20,418,290.0,145230.0,145326.38095238095,30.0,20.614306328592043,20.361904761905315,13.991551406517774,145354.5652173913,17.543478260870323,20.0,20.0,29.666666666665694,30.0,20.614306328592043,detector_event_depth,105.0,15259270.0,105.0,21380.000000000586,trade_recovered_3s,0.5,,0.5,
aggregated-tick-v1,AUTO_INFERRED_V1,validated,NI2602|14:46:44.500,20260129,14:46:44.500,14:46:45.500,NI,NI2602,64004500,52713,52713,64005000,"visible_execution_drop,interval_execution_drop",146345.0,4.447799999999999,3,"NI2604,NI2606,NI2609",20,344,290.0,146000.0,146106.26666666666,34.5,23.574430284601455,23.87333333333372,16.31305021239791,146101.54362416107,24.345637583892675,20.0,20.0,34.5,34.5,23.574430284601455,detector_event_depth,75.0,10957970.0,135.0,17905.00000000029,trade_recovered_3s,1.0,2.0,1.0,
aggregated-tick-v1,AUTO_INFERRED_V1,validated,NI2604|10:07:19.000,20260129,10:07:19.000,,NI,NI2604,47239000,33821,33821,47239000,visible_execution_drop,144340.0,1.1119499999999998,4,"NI2605,NI2602,NI2606,NI2609",20,226,290.0,144030.0,144074.04494382022,31.0,21.47706803380906,26.595505617978052,18.425596243576315,,,20.0,20.0,31.0,31.0,21.47706803380906,detector_event_depth,89.0,12822590.0,89.0,23670.000000000466,trade_recovered_3s,0.5,,0.5,
aggregated-tick-v1,AUTO_INFERRED_V1,validated,NI2604|13:45:16.000,20260129,13:45:16.000,,NI,NI2604,60316000,43516,43516,60316000,visible_execution_drop,147780.0,0.7413,3,"NI2605,NI2602,NI2606",20,282,290.0,147500.0,147553.2857142857,28.0,18.947083502503723,22.671428571428983,15.341337509425488,,,22.6852,23.613999999999997,26.75,28.0,18.947083502503723,detector_event_depth,70.0,10328730.0,70.0,15870.000000000293,trade_recovered_3s,0.5,,0.5,
aggregated-tick-v1,AUTO_INFERRED_V1,validated,NI2604|14:58:58.500,20260129,14:58:58.500,,NI,NI2604,64738500,52220,52220,64738500,visible_execution_drop,147440.0,1.4826,5,"NI2603,NI2605,NI2602,NI2606,NI2609",20,221,290.0,147190.0,147259.8,25.0,16.956049918610958,18.020000000001165,12.22192078133557,,,20.0,20.0,22.5,25.0,16.956049918610958,detector_event_depth,50.0,7362990.0,50.0,9010.000000000582,trade_recovered_3s,0.5,,0.5,
aggregated-tick-v1,AUTO_INFERRED_V1,validated,NI2605|23:04:57.000,20260129,23:04:57.000,,NI,NI2605,7497000,14870,14870,7497000,visible_execution_drop,145932.5,0.7413,4,"NI2603,NI2602,NI2606,NI2609",20,321,290.0,145700.0,145774.9,23.25,15.932023366967604,15.760000000000582,10.799513473695429,,,20.0,20.0,22.125,23.25,15.932023366967604,detector_event_depth,100.0,14577490.0,100.0,15760.000000000582,trade_recovered_3s,0.5,,0.5,
aggregated-tick-v1,AUTO_INFERRED_V1,validated,SN2602|22:20:19.500,20260129,22:20:19.500,,SN,SN2602,4819500,9617,9617,4820000,visible_execution_drop,446100.0,8.895599999999998,5,"SN2603,SN2604,SN2605,SN2606,SN2607",20,153,290.0,444990.0,445525.0,111.0,24.88231338264963,57.5,12.889486662183366,,,66.44959999999999,63.734399999999994,98.0,111.0,24.88231338264963,detector_event_depth,12.0,5346300.0,17.0,6900.0,trade_recovered_3s,1.0,,0.5,
aggregated-tick-v1,AUTO_INFERRED_V1,validated,SN2603|21:12:03.000,20260129,21:12:03.000,21:12:04.000,SN,SN2603,723000,1446,1446,723000,interval_execution_drop,443215.0,0.7413,3,"SN2604,SN2606,SN2607",20,460,290.0,442960.0,442723.2110091743,25.5,5.753415385309613,49.17889908257057,11.095946455460798,442605.358649789,60.96413502109935,47.9432,35.4186844444304,29.728899082570567,60.96413502109935,13.754980093430808,detector_event_depth,109.0,48256830.0,109.0,53605.00000000192,trade_recovered_3s,,1.5,0.5,
aggregated-tick-v1,AUTO_INFERRED_V1,validated,SN2603|22:59:47.500,20260129,22:59:47.500,,SN,SN2603,7187500,14373,14373,7187500,visible_execution_drop,448395.0,0.7413,5,"SN2604,SN2605,SN2602,SN2606,SN2607",20,516,290.0,448040.0,448258.7878787879,35.5,7.917126640573602,13.621212121209828,3.0377707425840677,,,35.0824,27.160853333322795,34.1666666666657,35.5,7.917126640573602,detector_event_depth,33.0,14792540.0,33.0,4494.999999999243,trade_recovered_3s,0.5,,0.5,
aggregated-tick-v1,AUTO_INFERRED_V1,validated,SN2603|23:08:39.000,20260129,23:08:39.000,23:08:40.000,SN,SN2603,7719000,15436,15436,7719000,visible_execution_drop,443980.0,3.7065,3,"SN2605,SN2606,SN2607",20,467,290.0,443540.0,443590.0,44.0,9.910356322356863,39.0,8.784179467543582,443701.8571428571,27.81428571428405,41.5128,35.5824,40.8472222222219,44.0,9.910356322356863,detector_event_depth,5.0,2217950.0,5.0,1950.0,trade_recovered_3s,0.5,,0.5,
aggregated-tick-v1,AUTO_INFERRED_V1,validated,SN2603|00:33:28.000,20260129,00:33:28.000,,SN,SN2603,12808000,25537,25537,12808000,visible_execution_drop,443567.5,0.37065,3,"SN2605,SN2602,SN2607",20,349,290.0,443220.0,443390.4,34.75,7.834207871406268,17.70999999999767,3.992627954031274,,,29.651999999999997,29.651999999999997,26.48913043478387,34.75,7.834207871406268,detector_event_depth,25.0,11084760.0,25.0,4427.499999999418,trade_recovered_3s,0.5,,0.5,
aggregated-tick-v1,AUTO_INFERRED_V1,validated,SN2603|00:33:43.000,20260129,00:33:43.000,00:33:44.000,SN,SN2603,12823000,25567,25567,12823000,interval_execution_drop,442037.5,5.559749999999999,2,"SN2605,SN2602",20,359,290.0,441750.0,441598.07692307694,28.75,6.503973079207081,43.94230769230635,9.94085517457373,441565.71428571426,47.178571428573925,32.8672,32.8672,29.19230769230635,47.178571428573925,10.672979425631066,detector_event_depth,52.0,22963100.0,52.0,22849.9999999993,trade_recovered_3s,,1.5,0.5,
aggregated-tick-v1,AUTO_INFERRED_V1,validated,SN2603|09:25:30.500,20260129,09:25:30.500,09:25:31.500,SN,SN2603,44730500,31721,31721,44730500,"visible_execution_drop,interval_execution_drop",445530.0,2.59455,5,"SN2604,SN2605,SN2602,SN2606,SN2607",20,491,290.0,444950.0,445178.3333333333,58.0,13.018203039077054,35.166666666668604,7.893220808176466,445156.8965517241,37.310344827588416,35.5824,31.46213333328537,57.0,58.0,13.018203039077054,detector_event_depth,42.0,18697490.0,42.0,14770.000000000817,trade_recovered_3s,1.0,2.0,1.0,
aggregated-tick-v1,AUTO_INFERRED_V1,validated,SN2603|10:02:47.500,20260129,10:02:47.500,,SN,SN2603,46967500,36178,36178,46967500,visible_execution_drop,439565.0,6.6716999999999995,5,"SN2604,SN2605,SN2602,SN2606,SN2607",20,481,290.0,439100.0,439357.3333333333,46.5,10.57864024660744,20.76666666666861,4.7243676513527255,,,42.5128,36.5824,36.94054878048773,46.5,10.57864024660744,detector_event_depth,30.0,13180720.0,30.0,6230.000000000582,trade_recovered_3s,0.5,,1.0,
aggregated-tick-v1,AUTO_INFERRED_V1,validated,SN2603|13:52:40.000,20260129,13:52:40.000,13:52:41.000,SN,SN2603,60760000,47561,47561,60760000,interval_execution_drop,449090.0,2.9652,3,"SN2604,SN2602,SN2606",20,455,290.0,448800.0,448446.95652173914,29.0,6.457502950410831,64.30434782608646,14.318810890041297,448356.33165829146,73.36683417085442,39.0128,29.64901052634849,35.904265363194284,73.36683417085442,16.336777521399814,detector_event_depth,69.0,30942840.0,69.0,44369.99999999965,trade_recovered_3s,,2.0,1.5,
aggregated-tick-v1,AUTO_INFERRED_V1,validated,SN2603|13:53:11.000,20260129,13:53:11.000,13:53:12.000,SN,SN2603,60791000,47623,47623,60791000,visible_execution_drop,449267.5,4.447799999999999,4,"SN2604,SN2605,SN2602,SN2607",20,444,290.0,448800.0,448904.5454545454,46.75,10.405827263267431,36.295454545452955,8.078807068272901,448960.8333333333,30.666666666668608,45.4432,33.3203733333228,31.75,46.75,10.405827263267431,detector_event_depth,11.0,4937950.0,11.0,3992.4999999998254,trade_recovered_3s,0.5,,0.5,
aggregated-tick-v1,AUTO_INFERRED_V1,validated,SN2604|21:12:00.500,20260129,21:12:00.500,,SN,SN2604,720500,1441,1441,720500,visible_execution_drop,444930.0,8.1543,3,"SN2602,SN2606,SN2607",20,282,290.0,443980.0,444386.92307692306,95.0,21.35167329692311,54.30769230769365,12.20589582803894,,,65.2344,56.0888,94.75,95.0,21.35167329692311,detector_event_depth,26.0,11554060.0,26.0,14120.00000000035,trade_recovered_3s,0.5,,0.5,
aggregated-tick-v1,AUTO_INFERRED_V1,validated,SN2604|23:08:04.000,20260129,23:08:04.000,,SN,SN2604,7684000,15358,15358,7684000,visible_execution_drop,446005.0,0.0,3,"SN2603,SN2605,SN2606",20,164,290.0,445360.0,445800.0,64.5,14.461721281151558,20.5,4.596361027342743,,,64.2518,63.5192,55.25,64.5,14.461721281151558,detector_event_depth,9.0,4012200.0,9.0,1845.0,trade_recovered_3s,0.5,,0.5,
aggregated-tick-v1,AUTO_INFERRED_V1,validated,AG2603|13:59:05.500,20260130,13:59:05.500,,AG,AG2603,61145500,57645,57645,61145500,visible_execution_drop,29179.0,5.559749999999999,5,"AG2604,AG2606,AG2605,AG2608,AG2610",20,113,290.0,29000.0,29047.0,179.0,61.34548819356387,132.0,45.23801363994654,,,172.0384,177.9688,138.75,179.0,61.34548819356387,detector_event_depth,3.0,1307115.0,3.0,5940.0,trade_recovered_3s,0.5,,0.5,
aggregated-tick-v1,AUTO_INFERRED_V1,validated,AG2604|01:30:24.500,20260130,01:30:24.500,01:30:25.500,AG,AG2604,16224500,32449,32449,16224500,visible_execution_drop,30408.875,8.710275,4,"AG2606,AG2605,AG2608,AG2603",20,184,290.0,30310.0,30307.058252427185,98.875,32.51517854573706,101.81674757281507,33.48257624552539,30324.0,84.875,87.27489999999999,88.96293333331955,71.67924528301774,98.875,32.51517854573706,detector_event_depth,103.0,46824405.0,103.0,157306.8749999993,trade_recovered_3s,0.5,,0.5,
aggregated-tick-v1,AUTO_INFERRED_V1,validated,AG2605|09:08:07.500,20260130,09:08:07.500,09:08:08.500,AG,AG2605,43687500,40547,40547,43687500,"visible_execution_drop,interval_execution_drop",30096.5,0.0,3,"AG2606,AG2608,AG2610",20,166,290.0,30012.0,30020.4,84.5,28.076354393367996,76.09999999999854,25.28533218148241,30018.54237288136,77.95762711864154,80.52239999999999,73.35359999999281,49.75,84.5,28.076354393367996,detector_event_depth,25.0,11257650.0,25.0,28537.499999999454,quote_only_recovered_3s,1.0,4.0,1.0,
aggregated-tick-v1,AUTO_INFERRED_V1,validated,AG2605|09:08:18.500,20260130,09:08:18.500,09:08:19.500,AG,AG2605,43698500,40569,40569,43698500,"visible_execution_drop,interval_execution_drop",30142.0,0.7413,3,"AG2608,AG2603,AG2610",20,167,290.0,30031.0,30043.764705882353,111.0,36.82569172583107,98.23529411764684,32.59083475470999,30050.5,91.5,79.1648,75.29066666667624,78.4821428571413,111.0,36.82569172583107,detector_event_depth,17.0,7661160.0,17.0,25049.999999999945,trade_recovered_3s,0.5,2.0,3.0,
aggregated-tick-v1,AUTO_INFERRED_V1,validated,AG2606|00:47:27.000,20260130,00:47:27.000,00:47:28.000,AG,AG2606,13647000,27292,27292,13647000,"visible_execution_drop,interval_execution_drop",28959.5,2.9652,3,"AG2605,AG2608,AG2610",20,188,290.0,28896.0,28897.733333333337,63.5,21.92717415701238,61.766666666666424,21.328637119655525,28898.86,60.63999999999942,56.734399999999994,56.734399999999994,63.5,63.5,21.92717415701238,detector_event_depth,15.0,6501990.0,15.0,13897.499999999944,trade_recovered_10s,6.5,7.5,9.0,
aggregated-tick-v1,AUTO_INFERRED_V1,validated,AG2608|01:26:25.500,20260130,01:26:25.500,01:26:26.500,AG,AG2608,15985500,31908,31908,15985500,"visible_execution_drop,interval_execution_drop",29118.0,4.4478,3,"AG2604,AG2606,AG2603",20,176,290.0,29010.0,29039.9375,108.0,37.0904595095817,78.0625,26.80901847654372,29042.826086956524,75.1739130434762,71.44959999999999,73.1822,66.8928571428587,108.0,37.0904595095817,detector_event_depth,16.0,6969585.0,16.0,18735.0,trade_recovered_3s,1.0,2.0,1.0,
aggregated-tick-v1,AUTO_INFERRED_V1,validated,AG2608|01:27:03.500,20260130,01:27:03.500,01:27:04.500,AG,AG2608,16023500,31984,31984,16023500,visible_execution_drop,29148.0,6.30105,4,"AG2604,AG2605,AG2603,AG2610",20,174,290.0,29071.0,29070.166666666668,77.0,26.416906820365032,77.83333333333212,26.702804080325276,29077.0,71.0,74.1648,74.6648,47.25,77.0,26.416906820365032,detector_event_depth,6.0,2616315.0,6.0,7004.999999999891,trade_recovered_3s,1.0,,0.5,
aggregated-tick-v1,AUTO_INFERRED_V1,validated,AL2603|23:17:52.500,20260130,23:17:52.500,23:17:53.500,AL,AL2603,8272500,16545,16545,8272500,interval_execution_drop,24931.25,1.85325,3,"AL2604,AL2602,AL2607",20,579,290.0,24895.0,24785.6240981241,7.25,14.539984958636248,29.125180375180207,58.41099097554316,24809.63796909492,24.322406181015687,20.0,20.0,26.60876790833645,24.322406181015687,48.77895448687026,detector_event_depth,1386.0,171764375.0,1386.0,1009187.4999999942,trade_recovered_3s,,1.5,0.5,
aggregated-tick-v1,AUTO_INFERRED_V1,validated,AL2603|23:17:56.500,20260130,23:17:56.500,,AL,AL2603,8276500,16553,16553,8277000,visible_execution_drop,24735.0,2.9652,3,"AL2604,AL2605,AL2607",20,579,290.0,24555.0,24703.71916508539,36.0,72.77137659187386,6.25616698292215,12.646385653774308,,,20.0,20.0,35.5,36.0,72.77137659187386,detector_event_depth,527.0,65094300.0,1998.0,82424.99999999933,trade_recovered_3s,0.5,,1.0,
aggregated-tick-v1,AUTO_INFERRED_V1,validated,AL2606|23:17:56.000,20260130,23:17:56.000,,AL,AL2606,8275500,16368,16368,8276000,"visible_execution_drop,interval_execution_drop",24952.5,1.4826,3,"AL2604,AL2602,AL2607",20,348,290.0,24765.0,24886.46341463415,37.5,75.14277126540428,13.20731707317027,26.464917489570727,,,20.0,20.0,37.5,37.5,75.14277126540428,detector_event_depth,41.0,5101725.0,147.0,13537.499999999529,trade_recovered_3s,0.5,1.5,0.5,
aggregated-tick-v1,AUTO_INFERRED_V1,validated,AL2607|23:28:20.500,20260130,23:28:20.500,,AL,AL2607,8900500,15812,15812,8900500,visible_execution_drop,25007.5,4.07715,4,"AL2603,AL2605,AL2606,AL2602",20,230,290.0,24800.0,24875.178571428572,41.5,82.97510746775967,26.464285714285506,52.912697619285225,,,20.0,20.0,41.5,41.5,82.97510746775967,detector_event_depth,28.0,3482525.0,28.0,18524.999999999854,trade_recovered_3s,0.5,,0.5,
aggregated-tick-v1,AUTO_INFERRED_V1,validated,AL2608|23:19:20.000,20260130,23:19:20.000,,AL,AL2608,8360000,13307,13307,8360000,visible_execution_drop,25305.0,1.4826,5,"AL2603,AL2604,AL2605,AL2606,AL2602",20,120,288.5,25175.0,25255.0,26.0,51.37324639399328,10.0,19.758940920766648,,,24.7216,24.7216,19.5,26.0,51.37324639399328,detector_event_depth,12.0,1515300.0,12.0,3000.0,trade_recovered_3s,1.0,,0.5,
aggregated-tick-v1,AUTO_INFERRED_V1,validated,AL2609|23:17:54.500,20260130,23:17:54.500,,AL,AL2609,8274500,14797,14797,8275000,"visible_execution_drop,interval_execution_drop",25030.0,1.4826,3,"AL2604,AL2606,AL2602",20,115,290.0,24795.0,25012.361111111113,47.0,93.88733519776268,3.5277777777773736,7.047099036710693,,,20.0,20.0,47.0,47.0,93.88733519776268,detector_event_depth,36.0,4502225.0,65.0,3174.999999999636,trade_recovered_3s,1.0,2.0,1.0,
aggregated-tick-v1,AUTO_INFERRED_V1,validated,AL2609|23:18:03.000,20260130,23:18:03.000,,AL,AL2609,8283000,14814,14814,8283000,visible_execution_drop,24775.0,1.4826,5,"AL2603,AL2604,AL2605,AL2606,AL2602",20,119,290.0,24665.0,24747.5,22.0,44.39959636730575,5.5,11.099899091826437,,,20.0,20.0,22.0,22.0,44.39959636730575,detector_event_depth,6.0,742425.0,6.0,825.0,trade_recovered_3s,0.5,,0.5,
aggregated-tick-v1,AUTO_INFERRED_V1,validated,BZ2603|11:09:07.767,20260130,11:09:07.767,,BZ,BZ2603,50947767,18349,18349,50947767,visible_execution_drop,6128.0,9.6369,3,"BZ2605,BZ2607,BZ2608",20,219,289.008,6106.0,6110.797872340426,22.0,35.900783289817234,17.202127659574217,28.071357146824766,,,20.0,20.0,22.0,22.0,35.900783289817234,detector_event_depth,94.0,17232450.0,94.0,48509.99999999929,trade_recovered_3s,1.0,,0.5,
aggregated-tick-v1,AUTO_INFERRED_V1,validated,CU2603|00:17:05.500,20260130,00:17:05.500,,CU,CU2603,11825500,23649,23649,11825500,visible_execution_drop,107040.0,4.447799999999999,5,"CU2604,CU2605,CU2606,CU2602,CU2609",20,557,290.0,106800.0,106948.81355932204,24.0,22.42152466367713,9.118644067796414,8.518912619391267,,,20.0,20.0,21.501262626262907,24.0,22.42152466367713,detector_event_depth,59.0,31549900.0,59.0,26899.999999999414,trade_recovered_3s,0.5,,0.5,
aggregated-tick-v1,AUTO_INFERRED_V1,validated,CU2604|23:16:42.000,20260130,23:16:42.000,,CU,CU2604,8202000,16381,16381,8202000,visible_execution_drop,108765.0,2.2238999999999995,3,"CU2606,CU2602,CU2609",20,527,290.0,108560.0,108686.66666666669,20.5,18.84797499195513,7.833333333332848,7.2020717448929785,,,20.0,20.0,17.10714285714348,20.5,18.84797499195513,detector_event_depth,6.0,3260600.0,6.0,2349.9999999998545,trade_recovered_3s,0.5,,0.5,
aggregated-tick-v1,AUTO_INFERRED_V1,validated,CU2604|23:17:18.000,20260130,23:17:18.000,23:17:19.000,CU,CU2604,8238000,16453,16453,8238000,visible_execution_drop,107485.0,5.1891,5,"CU2603,CU2605,CU2606,CU2602,CU2609",20,533,290.0,107030.0,107270.90909090907,45.5,42.33148811462064,21.409090909091173,19.91821268929727,107349.3220338983,13.567796610170626,23.2216,20.0,45.5,45.5,42.33148811462064,detector_event_depth,22.0,11799800.0,22.0,23550.00000000029,trade_recovered_3s,0.5,,0.5,
aggregated-tick-v1,AUTO_INFERRED_V1,validated,CU2604|23:17:45.000,20260130,23:17:45.000,,CU,CU2604,8265000,16507,16507,8265000,visible_execution_drop,106600.0,1.4826,3,"CU2605,CU2602,CU2609",20,535,290.0,106180.0,106478.9447236181,42.0,39.39962476547843,12.10552763818996,11.356029679352682,,,23.2216,20.08973333333285,38.44736842105267,42.0,39.39962476547843,detector_event_depth,199.0,105946550.0,199.0,120449.9999999901,trade_recovered_3s,0.5,,0.5,
aggregated-tick-v1,AUTO_INFERRED_V1,validated,CU2604|23:17:59.500,20260130,23:17:59.500,23:18:00.500,CU,CU2604,8279500,16536,16536,8279500,interval_execution_drop,105760.0,2.2238999999999995,5,"CU2603,CU2605,CU2606,CU2602,CU2609",20,542,290.0,105720.0,105325.8,4.0,3.7821482602118,43.41999999999971,41.05521936459882,105444.60227272726,31.53977272727352,23.2216,20.19890297296839,43.41999999999971,31.53977272727352,29.822024136983284,detector_event_depth,100.0,52662900.0,100.0,217099.99999999857,trade_recovered_3s,,1.5,1.0,
aggregated-tick-v1,AUTO_INFERRED_V1,validated,CU2604|00:00:06.500,20260130,00:00:06.500,,CU,CU2604,10806500,21582,21582,10806500,visible_execution_drop,106805.0,0.7413,4,"CU2603,CU2605,CU2606,CU2602",20,368,290.0,106540.0,106678.125,26.5,24.811572491924533,12.6875,11.879125509105378,,,20.0,20.0,23.5,26.5,24.811572491924533,detector_event_depth,16.0,8534250.0,16.0,10150.0,trade_recovered_3s,0.5,,0.5,
aggregated-tick-v1,AUTO_INFERRED_V1,validated,CU2605|22:53:29.000,20260130,22:53:29.000,22:53:30.000,CU,CU2605,6809000,13533,13533,6809000,interval_execution_drop,112700.0,1.4826,5,"CU2603,CU2604,CU2606,CU2602,CU2609",20,460,290.0,112620.0,112086.00529100528,8.0,7.098491570541261,61.399470899470906,54.48045332694845,112173.0941704036,52.690582959640594,24.2216,21.0064,61.399470899470906,52.690582959640594,46.75295737323922,detector_event_depth,378.0,211842550.0,378.0,1160450.0000000002,trade_recovered_3s,,1.5,0.5,
aggregated-tick-v1,AUTO_INFERRED_V1,validated,CU2605|23:02:23.500,20260130,23:02:23.500,,CU,CU2605,7343500,14599,14599,7343500,visible_execution_drop,111832.5,0.37065,4,"CU2603,CU2604,CU2602,CU2609",20,434,290.0,111600.0,111675.2564102564,23.25,20.79002079002079,15.724358974359347,14.060634408029282,,,20.5064,20.0,22.76388888888905,23.25,20.79002079002079,detector_event_depth,78.0,43553350.0,78.0,61325.000000001455,trade_recovered_3s,0.5,,0.5,
aggregated-tick-v1,AUTO_INFERRED_V1,validated,CU2605|00:17:18.000,20260130,00:17:18.000,,CU,CU2605,11838000,23567,23567,11838000,visible_execution_drop,107595.0,0.37065,4,"CU2603,CU2604,CU2606,CU2609",20,376,290.0,107360.0,107481.33333333331,23.5,21.841163622844928,11.366666666667152,10.56430751119211,,,20.0,20.0,21.25,23.5,21.841163622844928,detector_event_depth,15.0,8061100.0,15.0,8525.000000000364,trade_recovered_3s,0.5,,0.5,
aggregated-tick-v1,AUTO_INFERRED_V1,validated,CU2606|10:36:47.000,20260130,10:36:47.000,,CU,CU2606,49007000,37150,37150,49007000,visible_execution_drop,104145.0,0.7413,5,"CU2603,CU2604,CU2605,CU2602,CU2609",20,426,290.0,103830.0,104014.6153846154,31.5,30.246291228575544,13.03846153846098,12.51952713856736,,,26.3118,23.2216,29.5,31.5,30.246291228575544,detector_event_depth,13.0,6760950.0,13.0,8474.999999999636,trade_recovered_3s,1.0,,0.5,
aggregated-tick-v1,AUTO_INFERRED_V1,validated,CU2607|10:40:09.000,20260130,10:40:09.000,,CU,CU2607,49209000,36199,36199,49209000,visible_execution_drop,104960.0,2.9652,5,"CU2603,CU2604,CU2605,CU2606,CU2602",20,123,290.0,104550.0,104695.0,41.0,39.0625,26.5,25.24771341463415,,,26.7216,26.7216,41.0,41.0,39.0625,detector_event_depth,10.0,5234750.0,10.0,13250.0,quote_only_recovered_3s,3.5,,0.5,
aggregated-tick-v1,AUTO_INFERRED_V1,validated,CU2607|10:40:14.000,20260130,10:40:14.000,,CU,CU2607,49214000,36209,36209,49214000,visible_execution_drop,104960.0,5.1891,5,"CU2603,CU2604,CU2605,CU2606,CU2602",20,120,290.0,104640.0,104681.0,32.0,30.48780487804878,27.9,26.58155487804878,,,29.9368,26.7216,30.0,32.0,30.48780487804878,detector_event_depth,10.0,5234050.0,10.0,13950.0,trade_recovered_3s,3.0,,0.5,
aggregated-tick-v1,AUTO_INFERRED_V1,validated,CU2607|10:40:17.500,20260130,10:40:17.500,,CU,CU2607,49217500,36215,36215,49217500,visible_execution_drop,104970.0,2.2238999999999995,5,"CU2603,CU2604,CU2605,CU2606,CU2602",20,119,290.0,104690.0,104783.63636363635,28.0,26.674287891778604,18.63636363636324,17.753990317579536,,,27.2216,26.7216,24.0,28.0,26.674287891778604,detector_event_depth,11.0,5763100.0,11.0,10249.999999999782,trade_recovered_3s,0.5,,0.5,
aggregated-tick-v1,AUTO_INFERRED_V1,validated,CU2608|23:19:16.000,20260130,23:19:16.000,,CU,CU2608,8356000,15201,15201,8356000,visible_execution_drop,108590.0,2.2238999999999995,5,"CU2603,CU2604,CU2605,CU2606,CU2602",20,220,289.5,107670.0,107670.0,92.0,84.72235012432084,92.0,84.72235012432084,,,91.456,88.2408,89.83333333333285,92.0,84.72235012432084,detector_event_depth,2.0,1076700.0,2.0,9200.0,trade_recovered_3s,0.5,,0.5,
aggregated-tick-v1,AUTO_INFERRED_V1,validated,CU2609|23:25:49.000,20260130,23:25:49.000,,CU,CU2609,8749000,16706,16706,8749000,visible_execution_drop,107570.0,0.7413,5,"CU2603,CU2604,CU2605,CU2606,CU2602",20,244,290.0,106910.0,107204.0,66.0,61.35539648600911,36.6,34.024356233150506,,,54.803999999999995,54.803999999999995,66.0,66.0,61.35539648600911,detector_event_depth,10.0,5360200.0,10.0,18300.0,trade_recovered_3s,0.5,,0.5,
aggregated-tick-v1,AUTO_INFERRED_V1,validated,CU2611|23:22:09.000,20260130,23:22:09.000,,CU,CU2611,8529000,15751,15751,8529000,visible_execution_drop,108240.0,1.4826,5,"CU2603,CU2604,CU2605,CU2606,CU2602",20,121,290.0,107020.0,107020.0,122.0,112.71249076127124,122.0,112.71249076127124,,,97.3864,94.6712,122.0,122.0,112.71249076127124,detector_event_depth,1.0,535100.0,1.0,6100.0,quote_only_recovered_3s,6.5,,0.5,
aggregated-tick-v1,AUTO_INFERRED_V1,validated,CU2612|23:18:02.000,20260130,23:18:02.000,,CU,CU2612,8282000,14533,14533,8282000,visible_execution_drop,105520.0,8.1543,5,"CU2603,CU2604,CU2605,CU2606,CU2602",20,136,290.0,105000.0,105158.33333333331,52.0,49.27975739196361,36.166666666667155,34.274703057872586,,,50.3736,52.8388,52.0,52.0,49.27975739196361,detector_event_depth,6.0,3154750.0,6.0,10850.000000000146,trade_recovered_3s,0.5,,0.5,
aggregated-tick-v1,AUTO_INFERRED_V1,validated,CU2612|23:18:21.000,20260130,23:18:21.000,23:18:22.000,CU,CU2612,8301000,14571,14571,8301000,"visible_execution_drop,interval_execution_drop",105870.0,1.4826,4,"CU2603,CU2604,CU2606,CU2602",20,150,290.0,105270.0,105270.0,60.0,56.67327854916407,60.0,56.67327854916407,105289.56521739133,58.043478260868866,55.053999999999995,54.991499999999995,44.75,60.0,56.67327854916407,detector_event_depth,2.0,1052700.0,2.0,6000.0,trade_recovered_3s,1.0,2.0,0.5,
aggregated-tick-v1,AUTO_INFERRED_V1,validated,EC2604|13:58:10.500,20260130,13:58:10.500,13:58:11.500,EC,EC2604,61089500,19509,19509,61090500,"visible_execution_drop,interval_execution_drop",1230.2500000000002,5.263229999999595,5,"EC2606,EC2610,EC2608,EC2602,EC2612",20,132,290.0,1211.4,1211.0636363636363,37.70000000000027,153.2208900629964,38.37272727272784,155.9549980602635,1210.8897435897436,38.72051282051325,31.90960000000009,32.15611999999582,22.6727272727278,38.72051282051325,157.3684731579486,detector_event_depth,11.0,666085.0,27.0,10552.500000000156,quote_only_recovered_3s,2.5,3.5,2.5,
aggregated-tick-v1,AUTO_INFERRED_V1,validated,IC2606|10:35:42.700,20260130,10:35:42.700,10:35:43.700,IC,IC2606,48942700,7710,7710,48943700,"visible_execution_drop,interval_execution_drop",8134.5,9.26625,3,"IC2603,IC2602,IC2609",20,118,290.0,8107.4,8107.945454545454,135.50000000000182,33.314893355461756,132.77272727273157,32.644348705570486,8110.466666666666,120.1666666666688,74.16480000014602,61.85436666665033,53.62500000000409,135.50000000000182,33.314893355461756,detector_event_depth,11.0,17837480.0,21.0,58420.00000000189,persistent_10s,,,,
aggregated-tick-v1,AUTO_INFERRED_V1,validated,IF2602|14:11:17.200,20260130,14:11:17.200,,IF,IF2602,61877200,19586,19586,61877200,visible_execution_drop,4721.5,0.7412999999959546,3,"IF2603,IF2606,IF2609",20,174,290.0,4717.0,4719.546666666667,22.5,9.530869427088849,9.766666666664603,4.13710332168362,,,22.204200000035936,25.54439999996491,22.5,22.5,9.530869427088849,detector_event_depth,15.0,21237960.0,15.0,8789.999999998145,trade_recovered_3s,0.5,,0.5,
aggregated-tick-v1,AUTO_INFERRED_V1,validated,IF2602|14:57:27.700,20260130,14:57:27.700,,IF,IF2602,64647700,23463,23463,64647700,visible_execution_drop,4712.6,2.965200000004045,3,"IF2603,IF2606,IF2609",20,295,289.0,4700.0,4707.12,63.00000000000182,26.736833170649668,27.400000000002365,11.628400458346714,,,30.15199999994333,29.902000000000907,58.50000000000364,63.00000000000182,26.736833170649668,detector_event_depth,20.0,28242720.0,20.0,32880.00000000284,trade_recovered_3s,0.5,,0.5,
aggregated-tick-v1,AUTO_INFERRED_V1,validated,IM2603|14:59:59.200,20260130,14:59:59.200,,IM,IM2603,64799200,28411,28411,64799200,visible_execution_drop,8266.55,1.85325,2,"IM2606,IM2609",20,516,290.0,8258.6,8261.05,39.74999999999454,9.617071208664932,27.5,6.6533197041087275,,,39.012799999984665,36.22120000002983,39.74999999999454,39.74999999999454,9.617071208664932,detector_event_depth,4.0,6608840.0,4.0,4400.0,trade_recovered_3s,0.5,,0.5,
aggregated-tick-v1,AUTO_INFERRED_V1,validated,LC2606|11:15:11.942,20260130,11:15:11.942,,LC,LC2606,51311942,10288,10288,51311942,visible_execution_drop,150070.0,5.745075,4,"LC2605,LC2607,LC2609,LC2603",20,125,289.514,148340.0,148340.0,86.5,115.27953621643232,86.5,115.27953621643232,,,42.8736,42.8736,86.5,86.5,115.27953621643232,detector_event_depth,3.0,445020.0,3.0,5190.0,quote_only_recovered_3s,,,0.513,
aggregated-tick-v1,AUTO_INFERRED_V1,validated,LC2609|09:50:03.953,20260130,09:50:03.953,,LC,LC2609,46203953,5045,5045,46203953,visible_execution_drop,152647.5,0.5559749999999999,4,"LC2605,LC2607,LC2604,LC2606",20,259,289.511,151120.0,151425.55555555556,76.375,100.06714816816522,61.0972222222219,80.05007906742252,,,76.1648,72.94959999999999,55.5,76.375,100.06714816816522,detector_event_depth,36.0,5451320.0,36.0,43989.99999999977,trade_recovered_3s,0.488,,0.488,
aggregated-tick-v1,AUTO_INFERRED_V1,validated,LC2609|11:29:56.942,20260130,11:29:56.942,,LC,LC2609,52196447,12257,12257,52196942,visible_execution_drop,150035.0,8.52495,2,"LC2605,LC2603",20,118,290.0,148640.0,149233.04347826086,69.75,92.97830506215216,40.09782608695677,53.45129614684144,,,60.356199999999994,55.9084,57.875,69.75,92.97830506215216,detector_event_depth,23.0,3432360.0,28.0,18445.000000000116,trade_recovered_3s,0.25,,,
aggregated-tick-v1,AUTO_INFERRED_V1,validated,NI2602|21:14:26.000,20260130,21:14:26.000,,NI,NI2602,866000,1731,1731,866000,visible_execution_drop,148000.0,0.7413,5,"NI2603,NI2605,NI2604,NI2609,NI2606",20,475,290.0,147720.0,147817.64705882352,28.0,18.91891891891892,18.235294117647573,12.321144674086195,,,23.7216,24.2216,28.0,28.0,18.91891891891892,detector_event_depth,34.0,5025800.0,34.0,6200.000000000175,trade_recovered_3s,0.5,,0.5,
aggregated-tick-v1,AUTO_INFERRED_V1,validated,NI2602|22:11:11.500,20260130,22:11:11.500,,NI,NI2602,4271500,8395,8395,4271500,visible_execution_drop,149065.0,2.2238999999999995,4,"NI2603,NI2605,NI2609,NI2606",20,365,290.0,148800.0,148900.7142857143,26.5,17.77747962298326,16.42857142857101,11.021079011552686,,,24.7216,20.767999999988493,26.5,26.5,17.77747962298326,detector_event_depth,28.0,4169220.0,28.0,4599.999999999884,trade_recovered_3s,0.5,,0.5,
aggregated-tick-v1,AUTO_INFERRED_V1,validated,NI2602|11:29:53.000,20260130,11:29:53.000,,NI,NI2602,52193000,41127,41127,52193000,visible_execution_drop,140455.0,1.1119499999999998,4,"NI2603,NI2605,NI2604,NI2609",20,163,289.0,140080.0,140330.0,37.5,26.698942721868217,12.5,8.89964757395607,,,32.5824,32.5824,37.5,37.5,26.698942721868217,detector_event_depth,4.0,561320.0,4.0,500.0,trade_recovered_3s,0.5,,0.5,
aggregated-tick-v1,AUTO_INFERRED_V1,validated,NI2602|14:43:55.000,20260130,14:43:55.000,,NI,NI2602,63835000,48747,48747,63835500,visible_execution_drop,139535.0,2.9652,5,"NI2603,NI2605,NI2604,NI2609,NI2606",20,128,290.0,139220.0,139220.0,31.5,22.57498118751568,31.5,22.57498118751568,,,31.151999999999997,31.151999999999997,27.0,31.5,22.57498118751568,detector_event_depth,1.0,139220.0,8.0,315.0,trade_recovered_3s,3.0,,0.5,
aggregated-tick-v1,AUTO_INFERRED_V1,validated,NI2603|22:53:26.500,20260130,22:53:26.500,22:53:27.500,NI,NI2603,6806500,13613,13613,6806500,"visible_execution_drop,interval_execution_drop",148982.5,1.1119499999999998,2,"NI2602,NI2609",20,581,290.0,148680.0,148686.51982378855,30.25,20.304398167570017,29.59801762114512,19.866774702495334,148693.57371794872,28.89262820512813,20.0,20.0,27.05,30.25,20.304398167570017,detector_event_depth,681.0,101255520.0,681.0,201562.49999999825,trade_recovered_3s,0.5,1.5,0.5,
aggregated-tick-v1,AUTO_INFERRED_V1,validated,NI2603|23:16:38.500,20260130,23:16:38.500,23:16:39.500,NI,NI2603,8197000,16397,16397,8198500,"visible_execution_drop,interval_execution_drop",146010.0,7.412999999999999,3,"NI2605,NI2609,NI2606",20,580,290.0,145770.0,145787.4358974359,24.0,16.437230326689953,22.256410256409435,15.243072567912767,145754.07975460123,25.59202453987673,20.0,20.0,9.85411686587031,25.59202453987673,17.527583412010635,detector_event_depth,273.0,39799970.0,1225.0,60759.99999999776,trade_recovered_3s,0.5,1.5,0.5,
aggregated-tick-v1,AUTO_INFERRED_V1,validated,NI2603|23:29:25.000,20260130,23:29:25.000,23:29:26.000,NI,NI2603,8965000,17930,17930,8965000,interval_execution_drop,143470.0,8.1543,5,"NI2605,NI2604,NI2602,NI2609,NI2606",20,577,290.0,143290.0,143243.13609467456,18.0,12.546176901094306,22.686390532544465,15.81263715936744,143226.61290322582,24.33870967741823,24.2216,20.0,14.311390532544465,24.33870967741823,16.964319842070278,detector_event_depth,169.0,24208090.0,169.0,38340.000000000146,trade_recovered_3s,,2.5,0.5,
aggregated-tick-v1,AUTO_INFERRED_V1,validated,NI2604|23:09:00.500,20260130,23:09:00.500,,NI,NI2604,7740500,15403,15403,7740500,visible_execution_drop,147925.0,6.6716999999999995,5,"NI2603,NI2605,NI2602,NI2609,NI2606",20,312,290.0,147650.0,147812.77777777778,27.5,18.590501943552475,11.222222222221898,7.586427055752509,,,20.0,20.0,26.625,27.5,18.590501943552475,detector_event_depth,18.0,2660630.0,18.0,2019.9999999999416,trade_recovered_3s,0.5,,0.5,
aggregated-tick-v1,AUTO_INFERRED_V1,validated,NI2604|23:16:38.500,20260130,23:16:38.500,,NI,NI2604,8198500,16316,16316,8198500,visible_execution_drop,146230.0,6.6716999999999995,3,"NI2605,NI2609,NI2606",20,379,290.0,146000.0,146038.82352941178,23.0,15.72864665253368,19.11764705882233,13.0736832789594,,,20.0,20.0,21.875,23.0,15.72864665253368,detector_event_depth,34.0,4965320.0,34.0,6499.999999999593,trade_recovered_3s,0.5,,0.5,
aggregated-tick-v1,AUTO_INFERRED_V1,validated,NI2605|22:47:29.500,20260130,22:47:29.500,,NI,NI2605,6449500,12892,12892,6449500,visible_execution_drop,150000.0,1.4826,5,"NI2603,NI2604,NI2602,NI2609,NI2606",20,521,290.0,149770.0,149834.07738095237,23.0,15.333333333333334,16.59226190476329,11.06150793650886,,,20.0,20.0,23.0,23.0,15.333333333333334,detector_event_depth,336.0,50344250.0,336.0,55750.00000000466,trade_recovered_3s,0.5,,0.5,
aggregated-tick-v1,AUTO_INFERRED_V1,validated,NI2605|23:14:38.000,20260130,23:14:38.000,,NI,NI2605,8078000,16147,16147,8078000,visible_execution_drop,147952.5,0.7413,4,"NI2603,NI2604,NI2609,NI2606",20,538,290.0,147680.0,147845.7264957265,27.25,18.4180733681418,10.67735042735003,7.216742148561213,,,20.0,20.0,27.25,27.25,18.4180733681418,detector_event_depth,117.0,17297950.0,117.0,12492.499999999534,trade_recovered_3s,0.5,,0.5,
aggregated-tick-v1,AUTO_INFERRED_V1,validated,SN2603|21:50:07.500,20260130,21:50:07.500,,SN,SN2603,3007500,6015,6015,3007500,visible_execution_drop,461515.0,8.1543,4,"SN2604,SN2605,SN2602,SN2606",20,392,290.0,460700.0,461016.7272727273,81.5,17.65923101090972,49.82727272727061,10.796457910852435,,,77.6126,56.09842666668201,62.57352941176505,81.5,17.65923101090972,detector_event_depth,55.0,25355920.0,55.0,27404.999999998836,trade_recovered_3s,0.5,,0.5,
aggregated-tick-v1,AUTO_INFERRED_V1,validated,SN2603|23:16:42.000,20260130,23:16:42.000,23:16:43.000,SN,SN2603,8202000,16403,16403,8202000,"visible_execution_drop,interval_execution_drop",447512.5,4.07715,2,"SN2605,SN2606",20,271,290.0,446400.0,446797.7272727273,111.25,24.859640792156643,71.47727272727062,15.972128762273815,446386.0144927536,112.6485507246398,85.0256,70.88451999997699,81.7037037037051,112.6485507246398,25.17215736423894,detector_event_depth,22.0,9829550.0,22.0,15724.999999999534,trade_recovered_3s,0.5,1.5,0.5,
aggregated-tick-v1,AUTO_INFERRED_V1,validated,SN2603|23:26:41.000,20260130,23:26:41.000,,SN,SN2603,8801000,17601,17601,8801000,visible_execution_drop,440050.0,9.6369,5,"SN2604,SN2605,SN2602,SN2606,SN2607",20,183,290.0,438300.0,439452.60869565216,175.0,39.76820815816384,59.739130434783874,13.575532424675348,,,126.108,101.9595757575714,172.28191489361635,175.0,39.76820815816384,detector_event_depth,46.0,20214820.0,46.0,27480.000000000586,trade_recovered_3s,0.5,,2.0,
aggregated-tick-v1,AUTO_INFERRED_V1,validated,SN2603|11:10:51.000,20260130,11:10:51.000,,SN,SN2603,51051000,42672,42672,51051000,visible_execution_drop,417267.5,0.37065,2,"SN2605,SN2602",20,320,290.0,416390.0,416890.0,87.75,21.029675208349563,37.75,9.046954291911064,,,81.5256,73.7966666666686,76.1416666666657,87.75,21.029675208349563,detector_event_depth,5.0,2084450.0,5.0,1887.5,trade_recovered_3s,0.5,,1.0,
aggregated-tick-v1,AUTO_INFERRED_V1,validated,SN2603|11:27:09.500,20260130,11:27:09.500,,SN,SN2603,52029500,44628,44628,52029500,visible_execution_drop,417877.5,2.2238999999999995,4,"SN2604,SN2602,SN2606,SN2607",20,313,290.0,417150.0,417573.15789473685,72.75,17.40940825959761,30.434210526314565,7.283045994655028,,,69.6822,53.8736,68.0,72.75,17.40940825959761,detector_event_depth,19.0,7933890.0,19.0,5782.499999999767,trade_recovered_3s,0.5,,1.0,
aggregated-tick-v1,AUTO_INFERRED_V1,validated,SN2603|13:54:35.000,20260130,13:54:35.000,13:54:36.000,SN,SN2603,60875000,47919,47919,60875000,visible_execution_drop,419785.0,4.447799999999999,5,"SN2604,SN2605,SN2602,SN2606,SN2607",20,308,290.0,419010.0,419112.5,77.5,18.461831651917052,67.25,16.020105530211893,419365.71428571426,41.928571428573925,60.842,57.75469999998849,77.5,77.5,18.461831651917052,detector_event_depth,8.0,3352900.0,8.0,5380.0,trade_recovered_3s,0.5,,0.5,
aggregated-tick-v1,AUTO_INFERRED_V1,validated,SN2604|21:47:24.500,20260130,21:47:24.500,,SN,SN2604,2844500,5689,5689,2844500,visible_execution_drop,463965.0,5.9304,3,"SN2602,SN2606,SN2607",20,258,290.0,463020.0,463297.0,94.5,20.367915683295077,66.8,14.397637752847736,,,85.7028,84.53407999999506,80.375,94.5,20.367915683295077,detector_event_depth,10.0,4632970.0,10.0,6680.0,trade_recovered_3s,0.5,,0.5,
aggregated-tick-v1,AUTO_INFERRED_V1,validated,SN2604|10:14:10.000,20260130,10:14:10.000,,SN,SN2604,47650000,37610,37610,47650000,visible_execution_drop,428390.0,4.447799999999999,3,"SN2605,SN2606,SN2607",20,182,290.0,427010.0,427275.0,138.0,32.21363710637503,111.5,26.027685053339244,,,99.8168,99.8168,110.2916666666686,138.0,32.21363710637503,detector_event_depth,2.0,854550.0,2.0,2230.0,trade_recovered_3s,2.0,,0.5,
aggregated-tick-v1,AUTO_INFERRED_V1,validated,SN2605|22:34:58.000,20260130,22:34:58.000,,SN,SN2605,5698000,11383,11383,5698000,visible_execution_drop,463120.0,2.9652,5,"SN2603,SN2604,SN2602,SN2606,SN2607",20,182,290.0,462020.0,462545.0,110.0,23.75194334081879,57.5,12.415788564518914,,,91.0082,84.5778,109.375,110.0,23.75194334081879,detector_event_depth,8.0,3700360.0,8.0,4600.0,trade_recovered_3s,0.5,,0.5,
aggregated-tick-v1,AUTO_INFERRED_V1,validated,ZN2604|23:26:39.500,20260130,23:26:39.500,23:26:40.500,ZN,ZN2604,8799500,17438,17438,8799500,"visible_execution_drop,interval_execution_drop",26291.25,0.37065,4,"ZN2605,ZN2602,ZN2606,ZN2607",20,388,290.0,26000.0,26087.48148148148,58.25,110.77830076546378,40.75370370370365,77.50430980593096,26185.559895833336,21.13802083333285,20.0,20.0,57.25,58.25,110.77830076546378,detector_event_depth,135.0,17609050.0,135.0,137543.74999999985,trade_recovered_3s,0.5,1.5,0.5,
aggregated-tick-v1,AUTO_INFERRED_V1,validated,ZN2605|14:30:51.500,20260130,14:30:51.500,,ZN,ZN2605,63051500,48388,48388,63051500,visible_execution_drop,25938.75,0.7413,4,"ZN2604,ZN2602,ZN2606,ZN2607",20,115,290.0,25800.0,25844.84962406015,27.75,53.49139800491543,18.780075187970215,36.20080996187213,,,20.0,20.0,27.75,27.75,53.49139800491543,detector_event_depth,133.0,17186825.0,133.0,62443.75000000096,trade_recovered_3s,0.5,,0.5,
aggregated-tick-v1,AUTO_INFERRED_V1,validated,ZN2605|14:59:41.000,20260130,14:59:41.000,,ZN,ZN2605,64781000,51245,51245,64781000,visible_execution_drop,25920.0,0.7413,3,"ZN2603,ZN2604,ZN2606",20,120,290.0,25820.0,25862.625,20.0,38.58024691358025,11.475,22.135416666666668,,,20.0,20.0,20.0,20.0,38.58024691358025,detector_event_depth,40.0,5172525.0,40.0,11475.0,trade_recovered_3s,0.5,,0.5,
