trade_date,market_time_key,display_time,order_id,parent_order_id,contract,role,side,price,lots,version,event,detail,state
20260303,43273000,09:01:13.000,20260303-AP605-00001,,AP605,target_buy,buy,9781.0,1,1,submit,initial_quote,FLAT_QUOTING
20260303,43273000,09:01:13.000,20260303-AP605-00002,,AP605,target_sell,sell,9951.0,1,1,submit,initial_quote,FLAT_QUOTING
20260303,43274000,09:01:14.000,20260303-AP605-00001,,AP605,target_buy,buy,9781.0,1,1,ack,,FLAT_QUOTING
20260303,43274000,09:01:14.000,20260303-AP605-00002,,AP605,target_sell,sell,9951.0,1,1,ack,,FLAT_QUOTING
20260303,43287000,09:01:27.000,20260303-AP605-00002,,AP605,target_sell,sell,9951.0,1,1,fill,interval_vwap,FLAT_QUOTING
20260303,43287000,09:01:27.000,20260303-AP605-00001,,AP605,target_buy,buy,9781.0,1,1,cancel_requested,opposite_target_fill,FLAT_QUOTING
20260303,43288000,09:01:28.000,20260303-AP605-00001,,AP605,target_buy,buy,9781.0,1,1,cancel_ack,opposite_target_fill,SHORT_PENDING_HEDGE
20260303,43288000,09:01:28.000,20260303-AP605-00003,20260303-AP605-0001,AP604,hedge_entry,buy,,1,1,submit,,SHORT_PENDING_HEDGE
20260303,43288000,09:01:28.000,20260303-AP605-00003,20260303-AP605-0001,AP604,hedge_entry,buy,9611.0,1,1,fill,quote_key=43288000,SHORT_PENDING_HEDGE
20260303,43289000,09:01:29.000,20260303-AP605-00004,20260303-AP605-0001,AP605,target_exit,buy,,1,1,submit,,FLATTENING
20260303,43289000,09:01:29.000,20260303-AP605-00004,20260303-AP605-0001,AP605,target_exit,buy,9881.0,1,1,fill,,FLATTENING
20260303,43289000,09:01:29.000,20260303-AP605-00005,20260303-AP605-0001,AP604,hedge_exit,sell,,1,1,submit,,FLATTENING
20260303,43289000,09:01:29.000,20260303-AP605-00005,20260303-AP605-0001,AP604,hedge_exit,sell,9600.0,1,1,fill,quote_key=43289000,FLATTENING
20260303,43291000,09:01:31.000,20260303-AP605-00006,,AP605,target_buy,buy,9788.0,1,2,submit,initial_quote,FLAT_QUOTING
20260303,43291000,09:01:31.000,20260303-AP605-00007,,AP605,target_sell,sell,9958.0,1,2,submit,initial_quote,FLAT_QUOTING
20260303,43292000,09:01:32.000,20260303-AP605-00006,,AP605,target_buy,buy,9788.0,1,2,ack,,FLAT_QUOTING
20260303,43292000,09:01:32.000,20260303-AP605-00007,,AP605,target_sell,sell,9958.0,1,2,ack,,FLAT_QUOTING
20260303,43294000,09:01:34.000,20260303-AP605-00006,,AP605,target_buy,buy,9788.0,1,2,cancel_requested,fair_invalid_or_session_guard,PAUSED
20260303,43294000,09:01:34.000,20260303-AP605-00007,,AP605,target_sell,sell,9958.0,1,2,cancel_requested,fair_invalid_or_session_guard,PAUSED
20260303,43295000,09:01:35.000,20260303-AP605-00006,,AP605,target_buy,buy,9788.0,1,2,cancel_ack,fair_invalid_or_session_guard,PAUSED
20260303,43295000,09:01:35.000,20260303-AP605-00007,,AP605,target_sell,sell,9958.0,1,2,cancel_ack,fair_invalid_or_session_guard,PAUSED
20260303,43297000,09:01:37.000,20260303-AP605-00008,,AP605,target_buy,buy,9788.0,1,3,submit,initial_quote,FLAT_QUOTING
20260303,43297000,09:01:37.000,20260303-AP605-00009,,AP605,target_sell,sell,9958.0,1,3,submit,initial_quote,FLAT_QUOTING
20260303,43298000,09:01:38.000,20260303-AP605-00008,,AP605,target_buy,buy,9788.0,1,3,ack,,FLAT_QUOTING
20260303,43298000,09:01:38.000,20260303-AP605-00009,,AP605,target_sell,sell,9958.0,1,3,ack,,FLAT_QUOTING
20260303,43323000,09:02:03.000,20260303-AP605-00008,,AP605,target_buy,buy,9788.0,1,3,cancel_requested,fair_invalid_or_session_guard,PAUSED
20260303,43323000,09:02:03.000,20260303-AP605-00009,,AP605,target_sell,sell,9958.0,1,3,cancel_requested,fair_invalid_or_session_guard,PAUSED
20260303,43324000,09:02:04.000,20260303-AP605-00008,,AP605,target_buy,buy,9788.0,1,3,cancel_ack,fair_invalid_or_session_guard,PAUSED
20260303,43324000,09:02:04.000,20260303-AP605-00009,,AP605,target_sell,sell,9958.0,1,3,cancel_ack,fair_invalid_or_session_guard,PAUSED
20260303,43326000,09:02:06.000,20260303-AP605-00010,,AP605,target_buy,buy,9789.0,1,4,submit,initial_quote,FLAT_QUOTING
20260303,43326000,09:02:06.000,20260303-AP605-00011,,AP605,target_sell,sell,9959.0,1,4,submit,initial_quote,FLAT_QUOTING
20260303,43327000,09:02:07.000,20260303-AP605-00010,,AP605,target_buy,buy,9789.0,1,4,ack,,FLAT_QUOTING
20260303,43327000,09:02:07.000,20260303-AP605-00011,,AP605,target_sell,sell,9959.0,1,4,ack,,FLAT_QUOTING
20260303,43330000,09:02:10.000,20260303-AP605-00010,,AP605,target_buy,buy,9789.0,1,4,cancel_requested,fair_invalid_or_session_guard,PAUSED
20260303,43330000,09:02:10.000,20260303-AP605-00011,,AP605,target_sell,sell,9959.0,1,4,cancel_requested,fair_invalid_or_session_guard,PAUSED
20260303,43331000,09:02:11.000,20260303-AP605-00010,,AP605,target_buy,buy,9789.0,1,4,cancel_ack,fair_invalid_or_session_guard,PAUSED
20260303,43331000,09:02:11.000,20260303-AP605-00011,,AP605,target_sell,sell,9959.0,1,4,cancel_ack,fair_invalid_or_session_guard,PAUSED
20260303,43333000,09:02:13.000,20260303-AP605-00012,,AP605,target_buy,buy,9791.0,1,5,submit,initial_quote,FLAT_QUOTING
20260303,43333000,09:02:13.000,20260303-AP605-00013,,AP605,target_sell,sell,9961.0,1,5,submit,initial_quote,FLAT_QUOTING
20260303,43334000,09:02:14.000,20260303-AP605-00012,,AP605,target_buy,buy,9791.0,1,5,ack,,FLAT_QUOTING
20260303,43334000,09:02:14.000,20260303-AP605-00013,,AP605,target_sell,sell,9961.0,1,5,ack,,FLAT_QUOTING
20260303,43337000,09:02:17.000,20260303-AP605-00012,,AP605,target_buy,buy,9791.0,1,5,cancel_requested,fair_invalid_or_session_guard,PAUSED
20260303,43337000,09:02:17.000,20260303-AP605-00013,,AP605,target_sell,sell,9961.0,1,5,cancel_requested,fair_invalid_or_session_guard,PAUSED
20260303,43338000,09:02:18.000,20260303-AP605-00012,,AP605,target_buy,buy,9791.0,1,5,cancel_ack,fair_invalid_or_session_guard,PAUSED
20260303,43338000,09:02:18.000,20260303-AP605-00013,,AP605,target_sell,sell,9961.0,1,5,cancel_ack,fair_invalid_or_session_guard,PAUSED
20260303,43357000,09:02:37.000,20260303-AP605-00014,,AP605,target_buy,buy,9794.0,1,6,submit,initial_quote,FLAT_QUOTING
20260303,43357000,09:02:37.000,20260303-AP605-00015,,AP605,target_sell,sell,9964.0,1,6,submit,initial_quote,FLAT_QUOTING
20260303,43358000,09:02:38.000,20260303-AP605-00014,,AP605,target_buy,buy,9794.0,1,6,ack,,FLAT_QUOTING
20260303,43358000,09:02:38.000,20260303-AP605-00015,,AP605,target_sell,sell,9964.0,1,6,ack,,FLAT_QUOTING
20260303,43367000,09:02:47.000,20260303-AP605-00015,,AP605,target_sell,sell,9964.0,1,6,fill,interval_vwap,FLAT_QUOTING
20260303,43367000,09:02:47.000,20260303-AP605-00014,,AP605,target_buy,buy,9794.0,1,6,cancel_requested,opposite_target_fill,FLAT_QUOTING
20260303,43368000,09:02:48.000,20260303-AP605-00014,,AP605,target_buy,buy,9794.0,1,6,cancel_ack,opposite_target_fill,SHORT_PENDING_HEDGE
20260303,43368000,09:02:48.000,20260303-AP605-00016,20260303-AP605-0002,AP604,hedge_entry,buy,,1,6,submit,,SHORT_PENDING_HEDGE
20260303,43368000,09:02:48.000,20260303-AP605-00016,20260303-AP605-0002,AP604,hedge_entry,buy,9624.0,1,6,fill,quote_key=43368000,SHORT_PENDING_HEDGE
20260303,43369000,09:02:49.000,20260303-AP605-00017,20260303-AP605-0002,AP605,target_exit,buy,,1,6,submit,,FLATTENING
20260303,43369000,09:02:49.000,20260303-AP605-00017,20260303-AP605-0002,AP605,target_exit,buy,9884.0,1,6,fill,,FLATTENING
20260303,43369000,09:02:49.000,20260303-AP605-00018,20260303-AP605-0002,AP604,hedge_exit,sell,,1,6,submit,,FLATTENING
20260303,43369000,09:02:49.000,20260303-AP605-00018,20260303-AP605-0002,AP604,hedge_exit,sell,9604.0,1,6,fill,quote_key=43369000,FLATTENING
20260303,43371000,09:02:51.000,20260303-AP605-00019,,AP605,target_buy,buy,9793.0,1,7,submit,initial_quote,FLAT_QUOTING
20260303,43371000,09:02:51.000,20260303-AP605-00020,,AP605,target_sell,sell,9963.0,1,7,submit,initial_quote,FLAT_QUOTING
20260303,43372000,09:02:52.000,20260303-AP605-00019,,AP605,target_buy,buy,9793.0,1,7,ack,,FLAT_QUOTING
20260303,43372000,09:02:52.000,20260303-AP605-00020,,AP605,target_sell,sell,9963.0,1,7,ack,,FLAT_QUOTING
20260303,43390000,09:03:10.000,20260303-AP605-00019,,AP605,target_buy,buy,9793.0,1,7,cancel_requested,fair_invalid_or_session_guard,PAUSED
20260303,43390000,09:03:10.000,20260303-AP605-00020,,AP605,target_sell,sell,9963.0,1,7,cancel_requested,fair_invalid_or_session_guard,PAUSED
20260303,43391000,09:03:11.000,20260303-AP605-00019,,AP605,target_buy,buy,9793.0,1,7,cancel_ack,fair_invalid_or_session_guard,PAUSED
20260303,43391000,09:03:11.000,20260303-AP605-00020,,AP605,target_sell,sell,9963.0,1,7,cancel_ack,fair_invalid_or_session_guard,PAUSED
20260303,43395000,09:03:15.000,20260303-AP605-00021,,AP605,target_buy,buy,9791.0,1,8,submit,initial_quote,FLAT_QUOTING
20260303,43395000,09:03:15.000,20260303-AP605-00022,,AP605,target_sell,sell,9961.0,1,8,submit,initial_quote,FLAT_QUOTING
20260303,43396000,09:03:16.000,20260303-AP605-00021,,AP605,target_buy,buy,9791.0,1,8,ack,,FLAT_QUOTING
20260303,43396000,09:03:16.000,20260303-AP605-00022,,AP605,target_sell,sell,9961.0,1,8,ack,,FLAT_QUOTING
20260303,43399000,09:03:19.000,20260303-AP605-00021,,AP605,target_buy,buy,9791.0,1,8,cancel_requested,fair_invalid_or_session_guard,PAUSED
20260303,43399000,09:03:19.000,20260303-AP605-00022,,AP605,target_sell,sell,9961.0,1,8,cancel_requested,fair_invalid_or_session_guard,PAUSED
20260303,43400000,09:03:20.000,20260303-AP605-00021,,AP605,target_buy,buy,9791.0,1,8,cancel_ack,fair_invalid_or_session_guard,PAUSED
20260303,43400000,09:03:20.000,20260303-AP605-00022,,AP605,target_sell,sell,9961.0,1,8,cancel_ack,fair_invalid_or_session_guard,PAUSED
20260303,43403000,09:03:23.000,20260303-AP605-00023,,AP605,target_buy,buy,9796.0,1,9,submit,initial_quote,FLAT_QUOTING
20260303,43403000,09:03:23.000,20260303-AP605-00024,,AP605,target_sell,sell,9966.0,1,9,submit,initial_quote,FLAT_QUOTING
20260303,43404000,09:03:24.000,20260303-AP605-00023,,AP605,target_buy,buy,9796.0,1,9,ack,,FLAT_QUOTING
20260303,43404000,09:03:24.000,20260303-AP605-00024,,AP605,target_sell,sell,9966.0,1,9,ack,,FLAT_QUOTING
20260303,43442000,09:04:02.000,20260303-AP605-00024,,AP605,target_sell,sell,9966.0,1,9,fill,interval_vwap,FLAT_QUOTING
20260303,43442000,09:04:02.000,20260303-AP605-00023,,AP605,target_buy,buy,9796.0,1,9,cancel_requested,opposite_target_fill,FLAT_QUOTING
20260303,43443000,09:04:03.000,20260303-AP605-00023,,AP605,target_buy,buy,9796.0,1,9,cancel_ack,opposite_target_fill,SHORT_PENDING_HEDGE
20260303,43443000,09:04:03.000,20260303-AP605-00025,20260303-AP605-0003,AP604,hedge_entry,buy,,1,9,submit,,SHORT_PENDING_HEDGE
20260303,43443000,09:04:03.000,20260303-AP605-00025,20260303-AP605-0003,AP604,hedge_entry,buy,9624.0,1,9,fill,quote_key=43442000,SHORT_PENDING_HEDGE
20260303,43444000,09:04:04.000,20260303-AP605-00026,20260303-AP605-0003,AP605,target_exit,buy,,1,9,submit,,FLATTENING
20260303,43444000,09:04:04.000,20260303-AP605-00026,20260303-AP605-0003,AP605,target_exit,buy,9889.0,1,9,fill,,FLATTENING
20260303,43444000,09:04:04.000,20260303-AP605-00027,20260303-AP605-0003,AP604,hedge_exit,sell,,1,9,submit,,FLATTENING
20260303,43444000,09:04:04.000,20260303-AP605-00027,20260303-AP605-0003,AP604,hedge_exit,sell,9604.0,1,9,fill,quote_key=43444000,FLATTENING
20260303,43446000,09:04:06.000,20260303-AP605-00028,,AP605,target_buy,buy,9793.0,1,10,submit,initial_quote,FLAT_QUOTING
20260303,43446000,09:04:06.000,20260303-AP605-00029,,AP605,target_sell,sell,9963.0,1,10,submit,initial_quote,FLAT_QUOTING
20260303,43447000,09:04:07.000,20260303-AP605-00028,,AP605,target_buy,buy,9793.0,1,10,ack,,FLAT_QUOTING
20260303,43447000,09:04:07.000,20260303-AP605-00029,,AP605,target_sell,sell,9963.0,1,10,ack,,FLAT_QUOTING
20260303,43451000,09:04:11.000,20260303-AP605-00028,,AP605,target_buy,buy,9793.0,1,10,cancel_requested,fair_invalid_or_session_guard,PAUSED
20260303,43451000,09:04:11.000,20260303-AP605-00029,,AP605,target_sell,sell,9963.0,1,10,cancel_requested,fair_invalid_or_session_guard,PAUSED
20260303,43452000,09:04:12.000,20260303-AP605-00028,,AP605,target_buy,buy,9793.0,1,10,cancel_ack,fair_invalid_or_session_guard,PAUSED
20260303,43452000,09:04:12.000,20260303-AP605-00029,,AP605,target_sell,sell,9963.0,1,10,cancel_ack,fair_invalid_or_session_guard,PAUSED
20260303,43455000,09:04:15.000,20260303-AP605-00030,,AP605,target_buy,buy,9792.0,1,11,submit,initial_quote,FLAT_QUOTING
20260303,43455000,09:04:15.000,20260303-AP605-00031,,AP605,target_sell,sell,9962.0,1,11,submit,initial_quote,FLAT_QUOTING
20260303,43456000,09:04:16.000,20260303-AP605-00030,,AP605,target_buy,buy,9792.0,1,11,ack,,FLAT_QUOTING
20260303,43456000,09:04:16.000,20260303-AP605-00031,,AP605,target_sell,sell,9962.0,1,11,ack,,FLAT_QUOTING
20260303,43479000,09:04:39.000,20260303-AP605-00030,,AP605,target_buy,buy,9792.0,1,11,cancel_requested,fair_invalid_or_session_guard,PAUSED
20260303,43479000,09:04:39.000,20260303-AP605-00031,,AP605,target_sell,sell,9962.0,1,11,cancel_requested,fair_invalid_or_session_guard,PAUSED
20260303,43480000,09:04:40.000,20260303-AP605-00030,,AP605,target_buy,buy,9792.0,1,11,cancel_ack,fair_invalid_or_session_guard,PAUSED
20260303,43480000,09:04:40.000,20260303-AP605-00031,,AP605,target_sell,sell,9962.0,1,11,cancel_ack,fair_invalid_or_session_guard,PAUSED
20260303,43490000,09:04:50.000,20260303-AP605-00032,,AP605,target_buy,buy,9792.0,1,12,submit,initial_quote,FLAT_QUOTING
20260303,43490000,09:04:50.000,20260303-AP605-00033,,AP605,target_sell,sell,9962.0,1,12,submit,initial_quote,FLAT_QUOTING
20260303,43491000,09:04:51.000,20260303-AP605-00032,,AP605,target_buy,buy,9792.0,1,12,ack,,FLAT_QUOTING
20260303,43491000,09:04:51.000,20260303-AP605-00033,,AP605,target_sell,sell,9962.0,1,12,ack,,FLAT_QUOTING
20260303,43549000,09:05:49.000,20260303-AP605-00032,,AP605,target_buy,buy,9792.0,1,12,cancel_requested,fair_invalid_or_session_guard,PAUSED
20260303,43549000,09:05:49.000,20260303-AP605-00033,,AP605,target_sell,sell,9962.0,1,12,cancel_requested,fair_invalid_or_session_guard,PAUSED
20260303,43550000,09:05:50.000,20260303-AP605-00032,,AP605,target_buy,buy,9792.0,1,12,cancel_ack,fair_invalid_or_session_guard,PAUSED
20260303,43550000,09:05:50.000,20260303-AP605-00033,,AP605,target_sell,sell,9962.0,1,12,cancel_ack,fair_invalid_or_session_guard,PAUSED
20260303,43552000,09:05:52.000,20260303-AP605-00034,,AP605,target_buy,buy,9803.0,1,13,submit,initial_quote,FLAT_QUOTING
20260303,43552000,09:05:52.000,20260303-AP605-00035,,AP605,target_sell,sell,9973.0,1,13,submit,initial_quote,FLAT_QUOTING
20260303,43553000,09:05:53.000,20260303-AP605-00034,,AP605,target_buy,buy,9803.0,1,13,ack,,FLAT_QUOTING
20260303,43553000,09:05:53.000,20260303-AP605-00035,,AP605,target_sell,sell,9973.0,1,13,ack,,FLAT_QUOTING
20260303,43558000,09:05:58.000,20260303-AP605-00034,,AP605,target_buy,buy,9803.0,1,13,cancel_requested,fair_invalid_or_session_guard,PAUSED
20260303,43558000,09:05:58.000,20260303-AP605-00035,,AP605,target_sell,sell,9973.0,1,13,cancel_requested,fair_invalid_or_session_guard,PAUSED
20260303,43559000,09:05:59.000,20260303-AP605-00034,,AP605,target_buy,buy,9803.0,1,13,cancel_ack,fair_invalid_or_session_guard,PAUSED
20260303,43559000,09:05:59.000,20260303-AP605-00035,,AP605,target_sell,sell,9973.0,1,13,cancel_ack,fair_invalid_or_session_guard,PAUSED
20260303,43564000,09:06:04.000,20260303-AP605-00036,,AP605,target_buy,buy,9804.0,1,14,submit,initial_quote,FLAT_QUOTING
20260303,43564000,09:06:04.000,20260303-AP605-00037,,AP605,target_sell,sell,9974.0,1,14,submit,initial_quote,FLAT_QUOTING
20260303,43565000,09:06:05.000,20260303-AP605-00036,,AP605,target_buy,buy,9804.0,1,14,ack,,FLAT_QUOTING
20260303,43565000,09:06:05.000,20260303-AP605-00037,,AP605,target_sell,sell,9974.0,1,14,ack,,FLAT_QUOTING
20260303,43569000,09:06:09.000,20260303-AP605-00036,,AP605,target_buy,buy,9804.0,1,14,cancel_requested,fair_invalid_or_session_guard,PAUSED
20260303,43569000,09:06:09.000,20260303-AP605-00037,,AP605,target_sell,sell,9974.0,1,14,cancel_requested,fair_invalid_or_session_guard,PAUSED
20260303,43570000,09:06:10.000,20260303-AP605-00036,,AP605,target_buy,buy,9804.0,1,14,cancel_ack,fair_invalid_or_session_guard,PAUSED
20260303,43570000,09:06:10.000,20260303-AP605-00037,,AP605,target_sell,sell,9974.0,1,14,cancel_ack,fair_invalid_or_session_guard,PAUSED
20260303,43580000,09:06:20.000,20260303-AP605-00038,,AP605,target_buy,buy,9803.0,1,15,submit,initial_quote,FLAT_QUOTING
20260303,43580000,09:06:20.000,20260303-AP605-00039,,AP605,target_sell,sell,9973.0,1,15,submit,initial_quote,FLAT_QUOTING
20260303,43581000,09:06:21.000,20260303-AP605-00038,,AP605,target_buy,buy,9803.0,1,15,ack,,FLAT_QUOTING
20260303,43581000,09:06:21.000,20260303-AP605-00039,,AP605,target_sell,sell,9973.0,1,15,ack,,FLAT_QUOTING
20260303,43584000,09:06:24.000,20260303-AP605-00038,,AP605,target_buy,buy,9803.0,1,15,cancel_requested,fair_invalid_or_session_guard,PAUSED
20260303,43584000,09:06:24.000,20260303-AP605-00039,,AP605,target_sell,sell,9973.0,1,15,cancel_requested,fair_invalid_or_session_guard,PAUSED
20260303,43585000,09:06:25.000,20260303-AP605-00038,,AP605,target_buy,buy,9803.0,1,15,cancel_ack,fair_invalid_or_session_guard,PAUSED
20260303,43585000,09:06:25.000,20260303-AP605-00039,,AP605,target_sell,sell,9973.0,1,15,cancel_ack,fair_invalid_or_session_guard,PAUSED
20260303,43591000,09:06:31.000,20260303-AP605-00040,,AP605,target_buy,buy,9805.0,1,16,submit,initial_quote,FLAT_QUOTING
20260303,43591000,09:06:31.000,20260303-AP605-00041,,AP605,target_sell,sell,9975.0,1,16,submit,initial_quote,FLAT_QUOTING
20260303,43592000,09:06:32.000,20260303-AP605-00040,,AP605,target_buy,buy,9805.0,1,16,ack,,FLAT_QUOTING
20260303,43592000,09:06:32.000,20260303-AP605-00041,,AP605,target_sell,sell,9975.0,1,16,ack,,FLAT_QUOTING
20260303,43594000,09:06:34.000,20260303-AP605-00041,,AP605,target_sell,sell,9975.0,1,16,fill,interval_vwap,FLAT_QUOTING
20260303,43594000,09:06:34.000,20260303-AP605-00040,,AP605,target_buy,buy,9805.0,1,16,cancel_requested,opposite_target_fill,FLAT_QUOTING
20260303,43595000,09:06:35.000,20260303-AP605-00040,,AP605,target_buy,buy,9805.0,1,16,cancel_ack,opposite_target_fill,SHORT_PENDING_HEDGE
20260303,43595000,09:06:35.000,20260303-AP605-00042,20260303-AP605-0004,AP604,hedge_entry,buy,,1,16,submit,,SHORT_PENDING_HEDGE
20260303,43595000,09:06:35.000,20260303-AP605-00042,20260303-AP605-0004,AP604,hedge_entry,buy,9629.0,1,16,fill,quote_key=43595000,SHORT_PENDING_HEDGE
20260303,43616000,09:06:56.000,20260303-AP605-00043,20260303-AP605-0004,AP605,target_exit,buy,,1,16,submit,,FLATTENING
20260303,43616000,09:06:56.000,20260303-AP605-00043,20260303-AP605-0004,AP605,target_exit,buy,9891.0,1,16,fill,,FLATTENING
20260303,43616000,09:06:56.000,20260303-AP605-00044,20260303-AP605-0004,AP604,hedge_exit,sell,,1,16,submit,,FLATTENING
20260303,43616000,09:06:56.000,20260303-AP605-00044,20260303-AP605-0004,AP604,hedge_exit,sell,,1,16,quote_unavailable,,FLATTENING
20260303,43618000,09:06:58.000,20260303-AP605-00044,20260303-AP605-0004,AP604,hedge_exit,sell,9605.0,1,16,fill,quote_key=43618000,FLATTENING
20260303,43620000,09:07:00.000,20260303-AP605-00045,,AP605,target_buy,buy,9803.0,1,17,submit,initial_quote,FLAT_QUOTING
20260303,43620000,09:07:00.000,20260303-AP605-00046,,AP605,target_sell,sell,9973.0,1,17,submit,initial_quote,FLAT_QUOTING
20260303,43621000,09:07:01.000,20260303-AP605-00045,,AP605,target_buy,buy,9803.0,1,17,ack,,FLAT_QUOTING
20260303,43621000,09:07:01.000,20260303-AP605-00046,,AP605,target_sell,sell,9973.0,1,17,ack,,FLAT_QUOTING
20260303,43627000,09:07:07.000,20260303-AP605-00045,,AP605,target_buy,buy,9803.0,1,17,cancel_requested,fair_invalid_or_session_guard,PAUSED
20260303,43627000,09:07:07.000,20260303-AP605-00046,,AP605,target_sell,sell,9973.0,1,17,cancel_requested,fair_invalid_or_session_guard,PAUSED
20260303,43628000,09:07:08.000,20260303-AP605-00045,,AP605,target_buy,buy,9803.0,1,17,cancel_ack,fair_invalid_or_session_guard,PAUSED
20260303,43628000,09:07:08.000,20260303-AP605-00046,,AP605,target_sell,sell,9973.0,1,17,cancel_ack,fair_invalid_or_session_guard,PAUSED
20260303,43629000,09:07:09.000,20260303-AP605-00047,,AP605,target_buy,buy,9806.0,1,18,submit,initial_quote,FLAT_QUOTING
20260303,43629000,09:07:09.000,20260303-AP605-00048,,AP605,target_sell,sell,9976.0,1,18,submit,initial_quote,FLAT_QUOTING
20260303,43630000,09:07:10.000,20260303-AP605-00047,,AP605,target_buy,buy,9806.0,1,18,ack,,FLAT_QUOTING
20260303,43630000,09:07:10.000,20260303-AP605-00048,,AP605,target_sell,sell,9976.0,1,18,ack,,FLAT_QUOTING
20260303,43644000,09:07:24.000,20260303-AP605-00047,,AP605,target_buy,buy,9806.0,1,18,cancel_requested,fair_invalid_or_session_guard,PAUSED
20260303,43644000,09:07:24.000,20260303-AP605-00048,,AP605,target_sell,sell,9976.0,1,18,cancel_requested,fair_invalid_or_session_guard,PAUSED
20260303,43645000,09:07:25.000,20260303-AP605-00047,,AP605,target_buy,buy,9806.0,1,18,cancel_ack,fair_invalid_or_session_guard,PAUSED
20260303,43645000,09:07:25.000,20260303-AP605-00048,,AP605,target_sell,sell,9976.0,1,18,cancel_ack,fair_invalid_or_session_guard,PAUSED
20260303,43646000,09:07:26.000,20260303-AP605-00049,,AP605,target_buy,buy,9802.0,1,19,submit,initial_quote,FLAT_QUOTING
20260303,43646000,09:07:26.000,20260303-AP605-00050,,AP605,target_sell,sell,9972.0,1,19,submit,initial_quote,FLAT_QUOTING
20260303,43647000,09:07:27.000,20260303-AP605-00049,,AP605,target_buy,buy,9802.0,1,19,ack,,FLAT_QUOTING
20260303,43647000,09:07:27.000,20260303-AP605-00050,,AP605,target_sell,sell,9972.0,1,19,ack,,FLAT_QUOTING
20260303,43685000,09:08:05.000,20260303-AP605-00049,,AP605,target_buy,buy,9802.0,1,19,cancel_requested,fair_invalid_or_session_guard,PAUSED
20260303,43685000,09:08:05.000,20260303-AP605-00050,,AP605,target_sell,sell,9972.0,1,19,cancel_requested,fair_invalid_or_session_guard,PAUSED
20260303,43686000,09:08:06.000,20260303-AP605-00049,,AP605,target_buy,buy,9802.0,1,19,cancel_ack,fair_invalid_or_session_guard,PAUSED
20260303,43686000,09:08:06.000,20260303-AP605-00050,,AP605,target_sell,sell,9972.0,1,19,cancel_ack,fair_invalid_or_session_guard,PAUSED
20260303,43687000,09:08:07.000,20260303-AP605-00051,,AP605,target_buy,buy,9799.0,1,20,submit,initial_quote,FLAT_QUOTING
20260303,43687000,09:08:07.000,20260303-AP605-00052,,AP605,target_sell,sell,9969.0,1,20,submit,initial_quote,FLAT_QUOTING
20260303,43688000,09:08:08.000,20260303-AP605-00051,,AP605,target_buy,buy,9799.0,1,20,ack,,FLAT_QUOTING
20260303,43688000,09:08:08.000,20260303-AP605-00052,,AP605,target_sell,sell,9969.0,1,20,ack,,FLAT_QUOTING
20260303,43699000,09:08:19.000,20260303-AP605-00051,,AP605,target_buy,buy,9799.0,1,20,cancel_requested,fair_invalid_or_session_guard,PAUSED
20260303,43699000,09:08:19.000,20260303-AP605-00052,,AP605,target_sell,sell,9969.0,1,20,cancel_requested,fair_invalid_or_session_guard,PAUSED
20260303,43700000,09:08:20.000,20260303-AP605-00051,,AP605,target_buy,buy,9799.0,1,20,cancel_ack,fair_invalid_or_session_guard,PAUSED
20260303,43700000,09:08:20.000,20260303-AP605-00052,,AP605,target_sell,sell,9969.0,1,20,cancel_ack,fair_invalid_or_session_guard,PAUSED
20260303,43704000,09:08:24.000,20260303-AP605-00053,,AP605,target_buy,buy,9801.0,1,21,submit,initial_quote,FLAT_QUOTING
20260303,43704000,09:08:24.000,20260303-AP605-00054,,AP605,target_sell,sell,9971.0,1,21,submit,initial_quote,FLAT_QUOTING
20260303,43705000,09:08:25.000,20260303-AP605-00053,,AP605,target_buy,buy,9801.0,1,21,ack,,FLAT_QUOTING
20260303,43705000,09:08:25.000,20260303-AP605-00054,,AP605,target_sell,sell,9971.0,1,21,ack,,FLAT_QUOTING
20260303,43709000,09:08:29.000,20260303-AP605-00053,,AP605,target_buy,buy,9801.0,1,21,cancel_requested,fair_invalid_or_session_guard,PAUSED
20260303,43709000,09:08:29.000,20260303-AP605-00054,,AP605,target_sell,sell,9971.0,1,21,cancel_requested,fair_invalid_or_session_guard,PAUSED
20260303,43710000,09:08:30.000,20260303-AP605-00053,,AP605,target_buy,buy,9801.0,1,21,cancel_ack,fair_invalid_or_session_guard,PAUSED
20260303,43710000,09:08:30.000,20260303-AP605-00054,,AP605,target_sell,sell,9971.0,1,21,cancel_ack,fair_invalid_or_session_guard,PAUSED
20260303,43715000,09:08:35.000,20260303-AP605-00055,,AP605,target_buy,buy,9802.0,1,22,submit,initial_quote,FLAT_QUOTING
20260303,43715000,09:08:35.000,20260303-AP605-00056,,AP605,target_sell,sell,9972.0,1,22,submit,initial_quote,FLAT_QUOTING
20260303,43716000,09:08:36.000,20260303-AP605-00055,,AP605,target_buy,buy,9802.0,1,22,ack,,FLAT_QUOTING
20260303,43716000,09:08:36.000,20260303-AP605-00056,,AP605,target_sell,sell,9972.0,1,22,ack,,FLAT_QUOTING
20260303,43721000,09:08:41.000,20260303-AP605-00055,,AP605,target_buy,buy,9802.0,1,22,cancel_requested,fair_invalid_or_session_guard,PAUSED
20260303,43721000,09:08:41.000,20260303-AP605-00056,,AP605,target_sell,sell,9972.0,1,22,cancel_requested,fair_invalid_or_session_guard,PAUSED
20260303,43722000,09:08:42.000,20260303-AP605-00055,,AP605,target_buy,buy,9802.0,1,22,cancel_ack,fair_invalid_or_session_guard,PAUSED
20260303,43722000,09:08:42.000,20260303-AP605-00056,,AP605,target_sell,sell,9972.0,1,22,cancel_ack,fair_invalid_or_session_guard,PAUSED
20260303,43726000,09:08:46.000,20260303-AP605-00057,,AP605,target_buy,buy,9803.0,1,23,submit,initial_quote,FLAT_QUOTING
20260303,43726000,09:08:46.000,20260303-AP605-00058,,AP605,target_sell,sell,9973.0,1,23,submit,initial_quote,FLAT_QUOTING
20260303,43727000,09:08:47.000,20260303-AP605-00057,,AP605,target_buy,buy,9803.0,1,23,ack,,FLAT_QUOTING
20260303,43727000,09:08:47.000,20260303-AP605-00058,,AP605,target_sell,sell,9973.0,1,23,ack,,FLAT_QUOTING
20260303,43731000,09:08:51.000,20260303-AP605-00057,,AP605,target_buy,buy,9803.0,1,23,cancel_requested,data_gap,PAUSED
20260303,43731000,09:08:51.000,20260303-AP605-00058,,AP605,target_sell,sell,9973.0,1,23,cancel_requested,data_gap,PAUSED
20260303,43732000,09:08:52.000,20260303-AP605-00057,,AP605,target_buy,buy,9803.0,1,23,cancel_ack,data_gap,PAUSED
20260303,43732000,09:08:52.000,20260303-AP605-00058,,AP605,target_sell,sell,9973.0,1,23,cancel_ack,data_gap,PAUSED
20260303,43733000,09:08:53.000,20260303-AP605-00059,,AP605,target_buy,buy,9802.0,1,24,submit,initial_quote,FLAT_QUOTING
20260303,43733000,09:08:53.000,20260303-AP605-00060,,AP605,target_sell,sell,9972.0,1,24,submit,initial_quote,FLAT_QUOTING
20260303,43734000,09:08:54.000,20260303-AP605-00059,,AP605,target_buy,buy,9802.0,1,24,ack,,FLAT_QUOTING
20260303,43734000,09:08:54.000,20260303-AP605-00060,,AP605,target_sell,sell,9972.0,1,24,ack,,FLAT_QUOTING
20260303,43736000,09:08:56.000,20260303-AP605-00059,,AP605,target_buy,buy,9802.0,1,24,cancel_requested,fair_invalid_or_session_guard,PAUSED
20260303,43736000,09:08:56.000,20260303-AP605-00060,,AP605,target_sell,sell,9972.0,1,24,cancel_requested,fair_invalid_or_session_guard,PAUSED
20260303,43737000,09:08:57.000,20260303-AP605-00059,,AP605,target_buy,buy,9802.0,1,24,cancel_ack,fair_invalid_or_session_guard,PAUSED
20260303,43737000,09:08:57.000,20260303-AP605-00060,,AP605,target_sell,sell,9972.0,1,24,cancel_ack,fair_invalid_or_session_guard,PAUSED
20260303,43750000,09:09:10.000,20260303-AP605-00061,,AP605,target_buy,buy,9806.0,1,25,submit,initial_quote,FLAT_QUOTING
20260303,43750000,09:09:10.000,20260303-AP605-00062,,AP605,target_sell,sell,9976.0,1,25,submit,initial_quote,FLAT_QUOTING
20260303,43751000,09:09:11.000,20260303-AP605-00061,,AP605,target_buy,buy,9806.0,1,25,ack,,FLAT_QUOTING
20260303,43751000,09:09:11.000,20260303-AP605-00062,,AP605,target_sell,sell,9976.0,1,25,ack,,FLAT_QUOTING
20260303,43752000,09:09:12.000,20260303-AP605-00061,,AP605,target_buy,buy,9806.0,1,25,cancel_requested,fair_invalid_or_session_guard,PAUSED
20260303,43752000,09:09:12.000,20260303-AP605-00062,,AP605,target_sell,sell,9976.0,1,25,cancel_requested,fair_invalid_or_session_guard,PAUSED
20260303,43753000,09:09:13.000,20260303-AP605-00061,,AP605,target_buy,buy,9806.0,1,25,cancel_ack,fair_invalid_or_session_guard,PAUSED
20260303,43753000,09:09:13.000,20260303-AP605-00062,,AP605,target_sell,sell,9976.0,1,25,cancel_ack,fair_invalid_or_session_guard,PAUSED
20260303,43769000,09:09:29.000,20260303-AP605-00063,,AP605,target_buy,buy,9807.0,1,26,submit,initial_quote,FLAT_QUOTING
20260303,43769000,09:09:29.000,20260303-AP605-00064,,AP605,target_sell,sell,9977.0,1,26,submit,initial_quote,FLAT_QUOTING
20260303,43770000,09:09:30.000,20260303-AP605-00063,,AP605,target_buy,buy,9807.0,1,26,ack,,FLAT_QUOTING
20260303,43770000,09:09:30.000,20260303-AP605-00064,,AP605,target_sell,sell,9977.0,1,26,ack,,FLAT_QUOTING
20260303,43771000,09:09:31.000,20260303-AP605-00064,,AP605,target_sell,sell,9977.0,1,26,fill,interval_vwap,FLAT_QUOTING
20260303,43771000,09:09:31.000,20260303-AP605-00063,,AP605,target_buy,buy,9807.0,1,26,cancel_requested,opposite_target_fill,FLAT_QUOTING
20260303,43772000,09:09:32.000,20260303-AP605-00063,,AP605,target_buy,buy,9807.0,1,26,cancel_ack,opposite_target_fill,SHORT_PENDING_HEDGE
20260303,43772000,09:09:32.000,20260303-AP605-00065,20260303-AP605-0005,AP604,hedge_entry,buy,,1,26,submit,,SHORT_PENDING_HEDGE
20260303,43772000,09:09:32.000,20260303-AP605-00065,20260303-AP605-0005,AP604,hedge_entry,buy,9628.0,1,26,fill,quote_key=43771000,SHORT_PENDING_HEDGE
20260303,43773000,09:09:33.000,20260303-AP605-00066,20260303-AP605-0005,AP605,target_exit,buy,,1,26,submit,,FLATTENING
20260303,43773000,09:09:33.000,20260303-AP605-00066,20260303-AP605-0005,AP605,target_exit,buy,9894.0,1,26,fill,,FLATTENING
20260303,43773000,09:09:33.000,20260303-AP605-00067,20260303-AP605-0005,AP604,hedge_exit,sell,,1,26,submit,,FLATTENING
20260303,43773000,09:09:33.000,20260303-AP605-00067,20260303-AP605-0005,AP604,hedge_exit,sell,9607.0,1,26,fill,quote_key=43771000,FLATTENING
20260303,43785000,09:09:45.000,20260303-AP605-00068,,AP605,target_buy,buy,9806.0,1,27,submit,initial_quote,FLAT_QUOTING
20260303,43785000,09:09:45.000,20260303-AP605-00069,,AP605,target_sell,sell,9976.0,1,27,submit,initial_quote,FLAT_QUOTING
20260303,43786000,09:09:46.000,20260303-AP605-00068,,AP605,target_buy,buy,9806.0,1,27,ack,,FLAT_QUOTING
20260303,43786000,09:09:46.000,20260303-AP605-00069,,AP605,target_sell,sell,9976.0,1,27,ack,,FLAT_QUOTING
20260303,43793000,09:09:53.000,20260303-AP605-00068,,AP605,target_buy,buy,9806.0,1,27,cancel_requested,fair_invalid_or_session_guard,PAUSED
20260303,43793000,09:09:53.000,20260303-AP605-00069,,AP605,target_sell,sell,9976.0,1,27,cancel_requested,fair_invalid_or_session_guard,PAUSED
20260303,43794000,09:09:54.000,20260303-AP605-00068,,AP605,target_buy,buy,9806.0,1,27,cancel_ack,fair_invalid_or_session_guard,PAUSED
20260303,43794000,09:09:54.000,20260303-AP605-00069,,AP605,target_sell,sell,9976.0,1,27,cancel_ack,fair_invalid_or_session_guard,PAUSED
20260303,43796000,09:09:56.000,20260303-AP605-00070,,AP605,target_buy,buy,9803.0,1,28,submit,initial_quote,FLAT_QUOTING
20260303,43796000,09:09:56.000,20260303-AP605-00071,,AP605,target_sell,sell,9973.0,1,28,submit,initial_quote,FLAT_QUOTING
20260303,43797000,09:09:57.000,20260303-AP605-00070,,AP605,target_buy,buy,9803.0,1,28,ack,,FLAT_QUOTING
20260303,43797000,09:09:57.000,20260303-AP605-00071,,AP605,target_sell,sell,9973.0,1,28,ack,,FLAT_QUOTING
20260303,43817000,09:10:17.000,20260303-AP605-00070,,AP605,target_buy,buy,9803.0,1,28,cancel_requested,fair_invalid_or_session_guard,PAUSED
20260303,43817000,09:10:17.000,20260303-AP605-00071,,AP605,target_sell,sell,9973.0,1,28,cancel_requested,fair_invalid_or_session_guard,PAUSED
20260303,43818000,09:10:18.000,20260303-AP605-00070,,AP605,target_buy,buy,9803.0,1,28,cancel_ack,fair_invalid_or_session_guard,PAUSED
20260303,43818000,09:10:18.000,20260303-AP605-00071,,AP605,target_sell,sell,9973.0,1,28,cancel_ack,fair_invalid_or_session_guard,PAUSED
20260303,43821000,09:10:21.000,20260303-AP605-00072,,AP605,target_buy,buy,9804.0,1,29,submit,initial_quote,FLAT_QUOTING
20260303,43821000,09:10:21.000,20260303-AP605-00073,,AP605,target_sell,sell,9974.0,1,29,submit,initial_quote,FLAT_QUOTING
20260303,43822000,09:10:22.000,20260303-AP605-00072,,AP605,target_buy,buy,9804.0,1,29,ack,,FLAT_QUOTING
20260303,43822000,09:10:22.000,20260303-AP605-00073,,AP605,target_sell,sell,9974.0,1,29,ack,,FLAT_QUOTING
20260303,43830000,09:10:30.000,20260303-AP605-00072,,AP605,target_buy,buy,9804.0,1,29,cancel_requested,fair_invalid_or_session_guard,PAUSED
20260303,43830000,09:10:30.000,20260303-AP605-00073,,AP605,target_sell,sell,9974.0,1,29,cancel_requested,fair_invalid_or_session_guard,PAUSED
20260303,43831000,09:10:31.000,20260303-AP605-00072,,AP605,target_buy,buy,9804.0,1,29,cancel_ack,fair_invalid_or_session_guard,PAUSED
20260303,43831000,09:10:31.000,20260303-AP605-00073,,AP605,target_sell,sell,9974.0,1,29,cancel_ack,fair_invalid_or_session_guard,PAUSED
20260303,43841000,09:10:41.000,20260303-AP605-00074,,AP605,target_buy,buy,9803.0,1,30,submit,initial_quote,FLAT_QUOTING
20260303,43841000,09:10:41.000,20260303-AP605-00075,,AP605,target_sell,sell,9973.0,1,30,submit,initial_quote,FLAT_QUOTING
20260303,43842000,09:10:42.000,20260303-AP605-00074,,AP605,target_buy,buy,9803.0,1,30,ack,,FLAT_QUOTING
20260303,43842000,09:10:42.000,20260303-AP605-00075,,AP605,target_sell,sell,9973.0,1,30,ack,,FLAT_QUOTING
20260303,43844000,09:10:44.000,20260303-AP605-00074,,AP605,target_buy,buy,9803.0,1,30,cancel_requested,fair_invalid_or_session_guard,PAUSED
20260303,43844000,09:10:44.000,20260303-AP605-00075,,AP605,target_sell,sell,9973.0,1,30,cancel_requested,fair_invalid_or_session_guard,PAUSED
20260303,43845000,09:10:45.000,20260303-AP605-00074,,AP605,target_buy,buy,9803.0,1,30,cancel_ack,fair_invalid_or_session_guard,PAUSED
20260303,43845000,09:10:45.000,20260303-AP605-00075,,AP605,target_sell,sell,9973.0,1,30,cancel_ack,fair_invalid_or_session_guard,PAUSED
20260303,43849000,09:10:49.000,20260303-AP605-00076,,AP605,target_buy,buy,9803.0,1,31,submit,initial_quote,FLAT_QUOTING
20260303,43849000,09:10:49.000,20260303-AP605-00077,,AP605,target_sell,sell,9973.0,1,31,submit,initial_quote,FLAT_QUOTING
20260303,43850000,09:10:50.000,20260303-AP605-00076,,AP605,target_buy,buy,9803.0,1,31,ack,,FLAT_QUOTING
20260303,43850000,09:10:50.000,20260303-AP605-00077,,AP605,target_sell,sell,9973.0,1,31,ack,,FLAT_QUOTING
20260303,43876000,09:11:16.000,20260303-AP605-00076,,AP605,target_buy,buy,9803.0,1,31,cancel_requested,fair_invalid_or_session_guard,PAUSED
20260303,43876000,09:11:16.000,20260303-AP605-00077,,AP605,target_sell,sell,9973.0,1,31,cancel_requested,fair_invalid_or_session_guard,PAUSED
20260303,43877000,09:11:17.000,20260303-AP605-00076,,AP605,target_buy,buy,9803.0,1,31,cancel_ack,fair_invalid_or_session_guard,PAUSED
20260303,43877000,09:11:17.000,20260303-AP605-00077,,AP605,target_sell,sell,9973.0,1,31,cancel_ack,fair_invalid_or_session_guard,PAUSED
20260303,43881000,09:11:21.000,20260303-AP605-00078,,AP605,target_buy,buy,9809.0,1,32,submit,initial_quote,FLAT_QUOTING
20260303,43881000,09:11:21.000,20260303-AP605-00079,,AP605,target_sell,sell,9979.0,1,32,submit,initial_quote,FLAT_QUOTING
20260303,43882000,09:11:22.000,20260303-AP605-00078,,AP605,target_buy,buy,9809.0,1,32,ack,,FLAT_QUOTING
20260303,43882000,09:11:22.000,20260303-AP605-00079,,AP605,target_sell,sell,9979.0,1,32,ack,,FLAT_QUOTING
20260303,43897000,09:11:37.000,20260303-AP605-00078,,AP605,target_buy,buy,9809.0,1,32,cancel_requested,fair_invalid_or_session_guard,PAUSED
20260303,43897000,09:11:37.000,20260303-AP605-00079,,AP605,target_sell,sell,9979.0,1,32,cancel_requested,fair_invalid_or_session_guard,PAUSED
20260303,43898000,09:11:38.000,20260303-AP605-00078,,AP605,target_buy,buy,9809.0,1,32,cancel_ack,fair_invalid_or_session_guard,PAUSED
20260303,43898000,09:11:38.000,20260303-AP605-00079,,AP605,target_sell,sell,9979.0,1,32,cancel_ack,fair_invalid_or_session_guard,PAUSED
20260303,43919000,09:11:59.000,20260303-AP605-00080,,AP605,target_buy,buy,9817.0,1,33,submit,initial_quote,FLAT_QUOTING
20260303,43919000,09:11:59.000,20260303-AP605-00081,,AP605,target_sell,sell,9987.0,1,33,submit,initial_quote,FLAT_QUOTING
20260303,43920000,09:12:00.000,20260303-AP605-00080,,AP605,target_buy,buy,9817.0,1,33,ack,,FLAT_QUOTING
20260303,43920000,09:12:00.000,20260303-AP605-00081,,AP605,target_sell,sell,9987.0,1,33,ack,,FLAT_QUOTING
20260303,43947000,09:12:27.000,20260303-AP605-00081,,AP605,target_sell,sell,9987.0,1,33,fill,interval_vwap,FLAT_QUOTING
20260303,43947000,09:12:27.000,20260303-AP605-00080,,AP605,target_buy,buy,9817.0,1,33,cancel_requested,opposite_target_fill,FLAT_QUOTING
20260303,43948000,09:12:28.000,20260303-AP605-00080,,AP605,target_buy,buy,9817.0,1,33,cancel_ack,opposite_target_fill,SHORT_PENDING_HEDGE
20260303,43948000,09:12:28.000,20260303-AP605-00082,20260303-AP605-0006,AP604,hedge_entry,buy,,1,33,submit,,SHORT_PENDING_HEDGE
20260303,43948000,09:12:28.000,20260303-AP605-00082,20260303-AP605-0006,AP604,hedge_entry,buy,9641.0,1,33,fill,quote_key=43947000,SHORT_PENDING_HEDGE
20260303,43949000,09:12:29.000,20260303-AP605-00083,20260303-AP605-0006,AP605,target_exit,buy,,1,33,submit,,FLATTENING
20260303,43949000,09:12:29.000,20260303-AP605-00083,20260303-AP605-0006,AP605,target_exit,buy,9915.0,1,33,fill,,FLATTENING
20260303,43949000,09:12:29.000,20260303-AP605-00084,20260303-AP605-0006,AP604,hedge_exit,sell,,1,33,submit,,FLATTENING
20260303,43949000,09:12:29.000,20260303-AP605-00084,20260303-AP605-0006,AP604,hedge_exit,sell,9615.0,1,33,fill,quote_key=43947000,FLATTENING
20260303,43951000,09:12:31.000,20260303-AP605-00085,,AP605,target_buy,buy,9817.0,1,34,submit,initial_quote,FLAT_QUOTING
20260303,43951000,09:12:31.000,20260303-AP605-00086,,AP605,target_sell,sell,9987.0,1,34,submit,initial_quote,FLAT_QUOTING
20260303,43952000,09:12:32.000,20260303-AP605-00085,,AP605,target_buy,buy,9817.0,1,34,ack,,FLAT_QUOTING
20260303,43952000,09:12:32.000,20260303-AP605-00086,,AP605,target_sell,sell,9987.0,1,34,ack,,FLAT_QUOTING
20260303,43983000,09:13:03.000,20260303-AP605-00086,,AP605,target_sell,sell,9987.0,1,34,fill,interval_vwap,FLAT_QUOTING
20260303,43983000,09:13:03.000,20260303-AP605-00085,,AP605,target_buy,buy,9817.0,1,34,cancel_requested,opposite_target_fill,FLAT_QUOTING
20260303,43984000,09:13:04.000,20260303-AP605-00085,,AP605,target_buy,buy,9817.0,1,34,cancel_ack,opposite_target_fill,SHORT_PENDING_HEDGE
20260303,43984000,09:13:04.000,20260303-AP605-00087,20260303-AP605-0007,AP604,hedge_entry,buy,,1,34,submit,,SHORT_PENDING_HEDGE
20260303,43984000,09:13:04.000,20260303-AP605-00087,20260303-AP605-0007,AP604,hedge_entry,buy,9641.0,1,34,fill,quote_key=43983000,SHORT_PENDING_HEDGE
20260303,43985000,09:13:05.000,20260303-AP605-00088,20260303-AP605-0007,AP605,target_exit,buy,,1,34,submit,,FLATTENING
20260303,43985000,09:13:05.000,20260303-AP605-00088,20260303-AP605-0007,AP605,target_exit,buy,9919.0,1,34,fill,,FLATTENING
20260303,43985000,09:13:05.000,20260303-AP605-00089,20260303-AP605-0007,AP604,hedge_exit,sell,,1,34,submit,,FLATTENING
20260303,43985000,09:13:05.000,20260303-AP605-00089,20260303-AP605-0007,AP604,hedge_exit,sell,9619.0,1,34,fill,quote_key=43985000,FLATTENING
20260303,43987000,09:13:07.000,20260303-AP605-00090,,AP605,target_buy,buy,9819.0,1,35,submit,initial_quote,FLAT_QUOTING
20260303,43987000,09:13:07.000,20260303-AP605-00091,,AP605,target_sell,sell,9989.0,1,35,submit,initial_quote,FLAT_QUOTING
20260303,43988000,09:13:08.000,20260303-AP605-00090,,AP605,target_buy,buy,9819.0,1,35,ack,,FLAT_QUOTING
20260303,43988000,09:13:08.000,20260303-AP605-00091,,AP605,target_sell,sell,9989.0,1,35,ack,,FLAT_QUOTING
20260303,43997000,09:13:17.000,20260303-AP605-00091,,AP605,target_sell,sell,9989.0,1,35,fill,interval_vwap,FLAT_QUOTING
20260303,43997000,09:13:17.000,20260303-AP605-00090,,AP605,target_buy,buy,9819.0,1,35,cancel_requested,opposite_target_fill,FLAT_QUOTING
20260303,43998000,09:13:18.000,20260303-AP605-00090,,AP605,target_buy,buy,9819.0,1,35,cancel_ack,opposite_target_fill,SHORT_PENDING_HEDGE
20260303,43998000,09:13:18.000,20260303-AP605-00092,20260303-AP605-0008,AP604,hedge_entry,buy,,1,35,submit,,SHORT_PENDING_HEDGE
20260303,43998000,09:13:18.000,20260303-AP605-00092,20260303-AP605-0008,AP604,hedge_entry,buy,9641.0,1,35,fill,quote_key=43998000,SHORT_PENDING_HEDGE
20260303,43999000,09:13:19.000,20260303-AP605-00093,20260303-AP605-0008,AP605,target_exit,buy,,1,35,submit,,FLATTENING
20260303,43999000,09:13:19.000,20260303-AP605-00093,20260303-AP605-0008,AP605,target_exit,buy,9918.0,1,35,fill,,FLATTENING
20260303,43999000,09:13:19.000,20260303-AP605-00094,20260303-AP605-0008,AP604,hedge_exit,sell,,1,35,submit,,FLATTENING
20260303,43999000,09:13:19.000,20260303-AP605-00094,20260303-AP605-0008,AP604,hedge_exit,sell,9618.0,1,35,fill,quote_key=43998000,FLATTENING
20260303,44001000,09:13:21.000,20260303-AP605-00095,,AP605,target_buy,buy,9819.0,1,36,submit,initial_quote,FLAT_QUOTING
20260303,44001000,09:13:21.000,20260303-AP605-00096,,AP605,target_sell,sell,9989.0,1,36,submit,initial_quote,FLAT_QUOTING
20260303,44002000,09:13:22.000,20260303-AP605-00095,,AP605,target_buy,buy,9819.0,1,36,ack,,FLAT_QUOTING
20260303,44002000,09:13:22.000,20260303-AP605-00096,,AP605,target_sell,sell,9989.0,1,36,ack,,FLAT_QUOTING
20260303,44043000,09:14:03.000,20260303-AP605-00095,,AP605,target_buy,buy,9819.0,1,36,cancel_requested,fair_invalid_or_session_guard,PAUSED
20260303,44043000,09:14:03.000,20260303-AP605-00096,,AP605,target_sell,sell,9989.0,1,36,cancel_requested,fair_invalid_or_session_guard,PAUSED
20260303,44044000,09:14:04.000,20260303-AP605-00095,,AP605,target_buy,buy,9819.0,1,36,cancel_ack,fair_invalid_or_session_guard,PAUSED
20260303,44044000,09:14:04.000,20260303-AP605-00096,,AP605,target_sell,sell,9989.0,1,36,cancel_ack,fair_invalid_or_session_guard,PAUSED
20260303,44048000,09:14:08.000,20260303-AP605-00097,,AP605,target_buy,buy,9821.0,1,37,submit,initial_quote,FLAT_QUOTING
20260303,44048000,09:14:08.000,20260303-AP605-00098,,AP605,target_sell,sell,9991.0,1,37,submit,initial_quote,FLAT_QUOTING
20260303,44049000,09:14:09.000,20260303-AP605-00097,,AP605,target_buy,buy,9821.0,1,37,ack,,FLAT_QUOTING
20260303,44049000,09:14:09.000,20260303-AP605-00098,,AP605,target_sell,sell,9991.0,1,37,ack,,FLAT_QUOTING
20260303,44055000,09:14:15.000,20260303-AP605-00097,,AP605,target_buy,buy,9821.0,1,37,cancel_requested,fair_invalid_or_session_guard,PAUSED
20260303,44055000,09:14:15.000,20260303-AP605-00098,,AP605,target_sell,sell,9991.0,1,37,cancel_requested,fair_invalid_or_session_guard,PAUSED
20260303,44056000,09:14:16.000,20260303-AP605-00097,,AP605,target_buy,buy,9821.0,1,37,cancel_ack,fair_invalid_or_session_guard,PAUSED
20260303,44056000,09:14:16.000,20260303-AP605-00098,,AP605,target_sell,sell,9991.0,1,37,cancel_ack,fair_invalid_or_session_guard,PAUSED
20260303,44057000,09:14:17.000,20260303-AP605-00099,,AP605,target_buy,buy,9821.0,1,38,submit,initial_quote,FLAT_QUOTING
20260303,44057000,09:14:17.000,20260303-AP605-00100,,AP605,target_sell,sell,9991.0,1,38,submit,initial_quote,FLAT_QUOTING
20260303,44058000,09:14:18.000,20260303-AP605-00099,,AP605,target_buy,buy,9821.0,1,38,ack,,FLAT_QUOTING
20260303,44058000,09:14:18.000,20260303-AP605-00100,,AP605,target_sell,sell,9991.0,1,38,ack,,FLAT_QUOTING
20260303,44075000,09:14:35.000,20260303-AP605-00099,,AP605,target_buy,buy,9821.0,1,38,cancel_requested,fair_invalid_or_session_guard,PAUSED
20260303,44075000,09:14:35.000,20260303-AP605-00100,,AP605,target_sell,sell,9991.0,1,38,cancel_requested,fair_invalid_or_session_guard,PAUSED
20260303,44076000,09:14:36.000,20260303-AP605-00099,,AP605,target_buy,buy,9821.0,1,38,cancel_ack,fair_invalid_or_session_guard,PAUSED
20260303,44076000,09:14:36.000,20260303-AP605-00100,,AP605,target_sell,sell,9991.0,1,38,cancel_ack,fair_invalid_or_session_guard,PAUSED
20260303,44083000,09:14:43.000,20260303-AP605-00101,,AP605,target_buy,buy,9821.0,1,39,submit,initial_quote,FLAT_QUOTING
20260303,44083000,09:14:43.000,20260303-AP605-00102,,AP605,target_sell,sell,9991.0,1,39,submit,initial_quote,FLAT_QUOTING
20260303,44084000,09:14:44.000,20260303-AP605-00101,,AP605,target_buy,buy,9821.0,1,39,ack,,FLAT_QUOTING
20260303,44084000,09:14:44.000,20260303-AP605-00102,,AP605,target_sell,sell,9991.0,1,39,ack,,FLAT_QUOTING
20260303,44087000,09:14:47.000,20260303-AP605-00101,,AP605,target_buy,buy,9821.0,1,39,cancel_requested,fair_invalid_or_session_guard,PAUSED
20260303,44087000,09:14:47.000,20260303-AP605-00102,,AP605,target_sell,sell,9991.0,1,39,cancel_requested,fair_invalid_or_session_guard,PAUSED
20260303,44088000,09:14:48.000,20260303-AP605-00101,,AP605,target_buy,buy,9821.0,1,39,cancel_ack,fair_invalid_or_session_guard,PAUSED
20260303,44088000,09:14:48.000,20260303-AP605-00102,,AP605,target_sell,sell,9991.0,1,39,cancel_ack,fair_invalid_or_session_guard,PAUSED
20260303,44089000,09:14:49.000,20260303-AP605-00103,,AP605,target_buy,buy,9822.0,1,40,submit,initial_quote,FLAT_QUOTING
20260303,44089000,09:14:49.000,20260303-AP605-00104,,AP605,target_sell,sell,9992.0,1,40,submit,initial_quote,FLAT_QUOTING
20260303,44090000,09:14:50.000,20260303-AP605-00103,,AP605,target_buy,buy,9822.0,1,40,ack,,FLAT_QUOTING
20260303,44090000,09:14:50.000,20260303-AP605-00104,,AP605,target_sell,sell,9992.0,1,40,ack,,FLAT_QUOTING
20260303,44111000,09:15:11.000,20260303-AP605-00103,,AP605,target_buy,buy,9822.0,1,40,cancel_requested,fair_invalid_or_session_guard,PAUSED
20260303,44111000,09:15:11.000,20260303-AP605-00104,,AP605,target_sell,sell,9992.0,1,40,cancel_requested,fair_invalid_or_session_guard,PAUSED
20260303,44112000,09:15:12.000,20260303-AP605-00103,,AP605,target_buy,buy,9822.0,1,40,cancel_ack,fair_invalid_or_session_guard,PAUSED
20260303,44112000,09:15:12.000,20260303-AP605-00104,,AP605,target_sell,sell,9992.0,1,40,cancel_ack,fair_invalid_or_session_guard,PAUSED
20260303,44123000,09:15:23.000,20260303-AP605-00105,,AP605,target_buy,buy,9824.0,1,41,submit,initial_quote,FLAT_QUOTING
20260303,44123000,09:15:23.000,20260303-AP605-00106,,AP605,target_sell,sell,9994.0,1,41,submit,initial_quote,FLAT_QUOTING
20260303,44124000,09:15:24.000,20260303-AP605-00105,,AP605,target_buy,buy,9824.0,1,41,ack,,FLAT_QUOTING
20260303,44124000,09:15:24.000,20260303-AP605-00106,,AP605,target_sell,sell,9994.0,1,41,ack,,FLAT_QUOTING
20260303,44128000,09:15:28.000,20260303-AP605-00105,,AP605,target_buy,buy,9824.0,1,41,cancel_requested,fair_invalid_or_session_guard,PAUSED
20260303,44128000,09:15:28.000,20260303-AP605-00106,,AP605,target_sell,sell,9994.0,1,41,cancel_requested,fair_invalid_or_session_guard,PAUSED
20260303,44129000,09:15:29.000,20260303-AP605-00105,,AP605,target_buy,buy,9824.0,1,41,cancel_ack,fair_invalid_or_session_guard,PAUSED
20260303,44129000,09:15:29.000,20260303-AP605-00106,,AP605,target_sell,sell,9994.0,1,41,cancel_ack,fair_invalid_or_session_guard,PAUSED
20260303,44132000,09:15:32.000,20260303-AP605-00107,,AP605,target_buy,buy,9822.0,1,42,submit,initial_quote,FLAT_QUOTING
20260303,44132000,09:15:32.000,20260303-AP605-00108,,AP605,target_sell,sell,9992.0,1,42,submit,initial_quote,FLAT_QUOTING
20260303,44133000,09:15:33.000,20260303-AP605-00107,,AP605,target_buy,buy,9822.0,1,42,ack,,FLAT_QUOTING
20260303,44133000,09:15:33.000,20260303-AP605-00108,,AP605,target_sell,sell,9992.0,1,42,ack,,FLAT_QUOTING
20260303,44137000,09:15:37.000,20260303-AP605-00107,,AP605,target_buy,buy,9822.0,1,42,cancel_requested,fair_invalid_or_session_guard,PAUSED
20260303,44137000,09:15:37.000,20260303-AP605-00108,,AP605,target_sell,sell,9992.0,1,42,cancel_requested,fair_invalid_or_session_guard,PAUSED
20260303,44138000,09:15:38.000,20260303-AP605-00107,,AP605,target_buy,buy,9822.0,1,42,cancel_ack,fair_invalid_or_session_guard,PAUSED
20260303,44138000,09:15:38.000,20260303-AP605-00108,,AP605,target_sell,sell,9992.0,1,42,cancel_ack,fair_invalid_or_session_guard,PAUSED
20260303,44139000,09:15:39.000,20260303-AP605-00109,,AP605,target_buy,buy,9822.0,1,43,submit,initial_quote,FLAT_QUOTING
20260303,44139000,09:15:39.000,20260303-AP605-00110,,AP605,target_sell,sell,9992.0,1,43,submit,initial_quote,FLAT_QUOTING
20260303,44140000,09:15:40.000,20260303-AP605-00109,,AP605,target_buy,buy,9822.0,1,43,ack,,FLAT_QUOTING
20260303,44140000,09:15:40.000,20260303-AP605-00110,,AP605,target_sell,sell,9992.0,1,43,ack,,FLAT_QUOTING
20260303,44162000,09:16:02.000,20260303-AP605-00109,,AP605,target_buy,buy,9822.0,1,43,cancel_requested,fair_invalid_or_session_guard,PAUSED
20260303,44162000,09:16:02.000,20260303-AP605-00110,,AP605,target_sell,sell,9992.0,1,43,cancel_requested,fair_invalid_or_session_guard,PAUSED
20260303,44163000,09:16:03.000,20260303-AP605-00109,,AP605,target_buy,buy,9822.0,1,43,cancel_ack,fair_invalid_or_session_guard,PAUSED
20260303,44163000,09:16:03.000,20260303-AP605-00110,,AP605,target_sell,sell,9992.0,1,43,cancel_ack,fair_invalid_or_session_guard,PAUSED
20260303,44164000,09:16:04.000,20260303-AP605-00111,,AP605,target_buy,buy,9821.0,1,44,submit,initial_quote,FLAT_QUOTING
20260303,44164000,09:16:04.000,20260303-AP605-00112,,AP605,target_sell,sell,9991.0,1,44,submit,initial_quote,FLAT_QUOTING
20260303,44165000,09:16:05.000,20260303-AP605-00111,,AP605,target_buy,buy,9821.0,1,44,ack,,FLAT_QUOTING
20260303,44165000,09:16:05.000,20260303-AP605-00112,,AP605,target_sell,sell,9991.0,1,44,ack,,FLAT_QUOTING
20260303,44170000,09:16:10.000,20260303-AP605-00111,,AP605,target_buy,buy,9821.0,1,44,cancel_requested,fair_invalid_or_session_guard,PAUSED
20260303,44170000,09:16:10.000,20260303-AP605-00112,,AP605,target_sell,sell,9991.0,1,44,cancel_requested,fair_invalid_or_session_guard,PAUSED
20260303,44171000,09:16:11.000,20260303-AP605-00111,,AP605,target_buy,buy,9821.0,1,44,cancel_ack,fair_invalid_or_session_guard,PAUSED
20260303,44171000,09:16:11.000,20260303-AP605-00112,,AP605,target_sell,sell,9991.0,1,44,cancel_ack,fair_invalid_or_session_guard,PAUSED
20260303,44172000,09:16:12.000,20260303-AP605-00113,,AP605,target_buy,buy,9819.0,1,45,submit,initial_quote,FLAT_QUOTING
20260303,44172000,09:16:12.000,20260303-AP605-00114,,AP605,target_sell,sell,9989.0,1,45,submit,initial_quote,FLAT_QUOTING
20260303,44173000,09:16:13.000,20260303-AP605-00113,,AP605,target_buy,buy,9819.0,1,45,ack,,FLAT_QUOTING
20260303,44173000,09:16:13.000,20260303-AP605-00114,,AP605,target_sell,sell,9989.0,1,45,ack,,FLAT_QUOTING
20260303,44191000,09:16:31.000,20260303-AP605-00113,,AP605,target_buy,buy,9819.0,1,45,cancel_requested,fair_invalid_or_session_guard,PAUSED
20260303,44191000,09:16:31.000,20260303-AP605-00114,,AP605,target_sell,sell,9989.0,1,45,cancel_requested,fair_invalid_or_session_guard,PAUSED
20260303,44192000,09:16:32.000,20260303-AP605-00113,,AP605,target_buy,buy,9819.0,1,45,cancel_ack,fair_invalid_or_session_guard,PAUSED
20260303,44192000,09:16:32.000,20260303-AP605-00114,,AP605,target_sell,sell,9989.0,1,45,cancel_ack,fair_invalid_or_session_guard,PAUSED
20260303,44199000,09:16:39.000,20260303-AP605-00115,,AP605,target_buy,buy,9820.0,1,46,submit,initial_quote,FLAT_QUOTING
20260303,44199000,09:16:39.000,20260303-AP605-00116,,AP605,target_sell,sell,9990.0,1,46,submit,initial_quote,FLAT_QUOTING
20260303,44200000,09:16:40.000,20260303-AP605-00115,,AP605,target_buy,buy,9820.0,1,46,ack,,FLAT_QUOTING
20260303,44200000,09:16:40.000,20260303-AP605-00116,,AP605,target_sell,sell,9990.0,1,46,ack,,FLAT_QUOTING
20260303,44203000,09:16:43.000,20260303-AP605-00115,,AP605,target_buy,buy,9820.0,1,46,cancel_requested,fair_invalid_or_session_guard,PAUSED
20260303,44203000,09:16:43.000,20260303-AP605-00116,,AP605,target_sell,sell,9990.0,1,46,cancel_requested,fair_invalid_or_session_guard,PAUSED
20260303,44204000,09:16:44.000,20260303-AP605-00115,,AP605,target_buy,buy,9820.0,1,46,cancel_ack,fair_invalid_or_session_guard,PAUSED
20260303,44204000,09:16:44.000,20260303-AP605-00116,,AP605,target_sell,sell,9990.0,1,46,cancel_ack,fair_invalid_or_session_guard,PAUSED
20260303,44205000,09:16:45.000,20260303-AP605-00117,,AP605,target_buy,buy,9820.0,1,47,submit,initial_quote,FLAT_QUOTING
20260303,44205000,09:16:45.000,20260303-AP605-00118,,AP605,target_sell,sell,9990.0,1,47,submit,initial_quote,FLAT_QUOTING
20260303,44206000,09:16:46.000,20260303-AP605-00117,,AP605,target_buy,buy,9820.0,1,47,ack,,FLAT_QUOTING
20260303,44206000,09:16:46.000,20260303-AP605-00118,,AP605,target_sell,sell,9990.0,1,47,ack,,FLAT_QUOTING
20260303,44216000,09:16:56.000,20260303-AP605-00117,,AP605,target_buy,buy,9820.0,1,47,cancel_requested,fair_invalid_or_session_guard,PAUSED
20260303,44216000,09:16:56.000,20260303-AP605-00118,,AP605,target_sell,sell,9990.0,1,47,cancel_requested,fair_invalid_or_session_guard,PAUSED
20260303,44217000,09:16:57.000,20260303-AP605-00117,,AP605,target_buy,buy,9820.0,1,47,cancel_ack,fair_invalid_or_session_guard,PAUSED
20260303,44217000,09:16:57.000,20260303-AP605-00118,,AP605,target_sell,sell,9990.0,1,47,cancel_ack,fair_invalid_or_session_guard,PAUSED
20260303,44221000,09:17:01.000,20260303-AP605-00119,,AP605,target_buy,buy,9821.0,1,48,submit,initial_quote,FLAT_QUOTING
20260303,44221000,09:17:01.000,20260303-AP605-00120,,AP605,target_sell,sell,9991.0,1,48,submit,initial_quote,FLAT_QUOTING
20260303,44222000,09:17:02.000,20260303-AP605-00119,,AP605,target_buy,buy,9821.0,1,48,ack,,FLAT_QUOTING
20260303,44222000,09:17:02.000,20260303-AP605-00120,,AP605,target_sell,sell,9991.0,1,48,ack,,FLAT_QUOTING
20260303,44230000,09:17:10.000,20260303-AP605-00119,,AP605,target_buy,buy,9821.0,1,48,cancel_requested,fair_invalid_or_session_guard,PAUSED
20260303,44230000,09:17:10.000,20260303-AP605-00120,,AP605,target_sell,sell,9991.0,1,48,cancel_requested,fair_invalid_or_session_guard,PAUSED
20260303,44231000,09:17:11.000,20260303-AP605-00119,,AP605,target_buy,buy,9821.0,1,48,cancel_ack,fair_invalid_or_session_guard,PAUSED
20260303,44231000,09:17:11.000,20260303-AP605-00120,,AP605,target_sell,sell,9991.0,1,48,cancel_ack,fair_invalid_or_session_guard,PAUSED
20260303,44236000,09:17:16.000,20260303-AP605-00121,,AP605,target_buy,buy,9823.0,1,49,submit,initial_quote,FLAT_QUOTING
20260303,44236000,09:17:16.000,20260303-AP605-00122,,AP605,target_sell,sell,9993.0,1,49,submit,initial_quote,FLAT_QUOTING
20260303,44237000,09:17:17.000,20260303-AP605-00121,,AP605,target_buy,buy,9823.0,1,49,ack,,FLAT_QUOTING
20260303,44237000,09:17:17.000,20260303-AP605-00122,,AP605,target_sell,sell,9993.0,1,49,ack,,FLAT_QUOTING
20260303,44240000,09:17:20.000,20260303-AP605-00121,,AP605,target_buy,buy,9823.0,1,49,cancel_requested,fair_invalid_or_session_guard,PAUSED
20260303,44240000,09:17:20.000,20260303-AP605-00122,,AP605,target_sell,sell,9993.0,1,49,cancel_requested,fair_invalid_or_session_guard,PAUSED
20260303,44241000,09:17:21.000,20260303-AP605-00121,,AP605,target_buy,buy,9823.0,1,49,cancel_ack,fair_invalid_or_session_guard,PAUSED
20260303,44241000,09:17:21.000,20260303-AP605-00122,,AP605,target_sell,sell,9993.0,1,49,cancel_ack,fair_invalid_or_session_guard,PAUSED
20260303,44248000,09:17:28.000,20260303-AP605-00123,,AP605,target_buy,buy,9825.0,1,50,submit,initial_quote,FLAT_QUOTING
20260303,44248000,09:17:28.000,20260303-AP605-00124,,AP605,target_sell,sell,9995.0,1,50,submit,initial_quote,FLAT_QUOTING
20260303,44249000,09:17:29.000,20260303-AP605-00123,,AP605,target_buy,buy,9825.0,1,50,ack,,FLAT_QUOTING
20260303,44249000,09:17:29.000,20260303-AP605-00124,,AP605,target_sell,sell,9995.0,1,50,ack,,FLAT_QUOTING
20260303,44263000,09:17:43.000,20260303-AP605-00123,,AP605,target_buy,buy,9825.0,1,50,cancel_requested,fair_invalid_or_session_guard,PAUSED
20260303,44263000,09:17:43.000,20260303-AP605-00124,,AP605,target_sell,sell,9995.0,1,50,cancel_requested,fair_invalid_or_session_guard,PAUSED
20260303,44264000,09:17:44.000,20260303-AP605-00123,,AP605,target_buy,buy,9825.0,1,50,cancel_ack,fair_invalid_or_session_guard,PAUSED
20260303,44264000,09:17:44.000,20260303-AP605-00124,,AP605,target_sell,sell,9995.0,1,50,cancel_ack,fair_invalid_or_session_guard,PAUSED
20260303,44270000,09:17:50.000,20260303-AP605-00125,,AP605,target_buy,buy,9825.0,1,51,submit,initial_quote,FLAT_QUOTING
20260303,44270000,09:17:50.000,20260303-AP605-00126,,AP605,target_sell,sell,9995.0,1,51,submit,initial_quote,FLAT_QUOTING
20260303,44271000,09:17:51.000,20260303-AP605-00125,,AP605,target_buy,buy,9825.0,1,51,ack,,FLAT_QUOTING
20260303,44271000,09:17:51.000,20260303-AP605-00126,,AP605,target_sell,sell,9995.0,1,51,ack,,FLAT_QUOTING
20260303,44277000,09:17:57.000,20260303-AP605-00125,,AP605,target_buy,buy,9825.0,1,51,cancel_requested,fair_invalid_or_session_guard,PAUSED
20260303,44277000,09:17:57.000,20260303-AP605-00126,,AP605,target_sell,sell,9995.0,1,51,cancel_requested,fair_invalid_or_session_guard,PAUSED
20260303,44278000,09:17:58.000,20260303-AP605-00125,,AP605,target_buy,buy,9825.0,1,51,cancel_ack,fair_invalid_or_session_guard,PAUSED
20260303,44278000,09:17:58.000,20260303-AP605-00126,,AP605,target_sell,sell,9995.0,1,51,cancel_ack,fair_invalid_or_session_guard,PAUSED
20260303,44311000,09:18:31.000,20260303-AP605-00127,,AP605,target_buy,buy,9820.0,1,52,submit,initial_quote,FLAT_QUOTING
20260303,44311000,09:18:31.000,20260303-AP605-00128,,AP605,target_sell,sell,9990.0,1,52,submit,initial_quote,FLAT_QUOTING
20260303,44312000,09:18:32.000,20260303-AP605-00127,,AP605,target_buy,buy,9820.0,1,52,ack,,FLAT_QUOTING
20260303,44312000,09:18:32.000,20260303-AP605-00128,,AP605,target_sell,sell,9990.0,1,52,ack,,FLAT_QUOTING
20260303,44317000,09:18:37.000,20260303-AP605-00127,,AP605,target_buy,buy,9820.0,1,52,cancel_requested,fair_invalid_or_session_guard,PAUSED
20260303,44317000,09:18:37.000,20260303-AP605-00128,,AP605,target_sell,sell,9990.0,1,52,cancel_requested,fair_invalid_or_session_guard,PAUSED
20260303,44318000,09:18:38.000,20260303-AP605-00127,,AP605,target_buy,buy,9820.0,1,52,cancel_ack,fair_invalid_or_session_guard,PAUSED
20260303,44318000,09:18:38.000,20260303-AP605-00128,,AP605,target_sell,sell,9990.0,1,52,cancel_ack,fair_invalid_or_session_guard,PAUSED
20260303,44327000,09:18:47.000,20260303-AP605-00129,,AP605,target_buy,buy,9819.0,1,53,submit,initial_quote,FLAT_QUOTING
20260303,44327000,09:18:47.000,20260303-AP605-00130,,AP605,target_sell,sell,9989.0,1,53,submit,initial_quote,FLAT_QUOTING
20260303,44328000,09:18:48.000,20260303-AP605-00129,,AP605,target_buy,buy,9819.0,1,53,ack,,FLAT_QUOTING
20260303,44328000,09:18:48.000,20260303-AP605-00130,,AP605,target_sell,sell,9989.0,1,53,ack,,FLAT_QUOTING
20260303,44330000,09:18:50.000,20260303-AP605-00129,,AP605,target_buy,buy,9819.0,1,53,cancel_requested,fair_invalid_or_session_guard,PAUSED
20260303,44330000,09:18:50.000,20260303-AP605-00130,,AP605,target_sell,sell,9989.0,1,53,cancel_requested,fair_invalid_or_session_guard,PAUSED
20260303,44331000,09:18:51.000,20260303-AP605-00129,,AP605,target_buy,buy,9819.0,1,53,cancel_ack,fair_invalid_or_session_guard,PAUSED
20260303,44331000,09:18:51.000,20260303-AP605-00130,,AP605,target_sell,sell,9989.0,1,53,cancel_ack,fair_invalid_or_session_guard,PAUSED
20260303,44332000,09:18:52.000,20260303-AP605-00131,,AP605,target_buy,buy,9821.0,1,54,submit,initial_quote,FLAT_QUOTING
20260303,44332000,09:18:52.000,20260303-AP605-00132,,AP605,target_sell,sell,9991.0,1,54,submit,initial_quote,FLAT_QUOTING
20260303,44333000,09:18:53.000,20260303-AP605-00131,,AP605,target_buy,buy,9821.0,1,54,ack,,FLAT_QUOTING
20260303,44333000,09:18:53.000,20260303-AP605-00132,,AP605,target_sell,sell,9991.0,1,54,ack,,FLAT_QUOTING
20260303,44337000,09:18:57.000,20260303-AP605-00131,,AP605,target_buy,buy,9821.0,1,54,cancel_requested,fair_invalid_or_session_guard,PAUSED
20260303,44337000,09:18:57.000,20260303-AP605-00132,,AP605,target_sell,sell,9991.0,1,54,cancel_requested,fair_invalid_or_session_guard,PAUSED
20260303,44338000,09:18:58.000,20260303-AP605-00131,,AP605,target_buy,buy,9821.0,1,54,cancel_ack,fair_invalid_or_session_guard,PAUSED
20260303,44338000,09:18:58.000,20260303-AP605-00132,,AP605,target_sell,sell,9991.0,1,54,cancel_ack,fair_invalid_or_session_guard,PAUSED
20260303,44342000,09:19:02.000,20260303-AP605-00133,,AP605,target_buy,buy,9821.0,1,55,submit,initial_quote,FLAT_QUOTING
20260303,44342000,09:19:02.000,20260303-AP605-00134,,AP605,target_sell,sell,9991.0,1,55,submit,initial_quote,FLAT_QUOTING
20260303,44344000,09:19:04.000,20260303-AP605-00133,,AP605,target_buy,buy,9821.0,1,55,ack,,FLAT_QUOTING
20260303,44344000,09:19:04.000,20260303-AP605-00134,,AP605,target_sell,sell,9991.0,1,55,ack,,FLAT_QUOTING
20260303,44349000,09:19:09.000,20260303-AP605-00133,,AP605,target_buy,buy,9821.0,1,55,cancel_requested,fair_invalid_or_session_guard,PAUSED
20260303,44349000,09:19:09.000,20260303-AP605-00134,,AP605,target_sell,sell,9991.0,1,55,cancel_requested,fair_invalid_or_session_guard,PAUSED
20260303,44351000,09:19:11.000,20260303-AP605-00133,,AP605,target_buy,buy,9821.0,1,55,cancel_ack,fair_invalid_or_session_guard,PAUSED
20260303,44351000,09:19:11.000,20260303-AP605-00134,,AP605,target_sell,sell,9991.0,1,55,cancel_ack,fair_invalid_or_session_guard,PAUSED
20260303,44354000,09:19:14.000,20260303-AP605-00135,,AP605,target_buy,buy,9821.0,1,56,submit,initial_quote,FLAT_QUOTING
20260303,44354000,09:19:14.000,20260303-AP605-00136,,AP605,target_sell,sell,9991.0,1,56,submit,initial_quote,FLAT_QUOTING
20260303,44355000,09:19:15.000,20260303-AP605-00135,,AP605,target_buy,buy,9821.0,1,56,ack,,FLAT_QUOTING
20260303,44355000,09:19:15.000,20260303-AP605-00136,,AP605,target_sell,sell,9991.0,1,56,ack,,FLAT_QUOTING
20260303,44377000,09:19:37.000,20260303-AP605-00135,,AP605,target_buy,buy,9821.0,1,56,cancel_requested,fair_invalid_or_session_guard,PAUSED
20260303,44377000,09:19:37.000,20260303-AP605-00136,,AP605,target_sell,sell,9991.0,1,56,cancel_requested,fair_invalid_or_session_guard,PAUSED
20260303,44378000,09:19:38.000,20260303-AP605-00135,,AP605,target_buy,buy,9821.0,1,56,cancel_ack,fair_invalid_or_session_guard,PAUSED
20260303,44378000,09:19:38.000,20260303-AP605-00136,,AP605,target_sell,sell,9991.0,1,56,cancel_ack,fair_invalid_or_session_guard,PAUSED
20260303,44392000,09:19:52.000,20260303-AP605-00137,,AP605,target_buy,buy,9820.0,1,57,submit,initial_quote,FLAT_QUOTING
20260303,44392000,09:19:52.000,20260303-AP605-00138,,AP605,target_sell,sell,9990.0,1,57,submit,initial_quote,FLAT_QUOTING
20260303,44393000,09:19:53.000,20260303-AP605-00137,,AP605,target_buy,buy,9820.0,1,57,ack,,FLAT_QUOTING
20260303,44393000,09:19:53.000,20260303-AP605-00138,,AP605,target_sell,sell,9990.0,1,57,ack,,FLAT_QUOTING
20260303,44398000,09:19:58.000,20260303-AP605-00137,,AP605,target_buy,buy,9820.0,1,57,cancel_requested,fair_invalid_or_session_guard,PAUSED
20260303,44398000,09:19:58.000,20260303-AP605-00138,,AP605,target_sell,sell,9990.0,1,57,cancel_requested,fair_invalid_or_session_guard,PAUSED
20260303,44399000,09:19:59.000,20260303-AP605-00137,,AP605,target_buy,buy,9820.0,1,57,cancel_ack,fair_invalid_or_session_guard,PAUSED
20260303,44399000,09:19:59.000,20260303-AP605-00138,,AP605,target_sell,sell,9990.0,1,57,cancel_ack,fair_invalid_or_session_guard,PAUSED
20260303,44401000,09:20:01.000,20260303-AP605-00139,,AP605,target_buy,buy,9819.0,1,58,submit,initial_quote,FLAT_QUOTING
20260303,44401000,09:20:01.000,20260303-AP605-00140,,AP605,target_sell,sell,9989.0,1,58,submit,initial_quote,FLAT_QUOTING
20260303,44402000,09:20:02.000,20260303-AP605-00139,,AP605,target_buy,buy,9819.0,1,58,ack,,FLAT_QUOTING
20260303,44402000,09:20:02.000,20260303-AP605-00140,,AP605,target_sell,sell,9989.0,1,58,ack,,FLAT_QUOTING
20260303,44406000,09:20:06.000,20260303-AP605-00139,,AP605,target_buy,buy,9819.0,1,58,cancel_requested,fair_invalid_or_session_guard,PAUSED
20260303,44406000,09:20:06.000,20260303-AP605-00140,,AP605,target_sell,sell,9989.0,1,58,cancel_requested,fair_invalid_or_session_guard,PAUSED
20260303,44407000,09:20:07.000,20260303-AP605-00139,,AP605,target_buy,buy,9819.0,1,58,cancel_ack,fair_invalid_or_session_guard,PAUSED
20260303,44407000,09:20:07.000,20260303-AP605-00140,,AP605,target_sell,sell,9989.0,1,58,cancel_ack,fair_invalid_or_session_guard,PAUSED
20260303,44434000,09:20:34.000,20260303-AP605-00141,,AP605,target_buy,buy,9819.0,1,59,submit,initial_quote,FLAT_QUOTING
20260303,44434000,09:20:34.000,20260303-AP605-00142,,AP605,target_sell,sell,9989.0,1,59,submit,initial_quote,FLAT_QUOTING
20260303,44435000,09:20:35.000,20260303-AP605-00141,,AP605,target_buy,buy,9819.0,1,59,ack,,FLAT_QUOTING
20260303,44435000,09:20:35.000,20260303-AP605-00142,,AP605,target_sell,sell,9989.0,1,59,ack,,FLAT_QUOTING
20260303,44440000,09:20:40.000,20260303-AP605-00141,,AP605,target_buy,buy,9819.0,1,59,cancel_requested,fair_invalid_or_session_guard,PAUSED
20260303,44440000,09:20:40.000,20260303-AP605-00142,,AP605,target_sell,sell,9989.0,1,59,cancel_requested,fair_invalid_or_session_guard,PAUSED
20260303,44441000,09:20:41.000,20260303-AP605-00141,,AP605,target_buy,buy,9819.0,1,59,cancel_ack,fair_invalid_or_session_guard,PAUSED
20260303,44441000,09:20:41.000,20260303-AP605-00142,,AP605,target_sell,sell,9989.0,1,59,cancel_ack,fair_invalid_or_session_guard,PAUSED
20260303,44443000,09:20:43.000,20260303-AP605-00143,,AP605,target_buy,buy,9819.0,1,60,submit,initial_quote,FLAT_QUOTING
20260303,44443000,09:20:43.000,20260303-AP605-00144,,AP605,target_sell,sell,9989.0,1,60,submit,initial_quote,FLAT_QUOTING
20260303,44444000,09:20:44.000,20260303-AP605-00143,,AP605,target_buy,buy,9819.0,1,60,ack,,FLAT_QUOTING
20260303,44444000,09:20:44.000,20260303-AP605-00144,,AP605,target_sell,sell,9989.0,1,60,ack,,FLAT_QUOTING
20260303,44445000,09:20:45.000,20260303-AP605-00143,,AP605,target_buy,buy,9819.0,1,60,cancel_requested,fair_invalid_or_session_guard,PAUSED
20260303,44445000,09:20:45.000,20260303-AP605-00144,,AP605,target_sell,sell,9989.0,1,60,cancel_requested,fair_invalid_or_session_guard,PAUSED
20260303,44446000,09:20:46.000,20260303-AP605-00143,,AP605,target_buy,buy,9819.0,1,60,cancel_ack,fair_invalid_or_session_guard,PAUSED
20260303,44446000,09:20:46.000,20260303-AP605-00144,,AP605,target_sell,sell,9989.0,1,60,cancel_ack,fair_invalid_or_session_guard,PAUSED
20260303,44454000,09:20:54.000,20260303-AP605-00145,,AP605,target_buy,buy,9819.0,1,61,submit,initial_quote,FLAT_QUOTING
20260303,44454000,09:20:54.000,20260303-AP605-00146,,AP605,target_sell,sell,9989.0,1,61,submit,initial_quote,FLAT_QUOTING
20260303,44455000,09:20:55.000,20260303-AP605-00145,,AP605,target_buy,buy,9819.0,1,61,ack,,FLAT_QUOTING
20260303,44455000,09:20:55.000,20260303-AP605-00146,,AP605,target_sell,sell,9989.0,1,61,ack,,FLAT_QUOTING
20260303,44458000,09:20:58.000,20260303-AP605-00145,,AP605,target_buy,buy,9819.0,1,61,cancel_requested,fair_invalid_or_session_guard,PAUSED
20260303,44458000,09:20:58.000,20260303-AP605-00146,,AP605,target_sell,sell,9989.0,1,61,cancel_requested,fair_invalid_or_session_guard,PAUSED
20260303,44460000,09:21:00.000,20260303-AP605-00145,,AP605,target_buy,buy,9819.0,1,61,cancel_ack,fair_invalid_or_session_guard,PAUSED
20260303,44460000,09:21:00.000,20260303-AP605-00146,,AP605,target_sell,sell,9989.0,1,61,cancel_ack,fair_invalid_or_session_guard,PAUSED
20260303,44461000,09:21:01.000,20260303-AP605-00147,,AP605,target_buy,buy,9820.0,1,62,submit,initial_quote,FLAT_QUOTING
20260303,44461000,09:21:01.000,20260303-AP605-00148,,AP605,target_sell,sell,9990.0,1,62,submit,initial_quote,FLAT_QUOTING
20260303,44462000,09:21:02.000,20260303-AP605-00147,,AP605,target_buy,buy,9820.0,1,62,ack,,FLAT_QUOTING
20260303,44462000,09:21:02.000,20260303-AP605-00148,,AP605,target_sell,sell,9990.0,1,62,ack,,FLAT_QUOTING
20260303,44465000,09:21:05.000,20260303-AP605-00147,,AP605,target_buy,buy,9820.0,1,62,cancel_requested,fair_invalid_or_session_guard,PAUSED
20260303,44465000,09:21:05.000,20260303-AP605-00148,,AP605,target_sell,sell,9990.0,1,62,cancel_requested,fair_invalid_or_session_guard,PAUSED
20260303,44466000,09:21:06.000,20260303-AP605-00147,,AP605,target_buy,buy,9820.0,1,62,cancel_ack,fair_invalid_or_session_guard,PAUSED
20260303,44466000,09:21:06.000,20260303-AP605-00148,,AP605,target_sell,sell,9990.0,1,62,cancel_ack,fair_invalid_or_session_guard,PAUSED
20260303,44483000,09:21:23.000,20260303-AP605-00149,,AP605,target_buy,buy,9820.0,1,63,submit,initial_quote,FLAT_QUOTING
20260303,44483000,09:21:23.000,20260303-AP605-00150,,AP605,target_sell,sell,9990.0,1,63,submit,initial_quote,FLAT_QUOTING
20260303,44485000,09:21:25.000,20260303-AP605-00149,,AP605,target_buy,buy,9820.0,1,63,ack,,FLAT_QUOTING
20260303,44485000,09:21:25.000,20260303-AP605-00150,,AP605,target_sell,sell,9990.0,1,63,ack,,FLAT_QUOTING
20260303,44487000,09:21:27.000,20260303-AP605-00149,,AP605,target_buy,buy,9820.0,1,63,cancel_requested,fair_invalid_or_session_guard,PAUSED
20260303,44487000,09:21:27.000,20260303-AP605-00150,,AP605,target_sell,sell,9990.0,1,63,cancel_requested,fair_invalid_or_session_guard,PAUSED
20260303,44488000,09:21:28.000,20260303-AP605-00149,,AP605,target_buy,buy,9820.0,1,63,cancel_ack,fair_invalid_or_session_guard,PAUSED
20260303,44488000,09:21:28.000,20260303-AP605-00150,,AP605,target_sell,sell,9990.0,1,63,cancel_ack,fair_invalid_or_session_guard,PAUSED
20260303,44499000,09:21:39.000,20260303-AP605-00151,,AP605,target_buy,buy,9819.0,1,64,submit,initial_quote,FLAT_QUOTING
20260303,44499000,09:21:39.000,20260303-AP605-00152,,AP605,target_sell,sell,9989.0,1,64,submit,initial_quote,FLAT_QUOTING
20260303,44500000,09:21:40.000,20260303-AP605-00151,,AP605,target_buy,buy,9819.0,1,64,ack,,FLAT_QUOTING
20260303,44500000,09:21:40.000,20260303-AP605-00152,,AP605,target_sell,sell,9989.0,1,64,ack,,FLAT_QUOTING
20260303,44508000,09:21:48.000,20260303-AP605-00151,,AP605,target_buy,buy,9819.0,1,64,cancel_requested,fair_invalid_or_session_guard,PAUSED
20260303,44508000,09:21:48.000,20260303-AP605-00152,,AP605,target_sell,sell,9989.0,1,64,cancel_requested,fair_invalid_or_session_guard,PAUSED
20260303,44509000,09:21:49.000,20260303-AP605-00151,,AP605,target_buy,buy,9819.0,1,64,cancel_ack,fair_invalid_or_session_guard,PAUSED
20260303,44509000,09:21:49.000,20260303-AP605-00152,,AP605,target_sell,sell,9989.0,1,64,cancel_ack,fair_invalid_or_session_guard,PAUSED
20260303,44511000,09:21:51.000,20260303-AP605-00153,,AP605,target_buy,buy,9820.0,1,65,submit,initial_quote,FLAT_QUOTING
20260303,44511000,09:21:51.000,20260303-AP605-00154,,AP605,target_sell,sell,9990.0,1,65,submit,initial_quote,FLAT_QUOTING
20260303,44512000,09:21:52.000,20260303-AP605-00153,,AP605,target_buy,buy,9820.0,1,65,ack,,FLAT_QUOTING
20260303,44512000,09:21:52.000,20260303-AP605-00154,,AP605,target_sell,sell,9990.0,1,65,ack,,FLAT_QUOTING
20260303,44516000,09:21:56.000,20260303-AP605-00153,,AP605,target_buy,buy,9820.0,1,65,cancel_requested,fair_invalid_or_session_guard,PAUSED
20260303,44516000,09:21:56.000,20260303-AP605-00154,,AP605,target_sell,sell,9990.0,1,65,cancel_requested,fair_invalid_or_session_guard,PAUSED
20260303,44517000,09:21:57.000,20260303-AP605-00153,,AP605,target_buy,buy,9820.0,1,65,cancel_ack,fair_invalid_or_session_guard,PAUSED
20260303,44517000,09:21:57.000,20260303-AP605-00154,,AP605,target_sell,sell,9990.0,1,65,cancel_ack,fair_invalid_or_session_guard,PAUSED
20260303,44538000,09:22:18.000,20260303-AP605-00155,,AP605,target_buy,buy,9821.0,1,66,submit,initial_quote,FLAT_QUOTING
20260303,44538000,09:22:18.000,20260303-AP605-00156,,AP605,target_sell,sell,9991.0,1,66,submit,initial_quote,FLAT_QUOTING
20260303,44539000,09:22:19.000,20260303-AP605-00155,,AP605,target_buy,buy,9821.0,1,66,ack,,FLAT_QUOTING
20260303,44539000,09:22:19.000,20260303-AP605-00156,,AP605,target_sell,sell,9991.0,1,66,ack,,FLAT_QUOTING
20260303,44554000,09:22:34.000,20260303-AP605-00155,,AP605,target_buy,buy,9821.0,1,66,cancel_requested,fair_invalid_or_session_guard,PAUSED
20260303,44554000,09:22:34.000,20260303-AP605-00156,,AP605,target_sell,sell,9991.0,1,66,cancel_requested,fair_invalid_or_session_guard,PAUSED
20260303,44555000,09:22:35.000,20260303-AP605-00155,,AP605,target_buy,buy,9821.0,1,66,cancel_ack,fair_invalid_or_session_guard,PAUSED
20260303,44555000,09:22:35.000,20260303-AP605-00156,,AP605,target_sell,sell,9991.0,1,66,cancel_ack,fair_invalid_or_session_guard,PAUSED
20260303,44556000,09:22:36.000,20260303-AP605-00157,,AP605,target_buy,buy,9823.0,1,67,submit,initial_quote,FLAT_QUOTING
20260303,44556000,09:22:36.000,20260303-AP605-00158,,AP605,target_sell,sell,9993.0,1,67,submit,initial_quote,FLAT_QUOTING
20260303,44557000,09:22:37.000,20260303-AP605-00157,,AP605,target_buy,buy,9823.0,1,67,ack,,FLAT_QUOTING
20260303,44557000,09:22:37.000,20260303-AP605-00158,,AP605,target_sell,sell,9993.0,1,67,ack,,FLAT_QUOTING
20260303,44576000,09:22:56.000,20260303-AP605-00157,,AP605,target_buy,buy,9823.0,1,67,cancel_requested,fair_invalid_or_session_guard,PAUSED
20260303,44576000,09:22:56.000,20260303-AP605-00158,,AP605,target_sell,sell,9993.0,1,67,cancel_requested,fair_invalid_or_session_guard,PAUSED
20260303,44577000,09:22:57.000,20260303-AP605-00157,,AP605,target_buy,buy,9823.0,1,67,cancel_ack,fair_invalid_or_session_guard,PAUSED
20260303,44577000,09:22:57.000,20260303-AP605-00158,,AP605,target_sell,sell,9993.0,1,67,cancel_ack,fair_invalid_or_session_guard,PAUSED
20260303,44579000,09:22:59.000,20260303-AP605-00159,,AP605,target_buy,buy,9824.0,1,68,submit,initial_quote,FLAT_QUOTING
20260303,44579000,09:22:59.000,20260303-AP605-00160,,AP605,target_sell,sell,9994.0,1,68,submit,initial_quote,FLAT_QUOTING
20260303,44580000,09:23:00.000,20260303-AP605-00159,,AP605,target_buy,buy,9824.0,1,68,ack,,FLAT_QUOTING
20260303,44580000,09:23:00.000,20260303-AP605-00160,,AP605,target_sell,sell,9994.0,1,68,ack,,FLAT_QUOTING
20260303,44586000,09:23:06.000,20260303-AP605-00159,,AP605,target_buy,buy,9824.0,1,68,cancel_requested,fair_invalid_or_session_guard,PAUSED
20260303,44586000,09:23:06.000,20260303-AP605-00160,,AP605,target_sell,sell,9994.0,1,68,cancel_requested,fair_invalid_or_session_guard,PAUSED
20260303,44587000,09:23:07.000,20260303-AP605-00159,,AP605,target_buy,buy,9824.0,1,68,cancel_ack,fair_invalid_or_session_guard,PAUSED
20260303,44587000,09:23:07.000,20260303-AP605-00160,,AP605,target_sell,sell,9994.0,1,68,cancel_ack,fair_invalid_or_session_guard,PAUSED
20260303,44590000,09:23:10.000,20260303-AP605-00161,,AP605,target_buy,buy,9825.0,1,69,submit,initial_quote,FLAT_QUOTING
20260303,44590000,09:23:10.000,20260303-AP605-00162,,AP605,target_sell,sell,9995.0,1,69,submit,initial_quote,FLAT_QUOTING
20260303,44591000,09:23:11.000,20260303-AP605-00161,,AP605,target_buy,buy,9825.0,1,69,ack,,FLAT_QUOTING
20260303,44591000,09:23:11.000,20260303-AP605-00162,,AP605,target_sell,sell,9995.0,1,69,ack,,FLAT_QUOTING
20260303,44618000,09:23:38.000,20260303-AP605-00162,,AP605,target_sell,sell,9995.0,1,69,fill,interval_vwap,FLAT_QUOTING
20260303,44618000,09:23:38.000,20260303-AP605-00161,,AP605,target_buy,buy,9825.0,1,69,cancel_requested,opposite_target_fill,FLAT_QUOTING
20260303,44619000,09:23:39.000,20260303-AP605-00161,,AP605,target_buy,buy,9825.0,1,69,cancel_ack,opposite_target_fill,SHORT_PENDING_HEDGE
20260303,44619000,09:23:39.000,20260303-AP605-00163,20260303-AP605-0009,AP604,hedge_entry,buy,,1,69,submit,,SHORT_PENDING_HEDGE
20260303,44619000,09:23:39.000,20260303-AP605-00163,20260303-AP605-0009,AP604,hedge_entry,buy,9626.0,1,69,fill,quote_key=44619000,SHORT_PENDING_HEDGE
20260303,44620000,09:23:40.000,20260303-AP605-00164,20260303-AP605-0009,AP605,target_exit,buy,,1,69,submit,,FLATTENING
20260303,44620000,09:23:40.000,20260303-AP605-00164,20260303-AP605-0009,AP605,target_exit,buy,9922.0,1,69,fill,,FLATTENING
20260303,44620000,09:23:40.000,20260303-AP605-00165,20260303-AP605-0009,AP604,hedge_exit,sell,,1,69,submit,,FLATTENING
20260303,44620000,09:23:40.000,20260303-AP605-00165,20260303-AP605-0009,AP604,hedge_exit,sell,9619.0,1,69,fill,quote_key=44620000,FLATTENING
20260303,44622000,09:23:42.000,20260303-AP605-00166,,AP605,target_buy,buy,9829.0,1,70,submit,initial_quote,FLAT_QUOTING
20260303,44622000,09:23:42.000,20260303-AP605-00167,,AP605,target_sell,sell,9999.0,1,70,submit,initial_quote,FLAT_QUOTING
20260303,44623000,09:23:43.000,20260303-AP605-00166,,AP605,target_buy,buy,9829.0,1,70,ack,,FLAT_QUOTING
20260303,44623000,09:23:43.000,20260303-AP605-00167,,AP605,target_sell,sell,9999.0,1,70,ack,,FLAT_QUOTING
20260303,44643000,09:24:03.000,20260303-AP605-00166,,AP605,target_buy,buy,9829.0,1,70,cancel_requested,fair_invalid_or_session_guard,PAUSED
20260303,44643000,09:24:03.000,20260303-AP605-00167,,AP605,target_sell,sell,9999.0,1,70,cancel_requested,fair_invalid_or_session_guard,PAUSED
20260303,44644000,09:24:04.000,20260303-AP605-00166,,AP605,target_buy,buy,9829.0,1,70,cancel_ack,fair_invalid_or_session_guard,PAUSED
20260303,44644000,09:24:04.000,20260303-AP605-00167,,AP605,target_sell,sell,9999.0,1,70,cancel_ack,fair_invalid_or_session_guard,PAUSED
20260303,44685000,09:24:45.000,20260303-AP605-00168,,AP605,target_buy,buy,9833.0,1,71,submit,initial_quote,FLAT_QUOTING
20260303,44685000,09:24:45.000,20260303-AP605-00169,,AP605,target_sell,sell,10003.0,1,71,submit,initial_quote,FLAT_QUOTING
20260303,44686000,09:24:46.000,20260303-AP605-00168,,AP605,target_buy,buy,9833.0,1,71,ack,,FLAT_QUOTING
20260303,44686000,09:24:46.000,20260303-AP605-00169,,AP605,target_sell,sell,10003.0,1,71,ack,,FLAT_QUOTING
20260303,44689000,09:24:49.000,20260303-AP605-00168,,AP605,target_buy,buy,9833.0,1,71,cancel_requested,fair_invalid_or_session_guard,PAUSED
20260303,44689000,09:24:49.000,20260303-AP605-00169,,AP605,target_sell,sell,10003.0,1,71,cancel_requested,fair_invalid_or_session_guard,PAUSED
20260303,44690000,09:24:50.000,20260303-AP605-00168,,AP605,target_buy,buy,9833.0,1,71,cancel_ack,fair_invalid_or_session_guard,PAUSED
20260303,44690000,09:24:50.000,20260303-AP605-00169,,AP605,target_sell,sell,10003.0,1,71,cancel_ack,fair_invalid_or_session_guard,PAUSED
20260303,44700000,09:25:00.000,20260303-AP605-00170,,AP605,target_buy,buy,9837.0,1,72,submit,initial_quote,FLAT_QUOTING
20260303,44700000,09:25:00.000,20260303-AP605-00171,,AP605,target_sell,sell,10007.0,1,72,submit,initial_quote,FLAT_QUOTING
20260303,44701000,09:25:01.000,20260303-AP605-00170,,AP605,target_buy,buy,9837.0,1,72,ack,,FLAT_QUOTING
20260303,44701000,09:25:01.000,20260303-AP605-00171,,AP605,target_sell,sell,10007.0,1,72,ack,,FLAT_QUOTING
20260303,44703000,09:25:03.000,20260303-AP605-00170,,AP605,target_buy,buy,9837.0,1,72,cancel_requested,fair_invalid_or_session_guard,PAUSED
20260303,44703000,09:25:03.000,20260303-AP605-00171,,AP605,target_sell,sell,10007.0,1,72,cancel_requested,fair_invalid_or_session_guard,PAUSED
20260303,44704000,09:25:04.000,20260303-AP605-00170,,AP605,target_buy,buy,9837.0,1,72,cancel_ack,fair_invalid_or_session_guard,PAUSED
20260303,44704000,09:25:04.000,20260303-AP605-00171,,AP605,target_sell,sell,10007.0,1,72,cancel_ack,fair_invalid_or_session_guard,PAUSED
20260303,44715000,09:25:15.000,20260303-AP605-00172,,AP605,target_buy,buy,9835.0,1,73,submit,initial_quote,FLAT_QUOTING
20260303,44715000,09:25:15.000,20260303-AP605-00173,,AP605,target_sell,sell,10005.0,1,73,submit,initial_quote,FLAT_QUOTING
20260303,44716000,09:25:16.000,20260303-AP605-00172,,AP605,target_buy,buy,9835.0,1,73,ack,,FLAT_QUOTING
20260303,44716000,09:25:16.000,20260303-AP605-00173,,AP605,target_sell,sell,10005.0,1,73,ack,,FLAT_QUOTING
20260303,44722000,09:25:22.000,20260303-AP605-00172,,AP605,target_buy,buy,9835.0,1,73,cancel_requested,fair_invalid_or_session_guard,PAUSED
20260303,44722000,09:25:22.000,20260303-AP605-00173,,AP605,target_sell,sell,10005.0,1,73,cancel_requested,fair_invalid_or_session_guard,PAUSED
20260303,44723000,09:25:23.000,20260303-AP605-00172,,AP605,target_buy,buy,9835.0,1,73,cancel_ack,fair_invalid_or_session_guard,PAUSED
20260303,44723000,09:25:23.000,20260303-AP605-00173,,AP605,target_sell,sell,10005.0,1,73,cancel_ack,fair_invalid_or_session_guard,PAUSED
20260303,44728000,09:25:28.000,20260303-AP605-00174,,AP605,target_buy,buy,9835.0,1,74,submit,initial_quote,FLAT_QUOTING
20260303,44728000,09:25:28.000,20260303-AP605-00175,,AP605,target_sell,sell,10005.0,1,74,submit,initial_quote,FLAT_QUOTING
20260303,44729000,09:25:29.000,20260303-AP605-00174,,AP605,target_buy,buy,9835.0,1,74,ack,,FLAT_QUOTING
20260303,44729000,09:25:29.000,20260303-AP605-00175,,AP605,target_sell,sell,10005.0,1,74,ack,,FLAT_QUOTING
20260303,44731000,09:25:31.000,20260303-AP605-00174,,AP605,target_buy,buy,9835.0,1,74,cancel_requested,fair_invalid_or_session_guard,PAUSED
20260303,44731000,09:25:31.000,20260303-AP605-00175,,AP605,target_sell,sell,10005.0,1,74,cancel_requested,fair_invalid_or_session_guard,PAUSED
20260303,44732000,09:25:32.000,20260303-AP605-00174,,AP605,target_buy,buy,9835.0,1,74,cancel_ack,fair_invalid_or_session_guard,PAUSED
20260303,44732000,09:25:32.000,20260303-AP605-00175,,AP605,target_sell,sell,10005.0,1,74,cancel_ack,fair_invalid_or_session_guard,PAUSED
20260303,44737000,09:25:37.000,20260303-AP605-00176,,AP605,target_buy,buy,9835.0,1,75,submit,initial_quote,FLAT_QUOTING
20260303,44737000,09:25:37.000,20260303-AP605-00177,,AP605,target_sell,sell,10005.0,1,75,submit,initial_quote,FLAT_QUOTING
20260303,44738000,09:25:38.000,20260303-AP605-00176,,AP605,target_buy,buy,9835.0,1,75,ack,,FLAT_QUOTING
20260303,44738000,09:25:38.000,20260303-AP605-00177,,AP605,target_sell,sell,10005.0,1,75,ack,,FLAT_QUOTING
20260303,44742000,09:25:42.000,20260303-AP605-00176,,AP605,target_buy,buy,9835.0,1,75,cancel_requested,fair_invalid_or_session_guard,PAUSED
20260303,44742000,09:25:42.000,20260303-AP605-00177,,AP605,target_sell,sell,10005.0,1,75,cancel_requested,fair_invalid_or_session_guard,PAUSED
20260303,44743000,09:25:43.000,20260303-AP605-00176,,AP605,target_buy,buy,9835.0,1,75,cancel_ack,fair_invalid_or_session_guard,PAUSED
20260303,44743000,09:25:43.000,20260303-AP605-00177,,AP605,target_sell,sell,10005.0,1,75,cancel_ack,fair_invalid_or_session_guard,PAUSED
20260303,44751000,09:25:51.000,20260303-AP605-00178,,AP605,target_buy,buy,9834.0,1,76,submit,initial_quote,FLAT_QUOTING
20260303,44751000,09:25:51.000,20260303-AP605-00179,,AP605,target_sell,sell,10004.0,1,76,submit,initial_quote,FLAT_QUOTING
20260303,44752000,09:25:52.000,20260303-AP605-00178,,AP605,target_buy,buy,9834.0,1,76,ack,,FLAT_QUOTING
20260303,44752000,09:25:52.000,20260303-AP605-00179,,AP605,target_sell,sell,10004.0,1,76,ack,,FLAT_QUOTING
20260303,44754000,09:25:54.000,20260303-AP605-00178,,AP605,target_buy,buy,9834.0,1,76,cancel_requested,fair_invalid_or_session_guard,PAUSED
20260303,44754000,09:25:54.000,20260303-AP605-00179,,AP605,target_sell,sell,10004.0,1,76,cancel_requested,fair_invalid_or_session_guard,PAUSED
20260303,44755000,09:25:55.000,20260303-AP605-00178,,AP605,target_buy,buy,9834.0,1,76,cancel_ack,fair_invalid_or_session_guard,PAUSED
20260303,44755000,09:25:55.000,20260303-AP605-00179,,AP605,target_sell,sell,10004.0,1,76,cancel_ack,fair_invalid_or_session_guard,PAUSED
20260303,44767000,09:26:07.000,20260303-AP605-00180,,AP605,target_buy,buy,9837.0,1,77,submit,initial_quote,FLAT_QUOTING
20260303,44767000,09:26:07.000,20260303-AP605-00181,,AP605,target_sell,sell,10007.0,1,77,submit,initial_quote,FLAT_QUOTING
20260303,44768000,09:26:08.000,20260303-AP605-00180,,AP605,target_buy,buy,9837.0,1,77,ack,,FLAT_QUOTING
20260303,44768000,09:26:08.000,20260303-AP605-00181,,AP605,target_sell,sell,10007.0,1,77,ack,,FLAT_QUOTING
20260303,44779000,09:26:19.000,20260303-AP605-00180,,AP605,target_buy,buy,9837.0,1,77,cancel_requested,fair_invalid_or_session_guard,PAUSED
20260303,44779000,09:26:19.000,20260303-AP605-00181,,AP605,target_sell,sell,10007.0,1,77,cancel_requested,fair_invalid_or_session_guard,PAUSED
20260303,44780000,09:26:20.000,20260303-AP605-00180,,AP605,target_buy,buy,9837.0,1,77,cancel_ack,fair_invalid_or_session_guard,PAUSED
20260303,44780000,09:26:20.000,20260303-AP605-00181,,AP605,target_sell,sell,10007.0,1,77,cancel_ack,fair_invalid_or_session_guard,PAUSED
20260303,44790000,09:26:30.000,20260303-AP605-00182,,AP605,target_buy,buy,9836.0,1,78,submit,initial_quote,FLAT_QUOTING
20260303,44790000,09:26:30.000,20260303-AP605-00183,,AP605,target_sell,sell,10006.0,1,78,submit,initial_quote,FLAT_QUOTING
20260303,44791000,09:26:31.000,20260303-AP605-00182,,AP605,target_buy,buy,9836.0,1,78,ack,,FLAT_QUOTING
20260303,44791000,09:26:31.000,20260303-AP605-00183,,AP605,target_sell,sell,10006.0,1,78,ack,,FLAT_QUOTING
20260303,44795000,09:26:35.000,20260303-AP605-00182,,AP605,target_buy,buy,9836.0,1,78,cancel_requested,fair_invalid_or_session_guard,PAUSED
20260303,44795000,09:26:35.000,20260303-AP605-00183,,AP605,target_sell,sell,10006.0,1,78,cancel_requested,fair_invalid_or_session_guard,PAUSED
20260303,44796000,09:26:36.000,20260303-AP605-00182,,AP605,target_buy,buy,9836.0,1,78,cancel_ack,fair_invalid_or_session_guard,PAUSED
20260303,44796000,09:26:36.000,20260303-AP605-00183,,AP605,target_sell,sell,10006.0,1,78,cancel_ack,fair_invalid_or_session_guard,PAUSED
20260303,44799000,09:26:39.000,20260303-AP605-00184,,AP605,target_buy,buy,9835.0,1,79,submit,initial_quote,FLAT_QUOTING
20260303,44799000,09:26:39.000,20260303-AP605-00185,,AP605,target_sell,sell,10005.0,1,79,submit,initial_quote,FLAT_QUOTING
20260303,44800000,09:26:40.000,20260303-AP605-00184,,AP605,target_buy,buy,9835.0,1,79,ack,,FLAT_QUOTING
20260303,44800000,09:26:40.000,20260303-AP605-00185,,AP605,target_sell,sell,10005.0,1,79,ack,,FLAT_QUOTING
20260303,44805000,09:26:45.000,20260303-AP605-00184,,AP605,target_buy,buy,9835.0,1,79,cancel_requested,fair_invalid_or_session_guard,PAUSED
20260303,44805000,09:26:45.000,20260303-AP605-00185,,AP605,target_sell,sell,10005.0,1,79,cancel_requested,fair_invalid_or_session_guard,PAUSED
20260303,44806000,09:26:46.000,20260303-AP605-00184,,AP605,target_buy,buy,9835.0,1,79,cancel_ack,fair_invalid_or_session_guard,PAUSED
20260303,44806000,09:26:46.000,20260303-AP605-00185,,AP605,target_sell,sell,10005.0,1,79,cancel_ack,fair_invalid_or_session_guard,PAUSED
20260303,44822000,09:27:02.000,20260303-AP605-00186,,AP605,target_buy,buy,9834.0,1,80,submit,initial_quote,FLAT_QUOTING
20260303,44822000,09:27:02.000,20260303-AP605-00187,,AP605,target_sell,sell,10004.0,1,80,submit,initial_quote,FLAT_QUOTING
20260303,44823000,09:27:03.000,20260303-AP605-00186,,AP605,target_buy,buy,9834.0,1,80,ack,,FLAT_QUOTING
20260303,44823000,09:27:03.000,20260303-AP605-00187,,AP605,target_sell,sell,10004.0,1,80,ack,,FLAT_QUOTING
20260303,44831000,09:27:11.000,20260303-AP605-00186,,AP605,target_buy,buy,9834.0,1,80,cancel_requested,fair_invalid_or_session_guard,PAUSED
20260303,44831000,09:27:11.000,20260303-AP605-00187,,AP605,target_sell,sell,10004.0,1,80,cancel_requested,fair_invalid_or_session_guard,PAUSED
20260303,44832000,09:27:12.000,20260303-AP605-00186,,AP605,target_buy,buy,9834.0,1,80,cancel_ack,fair_invalid_or_session_guard,PAUSED
20260303,44832000,09:27:12.000,20260303-AP605-00187,,AP605,target_sell,sell,10004.0,1,80,cancel_ack,fair_invalid_or_session_guard,PAUSED
20260303,44833000,09:27:13.000,20260303-AP605-00188,,AP605,target_buy,buy,9835.0,1,81,submit,initial_quote,FLAT_QUOTING
20260303,44833000,09:27:13.000,20260303-AP605-00189,,AP605,target_sell,sell,10005.0,1,81,submit,initial_quote,FLAT_QUOTING
20260303,44834000,09:27:14.000,20260303-AP605-00188,,AP605,target_buy,buy,9835.0,1,81,ack,,FLAT_QUOTING
20260303,44834000,09:27:14.000,20260303-AP605-00189,,AP605,target_sell,sell,10005.0,1,81,ack,,FLAT_QUOTING
20260303,44837000,09:27:17.000,20260303-AP605-00188,,AP605,target_buy,buy,9835.0,1,81,cancel_requested,fair_invalid_or_session_guard,PAUSED
20260303,44837000,09:27:17.000,20260303-AP605-00189,,AP605,target_sell,sell,10005.0,1,81,cancel_requested,fair_invalid_or_session_guard,PAUSED
20260303,44838000,09:27:18.000,20260303-AP605-00188,,AP605,target_buy,buy,9835.0,1,81,cancel_ack,fair_invalid_or_session_guard,PAUSED
20260303,44838000,09:27:18.000,20260303-AP605-00189,,AP605,target_sell,sell,10005.0,1,81,cancel_ack,fair_invalid_or_session_guard,PAUSED
20260303,44839000,09:27:19.000,20260303-AP605-00190,,AP605,target_buy,buy,9835.0,1,82,submit,initial_quote,FLAT_QUOTING
20260303,44839000,09:27:19.000,20260303-AP605-00191,,AP605,target_sell,sell,10005.0,1,82,submit,initial_quote,FLAT_QUOTING
20260303,44841000,09:27:21.000,20260303-AP605-00190,,AP605,target_buy,buy,9835.0,1,82,ack,,FLAT_QUOTING
20260303,44841000,09:27:21.000,20260303-AP605-00191,,AP605,target_sell,sell,10005.0,1,82,ack,,FLAT_QUOTING
20260303,44849000,09:27:29.000,20260303-AP605-00190,,AP605,target_buy,buy,9835.0,1,82,cancel_requested,fair_invalid_or_session_guard,PAUSED
20260303,44849000,09:27:29.000,20260303-AP605-00191,,AP605,target_sell,sell,10005.0,1,82,cancel_requested,fair_invalid_or_session_guard,PAUSED
20260303,44850000,09:27:30.000,20260303-AP605-00190,,AP605,target_buy,buy,9835.0,1,82,cancel_ack,fair_invalid_or_session_guard,PAUSED
20260303,44850000,09:27:30.000,20260303-AP605-00191,,AP605,target_sell,sell,10005.0,1,82,cancel_ack,fair_invalid_or_session_guard,PAUSED
20260303,44865000,09:27:45.000,20260303-AP605-00192,,AP605,target_buy,buy,9829.0,1,83,submit,initial_quote,FLAT_QUOTING
20260303,44865000,09:27:45.000,20260303-AP605-00193,,AP605,target_sell,sell,9999.0,1,83,submit,initial_quote,FLAT_QUOTING
20260303,44866000,09:27:46.000,20260303-AP605-00192,,AP605,target_buy,buy,9829.0,1,83,ack,,FLAT_QUOTING
20260303,44866000,09:27:46.000,20260303-AP605-00193,,AP605,target_sell,sell,9999.0,1,83,ack,,FLAT_QUOTING
20260303,44881000,09:28:01.000,20260303-AP605-00192,,AP605,target_buy,buy,9829.0,1,83,cancel_requested,fair_invalid_or_session_guard,PAUSED
20260303,44881000,09:28:01.000,20260303-AP605-00193,,AP605,target_sell,sell,9999.0,1,83,cancel_requested,fair_invalid_or_session_guard,PAUSED
20260303,44882000,09:28:02.000,20260303-AP605-00192,,AP605,target_buy,buy,9829.0,1,83,cancel_ack,fair_invalid_or_session_guard,PAUSED
20260303,44882000,09:28:02.000,20260303-AP605-00193,,AP605,target_sell,sell,9999.0,1,83,cancel_ack,fair_invalid_or_session_guard,PAUSED
20260303,44932000,09:28:52.000,20260303-AP605-00194,,AP605,target_buy,buy,9822.0,1,84,submit,initial_quote,FLAT_QUOTING
20260303,44932000,09:28:52.000,20260303-AP605-00195,,AP605,target_sell,sell,9992.0,1,84,submit,initial_quote,FLAT_QUOTING
20260303,44934000,09:28:54.000,20260303-AP605-00194,,AP605,target_buy,buy,9822.0,1,84,ack,,FLAT_QUOTING
20260303,44934000,09:28:54.000,20260303-AP605-00195,,AP605,target_sell,sell,9992.0,1,84,ack,,FLAT_QUOTING
20260303,44936000,09:28:56.000,20260303-AP605-00194,,AP605,target_buy,buy,9822.0,1,84,cancel_requested,fair_invalid_or_session_guard,PAUSED
20260303,44936000,09:28:56.000,20260303-AP605-00195,,AP605,target_sell,sell,9992.0,1,84,cancel_requested,fair_invalid_or_session_guard,PAUSED
20260303,44937000,09:28:57.000,20260303-AP605-00194,,AP605,target_buy,buy,9822.0,1,84,cancel_ack,fair_invalid_or_session_guard,PAUSED
20260303,44937000,09:28:57.000,20260303-AP605-00195,,AP605,target_sell,sell,9992.0,1,84,cancel_ack,fair_invalid_or_session_guard,PAUSED
20260303,44940000,09:29:00.000,20260303-AP605-00196,,AP605,target_buy,buy,9821.0,1,85,submit,initial_quote,FLAT_QUOTING
20260303,44940000,09:29:00.000,20260303-AP605-00197,,AP605,target_sell,sell,9991.0,1,85,submit,initial_quote,FLAT_QUOTING
20260303,44941000,09:29:01.000,20260303-AP605-00196,,AP605,target_buy,buy,9821.0,1,85,ack,,FLAT_QUOTING
20260303,44941000,09:29:01.000,20260303-AP605-00197,,AP605,target_sell,sell,9991.0,1,85,ack,,FLAT_QUOTING
20260303,44942000,09:29:02.000,20260303-AP605-00196,,AP605,target_buy,buy,9821.0,1,85,cancel_requested,fair_invalid_or_session_guard,PAUSED
20260303,44942000,09:29:02.000,20260303-AP605-00197,,AP605,target_sell,sell,9991.0,1,85,cancel_requested,fair_invalid_or_session_guard,PAUSED
20260303,44943000,09:29:03.000,20260303-AP605-00196,,AP605,target_buy,buy,9821.0,1,85,cancel_ack,fair_invalid_or_session_guard,PAUSED
20260303,44943000,09:29:03.000,20260303-AP605-00197,,AP605,target_sell,sell,9991.0,1,85,cancel_ack,fair_invalid_or_session_guard,PAUSED
20260303,45126000,09:32:06.000,20260303-AP605-00198,,AP605,target_buy,buy,9828.0,1,86,submit,initial_quote,FLAT_QUOTING
20260303,45126000,09:32:06.000,20260303-AP605-00199,,AP605,target_sell,sell,9998.0,1,86,submit,initial_quote,FLAT_QUOTING
20260303,45127000,09:32:07.000,20260303-AP605-00198,,AP605,target_buy,buy,9828.0,1,86,ack,,FLAT_QUOTING
20260303,45127000,09:32:07.000,20260303-AP605-00199,,AP605,target_sell,sell,9998.0,1,86,ack,,FLAT_QUOTING
20260303,45132000,09:32:12.000,20260303-AP605-00198,,AP605,target_buy,buy,9828.0,1,86,cancel_requested,fair_invalid_or_session_guard,PAUSED
20260303,45132000,09:32:12.000,20260303-AP605-00199,,AP605,target_sell,sell,9998.0,1,86,cancel_requested,fair_invalid_or_session_guard,PAUSED
20260303,45133000,09:32:13.000,20260303-AP605-00198,,AP605,target_buy,buy,9828.0,1,86,cancel_ack,fair_invalid_or_session_guard,PAUSED
20260303,45133000,09:32:13.000,20260303-AP605-00199,,AP605,target_sell,sell,9998.0,1,86,cancel_ack,fair_invalid_or_session_guard,PAUSED
20260303,45134000,09:32:14.000,20260303-AP605-00200,,AP605,target_buy,buy,9825.0,1,87,submit,initial_quote,FLAT_QUOTING
20260303,45134000,09:32:14.000,20260303-AP605-00201,,AP605,target_sell,sell,9995.0,1,87,submit,initial_quote,FLAT_QUOTING
20260303,45139000,09:32:19.000,20260303-AP605-00200,,AP605,target_buy,buy,9825.0,1,87,ack,,FLAT_QUOTING
20260303,45139000,09:32:19.000,20260303-AP605-00201,,AP605,target_sell,sell,9995.0,1,87,ack,,FLAT_QUOTING
20260303,45139000,09:32:19.000,20260303-AP605-00200,,AP605,target_buy,buy,9825.0,1,87,cancel_requested,data_gap,PAUSED
20260303,45139000,09:32:19.000,20260303-AP605-00201,,AP605,target_sell,sell,9995.0,1,87,cancel_requested,data_gap,PAUSED
20260303,45140000,09:32:20.000,20260303-AP605-00200,,AP605,target_buy,buy,9825.0,1,87,cancel_ack,data_gap,PAUSED
20260303,45140000,09:32:20.000,20260303-AP605-00201,,AP605,target_sell,sell,9995.0,1,87,cancel_ack,data_gap,PAUSED
20260303,45141000,09:32:21.000,20260303-AP605-00202,,AP605,target_buy,buy,9823.0,1,88,submit,initial_quote,FLAT_QUOTING
20260303,45141000,09:32:21.000,20260303-AP605-00203,,AP605,target_sell,sell,9993.0,1,88,submit,initial_quote,FLAT_QUOTING
20260303,45142000,09:32:22.000,20260303-AP605-00202,,AP605,target_buy,buy,9823.0,1,88,ack,,FLAT_QUOTING
20260303,45142000,09:32:22.000,20260303-AP605-00203,,AP605,target_sell,sell,9993.0,1,88,ack,,FLAT_QUOTING
20260303,45149000,09:32:29.000,20260303-AP605-00202,,AP605,target_buy,buy,9823.0,1,88,cancel_requested,fair_invalid_or_session_guard,PAUSED
20260303,45149000,09:32:29.000,20260303-AP605-00203,,AP605,target_sell,sell,9993.0,1,88,cancel_requested,fair_invalid_or_session_guard,PAUSED
20260303,45150000,09:32:30.000,20260303-AP605-00202,,AP605,target_buy,buy,9823.0,1,88,cancel_ack,fair_invalid_or_session_guard,PAUSED
20260303,45150000,09:32:30.000,20260303-AP605-00203,,AP605,target_sell,sell,9993.0,1,88,cancel_ack,fair_invalid_or_session_guard,PAUSED
20260303,45152000,09:32:32.000,20260303-AP605-00204,,AP605,target_buy,buy,9826.0,1,89,submit,initial_quote,FLAT_QUOTING
20260303,45152000,09:32:32.000,20260303-AP605-00205,,AP605,target_sell,sell,9996.0,1,89,submit,initial_quote,FLAT_QUOTING
20260303,45153000,09:32:33.000,20260303-AP605-00204,,AP605,target_buy,buy,9826.0,1,89,ack,,FLAT_QUOTING
20260303,45153000,09:32:33.000,20260303-AP605-00205,,AP605,target_sell,sell,9996.0,1,89,ack,,FLAT_QUOTING
20260303,45167000,09:32:47.000,20260303-AP605-00204,,AP605,target_buy,buy,9826.0,1,89,cancel_requested,fair_invalid_or_session_guard,PAUSED
20260303,45167000,09:32:47.000,20260303-AP605-00205,,AP605,target_sell,sell,9996.0,1,89,cancel_requested,fair_invalid_or_session_guard,PAUSED
20260303,45169000,09:32:49.000,20260303-AP605-00204,,AP605,target_buy,buy,9826.0,1,89,cancel_ack,fair_invalid_or_session_guard,PAUSED
20260303,45169000,09:32:49.000,20260303-AP605-00205,,AP605,target_sell,sell,9996.0,1,89,cancel_ack,fair_invalid_or_session_guard,PAUSED
20260303,45179000,09:32:59.000,20260303-AP605-00206,,AP605,target_buy,buy,9835.0,1,90,submit,initial_quote,FLAT_QUOTING
20260303,45179000,09:32:59.000,20260303-AP605-00207,,AP605,target_sell,sell,10005.0,1,90,submit,initial_quote,FLAT_QUOTING
20260303,45180000,09:33:00.000,20260303-AP605-00206,,AP605,target_buy,buy,9835.0,1,90,ack,,FLAT_QUOTING
20260303,45180000,09:33:00.000,20260303-AP605-00207,,AP605,target_sell,sell,10005.0,1,90,ack,,FLAT_QUOTING
20260303,45182000,09:33:02.000,20260303-AP605-00206,,AP605,target_buy,buy,9835.0,1,90,cancel_requested,fair_invalid_or_session_guard,PAUSED
20260303,45182000,09:33:02.000,20260303-AP605-00207,,AP605,target_sell,sell,10005.0,1,90,cancel_requested,fair_invalid_or_session_guard,PAUSED
20260303,45183000,09:33:03.000,20260303-AP605-00206,,AP605,target_buy,buy,9835.0,1,90,cancel_ack,fair_invalid_or_session_guard,PAUSED
20260303,45183000,09:33:03.000,20260303-AP605-00207,,AP605,target_sell,sell,10005.0,1,90,cancel_ack,fair_invalid_or_session_guard,PAUSED
20260303,45187000,09:33:07.000,20260303-AP605-00208,,AP605,target_buy,buy,9837.0,1,91,submit,initial_quote,FLAT_QUOTING
20260303,45187000,09:33:07.000,20260303-AP605-00209,,AP605,target_sell,sell,10007.0,1,91,submit,initial_quote,FLAT_QUOTING
20260303,45188000,09:33:08.000,20260303-AP605-00208,,AP605,target_buy,buy,9837.0,1,91,ack,,FLAT_QUOTING
20260303,45188000,09:33:08.000,20260303-AP605-00209,,AP605,target_sell,sell,10007.0,1,91,ack,,FLAT_QUOTING
20260303,45191000,09:33:11.000,20260303-AP605-00208,,AP605,target_buy,buy,9837.0,1,91,cancel_requested,fair_invalid_or_session_guard,PAUSED
20260303,45191000,09:33:11.000,20260303-AP605-00209,,AP605,target_sell,sell,10007.0,1,91,cancel_requested,fair_invalid_or_session_guard,PAUSED
20260303,45192000,09:33:12.000,20260303-AP605-00208,,AP605,target_buy,buy,9837.0,1,91,cancel_ack,fair_invalid_or_session_guard,PAUSED
20260303,45192000,09:33:12.000,20260303-AP605-00209,,AP605,target_sell,sell,10007.0,1,91,cancel_ack,fair_invalid_or_session_guard,PAUSED
20260303,45196000,09:33:16.000,20260303-AP605-00210,,AP605,target_buy,buy,9837.0,1,92,submit,initial_quote,FLAT_QUOTING
20260303,45196000,09:33:16.000,20260303-AP605-00211,,AP605,target_sell,sell,10007.0,1,92,submit,initial_quote,FLAT_QUOTING
20260303,45197000,09:33:17.000,20260303-AP605-00210,,AP605,target_buy,buy,9837.0,1,92,ack,,FLAT_QUOTING
20260303,45197000,09:33:17.000,20260303-AP605-00211,,AP605,target_sell,sell,10007.0,1,92,ack,,FLAT_QUOTING
20260303,45200000,09:33:20.000,20260303-AP605-00210,,AP605,target_buy,buy,9837.0,1,92,cancel_requested,fair_invalid_or_session_guard,PAUSED
20260303,45200000,09:33:20.000,20260303-AP605-00211,,AP605,target_sell,sell,10007.0,1,92,cancel_requested,fair_invalid_or_session_guard,PAUSED
20260303,45201000,09:33:21.000,20260303-AP605-00210,,AP605,target_buy,buy,9837.0,1,92,cancel_ack,fair_invalid_or_session_guard,PAUSED
20260303,45201000,09:33:21.000,20260303-AP605-00211,,AP605,target_sell,sell,10007.0,1,92,cancel_ack,fair_invalid_or_session_guard,PAUSED
20260303,45220000,09:33:40.000,20260303-AP605-00212,,AP605,target_buy,buy,9839.0,1,93,submit,initial_quote,FLAT_QUOTING
20260303,45220000,09:33:40.000,20260303-AP605-00213,,AP605,target_sell,sell,10009.0,1,93,submit,initial_quote,FLAT_QUOTING
20260303,45221000,09:33:41.000,20260303-AP605-00212,,AP605,target_buy,buy,9839.0,1,93,ack,,FLAT_QUOTING
20260303,45221000,09:33:41.000,20260303-AP605-00213,,AP605,target_sell,sell,10009.0,1,93,ack,,FLAT_QUOTING
20260303,45230000,09:33:50.000,20260303-AP605-00212,,AP605,target_buy,buy,9839.0,1,93,cancel_requested,fair_invalid_or_session_guard,PAUSED
20260303,45230000,09:33:50.000,20260303-AP605-00213,,AP605,target_sell,sell,10009.0,1,93,cancel_requested,fair_invalid_or_session_guard,PAUSED
20260303,45231000,09:33:51.000,20260303-AP605-00212,,AP605,target_buy,buy,9839.0,1,93,cancel_ack,fair_invalid_or_session_guard,PAUSED
20260303,45231000,09:33:51.000,20260303-AP605-00213,,AP605,target_sell,sell,10009.0,1,93,cancel_ack,fair_invalid_or_session_guard,PAUSED
20260303,45235000,09:33:55.000,20260303-AP605-00214,,AP605,target_buy,buy,9841.0,1,94,submit,initial_quote,FLAT_QUOTING
20260303,45235000,09:33:55.000,20260303-AP605-00215,,AP605,target_sell,sell,10011.0,1,94,submit,initial_quote,FLAT_QUOTING
20260303,45236000,09:33:56.000,20260303-AP605-00214,,AP605,target_buy,buy,9841.0,1,94,ack,,FLAT_QUOTING
20260303,45236000,09:33:56.000,20260303-AP605-00215,,AP605,target_sell,sell,10011.0,1,94,ack,,FLAT_QUOTING
20260303,45237000,09:33:57.000,20260303-AP605-00214,,AP605,target_buy,buy,9841.0,1,94,cancel_requested,fair_invalid_or_session_guard,PAUSED
20260303,45237000,09:33:57.000,20260303-AP605-00215,,AP605,target_sell,sell,10011.0,1,94,cancel_requested,fair_invalid_or_session_guard,PAUSED
20260303,45238000,09:33:58.000,20260303-AP605-00214,,AP605,target_buy,buy,9841.0,1,94,cancel_ack,fair_invalid_or_session_guard,PAUSED
20260303,45238000,09:33:58.000,20260303-AP605-00215,,AP605,target_sell,sell,10011.0,1,94,cancel_ack,fair_invalid_or_session_guard,PAUSED
20260303,45269000,09:34:29.000,20260303-AP605-00216,,AP605,target_buy,buy,9841.0,1,95,submit,initial_quote,FLAT_QUOTING
20260303,45269000,09:34:29.000,20260303-AP605-00217,,AP605,target_sell,sell,10011.0,1,95,submit,initial_quote,FLAT_QUOTING
20260303,45270000,09:34:30.000,20260303-AP605-00216,,AP605,target_buy,buy,9841.0,1,95,ack,,FLAT_QUOTING
20260303,45270000,09:34:30.000,20260303-AP605-00217,,AP605,target_sell,sell,10011.0,1,95,ack,,FLAT_QUOTING
20260303,45275000,09:34:35.000,20260303-AP605-00216,,AP605,target_buy,buy,9841.0,1,95,cancel_requested,fair_invalid_or_session_guard,PAUSED
20260303,45275000,09:34:35.000,20260303-AP605-00217,,AP605,target_sell,sell,10011.0,1,95,cancel_requested,fair_invalid_or_session_guard,PAUSED
20260303,45276000,09:34:36.000,20260303-AP605-00216,,AP605,target_buy,buy,9841.0,1,95,cancel_ack,fair_invalid_or_session_guard,PAUSED
20260303,45276000,09:34:36.000,20260303-AP605-00217,,AP605,target_sell,sell,10011.0,1,95,cancel_ack,fair_invalid_or_session_guard,PAUSED
20260303,45280000,09:34:40.000,20260303-AP605-00218,,AP605,target_buy,buy,9841.0,1,96,submit,initial_quote,FLAT_QUOTING
20260303,45280000,09:34:40.000,20260303-AP605-00219,,AP605,target_sell,sell,10011.0,1,96,submit,initial_quote,FLAT_QUOTING
20260303,45281000,09:34:41.000,20260303-AP605-00218,,AP605,target_buy,buy,9841.0,1,96,ack,,FLAT_QUOTING
20260303,45281000,09:34:41.000,20260303-AP605-00219,,AP605,target_sell,sell,10011.0,1,96,ack,,FLAT_QUOTING
20260303,45316000,09:35:16.000,20260303-AP605-00218,,AP605,target_buy,buy,9841.0,1,96,cancel_requested,fair_invalid_or_session_guard,PAUSED
20260303,45316000,09:35:16.000,20260303-AP605-00219,,AP605,target_sell,sell,10011.0,1,96,cancel_requested,fair_invalid_or_session_guard,PAUSED
20260303,45317000,09:35:17.000,20260303-AP605-00218,,AP605,target_buy,buy,9841.0,1,96,cancel_ack,fair_invalid_or_session_guard,PAUSED
20260303,45317000,09:35:17.000,20260303-AP605-00219,,AP605,target_sell,sell,10011.0,1,96,cancel_ack,fair_invalid_or_session_guard,PAUSED
20260303,45318000,09:35:18.000,20260303-AP605-00220,,AP605,target_buy,buy,9840.0,1,97,submit,initial_quote,FLAT_QUOTING
20260303,45318000,09:35:18.000,20260303-AP605-00221,,AP605,target_sell,sell,10010.0,1,97,submit,initial_quote,FLAT_QUOTING
20260303,45319000,09:35:19.000,20260303-AP605-00220,,AP605,target_buy,buy,9840.0,1,97,ack,,FLAT_QUOTING
20260303,45319000,09:35:19.000,20260303-AP605-00221,,AP605,target_sell,sell,10010.0,1,97,ack,,FLAT_QUOTING
20260303,45343000,09:35:43.000,20260303-AP605-00220,,AP605,target_buy,buy,9840.0,1,97,cancel_requested,fair_invalid_or_session_guard,PAUSED
20260303,45343000,09:35:43.000,20260303-AP605-00221,,AP605,target_sell,sell,10010.0,1,97,cancel_requested,fair_invalid_or_session_guard,PAUSED
20260303,45344000,09:35:44.000,20260303-AP605-00220,,AP605,target_buy,buy,9840.0,1,97,cancel_ack,fair_invalid_or_session_guard,PAUSED
20260303,45344000,09:35:44.000,20260303-AP605-00221,,AP605,target_sell,sell,10010.0,1,97,cancel_ack,fair_invalid_or_session_guard,PAUSED
20260303,45351000,09:35:51.000,20260303-AP605-00222,,AP605,target_buy,buy,9837.0,1,98,submit,initial_quote,FLAT_QUOTING
20260303,45351000,09:35:51.000,20260303-AP605-00223,,AP605,target_sell,sell,10007.0,1,98,submit,initial_quote,FLAT_QUOTING
20260303,45352000,09:35:52.000,20260303-AP605-00222,,AP605,target_buy,buy,9837.0,1,98,ack,,FLAT_QUOTING
20260303,45352000,09:35:52.000,20260303-AP605-00223,,AP605,target_sell,sell,10007.0,1,98,ack,,FLAT_QUOTING
20260303,45361000,09:36:01.000,20260303-AP605-00223,,AP605,target_sell,sell,10007.0,1,98,fill,interval_vwap,FLAT_QUOTING
20260303,45361000,09:36:01.000,20260303-AP605-00222,,AP605,target_buy,buy,9837.0,1,98,cancel_requested,opposite_target_fill,FLAT_QUOTING
20260303,45362000,09:36:02.000,20260303-AP605-00222,,AP605,target_buy,buy,9837.0,1,98,cancel_ack,opposite_target_fill,SHORT_PENDING_HEDGE
20260303,45362000,09:36:02.000,20260303-AP605-00224,20260303-AP605-0010,AP604,hedge_entry,buy,,1,98,submit,,SHORT_PENDING_HEDGE
20260303,45362000,09:36:02.000,20260303-AP605-00224,20260303-AP605-0010,AP604,hedge_entry,buy,9699.0,1,98,fill,quote_key=45361000,SHORT_PENDING_HEDGE
20260303,45363000,09:36:03.000,20260303-AP605-00225,20260303-AP605-0010,AP605,target_exit,buy,,1,98,submit,,FLATTENING
20260303,45363000,09:36:03.000,20260303-AP605-00225,20260303-AP605-0010,AP605,target_exit,buy,9931.0,1,98,fill,,FLATTENING
20260303,45363000,09:36:03.000,20260303-AP605-00226,20260303-AP605-0010,AP604,hedge_exit,sell,,1,98,submit,,FLATTENING
20260303,45363000,09:36:03.000,20260303-AP605-00226,20260303-AP605-0010,AP604,hedge_exit,sell,9674.0,1,98,fill,quote_key=45363000,FLATTENING
20260303,45365000,09:36:05.000,20260303-AP605-00227,,AP605,target_buy,buy,9840.0,1,99,submit,initial_quote,FLAT_QUOTING
20260303,45365000,09:36:05.000,20260303-AP605-00228,,AP605,target_sell,sell,10010.0,1,99,submit,initial_quote,FLAT_QUOTING
20260303,45366000,09:36:06.000,20260303-AP605-00227,,AP605,target_buy,buy,9840.0,1,99,ack,,FLAT_QUOTING
20260303,45366000,09:36:06.000,20260303-AP605-00228,,AP605,target_sell,sell,10010.0,1,99,ack,,FLAT_QUOTING
20260303,45374000,09:36:14.000,20260303-AP605-00227,,AP605,target_buy,buy,9840.0,1,99,cancel_requested,fair_invalid_or_session_guard,PAUSED
20260303,45374000,09:36:14.000,20260303-AP605-00228,,AP605,target_sell,sell,10010.0,1,99,cancel_requested,fair_invalid_or_session_guard,PAUSED
20260303,45375000,09:36:15.000,20260303-AP605-00227,,AP605,target_buy,buy,9840.0,1,99,cancel_ack,fair_invalid_or_session_guard,PAUSED
20260303,45375000,09:36:15.000,20260303-AP605-00228,,AP605,target_sell,sell,10010.0,1,99,cancel_ack,fair_invalid_or_session_guard,PAUSED
20260303,45381000,09:36:21.000,20260303-AP605-00229,,AP605,target_buy,buy,9841.0,1,100,submit,initial_quote,FLAT_QUOTING
20260303,45381000,09:36:21.000,20260303-AP605-00230,,AP605,target_sell,sell,10011.0,1,100,submit,initial_quote,FLAT_QUOTING
20260303,45382000,09:36:22.000,20260303-AP605-00229,,AP605,target_buy,buy,9841.0,1,100,ack,,FLAT_QUOTING
20260303,45382000,09:36:22.000,20260303-AP605-00230,,AP605,target_sell,sell,10011.0,1,100,ack,,FLAT_QUOTING
20260303,45399000,09:36:39.000,20260303-AP605-00229,,AP605,target_buy,buy,9841.0,1,100,cancel_requested,fair_invalid_or_session_guard,PAUSED
20260303,45399000,09:36:39.000,20260303-AP605-00230,,AP605,target_sell,sell,10011.0,1,100,cancel_requested,fair_invalid_or_session_guard,PAUSED
20260303,45400000,09:36:40.000,20260303-AP605-00229,,AP605,target_buy,buy,9841.0,1,100,cancel_ack,fair_invalid_or_session_guard,PAUSED
20260303,45400000,09:36:40.000,20260303-AP605-00230,,AP605,target_sell,sell,10011.0,1,100,cancel_ack,fair_invalid_or_session_guard,PAUSED
20260303,45401000,09:36:41.000,20260303-AP605-00231,,AP605,target_buy,buy,9843.0,1,101,submit,initial_quote,FLAT_QUOTING
20260303,45401000,09:36:41.000,20260303-AP605-00232,,AP605,target_sell,sell,10013.0,1,101,submit,initial_quote,FLAT_QUOTING
20260303,45402000,09:36:42.000,20260303-AP605-00231,,AP605,target_buy,buy,9843.0,1,101,ack,,FLAT_QUOTING
20260303,45402000,09:36:42.000,20260303-AP605-00232,,AP605,target_sell,sell,10013.0,1,101,ack,,FLAT_QUOTING
20260303,45405000,09:36:45.000,20260303-AP605-00231,,AP605,target_buy,buy,9843.0,1,101,cancel_requested,fair_invalid_or_session_guard,PAUSED
20260303,45405000,09:36:45.000,20260303-AP605-00232,,AP605,target_sell,sell,10013.0,1,101,cancel_requested,fair_invalid_or_session_guard,PAUSED
20260303,45406000,09:36:46.000,20260303-AP605-00231,,AP605,target_buy,buy,9843.0,1,101,cancel_ack,fair_invalid_or_session_guard,PAUSED
20260303,45406000,09:36:46.000,20260303-AP605-00232,,AP605,target_sell,sell,10013.0,1,101,cancel_ack,fair_invalid_or_session_guard,PAUSED
20260303,45408000,09:36:48.000,20260303-AP605-00233,,AP605,target_buy,buy,9842.0,1,102,submit,initial_quote,FLAT_QUOTING
20260303,45408000,09:36:48.000,20260303-AP605-00234,,AP605,target_sell,sell,10012.0,1,102,submit,initial_quote,FLAT_QUOTING
20260303,45409000,09:36:49.000,20260303-AP605-00233,,AP605,target_buy,buy,9842.0,1,102,ack,,FLAT_QUOTING
20260303,45409000,09:36:49.000,20260303-AP605-00234,,AP605,target_sell,sell,10012.0,1,102,ack,,FLAT_QUOTING
20260303,45420000,09:37:00.000,20260303-AP605-00234,,AP605,target_sell,sell,10012.0,1,102,fill,interval_vwap,FLAT_QUOTING
20260303,45420000,09:37:00.000,20260303-AP605-00233,,AP605,target_buy,buy,9842.0,1,102,cancel_requested,opposite_target_fill,FLAT_QUOTING
20260303,45421000,09:37:01.000,20260303-AP605-00233,,AP605,target_buy,buy,9842.0,1,102,cancel_ack,opposite_target_fill,SHORT_PENDING_HEDGE
20260303,45421000,09:37:01.000,20260303-AP605-00235,20260303-AP605-0011,AP604,hedge_entry,buy,,1,102,submit,,SHORT_PENDING_HEDGE
20260303,45421000,09:37:01.000,20260303-AP605-00235,20260303-AP605-0011,AP604,hedge_entry,buy,9701.0,1,102,fill,quote_key=45420000,SHORT_PENDING_HEDGE
20260303,45422000,09:37:02.000,20260303-AP605-00236,20260303-AP605-0011,AP605,target_exit,buy,,1,102,submit,,FLATTENING
20260303,45422000,09:37:02.000,20260303-AP605-00236,20260303-AP605-0011,AP605,target_exit,buy,9935.0,1,102,fill,,FLATTENING
20260303,45422000,09:37:02.000,20260303-AP605-00237,20260303-AP605-0011,AP604,hedge_exit,sell,,1,102,submit,,FLATTENING
20260303,45422000,09:37:02.000,20260303-AP605-00237,20260303-AP605-0011,AP604,hedge_exit,sell,9679.0,1,102,fill,quote_key=45422000,FLATTENING
20260303,45424000,09:37:04.000,20260303-AP605-00238,,AP605,target_buy,buy,9843.0,1,103,submit,initial_quote,FLAT_QUOTING
20260303,45424000,09:37:04.000,20260303-AP605-00239,,AP605,target_sell,sell,10013.0,1,103,submit,initial_quote,FLAT_QUOTING
20260303,45425000,09:37:05.000,20260303-AP605-00238,,AP605,target_buy,buy,9843.0,1,103,ack,,FLAT_QUOTING
20260303,45425000,09:37:05.000,20260303-AP605-00239,,AP605,target_sell,sell,10013.0,1,103,ack,,FLAT_QUOTING
20260303,45447000,09:37:27.000,20260303-AP605-00238,,AP605,target_buy,buy,9843.0,1,103,cancel_requested,fair_invalid_or_session_guard,PAUSED
20260303,45447000,09:37:27.000,20260303-AP605-00239,,AP605,target_sell,sell,10013.0,1,103,cancel_requested,fair_invalid_or_session_guard,PAUSED
20260303,45448000,09:37:28.000,20260303-AP605-00238,,AP605,target_buy,buy,9843.0,1,103,cancel_ack,fair_invalid_or_session_guard,PAUSED
20260303,45448000,09:37:28.000,20260303-AP605-00239,,AP605,target_sell,sell,10013.0,1,103,cancel_ack,fair_invalid_or_session_guard,PAUSED
20260303,45449000,09:37:29.000,20260303-AP605-00240,,AP605,target_buy,buy,9843.0,1,104,submit,initial_quote,FLAT_QUOTING
20260303,45449000,09:37:29.000,20260303-AP605-00241,,AP605,target_sell,sell,10013.0,1,104,submit,initial_quote,FLAT_QUOTING
20260303,45450000,09:37:30.000,20260303-AP605-00240,,AP605,target_buy,buy,9843.0,1,104,ack,,FLAT_QUOTING
20260303,45450000,09:37:30.000,20260303-AP605-00241,,AP605,target_sell,sell,10013.0,1,104,ack,,FLAT_QUOTING
20260303,45454000,09:37:34.000,20260303-AP605-00240,,AP605,target_buy,buy,9843.0,1,104,cancel_requested,fair_invalid_or_session_guard,PAUSED
20260303,45454000,09:37:34.000,20260303-AP605-00241,,AP605,target_sell,sell,10013.0,1,104,cancel_requested,fair_invalid_or_session_guard,PAUSED
20260303,45455000,09:37:35.000,20260303-AP605-00240,,AP605,target_buy,buy,9843.0,1,104,cancel_ack,fair_invalid_or_session_guard,PAUSED
20260303,45455000,09:37:35.000,20260303-AP605-00241,,AP605,target_sell,sell,10013.0,1,104,cancel_ack,fair_invalid_or_session_guard,PAUSED
20260303,45462000,09:37:42.000,20260303-AP605-00242,,AP605,target_buy,buy,9846.0,1,105,submit,initial_quote,FLAT_QUOTING
20260303,45462000,09:37:42.000,20260303-AP605-00243,,AP605,target_sell,sell,10016.0,1,105,submit,initial_quote,FLAT_QUOTING
20260303,45463000,09:37:43.000,20260303-AP605-00242,,AP605,target_buy,buy,9846.0,1,105,ack,,FLAT_QUOTING
20260303,45463000,09:37:43.000,20260303-AP605-00243,,AP605,target_sell,sell,10016.0,1,105,ack,,FLAT_QUOTING
20260303,45507000,09:38:27.000,20260303-AP605-00242,,AP605,target_buy,buy,9846.0,1,105,cancel_requested,fair_invalid_or_session_guard,PAUSED
20260303,45507000,09:38:27.000,20260303-AP605-00243,,AP605,target_sell,sell,10016.0,1,105,cancel_requested,fair_invalid_or_session_guard,PAUSED
20260303,45508000,09:38:28.000,20260303-AP605-00242,,AP605,target_buy,buy,9846.0,1,105,cancel_ack,fair_invalid_or_session_guard,PAUSED
20260303,45508000,09:38:28.000,20260303-AP605-00243,,AP605,target_sell,sell,10016.0,1,105,cancel_ack,fair_invalid_or_session_guard,PAUSED
20260303,45512000,09:38:32.000,20260303-AP605-00244,,AP605,target_buy,buy,9839.0,1,106,submit,initial_quote,FLAT_QUOTING
20260303,45512000,09:38:32.000,20260303-AP605-00245,,AP605,target_sell,sell,10009.0,1,106,submit,initial_quote,FLAT_QUOTING
20260303,45513000,09:38:33.000,20260303-AP605-00244,,AP605,target_buy,buy,9839.0,1,106,ack,,FLAT_QUOTING
20260303,45513000,09:38:33.000,20260303-AP605-00245,,AP605,target_sell,sell,10009.0,1,106,ack,,FLAT_QUOTING
20260303,45521000,09:38:41.000,20260303-AP605-00244,,AP605,target_buy,buy,9839.0,1,106,cancel_requested,fair_invalid_or_session_guard,PAUSED
20260303,45521000,09:38:41.000,20260303-AP605-00245,,AP605,target_sell,sell,10009.0,1,106,cancel_requested,fair_invalid_or_session_guard,PAUSED
20260303,45522000,09:38:42.000,20260303-AP605-00244,,AP605,target_buy,buy,9839.0,1,106,cancel_ack,fair_invalid_or_session_guard,PAUSED
20260303,45522000,09:38:42.000,20260303-AP605-00245,,AP605,target_sell,sell,10009.0,1,106,cancel_ack,fair_invalid_or_session_guard,PAUSED
20260303,45526000,09:38:46.000,20260303-AP605-00246,,AP605,target_buy,buy,9839.0,1,107,submit,initial_quote,FLAT_QUOTING
20260303,45526000,09:38:46.000,20260303-AP605-00247,,AP605,target_sell,sell,10009.0,1,107,submit,initial_quote,FLAT_QUOTING
20260303,45527000,09:38:47.000,20260303-AP605-00246,,AP605,target_buy,buy,9839.0,1,107,ack,,FLAT_QUOTING
20260303,45527000,09:38:47.000,20260303-AP605-00247,,AP605,target_sell,sell,10009.0,1,107,ack,,FLAT_QUOTING
20260303,45531000,09:38:51.000,20260303-AP605-00246,,AP605,target_buy,buy,9839.0,1,107,cancel_requested,fair_invalid_or_session_guard,PAUSED
20260303,45531000,09:38:51.000,20260303-AP605-00247,,AP605,target_sell,sell,10009.0,1,107,cancel_requested,fair_invalid_or_session_guard,PAUSED
20260303,45532000,09:38:52.000,20260303-AP605-00246,,AP605,target_buy,buy,9839.0,1,107,cancel_ack,fair_invalid_or_session_guard,PAUSED
20260303,45532000,09:38:52.000,20260303-AP605-00247,,AP605,target_sell,sell,10009.0,1,107,cancel_ack,fair_invalid_or_session_guard,PAUSED
20260303,45534000,09:38:54.000,20260303-AP605-00248,,AP605,target_buy,buy,9839.0,1,108,submit,initial_quote,FLAT_QUOTING
20260303,45534000,09:38:54.000,20260303-AP605-00249,,AP605,target_sell,sell,10009.0,1,108,submit,initial_quote,FLAT_QUOTING
20260303,45535000,09:38:55.000,20260303-AP605-00248,,AP605,target_buy,buy,9839.0,1,108,ack,,FLAT_QUOTING
20260303,45535000,09:38:55.000,20260303-AP605-00249,,AP605,target_sell,sell,10009.0,1,108,ack,,FLAT_QUOTING
20260303,45607000,09:40:07.000,20260303-AP605-00248,,AP605,target_buy,buy,9839.0,1,108,cancel_requested,fair_invalid_or_session_guard,PAUSED
20260303,45607000,09:40:07.000,20260303-AP605-00249,,AP605,target_sell,sell,10009.0,1,108,cancel_requested,fair_invalid_or_session_guard,PAUSED
20260303,45608000,09:40:08.000,20260303-AP605-00248,,AP605,target_buy,buy,9839.0,1,108,cancel_ack,fair_invalid_or_session_guard,PAUSED
20260303,45608000,09:40:08.000,20260303-AP605-00249,,AP605,target_sell,sell,10009.0,1,108,cancel_ack,fair_invalid_or_session_guard,PAUSED
20260303,45609000,09:40:09.000,20260303-AP605-00250,,AP605,target_buy,buy,9839.0,1,109,submit,initial_quote,FLAT_QUOTING
20260303,45609000,09:40:09.000,20260303-AP605-00251,,AP605,target_sell,sell,10009.0,1,109,submit,initial_quote,FLAT_QUOTING
20260303,45610000,09:40:10.000,20260303-AP605-00250,,AP605,target_buy,buy,9839.0,1,109,ack,,FLAT_QUOTING
20260303,45610000,09:40:10.000,20260303-AP605-00251,,AP605,target_sell,sell,10009.0,1,109,ack,,FLAT_QUOTING
20260303,45632000,09:40:32.000,20260303-AP605-00250,,AP605,target_buy,buy,9839.0,1,109,cancel_requested,fair_invalid_or_session_guard,PAUSED
20260303,45632000,09:40:32.000,20260303-AP605-00251,,AP605,target_sell,sell,10009.0,1,109,cancel_requested,fair_invalid_or_session_guard,PAUSED
20260303,45633000,09:40:33.000,20260303-AP605-00250,,AP605,target_buy,buy,9839.0,1,109,cancel_ack,fair_invalid_or_session_guard,PAUSED
20260303,45633000,09:40:33.000,20260303-AP605-00251,,AP605,target_sell,sell,10009.0,1,109,cancel_ack,fair_invalid_or_session_guard,PAUSED
20260303,45636000,09:40:36.000,20260303-AP605-00252,,AP605,target_buy,buy,9841.0,1,110,submit,initial_quote,FLAT_QUOTING
20260303,45636000,09:40:36.000,20260303-AP605-00253,,AP605,target_sell,sell,10011.0,1,110,submit,initial_quote,FLAT_QUOTING
20260303,45637000,09:40:37.000,20260303-AP605-00252,,AP605,target_buy,buy,9841.0,1,110,ack,,FLAT_QUOTING
20260303,45637000,09:40:37.000,20260303-AP605-00253,,AP605,target_sell,sell,10011.0,1,110,ack,,FLAT_QUOTING
20260303,45657000,09:40:57.000,20260303-AP605-00252,,AP605,target_buy,buy,9841.0,1,110,cancel_requested,fair_invalid_or_session_guard,PAUSED
20260303,45657000,09:40:57.000,20260303-AP605-00253,,AP605,target_sell,sell,10011.0,1,110,cancel_requested,fair_invalid_or_session_guard,PAUSED
20260303,45658000,09:40:58.000,20260303-AP605-00252,,AP605,target_buy,buy,9841.0,1,110,cancel_ack,fair_invalid_or_session_guard,PAUSED
20260303,45658000,09:40:58.000,20260303-AP605-00253,,AP605,target_sell,sell,10011.0,1,110,cancel_ack,fair_invalid_or_session_guard,PAUSED
20260303,45670000,09:41:10.000,20260303-AP605-00254,,AP605,target_buy,buy,9840.0,1,111,submit,initial_quote,FLAT_QUOTING
20260303,45670000,09:41:10.000,20260303-AP605-00255,,AP605,target_sell,sell,10010.0,1,111,submit,initial_quote,FLAT_QUOTING
20260303,45671000,09:41:11.000,20260303-AP605-00254,,AP605,target_buy,buy,9840.0,1,111,ack,,FLAT_QUOTING
20260303,45671000,09:41:11.000,20260303-AP605-00255,,AP605,target_sell,sell,10010.0,1,111,ack,,FLAT_QUOTING
20260303,45676000,09:41:16.000,20260303-AP605-00254,,AP605,target_buy,buy,9840.0,1,111,cancel_requested,fair_invalid_or_session_guard,PAUSED
20260303,45676000,09:41:16.000,20260303-AP605-00255,,AP605,target_sell,sell,10010.0,1,111,cancel_requested,fair_invalid_or_session_guard,PAUSED
20260303,45677000,09:41:17.000,20260303-AP605-00254,,AP605,target_buy,buy,9840.0,1,111,cancel_ack,fair_invalid_or_session_guard,PAUSED
20260303,45677000,09:41:17.000,20260303-AP605-00255,,AP605,target_sell,sell,10010.0,1,111,cancel_ack,fair_invalid_or_session_guard,PAUSED
20260303,45681000,09:41:21.000,20260303-AP605-00256,,AP605,target_buy,buy,9838.0,1,112,submit,initial_quote,FLAT_QUOTING
20260303,45681000,09:41:21.000,20260303-AP605-00257,,AP605,target_sell,sell,10008.0,1,112,submit,initial_quote,FLAT_QUOTING
20260303,45682000,09:41:22.000,20260303-AP605-00256,,AP605,target_buy,buy,9838.0,1,112,ack,,FLAT_QUOTING
20260303,45682000,09:41:22.000,20260303-AP605-00257,,AP605,target_sell,sell,10008.0,1,112,ack,,FLAT_QUOTING
20260303,45685000,09:41:25.000,20260303-AP605-00256,,AP605,target_buy,buy,9838.0,1,112,cancel_requested,fair_invalid_or_session_guard,PAUSED
20260303,45685000,09:41:25.000,20260303-AP605-00257,,AP605,target_sell,sell,10008.0,1,112,cancel_requested,fair_invalid_or_session_guard,PAUSED
20260303,45686000,09:41:26.000,20260303-AP605-00256,,AP605,target_buy,buy,9838.0,1,112,cancel_ack,fair_invalid_or_session_guard,PAUSED
20260303,45686000,09:41:26.000,20260303-AP605-00257,,AP605,target_sell,sell,10008.0,1,112,cancel_ack,fair_invalid_or_session_guard,PAUSED
20260303,45687000,09:41:27.000,20260303-AP605-00258,,AP605,target_buy,buy,9838.0,1,113,submit,initial_quote,FLAT_QUOTING
20260303,45687000,09:41:27.000,20260303-AP605-00259,,AP605,target_sell,sell,10008.0,1,113,submit,initial_quote,FLAT_QUOTING
20260303,45688000,09:41:28.000,20260303-AP605-00258,,AP605,target_buy,buy,9838.0,1,113,ack,,FLAT_QUOTING
20260303,45688000,09:41:28.000,20260303-AP605-00259,,AP605,target_sell,sell,10008.0,1,113,ack,,FLAT_QUOTING
20260303,45695000,09:41:35.000,20260303-AP605-00258,,AP605,target_buy,buy,9838.0,1,113,cancel_requested,fair_invalid_or_session_guard,PAUSED
20260303,45695000,09:41:35.000,20260303-AP605-00259,,AP605,target_sell,sell,10008.0,1,113,cancel_requested,fair_invalid_or_session_guard,PAUSED
20260303,45696000,09:41:36.000,20260303-AP605-00258,,AP605,target_buy,buy,9838.0,1,113,cancel_ack,fair_invalid_or_session_guard,PAUSED
20260303,45696000,09:41:36.000,20260303-AP605-00259,,AP605,target_sell,sell,10008.0,1,113,cancel_ack,fair_invalid_or_session_guard,PAUSED
20260303,45697000,09:41:37.000,20260303-AP605-00260,,AP605,target_buy,buy,9836.0,1,114,submit,initial_quote,FLAT_QUOTING
20260303,45697000,09:41:37.000,20260303-AP605-00261,,AP605,target_sell,sell,10006.0,1,114,submit,initial_quote,FLAT_QUOTING
20260303,45698000,09:41:38.000,20260303-AP605-00260,,AP605,target_buy,buy,9836.0,1,114,ack,,FLAT_QUOTING
20260303,45698000,09:41:38.000,20260303-AP605-00261,,AP605,target_sell,sell,10006.0,1,114,ack,,FLAT_QUOTING
20260303,45704000,09:41:44.000,20260303-AP605-00260,,AP605,target_buy,buy,9836.0,1,114,cancel_requested,fair_invalid_or_session_guard,PAUSED
20260303,45704000,09:41:44.000,20260303-AP605-00261,,AP605,target_sell,sell,10006.0,1,114,cancel_requested,fair_invalid_or_session_guard,PAUSED
20260303,45705000,09:41:45.000,20260303-AP605-00260,,AP605,target_buy,buy,9836.0,1,114,cancel_ack,fair_invalid_or_session_guard,PAUSED
20260303,45705000,09:41:45.000,20260303-AP605-00261,,AP605,target_sell,sell,10006.0,1,114,cancel_ack,fair_invalid_or_session_guard,PAUSED
20260303,45718000,09:41:58.000,20260303-AP605-00262,,AP605,target_buy,buy,9835.0,1,115,submit,initial_quote,FLAT_QUOTING
20260303,45718000,09:41:58.000,20260303-AP605-00263,,AP605,target_sell,sell,10005.0,1,115,submit,initial_quote,FLAT_QUOTING
20260303,45719000,09:41:59.000,20260303-AP605-00262,,AP605,target_buy,buy,9835.0,1,115,ack,,FLAT_QUOTING
20260303,45719000,09:41:59.000,20260303-AP605-00263,,AP605,target_sell,sell,10005.0,1,115,ack,,FLAT_QUOTING
20260303,45743000,09:42:23.000,20260303-AP605-00262,,AP605,target_buy,buy,9835.0,1,115,cancel_requested,fair_invalid_or_session_guard,PAUSED
20260303,45743000,09:42:23.000,20260303-AP605-00263,,AP605,target_sell,sell,10005.0,1,115,cancel_requested,fair_invalid_or_session_guard,PAUSED
20260303,45744000,09:42:24.000,20260303-AP605-00262,,AP605,target_buy,buy,9835.0,1,115,cancel_ack,fair_invalid_or_session_guard,PAUSED
20260303,45744000,09:42:24.000,20260303-AP605-00263,,AP605,target_sell,sell,10005.0,1,115,cancel_ack,fair_invalid_or_session_guard,PAUSED
20260303,45746000,09:42:26.000,20260303-AP605-00264,,AP605,target_buy,buy,9836.0,1,116,submit,initial_quote,FLAT_QUOTING
20260303,45746000,09:42:26.000,20260303-AP605-00265,,AP605,target_sell,sell,10006.0,1,116,submit,initial_quote,FLAT_QUOTING
20260303,45747000,09:42:27.000,20260303-AP605-00264,,AP605,target_buy,buy,9836.0,1,116,ack,,FLAT_QUOTING
20260303,45747000,09:42:27.000,20260303-AP605-00265,,AP605,target_sell,sell,10006.0,1,116,ack,,FLAT_QUOTING
20260303,45755000,09:42:35.000,20260303-AP605-00264,,AP605,target_buy,buy,9836.0,1,116,cancel_requested,fair_invalid_or_session_guard,PAUSED
20260303,45755000,09:42:35.000,20260303-AP605-00265,,AP605,target_sell,sell,10006.0,1,116,cancel_requested,fair_invalid_or_session_guard,PAUSED
20260303,45756000,09:42:36.000,20260303-AP605-00264,,AP605,target_buy,buy,9836.0,1,116,cancel_ack,fair_invalid_or_session_guard,PAUSED
20260303,45756000,09:42:36.000,20260303-AP605-00265,,AP605,target_sell,sell,10006.0,1,116,cancel_ack,fair_invalid_or_session_guard,PAUSED
20260303,45757000,09:42:37.000,20260303-AP605-00266,,AP605,target_buy,buy,9835.0,1,117,submit,initial_quote,FLAT_QUOTING
20260303,45757000,09:42:37.000,20260303-AP605-00267,,AP605,target_sell,sell,10005.0,1,117,submit,initial_quote,FLAT_QUOTING
20260303,45758000,09:42:38.000,20260303-AP605-00266,,AP605,target_buy,buy,9835.0,1,117,ack,,FLAT_QUOTING
20260303,45758000,09:42:38.000,20260303-AP605-00267,,AP605,target_sell,sell,10005.0,1,117,ack,,FLAT_QUOTING
20260303,45761000,09:42:41.000,20260303-AP605-00266,,AP605,target_buy,buy,9835.0,1,117,cancel_requested,fair_invalid_or_session_guard,PAUSED
20260303,45761000,09:42:41.000,20260303-AP605-00267,,AP605,target_sell,sell,10005.0,1,117,cancel_requested,fair_invalid_or_session_guard,PAUSED
20260303,45762000,09:42:42.000,20260303-AP605-00266,,AP605,target_buy,buy,9835.0,1,117,cancel_ack,fair_invalid_or_session_guard,PAUSED
20260303,45762000,09:42:42.000,20260303-AP605-00267,,AP605,target_sell,sell,10005.0,1,117,cancel_ack,fair_invalid_or_session_guard,PAUSED
20260303,45766000,09:42:46.000,20260303-AP605-00268,,AP605,target_buy,buy,9837.0,1,118,submit,initial_quote,FLAT_QUOTING
20260303,45766000,09:42:46.000,20260303-AP605-00269,,AP605,target_sell,sell,10007.0,1,118,submit,initial_quote,FLAT_QUOTING
20260303,45767000,09:42:47.000,20260303-AP605-00268,,AP605,target_buy,buy,9837.0,1,118,ack,,FLAT_QUOTING
20260303,45767000,09:42:47.000,20260303-AP605-00269,,AP605,target_sell,sell,10007.0,1,118,ack,,FLAT_QUOTING
20260303,45810000,09:43:30.000,20260303-AP605-00268,,AP605,target_buy,buy,9837.0,1,118,cancel_requested,fair_invalid_or_session_guard,PAUSED
20260303,45810000,09:43:30.000,20260303-AP605-00269,,AP605,target_sell,sell,10007.0,1,118,cancel_requested,fair_invalid_or_session_guard,PAUSED
20260303,45811000,09:43:31.000,20260303-AP605-00268,,AP605,target_buy,buy,9837.0,1,118,cancel_ack,fair_invalid_or_session_guard,PAUSED
20260303,45811000,09:43:31.000,20260303-AP605-00269,,AP605,target_sell,sell,10007.0,1,118,cancel_ack,fair_invalid_or_session_guard,PAUSED
20260303,45835000,09:43:55.000,20260303-AP605-00270,,AP605,target_buy,buy,9845.0,1,119,submit,initial_quote,FLAT_QUOTING
20260303,45835000,09:43:55.000,20260303-AP605-00271,,AP605,target_sell,sell,10015.0,1,119,submit,initial_quote,FLAT_QUOTING
20260303,45836000,09:43:56.000,20260303-AP605-00270,,AP605,target_buy,buy,9845.0,1,119,ack,,FLAT_QUOTING
20260303,45836000,09:43:56.000,20260303-AP605-00271,,AP605,target_sell,sell,10015.0,1,119,ack,,FLAT_QUOTING
20260303,45870000,09:44:30.000,20260303-AP605-00270,,AP605,target_buy,buy,9845.0,1,119,cancel_requested,fair_invalid_or_session_guard,PAUSED
20260303,45870000,09:44:30.000,20260303-AP605-00271,,AP605,target_sell,sell,10015.0,1,119,cancel_requested,fair_invalid_or_session_guard,PAUSED
20260303,45871000,09:44:31.000,20260303-AP605-00270,,AP605,target_buy,buy,9845.0,1,119,cancel_ack,fair_invalid_or_session_guard,PAUSED
20260303,45871000,09:44:31.000,20260303-AP605-00271,,AP605,target_sell,sell,10015.0,1,119,cancel_ack,fair_invalid_or_session_guard,PAUSED
20260303,45883000,09:44:43.000,20260303-AP605-00272,,AP605,target_buy,buy,9842.0,1,120,submit,initial_quote,FLAT_QUOTING
20260303,45883000,09:44:43.000,20260303-AP605-00273,,AP605,target_sell,sell,10012.0,1,120,submit,initial_quote,FLAT_QUOTING
20260303,45884000,09:44:44.000,20260303-AP605-00272,,AP605,target_buy,buy,9842.0,1,120,ack,,FLAT_QUOTING
20260303,45884000,09:44:44.000,20260303-AP605-00273,,AP605,target_sell,sell,10012.0,1,120,ack,,FLAT_QUOTING
20260303,45887000,09:44:47.000,20260303-AP605-00272,,AP605,target_buy,buy,9842.0,1,120,cancel_requested,fair_invalid_or_session_guard,PAUSED
20260303,45887000,09:44:47.000,20260303-AP605-00273,,AP605,target_sell,sell,10012.0,1,120,cancel_requested,fair_invalid_or_session_guard,PAUSED
20260303,45888000,09:44:48.000,20260303-AP605-00272,,AP605,target_buy,buy,9842.0,1,120,cancel_ack,fair_invalid_or_session_guard,PAUSED
20260303,45888000,09:44:48.000,20260303-AP605-00273,,AP605,target_sell,sell,10012.0,1,120,cancel_ack,fair_invalid_or_session_guard,PAUSED
20260303,45890000,09:44:50.000,20260303-AP605-00274,,AP605,target_buy,buy,9842.0,1,121,submit,initial_quote,FLAT_QUOTING
20260303,45890000,09:44:50.000,20260303-AP605-00275,,AP605,target_sell,sell,10012.0,1,121,submit,initial_quote,FLAT_QUOTING
20260303,45891000,09:44:51.000,20260303-AP605-00274,,AP605,target_buy,buy,9842.0,1,121,ack,,FLAT_QUOTING
20260303,45891000,09:44:51.000,20260303-AP605-00275,,AP605,target_sell,sell,10012.0,1,121,ack,,FLAT_QUOTING
20260303,45922000,09:45:22.000,20260303-AP605-00274,,AP605,target_buy,buy,9842.0,1,121,cancel_requested,fair_invalid_or_session_guard,PAUSED
20260303,45922000,09:45:22.000,20260303-AP605-00275,,AP605,target_sell,sell,10012.0,1,121,cancel_requested,fair_invalid_or_session_guard,PAUSED
20260303,45923000,09:45:23.000,20260303-AP605-00274,,AP605,target_buy,buy,9842.0,1,121,cancel_ack,fair_invalid_or_session_guard,PAUSED
20260303,45923000,09:45:23.000,20260303-AP605-00275,,AP605,target_sell,sell,10012.0,1,121,cancel_ack,fair_invalid_or_session_guard,PAUSED
20260303,45924000,09:45:24.000,20260303-AP605-00276,,AP605,target_buy,buy,9845.0,1,122,submit,initial_quote,FLAT_QUOTING
20260303,45924000,09:45:24.000,20260303-AP605-00277,,AP605,target_sell,sell,10015.0,1,122,submit,initial_quote,FLAT_QUOTING
20260303,45925000,09:45:25.000,20260303-AP605-00276,,AP605,target_buy,buy,9845.0,1,122,ack,,FLAT_QUOTING
20260303,45925000,09:45:25.000,20260303-AP605-00277,,AP605,target_sell,sell,10015.0,1,122,ack,,FLAT_QUOTING
20260303,46031000,09:47:11.000,20260303-AP605-00276,,AP605,target_buy,buy,9845.0,1,122,cancel_requested,fair_invalid_or_session_guard,PAUSED
20260303,46031000,09:47:11.000,20260303-AP605-00277,,AP605,target_sell,sell,10015.0,1,122,cancel_requested,fair_invalid_or_session_guard,PAUSED
20260303,46032000,09:47:12.000,20260303-AP605-00276,,AP605,target_buy,buy,9845.0,1,122,cancel_ack,fair_invalid_or_session_guard,PAUSED
20260303,46032000,09:47:12.000,20260303-AP605-00277,,AP605,target_sell,sell,10015.0,1,122,cancel_ack,fair_invalid_or_session_guard,PAUSED
20260303,46033000,09:47:13.000,20260303-AP605-00278,,AP605,target_buy,buy,9851.0,1,123,submit,initial_quote,FLAT_QUOTING
20260303,46033000,09:47:13.000,20260303-AP605-00279,,AP605,target_sell,sell,10021.0,1,123,submit,initial_quote,FLAT_QUOTING
20260303,46034000,09:47:14.000,20260303-AP605-00278,,AP605,target_buy,buy,9851.0,1,123,ack,,FLAT_QUOTING
20260303,46034000,09:47:14.000,20260303-AP605-00279,,AP605,target_sell,sell,10021.0,1,123,ack,,FLAT_QUOTING
20260303,46041000,09:47:21.000,20260303-AP605-00278,,AP605,target_buy,buy,9851.0,1,123,cancel_requested,fair_invalid_or_session_guard,PAUSED
20260303,46041000,09:47:21.000,20260303-AP605-00279,,AP605,target_sell,sell,10021.0,1,123,cancel_requested,fair_invalid_or_session_guard,PAUSED
20260303,46042000,09:47:22.000,20260303-AP605-00278,,AP605,target_buy,buy,9851.0,1,123,cancel_ack,fair_invalid_or_session_guard,PAUSED
20260303,46042000,09:47:22.000,20260303-AP605-00279,,AP605,target_sell,sell,10021.0,1,123,cancel_ack,fair_invalid_or_session_guard,PAUSED
20260303,46043000,09:47:23.000,20260303-AP605-00280,,AP605,target_buy,buy,9853.0,1,124,submit,initial_quote,FLAT_QUOTING
20260303,46043000,09:47:23.000,20260303-AP605-00281,,AP605,target_sell,sell,10023.0,1,124,submit,initial_quote,FLAT_QUOTING
20260303,46044000,09:47:24.000,20260303-AP605-00280,,AP605,target_buy,buy,9853.0,1,124,ack,,FLAT_QUOTING
20260303,46044000,09:47:24.000,20260303-AP605-00281,,AP605,target_sell,sell,10023.0,1,124,ack,,FLAT_QUOTING
20260303,46047000,09:47:27.000,20260303-AP605-00280,,AP605,target_buy,buy,9853.0,1,124,cancel_requested,fair_invalid_or_session_guard,PAUSED
20260303,46047000,09:47:27.000,20260303-AP605-00281,,AP605,target_sell,sell,10023.0,1,124,cancel_requested,fair_invalid_or_session_guard,PAUSED
20260303,46048000,09:47:28.000,20260303-AP605-00280,,AP605,target_buy,buy,9853.0,1,124,cancel_ack,fair_invalid_or_session_guard,PAUSED
20260303,46048000,09:47:28.000,20260303-AP605-00281,,AP605,target_sell,sell,10023.0,1,124,cancel_ack,fair_invalid_or_session_guard,PAUSED
20260303,46063000,09:47:43.000,20260303-AP605-00282,,AP605,target_buy,buy,9855.0,1,125,submit,initial_quote,FLAT_QUOTING
20260303,46063000,09:47:43.000,20260303-AP605-00283,,AP605,target_sell,sell,10025.0,1,125,submit,initial_quote,FLAT_QUOTING
20260303,46064000,09:47:44.000,20260303-AP605-00282,,AP605,target_buy,buy,9855.0,1,125,ack,,FLAT_QUOTING
20260303,46064000,09:47:44.000,20260303-AP605-00283,,AP605,target_sell,sell,10025.0,1,125,ack,,FLAT_QUOTING
20260303,46071000,09:47:51.000,20260303-AP605-00282,,AP605,target_buy,buy,9855.0,1,125,cancel_requested,fair_invalid_or_session_guard,PAUSED
20260303,46071000,09:47:51.000,20260303-AP605-00283,,AP605,target_sell,sell,10025.0,1,125,cancel_requested,fair_invalid_or_session_guard,PAUSED
20260303,46072000,09:47:52.000,20260303-AP605-00282,,AP605,target_buy,buy,9855.0,1,125,cancel_ack,fair_invalid_or_session_guard,PAUSED
20260303,46072000,09:47:52.000,20260303-AP605-00283,,AP605,target_sell,sell,10025.0,1,125,cancel_ack,fair_invalid_or_session_guard,PAUSED
20260303,46076000,09:47:56.000,20260303-AP605-00284,,AP605,target_buy,buy,9853.0,1,126,submit,initial_quote,FLAT_QUOTING
20260303,46076000,09:47:56.000,20260303-AP605-00285,,AP605,target_sell,sell,10023.0,1,126,submit,initial_quote,FLAT_QUOTING
20260303,46078000,09:47:58.000,20260303-AP605-00284,,AP605,target_buy,buy,9853.0,1,126,ack,,FLAT_QUOTING
20260303,46078000,09:47:58.000,20260303-AP605-00285,,AP605,target_sell,sell,10023.0,1,126,ack,,FLAT_QUOTING
20260303,46082000,09:48:02.000,20260303-AP605-00285,,AP605,target_sell,sell,10023.0,1,126,fill,interval_vwap,FLAT_QUOTING
20260303,46082000,09:48:02.000,20260303-AP605-00284,,AP605,target_buy,buy,9853.0,1,126,cancel_requested,opposite_target_fill,FLAT_QUOTING
20260303,46083000,09:48:03.000,20260303-AP605-00284,,AP605,target_buy,buy,9853.0,1,126,cancel_ack,opposite_target_fill,SHORT_PENDING_HEDGE
20260303,46083000,09:48:03.000,20260303-AP605-00286,20260303-AP605-0012,AP604,hedge_entry,buy,,1,126,submit,,SHORT_PENDING_HEDGE
20260303,46083000,09:48:03.000,20260303-AP605-00286,20260303-AP605-0012,AP604,hedge_entry,buy,9699.0,1,126,fill,quote_key=46083000,SHORT_PENDING_HEDGE
20260303,46084000,09:48:04.000,20260303-AP605-00287,20260303-AP605-0012,AP605,target_exit,buy,,1,126,submit,,FLATTENING
20260303,46084000,09:48:04.000,20260303-AP605-00287,20260303-AP605-0012,AP605,target_exit,buy,9946.0,1,126,fill,,FLATTENING
20260303,46084000,09:48:04.000,20260303-AP605-00288,20260303-AP605-0012,AP604,hedge_exit,sell,,1,126,submit,,FLATTENING
20260303,46084000,09:48:04.000,20260303-AP605-00288,20260303-AP605-0012,AP604,hedge_exit,sell,9673.0,1,126,fill,quote_key=46084000,FLATTENING
20260303,46091000,09:48:11.000,20260303-AP605-00289,,AP605,target_buy,buy,9855.0,1,127,submit,initial_quote,FLAT_QUOTING
20260303,46091000,09:48:11.000,20260303-AP605-00290,,AP605,target_sell,sell,10025.0,1,127,submit,initial_quote,FLAT_QUOTING
20260303,46092000,09:48:12.000,20260303-AP605-00289,,AP605,target_buy,buy,9855.0,1,127,ack,,FLAT_QUOTING
20260303,46092000,09:48:12.000,20260303-AP605-00290,,AP605,target_sell,sell,10025.0,1,127,ack,,FLAT_QUOTING
20260303,46096000,09:48:16.000,20260303-AP605-00289,,AP605,target_buy,buy,9855.0,1,127,cancel_requested,fair_invalid_or_session_guard,PAUSED
20260303,46096000,09:48:16.000,20260303-AP605-00290,,AP605,target_sell,sell,10025.0,1,127,cancel_requested,fair_invalid_or_session_guard,PAUSED
20260303,46097000,09:48:17.000,20260303-AP605-00289,,AP605,target_buy,buy,9855.0,1,127,cancel_ack,fair_invalid_or_session_guard,PAUSED
20260303,46097000,09:48:17.000,20260303-AP605-00290,,AP605,target_sell,sell,10025.0,1,127,cancel_ack,fair_invalid_or_session_guard,PAUSED
20260303,46123000,09:48:43.000,20260303-AP605-00291,,AP605,target_buy,buy,9853.0,1,128,submit,initial_quote,FLAT_QUOTING
20260303,46123000,09:48:43.000,20260303-AP605-00292,,AP605,target_sell,sell,10023.0,1,128,submit,initial_quote,FLAT_QUOTING
20260303,46124000,09:48:44.000,20260303-AP605-00291,,AP605,target_buy,buy,9853.0,1,128,ack,,FLAT_QUOTING
20260303,46124000,09:48:44.000,20260303-AP605-00292,,AP605,target_sell,sell,10023.0,1,128,ack,,FLAT_QUOTING
20260303,46126000,09:48:46.000,20260303-AP605-00291,,AP605,target_buy,buy,9853.0,1,128,cancel_requested,fair_invalid_or_session_guard,PAUSED
20260303,46126000,09:48:46.000,20260303-AP605-00292,,AP605,target_sell,sell,10023.0,1,128,cancel_requested,fair_invalid_or_session_guard,PAUSED
20260303,46127000,09:48:47.000,20260303-AP605-00291,,AP605,target_buy,buy,9853.0,1,128,cancel_ack,fair_invalid_or_session_guard,PAUSED
20260303,46127000,09:48:47.000,20260303-AP605-00292,,AP605,target_sell,sell,10023.0,1,128,cancel_ack,fair_invalid_or_session_guard,PAUSED
20260303,46131000,09:48:51.000,20260303-AP605-00293,,AP605,target_buy,buy,9853.0,1,129,submit,initial_quote,FLAT_QUOTING
20260303,46131000,09:48:51.000,20260303-AP605-00294,,AP605,target_sell,sell,10023.0,1,129,submit,initial_quote,FLAT_QUOTING
20260303,46132000,09:48:52.000,20260303-AP605-00293,,AP605,target_buy,buy,9853.0,1,129,ack,,FLAT_QUOTING
20260303,46132000,09:48:52.000,20260303-AP605-00294,,AP605,target_sell,sell,10023.0,1,129,ack,,FLAT_QUOTING
20260303,46169000,09:49:29.000,20260303-AP605-00293,,AP605,target_buy,buy,9853.0,1,129,cancel_requested,fair_invalid_or_session_guard,PAUSED
20260303,46169000,09:49:29.000,20260303-AP605-00294,,AP605,target_sell,sell,10023.0,1,129,cancel_requested,fair_invalid_or_session_guard,PAUSED
20260303,46170000,09:49:30.000,20260303-AP605-00293,,AP605,target_buy,buy,9853.0,1,129,cancel_ack,fair_invalid_or_session_guard,PAUSED
20260303,46170000,09:49:30.000,20260303-AP605-00294,,AP605,target_sell,sell,10023.0,1,129,cancel_ack,fair_invalid_or_session_guard,PAUSED
20260303,46171000,09:49:31.000,20260303-AP605-00295,,AP605,target_buy,buy,9849.0,1,130,submit,initial_quote,FLAT_QUOTING
20260303,46171000,09:49:31.000,20260303-AP605-00296,,AP605,target_sell,sell,10019.0,1,130,submit,initial_quote,FLAT_QUOTING
20260303,46172000,09:49:32.000,20260303-AP605-00295,,AP605,target_buy,buy,9849.0,1,130,ack,,FLAT_QUOTING
20260303,46172000,09:49:32.000,20260303-AP605-00296,,AP605,target_sell,sell,10019.0,1,130,ack,,FLAT_QUOTING
20260303,46210000,09:50:10.000,20260303-AP605-00295,,AP605,target_buy,buy,9849.0,1,130,cancel_requested,fair_invalid_or_session_guard,PAUSED
20260303,46210000,09:50:10.000,20260303-AP605-00296,,AP605,target_sell,sell,10019.0,1,130,cancel_requested,fair_invalid_or_session_guard,PAUSED
20260303,46211000,09:50:11.000,20260303-AP605-00295,,AP605,target_buy,buy,9849.0,1,130,cancel_ack,fair_invalid_or_session_guard,PAUSED
20260303,46211000,09:50:11.000,20260303-AP605-00296,,AP605,target_sell,sell,10019.0,1,130,cancel_ack,fair_invalid_or_session_guard,PAUSED
20260303,46212000,09:50:12.000,20260303-AP605-00297,,AP605,target_buy,buy,9851.0,1,131,submit,initial_quote,FLAT_QUOTING
20260303,46212000,09:50:12.000,20260303-AP605-00298,,AP605,target_sell,sell,10021.0,1,131,submit,initial_quote,FLAT_QUOTING
20260303,46213000,09:50:13.000,20260303-AP605-00297,,AP605,target_buy,buy,9851.0,1,131,ack,,FLAT_QUOTING
20260303,46213000,09:50:13.000,20260303-AP605-00298,,AP605,target_sell,sell,10021.0,1,131,ack,,FLAT_QUOTING
20260303,46233000,09:50:33.000,20260303-AP605-00297,,AP605,target_buy,buy,9851.0,1,131,cancel_requested,fair_invalid_or_session_guard,PAUSED
20260303,46233000,09:50:33.000,20260303-AP605-00298,,AP605,target_sell,sell,10021.0,1,131,cancel_requested,fair_invalid_or_session_guard,PAUSED
20260303,46234000,09:50:34.000,20260303-AP605-00297,,AP605,target_buy,buy,9851.0,1,131,cancel_ack,fair_invalid_or_session_guard,PAUSED
20260303,46234000,09:50:34.000,20260303-AP605-00298,,AP605,target_sell,sell,10021.0,1,131,cancel_ack,fair_invalid_or_session_guard,PAUSED
20260303,46236000,09:50:36.000,20260303-AP605-00299,,AP605,target_buy,buy,9851.0,1,132,submit,initial_quote,FLAT_QUOTING
20260303,46236000,09:50:36.000,20260303-AP605-00300,,AP605,target_sell,sell,10021.0,1,132,submit,initial_quote,FLAT_QUOTING
20260303,46238000,09:50:38.000,20260303-AP605-00299,,AP605,target_buy,buy,9851.0,1,132,ack,,FLAT_QUOTING
20260303,46238000,09:50:38.000,20260303-AP605-00300,,AP605,target_sell,sell,10021.0,1,132,ack,,FLAT_QUOTING
20260303,46239000,09:50:39.000,20260303-AP605-00299,,AP605,target_buy,buy,9851.0,1,132,cancel_requested,fair_invalid_or_session_guard,PAUSED
20260303,46239000,09:50:39.000,20260303-AP605-00300,,AP605,target_sell,sell,10021.0,1,132,cancel_requested,fair_invalid_or_session_guard,PAUSED
20260303,46240000,09:50:40.000,20260303-AP605-00299,,AP605,target_buy,buy,9851.0,1,132,cancel_ack,fair_invalid_or_session_guard,PAUSED
20260303,46240000,09:50:40.000,20260303-AP605-00300,,AP605,target_sell,sell,10021.0,1,132,cancel_ack,fair_invalid_or_session_guard,PAUSED
20260303,46303000,09:51:43.000,20260303-AP605-00301,,AP605,target_buy,buy,9853.0,1,133,submit,initial_quote,FLAT_QUOTING
20260303,46303000,09:51:43.000,20260303-AP605-00302,,AP605,target_sell,sell,10023.0,1,133,submit,initial_quote,FLAT_QUOTING
20260303,46304000,09:51:44.000,20260303-AP605-00301,,AP605,target_buy,buy,9853.0,1,133,ack,,FLAT_QUOTING
20260303,46304000,09:51:44.000,20260303-AP605-00302,,AP605,target_sell,sell,10023.0,1,133,ack,,FLAT_QUOTING
20260303,46308000,09:51:48.000,20260303-AP605-00301,,AP605,target_buy,buy,9853.0,1,133,cancel_requested,fair_invalid_or_session_guard,PAUSED
20260303,46308000,09:51:48.000,20260303-AP605-00302,,AP605,target_sell,sell,10023.0,1,133,cancel_requested,fair_invalid_or_session_guard,PAUSED
20260303,46309000,09:51:49.000,20260303-AP605-00301,,AP605,target_buy,buy,9853.0,1,133,cancel_ack,fair_invalid_or_session_guard,PAUSED
20260303,46309000,09:51:49.000,20260303-AP605-00302,,AP605,target_sell,sell,10023.0,1,133,cancel_ack,fair_invalid_or_session_guard,PAUSED
20260303,46316000,09:51:56.000,20260303-AP605-00303,,AP605,target_buy,buy,9853.0,1,134,submit,initial_quote,FLAT_QUOTING
20260303,46316000,09:51:56.000,20260303-AP605-00304,,AP605,target_sell,sell,10023.0,1,134,submit,initial_quote,FLAT_QUOTING
20260303,46317000,09:51:57.000,20260303-AP605-00303,,AP605,target_buy,buy,9853.0,1,134,ack,,FLAT_QUOTING
20260303,46317000,09:51:57.000,20260303-AP605-00304,,AP605,target_sell,sell,10023.0,1,134,ack,,FLAT_QUOTING
20260303,46320000,09:52:00.000,20260303-AP605-00303,,AP605,target_buy,buy,9853.0,1,134,cancel_requested,fair_invalid_or_session_guard,PAUSED
20260303,46320000,09:52:00.000,20260303-AP605-00304,,AP605,target_sell,sell,10023.0,1,134,cancel_requested,fair_invalid_or_session_guard,PAUSED
20260303,46321000,09:52:01.000,20260303-AP605-00303,,AP605,target_buy,buy,9853.0,1,134,cancel_ack,fair_invalid_or_session_guard,PAUSED
20260303,46321000,09:52:01.000,20260303-AP605-00304,,AP605,target_sell,sell,10023.0,1,134,cancel_ack,fair_invalid_or_session_guard,PAUSED
20260303,46375000,09:52:55.000,20260303-AP605-00305,,AP605,target_buy,buy,9853.0,1,135,submit,initial_quote,FLAT_QUOTING
20260303,46375000,09:52:55.000,20260303-AP605-00306,,AP605,target_sell,sell,10023.0,1,135,submit,initial_quote,FLAT_QUOTING
20260303,46376000,09:52:56.000,20260303-AP605-00305,,AP605,target_buy,buy,9853.0,1,135,ack,,FLAT_QUOTING
20260303,46376000,09:52:56.000,20260303-AP605-00306,,AP605,target_sell,sell,10023.0,1,135,ack,,FLAT_QUOTING
20260303,46379000,09:52:59.000,20260303-AP605-00305,,AP605,target_buy,buy,9853.0,1,135,cancel_requested,fair_invalid_or_session_guard,PAUSED
20260303,46379000,09:52:59.000,20260303-AP605-00306,,AP605,target_sell,sell,10023.0,1,135,cancel_requested,fair_invalid_or_session_guard,PAUSED
20260303,46380000,09:53:00.000,20260303-AP605-00305,,AP605,target_buy,buy,9853.0,1,135,cancel_ack,fair_invalid_or_session_guard,PAUSED
20260303,46380000,09:53:00.000,20260303-AP605-00306,,AP605,target_sell,sell,10023.0,1,135,cancel_ack,fair_invalid_or_session_guard,PAUSED
20260303,46389000,09:53:09.000,20260303-AP605-00307,,AP605,target_buy,buy,9854.0,1,136,submit,initial_quote,FLAT_QUOTING
20260303,46389000,09:53:09.000,20260303-AP605-00308,,AP605,target_sell,sell,10024.0,1,136,submit,initial_quote,FLAT_QUOTING
20260303,46390000,09:53:10.000,20260303-AP605-00307,,AP605,target_buy,buy,9854.0,1,136,ack,,FLAT_QUOTING
20260303,46390000,09:53:10.000,20260303-AP605-00308,,AP605,target_sell,sell,10024.0,1,136,ack,,FLAT_QUOTING
20260303,46392000,09:53:12.000,20260303-AP605-00307,,AP605,target_buy,buy,9854.0,1,136,cancel_requested,fair_invalid_or_session_guard,PAUSED
20260303,46392000,09:53:12.000,20260303-AP605-00308,,AP605,target_sell,sell,10024.0,1,136,cancel_requested,fair_invalid_or_session_guard,PAUSED
20260303,46393000,09:53:13.000,20260303-AP605-00307,,AP605,target_buy,buy,9854.0,1,136,cancel_ack,fair_invalid_or_session_guard,PAUSED
20260303,46393000,09:53:13.000,20260303-AP605-00308,,AP605,target_sell,sell,10024.0,1,136,cancel_ack,fair_invalid_or_session_guard,PAUSED
20260303,46403000,09:53:23.000,20260303-AP605-00309,,AP605,target_buy,buy,9855.0,1,137,submit,initial_quote,FLAT_QUOTING
20260303,46403000,09:53:23.000,20260303-AP605-00310,,AP605,target_sell,sell,10025.0,1,137,submit,initial_quote,FLAT_QUOTING
20260303,46404000,09:53:24.000,20260303-AP605-00309,,AP605,target_buy,buy,9855.0,1,137,ack,,FLAT_QUOTING
20260303,46404000,09:53:24.000,20260303-AP605-00310,,AP605,target_sell,sell,10025.0,1,137,ack,,FLAT_QUOTING
20260303,46408000,09:53:28.000,20260303-AP605-00309,,AP605,target_buy,buy,9855.0,1,137,cancel_requested,fair_invalid_or_session_guard,PAUSED
20260303,46408000,09:53:28.000,20260303-AP605-00310,,AP605,target_sell,sell,10025.0,1,137,cancel_requested,fair_invalid_or_session_guard,PAUSED
20260303,46409000,09:53:29.000,20260303-AP605-00309,,AP605,target_buy,buy,9855.0,1,137,cancel_ack,fair_invalid_or_session_guard,PAUSED
20260303,46409000,09:53:29.000,20260303-AP605-00310,,AP605,target_sell,sell,10025.0,1,137,cancel_ack,fair_invalid_or_session_guard,PAUSED
20260303,46418000,09:53:38.000,20260303-AP605-00311,,AP605,target_buy,buy,9857.0,1,138,submit,initial_quote,FLAT_QUOTING
20260303,46418000,09:53:38.000,20260303-AP605-00312,,AP605,target_sell,sell,10027.0,1,138,submit,initial_quote,FLAT_QUOTING
20260303,46419000,09:53:39.000,20260303-AP605-00311,,AP605,target_buy,buy,9857.0,1,138,ack,,FLAT_QUOTING
20260303,46419000,09:53:39.000,20260303-AP605-00312,,AP605,target_sell,sell,10027.0,1,138,ack,,FLAT_QUOTING
20260303,46423000,09:53:43.000,20260303-AP605-00311,,AP605,target_buy,buy,9857.0,1,138,cancel_requested,fair_invalid_or_session_guard,PAUSED
20260303,46423000,09:53:43.000,20260303-AP605-00312,,AP605,target_sell,sell,10027.0,1,138,cancel_requested,fair_invalid_or_session_guard,PAUSED
20260303,46424000,09:53:44.000,20260303-AP605-00311,,AP605,target_buy,buy,9857.0,1,138,cancel_ack,fair_invalid_or_session_guard,PAUSED
20260303,46424000,09:53:44.000,20260303-AP605-00312,,AP605,target_sell,sell,10027.0,1,138,cancel_ack,fair_invalid_or_session_guard,PAUSED
20260303,46433000,09:53:53.000,20260303-AP605-00313,,AP605,target_buy,buy,9855.0,1,139,submit,initial_quote,FLAT_QUOTING
20260303,46433000,09:53:53.000,20260303-AP605-00314,,AP605,target_sell,sell,10025.0,1,139,submit,initial_quote,FLAT_QUOTING
20260303,46434000,09:53:54.000,20260303-AP605-00313,,AP605,target_buy,buy,9855.0,1,139,ack,,FLAT_QUOTING
20260303,46434000,09:53:54.000,20260303-AP605-00314,,AP605,target_sell,sell,10025.0,1,139,ack,,FLAT_QUOTING
20260303,46438000,09:53:58.000,20260303-AP605-00313,,AP605,target_buy,buy,9855.0,1,139,cancel_requested,fair_invalid_or_session_guard,PAUSED
20260303,46438000,09:53:58.000,20260303-AP605-00314,,AP605,target_sell,sell,10025.0,1,139,cancel_requested,fair_invalid_or_session_guard,PAUSED
20260303,46439000,09:53:59.000,20260303-AP605-00313,,AP605,target_buy,buy,9855.0,1,139,cancel_ack,fair_invalid_or_session_guard,PAUSED
20260303,46439000,09:53:59.000,20260303-AP605-00314,,AP605,target_sell,sell,10025.0,1,139,cancel_ack,fair_invalid_or_session_guard,PAUSED
20260303,46448000,09:54:08.000,20260303-AP605-00315,,AP605,target_buy,buy,9857.0,1,140,submit,initial_quote,FLAT_QUOTING
20260303,46448000,09:54:08.000,20260303-AP605-00316,,AP605,target_sell,sell,10027.0,1,140,submit,initial_quote,FLAT_QUOTING
20260303,46449000,09:54:09.000,20260303-AP605-00315,,AP605,target_buy,buy,9857.0,1,140,ack,,FLAT_QUOTING
20260303,46449000,09:54:09.000,20260303-AP605-00316,,AP605,target_sell,sell,10027.0,1,140,ack,,FLAT_QUOTING
20260303,46453000,09:54:13.000,20260303-AP605-00315,,AP605,target_buy,buy,9857.0,1,140,cancel_requested,fair_invalid_or_session_guard,PAUSED
20260303,46453000,09:54:13.000,20260303-AP605-00316,,AP605,target_sell,sell,10027.0,1,140,cancel_requested,fair_invalid_or_session_guard,PAUSED
20260303,46454000,09:54:14.000,20260303-AP605-00315,,AP605,target_buy,buy,9857.0,1,140,cancel_ack,fair_invalid_or_session_guard,PAUSED
20260303,46454000,09:54:14.000,20260303-AP605-00316,,AP605,target_sell,sell,10027.0,1,140,cancel_ack,fair_invalid_or_session_guard,PAUSED
20260303,46466000,09:54:26.000,20260303-AP605-00317,,AP605,target_buy,buy,9856.0,1,141,submit,initial_quote,FLAT_QUOTING
20260303,46466000,09:54:26.000,20260303-AP605-00318,,AP605,target_sell,sell,10026.0,1,141,submit,initial_quote,FLAT_QUOTING
20260303,46467000,09:54:27.000,20260303-AP605-00317,,AP605,target_buy,buy,9856.0,1,141,ack,,FLAT_QUOTING
20260303,46467000,09:54:27.000,20260303-AP605-00318,,AP605,target_sell,sell,10026.0,1,141,ack,,FLAT_QUOTING
20260303,46468000,09:54:28.000,20260303-AP605-00317,,AP605,target_buy,buy,9856.0,1,141,cancel_requested,fair_invalid_or_session_guard,PAUSED
20260303,46468000,09:54:28.000,20260303-AP605-00318,,AP605,target_sell,sell,10026.0,1,141,cancel_requested,fair_invalid_or_session_guard,PAUSED
20260303,46469000,09:54:29.000,20260303-AP605-00317,,AP605,target_buy,buy,9856.0,1,141,cancel_ack,fair_invalid_or_session_guard,PAUSED
20260303,46469000,09:54:29.000,20260303-AP605-00318,,AP605,target_sell,sell,10026.0,1,141,cancel_ack,fair_invalid_or_session_guard,PAUSED
20260303,46475000,09:54:35.000,20260303-AP605-00319,,AP605,target_buy,buy,9855.0,1,142,submit,initial_quote,FLAT_QUOTING
20260303,46475000,09:54:35.000,20260303-AP605-00320,,AP605,target_sell,sell,10025.0,1,142,submit,initial_quote,FLAT_QUOTING
20260303,46476000,09:54:36.000,20260303-AP605-00319,,AP605,target_buy,buy,9855.0,1,142,ack,,FLAT_QUOTING
20260303,46476000,09:54:36.000,20260303-AP605-00320,,AP605,target_sell,sell,10025.0,1,142,ack,,FLAT_QUOTING
20260303,46480000,09:54:40.000,20260303-AP605-00319,,AP605,target_buy,buy,9855.0,1,142,cancel_requested,fair_invalid_or_session_guard,PAUSED
20260303,46480000,09:54:40.000,20260303-AP605-00320,,AP605,target_sell,sell,10025.0,1,142,cancel_requested,fair_invalid_or_session_guard,PAUSED
20260303,46481000,09:54:41.000,20260303-AP605-00319,,AP605,target_buy,buy,9855.0,1,142,cancel_ack,fair_invalid_or_session_guard,PAUSED
20260303,46481000,09:54:41.000,20260303-AP605-00320,,AP605,target_sell,sell,10025.0,1,142,cancel_ack,fair_invalid_or_session_guard,PAUSED
20260303,46487000,09:54:47.000,20260303-AP605-00321,,AP605,target_buy,buy,9856.0,1,143,submit,initial_quote,FLAT_QUOTING
20260303,46487000,09:54:47.000,20260303-AP605-00322,,AP605,target_sell,sell,10026.0,1,143,submit,initial_quote,FLAT_QUOTING
20260303,46488000,09:54:48.000,20260303-AP605-00321,,AP605,target_buy,buy,9856.0,1,143,ack,,FLAT_QUOTING
20260303,46488000,09:54:48.000,20260303-AP605-00322,,AP605,target_sell,sell,10026.0,1,143,ack,,FLAT_QUOTING
20260303,46489000,09:54:49.000,20260303-AP605-00321,,AP605,target_buy,buy,9856.0,1,143,cancel_requested,fair_invalid_or_session_guard,PAUSED
20260303,46489000,09:54:49.000,20260303-AP605-00322,,AP605,target_sell,sell,10026.0,1,143,cancel_requested,fair_invalid_or_session_guard,PAUSED
20260303,46490000,09:54:50.000,20260303-AP605-00321,,AP605,target_buy,buy,9856.0,1,143,cancel_ack,fair_invalid_or_session_guard,PAUSED
20260303,46490000,09:54:50.000,20260303-AP605-00322,,AP605,target_sell,sell,10026.0,1,143,cancel_ack,fair_invalid_or_session_guard,PAUSED
20260303,46493000,09:54:53.000,20260303-AP605-00323,,AP605,target_buy,buy,9857.0,1,144,submit,initial_quote,FLAT_QUOTING
20260303,46493000,09:54:53.000,20260303-AP605-00324,,AP605,target_sell,sell,10027.0,1,144,submit,initial_quote,FLAT_QUOTING
20260303,46494000,09:54:54.000,20260303-AP605-00323,,AP605,target_buy,buy,9857.0,1,144,ack,,FLAT_QUOTING
20260303,46494000,09:54:54.000,20260303-AP605-00324,,AP605,target_sell,sell,10027.0,1,144,ack,,FLAT_QUOTING
20260303,46496000,09:54:56.000,20260303-AP605-00323,,AP605,target_buy,buy,9857.0,1,144,cancel_requested,fair_invalid_or_session_guard,PAUSED
20260303,46496000,09:54:56.000,20260303-AP605-00324,,AP605,target_sell,sell,10027.0,1,144,cancel_requested,fair_invalid_or_session_guard,PAUSED
20260303,46497000,09:54:57.000,20260303-AP605-00323,,AP605,target_buy,buy,9857.0,1,144,cancel_ack,fair_invalid_or_session_guard,PAUSED
20260303,46497000,09:54:57.000,20260303-AP605-00324,,AP605,target_sell,sell,10027.0,1,144,cancel_ack,fair_invalid_or_session_guard,PAUSED
20260303,46508000,09:55:08.000,20260303-AP605-00325,,AP605,target_buy,buy,9858.0,1,145,submit,initial_quote,FLAT_QUOTING
20260303,46508000,09:55:08.000,20260303-AP605-00326,,AP605,target_sell,sell,10028.0,1,145,submit,initial_quote,FLAT_QUOTING
20260303,46509000,09:55:09.000,20260303-AP605-00325,,AP605,target_buy,buy,9858.0,1,145,ack,,FLAT_QUOTING
20260303,46509000,09:55:09.000,20260303-AP605-00326,,AP605,target_sell,sell,10028.0,1,145,ack,,FLAT_QUOTING
20260303,46511000,09:55:11.000,20260303-AP605-00325,,AP605,target_buy,buy,9858.0,1,145,cancel_requested,fair_invalid_or_session_guard,PAUSED
20260303,46511000,09:55:11.000,20260303-AP605-00326,,AP605,target_sell,sell,10028.0,1,145,cancel_requested,fair_invalid_or_session_guard,PAUSED
20260303,46512000,09:55:12.000,20260303-AP605-00325,,AP605,target_buy,buy,9858.0,1,145,cancel_ack,fair_invalid_or_session_guard,PAUSED
20260303,46512000,09:55:12.000,20260303-AP605-00326,,AP605,target_sell,sell,10028.0,1,145,cancel_ack,fair_invalid_or_session_guard,PAUSED
20260303,46527000,09:55:27.000,20260303-AP605-00327,,AP605,target_buy,buy,9859.0,1,146,submit,initial_quote,FLAT_QUOTING
20260303,46527000,09:55:27.000,20260303-AP605-00328,,AP605,target_sell,sell,10029.0,1,146,submit,initial_quote,FLAT_QUOTING
20260303,46528000,09:55:28.000,20260303-AP605-00327,,AP605,target_buy,buy,9859.0,1,146,ack,,FLAT_QUOTING
20260303,46528000,09:55:28.000,20260303-AP605-00328,,AP605,target_sell,sell,10029.0,1,146,ack,,FLAT_QUOTING
20260303,46531000,09:55:31.000,20260303-AP605-00327,,AP605,target_buy,buy,9859.0,1,146,cancel_requested,fair_invalid_or_session_guard,PAUSED
20260303,46531000,09:55:31.000,20260303-AP605-00328,,AP605,target_sell,sell,10029.0,1,146,cancel_requested,fair_invalid_or_session_guard,PAUSED
20260303,46532000,09:55:32.000,20260303-AP605-00327,,AP605,target_buy,buy,9859.0,1,146,cancel_ack,fair_invalid_or_session_guard,PAUSED
20260303,46532000,09:55:32.000,20260303-AP605-00328,,AP605,target_sell,sell,10029.0,1,146,cancel_ack,fair_invalid_or_session_guard,PAUSED
20260303,46538000,09:55:38.000,20260303-AP605-00329,,AP605,target_buy,buy,9861.0,1,147,submit,initial_quote,FLAT_QUOTING
20260303,46538000,09:55:38.000,20260303-AP605-00330,,AP605,target_sell,sell,10031.0,1,147,submit,initial_quote,FLAT_QUOTING
20260303,46539000,09:55:39.000,20260303-AP605-00329,,AP605,target_buy,buy,9861.0,1,147,ack,,FLAT_QUOTING
20260303,46539000,09:55:39.000,20260303-AP605-00330,,AP605,target_sell,sell,10031.0,1,147,ack,,FLAT_QUOTING
20260303,46546000,09:55:46.000,20260303-AP605-00329,,AP605,target_buy,buy,9861.0,1,147,cancel_requested,fair_invalid_or_session_guard,PAUSED
20260303,46546000,09:55:46.000,20260303-AP605-00330,,AP605,target_sell,sell,10031.0,1,147,cancel_requested,fair_invalid_or_session_guard,PAUSED
20260303,46547000,09:55:47.000,20260303-AP605-00329,,AP605,target_buy,buy,9861.0,1,147,cancel_ack,fair_invalid_or_session_guard,PAUSED
20260303,46547000,09:55:47.000,20260303-AP605-00330,,AP605,target_sell,sell,10031.0,1,147,cancel_ack,fair_invalid_or_session_guard,PAUSED
20260303,46553000,09:55:53.000,20260303-AP605-00331,,AP605,target_buy,buy,9861.0,1,148,submit,initial_quote,FLAT_QUOTING
20260303,46553000,09:55:53.000,20260303-AP605-00332,,AP605,target_sell,sell,10031.0,1,148,submit,initial_quote,FLAT_QUOTING
20260303,46554000,09:55:54.000,20260303-AP605-00331,,AP605,target_buy,buy,9861.0,1,148,ack,,FLAT_QUOTING
20260303,46554000,09:55:54.000,20260303-AP605-00332,,AP605,target_sell,sell,10031.0,1,148,ack,,FLAT_QUOTING
20260303,46560000,09:56:00.000,20260303-AP605-00331,,AP605,target_buy,buy,9861.0,1,148,cancel_requested,fair_invalid_or_session_guard,PAUSED
20260303,46560000,09:56:00.000,20260303-AP605-00332,,AP605,target_sell,sell,10031.0,1,148,cancel_requested,fair_invalid_or_session_guard,PAUSED
20260303,46561000,09:56:01.000,20260303-AP605-00331,,AP605,target_buy,buy,9861.0,1,148,cancel_ack,fair_invalid_or_session_guard,PAUSED
20260303,46561000,09:56:01.000,20260303-AP605-00332,,AP605,target_sell,sell,10031.0,1,148,cancel_ack,fair_invalid_or_session_guard,PAUSED
20260303,46568000,09:56:08.000,20260303-AP605-00333,,AP605,target_buy,buy,9858.0,1,149,submit,initial_quote,FLAT_QUOTING
20260303,46568000,09:56:08.000,20260303-AP605-00334,,AP605,target_sell,sell,10028.0,1,149,submit,initial_quote,FLAT_QUOTING
20260303,46569000,09:56:09.000,20260303-AP605-00333,,AP605,target_buy,buy,9858.0,1,149,ack,,FLAT_QUOTING
20260303,46569000,09:56:09.000,20260303-AP605-00334,,AP605,target_sell,sell,10028.0,1,149,ack,,FLAT_QUOTING
20260303,46573000,09:56:13.000,20260303-AP605-00333,,AP605,target_buy,buy,9858.0,1,149,cancel_requested,fair_invalid_or_session_guard,PAUSED
20260303,46573000,09:56:13.000,20260303-AP605-00334,,AP605,target_sell,sell,10028.0,1,149,cancel_requested,fair_invalid_or_session_guard,PAUSED
20260303,46574000,09:56:14.000,20260303-AP605-00333,,AP605,target_buy,buy,9858.0,1,149,cancel_ack,fair_invalid_or_session_guard,PAUSED
20260303,46574000,09:56:14.000,20260303-AP605-00334,,AP605,target_sell,sell,10028.0,1,149,cancel_ack,fair_invalid_or_session_guard,PAUSED
20260303,46592000,09:56:32.000,20260303-AP605-00335,,AP605,target_buy,buy,9862.0,1,150,submit,initial_quote,FLAT_QUOTING
20260303,46592000,09:56:32.000,20260303-AP605-00336,,AP605,target_sell,sell,10032.0,1,150,submit,initial_quote,FLAT_QUOTING
20260303,46593000,09:56:33.000,20260303-AP605-00335,,AP605,target_buy,buy,9862.0,1,150,ack,,FLAT_QUOTING
20260303,46593000,09:56:33.000,20260303-AP605-00336,,AP605,target_sell,sell,10032.0,1,150,ack,,FLAT_QUOTING
20260303,46609000,09:56:49.000,20260303-AP605-00335,,AP605,target_buy,buy,9862.0,1,150,cancel_requested,fair_invalid_or_session_guard,PAUSED
20260303,46609000,09:56:49.000,20260303-AP605-00336,,AP605,target_sell,sell,10032.0,1,150,cancel_requested,fair_invalid_or_session_guard,PAUSED
20260303,46610000,09:56:50.000,20260303-AP605-00335,,AP605,target_buy,buy,9862.0,1,150,cancel_ack,fair_invalid_or_session_guard,PAUSED
20260303,46610000,09:56:50.000,20260303-AP605-00336,,AP605,target_sell,sell,10032.0,1,150,cancel_ack,fair_invalid_or_session_guard,PAUSED
20260303,46618000,09:56:58.000,20260303-AP605-00337,,AP605,target_buy,buy,9860.0,1,151,submit,initial_quote,FLAT_QUOTING
20260303,46618000,09:56:58.000,20260303-AP605-00338,,AP605,target_sell,sell,10030.0,1,151,submit,initial_quote,FLAT_QUOTING
20260303,46619000,09:56:59.000,20260303-AP605-00337,,AP605,target_buy,buy,9860.0,1,151,ack,,FLAT_QUOTING
20260303,46619000,09:56:59.000,20260303-AP605-00338,,AP605,target_sell,sell,10030.0,1,151,ack,,FLAT_QUOTING
20260303,46633000,09:57:13.000,20260303-AP605-00337,,AP605,target_buy,buy,9860.0,1,151,cancel_requested,fair_invalid_or_session_guard,PAUSED
20260303,46633000,09:57:13.000,20260303-AP605-00338,,AP605,target_sell,sell,10030.0,1,151,cancel_requested,fair_invalid_or_session_guard,PAUSED
20260303,46634000,09:57:14.000,20260303-AP605-00337,,AP605,target_buy,buy,9860.0,1,151,cancel_ack,fair_invalid_or_session_guard,PAUSED
20260303,46634000,09:57:14.000,20260303-AP605-00338,,AP605,target_sell,sell,10030.0,1,151,cancel_ack,fair_invalid_or_session_guard,PAUSED
20260303,46637000,09:57:17.000,20260303-AP605-00339,,AP605,target_buy,buy,9860.0,1,152,submit,initial_quote,FLAT_QUOTING
20260303,46637000,09:57:17.000,20260303-AP605-00340,,AP605,target_sell,sell,10030.0,1,152,submit,initial_quote,FLAT_QUOTING
20260303,46638000,09:57:18.000,20260303-AP605-00339,,AP605,target_buy,buy,9860.0,1,152,ack,,FLAT_QUOTING
20260303,46638000,09:57:18.000,20260303-AP605-00340,,AP605,target_sell,sell,10030.0,1,152,ack,,FLAT_QUOTING
20260303,46655000,09:57:35.000,20260303-AP605-00339,,AP605,target_buy,buy,9860.0,1,152,cancel_requested,fair_invalid_or_session_guard,PAUSED
20260303,46655000,09:57:35.000,20260303-AP605-00340,,AP605,target_sell,sell,10030.0,1,152,cancel_requested,fair_invalid_or_session_guard,PAUSED
20260303,46656000,09:57:36.000,20260303-AP605-00339,,AP605,target_buy,buy,9860.0,1,152,cancel_ack,fair_invalid_or_session_guard,PAUSED
20260303,46656000,09:57:36.000,20260303-AP605-00340,,AP605,target_sell,sell,10030.0,1,152,cancel_ack,fair_invalid_or_session_guard,PAUSED
20260303,46657000,09:57:37.000,20260303-AP605-00341,,AP605,target_buy,buy,9861.0,1,153,submit,initial_quote,FLAT_QUOTING
20260303,46657000,09:57:37.000,20260303-AP605-00342,,AP605,target_sell,sell,10031.0,1,153,submit,initial_quote,FLAT_QUOTING
20260303,46658000,09:57:38.000,20260303-AP605-00341,,AP605,target_buy,buy,9861.0,1,153,ack,,FLAT_QUOTING
20260303,46658000,09:57:38.000,20260303-AP605-00342,,AP605,target_sell,sell,10031.0,1,153,ack,,FLAT_QUOTING
20260303,46663000,09:57:43.000,20260303-AP605-00341,,AP605,target_buy,buy,9861.0,1,153,cancel_requested,fair_invalid_or_session_guard,PAUSED
20260303,46663000,09:57:43.000,20260303-AP605-00342,,AP605,target_sell,sell,10031.0,1,153,cancel_requested,fair_invalid_or_session_guard,PAUSED
20260303,46664000,09:57:44.000,20260303-AP605-00341,,AP605,target_buy,buy,9861.0,1,153,cancel_ack,fair_invalid_or_session_guard,PAUSED
20260303,46664000,09:57:44.000,20260303-AP605-00342,,AP605,target_sell,sell,10031.0,1,153,cancel_ack,fair_invalid_or_session_guard,PAUSED
20260303,46665000,09:57:45.000,20260303-AP605-00343,,AP605,target_buy,buy,9863.0,1,154,submit,initial_quote,FLAT_QUOTING
20260303,46665000,09:57:45.000,20260303-AP605-00344,,AP605,target_sell,sell,10033.0,1,154,submit,initial_quote,FLAT_QUOTING
20260303,46666000,09:57:46.000,20260303-AP605-00343,,AP605,target_buy,buy,9863.0,1,154,ack,,FLAT_QUOTING
20260303,46666000,09:57:46.000,20260303-AP605-00344,,AP605,target_sell,sell,10033.0,1,154,ack,,FLAT_QUOTING
20260303,46670000,09:57:50.000,20260303-AP605-00343,,AP605,target_buy,buy,9863.0,1,154,cancel_requested,fair_invalid_or_session_guard,PAUSED
20260303,46670000,09:57:50.000,20260303-AP605-00344,,AP605,target_sell,sell,10033.0,1,154,cancel_requested,fair_invalid_or_session_guard,PAUSED
20260303,46671000,09:57:51.000,20260303-AP605-00343,,AP605,target_buy,buy,9863.0,1,154,cancel_ack,fair_invalid_or_session_guard,PAUSED
20260303,46671000,09:57:51.000,20260303-AP605-00344,,AP605,target_sell,sell,10033.0,1,154,cancel_ack,fair_invalid_or_session_guard,PAUSED
20260303,46675000,09:57:55.000,20260303-AP605-00345,,AP605,target_buy,buy,9863.0,1,155,submit,initial_quote,FLAT_QUOTING
20260303,46675000,09:57:55.000,20260303-AP605-00346,,AP605,target_sell,sell,10033.0,1,155,submit,initial_quote,FLAT_QUOTING
20260303,46676000,09:57:56.000,20260303-AP605-00345,,AP605,target_buy,buy,9863.0,1,155,ack,,FLAT_QUOTING
20260303,46676000,09:57:56.000,20260303-AP605-00346,,AP605,target_sell,sell,10033.0,1,155,ack,,FLAT_QUOTING
20260303,46682000,09:58:02.000,20260303-AP605-00345,,AP605,target_buy,buy,9863.0,1,155,cancel_requested,fair_invalid_or_session_guard,PAUSED
20260303,46682000,09:58:02.000,20260303-AP605-00346,,AP605,target_sell,sell,10033.0,1,155,cancel_requested,fair_invalid_or_session_guard,PAUSED
20260303,46683000,09:58:03.000,20260303-AP605-00345,,AP605,target_buy,buy,9863.0,1,155,cancel_ack,fair_invalid_or_session_guard,PAUSED
20260303,46683000,09:58:03.000,20260303-AP605-00346,,AP605,target_sell,sell,10033.0,1,155,cancel_ack,fair_invalid_or_session_guard,PAUSED
20260303,46684000,09:58:04.000,20260303-AP605-00347,,AP605,target_buy,buy,9867.0,1,156,submit,initial_quote,FLAT_QUOTING
20260303,46684000,09:58:04.000,20260303-AP605-00348,,AP605,target_sell,sell,10037.0,1,156,submit,initial_quote,FLAT_QUOTING
20260303,46685000,09:58:05.000,20260303-AP605-00347,,AP605,target_buy,buy,9867.0,1,156,ack,,FLAT_QUOTING
20260303,46685000,09:58:05.000,20260303-AP605-00348,,AP605,target_sell,sell,10037.0,1,156,ack,,FLAT_QUOTING
20260303,46730000,09:58:50.000,20260303-AP605-00347,,AP605,target_buy,buy,9867.0,1,156,cancel_requested,fair_invalid_or_session_guard,PAUSED
20260303,46730000,09:58:50.000,20260303-AP605-00348,,AP605,target_sell,sell,10037.0,1,156,cancel_requested,fair_invalid_or_session_guard,PAUSED
20260303,46731000,09:58:51.000,20260303-AP605-00347,,AP605,target_buy,buy,9867.0,1,156,cancel_ack,fair_invalid_or_session_guard,PAUSED
20260303,46731000,09:58:51.000,20260303-AP605-00348,,AP605,target_sell,sell,10037.0,1,156,cancel_ack,fair_invalid_or_session_guard,PAUSED
20260303,46736000,09:58:56.000,20260303-AP605-00349,,AP605,target_buy,buy,9867.0,1,157,submit,initial_quote,FLAT_QUOTING
20260303,46736000,09:58:56.000,20260303-AP605-00350,,AP605,target_sell,sell,10037.0,1,157,submit,initial_quote,FLAT_QUOTING
20260303,46737000,09:58:57.000,20260303-AP605-00349,,AP605,target_buy,buy,9867.0,1,157,ack,,FLAT_QUOTING
20260303,46737000,09:58:57.000,20260303-AP605-00350,,AP605,target_sell,sell,10037.0,1,157,ack,,FLAT_QUOTING
20260303,46741000,09:59:01.000,20260303-AP605-00349,,AP605,target_buy,buy,9867.0,1,157,cancel_requested,fair_invalid_or_session_guard,PAUSED
20260303,46741000,09:59:01.000,20260303-AP605-00350,,AP605,target_sell,sell,10037.0,1,157,cancel_requested,fair_invalid_or_session_guard,PAUSED
20260303,46742000,09:59:02.000,20260303-AP605-00349,,AP605,target_buy,buy,9867.0,1,157,cancel_ack,fair_invalid_or_session_guard,PAUSED
20260303,46742000,09:59:02.000,20260303-AP605-00350,,AP605,target_sell,sell,10037.0,1,157,cancel_ack,fair_invalid_or_session_guard,PAUSED
20260303,46746000,09:59:06.000,20260303-AP605-00351,,AP605,target_buy,buy,9869.0,1,158,submit,initial_quote,FLAT_QUOTING
20260303,46746000,09:59:06.000,20260303-AP605-00352,,AP605,target_sell,sell,10039.0,1,158,submit,initial_quote,FLAT_QUOTING
20260303,46747000,09:59:07.000,20260303-AP605-00351,,AP605,target_buy,buy,9869.0,1,158,ack,,FLAT_QUOTING
20260303,46747000,09:59:07.000,20260303-AP605-00352,,AP605,target_sell,sell,10039.0,1,158,ack,,FLAT_QUOTING
20260303,46778000,09:59:38.000,20260303-AP605-00351,,AP605,target_buy,buy,9869.0,1,158,cancel_requested,fair_invalid_or_session_guard,PAUSED
20260303,46778000,09:59:38.000,20260303-AP605-00352,,AP605,target_sell,sell,10039.0,1,158,cancel_requested,fair_invalid_or_session_guard,PAUSED
20260303,46779000,09:59:39.000,20260303-AP605-00351,,AP605,target_buy,buy,9869.0,1,158,cancel_ack,fair_invalid_or_session_guard,PAUSED
20260303,46779000,09:59:39.000,20260303-AP605-00352,,AP605,target_sell,sell,10039.0,1,158,cancel_ack,fair_invalid_or_session_guard,PAUSED
20260303,46786000,09:59:46.000,20260303-AP605-00353,,AP605,target_buy,buy,9875.0,1,159,submit,initial_quote,FLAT_QUOTING
20260303,46786000,09:59:46.000,20260303-AP605-00354,,AP605,target_sell,sell,10045.0,1,159,submit,initial_quote,FLAT_QUOTING
20260303,46787000,09:59:47.000,20260303-AP605-00353,,AP605,target_buy,buy,9875.0,1,159,ack,,FLAT_QUOTING
20260303,46787000,09:59:47.000,20260303-AP605-00354,,AP605,target_sell,sell,10045.0,1,159,ack,,FLAT_QUOTING
20260303,46799000,09:59:59.000,20260303-AP605-00353,,AP605,target_buy,buy,9875.0,1,159,cancel_requested,fair_invalid_or_session_guard,PAUSED
20260303,46799000,09:59:59.000,20260303-AP605-00354,,AP605,target_sell,sell,10045.0,1,159,cancel_requested,fair_invalid_or_session_guard,PAUSED
20260303,46800000,10:00:00.000,20260303-AP605-00353,,AP605,target_buy,buy,9875.0,1,159,cancel_ack,fair_invalid_or_session_guard,PAUSED
20260303,46800000,10:00:00.000,20260303-AP605-00354,,AP605,target_sell,sell,10045.0,1,159,cancel_ack,fair_invalid_or_session_guard,PAUSED
20260303,46801000,10:00:01.000,20260303-AP605-00355,,AP605,target_buy,buy,9876.0,1,160,submit,initial_quote,FLAT_QUOTING
20260303,46801000,10:00:01.000,20260303-AP605-00356,,AP605,target_sell,sell,10046.0,1,160,submit,initial_quote,FLAT_QUOTING
20260303,46802000,10:00:02.000,20260303-AP605-00355,,AP605,target_buy,buy,9876.0,1,160,ack,,FLAT_QUOTING
20260303,46802000,10:00:02.000,20260303-AP605-00356,,AP605,target_sell,sell,10046.0,1,160,ack,,FLAT_QUOTING
20260303,46859000,10:00:59.000,20260303-AP605-00355,,AP605,target_buy,buy,9876.0,1,160,cancel_requested,fair_invalid_or_session_guard,PAUSED
20260303,46859000,10:00:59.000,20260303-AP605-00356,,AP605,target_sell,sell,10046.0,1,160,cancel_requested,fair_invalid_or_session_guard,PAUSED
20260303,46860000,10:01:00.000,20260303-AP605-00355,,AP605,target_buy,buy,9876.0,1,160,cancel_ack,fair_invalid_or_session_guard,PAUSED
20260303,46860000,10:01:00.000,20260303-AP605-00356,,AP605,target_sell,sell,10046.0,1,160,cancel_ack,fair_invalid_or_session_guard,PAUSED
20260303,46863000,10:01:03.000,20260303-AP605-00357,,AP605,target_buy,buy,9877.0,1,161,submit,initial_quote,FLAT_QUOTING
20260303,46863000,10:01:03.000,20260303-AP605-00358,,AP605,target_sell,sell,10047.0,1,161,submit,initial_quote,FLAT_QUOTING
20260303,46864000,10:01:04.000,20260303-AP605-00357,,AP605,target_buy,buy,9877.0,1,161,ack,,FLAT_QUOTING
20260303,46864000,10:01:04.000,20260303-AP605-00358,,AP605,target_sell,sell,10047.0,1,161,ack,,FLAT_QUOTING
20260303,46871000,10:01:11.000,20260303-AP605-00357,,AP605,target_buy,buy,9877.0,1,161,cancel_requested,fair_invalid_or_session_guard,PAUSED
20260303,46871000,10:01:11.000,20260303-AP605-00358,,AP605,target_sell,sell,10047.0,1,161,cancel_requested,fair_invalid_or_session_guard,PAUSED
20260303,46872000,10:01:12.000,20260303-AP605-00357,,AP605,target_buy,buy,9877.0,1,161,cancel_ack,fair_invalid_or_session_guard,PAUSED
20260303,46872000,10:01:12.000,20260303-AP605-00358,,AP605,target_sell,sell,10047.0,1,161,cancel_ack,fair_invalid_or_session_guard,PAUSED
20260303,46876000,10:01:16.000,20260303-AP605-00359,,AP605,target_buy,buy,9880.0,1,162,submit,initial_quote,FLAT_QUOTING
20260303,46876000,10:01:16.000,20260303-AP605-00360,,AP605,target_sell,sell,10050.0,1,162,submit,initial_quote,FLAT_QUOTING
20260303,46877000,10:01:17.000,20260303-AP605-00359,,AP605,target_buy,buy,9880.0,1,162,ack,,FLAT_QUOTING
20260303,46877000,10:01:17.000,20260303-AP605-00360,,AP605,target_sell,sell,10050.0,1,162,ack,,FLAT_QUOTING
20260303,46880000,10:01:20.000,20260303-AP605-00359,,AP605,target_buy,buy,9880.0,1,162,cancel_requested,fair_invalid_or_session_guard,PAUSED
20260303,46880000,10:01:20.000,20260303-AP605-00360,,AP605,target_sell,sell,10050.0,1,162,cancel_requested,fair_invalid_or_session_guard,PAUSED
20260303,46881000,10:01:21.000,20260303-AP605-00359,,AP605,target_buy,buy,9880.0,1,162,cancel_ack,fair_invalid_or_session_guard,PAUSED
20260303,46881000,10:01:21.000,20260303-AP605-00360,,AP605,target_sell,sell,10050.0,1,162,cancel_ack,fair_invalid_or_session_guard,PAUSED
20260303,46885000,10:01:25.000,20260303-AP605-00361,,AP605,target_buy,buy,9882.0,1,163,submit,initial_quote,FLAT_QUOTING
20260303,46885000,10:01:25.000,20260303-AP605-00362,,AP605,target_sell,sell,10052.0,1,163,submit,initial_quote,FLAT_QUOTING
20260303,46886000,10:01:26.000,20260303-AP605-00361,,AP605,target_buy,buy,9882.0,1,163,ack,,FLAT_QUOTING
20260303,46886000,10:01:26.000,20260303-AP605-00362,,AP605,target_sell,sell,10052.0,1,163,ack,,FLAT_QUOTING
20260303,46909000,10:01:49.000,20260303-AP605-00361,,AP605,target_buy,buy,9882.0,1,163,cancel_requested,fair_invalid_or_session_guard,PAUSED
20260303,46909000,10:01:49.000,20260303-AP605-00362,,AP605,target_sell,sell,10052.0,1,163,cancel_requested,fair_invalid_or_session_guard,PAUSED
20260303,46910000,10:01:50.000,20260303-AP605-00361,,AP605,target_buy,buy,9882.0,1,163,cancel_ack,fair_invalid_or_session_guard,PAUSED
20260303,46910000,10:01:50.000,20260303-AP605-00362,,AP605,target_sell,sell,10052.0,1,163,cancel_ack,fair_invalid_or_session_guard,PAUSED
20260303,46911000,10:01:51.000,20260303-AP605-00363,,AP605,target_buy,buy,9883.0,1,164,submit,initial_quote,FLAT_QUOTING
20260303,46911000,10:01:51.000,20260303-AP605-00364,,AP605,target_sell,sell,10053.0,1,164,submit,initial_quote,FLAT_QUOTING
20260303,46912000,10:01:52.000,20260303-AP605-00363,,AP605,target_buy,buy,9883.0,1,164,ack,,FLAT_QUOTING
20260303,46912000,10:01:52.000,20260303-AP605-00364,,AP605,target_sell,sell,10053.0,1,164,ack,,FLAT_QUOTING
20260303,46938000,10:02:18.000,20260303-AP605-00363,,AP605,target_buy,buy,9883.0,1,164,cancel_requested,fair_invalid_or_session_guard,PAUSED
20260303,46938000,10:02:18.000,20260303-AP605-00364,,AP605,target_sell,sell,10053.0,1,164,cancel_requested,fair_invalid_or_session_guard,PAUSED
20260303,46939000,10:02:19.000,20260303-AP605-00363,,AP605,target_buy,buy,9883.0,1,164,cancel_ack,fair_invalid_or_session_guard,PAUSED
20260303,46939000,10:02:19.000,20260303-AP605-00364,,AP605,target_sell,sell,10053.0,1,164,cancel_ack,fair_invalid_or_session_guard,PAUSED
20260303,46944000,10:02:24.000,20260303-AP605-00365,,AP605,target_buy,buy,9883.0,1,165,submit,initial_quote,FLAT_QUOTING
20260303,46944000,10:02:24.000,20260303-AP605-00366,,AP605,target_sell,sell,10053.0,1,165,submit,initial_quote,FLAT_QUOTING
20260303,46945000,10:02:25.000,20260303-AP605-00365,,AP605,target_buy,buy,9883.0,1,165,ack,,FLAT_QUOTING
20260303,46945000,10:02:25.000,20260303-AP605-00366,,AP605,target_sell,sell,10053.0,1,165,ack,,FLAT_QUOTING
20260303,46966000,10:02:46.000,20260303-AP605-00365,,AP605,target_buy,buy,9883.0,1,165,cancel_requested,fair_invalid_or_session_guard,PAUSED
20260303,46966000,10:02:46.000,20260303-AP605-00366,,AP605,target_sell,sell,10053.0,1,165,cancel_requested,fair_invalid_or_session_guard,PAUSED
20260303,46967000,10:02:47.000,20260303-AP605-00365,,AP605,target_buy,buy,9883.0,1,165,cancel_ack,fair_invalid_or_session_guard,PAUSED
20260303,46967000,10:02:47.000,20260303-AP605-00366,,AP605,target_sell,sell,10053.0,1,165,cancel_ack,fair_invalid_or_session_guard,PAUSED
20260303,46969000,10:02:49.000,20260303-AP605-00367,,AP605,target_buy,buy,9883.0,1,166,submit,initial_quote,FLAT_QUOTING
20260303,46969000,10:02:49.000,20260303-AP605-00368,,AP605,target_sell,sell,10053.0,1,166,submit,initial_quote,FLAT_QUOTING
20260303,46970000,10:02:50.000,20260303-AP605-00367,,AP605,target_buy,buy,9883.0,1,166,ack,,FLAT_QUOTING
20260303,46970000,10:02:50.000,20260303-AP605-00368,,AP605,target_sell,sell,10053.0,1,166,ack,,FLAT_QUOTING
20260303,46978000,10:02:58.000,20260303-AP605-00367,,AP605,target_buy,buy,9883.0,1,166,cancel_requested,fair_invalid_or_session_guard,PAUSED
20260303,46978000,10:02:58.000,20260303-AP605-00368,,AP605,target_sell,sell,10053.0,1,166,cancel_requested,fair_invalid_or_session_guard,PAUSED
20260303,46979000,10:02:59.000,20260303-AP605-00367,,AP605,target_buy,buy,9883.0,1,166,cancel_ack,fair_invalid_or_session_guard,PAUSED
20260303,46979000,10:02:59.000,20260303-AP605-00368,,AP605,target_sell,sell,10053.0,1,166,cancel_ack,fair_invalid_or_session_guard,PAUSED
20260303,46981000,10:03:01.000,20260303-AP605-00369,,AP605,target_buy,buy,9884.0,1,167,submit,initial_quote,FLAT_QUOTING
20260303,46981000,10:03:01.000,20260303-AP605-00370,,AP605,target_sell,sell,10054.0,1,167,submit,initial_quote,FLAT_QUOTING
20260303,46982000,10:03:02.000,20260303-AP605-00369,,AP605,target_buy,buy,9884.0,1,167,ack,,FLAT_QUOTING
20260303,46982000,10:03:02.000,20260303-AP605-00370,,AP605,target_sell,sell,10054.0,1,167,ack,,FLAT_QUOTING
20260303,46998000,10:03:18.000,20260303-AP605-00369,,AP605,target_buy,buy,9884.0,1,167,cancel_requested,fair_invalid_or_session_guard,PAUSED
20260303,46998000,10:03:18.000,20260303-AP605-00370,,AP605,target_sell,sell,10054.0,1,167,cancel_requested,fair_invalid_or_session_guard,PAUSED
20260303,46999000,10:03:19.000,20260303-AP605-00369,,AP605,target_buy,buy,9884.0,1,167,cancel_ack,fair_invalid_or_session_guard,PAUSED
20260303,46999000,10:03:19.000,20260303-AP605-00370,,AP605,target_sell,sell,10054.0,1,167,cancel_ack,fair_invalid_or_session_guard,PAUSED
20260303,47014000,10:03:34.000,20260303-AP605-00371,,AP605,target_buy,buy,9886.0,1,168,submit,initial_quote,FLAT_QUOTING
20260303,47014000,10:03:34.000,20260303-AP605-00372,,AP605,target_sell,sell,10056.0,1,168,submit,initial_quote,FLAT_QUOTING
20260303,47015000,10:03:35.000,20260303-AP605-00371,,AP605,target_buy,buy,9886.0,1,168,ack,,FLAT_QUOTING
20260303,47015000,10:03:35.000,20260303-AP605-00372,,AP605,target_sell,sell,10056.0,1,168,ack,,FLAT_QUOTING
20260303,47071000,10:04:31.000,20260303-AP605-00371,,AP605,target_buy,buy,9886.0,1,168,cancel_requested,fair_invalid_or_session_guard,PAUSED
20260303,47071000,10:04:31.000,20260303-AP605-00372,,AP605,target_sell,sell,10056.0,1,168,cancel_requested,fair_invalid_or_session_guard,PAUSED
20260303,47072000,10:04:32.000,20260303-AP605-00371,,AP605,target_buy,buy,9886.0,1,168,cancel_ack,fair_invalid_or_session_guard,PAUSED
20260303,47072000,10:04:32.000,20260303-AP605-00372,,AP605,target_sell,sell,10056.0,1,168,cancel_ack,fair_invalid_or_session_guard,PAUSED
20260303,47103000,10:05:03.000,20260303-AP605-00373,,AP605,target_buy,buy,9882.0,1,169,submit,initial_quote,FLAT_QUOTING
20260303,47103000,10:05:03.000,20260303-AP605-00374,,AP605,target_sell,sell,10052.0,1,169,submit,initial_quote,FLAT_QUOTING
20260303,47104000,10:05:04.000,20260303-AP605-00373,,AP605,target_buy,buy,9882.0,1,169,ack,,FLAT_QUOTING
20260303,47104000,10:05:04.000,20260303-AP605-00374,,AP605,target_sell,sell,10052.0,1,169,ack,,FLAT_QUOTING
20260303,47129000,10:05:29.000,20260303-AP605-00373,,AP605,target_buy,buy,9882.0,1,169,cancel_requested,fair_invalid_or_session_guard,PAUSED
20260303,47129000,10:05:29.000,20260303-AP605-00374,,AP605,target_sell,sell,10052.0,1,169,cancel_requested,fair_invalid_or_session_guard,PAUSED
20260303,47130000,10:05:30.000,20260303-AP605-00373,,AP605,target_buy,buy,9882.0,1,169,cancel_ack,fair_invalid_or_session_guard,PAUSED
20260303,47130000,10:05:30.000,20260303-AP605-00374,,AP605,target_sell,sell,10052.0,1,169,cancel_ack,fair_invalid_or_session_guard,PAUSED
20260303,47133000,10:05:33.000,20260303-AP605-00375,,AP605,target_buy,buy,9882.0,1,170,submit,initial_quote,FLAT_QUOTING
20260303,47133000,10:05:33.000,20260303-AP605-00376,,AP605,target_sell,sell,10052.0,1,170,submit,initial_quote,FLAT_QUOTING
20260303,47134000,10:05:34.000,20260303-AP605-00375,,AP605,target_buy,buy,9882.0,1,170,ack,,FLAT_QUOTING
20260303,47134000,10:05:34.000,20260303-AP605-00376,,AP605,target_sell,sell,10052.0,1,170,ack,,FLAT_QUOTING
20260303,47146000,10:05:46.000,20260303-AP605-00375,,AP605,target_buy,buy,9882.0,1,170,cancel_requested,fair_invalid_or_session_guard,PAUSED
20260303,47146000,10:05:46.000,20260303-AP605-00376,,AP605,target_sell,sell,10052.0,1,170,cancel_requested,fair_invalid_or_session_guard,PAUSED
20260303,47147000,10:05:47.000,20260303-AP605-00375,,AP605,target_buy,buy,9882.0,1,170,cancel_ack,fair_invalid_or_session_guard,PAUSED
20260303,47147000,10:05:47.000,20260303-AP605-00376,,AP605,target_sell,sell,10052.0,1,170,cancel_ack,fair_invalid_or_session_guard,PAUSED
20260303,47153000,10:05:53.000,20260303-AP605-00377,,AP605,target_buy,buy,9883.0,1,171,submit,initial_quote,FLAT_QUOTING
20260303,47153000,10:05:53.000,20260303-AP605-00378,,AP605,target_sell,sell,10053.0,1,171,submit,initial_quote,FLAT_QUOTING
20260303,47154000,10:05:54.000,20260303-AP605-00377,,AP605,target_buy,buy,9883.0,1,171,ack,,FLAT_QUOTING
20260303,47154000,10:05:54.000,20260303-AP605-00378,,AP605,target_sell,sell,10053.0,1,171,ack,,FLAT_QUOTING
20260303,47171000,10:06:11.000,20260303-AP605-00377,,AP605,target_buy,buy,9883.0,1,171,cancel_requested,fair_invalid_or_session_guard,PAUSED
20260303,47171000,10:06:11.000,20260303-AP605-00378,,AP605,target_sell,sell,10053.0,1,171,cancel_requested,fair_invalid_or_session_guard,PAUSED
20260303,47172000,10:06:12.000,20260303-AP605-00377,,AP605,target_buy,buy,9883.0,1,171,cancel_ack,fair_invalid_or_session_guard,PAUSED
20260303,47172000,10:06:12.000,20260303-AP605-00378,,AP605,target_sell,sell,10053.0,1,171,cancel_ack,fair_invalid_or_session_guard,PAUSED
20260303,47198000,10:06:38.000,20260303-AP605-00379,,AP605,target_buy,buy,9877.0,1,172,submit,initial_quote,FLAT_QUOTING
20260303,47198000,10:06:38.000,20260303-AP605-00380,,AP605,target_sell,sell,10047.0,1,172,submit,initial_quote,FLAT_QUOTING
20260303,47199000,10:06:39.000,20260303-AP605-00379,,AP605,target_buy,buy,9877.0,1,172,ack,,FLAT_QUOTING
20260303,47199000,10:06:39.000,20260303-AP605-00380,,AP605,target_sell,sell,10047.0,1,172,ack,,FLAT_QUOTING
20260303,47257000,10:07:37.000,20260303-AP605-00379,,AP605,target_buy,buy,9877.0,1,172,cancel_requested,fair_invalid_or_session_guard,PAUSED
20260303,47257000,10:07:37.000,20260303-AP605-00380,,AP605,target_sell,sell,10047.0,1,172,cancel_requested,fair_invalid_or_session_guard,PAUSED
20260303,47258000,10:07:38.000,20260303-AP605-00379,,AP605,target_buy,buy,9877.0,1,172,cancel_ack,fair_invalid_or_session_guard,PAUSED
20260303,47258000,10:07:38.000,20260303-AP605-00380,,AP605,target_sell,sell,10047.0,1,172,cancel_ack,fair_invalid_or_session_guard,PAUSED
20260303,47261000,10:07:41.000,20260303-AP605-00381,,AP605,target_buy,buy,9875.0,1,173,submit,initial_quote,FLAT_QUOTING
20260303,47261000,10:07:41.000,20260303-AP605-00382,,AP605,target_sell,sell,10045.0,1,173,submit,initial_quote,FLAT_QUOTING
20260303,47262000,10:07:42.000,20260303-AP605-00381,,AP605,target_buy,buy,9875.0,1,173,ack,,FLAT_QUOTING
20260303,47262000,10:07:42.000,20260303-AP605-00382,,AP605,target_sell,sell,10045.0,1,173,ack,,FLAT_QUOTING
20260303,47303000,10:08:23.000,20260303-AP605-00381,,AP605,target_buy,buy,9875.0,1,173,cancel_requested,fair_invalid_or_session_guard,PAUSED
20260303,47303000,10:08:23.000,20260303-AP605-00382,,AP605,target_sell,sell,10045.0,1,173,cancel_requested,fair_invalid_or_session_guard,PAUSED
20260303,47304000,10:08:24.000,20260303-AP605-00381,,AP605,target_buy,buy,9875.0,1,173,cancel_ack,fair_invalid_or_session_guard,PAUSED
20260303,47304000,10:08:24.000,20260303-AP605-00382,,AP605,target_sell,sell,10045.0,1,173,cancel_ack,fair_invalid_or_session_guard,PAUSED
20260303,47305000,10:08:25.000,20260303-AP605-00383,,AP605,target_buy,buy,9873.0,1,174,submit,initial_quote,FLAT_QUOTING
20260303,47305000,10:08:25.000,20260303-AP605-00384,,AP605,target_sell,sell,10043.0,1,174,submit,initial_quote,FLAT_QUOTING
20260303,47306000,10:08:26.000,20260303-AP605-00383,,AP605,target_buy,buy,9873.0,1,174,ack,,FLAT_QUOTING
20260303,47306000,10:08:26.000,20260303-AP605-00384,,AP605,target_sell,sell,10043.0,1,174,ack,,FLAT_QUOTING
20260303,47309000,10:08:29.000,20260303-AP605-00383,,AP605,target_buy,buy,9873.0,1,174,cancel_requested,fair_invalid_or_session_guard,PAUSED
20260303,47309000,10:08:29.000,20260303-AP605-00384,,AP605,target_sell,sell,10043.0,1,174,cancel_requested,fair_invalid_or_session_guard,PAUSED
20260303,47310000,10:08:30.000,20260303-AP605-00383,,AP605,target_buy,buy,9873.0,1,174,cancel_ack,fair_invalid_or_session_guard,PAUSED
20260303,47310000,10:08:30.000,20260303-AP605-00384,,AP605,target_sell,sell,10043.0,1,174,cancel_ack,fair_invalid_or_session_guard,PAUSED
20260303,47319000,10:08:39.000,20260303-AP605-00385,,AP605,target_buy,buy,9872.0,1,175,submit,initial_quote,FLAT_QUOTING
20260303,47319000,10:08:39.000,20260303-AP605-00386,,AP605,target_sell,sell,10042.0,1,175,submit,initial_quote,FLAT_QUOTING
20260303,47320000,10:08:40.000,20260303-AP605-00385,,AP605,target_buy,buy,9872.0,1,175,ack,,FLAT_QUOTING
20260303,47320000,10:08:40.000,20260303-AP605-00386,,AP605,target_sell,sell,10042.0,1,175,ack,,FLAT_QUOTING
20260303,47333000,10:08:53.000,20260303-AP605-00385,,AP605,target_buy,buy,9872.0,1,175,cancel_requested,fair_invalid_or_session_guard,PAUSED
20260303,47333000,10:08:53.000,20260303-AP605-00386,,AP605,target_sell,sell,10042.0,1,175,cancel_requested,fair_invalid_or_session_guard,PAUSED
20260303,47334000,10:08:54.000,20260303-AP605-00385,,AP605,target_buy,buy,9872.0,1,175,cancel_ack,fair_invalid_or_session_guard,PAUSED
20260303,47334000,10:08:54.000,20260303-AP605-00386,,AP605,target_sell,sell,10042.0,1,175,cancel_ack,fair_invalid_or_session_guard,PAUSED
20260303,47340000,10:09:00.000,20260303-AP605-00387,,AP605,target_buy,buy,9861.0,1,176,submit,initial_quote,FLAT_QUOTING
20260303,47340000,10:09:00.000,20260303-AP605-00388,,AP605,target_sell,sell,10031.0,1,176,submit,initial_quote,FLAT_QUOTING
20260303,47341000,10:09:01.000,20260303-AP605-00387,,AP605,target_buy,buy,9861.0,1,176,ack,,FLAT_QUOTING
20260303,47341000,10:09:01.000,20260303-AP605-00388,,AP605,target_sell,sell,10031.0,1,176,ack,,FLAT_QUOTING
20260303,47389000,10:09:49.000,20260303-AP605-00387,,AP605,target_buy,buy,9861.0,1,176,cancel_requested,fair_invalid_or_session_guard,PAUSED
20260303,47389000,10:09:49.000,20260303-AP605-00388,,AP605,target_sell,sell,10031.0,1,176,cancel_requested,fair_invalid_or_session_guard,PAUSED
20260303,47390000,10:09:50.000,20260303-AP605-00387,,AP605,target_buy,buy,9861.0,1,176,cancel_ack,fair_invalid_or_session_guard,PAUSED
20260303,47390000,10:09:50.000,20260303-AP605-00388,,AP605,target_sell,sell,10031.0,1,176,cancel_ack,fair_invalid_or_session_guard,PAUSED
20260303,47397000,10:09:57.000,20260303-AP605-00389,,AP605,target_buy,buy,9855.0,1,177,submit,initial_quote,FLAT_QUOTING
20260303,47397000,10:09:57.000,20260303-AP605-00390,,AP605,target_sell,sell,10025.0,1,177,submit,initial_quote,FLAT_QUOTING
20260303,47398000,10:09:58.000,20260303-AP605-00389,,AP605,target_buy,buy,9855.0,1,177,ack,,FLAT_QUOTING
20260303,47398000,10:09:58.000,20260303-AP605-00390,,AP605,target_sell,sell,10025.0,1,177,ack,,FLAT_QUOTING
20260303,47404000,10:10:04.000,20260303-AP605-00390,,AP605,target_sell,sell,10025.0,1,177,fill,interval_vwap,FLAT_QUOTING
20260303,47404000,10:10:04.000,20260303-AP605-00389,,AP605,target_buy,buy,9855.0,1,177,cancel_requested,opposite_target_fill,FLAT_QUOTING
20260303,47405000,10:10:05.000,20260303-AP605-00389,,AP605,target_buy,buy,9855.0,1,177,cancel_ack,opposite_target_fill,SHORT_PENDING_HEDGE
20260303,47405000,10:10:05.000,20260303-AP605-00391,20260303-AP605-0013,AP604,hedge_entry,buy,,1,177,submit,,SHORT_PENDING_HEDGE
20260303,47405000,10:10:05.000,20260303-AP605-00391,20260303-AP605-0013,AP604,hedge_entry,buy,9690.0,1,177,fill,quote_key=47405000,SHORT_PENDING_HEDGE
20260303,47406000,10:10:06.000,20260303-AP605-00392,20260303-AP605-0013,AP605,target_exit,buy,,1,177,submit,,FLATTENING
20260303,47406000,10:10:06.000,20260303-AP605-00392,20260303-AP605-0013,AP605,target_exit,buy,9941.0,1,177,fill,,FLATTENING
20260303,47406000,10:10:06.000,20260303-AP605-00393,20260303-AP605-0013,AP604,hedge_exit,sell,,1,177,submit,,FLATTENING
20260303,47406000,10:10:06.000,20260303-AP605-00393,20260303-AP605-0013,AP604,hedge_exit,sell,9669.0,1,177,fill,quote_key=47406000,FLATTENING
20260303,47408000,10:10:08.000,20260303-AP605-00394,,AP605,target_buy,buy,9855.0,1,178,submit,initial_quote,FLAT_QUOTING
20260303,47408000,10:10:08.000,20260303-AP605-00395,,AP605,target_sell,sell,10025.0,1,178,submit,initial_quote,FLAT_QUOTING
20260303,47409000,10:10:09.000,20260303-AP605-00394,,AP605,target_buy,buy,9855.0,1,178,ack,,FLAT_QUOTING
20260303,47409000,10:10:09.000,20260303-AP605-00395,,AP605,target_sell,sell,10025.0,1,178,ack,,FLAT_QUOTING
20260303,47421000,10:10:21.000,20260303-AP605-00394,,AP605,target_buy,buy,9855.0,1,178,cancel_requested,fair_invalid_or_session_guard,PAUSED
20260303,47421000,10:10:21.000,20260303-AP605-00395,,AP605,target_sell,sell,10025.0,1,178,cancel_requested,fair_invalid_or_session_guard,PAUSED
20260303,47422000,10:10:22.000,20260303-AP605-00394,,AP605,target_buy,buy,9855.0,1,178,cancel_ack,fair_invalid_or_session_guard,PAUSED
20260303,47422000,10:10:22.000,20260303-AP605-00395,,AP605,target_sell,sell,10025.0,1,178,cancel_ack,fair_invalid_or_session_guard,PAUSED
20260303,47423000,10:10:23.000,20260303-AP605-00396,,AP605,target_buy,buy,9857.0,1,179,submit,initial_quote,FLAT_QUOTING
20260303,47423000,10:10:23.000,20260303-AP605-00397,,AP605,target_sell,sell,10027.0,1,179,submit,initial_quote,FLAT_QUOTING
20260303,47424000,10:10:24.000,20260303-AP605-00396,,AP605,target_buy,buy,9857.0,1,179,ack,,FLAT_QUOTING
20260303,47424000,10:10:24.000,20260303-AP605-00397,,AP605,target_sell,sell,10027.0,1,179,ack,,FLAT_QUOTING
20260303,47428000,10:10:28.000,20260303-AP605-00396,,AP605,target_buy,buy,9857.0,1,179,cancel_requested,fair_invalid_or_session_guard,PAUSED
20260303,47428000,10:10:28.000,20260303-AP605-00397,,AP605,target_sell,sell,10027.0,1,179,cancel_requested,fair_invalid_or_session_guard,PAUSED
20260303,47429000,10:10:29.000,20260303-AP605-00396,,AP605,target_buy,buy,9857.0,1,179,cancel_ack,fair_invalid_or_session_guard,PAUSED
20260303,47429000,10:10:29.000,20260303-AP605-00397,,AP605,target_sell,sell,10027.0,1,179,cancel_ack,fair_invalid_or_session_guard,PAUSED
20260303,47430000,10:10:30.000,20260303-AP605-00398,,AP605,target_buy,buy,9857.0,1,180,submit,initial_quote,FLAT_QUOTING
20260303,47430000,10:10:30.000,20260303-AP605-00399,,AP605,target_sell,sell,10027.0,1,180,submit,initial_quote,FLAT_QUOTING
20260303,47431000,10:10:31.000,20260303-AP605-00398,,AP605,target_buy,buy,9857.0,1,180,ack,,FLAT_QUOTING
20260303,47431000,10:10:31.000,20260303-AP605-00399,,AP605,target_sell,sell,10027.0,1,180,ack,,FLAT_QUOTING
20260303,47493000,10:11:33.000,20260303-AP605-00398,,AP605,target_buy,buy,9857.0,1,180,cancel_requested,fair_invalid_or_session_guard,PAUSED
20260303,47493000,10:11:33.000,20260303-AP605-00399,,AP605,target_sell,sell,10027.0,1,180,cancel_requested,fair_invalid_or_session_guard,PAUSED
20260303,47494000,10:11:34.000,20260303-AP605-00398,,AP605,target_buy,buy,9857.0,1,180,cancel_ack,fair_invalid_or_session_guard,PAUSED
20260303,47494000,10:11:34.000,20260303-AP605-00399,,AP605,target_sell,sell,10027.0,1,180,cancel_ack,fair_invalid_or_session_guard,PAUSED
20260303,47498000,10:11:38.000,20260303-AP605-00400,,AP605,target_buy,buy,9860.0,1,181,submit,initial_quote,FLAT_QUOTING
20260303,47498000,10:11:38.000,20260303-AP605-00401,,AP605,target_sell,sell,10030.0,1,181,submit,initial_quote,FLAT_QUOTING
20260303,47499000,10:11:39.000,20260303-AP605-00400,,AP605,target_buy,buy,9860.0,1,181,ack,,FLAT_QUOTING
20260303,47499000,10:11:39.000,20260303-AP605-00401,,AP605,target_sell,sell,10030.0,1,181,ack,,FLAT_QUOTING
20260303,47503000,10:11:43.000,20260303-AP605-00400,,AP605,target_buy,buy,9860.0,1,181,cancel_requested,fair_invalid_or_session_guard,PAUSED
20260303,47503000,10:11:43.000,20260303-AP605-00401,,AP605,target_sell,sell,10030.0,1,181,cancel_requested,fair_invalid_or_session_guard,PAUSED
20260303,47504000,10:11:44.000,20260303-AP605-00400,,AP605,target_buy,buy,9860.0,1,181,cancel_ack,fair_invalid_or_session_guard,PAUSED
20260303,47504000,10:11:44.000,20260303-AP605-00401,,AP605,target_sell,sell,10030.0,1,181,cancel_ack,fair_invalid_or_session_guard,PAUSED
20260303,47506000,10:11:46.000,20260303-AP605-00402,,AP605,target_buy,buy,9860.0,1,182,submit,initial_quote,FLAT_QUOTING
20260303,47506000,10:11:46.000,20260303-AP605-00403,,AP605,target_sell,sell,10030.0,1,182,submit,initial_quote,FLAT_QUOTING
20260303,47507000,10:11:47.000,20260303-AP605-00402,,AP605,target_buy,buy,9860.0,1,182,ack,,FLAT_QUOTING
20260303,47507000,10:11:47.000,20260303-AP605-00403,,AP605,target_sell,sell,10030.0,1,182,ack,,FLAT_QUOTING
20260303,47510000,10:11:50.000,20260303-AP605-00402,,AP605,target_buy,buy,9860.0,1,182,cancel_requested,fair_invalid_or_session_guard,PAUSED
20260303,47510000,10:11:50.000,20260303-AP605-00403,,AP605,target_sell,sell,10030.0,1,182,cancel_requested,fair_invalid_or_session_guard,PAUSED
20260303,47511000,10:11:51.000,20260303-AP605-00402,,AP605,target_buy,buy,9860.0,1,182,cancel_ack,fair_invalid_or_session_guard,PAUSED
20260303,47511000,10:11:51.000,20260303-AP605-00403,,AP605,target_sell,sell,10030.0,1,182,cancel_ack,fair_invalid_or_session_guard,PAUSED
20260303,47556000,10:12:36.000,20260303-AP605-00404,,AP605,target_buy,buy,9860.0,1,183,submit,initial_quote,FLAT_QUOTING
20260303,47556000,10:12:36.000,20260303-AP605-00405,,AP605,target_sell,sell,10030.0,1,183,submit,initial_quote,FLAT_QUOTING
20260303,47557000,10:12:37.000,20260303-AP605-00404,,AP605,target_buy,buy,9860.0,1,183,ack,,FLAT_QUOTING
20260303,47557000,10:12:37.000,20260303-AP605-00405,,AP605,target_sell,sell,10030.0,1,183,ack,,FLAT_QUOTING
20260303,47575000,10:12:55.000,20260303-AP605-00404,,AP605,target_buy,buy,9860.0,1,183,cancel_requested,fair_invalid_or_session_guard,PAUSED
20260303,47575000,10:12:55.000,20260303-AP605-00405,,AP605,target_sell,sell,10030.0,1,183,cancel_requested,fair_invalid_or_session_guard,PAUSED
20260303,47576000,10:12:56.000,20260303-AP605-00404,,AP605,target_buy,buy,9860.0,1,183,cancel_ack,fair_invalid_or_session_guard,PAUSED
20260303,47576000,10:12:56.000,20260303-AP605-00405,,AP605,target_sell,sell,10030.0,1,183,cancel_ack,fair_invalid_or_session_guard,PAUSED
20260303,47595000,10:13:15.000,20260303-AP605-00406,,AP605,target_buy,buy,9859.0,1,184,submit,initial_quote,FLAT_QUOTING
20260303,47595000,10:13:15.000,20260303-AP605-00407,,AP605,target_sell,sell,10029.0,1,184,submit,initial_quote,FLAT_QUOTING
20260303,47596000,10:13:16.000,20260303-AP605-00406,,AP605,target_buy,buy,9859.0,1,184,ack,,FLAT_QUOTING
20260303,47596000,10:13:16.000,20260303-AP605-00407,,AP605,target_sell,sell,10029.0,1,184,ack,,FLAT_QUOTING
20260303,47596000,10:13:16.000,20260303-AP605-00407,,AP605,target_sell,sell,10029.0,1,184,fill,interval_vwap,FLAT_QUOTING
20260303,47596000,10:13:16.000,20260303-AP605-00406,,AP605,target_buy,buy,9859.0,1,184,cancel_requested,opposite_target_fill,FLAT_QUOTING
20260303,47597000,10:13:17.000,20260303-AP605-00406,,AP605,target_buy,buy,9859.0,1,184,cancel_ack,opposite_target_fill,SHORT_PENDING_HEDGE
20260303,47597000,10:13:17.000,20260303-AP605-00408,20260303-AP605-0014,AP604,hedge_entry,buy,,1,184,submit,,SHORT_PENDING_HEDGE
20260303,47597000,10:13:17.000,20260303-AP605-00408,20260303-AP605-0014,AP604,hedge_entry,buy,9696.0,1,184,fill,quote_key=47597000,SHORT_PENDING_HEDGE
20260303,47598000,10:13:18.000,20260303-AP605-00409,20260303-AP605-0014,AP605,target_exit,buy,,1,184,submit,,FLATTENING
20260303,47598000,10:13:18.000,20260303-AP605-00409,20260303-AP605-0014,AP605,target_exit,buy,9951.0,1,184,fill,,FLATTENING
20260303,47598000,10:13:18.000,20260303-AP605-00410,20260303-AP605-0014,AP604,hedge_exit,sell,,1,184,submit,,FLATTENING
20260303,47598000,10:13:18.000,20260303-AP605-00410,20260303-AP605-0014,AP604,hedge_exit,sell,9669.0,1,184,fill,quote_key=47597000,FLATTENING
20260303,47600000,10:13:20.000,20260303-AP605-00411,,AP605,target_buy,buy,9857.0,1,185,submit,initial_quote,FLAT_QUOTING
20260303,47600000,10:13:20.000,20260303-AP605-00412,,AP605,target_sell,sell,10027.0,1,185,submit,initial_quote,FLAT_QUOTING
20260303,47602000,10:13:22.000,20260303-AP605-00411,,AP605,target_buy,buy,9857.0,1,185,ack,,FLAT_QUOTING
20260303,47602000,10:13:22.000,20260303-AP605-00412,,AP605,target_sell,sell,10027.0,1,185,ack,,FLAT_QUOTING
20260303,47603000,10:13:23.000,20260303-AP605-00411,,AP605,target_buy,buy,9857.0,1,185,cancel_requested,fair_invalid_or_session_guard,PAUSED
20260303,47603000,10:13:23.000,20260303-AP605-00412,,AP605,target_sell,sell,10027.0,1,185,cancel_requested,fair_invalid_or_session_guard,PAUSED
20260303,47604000,10:13:24.000,20260303-AP605-00411,,AP605,target_buy,buy,9857.0,1,185,cancel_ack,fair_invalid_or_session_guard,PAUSED
20260303,47604000,10:13:24.000,20260303-AP605-00412,,AP605,target_sell,sell,10027.0,1,185,cancel_ack,fair_invalid_or_session_guard,PAUSED
20260303,47606000,10:13:26.000,20260303-AP605-00413,,AP605,target_buy,buy,9857.0,1,186,submit,initial_quote,FLAT_QUOTING
20260303,47606000,10:13:26.000,20260303-AP605-00414,,AP605,target_sell,sell,10027.0,1,186,submit,initial_quote,FLAT_QUOTING
20260303,47607000,10:13:27.000,20260303-AP605-00413,,AP605,target_buy,buy,9857.0,1,186,ack,,FLAT_QUOTING
20260303,47607000,10:13:27.000,20260303-AP605-00414,,AP605,target_sell,sell,10027.0,1,186,ack,,FLAT_QUOTING
20260303,47631000,10:13:51.000,20260303-AP605-00413,,AP605,target_buy,buy,9857.0,1,186,cancel_requested,fair_invalid_or_session_guard,PAUSED
20260303,47631000,10:13:51.000,20260303-AP605-00414,,AP605,target_sell,sell,10027.0,1,186,cancel_requested,fair_invalid_or_session_guard,PAUSED
20260303,47632000,10:13:52.000,20260303-AP605-00413,,AP605,target_buy,buy,9857.0,1,186,cancel_ack,fair_invalid_or_session_guard,PAUSED
20260303,47632000,10:13:52.000,20260303-AP605-00414,,AP605,target_sell,sell,10027.0,1,186,cancel_ack,fair_invalid_or_session_guard,PAUSED
20260303,47643000,10:14:03.000,20260303-AP605-00415,,AP605,target_buy,buy,9859.0,1,187,submit,initial_quote,FLAT_QUOTING
20260303,47643000,10:14:03.000,20260303-AP605-00416,,AP605,target_sell,sell,10029.0,1,187,submit,initial_quote,FLAT_QUOTING
20260303,47644000,10:14:04.000,20260303-AP605-00415,,AP605,target_buy,buy,9859.0,1,187,ack,,FLAT_QUOTING
20260303,47644000,10:14:04.000,20260303-AP605-00416,,AP605,target_sell,sell,10029.0,1,187,ack,,FLAT_QUOTING
20260303,47667000,10:14:27.000,20260303-AP605-00415,,AP605,target_buy,buy,9859.0,1,187,cancel_requested,fair_invalid_or_session_guard,PAUSED
20260303,47667000,10:14:27.000,20260303-AP605-00416,,AP605,target_sell,sell,10029.0,1,187,cancel_requested,fair_invalid_or_session_guard,PAUSED
20260303,47668000,10:14:28.000,20260303-AP605-00415,,AP605,target_buy,buy,9859.0,1,187,cancel_ack,fair_invalid_or_session_guard,PAUSED
20260303,47668000,10:14:28.000,20260303-AP605-00416,,AP605,target_sell,sell,10029.0,1,187,cancel_ack,fair_invalid_or_session_guard,PAUSED
20260303,47670000,10:14:30.000,20260303-AP605-00417,,AP605,target_buy,buy,9861.0,1,188,submit,initial_quote,FLAT_QUOTING
20260303,47670000,10:14:30.000,20260303-AP605-00418,,AP605,target_sell,sell,10031.0,1,188,submit,initial_quote,FLAT_QUOTING
20260303,47671000,10:14:31.000,20260303-AP605-00417,,AP605,target_buy,buy,9861.0,1,188,ack,,FLAT_QUOTING
20260303,47671000,10:14:31.000,20260303-AP605-00418,,AP605,target_sell,sell,10031.0,1,188,ack,,FLAT_QUOTING
20260303,47672000,10:14:32.000,20260303-AP605-00417,,AP605,target_buy,buy,9861.0,1,188,cancel_requested,fair_invalid_or_session_guard,PAUSED
20260303,47672000,10:14:32.000,20260303-AP605-00418,,AP605,target_sell,sell,10031.0,1,188,cancel_requested,fair_invalid_or_session_guard,PAUSED
20260303,47673000,10:14:33.000,20260303-AP605-00417,,AP605,target_buy,buy,9861.0,1,188,cancel_ack,fair_invalid_or_session_guard,PAUSED
20260303,47673000,10:14:33.000,20260303-AP605-00418,,AP605,target_sell,sell,10031.0,1,188,cancel_ack,fair_invalid_or_session_guard,PAUSED
20260303,47676000,10:14:36.000,20260303-AP605-00419,,AP605,target_buy,buy,9863.0,1,189,submit,initial_quote,FLAT_QUOTING
20260303,47676000,10:14:36.000,20260303-AP605-00420,,AP605,target_sell,sell,10033.0,1,189,submit,initial_quote,FLAT_QUOTING
20260303,47677000,10:14:37.000,20260303-AP605-00419,,AP605,target_buy,buy,9863.0,1,189,ack,,FLAT_QUOTING
20260303,47677000,10:14:37.000,20260303-AP605-00420,,AP605,target_sell,sell,10033.0,1,189,ack,,FLAT_QUOTING
20260303,47682000,10:14:42.000,20260303-AP605-00419,,AP605,target_buy,buy,9863.0,1,189,cancel_requested,fair_invalid_or_session_guard,PAUSED
20260303,47682000,10:14:42.000,20260303-AP605-00420,,AP605,target_sell,sell,10033.0,1,189,cancel_requested,fair_invalid_or_session_guard,PAUSED
20260303,47683000,10:14:43.000,20260303-AP605-00419,,AP605,target_buy,buy,9863.0,1,189,cancel_ack,fair_invalid_or_session_guard,PAUSED
20260303,47683000,10:14:43.000,20260303-AP605-00420,,AP605,target_sell,sell,10033.0,1,189,cancel_ack,fair_invalid_or_session_guard,PAUSED
20260303,48692000,10:31:32.000,20260303-AP605-00421,,AP605,target_buy,buy,9873.0,1,190,submit,initial_quote,FLAT_QUOTING
20260303,48692000,10:31:32.000,20260303-AP605-00422,,AP605,target_sell,sell,10043.0,1,190,submit,initial_quote,FLAT_QUOTING
20260303,48693000,10:31:33.000,20260303-AP605-00421,,AP605,target_buy,buy,9873.0,1,190,ack,,FLAT_QUOTING
20260303,48693000,10:31:33.000,20260303-AP605-00422,,AP605,target_sell,sell,10043.0,1,190,ack,,FLAT_QUOTING
20260303,48698000,10:31:38.000,20260303-AP605-00421,,AP605,target_buy,buy,9873.0,1,190,cancel_requested,fair_invalid_or_session_guard,PAUSED
20260303,48698000,10:31:38.000,20260303-AP605-00422,,AP605,target_sell,sell,10043.0,1,190,cancel_requested,fair_invalid_or_session_guard,PAUSED
20260303,48699000,10:31:39.000,20260303-AP605-00421,,AP605,target_buy,buy,9873.0,1,190,cancel_ack,fair_invalid_or_session_guard,PAUSED
20260303,48699000,10:31:39.000,20260303-AP605-00422,,AP605,target_sell,sell,10043.0,1,190,cancel_ack,fair_invalid_or_session_guard,PAUSED
20260303,48708000,10:31:48.000,20260303-AP605-00423,,AP605,target_buy,buy,9873.0,1,191,submit,initial_quote,FLAT_QUOTING
20260303,48708000,10:31:48.000,20260303-AP605-00424,,AP605,target_sell,sell,10043.0,1,191,submit,initial_quote,FLAT_QUOTING
20260303,48709000,10:31:49.000,20260303-AP605-00423,,AP605,target_buy,buy,9873.0,1,191,ack,,FLAT_QUOTING
20260303,48709000,10:31:49.000,20260303-AP605-00424,,AP605,target_sell,sell,10043.0,1,191,ack,,FLAT_QUOTING
20260303,48711000,10:31:51.000,20260303-AP605-00423,,AP605,target_buy,buy,9873.0,1,191,cancel_requested,fair_invalid_or_session_guard,PAUSED
20260303,48711000,10:31:51.000,20260303-AP605-00424,,AP605,target_sell,sell,10043.0,1,191,cancel_requested,fair_invalid_or_session_guard,PAUSED
20260303,48712000,10:31:52.000,20260303-AP605-00423,,AP605,target_buy,buy,9873.0,1,191,cancel_ack,fair_invalid_or_session_guard,PAUSED
20260303,48712000,10:31:52.000,20260303-AP605-00424,,AP605,target_sell,sell,10043.0,1,191,cancel_ack,fair_invalid_or_session_guard,PAUSED
20260303,48720000,10:32:00.000,20260303-AP605-00425,,AP605,target_buy,buy,9873.0,1,192,submit,initial_quote,FLAT_QUOTING
20260303,48720000,10:32:00.000,20260303-AP605-00426,,AP605,target_sell,sell,10043.0,1,192,submit,initial_quote,FLAT_QUOTING
20260303,48721000,10:32:01.000,20260303-AP605-00425,,AP605,target_buy,buy,9873.0,1,192,ack,,FLAT_QUOTING
20260303,48721000,10:32:01.000,20260303-AP605-00426,,AP605,target_sell,sell,10043.0,1,192,ack,,FLAT_QUOTING
20260303,48727000,10:32:07.000,20260303-AP605-00425,,AP605,target_buy,buy,9873.0,1,192,cancel_requested,fair_invalid_or_session_guard,PAUSED
20260303,48727000,10:32:07.000,20260303-AP605-00426,,AP605,target_sell,sell,10043.0,1,192,cancel_requested,fair_invalid_or_session_guard,PAUSED
20260303,48728000,10:32:08.000,20260303-AP605-00425,,AP605,target_buy,buy,9873.0,1,192,cancel_ack,fair_invalid_or_session_guard,PAUSED
20260303,48728000,10:32:08.000,20260303-AP605-00426,,AP605,target_sell,sell,10043.0,1,192,cancel_ack,fair_invalid_or_session_guard,PAUSED
20260303,48740000,10:32:20.000,20260303-AP605-00427,,AP605,target_buy,buy,9874.0,1,193,submit,initial_quote,FLAT_QUOTING
20260303,48740000,10:32:20.000,20260303-AP605-00428,,AP605,target_sell,sell,10044.0,1,193,submit,initial_quote,FLAT_QUOTING
20260303,48741000,10:32:21.000,20260303-AP605-00427,,AP605,target_buy,buy,9874.0,1,193,ack,,FLAT_QUOTING
20260303,48741000,10:32:21.000,20260303-AP605-00428,,AP605,target_sell,sell,10044.0,1,193,ack,,FLAT_QUOTING
20260303,48743000,10:32:23.000,20260303-AP605-00427,,AP605,target_buy,buy,9874.0,1,193,cancel_requested,fair_invalid_or_session_guard,PAUSED
20260303,48743000,10:32:23.000,20260303-AP605-00428,,AP605,target_sell,sell,10044.0,1,193,cancel_requested,fair_invalid_or_session_guard,PAUSED
20260303,48744000,10:32:24.000,20260303-AP605-00427,,AP605,target_buy,buy,9874.0,1,193,cancel_ack,fair_invalid_or_session_guard,PAUSED
20260303,48744000,10:32:24.000,20260303-AP605-00428,,AP605,target_sell,sell,10044.0,1,193,cancel_ack,fair_invalid_or_session_guard,PAUSED
20260303,48753000,10:32:33.000,20260303-AP605-00429,,AP605,target_buy,buy,9875.0,1,194,submit,initial_quote,FLAT_QUOTING
20260303,48753000,10:32:33.000,20260303-AP605-00430,,AP605,target_sell,sell,10045.0,1,194,submit,initial_quote,FLAT_QUOTING
20260303,48754000,10:32:34.000,20260303-AP605-00429,,AP605,target_buy,buy,9875.0,1,194,ack,,FLAT_QUOTING
20260303,48754000,10:32:34.000,20260303-AP605-00430,,AP605,target_sell,sell,10045.0,1,194,ack,,FLAT_QUOTING
20260303,48765000,10:32:45.000,20260303-AP605-00430,,AP605,target_sell,sell,10045.0,1,194,fill,interval_vwap,FLAT_QUOTING
20260303,48765000,10:32:45.000,20260303-AP605-00429,,AP605,target_buy,buy,9875.0,1,194,cancel_requested,opposite_target_fill,FLAT_QUOTING
20260303,48766000,10:32:46.000,20260303-AP605-00429,,AP605,target_buy,buy,9875.0,1,194,cancel_ack,opposite_target_fill,SHORT_PENDING_HEDGE
20260303,48766000,10:32:46.000,20260303-AP605-00431,20260303-AP605-0015,AP604,hedge_entry,buy,,1,194,submit,,SHORT_PENDING_HEDGE
20260303,48766000,10:32:46.000,20260303-AP605-00431,20260303-AP605-0015,AP604,hedge_entry,buy,9699.0,1,194,fill,quote_key=48766000,SHORT_PENDING_HEDGE
20260303,48767000,10:32:47.000,20260303-AP605-00432,20260303-AP605-0015,AP605,target_exit,buy,,1,194,submit,,FLATTENING
20260303,48767000,10:32:47.000,20260303-AP605-00432,20260303-AP605-0015,AP605,target_exit,buy,9976.0,1,194,fill,,FLATTENING
20260303,48767000,10:32:47.000,20260303-AP605-00433,20260303-AP605-0015,AP604,hedge_exit,sell,,1,194,submit,,FLATTENING
20260303,48767000,10:32:47.000,20260303-AP605-00433,20260303-AP605-0015,AP604,hedge_exit,sell,9681.0,1,194,fill,quote_key=48767000,FLATTENING
20260303,48769000,10:32:49.000,20260303-AP605-00434,,AP605,target_buy,buy,9881.0,1,195,submit,initial_quote,FLAT_QUOTING
20260303,48769000,10:32:49.000,20260303-AP605-00435,,AP605,target_sell,sell,10051.0,1,195,submit,initial_quote,FLAT_QUOTING
20260303,48770000,10:32:50.000,20260303-AP605-00434,,AP605,target_buy,buy,9881.0,1,195,ack,,FLAT_QUOTING
20260303,48770000,10:32:50.000,20260303-AP605-00435,,AP605,target_sell,sell,10051.0,1,195,ack,,FLAT_QUOTING
20260303,48782000,10:33:02.000,20260303-AP605-00434,,AP605,target_buy,buy,9881.0,1,195,cancel_requested,fair_invalid_or_session_guard,PAUSED
20260303,48782000,10:33:02.000,20260303-AP605-00435,,AP605,target_sell,sell,10051.0,1,195,cancel_requested,fair_invalid_or_session_guard,PAUSED
20260303,48783000,10:33:03.000,20260303-AP605-00434,,AP605,target_buy,buy,9881.0,1,195,cancel_ack,fair_invalid_or_session_guard,PAUSED
20260303,48783000,10:33:03.000,20260303-AP605-00435,,AP605,target_sell,sell,10051.0,1,195,cancel_ack,fair_invalid_or_session_guard,PAUSED
20260303,48789000,10:33:09.000,20260303-AP605-00436,,AP605,target_buy,buy,9883.0,1,196,submit,initial_quote,FLAT_QUOTING
20260303,48789000,10:33:09.000,20260303-AP605-00437,,AP605,target_sell,sell,10053.0,1,196,submit,initial_quote,FLAT_QUOTING
20260303,48790000,10:33:10.000,20260303-AP605-00436,,AP605,target_buy,buy,9883.0,1,196,ack,,FLAT_QUOTING
20260303,48790000,10:33:10.000,20260303-AP605-00437,,AP605,target_sell,sell,10053.0,1,196,ack,,FLAT_QUOTING
20260303,48803000,10:33:23.000,20260303-AP605-00436,,AP605,target_buy,buy,9883.0,1,196,cancel_requested,fair_invalid_or_session_guard,PAUSED
20260303,48803000,10:33:23.000,20260303-AP605-00437,,AP605,target_sell,sell,10053.0,1,196,cancel_requested,fair_invalid_or_session_guard,PAUSED
20260303,48804000,10:33:24.000,20260303-AP605-00436,,AP605,target_buy,buy,9883.0,1,196,cancel_ack,fair_invalid_or_session_guard,PAUSED
20260303,48804000,10:33:24.000,20260303-AP605-00437,,AP605,target_sell,sell,10053.0,1,196,cancel_ack,fair_invalid_or_session_guard,PAUSED
20260303,48807000,10:33:27.000,20260303-AP605-00438,,AP605,target_buy,buy,9882.0,1,197,submit,initial_quote,FLAT_QUOTING
20260303,48807000,10:33:27.000,20260303-AP605-00439,,AP605,target_sell,sell,10052.0,1,197,submit,initial_quote,FLAT_QUOTING
20260303,48808000,10:33:28.000,20260303-AP605-00438,,AP605,target_buy,buy,9882.0,1,197,ack,,FLAT_QUOTING
20260303,48808000,10:33:28.000,20260303-AP605-00439,,AP605,target_sell,sell,10052.0,1,197,ack,,FLAT_QUOTING
20260303,48816000,10:33:36.000,20260303-AP605-00438,,AP605,target_buy,buy,9882.0,1,197,cancel_requested,fair_invalid_or_session_guard,PAUSED
20260303,48816000,10:33:36.000,20260303-AP605-00439,,AP605,target_sell,sell,10052.0,1,197,cancel_requested,fair_invalid_or_session_guard,PAUSED
20260303,48817000,10:33:37.000,20260303-AP605-00438,,AP605,target_buy,buy,9882.0,1,197,cancel_ack,fair_invalid_or_session_guard,PAUSED
20260303,48817000,10:33:37.000,20260303-AP605-00439,,AP605,target_sell,sell,10052.0,1,197,cancel_ack,fair_invalid_or_session_guard,PAUSED
20260303,48820000,10:33:40.000,20260303-AP605-00440,,AP605,target_buy,buy,9881.0,1,198,submit,initial_quote,FLAT_QUOTING
20260303,48820000,10:33:40.000,20260303-AP605-00441,,AP605,target_sell,sell,10051.0,1,198,submit,initial_quote,FLAT_QUOTING
20260303,48821000,10:33:41.000,20260303-AP605-00440,,AP605,target_buy,buy,9881.0,1,198,ack,,FLAT_QUOTING
20260303,48821000,10:33:41.000,20260303-AP605-00441,,AP605,target_sell,sell,10051.0,1,198,ack,,FLAT_QUOTING
20260303,48831000,10:33:51.000,20260303-AP605-00440,,AP605,target_buy,buy,9881.0,1,198,cancel_requested,fair_invalid_or_session_guard,PAUSED
20260303,48831000,10:33:51.000,20260303-AP605-00441,,AP605,target_sell,sell,10051.0,1,198,cancel_requested,fair_invalid_or_session_guard,PAUSED
20260303,48832000,10:33:52.000,20260303-AP605-00440,,AP605,target_buy,buy,9881.0,1,198,cancel_ack,fair_invalid_or_session_guard,PAUSED
20260303,48832000,10:33:52.000,20260303-AP605-00441,,AP605,target_sell,sell,10051.0,1,198,cancel_ack,fair_invalid_or_session_guard,PAUSED
20260303,48838000,10:33:58.000,20260303-AP605-00442,,AP605,target_buy,buy,9881.0,1,199,submit,initial_quote,FLAT_QUOTING
20260303,48838000,10:33:58.000,20260303-AP605-00443,,AP605,target_sell,sell,10051.0,1,199,submit,initial_quote,FLAT_QUOTING
20260303,48839000,10:33:59.000,20260303-AP605-00442,,AP605,target_buy,buy,9881.0,1,199,ack,,FLAT_QUOTING
20260303,48839000,10:33:59.000,20260303-AP605-00443,,AP605,target_sell,sell,10051.0,1,199,ack,,FLAT_QUOTING
20260303,48858000,10:34:18.000,20260303-AP605-00442,,AP605,target_buy,buy,9881.0,1,199,cancel_requested,fair_invalid_or_session_guard,PAUSED
20260303,48858000,10:34:18.000,20260303-AP605-00443,,AP605,target_sell,sell,10051.0,1,199,cancel_requested,fair_invalid_or_session_guard,PAUSED
20260303,48859000,10:34:19.000,20260303-AP605-00442,,AP605,target_buy,buy,9881.0,1,199,cancel_ack,fair_invalid_or_session_guard,PAUSED
20260303,48859000,10:34:19.000,20260303-AP605-00443,,AP605,target_sell,sell,10051.0,1,199,cancel_ack,fair_invalid_or_session_guard,PAUSED
20260303,48863000,10:34:23.000,20260303-AP605-00444,,AP605,target_buy,buy,9879.0,1,200,submit,initial_quote,FLAT_QUOTING
20260303,48863000,10:34:23.000,20260303-AP605-00445,,AP605,target_sell,sell,10049.0,1,200,submit,initial_quote,FLAT_QUOTING
20260303,48864000,10:34:24.000,20260303-AP605-00444,,AP605,target_buy,buy,9879.0,1,200,ack,,FLAT_QUOTING
20260303,48864000,10:34:24.000,20260303-AP605-00445,,AP605,target_sell,sell,10049.0,1,200,ack,,FLAT_QUOTING
20260303,48867000,10:34:27.000,20260303-AP605-00444,,AP605,target_buy,buy,9879.0,1,200,cancel_requested,fair_invalid_or_session_guard,PAUSED
20260303,48867000,10:34:27.000,20260303-AP605-00445,,AP605,target_sell,sell,10049.0,1,200,cancel_requested,fair_invalid_or_session_guard,PAUSED
20260303,48868000,10:34:28.000,20260303-AP605-00444,,AP605,target_buy,buy,9879.0,1,200,cancel_ack,fair_invalid_or_session_guard,PAUSED
20260303,48868000,10:34:28.000,20260303-AP605-00445,,AP605,target_sell,sell,10049.0,1,200,cancel_ack,fair_invalid_or_session_guard,PAUSED
20260303,48869000,10:34:29.000,20260303-AP605-00446,,AP605,target_buy,buy,9878.0,1,201,submit,initial_quote,FLAT_QUOTING
20260303,48869000,10:34:29.000,20260303-AP605-00447,,AP605,target_sell,sell,10048.0,1,201,submit,initial_quote,FLAT_QUOTING
20260303,48870000,10:34:30.000,20260303-AP605-00446,,AP605,target_buy,buy,9878.0,1,201,ack,,FLAT_QUOTING
20260303,48870000,10:34:30.000,20260303-AP605-00447,,AP605,target_sell,sell,10048.0,1,201,ack,,FLAT_QUOTING
20260303,48885000,10:34:45.000,20260303-AP605-00446,,AP605,target_buy,buy,9878.0,1,201,cancel_requested,fair_invalid_or_session_guard,PAUSED
20260303,48885000,10:34:45.000,20260303-AP605-00447,,AP605,target_sell,sell,10048.0,1,201,cancel_requested,fair_invalid_or_session_guard,PAUSED
20260303,48886000,10:34:46.000,20260303-AP605-00446,,AP605,target_buy,buy,9878.0,1,201,cancel_ack,fair_invalid_or_session_guard,PAUSED
20260303,48886000,10:34:46.000,20260303-AP605-00447,,AP605,target_sell,sell,10048.0,1,201,cancel_ack,fair_invalid_or_session_guard,PAUSED
20260303,48889000,10:34:49.000,20260303-AP605-00448,,AP605,target_buy,buy,9880.0,1,202,submit,initial_quote,FLAT_QUOTING
20260303,48889000,10:34:49.000,20260303-AP605-00449,,AP605,target_sell,sell,10050.0,1,202,submit,initial_quote,FLAT_QUOTING
20260303,48890000,10:34:50.000,20260303-AP605-00448,,AP605,target_buy,buy,9880.0,1,202,ack,,FLAT_QUOTING
20260303,48890000,10:34:50.000,20260303-AP605-00449,,AP605,target_sell,sell,10050.0,1,202,ack,,FLAT_QUOTING
20260303,48897000,10:34:57.000,20260303-AP605-00448,,AP605,target_buy,buy,9880.0,1,202,cancel_requested,fair_invalid_or_session_guard,PAUSED
20260303,48897000,10:34:57.000,20260303-AP605-00449,,AP605,target_sell,sell,10050.0,1,202,cancel_requested,fair_invalid_or_session_guard,PAUSED
20260303,48899000,10:34:59.000,20260303-AP605-00448,,AP605,target_buy,buy,9880.0,1,202,cancel_ack,fair_invalid_or_session_guard,PAUSED
20260303,48899000,10:34:59.000,20260303-AP605-00449,,AP605,target_sell,sell,10050.0,1,202,cancel_ack,fair_invalid_or_session_guard,PAUSED
20260303,48900000,10:35:00.000,20260303-AP605-00450,,AP605,target_buy,buy,9878.0,1,203,submit,initial_quote,FLAT_QUOTING
20260303,48900000,10:35:00.000,20260303-AP605-00451,,AP605,target_sell,sell,10048.0,1,203,submit,initial_quote,FLAT_QUOTING
20260303,48901000,10:35:01.000,20260303-AP605-00450,,AP605,target_buy,buy,9878.0,1,203,ack,,FLAT_QUOTING
20260303,48901000,10:35:01.000,20260303-AP605-00451,,AP605,target_sell,sell,10048.0,1,203,ack,,FLAT_QUOTING
20260303,48915000,10:35:15.000,20260303-AP605-00450,,AP605,target_buy,buy,9878.0,1,203,cancel_requested,fair_invalid_or_session_guard,PAUSED
20260303,48915000,10:35:15.000,20260303-AP605-00451,,AP605,target_sell,sell,10048.0,1,203,cancel_requested,fair_invalid_or_session_guard,PAUSED
20260303,48916000,10:35:16.000,20260303-AP605-00450,,AP605,target_buy,buy,9878.0,1,203,cancel_ack,fair_invalid_or_session_guard,PAUSED
20260303,48916000,10:35:16.000,20260303-AP605-00451,,AP605,target_sell,sell,10048.0,1,203,cancel_ack,fair_invalid_or_session_guard,PAUSED
20260303,48919000,10:35:19.000,20260303-AP605-00452,,AP605,target_buy,buy,9880.0,1,204,submit,initial_quote,FLAT_QUOTING
20260303,48919000,10:35:19.000,20260303-AP605-00453,,AP605,target_sell,sell,10050.0,1,204,submit,initial_quote,FLAT_QUOTING
20260303,48920000,10:35:20.000,20260303-AP605-00452,,AP605,target_buy,buy,9880.0,1,204,ack,,FLAT_QUOTING
20260303,48920000,10:35:20.000,20260303-AP605-00453,,AP605,target_sell,sell,10050.0,1,204,ack,,FLAT_QUOTING
20260303,48921000,10:35:21.000,20260303-AP605-00452,,AP605,target_buy,buy,9880.0,1,204,cancel_requested,fair_invalid_or_session_guard,PAUSED
20260303,48921000,10:35:21.000,20260303-AP605-00453,,AP605,target_sell,sell,10050.0,1,204,cancel_requested,fair_invalid_or_session_guard,PAUSED
20260303,48922000,10:35:22.000,20260303-AP605-00452,,AP605,target_buy,buy,9880.0,1,204,cancel_ack,fair_invalid_or_session_guard,PAUSED
20260303,48922000,10:35:22.000,20260303-AP605-00453,,AP605,target_sell,sell,10050.0,1,204,cancel_ack,fair_invalid_or_session_guard,PAUSED
20260303,48928000,10:35:28.000,20260303-AP605-00454,,AP605,target_buy,buy,9881.0,1,205,submit,initial_quote,FLAT_QUOTING
20260303,48928000,10:35:28.000,20260303-AP605-00455,,AP605,target_sell,sell,10051.0,1,205,submit,initial_quote,FLAT_QUOTING
20260303,48929000,10:35:29.000,20260303-AP605-00454,,AP605,target_buy,buy,9881.0,1,205,ack,,FLAT_QUOTING
20260303,48929000,10:35:29.000,20260303-AP605-00455,,AP605,target_sell,sell,10051.0,1,205,ack,,FLAT_QUOTING
20260303,48934000,10:35:34.000,20260303-AP605-00454,,AP605,target_buy,buy,9881.0,1,205,cancel_requested,fair_invalid_or_session_guard,PAUSED
20260303,48934000,10:35:34.000,20260303-AP605-00455,,AP605,target_sell,sell,10051.0,1,205,cancel_requested,fair_invalid_or_session_guard,PAUSED
20260303,48935000,10:35:35.000,20260303-AP605-00454,,AP605,target_buy,buy,9881.0,1,205,cancel_ack,fair_invalid_or_session_guard,PAUSED
20260303,48935000,10:35:35.000,20260303-AP605-00455,,AP605,target_sell,sell,10051.0,1,205,cancel_ack,fair_invalid_or_session_guard,PAUSED
20260303,48939000,10:35:39.000,20260303-AP605-00456,,AP605,target_buy,buy,9881.0,1,206,submit,initial_quote,FLAT_QUOTING
20260303,48939000,10:35:39.000,20260303-AP605-00457,,AP605,target_sell,sell,10051.0,1,206,submit,initial_quote,FLAT_QUOTING
20260303,48940000,10:35:40.000,20260303-AP605-00456,,AP605,target_buy,buy,9881.0,1,206,ack,,FLAT_QUOTING
20260303,48940000,10:35:40.000,20260303-AP605-00457,,AP605,target_sell,sell,10051.0,1,206,ack,,FLAT_QUOTING
20260303,48941000,10:35:41.000,20260303-AP605-00456,,AP605,target_buy,buy,9881.0,1,206,cancel_requested,fair_invalid_or_session_guard,PAUSED
20260303,48941000,10:35:41.000,20260303-AP605-00457,,AP605,target_sell,sell,10051.0,1,206,cancel_requested,fair_invalid_or_session_guard,PAUSED
20260303,48942000,10:35:42.000,20260303-AP605-00456,,AP605,target_buy,buy,9881.0,1,206,cancel_ack,fair_invalid_or_session_guard,PAUSED
20260303,48942000,10:35:42.000,20260303-AP605-00457,,AP605,target_sell,sell,10051.0,1,206,cancel_ack,fair_invalid_or_session_guard,PAUSED
20260303,48964000,10:36:04.000,20260303-AP605-00458,,AP605,target_buy,buy,9881.0,1,207,submit,initial_quote,FLAT_QUOTING
20260303,48964000,10:36:04.000,20260303-AP605-00459,,AP605,target_sell,sell,10051.0,1,207,submit,initial_quote,FLAT_QUOTING
20260303,48965000,10:36:05.000,20260303-AP605-00458,,AP605,target_buy,buy,9881.0,1,207,ack,,FLAT_QUOTING
20260303,48965000,10:36:05.000,20260303-AP605-00459,,AP605,target_sell,sell,10051.0,1,207,ack,,FLAT_QUOTING
20260303,48981000,10:36:21.000,20260303-AP605-00458,,AP605,target_buy,buy,9881.0,1,207,cancel_requested,fair_invalid_or_session_guard,PAUSED
20260303,48981000,10:36:21.000,20260303-AP605-00459,,AP605,target_sell,sell,10051.0,1,207,cancel_requested,fair_invalid_or_session_guard,PAUSED
20260303,48982000,10:36:22.000,20260303-AP605-00458,,AP605,target_buy,buy,9881.0,1,207,cancel_ack,fair_invalid_or_session_guard,PAUSED
20260303,48982000,10:36:22.000,20260303-AP605-00459,,AP605,target_sell,sell,10051.0,1,207,cancel_ack,fair_invalid_or_session_guard,PAUSED
20260303,49065000,10:37:45.000,20260303-AP605-00460,,AP605,target_buy,buy,9883.0,1,208,submit,initial_quote,FLAT_QUOTING
20260303,49065000,10:37:45.000,20260303-AP605-00461,,AP605,target_sell,sell,10053.0,1,208,submit,initial_quote,FLAT_QUOTING
20260303,49066000,10:37:46.000,20260303-AP605-00460,,AP605,target_buy,buy,9883.0,1,208,ack,,FLAT_QUOTING
20260303,49066000,10:37:46.000,20260303-AP605-00461,,AP605,target_sell,sell,10053.0,1,208,ack,,FLAT_QUOTING
20260303,49070000,10:37:50.000,20260303-AP605-00460,,AP605,target_buy,buy,9883.0,1,208,cancel_requested,fair_invalid_or_session_guard,PAUSED
20260303,49070000,10:37:50.000,20260303-AP605-00461,,AP605,target_sell,sell,10053.0,1,208,cancel_requested,fair_invalid_or_session_guard,PAUSED
20260303,49071000,10:37:51.000,20260303-AP605-00460,,AP605,target_buy,buy,9883.0,1,208,cancel_ack,fair_invalid_or_session_guard,PAUSED
20260303,49071000,10:37:51.000,20260303-AP605-00461,,AP605,target_sell,sell,10053.0,1,208,cancel_ack,fair_invalid_or_session_guard,PAUSED
20260303,49073000,10:37:53.000,20260303-AP605-00462,,AP605,target_buy,buy,9885.0,1,209,submit,initial_quote,FLAT_QUOTING
20260303,49073000,10:37:53.000,20260303-AP605-00463,,AP605,target_sell,sell,10055.0,1,209,submit,initial_quote,FLAT_QUOTING
20260303,49074000,10:37:54.000,20260303-AP605-00462,,AP605,target_buy,buy,9885.0,1,209,ack,,FLAT_QUOTING
20260303,49074000,10:37:54.000,20260303-AP605-00463,,AP605,target_sell,sell,10055.0,1,209,ack,,FLAT_QUOTING
20260303,49081000,10:38:01.000,20260303-AP605-00462,,AP605,target_buy,buy,9885.0,1,209,cancel_requested,fair_invalid_or_session_guard,PAUSED
20260303,49081000,10:38:01.000,20260303-AP605-00463,,AP605,target_sell,sell,10055.0,1,209,cancel_requested,fair_invalid_or_session_guard,PAUSED
20260303,49082000,10:38:02.000,20260303-AP605-00462,,AP605,target_buy,buy,9885.0,1,209,cancel_ack,fair_invalid_or_session_guard,PAUSED
20260303,49082000,10:38:02.000,20260303-AP605-00463,,AP605,target_sell,sell,10055.0,1,209,cancel_ack,fair_invalid_or_session_guard,PAUSED
20260303,49101000,10:38:21.000,20260303-AP605-00464,,AP605,target_buy,buy,9895.0,1,210,submit,initial_quote,FLAT_QUOTING
20260303,49101000,10:38:21.000,20260303-AP605-00465,,AP605,target_sell,sell,10065.0,1,210,submit,initial_quote,FLAT_QUOTING
20260303,49102000,10:38:22.000,20260303-AP605-00464,,AP605,target_buy,buy,9895.0,1,210,ack,,FLAT_QUOTING
20260303,49102000,10:38:22.000,20260303-AP605-00465,,AP605,target_sell,sell,10065.0,1,210,ack,,FLAT_QUOTING
20260303,49104000,10:38:24.000,20260303-AP605-00464,,AP605,target_buy,buy,9895.0,1,210,cancel_requested,fair_invalid_or_session_guard,PAUSED
20260303,49104000,10:38:24.000,20260303-AP605-00465,,AP605,target_sell,sell,10065.0,1,210,cancel_requested,fair_invalid_or_session_guard,PAUSED
20260303,49105000,10:38:25.000,20260303-AP605-00464,,AP605,target_buy,buy,9895.0,1,210,cancel_ack,fair_invalid_or_session_guard,PAUSED
20260303,49105000,10:38:25.000,20260303-AP605-00465,,AP605,target_sell,sell,10065.0,1,210,cancel_ack,fair_invalid_or_session_guard,PAUSED
20260303,49177000,10:39:37.000,20260303-AP605-00466,,AP605,target_buy,buy,9903.0,1,211,submit,initial_quote,FLAT_QUOTING
20260303,49177000,10:39:37.000,20260303-AP605-00467,,AP605,target_sell,sell,10073.0,1,211,submit,initial_quote,FLAT_QUOTING
20260303,49178000,10:39:38.000,20260303-AP605-00466,,AP605,target_buy,buy,9903.0,1,211,ack,,FLAT_QUOTING
20260303,49178000,10:39:38.000,20260303-AP605-00467,,AP605,target_sell,sell,10073.0,1,211,ack,,FLAT_QUOTING
20260303,49179000,10:39:39.000,20260303-AP605-00466,,AP605,target_buy,buy,9903.0,1,211,cancel_requested,fair_invalid_or_session_guard,PAUSED
20260303,49179000,10:39:39.000,20260303-AP605-00467,,AP605,target_sell,sell,10073.0,1,211,cancel_requested,fair_invalid_or_session_guard,PAUSED
20260303,49180000,10:39:40.000,20260303-AP605-00466,,AP605,target_buy,buy,9903.0,1,211,cancel_ack,fair_invalid_or_session_guard,PAUSED
20260303,49180000,10:39:40.000,20260303-AP605-00467,,AP605,target_sell,sell,10073.0,1,211,cancel_ack,fair_invalid_or_session_guard,PAUSED
20260303,49181000,10:39:41.000,20260303-AP605-00468,,AP605,target_buy,buy,9903.0,1,212,submit,initial_quote,FLAT_QUOTING
20260303,49181000,10:39:41.000,20260303-AP605-00469,,AP605,target_sell,sell,10073.0,1,212,submit,initial_quote,FLAT_QUOTING
20260303,49182000,10:39:42.000,20260303-AP605-00468,,AP605,target_buy,buy,9903.0,1,212,ack,,FLAT_QUOTING
20260303,49182000,10:39:42.000,20260303-AP605-00469,,AP605,target_sell,sell,10073.0,1,212,ack,,FLAT_QUOTING
20260303,49185000,10:39:45.000,20260303-AP605-00468,,AP605,target_buy,buy,9903.0,1,212,cancel_requested,fair_invalid_or_session_guard,PAUSED
20260303,49185000,10:39:45.000,20260303-AP605-00469,,AP605,target_sell,sell,10073.0,1,212,cancel_requested,fair_invalid_or_session_guard,PAUSED
20260303,49186000,10:39:46.000,20260303-AP605-00468,,AP605,target_buy,buy,9903.0,1,212,cancel_ack,fair_invalid_or_session_guard,PAUSED
20260303,49186000,10:39:46.000,20260303-AP605-00469,,AP605,target_sell,sell,10073.0,1,212,cancel_ack,fair_invalid_or_session_guard,PAUSED
20260303,49194000,10:39:54.000,20260303-AP605-00470,,AP605,target_buy,buy,9903.0,1,213,submit,initial_quote,FLAT_QUOTING
20260303,49194000,10:39:54.000,20260303-AP605-00471,,AP605,target_sell,sell,10073.0,1,213,submit,initial_quote,FLAT_QUOTING
20260303,49195000,10:39:55.000,20260303-AP605-00470,,AP605,target_buy,buy,9903.0,1,213,ack,,FLAT_QUOTING
20260303,49195000,10:39:55.000,20260303-AP605-00471,,AP605,target_sell,sell,10073.0,1,213,ack,,FLAT_QUOTING
20260303,49210000,10:40:10.000,20260303-AP605-00471,,AP605,target_sell,sell,10073.0,1,213,fill,interval_vwap,FLAT_QUOTING
20260303,49210000,10:40:10.000,20260303-AP605-00470,,AP605,target_buy,buy,9903.0,1,213,cancel_requested,opposite_target_fill,FLAT_QUOTING
20260303,49211000,10:40:11.000,20260303-AP605-00470,,AP605,target_buy,buy,9903.0,1,213,cancel_ack,opposite_target_fill,SHORT_PENDING_HEDGE
20260303,49211000,10:40:11.000,20260303-AP605-00472,20260303-AP605-0016,AP604,hedge_entry,buy,,1,213,submit,,SHORT_PENDING_HEDGE
20260303,49211000,10:40:11.000,20260303-AP605-00472,20260303-AP605-0016,AP604,hedge_entry,buy,9739.0,1,213,fill,quote_key=49210000,SHORT_PENDING_HEDGE
20260303,49212000,10:40:12.000,20260303-AP605-00473,20260303-AP605-0016,AP605,target_exit,buy,,1,213,submit,,FLATTENING
20260303,49212000,10:40:12.000,20260303-AP605-00473,20260303-AP605-0016,AP605,target_exit,buy,9999.0,1,213,fill,,FLATTENING
20260303,49212000,10:40:12.000,20260303-AP605-00474,20260303-AP605-0016,AP604,hedge_exit,sell,,1,213,submit,,FLATTENING
20260303,49212000,10:40:12.000,20260303-AP605-00474,20260303-AP605-0016,AP604,hedge_exit,sell,9707.0,1,213,fill,quote_key=49212000,FLATTENING
20260303,49214000,10:40:14.000,20260303-AP605-00475,,AP605,target_buy,buy,9905.0,1,214,submit,initial_quote,FLAT_QUOTING
20260303,49214000,10:40:14.000,20260303-AP605-00476,,AP605,target_sell,sell,10075.0,1,214,submit,initial_quote,FLAT_QUOTING
20260303,49215000,10:40:15.000,20260303-AP605-00475,,AP605,target_buy,buy,9905.0,1,214,ack,,FLAT_QUOTING
20260303,49215000,10:40:15.000,20260303-AP605-00476,,AP605,target_sell,sell,10075.0,1,214,ack,,FLAT_QUOTING
20260303,49221000,10:40:21.000,20260303-AP605-00476,,AP605,target_sell,sell,10075.0,1,214,fill,interval_vwap,FLAT_QUOTING
20260303,49221000,10:40:21.000,20260303-AP605-00475,,AP605,target_buy,buy,9905.0,1,214,cancel_requested,opposite_target_fill,FLAT_QUOTING
20260303,49222000,10:40:22.000,20260303-AP605-00475,,AP605,target_buy,buy,9905.0,1,214,cancel_ack,opposite_target_fill,SHORT_PENDING_HEDGE
20260303,49222000,10:40:22.000,20260303-AP605-00477,20260303-AP605-0017,AP604,hedge_entry,buy,,1,214,submit,,SHORT_PENDING_HEDGE
20260303,49222000,10:40:22.000,20260303-AP605-00477,20260303-AP605-0017,AP604,hedge_entry,buy,9743.0,1,214,fill,quote_key=49222000,SHORT_PENDING_HEDGE
20260303,49223000,10:40:23.000,20260303-AP605-00478,20260303-AP605-0017,AP605,target_exit,buy,,1,214,submit,,FLATTENING
20260303,49223000,10:40:23.000,20260303-AP605-00478,20260303-AP605-0017,AP605,target_exit,buy,10010.0,1,214,fill,,FLATTENING
20260303,49223000,10:40:23.000,20260303-AP605-00479,20260303-AP605-0017,AP604,hedge_exit,sell,,1,214,submit,,FLATTENING
20260303,49223000,10:40:23.000,20260303-AP605-00479,20260303-AP605-0017,AP604,hedge_exit,sell,9715.0,1,214,fill,quote_key=49223000,FLATTENING
20260303,49237000,10:40:37.000,20260303-AP605-00480,,AP605,target_buy,buy,9909.0,1,215,submit,initial_quote,FLAT_QUOTING
20260303,49237000,10:40:37.000,20260303-AP605-00481,,AP605,target_sell,sell,10079.0,1,215,submit,initial_quote,FLAT_QUOTING
20260303,49238000,10:40:38.000,20260303-AP605-00480,,AP605,target_buy,buy,9909.0,1,215,ack,,FLAT_QUOTING
20260303,49238000,10:40:38.000,20260303-AP605-00481,,AP605,target_sell,sell,10079.0,1,215,ack,,FLAT_QUOTING
20260303,49282000,10:41:22.000,20260303-AP605-00480,,AP605,target_buy,buy,9909.0,1,215,cancel_requested,fair_invalid_or_session_guard,PAUSED
20260303,49282000,10:41:22.000,20260303-AP605-00481,,AP605,target_sell,sell,10079.0,1,215,cancel_requested,fair_invalid_or_session_guard,PAUSED
20260303,49283000,10:41:23.000,20260303-AP605-00480,,AP605,target_buy,buy,9909.0,1,215,cancel_ack,fair_invalid_or_session_guard,PAUSED
20260303,49283000,10:41:23.000,20260303-AP605-00481,,AP605,target_sell,sell,10079.0,1,215,cancel_ack,fair_invalid_or_session_guard,PAUSED
20260303,49284000,10:41:24.000,20260303-AP605-00482,,AP605,target_buy,buy,9906.0,1,216,submit,initial_quote,FLAT_QUOTING
20260303,49284000,10:41:24.000,20260303-AP605-00483,,AP605,target_sell,sell,10076.0,1,216,submit,initial_quote,FLAT_QUOTING
20260303,49285000,10:41:25.000,20260303-AP605-00482,,AP605,target_buy,buy,9906.0,1,216,ack,,FLAT_QUOTING
20260303,49285000,10:41:25.000,20260303-AP605-00483,,AP605,target_sell,sell,10076.0,1,216,ack,,FLAT_QUOTING
20260303,49290000,10:41:30.000,20260303-AP605-00482,,AP605,target_buy,buy,9906.0,1,216,cancel_requested,fair_invalid_or_session_guard,PAUSED
20260303,49290000,10:41:30.000,20260303-AP605-00483,,AP605,target_sell,sell,10076.0,1,216,cancel_requested,fair_invalid_or_session_guard,PAUSED
20260303,49291000,10:41:31.000,20260303-AP605-00482,,AP605,target_buy,buy,9906.0,1,216,cancel_ack,fair_invalid_or_session_guard,PAUSED
20260303,49291000,10:41:31.000,20260303-AP605-00483,,AP605,target_sell,sell,10076.0,1,216,cancel_ack,fair_invalid_or_session_guard,PAUSED
20260303,49292000,10:41:32.000,20260303-AP605-00484,,AP605,target_buy,buy,9903.0,1,217,submit,initial_quote,FLAT_QUOTING
20260303,49292000,10:41:32.000,20260303-AP605-00485,,AP605,target_sell,sell,10073.0,1,217,submit,initial_quote,FLAT_QUOTING
20260303,49293000,10:41:33.000,20260303-AP605-00484,,AP605,target_buy,buy,9903.0,1,217,ack,,FLAT_QUOTING
20260303,49293000,10:41:33.000,20260303-AP605-00485,,AP605,target_sell,sell,10073.0,1,217,ack,,FLAT_QUOTING
20260303,49345000,10:42:25.000,20260303-AP605-00484,,AP605,target_buy,buy,9903.0,1,217,cancel_requested,fair_invalid_or_session_guard,PAUSED
20260303,49345000,10:42:25.000,20260303-AP605-00485,,AP605,target_sell,sell,10073.0,1,217,cancel_requested,fair_invalid_or_session_guard,PAUSED
20260303,49346000,10:42:26.000,20260303-AP605-00484,,AP605,target_buy,buy,9903.0,1,217,cancel_ack,fair_invalid_or_session_guard,PAUSED
20260303,49346000,10:42:26.000,20260303-AP605-00485,,AP605,target_sell,sell,10073.0,1,217,cancel_ack,fair_invalid_or_session_guard,PAUSED
20260303,49349000,10:42:29.000,20260303-AP605-00486,,AP605,target_buy,buy,9897.0,1,218,submit,initial_quote,FLAT_QUOTING
20260303,49349000,10:42:29.000,20260303-AP605-00487,,AP605,target_sell,sell,10067.0,1,218,submit,initial_quote,FLAT_QUOTING
20260303,49350000,10:42:30.000,20260303-AP605-00486,,AP605,target_buy,buy,9897.0,1,218,ack,,FLAT_QUOTING
20260303,49350000,10:42:30.000,20260303-AP605-00487,,AP605,target_sell,sell,10067.0,1,218,ack,,FLAT_QUOTING
20260303,49394000,10:43:14.000,20260303-AP605-00486,,AP605,target_buy,buy,9897.0,1,218,cancel_requested,fair_invalid_or_session_guard,PAUSED
20260303,49394000,10:43:14.000,20260303-AP605-00487,,AP605,target_sell,sell,10067.0,1,218,cancel_requested,fair_invalid_or_session_guard,PAUSED
20260303,49395000,10:43:15.000,20260303-AP605-00486,,AP605,target_buy,buy,9897.0,1,218,cancel_ack,fair_invalid_or_session_guard,PAUSED
20260303,49395000,10:43:15.000,20260303-AP605-00487,,AP605,target_sell,sell,10067.0,1,218,cancel_ack,fair_invalid_or_session_guard,PAUSED
20260303,49399000,10:43:19.000,20260303-AP605-00488,,AP605,target_buy,buy,9899.0,1,219,submit,initial_quote,FLAT_QUOTING
20260303,49399000,10:43:19.000,20260303-AP605-00489,,AP605,target_sell,sell,10069.0,1,219,submit,initial_quote,FLAT_QUOTING
20260303,49400000,10:43:20.000,20260303-AP605-00488,,AP605,target_buy,buy,9899.0,1,219,ack,,FLAT_QUOTING
20260303,49400000,10:43:20.000,20260303-AP605-00489,,AP605,target_sell,sell,10069.0,1,219,ack,,FLAT_QUOTING
20260303,49407000,10:43:27.000,20260303-AP605-00488,,AP605,target_buy,buy,9899.0,1,219,cancel_requested,fair_invalid_or_session_guard,PAUSED
20260303,49407000,10:43:27.000,20260303-AP605-00489,,AP605,target_sell,sell,10069.0,1,219,cancel_requested,fair_invalid_or_session_guard,PAUSED
20260303,49408000,10:43:28.000,20260303-AP605-00488,,AP605,target_buy,buy,9899.0,1,219,cancel_ack,fair_invalid_or_session_guard,PAUSED
20260303,49408000,10:43:28.000,20260303-AP605-00489,,AP605,target_sell,sell,10069.0,1,219,cancel_ack,fair_invalid_or_session_guard,PAUSED
20260303,49409000,10:43:29.000,20260303-AP605-00490,,AP605,target_buy,buy,9899.0,1,220,submit,initial_quote,FLAT_QUOTING
20260303,49409000,10:43:29.000,20260303-AP605-00491,,AP605,target_sell,sell,10069.0,1,220,submit,initial_quote,FLAT_QUOTING
20260303,49410000,10:43:30.000,20260303-AP605-00490,,AP605,target_buy,buy,9899.0,1,220,ack,,FLAT_QUOTING
20260303,49410000,10:43:30.000,20260303-AP605-00491,,AP605,target_sell,sell,10069.0,1,220,ack,,FLAT_QUOTING
20260303,49490000,10:44:50.000,20260303-AP605-00490,,AP605,target_buy,buy,9899.0,1,220,cancel_requested,fair_invalid_or_session_guard,PAUSED
20260303,49490000,10:44:50.000,20260303-AP605-00491,,AP605,target_sell,sell,10069.0,1,220,cancel_requested,fair_invalid_or_session_guard,PAUSED
20260303,49491000,10:44:51.000,20260303-AP605-00490,,AP605,target_buy,buy,9899.0,1,220,cancel_ack,fair_invalid_or_session_guard,PAUSED
20260303,49491000,10:44:51.000,20260303-AP605-00491,,AP605,target_sell,sell,10069.0,1,220,cancel_ack,fair_invalid_or_session_guard,PAUSED
20260303,49493000,10:44:53.000,20260303-AP605-00492,,AP605,target_buy,buy,9895.0,1,221,submit,initial_quote,FLAT_QUOTING
20260303,49493000,10:44:53.000,20260303-AP605-00493,,AP605,target_sell,sell,10065.0,1,221,submit,initial_quote,FLAT_QUOTING
20260303,49494000,10:44:54.000,20260303-AP605-00492,,AP605,target_buy,buy,9895.0,1,221,ack,,FLAT_QUOTING
20260303,49494000,10:44:54.000,20260303-AP605-00493,,AP605,target_sell,sell,10065.0,1,221,ack,,FLAT_QUOTING
20260303,49513000,10:45:13.000,20260303-AP605-00492,,AP605,target_buy,buy,9895.0,1,221,cancel_requested,fair_invalid_or_session_guard,PAUSED
20260303,49513000,10:45:13.000,20260303-AP605-00493,,AP605,target_sell,sell,10065.0,1,221,cancel_requested,fair_invalid_or_session_guard,PAUSED
20260303,49514000,10:45:14.000,20260303-AP605-00492,,AP605,target_buy,buy,9895.0,1,221,cancel_ack,fair_invalid_or_session_guard,PAUSED
20260303,49514000,10:45:14.000,20260303-AP605-00493,,AP605,target_sell,sell,10065.0,1,221,cancel_ack,fair_invalid_or_session_guard,PAUSED
20260303,49528000,10:45:28.000,20260303-AP605-00494,,AP605,target_buy,buy,9897.0,1,222,submit,initial_quote,FLAT_QUOTING
20260303,49528000,10:45:28.000,20260303-AP605-00495,,AP605,target_sell,sell,10067.0,1,222,submit,initial_quote,FLAT_QUOTING
20260303,49529000,10:45:29.000,20260303-AP605-00494,,AP605,target_buy,buy,9897.0,1,222,ack,,FLAT_QUOTING
20260303,49529000,10:45:29.000,20260303-AP605-00495,,AP605,target_sell,sell,10067.0,1,222,ack,,FLAT_QUOTING
20260303,49537000,10:45:37.000,20260303-AP605-00494,,AP605,target_buy,buy,9897.0,1,222,cancel_requested,fair_invalid_or_session_guard,PAUSED
20260303,49537000,10:45:37.000,20260303-AP605-00495,,AP605,target_sell,sell,10067.0,1,222,cancel_requested,fair_invalid_or_session_guard,PAUSED
20260303,49538000,10:45:38.000,20260303-AP605-00494,,AP605,target_buy,buy,9897.0,1,222,cancel_ack,fair_invalid_or_session_guard,PAUSED
20260303,49538000,10:45:38.000,20260303-AP605-00495,,AP605,target_sell,sell,10067.0,1,222,cancel_ack,fair_invalid_or_session_guard,PAUSED
20260303,49543000,10:45:43.000,20260303-AP605-00496,,AP605,target_buy,buy,9897.0,1,223,submit,initial_quote,FLAT_QUOTING
20260303,49543000,10:45:43.000,20260303-AP605-00497,,AP605,target_sell,sell,10067.0,1,223,submit,initial_quote,FLAT_QUOTING
20260303,49544000,10:45:44.000,20260303-AP605-00496,,AP605,target_buy,buy,9897.0,1,223,ack,,FLAT_QUOTING
20260303,49544000,10:45:44.000,20260303-AP605-00497,,AP605,target_sell,sell,10067.0,1,223,ack,,FLAT_QUOTING
20260303,49551000,10:45:51.000,20260303-AP605-00496,,AP605,target_buy,buy,9897.0,1,223,cancel_requested,fair_invalid_or_session_guard,PAUSED
20260303,49551000,10:45:51.000,20260303-AP605-00497,,AP605,target_sell,sell,10067.0,1,223,cancel_requested,fair_invalid_or_session_guard,PAUSED
20260303,49552000,10:45:52.000,20260303-AP605-00496,,AP605,target_buy,buy,9897.0,1,223,cancel_ack,fair_invalid_or_session_guard,PAUSED
20260303,49552000,10:45:52.000,20260303-AP605-00497,,AP605,target_sell,sell,10067.0,1,223,cancel_ack,fair_invalid_or_session_guard,PAUSED
20260303,49561000,10:46:01.000,20260303-AP605-00498,,AP605,target_buy,buy,9894.0,1,224,submit,initial_quote,FLAT_QUOTING
20260303,49561000,10:46:01.000,20260303-AP605-00499,,AP605,target_sell,sell,10064.0,1,224,submit,initial_quote,FLAT_QUOTING
20260303,49562000,10:46:02.000,20260303-AP605-00498,,AP605,target_buy,buy,9894.0,1,224,ack,,FLAT_QUOTING
20260303,49562000,10:46:02.000,20260303-AP605-00499,,AP605,target_sell,sell,10064.0,1,224,ack,,FLAT_QUOTING
20260303,49585000,10:46:25.000,20260303-AP605-00498,,AP605,target_buy,buy,9894.0,1,224,cancel_requested,fair_invalid_or_session_guard,PAUSED
20260303,49585000,10:46:25.000,20260303-AP605-00499,,AP605,target_sell,sell,10064.0,1,224,cancel_requested,fair_invalid_or_session_guard,PAUSED
20260303,49586000,10:46:26.000,20260303-AP605-00498,,AP605,target_buy,buy,9894.0,1,224,cancel_ack,fair_invalid_or_session_guard,PAUSED
20260303,49586000,10:46:26.000,20260303-AP605-00499,,AP605,target_sell,sell,10064.0,1,224,cancel_ack,fair_invalid_or_session_guard,PAUSED
20260303,49587000,10:46:27.000,20260303-AP605-00500,,AP605,target_buy,buy,9893.0,1,225,submit,initial_quote,FLAT_QUOTING
20260303,49587000,10:46:27.000,20260303-AP605-00501,,AP605,target_sell,sell,10063.0,1,225,submit,initial_quote,FLAT_QUOTING
20260303,49588000,10:46:28.000,20260303-AP605-00500,,AP605,target_buy,buy,9893.0,1,225,ack,,FLAT_QUOTING
20260303,49588000,10:46:28.000,20260303-AP605-00501,,AP605,target_sell,sell,10063.0,1,225,ack,,FLAT_QUOTING
20260303,49643000,10:47:23.000,20260303-AP605-00500,,AP605,target_buy,buy,9893.0,1,225,cancel_requested,fair_invalid_or_session_guard,PAUSED
20260303,49643000,10:47:23.000,20260303-AP605-00501,,AP605,target_sell,sell,10063.0,1,225,cancel_requested,fair_invalid_or_session_guard,PAUSED
20260303,49644000,10:47:24.000,20260303-AP605-00500,,AP605,target_buy,buy,9893.0,1,225,cancel_ack,fair_invalid_or_session_guard,PAUSED
20260303,49644000,10:47:24.000,20260303-AP605-00501,,AP605,target_sell,sell,10063.0,1,225,cancel_ack,fair_invalid_or_session_guard,PAUSED
20260303,49645000,10:47:25.000,20260303-AP605-00502,,AP605,target_buy,buy,9899.0,1,226,submit,initial_quote,FLAT_QUOTING
20260303,49645000,10:47:25.000,20260303-AP605-00503,,AP605,target_sell,sell,10069.0,1,226,submit,initial_quote,FLAT_QUOTING
20260303,49646000,10:47:26.000,20260303-AP605-00502,,AP605,target_buy,buy,9899.0,1,226,ack,,FLAT_QUOTING
20260303,49646000,10:47:26.000,20260303-AP605-00503,,AP605,target_sell,sell,10069.0,1,226,ack,,FLAT_QUOTING
20260303,49716000,10:48:36.000,20260303-AP605-00502,,AP605,target_buy,buy,9899.0,1,226,cancel_requested,fair_invalid_or_session_guard,PAUSED
20260303,49716000,10:48:36.000,20260303-AP605-00503,,AP605,target_sell,sell,10069.0,1,226,cancel_requested,fair_invalid_or_session_guard,PAUSED
20260303,49717000,10:48:37.000,20260303-AP605-00502,,AP605,target_buy,buy,9899.0,1,226,cancel_ack,fair_invalid_or_session_guard,PAUSED
20260303,49717000,10:48:37.000,20260303-AP605-00503,,AP605,target_sell,sell,10069.0,1,226,cancel_ack,fair_invalid_or_session_guard,PAUSED
20260303,49719000,10:48:39.000,20260303-AP605-00504,,AP605,target_buy,buy,9903.0,1,227,submit,initial_quote,FLAT_QUOTING
20260303,49719000,10:48:39.000,20260303-AP605-00505,,AP605,target_sell,sell,10073.0,1,227,submit,initial_quote,FLAT_QUOTING
20260303,49720000,10:48:40.000,20260303-AP605-00504,,AP605,target_buy,buy,9903.0,1,227,ack,,FLAT_QUOTING
20260303,49720000,10:48:40.000,20260303-AP605-00505,,AP605,target_sell,sell,10073.0,1,227,ack,,FLAT_QUOTING
20260303,49734000,10:48:54.000,20260303-AP605-00504,,AP605,target_buy,buy,9903.0,1,227,cancel_requested,fair_invalid_or_session_guard,PAUSED
20260303,49734000,10:48:54.000,20260303-AP605-00505,,AP605,target_sell,sell,10073.0,1,227,cancel_requested,fair_invalid_or_session_guard,PAUSED
20260303,49735000,10:48:55.000,20260303-AP605-00504,,AP605,target_buy,buy,9903.0,1,227,cancel_ack,fair_invalid_or_session_guard,PAUSED
20260303,49735000,10:48:55.000,20260303-AP605-00505,,AP605,target_sell,sell,10073.0,1,227,cancel_ack,fair_invalid_or_session_guard,PAUSED
20260303,49737000,10:48:57.000,20260303-AP605-00506,,AP605,target_buy,buy,9905.0,1,228,submit,initial_quote,FLAT_QUOTING
20260303,49737000,10:48:57.000,20260303-AP605-00507,,AP605,target_sell,sell,10075.0,1,228,submit,initial_quote,FLAT_QUOTING
20260303,49738000,10:48:58.000,20260303-AP605-00506,,AP605,target_buy,buy,9905.0,1,228,ack,,FLAT_QUOTING
20260303,49738000,10:48:58.000,20260303-AP605-00507,,AP605,target_sell,sell,10075.0,1,228,ack,,FLAT_QUOTING
20260303,49811000,10:50:11.000,20260303-AP605-00507,,AP605,target_sell,sell,10075.0,1,228,fill,interval_vwap,FLAT_QUOTING
20260303,49811000,10:50:11.000,20260303-AP605-00506,,AP605,target_buy,buy,9905.0,1,228,cancel_requested,opposite_target_fill,FLAT_QUOTING
20260303,49812000,10:50:12.000,20260303-AP605-00506,,AP605,target_buy,buy,9905.0,1,228,cancel_ack,opposite_target_fill,SHORT_PENDING_HEDGE
20260303,49812000,10:50:12.000,20260303-AP605-00508,20260303-AP605-0018,AP604,hedge_entry,buy,,1,228,submit,,SHORT_PENDING_HEDGE
20260303,49812000,10:50:12.000,20260303-AP605-00508,20260303-AP605-0018,AP604,hedge_entry,buy,9721.0,1,228,fill,quote_key=49812000,SHORT_PENDING_HEDGE
20260303,49813000,10:50:13.000,20260303-AP605-00509,20260303-AP605-0018,AP605,target_exit,buy,,1,228,submit,,FLATTENING
20260303,49813000,10:50:13.000,20260303-AP605-00509,20260303-AP605-0018,AP605,target_exit,buy,10005.0,1,228,fill,,FLATTENING
20260303,49813000,10:50:13.000,20260303-AP605-00510,20260303-AP605-0018,AP604,hedge_exit,sell,,1,228,submit,,FLATTENING
20260303,49813000,10:50:13.000,20260303-AP605-00510,20260303-AP605-0018,AP604,hedge_exit,sell,9712.0,1,228,fill,quote_key=49812000,FLATTENING
20260303,49815000,10:50:15.000,20260303-AP605-00511,,AP605,target_buy,buy,9913.0,1,229,submit,initial_quote,FLAT_QUOTING
20260303,49815000,10:50:15.000,20260303-AP605-00512,,AP605,target_sell,sell,10083.0,1,229,submit,initial_quote,FLAT_QUOTING
20260303,49816000,10:50:16.000,20260303-AP605-00511,,AP605,target_buy,buy,9913.0,1,229,ack,,FLAT_QUOTING
20260303,49816000,10:50:16.000,20260303-AP605-00512,,AP605,target_sell,sell,10083.0,1,229,ack,,FLAT_QUOTING
20260303,49824000,10:50:24.000,20260303-AP605-00512,,AP605,target_sell,sell,10083.0,1,229,fill,interval_vwap,FLAT_QUOTING
20260303,49824000,10:50:24.000,20260303-AP605-00511,,AP605,target_buy,buy,9913.0,1,229,cancel_requested,opposite_target_fill,FLAT_QUOTING
20260303,49825000,10:50:25.000,20260303-AP605-00511,,AP605,target_buy,buy,9913.0,1,229,cancel_ack,opposite_target_fill,SHORT_PENDING_HEDGE
20260303,49825000,10:50:25.000,20260303-AP605-00513,20260303-AP605-0019,AP604,hedge_entry,buy,,1,229,submit,,SHORT_PENDING_HEDGE
20260303,49825000,10:50:25.000,20260303-AP605-00513,20260303-AP605-0019,AP604,hedge_entry,buy,9747.0,1,229,fill,quote_key=49825000,SHORT_PENDING_HEDGE
20260303,49826000,10:50:26.000,20260303-AP605-00514,20260303-AP605-0019,AP605,target_exit,buy,,1,229,submit,,FLATTENING
20260303,49826000,10:50:26.000,20260303-AP605-00514,20260303-AP605-0019,AP605,target_exit,buy,10018.0,1,229,fill,,FLATTENING
20260303,49826000,10:50:26.000,20260303-AP605-00515,20260303-AP605-0019,AP604,hedge_exit,sell,,1,229,submit,,FLATTENING
20260303,49826000,10:50:26.000,20260303-AP605-00515,20260303-AP605-0019,AP604,hedge_exit,sell,9711.0,1,229,fill,quote_key=49826000,FLATTENING
20260303,49838000,10:50:38.000,20260303-AP605-00516,,AP605,target_buy,buy,9918.0,1,230,submit,initial_quote,FLAT_QUOTING
20260303,49838000,10:50:38.000,20260303-AP605-00517,,AP605,target_sell,sell,10088.0,1,230,submit,initial_quote,FLAT_QUOTING
20260303,49839000,10:50:39.000,20260303-AP605-00516,,AP605,target_buy,buy,9918.0,1,230,ack,,FLAT_QUOTING
20260303,49839000,10:50:39.000,20260303-AP605-00517,,AP605,target_sell,sell,10088.0,1,230,ack,,FLAT_QUOTING
20260303,49843000,10:50:43.000,20260303-AP605-00516,,AP605,target_buy,buy,9918.0,1,230,cancel_requested,fair_invalid_or_session_guard,PAUSED
20260303,49843000,10:50:43.000,20260303-AP605-00517,,AP605,target_sell,sell,10088.0,1,230,cancel_requested,fair_invalid_or_session_guard,PAUSED
20260303,49844000,10:50:44.000,20260303-AP605-00516,,AP605,target_buy,buy,9918.0,1,230,cancel_ack,fair_invalid_or_session_guard,PAUSED
20260303,49844000,10:50:44.000,20260303-AP605-00517,,AP605,target_sell,sell,10088.0,1,230,cancel_ack,fair_invalid_or_session_guard,PAUSED
20260303,49845000,10:50:45.000,20260303-AP605-00518,,AP605,target_buy,buy,9923.0,1,231,submit,initial_quote,FLAT_QUOTING
20260303,49845000,10:50:45.000,20260303-AP605-00519,,AP605,target_sell,sell,10093.0,1,231,submit,initial_quote,FLAT_QUOTING
20260303,49846000,10:50:46.000,20260303-AP605-00518,,AP605,target_buy,buy,9923.0,1,231,ack,,FLAT_QUOTING
20260303,49846000,10:50:46.000,20260303-AP605-00519,,AP605,target_sell,sell,10093.0,1,231,ack,,FLAT_QUOTING
20260303,49898000,10:51:38.000,20260303-AP605-00518,,AP605,target_buy,buy,9923.0,1,231,cancel_requested,fair_invalid_or_session_guard,PAUSED
20260303,49898000,10:51:38.000,20260303-AP605-00519,,AP605,target_sell,sell,10093.0,1,231,cancel_requested,fair_invalid_or_session_guard,PAUSED
20260303,49899000,10:51:39.000,20260303-AP605-00518,,AP605,target_buy,buy,9923.0,1,231,cancel_ack,fair_invalid_or_session_guard,PAUSED
20260303,49899000,10:51:39.000,20260303-AP605-00519,,AP605,target_sell,sell,10093.0,1,231,cancel_ack,fair_invalid_or_session_guard,PAUSED
20260303,49902000,10:51:42.000,20260303-AP605-00520,,AP605,target_buy,buy,9915.0,1,232,submit,initial_quote,FLAT_QUOTING
20260303,49902000,10:51:42.000,20260303-AP605-00521,,AP605,target_sell,sell,10085.0,1,232,submit,initial_quote,FLAT_QUOTING
20260303,49903000,10:51:43.000,20260303-AP605-00520,,AP605,target_buy,buy,9915.0,1,232,ack,,FLAT_QUOTING
20260303,49903000,10:51:43.000,20260303-AP605-00521,,AP605,target_sell,sell,10085.0,1,232,ack,,FLAT_QUOTING
20260303,49927000,10:52:07.000,20260303-AP605-00520,,AP605,target_buy,buy,9915.0,1,232,cancel_requested,fair_invalid_or_session_guard,PAUSED
20260303,49927000,10:52:07.000,20260303-AP605-00521,,AP605,target_sell,sell,10085.0,1,232,cancel_requested,fair_invalid_or_session_guard,PAUSED
20260303,49928000,10:52:08.000,20260303-AP605-00520,,AP605,target_buy,buy,9915.0,1,232,cancel_ack,fair_invalid_or_session_guard,PAUSED
20260303,49928000,10:52:08.000,20260303-AP605-00521,,AP605,target_sell,sell,10085.0,1,232,cancel_ack,fair_invalid_or_session_guard,PAUSED
20260303,49929000,10:52:09.000,20260303-AP605-00522,,AP605,target_buy,buy,9919.0,1,233,submit,initial_quote,FLAT_QUOTING
20260303,49929000,10:52:09.000,20260303-AP605-00523,,AP605,target_sell,sell,10089.0,1,233,submit,initial_quote,FLAT_QUOTING
20260303,49930000,10:52:10.000,20260303-AP605-00522,,AP605,target_buy,buy,9919.0,1,233,ack,,FLAT_QUOTING
20260303,49930000,10:52:10.000,20260303-AP605-00523,,AP605,target_sell,sell,10089.0,1,233,ack,,FLAT_QUOTING
20260303,49986000,10:53:06.000,20260303-AP605-00523,,AP605,target_sell,sell,10089.0,1,233,fill,interval_vwap,FLAT_QUOTING
20260303,49986000,10:53:06.000,20260303-AP605-00522,,AP605,target_buy,buy,9919.0,1,233,cancel_requested,opposite_target_fill,FLAT_QUOTING
20260303,49987000,10:53:07.000,20260303-AP605-00522,,AP605,target_buy,buy,9919.0,1,233,cancel_ack,opposite_target_fill,SHORT_PENDING_HEDGE
20260303,49987000,10:53:07.000,20260303-AP605-00524,20260303-AP605-0020,AP604,hedge_entry,buy,,1,233,submit,,SHORT_PENDING_HEDGE
20260303,49987000,10:53:07.000,20260303-AP605-00524,20260303-AP605-0020,AP604,hedge_entry,buy,9764.0,1,233,fill,quote_key=49987000,SHORT_PENDING_HEDGE
20260303,49988000,10:53:08.000,20260303-AP605-00525,20260303-AP605-0020,AP605,target_exit,buy,,1,233,submit,,FLATTENING
20260303,49988000,10:53:08.000,20260303-AP605-00525,20260303-AP605-0020,AP605,target_exit,buy,10037.0,1,233,fill,,FLATTENING
20260303,49988000,10:53:08.000,20260303-AP605-00526,20260303-AP605-0020,AP604,hedge_exit,sell,,1,233,submit,,FLATTENING
20260303,49988000,10:53:08.000,20260303-AP605-00526,20260303-AP605-0020,AP604,hedge_exit,sell,9734.0,1,233,fill,quote_key=49988000,FLATTENING
20260303,50029000,10:53:49.000,20260303-AP605-00527,,AP605,target_buy,buy,9949.0,1,234,submit,initial_quote,FLAT_QUOTING
20260303,50029000,10:53:49.000,20260303-AP605-00528,,AP605,target_sell,sell,10119.0,1,234,submit,initial_quote,FLAT_QUOTING
20260303,50030000,10:53:50.000,20260303-AP605-00527,,AP605,target_buy,buy,9949.0,1,234,ack,,FLAT_QUOTING
20260303,50030000,10:53:50.000,20260303-AP605-00528,,AP605,target_sell,sell,10119.0,1,234,ack,,FLAT_QUOTING
20260303,50043000,10:54:03.000,20260303-AP605-00527,,AP605,target_buy,buy,9949.0,1,234,cancel_requested,fair_invalid_or_session_guard,PAUSED
20260303,50043000,10:54:03.000,20260303-AP605-00528,,AP605,target_sell,sell,10119.0,1,234,cancel_requested,fair_invalid_or_session_guard,PAUSED
20260303,50044000,10:54:04.000,20260303-AP605-00527,,AP605,target_buy,buy,9949.0,1,234,cancel_ack,fair_invalid_or_session_guard,PAUSED
20260303,50044000,10:54:04.000,20260303-AP605-00528,,AP605,target_sell,sell,10119.0,1,234,cancel_ack,fair_invalid_or_session_guard,PAUSED
20260303,50045000,10:54:05.000,20260303-AP605-00529,,AP605,target_buy,buy,9947.0,1,235,submit,initial_quote,FLAT_QUOTING
20260303,50045000,10:54:05.000,20260303-AP605-00530,,AP605,target_sell,sell,10117.0,1,235,submit,initial_quote,FLAT_QUOTING
20260303,50046000,10:54:06.000,20260303-AP605-00529,,AP605,target_buy,buy,9947.0,1,235,ack,,FLAT_QUOTING
20260303,50046000,10:54:06.000,20260303-AP605-00530,,AP605,target_sell,sell,10117.0,1,235,ack,,FLAT_QUOTING
20260303,50064000,10:54:24.000,20260303-AP605-00529,,AP605,target_buy,buy,9947.0,1,235,cancel_requested,fair_invalid_or_session_guard,PAUSED
20260303,50064000,10:54:24.000,20260303-AP605-00530,,AP605,target_sell,sell,10117.0,1,235,cancel_requested,fair_invalid_or_session_guard,PAUSED
20260303,50065000,10:54:25.000,20260303-AP605-00529,,AP605,target_buy,buy,9947.0,1,235,cancel_ack,fair_invalid_or_session_guard,PAUSED
20260303,50065000,10:54:25.000,20260303-AP605-00530,,AP605,target_sell,sell,10117.0,1,235,cancel_ack,fair_invalid_or_session_guard,PAUSED
20260303,50114000,10:55:14.000,20260303-AP605-00531,,AP605,target_buy,buy,9961.0,1,236,submit,initial_quote,FLAT_QUOTING
20260303,50114000,10:55:14.000,20260303-AP605-00532,,AP605,target_sell,sell,10131.0,1,236,submit,initial_quote,FLAT_QUOTING
20260303,50115000,10:55:15.000,20260303-AP605-00531,,AP605,target_buy,buy,9961.0,1,236,ack,,FLAT_QUOTING
20260303,50115000,10:55:15.000,20260303-AP605-00532,,AP605,target_sell,sell,10131.0,1,236,ack,,FLAT_QUOTING
20260303,50115000,10:55:15.000,20260303-AP605-00531,,AP605,target_buy,buy,9961.0,1,236,fill,interval_vwap,FLAT_QUOTING
20260303,50115000,10:55:15.000,20260303-AP605-00532,,AP605,target_sell,sell,10131.0,1,236,cancel_requested,opposite_target_fill,FLAT_QUOTING
20260303,50116000,10:55:16.000,20260303-AP605-00532,,AP605,target_sell,sell,10131.0,1,236,cancel_ack,opposite_target_fill,LONG_PENDING_HEDGE
20260303,50116000,10:55:16.000,20260303-AP605-00533,20260303-AP605-0021,AP604,hedge_entry,sell,,1,236,submit,,LONG_PENDING_HEDGE
20260303,50116000,10:55:16.000,20260303-AP605-00533,20260303-AP605-0021,AP604,hedge_entry,sell,9771.0,1,236,fill,quote_key=50116000,LONG_PENDING_HEDGE
20260303,50117000,10:55:17.000,20260303-AP605-00534,20260303-AP605-0021,AP605,target_exit,sell,,1,236,submit,,FLATTENING
20260303,50117000,10:55:17.000,20260303-AP605-00534,20260303-AP605-0021,AP605,target_exit,sell,10069.0,1,236,fill,,FLATTENING
20260303,50117000,10:55:17.000,20260303-AP605-00535,20260303-AP605-0021,AP604,hedge_exit,buy,,1,236,submit,,FLATTENING
20260303,50117000,10:55:17.000,20260303-AP605-00535,20260303-AP605-0021,AP604,hedge_exit,buy,9778.0,1,236,fill,quote_key=50117000,FLATTENING
20260303,50123000,10:55:23.000,20260303-AP605-00536,,AP605,target_buy,buy,9959.0,1,237,submit,initial_quote,FLAT_QUOTING
20260303,50123000,10:55:23.000,20260303-AP605-00537,,AP605,target_sell,sell,10129.0,1,237,submit,initial_quote,FLAT_QUOTING
20260303,50124000,10:55:24.000,20260303-AP605-00536,,AP605,target_buy,buy,9959.0,1,237,ack,,FLAT_QUOTING
20260303,50124000,10:55:24.000,20260303-AP605-00537,,AP605,target_sell,sell,10129.0,1,237,ack,,FLAT_QUOTING
20260303,50240000,10:57:20.000,20260303-AP605-00536,,AP605,target_buy,buy,9959.0,1,237,cancel_requested,fair_invalid_or_session_guard,PAUSED
20260303,50240000,10:57:20.000,20260303-AP605-00537,,AP605,target_sell,sell,10129.0,1,237,cancel_requested,fair_invalid_or_session_guard,PAUSED
20260303,50241000,10:57:21.000,20260303-AP605-00536,,AP605,target_buy,buy,9959.0,1,237,cancel_ack,fair_invalid_or_session_guard,PAUSED
20260303,50241000,10:57:21.000,20260303-AP605-00537,,AP605,target_sell,sell,10129.0,1,237,cancel_ack,fair_invalid_or_session_guard,PAUSED
20260303,50675000,11:04:35.000,20260303-AP605-00538,,AP605,target_buy,buy,10115.0,1,238,submit,initial_quote,FLAT_QUOTING
20260303,50675000,11:04:35.000,20260303-AP605-00539,,AP605,target_sell,sell,10285.0,1,238,submit,initial_quote,FLAT_QUOTING
20260303,50676000,11:04:36.000,20260303-AP605-00538,,AP605,target_buy,buy,10115.0,1,238,ack,,FLAT_QUOTING
20260303,50676000,11:04:36.000,20260303-AP605-00539,,AP605,target_sell,sell,10285.0,1,238,ack,,FLAT_QUOTING
20260303,50676000,11:04:36.000,20260303-AP605-00538,,AP605,target_buy,buy,10115.0,1,238,fill,interval_vwap,FLAT_QUOTING
20260303,50676000,11:04:36.000,20260303-AP605-00539,,AP605,target_sell,sell,10285.0,1,238,cancel_requested,opposite_target_fill,FLAT_QUOTING
20260303,50677000,11:04:37.000,20260303-AP605-00539,,AP605,target_sell,sell,10285.0,1,238,cancel_ack,opposite_target_fill,LONG_PENDING_HEDGE
20260303,50677000,11:04:37.000,20260303-AP605-00540,20260303-AP605-0022,AP604,hedge_entry,sell,,1,238,submit,,LONG_PENDING_HEDGE
20260303,50677000,11:04:37.000,20260303-AP605-00540,20260303-AP605-0022,AP604,hedge_entry,sell,9990.0,1,238,fill,quote_key=50677000,LONG_PENDING_HEDGE
20260303,50678000,11:04:38.000,20260303-AP605-00541,20260303-AP605-0022,AP605,target_exit,sell,,1,238,submit,,FLATTENING
20260303,50678000,11:04:38.000,20260303-AP605-00541,20260303-AP605-0022,AP605,target_exit,sell,10202.0,1,238,fill,,FLATTENING
20260303,50678000,11:04:38.000,20260303-AP605-00542,20260303-AP605-0022,AP604,hedge_exit,buy,,1,238,submit,,FLATTENING
20260303,50678000,11:04:38.000,20260303-AP605-00542,20260303-AP605-0022,AP604,hedge_exit,buy,9996.0,1,238,fill,quote_key=50678000,FLATTENING
20260303,50680000,11:04:40.000,20260303-AP605-00543,,AP605,target_buy,buy,10113.0,1,239,submit,initial_quote,FLAT_QUOTING
20260303,50680000,11:04:40.000,20260303-AP605-00544,,AP605,target_sell,sell,10283.0,1,239,submit,initial_quote,FLAT_QUOTING
20260303,50681000,11:04:41.000,20260303-AP605-00543,,AP605,target_buy,buy,10113.0,1,239,ack,,FLAT_QUOTING
20260303,50681000,11:04:41.000,20260303-AP605-00544,,AP605,target_sell,sell,10283.0,1,239,ack,,FLAT_QUOTING
20260303,50681000,11:04:41.000,20260303-AP605-00543,,AP605,target_buy,buy,10113.0,1,239,fill,interval_vwap,FLAT_QUOTING
20260303,50681000,11:04:41.000,20260303-AP605-00544,,AP605,target_sell,sell,10283.0,1,239,cancel_requested,opposite_target_fill,FLAT_QUOTING
20260303,50682000,11:04:42.000,20260303-AP605-00544,,AP605,target_sell,sell,10283.0,1,239,cancel_ack,opposite_target_fill,LONG_PENDING_HEDGE
20260303,50682000,11:04:42.000,20260303-AP605-00545,20260303-AP605-0023,AP604,hedge_entry,sell,,1,239,submit,,LONG_PENDING_HEDGE
20260303,50682000,11:04:42.000,20260303-AP605-00545,20260303-AP605-0023,AP604,hedge_entry,sell,9982.0,1,239,fill,quote_key=50682000,LONG_PENDING_HEDGE
20260303,50683000,11:04:43.000,20260303-AP605-00546,20260303-AP605-0023,AP605,target_exit,sell,,1,239,submit,,FLATTENING
20260303,50683000,11:04:43.000,20260303-AP605-00546,20260303-AP605-0023,AP605,target_exit,sell,10200.0,1,239,fill,,FLATTENING
20260303,50683000,11:04:43.000,20260303-AP605-00547,20260303-AP605-0023,AP604,hedge_exit,buy,,1,239,submit,,FLATTENING
20260303,50683000,11:04:43.000,20260303-AP605-00547,20260303-AP605-0023,AP604,hedge_exit,buy,9989.0,1,239,fill,quote_key=50683000,FLATTENING
20260303,50685000,11:04:45.000,20260303-AP605-00548,,AP605,target_buy,buy,10109.0,1,240,submit,initial_quote,FLAT_QUOTING
20260303,50685000,11:04:45.000,20260303-AP605-00549,,AP605,target_sell,sell,10279.0,1,240,submit,initial_quote,FLAT_QUOTING
20260303,50686000,11:04:46.000,20260303-AP605-00548,,AP605,target_buy,buy,10109.0,1,240,ack,,FLAT_QUOTING
20260303,50686000,11:04:46.000,20260303-AP605-00549,,AP605,target_sell,sell,10279.0,1,240,ack,,FLAT_QUOTING
20260303,50686000,11:04:46.000,20260303-AP605-00548,,AP605,target_buy,buy,10109.0,1,240,fill,interval_vwap,FLAT_QUOTING
20260303,50686000,11:04:46.000,20260303-AP605-00549,,AP605,target_sell,sell,10279.0,1,240,cancel_requested,opposite_target_fill,FLAT_QUOTING
20260303,50687000,11:04:47.000,20260303-AP605-00549,,AP605,target_sell,sell,10279.0,1,240,cancel_ack,opposite_target_fill,LONG_PENDING_HEDGE
20260303,50687000,11:04:47.000,20260303-AP605-00550,20260303-AP605-0024,AP604,hedge_entry,sell,,1,240,submit,,LONG_PENDING_HEDGE
20260303,50687000,11:04:47.000,20260303-AP605-00550,20260303-AP605-0024,AP604,hedge_entry,sell,9977.0,1,240,fill,quote_key=50686000,LONG_PENDING_HEDGE
20260303,50688000,11:04:48.000,20260303-AP605-00551,20260303-AP605-0024,AP605,target_exit,sell,,1,240,submit,,FLATTENING
20260303,50688000,11:04:48.000,20260303-AP605-00551,20260303-AP605-0024,AP605,target_exit,sell,10198.0,1,240,fill,,FLATTENING
20260303,50688000,11:04:48.000,20260303-AP605-00552,20260303-AP605-0024,AP604,hedge_exit,buy,,1,240,submit,,FLATTENING
20260303,50688000,11:04:48.000,20260303-AP605-00552,20260303-AP605-0024,AP604,hedge_exit,buy,9989.0,1,240,fill,quote_key=50688000,FLATTENING
20260303,50690000,11:04:50.000,20260303-AP605-00553,,AP605,target_buy,buy,10104.0,1,241,submit,initial_quote,FLAT_QUOTING
20260303,50690000,11:04:50.000,20260303-AP605-00554,,AP605,target_sell,sell,10274.0,1,241,submit,initial_quote,FLAT_QUOTING
20260303,50691000,11:04:51.000,20260303-AP605-00553,,AP605,target_buy,buy,10104.0,1,241,ack,,FLAT_QUOTING
20260303,50691000,11:04:51.000,20260303-AP605-00554,,AP605,target_sell,sell,10274.0,1,241,ack,,FLAT_QUOTING
20260303,50691000,11:04:51.000,20260303-AP605-00553,,AP605,target_buy,buy,10104.0,1,241,fill,interval_vwap,FLAT_QUOTING
20260303,50691000,11:04:51.000,20260303-AP605-00554,,AP605,target_sell,sell,10274.0,1,241,cancel_requested,opposite_target_fill,FLAT_QUOTING
20260303,50692000,11:04:52.000,20260303-AP605-00554,,AP605,target_sell,sell,10274.0,1,241,cancel_ack,opposite_target_fill,LONG_PENDING_HEDGE
20260303,50692000,11:04:52.000,20260303-AP605-00555,20260303-AP605-0025,AP604,hedge_entry,sell,,1,241,submit,,LONG_PENDING_HEDGE
20260303,50692000,11:04:52.000,20260303-AP605-00555,20260303-AP605-0025,AP604,hedge_entry,sell,9976.0,1,241,fill,quote_key=50692000,LONG_PENDING_HEDGE
20260303,50693000,11:04:53.000,20260303-AP605-00556,20260303-AP605-0025,AP605,target_exit,sell,,1,241,submit,,FLATTENING
20260303,50693000,11:04:53.000,20260303-AP605-00556,20260303-AP605-0025,AP605,target_exit,sell,10196.0,1,241,fill,,FLATTENING
20260303,50693000,11:04:53.000,20260303-AP605-00557,20260303-AP605-0025,AP604,hedge_exit,buy,,1,241,submit,,FLATTENING
20260303,50693000,11:04:53.000,20260303-AP605-00557,20260303-AP605-0025,AP604,hedge_exit,buy,9982.0,1,241,fill,quote_key=50693000,FLATTENING
20260303,50738000,11:05:38.000,20260303-AP605-00558,,AP605,target_buy,buy,10110.0,1,242,submit,initial_quote,FLAT_QUOTING
20260303,50738000,11:05:38.000,20260303-AP605-00559,,AP605,target_sell,sell,10280.0,1,242,submit,initial_quote,FLAT_QUOTING
20260303,50739000,11:05:39.000,20260303-AP605-00558,,AP605,target_buy,buy,10110.0,1,242,ack,,FLAT_QUOTING
20260303,50739000,11:05:39.000,20260303-AP605-00559,,AP605,target_sell,sell,10280.0,1,242,ack,,FLAT_QUOTING
20260303,50739000,11:05:39.000,20260303-AP605-00558,,AP605,target_buy,buy,10110.0,1,242,fill,interval_vwap,FLAT_QUOTING
20260303,50739000,11:05:39.000,20260303-AP605-00559,,AP605,target_sell,sell,10280.0,1,242,cancel_requested,opposite_target_fill,FLAT_QUOTING
20260303,50740000,11:05:40.000,20260303-AP605-00559,,AP605,target_sell,sell,10280.0,1,242,cancel_ack,opposite_target_fill,LONG_PENDING_HEDGE
20260303,50740000,11:05:40.000,20260303-AP605-00560,20260303-AP605-0026,AP604,hedge_entry,sell,,1,242,submit,,LONG_PENDING_HEDGE
20260303,50740000,11:05:40.000,20260303-AP605-00560,20260303-AP605-0026,AP604,hedge_entry,sell,9981.0,1,242,fill,quote_key=50740000,LONG_PENDING_HEDGE
20260303,50741000,11:05:41.000,20260303-AP605-00561,20260303-AP605-0026,AP605,target_exit,sell,,1,242,submit,,FLATTENING
20260303,50741000,11:05:41.000,20260303-AP605-00561,20260303-AP605-0026,AP605,target_exit,sell,10203.0,1,242,fill,,FLATTENING
20260303,50741000,11:05:41.000,20260303-AP605-00562,20260303-AP605-0026,AP604,hedge_exit,buy,,1,242,submit,,FLATTENING
20260303,50741000,11:05:41.000,20260303-AP605-00562,20260303-AP605-0026,AP604,hedge_exit,buy,10000.0,1,242,fill,quote_key=50741000,FLATTENING
20260303,50743000,11:05:43.000,20260303-AP605-00563,,AP605,target_buy,buy,10110.0,1,243,submit,initial_quote,FLAT_QUOTING
20260303,50743000,11:05:43.000,20260303-AP605-00564,,AP605,target_sell,sell,10280.0,1,243,submit,initial_quote,FLAT_QUOTING
20260303,50744000,11:05:44.000,20260303-AP605-00563,,AP605,target_buy,buy,10110.0,1,243,ack,,FLAT_QUOTING
20260303,50744000,11:05:44.000,20260303-AP605-00564,,AP605,target_sell,sell,10280.0,1,243,ack,,FLAT_QUOTING
20260303,50744000,11:05:44.000,20260303-AP605-00563,,AP605,target_buy,buy,10110.0,1,243,fill,interval_vwap,FLAT_QUOTING
20260303,50744000,11:05:44.000,20260303-AP605-00564,,AP605,target_sell,sell,10280.0,1,243,cancel_requested,opposite_target_fill,FLAT_QUOTING
20260303,50745000,11:05:45.000,20260303-AP605-00564,,AP605,target_sell,sell,10280.0,1,243,cancel_ack,opposite_target_fill,LONG_PENDING_HEDGE
20260303,50745000,11:05:45.000,20260303-AP605-00565,20260303-AP605-0027,AP604,hedge_entry,sell,,1,243,submit,,LONG_PENDING_HEDGE
20260303,50745000,11:05:45.000,20260303-AP605-00565,20260303-AP605-0027,AP604,hedge_entry,sell,9977.0,1,243,fill,quote_key=50745000,LONG_PENDING_HEDGE
20260303,50746000,11:05:46.000,20260303-AP605-00566,20260303-AP605-0027,AP605,target_exit,sell,,1,243,submit,,FLATTENING
20260303,50746000,11:05:46.000,20260303-AP605-00566,20260303-AP605-0027,AP605,target_exit,sell,10203.0,1,243,fill,,FLATTENING
20260303,50746000,11:05:46.000,20260303-AP605-00567,20260303-AP605-0027,AP604,hedge_exit,buy,,1,243,submit,,FLATTENING
20260303,50746000,11:05:46.000,20260303-AP605-00567,20260303-AP605-0027,AP604,hedge_exit,buy,9998.0,1,243,fill,quote_key=50746000,FLATTENING
20260303,50748000,11:05:48.000,20260303-AP605-00568,,AP605,target_buy,buy,10106.0,1,244,submit,initial_quote,FLAT_QUOTING
20260303,50748000,11:05:48.000,20260303-AP605-00569,,AP605,target_sell,sell,10276.0,1,244,submit,initial_quote,FLAT_QUOTING
20260303,50749000,11:05:49.000,20260303-AP605-00568,,AP605,target_buy,buy,10106.0,1,244,ack,,FLAT_QUOTING
20260303,50749000,11:05:49.000,20260303-AP605-00569,,AP605,target_sell,sell,10276.0,1,244,ack,,FLAT_QUOTING
20260303,50749000,11:05:49.000,20260303-AP605-00568,,AP605,target_buy,buy,10106.0,1,244,fill,interval_vwap,FLAT_QUOTING
20260303,50749000,11:05:49.000,20260303-AP605-00569,,AP605,target_sell,sell,10276.0,1,244,cancel_requested,opposite_target_fill,FLAT_QUOTING
20260303,50750000,11:05:50.000,20260303-AP605-00569,,AP605,target_sell,sell,10276.0,1,244,cancel_ack,opposite_target_fill,LONG_PENDING_HEDGE
20260303,50750000,11:05:50.000,20260303-AP605-00570,20260303-AP605-0028,AP604,hedge_entry,sell,,1,244,submit,,LONG_PENDING_HEDGE
20260303,50750000,11:05:50.000,20260303-AP605-00570,20260303-AP605-0028,AP604,hedge_entry,sell,9972.0,1,244,fill,quote_key=50750000,LONG_PENDING_HEDGE
20260303,50751000,11:05:51.000,20260303-AP605-00571,20260303-AP605-0028,AP605,target_exit,sell,,1,244,submit,,FLATTENING
20260303,50751000,11:05:51.000,20260303-AP605-00571,20260303-AP605-0028,AP605,target_exit,sell,10197.0,1,244,fill,,FLATTENING
20260303,50751000,11:05:51.000,20260303-AP605-00572,20260303-AP605-0028,AP604,hedge_exit,buy,,1,244,submit,,FLATTENING
20260303,50751000,11:05:51.000,20260303-AP605-00572,20260303-AP605-0028,AP604,hedge_exit,buy,10022.0,1,244,fill,quote_key=50751000,FLATTENING
20260303,50777000,11:06:17.000,20260303-AP605-00573,,AP605,target_buy,buy,10107.0,1,245,submit,initial_quote,FLAT_QUOTING
20260303,50777000,11:06:17.000,20260303-AP605-00574,,AP605,target_sell,sell,10277.0,1,245,submit,initial_quote,FLAT_QUOTING
20260303,50778000,11:06:18.000,20260303-AP605-00573,,AP605,target_buy,buy,10107.0,1,245,ack,,FLAT_QUOTING
20260303,50778000,11:06:18.000,20260303-AP605-00574,,AP605,target_sell,sell,10277.0,1,245,ack,,FLAT_QUOTING
20260303,50778000,11:06:18.000,20260303-AP605-00573,,AP605,target_buy,buy,10107.0,1,245,fill,interval_vwap,FLAT_QUOTING
20260303,50778000,11:06:18.000,20260303-AP605-00574,,AP605,target_sell,sell,10277.0,1,245,cancel_requested,opposite_target_fill,FLAT_QUOTING
20260303,50779000,11:06:19.000,20260303-AP605-00574,,AP605,target_sell,sell,10277.0,1,245,cancel_ack,opposite_target_fill,LONG_PENDING_HEDGE
20260303,50779000,11:06:19.000,20260303-AP605-00575,20260303-AP605-0029,AP604,hedge_entry,sell,,1,245,submit,,LONG_PENDING_HEDGE
20260303,50779000,11:06:19.000,20260303-AP605-00575,20260303-AP605-0029,AP604,hedge_entry,sell,9970.0,1,245,fill,quote_key=50779000,LONG_PENDING_HEDGE
20260303,50780000,11:06:20.000,20260303-AP605-00576,20260303-AP605-0029,AP605,target_exit,sell,,1,245,submit,,FLATTENING
20260303,50780000,11:06:20.000,20260303-AP605-00576,20260303-AP605-0029,AP605,target_exit,sell,10189.0,1,245,fill,,FLATTENING
20260303,50780000,11:06:20.000,20260303-AP605-00577,20260303-AP605-0029,AP604,hedge_exit,buy,,1,245,submit,,FLATTENING
20260303,50780000,11:06:20.000,20260303-AP605-00577,20260303-AP605-0029,AP604,hedge_exit,buy,10016.0,1,245,fill,quote_key=50780000,FLATTENING
20260303,50801000,11:06:41.000,20260303-AP605-00578,,AP605,target_buy,buy,10108.0,1,246,submit,initial_quote,FLAT_QUOTING
20260303,50801000,11:06:41.000,20260303-AP605-00579,,AP605,target_sell,sell,10278.0,1,246,submit,initial_quote,FLAT_QUOTING
20260303,50802000,11:06:42.000,20260303-AP605-00578,,AP605,target_buy,buy,10108.0,1,246,ack,,FLAT_QUOTING
20260303,50802000,11:06:42.000,20260303-AP605-00579,,AP605,target_sell,sell,10278.0,1,246,ack,,FLAT_QUOTING
20260303,50802000,11:06:42.000,20260303-AP605-00578,,AP605,target_buy,buy,10108.0,1,246,fill,interval_vwap,FLAT_QUOTING
20260303,50802000,11:06:42.000,20260303-AP605-00579,,AP605,target_sell,sell,10278.0,1,246,cancel_requested,opposite_target_fill,FLAT_QUOTING
20260303,50803000,11:06:43.000,20260303-AP605-00579,,AP605,target_sell,sell,10278.0,1,246,cancel_ack,opposite_target_fill,LONG_PENDING_HEDGE
20260303,50803000,11:06:43.000,20260303-AP605-00580,20260303-AP605-0030,AP604,hedge_entry,sell,,1,246,submit,,LONG_PENDING_HEDGE
20260303,50803000,11:06:43.000,20260303-AP605-00580,20260303-AP605-0030,AP604,hedge_entry,sell,9972.0,1,246,fill,quote_key=50803000,LONG_PENDING_HEDGE
20260303,50804000,11:06:44.000,20260303-AP605-00581,20260303-AP605-0030,AP605,target_exit,sell,,1,246,submit,,FLATTENING
20260303,50804000,11:06:44.000,20260303-AP605-00581,20260303-AP605-0030,AP605,target_exit,sell,10194.0,1,246,fill,,FLATTENING
20260303,50804000,11:06:44.000,20260303-AP605-00582,20260303-AP605-0030,AP604,hedge_exit,buy,,1,246,submit,,FLATTENING
20260303,50804000,11:06:44.000,20260303-AP605-00582,20260303-AP605-0030,AP604,hedge_exit,buy,10022.0,1,246,fill,quote_key=50804000,FLATTENING
20260303,50806000,11:06:46.000,20260303-AP605-00583,,AP605,target_buy,buy,10106.0,1,247,submit,initial_quote,FLAT_QUOTING
20260303,50806000,11:06:46.000,20260303-AP605-00584,,AP605,target_sell,sell,10276.0,1,247,submit,initial_quote,FLAT_QUOTING
20260303,50807000,11:06:47.000,20260303-AP605-00583,,AP605,target_buy,buy,10106.0,1,247,ack,,FLAT_QUOTING
20260303,50807000,11:06:47.000,20260303-AP605-00584,,AP605,target_sell,sell,10276.0,1,247,ack,,FLAT_QUOTING
20260303,50807000,11:06:47.000,20260303-AP605-00583,,AP605,target_buy,buy,10106.0,1,247,fill,interval_vwap,FLAT_QUOTING
20260303,50807000,11:06:47.000,20260303-AP605-00584,,AP605,target_sell,sell,10276.0,1,247,cancel_requested,opposite_target_fill,FLAT_QUOTING
20260303,50808000,11:06:48.000,20260303-AP605-00584,,AP605,target_sell,sell,10276.0,1,247,cancel_ack,opposite_target_fill,LONG_PENDING_HEDGE
20260303,50808000,11:06:48.000,20260303-AP605-00585,20260303-AP605-0031,AP604,hedge_entry,sell,,1,247,submit,,LONG_PENDING_HEDGE
20260303,50808000,11:06:48.000,20260303-AP605-00585,20260303-AP605-0031,AP604,hedge_entry,sell,9973.0,1,247,fill,quote_key=50807000,LONG_PENDING_HEDGE
20260303,50809000,11:06:49.000,20260303-AP605-00586,20260303-AP605-0031,AP605,target_exit,sell,,1,247,submit,,FLATTENING
20260303,50809000,11:06:49.000,20260303-AP605-00586,20260303-AP605-0031,AP605,target_exit,sell,10193.0,1,247,fill,,FLATTENING
20260303,50809000,11:06:49.000,20260303-AP605-00587,20260303-AP605-0031,AP604,hedge_exit,buy,,1,247,submit,,FLATTENING
20260303,50809000,11:06:49.000,20260303-AP605-00587,20260303-AP605-0031,AP604,hedge_exit,buy,10020.0,1,247,fill,quote_key=50809000,FLATTENING
20260303,50811000,11:06:51.000,20260303-AP605-00588,,AP605,target_buy,buy,10104.0,1,248,submit,initial_quote,FLAT_QUOTING
20260303,50811000,11:06:51.000,20260303-AP605-00589,,AP605,target_sell,sell,10274.0,1,248,submit,initial_quote,FLAT_QUOTING
20260303,50812000,11:06:52.000,20260303-AP605-00588,,AP605,target_buy,buy,10104.0,1,248,ack,,FLAT_QUOTING
20260303,50812000,11:06:52.000,20260303-AP605-00589,,AP605,target_sell,sell,10274.0,1,248,ack,,FLAT_QUOTING
20260303,50812000,11:06:52.000,20260303-AP605-00588,,AP605,target_buy,buy,10104.0,1,248,fill,interval_vwap,FLAT_QUOTING
20260303,50812000,11:06:52.000,20260303-AP605-00589,,AP605,target_sell,sell,10274.0,1,248,cancel_requested,opposite_target_fill,FLAT_QUOTING
20260303,50813000,11:06:53.000,20260303-AP605-00589,,AP605,target_sell,sell,10274.0,1,248,cancel_ack,opposite_target_fill,LONG_PENDING_HEDGE
20260303,50813000,11:06:53.000,20260303-AP605-00590,20260303-AP605-0032,AP604,hedge_entry,sell,,1,248,submit,,LONG_PENDING_HEDGE
20260303,50813000,11:06:53.000,20260303-AP605-00590,20260303-AP605-0032,AP604,hedge_entry,sell,9975.0,1,248,fill,quote_key=50812000,LONG_PENDING_HEDGE
20260303,50814000,11:06:54.000,20260303-AP605-00591,20260303-AP605-0032,AP605,target_exit,sell,,1,248,submit,,FLATTENING
20260303,50814000,11:06:54.000,20260303-AP605-00591,20260303-AP605-0032,AP605,target_exit,sell,10190.0,1,248,fill,,FLATTENING
20260303,50814000,11:06:54.000,20260303-AP605-00592,20260303-AP605-0032,AP604,hedge_exit,buy,,1,248,submit,,FLATTENING
20260303,50814000,11:06:54.000,20260303-AP605-00592,20260303-AP605-0032,AP604,hedge_exit,buy,10017.0,1,248,fill,quote_key=50814000,FLATTENING
20260303,50842000,11:07:22.000,20260303-AP605-00593,,AP605,target_buy,buy,10107.0,1,249,submit,initial_quote,FLAT_QUOTING
20260303,50842000,11:07:22.000,20260303-AP605-00594,,AP605,target_sell,sell,10277.0,1,249,submit,initial_quote,FLAT_QUOTING
20260303,50843000,11:07:23.000,20260303-AP605-00593,,AP605,target_buy,buy,10107.0,1,249,ack,,FLAT_QUOTING
20260303,50843000,11:07:23.000,20260303-AP605-00594,,AP605,target_sell,sell,10277.0,1,249,ack,,FLAT_QUOTING
20260303,50843000,11:07:23.000,20260303-AP605-00593,,AP605,target_buy,buy,10107.0,1,249,fill,interval_vwap,FLAT_QUOTING
20260303,50843000,11:07:23.000,20260303-AP605-00594,,AP605,target_sell,sell,10277.0,1,249,cancel_requested,opposite_target_fill,FLAT_QUOTING
20260303,50844000,11:07:24.000,20260303-AP605-00594,,AP605,target_sell,sell,10277.0,1,249,cancel_ack,opposite_target_fill,LONG_PENDING_HEDGE
20260303,50844000,11:07:24.000,20260303-AP605-00595,20260303-AP605-0033,AP604,hedge_entry,sell,,1,249,submit,,LONG_PENDING_HEDGE
20260303,50844000,11:07:24.000,20260303-AP605-00595,20260303-AP605-0033,AP604,hedge_entry,sell,9982.0,1,249,fill,quote_key=50841000,LONG_PENDING_HEDGE
20260303,50845000,11:07:25.000,20260303-AP605-00596,20260303-AP605-0033,AP605,target_exit,sell,,1,249,submit,,FLATTENING
20260303,50845000,11:07:25.000,20260303-AP605-00596,20260303-AP605-0033,AP605,target_exit,sell,10193.0,1,249,fill,,FLATTENING
20260303,50845000,11:07:25.000,20260303-AP605-00597,20260303-AP605-0033,AP604,hedge_exit,buy,,1,249,submit,,FLATTENING
20260303,50845000,11:07:25.000,20260303-AP605-00597,20260303-AP605-0033,AP604,hedge_exit,buy,10003.0,1,249,fill,quote_key=50845000,FLATTENING
20260303,50864000,11:07:44.000,20260303-AP605-00598,,AP605,target_buy,buy,10104.0,1,250,submit,initial_quote,FLAT_QUOTING
20260303,50864000,11:07:44.000,20260303-AP605-00599,,AP605,target_sell,sell,10274.0,1,250,submit,initial_quote,FLAT_QUOTING
20260303,50865000,11:07:45.000,20260303-AP605-00598,,AP605,target_buy,buy,10104.0,1,250,ack,,FLAT_QUOTING
20260303,50865000,11:07:45.000,20260303-AP605-00599,,AP605,target_sell,sell,10274.0,1,250,ack,,FLAT_QUOTING
20260303,50865000,11:07:45.000,20260303-AP605-00598,,AP605,target_buy,buy,10104.0,1,250,fill,interval_vwap,FLAT_QUOTING
20260303,50865000,11:07:45.000,20260303-AP605-00599,,AP605,target_sell,sell,10274.0,1,250,cancel_requested,opposite_target_fill,FLAT_QUOTING
20260303,50866000,11:07:46.000,20260303-AP605-00599,,AP605,target_sell,sell,10274.0,1,250,cancel_ack,opposite_target_fill,LONG_PENDING_HEDGE
20260303,50866000,11:07:46.000,20260303-AP605-00600,20260303-AP605-0034,AP604,hedge_entry,sell,,1,250,submit,,LONG_PENDING_HEDGE
20260303,50866000,11:07:46.000,20260303-AP605-00600,20260303-AP605-0034,AP604,hedge_entry,sell,9983.0,1,250,fill,quote_key=50866000,LONG_PENDING_HEDGE
20260303,50867000,11:07:47.000,20260303-AP605-00601,20260303-AP605-0034,AP605,target_exit,sell,,1,250,submit,,FLATTENING
20260303,50867000,11:07:47.000,20260303-AP605-00601,20260303-AP605-0034,AP605,target_exit,sell,10180.0,1,250,fill,,FLATTENING
20260303,50867000,11:07:47.000,20260303-AP605-00602,20260303-AP605-0034,AP604,hedge_exit,buy,,1,250,submit,,FLATTENING
20260303,50867000,11:07:47.000,20260303-AP605-00602,20260303-AP605-0034,AP604,hedge_exit,buy,10001.0,1,250,fill,quote_key=50867000,FLATTENING
20260303,50869000,11:07:49.000,20260303-AP605-00603,,AP605,target_buy,buy,10105.0,1,251,submit,initial_quote,FLAT_QUOTING
20260303,50869000,11:07:49.000,20260303-AP605-00604,,AP605,target_sell,sell,10275.0,1,251,submit,initial_quote,FLAT_QUOTING
20260303,50870000,11:07:50.000,20260303-AP605-00603,,AP605,target_buy,buy,10105.0,1,251,ack,,FLAT_QUOTING
20260303,50870000,11:07:50.000,20260303-AP605-00604,,AP605,target_sell,sell,10275.0,1,251,ack,,FLAT_QUOTING
20260303,50870000,11:07:50.000,20260303-AP605-00603,,AP605,target_buy,buy,10105.0,1,251,fill,interval_vwap,FLAT_QUOTING
20260303,50870000,11:07:50.000,20260303-AP605-00604,,AP605,target_sell,sell,10275.0,1,251,cancel_requested,opposite_target_fill,FLAT_QUOTING
20260303,50871000,11:07:51.000,20260303-AP605-00604,,AP605,target_sell,sell,10275.0,1,251,cancel_ack,opposite_target_fill,LONG_PENDING_HEDGE
20260303,50871000,11:07:51.000,20260303-AP605-00605,20260303-AP605-0035,AP604,hedge_entry,sell,,1,251,submit,,LONG_PENDING_HEDGE
20260303,50871000,11:07:51.000,20260303-AP605-00605,20260303-AP605-0035,AP604,hedge_entry,sell,9982.0,1,251,fill,quote_key=50871000,LONG_PENDING_HEDGE
20260303,50872000,11:07:52.000,20260303-AP605-00606,20260303-AP605-0035,AP605,target_exit,sell,,1,251,submit,,FLATTENING
20260303,50872000,11:07:52.000,20260303-AP605-00606,20260303-AP605-0035,AP605,target_exit,sell,10172.0,1,251,fill,,FLATTENING
20260303,50872000,11:07:52.000,20260303-AP605-00607,20260303-AP605-0035,AP604,hedge_exit,buy,,1,251,submit,,FLATTENING
20260303,50872000,11:07:52.000,20260303-AP605-00607,20260303-AP605-0035,AP604,hedge_exit,buy,9998.0,1,251,fill,quote_key=50872000,FLATTENING
20260303,50874000,11:07:54.000,20260303-AP605-00608,,AP605,target_buy,buy,10103.0,1,252,submit,initial_quote,FLAT_QUOTING
20260303,50874000,11:07:54.000,20260303-AP605-00609,,AP605,target_sell,sell,10273.0,1,252,submit,initial_quote,FLAT_QUOTING
20260303,50875000,11:07:55.000,20260303-AP605-00608,,AP605,target_buy,buy,10103.0,1,252,ack,,FLAT_QUOTING
20260303,50875000,11:07:55.000,20260303-AP605-00609,,AP605,target_sell,sell,10273.0,1,252,ack,,FLAT_QUOTING
20260303,50875000,11:07:55.000,20260303-AP605-00608,,AP605,target_buy,buy,10103.0,1,252,fill,interval_vwap,FLAT_QUOTING
20260303,50875000,11:07:55.000,20260303-AP605-00609,,AP605,target_sell,sell,10273.0,1,252,cancel_requested,opposite_target_fill,FLAT_QUOTING
20260303,50876000,11:07:56.000,20260303-AP605-00609,,AP605,target_sell,sell,10273.0,1,252,cancel_ack,opposite_target_fill,LONG_PENDING_HEDGE
20260303,50876000,11:07:56.000,20260303-AP605-00610,20260303-AP605-0036,AP604,hedge_entry,sell,,1,252,submit,,LONG_PENDING_HEDGE
20260303,50876000,11:07:56.000,20260303-AP605-00610,20260303-AP605-0036,AP604,hedge_entry,sell,9982.0,1,252,fill,quote_key=50876000,LONG_PENDING_HEDGE
20260303,50877000,11:07:57.000,20260303-AP605-00611,20260303-AP605-0036,AP605,target_exit,sell,,1,252,submit,,FLATTENING
20260303,50877000,11:07:57.000,20260303-AP605-00611,20260303-AP605-0036,AP605,target_exit,sell,10176.0,1,252,fill,,FLATTENING
20260303,50877000,11:07:57.000,20260303-AP605-00612,20260303-AP605-0036,AP604,hedge_exit,buy,,1,252,submit,,FLATTENING
20260303,50877000,11:07:57.000,20260303-AP605-00612,20260303-AP605-0036,AP604,hedge_exit,buy,9998.0,1,252,fill,quote_key=50877000,FLATTENING
20260303,51090000,11:11:30.000,20260303-AP605-00613,,AP605,target_buy,buy,10123.0,1,253,submit,initial_quote,FLAT_QUOTING
20260303,51090000,11:11:30.000,20260303-AP605-00614,,AP605,target_sell,sell,10293.0,1,253,submit,initial_quote,FLAT_QUOTING
20260303,51091000,11:11:31.000,20260303-AP605-00613,,AP605,target_buy,buy,10123.0,1,253,ack,,FLAT_QUOTING
20260303,51091000,11:11:31.000,20260303-AP605-00614,,AP605,target_sell,sell,10293.0,1,253,ack,,FLAT_QUOTING
20260303,51091000,11:11:31.000,20260303-AP605-00613,,AP605,target_buy,buy,10123.0,1,253,fill,interval_vwap,FLAT_QUOTING
20260303,51091000,11:11:31.000,20260303-AP605-00614,,AP605,target_sell,sell,10293.0,1,253,cancel_requested,opposite_target_fill,FLAT_QUOTING
20260303,51092000,11:11:32.000,20260303-AP605-00614,,AP605,target_sell,sell,10293.0,1,253,cancel_ack,opposite_target_fill,LONG_PENDING_HEDGE
20260303,51092000,11:11:32.000,20260303-AP605-00615,20260303-AP605-0037,AP604,hedge_entry,sell,,1,253,submit,,LONG_PENDING_HEDGE
20260303,51092000,11:11:32.000,20260303-AP605-00615,20260303-AP605-0037,AP604,hedge_entry,sell,9956.0,1,253,fill,quote_key=51092000,LONG_PENDING_HEDGE
20260303,51093000,11:11:33.000,20260303-AP605-00616,20260303-AP605-0037,AP605,target_exit,sell,,1,253,submit,,FLATTENING
20260303,51093000,11:11:33.000,20260303-AP605-00616,20260303-AP605-0037,AP605,target_exit,sell,10209.0,1,253,fill,,FLATTENING
20260303,51093000,11:11:33.000,20260303-AP605-00617,20260303-AP605-0037,AP604,hedge_exit,buy,,1,253,submit,,FLATTENING
20260303,51093000,11:11:33.000,20260303-AP605-00617,20260303-AP605-0037,AP604,hedge_exit,buy,9986.0,1,253,fill,quote_key=51093000,FLATTENING
20260303,51095000,11:11:35.000,20260303-AP605-00618,,AP605,target_buy,buy,10114.0,1,254,submit,initial_quote,FLAT_QUOTING
20260303,51095000,11:11:35.000,20260303-AP605-00619,,AP605,target_sell,sell,10284.0,1,254,submit,initial_quote,FLAT_QUOTING
20260303,51096000,11:11:36.000,20260303-AP605-00618,,AP605,target_buy,buy,10114.0,1,254,ack,,FLAT_QUOTING
20260303,51096000,11:11:36.000,20260303-AP605-00619,,AP605,target_sell,sell,10284.0,1,254,ack,,FLAT_QUOTING
20260303,51096000,11:11:36.000,20260303-AP605-00618,,AP605,target_buy,buy,10114.0,1,254,fill,interval_vwap,FLAT_QUOTING
20260303,51096000,11:11:36.000,20260303-AP605-00619,,AP605,target_sell,sell,10284.0,1,254,cancel_requested,opposite_target_fill,FLAT_QUOTING
20260303,51097000,11:11:37.000,20260303-AP605-00619,,AP605,target_sell,sell,10284.0,1,254,cancel_ack,opposite_target_fill,LONG_PENDING_HEDGE
20260303,51097000,11:11:37.000,20260303-AP605-00620,20260303-AP605-0038,AP604,hedge_entry,sell,,1,254,submit,,LONG_PENDING_HEDGE
20260303,51097000,11:11:37.000,20260303-AP605-00620,20260303-AP605-0038,AP604,hedge_entry,sell,9953.0,1,254,fill,quote_key=51097000,LONG_PENDING_HEDGE
20260303,51098000,11:11:38.000,20260303-AP605-00621,20260303-AP605-0038,AP605,target_exit,sell,,1,254,submit,,FLATTENING
20260303,51098000,11:11:38.000,20260303-AP605-00621,20260303-AP605-0038,AP605,target_exit,sell,10208.0,1,254,fill,,FLATTENING
20260303,51098000,11:11:38.000,20260303-AP605-00622,20260303-AP605-0038,AP604,hedge_exit,buy,,1,254,submit,,FLATTENING
20260303,51098000,11:11:38.000,20260303-AP605-00622,20260303-AP605-0038,AP604,hedge_exit,buy,9984.0,1,254,fill,quote_key=51098000,FLATTENING
20260303,51100000,11:11:40.000,20260303-AP605-00623,,AP605,target_buy,buy,10117.0,1,255,submit,initial_quote,FLAT_QUOTING
20260303,51100000,11:11:40.000,20260303-AP605-00624,,AP605,target_sell,sell,10287.0,1,255,submit,initial_quote,FLAT_QUOTING
20260303,51101000,11:11:41.000,20260303-AP605-00623,,AP605,target_buy,buy,10117.0,1,255,ack,,FLAT_QUOTING
20260303,51101000,11:11:41.000,20260303-AP605-00624,,AP605,target_sell,sell,10287.0,1,255,ack,,FLAT_QUOTING
20260303,51101000,11:11:41.000,20260303-AP605-00623,,AP605,target_buy,buy,10117.0,1,255,fill,interval_vwap,FLAT_QUOTING
20260303,51101000,11:11:41.000,20260303-AP605-00624,,AP605,target_sell,sell,10287.0,1,255,cancel_requested,opposite_target_fill,FLAT_QUOTING
20260303,51102000,11:11:42.000,20260303-AP605-00624,,AP605,target_sell,sell,10287.0,1,255,cancel_ack,opposite_target_fill,LONG_PENDING_HEDGE
20260303,51102000,11:11:42.000,20260303-AP605-00625,20260303-AP605-0039,AP604,hedge_entry,sell,,1,255,submit,,LONG_PENDING_HEDGE
20260303,51102000,11:11:42.000,20260303-AP605-00625,20260303-AP605-0039,AP604,hedge_entry,sell,9951.0,1,255,fill,quote_key=51102000,LONG_PENDING_HEDGE
20260303,51103000,11:11:43.000,20260303-AP605-00626,20260303-AP605-0039,AP605,target_exit,sell,,1,255,submit,,FLATTENING
20260303,51103000,11:11:43.000,20260303-AP605-00626,20260303-AP605-0039,AP605,target_exit,sell,10206.0,1,255,fill,,FLATTENING
20260303,51103000,11:11:43.000,20260303-AP605-00627,20260303-AP605-0039,AP604,hedge_exit,buy,,1,255,submit,,FLATTENING
20260303,51103000,11:11:43.000,20260303-AP605-00627,20260303-AP605-0039,AP604,hedge_exit,buy,9981.0,1,255,fill,quote_key=51103000,FLATTENING
20260303,51105000,11:11:45.000,20260303-AP605-00628,,AP605,target_buy,buy,10117.0,1,256,submit,initial_quote,FLAT_QUOTING
20260303,51105000,11:11:45.000,20260303-AP605-00629,,AP605,target_sell,sell,10287.0,1,256,submit,initial_quote,FLAT_QUOTING
20260303,51106000,11:11:46.000,20260303-AP605-00628,,AP605,target_buy,buy,10117.0,1,256,ack,,FLAT_QUOTING
20260303,51106000,11:11:46.000,20260303-AP605-00629,,AP605,target_sell,sell,10287.0,1,256,ack,,FLAT_QUOTING
20260303,51106000,11:11:46.000,20260303-AP605-00628,,AP605,target_buy,buy,10117.0,1,256,fill,interval_vwap,FLAT_QUOTING
20260303,51106000,11:11:46.000,20260303-AP605-00629,,AP605,target_sell,sell,10287.0,1,256,cancel_requested,opposite_target_fill,FLAT_QUOTING
20260303,51107000,11:11:47.000,20260303-AP605-00629,,AP605,target_sell,sell,10287.0,1,256,cancel_ack,opposite_target_fill,LONG_PENDING_HEDGE
20260303,51107000,11:11:47.000,20260303-AP605-00630,20260303-AP605-0040,AP604,hedge_entry,sell,,1,256,submit,,LONG_PENDING_HEDGE
20260303,51107000,11:11:47.000,20260303-AP605-00630,20260303-AP605-0040,AP604,hedge_entry,sell,9954.0,1,256,fill,quote_key=51107000,LONG_PENDING_HEDGE
20260303,51108000,11:11:48.000,20260303-AP605-00631,20260303-AP605-0040,AP605,target_exit,sell,,1,256,submit,,FLATTENING
20260303,51108000,11:11:48.000,20260303-AP605-00631,20260303-AP605-0040,AP605,target_exit,sell,10209.0,1,256,fill,,FLATTENING
20260303,51108000,11:11:48.000,20260303-AP605-00632,20260303-AP605-0040,AP604,hedge_exit,buy,,1,256,submit,,FLATTENING
20260303,51108000,11:11:48.000,20260303-AP605-00632,20260303-AP605-0040,AP604,hedge_exit,buy,9984.0,1,256,fill,quote_key=51108000,FLATTENING
20260303,51153000,11:12:33.000,20260303-AP605-00633,,AP605,target_buy,buy,10142.0,1,257,submit,initial_quote,FLAT_QUOTING
20260303,51153000,11:12:33.000,20260303-AP605-00634,,AP605,target_sell,sell,10312.0,1,257,submit,initial_quote,FLAT_QUOTING
20260303,51154000,11:12:34.000,20260303-AP605-00633,,AP605,target_buy,buy,10142.0,1,257,ack,,FLAT_QUOTING
20260303,51154000,11:12:34.000,20260303-AP605-00634,,AP605,target_sell,sell,10312.0,1,257,ack,,FLAT_QUOTING
20260303,51154000,11:12:34.000,20260303-AP605-00633,,AP605,target_buy,buy,10142.0,1,257,fill,interval_vwap,FLAT_QUOTING
20260303,51154000,11:12:34.000,20260303-AP605-00634,,AP605,target_sell,sell,10312.0,1,257,cancel_requested,opposite_target_fill,FLAT_QUOTING
20260303,51155000,11:12:35.000,20260303-AP605-00634,,AP605,target_sell,sell,10312.0,1,257,cancel_ack,opposite_target_fill,LONG_PENDING_HEDGE
20260303,51155000,11:12:35.000,20260303-AP605-00635,20260303-AP605-0041,AP604,hedge_entry,sell,,1,257,submit,,LONG_PENDING_HEDGE
20260303,51155000,11:12:35.000,20260303-AP605-00635,20260303-AP605-0041,AP604,hedge_entry,sell,9972.0,1,257,fill,quote_key=51155000,LONG_PENDING_HEDGE
20260303,51156000,11:12:36.000,20260303-AP605-00636,20260303-AP605-0041,AP605,target_exit,sell,,1,257,submit,,FLATTENING
20260303,51156000,11:12:36.000,20260303-AP605-00636,20260303-AP605-0041,AP605,target_exit,sell,10231.0,1,257,fill,,FLATTENING
20260303,51156000,11:12:36.000,20260303-AP605-00637,20260303-AP605-0041,AP604,hedge_exit,buy,,1,257,submit,,FLATTENING
20260303,51156000,11:12:36.000,20260303-AP605-00637,20260303-AP605-0041,AP604,hedge_exit,buy,10007.0,1,257,fill,quote_key=51156000,FLATTENING
20260303,51158000,11:12:38.000,20260303-AP605-00638,,AP605,target_buy,buy,10152.0,1,258,submit,initial_quote,FLAT_QUOTING
20260303,51158000,11:12:38.000,20260303-AP605-00639,,AP605,target_sell,sell,10322.0,1,258,submit,initial_quote,FLAT_QUOTING
20260303,51159000,11:12:39.000,20260303-AP605-00638,,AP605,target_buy,buy,10152.0,1,258,ack,,FLAT_QUOTING
20260303,51159000,11:12:39.000,20260303-AP605-00639,,AP605,target_sell,sell,10322.0,1,258,ack,,FLAT_QUOTING
20260303,51159000,11:12:39.000,20260303-AP605-00638,,AP605,target_buy,buy,10152.0,1,258,fill,interval_vwap,FLAT_QUOTING
20260303,51159000,11:12:39.000,20260303-AP605-00639,,AP605,target_sell,sell,10322.0,1,258,cancel_requested,opposite_target_fill,FLAT_QUOTING
20260303,51160000,11:12:40.000,20260303-AP605-00639,,AP605,target_sell,sell,10322.0,1,258,cancel_ack,opposite_target_fill,LONG_PENDING_HEDGE
20260303,51160000,11:12:40.000,20260303-AP605-00640,20260303-AP605-0042,AP604,hedge_entry,sell,,1,258,submit,,LONG_PENDING_HEDGE
20260303,51160000,11:12:40.000,20260303-AP605-00640,20260303-AP605-0042,AP604,hedge_entry,sell,9987.0,1,258,fill,quote_key=51160000,LONG_PENDING_HEDGE
20260303,51161000,11:12:41.000,20260303-AP605-00641,20260303-AP605-0042,AP605,target_exit,sell,,1,258,submit,,FLATTENING
20260303,51161000,11:12:41.000,20260303-AP605-00641,20260303-AP605-0042,AP605,target_exit,sell,10240.0,1,258,fill,,FLATTENING
20260303,51161000,11:12:41.000,20260303-AP605-00642,20260303-AP605-0042,AP604,hedge_exit,buy,,1,258,submit,,FLATTENING
20260303,51161000,11:12:41.000,20260303-AP605-00642,20260303-AP605-0042,AP604,hedge_exit,buy,10015.0,1,258,fill,quote_key=51161000,FLATTENING
20260303,51163000,11:12:43.000,20260303-AP605-00643,,AP605,target_buy,buy,10151.0,1,259,submit,initial_quote,FLAT_QUOTING
20260303,51163000,11:12:43.000,20260303-AP605-00644,,AP605,target_sell,sell,10321.0,1,259,submit,initial_quote,FLAT_QUOTING
20260303,51164000,11:12:44.000,20260303-AP605-00643,,AP605,target_buy,buy,10151.0,1,259,ack,,FLAT_QUOTING
20260303,51164000,11:12:44.000,20260303-AP605-00644,,AP605,target_sell,sell,10321.0,1,259,ack,,FLAT_QUOTING
20260303,51164000,11:12:44.000,20260303-AP605-00643,,AP605,target_buy,buy,10151.0,1,259,fill,interval_vwap,FLAT_QUOTING
20260303,51164000,11:12:44.000,20260303-AP605-00644,,AP605,target_sell,sell,10321.0,1,259,cancel_requested,opposite_target_fill,FLAT_QUOTING
20260303,51165000,11:12:45.000,20260303-AP605-00644,,AP605,target_sell,sell,10321.0,1,259,cancel_ack,opposite_target_fill,LONG_PENDING_HEDGE
20260303,51165000,11:12:45.000,20260303-AP605-00645,20260303-AP605-0043,AP604,hedge_entry,sell,,1,259,submit,,LONG_PENDING_HEDGE
20260303,51165000,11:12:45.000,20260303-AP605-00645,20260303-AP605-0043,AP604,hedge_entry,sell,9985.0,1,259,fill,quote_key=51165000,LONG_PENDING_HEDGE
20260303,51166000,11:12:46.000,20260303-AP605-00646,20260303-AP605-0043,AP605,target_exit,sell,,1,259,submit,,FLATTENING
20260303,51166000,11:12:46.000,20260303-AP605-00646,20260303-AP605-0043,AP605,target_exit,sell,10242.0,1,259,fill,,FLATTENING
20260303,51166000,11:12:46.000,20260303-AP605-00647,20260303-AP605-0043,AP604,hedge_exit,buy,,1,259,submit,,FLATTENING
20260303,51166000,11:12:46.000,20260303-AP605-00647,20260303-AP605-0043,AP604,hedge_exit,buy,10006.0,1,259,fill,quote_key=51166000,FLATTENING
20260303,51168000,11:12:48.000,20260303-AP605-00648,,AP605,target_buy,buy,10155.0,1,260,submit,initial_quote,FLAT_QUOTING
20260303,51168000,11:12:48.000,20260303-AP605-00649,,AP605,target_sell,sell,10325.0,1,260,submit,initial_quote,FLAT_QUOTING
20260303,51169000,11:12:49.000,20260303-AP605-00648,,AP605,target_buy,buy,10155.0,1,260,ack,,FLAT_QUOTING
20260303,51169000,11:12:49.000,20260303-AP605-00649,,AP605,target_sell,sell,10325.0,1,260,ack,,FLAT_QUOTING
20260303,51169000,11:12:49.000,20260303-AP605-00648,,AP605,target_buy,buy,10155.0,1,260,fill,interval_vwap,FLAT_QUOTING
20260303,51169000,11:12:49.000,20260303-AP605-00649,,AP605,target_sell,sell,10325.0,1,260,cancel_requested,opposite_target_fill,FLAT_QUOTING
20260303,51170000,11:12:50.000,20260303-AP605-00649,,AP605,target_sell,sell,10325.0,1,260,cancel_ack,opposite_target_fill,LONG_PENDING_HEDGE
20260303,51170000,11:12:50.000,20260303-AP605-00650,20260303-AP605-0044,AP604,hedge_entry,sell,,1,260,submit,,LONG_PENDING_HEDGE
20260303,51170000,11:12:50.000,20260303-AP605-00650,20260303-AP605-0044,AP604,hedge_entry,sell,9978.0,1,260,fill,quote_key=51170000,LONG_PENDING_HEDGE
20260303,51171000,11:12:51.000,20260303-AP605-00651,20260303-AP605-0044,AP605,target_exit,sell,,1,260,submit,,FLATTENING
20260303,51171000,11:12:51.000,20260303-AP605-00651,20260303-AP605-0044,AP605,target_exit,sell,10230.0,1,260,fill,,FLATTENING
20260303,51171000,11:12:51.000,20260303-AP605-00652,20260303-AP605-0044,AP604,hedge_exit,buy,,1,260,submit,,FLATTENING
20260303,51171000,11:12:51.000,20260303-AP605-00652,20260303-AP605-0044,AP604,hedge_exit,buy,9995.0,1,260,fill,quote_key=51171000,FLATTENING
20260303,51216000,11:13:36.000,20260303-AP605-00653,,AP605,target_buy,buy,10121.0,1,261,submit,initial_quote,FLAT_QUOTING
20260303,51216000,11:13:36.000,20260303-AP605-00654,,AP605,target_sell,sell,10291.0,1,261,submit,initial_quote,FLAT_QUOTING
20260303,51217000,11:13:37.000,20260303-AP605-00653,,AP605,target_buy,buy,10121.0,1,261,ack,,FLAT_QUOTING
20260303,51217000,11:13:37.000,20260303-AP605-00654,,AP605,target_sell,sell,10291.0,1,261,ack,,FLAT_QUOTING
20260303,51217000,11:13:37.000,20260303-AP605-00653,,AP605,target_buy,buy,10121.0,1,261,fill,interval_vwap,FLAT_QUOTING
20260303,51217000,11:13:37.000,20260303-AP605-00654,,AP605,target_sell,sell,10291.0,1,261,cancel_requested,opposite_target_fill,FLAT_QUOTING
20260303,51218000,11:13:38.000,20260303-AP605-00654,,AP605,target_sell,sell,10291.0,1,261,cancel_ack,opposite_target_fill,LONG_PENDING_HEDGE
20260303,51218000,11:13:38.000,20260303-AP605-00655,20260303-AP605-0045,AP604,hedge_entry,sell,,1,261,submit,,LONG_PENDING_HEDGE
20260303,51218000,11:13:38.000,20260303-AP605-00655,20260303-AP605-0045,AP604,hedge_entry,sell,9941.0,1,261,fill,quote_key=51218000,LONG_PENDING_HEDGE
20260303,51219000,11:13:39.000,20260303-AP605-00656,20260303-AP605-0045,AP605,target_exit,sell,,1,261,submit,,FLATTENING
20260303,51219000,11:13:39.000,20260303-AP605-00656,20260303-AP605-0045,AP605,target_exit,sell,10219.0,1,261,fill,,FLATTENING
20260303,51219000,11:13:39.000,20260303-AP605-00657,20260303-AP605-0045,AP604,hedge_exit,buy,,1,261,submit,,FLATTENING
20260303,51219000,11:13:39.000,20260303-AP605-00657,20260303-AP605-0045,AP604,hedge_exit,buy,9951.0,1,261,fill,quote_key=51219000,FLATTENING
20260303,51232000,11:13:52.000,20260303-AP605-00658,,AP605,target_buy,buy,10124.0,1,262,submit,initial_quote,FLAT_QUOTING
20260303,51232000,11:13:52.000,20260303-AP605-00659,,AP605,target_sell,sell,10294.0,1,262,submit,initial_quote,FLAT_QUOTING
20260303,51233000,11:13:53.000,20260303-AP605-00658,,AP605,target_buy,buy,10124.0,1,262,ack,,FLAT_QUOTING
20260303,51233000,11:13:53.000,20260303-AP605-00659,,AP605,target_sell,sell,10294.0,1,262,ack,,FLAT_QUOTING
20260303,51233000,11:13:53.000,20260303-AP605-00658,,AP605,target_buy,buy,10124.0,1,262,fill,interval_vwap,FLAT_QUOTING
20260303,51233000,11:13:53.000,20260303-AP605-00659,,AP605,target_sell,sell,10294.0,1,262,cancel_requested,opposite_target_fill,FLAT_QUOTING
20260303,51234000,11:13:54.000,20260303-AP605-00659,,AP605,target_sell,sell,10294.0,1,262,cancel_ack,opposite_target_fill,LONG_PENDING_HEDGE
20260303,51234000,11:13:54.000,20260303-AP605-00660,20260303-AP605-0046,AP604,hedge_entry,sell,,1,262,submit,,LONG_PENDING_HEDGE
20260303,51234000,11:13:54.000,20260303-AP605-00660,20260303-AP605-0046,AP604,hedge_entry,sell,9936.0,1,262,fill,quote_key=51234000,LONG_PENDING_HEDGE
20260303,51235000,11:13:55.000,20260303-AP605-00661,20260303-AP605-0046,AP605,target_exit,sell,,1,262,submit,,FLATTENING
20260303,51235000,11:13:55.000,20260303-AP605-00661,20260303-AP605-0046,AP605,target_exit,sell,10210.0,1,262,fill,,FLATTENING
20260303,51235000,11:13:55.000,20260303-AP605-00662,20260303-AP605-0046,AP604,hedge_exit,buy,,1,262,submit,,FLATTENING
20260303,51235000,11:13:55.000,20260303-AP605-00662,20260303-AP605-0046,AP604,hedge_exit,buy,9980.0,1,262,fill,quote_key=51235000,FLATTENING
20260303,51237000,11:13:57.000,20260303-AP605-00663,,AP605,target_buy,buy,10120.0,1,263,submit,initial_quote,FLAT_QUOTING
20260303,51237000,11:13:57.000,20260303-AP605-00664,,AP605,target_sell,sell,10290.0,1,263,submit,initial_quote,FLAT_QUOTING
20260303,51238000,11:13:58.000,20260303-AP605-00663,,AP605,target_buy,buy,10120.0,1,263,ack,,FLAT_QUOTING
20260303,51238000,11:13:58.000,20260303-AP605-00664,,AP605,target_sell,sell,10290.0,1,263,ack,,FLAT_QUOTING
20260303,51238000,11:13:58.000,20260303-AP605-00663,,AP605,target_buy,buy,10120.0,1,263,fill,interval_vwap,FLAT_QUOTING
20260303,51238000,11:13:58.000,20260303-AP605-00664,,AP605,target_sell,sell,10290.0,1,263,cancel_requested,opposite_target_fill,FLAT_QUOTING
20260303,51239000,11:13:59.000,20260303-AP605-00664,,AP605,target_sell,sell,10290.0,1,263,cancel_ack,opposite_target_fill,LONG_PENDING_HEDGE
20260303,51239000,11:13:59.000,20260303-AP605-00665,20260303-AP605-0047,AP604,hedge_entry,sell,,1,263,submit,,LONG_PENDING_HEDGE
20260303,51239000,11:13:59.000,20260303-AP605-00665,20260303-AP605-0047,AP604,hedge_entry,sell,9944.0,1,263,fill,quote_key=51239000,LONG_PENDING_HEDGE
20260303,51240000,11:14:00.000,20260303-AP605-00666,20260303-AP605-0047,AP605,target_exit,sell,,1,263,submit,,FLATTENING
20260303,51240000,11:14:00.000,20260303-AP605-00666,20260303-AP605-0047,AP605,target_exit,sell,10211.0,1,263,fill,,FLATTENING
20260303,51240000,11:14:00.000,20260303-AP605-00667,20260303-AP605-0047,AP604,hedge_exit,buy,,1,263,submit,,FLATTENING
20260303,51240000,11:14:00.000,20260303-AP605-00667,20260303-AP605-0047,AP604,hedge_exit,buy,9979.0,1,263,fill,quote_key=51240000,FLATTENING
20260303,51242000,11:14:02.000,20260303-AP605-00668,,AP605,target_buy,buy,10125.0,1,264,submit,initial_quote,FLAT_QUOTING
20260303,51242000,11:14:02.000,20260303-AP605-00669,,AP605,target_sell,sell,10295.0,1,264,submit,initial_quote,FLAT_QUOTING
20260303,51243000,11:14:03.000,20260303-AP605-00668,,AP605,target_buy,buy,10125.0,1,264,ack,,FLAT_QUOTING
20260303,51243000,11:14:03.000,20260303-AP605-00669,,AP605,target_sell,sell,10295.0,1,264,ack,,FLAT_QUOTING
20260303,51243000,11:14:03.000,20260303-AP605-00668,,AP605,target_buy,buy,10125.0,1,264,fill,interval_vwap,FLAT_QUOTING
20260303,51243000,11:14:03.000,20260303-AP605-00669,,AP605,target_sell,sell,10295.0,1,264,cancel_requested,opposite_target_fill,FLAT_QUOTING
20260303,51244000,11:14:04.000,20260303-AP605-00669,,AP605,target_sell,sell,10295.0,1,264,cancel_ack,opposite_target_fill,LONG_PENDING_HEDGE
20260303,51244000,11:14:04.000,20260303-AP605-00670,20260303-AP605-0048,AP604,hedge_entry,sell,,1,264,submit,,LONG_PENDING_HEDGE
20260303,51244000,11:14:04.000,20260303-AP605-00670,20260303-AP605-0048,AP604,hedge_entry,sell,9945.0,1,264,fill,quote_key=51244000,LONG_PENDING_HEDGE
20260303,51245000,11:14:05.000,20260303-AP605-00671,20260303-AP605-0048,AP605,target_exit,sell,,1,264,submit,,FLATTENING
20260303,51245000,11:14:05.000,20260303-AP605-00671,20260303-AP605-0048,AP605,target_exit,sell,10217.0,1,264,fill,,FLATTENING
20260303,51245000,11:14:05.000,20260303-AP605-00672,20260303-AP605-0048,AP604,hedge_exit,buy,,1,264,submit,,FLATTENING
20260303,51245000,11:14:05.000,20260303-AP605-00672,20260303-AP605-0048,AP604,hedge_exit,buy,9986.0,1,264,fill,quote_key=51245000,FLATTENING
20260303,51279000,11:14:39.000,20260303-AP605-00673,,AP605,target_buy,buy,10121.0,1,265,submit,initial_quote,FLAT_QUOTING
20260303,51279000,11:14:39.000,20260303-AP605-00674,,AP605,target_sell,sell,10291.0,1,265,submit,initial_quote,FLAT_QUOTING
20260303,51280000,11:14:40.000,20260303-AP605-00673,,AP605,target_buy,buy,10121.0,1,265,ack,,FLAT_QUOTING
20260303,51280000,11:14:40.000,20260303-AP605-00674,,AP605,target_sell,sell,10291.0,1,265,ack,,FLAT_QUOTING
20260303,51280000,11:14:40.000,20260303-AP605-00673,,AP605,target_buy,buy,10121.0,1,265,fill,interval_vwap,FLAT_QUOTING
20260303,51280000,11:14:40.000,20260303-AP605-00674,,AP605,target_sell,sell,10291.0,1,265,cancel_requested,opposite_target_fill,FLAT_QUOTING
20260303,51281000,11:14:41.000,20260303-AP605-00674,,AP605,target_sell,sell,10291.0,1,265,cancel_ack,opposite_target_fill,LONG_PENDING_HEDGE
20260303,51281000,11:14:41.000,20260303-AP605-00675,20260303-AP605-0049,AP604,hedge_entry,sell,,1,265,submit,,LONG_PENDING_HEDGE
20260303,51281000,11:14:41.000,20260303-AP605-00675,20260303-AP605-0049,AP604,hedge_entry,sell,9970.0,1,265,fill,quote_key=51281000,LONG_PENDING_HEDGE
20260303,51282000,11:14:42.000,20260303-AP605-00676,20260303-AP605-0049,AP605,target_exit,sell,,1,265,submit,,FLATTENING
20260303,51282000,11:14:42.000,20260303-AP605-00676,20260303-AP605-0049,AP605,target_exit,sell,10199.0,1,265,fill,,FLATTENING
20260303,51282000,11:14:42.000,20260303-AP605-00677,20260303-AP605-0049,AP604,hedge_exit,buy,,1,265,submit,,FLATTENING
20260303,51282000,11:14:42.000,20260303-AP605-00677,20260303-AP605-0049,AP604,hedge_exit,buy,9974.0,1,265,fill,quote_key=51282000,FLATTENING
20260303,51350000,11:15:50.000,20260303-AP605-00678,,AP605,target_buy,buy,10091.0,1,266,submit,initial_quote,FLAT_QUOTING
20260303,51350000,11:15:50.000,20260303-AP605-00679,,AP605,target_sell,sell,10261.0,1,266,submit,initial_quote,FLAT_QUOTING
20260303,51351000,11:15:51.000,20260303-AP605-00678,,AP605,target_buy,buy,10091.0,1,266,ack,,FLAT_QUOTING
20260303,51351000,11:15:51.000,20260303-AP605-00679,,AP605,target_sell,sell,10261.0,1,266,ack,,FLAT_QUOTING
20260303,51351000,11:15:51.000,20260303-AP605-00678,,AP605,target_buy,buy,10091.0,1,266,fill,interval_vwap,FLAT_QUOTING
20260303,51351000,11:15:51.000,20260303-AP605-00679,,AP605,target_sell,sell,10261.0,1,266,cancel_requested,opposite_target_fill,FLAT_QUOTING
20260303,51352000,11:15:52.000,20260303-AP605-00679,,AP605,target_sell,sell,10261.0,1,266,cancel_ack,opposite_target_fill,LONG_PENDING_HEDGE
20260303,51352000,11:15:52.000,20260303-AP605-00680,20260303-AP605-0050,AP604,hedge_entry,sell,,1,266,submit,,LONG_PENDING_HEDGE
20260303,51352000,11:15:52.000,20260303-AP605-00680,20260303-AP605-0050,AP604,hedge_entry,sell,9919.0,1,266,fill,quote_key=51352000,LONG_PENDING_HEDGE
20260303,51353000,11:15:53.000,20260303-AP605-00681,20260303-AP605-0050,AP605,target_exit,sell,,1,266,submit,,FLATTENING
20260303,51353000,11:15:53.000,20260303-AP605-00681,20260303-AP605-0050,AP605,target_exit,sell,10165.0,1,266,fill,,FLATTENING
20260303,51353000,11:15:53.000,20260303-AP605-00682,20260303-AP605-0050,AP604,hedge_exit,buy,,1,266,submit,,FLATTENING
20260303,51353000,11:15:53.000,20260303-AP605-00682,20260303-AP605-0050,AP604,hedge_exit,buy,9958.0,1,266,fill,quote_key=51353000,FLATTENING
20260303,51385000,11:16:25.000,20260303-AP605-00683,,AP605,target_buy,buy,10081.0,1,267,submit,initial_quote,FLAT_QUOTING
20260303,51385000,11:16:25.000,20260303-AP605-00684,,AP605,target_sell,sell,10251.0,1,267,submit,initial_quote,FLAT_QUOTING
20260303,51386000,11:16:26.000,20260303-AP605-00683,,AP605,target_buy,buy,10081.0,1,267,ack,,FLAT_QUOTING
20260303,51386000,11:16:26.000,20260303-AP605-00684,,AP605,target_sell,sell,10251.0,1,267,ack,,FLAT_QUOTING
20260303,51386000,11:16:26.000,20260303-AP605-00683,,AP605,target_buy,buy,10081.0,1,267,fill,interval_vwap,FLAT_QUOTING
20260303,51386000,11:16:26.000,20260303-AP605-00684,,AP605,target_sell,sell,10251.0,1,267,cancel_requested,opposite_target_fill,FLAT_QUOTING
20260303,51387000,11:16:27.000,20260303-AP605-00684,,AP605,target_sell,sell,10251.0,1,267,cancel_ack,opposite_target_fill,LONG_PENDING_HEDGE
20260303,51387000,11:16:27.000,20260303-AP605-00685,20260303-AP605-0051,AP604,hedge_entry,sell,,1,267,submit,,LONG_PENDING_HEDGE
20260303,51387000,11:16:27.000,20260303-AP605-00685,20260303-AP605-0051,AP604,hedge_entry,sell,9903.0,1,267,fill,quote_key=51387000,LONG_PENDING_HEDGE
20260303,51388000,11:16:28.000,20260303-AP605-00686,20260303-AP605-0051,AP605,target_exit,sell,,1,267,submit,,FLATTENING
20260303,51388000,11:16:28.000,20260303-AP605-00686,20260303-AP605-0051,AP605,target_exit,sell,10162.0,1,267,fill,,FLATTENING
20260303,51388000,11:16:28.000,20260303-AP605-00687,20260303-AP605-0051,AP604,hedge_exit,buy,,1,267,submit,,FLATTENING
20260303,51388000,11:16:28.000,20260303-AP605-00687,20260303-AP605-0051,AP604,hedge_exit,buy,9954.0,1,267,fill,quote_key=51388000,FLATTENING
20260303,51397000,11:16:37.000,20260303-AP605-00688,,AP605,target_buy,buy,10089.0,1,268,submit,initial_quote,FLAT_QUOTING
20260303,51397000,11:16:37.000,20260303-AP605-00689,,AP605,target_sell,sell,10259.0,1,268,submit,initial_quote,FLAT_QUOTING
20260303,51398000,11:16:38.000,20260303-AP605-00688,,AP605,target_buy,buy,10089.0,1,268,ack,,FLAT_QUOTING
20260303,51398000,11:16:38.000,20260303-AP605-00689,,AP605,target_sell,sell,10259.0,1,268,ack,,FLAT_QUOTING
20260303,51398000,11:16:38.000,20260303-AP605-00688,,AP605,target_buy,buy,10089.0,1,268,fill,interval_vwap,FLAT_QUOTING
20260303,51398000,11:16:38.000,20260303-AP605-00689,,AP605,target_sell,sell,10259.0,1,268,cancel_requested,opposite_target_fill,FLAT_QUOTING
20260303,51399000,11:16:39.000,20260303-AP605-00689,,AP605,target_sell,sell,10259.0,1,268,cancel_ack,opposite_target_fill,LONG_PENDING_HEDGE
20260303,51399000,11:16:39.000,20260303-AP605-00690,20260303-AP605-0052,AP604,hedge_entry,sell,,1,268,submit,,LONG_PENDING_HEDGE
20260303,51399000,11:16:39.000,20260303-AP605-00690,20260303-AP605-0052,AP604,hedge_entry,sell,9920.0,1,268,fill,quote_key=51399000,LONG_PENDING_HEDGE
20260303,51400000,11:16:40.000,20260303-AP605-00691,20260303-AP605-0052,AP605,target_exit,sell,,1,268,submit,,FLATTENING
20260303,51400000,11:16:40.000,20260303-AP605-00691,20260303-AP605-0052,AP605,target_exit,sell,10182.0,1,268,fill,,FLATTENING
20260303,51400000,11:16:40.000,20260303-AP605-00692,20260303-AP605-0052,AP604,hedge_exit,buy,,1,268,submit,,FLATTENING
20260303,51400000,11:16:40.000,20260303-AP605-00692,20260303-AP605-0052,AP604,hedge_exit,buy,9961.0,1,268,fill,quote_key=51400000,FLATTENING
20260303,51402000,11:16:42.000,20260303-AP605-00693,,AP605,target_buy,buy,10101.0,1,269,submit,initial_quote,FLAT_QUOTING
20260303,51402000,11:16:42.000,20260303-AP605-00694,,AP605,target_sell,sell,10271.0,1,269,submit,initial_quote,FLAT_QUOTING
20260303,51403000,11:16:43.000,20260303-AP605-00693,,AP605,target_buy,buy,10101.0,1,269,ack,,FLAT_QUOTING
20260303,51403000,11:16:43.000,20260303-AP605-00694,,AP605,target_sell,sell,10271.0,1,269,ack,,FLAT_QUOTING
20260303,51403000,11:16:43.000,20260303-AP605-00693,,AP605,target_buy,buy,10101.0,1,269,fill,interval_vwap,FLAT_QUOTING
20260303,51403000,11:16:43.000,20260303-AP605-00694,,AP605,target_sell,sell,10271.0,1,269,cancel_requested,opposite_target_fill,FLAT_QUOTING
20260303,51404000,11:16:44.000,20260303-AP605-00694,,AP605,target_sell,sell,10271.0,1,269,cancel_ack,opposite_target_fill,LONG_PENDING_HEDGE
20260303,51404000,11:16:44.000,20260303-AP605-00695,20260303-AP605-0053,AP604,hedge_entry,sell,,1,269,submit,,LONG_PENDING_HEDGE
20260303,51404000,11:16:44.000,20260303-AP605-00695,20260303-AP605-0053,AP604,hedge_entry,sell,9935.0,1,269,fill,quote_key=51404000,LONG_PENDING_HEDGE
20260303,51405000,11:16:45.000,20260303-AP605-00696,20260303-AP605-0053,AP605,target_exit,sell,,1,269,submit,,FLATTENING
20260303,51405000,11:16:45.000,20260303-AP605-00696,20260303-AP605-0053,AP605,target_exit,sell,10194.0,1,269,fill,,FLATTENING
20260303,51405000,11:16:45.000,20260303-AP605-00697,20260303-AP605-0053,AP604,hedge_exit,buy,,1,269,submit,,FLATTENING
20260303,51405000,11:16:45.000,20260303-AP605-00697,20260303-AP605-0053,AP604,hedge_exit,buy,9961.0,1,269,fill,quote_key=51405000,FLATTENING
20260303,51413000,11:16:53.000,20260303-AP605-00698,,AP605,target_buy,buy,10105.0,1,270,submit,initial_quote,FLAT_QUOTING
20260303,51413000,11:16:53.000,20260303-AP605-00699,,AP605,target_sell,sell,10275.0,1,270,submit,initial_quote,FLAT_QUOTING
20260303,51414000,11:16:54.000,20260303-AP605-00698,,AP605,target_buy,buy,10105.0,1,270,ack,,FLAT_QUOTING
20260303,51414000,11:16:54.000,20260303-AP605-00699,,AP605,target_sell,sell,10275.0,1,270,ack,,FLAT_QUOTING
20260303,51414000,11:16:54.000,20260303-AP605-00698,,AP605,target_buy,buy,10105.0,1,270,fill,interval_vwap,FLAT_QUOTING
20260303,51414000,11:16:54.000,20260303-AP605-00699,,AP605,target_sell,sell,10275.0,1,270,cancel_requested,opposite_target_fill,FLAT_QUOTING
20260303,51415000,11:16:55.000,20260303-AP605-00699,,AP605,target_sell,sell,10275.0,1,270,cancel_ack,opposite_target_fill,LONG_PENDING_HEDGE
20260303,51415000,11:16:55.000,20260303-AP605-00700,20260303-AP605-0054,AP604,hedge_entry,sell,,1,270,submit,,LONG_PENDING_HEDGE
20260303,51415000,11:16:55.000,20260303-AP605-00700,20260303-AP605-0054,AP604,hedge_entry,sell,9932.0,1,270,fill,quote_key=51415000,LONG_PENDING_HEDGE
20260303,51416000,11:16:56.000,20260303-AP605-00701,20260303-AP605-0054,AP605,target_exit,sell,,1,270,submit,,FLATTENING
20260303,51416000,11:16:56.000,20260303-AP605-00701,20260303-AP605-0054,AP605,target_exit,sell,10189.0,1,270,fill,,FLATTENING
20260303,51416000,11:16:56.000,20260303-AP605-00702,20260303-AP605-0054,AP604,hedge_exit,buy,,1,270,submit,,FLATTENING
20260303,51416000,11:16:56.000,20260303-AP605-00702,20260303-AP605-0054,AP604,hedge_exit,buy,9961.0,1,270,fill,quote_key=51416000,FLATTENING
20260303,51448000,11:17:28.000,20260303-AP605-00703,,AP605,target_buy,buy,10089.0,1,271,submit,initial_quote,FLAT_QUOTING
20260303,51448000,11:17:28.000,20260303-AP605-00704,,AP605,target_sell,sell,10259.0,1,271,submit,initial_quote,FLAT_QUOTING
20260303,51449000,11:17:29.000,20260303-AP605-00703,,AP605,target_buy,buy,10089.0,1,271,ack,,FLAT_QUOTING
20260303,51449000,11:17:29.000,20260303-AP605-00704,,AP605,target_sell,sell,10259.0,1,271,ack,,FLAT_QUOTING
20260303,51449000,11:17:29.000,20260303-AP605-00703,,AP605,target_buy,buy,10089.0,1,271,fill,interval_vwap,FLAT_QUOTING
20260303,51449000,11:17:29.000,20260303-AP605-00704,,AP605,target_sell,sell,10259.0,1,271,cancel_requested,opposite_target_fill,FLAT_QUOTING
20260303,51450000,11:17:30.000,20260303-AP605-00704,,AP605,target_sell,sell,10259.0,1,271,cancel_ack,opposite_target_fill,LONG_PENDING_HEDGE
20260303,51450000,11:17:30.000,20260303-AP605-00705,20260303-AP605-0055,AP604,hedge_entry,sell,,1,271,submit,,LONG_PENDING_HEDGE
20260303,51450000,11:17:30.000,20260303-AP605-00705,20260303-AP605-0055,AP604,hedge_entry,sell,9910.0,1,271,fill,quote_key=51450000,LONG_PENDING_HEDGE
20260303,51451000,11:17:31.000,20260303-AP605-00706,20260303-AP605-0055,AP605,target_exit,sell,,1,271,submit,,FLATTENING
20260303,51451000,11:17:31.000,20260303-AP605-00706,20260303-AP605-0055,AP605,target_exit,sell,10167.0,1,271,fill,,FLATTENING
20260303,51451000,11:17:31.000,20260303-AP605-00707,20260303-AP605-0055,AP604,hedge_exit,buy,,1,271,submit,,FLATTENING
20260303,51451000,11:17:31.000,20260303-AP605-00707,20260303-AP605-0055,AP604,hedge_exit,buy,9951.0,1,271,fill,quote_key=51451000,FLATTENING
20260303,51460000,11:17:40.000,20260303-AP605-00708,,AP605,target_buy,buy,10093.0,1,272,submit,initial_quote,FLAT_QUOTING
20260303,51460000,11:17:40.000,20260303-AP605-00709,,AP605,target_sell,sell,10263.0,1,272,submit,initial_quote,FLAT_QUOTING
20260303,51461000,11:17:41.000,20260303-AP605-00708,,AP605,target_buy,buy,10093.0,1,272,ack,,FLAT_QUOTING
20260303,51461000,11:17:41.000,20260303-AP605-00709,,AP605,target_sell,sell,10263.0,1,272,ack,,FLAT_QUOTING
20260303,51461000,11:17:41.000,20260303-AP605-00708,,AP605,target_buy,buy,10093.0,1,272,fill,interval_vwap,FLAT_QUOTING
20260303,51461000,11:17:41.000,20260303-AP605-00709,,AP605,target_sell,sell,10263.0,1,272,cancel_requested,opposite_target_fill,FLAT_QUOTING
20260303,51462000,11:17:42.000,20260303-AP605-00709,,AP605,target_sell,sell,10263.0,1,272,cancel_ack,opposite_target_fill,LONG_PENDING_HEDGE
20260303,51462000,11:17:42.000,20260303-AP605-00710,20260303-AP605-0056,AP604,hedge_entry,sell,,1,272,submit,,LONG_PENDING_HEDGE
20260303,51462000,11:17:42.000,20260303-AP605-00710,20260303-AP605-0056,AP604,hedge_entry,sell,,1,272,quote_unavailable,,LONG_PENDING_HEDGE
20260303,51462000,11:17:42.000,20260303-AP605-00711,20260303-AP605-0056,AP605,target_exit,sell,,1,272,submit,,EMERGENCY_FLATTEN
20260303,51462000,11:17:42.000,20260303-AP605-00711,20260303-AP605-0056,AP605,target_exit,sell,10175.0,1,272,fill,,EMERGENCY_FLATTEN
20260303,51465000,11:17:45.000,20260303-AP605-00712,,AP605,target_buy,buy,10095.0,1,273,submit,initial_quote,FLAT_QUOTING
20260303,51465000,11:17:45.000,20260303-AP605-00713,,AP605,target_sell,sell,10265.0,1,273,submit,initial_quote,FLAT_QUOTING
20260303,51466000,11:17:46.000,20260303-AP605-00712,,AP605,target_buy,buy,10095.0,1,273,ack,,FLAT_QUOTING
20260303,51466000,11:17:46.000,20260303-AP605-00713,,AP605,target_sell,sell,10265.0,1,273,ack,,FLAT_QUOTING
20260303,51466000,11:17:46.000,20260303-AP605-00712,,AP605,target_buy,buy,10095.0,1,273,fill,interval_vwap,FLAT_QUOTING
20260303,51466000,11:17:46.000,20260303-AP605-00713,,AP605,target_sell,sell,10265.0,1,273,cancel_requested,opposite_target_fill,FLAT_QUOTING
20260303,51467000,11:17:47.000,20260303-AP605-00713,,AP605,target_sell,sell,10265.0,1,273,cancel_ack,opposite_target_fill,LONG_PENDING_HEDGE
20260303,51467000,11:17:47.000,20260303-AP605-00714,20260303-AP605-0057,AP604,hedge_entry,sell,,1,273,submit,,LONG_PENDING_HEDGE
20260303,51467000,11:17:47.000,20260303-AP605-00714,20260303-AP605-0057,AP604,hedge_entry,sell,9920.0,1,273,fill,quote_key=51466000,LONG_PENDING_HEDGE
20260303,51468000,11:17:48.000,20260303-AP605-00715,20260303-AP605-0057,AP605,target_exit,sell,,1,273,submit,,FLATTENING
20260303,51468000,11:17:48.000,20260303-AP605-00715,20260303-AP605-0057,AP605,target_exit,sell,10181.0,1,273,fill,,FLATTENING
20260303,51468000,11:17:48.000,20260303-AP605-00716,20260303-AP605-0057,AP604,hedge_exit,buy,,1,273,submit,,FLATTENING
20260303,51468000,11:17:48.000,20260303-AP605-00716,20260303-AP605-0057,AP604,hedge_exit,buy,9955.0,1,273,fill,quote_key=51468000,FLATTENING
20260303,51476000,11:17:56.000,20260303-AP605-00717,,AP605,target_buy,buy,10093.0,1,274,submit,initial_quote,FLAT_QUOTING
20260303,51476000,11:17:56.000,20260303-AP605-00718,,AP605,target_sell,sell,10263.0,1,274,submit,initial_quote,FLAT_QUOTING
20260303,51477000,11:17:57.000,20260303-AP605-00717,,AP605,target_buy,buy,10093.0,1,274,ack,,FLAT_QUOTING
20260303,51477000,11:17:57.000,20260303-AP605-00718,,AP605,target_sell,sell,10263.0,1,274,ack,,FLAT_QUOTING
20260303,51477000,11:17:57.000,20260303-AP605-00717,,AP605,target_buy,buy,10093.0,1,274,fill,interval_vwap,FLAT_QUOTING
20260303,51477000,11:17:57.000,20260303-AP605-00718,,AP605,target_sell,sell,10263.0,1,274,cancel_requested,opposite_target_fill,FLAT_QUOTING
20260303,51478000,11:17:58.000,20260303-AP605-00718,,AP605,target_sell,sell,10263.0,1,274,cancel_ack,opposite_target_fill,LONG_PENDING_HEDGE
20260303,51478000,11:17:58.000,20260303-AP605-00719,20260303-AP605-0058,AP604,hedge_entry,sell,,1,274,submit,,LONG_PENDING_HEDGE
20260303,51478000,11:17:58.000,20260303-AP605-00719,20260303-AP605-0058,AP604,hedge_entry,sell,9925.0,1,274,fill,quote_key=51478000,LONG_PENDING_HEDGE
20260303,51479000,11:17:59.000,20260303-AP605-00720,20260303-AP605-0058,AP605,target_exit,sell,,1,274,submit,,FLATTENING
20260303,51479000,11:17:59.000,20260303-AP605-00720,20260303-AP605-0058,AP605,target_exit,sell,10181.0,1,274,fill,,FLATTENING
20260303,51479000,11:17:59.000,20260303-AP605-00721,20260303-AP605-0058,AP604,hedge_exit,buy,,1,274,submit,,FLATTENING
20260303,51479000,11:17:59.000,20260303-AP605-00721,20260303-AP605-0058,AP604,hedge_exit,buy,9955.0,1,274,fill,quote_key=51479000,FLATTENING
20260303,51511000,11:18:31.000,20260303-AP605-00722,,AP605,target_buy,buy,10109.0,1,275,submit,initial_quote,FLAT_QUOTING
20260303,51511000,11:18:31.000,20260303-AP605-00723,,AP605,target_sell,sell,10279.0,1,275,submit,initial_quote,FLAT_QUOTING
20260303,51512000,11:18:32.000,20260303-AP605-00722,,AP605,target_buy,buy,10109.0,1,275,ack,,FLAT_QUOTING
20260303,51512000,11:18:32.000,20260303-AP605-00723,,AP605,target_sell,sell,10279.0,1,275,ack,,FLAT_QUOTING
20260303,51512000,11:18:32.000,20260303-AP605-00722,,AP605,target_buy,buy,10109.0,1,275,fill,interval_vwap,FLAT_QUOTING
20260303,51512000,11:18:32.000,20260303-AP605-00723,,AP605,target_sell,sell,10279.0,1,275,cancel_requested,opposite_target_fill,FLAT_QUOTING
20260303,51513000,11:18:33.000,20260303-AP605-00723,,AP605,target_sell,sell,10279.0,1,275,cancel_ack,opposite_target_fill,LONG_PENDING_HEDGE
20260303,51513000,11:18:33.000,20260303-AP605-00724,20260303-AP605-0059,AP604,hedge_entry,sell,,1,275,submit,,LONG_PENDING_HEDGE
20260303,51513000,11:18:33.000,20260303-AP605-00724,20260303-AP605-0059,AP604,hedge_entry,sell,9946.0,1,275,fill,quote_key=51513000,LONG_PENDING_HEDGE
20260303,51514000,11:18:34.000,20260303-AP605-00725,20260303-AP605-0059,AP605,target_exit,sell,,1,275,submit,,FLATTENING
20260303,51514000,11:18:34.000,20260303-AP605-00725,20260303-AP605-0059,AP605,target_exit,sell,10199.0,1,275,fill,,FLATTENING
20260303,51514000,11:18:34.000,20260303-AP605-00726,20260303-AP605-0059,AP604,hedge_exit,buy,,1,275,submit,,FLATTENING
20260303,51514000,11:18:34.000,20260303-AP605-00726,20260303-AP605-0059,AP604,hedge_exit,buy,9961.0,1,275,fill,quote_key=51514000,FLATTENING
20260303,51522000,11:18:42.000,20260303-AP605-00727,,AP605,target_buy,buy,10107.0,1,276,submit,initial_quote,FLAT_QUOTING
20260303,51522000,11:18:42.000,20260303-AP605-00728,,AP605,target_sell,sell,10277.0,1,276,submit,initial_quote,FLAT_QUOTING
20260303,51523000,11:18:43.000,20260303-AP605-00727,,AP605,target_buy,buy,10107.0,1,276,ack,,FLAT_QUOTING
20260303,51523000,11:18:43.000,20260303-AP605-00728,,AP605,target_sell,sell,10277.0,1,276,ack,,FLAT_QUOTING
20260303,51523000,11:18:43.000,20260303-AP605-00727,,AP605,target_buy,buy,10107.0,1,276,fill,interval_vwap,FLAT_QUOTING
20260303,51523000,11:18:43.000,20260303-AP605-00728,,AP605,target_sell,sell,10277.0,1,276,cancel_requested,opposite_target_fill,FLAT_QUOTING
20260303,51524000,11:18:44.000,20260303-AP605-00728,,AP605,target_sell,sell,10277.0,1,276,cancel_ack,opposite_target_fill,LONG_PENDING_HEDGE
20260303,51524000,11:18:44.000,20260303-AP605-00729,20260303-AP605-0060,AP604,hedge_entry,sell,,1,276,submit,,LONG_PENDING_HEDGE
20260303,51524000,11:18:44.000,20260303-AP605-00729,20260303-AP605-0060,AP604,hedge_entry,sell,9935.0,1,276,fill,quote_key=51524000,LONG_PENDING_HEDGE
20260303,51525000,11:18:45.000,20260303-AP605-00730,20260303-AP605-0060,AP605,target_exit,sell,,1,276,submit,,FLATTENING
20260303,51525000,11:18:45.000,20260303-AP605-00730,20260303-AP605-0060,AP605,target_exit,sell,10193.0,1,276,fill,,FLATTENING
20260303,51525000,11:18:45.000,20260303-AP605-00731,20260303-AP605-0060,AP604,hedge_exit,buy,,1,276,submit,,FLATTENING
20260303,51525000,11:18:45.000,20260303-AP605-00731,20260303-AP605-0060,AP604,hedge_exit,buy,9961.0,1,276,fill,quote_key=51525000,FLATTENING
20260303,51528000,11:18:48.000,20260303-AP605-00732,,AP605,target_buy,buy,10109.0,1,277,submit,initial_quote,FLAT_QUOTING
20260303,51528000,11:18:48.000,20260303-AP605-00733,,AP605,target_sell,sell,10279.0,1,277,submit,initial_quote,FLAT_QUOTING
20260303,51529000,11:18:49.000,20260303-AP605-00732,,AP605,target_buy,buy,10109.0,1,277,ack,,FLAT_QUOTING
20260303,51529000,11:18:49.000,20260303-AP605-00733,,AP605,target_sell,sell,10279.0,1,277,ack,,FLAT_QUOTING
20260303,51529000,11:18:49.000,20260303-AP605-00732,,AP605,target_buy,buy,10109.0,1,277,fill,interval_vwap,FLAT_QUOTING
20260303,51529000,11:18:49.000,20260303-AP605-00733,,AP605,target_sell,sell,10279.0,1,277,cancel_requested,opposite_target_fill,FLAT_QUOTING
20260303,51530000,11:18:50.000,20260303-AP605-00733,,AP605,target_sell,sell,10279.0,1,277,cancel_ack,opposite_target_fill,LONG_PENDING_HEDGE
20260303,51530000,11:18:50.000,20260303-AP605-00734,20260303-AP605-0061,AP604,hedge_entry,sell,,1,277,submit,,LONG_PENDING_HEDGE
20260303,51530000,11:18:50.000,20260303-AP605-00734,20260303-AP605-0061,AP604,hedge_entry,sell,9932.0,1,277,fill,quote_key=51530000,LONG_PENDING_HEDGE
20260303,51531000,11:18:51.000,20260303-AP605-00735,20260303-AP605-0061,AP605,target_exit,sell,,1,277,submit,,FLATTENING
20260303,51531000,11:18:51.000,20260303-AP605-00735,20260303-AP605-0061,AP605,target_exit,sell,10194.0,1,277,fill,,FLATTENING
20260303,51531000,11:18:51.000,20260303-AP605-00736,20260303-AP605-0061,AP604,hedge_exit,buy,,1,277,submit,,FLATTENING
20260303,51531000,11:18:51.000,20260303-AP605-00736,20260303-AP605-0061,AP604,hedge_exit,buy,9969.0,1,277,fill,quote_key=51531000,FLATTENING
20260303,51540000,11:19:00.000,20260303-AP605-00737,,AP605,target_buy,buy,10095.0,1,278,submit,initial_quote,FLAT_QUOTING
20260303,51540000,11:19:00.000,20260303-AP605-00738,,AP605,target_sell,sell,10265.0,1,278,submit,initial_quote,FLAT_QUOTING
20260303,51541000,11:19:01.000,20260303-AP605-00737,,AP605,target_buy,buy,10095.0,1,278,ack,,FLAT_QUOTING
20260303,51541000,11:19:01.000,20260303-AP605-00738,,AP605,target_sell,sell,10265.0,1,278,ack,,FLAT_QUOTING
20260303,51541000,11:19:01.000,20260303-AP605-00737,,AP605,target_buy,buy,10095.0,1,278,fill,interval_vwap,FLAT_QUOTING
20260303,51541000,11:19:01.000,20260303-AP605-00738,,AP605,target_sell,sell,10265.0,1,278,cancel_requested,opposite_target_fill,FLAT_QUOTING
20260303,51542000,11:19:02.000,20260303-AP605-00738,,AP605,target_sell,sell,10265.0,1,278,cancel_ack,opposite_target_fill,LONG_PENDING_HEDGE
20260303,51542000,11:19:02.000,20260303-AP605-00739,20260303-AP605-0062,AP604,hedge_entry,sell,,1,278,submit,,LONG_PENDING_HEDGE
20260303,51542000,11:19:02.000,20260303-AP605-00739,20260303-AP605-0062,AP604,hedge_entry,sell,9920.0,1,278,fill,quote_key=51542000,LONG_PENDING_HEDGE
20260303,51543000,11:19:03.000,20260303-AP605-00740,20260303-AP605-0062,AP605,target_exit,sell,,1,278,submit,,FLATTENING
20260303,51543000,11:19:03.000,20260303-AP605-00740,20260303-AP605-0062,AP605,target_exit,sell,10182.0,1,278,fill,,FLATTENING
20260303,51543000,11:19:03.000,20260303-AP605-00741,20260303-AP605-0062,AP604,hedge_exit,buy,,1,278,submit,,FLATTENING
20260303,51543000,11:19:03.000,20260303-AP605-00741,20260303-AP605-0062,AP604,hedge_exit,buy,9957.0,1,278,fill,quote_key=51543000,FLATTENING
20260303,51574000,11:19:34.000,20260303-AP605-00742,,AP605,target_buy,buy,10108.0,1,279,submit,initial_quote,FLAT_QUOTING
20260303,51574000,11:19:34.000,20260303-AP605-00743,,AP605,target_sell,sell,10278.0,1,279,submit,initial_quote,FLAT_QUOTING
20260303,51575000,11:19:35.000,20260303-AP605-00742,,AP605,target_buy,buy,10108.0,1,279,ack,,FLAT_QUOTING
20260303,51575000,11:19:35.000,20260303-AP605-00743,,AP605,target_sell,sell,10278.0,1,279,ack,,FLAT_QUOTING
20260303,51575000,11:19:35.000,20260303-AP605-00742,,AP605,target_buy,buy,10108.0,1,279,fill,interval_vwap,FLAT_QUOTING
20260303,51575000,11:19:35.000,20260303-AP605-00743,,AP605,target_sell,sell,10278.0,1,279,cancel_requested,opposite_target_fill,FLAT_QUOTING
20260303,51576000,11:19:36.000,20260303-AP605-00743,,AP605,target_sell,sell,10278.0,1,279,cancel_ack,opposite_target_fill,LONG_PENDING_HEDGE
20260303,51576000,11:19:36.000,20260303-AP605-00744,20260303-AP605-0063,AP604,hedge_entry,sell,,1,279,submit,,LONG_PENDING_HEDGE
20260303,51576000,11:19:36.000,20260303-AP605-00744,20260303-AP605-0063,AP604,hedge_entry,sell,9935.0,1,279,fill,quote_key=51574000,LONG_PENDING_HEDGE
20260303,51577000,11:19:37.000,20260303-AP605-00745,20260303-AP605-0063,AP605,target_exit,sell,,1,279,submit,,FLATTENING
20260303,51577000,11:19:37.000,20260303-AP605-00745,20260303-AP605-0063,AP605,target_exit,sell,10197.0,1,279,fill,,FLATTENING
20260303,51577000,11:19:37.000,20260303-AP605-00746,20260303-AP605-0063,AP604,hedge_exit,buy,,1,279,submit,,FLATTENING
20260303,51577000,11:19:37.000,20260303-AP605-00746,20260303-AP605-0063,AP604,hedge_exit,buy,9968.0,1,279,fill,quote_key=51577000,FLATTENING
20260303,51585000,11:19:45.000,20260303-AP605-00747,,AP605,target_buy,buy,10109.0,1,280,submit,initial_quote,FLAT_QUOTING
20260303,51585000,11:19:45.000,20260303-AP605-00748,,AP605,target_sell,sell,10279.0,1,280,submit,initial_quote,FLAT_QUOTING
20260303,51586000,11:19:46.000,20260303-AP605-00747,,AP605,target_buy,buy,10109.0,1,280,ack,,FLAT_QUOTING
20260303,51586000,11:19:46.000,20260303-AP605-00748,,AP605,target_sell,sell,10279.0,1,280,ack,,FLAT_QUOTING
20260303,51586000,11:19:46.000,20260303-AP605-00747,,AP605,target_buy,buy,10109.0,1,280,fill,interval_vwap,FLAT_QUOTING
20260303,51586000,11:19:46.000,20260303-AP605-00748,,AP605,target_sell,sell,10279.0,1,280,cancel_requested,opposite_target_fill,FLAT_QUOTING
20260303,51587000,11:19:47.000,20260303-AP605-00748,,AP605,target_sell,sell,10279.0,1,280,cancel_ack,opposite_target_fill,LONG_PENDING_HEDGE
20260303,51587000,11:19:47.000,20260303-AP605-00749,20260303-AP605-0064,AP604,hedge_entry,sell,,1,280,submit,,LONG_PENDING_HEDGE
20260303,51587000,11:19:47.000,20260303-AP605-00749,20260303-AP605-0064,AP604,hedge_entry,sell,9937.0,1,280,fill,quote_key=51587000,LONG_PENDING_HEDGE
20260303,51588000,11:19:48.000,20260303-AP605-00750,20260303-AP605-0064,AP605,target_exit,sell,,1,280,submit,,FLATTENING
20260303,51588000,11:19:48.000,20260303-AP605-00750,20260303-AP605-0064,AP605,target_exit,sell,10196.0,1,280,fill,,FLATTENING
20260303,51588000,11:19:48.000,20260303-AP605-00751,20260303-AP605-0064,AP604,hedge_exit,buy,,1,280,submit,,FLATTENING
20260303,51588000,11:19:48.000,20260303-AP605-00751,20260303-AP605-0064,AP604,hedge_exit,buy,9968.0,1,280,fill,quote_key=51588000,FLATTENING
20260303,51591000,11:19:51.000,20260303-AP605-00752,,AP605,target_buy,buy,10110.0,1,281,submit,initial_quote,FLAT_QUOTING
20260303,51591000,11:19:51.000,20260303-AP605-00753,,AP605,target_sell,sell,10280.0,1,281,submit,initial_quote,FLAT_QUOTING
20260303,51592000,11:19:52.000,20260303-AP605-00752,,AP605,target_buy,buy,10110.0,1,281,ack,,FLAT_QUOTING
20260303,51592000,11:19:52.000,20260303-AP605-00753,,AP605,target_sell,sell,10280.0,1,281,ack,,FLAT_QUOTING
20260303,51592000,11:19:52.000,20260303-AP605-00752,,AP605,target_buy,buy,10110.0,1,281,fill,interval_vwap,FLAT_QUOTING
20260303,51592000,11:19:52.000,20260303-AP605-00753,,AP605,target_sell,sell,10280.0,1,281,cancel_requested,opposite_target_fill,FLAT_QUOTING
20260303,51593000,11:19:53.000,20260303-AP605-00753,,AP605,target_sell,sell,10280.0,1,281,cancel_ack,opposite_target_fill,LONG_PENDING_HEDGE
20260303,51593000,11:19:53.000,20260303-AP605-00754,20260303-AP605-0065,AP604,hedge_entry,sell,,1,281,submit,,LONG_PENDING_HEDGE
20260303,51593000,11:19:53.000,20260303-AP605-00754,20260303-AP605-0065,AP604,hedge_entry,sell,9941.0,1,281,fill,quote_key=51593000,LONG_PENDING_HEDGE
20260303,51594000,11:19:54.000,20260303-AP605-00755,20260303-AP605-0065,AP605,target_exit,sell,,1,281,submit,,FLATTENING
20260303,51594000,11:19:54.000,20260303-AP605-00755,20260303-AP605-0065,AP605,target_exit,sell,10202.0,1,281,fill,,FLATTENING
20260303,51594000,11:19:54.000,20260303-AP605-00756,20260303-AP605-0065,AP604,hedge_exit,buy,,1,281,submit,,FLATTENING
20260303,51594000,11:19:54.000,20260303-AP605-00756,20260303-AP605-0065,AP604,hedge_exit,buy,9968.0,1,281,fill,quote_key=51594000,FLATTENING
20260303,51603000,11:20:03.000,20260303-AP605-00757,,AP605,target_buy,buy,10111.0,1,282,submit,initial_quote,FLAT_QUOTING
20260303,51603000,11:20:03.000,20260303-AP605-00758,,AP605,target_sell,sell,10281.0,1,282,submit,initial_quote,FLAT_QUOTING
20260303,51604000,11:20:04.000,20260303-AP605-00757,,AP605,target_buy,buy,10111.0,1,282,ack,,FLAT_QUOTING
20260303,51604000,11:20:04.000,20260303-AP605-00758,,AP605,target_sell,sell,10281.0,1,282,ack,,FLAT_QUOTING
20260303,51604000,11:20:04.000,20260303-AP605-00757,,AP605,target_buy,buy,10111.0,1,282,fill,interval_vwap,FLAT_QUOTING
20260303,51604000,11:20:04.000,20260303-AP605-00758,,AP605,target_sell,sell,10281.0,1,282,cancel_requested,opposite_target_fill,FLAT_QUOTING
20260303,51605000,11:20:05.000,20260303-AP605-00758,,AP605,target_sell,sell,10281.0,1,282,cancel_ack,opposite_target_fill,LONG_PENDING_HEDGE
20260303,51605000,11:20:05.000,20260303-AP605-00759,20260303-AP605-0066,AP604,hedge_entry,sell,,1,282,submit,,LONG_PENDING_HEDGE
20260303,51605000,11:20:05.000,20260303-AP605-00759,20260303-AP605-0066,AP604,hedge_entry,sell,9929.0,1,282,fill,quote_key=51605000,LONG_PENDING_HEDGE
20260303,51606000,11:20:06.000,20260303-AP605-00760,20260303-AP605-0066,AP605,target_exit,sell,,1,282,submit,,FLATTENING
20260303,51606000,11:20:06.000,20260303-AP605-00760,20260303-AP605-0066,AP605,target_exit,sell,10185.0,1,282,fill,,FLATTENING
20260303,51606000,11:20:06.000,20260303-AP605-00761,20260303-AP605-0066,AP604,hedge_exit,buy,,1,282,submit,,FLATTENING
20260303,51606000,11:20:06.000,20260303-AP605-00761,20260303-AP605-0066,AP604,hedge_exit,buy,9960.0,1,282,fill,quote_key=51606000,FLATTENING
20260303,51637000,11:20:37.000,20260303-AP605-00762,,AP605,target_buy,buy,10099.0,1,283,submit,initial_quote,FLAT_QUOTING
20260303,51637000,11:20:37.000,20260303-AP605-00763,,AP605,target_sell,sell,10269.0,1,283,submit,initial_quote,FLAT_QUOTING
20260303,51638000,11:20:38.000,20260303-AP605-00762,,AP605,target_buy,buy,10099.0,1,283,ack,,FLAT_QUOTING
20260303,51638000,11:20:38.000,20260303-AP605-00763,,AP605,target_sell,sell,10269.0,1,283,ack,,FLAT_QUOTING
20260303,51638000,11:20:38.000,20260303-AP605-00762,,AP605,target_buy,buy,10099.0,1,283,fill,interval_vwap,FLAT_QUOTING
20260303,51638000,11:20:38.000,20260303-AP605-00763,,AP605,target_sell,sell,10269.0,1,283,cancel_requested,opposite_target_fill,FLAT_QUOTING
20260303,51639000,11:20:39.000,20260303-AP605-00763,,AP605,target_sell,sell,10269.0,1,283,cancel_ack,opposite_target_fill,LONG_PENDING_HEDGE
20260303,51639000,11:20:39.000,20260303-AP605-00764,20260303-AP605-0067,AP604,hedge_entry,sell,,1,283,submit,,LONG_PENDING_HEDGE
20260303,51639000,11:20:39.000,20260303-AP605-00764,20260303-AP605-0067,AP604,hedge_entry,sell,9922.0,1,283,fill,quote_key=51639000,LONG_PENDING_HEDGE
20260303,51640000,11:20:40.000,20260303-AP605-00765,20260303-AP605-0067,AP605,target_exit,sell,,1,283,submit,,FLATTENING
20260303,51640000,11:20:40.000,20260303-AP605-00765,20260303-AP605-0067,AP605,target_exit,sell,10180.0,1,283,fill,,FLATTENING
20260303,51640000,11:20:40.000,20260303-AP605-00766,20260303-AP605-0067,AP604,hedge_exit,buy,,1,283,submit,,FLATTENING
20260303,51640000,11:20:40.000,20260303-AP605-00766,20260303-AP605-0067,AP604,hedge_exit,buy,9954.0,1,283,fill,quote_key=51640000,FLATTENING
20260303,51648000,11:20:48.000,20260303-AP605-00767,,AP605,target_buy,buy,10097.0,1,284,submit,initial_quote,FLAT_QUOTING
20260303,51648000,11:20:48.000,20260303-AP605-00768,,AP605,target_sell,sell,10267.0,1,284,submit,initial_quote,FLAT_QUOTING
20260303,51649000,11:20:49.000,20260303-AP605-00767,,AP605,target_buy,buy,10097.0,1,284,ack,,FLAT_QUOTING
20260303,51649000,11:20:49.000,20260303-AP605-00768,,AP605,target_sell,sell,10267.0,1,284,ack,,FLAT_QUOTING
20260303,51649000,11:20:49.000,20260303-AP605-00767,,AP605,target_buy,buy,10097.0,1,284,fill,interval_vwap,FLAT_QUOTING
20260303,51649000,11:20:49.000,20260303-AP605-00768,,AP605,target_sell,sell,10267.0,1,284,cancel_requested,opposite_target_fill,FLAT_QUOTING
20260303,51650000,11:20:50.000,20260303-AP605-00768,,AP605,target_sell,sell,10267.0,1,284,cancel_ack,opposite_target_fill,LONG_PENDING_HEDGE
20260303,51650000,11:20:50.000,20260303-AP605-00769,20260303-AP605-0068,AP604,hedge_entry,sell,,1,284,submit,,LONG_PENDING_HEDGE
20260303,51650000,11:20:50.000,20260303-AP605-00769,20260303-AP605-0068,AP604,hedge_entry,sell,9919.0,1,284,fill,quote_key=51650000,LONG_PENDING_HEDGE
20260303,51651000,11:20:51.000,20260303-AP605-00770,20260303-AP605-0068,AP605,target_exit,sell,,1,284,submit,,FLATTENING
20260303,51651000,11:20:51.000,20260303-AP605-00770,20260303-AP605-0068,AP605,target_exit,sell,10176.0,1,284,fill,,FLATTENING
20260303,51651000,11:20:51.000,20260303-AP605-00771,20260303-AP605-0068,AP604,hedge_exit,buy,,1,284,submit,,FLATTENING
20260303,51651000,11:20:51.000,20260303-AP605-00771,20260303-AP605-0068,AP604,hedge_exit,buy,9951.0,1,284,fill,quote_key=51651000,FLATTENING
20260303,51654000,11:20:54.000,20260303-AP605-00772,,AP605,target_buy,buy,10102.0,1,285,submit,initial_quote,FLAT_QUOTING
20260303,51654000,11:20:54.000,20260303-AP605-00773,,AP605,target_sell,sell,10272.0,1,285,submit,initial_quote,FLAT_QUOTING
20260303,51655000,11:20:55.000,20260303-AP605-00772,,AP605,target_buy,buy,10102.0,1,285,ack,,FLAT_QUOTING
20260303,51655000,11:20:55.000,20260303-AP605-00773,,AP605,target_sell,sell,10272.0,1,285,ack,,FLAT_QUOTING
20260303,51655000,11:20:55.000,20260303-AP605-00772,,AP605,target_buy,buy,10102.0,1,285,fill,interval_vwap,FLAT_QUOTING
20260303,51655000,11:20:55.000,20260303-AP605-00773,,AP605,target_sell,sell,10272.0,1,285,cancel_requested,opposite_target_fill,FLAT_QUOTING
20260303,51656000,11:20:56.000,20260303-AP605-00773,,AP605,target_sell,sell,10272.0,1,285,cancel_ack,opposite_target_fill,LONG_PENDING_HEDGE
20260303,51656000,11:20:56.000,20260303-AP605-00774,20260303-AP605-0069,AP604,hedge_entry,sell,,1,285,submit,,LONG_PENDING_HEDGE
20260303,51656000,11:20:56.000,20260303-AP605-00774,20260303-AP605-0069,AP604,hedge_entry,sell,9924.0,1,285,fill,quote_key=51656000,LONG_PENDING_HEDGE
20260303,51657000,11:20:57.000,20260303-AP605-00775,20260303-AP605-0069,AP605,target_exit,sell,,1,285,submit,,FLATTENING
20260303,51657000,11:20:57.000,20260303-AP605-00775,20260303-AP605-0069,AP605,target_exit,sell,10181.0,1,285,fill,,FLATTENING
20260303,51657000,11:20:57.000,20260303-AP605-00776,20260303-AP605-0069,AP604,hedge_exit,buy,,1,285,submit,,FLATTENING
20260303,51657000,11:20:57.000,20260303-AP605-00776,20260303-AP605-0069,AP604,hedge_exit,buy,9956.0,1,285,fill,quote_key=51657000,FLATTENING
20260303,51666000,11:21:06.000,20260303-AP605-00777,,AP605,target_buy,buy,10098.0,1,286,submit,initial_quote,FLAT_QUOTING
20260303,51666000,11:21:06.000,20260303-AP605-00778,,AP605,target_sell,sell,10268.0,1,286,submit,initial_quote,FLAT_QUOTING
20260303,51667000,11:21:07.000,20260303-AP605-00777,,AP605,target_buy,buy,10098.0,1,286,ack,,FLAT_QUOTING
20260303,51667000,11:21:07.000,20260303-AP605-00778,,AP605,target_sell,sell,10268.0,1,286,ack,,FLAT_QUOTING
20260303,51667000,11:21:07.000,20260303-AP605-00777,,AP605,target_buy,buy,10098.0,1,286,fill,interval_vwap,FLAT_QUOTING
20260303,51667000,11:21:07.000,20260303-AP605-00778,,AP605,target_sell,sell,10268.0,1,286,cancel_requested,opposite_target_fill,FLAT_QUOTING
20260303,51668000,11:21:08.000,20260303-AP605-00778,,AP605,target_sell,sell,10268.0,1,286,cancel_ack,opposite_target_fill,LONG_PENDING_HEDGE
20260303,51668000,11:21:08.000,20260303-AP605-00779,20260303-AP605-0070,AP604,hedge_entry,sell,,1,286,submit,,LONG_PENDING_HEDGE
20260303,51668000,11:21:08.000,20260303-AP605-00779,20260303-AP605-0070,AP604,hedge_entry,sell,9923.0,1,286,fill,quote_key=51668000,LONG_PENDING_HEDGE
20260303,51669000,11:21:09.000,20260303-AP605-00780,20260303-AP605-0070,AP605,target_exit,sell,,1,286,submit,,FLATTENING
20260303,51669000,11:21:09.000,20260303-AP605-00780,20260303-AP605-0070,AP605,target_exit,sell,10187.0,1,286,fill,,FLATTENING
20260303,51669000,11:21:09.000,20260303-AP605-00781,20260303-AP605-0070,AP604,hedge_exit,buy,,1,286,submit,,FLATTENING
20260303,51669000,11:21:09.000,20260303-AP605-00781,20260303-AP605-0070,AP604,hedge_exit,buy,9961.0,1,286,fill,quote_key=51669000,FLATTENING
20260303,51700000,11:21:40.000,20260303-AP605-00782,,AP605,target_buy,buy,10119.0,1,287,submit,initial_quote,FLAT_QUOTING
20260303,51700000,11:21:40.000,20260303-AP605-00783,,AP605,target_sell,sell,10289.0,1,287,submit,initial_quote,FLAT_QUOTING
20260303,51701000,11:21:41.000,20260303-AP605-00782,,AP605,target_buy,buy,10119.0,1,287,ack,,FLAT_QUOTING
20260303,51701000,11:21:41.000,20260303-AP605-00783,,AP605,target_sell,sell,10289.0,1,287,ack,,FLAT_QUOTING
20260303,51701000,11:21:41.000,20260303-AP605-00782,,AP605,target_buy,buy,10119.0,1,287,fill,interval_vwap,FLAT_QUOTING
20260303,51701000,11:21:41.000,20260303-AP605-00783,,AP605,target_sell,sell,10289.0,1,287,cancel_requested,opposite_target_fill,FLAT_QUOTING
20260303,51702000,11:21:42.000,20260303-AP605-00783,,AP605,target_sell,sell,10289.0,1,287,cancel_ack,opposite_target_fill,LONG_PENDING_HEDGE
20260303,51702000,11:21:42.000,20260303-AP605-00784,20260303-AP605-0071,AP604,hedge_entry,sell,,1,287,submit,,LONG_PENDING_HEDGE
20260303,51702000,11:21:42.000,20260303-AP605-00784,20260303-AP605-0071,AP604,hedge_entry,sell,9942.0,1,287,fill,quote_key=51702000,LONG_PENDING_HEDGE
20260303,51703000,11:21:43.000,20260303-AP605-00785,20260303-AP605-0071,AP605,target_exit,sell,,1,287,submit,,FLATTENING
20260303,51703000,11:21:43.000,20260303-AP605-00785,20260303-AP605-0071,AP605,target_exit,sell,10201.0,1,287,fill,,FLATTENING
20260303,51703000,11:21:43.000,20260303-AP605-00786,20260303-AP605-0071,AP604,hedge_exit,buy,,1,287,submit,,FLATTENING
20260303,51703000,11:21:43.000,20260303-AP605-00786,20260303-AP605-0071,AP604,hedge_exit,buy,9968.0,1,287,fill,quote_key=51703000,FLATTENING
20260303,51711000,11:21:51.000,20260303-AP605-00787,,AP605,target_buy,buy,10118.0,1,288,submit,initial_quote,FLAT_QUOTING
20260303,51711000,11:21:51.000,20260303-AP605-00788,,AP605,target_sell,sell,10288.0,1,288,submit,initial_quote,FLAT_QUOTING
20260303,51712000,11:21:52.000,20260303-AP605-00787,,AP605,target_buy,buy,10118.0,1,288,ack,,FLAT_QUOTING
20260303,51712000,11:21:52.000,20260303-AP605-00788,,AP605,target_sell,sell,10288.0,1,288,ack,,FLAT_QUOTING
20260303,51712000,11:21:52.000,20260303-AP605-00787,,AP605,target_buy,buy,10118.0,1,288,fill,interval_vwap,FLAT_QUOTING
20260303,51712000,11:21:52.000,20260303-AP605-00788,,AP605,target_sell,sell,10288.0,1,288,cancel_requested,opposite_target_fill,FLAT_QUOTING
20260303,51713000,11:21:53.000,20260303-AP605-00788,,AP605,target_sell,sell,10288.0,1,288,cancel_ack,opposite_target_fill,LONG_PENDING_HEDGE
20260303,51713000,11:21:53.000,20260303-AP605-00789,20260303-AP605-0072,AP604,hedge_entry,sell,,1,288,submit,,LONG_PENDING_HEDGE
20260303,51713000,11:21:53.000,20260303-AP605-00789,20260303-AP605-0072,AP604,hedge_entry,sell,9944.0,1,288,fill,quote_key=51712000,LONG_PENDING_HEDGE
20260303,51714000,11:21:54.000,20260303-AP605-00790,20260303-AP605-0072,AP605,target_exit,sell,,1,288,submit,,FLATTENING
20260303,51714000,11:21:54.000,20260303-AP605-00790,20260303-AP605-0072,AP605,target_exit,sell,10206.0,1,288,fill,,FLATTENING
20260303,51714000,11:21:54.000,20260303-AP605-00791,20260303-AP605-0072,AP604,hedge_exit,buy,,1,288,submit,,FLATTENING
20260303,51714000,11:21:54.000,20260303-AP605-00791,20260303-AP605-0072,AP604,hedge_exit,buy,9968.0,1,288,fill,quote_key=51714000,FLATTENING
20260303,51718000,11:21:58.000,20260303-AP605-00792,,AP605,target_buy,buy,10126.0,1,289,submit,initial_quote,FLAT_QUOTING
20260303,51718000,11:21:58.000,20260303-AP605-00793,,AP605,target_sell,sell,10296.0,1,289,submit,initial_quote,FLAT_QUOTING
20260303,51719000,11:21:59.000,20260303-AP605-00792,,AP605,target_buy,buy,10126.0,1,289,ack,,FLAT_QUOTING
20260303,51719000,11:21:59.000,20260303-AP605-00793,,AP605,target_sell,sell,10296.0,1,289,ack,,FLAT_QUOTING
20260303,51719000,11:21:59.000,20260303-AP605-00792,,AP605,target_buy,buy,10126.0,1,289,fill,interval_vwap,FLAT_QUOTING
20260303,51719000,11:21:59.000,20260303-AP605-00793,,AP605,target_sell,sell,10296.0,1,289,cancel_requested,opposite_target_fill,FLAT_QUOTING
20260303,51720000,11:22:00.000,20260303-AP605-00793,,AP605,target_sell,sell,10296.0,1,289,cancel_ack,opposite_target_fill,LONG_PENDING_HEDGE
20260303,51720000,11:22:00.000,20260303-AP605-00794,20260303-AP605-0073,AP604,hedge_entry,sell,,1,289,submit,,LONG_PENDING_HEDGE
20260303,51720000,11:22:00.000,20260303-AP605-00794,20260303-AP605-0073,AP604,hedge_entry,sell,9956.0,1,289,fill,quote_key=51720000,LONG_PENDING_HEDGE
20260303,51721000,11:22:01.000,20260303-AP605-00795,20260303-AP605-0073,AP605,target_exit,sell,,1,289,submit,,FLATTENING
20260303,51721000,11:22:01.000,20260303-AP605-00795,20260303-AP605-0073,AP605,target_exit,sell,10218.0,1,289,fill,,FLATTENING
20260303,51721000,11:22:01.000,20260303-AP605-00796,20260303-AP605-0073,AP604,hedge_exit,buy,,1,289,submit,,FLATTENING
20260303,51721000,11:22:01.000,20260303-AP605-00796,20260303-AP605-0073,AP604,hedge_exit,buy,9990.0,1,289,fill,quote_key=51721000,FLATTENING
20260303,51729000,11:22:09.000,20260303-AP605-00797,,AP605,target_buy,buy,10144.0,1,290,submit,initial_quote,FLAT_QUOTING
20260303,51729000,11:22:09.000,20260303-AP605-00798,,AP605,target_sell,sell,10314.0,1,290,submit,initial_quote,FLAT_QUOTING
20260303,51730000,11:22:10.000,20260303-AP605-00797,,AP605,target_buy,buy,10144.0,1,290,ack,,FLAT_QUOTING
20260303,51730000,11:22:10.000,20260303-AP605-00798,,AP605,target_sell,sell,10314.0,1,290,ack,,FLAT_QUOTING
20260303,51731000,11:22:11.000,20260303-AP605-00797,,AP605,target_buy,buy,10144.0,1,290,fill,interval_vwap,FLAT_QUOTING
20260303,51731000,11:22:11.000,20260303-AP605-00798,,AP605,target_sell,sell,10314.0,1,290,cancel_requested,opposite_target_fill,FLAT_QUOTING
20260303,51732000,11:22:12.000,20260303-AP605-00798,,AP605,target_sell,sell,10314.0,1,290,cancel_ack,opposite_target_fill,LONG_PENDING_HEDGE
20260303,51732000,11:22:12.000,20260303-AP605-00799,20260303-AP605-0074,AP604,hedge_entry,sell,,1,290,submit,,LONG_PENDING_HEDGE
20260303,51732000,11:22:12.000,20260303-AP605-00799,20260303-AP605-0074,AP604,hedge_entry,sell,9965.0,1,290,fill,quote_key=51732000,LONG_PENDING_HEDGE
20260303,51733000,11:22:13.000,20260303-AP605-00800,20260303-AP605-0074,AP605,target_exit,sell,,1,290,submit,,FLATTENING
20260303,51733000,11:22:13.000,20260303-AP605-00800,20260303-AP605-0074,AP605,target_exit,sell,10222.0,1,290,fill,,FLATTENING
20260303,51733000,11:22:13.000,20260303-AP605-00801,20260303-AP605-0074,AP604,hedge_exit,buy,,1,290,submit,,FLATTENING
20260303,51733000,11:22:13.000,20260303-AP605-00801,20260303-AP605-0074,AP604,hedge_exit,buy,9992.0,1,290,fill,quote_key=51733000,FLATTENING
20260303,51763000,11:22:43.000,20260303-AP605-00802,,AP605,target_buy,buy,10144.0,1,291,submit,initial_quote,FLAT_QUOTING
20260303,51763000,11:22:43.000,20260303-AP605-00803,,AP605,target_sell,sell,10314.0,1,291,submit,initial_quote,FLAT_QUOTING
20260303,51764000,11:22:44.000,20260303-AP605-00802,,AP605,target_buy,buy,10144.0,1,291,ack,,FLAT_QUOTING
20260303,51764000,11:22:44.000,20260303-AP605-00803,,AP605,target_sell,sell,10314.0,1,291,ack,,FLAT_QUOTING
20260303,51764000,11:22:44.000,20260303-AP605-00802,,AP605,target_buy,buy,10144.0,1,291,fill,interval_vwap,FLAT_QUOTING
20260303,51764000,11:22:44.000,20260303-AP605-00803,,AP605,target_sell,sell,10314.0,1,291,cancel_requested,opposite_target_fill,FLAT_QUOTING
20260303,51765000,11:22:45.000,20260303-AP605-00803,,AP605,target_sell,sell,10314.0,1,291,cancel_ack,opposite_target_fill,LONG_PENDING_HEDGE
20260303,51765000,11:22:45.000,20260303-AP605-00804,20260303-AP605-0075,AP604,hedge_entry,sell,,1,291,submit,,LONG_PENDING_HEDGE
20260303,51765000,11:22:45.000,20260303-AP605-00804,20260303-AP605-0075,AP604,hedge_entry,sell,9966.0,1,291,fill,quote_key=51763000,LONG_PENDING_HEDGE
20260303,51766000,11:22:46.000,20260303-AP605-00805,20260303-AP605-0075,AP605,target_exit,sell,,1,291,submit,,FLATTENING
20260303,51766000,11:22:46.000,20260303-AP605-00805,20260303-AP605-0075,AP605,target_exit,sell,10230.0,1,291,fill,,FLATTENING
20260303,51766000,11:22:46.000,20260303-AP605-00806,20260303-AP605-0075,AP604,hedge_exit,buy,,1,291,submit,,FLATTENING
20260303,51766000,11:22:46.000,20260303-AP605-00806,20260303-AP605-0075,AP604,hedge_exit,buy,9996.0,1,291,fill,quote_key=51766000,FLATTENING
20260303,51774000,11:22:54.000,20260303-AP605-00807,,AP605,target_buy,buy,10146.0,1,292,submit,initial_quote,FLAT_QUOTING
20260303,51774000,11:22:54.000,20260303-AP605-00808,,AP605,target_sell,sell,10316.0,1,292,submit,initial_quote,FLAT_QUOTING
20260303,51775000,11:22:55.000,20260303-AP605-00807,,AP605,target_buy,buy,10146.0,1,292,ack,,FLAT_QUOTING
20260303,51775000,11:22:55.000,20260303-AP605-00808,,AP605,target_sell,sell,10316.0,1,292,ack,,FLAT_QUOTING
20260303,51775000,11:22:55.000,20260303-AP605-00807,,AP605,target_buy,buy,10146.0,1,292,fill,interval_vwap,FLAT_QUOTING
20260303,51775000,11:22:55.000,20260303-AP605-00808,,AP605,target_sell,sell,10316.0,1,292,cancel_requested,opposite_target_fill,FLAT_QUOTING
20260303,51776000,11:22:56.000,20260303-AP605-00808,,AP605,target_sell,sell,10316.0,1,292,cancel_ack,opposite_target_fill,LONG_PENDING_HEDGE
20260303,51776000,11:22:56.000,20260303-AP605-00809,20260303-AP605-0076,AP604,hedge_entry,sell,,1,292,submit,,LONG_PENDING_HEDGE
20260303,51776000,11:22:56.000,20260303-AP605-00809,20260303-AP605-0076,AP604,hedge_entry,sell,9968.0,1,292,fill,quote_key=51776000,LONG_PENDING_HEDGE
20260303,51777000,11:22:57.000,20260303-AP605-00810,20260303-AP605-0076,AP605,target_exit,sell,,1,292,submit,,FLATTENING
20260303,51777000,11:22:57.000,20260303-AP605-00810,20260303-AP605-0076,AP605,target_exit,sell,10230.0,1,292,fill,,FLATTENING
20260303,51777000,11:22:57.000,20260303-AP605-00811,20260303-AP605-0076,AP604,hedge_exit,buy,,1,292,submit,,FLATTENING
20260303,51777000,11:22:57.000,20260303-AP605-00811,20260303-AP605-0076,AP604,hedge_exit,buy,9997.0,1,292,fill,quote_key=51777000,FLATTENING
20260303,51781000,11:23:01.000,20260303-AP605-00812,,AP605,target_buy,buy,10147.0,1,293,submit,initial_quote,FLAT_QUOTING
20260303,51781000,11:23:01.000,20260303-AP605-00813,,AP605,target_sell,sell,10317.0,1,293,submit,initial_quote,FLAT_QUOTING
20260303,51782000,11:23:02.000,20260303-AP605-00812,,AP605,target_buy,buy,10147.0,1,293,ack,,FLAT_QUOTING
20260303,51782000,11:23:02.000,20260303-AP605-00813,,AP605,target_sell,sell,10317.0,1,293,ack,,FLAT_QUOTING
20260303,51782000,11:23:02.000,20260303-AP605-00812,,AP605,target_buy,buy,10147.0,1,293,fill,interval_vwap,FLAT_QUOTING
20260303,51782000,11:23:02.000,20260303-AP605-00813,,AP605,target_sell,sell,10317.0,1,293,cancel_requested,opposite_target_fill,FLAT_QUOTING
20260303,51783000,11:23:03.000,20260303-AP605-00813,,AP605,target_sell,sell,10317.0,1,293,cancel_ack,opposite_target_fill,LONG_PENDING_HEDGE
20260303,51783000,11:23:03.000,20260303-AP605-00814,20260303-AP605-0077,AP604,hedge_entry,sell,,1,293,submit,,LONG_PENDING_HEDGE
20260303,51783000,11:23:03.000,20260303-AP605-00814,20260303-AP605-0077,AP604,hedge_entry,sell,9967.0,1,293,fill,quote_key=51783000,LONG_PENDING_HEDGE
20260303,51784000,11:23:04.000,20260303-AP605-00815,20260303-AP605-0077,AP605,target_exit,sell,,1,293,submit,,FLATTENING
20260303,51784000,11:23:04.000,20260303-AP605-00815,20260303-AP605-0077,AP605,target_exit,sell,10228.0,1,293,fill,,FLATTENING
20260303,51784000,11:23:04.000,20260303-AP605-00816,20260303-AP605-0077,AP604,hedge_exit,buy,,1,293,submit,,FLATTENING
20260303,51784000,11:23:04.000,20260303-AP605-00816,20260303-AP605-0077,AP604,hedge_exit,buy,9994.0,1,293,fill,quote_key=51784000,FLATTENING
20260303,51793000,11:23:13.000,20260303-AP605-00817,,AP605,target_buy,buy,10140.0,1,294,submit,initial_quote,FLAT_QUOTING
20260303,51793000,11:23:13.000,20260303-AP605-00818,,AP605,target_sell,sell,10310.0,1,294,submit,initial_quote,FLAT_QUOTING
20260303,51794000,11:23:14.000,20260303-AP605-00817,,AP605,target_buy,buy,10140.0,1,294,ack,,FLAT_QUOTING
20260303,51794000,11:23:14.000,20260303-AP605-00818,,AP605,target_sell,sell,10310.0,1,294,ack,,FLAT_QUOTING
20260303,51794000,11:23:14.000,20260303-AP605-00817,,AP605,target_buy,buy,10140.0,1,294,fill,interval_vwap,FLAT_QUOTING
20260303,51794000,11:23:14.000,20260303-AP605-00818,,AP605,target_sell,sell,10310.0,1,294,cancel_requested,opposite_target_fill,FLAT_QUOTING
20260303,51795000,11:23:15.000,20260303-AP605-00818,,AP605,target_sell,sell,10310.0,1,294,cancel_ack,opposite_target_fill,LONG_PENDING_HEDGE
20260303,51795000,11:23:15.000,20260303-AP605-00819,20260303-AP605-0078,AP604,hedge_entry,sell,,1,294,submit,,LONG_PENDING_HEDGE
20260303,51795000,11:23:15.000,20260303-AP605-00819,20260303-AP605-0078,AP604,hedge_entry,sell,9966.0,1,294,fill,quote_key=51795000,LONG_PENDING_HEDGE
20260303,51796000,11:23:16.000,20260303-AP605-00820,20260303-AP605-0078,AP605,target_exit,sell,,1,294,submit,,FLATTENING
20260303,51796000,11:23:16.000,20260303-AP605-00820,20260303-AP605-0078,AP605,target_exit,sell,10226.0,1,294,fill,,FLATTENING
20260303,51796000,11:23:16.000,20260303-AP605-00821,20260303-AP605-0078,AP604,hedge_exit,buy,,1,294,submit,,FLATTENING
20260303,51796000,11:23:16.000,20260303-AP605-00821,20260303-AP605-0078,AP604,hedge_exit,buy,9993.0,1,294,fill,quote_key=51796000,FLATTENING
20260303,51836000,11:23:56.000,20260303-AP605-00822,,AP605,target_buy,buy,10138.0,1,295,submit,initial_quote,FLAT_QUOTING
20260303,51836000,11:23:56.000,20260303-AP605-00823,,AP605,target_sell,sell,10308.0,1,295,submit,initial_quote,FLAT_QUOTING
20260303,51837000,11:23:57.000,20260303-AP605-00822,,AP605,target_buy,buy,10138.0,1,295,ack,,FLAT_QUOTING
20260303,51837000,11:23:57.000,20260303-AP605-00823,,AP605,target_sell,sell,10308.0,1,295,ack,,FLAT_QUOTING
20260303,51837000,11:23:57.000,20260303-AP605-00822,,AP605,target_buy,buy,10138.0,1,295,fill,interval_vwap,FLAT_QUOTING
20260303,51837000,11:23:57.000,20260303-AP605-00823,,AP605,target_sell,sell,10308.0,1,295,cancel_requested,opposite_target_fill,FLAT_QUOTING
20260303,51838000,11:23:58.000,20260303-AP605-00823,,AP605,target_sell,sell,10308.0,1,295,cancel_ack,opposite_target_fill,LONG_PENDING_HEDGE
20260303,51838000,11:23:58.000,20260303-AP605-00824,20260303-AP605-0079,AP604,hedge_entry,sell,,1,295,submit,,LONG_PENDING_HEDGE
20260303,51838000,11:23:58.000,20260303-AP605-00824,20260303-AP605-0079,AP604,hedge_entry,sell,9970.0,1,295,fill,quote_key=51837000,LONG_PENDING_HEDGE
20260303,51839000,11:23:59.000,20260303-AP605-00825,20260303-AP605-0079,AP605,target_exit,sell,,1,295,submit,,FLATTENING
20260303,51839000,11:23:59.000,20260303-AP605-00825,20260303-AP605-0079,AP605,target_exit,sell,10226.0,1,295,fill,,FLATTENING
20260303,51839000,11:23:59.000,20260303-AP605-00826,20260303-AP605-0079,AP604,hedge_exit,buy,,1,295,submit,,FLATTENING
20260303,51839000,11:23:59.000,20260303-AP605-00826,20260303-AP605-0079,AP604,hedge_exit,buy,9993.0,1,295,fill,quote_key=51837000,FLATTENING
20260303,51843000,11:24:03.000,20260303-AP605-00827,,AP605,target_buy,buy,10131.0,1,296,submit,initial_quote,FLAT_QUOTING
20260303,51843000,11:24:03.000,20260303-AP605-00828,,AP605,target_sell,sell,10301.0,1,296,submit,initial_quote,FLAT_QUOTING
20260303,51844000,11:24:04.000,20260303-AP605-00827,,AP605,target_buy,buy,10131.0,1,296,ack,,FLAT_QUOTING
20260303,51844000,11:24:04.000,20260303-AP605-00828,,AP605,target_sell,sell,10301.0,1,296,ack,,FLAT_QUOTING
20260303,51844000,11:24:04.000,20260303-AP605-00827,,AP605,target_buy,buy,10131.0,1,296,fill,interval_vwap,FLAT_QUOTING
20260303,51844000,11:24:04.000,20260303-AP605-00828,,AP605,target_sell,sell,10301.0,1,296,cancel_requested,opposite_target_fill,FLAT_QUOTING
20260303,51845000,11:24:05.000,20260303-AP605-00828,,AP605,target_sell,sell,10301.0,1,296,cancel_ack,opposite_target_fill,LONG_PENDING_HEDGE
20260303,51845000,11:24:05.000,20260303-AP605-00829,20260303-AP605-0080,AP604,hedge_entry,sell,,1,296,submit,,LONG_PENDING_HEDGE
20260303,51845000,11:24:05.000,20260303-AP605-00829,20260303-AP605-0080,AP604,hedge_entry,sell,9969.0,1,296,fill,quote_key=51844000,LONG_PENDING_HEDGE
20260303,51846000,11:24:06.000,20260303-AP605-00830,20260303-AP605-0080,AP605,target_exit,sell,,1,296,submit,,FLATTENING
20260303,51846000,11:24:06.000,20260303-AP605-00830,20260303-AP605-0080,AP605,target_exit,sell,10215.0,1,296,fill,,FLATTENING
20260303,51846000,11:24:06.000,20260303-AP605-00831,20260303-AP605-0080,AP604,hedge_exit,buy,,1,296,submit,,FLATTENING
20260303,51846000,11:24:06.000,20260303-AP605-00831,20260303-AP605-0080,AP604,hedge_exit,buy,9985.0,1,296,fill,quote_key=51846000,FLATTENING
20260303,51848000,11:24:08.000,20260303-AP605-00832,,AP605,target_buy,buy,10133.0,1,297,submit,initial_quote,FLAT_QUOTING
20260303,51848000,11:24:08.000,20260303-AP605-00833,,AP605,target_sell,sell,10303.0,1,297,submit,initial_quote,FLAT_QUOTING
20260303,51849000,11:24:09.000,20260303-AP605-00832,,AP605,target_buy,buy,10133.0,1,297,ack,,FLAT_QUOTING
20260303,51849000,11:24:09.000,20260303-AP605-00833,,AP605,target_sell,sell,10303.0,1,297,ack,,FLAT_QUOTING
20260303,51849000,11:24:09.000,20260303-AP605-00832,,AP605,target_buy,buy,10133.0,1,297,fill,interval_vwap,FLAT_QUOTING
20260303,51849000,11:24:09.000,20260303-AP605-00833,,AP605,target_sell,sell,10303.0,1,297,cancel_requested,opposite_target_fill,FLAT_QUOTING
20260303,51850000,11:24:10.000,20260303-AP605-00833,,AP605,target_sell,sell,10303.0,1,297,cancel_ack,opposite_target_fill,LONG_PENDING_HEDGE
20260303,51850000,11:24:10.000,20260303-AP605-00834,20260303-AP605-0081,AP604,hedge_entry,sell,,1,297,submit,,LONG_PENDING_HEDGE
20260303,51850000,11:24:10.000,20260303-AP605-00834,20260303-AP605-0081,AP604,hedge_entry,sell,9969.0,1,297,fill,quote_key=51850000,LONG_PENDING_HEDGE
20260303,51851000,11:24:11.000,20260303-AP605-00835,20260303-AP605-0081,AP605,target_exit,sell,,1,297,submit,,FLATTENING
20260303,51851000,11:24:11.000,20260303-AP605-00835,20260303-AP605-0081,AP605,target_exit,sell,10217.0,1,297,fill,,FLATTENING
20260303,51851000,11:24:11.000,20260303-AP605-00836,20260303-AP605-0081,AP604,hedge_exit,buy,,1,297,submit,,FLATTENING
20260303,51851000,11:24:11.000,20260303-AP605-00836,20260303-AP605-0081,AP604,hedge_exit,buy,9983.0,1,297,fill,quote_key=51851000,FLATTENING
20260303,51856000,11:24:16.000,20260303-AP605-00837,,AP605,target_buy,buy,10134.0,1,298,submit,initial_quote,FLAT_QUOTING
20260303,51856000,11:24:16.000,20260303-AP605-00838,,AP605,target_sell,sell,10304.0,1,298,submit,initial_quote,FLAT_QUOTING
20260303,51858000,11:24:18.000,20260303-AP605-00837,,AP605,target_buy,buy,10134.0,1,298,ack,,FLAT_QUOTING
20260303,51858000,11:24:18.000,20260303-AP605-00838,,AP605,target_sell,sell,10304.0,1,298,ack,,FLAT_QUOTING
20260303,51858000,11:24:18.000,20260303-AP605-00837,,AP605,target_buy,buy,10134.0,1,298,fill,interval_vwap,FLAT_QUOTING
20260303,51858000,11:24:18.000,20260303-AP605-00838,,AP605,target_sell,sell,10304.0,1,298,cancel_requested,opposite_target_fill,FLAT_QUOTING
20260303,51859000,11:24:19.000,20260303-AP605-00838,,AP605,target_sell,sell,10304.0,1,298,cancel_ack,opposite_target_fill,LONG_PENDING_HEDGE
20260303,51859000,11:24:19.000,20260303-AP605-00839,20260303-AP605-0082,AP604,hedge_entry,sell,,1,298,submit,,LONG_PENDING_HEDGE
20260303,51859000,11:24:19.000,20260303-AP605-00839,20260303-AP605-0082,AP604,hedge_entry,sell,9969.0,1,298,fill,quote_key=51859000,LONG_PENDING_HEDGE
20260303,51860000,11:24:20.000,20260303-AP605-00840,20260303-AP605-0082,AP605,target_exit,sell,,1,298,submit,,FLATTENING
20260303,51860000,11:24:20.000,20260303-AP605-00840,20260303-AP605-0082,AP605,target_exit,sell,10219.0,1,298,fill,,FLATTENING
20260303,51860000,11:24:20.000,20260303-AP605-00841,20260303-AP605-0082,AP604,hedge_exit,buy,,1,298,submit,,FLATTENING
20260303,51860000,11:24:20.000,20260303-AP605-00841,20260303-AP605-0082,AP604,hedge_exit,buy,9987.0,1,298,fill,quote_key=51860000,FLATTENING
20260303,51899000,11:24:59.000,20260303-AP605-00842,,AP605,target_buy,buy,10142.0,1,299,submit,initial_quote,FLAT_QUOTING
20260303,51899000,11:24:59.000,20260303-AP605-00843,,AP605,target_sell,sell,10312.0,1,299,submit,initial_quote,FLAT_QUOTING
20260303,51900000,11:25:00.000,20260303-AP605-00842,,AP605,target_buy,buy,10142.0,1,299,ack,,FLAT_QUOTING
20260303,51900000,11:25:00.000,20260303-AP605-00843,,AP605,target_sell,sell,10312.0,1,299,ack,,FLAT_QUOTING
20260303,51900000,11:25:00.000,20260303-AP605-00842,,AP605,target_buy,buy,10142.0,1,299,fill,interval_vwap,FLAT_QUOTING
20260303,51900000,11:25:00.000,20260303-AP605-00843,,AP605,target_sell,sell,10312.0,1,299,cancel_requested,opposite_target_fill,FLAT_QUOTING
20260303,51901000,11:25:01.000,20260303-AP605-00843,,AP605,target_sell,sell,10312.0,1,299,cancel_ack,opposite_target_fill,LONG_PENDING_HEDGE
20260303,51901000,11:25:01.000,20260303-AP605-00844,20260303-AP605-0083,AP604,hedge_entry,sell,,1,299,submit,,LONG_PENDING_HEDGE
20260303,51901000,11:25:01.000,20260303-AP605-00844,20260303-AP605-0083,AP604,hedge_entry,sell,9975.0,1,299,fill,quote_key=51901000,LONG_PENDING_HEDGE
20260303,51902000,11:25:02.000,20260303-AP605-00845,20260303-AP605-0083,AP605,target_exit,sell,,1,299,submit,,FLATTENING
20260303,51902000,11:25:02.000,20260303-AP605-00845,20260303-AP605-0083,AP605,target_exit,sell,10238.0,1,299,fill,,FLATTENING
20260303,51902000,11:25:02.000,20260303-AP605-00846,20260303-AP605-0083,AP604,hedge_exit,buy,,1,299,submit,,FLATTENING
20260303,51902000,11:25:02.000,20260303-AP605-00846,20260303-AP605-0083,AP604,hedge_exit,buy,9999.0,1,299,fill,quote_key=51902000,FLATTENING
20260303,51906000,11:25:06.000,20260303-AP605-00847,,AP605,target_buy,buy,10143.0,1,300,submit,initial_quote,FLAT_QUOTING
20260303,51906000,11:25:06.000,20260303-AP605-00848,,AP605,target_sell,sell,10313.0,1,300,submit,initial_quote,FLAT_QUOTING
20260303,51907000,11:25:07.000,20260303-AP605-00847,,AP605,target_buy,buy,10143.0,1,300,ack,,FLAT_QUOTING
20260303,51907000,11:25:07.000,20260303-AP605-00848,,AP605,target_sell,sell,10313.0,1,300,ack,,FLAT_QUOTING
20260303,51907000,11:25:07.000,20260303-AP605-00847,,AP605,target_buy,buy,10143.0,1,300,fill,interval_vwap,FLAT_QUOTING
20260303,51907000,11:25:07.000,20260303-AP605-00848,,AP605,target_sell,sell,10313.0,1,300,cancel_requested,opposite_target_fill,FLAT_QUOTING
20260303,51908000,11:25:08.000,20260303-AP605-00848,,AP605,target_sell,sell,10313.0,1,300,cancel_ack,opposite_target_fill,LONG_PENDING_HEDGE
20260303,51908000,11:25:08.000,20260303-AP605-00849,20260303-AP605-0084,AP604,hedge_entry,sell,,1,300,submit,,LONG_PENDING_HEDGE
20260303,51908000,11:25:08.000,20260303-AP605-00849,20260303-AP605-0084,AP604,hedge_entry,sell,9977.0,1,300,fill,quote_key=51908000,LONG_PENDING_HEDGE
20260303,51909000,11:25:09.000,20260303-AP605-00850,20260303-AP605-0084,AP605,target_exit,sell,,1,300,submit,,FLATTENING
20260303,51909000,11:25:09.000,20260303-AP605-00850,20260303-AP605-0084,AP605,target_exit,sell,10238.0,1,300,fill,,FLATTENING
20260303,51909000,11:25:09.000,20260303-AP605-00851,20260303-AP605-0084,AP604,hedge_exit,buy,,1,300,submit,,FLATTENING
20260303,51909000,11:25:09.000,20260303-AP605-00851,20260303-AP605-0084,AP604,hedge_exit,buy,9999.0,1,300,fill,quote_key=51909000,FLATTENING
20260303,51911000,11:25:11.000,20260303-AP605-00852,,AP605,target_buy,buy,10145.0,1,301,submit,initial_quote,FLAT_QUOTING
20260303,51911000,11:25:11.000,20260303-AP605-00853,,AP605,target_sell,sell,10315.0,1,301,submit,initial_quote,FLAT_QUOTING
20260303,51912000,11:25:12.000,20260303-AP605-00852,,AP605,target_buy,buy,10145.0,1,301,ack,,FLAT_QUOTING
20260303,51912000,11:25:12.000,20260303-AP605-00853,,AP605,target_sell,sell,10315.0,1,301,ack,,FLAT_QUOTING
20260303,51912000,11:25:12.000,20260303-AP605-00852,,AP605,target_buy,buy,10145.0,1,301,fill,interval_vwap,FLAT_QUOTING
20260303,51912000,11:25:12.000,20260303-AP605-00853,,AP605,target_sell,sell,10315.0,1,301,cancel_requested,opposite_target_fill,FLAT_QUOTING
20260303,51913000,11:25:13.000,20260303-AP605-00853,,AP605,target_sell,sell,10315.0,1,301,cancel_ack,opposite_target_fill,LONG_PENDING_HEDGE
20260303,51913000,11:25:13.000,20260303-AP605-00854,20260303-AP605-0085,AP604,hedge_entry,sell,,1,301,submit,,LONG_PENDING_HEDGE
20260303,51913000,11:25:13.000,20260303-AP605-00854,20260303-AP605-0085,AP604,hedge_entry,sell,9977.0,1,301,fill,quote_key=51912000,LONG_PENDING_HEDGE
20260303,51914000,11:25:14.000,20260303-AP605-00855,20260303-AP605-0085,AP605,target_exit,sell,,1,301,submit,,FLATTENING
20260303,51914000,11:25:14.000,20260303-AP605-00855,20260303-AP605-0085,AP605,target_exit,sell,10239.0,1,301,fill,,FLATTENING
20260303,51914000,11:25:14.000,20260303-AP605-00856,20260303-AP605-0085,AP604,hedge_exit,buy,,1,301,submit,,FLATTENING
20260303,51914000,11:25:14.000,20260303-AP605-00856,20260303-AP605-0085,AP604,hedge_exit,buy,9999.0,1,301,fill,quote_key=51912000,FLATTENING
20260303,51923000,11:25:23.000,20260303-AP605-00857,,AP605,target_buy,buy,10146.0,1,302,submit,initial_quote,FLAT_QUOTING
20260303,51923000,11:25:23.000,20260303-AP605-00858,,AP605,target_sell,sell,10316.0,1,302,submit,initial_quote,FLAT_QUOTING
20260303,51924000,11:25:24.000,20260303-AP605-00857,,AP605,target_buy,buy,10146.0,1,302,ack,,FLAT_QUOTING
20260303,51924000,11:25:24.000,20260303-AP605-00858,,AP605,target_sell,sell,10316.0,1,302,ack,,FLAT_QUOTING
20260303,51924000,11:25:24.000,20260303-AP605-00857,,AP605,target_buy,buy,10146.0,1,302,fill,interval_vwap,FLAT_QUOTING
20260303,51924000,11:25:24.000,20260303-AP605-00858,,AP605,target_sell,sell,10316.0,1,302,cancel_requested,opposite_target_fill,FLAT_QUOTING
20260303,51925000,11:25:25.000,20260303-AP605-00858,,AP605,target_sell,sell,10316.0,1,302,cancel_ack,opposite_target_fill,LONG_PENDING_HEDGE
20260303,51925000,11:25:25.000,20260303-AP605-00859,20260303-AP605-0086,AP604,hedge_entry,sell,,1,302,submit,,LONG_PENDING_HEDGE
20260303,51925000,11:25:25.000,20260303-AP605-00859,20260303-AP605-0086,AP604,hedge_entry,sell,9978.0,1,302,fill,quote_key=51925000,LONG_PENDING_HEDGE
20260303,51926000,11:25:26.000,20260303-AP605-00860,20260303-AP605-0086,AP605,target_exit,sell,,1,302,submit,,FLATTENING
20260303,51926000,11:25:26.000,20260303-AP605-00860,20260303-AP605-0086,AP605,target_exit,sell,10242.0,1,302,fill,,FLATTENING
20260303,51926000,11:25:26.000,20260303-AP605-00861,20260303-AP605-0086,AP604,hedge_exit,buy,,1,302,submit,,FLATTENING
20260303,51926000,11:25:26.000,20260303-AP605-00861,20260303-AP605-0086,AP604,hedge_exit,buy,9999.0,1,302,fill,quote_key=51926000,FLATTENING
20260303,51962000,11:26:02.000,20260303-AP605-00862,,AP605,target_buy,buy,10154.0,1,303,submit,initial_quote,FLAT_QUOTING
20260303,51962000,11:26:02.000,20260303-AP605-00863,,AP605,target_sell,sell,10324.0,1,303,submit,initial_quote,FLAT_QUOTING
20260303,51963000,11:26:03.000,20260303-AP605-00862,,AP605,target_buy,buy,10154.0,1,303,ack,,FLAT_QUOTING
20260303,51963000,11:26:03.000,20260303-AP605-00863,,AP605,target_sell,sell,10324.0,1,303,ack,,FLAT_QUOTING
20260303,51963000,11:26:03.000,20260303-AP605-00862,,AP605,target_buy,buy,10154.0,1,303,fill,interval_vwap,FLAT_QUOTING
20260303,51963000,11:26:03.000,20260303-AP605-00863,,AP605,target_sell,sell,10324.0,1,303,cancel_requested,opposite_target_fill,FLAT_QUOTING
20260303,51964000,11:26:04.000,20260303-AP605-00863,,AP605,target_sell,sell,10324.0,1,303,cancel_ack,opposite_target_fill,LONG_PENDING_HEDGE
20260303,51964000,11:26:04.000,20260303-AP605-00864,20260303-AP605-0087,AP604,hedge_entry,sell,,1,303,submit,,LONG_PENDING_HEDGE
20260303,51964000,11:26:04.000,20260303-AP605-00864,20260303-AP605-0087,AP604,hedge_entry,sell,9988.0,1,303,fill,quote_key=51964000,LONG_PENDING_HEDGE
20260303,51965000,11:26:05.000,20260303-AP605-00865,20260303-AP605-0087,AP605,target_exit,sell,,1,303,submit,,FLATTENING
20260303,51965000,11:26:05.000,20260303-AP605-00865,20260303-AP605-0087,AP605,target_exit,sell,10250.0,1,303,fill,,FLATTENING
20260303,51965000,11:26:05.000,20260303-AP605-00866,20260303-AP605-0087,AP604,hedge_exit,buy,,1,303,submit,,FLATTENING
20260303,51965000,11:26:05.000,20260303-AP605-00866,20260303-AP605-0087,AP604,hedge_exit,buy,9999.0,1,303,fill,quote_key=51965000,FLATTENING
20260303,51983000,11:26:23.000,20260303-AP605-00867,,AP605,target_buy,buy,10171.0,1,304,submit,initial_quote,FLAT_QUOTING
20260303,51983000,11:26:23.000,20260303-AP605-00868,,AP605,target_sell,sell,10341.0,1,304,submit,initial_quote,FLAT_QUOTING
20260303,51984000,11:26:24.000,20260303-AP605-00867,,AP605,target_buy,buy,10171.0,1,304,ack,,FLAT_QUOTING
20260303,51984000,11:26:24.000,20260303-AP605-00868,,AP605,target_sell,sell,10341.0,1,304,ack,,FLAT_QUOTING
20260303,51984000,11:26:24.000,20260303-AP605-00867,,AP605,target_buy,buy,10171.0,1,304,fill,interval_vwap,FLAT_QUOTING
20260303,51984000,11:26:24.000,20260303-AP605-00868,,AP605,target_sell,sell,10341.0,1,304,cancel_requested,opposite_target_fill,FLAT_QUOTING
20260303,51985000,11:26:25.000,20260303-AP605-00868,,AP605,target_sell,sell,10341.0,1,304,cancel_ack,opposite_target_fill,LONG_PENDING_HEDGE
20260303,51985000,11:26:25.000,20260303-AP605-00869,20260303-AP605-0088,AP604,hedge_entry,sell,,1,304,submit,,LONG_PENDING_HEDGE
20260303,51985000,11:26:25.000,20260303-AP605-00869,20260303-AP605-0088,AP604,hedge_entry,sell,10002.0,1,304,fill,quote_key=51984000,LONG_PENDING_HEDGE
20260303,51986000,11:26:26.000,20260303-AP605-00870,20260303-AP605-0088,AP605,target_exit,sell,,1,304,submit,,FLATTENING
20260303,51986000,11:26:26.000,20260303-AP605-00870,20260303-AP605-0088,AP605,target_exit,sell,10264.0,1,304,fill,,FLATTENING
20260303,51986000,11:26:26.000,20260303-AP605-00871,20260303-AP605-0088,AP604,hedge_exit,buy,,1,304,submit,,FLATTENING
20260303,51986000,11:26:26.000,20260303-AP605-00871,20260303-AP605-0088,AP604,hedge_exit,buy,10021.0,1,304,fill,quote_key=51986000,FLATTENING
20260303,51998000,11:26:38.000,20260303-AP605-00872,,AP605,target_buy,buy,10169.0,1,305,submit,initial_quote,FLAT_QUOTING
20260303,51998000,11:26:38.000,20260303-AP605-00873,,AP605,target_sell,sell,10339.0,1,305,submit,initial_quote,FLAT_QUOTING
20260303,51999000,11:26:39.000,20260303-AP605-00872,,AP605,target_buy,buy,10169.0,1,305,ack,,FLAT_QUOTING
20260303,51999000,11:26:39.000,20260303-AP605-00873,,AP605,target_sell,sell,10339.0,1,305,ack,,FLAT_QUOTING
20260303,51999000,11:26:39.000,20260303-AP605-00872,,AP605,target_buy,buy,10169.0,1,305,fill,interval_vwap,FLAT_QUOTING
20260303,51999000,11:26:39.000,20260303-AP605-00873,,AP605,target_sell,sell,10339.0,1,305,cancel_requested,opposite_target_fill,FLAT_QUOTING
20260303,52000000,11:26:40.000,20260303-AP605-00873,,AP605,target_sell,sell,10339.0,1,305,cancel_ack,opposite_target_fill,LONG_PENDING_HEDGE
20260303,52000000,11:26:40.000,20260303-AP605-00874,20260303-AP605-0089,AP604,hedge_entry,sell,,1,305,submit,,LONG_PENDING_HEDGE
20260303,52000000,11:26:40.000,20260303-AP605-00874,20260303-AP605-0089,AP604,hedge_entry,sell,10004.0,1,305,fill,quote_key=52000000,LONG_PENDING_HEDGE
20260303,52001000,11:26:41.000,20260303-AP605-00875,20260303-AP605-0089,AP605,target_exit,sell,,1,305,submit,,FLATTENING
20260303,52001000,11:26:41.000,20260303-AP605-00875,20260303-AP605-0089,AP605,target_exit,sell,10266.0,1,305,fill,,FLATTENING
20260303,52001000,11:26:41.000,20260303-AP605-00876,20260303-AP605-0089,AP604,hedge_exit,buy,,1,305,submit,,FLATTENING
20260303,52001000,11:26:41.000,20260303-AP605-00876,20260303-AP605-0089,AP604,hedge_exit,buy,10021.0,1,305,fill,quote_key=52000000,FLATTENING
20260303,52003000,11:26:43.000,20260303-AP605-00877,,AP605,target_buy,buy,10169.0,1,306,submit,initial_quote,FLAT_QUOTING
20260303,52003000,11:26:43.000,20260303-AP605-00878,,AP605,target_sell,sell,10339.0,1,306,submit,initial_quote,FLAT_QUOTING
20260303,52004000,11:26:44.000,20260303-AP605-00877,,AP605,target_buy,buy,10169.0,1,306,ack,,FLAT_QUOTING
20260303,52004000,11:26:44.000,20260303-AP605-00878,,AP605,target_sell,sell,10339.0,1,306,ack,,FLAT_QUOTING
20260303,52004000,11:26:44.000,20260303-AP605-00877,,AP605,target_buy,buy,10169.0,1,306,fill,interval_vwap,FLAT_QUOTING
20260303,52004000,11:26:44.000,20260303-AP605-00878,,AP605,target_sell,sell,10339.0,1,306,cancel_requested,opposite_target_fill,FLAT_QUOTING
20260303,52005000,11:26:45.000,20260303-AP605-00878,,AP605,target_sell,sell,10339.0,1,306,cancel_ack,opposite_target_fill,LONG_PENDING_HEDGE
20260303,52005000,11:26:45.000,20260303-AP605-00879,20260303-AP605-0090,AP604,hedge_entry,sell,,1,306,submit,,LONG_PENDING_HEDGE
20260303,52005000,11:26:45.000,20260303-AP605-00879,20260303-AP605-0090,AP604,hedge_entry,sell,10001.0,1,306,fill,quote_key=52005000,LONG_PENDING_HEDGE
20260303,52006000,11:26:46.000,20260303-AP605-00880,20260303-AP605-0090,AP605,target_exit,sell,,1,306,submit,,FLATTENING
20260303,52006000,11:26:46.000,20260303-AP605-00880,20260303-AP605-0090,AP605,target_exit,sell,10262.0,1,306,fill,,FLATTENING
20260303,52006000,11:26:46.000,20260303-AP605-00881,20260303-AP605-0090,AP604,hedge_exit,buy,,1,306,submit,,FLATTENING
20260303,52006000,11:26:46.000,20260303-AP605-00881,20260303-AP605-0090,AP604,hedge_exit,buy,10021.0,1,306,fill,quote_key=52006000,FLATTENING
20260303,52025000,11:27:05.000,20260303-AP605-00882,,AP605,target_buy,buy,10175.0,1,307,submit,initial_quote,FLAT_QUOTING
20260303,52025000,11:27:05.000,20260303-AP605-00883,,AP605,target_sell,sell,10345.0,1,307,submit,initial_quote,FLAT_QUOTING
20260303,52026000,11:27:06.000,20260303-AP605-00882,,AP605,target_buy,buy,10175.0,1,307,ack,,FLAT_QUOTING
20260303,52026000,11:27:06.000,20260303-AP605-00883,,AP605,target_sell,sell,10345.0,1,307,ack,,FLAT_QUOTING
20260303,52026000,11:27:06.000,20260303-AP605-00882,,AP605,target_buy,buy,10175.0,1,307,fill,interval_vwap,FLAT_QUOTING
20260303,52026000,11:27:06.000,20260303-AP605-00883,,AP605,target_sell,sell,10345.0,1,307,cancel_requested,opposite_target_fill,FLAT_QUOTING
20260303,52027000,11:27:07.000,20260303-AP605-00883,,AP605,target_sell,sell,10345.0,1,307,cancel_ack,opposite_target_fill,LONG_PENDING_HEDGE
20260303,52027000,11:27:07.000,20260303-AP605-00884,20260303-AP605-0091,AP604,hedge_entry,sell,,1,307,submit,,LONG_PENDING_HEDGE
20260303,52027000,11:27:07.000,20260303-AP605-00884,20260303-AP605-0091,AP604,hedge_entry,sell,10008.0,1,307,fill,quote_key=52027000,LONG_PENDING_HEDGE
20260303,52028000,11:27:08.000,20260303-AP605-00885,20260303-AP605-0091,AP605,target_exit,sell,,1,307,submit,,FLATTENING
20260303,52028000,11:27:08.000,20260303-AP605-00885,20260303-AP605-0091,AP605,target_exit,sell,10275.0,1,307,fill,,FLATTENING
20260303,52028000,11:27:08.000,20260303-AP605-00886,20260303-AP605-0091,AP604,hedge_exit,buy,,1,307,submit,,FLATTENING
20260303,52028000,11:27:08.000,20260303-AP605-00886,20260303-AP605-0091,AP604,hedge_exit,buy,10021.0,1,307,fill,quote_key=52028000,FLATTENING
20260303,52046000,11:27:26.000,20260303-AP605-00887,,AP605,target_buy,buy,10192.0,1,308,submit,initial_quote,FLAT_QUOTING
20260303,52046000,11:27:26.000,20260303-AP605-00888,,AP605,target_sell,sell,10362.0,1,308,submit,initial_quote,FLAT_QUOTING
20260303,52047000,11:27:27.000,20260303-AP605-00887,,AP605,target_buy,buy,10192.0,1,308,ack,,FLAT_QUOTING
20260303,52047000,11:27:27.000,20260303-AP605-00888,,AP605,target_sell,sell,10362.0,1,308,ack,,FLAT_QUOTING
20260303,52047000,11:27:27.000,20260303-AP605-00887,,AP605,target_buy,buy,10192.0,1,308,fill,interval_vwap,FLAT_QUOTING
20260303,52047000,11:27:27.000,20260303-AP605-00888,,AP605,target_sell,sell,10362.0,1,308,cancel_requested,opposite_target_fill,FLAT_QUOTING
20260303,52048000,11:27:28.000,20260303-AP605-00888,,AP605,target_sell,sell,10362.0,1,308,cancel_ack,opposite_target_fill,LONG_PENDING_HEDGE
20260303,52048000,11:27:28.000,20260303-AP605-00889,20260303-AP605-0092,AP604,hedge_entry,sell,,1,308,submit,,LONG_PENDING_HEDGE
20260303,52048000,11:27:28.000,20260303-AP605-00889,20260303-AP605-0092,AP604,hedge_entry,sell,10019.0,1,308,fill,quote_key=52048000,LONG_PENDING_HEDGE
20260303,52049000,11:27:29.000,20260303-AP605-00890,20260303-AP605-0092,AP605,target_exit,sell,,1,308,submit,,FLATTENING
20260303,52049000,11:27:29.000,20260303-AP605-00890,20260303-AP605-0092,AP605,target_exit,sell,10287.0,1,308,fill,,FLATTENING
20260303,52049000,11:27:29.000,20260303-AP605-00891,20260303-AP605-0092,AP604,hedge_exit,buy,,1,308,submit,,FLATTENING
20260303,52049000,11:27:29.000,20260303-AP605-00891,20260303-AP605-0092,AP604,hedge_exit,buy,10044.0,1,308,fill,quote_key=52049000,FLATTENING
20260303,52062000,11:27:42.000,20260303-AP605-00892,,AP605,target_buy,buy,10201.0,1,309,submit,initial_quote,FLAT_QUOTING
20260303,52062000,11:27:42.000,20260303-AP605-00893,,AP605,target_sell,sell,10371.0,1,309,submit,initial_quote,FLAT_QUOTING
20260303,52063000,11:27:43.000,20260303-AP605-00892,,AP605,target_buy,buy,10201.0,1,309,ack,,FLAT_QUOTING
20260303,52063000,11:27:43.000,20260303-AP605-00893,,AP605,target_sell,sell,10371.0,1,309,ack,,FLAT_QUOTING
20260303,52063000,11:27:43.000,20260303-AP605-00892,,AP605,target_buy,buy,10201.0,1,309,fill,interval_vwap,FLAT_QUOTING
20260303,52063000,11:27:43.000,20260303-AP605-00893,,AP605,target_sell,sell,10371.0,1,309,cancel_requested,opposite_target_fill,FLAT_QUOTING
20260303,52064000,11:27:44.000,20260303-AP605-00893,,AP605,target_sell,sell,10371.0,1,309,cancel_ack,opposite_target_fill,LONG_PENDING_HEDGE
20260303,52064000,11:27:44.000,20260303-AP605-00894,20260303-AP605-0093,AP604,hedge_entry,sell,,1,309,submit,,LONG_PENDING_HEDGE
20260303,52064000,11:27:44.000,20260303-AP605-00894,20260303-AP605-0093,AP604,hedge_entry,sell,10029.0,1,309,fill,quote_key=52064000,LONG_PENDING_HEDGE
20260303,52065000,11:27:45.000,20260303-AP605-00895,20260303-AP605-0093,AP605,target_exit,sell,,1,309,submit,,FLATTENING
20260303,52065000,11:27:45.000,20260303-AP605-00895,20260303-AP605-0093,AP605,target_exit,sell,10303.0,1,309,fill,,FLATTENING
20260303,52065000,11:27:45.000,20260303-AP605-00896,20260303-AP605-0093,AP604,hedge_exit,buy,,1,309,submit,,FLATTENING
20260303,52065000,11:27:45.000,20260303-AP605-00896,20260303-AP605-0093,AP604,hedge_exit,buy,10061.0,1,309,fill,quote_key=52065000,FLATTENING
20260303,52095000,11:28:15.000,20260303-AP605-00897,,AP605,target_buy,buy,10181.0,1,310,submit,initial_quote,FLAT_QUOTING
20260303,52095000,11:28:15.000,20260303-AP605-00898,,AP605,target_sell,sell,10351.0,1,310,submit,initial_quote,FLAT_QUOTING
20260303,52096000,11:28:16.000,20260303-AP605-00897,,AP605,target_buy,buy,10181.0,1,310,ack,,FLAT_QUOTING
20260303,52096000,11:28:16.000,20260303-AP605-00898,,AP605,target_sell,sell,10351.0,1,310,ack,,FLAT_QUOTING
20260303,52096000,11:28:16.000,20260303-AP605-00897,,AP605,target_buy,buy,10181.0,1,310,fill,interval_vwap,FLAT_QUOTING
20260303,52096000,11:28:16.000,20260303-AP605-00898,,AP605,target_sell,sell,10351.0,1,310,cancel_requested,opposite_target_fill,FLAT_QUOTING
20260303,52097000,11:28:17.000,20260303-AP605-00898,,AP605,target_sell,sell,10351.0,1,310,cancel_ack,opposite_target_fill,LONG_PENDING_HEDGE
20260303,52097000,11:28:17.000,20260303-AP605-00899,20260303-AP605-0094,AP604,hedge_entry,sell,,1,310,submit,,LONG_PENDING_HEDGE
20260303,52097000,11:28:17.000,20260303-AP605-00899,20260303-AP605-0094,AP604,hedge_entry,sell,10009.0,1,310,fill,quote_key=52097000,LONG_PENDING_HEDGE
20260303,52098000,11:28:18.000,20260303-AP605-00900,20260303-AP605-0094,AP605,target_exit,sell,,1,310,submit,,FLATTENING
20260303,52098000,11:28:18.000,20260303-AP605-00900,20260303-AP605-0094,AP605,target_exit,sell,10281.0,1,310,fill,,FLATTENING
20260303,52098000,11:28:18.000,20260303-AP605-00901,20260303-AP605-0094,AP604,hedge_exit,buy,,1,310,submit,,FLATTENING
20260303,52098000,11:28:18.000,20260303-AP605-00901,20260303-AP605-0094,AP604,hedge_exit,buy,10033.0,1,310,fill,quote_key=52098000,FLATTENING
20260303,52100000,11:28:20.000,20260303-AP605-00902,,AP605,target_buy,buy,10181.0,1,311,submit,initial_quote,FLAT_QUOTING
20260303,52100000,11:28:20.000,20260303-AP605-00903,,AP605,target_sell,sell,10351.0,1,311,submit,initial_quote,FLAT_QUOTING
20260303,52101000,11:28:21.000,20260303-AP605-00902,,AP605,target_buy,buy,10181.0,1,311,ack,,FLAT_QUOTING
20260303,52101000,11:28:21.000,20260303-AP605-00903,,AP605,target_sell,sell,10351.0,1,311,ack,,FLAT_QUOTING
20260303,52101000,11:28:21.000,20260303-AP605-00902,,AP605,target_buy,buy,10181.0,1,311,fill,interval_vwap,FLAT_QUOTING
20260303,52101000,11:28:21.000,20260303-AP605-00903,,AP605,target_sell,sell,10351.0,1,311,cancel_requested,opposite_target_fill,FLAT_QUOTING
20260303,52102000,11:28:22.000,20260303-AP605-00903,,AP605,target_sell,sell,10351.0,1,311,cancel_ack,opposite_target_fill,LONG_PENDING_HEDGE
20260303,52102000,11:28:22.000,20260303-AP605-00904,20260303-AP605-0095,AP604,hedge_entry,sell,,1,311,submit,,LONG_PENDING_HEDGE
20260303,52102000,11:28:22.000,20260303-AP605-00904,20260303-AP605-0095,AP604,hedge_entry,sell,10007.0,1,311,fill,quote_key=52102000,LONG_PENDING_HEDGE
20260303,52103000,11:28:23.000,20260303-AP605-00905,20260303-AP605-0095,AP605,target_exit,sell,,1,311,submit,,FLATTENING
20260303,52103000,11:28:23.000,20260303-AP605-00905,20260303-AP605-0095,AP605,target_exit,sell,10280.0,1,311,fill,,FLATTENING
20260303,52103000,11:28:23.000,20260303-AP605-00906,20260303-AP605-0095,AP604,hedge_exit,buy,,1,311,submit,,FLATTENING
20260303,52103000,11:28:23.000,20260303-AP605-00906,20260303-AP605-0095,AP604,hedge_exit,buy,10032.0,1,311,fill,quote_key=52103000,FLATTENING
20260303,52123000,11:28:43.000,20260303-AP605-00907,,AP605,target_buy,buy,10183.0,1,312,submit,initial_quote,FLAT_QUOTING
20260303,52123000,11:28:43.000,20260303-AP605-00908,,AP605,target_sell,sell,10353.0,1,312,submit,initial_quote,FLAT_QUOTING
20260303,52124000,11:28:44.000,20260303-AP605-00907,,AP605,target_buy,buy,10183.0,1,312,ack,,FLAT_QUOTING
20260303,52124000,11:28:44.000,20260303-AP605-00908,,AP605,target_sell,sell,10353.0,1,312,ack,,FLAT_QUOTING
20260303,52124000,11:28:44.000,20260303-AP605-00907,,AP605,target_buy,buy,10183.0,1,312,fill,interval_vwap,FLAT_QUOTING
20260303,52124000,11:28:44.000,20260303-AP605-00908,,AP605,target_sell,sell,10353.0,1,312,cancel_requested,opposite_target_fill,FLAT_QUOTING
20260303,52125000,11:28:45.000,20260303-AP605-00908,,AP605,target_sell,sell,10353.0,1,312,cancel_ack,opposite_target_fill,LONG_PENDING_HEDGE
20260303,52125000,11:28:45.000,20260303-AP605-00909,20260303-AP605-0096,AP604,hedge_entry,sell,,1,312,submit,,LONG_PENDING_HEDGE
20260303,52125000,11:28:45.000,20260303-AP605-00909,20260303-AP605-0096,AP604,hedge_entry,sell,10005.0,1,312,fill,quote_key=52125000,LONG_PENDING_HEDGE
20260303,52126000,11:28:46.000,20260303-AP605-00910,20260303-AP605-0096,AP605,target_exit,sell,,1,312,submit,,FLATTENING
20260303,52126000,11:28:46.000,20260303-AP605-00910,20260303-AP605-0096,AP605,target_exit,sell,10280.0,1,312,fill,,FLATTENING
20260303,52126000,11:28:46.000,20260303-AP605-00911,20260303-AP605-0096,AP604,hedge_exit,buy,,1,312,submit,,FLATTENING
20260303,52126000,11:28:46.000,20260303-AP605-00911,20260303-AP605-0096,AP604,hedge_exit,buy,10030.0,1,312,fill,quote_key=52126000,FLATTENING
20260303,52128000,11:28:48.000,20260303-AP605-00912,,AP605,target_buy,buy,10183.0,1,313,submit,initial_quote,FLAT_QUOTING
20260303,52128000,11:28:48.000,20260303-AP605-00913,,AP605,target_sell,sell,10353.0,1,313,submit,initial_quote,FLAT_QUOTING
20260303,52129000,11:28:49.000,20260303-AP605-00912,,AP605,target_buy,buy,10183.0,1,313,ack,,FLAT_QUOTING
20260303,52129000,11:28:49.000,20260303-AP605-00913,,AP605,target_sell,sell,10353.0,1,313,ack,,FLAT_QUOTING
20260303,52129000,11:28:49.000,20260303-AP605-00912,,AP605,target_buy,buy,10183.0,1,313,fill,interval_vwap,FLAT_QUOTING
20260303,52129000,11:28:49.000,20260303-AP605-00913,,AP605,target_sell,sell,10353.0,1,313,cancel_requested,opposite_target_fill,FLAT_QUOTING
20260303,52130000,11:28:50.000,20260303-AP605-00913,,AP605,target_sell,sell,10353.0,1,313,cancel_ack,opposite_target_fill,LONG_PENDING_HEDGE
20260303,52130000,11:28:50.000,20260303-AP605-00914,20260303-AP605-0097,AP604,hedge_entry,sell,,1,313,submit,,LONG_PENDING_HEDGE
20260303,52130000,11:28:50.000,20260303-AP605-00914,20260303-AP605-0097,AP604,hedge_entry,sell,10008.0,1,313,fill,quote_key=52130000,LONG_PENDING_HEDGE
20260303,52131000,11:28:51.000,20260303-AP605-00915,20260303-AP605-0097,AP605,target_exit,sell,,1,313,submit,,FLATTENING
20260303,52131000,11:28:51.000,20260303-AP605-00915,20260303-AP605-0097,AP605,target_exit,sell,10281.0,1,313,fill,,FLATTENING
20260303,52131000,11:28:51.000,20260303-AP605-00916,20260303-AP605-0097,AP604,hedge_exit,buy,,1,313,submit,,FLATTENING
20260303,52131000,11:28:51.000,20260303-AP605-00916,20260303-AP605-0097,AP604,hedge_exit,buy,10030.0,1,313,fill,quote_key=52131000,FLATTENING
20260303,52162000,11:29:22.000,20260303-AP605-00917,,AP605,target_buy,buy,10199.0,1,314,submit,initial_quote,FLAT_QUOTING
20260303,52162000,11:29:22.000,20260303-AP605-00918,,AP605,target_sell,sell,10369.0,1,314,submit,initial_quote,FLAT_QUOTING
20260303,52163000,11:29:23.000,20260303-AP605-00917,,AP605,target_buy,buy,10199.0,1,314,ack,,FLAT_QUOTING
20260303,52163000,11:29:23.000,20260303-AP605-00918,,AP605,target_sell,sell,10369.0,1,314,ack,,FLAT_QUOTING
20260303,52163000,11:29:23.000,20260303-AP605-00917,,AP605,target_buy,buy,10199.0,1,314,fill,interval_vwap,FLAT_QUOTING
20260303,52163000,11:29:23.000,20260303-AP605-00918,,AP605,target_sell,sell,10369.0,1,314,cancel_requested,opposite_target_fill,FLAT_QUOTING
20260303,52164000,11:29:24.000,20260303-AP605-00918,,AP605,target_sell,sell,10369.0,1,314,cancel_ack,opposite_target_fill,LONG_PENDING_HEDGE
20260303,52164000,11:29:24.000,20260303-AP605-00919,20260303-AP605-0098,AP604,hedge_entry,sell,,1,314,submit,,LONG_PENDING_HEDGE
20260303,52164000,11:29:24.000,20260303-AP605-00919,20260303-AP605-0098,AP604,hedge_entry,sell,10026.0,1,314,fill,quote_key=52164000,LONG_PENDING_HEDGE
20260303,52165000,11:29:25.000,20260303-AP605-00920,20260303-AP605-0098,AP605,target_exit,sell,,1,314,submit,,FLATTENING
20260303,52165000,11:29:25.000,20260303-AP605-00920,20260303-AP605-0098,AP605,target_exit,sell,10302.0,1,314,fill,,FLATTENING
20260303,52165000,11:29:25.000,20260303-AP605-00921,20260303-AP605-0098,AP604,hedge_exit,buy,,1,314,submit,,FLATTENING
20260303,52165000,11:29:25.000,20260303-AP605-00921,20260303-AP605-0098,AP604,hedge_exit,buy,10050.0,1,314,fill,quote_key=52165000,FLATTENING
20260303,52167000,11:29:27.000,20260303-AP605-00922,,AP605,target_buy,buy,10209.0,1,315,submit,initial_quote,FLAT_QUOTING
20260303,52167000,11:29:27.000,20260303-AP605-00923,,AP605,target_sell,sell,10379.0,1,315,submit,initial_quote,FLAT_QUOTING
20260303,52168000,11:29:28.000,20260303-AP605-00922,,AP605,target_buy,buy,10209.0,1,315,ack,,FLAT_QUOTING
20260303,52168000,11:29:28.000,20260303-AP605-00923,,AP605,target_sell,sell,10379.0,1,315,ack,,FLAT_QUOTING
20260303,52168000,11:29:28.000,20260303-AP605-00922,,AP605,target_buy,buy,10209.0,1,315,fill,interval_vwap,FLAT_QUOTING
20260303,52168000,11:29:28.000,20260303-AP605-00923,,AP605,target_sell,sell,10379.0,1,315,cancel_requested,opposite_target_fill,FLAT_QUOTING
20260303,52169000,11:29:29.000,20260303-AP605-00923,,AP605,target_sell,sell,10379.0,1,315,cancel_ack,opposite_target_fill,LONG_PENDING_HEDGE
20260303,52169000,11:29:29.000,20260303-AP605-00924,20260303-AP605-0099,AP604,hedge_entry,sell,,1,315,submit,,LONG_PENDING_HEDGE
20260303,52169000,11:29:29.000,20260303-AP605-00924,20260303-AP605-0099,AP604,hedge_entry,sell,10028.0,1,315,fill,quote_key=52168000,LONG_PENDING_HEDGE
20260303,52170000,11:29:30.000,20260303-AP605-00925,20260303-AP605-0099,AP605,target_exit,sell,,1,315,submit,,FLATTENING
20260303,52170000,11:29:30.000,20260303-AP605-00925,20260303-AP605-0099,AP605,target_exit,sell,10303.0,1,315,fill,,FLATTENING
20260303,52170000,11:29:30.000,20260303-AP605-00926,20260303-AP605-0099,AP604,hedge_exit,buy,,1,315,submit,,FLATTENING
20260303,52170000,11:29:30.000,20260303-AP605-00926,20260303-AP605-0099,AP604,hedge_exit,buy,10051.0,1,315,fill,quote_key=52170000,FLATTENING
20260303,52186000,11:29:46.000,20260303-AP605-00927,,AP605,target_buy,buy,10205.0,1,316,submit,initial_quote,FLAT_QUOTING
20260303,52186000,11:29:46.000,20260303-AP605-00928,,AP605,target_sell,sell,10375.0,1,316,submit,initial_quote,FLAT_QUOTING
20260303,52187000,11:29:47.000,20260303-AP605-00927,,AP605,target_buy,buy,10205.0,1,316,ack,,FLAT_QUOTING
20260303,52187000,11:29:47.000,20260303-AP605-00928,,AP605,target_sell,sell,10375.0,1,316,ack,,FLAT_QUOTING
20260303,52187000,11:29:47.000,20260303-AP605-00927,,AP605,target_buy,buy,10205.0,1,316,fill,interval_vwap,FLAT_QUOTING
20260303,52187000,11:29:47.000,20260303-AP605-00928,,AP605,target_sell,sell,10375.0,1,316,cancel_requested,opposite_target_fill,FLAT_QUOTING
20260303,52188000,11:29:48.000,20260303-AP605-00928,,AP605,target_sell,sell,10375.0,1,316,cancel_ack,opposite_target_fill,LONG_PENDING_HEDGE
20260303,52188000,11:29:48.000,20260303-AP605-00929,20260303-AP605-0100,AP604,hedge_entry,sell,,1,316,submit,,LONG_PENDING_HEDGE
20260303,52188000,11:29:48.000,20260303-AP605-00929,20260303-AP605-0100,AP604,hedge_entry,sell,10025.0,1,316,fill,quote_key=52188000,LONG_PENDING_HEDGE
20260303,52189000,11:29:49.000,20260303-AP605-00930,20260303-AP605-0100,AP605,target_exit,sell,,1,316,submit,,FLATTENING
20260303,52189000,11:29:49.000,20260303-AP605-00930,20260303-AP605-0100,AP605,target_exit,sell,10296.0,1,316,fill,,FLATTENING
20260303,52189000,11:29:49.000,20260303-AP605-00931,20260303-AP605-0100,AP604,hedge_exit,buy,,1,316,submit,,FLATTENING
20260303,52189000,11:29:49.000,20260303-AP605-00931,20260303-AP605-0100,AP604,hedge_exit,buy,10048.0,1,316,fill,quote_key=52189000,FLATTENING
20260303,52191000,11:29:51.000,20260303-AP605-00932,,AP605,target_buy,buy,10200.0,1,317,submit,initial_quote,FLAT_QUOTING
20260303,52191000,11:29:51.000,20260303-AP605-00933,,AP605,target_sell,sell,10370.0,1,317,submit,initial_quote,FLAT_QUOTING
20260303,52192000,11:29:52.000,20260303-AP605-00932,,AP605,target_buy,buy,10200.0,1,317,ack,,FLAT_QUOTING
20260303,52192000,11:29:52.000,20260303-AP605-00933,,AP605,target_sell,sell,10370.0,1,317,ack,,FLAT_QUOTING
20260303,52192000,11:29:52.000,20260303-AP605-00932,,AP605,target_buy,buy,10200.0,1,317,fill,interval_vwap,FLAT_QUOTING
20260303,52192000,11:29:52.000,20260303-AP605-00933,,AP605,target_sell,sell,10370.0,1,317,cancel_requested,opposite_target_fill,FLAT_QUOTING
20260303,52193000,11:29:53.000,20260303-AP605-00933,,AP605,target_sell,sell,10370.0,1,317,cancel_ack,opposite_target_fill,LONG_PENDING_HEDGE
20260303,52193000,11:29:53.000,20260303-AP605-00934,20260303-AP605-0101,AP604,hedge_entry,sell,,1,317,submit,,LONG_PENDING_HEDGE
20260303,52193000,11:29:53.000,20260303-AP605-00934,20260303-AP605-0101,AP604,hedge_entry,sell,10025.0,1,317,fill,quote_key=52193000,LONG_PENDING_HEDGE
20260303,52194000,11:29:54.000,20260303-AP605-00935,20260303-AP605-0101,AP605,target_exit,sell,,1,317,submit,,FLATTENING
20260303,52194000,11:29:54.000,20260303-AP605-00935,20260303-AP605-0101,AP605,target_exit,sell,10301.0,1,317,fill,,FLATTENING
20260303,52194000,11:29:54.000,20260303-AP605-00936,20260303-AP605-0101,AP604,hedge_exit,buy,,1,317,submit,,FLATTENING
20260303,52194000,11:29:54.000,20260303-AP605-00936,20260303-AP605-0101,AP604,hedge_exit,buy,10052.0,1,317,fill,quote_key=52194000,FLATTENING
20260303,59471000,13:31:11.000,20260303-AP605-00937,,AP605,target_buy,buy,10288.0,1,318,submit,initial_quote,FLAT_QUOTING
20260303,59471000,13:31:11.000,20260303-AP605-00938,,AP605,target_sell,sell,10458.0,1,318,submit,initial_quote,FLAT_QUOTING
20260303,59472000,13:31:12.000,20260303-AP605-00937,,AP605,target_buy,buy,10288.0,1,318,ack,,FLAT_QUOTING
20260303,59472000,13:31:12.000,20260303-AP605-00938,,AP605,target_sell,sell,10458.0,1,318,ack,,FLAT_QUOTING
20260303,59472000,13:31:12.000,20260303-AP605-00937,,AP605,target_buy,buy,10288.0,1,318,fill,interval_vwap,FLAT_QUOTING
20260303,59472000,13:31:12.000,20260303-AP605-00938,,AP605,target_sell,sell,10458.0,1,318,cancel_requested,opposite_target_fill,FLAT_QUOTING
20260303,59473000,13:31:13.000,20260303-AP605-00938,,AP605,target_sell,sell,10458.0,1,318,cancel_ack,opposite_target_fill,LONG_PENDING_HEDGE
20260303,59473000,13:31:13.000,20260303-AP605-00939,20260303-AP605-0102,AP604,hedge_entry,sell,,1,318,submit,,LONG_PENDING_HEDGE
20260303,59473000,13:31:13.000,20260303-AP605-00939,20260303-AP605-0102,AP604,hedge_entry,sell,10084.0,1,318,fill,quote_key=59473000,LONG_PENDING_HEDGE
20260303,59474000,13:31:14.000,20260303-AP605-00940,20260303-AP605-0102,AP605,target_exit,sell,,1,318,submit,,FLATTENING
20260303,59474000,13:31:14.000,20260303-AP605-00940,20260303-AP605-0102,AP605,target_exit,sell,10371.0,1,318,fill,,FLATTENING
20260303,59474000,13:31:14.000,20260303-AP605-00941,20260303-AP605-0102,AP604,hedge_exit,buy,,1,318,submit,,FLATTENING
20260303,59474000,13:31:14.000,20260303-AP605-00941,20260303-AP605-0102,AP604,hedge_exit,buy,10119.0,1,318,fill,quote_key=59474000,FLATTENING
20260303,59476000,13:31:16.000,20260303-AP605-00942,,AP605,target_buy,buy,10285.0,1,319,submit,initial_quote,FLAT_QUOTING
20260303,59476000,13:31:16.000,20260303-AP605-00943,,AP605,target_sell,sell,10455.0,1,319,submit,initial_quote,FLAT_QUOTING
20260303,59477000,13:31:17.000,20260303-AP605-00942,,AP605,target_buy,buy,10285.0,1,319,ack,,FLAT_QUOTING
20260303,59477000,13:31:17.000,20260303-AP605-00943,,AP605,target_sell,sell,10455.0,1,319,ack,,FLAT_QUOTING
20260303,59477000,13:31:17.000,20260303-AP605-00942,,AP605,target_buy,buy,10285.0,1,319,fill,interval_vwap,FLAT_QUOTING
20260303,59477000,13:31:17.000,20260303-AP605-00943,,AP605,target_sell,sell,10455.0,1,319,cancel_requested,opposite_target_fill,FLAT_QUOTING
20260303,59478000,13:31:18.000,20260303-AP605-00943,,AP605,target_sell,sell,10455.0,1,319,cancel_ack,opposite_target_fill,LONG_PENDING_HEDGE
20260303,59478000,13:31:18.000,20260303-AP605-00944,20260303-AP605-0103,AP604,hedge_entry,sell,,1,319,submit,,LONG_PENDING_HEDGE
20260303,59478000,13:31:18.000,20260303-AP605-00944,20260303-AP605-0103,AP604,hedge_entry,sell,10079.0,1,319,fill,quote_key=59478000,LONG_PENDING_HEDGE
20260303,59479000,13:31:19.000,20260303-AP605-00945,20260303-AP605-0103,AP605,target_exit,sell,,1,319,submit,,FLATTENING
20260303,59479000,13:31:19.000,20260303-AP605-00945,20260303-AP605-0103,AP605,target_exit,sell,10370.0,1,319,fill,,FLATTENING
20260303,59479000,13:31:19.000,20260303-AP605-00946,20260303-AP605-0103,AP604,hedge_exit,buy,,1,319,submit,,FLATTENING
20260303,59479000,13:31:19.000,20260303-AP605-00946,20260303-AP605-0103,AP604,hedge_exit,buy,10121.0,1,319,fill,quote_key=59479000,FLATTENING
20260303,59596000,13:33:16.000,20260303-AP605-00947,,AP605,target_buy,buy,10257.0,1,320,submit,initial_quote,FLAT_QUOTING
20260303,59596000,13:33:16.000,20260303-AP605-00948,,AP605,target_sell,sell,10427.0,1,320,submit,initial_quote,FLAT_QUOTING
20260303,59597000,13:33:17.000,20260303-AP605-00947,,AP605,target_buy,buy,10257.0,1,320,ack,,FLAT_QUOTING
20260303,59597000,13:33:17.000,20260303-AP605-00948,,AP605,target_sell,sell,10427.0,1,320,ack,,FLAT_QUOTING
20260303,59597000,13:33:17.000,20260303-AP605-00947,,AP605,target_buy,buy,10257.0,1,320,fill,interval_vwap,FLAT_QUOTING
20260303,59597000,13:33:17.000,20260303-AP605-00948,,AP605,target_sell,sell,10427.0,1,320,cancel_requested,opposite_target_fill,FLAT_QUOTING
20260303,59598000,13:33:18.000,20260303-AP605-00948,,AP605,target_sell,sell,10427.0,1,320,cancel_ack,opposite_target_fill,LONG_PENDING_HEDGE
20260303,59598000,13:33:18.000,20260303-AP605-00949,20260303-AP605-0104,AP604,hedge_entry,sell,,1,320,submit,,LONG_PENDING_HEDGE
20260303,59598000,13:33:18.000,20260303-AP605-00949,20260303-AP605-0104,AP604,hedge_entry,sell,10043.0,1,320,fill,quote_key=59598000,LONG_PENDING_HEDGE
20260303,59599000,13:33:19.000,20260303-AP605-00950,20260303-AP605-0104,AP605,target_exit,sell,,1,320,submit,,FLATTENING
20260303,59599000,13:33:19.000,20260303-AP605-00950,20260303-AP605-0104,AP605,target_exit,sell,10337.0,1,320,fill,,FLATTENING
20260303,59599000,13:33:19.000,20260303-AP605-00951,20260303-AP605-0104,AP604,hedge_exit,buy,,1,320,submit,,FLATTENING
20260303,59599000,13:33:19.000,20260303-AP605-00951,20260303-AP605-0104,AP604,hedge_exit,buy,10078.0,1,320,fill,quote_key=59599000,FLATTENING
20260303,59601000,13:33:21.000,20260303-AP605-00952,,AP605,target_buy,buy,10252.0,1,321,submit,initial_quote,FLAT_QUOTING
20260303,59601000,13:33:21.000,20260303-AP605-00953,,AP605,target_sell,sell,10422.0,1,321,submit,initial_quote,FLAT_QUOTING
20260303,59602000,13:33:22.000,20260303-AP605-00952,,AP605,target_buy,buy,10252.0,1,321,ack,,FLAT_QUOTING
20260303,59602000,13:33:22.000,20260303-AP605-00953,,AP605,target_sell,sell,10422.0,1,321,ack,,FLAT_QUOTING
20260303,59602000,13:33:22.000,20260303-AP605-00952,,AP605,target_buy,buy,10252.0,1,321,fill,interval_vwap,FLAT_QUOTING
20260303,59602000,13:33:22.000,20260303-AP605-00953,,AP605,target_sell,sell,10422.0,1,321,cancel_requested,opposite_target_fill,FLAT_QUOTING
20260303,59603000,13:33:23.000,20260303-AP605-00953,,AP605,target_sell,sell,10422.0,1,321,cancel_ack,opposite_target_fill,LONG_PENDING_HEDGE
20260303,59603000,13:33:23.000,20260303-AP605-00954,20260303-AP605-0105,AP604,hedge_entry,sell,,1,321,submit,,LONG_PENDING_HEDGE
20260303,59603000,13:33:23.000,20260303-AP605-00954,20260303-AP605-0105,AP604,hedge_entry,sell,10042.0,1,321,fill,quote_key=59603000,LONG_PENDING_HEDGE
20260303,59604000,13:33:24.000,20260303-AP605-00955,20260303-AP605-0105,AP605,target_exit,sell,,1,321,submit,,FLATTENING
20260303,59604000,13:33:24.000,20260303-AP605-00955,20260303-AP605-0105,AP605,target_exit,sell,10334.0,1,321,fill,,FLATTENING
20260303,59604000,13:33:24.000,20260303-AP605-00956,20260303-AP605-0105,AP604,hedge_exit,buy,,1,321,submit,,FLATTENING
20260303,59604000,13:33:24.000,20260303-AP605-00956,20260303-AP605-0105,AP604,hedge_exit,buy,10069.0,1,321,fill,quote_key=59604000,FLATTENING
20260303,59606000,13:33:26.000,20260303-AP605-00957,,AP605,target_buy,buy,10252.0,1,322,submit,initial_quote,FLAT_QUOTING
20260303,59606000,13:33:26.000,20260303-AP605-00958,,AP605,target_sell,sell,10422.0,1,322,submit,initial_quote,FLAT_QUOTING
20260303,59607000,13:33:27.000,20260303-AP605-00957,,AP605,target_buy,buy,10252.0,1,322,ack,,FLAT_QUOTING
20260303,59607000,13:33:27.000,20260303-AP605-00958,,AP605,target_sell,sell,10422.0,1,322,ack,,FLAT_QUOTING
20260303,59607000,13:33:27.000,20260303-AP605-00957,,AP605,target_buy,buy,10252.0,1,322,fill,interval_vwap,FLAT_QUOTING
20260303,59607000,13:33:27.000,20260303-AP605-00958,,AP605,target_sell,sell,10422.0,1,322,cancel_requested,opposite_target_fill,FLAT_QUOTING
20260303,59608000,13:33:28.000,20260303-AP605-00958,,AP605,target_sell,sell,10422.0,1,322,cancel_ack,opposite_target_fill,LONG_PENDING_HEDGE
20260303,59608000,13:33:28.000,20260303-AP605-00959,20260303-AP605-0106,AP604,hedge_entry,sell,,1,322,submit,,LONG_PENDING_HEDGE
20260303,59608000,13:33:28.000,20260303-AP605-00959,20260303-AP605-0106,AP604,hedge_entry,sell,10042.0,1,322,fill,quote_key=59608000,LONG_PENDING_HEDGE
20260303,59609000,13:33:29.000,20260303-AP605-00960,20260303-AP605-0106,AP605,target_exit,sell,,1,322,submit,,FLATTENING
20260303,59609000,13:33:29.000,20260303-AP605-00960,20260303-AP605-0106,AP605,target_exit,sell,10337.0,1,322,fill,,FLATTENING
20260303,59609000,13:33:29.000,20260303-AP605-00961,20260303-AP605-0106,AP604,hedge_exit,buy,,1,322,submit,,FLATTENING
20260303,59609000,13:33:29.000,20260303-AP605-00961,20260303-AP605-0106,AP604,hedge_exit,buy,10073.0,1,322,fill,quote_key=59609000,FLATTENING
20260303,59611000,13:33:31.000,20260303-AP605-00962,,AP605,target_buy,buy,10249.0,1,323,submit,initial_quote,FLAT_QUOTING
20260303,59611000,13:33:31.000,20260303-AP605-00963,,AP605,target_sell,sell,10419.0,1,323,submit,initial_quote,FLAT_QUOTING
20260303,59612000,13:33:32.000,20260303-AP605-00962,,AP605,target_buy,buy,10249.0,1,323,ack,,FLAT_QUOTING
20260303,59612000,13:33:32.000,20260303-AP605-00963,,AP605,target_sell,sell,10419.0,1,323,ack,,FLAT_QUOTING
20260303,59612000,13:33:32.000,20260303-AP605-00962,,AP605,target_buy,buy,10249.0,1,323,fill,interval_vwap,FLAT_QUOTING
20260303,59612000,13:33:32.000,20260303-AP605-00963,,AP605,target_sell,sell,10419.0,1,323,cancel_requested,opposite_target_fill,FLAT_QUOTING
20260303,59613000,13:33:33.000,20260303-AP605-00963,,AP605,target_sell,sell,10419.0,1,323,cancel_ack,opposite_target_fill,LONG_PENDING_HEDGE
20260303,59613000,13:33:33.000,20260303-AP605-00964,20260303-AP605-0107,AP604,hedge_entry,sell,,1,323,submit,,LONG_PENDING_HEDGE
20260303,59613000,13:33:33.000,20260303-AP605-00964,20260303-AP605-0107,AP604,hedge_entry,sell,10040.0,1,323,fill,quote_key=59613000,LONG_PENDING_HEDGE
20260303,59614000,13:33:34.000,20260303-AP605-00965,20260303-AP605-0107,AP605,target_exit,sell,,1,323,submit,,FLATTENING
20260303,59614000,13:33:34.000,20260303-AP605-00965,20260303-AP605-0107,AP605,target_exit,sell,10339.0,1,323,fill,,FLATTENING
20260303,59614000,13:33:34.000,20260303-AP605-00966,20260303-AP605-0107,AP604,hedge_exit,buy,,1,323,submit,,FLATTENING
20260303,59614000,13:33:34.000,20260303-AP605-00966,20260303-AP605-0107,AP604,hedge_exit,buy,10074.0,1,323,fill,quote_key=59614000,FLATTENING
20260303,59667000,13:34:27.000,20260303-AP605-00967,,AP605,target_buy,buy,10234.0,1,324,submit,initial_quote,FLAT_QUOTING
20260303,59667000,13:34:27.000,20260303-AP605-00968,,AP605,target_sell,sell,10404.0,1,324,submit,initial_quote,FLAT_QUOTING
20260303,59668000,13:34:28.000,20260303-AP605-00967,,AP605,target_buy,buy,10234.0,1,324,ack,,FLAT_QUOTING
20260303,59668000,13:34:28.000,20260303-AP605-00968,,AP605,target_sell,sell,10404.0,1,324,ack,,FLAT_QUOTING
20260303,59668000,13:34:28.000,20260303-AP605-00967,,AP605,target_buy,buy,10234.0,1,324,fill,interval_vwap,FLAT_QUOTING
20260303,59668000,13:34:28.000,20260303-AP605-00968,,AP605,target_sell,sell,10404.0,1,324,cancel_requested,opposite_target_fill,FLAT_QUOTING
20260303,59669000,13:34:29.000,20260303-AP605-00968,,AP605,target_sell,sell,10404.0,1,324,cancel_ack,opposite_target_fill,LONG_PENDING_HEDGE
20260303,59669000,13:34:29.000,20260303-AP605-00969,20260303-AP605-0108,AP604,hedge_entry,sell,,1,324,submit,,LONG_PENDING_HEDGE
20260303,59669000,13:34:29.000,20260303-AP605-00969,20260303-AP605-0108,AP604,hedge_entry,sell,10025.0,1,324,fill,quote_key=59669000,LONG_PENDING_HEDGE
20260303,59670000,13:34:30.000,20260303-AP605-00970,20260303-AP605-0108,AP605,target_exit,sell,,1,324,submit,,FLATTENING
20260303,59670000,13:34:30.000,20260303-AP605-00970,20260303-AP605-0108,AP605,target_exit,sell,10317.0,1,324,fill,,FLATTENING
20260303,59670000,13:34:30.000,20260303-AP605-00971,20260303-AP605-0108,AP604,hedge_exit,buy,,1,324,submit,,FLATTENING
20260303,59670000,13:34:30.000,20260303-AP605-00971,20260303-AP605-0108,AP604,hedge_exit,buy,10046.0,1,324,fill,quote_key=59670000,FLATTENING
20260303,59674000,13:34:34.000,20260303-AP605-00972,,AP605,target_buy,buy,10238.0,1,325,submit,initial_quote,FLAT_QUOTING
20260303,59674000,13:34:34.000,20260303-AP605-00973,,AP605,target_sell,sell,10408.0,1,325,submit,initial_quote,FLAT_QUOTING
20260303,59675000,13:34:35.000,20260303-AP605-00972,,AP605,target_buy,buy,10238.0,1,325,ack,,FLAT_QUOTING
20260303,59675000,13:34:35.000,20260303-AP605-00973,,AP605,target_sell,sell,10408.0,1,325,ack,,FLAT_QUOTING
20260303,59675000,13:34:35.000,20260303-AP605-00972,,AP605,target_buy,buy,10238.0,1,325,fill,interval_vwap,FLAT_QUOTING
20260303,59675000,13:34:35.000,20260303-AP605-00973,,AP605,target_sell,sell,10408.0,1,325,cancel_requested,opposite_target_fill,FLAT_QUOTING
20260303,59676000,13:34:36.000,20260303-AP605-00973,,AP605,target_sell,sell,10408.0,1,325,cancel_ack,opposite_target_fill,LONG_PENDING_HEDGE
20260303,59676000,13:34:36.000,20260303-AP605-00974,20260303-AP605-0109,AP604,hedge_entry,sell,,1,325,submit,,LONG_PENDING_HEDGE
20260303,59676000,13:34:36.000,20260303-AP605-00974,20260303-AP605-0109,AP604,hedge_entry,sell,10027.0,1,325,fill,quote_key=59676000,LONG_PENDING_HEDGE
20260303,59677000,13:34:37.000,20260303-AP605-00975,20260303-AP605-0109,AP605,target_exit,sell,,1,325,submit,,FLATTENING
20260303,59677000,13:34:37.000,20260303-AP605-00975,20260303-AP605-0109,AP605,target_exit,sell,10315.0,1,325,fill,,FLATTENING
20260303,59677000,13:34:37.000,20260303-AP605-00976,20260303-AP605-0109,AP604,hedge_exit,buy,,1,325,submit,,FLATTENING
20260303,59677000,13:34:37.000,20260303-AP605-00976,20260303-AP605-0109,AP604,hedge_exit,buy,10047.0,1,325,fill,quote_key=59677000,FLATTENING
20260303,59680000,13:34:40.000,20260303-AP605-00977,,AP605,target_buy,buy,10233.0,1,326,submit,initial_quote,FLAT_QUOTING
20260303,59680000,13:34:40.000,20260303-AP605-00978,,AP605,target_sell,sell,10403.0,1,326,submit,initial_quote,FLAT_QUOTING
20260303,59681000,13:34:41.000,20260303-AP605-00977,,AP605,target_buy,buy,10233.0,1,326,ack,,FLAT_QUOTING
20260303,59681000,13:34:41.000,20260303-AP605-00978,,AP605,target_sell,sell,10403.0,1,326,ack,,FLAT_QUOTING
20260303,59681000,13:34:41.000,20260303-AP605-00977,,AP605,target_buy,buy,10233.0,1,326,fill,interval_vwap,FLAT_QUOTING
20260303,59681000,13:34:41.000,20260303-AP605-00978,,AP605,target_sell,sell,10403.0,1,326,cancel_requested,opposite_target_fill,FLAT_QUOTING
20260303,59682000,13:34:42.000,20260303-AP605-00978,,AP605,target_sell,sell,10403.0,1,326,cancel_ack,opposite_target_fill,LONG_PENDING_HEDGE
20260303,59682000,13:34:42.000,20260303-AP605-00979,20260303-AP605-0110,AP604,hedge_entry,sell,,1,326,submit,,LONG_PENDING_HEDGE
20260303,59682000,13:34:42.000,20260303-AP605-00979,20260303-AP605-0110,AP604,hedge_entry,sell,10022.0,1,326,fill,quote_key=59682000,LONG_PENDING_HEDGE
20260303,59683000,13:34:43.000,20260303-AP605-00980,20260303-AP605-0110,AP605,target_exit,sell,,1,326,submit,,FLATTENING
20260303,59683000,13:34:43.000,20260303-AP605-00980,20260303-AP605-0110,AP605,target_exit,sell,10319.0,1,326,fill,,FLATTENING
20260303,59683000,13:34:43.000,20260303-AP605-00981,20260303-AP605-0110,AP604,hedge_exit,buy,,1,326,submit,,FLATTENING
20260303,59683000,13:34:43.000,20260303-AP605-00981,20260303-AP605-0110,AP604,hedge_exit,buy,10046.0,1,326,fill,quote_key=59683000,FLATTENING
20260303,59685000,13:34:45.000,20260303-AP605-00982,,AP605,target_buy,buy,10236.0,1,327,submit,initial_quote,FLAT_QUOTING
20260303,59685000,13:34:45.000,20260303-AP605-00983,,AP605,target_sell,sell,10406.0,1,327,submit,initial_quote,FLAT_QUOTING
20260303,59686000,13:34:46.000,20260303-AP605-00982,,AP605,target_buy,buy,10236.0,1,327,ack,,FLAT_QUOTING
20260303,59686000,13:34:46.000,20260303-AP605-00983,,AP605,target_sell,sell,10406.0,1,327,ack,,FLAT_QUOTING
20260303,59686000,13:34:46.000,20260303-AP605-00982,,AP605,target_buy,buy,10236.0,1,327,fill,interval_vwap,FLAT_QUOTING
20260303,59686000,13:34:46.000,20260303-AP605-00983,,AP605,target_sell,sell,10406.0,1,327,cancel_requested,opposite_target_fill,FLAT_QUOTING
20260303,59687000,13:34:47.000,20260303-AP605-00983,,AP605,target_sell,sell,10406.0,1,327,cancel_ack,opposite_target_fill,LONG_PENDING_HEDGE
20260303,59687000,13:34:47.000,20260303-AP605-00984,20260303-AP605-0111,AP604,hedge_entry,sell,,1,327,submit,,LONG_PENDING_HEDGE
20260303,59687000,13:34:47.000,20260303-AP605-00984,20260303-AP605-0111,AP604,hedge_entry,sell,10023.0,1,327,fill,quote_key=59687000,LONG_PENDING_HEDGE
20260303,59688000,13:34:48.000,20260303-AP605-00985,20260303-AP605-0111,AP605,target_exit,sell,,1,327,submit,,FLATTENING
20260303,59688000,13:34:48.000,20260303-AP605-00985,20260303-AP605-0111,AP605,target_exit,sell,10320.0,1,327,fill,,FLATTENING
20260303,59688000,13:34:48.000,20260303-AP605-00986,20260303-AP605-0111,AP604,hedge_exit,buy,,1,327,submit,,FLATTENING
20260303,59688000,13:34:48.000,20260303-AP605-00986,20260303-AP605-0111,AP604,hedge_exit,buy,10049.0,1,327,fill,quote_key=59688000,FLATTENING
20260303,59730000,13:35:30.000,20260303-AP605-00987,,AP605,target_buy,buy,10249.0,1,328,submit,initial_quote,FLAT_QUOTING
20260303,59730000,13:35:30.000,20260303-AP605-00988,,AP605,target_sell,sell,10419.0,1,328,submit,initial_quote,FLAT_QUOTING
20260303,59731000,13:35:31.000,20260303-AP605-00987,,AP605,target_buy,buy,10249.0,1,328,ack,,FLAT_QUOTING
20260303,59731000,13:35:31.000,20260303-AP605-00988,,AP605,target_sell,sell,10419.0,1,328,ack,,FLAT_QUOTING
20260303,59731000,13:35:31.000,20260303-AP605-00987,,AP605,target_buy,buy,10249.0,1,328,fill,interval_vwap,FLAT_QUOTING
20260303,59731000,13:35:31.000,20260303-AP605-00988,,AP605,target_sell,sell,10419.0,1,328,cancel_requested,opposite_target_fill,FLAT_QUOTING
20260303,59732000,13:35:32.000,20260303-AP605-00988,,AP605,target_sell,sell,10419.0,1,328,cancel_ack,opposite_target_fill,LONG_PENDING_HEDGE
20260303,59732000,13:35:32.000,20260303-AP605-00989,20260303-AP605-0112,AP604,hedge_entry,sell,,1,328,submit,,LONG_PENDING_HEDGE
20260303,59732000,13:35:32.000,20260303-AP605-00989,20260303-AP605-0112,AP604,hedge_entry,sell,10047.0,1,328,fill,quote_key=59732000,LONG_PENDING_HEDGE
20260303,59733000,13:35:33.000,20260303-AP605-00990,20260303-AP605-0112,AP605,target_exit,sell,,1,328,submit,,FLATTENING
20260303,59733000,13:35:33.000,20260303-AP605-00990,20260303-AP605-0112,AP605,target_exit,sell,10342.0,1,328,fill,,FLATTENING
20260303,59733000,13:35:33.000,20260303-AP605-00991,20260303-AP605-0112,AP604,hedge_exit,buy,,1,328,submit,,FLATTENING
20260303,59733000,13:35:33.000,20260303-AP605-00991,20260303-AP605-0112,AP604,hedge_exit,buy,10059.0,1,328,fill,quote_key=59733000,FLATTENING
20260303,59738000,13:35:38.000,20260303-AP605-00992,,AP605,target_buy,buy,10247.0,1,329,submit,initial_quote,FLAT_QUOTING
20260303,59738000,13:35:38.000,20260303-AP605-00993,,AP605,target_sell,sell,10417.0,1,329,submit,initial_quote,FLAT_QUOTING
20260303,59739000,13:35:39.000,20260303-AP605-00992,,AP605,target_buy,buy,10247.0,1,329,ack,,FLAT_QUOTING
20260303,59739000,13:35:39.000,20260303-AP605-00993,,AP605,target_sell,sell,10417.0,1,329,ack,,FLAT_QUOTING
20260303,59739000,13:35:39.000,20260303-AP605-00992,,AP605,target_buy,buy,10247.0,1,329,fill,interval_vwap,FLAT_QUOTING
20260303,59739000,13:35:39.000,20260303-AP605-00993,,AP605,target_sell,sell,10417.0,1,329,cancel_requested,opposite_target_fill,FLAT_QUOTING
20260303,59740000,13:35:40.000,20260303-AP605-00993,,AP605,target_sell,sell,10417.0,1,329,cancel_ack,opposite_target_fill,LONG_PENDING_HEDGE
20260303,59740000,13:35:40.000,20260303-AP605-00994,20260303-AP605-0113,AP604,hedge_entry,sell,,1,329,submit,,LONG_PENDING_HEDGE
20260303,59740000,13:35:40.000,20260303-AP605-00994,20260303-AP605-0113,AP604,hedge_entry,sell,10047.0,1,329,fill,quote_key=59740000,LONG_PENDING_HEDGE
20260303,59742000,13:35:42.000,20260303-AP605-00995,20260303-AP605-0113,AP605,target_exit,sell,,1,329,submit,,FLATTENING
20260303,59742000,13:35:42.000,20260303-AP605-00995,20260303-AP605-0113,AP605,target_exit,sell,10343.0,1,329,fill,,FLATTENING
20260303,59742000,13:35:42.000,20260303-AP605-00996,20260303-AP605-0113,AP604,hedge_exit,buy,,1,329,submit,,FLATTENING
20260303,59742000,13:35:42.000,20260303-AP605-00996,20260303-AP605-0113,AP604,hedge_exit,buy,10062.0,1,329,fill,quote_key=59742000,FLATTENING
20260303,59745000,13:35:45.000,20260303-AP605-00997,,AP605,target_buy,buy,10247.0,1,330,submit,initial_quote,FLAT_QUOTING
20260303,59745000,13:35:45.000,20260303-AP605-00998,,AP605,target_sell,sell,10417.0,1,330,submit,initial_quote,FLAT_QUOTING
20260303,59746000,13:35:46.000,20260303-AP605-00997,,AP605,target_buy,buy,10247.0,1,330,ack,,FLAT_QUOTING
20260303,59746000,13:35:46.000,20260303-AP605-00998,,AP605,target_sell,sell,10417.0,1,330,ack,,FLAT_QUOTING
20260303,59746000,13:35:46.000,20260303-AP605-00997,,AP605,target_buy,buy,10247.0,1,330,fill,interval_vwap,FLAT_QUOTING
20260303,59746000,13:35:46.000,20260303-AP605-00998,,AP605,target_sell,sell,10417.0,1,330,cancel_requested,opposite_target_fill,FLAT_QUOTING
20260303,59747000,13:35:47.000,20260303-AP605-00998,,AP605,target_sell,sell,10417.0,1,330,cancel_ack,opposite_target_fill,LONG_PENDING_HEDGE
20260303,59747000,13:35:47.000,20260303-AP605-00999,20260303-AP605-0114,AP604,hedge_entry,sell,,1,330,submit,,LONG_PENDING_HEDGE
20260303,59747000,13:35:47.000,20260303-AP605-00999,20260303-AP605-0114,AP604,hedge_entry,sell,10045.0,1,330,fill,quote_key=59747000,LONG_PENDING_HEDGE
20260303,59748000,13:35:48.000,20260303-AP605-01000,20260303-AP605-0114,AP605,target_exit,sell,,1,330,submit,,FLATTENING
20260303,59748000,13:35:48.000,20260303-AP605-01000,20260303-AP605-0114,AP605,target_exit,sell,10340.0,1,330,fill,,FLATTENING
20260303,59748000,13:35:48.000,20260303-AP605-01001,20260303-AP605-0114,AP604,hedge_exit,buy,,1,330,submit,,FLATTENING
20260303,59748000,13:35:48.000,20260303-AP605-01001,20260303-AP605-0114,AP604,hedge_exit,buy,10058.0,1,330,fill,quote_key=59748000,FLATTENING
20260303,59750000,13:35:50.000,20260303-AP605-01002,,AP605,target_buy,buy,10241.0,1,331,submit,initial_quote,FLAT_QUOTING
20260303,59750000,13:35:50.000,20260303-AP605-01003,,AP605,target_sell,sell,10411.0,1,331,submit,initial_quote,FLAT_QUOTING
20260303,59751000,13:35:51.000,20260303-AP605-01002,,AP605,target_buy,buy,10241.0,1,331,ack,,FLAT_QUOTING
20260303,59751000,13:35:51.000,20260303-AP605-01003,,AP605,target_sell,sell,10411.0,1,331,ack,,FLAT_QUOTING
20260303,59751000,13:35:51.000,20260303-AP605-01002,,AP605,target_buy,buy,10241.0,1,331,fill,interval_vwap,FLAT_QUOTING
20260303,59751000,13:35:51.000,20260303-AP605-01003,,AP605,target_sell,sell,10411.0,1,331,cancel_requested,opposite_target_fill,FLAT_QUOTING
20260303,59752000,13:35:52.000,20260303-AP605-01003,,AP605,target_sell,sell,10411.0,1,331,cancel_ack,opposite_target_fill,LONG_PENDING_HEDGE
20260303,59752000,13:35:52.000,20260303-AP605-01004,20260303-AP605-0115,AP604,hedge_entry,sell,,1,331,submit,,LONG_PENDING_HEDGE
20260303,59752000,13:35:52.000,20260303-AP605-01004,20260303-AP605-0115,AP604,hedge_entry,sell,10034.0,1,331,fill,quote_key=59752000,LONG_PENDING_HEDGE
20260303,59753000,13:35:53.000,20260303-AP605-01005,20260303-AP605-0115,AP605,target_exit,sell,,1,331,submit,,FLATTENING
20260303,59753000,13:35:53.000,20260303-AP605-01005,20260303-AP605-0115,AP605,target_exit,sell,10330.0,1,331,fill,,FLATTENING
20260303,59753000,13:35:53.000,20260303-AP605-01006,20260303-AP605-0115,AP604,hedge_exit,buy,,1,331,submit,,FLATTENING
20260303,59753000,13:35:53.000,20260303-AP605-01006,20260303-AP605-0115,AP604,hedge_exit,buy,10047.0,1,331,fill,quote_key=59753000,FLATTENING
20260303,59793000,13:36:33.000,20260303-AP605-01007,,AP605,target_buy,buy,10232.0,1,332,submit,initial_quote,FLAT_QUOTING
20260303,59793000,13:36:33.000,20260303-AP605-01008,,AP605,target_sell,sell,10402.0,1,332,submit,initial_quote,FLAT_QUOTING
20260303,59794000,13:36:34.000,20260303-AP605-01007,,AP605,target_buy,buy,10232.0,1,332,ack,,FLAT_QUOTING
20260303,59794000,13:36:34.000,20260303-AP605-01008,,AP605,target_sell,sell,10402.0,1,332,ack,,FLAT_QUOTING
20260303,59794000,13:36:34.000,20260303-AP605-01007,,AP605,target_buy,buy,10232.0,1,332,fill,interval_vwap,FLAT_QUOTING
20260303,59794000,13:36:34.000,20260303-AP605-01008,,AP605,target_sell,sell,10402.0,1,332,cancel_requested,opposite_target_fill,FLAT_QUOTING
20260303,59795000,13:36:35.000,20260303-AP605-01008,,AP605,target_sell,sell,10402.0,1,332,cancel_ack,opposite_target_fill,LONG_PENDING_HEDGE
20260303,59795000,13:36:35.000,20260303-AP605-01009,20260303-AP605-0116,AP604,hedge_entry,sell,,1,332,submit,,LONG_PENDING_HEDGE
20260303,59795000,13:36:35.000,20260303-AP605-01009,20260303-AP605-0116,AP604,hedge_entry,sell,10031.0,1,332,fill,quote_key=59795000,LONG_PENDING_HEDGE
20260303,59796000,13:36:36.000,20260303-AP605-01010,20260303-AP605-0116,AP605,target_exit,sell,,1,332,submit,,FLATTENING
20260303,59796000,13:36:36.000,20260303-AP605-01010,20260303-AP605-0116,AP605,target_exit,sell,10327.0,1,332,fill,,FLATTENING
20260303,59796000,13:36:36.000,20260303-AP605-01011,20260303-AP605-0116,AP604,hedge_exit,buy,,1,332,submit,,FLATTENING
20260303,59796000,13:36:36.000,20260303-AP605-01011,20260303-AP605-0116,AP604,hedge_exit,buy,10047.0,1,332,fill,quote_key=59796000,FLATTENING
20260303,59827000,13:37:07.000,20260303-AP605-01012,,AP605,target_buy,buy,10244.0,1,333,submit,initial_quote,FLAT_QUOTING
20260303,59827000,13:37:07.000,20260303-AP605-01013,,AP605,target_sell,sell,10414.0,1,333,submit,initial_quote,FLAT_QUOTING
20260303,59828000,13:37:08.000,20260303-AP605-01012,,AP605,target_buy,buy,10244.0,1,333,ack,,FLAT_QUOTING
20260303,59828000,13:37:08.000,20260303-AP605-01013,,AP605,target_sell,sell,10414.0,1,333,ack,,FLAT_QUOTING
20260303,59828000,13:37:08.000,20260303-AP605-01012,,AP605,target_buy,buy,10244.0,1,333,fill,interval_vwap,FLAT_QUOTING
20260303,59828000,13:37:08.000,20260303-AP605-01013,,AP605,target_sell,sell,10414.0,1,333,cancel_requested,opposite_target_fill,FLAT_QUOTING
20260303,59829000,13:37:09.000,20260303-AP605-01013,,AP605,target_sell,sell,10414.0,1,333,cancel_ack,opposite_target_fill,LONG_PENDING_HEDGE
20260303,59829000,13:37:09.000,20260303-AP605-01014,20260303-AP605-0117,AP604,hedge_entry,sell,,1,333,submit,,LONG_PENDING_HEDGE
20260303,59829000,13:37:09.000,20260303-AP605-01014,20260303-AP605-0117,AP604,hedge_entry,sell,10033.0,1,333,fill,quote_key=59829000,LONG_PENDING_HEDGE
20260303,59830000,13:37:10.000,20260303-AP605-01015,20260303-AP605-0117,AP605,target_exit,sell,,1,333,submit,,FLATTENING
20260303,59830000,13:37:10.000,20260303-AP605-01015,20260303-AP605-0117,AP605,target_exit,sell,10329.0,1,333,fill,,FLATTENING
20260303,59830000,13:37:10.000,20260303-AP605-01016,20260303-AP605-0117,AP604,hedge_exit,buy,,1,333,submit,,FLATTENING
20260303,59830000,13:37:10.000,20260303-AP605-01016,20260303-AP605-0117,AP604,hedge_exit,buy,10047.0,1,333,fill,quote_key=59829000,FLATTENING
20260303,59832000,13:37:12.000,20260303-AP605-01017,,AP605,target_buy,buy,10239.0,1,334,submit,initial_quote,FLAT_QUOTING
20260303,59832000,13:37:12.000,20260303-AP605-01018,,AP605,target_sell,sell,10409.0,1,334,submit,initial_quote,FLAT_QUOTING
20260303,59833000,13:37:13.000,20260303-AP605-01017,,AP605,target_buy,buy,10239.0,1,334,ack,,FLAT_QUOTING
20260303,59833000,13:37:13.000,20260303-AP605-01018,,AP605,target_sell,sell,10409.0,1,334,ack,,FLAT_QUOTING
20260303,59833000,13:37:13.000,20260303-AP605-01017,,AP605,target_buy,buy,10239.0,1,334,fill,interval_vwap,FLAT_QUOTING
20260303,59833000,13:37:13.000,20260303-AP605-01018,,AP605,target_sell,sell,10409.0,1,334,cancel_requested,opposite_target_fill,FLAT_QUOTING
20260303,59834000,13:37:14.000,20260303-AP605-01018,,AP605,target_sell,sell,10409.0,1,334,cancel_ack,opposite_target_fill,LONG_PENDING_HEDGE
20260303,59834000,13:37:14.000,20260303-AP605-01019,20260303-AP605-0118,AP604,hedge_entry,sell,,1,334,submit,,LONG_PENDING_HEDGE
20260303,59834000,13:37:14.000,20260303-AP605-01019,20260303-AP605-0118,AP604,hedge_entry,sell,10035.0,1,334,fill,quote_key=59834000,LONG_PENDING_HEDGE
20260303,59835000,13:37:15.000,20260303-AP605-01020,20260303-AP605-0118,AP605,target_exit,sell,,1,334,submit,,FLATTENING
20260303,59835000,13:37:15.000,20260303-AP605-01020,20260303-AP605-0118,AP605,target_exit,sell,10331.0,1,334,fill,,FLATTENING
20260303,59835000,13:37:15.000,20260303-AP605-01021,20260303-AP605-0118,AP604,hedge_exit,buy,,1,334,submit,,FLATTENING
20260303,59835000,13:37:15.000,20260303-AP605-01021,20260303-AP605-0118,AP604,hedge_exit,buy,10051.0,1,334,fill,quote_key=59835000,FLATTENING
20260303,59837000,13:37:17.000,20260303-AP605-01022,,AP605,target_buy,buy,10235.0,1,335,submit,initial_quote,FLAT_QUOTING
20260303,59837000,13:37:17.000,20260303-AP605-01023,,AP605,target_sell,sell,10405.0,1,335,submit,initial_quote,FLAT_QUOTING
20260303,59838000,13:37:18.000,20260303-AP605-01022,,AP605,target_buy,buy,10235.0,1,335,ack,,FLAT_QUOTING
20260303,59838000,13:37:18.000,20260303-AP605-01023,,AP605,target_sell,sell,10405.0,1,335,ack,,FLAT_QUOTING
20260303,59838000,13:37:18.000,20260303-AP605-01022,,AP605,target_buy,buy,10235.0,1,335,fill,interval_vwap,FLAT_QUOTING
20260303,59838000,13:37:18.000,20260303-AP605-01023,,AP605,target_sell,sell,10405.0,1,335,cancel_requested,opposite_target_fill,FLAT_QUOTING
20260303,59839000,13:37:19.000,20260303-AP605-01023,,AP605,target_sell,sell,10405.0,1,335,cancel_ack,opposite_target_fill,LONG_PENDING_HEDGE
20260303,59839000,13:37:19.000,20260303-AP605-01024,20260303-AP605-0119,AP604,hedge_entry,sell,,1,335,submit,,LONG_PENDING_HEDGE
20260303,59839000,13:37:19.000,20260303-AP605-01024,20260303-AP605-0119,AP604,hedge_entry,sell,10023.0,1,335,fill,quote_key=59839000,LONG_PENDING_HEDGE
20260303,59840000,13:37:20.000,20260303-AP605-01025,20260303-AP605-0119,AP605,target_exit,sell,,1,335,submit,,FLATTENING
20260303,59840000,13:37:20.000,20260303-AP605-01025,20260303-AP605-0119,AP605,target_exit,sell,10327.0,1,335,fill,,FLATTENING
20260303,59840000,13:37:20.000,20260303-AP605-01026,20260303-AP605-0119,AP604,hedge_exit,buy,,1,335,submit,,FLATTENING
20260303,59840000,13:37:20.000,20260303-AP605-01026,20260303-AP605-0119,AP604,hedge_exit,buy,10043.0,1,335,fill,quote_key=59840000,FLATTENING
20260303,59857000,13:37:37.000,20260303-AP605-01027,,AP605,target_buy,buy,10233.0,1,336,submit,initial_quote,FLAT_QUOTING
20260303,59857000,13:37:37.000,20260303-AP605-01028,,AP605,target_sell,sell,10403.0,1,336,submit,initial_quote,FLAT_QUOTING
20260303,59858000,13:37:38.000,20260303-AP605-01027,,AP605,target_buy,buy,10233.0,1,336,ack,,FLAT_QUOTING
20260303,59858000,13:37:38.000,20260303-AP605-01028,,AP605,target_sell,sell,10403.0,1,336,ack,,FLAT_QUOTING
20260303,59858000,13:37:38.000,20260303-AP605-01027,,AP605,target_buy,buy,10233.0,1,336,fill,interval_vwap,FLAT_QUOTING
20260303,59858000,13:37:38.000,20260303-AP605-01028,,AP605,target_sell,sell,10403.0,1,336,cancel_requested,opposite_target_fill,FLAT_QUOTING
20260303,59859000,13:37:39.000,20260303-AP605-01028,,AP605,target_sell,sell,10403.0,1,336,cancel_ack,opposite_target_fill,LONG_PENDING_HEDGE
20260303,59859000,13:37:39.000,20260303-AP605-01029,20260303-AP605-0120,AP604,hedge_entry,sell,,1,336,submit,,LONG_PENDING_HEDGE
20260303,59859000,13:37:39.000,20260303-AP605-01029,20260303-AP605-0120,AP604,hedge_entry,sell,10026.0,1,336,fill,quote_key=59859000,LONG_PENDING_HEDGE
20260303,59860000,13:37:40.000,20260303-AP605-01030,20260303-AP605-0120,AP605,target_exit,sell,,1,336,submit,,FLATTENING
20260303,59860000,13:37:40.000,20260303-AP605-01030,20260303-AP605-0120,AP605,target_exit,sell,10327.0,1,336,fill,,FLATTENING
20260303,59860000,13:37:40.000,20260303-AP605-01031,20260303-AP605-0120,AP604,hedge_exit,buy,,1,336,submit,,FLATTENING
20260303,59860000,13:37:40.000,20260303-AP605-01031,20260303-AP605-0120,AP604,hedge_exit,buy,10044.0,1,336,fill,quote_key=59860000,FLATTENING
20260303,59890000,13:38:10.000,20260303-AP605-01032,,AP605,target_buy,buy,10247.0,1,337,submit,initial_quote,FLAT_QUOTING
20260303,59890000,13:38:10.000,20260303-AP605-01033,,AP605,target_sell,sell,10417.0,1,337,submit,initial_quote,FLAT_QUOTING
20260303,59891000,13:38:11.000,20260303-AP605-01032,,AP605,target_buy,buy,10247.0,1,337,ack,,FLAT_QUOTING
20260303,59891000,13:38:11.000,20260303-AP605-01033,,AP605,target_sell,sell,10417.0,1,337,ack,,FLAT_QUOTING
20260303,59891000,13:38:11.000,20260303-AP605-01032,,AP605,target_buy,buy,10247.0,1,337,fill,interval_vwap,FLAT_QUOTING
20260303,59891000,13:38:11.000,20260303-AP605-01033,,AP605,target_sell,sell,10417.0,1,337,cancel_requested,opposite_target_fill,FLAT_QUOTING
20260303,59892000,13:38:12.000,20260303-AP605-01033,,AP605,target_sell,sell,10417.0,1,337,cancel_ack,opposite_target_fill,LONG_PENDING_HEDGE
20260303,59892000,13:38:12.000,20260303-AP605-01034,20260303-AP605-0121,AP604,hedge_entry,sell,,1,337,submit,,LONG_PENDING_HEDGE
20260303,59892000,13:38:12.000,20260303-AP605-01034,20260303-AP605-0121,AP604,hedge_entry,sell,10030.0,1,337,fill,quote_key=59892000,LONG_PENDING_HEDGE
20260303,59894000,13:38:14.000,20260303-AP605-01035,20260303-AP605-0121,AP605,target_exit,sell,,1,337,submit,,FLATTENING
20260303,59894000,13:38:14.000,20260303-AP605-01035,20260303-AP605-0121,AP605,target_exit,sell,10330.0,1,337,fill,,FLATTENING
20260303,59894000,13:38:14.000,20260303-AP605-01036,20260303-AP605-0121,AP604,hedge_exit,buy,,1,337,submit,,FLATTENING
20260303,59894000,13:38:14.000,20260303-AP605-01036,20260303-AP605-0121,AP604,hedge_exit,buy,10068.0,1,337,fill,quote_key=59894000,FLATTENING
20260303,59909000,13:38:29.000,20260303-AP605-01037,,AP605,target_buy,buy,10255.0,1,338,submit,initial_quote,FLAT_QUOTING
20260303,59909000,13:38:29.000,20260303-AP605-01038,,AP605,target_sell,sell,10425.0,1,338,submit,initial_quote,FLAT_QUOTING
20260303,59910000,13:38:30.000,20260303-AP605-01037,,AP605,target_buy,buy,10255.0,1,338,ack,,FLAT_QUOTING
20260303,59910000,13:38:30.000,20260303-AP605-01038,,AP605,target_sell,sell,10425.0,1,338,ack,,FLAT_QUOTING
20260303,59910000,13:38:30.000,20260303-AP605-01037,,AP605,target_buy,buy,10255.0,1,338,fill,interval_vwap,FLAT_QUOTING
20260303,59910000,13:38:30.000,20260303-AP605-01038,,AP605,target_sell,sell,10425.0,1,338,cancel_requested,opposite_target_fill,FLAT_QUOTING
20260303,59911000,13:38:31.000,20260303-AP605-01038,,AP605,target_sell,sell,10425.0,1,338,cancel_ack,opposite_target_fill,LONG_PENDING_HEDGE
20260303,59911000,13:38:31.000,20260303-AP605-01039,20260303-AP605-0122,AP604,hedge_entry,sell,,1,338,submit,,LONG_PENDING_HEDGE
20260303,59911000,13:38:31.000,20260303-AP605-01039,20260303-AP605-0122,AP604,hedge_entry,sell,10044.0,1,338,fill,quote_key=59911000,LONG_PENDING_HEDGE
20260303,59912000,13:38:32.000,20260303-AP605-01040,20260303-AP605-0122,AP605,target_exit,sell,,1,338,submit,,FLATTENING
20260303,59912000,13:38:32.000,20260303-AP605-01040,20260303-AP605-0122,AP605,target_exit,sell,10340.0,1,338,fill,,FLATTENING
20260303,59912000,13:38:32.000,20260303-AP605-01041,20260303-AP605-0122,AP604,hedge_exit,buy,,1,338,submit,,FLATTENING
20260303,59912000,13:38:32.000,20260303-AP605-01041,20260303-AP605-0122,AP604,hedge_exit,buy,10068.0,1,338,fill,quote_key=59912000,FLATTENING
20260303,59914000,13:38:34.000,20260303-AP605-01042,,AP605,target_buy,buy,10255.0,1,339,submit,initial_quote,FLAT_QUOTING
20260303,59914000,13:38:34.000,20260303-AP605-01043,,AP605,target_sell,sell,10425.0,1,339,submit,initial_quote,FLAT_QUOTING
20260303,59915000,13:38:35.000,20260303-AP605-01042,,AP605,target_buy,buy,10255.0,1,339,ack,,FLAT_QUOTING
20260303,59915000,13:38:35.000,20260303-AP605-01043,,AP605,target_sell,sell,10425.0,1,339,ack,,FLAT_QUOTING
20260303,59915000,13:38:35.000,20260303-AP605-01042,,AP605,target_buy,buy,10255.0,1,339,fill,interval_vwap,FLAT_QUOTING
20260303,59915000,13:38:35.000,20260303-AP605-01043,,AP605,target_sell,sell,10425.0,1,339,cancel_requested,opposite_target_fill,FLAT_QUOTING
20260303,59916000,13:38:36.000,20260303-AP605-01043,,AP605,target_sell,sell,10425.0,1,339,cancel_ack,opposite_target_fill,LONG_PENDING_HEDGE
20260303,59916000,13:38:36.000,20260303-AP605-01044,20260303-AP605-0123,AP604,hedge_entry,sell,,1,339,submit,,LONG_PENDING_HEDGE
20260303,59916000,13:38:36.000,20260303-AP605-01044,20260303-AP605-0123,AP604,hedge_entry,sell,10039.0,1,339,fill,quote_key=59916000,LONG_PENDING_HEDGE
20260303,59917000,13:38:37.000,20260303-AP605-01045,20260303-AP605-0123,AP605,target_exit,sell,,1,339,submit,,FLATTENING
20260303,59917000,13:38:37.000,20260303-AP605-01045,20260303-AP605-0123,AP605,target_exit,sell,10336.0,1,339,fill,,FLATTENING
20260303,59917000,13:38:37.000,20260303-AP605-01046,20260303-AP605-0123,AP604,hedge_exit,buy,,1,339,submit,,FLATTENING
20260303,59917000,13:38:37.000,20260303-AP605-01046,20260303-AP605-0123,AP604,hedge_exit,buy,10067.0,1,339,fill,quote_key=59916000,FLATTENING
20260303,59920000,13:38:40.000,20260303-AP605-01047,,AP605,target_buy,buy,10256.0,1,340,submit,initial_quote,FLAT_QUOTING
20260303,59920000,13:38:40.000,20260303-AP605-01048,,AP605,target_sell,sell,10426.0,1,340,submit,initial_quote,FLAT_QUOTING
20260303,59921000,13:38:41.000,20260303-AP605-01047,,AP605,target_buy,buy,10256.0,1,340,ack,,FLAT_QUOTING
20260303,59921000,13:38:41.000,20260303-AP605-01048,,AP605,target_sell,sell,10426.0,1,340,ack,,FLAT_QUOTING
20260303,59921000,13:38:41.000,20260303-AP605-01047,,AP605,target_buy,buy,10256.0,1,340,fill,interval_vwap,FLAT_QUOTING
20260303,59921000,13:38:41.000,20260303-AP605-01048,,AP605,target_sell,sell,10426.0,1,340,cancel_requested,opposite_target_fill,FLAT_QUOTING
20260303,59922000,13:38:42.000,20260303-AP605-01048,,AP605,target_sell,sell,10426.0,1,340,cancel_ack,opposite_target_fill,LONG_PENDING_HEDGE
20260303,59922000,13:38:42.000,20260303-AP605-01049,20260303-AP605-0124,AP604,hedge_entry,sell,,1,340,submit,,LONG_PENDING_HEDGE
20260303,59922000,13:38:42.000,20260303-AP605-01049,20260303-AP605-0124,AP604,hedge_entry,sell,10045.0,1,340,fill,quote_key=59922000,LONG_PENDING_HEDGE
20260303,59923000,13:38:43.000,20260303-AP605-01050,20260303-AP605-0124,AP605,target_exit,sell,,1,340,submit,,FLATTENING
20260303,59923000,13:38:43.000,20260303-AP605-01050,20260303-AP605-0124,AP605,target_exit,sell,10345.0,1,340,fill,,FLATTENING
20260303,59923000,13:38:43.000,20260303-AP605-01051,20260303-AP605-0124,AP604,hedge_exit,buy,,1,340,submit,,FLATTENING
20260303,59923000,13:38:43.000,20260303-AP605-01051,20260303-AP605-0124,AP604,hedge_exit,buy,10073.0,1,340,fill,quote_key=59923000,FLATTENING
20260303,59954000,13:39:14.000,20260303-AP605-01052,,AP605,target_buy,buy,10231.0,1,341,submit,initial_quote,FLAT_QUOTING
20260303,59954000,13:39:14.000,20260303-AP605-01053,,AP605,target_sell,sell,10401.0,1,341,submit,initial_quote,FLAT_QUOTING
20260303,59955000,13:39:15.000,20260303-AP605-01052,,AP605,target_buy,buy,10231.0,1,341,ack,,FLAT_QUOTING
20260303,59955000,13:39:15.000,20260303-AP605-01053,,AP605,target_sell,sell,10401.0,1,341,ack,,FLAT_QUOTING
20260303,59955000,13:39:15.000,20260303-AP605-01052,,AP605,target_buy,buy,10231.0,1,341,fill,interval_vwap,FLAT_QUOTING
20260303,59955000,13:39:15.000,20260303-AP605-01053,,AP605,target_sell,sell,10401.0,1,341,cancel_requested,opposite_target_fill,FLAT_QUOTING
20260303,59956000,13:39:16.000,20260303-AP605-01053,,AP605,target_sell,sell,10401.0,1,341,cancel_ack,opposite_target_fill,LONG_PENDING_HEDGE
20260303,59956000,13:39:16.000,20260303-AP605-01054,20260303-AP605-0125,AP604,hedge_entry,sell,,1,341,submit,,LONG_PENDING_HEDGE
20260303,59956000,13:39:16.000,20260303-AP605-01054,20260303-AP605-0125,AP604,hedge_entry,sell,10019.0,1,341,fill,quote_key=59956000,LONG_PENDING_HEDGE
20260303,59957000,13:39:17.000,20260303-AP605-01055,20260303-AP605-0125,AP605,target_exit,sell,,1,341,submit,,FLATTENING
20260303,59957000,13:39:17.000,20260303-AP605-01055,20260303-AP605-0125,AP605,target_exit,sell,10320.0,1,341,fill,,FLATTENING
20260303,59957000,13:39:17.000,20260303-AP605-01056,20260303-AP605-0125,AP604,hedge_exit,buy,,1,341,submit,,FLATTENING
20260303,59957000,13:39:17.000,20260303-AP605-01056,20260303-AP605-0125,AP604,hedge_exit,buy,10048.0,1,341,fill,quote_key=59957000,FLATTENING
20260303,59972000,13:39:32.000,20260303-AP605-01057,,AP605,target_buy,buy,10237.0,1,342,submit,initial_quote,FLAT_QUOTING
20260303,59972000,13:39:32.000,20260303-AP605-01058,,AP605,target_sell,sell,10407.0,1,342,submit,initial_quote,FLAT_QUOTING
20260303,59973000,13:39:33.000,20260303-AP605-01057,,AP605,target_buy,buy,10237.0,1,342,ack,,FLAT_QUOTING
20260303,59973000,13:39:33.000,20260303-AP605-01058,,AP605,target_sell,sell,10407.0,1,342,ack,,FLAT_QUOTING
20260303,59973000,13:39:33.000,20260303-AP605-01057,,AP605,target_buy,buy,10237.0,1,342,fill,interval_vwap,FLAT_QUOTING
20260303,59973000,13:39:33.000,20260303-AP605-01058,,AP605,target_sell,sell,10407.0,1,342,cancel_requested,opposite_target_fill,FLAT_QUOTING
20260303,59974000,13:39:34.000,20260303-AP605-01058,,AP605,target_sell,sell,10407.0,1,342,cancel_ack,opposite_target_fill,LONG_PENDING_HEDGE
20260303,59974000,13:39:34.000,20260303-AP605-01059,20260303-AP605-0126,AP604,hedge_entry,sell,,1,342,submit,,LONG_PENDING_HEDGE
20260303,59974000,13:39:34.000,20260303-AP605-01059,20260303-AP605-0126,AP604,hedge_entry,sell,10024.0,1,342,fill,quote_key=59974000,LONG_PENDING_HEDGE
20260303,59975000,13:39:35.000,20260303-AP605-01060,20260303-AP605-0126,AP605,target_exit,sell,,1,342,submit,,FLATTENING
20260303,59975000,13:39:35.000,20260303-AP605-01060,20260303-AP605-0126,AP605,target_exit,sell,10325.0,1,342,fill,,FLATTENING
20260303,59975000,13:39:35.000,20260303-AP605-01061,20260303-AP605-0126,AP604,hedge_exit,buy,,1,342,submit,,FLATTENING
20260303,59975000,13:39:35.000,20260303-AP605-01061,20260303-AP605-0126,AP604,hedge_exit,buy,10048.0,1,342,fill,quote_key=59975000,FLATTENING
20260303,59977000,13:39:37.000,20260303-AP605-01062,,AP605,target_buy,buy,10243.0,1,343,submit,initial_quote,FLAT_QUOTING
20260303,59977000,13:39:37.000,20260303-AP605-01063,,AP605,target_sell,sell,10413.0,1,343,submit,initial_quote,FLAT_QUOTING
20260303,59978000,13:39:38.000,20260303-AP605-01062,,AP605,target_buy,buy,10243.0,1,343,ack,,FLAT_QUOTING
20260303,59978000,13:39:38.000,20260303-AP605-01063,,AP605,target_sell,sell,10413.0,1,343,ack,,FLAT_QUOTING
20260303,59978000,13:39:38.000,20260303-AP605-01062,,AP605,target_buy,buy,10243.0,1,343,fill,interval_vwap,FLAT_QUOTING
20260303,59978000,13:39:38.000,20260303-AP605-01063,,AP605,target_sell,sell,10413.0,1,343,cancel_requested,opposite_target_fill,FLAT_QUOTING
20260303,59979000,13:39:39.000,20260303-AP605-01063,,AP605,target_sell,sell,10413.0,1,343,cancel_ack,opposite_target_fill,LONG_PENDING_HEDGE
20260303,59979000,13:39:39.000,20260303-AP605-01064,20260303-AP605-0127,AP604,hedge_entry,sell,,1,343,submit,,LONG_PENDING_HEDGE
20260303,59979000,13:39:39.000,20260303-AP605-01064,20260303-AP605-0127,AP604,hedge_entry,sell,10030.0,1,343,fill,quote_key=59979000,LONG_PENDING_HEDGE
20260303,59980000,13:39:40.000,20260303-AP605-01065,20260303-AP605-0127,AP605,target_exit,sell,,1,343,submit,,FLATTENING
20260303,59980000,13:39:40.000,20260303-AP605-01065,20260303-AP605-0127,AP605,target_exit,sell,10321.0,1,343,fill,,FLATTENING
20260303,59980000,13:39:40.000,20260303-AP605-01066,20260303-AP605-0127,AP604,hedge_exit,buy,,1,343,submit,,FLATTENING
20260303,59980000,13:39:40.000,20260303-AP605-01066,20260303-AP605-0127,AP604,hedge_exit,buy,10048.0,1,343,fill,quote_key=59980000,FLATTENING
20260303,59983000,13:39:43.000,20260303-AP605-01067,,AP605,target_buy,buy,10239.0,1,344,submit,initial_quote,FLAT_QUOTING
20260303,59983000,13:39:43.000,20260303-AP605-01068,,AP605,target_sell,sell,10409.0,1,344,submit,initial_quote,FLAT_QUOTING
20260303,59984000,13:39:44.000,20260303-AP605-01067,,AP605,target_buy,buy,10239.0,1,344,ack,,FLAT_QUOTING
20260303,59984000,13:39:44.000,20260303-AP605-01068,,AP605,target_sell,sell,10409.0,1,344,ack,,FLAT_QUOTING
20260303,59984000,13:39:44.000,20260303-AP605-01067,,AP605,target_buy,buy,10239.0,1,344,fill,interval_vwap,FLAT_QUOTING
20260303,59984000,13:39:44.000,20260303-AP605-01068,,AP605,target_sell,sell,10409.0,1,344,cancel_requested,opposite_target_fill,FLAT_QUOTING
20260303,59985000,13:39:45.000,20260303-AP605-01068,,AP605,target_sell,sell,10409.0,1,344,cancel_ack,opposite_target_fill,LONG_PENDING_HEDGE
20260303,59985000,13:39:45.000,20260303-AP605-01069,20260303-AP605-0128,AP604,hedge_entry,sell,,1,344,submit,,LONG_PENDING_HEDGE
20260303,59985000,13:39:45.000,20260303-AP605-01069,20260303-AP605-0128,AP604,hedge_entry,sell,10027.0,1,344,fill,quote_key=59985000,LONG_PENDING_HEDGE
20260303,59986000,13:39:46.000,20260303-AP605-01070,20260303-AP605-0128,AP605,target_exit,sell,,1,344,submit,,FLATTENING
20260303,59986000,13:39:46.000,20260303-AP605-01070,20260303-AP605-0128,AP605,target_exit,sell,10324.0,1,344,fill,,FLATTENING
20260303,59986000,13:39:46.000,20260303-AP605-01071,20260303-AP605-0128,AP604,hedge_exit,buy,,1,344,submit,,FLATTENING
20260303,59986000,13:39:46.000,20260303-AP605-01071,20260303-AP605-0128,AP604,hedge_exit,buy,10048.0,1,344,fill,quote_key=59986000,FLATTENING
20260303,60028000,13:40:28.000,20260303-AP605-01072,,AP605,target_buy,buy,10249.0,1,345,submit,initial_quote,FLAT_QUOTING
20260303,60028000,13:40:28.000,20260303-AP605-01073,,AP605,target_sell,sell,10419.0,1,345,submit,initial_quote,FLAT_QUOTING
20260303,60029000,13:40:29.000,20260303-AP605-01072,,AP605,target_buy,buy,10249.0,1,345,ack,,FLAT_QUOTING
20260303,60029000,13:40:29.000,20260303-AP605-01073,,AP605,target_sell,sell,10419.0,1,345,ack,,FLAT_QUOTING
20260303,60029000,13:40:29.000,20260303-AP605-01072,,AP605,target_buy,buy,10249.0,1,345,fill,interval_vwap,FLAT_QUOTING
20260303,60029000,13:40:29.000,20260303-AP605-01073,,AP605,target_sell,sell,10419.0,1,345,cancel_requested,opposite_target_fill,FLAT_QUOTING
20260303,60030000,13:40:30.000,20260303-AP605-01073,,AP605,target_sell,sell,10419.0,1,345,cancel_ack,opposite_target_fill,LONG_PENDING_HEDGE
20260303,60030000,13:40:30.000,20260303-AP605-01074,20260303-AP605-0129,AP604,hedge_entry,sell,,1,345,submit,,LONG_PENDING_HEDGE
20260303,60030000,13:40:30.000,20260303-AP605-01074,20260303-AP605-0129,AP604,hedge_entry,sell,10045.0,1,345,fill,quote_key=60030000,LONG_PENDING_HEDGE
20260303,60031000,13:40:31.000,20260303-AP605-01075,20260303-AP605-0129,AP605,target_exit,sell,,1,345,submit,,FLATTENING
20260303,60031000,13:40:31.000,20260303-AP605-01075,20260303-AP605-0129,AP605,target_exit,sell,10342.0,1,345,fill,,FLATTENING
20260303,60031000,13:40:31.000,20260303-AP605-01076,20260303-AP605-0129,AP604,hedge_exit,buy,,1,345,submit,,FLATTENING
20260303,60031000,13:40:31.000,20260303-AP605-01076,20260303-AP605-0129,AP604,hedge_exit,buy,10061.0,1,345,fill,quote_key=60030000,FLATTENING
20260303,60037000,13:40:37.000,20260303-AP605-01077,,AP605,target_buy,buy,10260.0,1,346,submit,initial_quote,FLAT_QUOTING
20260303,60037000,13:40:37.000,20260303-AP605-01078,,AP605,target_sell,sell,10430.0,1,346,submit,initial_quote,FLAT_QUOTING
20260303,60038000,13:40:38.000,20260303-AP605-01077,,AP605,target_buy,buy,10260.0,1,346,ack,,FLAT_QUOTING
20260303,60038000,13:40:38.000,20260303-AP605-01078,,AP605,target_sell,sell,10430.0,1,346,ack,,FLAT_QUOTING
20260303,60038000,13:40:38.000,20260303-AP605-01077,,AP605,target_buy,buy,10260.0,1,346,fill,interval_vwap,FLAT_QUOTING
20260303,60038000,13:40:38.000,20260303-AP605-01078,,AP605,target_sell,sell,10430.0,1,346,cancel_requested,opposite_target_fill,FLAT_QUOTING
20260303,60039000,13:40:39.000,20260303-AP605-01078,,AP605,target_sell,sell,10430.0,1,346,cancel_ack,opposite_target_fill,LONG_PENDING_HEDGE
20260303,60039000,13:40:39.000,20260303-AP605-01079,20260303-AP605-0130,AP604,hedge_entry,sell,,1,346,submit,,LONG_PENDING_HEDGE
20260303,60039000,13:40:39.000,20260303-AP605-01079,20260303-AP605-0130,AP604,hedge_entry,sell,10058.0,1,346,fill,quote_key=60039000,LONG_PENDING_HEDGE
20260303,60040000,13:40:40.000,20260303-AP605-01080,20260303-AP605-0130,AP605,target_exit,sell,,1,346,submit,,FLATTENING
20260303,60040000,13:40:40.000,20260303-AP605-01080,20260303-AP605-0130,AP605,target_exit,sell,10355.0,1,346,fill,,FLATTENING
20260303,60040000,13:40:40.000,20260303-AP605-01081,20260303-AP605-0130,AP604,hedge_exit,buy,,1,346,submit,,FLATTENING
20260303,60040000,13:40:40.000,20260303-AP605-01081,20260303-AP605-0130,AP604,hedge_exit,buy,10061.0,1,346,fill,quote_key=60040000,FLATTENING
20260303,60089000,13:41:29.000,20260303-AP605-01082,,AP605,target_buy,buy,10255.0,1,347,submit,initial_quote,FLAT_QUOTING
20260303,60089000,13:41:29.000,20260303-AP605-01083,,AP605,target_sell,sell,10425.0,1,347,submit,initial_quote,FLAT_QUOTING
20260303,60090000,13:41:30.000,20260303-AP605-01082,,AP605,target_buy,buy,10255.0,1,347,ack,,FLAT_QUOTING
20260303,60090000,13:41:30.000,20260303-AP605-01083,,AP605,target_sell,sell,10425.0,1,347,ack,,FLAT_QUOTING
20260303,60090000,13:41:30.000,20260303-AP605-01082,,AP605,target_buy,buy,10255.0,1,347,fill,interval_vwap,FLAT_QUOTING
20260303,60090000,13:41:30.000,20260303-AP605-01083,,AP605,target_sell,sell,10425.0,1,347,cancel_requested,opposite_target_fill,FLAT_QUOTING
20260303,60091000,13:41:31.000,20260303-AP605-01083,,AP605,target_sell,sell,10425.0,1,347,cancel_ack,opposite_target_fill,LONG_PENDING_HEDGE
20260303,60091000,13:41:31.000,20260303-AP605-01084,20260303-AP605-0131,AP604,hedge_entry,sell,,1,347,submit,,LONG_PENDING_HEDGE
20260303,60091000,13:41:31.000,20260303-AP605-01084,20260303-AP605-0131,AP604,hedge_entry,sell,10043.0,1,347,fill,quote_key=60091000,LONG_PENDING_HEDGE
20260303,60092000,13:41:32.000,20260303-AP605-01085,20260303-AP605-0131,AP605,target_exit,sell,,1,347,submit,,FLATTENING
20260303,60092000,13:41:32.000,20260303-AP605-01085,20260303-AP605-0131,AP605,target_exit,sell,10350.0,1,347,fill,,FLATTENING
20260303,60092000,13:41:32.000,20260303-AP605-01086,20260303-AP605-0131,AP604,hedge_exit,buy,,1,347,submit,,FLATTENING
20260303,60092000,13:41:32.000,20260303-AP605-01086,20260303-AP605-0131,AP604,hedge_exit,buy,10072.0,1,347,fill,quote_key=60092000,FLATTENING
20260303,60104000,13:41:44.000,20260303-AP605-01087,,AP605,target_buy,buy,10250.0,1,348,submit,initial_quote,FLAT_QUOTING
20260303,60104000,13:41:44.000,20260303-AP605-01088,,AP605,target_sell,sell,10420.0,1,348,submit,initial_quote,FLAT_QUOTING
20260303,60105000,13:41:45.000,20260303-AP605-01087,,AP605,target_buy,buy,10250.0,1,348,ack,,FLAT_QUOTING
20260303,60105000,13:41:45.000,20260303-AP605-01088,,AP605,target_sell,sell,10420.0,1,348,ack,,FLAT_QUOTING
20260303,60105000,13:41:45.000,20260303-AP605-01087,,AP605,target_buy,buy,10250.0,1,348,fill,interval_vwap,FLAT_QUOTING
20260303,60105000,13:41:45.000,20260303-AP605-01088,,AP605,target_sell,sell,10420.0,1,348,cancel_requested,opposite_target_fill,FLAT_QUOTING
20260303,60106000,13:41:46.000,20260303-AP605-01088,,AP605,target_sell,sell,10420.0,1,348,cancel_ack,opposite_target_fill,LONG_PENDING_HEDGE
20260303,60106000,13:41:46.000,20260303-AP605-01089,20260303-AP605-0132,AP604,hedge_entry,sell,,1,348,submit,,LONG_PENDING_HEDGE
20260303,60106000,13:41:46.000,20260303-AP605-01089,20260303-AP605-0132,AP604,hedge_entry,sell,10040.0,1,348,fill,quote_key=60106000,LONG_PENDING_HEDGE
20260303,60107000,13:41:47.000,20260303-AP605-01090,20260303-AP605-0132,AP605,target_exit,sell,,1,348,submit,,FLATTENING
20260303,60107000,13:41:47.000,20260303-AP605-01090,20260303-AP605-0132,AP605,target_exit,sell,10342.0,1,348,fill,,FLATTENING
20260303,60107000,13:41:47.000,20260303-AP605-01091,20260303-AP605-0132,AP604,hedge_exit,buy,,1,348,submit,,FLATTENING
20260303,60107000,13:41:47.000,20260303-AP605-01091,20260303-AP605-0132,AP604,hedge_exit,buy,10061.0,1,348,fill,quote_key=60107000,FLATTENING
20260303,60109000,13:41:49.000,20260303-AP605-01092,,AP605,target_buy,buy,10249.0,1,349,submit,initial_quote,FLAT_QUOTING
20260303,60109000,13:41:49.000,20260303-AP605-01093,,AP605,target_sell,sell,10419.0,1,349,submit,initial_quote,FLAT_QUOTING
20260303,60110000,13:41:50.000,20260303-AP605-01092,,AP605,target_buy,buy,10249.0,1,349,ack,,FLAT_QUOTING
20260303,60110000,13:41:50.000,20260303-AP605-01093,,AP605,target_sell,sell,10419.0,1,349,ack,,FLAT_QUOTING
20260303,60110000,13:41:50.000,20260303-AP605-01092,,AP605,target_buy,buy,10249.0,1,349,fill,interval_vwap,FLAT_QUOTING
20260303,60110000,13:41:50.000,20260303-AP605-01093,,AP605,target_sell,sell,10419.0,1,349,cancel_requested,opposite_target_fill,FLAT_QUOTING
20260303,60111000,13:41:51.000,20260303-AP605-01093,,AP605,target_sell,sell,10419.0,1,349,cancel_ack,opposite_target_fill,LONG_PENDING_HEDGE
20260303,60111000,13:41:51.000,20260303-AP605-01094,20260303-AP605-0133,AP604,hedge_entry,sell,,1,349,submit,,LONG_PENDING_HEDGE
20260303,60111000,13:41:51.000,20260303-AP605-01094,20260303-AP605-0133,AP604,hedge_entry,sell,10036.0,1,349,fill,quote_key=60111000,LONG_PENDING_HEDGE
20260303,60112000,13:41:52.000,20260303-AP605-01095,20260303-AP605-0133,AP605,target_exit,sell,,1,349,submit,,FLATTENING
20260303,60112000,13:41:52.000,20260303-AP605-01095,20260303-AP605-0133,AP605,target_exit,sell,10340.0,1,349,fill,,FLATTENING
20260303,60112000,13:41:52.000,20260303-AP605-01096,20260303-AP605-0133,AP604,hedge_exit,buy,,1,349,submit,,FLATTENING
20260303,60112000,13:41:52.000,20260303-AP605-01096,20260303-AP605-0133,AP604,hedge_exit,buy,10057.0,1,349,fill,quote_key=60112000,FLATTENING
20260303,60155000,13:42:35.000,20260303-AP605-01097,,AP605,target_buy,buy,10259.0,1,350,submit,initial_quote,FLAT_QUOTING
20260303,60155000,13:42:35.000,20260303-AP605-01098,,AP605,target_sell,sell,10429.0,1,350,submit,initial_quote,FLAT_QUOTING
20260303,60156000,13:42:36.000,20260303-AP605-01097,,AP605,target_buy,buy,10259.0,1,350,ack,,FLAT_QUOTING
20260303,60156000,13:42:36.000,20260303-AP605-01098,,AP605,target_sell,sell,10429.0,1,350,ack,,FLAT_QUOTING
20260303,60156000,13:42:36.000,20260303-AP605-01097,,AP605,target_buy,buy,10259.0,1,350,fill,interval_vwap,FLAT_QUOTING
20260303,60156000,13:42:36.000,20260303-AP605-01098,,AP605,target_sell,sell,10429.0,1,350,cancel_requested,opposite_target_fill,FLAT_QUOTING
20260303,60157000,13:42:37.000,20260303-AP605-01098,,AP605,target_sell,sell,10429.0,1,350,cancel_ack,opposite_target_fill,LONG_PENDING_HEDGE
20260303,60157000,13:42:37.000,20260303-AP605-01099,20260303-AP605-0134,AP604,hedge_entry,sell,,1,350,submit,,LONG_PENDING_HEDGE
20260303,60157000,13:42:37.000,20260303-AP605-01099,20260303-AP605-0134,AP604,hedge_entry,sell,10044.0,1,350,fill,quote_key=60157000,LONG_PENDING_HEDGE
20260303,60158000,13:42:38.000,20260303-AP605-01100,20260303-AP605-0134,AP605,target_exit,sell,,1,350,submit,,FLATTENING
20260303,60158000,13:42:38.000,20260303-AP605-01100,20260303-AP605-0134,AP605,target_exit,sell,10349.0,1,350,fill,,FLATTENING
20260303,60158000,13:42:38.000,20260303-AP605-01101,20260303-AP605-0134,AP604,hedge_exit,buy,,1,350,submit,,FLATTENING
20260303,60158000,13:42:38.000,20260303-AP605-01101,20260303-AP605-0134,AP604,hedge_exit,buy,10067.0,1,350,fill,quote_key=60158000,FLATTENING
20260303,60160000,13:42:40.000,20260303-AP605-01102,,AP605,target_buy,buy,10258.0,1,351,submit,initial_quote,FLAT_QUOTING
20260303,60160000,13:42:40.000,20260303-AP605-01103,,AP605,target_sell,sell,10428.0,1,351,submit,initial_quote,FLAT_QUOTING
20260303,60161000,13:42:41.000,20260303-AP605-01102,,AP605,target_buy,buy,10258.0,1,351,ack,,FLAT_QUOTING
20260303,60161000,13:42:41.000,20260303-AP605-01103,,AP605,target_sell,sell,10428.0,1,351,ack,,FLAT_QUOTING
20260303,60161000,13:42:41.000,20260303-AP605-01102,,AP605,target_buy,buy,10258.0,1,351,fill,interval_vwap,FLAT_QUOTING
20260303,60161000,13:42:41.000,20260303-AP605-01103,,AP605,target_sell,sell,10428.0,1,351,cancel_requested,opposite_target_fill,FLAT_QUOTING
20260303,60162000,13:42:42.000,20260303-AP605-01103,,AP605,target_sell,sell,10428.0,1,351,cancel_ack,opposite_target_fill,LONG_PENDING_HEDGE
20260303,60162000,13:42:42.000,20260303-AP605-01104,20260303-AP605-0135,AP604,hedge_entry,sell,,1,351,submit,,LONG_PENDING_HEDGE
20260303,60162000,13:42:42.000,20260303-AP605-01104,20260303-AP605-0135,AP604,hedge_entry,sell,10043.0,1,351,fill,quote_key=60162000,LONG_PENDING_HEDGE
20260303,60163000,13:42:43.000,20260303-AP605-01105,20260303-AP605-0135,AP605,target_exit,sell,,1,351,submit,,FLATTENING
20260303,60163000,13:42:43.000,20260303-AP605-01105,20260303-AP605-0135,AP605,target_exit,sell,10348.0,1,351,fill,,FLATTENING
20260303,60163000,13:42:43.000,20260303-AP605-01106,20260303-AP605-0135,AP604,hedge_exit,buy,,1,351,submit,,FLATTENING
20260303,60163000,13:42:43.000,20260303-AP605-01106,20260303-AP605-0135,AP604,hedge_exit,buy,10067.0,1,351,fill,quote_key=60162000,FLATTENING
20260303,60167000,13:42:47.000,20260303-AP605-01107,,AP605,target_buy,buy,10261.0,1,352,submit,initial_quote,FLAT_QUOTING
20260303,60167000,13:42:47.000,20260303-AP605-01108,,AP605,target_sell,sell,10431.0,1,352,submit,initial_quote,FLAT_QUOTING
20260303,60168000,13:42:48.000,20260303-AP605-01107,,AP605,target_buy,buy,10261.0,1,352,ack,,FLAT_QUOTING
20260303,60168000,13:42:48.000,20260303-AP605-01108,,AP605,target_sell,sell,10431.0,1,352,ack,,FLAT_QUOTING
20260303,60168000,13:42:48.000,20260303-AP605-01107,,AP605,target_buy,buy,10261.0,1,352,fill,interval_vwap,FLAT_QUOTING
20260303,60168000,13:42:48.000,20260303-AP605-01108,,AP605,target_sell,sell,10431.0,1,352,cancel_requested,opposite_target_fill,FLAT_QUOTING
20260303,60169000,13:42:49.000,20260303-AP605-01108,,AP605,target_sell,sell,10431.0,1,352,cancel_ack,opposite_target_fill,LONG_PENDING_HEDGE
20260303,60169000,13:42:49.000,20260303-AP605-01109,20260303-AP605-0136,AP604,hedge_entry,sell,,1,352,submit,,LONG_PENDING_HEDGE
20260303,60169000,13:42:49.000,20260303-AP605-01109,20260303-AP605-0136,AP604,hedge_entry,sell,10044.0,1,352,fill,quote_key=60169000,LONG_PENDING_HEDGE
20260303,60170000,13:42:50.000,20260303-AP605-01110,20260303-AP605-0136,AP605,target_exit,sell,,1,352,submit,,FLATTENING
20260303,60170000,13:42:50.000,20260303-AP605-01110,20260303-AP605-0136,AP605,target_exit,sell,10349.0,1,352,fill,,FLATTENING
20260303,60170000,13:42:50.000,20260303-AP605-01111,20260303-AP605-0136,AP604,hedge_exit,buy,,1,352,submit,,FLATTENING
20260303,60170000,13:42:50.000,20260303-AP605-01111,20260303-AP605-0136,AP604,hedge_exit,buy,10067.0,1,352,fill,quote_key=60170000,FLATTENING
20260303,60172000,13:42:52.000,20260303-AP605-01112,,AP605,target_buy,buy,10263.0,1,353,submit,initial_quote,FLAT_QUOTING
20260303,60172000,13:42:52.000,20260303-AP605-01113,,AP605,target_sell,sell,10433.0,1,353,submit,initial_quote,FLAT_QUOTING
20260303,60173000,13:42:53.000,20260303-AP605-01112,,AP605,target_buy,buy,10263.0,1,353,ack,,FLAT_QUOTING
20260303,60173000,13:42:53.000,20260303-AP605-01113,,AP605,target_sell,sell,10433.0,1,353,ack,,FLAT_QUOTING
20260303,60173000,13:42:53.000,20260303-AP605-01112,,AP605,target_buy,buy,10263.0,1,353,fill,interval_vwap,FLAT_QUOTING
20260303,60173000,13:42:53.000,20260303-AP605-01113,,AP605,target_sell,sell,10433.0,1,353,cancel_requested,opposite_target_fill,FLAT_QUOTING
20260303,60174000,13:42:54.000,20260303-AP605-01113,,AP605,target_sell,sell,10433.0,1,353,cancel_ack,opposite_target_fill,LONG_PENDING_HEDGE
20260303,60174000,13:42:54.000,20260303-AP605-01114,20260303-AP605-0137,AP604,hedge_entry,sell,,1,353,submit,,LONG_PENDING_HEDGE
20260303,60174000,13:42:54.000,20260303-AP605-01114,20260303-AP605-0137,AP604,hedge_entry,sell,10046.0,1,353,fill,quote_key=60174000,LONG_PENDING_HEDGE
20260303,60175000,13:42:55.000,20260303-AP605-01115,20260303-AP605-0137,AP605,target_exit,sell,,1,353,submit,,FLATTENING
20260303,60175000,13:42:55.000,20260303-AP605-01115,20260303-AP605-0137,AP605,target_exit,sell,10352.0,1,353,fill,,FLATTENING
20260303,60175000,13:42:55.000,20260303-AP605-01116,20260303-AP605-0137,AP604,hedge_exit,buy,,1,353,submit,,FLATTENING
20260303,60175000,13:42:55.000,20260303-AP605-01116,20260303-AP605-0137,AP604,hedge_exit,buy,10068.0,1,353,fill,quote_key=60175000,FLATTENING
20260303,60218000,13:43:38.000,20260303-AP605-01117,,AP605,target_buy,buy,10262.0,1,354,submit,initial_quote,FLAT_QUOTING
20260303,60218000,13:43:38.000,20260303-AP605-01118,,AP605,target_sell,sell,10432.0,1,354,submit,initial_quote,FLAT_QUOTING
20260303,60219000,13:43:39.000,20260303-AP605-01117,,AP605,target_buy,buy,10262.0,1,354,ack,,FLAT_QUOTING
20260303,60219000,13:43:39.000,20260303-AP605-01118,,AP605,target_sell,sell,10432.0,1,354,ack,,FLAT_QUOTING
20260303,60219000,13:43:39.000,20260303-AP605-01117,,AP605,target_buy,buy,10262.0,1,354,fill,interval_vwap,FLAT_QUOTING
20260303,60219000,13:43:39.000,20260303-AP605-01118,,AP605,target_sell,sell,10432.0,1,354,cancel_requested,opposite_target_fill,FLAT_QUOTING
20260303,60220000,13:43:40.000,20260303-AP605-01118,,AP605,target_sell,sell,10432.0,1,354,cancel_ack,opposite_target_fill,LONG_PENDING_HEDGE
20260303,60220000,13:43:40.000,20260303-AP605-01119,20260303-AP605-0138,AP604,hedge_entry,sell,,1,354,submit,,LONG_PENDING_HEDGE
20260303,60220000,13:43:40.000,20260303-AP605-01119,20260303-AP605-0138,AP604,hedge_entry,sell,10046.0,1,354,fill,quote_key=60220000,LONG_PENDING_HEDGE
20260303,60221000,13:43:41.000,20260303-AP605-01120,20260303-AP605-0138,AP605,target_exit,sell,,1,354,submit,,FLATTENING
20260303,60221000,13:43:41.000,20260303-AP605-01120,20260303-AP605-0138,AP605,target_exit,sell,10350.0,1,354,fill,,FLATTENING
20260303,60221000,13:43:41.000,20260303-AP605-01121,20260303-AP605-0138,AP604,hedge_exit,buy,,1,354,submit,,FLATTENING
20260303,60221000,13:43:41.000,20260303-AP605-01121,20260303-AP605-0138,AP604,hedge_exit,buy,10065.0,1,354,fill,quote_key=60221000,FLATTENING
20260303,60224000,13:43:44.000,20260303-AP605-01122,,AP605,target_buy,buy,10263.0,1,355,submit,initial_quote,FLAT_QUOTING
20260303,60224000,13:43:44.000,20260303-AP605-01123,,AP605,target_sell,sell,10433.0,1,355,submit,initial_quote,FLAT_QUOTING
20260303,60225000,13:43:45.000,20260303-AP605-01122,,AP605,target_buy,buy,10263.0,1,355,ack,,FLAT_QUOTING
20260303,60225000,13:43:45.000,20260303-AP605-01123,,AP605,target_sell,sell,10433.0,1,355,ack,,FLAT_QUOTING
20260303,60225000,13:43:45.000,20260303-AP605-01122,,AP605,target_buy,buy,10263.0,1,355,fill,interval_vwap,FLAT_QUOTING
20260303,60225000,13:43:45.000,20260303-AP605-01123,,AP605,target_sell,sell,10433.0,1,355,cancel_requested,opposite_target_fill,FLAT_QUOTING
20260303,60226000,13:43:46.000,20260303-AP605-01123,,AP605,target_sell,sell,10433.0,1,355,cancel_ack,opposite_target_fill,LONG_PENDING_HEDGE
20260303,60226000,13:43:46.000,20260303-AP605-01124,20260303-AP605-0139,AP604,hedge_entry,sell,,1,355,submit,,LONG_PENDING_HEDGE
20260303,60226000,13:43:46.000,20260303-AP605-01124,20260303-AP605-0139,AP604,hedge_entry,sell,10051.0,1,355,fill,quote_key=60226000,LONG_PENDING_HEDGE
20260303,60227000,13:43:47.000,20260303-AP605-01125,20260303-AP605-0139,AP605,target_exit,sell,,1,355,submit,,FLATTENING
20260303,60227000,13:43:47.000,20260303-AP605-01125,20260303-AP605-0139,AP605,target_exit,sell,10352.0,1,355,fill,,FLATTENING
20260303,60227000,13:43:47.000,20260303-AP605-01126,20260303-AP605-0139,AP604,hedge_exit,buy,,1,355,submit,,FLATTENING
20260303,60227000,13:43:47.000,20260303-AP605-01126,20260303-AP605-0139,AP604,hedge_exit,buy,10071.0,1,355,fill,quote_key=60227000,FLATTENING
20260303,60230000,13:43:50.000,20260303-AP605-01127,,AP605,target_buy,buy,10264.0,1,356,submit,initial_quote,FLAT_QUOTING
20260303,60230000,13:43:50.000,20260303-AP605-01128,,AP605,target_sell,sell,10434.0,1,356,submit,initial_quote,FLAT_QUOTING
20260303,60231000,13:43:51.000,20260303-AP605-01127,,AP605,target_buy,buy,10264.0,1,356,ack,,FLAT_QUOTING
20260303,60231000,13:43:51.000,20260303-AP605-01128,,AP605,target_sell,sell,10434.0,1,356,ack,,FLAT_QUOTING
20260303,60231000,13:43:51.000,20260303-AP605-01127,,AP605,target_buy,buy,10264.0,1,356,fill,interval_vwap,FLAT_QUOTING
20260303,60231000,13:43:51.000,20260303-AP605-01128,,AP605,target_sell,sell,10434.0,1,356,cancel_requested,opposite_target_fill,FLAT_QUOTING
20260303,60232000,13:43:52.000,20260303-AP605-01128,,AP605,target_sell,sell,10434.0,1,356,cancel_ack,opposite_target_fill,LONG_PENDING_HEDGE
20260303,60232000,13:43:52.000,20260303-AP605-01129,20260303-AP605-0140,AP604,hedge_entry,sell,,1,356,submit,,LONG_PENDING_HEDGE
20260303,60232000,13:43:52.000,20260303-AP605-01129,20260303-AP605-0140,AP604,hedge_entry,sell,,1,356,quote_unavailable,,LONG_PENDING_HEDGE
20260303,60232000,13:43:52.000,20260303-AP605-01130,20260303-AP605-0140,AP605,target_exit,sell,,1,356,submit,,EMERGENCY_FLATTEN
20260303,60232000,13:43:52.000,20260303-AP605-01130,20260303-AP605-0140,AP605,target_exit,sell,10352.0,1,356,fill,,EMERGENCY_FLATTEN
20260303,60239000,13:43:59.000,20260303-AP605-01131,,AP605,target_buy,buy,10263.0,1,357,submit,initial_quote,FLAT_QUOTING
20260303,60239000,13:43:59.000,20260303-AP605-01132,,AP605,target_sell,sell,10433.0,1,357,submit,initial_quote,FLAT_QUOTING
20260303,60240000,13:44:00.000,20260303-AP605-01131,,AP605,target_buy,buy,10263.0,1,357,ack,,FLAT_QUOTING
20260303,60240000,13:44:00.000,20260303-AP605-01132,,AP605,target_sell,sell,10433.0,1,357,ack,,FLAT_QUOTING
20260303,60240000,13:44:00.000,20260303-AP605-01131,,AP605,target_buy,buy,10263.0,1,357,fill,interval_vwap,FLAT_QUOTING
20260303,60240000,13:44:00.000,20260303-AP605-01132,,AP605,target_sell,sell,10433.0,1,357,cancel_requested,opposite_target_fill,FLAT_QUOTING
20260303,60241000,13:44:01.000,20260303-AP605-01132,,AP605,target_sell,sell,10433.0,1,357,cancel_ack,opposite_target_fill,LONG_PENDING_HEDGE
20260303,60241000,13:44:01.000,20260303-AP605-01133,20260303-AP605-0141,AP604,hedge_entry,sell,,1,357,submit,,LONG_PENDING_HEDGE
20260303,60241000,13:44:01.000,20260303-AP605-01133,20260303-AP605-0141,AP604,hedge_entry,sell,10050.0,1,357,fill,quote_key=60241000,LONG_PENDING_HEDGE
20260303,60242000,13:44:02.000,20260303-AP605-01134,20260303-AP605-0141,AP605,target_exit,sell,,1,357,submit,,FLATTENING
20260303,60242000,13:44:02.000,20260303-AP605-01134,20260303-AP605-0141,AP605,target_exit,sell,10355.0,1,357,fill,,FLATTENING
20260303,60242000,13:44:02.000,20260303-AP605-01135,20260303-AP605-0141,AP604,hedge_exit,buy,,1,357,submit,,FLATTENING
20260303,60242000,13:44:02.000,20260303-AP605-01135,20260303-AP605-0141,AP604,hedge_exit,buy,10072.0,1,357,fill,quote_key=60242000,FLATTENING
20260303,60281000,13:44:41.000,20260303-AP605-01136,,AP605,target_buy,buy,10277.0,1,358,submit,initial_quote,FLAT_QUOTING
20260303,60281000,13:44:41.000,20260303-AP605-01137,,AP605,target_sell,sell,10447.0,1,358,submit,initial_quote,FLAT_QUOTING
20260303,60282000,13:44:42.000,20260303-AP605-01136,,AP605,target_buy,buy,10277.0,1,358,ack,,FLAT_QUOTING
20260303,60282000,13:44:42.000,20260303-AP605-01137,,AP605,target_sell,sell,10447.0,1,358,ack,,FLAT_QUOTING
20260303,60282000,13:44:42.000,20260303-AP605-01136,,AP605,target_buy,buy,10277.0,1,358,fill,interval_vwap,FLAT_QUOTING
20260303,60282000,13:44:42.000,20260303-AP605-01137,,AP605,target_sell,sell,10447.0,1,358,cancel_requested,opposite_target_fill,FLAT_QUOTING
20260303,60283000,13:44:43.000,20260303-AP605-01137,,AP605,target_sell,sell,10447.0,1,358,cancel_ack,opposite_target_fill,LONG_PENDING_HEDGE
20260303,60283000,13:44:43.000,20260303-AP605-01138,20260303-AP605-0142,AP604,hedge_entry,sell,,1,358,submit,,LONG_PENDING_HEDGE
20260303,60283000,13:44:43.000,20260303-AP605-01138,20260303-AP605-0142,AP604,hedge_entry,sell,10060.0,1,358,fill,quote_key=60283000,LONG_PENDING_HEDGE
20260303,60284000,13:44:44.000,20260303-AP605-01139,20260303-AP605-0142,AP605,target_exit,sell,,1,358,submit,,FLATTENING
20260303,60284000,13:44:44.000,20260303-AP605-01139,20260303-AP605-0142,AP605,target_exit,sell,10366.0,1,358,fill,,FLATTENING
20260303,60284000,13:44:44.000,20260303-AP605-01140,20260303-AP605-0142,AP604,hedge_exit,buy,,1,358,submit,,FLATTENING
20260303,60284000,13:44:44.000,20260303-AP605-01140,20260303-AP605-0142,AP604,hedge_exit,buy,10079.0,1,358,fill,quote_key=60284000,FLATTENING
20260303,60287000,13:44:47.000,20260303-AP605-01141,,AP605,target_buy,buy,10278.0,1,359,submit,initial_quote,FLAT_QUOTING
20260303,60287000,13:44:47.000,20260303-AP605-01142,,AP605,target_sell,sell,10448.0,1,359,submit,initial_quote,FLAT_QUOTING
20260303,60288000,13:44:48.000,20260303-AP605-01141,,AP605,target_buy,buy,10278.0,1,359,ack,,FLAT_QUOTING
20260303,60288000,13:44:48.000,20260303-AP605-01142,,AP605,target_sell,sell,10448.0,1,359,ack,,FLAT_QUOTING
20260303,60288000,13:44:48.000,20260303-AP605-01141,,AP605,target_buy,buy,10278.0,1,359,fill,interval_vwap,FLAT_QUOTING
20260303,60288000,13:44:48.000,20260303-AP605-01142,,AP605,target_sell,sell,10448.0,1,359,cancel_requested,opposite_target_fill,FLAT_QUOTING
20260303,60289000,13:44:49.000,20260303-AP605-01142,,AP605,target_sell,sell,10448.0,1,359,cancel_ack,opposite_target_fill,LONG_PENDING_HEDGE
20260303,60289000,13:44:49.000,20260303-AP605-01143,20260303-AP605-0143,AP604,hedge_entry,sell,,1,359,submit,,LONG_PENDING_HEDGE
20260303,60289000,13:44:49.000,20260303-AP605-01143,20260303-AP605-0143,AP604,hedge_entry,sell,10060.0,1,359,fill,quote_key=60289000,LONG_PENDING_HEDGE
20260303,60290000,13:44:50.000,20260303-AP605-01144,20260303-AP605-0143,AP605,target_exit,sell,,1,359,submit,,FLATTENING
20260303,60290000,13:44:50.000,20260303-AP605-01144,20260303-AP605-0143,AP605,target_exit,sell,10367.0,1,359,fill,,FLATTENING
20260303,60290000,13:44:50.000,20260303-AP605-01145,20260303-AP605-0143,AP604,hedge_exit,buy,,1,359,submit,,FLATTENING
20260303,60290000,13:44:50.000,20260303-AP605-01145,20260303-AP605-0143,AP604,hedge_exit,buy,10079.0,1,359,fill,quote_key=60289000,FLATTENING
20260303,60298000,13:44:58.000,20260303-AP605-01146,,AP605,target_buy,buy,10278.0,1,360,submit,initial_quote,FLAT_QUOTING
20260303,60298000,13:44:58.000,20260303-AP605-01147,,AP605,target_sell,sell,10448.0,1,360,submit,initial_quote,FLAT_QUOTING
20260303,60299000,13:44:59.000,20260303-AP605-01146,,AP605,target_buy,buy,10278.0,1,360,ack,,FLAT_QUOTING
20260303,60299000,13:44:59.000,20260303-AP605-01147,,AP605,target_sell,sell,10448.0,1,360,ack,,FLAT_QUOTING
20260303,60299000,13:44:59.000,20260303-AP605-01146,,AP605,target_buy,buy,10278.0,1,360,fill,interval_vwap,FLAT_QUOTING
20260303,60299000,13:44:59.000,20260303-AP605-01147,,AP605,target_sell,sell,10448.0,1,360,cancel_requested,opposite_target_fill,FLAT_QUOTING
20260303,60300000,13:45:00.000,20260303-AP605-01147,,AP605,target_sell,sell,10448.0,1,360,cancel_ack,opposite_target_fill,LONG_PENDING_HEDGE
20260303,60300000,13:45:00.000,20260303-AP605-01148,20260303-AP605-0144,AP604,hedge_entry,sell,,1,360,submit,,LONG_PENDING_HEDGE
20260303,60300000,13:45:00.000,20260303-AP605-01148,20260303-AP605-0144,AP604,hedge_entry,sell,10060.0,1,360,fill,quote_key=60298000,LONG_PENDING_HEDGE
20260303,60301000,13:45:01.000,20260303-AP605-01149,20260303-AP605-0144,AP605,target_exit,sell,,1,360,submit,,FLATTENING
20260303,60301000,13:45:01.000,20260303-AP605-01149,20260303-AP605-0144,AP605,target_exit,sell,10369.0,1,360,fill,,FLATTENING
20260303,60301000,13:45:01.000,20260303-AP605-01150,20260303-AP605-0144,AP604,hedge_exit,buy,,1,360,submit,,FLATTENING
20260303,60301000,13:45:01.000,20260303-AP605-01150,20260303-AP605-0144,AP604,hedge_exit,buy,10079.0,1,360,fill,quote_key=60301000,FLATTENING
20260303,60303000,13:45:03.000,20260303-AP605-01151,,AP605,target_buy,buy,10278.0,1,361,submit,initial_quote,FLAT_QUOTING
20260303,60303000,13:45:03.000,20260303-AP605-01152,,AP605,target_sell,sell,10448.0,1,361,submit,initial_quote,FLAT_QUOTING
20260303,60304000,13:45:04.000,20260303-AP605-01151,,AP605,target_buy,buy,10278.0,1,361,ack,,FLAT_QUOTING
20260303,60304000,13:45:04.000,20260303-AP605-01152,,AP605,target_sell,sell,10448.0,1,361,ack,,FLAT_QUOTING
20260303,60304000,13:45:04.000,20260303-AP605-01151,,AP605,target_buy,buy,10278.0,1,361,fill,interval_vwap,FLAT_QUOTING
20260303,60304000,13:45:04.000,20260303-AP605-01152,,AP605,target_sell,sell,10448.0,1,361,cancel_requested,opposite_target_fill,FLAT_QUOTING
20260303,60305000,13:45:05.000,20260303-AP605-01152,,AP605,target_sell,sell,10448.0,1,361,cancel_ack,opposite_target_fill,LONG_PENDING_HEDGE
20260303,60305000,13:45:05.000,20260303-AP605-01153,20260303-AP605-0145,AP604,hedge_entry,sell,,1,361,submit,,LONG_PENDING_HEDGE
20260303,60305000,13:45:05.000,20260303-AP605-01153,20260303-AP605-0145,AP604,hedge_entry,sell,10057.0,1,361,fill,quote_key=60305000,LONG_PENDING_HEDGE
20260303,60306000,13:45:06.000,20260303-AP605-01154,20260303-AP605-0145,AP605,target_exit,sell,,1,361,submit,,FLATTENING
20260303,60306000,13:45:06.000,20260303-AP605-01154,20260303-AP605-0145,AP605,target_exit,sell,10362.0,1,361,fill,,FLATTENING
20260303,60306000,13:45:06.000,20260303-AP605-01155,20260303-AP605-0145,AP604,hedge_exit,buy,,1,361,submit,,FLATTENING
20260303,60306000,13:45:06.000,20260303-AP605-01155,20260303-AP605-0145,AP604,hedge_exit,buy,10076.0,1,361,fill,quote_key=60306000,FLATTENING
20260303,60344000,13:45:44.000,20260303-AP605-01156,,AP605,target_buy,buy,10278.0,1,362,submit,initial_quote,FLAT_QUOTING
20260303,60344000,13:45:44.000,20260303-AP605-01157,,AP605,target_sell,sell,10448.0,1,362,submit,initial_quote,FLAT_QUOTING
20260303,60345000,13:45:45.000,20260303-AP605-01156,,AP605,target_buy,buy,10278.0,1,362,ack,,FLAT_QUOTING
20260303,60345000,13:45:45.000,20260303-AP605-01157,,AP605,target_sell,sell,10448.0,1,362,ack,,FLAT_QUOTING
20260303,60345000,13:45:45.000,20260303-AP605-01156,,AP605,target_buy,buy,10278.0,1,362,fill,interval_vwap,FLAT_QUOTING
20260303,60345000,13:45:45.000,20260303-AP605-01157,,AP605,target_sell,sell,10448.0,1,362,cancel_requested,opposite_target_fill,FLAT_QUOTING
20260303,60346000,13:45:46.000,20260303-AP605-01157,,AP605,target_sell,sell,10448.0,1,362,cancel_ack,opposite_target_fill,LONG_PENDING_HEDGE
20260303,60346000,13:45:46.000,20260303-AP605-01158,20260303-AP605-0146,AP604,hedge_entry,sell,,1,362,submit,,LONG_PENDING_HEDGE
20260303,60346000,13:45:46.000,20260303-AP605-01158,20260303-AP605-0146,AP604,hedge_entry,sell,10053.0,1,362,fill,quote_key=60346000,LONG_PENDING_HEDGE
20260303,60347000,13:45:47.000,20260303-AP605-01159,20260303-AP605-0146,AP605,target_exit,sell,,1,362,submit,,FLATTENING
20260303,60347000,13:45:47.000,20260303-AP605-01159,20260303-AP605-0146,AP605,target_exit,sell,10356.0,1,362,fill,,FLATTENING
20260303,60347000,13:45:47.000,20260303-AP605-01160,20260303-AP605-0146,AP604,hedge_exit,buy,,1,362,submit,,FLATTENING
20260303,60347000,13:45:47.000,20260303-AP605-01160,20260303-AP605-0146,AP604,hedge_exit,buy,10069.0,1,362,fill,quote_key=60347000,FLATTENING
20260303,60350000,13:45:50.000,20260303-AP605-01161,,AP605,target_buy,buy,10271.0,1,363,submit,initial_quote,FLAT_QUOTING
20260303,60350000,13:45:50.000,20260303-AP605-01162,,AP605,target_sell,sell,10441.0,1,363,submit,initial_quote,FLAT_QUOTING
20260303,60351000,13:45:51.000,20260303-AP605-01161,,AP605,target_buy,buy,10271.0,1,363,ack,,FLAT_QUOTING
20260303,60351000,13:45:51.000,20260303-AP605-01162,,AP605,target_sell,sell,10441.0,1,363,ack,,FLAT_QUOTING
20260303,60351000,13:45:51.000,20260303-AP605-01161,,AP605,target_buy,buy,10271.0,1,363,fill,interval_vwap,FLAT_QUOTING
20260303,60351000,13:45:51.000,20260303-AP605-01162,,AP605,target_sell,sell,10441.0,1,363,cancel_requested,opposite_target_fill,FLAT_QUOTING
20260303,60352000,13:45:52.000,20260303-AP605-01162,,AP605,target_sell,sell,10441.0,1,363,cancel_ack,opposite_target_fill,LONG_PENDING_HEDGE
20260303,60352000,13:45:52.000,20260303-AP605-01163,20260303-AP605-0147,AP604,hedge_entry,sell,,1,363,submit,,LONG_PENDING_HEDGE
20260303,60352000,13:45:52.000,20260303-AP605-01163,20260303-AP605-0147,AP604,hedge_entry,sell,10048.0,1,363,fill,quote_key=60352000,LONG_PENDING_HEDGE
20260303,60353000,13:45:53.000,20260303-AP605-01164,20260303-AP605-0147,AP605,target_exit,sell,,1,363,submit,,FLATTENING
20260303,60353000,13:45:53.000,20260303-AP605-01164,20260303-AP605-0147,AP605,target_exit,sell,10354.0,1,363,fill,,FLATTENING
20260303,60353000,13:45:53.000,20260303-AP605-01165,20260303-AP605-0147,AP604,hedge_exit,buy,,1,363,submit,,FLATTENING
20260303,60353000,13:45:53.000,20260303-AP605-01165,20260303-AP605-0147,AP604,hedge_exit,buy,10068.0,1,363,fill,quote_key=60353000,FLATTENING
20260303,60371000,13:46:11.000,20260303-AP605-01166,,AP605,target_buy,buy,10274.0,1,364,submit,initial_quote,FLAT_QUOTING
20260303,60371000,13:46:11.000,20260303-AP605-01167,,AP605,target_sell,sell,10444.0,1,364,submit,initial_quote,FLAT_QUOTING
20260303,60372000,13:46:12.000,20260303-AP605-01166,,AP605,target_buy,buy,10274.0,1,364,ack,,FLAT_QUOTING
20260303,60372000,13:46:12.000,20260303-AP605-01167,,AP605,target_sell,sell,10444.0,1,364,ack,,FLAT_QUOTING
20260303,60372000,13:46:12.000,20260303-AP605-01166,,AP605,target_buy,buy,10274.0,1,364,fill,interval_vwap,FLAT_QUOTING
20260303,60372000,13:46:12.000,20260303-AP605-01167,,AP605,target_sell,sell,10444.0,1,364,cancel_requested,opposite_target_fill,FLAT_QUOTING
20260303,60373000,13:46:13.000,20260303-AP605-01167,,AP605,target_sell,sell,10444.0,1,364,cancel_ack,opposite_target_fill,LONG_PENDING_HEDGE
20260303,60373000,13:46:13.000,20260303-AP605-01168,20260303-AP605-0148,AP604,hedge_entry,sell,,1,364,submit,,LONG_PENDING_HEDGE
20260303,60373000,13:46:13.000,20260303-AP605-01168,20260303-AP605-0148,AP604,hedge_entry,sell,10050.0,1,364,fill,quote_key=60373000,LONG_PENDING_HEDGE
20260303,60374000,13:46:14.000,20260303-AP605-01169,20260303-AP605-0148,AP605,target_exit,sell,,1,364,submit,,FLATTENING
20260303,60374000,13:46:14.000,20260303-AP605-01169,20260303-AP605-0148,AP605,target_exit,sell,10358.0,1,364,fill,,FLATTENING
20260303,60374000,13:46:14.000,20260303-AP605-01170,20260303-AP605-0148,AP604,hedge_exit,buy,,1,364,submit,,FLATTENING
20260303,60374000,13:46:14.000,20260303-AP605-01170,20260303-AP605-0148,AP604,hedge_exit,buy,10079.0,1,364,fill,quote_key=60374000,FLATTENING
20260303,60376000,13:46:16.000,20260303-AP605-01171,,AP605,target_buy,buy,10273.0,1,365,submit,initial_quote,FLAT_QUOTING
20260303,60376000,13:46:16.000,20260303-AP605-01172,,AP605,target_sell,sell,10443.0,1,365,submit,initial_quote,FLAT_QUOTING
20260303,60377000,13:46:17.000,20260303-AP605-01171,,AP605,target_buy,buy,10273.0,1,365,ack,,FLAT_QUOTING
20260303,60377000,13:46:17.000,20260303-AP605-01172,,AP605,target_sell,sell,10443.0,1,365,ack,,FLAT_QUOTING
20260303,60377000,13:46:17.000,20260303-AP605-01171,,AP605,target_buy,buy,10273.0,1,365,fill,interval_vwap,FLAT_QUOTING
20260303,60377000,13:46:17.000,20260303-AP605-01172,,AP605,target_sell,sell,10443.0,1,365,cancel_requested,opposite_target_fill,FLAT_QUOTING
20260303,60378000,13:46:18.000,20260303-AP605-01172,,AP605,target_sell,sell,10443.0,1,365,cancel_ack,opposite_target_fill,LONG_PENDING_HEDGE
20260303,60378000,13:46:18.000,20260303-AP605-01173,20260303-AP605-0149,AP604,hedge_entry,sell,,1,365,submit,,LONG_PENDING_HEDGE
20260303,60378000,13:46:18.000,20260303-AP605-01173,20260303-AP605-0149,AP604,hedge_entry,sell,10053.0,1,365,fill,quote_key=60378000,LONG_PENDING_HEDGE
20260303,60379000,13:46:19.000,20260303-AP605-01174,20260303-AP605-0149,AP605,target_exit,sell,,1,365,submit,,FLATTENING
20260303,60379000,13:46:19.000,20260303-AP605-01174,20260303-AP605-0149,AP605,target_exit,sell,10358.0,1,365,fill,,FLATTENING
20260303,60379000,13:46:19.000,20260303-AP605-01175,20260303-AP605-0149,AP604,hedge_exit,buy,,1,365,submit,,FLATTENING
20260303,60379000,13:46:19.000,20260303-AP605-01175,20260303-AP605-0149,AP604,hedge_exit,buy,10077.0,1,365,fill,quote_key=60379000,FLATTENING
20260303,60407000,13:46:47.000,20260303-AP605-01176,,AP605,target_buy,buy,10273.0,1,366,submit,initial_quote,FLAT_QUOTING
20260303,60407000,13:46:47.000,20260303-AP605-01177,,AP605,target_sell,sell,10443.0,1,366,submit,initial_quote,FLAT_QUOTING
20260303,60408000,13:46:48.000,20260303-AP605-01176,,AP605,target_buy,buy,10273.0,1,366,ack,,FLAT_QUOTING
20260303,60408000,13:46:48.000,20260303-AP605-01177,,AP605,target_sell,sell,10443.0,1,366,ack,,FLAT_QUOTING
20260303,60408000,13:46:48.000,20260303-AP605-01176,,AP605,target_buy,buy,10273.0,1,366,fill,interval_vwap,FLAT_QUOTING
20260303,60408000,13:46:48.000,20260303-AP605-01177,,AP605,target_sell,sell,10443.0,1,366,cancel_requested,opposite_target_fill,FLAT_QUOTING
20260303,60409000,13:46:49.000,20260303-AP605-01177,,AP605,target_sell,sell,10443.0,1,366,cancel_ack,opposite_target_fill,LONG_PENDING_HEDGE
20260303,60409000,13:46:49.000,20260303-AP605-01178,20260303-AP605-0150,AP604,hedge_entry,sell,,1,366,submit,,LONG_PENDING_HEDGE
20260303,60409000,13:46:49.000,20260303-AP605-01178,20260303-AP605-0150,AP604,hedge_entry,sell,10051.0,1,366,fill,quote_key=60409000,LONG_PENDING_HEDGE
20260303,60410000,13:46:50.000,20260303-AP605-01179,20260303-AP605-0150,AP605,target_exit,sell,,1,366,submit,,FLATTENING
20260303,60410000,13:46:50.000,20260303-AP605-01179,20260303-AP605-0150,AP605,target_exit,sell,10356.0,1,366,fill,,FLATTENING
20260303,60410000,13:46:50.000,20260303-AP605-01180,20260303-AP605-0150,AP604,hedge_exit,buy,,1,366,submit,,FLATTENING
20260303,60410000,13:46:50.000,20260303-AP605-01180,20260303-AP605-0150,AP604,hedge_exit,buy,10075.0,1,366,fill,quote_key=60410000,FLATTENING
20260303,60413000,13:46:53.000,20260303-AP605-01181,,AP605,target_buy,buy,10270.0,1,367,submit,initial_quote,FLAT_QUOTING
20260303,60413000,13:46:53.000,20260303-AP605-01182,,AP605,target_sell,sell,10440.0,1,367,submit,initial_quote,FLAT_QUOTING
20260303,60414000,13:46:54.000,20260303-AP605-01181,,AP605,target_buy,buy,10270.0,1,367,ack,,FLAT_QUOTING
20260303,60414000,13:46:54.000,20260303-AP605-01182,,AP605,target_sell,sell,10440.0,1,367,ack,,FLAT_QUOTING
20260303,60414000,13:46:54.000,20260303-AP605-01181,,AP605,target_buy,buy,10270.0,1,367,fill,interval_vwap,FLAT_QUOTING
20260303,60414000,13:46:54.000,20260303-AP605-01182,,AP605,target_sell,sell,10440.0,1,367,cancel_requested,opposite_target_fill,FLAT_QUOTING
20260303,60415000,13:46:55.000,20260303-AP605-01182,,AP605,target_sell,sell,10440.0,1,367,cancel_ack,opposite_target_fill,LONG_PENDING_HEDGE
20260303,60415000,13:46:55.000,20260303-AP605-01183,20260303-AP605-0151,AP604,hedge_entry,sell,,1,367,submit,,LONG_PENDING_HEDGE
20260303,60415000,13:46:55.000,20260303-AP605-01183,20260303-AP605-0151,AP604,hedge_entry,sell,10049.0,1,367,fill,quote_key=60415000,LONG_PENDING_HEDGE
20260303,60416000,13:46:56.000,20260303-AP605-01184,20260303-AP605-0151,AP605,target_exit,sell,,1,367,submit,,FLATTENING
20260303,60416000,13:46:56.000,20260303-AP605-01184,20260303-AP605-0151,AP605,target_exit,sell,10354.0,1,367,fill,,FLATTENING
20260303,60416000,13:46:56.000,20260303-AP605-01185,20260303-AP605-0151,AP604,hedge_exit,buy,,1,367,submit,,FLATTENING
20260303,60416000,13:46:56.000,20260303-AP605-01185,20260303-AP605-0151,AP604,hedge_exit,buy,10073.0,1,367,fill,quote_key=60415000,FLATTENING
20260303,60434000,13:47:14.000,20260303-AP605-01186,,AP605,target_buy,buy,10271.0,1,368,submit,initial_quote,FLAT_QUOTING
20260303,60434000,13:47:14.000,20260303-AP605-01187,,AP605,target_sell,sell,10441.0,1,368,submit,initial_quote,FLAT_QUOTING
20260303,60436000,13:47:16.000,20260303-AP605-01186,,AP605,target_buy,buy,10271.0,1,368,ack,,FLAT_QUOTING
20260303,60436000,13:47:16.000,20260303-AP605-01187,,AP605,target_sell,sell,10441.0,1,368,ack,,FLAT_QUOTING
20260303,60436000,13:47:16.000,20260303-AP605-01186,,AP605,target_buy,buy,10271.0,1,368,fill,interval_vwap,FLAT_QUOTING
20260303,60436000,13:47:16.000,20260303-AP605-01187,,AP605,target_sell,sell,10441.0,1,368,cancel_requested,opposite_target_fill,FLAT_QUOTING
20260303,60437000,13:47:17.000,20260303-AP605-01187,,AP605,target_sell,sell,10441.0,1,368,cancel_ack,opposite_target_fill,LONG_PENDING_HEDGE
20260303,60437000,13:47:17.000,20260303-AP605-01188,20260303-AP605-0152,AP604,hedge_entry,sell,,1,368,submit,,LONG_PENDING_HEDGE
20260303,60437000,13:47:17.000,20260303-AP605-01188,20260303-AP605-0152,AP604,hedge_entry,sell,10049.0,1,368,fill,quote_key=60437000,LONG_PENDING_HEDGE
20260303,60438000,13:47:18.000,20260303-AP605-01189,20260303-AP605-0152,AP605,target_exit,sell,,1,368,submit,,FLATTENING
20260303,60438000,13:47:18.000,20260303-AP605-01189,20260303-AP605-0152,AP605,target_exit,sell,10356.0,1,368,fill,,FLATTENING
20260303,60438000,13:47:18.000,20260303-AP605-01190,20260303-AP605-0152,AP604,hedge_exit,buy,,1,368,submit,,FLATTENING
20260303,60438000,13:47:18.000,20260303-AP605-01190,20260303-AP605-0152,AP604,hedge_exit,buy,10077.0,1,368,fill,quote_key=60438000,FLATTENING
20260303,60440000,13:47:20.000,20260303-AP605-01191,,AP605,target_buy,buy,10270.0,1,369,submit,initial_quote,FLAT_QUOTING
20260303,60440000,13:47:20.000,20260303-AP605-01192,,AP605,target_sell,sell,10440.0,1,369,submit,initial_quote,FLAT_QUOTING
20260303,60441000,13:47:21.000,20260303-AP605-01191,,AP605,target_buy,buy,10270.0,1,369,ack,,FLAT_QUOTING
20260303,60441000,13:47:21.000,20260303-AP605-01192,,AP605,target_sell,sell,10440.0,1,369,ack,,FLAT_QUOTING
20260303,60441000,13:47:21.000,20260303-AP605-01191,,AP605,target_buy,buy,10270.0,1,369,fill,interval_vwap,FLAT_QUOTING
20260303,60441000,13:47:21.000,20260303-AP605-01192,,AP605,target_sell,sell,10440.0,1,369,cancel_requested,opposite_target_fill,FLAT_QUOTING
20260303,60442000,13:47:22.000,20260303-AP605-01192,,AP605,target_sell,sell,10440.0,1,369,cancel_ack,opposite_target_fill,LONG_PENDING_HEDGE
20260303,60442000,13:47:22.000,20260303-AP605-01193,20260303-AP605-0153,AP604,hedge_entry,sell,,1,369,submit,,LONG_PENDING_HEDGE
20260303,60442000,13:47:22.000,20260303-AP605-01193,20260303-AP605-0153,AP604,hedge_entry,sell,10050.0,1,369,fill,quote_key=60442000,LONG_PENDING_HEDGE
20260303,60443000,13:47:23.000,20260303-AP605-01194,20260303-AP605-0153,AP605,target_exit,sell,,1,369,submit,,FLATTENING
20260303,60443000,13:47:23.000,20260303-AP605-01194,20260303-AP605-0153,AP605,target_exit,sell,10354.0,1,369,fill,,FLATTENING
20260303,60443000,13:47:23.000,20260303-AP605-01195,20260303-AP605-0153,AP604,hedge_exit,buy,,1,369,submit,,FLATTENING
20260303,60443000,13:47:23.000,20260303-AP605-01195,20260303-AP605-0153,AP604,hedge_exit,buy,10074.0,1,369,fill,quote_key=60443000,FLATTENING
20260303,60485000,13:48:05.000,20260303-AP605-01196,,AP605,target_buy,buy,10273.0,1,370,submit,initial_quote,FLAT_QUOTING
20260303,60485000,13:48:05.000,20260303-AP605-01197,,AP605,target_sell,sell,10443.0,1,370,submit,initial_quote,FLAT_QUOTING
20260303,60486000,13:48:06.000,20260303-AP605-01196,,AP605,target_buy,buy,10273.0,1,370,ack,,FLAT_QUOTING
20260303,60486000,13:48:06.000,20260303-AP605-01197,,AP605,target_sell,sell,10443.0,1,370,ack,,FLAT_QUOTING
20260303,60486000,13:48:06.000,20260303-AP605-01196,,AP605,target_buy,buy,10273.0,1,370,fill,interval_vwap,FLAT_QUOTING
20260303,60486000,13:48:06.000,20260303-AP605-01197,,AP605,target_sell,sell,10443.0,1,370,cancel_requested,opposite_target_fill,FLAT_QUOTING
20260303,60487000,13:48:07.000,20260303-AP605-01197,,AP605,target_sell,sell,10443.0,1,370,cancel_ack,opposite_target_fill,LONG_PENDING_HEDGE
20260303,60487000,13:48:07.000,20260303-AP605-01198,20260303-AP605-0154,AP604,hedge_entry,sell,,1,370,submit,,LONG_PENDING_HEDGE
20260303,60487000,13:48:07.000,20260303-AP605-01198,20260303-AP605-0154,AP604,hedge_entry,sell,10058.0,1,370,fill,quote_key=60487000,LONG_PENDING_HEDGE
20260303,60488000,13:48:08.000,20260303-AP605-01199,20260303-AP605-0154,AP605,target_exit,sell,,1,370,submit,,FLATTENING
20260303,60488000,13:48:08.000,20260303-AP605-01199,20260303-AP605-0154,AP605,target_exit,sell,10362.0,1,370,fill,,FLATTENING
20260303,60488000,13:48:08.000,20260303-AP605-01200,20260303-AP605-0154,AP604,hedge_exit,buy,,1,370,submit,,FLATTENING
20260303,60488000,13:48:08.000,20260303-AP605-01200,20260303-AP605-0154,AP604,hedge_exit,buy,10079.0,1,370,fill,quote_key=60488000,FLATTENING
20260303,60506000,13:48:26.000,20260303-AP605-01201,,AP605,target_buy,buy,10275.0,1,371,submit,initial_quote,FLAT_QUOTING
20260303,60506000,13:48:26.000,20260303-AP605-01202,,AP605,target_sell,sell,10445.0,1,371,submit,initial_quote,FLAT_QUOTING
20260303,60507000,13:48:27.000,20260303-AP605-01201,,AP605,target_buy,buy,10275.0,1,371,ack,,FLAT_QUOTING
20260303,60507000,13:48:27.000,20260303-AP605-01202,,AP605,target_sell,sell,10445.0,1,371,ack,,FLAT_QUOTING
20260303,60507000,13:48:27.000,20260303-AP605-01201,,AP605,target_buy,buy,10275.0,1,371,fill,interval_vwap,FLAT_QUOTING
20260303,60507000,13:48:27.000,20260303-AP605-01202,,AP605,target_sell,sell,10445.0,1,371,cancel_requested,opposite_target_fill,FLAT_QUOTING
20260303,60508000,13:48:28.000,20260303-AP605-01202,,AP605,target_sell,sell,10445.0,1,371,cancel_ack,opposite_target_fill,LONG_PENDING_HEDGE
20260303,60508000,13:48:28.000,20260303-AP605-01203,20260303-AP605-0155,AP604,hedge_entry,sell,,1,371,submit,,LONG_PENDING_HEDGE
20260303,60508000,13:48:28.000,20260303-AP605-01203,20260303-AP605-0155,AP604,hedge_entry,sell,10062.0,1,371,fill,quote_key=60508000,LONG_PENDING_HEDGE
20260303,60509000,13:48:29.000,20260303-AP605-01204,20260303-AP605-0155,AP605,target_exit,sell,,1,371,submit,,FLATTENING
20260303,60509000,13:48:29.000,20260303-AP605-01204,20260303-AP605-0155,AP605,target_exit,sell,10367.0,1,371,fill,,FLATTENING
20260303,60509000,13:48:29.000,20260303-AP605-01205,20260303-AP605-0155,AP604,hedge_exit,buy,,1,371,submit,,FLATTENING
20260303,60509000,13:48:29.000,20260303-AP605-01205,20260303-AP605-0155,AP604,hedge_exit,buy,10079.0,1,371,fill,quote_key=60508000,FLATTENING
20260303,60514000,13:48:34.000,20260303-AP605-01206,,AP605,target_buy,buy,10275.0,1,372,submit,initial_quote,FLAT_QUOTING
20260303,60514000,13:48:34.000,20260303-AP605-01207,,AP605,target_sell,sell,10445.0,1,372,submit,initial_quote,FLAT_QUOTING
20260303,60515000,13:48:35.000,20260303-AP605-01206,,AP605,target_buy,buy,10275.0,1,372,ack,,FLAT_QUOTING
20260303,60515000,13:48:35.000,20260303-AP605-01207,,AP605,target_sell,sell,10445.0,1,372,ack,,FLAT_QUOTING
20260303,60515000,13:48:35.000,20260303-AP605-01206,,AP605,target_buy,buy,10275.0,1,372,fill,interval_vwap,FLAT_QUOTING
20260303,60515000,13:48:35.000,20260303-AP605-01207,,AP605,target_sell,sell,10445.0,1,372,cancel_requested,opposite_target_fill,FLAT_QUOTING
20260303,60516000,13:48:36.000,20260303-AP605-01207,,AP605,target_sell,sell,10445.0,1,372,cancel_ack,opposite_target_fill,LONG_PENDING_HEDGE
20260303,60516000,13:48:36.000,20260303-AP605-01208,20260303-AP605-0156,AP604,hedge_entry,sell,,1,372,submit,,LONG_PENDING_HEDGE
20260303,60516000,13:48:36.000,20260303-AP605-01208,20260303-AP605-0156,AP604,hedge_entry,sell,10061.0,1,372,fill,quote_key=60515000,LONG_PENDING_HEDGE
20260303,60517000,13:48:37.000,20260303-AP605-01209,20260303-AP605-0156,AP605,target_exit,sell,,1,372,submit,,FLATTENING
20260303,60517000,13:48:37.000,20260303-AP605-01209,20260303-AP605-0156,AP605,target_exit,sell,10366.0,1,372,fill,,FLATTENING
20260303,60517000,13:48:37.000,20260303-AP605-01210,20260303-AP605-0156,AP604,hedge_exit,buy,,1,372,submit,,FLATTENING
20260303,60517000,13:48:37.000,20260303-AP605-01210,20260303-AP605-0156,AP604,hedge_exit,buy,10079.0,1,372,fill,quote_key=60515000,FLATTENING
20260303,60520000,13:48:40.000,20260303-AP605-01211,,AP605,target_buy,buy,10275.0,1,373,submit,initial_quote,FLAT_QUOTING
20260303,60520000,13:48:40.000,20260303-AP605-01212,,AP605,target_sell,sell,10445.0,1,373,submit,initial_quote,FLAT_QUOTING
20260303,60521000,13:48:41.000,20260303-AP605-01211,,AP605,target_buy,buy,10275.0,1,373,ack,,FLAT_QUOTING
20260303,60521000,13:48:41.000,20260303-AP605-01212,,AP605,target_sell,sell,10445.0,1,373,ack,,FLAT_QUOTING
20260303,60521000,13:48:41.000,20260303-AP605-01211,,AP605,target_buy,buy,10275.0,1,373,fill,interval_vwap,FLAT_QUOTING
20260303,60521000,13:48:41.000,20260303-AP605-01212,,AP605,target_sell,sell,10445.0,1,373,cancel_requested,opposite_target_fill,FLAT_QUOTING
20260303,60522000,13:48:42.000,20260303-AP605-01212,,AP605,target_sell,sell,10445.0,1,373,cancel_ack,opposite_target_fill,LONG_PENDING_HEDGE
20260303,60522000,13:48:42.000,20260303-AP605-01213,20260303-AP605-0157,AP604,hedge_entry,sell,,1,373,submit,,LONG_PENDING_HEDGE
20260303,60522000,13:48:42.000,20260303-AP605-01213,20260303-AP605-0157,AP604,hedge_entry,sell,10060.0,1,373,fill,quote_key=60521000,LONG_PENDING_HEDGE
20260303,60523000,13:48:43.000,20260303-AP605-01214,20260303-AP605-0157,AP605,target_exit,sell,,1,373,submit,,FLATTENING
20260303,60523000,13:48:43.000,20260303-AP605-01214,20260303-AP605-0157,AP605,target_exit,sell,10364.0,1,373,fill,,FLATTENING
20260303,60523000,13:48:43.000,20260303-AP605-01215,20260303-AP605-0157,AP604,hedge_exit,buy,,1,373,submit,,FLATTENING
20260303,60523000,13:48:43.000,20260303-AP605-01215,20260303-AP605-0157,AP604,hedge_exit,buy,10079.0,1,373,fill,quote_key=60523000,FLATTENING
20260303,60593000,13:49:53.000,20260303-AP605-01216,,AP605,target_buy,buy,10277.0,1,374,submit,initial_quote,FLAT_QUOTING
20260303,60593000,13:49:53.000,20260303-AP605-01217,,AP605,target_sell,sell,10447.0,1,374,submit,initial_quote,FLAT_QUOTING
20260303,60594000,13:49:54.000,20260303-AP605-01216,,AP605,target_buy,buy,10277.0,1,374,ack,,FLAT_QUOTING
20260303,60594000,13:49:54.000,20260303-AP605-01217,,AP605,target_sell,sell,10447.0,1,374,ack,,FLAT_QUOTING
20260303,60594000,13:49:54.000,20260303-AP605-01216,,AP605,target_buy,buy,10277.0,1,374,fill,interval_vwap,FLAT_QUOTING
20260303,60594000,13:49:54.000,20260303-AP605-01217,,AP605,target_sell,sell,10447.0,1,374,cancel_requested,opposite_target_fill,FLAT_QUOTING
20260303,60595000,13:49:55.000,20260303-AP605-01217,,AP605,target_sell,sell,10447.0,1,374,cancel_ack,opposite_target_fill,LONG_PENDING_HEDGE
20260303,60595000,13:49:55.000,20260303-AP605-01218,20260303-AP605-0158,AP604,hedge_entry,sell,,1,374,submit,,LONG_PENDING_HEDGE
20260303,60595000,13:49:55.000,20260303-AP605-01218,20260303-AP605-0158,AP604,hedge_entry,sell,10063.0,1,374,fill,quote_key=60595000,LONG_PENDING_HEDGE
20260303,60596000,13:49:56.000,20260303-AP605-01219,20260303-AP605-0158,AP605,target_exit,sell,,1,374,submit,,FLATTENING
20260303,60596000,13:49:56.000,20260303-AP605-01219,20260303-AP605-0158,AP605,target_exit,sell,10367.0,1,374,fill,,FLATTENING
20260303,60596000,13:49:56.000,20260303-AP605-01220,20260303-AP605-0158,AP604,hedge_exit,buy,,1,374,submit,,FLATTENING
20260303,60596000,13:49:56.000,20260303-AP605-01220,20260303-AP605-0158,AP604,hedge_exit,buy,10079.0,1,374,fill,quote_key=60596000,FLATTENING
20260303,60602000,13:50:02.000,20260303-AP605-01221,,AP605,target_buy,buy,10280.0,1,375,submit,initial_quote,FLAT_QUOTING
20260303,60602000,13:50:02.000,20260303-AP605-01222,,AP605,target_sell,sell,10450.0,1,375,submit,initial_quote,FLAT_QUOTING
20260303,60603000,13:50:03.000,20260303-AP605-01221,,AP605,target_buy,buy,10280.0,1,375,ack,,FLAT_QUOTING
20260303,60603000,13:50:03.000,20260303-AP605-01222,,AP605,target_sell,sell,10450.0,1,375,ack,,FLAT_QUOTING
20260303,60603000,13:50:03.000,20260303-AP605-01221,,AP605,target_buy,buy,10280.0,1,375,fill,interval_vwap,FLAT_QUOTING
20260303,60603000,13:50:03.000,20260303-AP605-01222,,AP605,target_sell,sell,10450.0,1,375,cancel_requested,opposite_target_fill,FLAT_QUOTING
20260303,60604000,13:50:04.000,20260303-AP605-01222,,AP605,target_sell,sell,10450.0,1,375,cancel_ack,opposite_target_fill,LONG_PENDING_HEDGE
20260303,60604000,13:50:04.000,20260303-AP605-01223,20260303-AP605-0159,AP604,hedge_entry,sell,,1,375,submit,,LONG_PENDING_HEDGE
20260303,60604000,13:50:04.000,20260303-AP605-01223,20260303-AP605-0159,AP604,hedge_entry,sell,10067.0,1,375,fill,quote_key=60602000,LONG_PENDING_HEDGE
20260303,60605000,13:50:05.000,20260303-AP605-01224,20260303-AP605-0159,AP605,target_exit,sell,,1,375,submit,,FLATTENING
20260303,60605000,13:50:05.000,20260303-AP605-01224,20260303-AP605-0159,AP605,target_exit,sell,10366.0,1,375,fill,,FLATTENING
20260303,60605000,13:50:05.000,20260303-AP605-01225,20260303-AP605-0159,AP604,hedge_exit,buy,,1,375,submit,,FLATTENING
20260303,60605000,13:50:05.000,20260303-AP605-01225,20260303-AP605-0159,AP604,hedge_exit,buy,10079.0,1,375,fill,quote_key=60605000,FLATTENING
20260303,60607000,13:50:07.000,20260303-AP605-01226,,AP605,target_buy,buy,10278.0,1,376,submit,initial_quote,FLAT_QUOTING
20260303,60607000,13:50:07.000,20260303-AP605-01227,,AP605,target_sell,sell,10448.0,1,376,submit,initial_quote,FLAT_QUOTING
20260303,60608000,13:50:08.000,20260303-AP605-01226,,AP605,target_buy,buy,10278.0,1,376,ack,,FLAT_QUOTING
20260303,60608000,13:50:08.000,20260303-AP605-01227,,AP605,target_sell,sell,10448.0,1,376,ack,,FLAT_QUOTING
20260303,60608000,13:50:08.000,20260303-AP605-01226,,AP605,target_buy,buy,10278.0,1,376,fill,interval_vwap,FLAT_QUOTING
20260303,60608000,13:50:08.000,20260303-AP605-01227,,AP605,target_sell,sell,10448.0,1,376,cancel_requested,opposite_target_fill,FLAT_QUOTING
20260303,60609000,13:50:09.000,20260303-AP605-01227,,AP605,target_sell,sell,10448.0,1,376,cancel_ack,opposite_target_fill,LONG_PENDING_HEDGE
20260303,60609000,13:50:09.000,20260303-AP605-01228,20260303-AP605-0160,AP604,hedge_entry,sell,,1,376,submit,,LONG_PENDING_HEDGE
20260303,60609000,13:50:09.000,20260303-AP605-01228,20260303-AP605-0160,AP604,hedge_entry,sell,10061.0,1,376,fill,quote_key=60609000,LONG_PENDING_HEDGE
20260303,60610000,13:50:10.000,20260303-AP605-01229,20260303-AP605-0160,AP605,target_exit,sell,,1,376,submit,,FLATTENING
20260303,60610000,13:50:10.000,20260303-AP605-01229,20260303-AP605-0160,AP605,target_exit,sell,10363.0,1,376,fill,,FLATTENING
20260303,60610000,13:50:10.000,20260303-AP605-01230,20260303-AP605-0160,AP604,hedge_exit,buy,,1,376,submit,,FLATTENING
20260303,60610000,13:50:10.000,20260303-AP605-01230,20260303-AP605-0160,AP604,hedge_exit,buy,10079.0,1,376,fill,quote_key=60610000,FLATTENING
20260303,60612000,13:50:12.000,20260303-AP605-01231,,AP605,target_buy,buy,10277.0,1,377,submit,initial_quote,FLAT_QUOTING
20260303,60612000,13:50:12.000,20260303-AP605-01232,,AP605,target_sell,sell,10447.0,1,377,submit,initial_quote,FLAT_QUOTING
20260303,60613000,13:50:13.000,20260303-AP605-01231,,AP605,target_buy,buy,10277.0,1,377,ack,,FLAT_QUOTING
20260303,60613000,13:50:13.000,20260303-AP605-01232,,AP605,target_sell,sell,10447.0,1,377,ack,,FLAT_QUOTING
20260303,60613000,13:50:13.000,20260303-AP605-01231,,AP605,target_buy,buy,10277.0,1,377,fill,interval_vwap,FLAT_QUOTING
20260303,60613000,13:50:13.000,20260303-AP605-01232,,AP605,target_sell,sell,10447.0,1,377,cancel_requested,opposite_target_fill,FLAT_QUOTING
20260303,60614000,13:50:14.000,20260303-AP605-01232,,AP605,target_sell,sell,10447.0,1,377,cancel_ack,opposite_target_fill,LONG_PENDING_HEDGE
20260303,60614000,13:50:14.000,20260303-AP605-01233,20260303-AP605-0161,AP604,hedge_entry,sell,,1,377,submit,,LONG_PENDING_HEDGE
20260303,60614000,13:50:14.000,20260303-AP605-01233,20260303-AP605-0161,AP604,hedge_entry,sell,10062.0,1,377,fill,quote_key=60612000,LONG_PENDING_HEDGE
20260303,60615000,13:50:15.000,20260303-AP605-01234,20260303-AP605-0161,AP605,target_exit,sell,,1,377,submit,,FLATTENING
20260303,60615000,13:50:15.000,20260303-AP605-01234,20260303-AP605-0161,AP605,target_exit,sell,10360.0,1,377,fill,,FLATTENING
20260303,60615000,13:50:15.000,20260303-AP605-01235,20260303-AP605-0161,AP604,hedge_exit,buy,,1,377,submit,,FLATTENING
20260303,60615000,13:50:15.000,20260303-AP605-01235,20260303-AP605-0161,AP604,hedge_exit,buy,10079.0,1,377,fill,quote_key=60615000,FLATTENING
20260303,60656000,13:50:56.000,20260303-AP605-01236,,AP605,target_buy,buy,10263.0,1,378,submit,initial_quote,FLAT_QUOTING
20260303,60656000,13:50:56.000,20260303-AP605-01237,,AP605,target_sell,sell,10433.0,1,378,submit,initial_quote,FLAT_QUOTING
20260303,60657000,13:50:57.000,20260303-AP605-01236,,AP605,target_buy,buy,10263.0,1,378,ack,,FLAT_QUOTING
20260303,60657000,13:50:57.000,20260303-AP605-01237,,AP605,target_sell,sell,10433.0,1,378,ack,,FLAT_QUOTING
20260303,60657000,13:50:57.000,20260303-AP605-01236,,AP605,target_buy,buy,10263.0,1,378,fill,interval_vwap,FLAT_QUOTING
20260303,60657000,13:50:57.000,20260303-AP605-01237,,AP605,target_sell,sell,10433.0,1,378,cancel_requested,opposite_target_fill,FLAT_QUOTING
20260303,60658000,13:50:58.000,20260303-AP605-01237,,AP605,target_sell,sell,10433.0,1,378,cancel_ack,opposite_target_fill,LONG_PENDING_HEDGE
20260303,60658000,13:50:58.000,20260303-AP605-01238,20260303-AP605-0162,AP604,hedge_entry,sell,,1,378,submit,,LONG_PENDING_HEDGE
20260303,60658000,13:50:58.000,20260303-AP605-01238,20260303-AP605-0162,AP604,hedge_entry,sell,10044.0,1,378,fill,quote_key=60658000,LONG_PENDING_HEDGE
20260303,60659000,13:50:59.000,20260303-AP605-01239,20260303-AP605-0162,AP605,target_exit,sell,,1,378,submit,,FLATTENING
20260303,60659000,13:50:59.000,20260303-AP605-01239,20260303-AP605-0162,AP605,target_exit,sell,10344.0,1,378,fill,,FLATTENING
20260303,60659000,13:50:59.000,20260303-AP605-01240,20260303-AP605-0162,AP604,hedge_exit,buy,,1,378,submit,,FLATTENING
20260303,60659000,13:50:59.000,20260303-AP605-01240,20260303-AP605-0162,AP604,hedge_exit,buy,10063.0,1,378,fill,quote_key=60659000,FLATTENING
20260303,60667000,13:51:07.000,20260303-AP605-01241,,AP605,target_buy,buy,10257.0,1,379,submit,initial_quote,FLAT_QUOTING
20260303,60667000,13:51:07.000,20260303-AP605-01242,,AP605,target_sell,sell,10427.0,1,379,submit,initial_quote,FLAT_QUOTING
20260303,60668000,13:51:08.000,20260303-AP605-01241,,AP605,target_buy,buy,10257.0,1,379,ack,,FLAT_QUOTING
20260303,60668000,13:51:08.000,20260303-AP605-01242,,AP605,target_sell,sell,10427.0,1,379,ack,,FLAT_QUOTING
20260303,60668000,13:51:08.000,20260303-AP605-01241,,AP605,target_buy,buy,10257.0,1,379,fill,interval_vwap,FLAT_QUOTING
20260303,60668000,13:51:08.000,20260303-AP605-01242,,AP605,target_sell,sell,10427.0,1,379,cancel_requested,opposite_target_fill,FLAT_QUOTING
20260303,60669000,13:51:09.000,20260303-AP605-01242,,AP605,target_sell,sell,10427.0,1,379,cancel_ack,opposite_target_fill,LONG_PENDING_HEDGE
20260303,60669000,13:51:09.000,20260303-AP605-01243,20260303-AP605-0163,AP604,hedge_entry,sell,,1,379,submit,,LONG_PENDING_HEDGE
20260303,60669000,13:51:09.000,20260303-AP605-01243,20260303-AP605-0163,AP604,hedge_entry,sell,10040.0,1,379,fill,quote_key=60669000,LONG_PENDING_HEDGE
20260303,60685000,13:51:25.000,20260303-AP605-01244,20260303-AP605-0163,AP605,target_exit,sell,,1,379,submit,,FLATTENING
20260303,60685000,13:51:25.000,20260303-AP605-01244,20260303-AP605-0163,AP605,target_exit,sell,10347.0,1,379,fill,,FLATTENING
20260303,60685000,13:51:25.000,20260303-AP605-01245,20260303-AP605-0163,AP604,hedge_exit,buy,,1,379,submit,,FLATTENING
20260303,60685000,13:51:25.000,20260303-AP605-01245,20260303-AP605-0163,AP604,hedge_exit,buy,10066.0,1,379,fill,quote_key=60685000,FLATTENING
20260303,60687000,13:51:27.000,20260303-AP605-01246,,AP605,target_buy,buy,10264.0,1,380,submit,initial_quote,FLAT_QUOTING
20260303,60687000,13:51:27.000,20260303-AP605-01247,,AP605,target_sell,sell,10434.0,1,380,submit,initial_quote,FLAT_QUOTING
20260303,60688000,13:51:28.000,20260303-AP605-01246,,AP605,target_buy,buy,10264.0,1,380,ack,,FLAT_QUOTING
20260303,60688000,13:51:28.000,20260303-AP605-01247,,AP605,target_sell,sell,10434.0,1,380,ack,,FLAT_QUOTING
20260303,60688000,13:51:28.000,20260303-AP605-01246,,AP605,target_buy,buy,10264.0,1,380,fill,interval_vwap,FLAT_QUOTING
20260303,60688000,13:51:28.000,20260303-AP605-01247,,AP605,target_sell,sell,10434.0,1,380,cancel_requested,opposite_target_fill,FLAT_QUOTING
20260303,60689000,13:51:29.000,20260303-AP605-01247,,AP605,target_sell,sell,10434.0,1,380,cancel_ack,opposite_target_fill,LONG_PENDING_HEDGE
20260303,60689000,13:51:29.000,20260303-AP605-01248,20260303-AP605-0164,AP604,hedge_entry,sell,,1,380,submit,,LONG_PENDING_HEDGE
20260303,60689000,13:51:29.000,20260303-AP605-01248,20260303-AP605-0164,AP604,hedge_entry,sell,10048.0,1,380,fill,quote_key=60689000,LONG_PENDING_HEDGE
20260303,60690000,13:51:30.000,20260303-AP605-01249,20260303-AP605-0164,AP605,target_exit,sell,,1,380,submit,,FLATTENING
20260303,60690000,13:51:30.000,20260303-AP605-01249,20260303-AP605-0164,AP605,target_exit,sell,10350.0,1,380,fill,,FLATTENING
20260303,60690000,13:51:30.000,20260303-AP605-01250,20260303-AP605-0164,AP604,hedge_exit,buy,,1,380,submit,,FLATTENING
20260303,60690000,13:51:30.000,20260303-AP605-01250,20260303-AP605-0164,AP604,hedge_exit,buy,10070.0,1,380,fill,quote_key=60690000,FLATTENING
20260303,60694000,13:51:34.000,20260303-AP605-01251,,AP605,target_buy,buy,10269.0,1,381,submit,initial_quote,FLAT_QUOTING
20260303,60694000,13:51:34.000,20260303-AP605-01252,,AP605,target_sell,sell,10439.0,1,381,submit,initial_quote,FLAT_QUOTING
20260303,60695000,13:51:35.000,20260303-AP605-01251,,AP605,target_buy,buy,10269.0,1,381,ack,,FLAT_QUOTING
20260303,60695000,13:51:35.000,20260303-AP605-01252,,AP605,target_sell,sell,10439.0,1,381,ack,,FLAT_QUOTING
20260303,60695000,13:51:35.000,20260303-AP605-01251,,AP605,target_buy,buy,10269.0,1,381,fill,interval_vwap,FLAT_QUOTING
20260303,60695000,13:51:35.000,20260303-AP605-01252,,AP605,target_sell,sell,10439.0,1,381,cancel_requested,opposite_target_fill,FLAT_QUOTING
20260303,60696000,13:51:36.000,20260303-AP605-01252,,AP605,target_sell,sell,10439.0,1,381,cancel_ack,opposite_target_fill,LONG_PENDING_HEDGE
20260303,60696000,13:51:36.000,20260303-AP605-01253,20260303-AP605-0165,AP604,hedge_entry,sell,,1,381,submit,,LONG_PENDING_HEDGE
20260303,60696000,13:51:36.000,20260303-AP605-01253,20260303-AP605-0165,AP604,hedge_entry,sell,10049.0,1,381,fill,quote_key=60696000,LONG_PENDING_HEDGE
20260303,60697000,13:51:37.000,20260303-AP605-01254,20260303-AP605-0165,AP605,target_exit,sell,,1,381,submit,,FLATTENING
20260303,60697000,13:51:37.000,20260303-AP605-01254,20260303-AP605-0165,AP605,target_exit,sell,10349.0,1,381,fill,,FLATTENING
20260303,60697000,13:51:37.000,20260303-AP605-01255,20260303-AP605-0165,AP604,hedge_exit,buy,,1,381,submit,,FLATTENING
20260303,60697000,13:51:37.000,20260303-AP605-01255,20260303-AP605-0165,AP604,hedge_exit,buy,10069.0,1,381,fill,quote_key=60697000,FLATTENING
20260303,60719000,13:51:59.000,20260303-AP605-01256,,AP605,target_buy,buy,10269.0,1,382,submit,initial_quote,FLAT_QUOTING
20260303,60719000,13:51:59.000,20260303-AP605-01257,,AP605,target_sell,sell,10439.0,1,382,submit,initial_quote,FLAT_QUOTING
20260303,60720000,13:52:00.000,20260303-AP605-01256,,AP605,target_buy,buy,10269.0,1,382,ack,,FLAT_QUOTING
20260303,60720000,13:52:00.000,20260303-AP605-01257,,AP605,target_sell,sell,10439.0,1,382,ack,,FLAT_QUOTING
20260303,60720000,13:52:00.000,20260303-AP605-01256,,AP605,target_buy,buy,10269.0,1,382,fill,interval_vwap,FLAT_QUOTING
20260303,60720000,13:52:00.000,20260303-AP605-01257,,AP605,target_sell,sell,10439.0,1,382,cancel_requested,opposite_target_fill,FLAT_QUOTING
20260303,60721000,13:52:01.000,20260303-AP605-01257,,AP605,target_sell,sell,10439.0,1,382,cancel_ack,opposite_target_fill,LONG_PENDING_HEDGE
20260303,60721000,13:52:01.000,20260303-AP605-01258,20260303-AP605-0166,AP604,hedge_entry,sell,,1,382,submit,,LONG_PENDING_HEDGE
20260303,60721000,13:52:01.000,20260303-AP605-01258,20260303-AP605-0166,AP604,hedge_entry,sell,10042.0,1,382,fill,quote_key=60721000,LONG_PENDING_HEDGE
20260303,60722000,13:52:02.000,20260303-AP605-01259,20260303-AP605-0166,AP605,target_exit,sell,,1,382,submit,,FLATTENING
20260303,60722000,13:52:02.000,20260303-AP605-01259,20260303-AP605-0166,AP605,target_exit,sell,10342.0,1,382,fill,,FLATTENING
20260303,60722000,13:52:02.000,20260303-AP605-01260,20260303-AP605-0166,AP604,hedge_exit,buy,,1,382,submit,,FLATTENING
20260303,60722000,13:52:02.000,20260303-AP605-01260,20260303-AP605-0166,AP604,hedge_exit,buy,10062.0,1,382,fill,quote_key=60721000,FLATTENING
20260303,60746000,13:52:26.000,20260303-AP605-01261,,AP605,target_buy,buy,10268.0,1,383,submit,initial_quote,FLAT_QUOTING
20260303,60746000,13:52:26.000,20260303-AP605-01262,,AP605,target_sell,sell,10438.0,1,383,submit,initial_quote,FLAT_QUOTING
20260303,60747000,13:52:27.000,20260303-AP605-01261,,AP605,target_buy,buy,10268.0,1,383,ack,,FLAT_QUOTING
20260303,60747000,13:52:27.000,20260303-AP605-01262,,AP605,target_sell,sell,10438.0,1,383,ack,,FLAT_QUOTING
20260303,60747000,13:52:27.000,20260303-AP605-01261,,AP605,target_buy,buy,10268.0,1,383,fill,interval_vwap,FLAT_QUOTING
20260303,60747000,13:52:27.000,20260303-AP605-01262,,AP605,target_sell,sell,10438.0,1,383,cancel_requested,opposite_target_fill,FLAT_QUOTING
20260303,60748000,13:52:28.000,20260303-AP605-01262,,AP605,target_sell,sell,10438.0,1,383,cancel_ack,opposite_target_fill,LONG_PENDING_HEDGE
20260303,60748000,13:52:28.000,20260303-AP605-01263,20260303-AP605-0167,AP604,hedge_entry,sell,,1,383,submit,,LONG_PENDING_HEDGE
20260303,60748000,13:52:28.000,20260303-AP605-01263,20260303-AP605-0167,AP604,hedge_entry,sell,10046.0,1,383,fill,quote_key=60748000,LONG_PENDING_HEDGE
20260303,60752000,13:52:32.000,20260303-AP605-01264,20260303-AP605-0167,AP605,target_exit,sell,,1,383,submit,,FLATTENING
20260303,60752000,13:52:32.000,20260303-AP605-01264,20260303-AP605-0167,AP605,target_exit,sell,10342.0,1,383,fill,,FLATTENING
20260303,60752000,13:52:32.000,20260303-AP605-01265,20260303-AP605-0167,AP604,hedge_exit,buy,,1,383,submit,,FLATTENING
20260303,60752000,13:52:32.000,20260303-AP605-01265,20260303-AP605-0167,AP604,hedge_exit,buy,10070.0,1,383,fill,quote_key=60752000,FLATTENING
20260303,60758000,13:52:38.000,20260303-AP605-01266,,AP605,target_buy,buy,10267.0,1,384,submit,initial_quote,FLAT_QUOTING
20260303,60758000,13:52:38.000,20260303-AP605-01267,,AP605,target_sell,sell,10437.0,1,384,submit,initial_quote,FLAT_QUOTING
20260303,60759000,13:52:39.000,20260303-AP605-01266,,AP605,target_buy,buy,10267.0,1,384,ack,,FLAT_QUOTING
20260303,60759000,13:52:39.000,20260303-AP605-01267,,AP605,target_sell,sell,10437.0,1,384,ack,,FLAT_QUOTING
20260303,60760000,13:52:40.000,20260303-AP605-01266,,AP605,target_buy,buy,10267.0,1,384,fill,interval_vwap,FLAT_QUOTING
20260303,60760000,13:52:40.000,20260303-AP605-01267,,AP605,target_sell,sell,10437.0,1,384,cancel_requested,opposite_target_fill,FLAT_QUOTING
20260303,60761000,13:52:41.000,20260303-AP605-01267,,AP605,target_sell,sell,10437.0,1,384,cancel_ack,opposite_target_fill,LONG_PENDING_HEDGE
20260303,60761000,13:52:41.000,20260303-AP605-01268,20260303-AP605-0168,AP604,hedge_entry,sell,,1,384,submit,,LONG_PENDING_HEDGE
20260303,60761000,13:52:41.000,20260303-AP605-01268,20260303-AP605-0168,AP604,hedge_entry,sell,10046.0,1,384,fill,quote_key=60761000,LONG_PENDING_HEDGE
20260303,60762000,13:52:42.000,20260303-AP605-01269,20260303-AP605-0168,AP605,target_exit,sell,,1,384,submit,,FLATTENING
20260303,60762000,13:52:42.000,20260303-AP605-01269,20260303-AP605-0168,AP605,target_exit,sell,10344.0,1,384,fill,,FLATTENING
20260303,60762000,13:52:42.000,20260303-AP605-01270,20260303-AP605-0168,AP604,hedge_exit,buy,,1,384,submit,,FLATTENING
20260303,60762000,13:52:42.000,20260303-AP605-01270,20260303-AP605-0168,AP604,hedge_exit,buy,10071.0,1,384,fill,quote_key=60762000,FLATTENING
20260303,60764000,13:52:44.000,20260303-AP605-01271,,AP605,target_buy,buy,10268.0,1,385,submit,initial_quote,FLAT_QUOTING
20260303,60764000,13:52:44.000,20260303-AP605-01272,,AP605,target_sell,sell,10438.0,1,385,submit,initial_quote,FLAT_QUOTING
20260303,60765000,13:52:45.000,20260303-AP605-01271,,AP605,target_buy,buy,10268.0,1,385,ack,,FLAT_QUOTING
20260303,60765000,13:52:45.000,20260303-AP605-01272,,AP605,target_sell,sell,10438.0,1,385,ack,,FLAT_QUOTING
20260303,60765000,13:52:45.000,20260303-AP605-01271,,AP605,target_buy,buy,10268.0,1,385,fill,interval_vwap,FLAT_QUOTING
20260303,60765000,13:52:45.000,20260303-AP605-01272,,AP605,target_sell,sell,10438.0,1,385,cancel_requested,opposite_target_fill,FLAT_QUOTING
20260303,60766000,13:52:46.000,20260303-AP605-01272,,AP605,target_sell,sell,10438.0,1,385,cancel_ack,opposite_target_fill,LONG_PENDING_HEDGE
20260303,60766000,13:52:46.000,20260303-AP605-01273,20260303-AP605-0169,AP604,hedge_entry,sell,,1,385,submit,,LONG_PENDING_HEDGE
20260303,60766000,13:52:46.000,20260303-AP605-01273,20260303-AP605-0169,AP604,hedge_entry,sell,10043.0,1,385,fill,quote_key=60766000,LONG_PENDING_HEDGE
20260303,60767000,13:52:47.000,20260303-AP605-01274,20260303-AP605-0169,AP605,target_exit,sell,,1,385,submit,,FLATTENING
20260303,60767000,13:52:47.000,20260303-AP605-01274,20260303-AP605-0169,AP605,target_exit,sell,10342.0,1,385,fill,,FLATTENING
20260303,60767000,13:52:47.000,20260303-AP605-01275,20260303-AP605-0169,AP604,hedge_exit,buy,,1,385,submit,,FLATTENING
20260303,60767000,13:52:47.000,20260303-AP605-01275,20260303-AP605-0169,AP604,hedge_exit,buy,10066.0,1,385,fill,quote_key=60767000,FLATTENING
20260303,60782000,13:53:02.000,20260303-AP605-01276,,AP605,target_buy,buy,10266.0,1,386,submit,initial_quote,FLAT_QUOTING
20260303,60782000,13:53:02.000,20260303-AP605-01277,,AP605,target_sell,sell,10436.0,1,386,submit,initial_quote,FLAT_QUOTING
20260303,60783000,13:53:03.000,20260303-AP605-01276,,AP605,target_buy,buy,10266.0,1,386,ack,,FLAT_QUOTING
20260303,60783000,13:53:03.000,20260303-AP605-01277,,AP605,target_sell,sell,10436.0,1,386,ack,,FLAT_QUOTING
20260303,60783000,13:53:03.000,20260303-AP605-01276,,AP605,target_buy,buy,10266.0,1,386,fill,interval_vwap,FLAT_QUOTING
20260303,60783000,13:53:03.000,20260303-AP605-01277,,AP605,target_sell,sell,10436.0,1,386,cancel_requested,opposite_target_fill,FLAT_QUOTING
20260303,60784000,13:53:04.000,20260303-AP605-01277,,AP605,target_sell,sell,10436.0,1,386,cancel_ack,opposite_target_fill,LONG_PENDING_HEDGE
20260303,60784000,13:53:04.000,20260303-AP605-01278,20260303-AP605-0170,AP604,hedge_entry,sell,,1,386,submit,,LONG_PENDING_HEDGE
20260303,60784000,13:53:04.000,20260303-AP605-01278,20260303-AP605-0170,AP604,hedge_entry,sell,10042.0,1,386,fill,quote_key=60784000,LONG_PENDING_HEDGE
20260303,60785000,13:53:05.000,20260303-AP605-01279,20260303-AP605-0170,AP605,target_exit,sell,,1,386,submit,,FLATTENING
20260303,60785000,13:53:05.000,20260303-AP605-01279,20260303-AP605-0170,AP605,target_exit,sell,10343.0,1,386,fill,,FLATTENING
20260303,60785000,13:53:05.000,20260303-AP605-01280,20260303-AP605-0170,AP604,hedge_exit,buy,,1,386,submit,,FLATTENING
20260303,60785000,13:53:05.000,20260303-AP605-01280,20260303-AP605-0170,AP604,hedge_exit,buy,10070.0,1,386,fill,quote_key=60785000,FLATTENING
20260303,60831000,13:53:51.000,20260303-AP605-01281,,AP605,target_buy,buy,10273.0,1,387,submit,initial_quote,FLAT_QUOTING
20260303,60831000,13:53:51.000,20260303-AP605-01282,,AP605,target_sell,sell,10443.0,1,387,submit,initial_quote,FLAT_QUOTING
20260303,60832000,13:53:52.000,20260303-AP605-01281,,AP605,target_buy,buy,10273.0,1,387,ack,,FLAT_QUOTING
20260303,60832000,13:53:52.000,20260303-AP605-01282,,AP605,target_sell,sell,10443.0,1,387,ack,,FLAT_QUOTING
20260303,60832000,13:53:52.000,20260303-AP605-01281,,AP605,target_buy,buy,10273.0,1,387,fill,interval_vwap,FLAT_QUOTING
20260303,60832000,13:53:52.000,20260303-AP605-01282,,AP605,target_sell,sell,10443.0,1,387,cancel_requested,opposite_target_fill,FLAT_QUOTING
20260303,60833000,13:53:53.000,20260303-AP605-01282,,AP605,target_sell,sell,10443.0,1,387,cancel_ack,opposite_target_fill,LONG_PENDING_HEDGE
20260303,60833000,13:53:53.000,20260303-AP605-01283,20260303-AP605-0171,AP604,hedge_entry,sell,,1,387,submit,,LONG_PENDING_HEDGE
20260303,60833000,13:53:53.000,20260303-AP605-01283,20260303-AP605-0171,AP604,hedge_entry,sell,10050.0,1,387,fill,quote_key=60833000,LONG_PENDING_HEDGE
20260303,60834000,13:53:54.000,20260303-AP605-01284,20260303-AP605-0171,AP605,target_exit,sell,,1,387,submit,,FLATTENING
20260303,60834000,13:53:54.000,20260303-AP605-01284,20260303-AP605-0171,AP605,target_exit,sell,10355.0,1,387,fill,,FLATTENING
20260303,60834000,13:53:54.000,20260303-AP605-01285,20260303-AP605-0171,AP604,hedge_exit,buy,,1,387,submit,,FLATTENING
20260303,60834000,13:53:54.000,20260303-AP605-01285,20260303-AP605-0171,AP604,hedge_exit,buy,10079.0,1,387,fill,quote_key=60834000,FLATTENING
20260303,60836000,13:53:56.000,20260303-AP605-01286,,AP605,target_buy,buy,10277.0,1,388,submit,initial_quote,FLAT_QUOTING
20260303,60836000,13:53:56.000,20260303-AP605-01287,,AP605,target_sell,sell,10447.0,1,388,submit,initial_quote,FLAT_QUOTING
20260303,60837000,13:53:57.000,20260303-AP605-01286,,AP605,target_buy,buy,10277.0,1,388,ack,,FLAT_QUOTING
20260303,60837000,13:53:57.000,20260303-AP605-01287,,AP605,target_sell,sell,10447.0,1,388,ack,,FLAT_QUOTING
20260303,60837000,13:53:57.000,20260303-AP605-01286,,AP605,target_buy,buy,10277.0,1,388,fill,interval_vwap,FLAT_QUOTING
20260303,60837000,13:53:57.000,20260303-AP605-01287,,AP605,target_sell,sell,10447.0,1,388,cancel_requested,opposite_target_fill,FLAT_QUOTING
20260303,60838000,13:53:58.000,20260303-AP605-01287,,AP605,target_sell,sell,10447.0,1,388,cancel_ack,opposite_target_fill,LONG_PENDING_HEDGE
20260303,60838000,13:53:58.000,20260303-AP605-01288,20260303-AP605-0172,AP604,hedge_entry,sell,,1,388,submit,,LONG_PENDING_HEDGE
20260303,60838000,13:53:58.000,20260303-AP605-01288,20260303-AP605-0172,AP604,hedge_entry,sell,10058.0,1,388,fill,quote_key=60838000,LONG_PENDING_HEDGE
20260303,60839000,13:53:59.000,20260303-AP605-01289,20260303-AP605-0172,AP605,target_exit,sell,,1,388,submit,,FLATTENING
20260303,60839000,13:53:59.000,20260303-AP605-01289,20260303-AP605-0172,AP605,target_exit,sell,10359.0,1,388,fill,,FLATTENING
20260303,60839000,13:53:59.000,20260303-AP605-01290,20260303-AP605-0172,AP604,hedge_exit,buy,,1,388,submit,,FLATTENING
20260303,60839000,13:53:59.000,20260303-AP605-01290,20260303-AP605-0172,AP604,hedge_exit,buy,10079.0,1,388,fill,quote_key=60839000,FLATTENING
20260303,60841000,13:54:01.000,20260303-AP605-01291,,AP605,target_buy,buy,10273.0,1,389,submit,initial_quote,FLAT_QUOTING
20260303,60841000,13:54:01.000,20260303-AP605-01292,,AP605,target_sell,sell,10443.0,1,389,submit,initial_quote,FLAT_QUOTING
20260303,60842000,13:54:02.000,20260303-AP605-01291,,AP605,target_buy,buy,10273.0,1,389,ack,,FLAT_QUOTING
20260303,60842000,13:54:02.000,20260303-AP605-01292,,AP605,target_sell,sell,10443.0,1,389,ack,,FLAT_QUOTING
20260303,60842000,13:54:02.000,20260303-AP605-01291,,AP605,target_buy,buy,10273.0,1,389,fill,interval_vwap,FLAT_QUOTING
20260303,60842000,13:54:02.000,20260303-AP605-01292,,AP605,target_sell,sell,10443.0,1,389,cancel_requested,opposite_target_fill,FLAT_QUOTING
20260303,60843000,13:54:03.000,20260303-AP605-01292,,AP605,target_sell,sell,10443.0,1,389,cancel_ack,opposite_target_fill,LONG_PENDING_HEDGE
20260303,60843000,13:54:03.000,20260303-AP605-01293,20260303-AP605-0173,AP604,hedge_entry,sell,,1,389,submit,,LONG_PENDING_HEDGE
20260303,60843000,13:54:03.000,20260303-AP605-01293,20260303-AP605-0173,AP604,hedge_entry,sell,10054.0,1,389,fill,quote_key=60843000,LONG_PENDING_HEDGE
20260303,60844000,13:54:04.000,20260303-AP605-01294,20260303-AP605-0173,AP605,target_exit,sell,,1,389,submit,,FLATTENING
20260303,60844000,13:54:04.000,20260303-AP605-01294,20260303-AP605-0173,AP605,target_exit,sell,10360.0,1,389,fill,,FLATTENING
20260303,60844000,13:54:04.000,20260303-AP605-01295,20260303-AP605-0173,AP604,hedge_exit,buy,,1,389,submit,,FLATTENING
20260303,60844000,13:54:04.000,20260303-AP605-01295,20260303-AP605-0173,AP604,hedge_exit,buy,10079.0,1,389,fill,quote_key=60844000,FLATTENING
20260303,60846000,13:54:06.000,20260303-AP605-01296,,AP605,target_buy,buy,10274.0,1,390,submit,initial_quote,FLAT_QUOTING
20260303,60846000,13:54:06.000,20260303-AP605-01297,,AP605,target_sell,sell,10444.0,1,390,submit,initial_quote,FLAT_QUOTING
20260303,60847000,13:54:07.000,20260303-AP605-01296,,AP605,target_buy,buy,10274.0,1,390,ack,,FLAT_QUOTING
20260303,60847000,13:54:07.000,20260303-AP605-01297,,AP605,target_sell,sell,10444.0,1,390,ack,,FLAT_QUOTING
20260303,60847000,13:54:07.000,20260303-AP605-01296,,AP605,target_buy,buy,10274.0,1,390,fill,interval_vwap,FLAT_QUOTING
20260303,60847000,13:54:07.000,20260303-AP605-01297,,AP605,target_sell,sell,10444.0,1,390,cancel_requested,opposite_target_fill,FLAT_QUOTING
20260303,60848000,13:54:08.000,20260303-AP605-01297,,AP605,target_sell,sell,10444.0,1,390,cancel_ack,opposite_target_fill,LONG_PENDING_HEDGE
20260303,60848000,13:54:08.000,20260303-AP605-01298,20260303-AP605-0174,AP604,hedge_entry,sell,,1,390,submit,,LONG_PENDING_HEDGE
20260303,60848000,13:54:08.000,20260303-AP605-01298,20260303-AP605-0174,AP604,hedge_entry,sell,10050.0,1,390,fill,quote_key=60846000,LONG_PENDING_HEDGE
20260303,60849000,13:54:09.000,20260303-AP605-01299,20260303-AP605-0174,AP605,target_exit,sell,,1,390,submit,,FLATTENING
20260303,60849000,13:54:09.000,20260303-AP605-01299,20260303-AP605-0174,AP605,target_exit,sell,10355.0,1,390,fill,,FLATTENING
20260303,60849000,13:54:09.000,20260303-AP605-01300,20260303-AP605-0174,AP604,hedge_exit,buy,,1,390,submit,,FLATTENING
20260303,60849000,13:54:09.000,20260303-AP605-01300,20260303-AP605-0174,AP604,hedge_exit,buy,10079.0,1,390,fill,quote_key=60846000,FLATTENING
20260303,60894000,13:54:54.000,20260303-AP605-01301,,AP605,target_buy,buy,10259.0,1,391,submit,initial_quote,FLAT_QUOTING
20260303,60894000,13:54:54.000,20260303-AP605-01302,,AP605,target_sell,sell,10429.0,1,391,submit,initial_quote,FLAT_QUOTING
20260303,60895000,13:54:55.000,20260303-AP605-01301,,AP605,target_buy,buy,10259.0,1,391,ack,,FLAT_QUOTING
20260303,60895000,13:54:55.000,20260303-AP605-01302,,AP605,target_sell,sell,10429.0,1,391,ack,,FLAT_QUOTING
20260303,60895000,13:54:55.000,20260303-AP605-01301,,AP605,target_buy,buy,10259.0,1,391,fill,interval_vwap,FLAT_QUOTING
20260303,60895000,13:54:55.000,20260303-AP605-01302,,AP605,target_sell,sell,10429.0,1,391,cancel_requested,opposite_target_fill,FLAT_QUOTING
20260303,60896000,13:54:56.000,20260303-AP605-01302,,AP605,target_sell,sell,10429.0,1,391,cancel_ack,opposite_target_fill,LONG_PENDING_HEDGE
20260303,60896000,13:54:56.000,20260303-AP605-01303,20260303-AP605-0175,AP604,hedge_entry,sell,,1,391,submit,,LONG_PENDING_HEDGE
20260303,60896000,13:54:56.000,20260303-AP605-01303,20260303-AP605-0175,AP604,hedge_entry,sell,10037.0,1,391,fill,quote_key=60896000,LONG_PENDING_HEDGE
20260303,60897000,13:54:57.000,20260303-AP605-01304,20260303-AP605-0175,AP605,target_exit,sell,,1,391,submit,,FLATTENING
20260303,60897000,13:54:57.000,20260303-AP605-01304,20260303-AP605-0175,AP605,target_exit,sell,10340.0,1,391,fill,,FLATTENING
20260303,60897000,13:54:57.000,20260303-AP605-01305,20260303-AP605-0175,AP604,hedge_exit,buy,,1,391,submit,,FLATTENING
20260303,60897000,13:54:57.000,20260303-AP605-01305,20260303-AP605-0175,AP604,hedge_exit,buy,10064.0,1,391,fill,quote_key=60897000,FLATTENING
20260303,60899000,13:54:59.000,20260303-AP605-01306,,AP605,target_buy,buy,10257.0,1,392,submit,initial_quote,FLAT_QUOTING
20260303,60899000,13:54:59.000,20260303-AP605-01307,,AP605,target_sell,sell,10427.0,1,392,submit,initial_quote,FLAT_QUOTING
20260303,60900000,13:55:00.000,20260303-AP605-01306,,AP605,target_buy,buy,10257.0,1,392,ack,,FLAT_QUOTING
20260303,60900000,13:55:00.000,20260303-AP605-01307,,AP605,target_sell,sell,10427.0,1,392,ack,,FLAT_QUOTING
20260303,60900000,13:55:00.000,20260303-AP605-01306,,AP605,target_buy,buy,10257.0,1,392,fill,interval_vwap,FLAT_QUOTING
20260303,60900000,13:55:00.000,20260303-AP605-01307,,AP605,target_sell,sell,10427.0,1,392,cancel_requested,opposite_target_fill,FLAT_QUOTING
20260303,60901000,13:55:01.000,20260303-AP605-01307,,AP605,target_sell,sell,10427.0,1,392,cancel_ack,opposite_target_fill,LONG_PENDING_HEDGE
20260303,60901000,13:55:01.000,20260303-AP605-01308,20260303-AP605-0176,AP604,hedge_entry,sell,,1,392,submit,,LONG_PENDING_HEDGE
20260303,60901000,13:55:01.000,20260303-AP605-01308,20260303-AP605-0176,AP604,hedge_entry,sell,10035.0,1,392,fill,quote_key=60901000,LONG_PENDING_HEDGE
20260303,60902000,13:55:02.000,20260303-AP605-01309,20260303-AP605-0176,AP605,target_exit,sell,,1,392,submit,,FLATTENING
20260303,60902000,13:55:02.000,20260303-AP605-01309,20260303-AP605-0176,AP605,target_exit,sell,10343.0,1,392,fill,,FLATTENING
20260303,60902000,13:55:02.000,20260303-AP605-01310,20260303-AP605-0176,AP604,hedge_exit,buy,,1,392,submit,,FLATTENING
20260303,60902000,13:55:02.000,20260303-AP605-01310,20260303-AP605-0176,AP604,hedge_exit,buy,10069.0,1,392,fill,quote_key=60902000,FLATTENING
20260303,60904000,13:55:04.000,20260303-AP605-01311,,AP605,target_buy,buy,10263.0,1,393,submit,initial_quote,FLAT_QUOTING
20260303,60904000,13:55:04.000,20260303-AP605-01312,,AP605,target_sell,sell,10433.0,1,393,submit,initial_quote,FLAT_QUOTING
20260303,60905000,13:55:05.000,20260303-AP605-01311,,AP605,target_buy,buy,10263.0,1,393,ack,,FLAT_QUOTING
20260303,60905000,13:55:05.000,20260303-AP605-01312,,AP605,target_sell,sell,10433.0,1,393,ack,,FLAT_QUOTING
20260303,60905000,13:55:05.000,20260303-AP605-01311,,AP605,target_buy,buy,10263.0,1,393,fill,interval_vwap,FLAT_QUOTING
20260303,60905000,13:55:05.000,20260303-AP605-01312,,AP605,target_sell,sell,10433.0,1,393,cancel_requested,opposite_target_fill,FLAT_QUOTING
20260303,60906000,13:55:06.000,20260303-AP605-01312,,AP605,target_sell,sell,10433.0,1,393,cancel_ack,opposite_target_fill,LONG_PENDING_HEDGE
20260303,60906000,13:55:06.000,20260303-AP605-01313,20260303-AP605-0177,AP604,hedge_entry,sell,,1,393,submit,,LONG_PENDING_HEDGE
20260303,60906000,13:55:06.000,20260303-AP605-01313,20260303-AP605-0177,AP604,hedge_entry,sell,10042.0,1,393,fill,quote_key=60906000,LONG_PENDING_HEDGE
20260303,60907000,13:55:07.000,20260303-AP605-01314,20260303-AP605-0177,AP605,target_exit,sell,,1,393,submit,,FLATTENING
20260303,60907000,13:55:07.000,20260303-AP605-01314,20260303-AP605-0177,AP605,target_exit,sell,10347.0,1,393,fill,,FLATTENING
20260303,60907000,13:55:07.000,20260303-AP605-01315,20260303-AP605-0177,AP604,hedge_exit,buy,,1,393,submit,,FLATTENING
20260303,60907000,13:55:07.000,20260303-AP605-01315,20260303-AP605-0177,AP604,hedge_exit,buy,10075.0,1,393,fill,quote_key=60907000,FLATTENING
20260303,60909000,13:55:09.000,20260303-AP605-01316,,AP605,target_buy,buy,10265.0,1,394,submit,initial_quote,FLAT_QUOTING
20260303,60909000,13:55:09.000,20260303-AP605-01317,,AP605,target_sell,sell,10435.0,1,394,submit,initial_quote,FLAT_QUOTING
20260303,60910000,13:55:10.000,20260303-AP605-01316,,AP605,target_buy,buy,10265.0,1,394,ack,,FLAT_QUOTING
20260303,60910000,13:55:10.000,20260303-AP605-01317,,AP605,target_sell,sell,10435.0,1,394,ack,,FLAT_QUOTING
20260303,60910000,13:55:10.000,20260303-AP605-01316,,AP605,target_buy,buy,10265.0,1,394,fill,interval_vwap,FLAT_QUOTING
20260303,60910000,13:55:10.000,20260303-AP605-01317,,AP605,target_sell,sell,10435.0,1,394,cancel_requested,opposite_target_fill,FLAT_QUOTING
20260303,60911000,13:55:11.000,20260303-AP605-01317,,AP605,target_sell,sell,10435.0,1,394,cancel_ack,opposite_target_fill,LONG_PENDING_HEDGE
20260303,60911000,13:55:11.000,20260303-AP605-01318,20260303-AP605-0178,AP604,hedge_entry,sell,,1,394,submit,,LONG_PENDING_HEDGE
20260303,60911000,13:55:11.000,20260303-AP605-01318,20260303-AP605-0178,AP604,hedge_entry,sell,10043.0,1,394,fill,quote_key=60911000,LONG_PENDING_HEDGE
20260303,60912000,13:55:12.000,20260303-AP605-01319,20260303-AP605-0178,AP605,target_exit,sell,,1,394,submit,,FLATTENING
20260303,60912000,13:55:12.000,20260303-AP605-01319,20260303-AP605-0178,AP605,target_exit,sell,10348.0,1,394,fill,,FLATTENING
20260303,60912000,13:55:12.000,20260303-AP605-01320,20260303-AP605-0178,AP604,hedge_exit,buy,,1,394,submit,,FLATTENING
20260303,60912000,13:55:12.000,20260303-AP605-01320,20260303-AP605-0178,AP604,hedge_exit,buy,10074.0,1,394,fill,quote_key=60912000,FLATTENING
20260303,60957000,13:55:57.000,20260303-AP605-01321,,AP605,target_buy,buy,10278.0,1,395,submit,initial_quote,FLAT_QUOTING
20260303,60957000,13:55:57.000,20260303-AP605-01322,,AP605,target_sell,sell,10448.0,1,395,submit,initial_quote,FLAT_QUOTING
20260303,60958000,13:55:58.000,20260303-AP605-01321,,AP605,target_buy,buy,10278.0,1,395,ack,,FLAT_QUOTING
20260303,60958000,13:55:58.000,20260303-AP605-01322,,AP605,target_sell,sell,10448.0,1,395,ack,,FLAT_QUOTING
20260303,60958000,13:55:58.000,20260303-AP605-01321,,AP605,target_buy,buy,10278.0,1,395,fill,interval_vwap,FLAT_QUOTING
20260303,60958000,13:55:58.000,20260303-AP605-01322,,AP605,target_sell,sell,10448.0,1,395,cancel_requested,opposite_target_fill,FLAT_QUOTING
20260303,60959000,13:55:59.000,20260303-AP605-01322,,AP605,target_sell,sell,10448.0,1,395,cancel_ack,opposite_target_fill,LONG_PENDING_HEDGE
20260303,60959000,13:55:59.000,20260303-AP605-01323,20260303-AP605-0179,AP604,hedge_entry,sell,,1,395,submit,,LONG_PENDING_HEDGE
20260303,60959000,13:55:59.000,20260303-AP605-01323,20260303-AP605-0179,AP604,hedge_entry,sell,10061.0,1,395,fill,quote_key=60957000,LONG_PENDING_HEDGE
20260303,60960000,13:56:00.000,20260303-AP605-01324,20260303-AP605-0179,AP605,target_exit,sell,,1,395,submit,,FLATTENING
20260303,60960000,13:56:00.000,20260303-AP605-01324,20260303-AP605-0179,AP605,target_exit,sell,10364.0,1,395,fill,,FLATTENING
20260303,60960000,13:56:00.000,20260303-AP605-01325,20260303-AP605-0179,AP604,hedge_exit,buy,,1,395,submit,,FLATTENING
20260303,60960000,13:56:00.000,20260303-AP605-01325,20260303-AP605-0179,AP604,hedge_exit,buy,10079.0,1,395,fill,quote_key=60960000,FLATTENING
20260303,60966000,13:56:06.000,20260303-AP605-01326,,AP605,target_buy,buy,10279.0,1,396,submit,initial_quote,FLAT_QUOTING
20260303,60966000,13:56:06.000,20260303-AP605-01327,,AP605,target_sell,sell,10449.0,1,396,submit,initial_quote,FLAT_QUOTING
20260303,60967000,13:56:07.000,20260303-AP605-01326,,AP605,target_buy,buy,10279.0,1,396,ack,,FLAT_QUOTING
20260303,60967000,13:56:07.000,20260303-AP605-01327,,AP605,target_sell,sell,10449.0,1,396,ack,,FLAT_QUOTING
20260303,60967000,13:56:07.000,20260303-AP605-01326,,AP605,target_buy,buy,10279.0,1,396,fill,interval_vwap,FLAT_QUOTING
20260303,60967000,13:56:07.000,20260303-AP605-01327,,AP605,target_sell,sell,10449.0,1,396,cancel_requested,opposite_target_fill,FLAT_QUOTING
20260303,60968000,13:56:08.000,20260303-AP605-01327,,AP605,target_sell,sell,10449.0,1,396,cancel_ack,opposite_target_fill,LONG_PENDING_HEDGE
20260303,60968000,13:56:08.000,20260303-AP605-01328,20260303-AP605-0180,AP604,hedge_entry,sell,,1,396,submit,,LONG_PENDING_HEDGE
20260303,60968000,13:56:08.000,20260303-AP605-01328,20260303-AP605-0180,AP604,hedge_entry,sell,10066.0,1,396,fill,quote_key=60967000,LONG_PENDING_HEDGE
20260303,60969000,13:56:09.000,20260303-AP605-01329,20260303-AP605-0180,AP605,target_exit,sell,,1,396,submit,,FLATTENING
20260303,60969000,13:56:09.000,20260303-AP605-01329,20260303-AP605-0180,AP605,target_exit,sell,10369.0,1,396,fill,,FLATTENING
20260303,60969000,13:56:09.000,20260303-AP605-01330,20260303-AP605-0180,AP604,hedge_exit,buy,,1,396,submit,,FLATTENING
20260303,60969000,13:56:09.000,20260303-AP605-01330,20260303-AP605-0180,AP604,hedge_exit,buy,10079.0,1,396,fill,quote_key=60969000,FLATTENING
20260303,60971000,13:56:11.000,20260303-AP605-01331,,AP605,target_buy,buy,10277.0,1,397,submit,initial_quote,FLAT_QUOTING
20260303,60971000,13:56:11.000,20260303-AP605-01332,,AP605,target_sell,sell,10447.0,1,397,submit,initial_quote,FLAT_QUOTING
20260303,60972000,13:56:12.000,20260303-AP605-01331,,AP605,target_buy,buy,10277.0,1,397,ack,,FLAT_QUOTING
20260303,60972000,13:56:12.000,20260303-AP605-01332,,AP605,target_sell,sell,10447.0,1,397,ack,,FLAT_QUOTING
20260303,60972000,13:56:12.000,20260303-AP605-01331,,AP605,target_buy,buy,10277.0,1,397,fill,interval_vwap,FLAT_QUOTING
20260303,60972000,13:56:12.000,20260303-AP605-01332,,AP605,target_sell,sell,10447.0,1,397,cancel_requested,opposite_target_fill,FLAT_QUOTING
20260303,60973000,13:56:13.000,20260303-AP605-01332,,AP605,target_sell,sell,10447.0,1,397,cancel_ack,opposite_target_fill,LONG_PENDING_HEDGE
20260303,60973000,13:56:13.000,20260303-AP605-01333,20260303-AP605-0181,AP604,hedge_entry,sell,,1,397,submit,,LONG_PENDING_HEDGE
20260303,60973000,13:56:13.000,20260303-AP605-01333,20260303-AP605-0181,AP604,hedge_entry,sell,10065.0,1,397,fill,quote_key=60973000,LONG_PENDING_HEDGE
20260303,60974000,13:56:14.000,20260303-AP605-01334,20260303-AP605-0181,AP605,target_exit,sell,,1,397,submit,,FLATTENING
20260303,60974000,13:56:14.000,20260303-AP605-01334,20260303-AP605-0181,AP605,target_exit,sell,10370.0,1,397,fill,,FLATTENING
20260303,60974000,13:56:14.000,20260303-AP605-01335,20260303-AP605-0181,AP604,hedge_exit,buy,,1,397,submit,,FLATTENING
20260303,60974000,13:56:14.000,20260303-AP605-01335,20260303-AP605-0181,AP604,hedge_exit,buy,10079.0,1,397,fill,quote_key=60974000,FLATTENING
20260303,60976000,13:56:16.000,20260303-AP605-01336,,AP605,target_buy,buy,10278.0,1,398,submit,initial_quote,FLAT_QUOTING
20260303,60976000,13:56:16.000,20260303-AP605-01337,,AP605,target_sell,sell,10448.0,1,398,submit,initial_quote,FLAT_QUOTING
20260303,60977000,13:56:17.000,20260303-AP605-01336,,AP605,target_buy,buy,10278.0,1,398,ack,,FLAT_QUOTING
20260303,60977000,13:56:17.000,20260303-AP605-01337,,AP605,target_sell,sell,10448.0,1,398,ack,,FLAT_QUOTING
20260303,60977000,13:56:17.000,20260303-AP605-01336,,AP605,target_buy,buy,10278.0,1,398,fill,interval_vwap,FLAT_QUOTING
20260303,60977000,13:56:17.000,20260303-AP605-01337,,AP605,target_sell,sell,10448.0,1,398,cancel_requested,opposite_target_fill,FLAT_QUOTING
20260303,60978000,13:56:18.000,20260303-AP605-01337,,AP605,target_sell,sell,10448.0,1,398,cancel_ack,opposite_target_fill,LONG_PENDING_HEDGE
20260303,60978000,13:56:18.000,20260303-AP605-01338,20260303-AP605-0182,AP604,hedge_entry,sell,,1,398,submit,,LONG_PENDING_HEDGE
20260303,60978000,13:56:18.000,20260303-AP605-01338,20260303-AP605-0182,AP604,hedge_entry,sell,10065.0,1,398,fill,quote_key=60977000,LONG_PENDING_HEDGE
20260303,60979000,13:56:19.000,20260303-AP605-01339,20260303-AP605-0182,AP605,target_exit,sell,,1,398,submit,,FLATTENING
20260303,60979000,13:56:19.000,20260303-AP605-01339,20260303-AP605-0182,AP605,target_exit,sell,10370.0,1,398,fill,,FLATTENING
20260303,60979000,13:56:19.000,20260303-AP605-01340,20260303-AP605-0182,AP604,hedge_exit,buy,,1,398,submit,,FLATTENING
20260303,60979000,13:56:19.000,20260303-AP605-01340,20260303-AP605-0182,AP604,hedge_exit,buy,10079.0,1,398,fill,quote_key=60979000,FLATTENING
20260303,61020000,13:57:00.000,20260303-AP605-01341,,AP605,target_buy,buy,10289.0,1,399,submit,initial_quote,FLAT_QUOTING
20260303,61020000,13:57:00.000,20260303-AP605-01342,,AP605,target_sell,sell,10459.0,1,399,submit,initial_quote,FLAT_QUOTING
20260303,61021000,13:57:01.000,20260303-AP605-01341,,AP605,target_buy,buy,10289.0,1,399,ack,,FLAT_QUOTING
20260303,61021000,13:57:01.000,20260303-AP605-01342,,AP605,target_sell,sell,10459.0,1,399,ack,,FLAT_QUOTING
20260303,61021000,13:57:01.000,20260303-AP605-01341,,AP605,target_buy,buy,10289.0,1,399,fill,interval_vwap,FLAT_QUOTING
20260303,61021000,13:57:01.000,20260303-AP605-01342,,AP605,target_sell,sell,10459.0,1,399,cancel_requested,opposite_target_fill,FLAT_QUOTING
20260303,61022000,13:57:02.000,20260303-AP605-01342,,AP605,target_sell,sell,10459.0,1,399,cancel_ack,opposite_target_fill,LONG_PENDING_HEDGE
20260303,61022000,13:57:02.000,20260303-AP605-01343,20260303-AP605-0183,AP604,hedge_entry,sell,,1,399,submit,,LONG_PENDING_HEDGE
20260303,61022000,13:57:02.000,20260303-AP605-01343,20260303-AP605-0183,AP604,hedge_entry,sell,10083.0,1,399,fill,quote_key=61022000,LONG_PENDING_HEDGE
20260303,61023000,13:57:03.000,20260303-AP605-01344,20260303-AP605-0183,AP605,target_exit,sell,,1,399,submit,,FLATTENING
20260303,61023000,13:57:03.000,20260303-AP605-01344,20260303-AP605-0183,AP605,target_exit,sell,10391.0,1,399,fill,,FLATTENING
20260303,61023000,13:57:03.000,20260303-AP605-01345,20260303-AP605-0183,AP604,hedge_exit,buy,,1,399,submit,,FLATTENING
20260303,61023000,13:57:03.000,20260303-AP605-01345,20260303-AP605-0183,AP604,hedge_exit,buy,10099.0,1,399,fill,quote_key=61023000,FLATTENING
20260303,61186000,13:59:46.000,20260303-AP605-01346,,AP605,target_buy,buy,10300.0,1,400,submit,initial_quote,FLAT_QUOTING
20260303,61186000,13:59:46.000,20260303-AP605-01347,,AP605,target_sell,sell,10470.0,1,400,submit,initial_quote,FLAT_QUOTING
20260303,61187000,13:59:47.000,20260303-AP605-01346,,AP605,target_buy,buy,10300.0,1,400,ack,,FLAT_QUOTING
20260303,61187000,13:59:47.000,20260303-AP605-01347,,AP605,target_sell,sell,10470.0,1,400,ack,,FLAT_QUOTING
20260303,61187000,13:59:47.000,20260303-AP605-01346,,AP605,target_buy,buy,10300.0,1,400,fill,interval_vwap,FLAT_QUOTING
20260303,61187000,13:59:47.000,20260303-AP605-01347,,AP605,target_sell,sell,10470.0,1,400,cancel_requested,opposite_target_fill,FLAT_QUOTING
20260303,61188000,13:59:48.000,20260303-AP605-01347,,AP605,target_sell,sell,10470.0,1,400,cancel_ack,opposite_target_fill,LONG_PENDING_HEDGE
20260303,61188000,13:59:48.000,20260303-AP605-01348,20260303-AP605-0184,AP604,hedge_entry,sell,,1,400,submit,,LONG_PENDING_HEDGE
20260303,61188000,13:59:48.000,20260303-AP605-01348,20260303-AP605-0184,AP604,hedge_entry,sell,10086.0,1,400,fill,quote_key=61188000,LONG_PENDING_HEDGE
20260303,61189000,13:59:49.000,20260303-AP605-01349,20260303-AP605-0184,AP605,target_exit,sell,,1,400,submit,,FLATTENING
20260303,61189000,13:59:49.000,20260303-AP605-01349,20260303-AP605-0184,AP605,target_exit,sell,10391.0,1,400,fill,,FLATTENING
20260303,61189000,13:59:49.000,20260303-AP605-01350,20260303-AP605-0184,AP604,hedge_exit,buy,,1,400,submit,,FLATTENING
20260303,61189000,13:59:49.000,20260303-AP605-01350,20260303-AP605-0184,AP604,hedge_exit,buy,10116.0,1,400,fill,quote_key=61188000,FLATTENING
20260303,61191000,13:59:51.000,20260303-AP605-01351,,AP605,target_buy,buy,10301.0,1,401,submit,initial_quote,FLAT_QUOTING
20260303,61191000,13:59:51.000,20260303-AP605-01352,,AP605,target_sell,sell,10471.0,1,401,submit,initial_quote,FLAT_QUOTING
20260303,61192000,13:59:52.000,20260303-AP605-01351,,AP605,target_buy,buy,10301.0,1,401,ack,,FLAT_QUOTING
20260303,61192000,13:59:52.000,20260303-AP605-01352,,AP605,target_sell,sell,10471.0,1,401,ack,,FLAT_QUOTING
20260303,61192000,13:59:52.000,20260303-AP605-01351,,AP605,target_buy,buy,10301.0,1,401,fill,interval_vwap,FLAT_QUOTING
20260303,61192000,13:59:52.000,20260303-AP605-01352,,AP605,target_sell,sell,10471.0,1,401,cancel_requested,opposite_target_fill,FLAT_QUOTING
20260303,61193000,13:59:53.000,20260303-AP605-01352,,AP605,target_sell,sell,10471.0,1,401,cancel_ack,opposite_target_fill,LONG_PENDING_HEDGE
20260303,61193000,13:59:53.000,20260303-AP605-01353,20260303-AP605-0185,AP604,hedge_entry,sell,,1,401,submit,,LONG_PENDING_HEDGE
20260303,61193000,13:59:53.000,20260303-AP605-01353,20260303-AP605-0185,AP604,hedge_entry,sell,10084.0,1,401,fill,quote_key=61193000,LONG_PENDING_HEDGE
20260303,61194000,13:59:54.000,20260303-AP605-01354,20260303-AP605-0185,AP605,target_exit,sell,,1,401,submit,,FLATTENING
20260303,61194000,13:59:54.000,20260303-AP605-01354,20260303-AP605-0185,AP605,target_exit,sell,10391.0,1,401,fill,,FLATTENING
20260303,61194000,13:59:54.000,20260303-AP605-01355,20260303-AP605-0185,AP604,hedge_exit,buy,,1,401,submit,,FLATTENING
20260303,61194000,13:59:54.000,20260303-AP605-01355,20260303-AP605-0185,AP604,hedge_exit,buy,10115.0,1,401,fill,quote_key=61194000,FLATTENING
20260303,61197000,13:59:57.000,20260303-AP605-01356,,AP605,target_buy,buy,10301.0,1,402,submit,initial_quote,FLAT_QUOTING
20260303,61197000,13:59:57.000,20260303-AP605-01357,,AP605,target_sell,sell,10471.0,1,402,submit,initial_quote,FLAT_QUOTING
20260303,61198000,13:59:58.000,20260303-AP605-01356,,AP605,target_buy,buy,10301.0,1,402,ack,,FLAT_QUOTING
20260303,61198000,13:59:58.000,20260303-AP605-01357,,AP605,target_sell,sell,10471.0,1,402,ack,,FLAT_QUOTING
20260303,61198000,13:59:58.000,20260303-AP605-01356,,AP605,target_buy,buy,10301.0,1,402,fill,interval_vwap,FLAT_QUOTING
20260303,61198000,13:59:58.000,20260303-AP605-01357,,AP605,target_sell,sell,10471.0,1,402,cancel_requested,opposite_target_fill,FLAT_QUOTING
20260303,61199000,13:59:59.000,20260303-AP605-01357,,AP605,target_sell,sell,10471.0,1,402,cancel_ack,opposite_target_fill,LONG_PENDING_HEDGE
20260303,61199000,13:59:59.000,20260303-AP605-01358,20260303-AP605-0186,AP604,hedge_entry,sell,,1,402,submit,,LONG_PENDING_HEDGE
20260303,61199000,13:59:59.000,20260303-AP605-01358,20260303-AP605-0186,AP604,hedge_entry,sell,10086.0,1,402,fill,quote_key=61199000,LONG_PENDING_HEDGE
20260303,61200000,14:00:00.000,20260303-AP605-01359,20260303-AP605-0186,AP605,target_exit,sell,,1,402,submit,,FLATTENING
20260303,61200000,14:00:00.000,20260303-AP605-01359,20260303-AP605-0186,AP605,target_exit,sell,10394.0,1,402,fill,,FLATTENING
20260303,61200000,14:00:00.000,20260303-AP605-01360,20260303-AP605-0186,AP604,hedge_exit,buy,,1,402,submit,,FLATTENING
20260303,61200000,14:00:00.000,20260303-AP605-01360,20260303-AP605-0186,AP604,hedge_exit,buy,10118.0,1,402,fill,quote_key=61200000,FLATTENING
20260303,61451000,14:04:11.000,20260303-AP605-01361,,AP605,target_buy,buy,10345.0,1,403,submit,initial_quote,FLAT_QUOTING
20260303,61451000,14:04:11.000,20260303-AP605-01362,,AP605,target_sell,sell,10515.0,1,403,submit,initial_quote,FLAT_QUOTING
20260303,61452000,14:04:12.000,20260303-AP605-01361,,AP605,target_buy,buy,10345.0,1,403,ack,,FLAT_QUOTING
20260303,61452000,14:04:12.000,20260303-AP605-01362,,AP605,target_sell,sell,10515.0,1,403,ack,,FLAT_QUOTING
20260303,61453000,14:04:13.000,20260303-AP605-01361,,AP605,target_buy,buy,10345.0,1,403,fill,interval_vwap,FLAT_QUOTING
20260303,61453000,14:04:13.000,20260303-AP605-01362,,AP605,target_sell,sell,10515.0,1,403,cancel_requested,opposite_target_fill,FLAT_QUOTING
20260303,61454000,14:04:14.000,20260303-AP605-01362,,AP605,target_sell,sell,10515.0,1,403,cancel_ack,opposite_target_fill,LONG_PENDING_HEDGE
20260303,61454000,14:04:14.000,20260303-AP605-01363,20260303-AP605-0187,AP604,hedge_entry,sell,,1,403,submit,,LONG_PENDING_HEDGE
20260303,61454000,14:04:14.000,20260303-AP605-01363,20260303-AP605-0187,AP604,hedge_entry,sell,10120.0,1,403,fill,quote_key=61454000,LONG_PENDING_HEDGE
20260303,61455000,14:04:15.000,20260303-AP605-01364,20260303-AP605-0187,AP605,target_exit,sell,,1,403,submit,,FLATTENING
20260303,61455000,14:04:15.000,20260303-AP605-01364,20260303-AP605-0187,AP605,target_exit,sell,10420.0,1,403,fill,,FLATTENING
20260303,61455000,14:04:15.000,20260303-AP605-01365,20260303-AP605-0187,AP604,hedge_exit,buy,,1,403,submit,,FLATTENING
20260303,61455000,14:04:15.000,20260303-AP605-01365,20260303-AP605-0187,AP604,hedge_exit,buy,10150.0,1,403,fill,quote_key=61455000,FLATTENING
20260303,61457000,14:04:17.000,20260303-AP605-01366,,AP605,target_buy,buy,10333.0,1,404,submit,initial_quote,FLAT_QUOTING
20260303,61457000,14:04:17.000,20260303-AP605-01367,,AP605,target_sell,sell,10503.0,1,404,submit,initial_quote,FLAT_QUOTING
20260303,61458000,14:04:18.000,20260303-AP605-01366,,AP605,target_buy,buy,10333.0,1,404,ack,,FLAT_QUOTING
20260303,61458000,14:04:18.000,20260303-AP605-01367,,AP605,target_sell,sell,10503.0,1,404,ack,,FLAT_QUOTING
20260303,61458000,14:04:18.000,20260303-AP605-01366,,AP605,target_buy,buy,10333.0,1,404,fill,interval_vwap,FLAT_QUOTING
20260303,61458000,14:04:18.000,20260303-AP605-01367,,AP605,target_sell,sell,10503.0,1,404,cancel_requested,opposite_target_fill,FLAT_QUOTING
20260303,61459000,14:04:19.000,20260303-AP605-01367,,AP605,target_sell,sell,10503.0,1,404,cancel_ack,opposite_target_fill,LONG_PENDING_HEDGE
20260303,61459000,14:04:19.000,20260303-AP605-01368,20260303-AP605-0188,AP604,hedge_entry,sell,,1,404,submit,,LONG_PENDING_HEDGE
20260303,61459000,14:04:19.000,20260303-AP605-01368,20260303-AP605-0188,AP604,hedge_entry,sell,10102.0,1,404,fill,quote_key=61459000,LONG_PENDING_HEDGE
20260303,61460000,14:04:20.000,20260303-AP605-01369,20260303-AP605-0188,AP605,target_exit,sell,,1,404,submit,,FLATTENING
20260303,61460000,14:04:20.000,20260303-AP605-01369,20260303-AP605-0188,AP605,target_exit,sell,10399.0,1,404,fill,,FLATTENING
20260303,61460000,14:04:20.000,20260303-AP605-01370,20260303-AP605-0188,AP604,hedge_exit,buy,,1,404,submit,,FLATTENING
20260303,61460000,14:04:20.000,20260303-AP605-01370,20260303-AP605-0188,AP604,hedge_exit,buy,10113.0,1,404,fill,quote_key=61460000,FLATTENING
20260303,61758000,14:09:18.000,20260303-AP605-01371,,AP605,target_buy,buy,10236.0,1,405,submit,initial_quote,FLAT_QUOTING
20260303,61758000,14:09:18.000,20260303-AP605-01372,,AP605,target_sell,sell,10406.0,1,405,submit,initial_quote,FLAT_QUOTING
20260303,61759000,14:09:19.000,20260303-AP605-01371,,AP605,target_buy,buy,10236.0,1,405,ack,,FLAT_QUOTING
20260303,61759000,14:09:19.000,20260303-AP605-01372,,AP605,target_sell,sell,10406.0,1,405,ack,,FLAT_QUOTING
20260303,61759000,14:09:19.000,20260303-AP605-01371,,AP605,target_buy,buy,10236.0,1,405,fill,interval_vwap,FLAT_QUOTING
20260303,61759000,14:09:19.000,20260303-AP605-01372,,AP605,target_sell,sell,10406.0,1,405,cancel_requested,opposite_target_fill,FLAT_QUOTING
20260303,61760000,14:09:20.000,20260303-AP605-01372,,AP605,target_sell,sell,10406.0,1,405,cancel_ack,opposite_target_fill,LONG_PENDING_HEDGE
20260303,61760000,14:09:20.000,20260303-AP605-01373,20260303-AP605-0189,AP604,hedge_entry,sell,,1,405,submit,,LONG_PENDING_HEDGE
20260303,61760000,14:09:20.000,20260303-AP605-01373,20260303-AP605-0189,AP604,hedge_entry,sell,9993.0,1,405,fill,quote_key=61760000,LONG_PENDING_HEDGE
20260303,61761000,14:09:21.000,20260303-AP605-01374,20260303-AP605-0189,AP605,target_exit,sell,,1,405,submit,,FLATTENING
20260303,61761000,14:09:21.000,20260303-AP605-01374,20260303-AP605-0189,AP605,target_exit,sell,10312.0,1,405,fill,,FLATTENING
20260303,61761000,14:09:21.000,20260303-AP605-01375,20260303-AP605-0189,AP604,hedge_exit,buy,,1,405,submit,,FLATTENING
20260303,61761000,14:09:21.000,20260303-AP605-01375,20260303-AP605-0189,AP604,hedge_exit,buy,10009.0,1,405,fill,quote_key=61761000,FLATTENING
20260303,61787000,14:09:47.000,20260303-AP605-01376,,AP605,target_buy,buy,10226.0,1,406,submit,initial_quote,FLAT_QUOTING
20260303,61787000,14:09:47.000,20260303-AP605-01377,,AP605,target_sell,sell,10396.0,1,406,submit,initial_quote,FLAT_QUOTING
20260303,61788000,14:09:48.000,20260303-AP605-01376,,AP605,target_buy,buy,10226.0,1,406,ack,,FLAT_QUOTING
20260303,61788000,14:09:48.000,20260303-AP605-01377,,AP605,target_sell,sell,10396.0,1,406,ack,,FLAT_QUOTING
20260303,61788000,14:09:48.000,20260303-AP605-01376,,AP605,target_buy,buy,10226.0,1,406,fill,interval_vwap,FLAT_QUOTING
20260303,61788000,14:09:48.000,20260303-AP605-01377,,AP605,target_sell,sell,10396.0,1,406,cancel_requested,opposite_target_fill,FLAT_QUOTING
20260303,61789000,14:09:49.000,20260303-AP605-01377,,AP605,target_sell,sell,10396.0,1,406,cancel_ack,opposite_target_fill,LONG_PENDING_HEDGE
20260303,61789000,14:09:49.000,20260303-AP605-01378,20260303-AP605-0190,AP604,hedge_entry,sell,,1,406,submit,,LONG_PENDING_HEDGE
20260303,61789000,14:09:49.000,20260303-AP605-01378,20260303-AP605-0190,AP604,hedge_entry,sell,9979.0,1,406,fill,quote_key=61789000,LONG_PENDING_HEDGE
20260303,61790000,14:09:50.000,20260303-AP605-01379,20260303-AP605-0190,AP605,target_exit,sell,,1,406,submit,,FLATTENING
20260303,61790000,14:09:50.000,20260303-AP605-01379,20260303-AP605-0190,AP605,target_exit,sell,10307.0,1,406,fill,,FLATTENING
20260303,61790000,14:09:50.000,20260303-AP605-01380,20260303-AP605-0190,AP604,hedge_exit,buy,,1,406,submit,,FLATTENING
20260303,61790000,14:09:50.000,20260303-AP605-01380,20260303-AP605-0190,AP604,hedge_exit,buy,10007.0,1,406,fill,quote_key=61790000,FLATTENING
20260303,61792000,14:09:52.000,20260303-AP605-01381,,AP605,target_buy,buy,10227.0,1,407,submit,initial_quote,FLAT_QUOTING
20260303,61792000,14:09:52.000,20260303-AP605-01382,,AP605,target_sell,sell,10397.0,1,407,submit,initial_quote,FLAT_QUOTING
20260303,61793000,14:09:53.000,20260303-AP605-01381,,AP605,target_buy,buy,10227.0,1,407,ack,,FLAT_QUOTING
20260303,61793000,14:09:53.000,20260303-AP605-01382,,AP605,target_sell,sell,10397.0,1,407,ack,,FLAT_QUOTING
20260303,61793000,14:09:53.000,20260303-AP605-01381,,AP605,target_buy,buy,10227.0,1,407,fill,interval_vwap,FLAT_QUOTING
20260303,61793000,14:09:53.000,20260303-AP605-01382,,AP605,target_sell,sell,10397.0,1,407,cancel_requested,opposite_target_fill,FLAT_QUOTING
20260303,61794000,14:09:54.000,20260303-AP605-01382,,AP605,target_sell,sell,10397.0,1,407,cancel_ack,opposite_target_fill,LONG_PENDING_HEDGE
20260303,61794000,14:09:54.000,20260303-AP605-01383,20260303-AP605-0191,AP604,hedge_entry,sell,,1,407,submit,,LONG_PENDING_HEDGE
20260303,61794000,14:09:54.000,20260303-AP605-01383,20260303-AP605-0191,AP604,hedge_entry,sell,9980.0,1,407,fill,quote_key=61794000,LONG_PENDING_HEDGE
20260303,61795000,14:09:55.000,20260303-AP605-01384,20260303-AP605-0191,AP605,target_exit,sell,,1,407,submit,,FLATTENING
20260303,61795000,14:09:55.000,20260303-AP605-01384,20260303-AP605-0191,AP605,target_exit,sell,10306.0,1,407,fill,,FLATTENING
20260303,61795000,14:09:55.000,20260303-AP605-01385,20260303-AP605-0191,AP604,hedge_exit,buy,,1,407,submit,,FLATTENING
20260303,61795000,14:09:55.000,20260303-AP605-01385,20260303-AP605-0191,AP604,hedge_exit,buy,10003.0,1,407,fill,quote_key=61794000,FLATTENING
20260303,61814000,14:10:14.000,20260303-AP605-01386,,AP605,target_buy,buy,10215.0,1,408,submit,initial_quote,FLAT_QUOTING
20260303,61814000,14:10:14.000,20260303-AP605-01387,,AP605,target_sell,sell,10385.0,1,408,submit,initial_quote,FLAT_QUOTING
20260303,61815000,14:10:15.000,20260303-AP605-01386,,AP605,target_buy,buy,10215.0,1,408,ack,,FLAT_QUOTING
20260303,61815000,14:10:15.000,20260303-AP605-01387,,AP605,target_sell,sell,10385.0,1,408,ack,,FLAT_QUOTING
20260303,61815000,14:10:15.000,20260303-AP605-01386,,AP605,target_buy,buy,10215.0,1,408,fill,interval_vwap,FLAT_QUOTING
20260303,61815000,14:10:15.000,20260303-AP605-01387,,AP605,target_sell,sell,10385.0,1,408,cancel_requested,opposite_target_fill,FLAT_QUOTING
20260303,61816000,14:10:16.000,20260303-AP605-01387,,AP605,target_sell,sell,10385.0,1,408,cancel_ack,opposite_target_fill,LONG_PENDING_HEDGE
20260303,61816000,14:10:16.000,20260303-AP605-01388,20260303-AP605-0192,AP604,hedge_entry,sell,,1,408,submit,,LONG_PENDING_HEDGE
20260303,61816000,14:10:16.000,20260303-AP605-01388,20260303-AP605-0192,AP604,hedge_entry,sell,9971.0,1,408,fill,quote_key=61816000,LONG_PENDING_HEDGE
20260303,61817000,14:10:17.000,20260303-AP605-01389,20260303-AP605-0192,AP605,target_exit,sell,,1,408,submit,,FLATTENING
20260303,61817000,14:10:17.000,20260303-AP605-01389,20260303-AP605-0192,AP605,target_exit,sell,10299.0,1,408,fill,,FLATTENING
20260303,61817000,14:10:17.000,20260303-AP605-01390,20260303-AP605-0192,AP604,hedge_exit,buy,,1,408,submit,,FLATTENING
20260303,61817000,14:10:17.000,20260303-AP605-01390,20260303-AP605-0192,AP604,hedge_exit,buy,9998.0,1,408,fill,quote_key=61817000,FLATTENING
20260303,61821000,14:10:21.000,20260303-AP605-01391,,AP605,target_buy,buy,10222.0,1,409,submit,initial_quote,FLAT_QUOTING
20260303,61821000,14:10:21.000,20260303-AP605-01392,,AP605,target_sell,sell,10392.0,1,409,submit,initial_quote,FLAT_QUOTING
20260303,61822000,14:10:22.000,20260303-AP605-01391,,AP605,target_buy,buy,10222.0,1,409,ack,,FLAT_QUOTING
20260303,61822000,14:10:22.000,20260303-AP605-01392,,AP605,target_sell,sell,10392.0,1,409,ack,,FLAT_QUOTING
20260303,61822000,14:10:22.000,20260303-AP605-01391,,AP605,target_buy,buy,10222.0,1,409,fill,interval_vwap,FLAT_QUOTING
20260303,61822000,14:10:22.000,20260303-AP605-01392,,AP605,target_sell,sell,10392.0,1,409,cancel_requested,opposite_target_fill,FLAT_QUOTING
20260303,61823000,14:10:23.000,20260303-AP605-01392,,AP605,target_sell,sell,10392.0,1,409,cancel_ack,opposite_target_fill,LONG_PENDING_HEDGE
20260303,61823000,14:10:23.000,20260303-AP605-01393,20260303-AP605-0193,AP604,hedge_entry,sell,,1,409,submit,,LONG_PENDING_HEDGE
20260303,61823000,14:10:23.000,20260303-AP605-01393,20260303-AP605-0193,AP604,hedge_entry,sell,9980.0,1,409,fill,quote_key=61823000,LONG_PENDING_HEDGE
20260303,61824000,14:10:24.000,20260303-AP605-01394,20260303-AP605-0193,AP605,target_exit,sell,,1,409,submit,,FLATTENING
20260303,61824000,14:10:24.000,20260303-AP605-01394,20260303-AP605-0193,AP605,target_exit,sell,10302.0,1,409,fill,,FLATTENING
20260303,61824000,14:10:24.000,20260303-AP605-01395,20260303-AP605-0193,AP604,hedge_exit,buy,,1,409,submit,,FLATTENING
20260303,61824000,14:10:24.000,20260303-AP605-01395,20260303-AP605-0193,AP604,hedge_exit,buy,10002.0,1,409,fill,quote_key=61824000,FLATTENING
20260303,61855000,14:10:55.000,20260303-AP605-01396,,AP605,target_buy,buy,10209.0,1,410,submit,initial_quote,FLAT_QUOTING
20260303,61855000,14:10:55.000,20260303-AP605-01397,,AP605,target_sell,sell,10379.0,1,410,submit,initial_quote,FLAT_QUOTING
20260303,61856000,14:10:56.000,20260303-AP605-01396,,AP605,target_buy,buy,10209.0,1,410,ack,,FLAT_QUOTING
20260303,61856000,14:10:56.000,20260303-AP605-01397,,AP605,target_sell,sell,10379.0,1,410,ack,,FLAT_QUOTING
20260303,61856000,14:10:56.000,20260303-AP605-01396,,AP605,target_buy,buy,10209.0,1,410,fill,interval_vwap,FLAT_QUOTING
20260303,61856000,14:10:56.000,20260303-AP605-01397,,AP605,target_sell,sell,10379.0,1,410,cancel_requested,opposite_target_fill,FLAT_QUOTING
20260303,61857000,14:10:57.000,20260303-AP605-01397,,AP605,target_sell,sell,10379.0,1,410,cancel_ack,opposite_target_fill,LONG_PENDING_HEDGE
20260303,61857000,14:10:57.000,20260303-AP605-01398,20260303-AP605-0194,AP604,hedge_entry,sell,,1,410,submit,,LONG_PENDING_HEDGE
20260303,61857000,14:10:57.000,20260303-AP605-01398,20260303-AP605-0194,AP604,hedge_entry,sell,9966.0,1,410,fill,quote_key=61857000,LONG_PENDING_HEDGE
20260303,61858000,14:10:58.000,20260303-AP605-01399,20260303-AP605-0194,AP605,target_exit,sell,,1,410,submit,,FLATTENING
20260303,61858000,14:10:58.000,20260303-AP605-01399,20260303-AP605-0194,AP605,target_exit,sell,10301.0,1,410,fill,,FLATTENING
20260303,61858000,14:10:58.000,20260303-AP605-01400,20260303-AP605-0194,AP604,hedge_exit,buy,,1,410,submit,,FLATTENING
20260303,61858000,14:10:58.000,20260303-AP605-01400,20260303-AP605-0194,AP604,hedge_exit,buy,9975.0,1,410,fill,quote_key=61857000,FLATTENING
20260303,61860000,14:11:00.000,20260303-AP605-01401,,AP605,target_buy,buy,10207.0,1,411,submit,initial_quote,FLAT_QUOTING
20260303,61860000,14:11:00.000,20260303-AP605-01402,,AP605,target_sell,sell,10377.0,1,411,submit,initial_quote,FLAT_QUOTING
20260303,61861000,14:11:01.000,20260303-AP605-01401,,AP605,target_buy,buy,10207.0,1,411,ack,,FLAT_QUOTING
20260303,61861000,14:11:01.000,20260303-AP605-01402,,AP605,target_sell,sell,10377.0,1,411,ack,,FLAT_QUOTING
20260303,61861000,14:11:01.000,20260303-AP605-01401,,AP605,target_buy,buy,10207.0,1,411,fill,interval_vwap,FLAT_QUOTING
20260303,61861000,14:11:01.000,20260303-AP605-01402,,AP605,target_sell,sell,10377.0,1,411,cancel_requested,opposite_target_fill,FLAT_QUOTING
20260303,61862000,14:11:02.000,20260303-AP605-01402,,AP605,target_sell,sell,10377.0,1,411,cancel_ack,opposite_target_fill,LONG_PENDING_HEDGE
20260303,61862000,14:11:02.000,20260303-AP605-01403,20260303-AP605-0195,AP604,hedge_entry,sell,,1,411,submit,,LONG_PENDING_HEDGE
20260303,61862000,14:11:02.000,20260303-AP605-01403,20260303-AP605-0195,AP604,hedge_entry,sell,9960.0,1,411,fill,quote_key=61862000,LONG_PENDING_HEDGE
20260303,61863000,14:11:03.000,20260303-AP605-01404,20260303-AP605-0195,AP605,target_exit,sell,,1,411,submit,,FLATTENING
20260303,61863000,14:11:03.000,20260303-AP605-01404,20260303-AP605-0195,AP605,target_exit,sell,10294.0,1,411,fill,,FLATTENING
20260303,61863000,14:11:03.000,20260303-AP605-01405,20260303-AP605-0195,AP604,hedge_exit,buy,,1,411,submit,,FLATTENING
20260303,61863000,14:11:03.000,20260303-AP605-01405,20260303-AP605-0195,AP604,hedge_exit,buy,9985.0,1,411,fill,quote_key=61863000,FLATTENING
20260303,61877000,14:11:17.000,20260303-AP605-01406,,AP605,target_buy,buy,10217.0,1,412,submit,initial_quote,FLAT_QUOTING
20260303,61877000,14:11:17.000,20260303-AP605-01407,,AP605,target_sell,sell,10387.0,1,412,submit,initial_quote,FLAT_QUOTING
20260303,61878000,14:11:18.000,20260303-AP605-01406,,AP605,target_buy,buy,10217.0,1,412,ack,,FLAT_QUOTING
20260303,61878000,14:11:18.000,20260303-AP605-01407,,AP605,target_sell,sell,10387.0,1,412,ack,,FLAT_QUOTING
20260303,61878000,14:11:18.000,20260303-AP605-01406,,AP605,target_buy,buy,10217.0,1,412,fill,interval_vwap,FLAT_QUOTING
20260303,61878000,14:11:18.000,20260303-AP605-01407,,AP605,target_sell,sell,10387.0,1,412,cancel_requested,opposite_target_fill,FLAT_QUOTING
20260303,61879000,14:11:19.000,20260303-AP605-01407,,AP605,target_sell,sell,10387.0,1,412,cancel_ack,opposite_target_fill,LONG_PENDING_HEDGE
20260303,61879000,14:11:19.000,20260303-AP605-01408,20260303-AP605-0196,AP604,hedge_entry,sell,,1,412,submit,,LONG_PENDING_HEDGE
20260303,61879000,14:11:19.000,20260303-AP605-01408,20260303-AP605-0196,AP604,hedge_entry,sell,9981.0,1,412,fill,quote_key=61879000,LONG_PENDING_HEDGE
20260303,61880000,14:11:20.000,20260303-AP605-01409,20260303-AP605-0196,AP605,target_exit,sell,,1,412,submit,,FLATTENING
20260303,61880000,14:11:20.000,20260303-AP605-01409,20260303-AP605-0196,AP605,target_exit,sell,10312.0,1,412,fill,,FLATTENING
20260303,61880000,14:11:20.000,20260303-AP605-01410,20260303-AP605-0196,AP604,hedge_exit,buy,,1,412,submit,,FLATTENING
20260303,61880000,14:11:20.000,20260303-AP605-01410,20260303-AP605-0196,AP604,hedge_exit,buy,10005.0,1,412,fill,quote_key=61880000,FLATTENING
20260303,61886000,14:11:26.000,20260303-AP605-01411,,AP605,target_buy,buy,10217.0,1,413,submit,initial_quote,FLAT_QUOTING
20260303,61886000,14:11:26.000,20260303-AP605-01412,,AP605,target_sell,sell,10387.0,1,413,submit,initial_quote,FLAT_QUOTING
20260303,61887000,14:11:27.000,20260303-AP605-01411,,AP605,target_buy,buy,10217.0,1,413,ack,,FLAT_QUOTING
20260303,61887000,14:11:27.000,20260303-AP605-01412,,AP605,target_sell,sell,10387.0,1,413,ack,,FLAT_QUOTING
20260303,61887000,14:11:27.000,20260303-AP605-01411,,AP605,target_buy,buy,10217.0,1,413,fill,interval_vwap,FLAT_QUOTING
20260303,61887000,14:11:27.000,20260303-AP605-01412,,AP605,target_sell,sell,10387.0,1,413,cancel_requested,opposite_target_fill,FLAT_QUOTING
20260303,61888000,14:11:28.000,20260303-AP605-01412,,AP605,target_sell,sell,10387.0,1,413,cancel_ack,opposite_target_fill,LONG_PENDING_HEDGE
20260303,61888000,14:11:28.000,20260303-AP605-01413,20260303-AP605-0197,AP604,hedge_entry,sell,,1,413,submit,,LONG_PENDING_HEDGE
20260303,61888000,14:11:28.000,20260303-AP605-01413,20260303-AP605-0197,AP604,hedge_entry,sell,9978.0,1,413,fill,quote_key=61888000,LONG_PENDING_HEDGE
20260303,61889000,14:11:29.000,20260303-AP605-01414,20260303-AP605-0197,AP605,target_exit,sell,,1,413,submit,,FLATTENING
20260303,61889000,14:11:29.000,20260303-AP605-01414,20260303-AP605-0197,AP605,target_exit,sell,10308.0,1,413,fill,,FLATTENING
20260303,61889000,14:11:29.000,20260303-AP605-01415,20260303-AP605-0197,AP604,hedge_exit,buy,,1,413,submit,,FLATTENING
20260303,61889000,14:11:29.000,20260303-AP605-01415,20260303-AP605-0197,AP604,hedge_exit,buy,10005.0,1,413,fill,quote_key=61888000,FLATTENING
20260303,61918000,14:11:58.000,20260303-AP605-01416,,AP605,target_buy,buy,10207.0,1,414,submit,initial_quote,FLAT_QUOTING
20260303,61918000,14:11:58.000,20260303-AP605-01417,,AP605,target_sell,sell,10377.0,1,414,submit,initial_quote,FLAT_QUOTING
20260303,61919000,14:11:59.000,20260303-AP605-01416,,AP605,target_buy,buy,10207.0,1,414,ack,,FLAT_QUOTING
20260303,61919000,14:11:59.000,20260303-AP605-01417,,AP605,target_sell,sell,10377.0,1,414,ack,,FLAT_QUOTING
20260303,61919000,14:11:59.000,20260303-AP605-01416,,AP605,target_buy,buy,10207.0,1,414,fill,interval_vwap,FLAT_QUOTING
20260303,61919000,14:11:59.000,20260303-AP605-01417,,AP605,target_sell,sell,10377.0,1,414,cancel_requested,opposite_target_fill,FLAT_QUOTING
20260303,61920000,14:12:00.000,20260303-AP605-01417,,AP605,target_sell,sell,10377.0,1,414,cancel_ack,opposite_target_fill,LONG_PENDING_HEDGE
20260303,61920000,14:12:00.000,20260303-AP605-01418,20260303-AP605-0198,AP604,hedge_entry,sell,,1,414,submit,,LONG_PENDING_HEDGE
20260303,61920000,14:12:00.000,20260303-AP605-01418,20260303-AP605-0198,AP604,hedge_entry,sell,9966.0,1,414,fill,quote_key=61920000,LONG_PENDING_HEDGE
20260303,61921000,14:12:01.000,20260303-AP605-01419,20260303-AP605-0198,AP605,target_exit,sell,,1,414,submit,,FLATTENING
20260303,61921000,14:12:01.000,20260303-AP605-01419,20260303-AP605-0198,AP605,target_exit,sell,10303.0,1,414,fill,,FLATTENING
20260303,61921000,14:12:01.000,20260303-AP605-01420,20260303-AP605-0198,AP604,hedge_exit,buy,,1,414,submit,,FLATTENING
20260303,61921000,14:12:01.000,20260303-AP605-01420,20260303-AP605-0198,AP604,hedge_exit,buy,9970.0,1,414,fill,quote_key=61921000,FLATTENING
20260303,61923000,14:12:03.000,20260303-AP605-01421,,AP605,target_buy,buy,10196.0,1,415,submit,initial_quote,FLAT_QUOTING
20260303,61923000,14:12:03.000,20260303-AP605-01422,,AP605,target_sell,sell,10366.0,1,415,submit,initial_quote,FLAT_QUOTING
20260303,61924000,14:12:04.000,20260303-AP605-01421,,AP605,target_buy,buy,10196.0,1,415,ack,,FLAT_QUOTING
20260303,61924000,14:12:04.000,20260303-AP605-01422,,AP605,target_sell,sell,10366.0,1,415,ack,,FLAT_QUOTING
20260303,61924000,14:12:04.000,20260303-AP605-01421,,AP605,target_buy,buy,10196.0,1,415,fill,interval_vwap,FLAT_QUOTING
20260303,61924000,14:12:04.000,20260303-AP605-01422,,AP605,target_sell,sell,10366.0,1,415,cancel_requested,opposite_target_fill,FLAT_QUOTING
20260303,61925000,14:12:05.000,20260303-AP605-01422,,AP605,target_sell,sell,10366.0,1,415,cancel_ack,opposite_target_fill,LONG_PENDING_HEDGE
20260303,61925000,14:12:05.000,20260303-AP605-01423,20260303-AP605-0199,AP604,hedge_entry,sell,,1,415,submit,,LONG_PENDING_HEDGE
20260303,61925000,14:12:05.000,20260303-AP605-01423,20260303-AP605-0199,AP604,hedge_entry,sell,9957.0,1,415,fill,quote_key=61925000,LONG_PENDING_HEDGE
20260303,61926000,14:12:06.000,20260303-AP605-01424,20260303-AP605-0199,AP605,target_exit,sell,,1,415,submit,,FLATTENING
20260303,61926000,14:12:06.000,20260303-AP605-01424,20260303-AP605-0199,AP605,target_exit,sell,10298.0,1,415,fill,,FLATTENING
20260303,61926000,14:12:06.000,20260303-AP605-01425,20260303-AP605-0199,AP604,hedge_exit,buy,,1,415,submit,,FLATTENING
20260303,61926000,14:12:06.000,20260303-AP605-01425,20260303-AP605-0199,AP604,hedge_exit,buy,9967.0,1,415,fill,quote_key=61926000,FLATTENING
20260303,61940000,14:12:20.000,20260303-AP605-01426,,AP605,target_buy,buy,10196.0,1,416,submit,initial_quote,FLAT_QUOTING
20260303,61940000,14:12:20.000,20260303-AP605-01427,,AP605,target_sell,sell,10366.0,1,416,submit,initial_quote,FLAT_QUOTING
20260303,61941000,14:12:21.000,20260303-AP605-01426,,AP605,target_buy,buy,10196.0,1,416,ack,,FLAT_QUOTING
20260303,61941000,14:12:21.000,20260303-AP605-01427,,AP605,target_sell,sell,10366.0,1,416,ack,,FLAT_QUOTING
20260303,61941000,14:12:21.000,20260303-AP605-01426,,AP605,target_buy,buy,10196.0,1,416,fill,interval_vwap,FLAT_QUOTING
20260303,61941000,14:12:21.000,20260303-AP605-01427,,AP605,target_sell,sell,10366.0,1,416,cancel_requested,opposite_target_fill,FLAT_QUOTING
20260303,61942000,14:12:22.000,20260303-AP605-01427,,AP605,target_sell,sell,10366.0,1,416,cancel_ack,opposite_target_fill,LONG_PENDING_HEDGE
20260303,61942000,14:12:22.000,20260303-AP605-01428,20260303-AP605-0200,AP604,hedge_entry,sell,,1,416,submit,,LONG_PENDING_HEDGE
20260303,61942000,14:12:22.000,20260303-AP605-01428,20260303-AP605-0200,AP604,hedge_entry,sell,9963.0,1,416,fill,quote_key=61942000,LONG_PENDING_HEDGE
20260303,61943000,14:12:23.000,20260303-AP605-01429,20260303-AP605-0200,AP605,target_exit,sell,,1,416,submit,,FLATTENING
20260303,61943000,14:12:23.000,20260303-AP605-01429,20260303-AP605-0200,AP605,target_exit,sell,10302.0,1,416,fill,,FLATTENING
20260303,61943000,14:12:23.000,20260303-AP605-01430,20260303-AP605-0200,AP604,hedge_exit,buy,,1,416,submit,,FLATTENING
20260303,61943000,14:12:23.000,20260303-AP605-01430,20260303-AP605-0200,AP604,hedge_exit,buy,9967.0,1,416,fill,quote_key=61943000,FLATTENING
20260303,61949000,14:12:29.000,20260303-AP605-01431,,AP605,target_buy,buy,10205.0,1,417,submit,initial_quote,FLAT_QUOTING
20260303,61949000,14:12:29.000,20260303-AP605-01432,,AP605,target_sell,sell,10375.0,1,417,submit,initial_quote,FLAT_QUOTING
20260303,61950000,14:12:30.000,20260303-AP605-01431,,AP605,target_buy,buy,10205.0,1,417,ack,,FLAT_QUOTING
20260303,61950000,14:12:30.000,20260303-AP605-01432,,AP605,target_sell,sell,10375.0,1,417,ack,,FLAT_QUOTING
20260303,61950000,14:12:30.000,20260303-AP605-01431,,AP605,target_buy,buy,10205.0,1,417,fill,interval_vwap,FLAT_QUOTING
20260303,61950000,14:12:30.000,20260303-AP605-01432,,AP605,target_sell,sell,10375.0,1,417,cancel_requested,opposite_target_fill,FLAT_QUOTING
20260303,61951000,14:12:31.000,20260303-AP605-01432,,AP605,target_sell,sell,10375.0,1,417,cancel_ack,opposite_target_fill,LONG_PENDING_HEDGE
20260303,61951000,14:12:31.000,20260303-AP605-01433,20260303-AP605-0201,AP604,hedge_entry,sell,,1,417,submit,,LONG_PENDING_HEDGE
20260303,61951000,14:12:31.000,20260303-AP605-01433,20260303-AP605-0201,AP604,hedge_entry,sell,9959.0,1,417,fill,quote_key=61951000,LONG_PENDING_HEDGE
20260303,61952000,14:12:32.000,20260303-AP605-01434,20260303-AP605-0201,AP605,target_exit,sell,,1,417,submit,,FLATTENING
20260303,61952000,14:12:32.000,20260303-AP605-01434,20260303-AP605-0201,AP605,target_exit,sell,10300.0,1,417,fill,,FLATTENING
20260303,61952000,14:12:32.000,20260303-AP605-01435,20260303-AP605-0201,AP604,hedge_exit,buy,,1,417,submit,,FLATTENING
20260303,61952000,14:12:32.000,20260303-AP605-01435,20260303-AP605-0201,AP604,hedge_exit,buy,9993.0,1,417,fill,quote_key=61952000,FLATTENING
20260303,61981000,14:13:01.000,20260303-AP605-01436,,AP605,target_buy,buy,10196.0,1,418,submit,initial_quote,FLAT_QUOTING
20260303,61981000,14:13:01.000,20260303-AP605-01437,,AP605,target_sell,sell,10366.0,1,418,submit,initial_quote,FLAT_QUOTING
20260303,61982000,14:13:02.000,20260303-AP605-01436,,AP605,target_buy,buy,10196.0,1,418,ack,,FLAT_QUOTING
20260303,61982000,14:13:02.000,20260303-AP605-01437,,AP605,target_sell,sell,10366.0,1,418,ack,,FLAT_QUOTING
20260303,61982000,14:13:02.000,20260303-AP605-01436,,AP605,target_buy,buy,10196.0,1,418,fill,interval_vwap,FLAT_QUOTING
20260303,61982000,14:13:02.000,20260303-AP605-01437,,AP605,target_sell,sell,10366.0,1,418,cancel_requested,opposite_target_fill,FLAT_QUOTING
20260303,61983000,14:13:03.000,20260303-AP605-01437,,AP605,target_sell,sell,10366.0,1,418,cancel_ack,opposite_target_fill,LONG_PENDING_HEDGE
20260303,61983000,14:13:03.000,20260303-AP605-01438,20260303-AP605-0202,AP604,hedge_entry,sell,,1,418,submit,,LONG_PENDING_HEDGE
20260303,61983000,14:13:03.000,20260303-AP605-01438,20260303-AP605-0202,AP604,hedge_entry,sell,9937.0,1,418,fill,quote_key=61983000,LONG_PENDING_HEDGE
20260303,61984000,14:13:04.000,20260303-AP605-01439,20260303-AP605-0202,AP605,target_exit,sell,,1,418,submit,,FLATTENING
20260303,61984000,14:13:04.000,20260303-AP605-01439,20260303-AP605-0202,AP605,target_exit,sell,10270.0,1,418,fill,,FLATTENING
20260303,61984000,14:13:04.000,20260303-AP605-01440,20260303-AP605-0202,AP604,hedge_exit,buy,,1,418,submit,,FLATTENING
20260303,61984000,14:13:04.000,20260303-AP605-01440,20260303-AP605-0202,AP604,hedge_exit,buy,9963.0,1,418,fill,quote_key=61984000,FLATTENING
20260303,62000000,14:13:20.000,20260303-AP605-01441,,AP605,target_buy,buy,10180.0,1,419,submit,initial_quote,FLAT_QUOTING
20260303,62000000,14:13:20.000,20260303-AP605-01442,,AP605,target_sell,sell,10350.0,1,419,submit,initial_quote,FLAT_QUOTING
20260303,62001000,14:13:21.000,20260303-AP605-01441,,AP605,target_buy,buy,10180.0,1,419,ack,,FLAT_QUOTING
20260303,62001000,14:13:21.000,20260303-AP605-01442,,AP605,target_sell,sell,10350.0,1,419,ack,,FLAT_QUOTING
20260303,62001000,14:13:21.000,20260303-AP605-01441,,AP605,target_buy,buy,10180.0,1,419,fill,interval_vwap,FLAT_QUOTING
20260303,62001000,14:13:21.000,20260303-AP605-01442,,AP605,target_sell,sell,10350.0,1,419,cancel_requested,opposite_target_fill,FLAT_QUOTING
20260303,62002000,14:13:22.000,20260303-AP605-01442,,AP605,target_sell,sell,10350.0,1,419,cancel_ack,opposite_target_fill,LONG_PENDING_HEDGE
20260303,62002000,14:13:22.000,20260303-AP605-01443,20260303-AP605-0203,AP604,hedge_entry,sell,,1,419,submit,,LONG_PENDING_HEDGE
20260303,62002000,14:13:22.000,20260303-AP605-01443,20260303-AP605-0203,AP604,hedge_entry,sell,9921.0,1,419,fill,quote_key=62002000,LONG_PENDING_HEDGE
20260303,62003000,14:13:23.000,20260303-AP605-01444,20260303-AP605-0203,AP605,target_exit,sell,,1,419,submit,,FLATTENING
20260303,62003000,14:13:23.000,20260303-AP605-01444,20260303-AP605-0203,AP605,target_exit,sell,10266.0,1,419,fill,,FLATTENING
20260303,62003000,14:13:23.000,20260303-AP605-01445,20260303-AP605-0203,AP604,hedge_exit,buy,,1,419,submit,,FLATTENING
20260303,62003000,14:13:23.000,20260303-AP605-01445,20260303-AP605-0203,AP604,hedge_exit,buy,9958.0,1,419,fill,quote_key=62003000,FLATTENING
20260303,62019000,14:13:39.000,20260303-AP605-01446,,AP605,target_buy,buy,10177.0,1,420,submit,initial_quote,FLAT_QUOTING
20260303,62019000,14:13:39.000,20260303-AP605-01447,,AP605,target_sell,sell,10347.0,1,420,submit,initial_quote,FLAT_QUOTING
20260303,62020000,14:13:40.000,20260303-AP605-01446,,AP605,target_buy,buy,10177.0,1,420,ack,,FLAT_QUOTING
20260303,62020000,14:13:40.000,20260303-AP605-01447,,AP605,target_sell,sell,10347.0,1,420,ack,,FLAT_QUOTING
20260303,62020000,14:13:40.000,20260303-AP605-01446,,AP605,target_buy,buy,10177.0,1,420,fill,interval_vwap,FLAT_QUOTING
20260303,62020000,14:13:40.000,20260303-AP605-01447,,AP605,target_sell,sell,10347.0,1,420,cancel_requested,opposite_target_fill,FLAT_QUOTING
20260303,62021000,14:13:41.000,20260303-AP605-01447,,AP605,target_sell,sell,10347.0,1,420,cancel_ack,opposite_target_fill,LONG_PENDING_HEDGE
20260303,62021000,14:13:41.000,20260303-AP605-01448,20260303-AP605-0204,AP604,hedge_entry,sell,,1,420,submit,,LONG_PENDING_HEDGE
20260303,62021000,14:13:41.000,20260303-AP605-01448,20260303-AP605-0204,AP604,hedge_entry,sell,9921.0,1,420,fill,quote_key=62021000,LONG_PENDING_HEDGE
20260303,62022000,14:13:42.000,20260303-AP605-01449,20260303-AP605-0204,AP605,target_exit,sell,,1,420,submit,,FLATTENING
20260303,62022000,14:13:42.000,20260303-AP605-01449,20260303-AP605-0204,AP605,target_exit,sell,10262.0,1,420,fill,,FLATTENING
20260303,62022000,14:13:42.000,20260303-AP605-01450,20260303-AP605-0204,AP604,hedge_exit,buy,,1,420,submit,,FLATTENING
20260303,62022000,14:13:42.000,20260303-AP605-01450,20260303-AP605-0204,AP604,hedge_exit,buy,9953.0,1,420,fill,quote_key=62022000,FLATTENING
20260303,62041000,14:14:01.000,20260303-AP605-01451,,AP605,target_buy,buy,10175.0,1,421,submit,initial_quote,FLAT_QUOTING
20260303,62041000,14:14:01.000,20260303-AP605-01452,,AP605,target_sell,sell,10345.0,1,421,submit,initial_quote,FLAT_QUOTING
20260303,62042000,14:14:02.000,20260303-AP605-01451,,AP605,target_buy,buy,10175.0,1,421,ack,,FLAT_QUOTING
20260303,62042000,14:14:02.000,20260303-AP605-01452,,AP605,target_sell,sell,10345.0,1,421,ack,,FLAT_QUOTING
20260303,62042000,14:14:02.000,20260303-AP605-01451,,AP605,target_buy,buy,10175.0,1,421,fill,interval_vwap,FLAT_QUOTING
20260303,62042000,14:14:02.000,20260303-AP605-01452,,AP605,target_sell,sell,10345.0,1,421,cancel_requested,opposite_target_fill,FLAT_QUOTING
20260303,62043000,14:14:03.000,20260303-AP605-01452,,AP605,target_sell,sell,10345.0,1,421,cancel_ack,opposite_target_fill,LONG_PENDING_HEDGE
20260303,62043000,14:14:03.000,20260303-AP605-01453,20260303-AP605-0205,AP604,hedge_entry,sell,,1,421,submit,,LONG_PENDING_HEDGE
20260303,62043000,14:14:03.000,20260303-AP605-01453,20260303-AP605-0205,AP604,hedge_entry,sell,9923.0,1,421,fill,quote_key=62043000,LONG_PENDING_HEDGE
20260303,62044000,14:14:04.000,20260303-AP605-01454,20260303-AP605-0205,AP605,target_exit,sell,,1,421,submit,,FLATTENING
20260303,62044000,14:14:04.000,20260303-AP605-01454,20260303-AP605-0205,AP605,target_exit,sell,10270.0,1,421,fill,,FLATTENING
20260303,62044000,14:14:04.000,20260303-AP605-01455,20260303-AP605-0205,AP604,hedge_exit,buy,,1,421,submit,,FLATTENING
20260303,62044000,14:14:04.000,20260303-AP605-01455,20260303-AP605-0205,AP604,hedge_exit,buy,9945.0,1,421,fill,quote_key=62044000,FLATTENING
20260303,62046000,14:14:06.000,20260303-AP605-01456,,AP605,target_buy,buy,10170.0,1,422,submit,initial_quote,FLAT_QUOTING
20260303,62046000,14:14:06.000,20260303-AP605-01457,,AP605,target_sell,sell,10340.0,1,422,submit,initial_quote,FLAT_QUOTING
20260303,62047000,14:14:07.000,20260303-AP605-01456,,AP605,target_buy,buy,10170.0,1,422,ack,,FLAT_QUOTING
20260303,62047000,14:14:07.000,20260303-AP605-01457,,AP605,target_sell,sell,10340.0,1,422,ack,,FLAT_QUOTING
20260303,62071000,14:14:31.000,20260303-AP605-01456,,AP605,target_buy,buy,10170.0,1,422,cancel_requested,fair_invalid_or_session_guard,PAUSED
20260303,62071000,14:14:31.000,20260303-AP605-01457,,AP605,target_sell,sell,10340.0,1,422,cancel_requested,fair_invalid_or_session_guard,PAUSED
20260303,62072000,14:14:32.000,20260303-AP605-01456,,AP605,target_buy,buy,10170.0,1,422,cancel_ack,fair_invalid_or_session_guard,PAUSED
20260303,62072000,14:14:32.000,20260303-AP605-01457,,AP605,target_sell,sell,10340.0,1,422,cancel_ack,fair_invalid_or_session_guard,PAUSED
20260303,62074000,14:14:34.000,20260303-AP605-01458,,AP605,target_buy,buy,10159.0,1,423,submit,initial_quote,FLAT_QUOTING
20260303,62074000,14:14:34.000,20260303-AP605-01459,,AP605,target_sell,sell,10329.0,1,423,submit,initial_quote,FLAT_QUOTING
20260303,62075000,14:14:35.000,20260303-AP605-01458,,AP605,target_buy,buy,10159.0,1,423,ack,,FLAT_QUOTING
20260303,62075000,14:14:35.000,20260303-AP605-01459,,AP605,target_sell,sell,10329.0,1,423,ack,,FLAT_QUOTING
20260303,62162000,14:16:02.000,20260303-AP605-01458,,AP605,target_buy,buy,10159.0,1,423,cancel_requested,fair_invalid_or_session_guard,PAUSED
20260303,62162000,14:16:02.000,20260303-AP605-01459,,AP605,target_sell,sell,10329.0,1,423,cancel_requested,fair_invalid_or_session_guard,PAUSED
20260303,62163000,14:16:03.000,20260303-AP605-01458,,AP605,target_buy,buy,10159.0,1,423,cancel_ack,fair_invalid_or_session_guard,PAUSED
20260303,62163000,14:16:03.000,20260303-AP605-01459,,AP605,target_sell,sell,10329.0,1,423,cancel_ack,fair_invalid_or_session_guard,PAUSED
20260303,62166000,14:16:06.000,20260303-AP605-01460,,AP605,target_buy,buy,10175.0,1,424,submit,initial_quote,FLAT_QUOTING
20260303,62166000,14:16:06.000,20260303-AP605-01461,,AP605,target_sell,sell,10345.0,1,424,submit,initial_quote,FLAT_QUOTING
20260303,62167000,14:16:07.000,20260303-AP605-01460,,AP605,target_buy,buy,10175.0,1,424,ack,,FLAT_QUOTING
20260303,62167000,14:16:07.000,20260303-AP605-01461,,AP605,target_sell,sell,10345.0,1,424,ack,,FLAT_QUOTING
20260303,62168000,14:16:08.000,20260303-AP605-01460,,AP605,target_buy,buy,10175.0,1,424,cancel_requested,fair_invalid_or_session_guard,PAUSED
20260303,62168000,14:16:08.000,20260303-AP605-01461,,AP605,target_sell,sell,10345.0,1,424,cancel_requested,fair_invalid_or_session_guard,PAUSED
20260303,62169000,14:16:09.000,20260303-AP605-01460,,AP605,target_buy,buy,10175.0,1,424,cancel_ack,fair_invalid_or_session_guard,PAUSED
20260303,62169000,14:16:09.000,20260303-AP605-01461,,AP605,target_sell,sell,10345.0,1,424,cancel_ack,fair_invalid_or_session_guard,PAUSED
20260303,62170000,14:16:10.000,20260303-AP605-01462,,AP605,target_buy,buy,10171.0,1,425,submit,initial_quote,FLAT_QUOTING
20260303,62170000,14:16:10.000,20260303-AP605-01463,,AP605,target_sell,sell,10341.0,1,425,submit,initial_quote,FLAT_QUOTING
20260303,62171000,14:16:11.000,20260303-AP605-01462,,AP605,target_buy,buy,10171.0,1,425,ack,,FLAT_QUOTING
20260303,62171000,14:16:11.000,20260303-AP605-01463,,AP605,target_sell,sell,10341.0,1,425,ack,,FLAT_QUOTING
20260303,62172000,14:16:12.000,20260303-AP605-01462,,AP605,target_buy,buy,10171.0,1,425,cancel_requested,fair_invalid_or_session_guard,PAUSED
20260303,62172000,14:16:12.000,20260303-AP605-01463,,AP605,target_sell,sell,10341.0,1,425,cancel_requested,fair_invalid_or_session_guard,PAUSED
20260303,62173000,14:16:13.000,20260303-AP605-01462,,AP605,target_buy,buy,10171.0,1,425,cancel_ack,fair_invalid_or_session_guard,PAUSED
20260303,62173000,14:16:13.000,20260303-AP605-01463,,AP605,target_sell,sell,10341.0,1,425,cancel_ack,fair_invalid_or_session_guard,PAUSED
20260303,62180000,14:16:20.000,20260303-AP605-01464,,AP605,target_buy,buy,10166.0,1,426,submit,initial_quote,FLAT_QUOTING
20260303,62180000,14:16:20.000,20260303-AP605-01465,,AP605,target_sell,sell,10336.0,1,426,submit,initial_quote,FLAT_QUOTING
20260303,62181000,14:16:21.000,20260303-AP605-01464,,AP605,target_buy,buy,10166.0,1,426,ack,,FLAT_QUOTING
20260303,62181000,14:16:21.000,20260303-AP605-01465,,AP605,target_sell,sell,10336.0,1,426,ack,,FLAT_QUOTING
20260303,62193000,14:16:33.000,20260303-AP605-01464,,AP605,target_buy,buy,10166.0,1,426,cancel_requested,fair_invalid_or_session_guard,PAUSED
20260303,62193000,14:16:33.000,20260303-AP605-01465,,AP605,target_sell,sell,10336.0,1,426,cancel_requested,fair_invalid_or_session_guard,PAUSED
20260303,62194000,14:16:34.000,20260303-AP605-01464,,AP605,target_buy,buy,10166.0,1,426,cancel_ack,fair_invalid_or_session_guard,PAUSED
20260303,62194000,14:16:34.000,20260303-AP605-01465,,AP605,target_sell,sell,10336.0,1,426,cancel_ack,fair_invalid_or_session_guard,PAUSED
20260303,62223000,14:17:03.000,20260303-AP605-01466,,AP605,target_buy,buy,10169.0,1,427,submit,initial_quote,FLAT_QUOTING
20260303,62223000,14:17:03.000,20260303-AP605-01467,,AP605,target_sell,sell,10339.0,1,427,submit,initial_quote,FLAT_QUOTING
20260303,62224000,14:17:04.000,20260303-AP605-01466,,AP605,target_buy,buy,10169.0,1,427,ack,,FLAT_QUOTING
20260303,62224000,14:17:04.000,20260303-AP605-01467,,AP605,target_sell,sell,10339.0,1,427,ack,,FLAT_QUOTING
20260303,62257000,14:17:37.000,20260303-AP605-01466,,AP605,target_buy,buy,10169.0,1,427,cancel_requested,fair_invalid_or_session_guard,PAUSED
20260303,62257000,14:17:37.000,20260303-AP605-01467,,AP605,target_sell,sell,10339.0,1,427,cancel_requested,fair_invalid_or_session_guard,PAUSED
20260303,62258000,14:17:38.000,20260303-AP605-01466,,AP605,target_buy,buy,10169.0,1,427,cancel_ack,fair_invalid_or_session_guard,PAUSED
20260303,62258000,14:17:38.000,20260303-AP605-01467,,AP605,target_sell,sell,10339.0,1,427,cancel_ack,fair_invalid_or_session_guard,PAUSED
20260303,62261000,14:17:41.000,20260303-AP605-01468,,AP605,target_buy,buy,10159.0,1,428,submit,initial_quote,FLAT_QUOTING
20260303,62261000,14:17:41.000,20260303-AP605-01469,,AP605,target_sell,sell,10329.0,1,428,submit,initial_quote,FLAT_QUOTING
20260303,62262000,14:17:42.000,20260303-AP605-01468,,AP605,target_buy,buy,10159.0,1,428,ack,,FLAT_QUOTING
20260303,62262000,14:17:42.000,20260303-AP605-01469,,AP605,target_sell,sell,10329.0,1,428,ack,,FLAT_QUOTING
20260303,62268000,14:17:48.000,20260303-AP605-01468,,AP605,target_buy,buy,10159.0,1,428,cancel_requested,fair_invalid_or_session_guard,PAUSED
20260303,62268000,14:17:48.000,20260303-AP605-01469,,AP605,target_sell,sell,10329.0,1,428,cancel_requested,fair_invalid_or_session_guard,PAUSED
20260303,62269000,14:17:49.000,20260303-AP605-01468,,AP605,target_buy,buy,10159.0,1,428,cancel_ack,fair_invalid_or_session_guard,PAUSED
20260303,62269000,14:17:49.000,20260303-AP605-01469,,AP605,target_sell,sell,10329.0,1,428,cancel_ack,fair_invalid_or_session_guard,PAUSED
20260303,62270000,14:17:50.000,20260303-AP605-01470,,AP605,target_buy,buy,10153.0,1,429,submit,initial_quote,FLAT_QUOTING
20260303,62270000,14:17:50.000,20260303-AP605-01471,,AP605,target_sell,sell,10323.0,1,429,submit,initial_quote,FLAT_QUOTING
20260303,62271000,14:17:51.000,20260303-AP605-01470,,AP605,target_buy,buy,10153.0,1,429,ack,,FLAT_QUOTING
20260303,62271000,14:17:51.000,20260303-AP605-01471,,AP605,target_sell,sell,10323.0,1,429,ack,,FLAT_QUOTING
20260303,62342000,14:19:02.000,20260303-AP605-01470,,AP605,target_buy,buy,10153.0,1,429,cancel_requested,fair_invalid_or_session_guard,PAUSED
20260303,62342000,14:19:02.000,20260303-AP605-01471,,AP605,target_sell,sell,10323.0,1,429,cancel_requested,fair_invalid_or_session_guard,PAUSED
20260303,62343000,14:19:03.000,20260303-AP605-01470,,AP605,target_buy,buy,10153.0,1,429,cancel_ack,fair_invalid_or_session_guard,PAUSED
20260303,62343000,14:19:03.000,20260303-AP605-01471,,AP605,target_sell,sell,10323.0,1,429,cancel_ack,fair_invalid_or_session_guard,PAUSED
20260303,62344000,14:19:04.000,20260303-AP605-01472,,AP605,target_buy,buy,10162.0,1,430,submit,initial_quote,FLAT_QUOTING
20260303,62344000,14:19:04.000,20260303-AP605-01473,,AP605,target_sell,sell,10332.0,1,430,submit,initial_quote,FLAT_QUOTING
20260303,62345000,14:19:05.000,20260303-AP605-01472,,AP605,target_buy,buy,10162.0,1,430,ack,,FLAT_QUOTING
20260303,62345000,14:19:05.000,20260303-AP605-01473,,AP605,target_sell,sell,10332.0,1,430,ack,,FLAT_QUOTING
20260303,62373000,14:19:33.000,20260303-AP605-01472,,AP605,target_buy,buy,10162.0,1,430,cancel_requested,fair_invalid_or_session_guard,PAUSED
20260303,62373000,14:19:33.000,20260303-AP605-01473,,AP605,target_sell,sell,10332.0,1,430,cancel_requested,fair_invalid_or_session_guard,PAUSED
20260303,62374000,14:19:34.000,20260303-AP605-01472,,AP605,target_buy,buy,10162.0,1,430,cancel_ack,fair_invalid_or_session_guard,PAUSED
20260303,62374000,14:19:34.000,20260303-AP605-01473,,AP605,target_sell,sell,10332.0,1,430,cancel_ack,fair_invalid_or_session_guard,PAUSED
20260303,62380000,14:19:40.000,20260303-AP605-01474,,AP605,target_buy,buy,10145.0,1,431,submit,initial_quote,FLAT_QUOTING
20260303,62380000,14:19:40.000,20260303-AP605-01475,,AP605,target_sell,sell,10315.0,1,431,submit,initial_quote,FLAT_QUOTING
20260303,62381000,14:19:41.000,20260303-AP605-01474,,AP605,target_buy,buy,10145.0,1,431,ack,,FLAT_QUOTING
20260303,62381000,14:19:41.000,20260303-AP605-01475,,AP605,target_sell,sell,10315.0,1,431,ack,,FLAT_QUOTING
20260303,62386000,14:19:46.000,20260303-AP605-01474,,AP605,target_buy,buy,10145.0,1,431,cancel_requested,fair_invalid_or_session_guard,PAUSED
20260303,62386000,14:19:46.000,20260303-AP605-01475,,AP605,target_sell,sell,10315.0,1,431,cancel_requested,fair_invalid_or_session_guard,PAUSED
20260303,62387000,14:19:47.000,20260303-AP605-01474,,AP605,target_buy,buy,10145.0,1,431,cancel_ack,fair_invalid_or_session_guard,PAUSED
20260303,62387000,14:19:47.000,20260303-AP605-01475,,AP605,target_sell,sell,10315.0,1,431,cancel_ack,fair_invalid_or_session_guard,PAUSED
20260303,62904000,14:28:24.000,20260303-AP605-01476,,AP605,target_buy,buy,10102.0,1,432,submit,initial_quote,FLAT_QUOTING
20260303,62904000,14:28:24.000,20260303-AP605-01477,,AP605,target_sell,sell,10272.0,1,432,submit,initial_quote,FLAT_QUOTING
20260303,62905000,14:28:25.000,20260303-AP605-01476,,AP605,target_buy,buy,10102.0,1,432,ack,,FLAT_QUOTING
20260303,62905000,14:28:25.000,20260303-AP605-01477,,AP605,target_sell,sell,10272.0,1,432,ack,,FLAT_QUOTING
20260303,62921000,14:28:41.000,20260303-AP605-01476,,AP605,target_buy,buy,10102.0,1,432,cancel_requested,fair_invalid_or_session_guard,PAUSED
20260303,62921000,14:28:41.000,20260303-AP605-01477,,AP605,target_sell,sell,10272.0,1,432,cancel_requested,fair_invalid_or_session_guard,PAUSED
20260303,62922000,14:28:42.000,20260303-AP605-01476,,AP605,target_buy,buy,10102.0,1,432,cancel_ack,fair_invalid_or_session_guard,PAUSED
20260303,62922000,14:28:42.000,20260303-AP605-01477,,AP605,target_sell,sell,10272.0,1,432,cancel_ack,fair_invalid_or_session_guard,PAUSED
20260303,62923000,14:28:43.000,20260303-AP605-01478,,AP605,target_buy,buy,10120.0,1,433,submit,initial_quote,FLAT_QUOTING
20260303,62923000,14:28:43.000,20260303-AP605-01479,,AP605,target_sell,sell,10290.0,1,433,submit,initial_quote,FLAT_QUOTING
20260303,62924000,14:28:44.000,20260303-AP605-01478,,AP605,target_buy,buy,10120.0,1,433,ack,,FLAT_QUOTING
20260303,62924000,14:28:44.000,20260303-AP605-01479,,AP605,target_sell,sell,10290.0,1,433,ack,,FLAT_QUOTING
20260303,62956000,14:29:16.000,20260303-AP605-01478,,AP605,target_buy,buy,10120.0,1,433,cancel_requested,fair_invalid_or_session_guard,PAUSED
20260303,62956000,14:29:16.000,20260303-AP605-01479,,AP605,target_sell,sell,10290.0,1,433,cancel_requested,fair_invalid_or_session_guard,PAUSED
20260303,62957000,14:29:17.000,20260303-AP605-01478,,AP605,target_buy,buy,10120.0,1,433,cancel_ack,fair_invalid_or_session_guard,PAUSED
20260303,62957000,14:29:17.000,20260303-AP605-01479,,AP605,target_sell,sell,10290.0,1,433,cancel_ack,fair_invalid_or_session_guard,PAUSED
20260303,62958000,14:29:18.000,20260303-AP605-01480,,AP605,target_buy,buy,10125.0,1,434,submit,initial_quote,FLAT_QUOTING
20260303,62958000,14:29:18.000,20260303-AP605-01481,,AP605,target_sell,sell,10295.0,1,434,submit,initial_quote,FLAT_QUOTING
20260303,62959000,14:29:19.000,20260303-AP605-01480,,AP605,target_buy,buy,10125.0,1,434,ack,,FLAT_QUOTING
20260303,62959000,14:29:19.000,20260303-AP605-01481,,AP605,target_sell,sell,10295.0,1,434,ack,,FLAT_QUOTING
20260303,63006000,14:30:06.000,20260303-AP605-01480,,AP605,target_buy,buy,10125.0,1,434,cancel_requested,fair_invalid_or_session_guard,PAUSED
20260303,63006000,14:30:06.000,20260303-AP605-01481,,AP605,target_sell,sell,10295.0,1,434,cancel_requested,fair_invalid_or_session_guard,PAUSED
20260303,63007000,14:30:07.000,20260303-AP605-01480,,AP605,target_buy,buy,10125.0,1,434,cancel_ack,fair_invalid_or_session_guard,PAUSED
20260303,63007000,14:30:07.000,20260303-AP605-01481,,AP605,target_sell,sell,10295.0,1,434,cancel_ack,fair_invalid_or_session_guard,PAUSED
20260303,63067000,14:31:07.000,20260303-AP605-01482,,AP605,target_buy,buy,10139.0,1,435,submit,initial_quote,FLAT_QUOTING
20260303,63067000,14:31:07.000,20260303-AP605-01483,,AP605,target_sell,sell,10309.0,1,435,submit,initial_quote,FLAT_QUOTING
20260303,63068000,14:31:08.000,20260303-AP605-01482,,AP605,target_buy,buy,10139.0,1,435,ack,,FLAT_QUOTING
20260303,63068000,14:31:08.000,20260303-AP605-01483,,AP605,target_sell,sell,10309.0,1,435,ack,,FLAT_QUOTING
20260303,63110000,14:31:50.000,20260303-AP605-01482,,AP605,target_buy,buy,10139.0,1,435,cancel_requested,fair_invalid_or_session_guard,PAUSED
20260303,63110000,14:31:50.000,20260303-AP605-01483,,AP605,target_sell,sell,10309.0,1,435,cancel_requested,fair_invalid_or_session_guard,PAUSED
20260303,63111000,14:31:51.000,20260303-AP605-01482,,AP605,target_buy,buy,10139.0,1,435,cancel_ack,fair_invalid_or_session_guard,PAUSED
20260303,63111000,14:31:51.000,20260303-AP605-01483,,AP605,target_sell,sell,10309.0,1,435,cancel_ack,fair_invalid_or_session_guard,PAUSED
20260303,63113000,14:31:53.000,20260303-AP605-01484,,AP605,target_buy,buy,10131.0,1,436,submit,initial_quote,FLAT_QUOTING
20260303,63113000,14:31:53.000,20260303-AP605-01485,,AP605,target_sell,sell,10301.0,1,436,submit,initial_quote,FLAT_QUOTING
20260303,63114000,14:31:54.000,20260303-AP605-01484,,AP605,target_buy,buy,10131.0,1,436,ack,,FLAT_QUOTING
20260303,63114000,14:31:54.000,20260303-AP605-01485,,AP605,target_sell,sell,10301.0,1,436,ack,,FLAT_QUOTING
20260303,63120000,14:32:00.000,20260303-AP605-01484,,AP605,target_buy,buy,10131.0,1,436,cancel_requested,fair_invalid_or_session_guard,PAUSED
20260303,63120000,14:32:00.000,20260303-AP605-01485,,AP605,target_sell,sell,10301.0,1,436,cancel_requested,fair_invalid_or_session_guard,PAUSED
20260303,63121000,14:32:01.000,20260303-AP605-01484,,AP605,target_buy,buy,10131.0,1,436,cancel_ack,fair_invalid_or_session_guard,PAUSED
20260303,63121000,14:32:01.000,20260303-AP605-01485,,AP605,target_sell,sell,10301.0,1,436,cancel_ack,fair_invalid_or_session_guard,PAUSED
20260303,63122000,14:32:02.000,20260303-AP605-01486,,AP605,target_buy,buy,10130.0,1,437,submit,initial_quote,FLAT_QUOTING
20260303,63122000,14:32:02.000,20260303-AP605-01487,,AP605,target_sell,sell,10300.0,1,437,submit,initial_quote,FLAT_QUOTING
20260303,63123000,14:32:03.000,20260303-AP605-01486,,AP605,target_buy,buy,10130.0,1,437,ack,,FLAT_QUOTING
20260303,63123000,14:32:03.000,20260303-AP605-01487,,AP605,target_sell,sell,10300.0,1,437,ack,,FLAT_QUOTING
20260303,63144000,14:32:24.000,20260303-AP605-01486,,AP605,target_buy,buy,10130.0,1,437,cancel_requested,fair_invalid_or_session_guard,PAUSED
20260303,63144000,14:32:24.000,20260303-AP605-01487,,AP605,target_sell,sell,10300.0,1,437,cancel_requested,fair_invalid_or_session_guard,PAUSED
20260303,63145000,14:32:25.000,20260303-AP605-01486,,AP605,target_buy,buy,10130.0,1,437,cancel_ack,fair_invalid_or_session_guard,PAUSED
20260303,63145000,14:32:25.000,20260303-AP605-01487,,AP605,target_sell,sell,10300.0,1,437,cancel_ack,fair_invalid_or_session_guard,PAUSED
20260303,63147000,14:32:27.000,20260303-AP605-01488,,AP605,target_buy,buy,10145.0,1,438,submit,initial_quote,FLAT_QUOTING
20260303,63147000,14:32:27.000,20260303-AP605-01489,,AP605,target_sell,sell,10315.0,1,438,submit,initial_quote,FLAT_QUOTING
20260303,63148000,14:32:28.000,20260303-AP605-01488,,AP605,target_buy,buy,10145.0,1,438,ack,,FLAT_QUOTING
20260303,63148000,14:32:28.000,20260303-AP605-01489,,AP605,target_sell,sell,10315.0,1,438,ack,,FLAT_QUOTING
20260303,63161000,14:32:41.000,20260303-AP605-01488,,AP605,target_buy,buy,10145.0,1,438,cancel_requested,fair_invalid_or_session_guard,PAUSED
20260303,63161000,14:32:41.000,20260303-AP605-01489,,AP605,target_sell,sell,10315.0,1,438,cancel_requested,fair_invalid_or_session_guard,PAUSED
20260303,63162000,14:32:42.000,20260303-AP605-01488,,AP605,target_buy,buy,10145.0,1,438,cancel_ack,fair_invalid_or_session_guard,PAUSED
20260303,63162000,14:32:42.000,20260303-AP605-01489,,AP605,target_sell,sell,10315.0,1,438,cancel_ack,fair_invalid_or_session_guard,PAUSED
20260303,63164000,14:32:44.000,20260303-AP605-01490,,AP605,target_buy,buy,10145.0,1,439,submit,initial_quote,FLAT_QUOTING
20260303,63164000,14:32:44.000,20260303-AP605-01491,,AP605,target_sell,sell,10315.0,1,439,submit,initial_quote,FLAT_QUOTING
20260303,63165000,14:32:45.000,20260303-AP605-01490,,AP605,target_buy,buy,10145.0,1,439,ack,,FLAT_QUOTING
20260303,63165000,14:32:45.000,20260303-AP605-01491,,AP605,target_sell,sell,10315.0,1,439,ack,,FLAT_QUOTING
20260303,63172000,14:32:52.000,20260303-AP605-01490,,AP605,target_buy,buy,10145.0,1,439,cancel_requested,fair_invalid_or_session_guard,PAUSED
20260303,63172000,14:32:52.000,20260303-AP605-01491,,AP605,target_sell,sell,10315.0,1,439,cancel_requested,fair_invalid_or_session_guard,PAUSED
20260303,63173000,14:32:53.000,20260303-AP605-01490,,AP605,target_buy,buy,10145.0,1,439,cancel_ack,fair_invalid_or_session_guard,PAUSED
20260303,63173000,14:32:53.000,20260303-AP605-01491,,AP605,target_sell,sell,10315.0,1,439,cancel_ack,fair_invalid_or_session_guard,PAUSED
20260303,63176000,14:32:56.000,20260303-AP605-01492,,AP605,target_buy,buy,10145.0,1,440,submit,initial_quote,FLAT_QUOTING
20260303,63176000,14:32:56.000,20260303-AP605-01493,,AP605,target_sell,sell,10315.0,1,440,submit,initial_quote,FLAT_QUOTING
20260303,63177000,14:32:57.000,20260303-AP605-01492,,AP605,target_buy,buy,10145.0,1,440,ack,,FLAT_QUOTING
20260303,63177000,14:32:57.000,20260303-AP605-01493,,AP605,target_sell,sell,10315.0,1,440,ack,,FLAT_QUOTING
20260303,63192000,14:33:12.000,20260303-AP605-01492,,AP605,target_buy,buy,10145.0,1,440,cancel_requested,fair_invalid_or_session_guard,PAUSED
20260303,63192000,14:33:12.000,20260303-AP605-01493,,AP605,target_sell,sell,10315.0,1,440,cancel_requested,fair_invalid_or_session_guard,PAUSED
20260303,63193000,14:33:13.000,20260303-AP605-01492,,AP605,target_buy,buy,10145.0,1,440,cancel_ack,fair_invalid_or_session_guard,PAUSED
20260303,63193000,14:33:13.000,20260303-AP605-01493,,AP605,target_sell,sell,10315.0,1,440,cancel_ack,fair_invalid_or_session_guard,PAUSED
20260303,63194000,14:33:14.000,20260303-AP605-01494,,AP605,target_buy,buy,10143.0,1,441,submit,initial_quote,FLAT_QUOTING
20260303,63194000,14:33:14.000,20260303-AP605-01495,,AP605,target_sell,sell,10313.0,1,441,submit,initial_quote,FLAT_QUOTING
20260303,63195000,14:33:15.000,20260303-AP605-01494,,AP605,target_buy,buy,10143.0,1,441,ack,,FLAT_QUOTING
20260303,63195000,14:33:15.000,20260303-AP605-01495,,AP605,target_sell,sell,10313.0,1,441,ack,,FLAT_QUOTING
20260303,63211000,14:33:31.000,20260303-AP605-01494,,AP605,target_buy,buy,10143.0,1,441,cancel_requested,fair_invalid_or_session_guard,PAUSED
20260303,63211000,14:33:31.000,20260303-AP605-01495,,AP605,target_sell,sell,10313.0,1,441,cancel_requested,fair_invalid_or_session_guard,PAUSED
20260303,63212000,14:33:32.000,20260303-AP605-01494,,AP605,target_buy,buy,10143.0,1,441,cancel_ack,fair_invalid_or_session_guard,PAUSED
20260303,63212000,14:33:32.000,20260303-AP605-01495,,AP605,target_sell,sell,10313.0,1,441,cancel_ack,fair_invalid_or_session_guard,PAUSED
20260303,63223000,14:33:43.000,20260303-AP605-01496,,AP605,target_buy,buy,10146.0,1,442,submit,initial_quote,FLAT_QUOTING
20260303,63223000,14:33:43.000,20260303-AP605-01497,,AP605,target_sell,sell,10316.0,1,442,submit,initial_quote,FLAT_QUOTING
20260303,63225000,14:33:45.000,20260303-AP605-01496,,AP605,target_buy,buy,10146.0,1,442,ack,,FLAT_QUOTING
20260303,63225000,14:33:45.000,20260303-AP605-01497,,AP605,target_sell,sell,10316.0,1,442,ack,,FLAT_QUOTING
20260303,63251000,14:34:11.000,20260303-AP605-01496,,AP605,target_buy,buy,10146.0,1,442,cancel_requested,fair_invalid_or_session_guard,PAUSED
20260303,63251000,14:34:11.000,20260303-AP605-01497,,AP605,target_sell,sell,10316.0,1,442,cancel_requested,fair_invalid_or_session_guard,PAUSED
20260303,63252000,14:34:12.000,20260303-AP605-01496,,AP605,target_buy,buy,10146.0,1,442,cancel_ack,fair_invalid_or_session_guard,PAUSED
20260303,63252000,14:34:12.000,20260303-AP605-01497,,AP605,target_sell,sell,10316.0,1,442,cancel_ack,fair_invalid_or_session_guard,PAUSED
20260303,63254000,14:34:14.000,20260303-AP605-01498,,AP605,target_buy,buy,10142.0,1,443,submit,initial_quote,FLAT_QUOTING
20260303,63254000,14:34:14.000,20260303-AP605-01499,,AP605,target_sell,sell,10312.0,1,443,submit,initial_quote,FLAT_QUOTING
20260303,63255000,14:34:15.000,20260303-AP605-01498,,AP605,target_buy,buy,10142.0,1,443,ack,,FLAT_QUOTING
20260303,63255000,14:34:15.000,20260303-AP605-01499,,AP605,target_sell,sell,10312.0,1,443,ack,,FLAT_QUOTING
20260303,63258000,14:34:18.000,20260303-AP605-01498,,AP605,target_buy,buy,10142.0,1,443,cancel_requested,fair_invalid_or_session_guard,PAUSED
20260303,63258000,14:34:18.000,20260303-AP605-01499,,AP605,target_sell,sell,10312.0,1,443,cancel_requested,fair_invalid_or_session_guard,PAUSED
20260303,63259000,14:34:19.000,20260303-AP605-01498,,AP605,target_buy,buy,10142.0,1,443,cancel_ack,fair_invalid_or_session_guard,PAUSED
20260303,63259000,14:34:19.000,20260303-AP605-01499,,AP605,target_sell,sell,10312.0,1,443,cancel_ack,fair_invalid_or_session_guard,PAUSED
20260303,63262000,14:34:22.000,20260303-AP605-01500,,AP605,target_buy,buy,10144.0,1,444,submit,initial_quote,FLAT_QUOTING
20260303,63262000,14:34:22.000,20260303-AP605-01501,,AP605,target_sell,sell,10314.0,1,444,submit,initial_quote,FLAT_QUOTING
20260303,63263000,14:34:23.000,20260303-AP605-01500,,AP605,target_buy,buy,10144.0,1,444,ack,,FLAT_QUOTING
20260303,63263000,14:34:23.000,20260303-AP605-01501,,AP605,target_sell,sell,10314.0,1,444,ack,,FLAT_QUOTING
20260303,63296000,14:34:56.000,20260303-AP605-01500,,AP605,target_buy,buy,10144.0,1,444,cancel_requested,fair_invalid_or_session_guard,PAUSED
20260303,63296000,14:34:56.000,20260303-AP605-01501,,AP605,target_sell,sell,10314.0,1,444,cancel_requested,fair_invalid_or_session_guard,PAUSED
20260303,63297000,14:34:57.000,20260303-AP605-01500,,AP605,target_buy,buy,10144.0,1,444,cancel_ack,fair_invalid_or_session_guard,PAUSED
20260303,63297000,14:34:57.000,20260303-AP605-01501,,AP605,target_sell,sell,10314.0,1,444,cancel_ack,fair_invalid_or_session_guard,PAUSED
20260303,63298000,14:34:58.000,20260303-AP605-01502,,AP605,target_buy,buy,10142.0,1,445,submit,initial_quote,FLAT_QUOTING
20260303,63298000,14:34:58.000,20260303-AP605-01503,,AP605,target_sell,sell,10312.0,1,445,submit,initial_quote,FLAT_QUOTING
20260303,63299000,14:34:59.000,20260303-AP605-01502,,AP605,target_buy,buy,10142.0,1,445,ack,,FLAT_QUOTING
20260303,63299000,14:34:59.000,20260303-AP605-01503,,AP605,target_sell,sell,10312.0,1,445,ack,,FLAT_QUOTING
20260303,63329000,14:35:29.000,20260303-AP605-01502,,AP605,target_buy,buy,10142.0,1,445,cancel_requested,fair_invalid_or_session_guard,PAUSED
20260303,63329000,14:35:29.000,20260303-AP605-01503,,AP605,target_sell,sell,10312.0,1,445,cancel_requested,fair_invalid_or_session_guard,PAUSED
20260303,63330000,14:35:30.000,20260303-AP605-01502,,AP605,target_buy,buy,10142.0,1,445,cancel_ack,fair_invalid_or_session_guard,PAUSED
20260303,63330000,14:35:30.000,20260303-AP605-01503,,AP605,target_sell,sell,10312.0,1,445,cancel_ack,fair_invalid_or_session_guard,PAUSED
20260303,63331000,14:35:31.000,20260303-AP605-01504,,AP605,target_buy,buy,10148.0,1,446,submit,initial_quote,FLAT_QUOTING
20260303,63331000,14:35:31.000,20260303-AP605-01505,,AP605,target_sell,sell,10318.0,1,446,submit,initial_quote,FLAT_QUOTING
20260303,63332000,14:35:32.000,20260303-AP605-01504,,AP605,target_buy,buy,10148.0,1,446,ack,,FLAT_QUOTING
20260303,63332000,14:35:32.000,20260303-AP605-01505,,AP605,target_sell,sell,10318.0,1,446,ack,,FLAT_QUOTING
20260303,63352000,14:35:52.000,20260303-AP605-01504,,AP605,target_buy,buy,10148.0,1,446,cancel_requested,fair_invalid_or_session_guard,PAUSED
20260303,63352000,14:35:52.000,20260303-AP605-01505,,AP605,target_sell,sell,10318.0,1,446,cancel_requested,fair_invalid_or_session_guard,PAUSED
20260303,63353000,14:35:53.000,20260303-AP605-01504,,AP605,target_buy,buy,10148.0,1,446,cancel_ack,fair_invalid_or_session_guard,PAUSED
20260303,63353000,14:35:53.000,20260303-AP605-01505,,AP605,target_sell,sell,10318.0,1,446,cancel_ack,fair_invalid_or_session_guard,PAUSED
20260303,63363000,14:36:03.000,20260303-AP605-01506,,AP605,target_buy,buy,10148.0,1,447,submit,initial_quote,FLAT_QUOTING
20260303,63363000,14:36:03.000,20260303-AP605-01507,,AP605,target_sell,sell,10318.0,1,447,submit,initial_quote,FLAT_QUOTING
20260303,63364000,14:36:04.000,20260303-AP605-01506,,AP605,target_buy,buy,10148.0,1,447,ack,,FLAT_QUOTING
20260303,63364000,14:36:04.000,20260303-AP605-01507,,AP605,target_sell,sell,10318.0,1,447,ack,,FLAT_QUOTING
20260303,63370000,14:36:10.000,20260303-AP605-01506,,AP605,target_buy,buy,10148.0,1,447,cancel_requested,fair_invalid_or_session_guard,PAUSED
20260303,63370000,14:36:10.000,20260303-AP605-01507,,AP605,target_sell,sell,10318.0,1,447,cancel_requested,fair_invalid_or_session_guard,PAUSED
20260303,63371000,14:36:11.000,20260303-AP605-01506,,AP605,target_buy,buy,10148.0,1,447,cancel_ack,fair_invalid_or_session_guard,PAUSED
20260303,63371000,14:36:11.000,20260303-AP605-01507,,AP605,target_sell,sell,10318.0,1,447,cancel_ack,fair_invalid_or_session_guard,PAUSED
20260303,63373000,14:36:13.000,20260303-AP605-01508,,AP605,target_buy,buy,10144.0,1,448,submit,initial_quote,FLAT_QUOTING
20260303,63373000,14:36:13.000,20260303-AP605-01509,,AP605,target_sell,sell,10314.0,1,448,submit,initial_quote,FLAT_QUOTING
20260303,63374000,14:36:14.000,20260303-AP605-01508,,AP605,target_buy,buy,10144.0,1,448,ack,,FLAT_QUOTING
20260303,63374000,14:36:14.000,20260303-AP605-01509,,AP605,target_sell,sell,10314.0,1,448,ack,,FLAT_QUOTING
20260303,63375000,14:36:15.000,20260303-AP605-01508,,AP605,target_buy,buy,10144.0,1,448,cancel_requested,fair_invalid_or_session_guard,PAUSED
20260303,63375000,14:36:15.000,20260303-AP605-01509,,AP605,target_sell,sell,10314.0,1,448,cancel_requested,fair_invalid_or_session_guard,PAUSED
20260303,63376000,14:36:16.000,20260303-AP605-01508,,AP605,target_buy,buy,10144.0,1,448,cancel_ack,fair_invalid_or_session_guard,PAUSED
20260303,63376000,14:36:16.000,20260303-AP605-01509,,AP605,target_sell,sell,10314.0,1,448,cancel_ack,fair_invalid_or_session_guard,PAUSED
20260303,63379000,14:36:19.000,20260303-AP605-01510,,AP605,target_buy,buy,10149.0,1,449,submit,initial_quote,FLAT_QUOTING
20260303,63379000,14:36:19.000,20260303-AP605-01511,,AP605,target_sell,sell,10319.0,1,449,submit,initial_quote,FLAT_QUOTING
20260303,63380000,14:36:20.000,20260303-AP605-01510,,AP605,target_buy,buy,10149.0,1,449,ack,,FLAT_QUOTING
20260303,63380000,14:36:20.000,20260303-AP605-01511,,AP605,target_sell,sell,10319.0,1,449,ack,,FLAT_QUOTING
20260303,63417000,14:36:57.000,20260303-AP605-01510,,AP605,target_buy,buy,10149.0,1,449,cancel_requested,fair_invalid_or_session_guard,PAUSED
20260303,63417000,14:36:57.000,20260303-AP605-01511,,AP605,target_sell,sell,10319.0,1,449,cancel_requested,fair_invalid_or_session_guard,PAUSED
20260303,63418000,14:36:58.000,20260303-AP605-01510,,AP605,target_buy,buy,10149.0,1,449,cancel_ack,fair_invalid_or_session_guard,PAUSED
20260303,63418000,14:36:58.000,20260303-AP605-01511,,AP605,target_sell,sell,10319.0,1,449,cancel_ack,fair_invalid_or_session_guard,PAUSED
20260303,63419000,14:36:59.000,20260303-AP605-01512,,AP605,target_buy,buy,10151.0,1,450,submit,initial_quote,FLAT_QUOTING
20260303,63419000,14:36:59.000,20260303-AP605-01513,,AP605,target_sell,sell,10321.0,1,450,submit,initial_quote,FLAT_QUOTING
20260303,63420000,14:37:00.000,20260303-AP605-01512,,AP605,target_buy,buy,10151.0,1,450,ack,,FLAT_QUOTING
20260303,63420000,14:37:00.000,20260303-AP605-01513,,AP605,target_sell,sell,10321.0,1,450,ack,,FLAT_QUOTING
20260303,63430000,14:37:10.000,20260303-AP605-01512,,AP605,target_buy,buy,10151.0,1,450,cancel_requested,fair_invalid_or_session_guard,PAUSED
20260303,63430000,14:37:10.000,20260303-AP605-01513,,AP605,target_sell,sell,10321.0,1,450,cancel_requested,fair_invalid_or_session_guard,PAUSED
20260303,63431000,14:37:11.000,20260303-AP605-01512,,AP605,target_buy,buy,10151.0,1,450,cancel_ack,fair_invalid_or_session_guard,PAUSED
20260303,63431000,14:37:11.000,20260303-AP605-01513,,AP605,target_sell,sell,10321.0,1,450,cancel_ack,fair_invalid_or_session_guard,PAUSED
20260303,63436000,14:37:16.000,20260303-AP605-01514,,AP605,target_buy,buy,10150.0,1,451,submit,initial_quote,FLAT_QUOTING
20260303,63436000,14:37:16.000,20260303-AP605-01515,,AP605,target_sell,sell,10320.0,1,451,submit,initial_quote,FLAT_QUOTING
20260303,63437000,14:37:17.000,20260303-AP605-01514,,AP605,target_buy,buy,10150.0,1,451,ack,,FLAT_QUOTING
20260303,63437000,14:37:17.000,20260303-AP605-01515,,AP605,target_sell,sell,10320.0,1,451,ack,,FLAT_QUOTING
20260303,63440000,14:37:20.000,20260303-AP605-01514,,AP605,target_buy,buy,10150.0,1,451,cancel_requested,fair_invalid_or_session_guard,PAUSED
20260303,63440000,14:37:20.000,20260303-AP605-01515,,AP605,target_sell,sell,10320.0,1,451,cancel_requested,fair_invalid_or_session_guard,PAUSED
20260303,63441000,14:37:21.000,20260303-AP605-01514,,AP605,target_buy,buy,10150.0,1,451,cancel_ack,fair_invalid_or_session_guard,PAUSED
20260303,63441000,14:37:21.000,20260303-AP605-01515,,AP605,target_sell,sell,10320.0,1,451,cancel_ack,fair_invalid_or_session_guard,PAUSED
20260303,63448000,14:37:28.000,20260303-AP605-01516,,AP605,target_buy,buy,10151.0,1,452,submit,initial_quote,FLAT_QUOTING
20260303,63448000,14:37:28.000,20260303-AP605-01517,,AP605,target_sell,sell,10321.0,1,452,submit,initial_quote,FLAT_QUOTING
20260303,63449000,14:37:29.000,20260303-AP605-01516,,AP605,target_buy,buy,10151.0,1,452,ack,,FLAT_QUOTING
20260303,63449000,14:37:29.000,20260303-AP605-01517,,AP605,target_sell,sell,10321.0,1,452,ack,,FLAT_QUOTING
20260303,63474000,14:37:54.000,20260303-AP605-01516,,AP605,target_buy,buy,10151.0,1,452,cancel_requested,fair_invalid_or_session_guard,PAUSED
20260303,63474000,14:37:54.000,20260303-AP605-01517,,AP605,target_sell,sell,10321.0,1,452,cancel_requested,fair_invalid_or_session_guard,PAUSED
20260303,63475000,14:37:55.000,20260303-AP605-01516,,AP605,target_buy,buy,10151.0,1,452,cancel_ack,fair_invalid_or_session_guard,PAUSED
20260303,63475000,14:37:55.000,20260303-AP605-01517,,AP605,target_sell,sell,10321.0,1,452,cancel_ack,fair_invalid_or_session_guard,PAUSED
20260303,63480000,14:38:00.000,20260303-AP605-01518,,AP605,target_buy,buy,10150.0,1,453,submit,initial_quote,FLAT_QUOTING
20260303,63480000,14:38:00.000,20260303-AP605-01519,,AP605,target_sell,sell,10320.0,1,453,submit,initial_quote,FLAT_QUOTING
20260303,63481000,14:38:01.000,20260303-AP605-01518,,AP605,target_buy,buy,10150.0,1,453,ack,,FLAT_QUOTING
20260303,63481000,14:38:01.000,20260303-AP605-01519,,AP605,target_sell,sell,10320.0,1,453,ack,,FLAT_QUOTING
20260303,63496000,14:38:16.000,20260303-AP605-01518,,AP605,target_buy,buy,10150.0,1,453,cancel_requested,fair_invalid_or_session_guard,PAUSED
20260303,63496000,14:38:16.000,20260303-AP605-01519,,AP605,target_sell,sell,10320.0,1,453,cancel_requested,fair_invalid_or_session_guard,PAUSED
20260303,63497000,14:38:17.000,20260303-AP605-01518,,AP605,target_buy,buy,10150.0,1,453,cancel_ack,fair_invalid_or_session_guard,PAUSED
20260303,63497000,14:38:17.000,20260303-AP605-01519,,AP605,target_sell,sell,10320.0,1,453,cancel_ack,fair_invalid_or_session_guard,PAUSED
20260303,63500000,14:38:20.000,20260303-AP605-01520,,AP605,target_buy,buy,10145.0,1,454,submit,initial_quote,FLAT_QUOTING
20260303,63500000,14:38:20.000,20260303-AP605-01521,,AP605,target_sell,sell,10315.0,1,454,submit,initial_quote,FLAT_QUOTING
20260303,63501000,14:38:21.000,20260303-AP605-01520,,AP605,target_buy,buy,10145.0,1,454,ack,,FLAT_QUOTING
20260303,63501000,14:38:21.000,20260303-AP605-01521,,AP605,target_sell,sell,10315.0,1,454,ack,,FLAT_QUOTING
20260303,63503000,14:38:23.000,20260303-AP605-01520,,AP605,target_buy,buy,10145.0,1,454,cancel_requested,fair_invalid_or_session_guard,PAUSED
20260303,63503000,14:38:23.000,20260303-AP605-01521,,AP605,target_sell,sell,10315.0,1,454,cancel_requested,fair_invalid_or_session_guard,PAUSED
20260303,63504000,14:38:24.000,20260303-AP605-01520,,AP605,target_buy,buy,10145.0,1,454,cancel_ack,fair_invalid_or_session_guard,PAUSED
20260303,63504000,14:38:24.000,20260303-AP605-01521,,AP605,target_sell,sell,10315.0,1,454,cancel_ack,fair_invalid_or_session_guard,PAUSED
20260303,63509000,14:38:29.000,20260303-AP605-01522,,AP605,target_buy,buy,10147.0,1,455,submit,initial_quote,FLAT_QUOTING
20260303,63509000,14:38:29.000,20260303-AP605-01523,,AP605,target_sell,sell,10317.0,1,455,submit,initial_quote,FLAT_QUOTING
20260303,63510000,14:38:30.000,20260303-AP605-01522,,AP605,target_buy,buy,10147.0,1,455,ack,,FLAT_QUOTING
20260303,63510000,14:38:30.000,20260303-AP605-01523,,AP605,target_sell,sell,10317.0,1,455,ack,,FLAT_QUOTING
20260303,63537000,14:38:57.000,20260303-AP605-01522,,AP605,target_buy,buy,10147.0,1,455,cancel_requested,fair_invalid_or_session_guard,PAUSED
20260303,63537000,14:38:57.000,20260303-AP605-01523,,AP605,target_sell,sell,10317.0,1,455,cancel_requested,fair_invalid_or_session_guard,PAUSED
20260303,63538000,14:38:58.000,20260303-AP605-01522,,AP605,target_buy,buy,10147.0,1,455,cancel_ack,fair_invalid_or_session_guard,PAUSED
20260303,63538000,14:38:58.000,20260303-AP605-01523,,AP605,target_sell,sell,10317.0,1,455,cancel_ack,fair_invalid_or_session_guard,PAUSED
20260303,63539000,14:38:59.000,20260303-AP605-01524,,AP605,target_buy,buy,10144.0,1,456,submit,initial_quote,FLAT_QUOTING
20260303,63539000,14:38:59.000,20260303-AP605-01525,,AP605,target_sell,sell,10314.0,1,456,submit,initial_quote,FLAT_QUOTING
20260303,63540000,14:39:00.000,20260303-AP605-01524,,AP605,target_buy,buy,10144.0,1,456,ack,,FLAT_QUOTING
20260303,63540000,14:39:00.000,20260303-AP605-01525,,AP605,target_sell,sell,10314.0,1,456,ack,,FLAT_QUOTING
20260303,63554000,14:39:14.000,20260303-AP605-01524,,AP605,target_buy,buy,10144.0,1,456,cancel_requested,fair_invalid_or_session_guard,PAUSED
20260303,63554000,14:39:14.000,20260303-AP605-01525,,AP605,target_sell,sell,10314.0,1,456,cancel_requested,fair_invalid_or_session_guard,PAUSED
20260303,63555000,14:39:15.000,20260303-AP605-01524,,AP605,target_buy,buy,10144.0,1,456,cancel_ack,fair_invalid_or_session_guard,PAUSED
20260303,63555000,14:39:15.000,20260303-AP605-01525,,AP605,target_sell,sell,10314.0,1,456,cancel_ack,fair_invalid_or_session_guard,PAUSED
20260303,63557000,14:39:17.000,20260303-AP605-01526,,AP605,target_buy,buy,10145.0,1,457,submit,initial_quote,FLAT_QUOTING
20260303,63557000,14:39:17.000,20260303-AP605-01527,,AP605,target_sell,sell,10315.0,1,457,submit,initial_quote,FLAT_QUOTING
20260303,63558000,14:39:18.000,20260303-AP605-01526,,AP605,target_buy,buy,10145.0,1,457,ack,,FLAT_QUOTING
20260303,63558000,14:39:18.000,20260303-AP605-01527,,AP605,target_sell,sell,10315.0,1,457,ack,,FLAT_QUOTING
20260303,63574000,14:39:34.000,20260303-AP605-01526,,AP605,target_buy,buy,10145.0,1,457,cancel_requested,fair_invalid_or_session_guard,PAUSED
20260303,63574000,14:39:34.000,20260303-AP605-01527,,AP605,target_sell,sell,10315.0,1,457,cancel_requested,fair_invalid_or_session_guard,PAUSED
20260303,63575000,14:39:35.000,20260303-AP605-01526,,AP605,target_buy,buy,10145.0,1,457,cancel_ack,fair_invalid_or_session_guard,PAUSED
20260303,63575000,14:39:35.000,20260303-AP605-01527,,AP605,target_sell,sell,10315.0,1,457,cancel_ack,fair_invalid_or_session_guard,PAUSED
20260303,63583000,14:39:43.000,20260303-AP605-01528,,AP605,target_buy,buy,10142.0,1,458,submit,initial_quote,FLAT_QUOTING
20260303,63583000,14:39:43.000,20260303-AP605-01529,,AP605,target_sell,sell,10312.0,1,458,submit,initial_quote,FLAT_QUOTING
20260303,63584000,14:39:44.000,20260303-AP605-01528,,AP605,target_buy,buy,10142.0,1,458,ack,,FLAT_QUOTING
20260303,63584000,14:39:44.000,20260303-AP605-01529,,AP605,target_sell,sell,10312.0,1,458,ack,,FLAT_QUOTING
20260303,63593000,14:39:53.000,20260303-AP605-01528,,AP605,target_buy,buy,10142.0,1,458,cancel_requested,fair_invalid_or_session_guard,PAUSED
20260303,63593000,14:39:53.000,20260303-AP605-01529,,AP605,target_sell,sell,10312.0,1,458,cancel_requested,fair_invalid_or_session_guard,PAUSED
20260303,63594000,14:39:54.000,20260303-AP605-01528,,AP605,target_buy,buy,10142.0,1,458,cancel_ack,fair_invalid_or_session_guard,PAUSED
20260303,63594000,14:39:54.000,20260303-AP605-01529,,AP605,target_sell,sell,10312.0,1,458,cancel_ack,fair_invalid_or_session_guard,PAUSED
20260303,63596000,14:39:56.000,20260303-AP605-01530,,AP605,target_buy,buy,10145.0,1,459,submit,initial_quote,FLAT_QUOTING
20260303,63596000,14:39:56.000,20260303-AP605-01531,,AP605,target_sell,sell,10315.0,1,459,submit,initial_quote,FLAT_QUOTING
20260303,63597000,14:39:57.000,20260303-AP605-01530,,AP605,target_buy,buy,10145.0,1,459,ack,,FLAT_QUOTING
20260303,63597000,14:39:57.000,20260303-AP605-01531,,AP605,target_sell,sell,10315.0,1,459,ack,,FLAT_QUOTING
20260303,63642000,14:40:42.000,20260303-AP605-01530,,AP605,target_buy,buy,10145.0,1,459,cancel_requested,fair_invalid_or_session_guard,PAUSED
20260303,63642000,14:40:42.000,20260303-AP605-01531,,AP605,target_sell,sell,10315.0,1,459,cancel_requested,fair_invalid_or_session_guard,PAUSED
20260303,63643000,14:40:43.000,20260303-AP605-01530,,AP605,target_buy,buy,10145.0,1,459,cancel_ack,fair_invalid_or_session_guard,PAUSED
20260303,63643000,14:40:43.000,20260303-AP605-01531,,AP605,target_sell,sell,10315.0,1,459,cancel_ack,fair_invalid_or_session_guard,PAUSED
20260303,63645000,14:40:45.000,20260303-AP605-01532,,AP605,target_buy,buy,10150.0,1,460,submit,initial_quote,FLAT_QUOTING
20260303,63645000,14:40:45.000,20260303-AP605-01533,,AP605,target_sell,sell,10320.0,1,460,submit,initial_quote,FLAT_QUOTING
20260303,63646000,14:40:46.000,20260303-AP605-01532,,AP605,target_buy,buy,10150.0,1,460,ack,,FLAT_QUOTING
20260303,63646000,14:40:46.000,20260303-AP605-01533,,AP605,target_sell,sell,10320.0,1,460,ack,,FLAT_QUOTING
20260303,63649000,14:40:49.000,20260303-AP605-01532,,AP605,target_buy,buy,10150.0,1,460,cancel_requested,fair_invalid_or_session_guard,PAUSED
20260303,63649000,14:40:49.000,20260303-AP605-01533,,AP605,target_sell,sell,10320.0,1,460,cancel_requested,fair_invalid_or_session_guard,PAUSED
20260303,63650000,14:40:50.000,20260303-AP605-01532,,AP605,target_buy,buy,10150.0,1,460,cancel_ack,fair_invalid_or_session_guard,PAUSED
20260303,63650000,14:40:50.000,20260303-AP605-01533,,AP605,target_sell,sell,10320.0,1,460,cancel_ack,fair_invalid_or_session_guard,PAUSED
20260303,63655000,14:40:55.000,20260303-AP605-01534,,AP605,target_buy,buy,10151.0,1,461,submit,initial_quote,FLAT_QUOTING
20260303,63655000,14:40:55.000,20260303-AP605-01535,,AP605,target_sell,sell,10321.0,1,461,submit,initial_quote,FLAT_QUOTING
20260303,63656000,14:40:56.000,20260303-AP605-01534,,AP605,target_buy,buy,10151.0,1,461,ack,,FLAT_QUOTING
20260303,63656000,14:40:56.000,20260303-AP605-01535,,AP605,target_sell,sell,10321.0,1,461,ack,,FLAT_QUOTING
20260303,63665000,14:41:05.000,20260303-AP605-01534,,AP605,target_buy,buy,10151.0,1,461,cancel_requested,fair_invalid_or_session_guard,PAUSED
20260303,63665000,14:41:05.000,20260303-AP605-01535,,AP605,target_sell,sell,10321.0,1,461,cancel_requested,fair_invalid_or_session_guard,PAUSED
20260303,63666000,14:41:06.000,20260303-AP605-01534,,AP605,target_buy,buy,10151.0,1,461,cancel_ack,fair_invalid_or_session_guard,PAUSED
20260303,63666000,14:41:06.000,20260303-AP605-01535,,AP605,target_sell,sell,10321.0,1,461,cancel_ack,fair_invalid_or_session_guard,PAUSED
20260303,63675000,14:41:15.000,20260303-AP605-01536,,AP605,target_buy,buy,10151.0,1,462,submit,initial_quote,FLAT_QUOTING
20260303,63675000,14:41:15.000,20260303-AP605-01537,,AP605,target_sell,sell,10321.0,1,462,submit,initial_quote,FLAT_QUOTING
20260303,63676000,14:41:16.000,20260303-AP605-01536,,AP605,target_buy,buy,10151.0,1,462,ack,,FLAT_QUOTING
20260303,63676000,14:41:16.000,20260303-AP605-01537,,AP605,target_sell,sell,10321.0,1,462,ack,,FLAT_QUOTING
20260303,63686000,14:41:26.000,20260303-AP605-01536,,AP605,target_buy,buy,10151.0,1,462,cancel_requested,fair_invalid_or_session_guard,PAUSED
20260303,63686000,14:41:26.000,20260303-AP605-01537,,AP605,target_sell,sell,10321.0,1,462,cancel_requested,fair_invalid_or_session_guard,PAUSED
20260303,63687000,14:41:27.000,20260303-AP605-01536,,AP605,target_buy,buy,10151.0,1,462,cancel_ack,fair_invalid_or_session_guard,PAUSED
20260303,63687000,14:41:27.000,20260303-AP605-01537,,AP605,target_sell,sell,10321.0,1,462,cancel_ack,fair_invalid_or_session_guard,PAUSED
20260303,63693000,14:41:33.000,20260303-AP605-01538,,AP605,target_buy,buy,10154.0,1,463,submit,initial_quote,FLAT_QUOTING
20260303,63693000,14:41:33.000,20260303-AP605-01539,,AP605,target_sell,sell,10324.0,1,463,submit,initial_quote,FLAT_QUOTING
20260303,63694000,14:41:34.000,20260303-AP605-01538,,AP605,target_buy,buy,10154.0,1,463,ack,,FLAT_QUOTING
20260303,63694000,14:41:34.000,20260303-AP605-01539,,AP605,target_sell,sell,10324.0,1,463,ack,,FLAT_QUOTING
20260303,63697000,14:41:37.000,20260303-AP605-01538,,AP605,target_buy,buy,10154.0,1,463,cancel_requested,fair_invalid_or_session_guard,PAUSED
20260303,63697000,14:41:37.000,20260303-AP605-01539,,AP605,target_sell,sell,10324.0,1,463,cancel_requested,fair_invalid_or_session_guard,PAUSED
20260303,63698000,14:41:38.000,20260303-AP605-01538,,AP605,target_buy,buy,10154.0,1,463,cancel_ack,fair_invalid_or_session_guard,PAUSED
20260303,63698000,14:41:38.000,20260303-AP605-01539,,AP605,target_sell,sell,10324.0,1,463,cancel_ack,fair_invalid_or_session_guard,PAUSED
20260303,63700000,14:41:40.000,20260303-AP605-01540,,AP605,target_buy,buy,10152.0,1,464,submit,initial_quote,FLAT_QUOTING
20260303,63700000,14:41:40.000,20260303-AP605-01541,,AP605,target_sell,sell,10322.0,1,464,submit,initial_quote,FLAT_QUOTING
20260303,63701000,14:41:41.000,20260303-AP605-01540,,AP605,target_buy,buy,10152.0,1,464,ack,,FLAT_QUOTING
20260303,63701000,14:41:41.000,20260303-AP605-01541,,AP605,target_sell,sell,10322.0,1,464,ack,,FLAT_QUOTING
20260303,63714000,14:41:54.000,20260303-AP605-01540,,AP605,target_buy,buy,10152.0,1,464,cancel_requested,fair_invalid_or_session_guard,PAUSED
20260303,63714000,14:41:54.000,20260303-AP605-01541,,AP605,target_sell,sell,10322.0,1,464,cancel_requested,fair_invalid_or_session_guard,PAUSED
20260303,63715000,14:41:55.000,20260303-AP605-01540,,AP605,target_buy,buy,10152.0,1,464,cancel_ack,fair_invalid_or_session_guard,PAUSED
20260303,63715000,14:41:55.000,20260303-AP605-01541,,AP605,target_sell,sell,10322.0,1,464,cancel_ack,fair_invalid_or_session_guard,PAUSED
20260303,63727000,14:42:07.000,20260303-AP605-01542,,AP605,target_buy,buy,10150.0,1,465,submit,initial_quote,FLAT_QUOTING
20260303,63727000,14:42:07.000,20260303-AP605-01543,,AP605,target_sell,sell,10320.0,1,465,submit,initial_quote,FLAT_QUOTING
20260303,63728000,14:42:08.000,20260303-AP605-01542,,AP605,target_buy,buy,10150.0,1,465,ack,,FLAT_QUOTING
20260303,63728000,14:42:08.000,20260303-AP605-01543,,AP605,target_sell,sell,10320.0,1,465,ack,,FLAT_QUOTING
20260303,63731000,14:42:11.000,20260303-AP605-01542,,AP605,target_buy,buy,10150.0,1,465,cancel_requested,fair_invalid_or_session_guard,PAUSED
20260303,63731000,14:42:11.000,20260303-AP605-01543,,AP605,target_sell,sell,10320.0,1,465,cancel_requested,fair_invalid_or_session_guard,PAUSED
20260303,63732000,14:42:12.000,20260303-AP605-01542,,AP605,target_buy,buy,10150.0,1,465,cancel_ack,fair_invalid_or_session_guard,PAUSED
20260303,63732000,14:42:12.000,20260303-AP605-01543,,AP605,target_sell,sell,10320.0,1,465,cancel_ack,fair_invalid_or_session_guard,PAUSED
20260303,63738000,14:42:18.000,20260303-AP605-01544,,AP605,target_buy,buy,10149.0,1,466,submit,initial_quote,FLAT_QUOTING
20260303,63738000,14:42:18.000,20260303-AP605-01545,,AP605,target_sell,sell,10319.0,1,466,submit,initial_quote,FLAT_QUOTING
20260303,63739000,14:42:19.000,20260303-AP605-01544,,AP605,target_buy,buy,10149.0,1,466,ack,,FLAT_QUOTING
20260303,63739000,14:42:19.000,20260303-AP605-01545,,AP605,target_sell,sell,10319.0,1,466,ack,,FLAT_QUOTING
20260303,63746000,14:42:26.000,20260303-AP605-01544,,AP605,target_buy,buy,10149.0,1,466,cancel_requested,fair_invalid_or_session_guard,PAUSED
20260303,63746000,14:42:26.000,20260303-AP605-01545,,AP605,target_sell,sell,10319.0,1,466,cancel_requested,fair_invalid_or_session_guard,PAUSED
20260303,63747000,14:42:27.000,20260303-AP605-01544,,AP605,target_buy,buy,10149.0,1,466,cancel_ack,fair_invalid_or_session_guard,PAUSED
20260303,63747000,14:42:27.000,20260303-AP605-01545,,AP605,target_sell,sell,10319.0,1,466,cancel_ack,fair_invalid_or_session_guard,PAUSED
20260303,63753000,14:42:33.000,20260303-AP605-01546,,AP605,target_buy,buy,10148.0,1,467,submit,initial_quote,FLAT_QUOTING
20260303,63753000,14:42:33.000,20260303-AP605-01547,,AP605,target_sell,sell,10318.0,1,467,submit,initial_quote,FLAT_QUOTING
20260303,63754000,14:42:34.000,20260303-AP605-01546,,AP605,target_buy,buy,10148.0,1,467,ack,,FLAT_QUOTING
20260303,63754000,14:42:34.000,20260303-AP605-01547,,AP605,target_sell,sell,10318.0,1,467,ack,,FLAT_QUOTING
20260303,63776000,14:42:56.000,20260303-AP605-01546,,AP605,target_buy,buy,10148.0,1,467,cancel_requested,fair_invalid_or_session_guard,PAUSED
20260303,63776000,14:42:56.000,20260303-AP605-01547,,AP605,target_sell,sell,10318.0,1,467,cancel_requested,fair_invalid_or_session_guard,PAUSED
20260303,63777000,14:42:57.000,20260303-AP605-01546,,AP605,target_buy,buy,10148.0,1,467,cancel_ack,fair_invalid_or_session_guard,PAUSED
20260303,63777000,14:42:57.000,20260303-AP605-01547,,AP605,target_sell,sell,10318.0,1,467,cancel_ack,fair_invalid_or_session_guard,PAUSED
20260303,63779000,14:42:59.000,20260303-AP605-01548,,AP605,target_buy,buy,10148.0,1,468,submit,initial_quote,FLAT_QUOTING
20260303,63779000,14:42:59.000,20260303-AP605-01549,,AP605,target_sell,sell,10318.0,1,468,submit,initial_quote,FLAT_QUOTING
20260303,63780000,14:43:00.000,20260303-AP605-01548,,AP605,target_buy,buy,10148.0,1,468,ack,,FLAT_QUOTING
20260303,63780000,14:43:00.000,20260303-AP605-01549,,AP605,target_sell,sell,10318.0,1,468,ack,,FLAT_QUOTING
20260303,63789000,14:43:09.000,20260303-AP605-01548,,AP605,target_buy,buy,10148.0,1,468,cancel_requested,fair_invalid_or_session_guard,PAUSED
20260303,63789000,14:43:09.000,20260303-AP605-01549,,AP605,target_sell,sell,10318.0,1,468,cancel_requested,fair_invalid_or_session_guard,PAUSED
20260303,63790000,14:43:10.000,20260303-AP605-01548,,AP605,target_buy,buy,10148.0,1,468,cancel_ack,fair_invalid_or_session_guard,PAUSED
20260303,63790000,14:43:10.000,20260303-AP605-01549,,AP605,target_sell,sell,10318.0,1,468,cancel_ack,fair_invalid_or_session_guard,PAUSED
20260303,63791000,14:43:11.000,20260303-AP605-01550,,AP605,target_buy,buy,10148.0,1,469,submit,initial_quote,FLAT_QUOTING
20260303,63791000,14:43:11.000,20260303-AP605-01551,,AP605,target_sell,sell,10318.0,1,469,submit,initial_quote,FLAT_QUOTING
20260303,63792000,14:43:12.000,20260303-AP605-01550,,AP605,target_buy,buy,10148.0,1,469,ack,,FLAT_QUOTING
20260303,63792000,14:43:12.000,20260303-AP605-01551,,AP605,target_sell,sell,10318.0,1,469,ack,,FLAT_QUOTING
20260303,63815000,14:43:35.000,20260303-AP605-01550,,AP605,target_buy,buy,10148.0,1,469,cancel_requested,fair_invalid_or_session_guard,PAUSED
20260303,63815000,14:43:35.000,20260303-AP605-01551,,AP605,target_sell,sell,10318.0,1,469,cancel_requested,fair_invalid_or_session_guard,PAUSED
20260303,63816000,14:43:36.000,20260303-AP605-01550,,AP605,target_buy,buy,10148.0,1,469,cancel_ack,fair_invalid_or_session_guard,PAUSED
20260303,63816000,14:43:36.000,20260303-AP605-01551,,AP605,target_sell,sell,10318.0,1,469,cancel_ack,fair_invalid_or_session_guard,PAUSED
20260303,63828000,14:43:48.000,20260303-AP605-01552,,AP605,target_buy,buy,10149.0,1,470,submit,initial_quote,FLAT_QUOTING
20260303,63828000,14:43:48.000,20260303-AP605-01553,,AP605,target_sell,sell,10319.0,1,470,submit,initial_quote,FLAT_QUOTING
20260303,63829000,14:43:49.000,20260303-AP605-01552,,AP605,target_buy,buy,10149.0,1,470,ack,,FLAT_QUOTING
20260303,63829000,14:43:49.000,20260303-AP605-01553,,AP605,target_sell,sell,10319.0,1,470,ack,,FLAT_QUOTING
20260303,63849000,14:44:09.000,20260303-AP605-01552,,AP605,target_buy,buy,10149.0,1,470,cancel_requested,fair_invalid_or_session_guard,PAUSED
20260303,63849000,14:44:09.000,20260303-AP605-01553,,AP605,target_sell,sell,10319.0,1,470,cancel_requested,fair_invalid_or_session_guard,PAUSED
20260303,63850000,14:44:10.000,20260303-AP605-01552,,AP605,target_buy,buy,10149.0,1,470,cancel_ack,fair_invalid_or_session_guard,PAUSED
20260303,63850000,14:44:10.000,20260303-AP605-01553,,AP605,target_sell,sell,10319.0,1,470,cancel_ack,fair_invalid_or_session_guard,PAUSED
20260303,63856000,14:44:16.000,20260303-AP605-01554,,AP605,target_buy,buy,10147.0,1,471,submit,initial_quote,FLAT_QUOTING
20260303,63856000,14:44:16.000,20260303-AP605-01555,,AP605,target_sell,sell,10317.0,1,471,submit,initial_quote,FLAT_QUOTING
20260303,63857000,14:44:17.000,20260303-AP605-01554,,AP605,target_buy,buy,10147.0,1,471,ack,,FLAT_QUOTING
20260303,63857000,14:44:17.000,20260303-AP605-01555,,AP605,target_sell,sell,10317.0,1,471,ack,,FLAT_QUOTING
20260303,63864000,14:44:24.000,20260303-AP605-01554,,AP605,target_buy,buy,10147.0,1,471,cancel_requested,fair_invalid_or_session_guard,PAUSED
20260303,63864000,14:44:24.000,20260303-AP605-01555,,AP605,target_sell,sell,10317.0,1,471,cancel_requested,fair_invalid_or_session_guard,PAUSED
20260303,63865000,14:44:25.000,20260303-AP605-01554,,AP605,target_buy,buy,10147.0,1,471,cancel_ack,fair_invalid_or_session_guard,PAUSED
20260303,63865000,14:44:25.000,20260303-AP605-01555,,AP605,target_sell,sell,10317.0,1,471,cancel_ack,fair_invalid_or_session_guard,PAUSED
20260303,63870000,14:44:30.000,20260303-AP605-01556,,AP605,target_buy,buy,10146.0,1,472,submit,initial_quote,FLAT_QUOTING
20260303,63870000,14:44:30.000,20260303-AP605-01557,,AP605,target_sell,sell,10316.0,1,472,submit,initial_quote,FLAT_QUOTING
20260303,63871000,14:44:31.000,20260303-AP605-01556,,AP605,target_buy,buy,10146.0,1,472,ack,,FLAT_QUOTING
20260303,63871000,14:44:31.000,20260303-AP605-01557,,AP605,target_sell,sell,10316.0,1,472,ack,,FLAT_QUOTING
20260303,63872000,14:44:32.000,20260303-AP605-01556,,AP605,target_buy,buy,10146.0,1,472,cancel_requested,fair_invalid_or_session_guard,PAUSED
20260303,63872000,14:44:32.000,20260303-AP605-01557,,AP605,target_sell,sell,10316.0,1,472,cancel_requested,fair_invalid_or_session_guard,PAUSED
20260303,63873000,14:44:33.000,20260303-AP605-01556,,AP605,target_buy,buy,10146.0,1,472,cancel_ack,fair_invalid_or_session_guard,PAUSED
20260303,63873000,14:44:33.000,20260303-AP605-01557,,AP605,target_sell,sell,10316.0,1,472,cancel_ack,fair_invalid_or_session_guard,PAUSED
20260303,63875000,14:44:35.000,20260303-AP605-01558,,AP605,target_buy,buy,10143.0,1,473,submit,initial_quote,FLAT_QUOTING
20260303,63875000,14:44:35.000,20260303-AP605-01559,,AP605,target_sell,sell,10313.0,1,473,submit,initial_quote,FLAT_QUOTING
20260303,63876000,14:44:36.000,20260303-AP605-01558,,AP605,target_buy,buy,10143.0,1,473,ack,,FLAT_QUOTING
20260303,63876000,14:44:36.000,20260303-AP605-01559,,AP605,target_sell,sell,10313.0,1,473,ack,,FLAT_QUOTING
20260303,63878000,14:44:38.000,20260303-AP605-01558,,AP605,target_buy,buy,10143.0,1,473,cancel_requested,fair_invalid_or_session_guard,PAUSED
20260303,63878000,14:44:38.000,20260303-AP605-01559,,AP605,target_sell,sell,10313.0,1,473,cancel_requested,fair_invalid_or_session_guard,PAUSED
20260303,63879000,14:44:39.000,20260303-AP605-01558,,AP605,target_buy,buy,10143.0,1,473,cancel_ack,fair_invalid_or_session_guard,PAUSED
20260303,63879000,14:44:39.000,20260303-AP605-01559,,AP605,target_sell,sell,10313.0,1,473,cancel_ack,fair_invalid_or_session_guard,PAUSED
20260303,63895000,14:44:55.000,20260303-AP605-01560,,AP605,target_buy,buy,10144.0,1,474,submit,initial_quote,FLAT_QUOTING
20260303,63895000,14:44:55.000,20260303-AP605-01561,,AP605,target_sell,sell,10314.0,1,474,submit,initial_quote,FLAT_QUOTING
20260303,63896000,14:44:56.000,20260303-AP605-01560,,AP605,target_buy,buy,10144.0,1,474,ack,,FLAT_QUOTING
20260303,63896000,14:44:56.000,20260303-AP605-01561,,AP605,target_sell,sell,10314.0,1,474,ack,,FLAT_QUOTING
20260303,63903000,14:45:03.000,20260303-AP605-01560,,AP605,target_buy,buy,10144.0,1,474,cancel_requested,fair_invalid_or_session_guard,PAUSED
20260303,63903000,14:45:03.000,20260303-AP605-01561,,AP605,target_sell,sell,10314.0,1,474,cancel_requested,fair_invalid_or_session_guard,PAUSED
20260303,63904000,14:45:04.000,20260303-AP605-01560,,AP605,target_buy,buy,10144.0,1,474,cancel_ack,fair_invalid_or_session_guard,PAUSED
20260303,63904000,14:45:04.000,20260303-AP605-01561,,AP605,target_sell,sell,10314.0,1,474,cancel_ack,fair_invalid_or_session_guard,PAUSED
20260303,63905000,14:45:05.000,20260303-AP605-01562,,AP605,target_buy,buy,10147.0,1,475,submit,initial_quote,FLAT_QUOTING
20260303,63905000,14:45:05.000,20260303-AP605-01563,,AP605,target_sell,sell,10317.0,1,475,submit,initial_quote,FLAT_QUOTING
20260303,63906000,14:45:06.000,20260303-AP605-01562,,AP605,target_buy,buy,10147.0,1,475,ack,,FLAT_QUOTING
20260303,63906000,14:45:06.000,20260303-AP605-01563,,AP605,target_sell,sell,10317.0,1,475,ack,,FLAT_QUOTING
20260303,63910000,14:45:10.000,20260303-AP605-01562,,AP605,target_buy,buy,10147.0,1,475,cancel_requested,fair_invalid_or_session_guard,PAUSED
20260303,63910000,14:45:10.000,20260303-AP605-01563,,AP605,target_sell,sell,10317.0,1,475,cancel_requested,fair_invalid_or_session_guard,PAUSED
20260303,63911000,14:45:11.000,20260303-AP605-01562,,AP605,target_buy,buy,10147.0,1,475,cancel_ack,fair_invalid_or_session_guard,PAUSED
20260303,63911000,14:45:11.000,20260303-AP605-01563,,AP605,target_sell,sell,10317.0,1,475,cancel_ack,fair_invalid_or_session_guard,PAUSED
20260303,63918000,14:45:18.000,20260303-AP605-01564,,AP605,target_buy,buy,10147.0,1,476,submit,initial_quote,FLAT_QUOTING
20260303,63918000,14:45:18.000,20260303-AP605-01565,,AP605,target_sell,sell,10317.0,1,476,submit,initial_quote,FLAT_QUOTING
20260303,63919000,14:45:19.000,20260303-AP605-01564,,AP605,target_buy,buy,10147.0,1,476,ack,,FLAT_QUOTING
20260303,63919000,14:45:19.000,20260303-AP605-01565,,AP605,target_sell,sell,10317.0,1,476,ack,,FLAT_QUOTING
20260303,63920000,14:45:20.000,20260303-AP605-01564,,AP605,target_buy,buy,10147.0,1,476,cancel_requested,fair_invalid_or_session_guard,PAUSED
20260303,63920000,14:45:20.000,20260303-AP605-01565,,AP605,target_sell,sell,10317.0,1,476,cancel_requested,fair_invalid_or_session_guard,PAUSED
20260303,63921000,14:45:21.000,20260303-AP605-01564,,AP605,target_buy,buy,10147.0,1,476,cancel_ack,fair_invalid_or_session_guard,PAUSED
20260303,63921000,14:45:21.000,20260303-AP605-01565,,AP605,target_sell,sell,10317.0,1,476,cancel_ack,fair_invalid_or_session_guard,PAUSED
20260303,63930000,14:45:30.000,20260303-AP605-01566,,AP605,target_buy,buy,10146.0,1,477,submit,initial_quote,FLAT_QUOTING
20260303,63930000,14:45:30.000,20260303-AP605-01567,,AP605,target_sell,sell,10316.0,1,477,submit,initial_quote,FLAT_QUOTING
20260303,63931000,14:45:31.000,20260303-AP605-01566,,AP605,target_buy,buy,10146.0,1,477,ack,,FLAT_QUOTING
20260303,63931000,14:45:31.000,20260303-AP605-01567,,AP605,target_sell,sell,10316.0,1,477,ack,,FLAT_QUOTING
20260303,63932000,14:45:32.000,20260303-AP605-01566,,AP605,target_buy,buy,10146.0,1,477,cancel_requested,fair_invalid_or_session_guard,PAUSED
20260303,63932000,14:45:32.000,20260303-AP605-01567,,AP605,target_sell,sell,10316.0,1,477,cancel_requested,fair_invalid_or_session_guard,PAUSED
20260303,63933000,14:45:33.000,20260303-AP605-01566,,AP605,target_buy,buy,10146.0,1,477,cancel_ack,fair_invalid_or_session_guard,PAUSED
20260303,63933000,14:45:33.000,20260303-AP605-01567,,AP605,target_sell,sell,10316.0,1,477,cancel_ack,fair_invalid_or_session_guard,PAUSED
20260303,63935000,14:45:35.000,20260303-AP605-01568,,AP605,target_buy,buy,10147.0,1,478,submit,initial_quote,FLAT_QUOTING
20260303,63935000,14:45:35.000,20260303-AP605-01569,,AP605,target_sell,sell,10317.0,1,478,submit,initial_quote,FLAT_QUOTING
20260303,63936000,14:45:36.000,20260303-AP605-01568,,AP605,target_buy,buy,10147.0,1,478,ack,,FLAT_QUOTING
20260303,63936000,14:45:36.000,20260303-AP605-01569,,AP605,target_sell,sell,10317.0,1,478,ack,,FLAT_QUOTING
20260303,63956000,14:45:56.000,20260303-AP605-01568,,AP605,target_buy,buy,10147.0,1,478,cancel_requested,data_gap,PAUSED
20260303,63956000,14:45:56.000,20260303-AP605-01569,,AP605,target_sell,sell,10317.0,1,478,cancel_requested,data_gap,PAUSED
20260303,63957000,14:45:57.000,20260303-AP605-01568,,AP605,target_buy,buy,10147.0,1,478,cancel_ack,data_gap,PAUSED
20260303,63957000,14:45:57.000,20260303-AP605-01569,,AP605,target_sell,sell,10317.0,1,478,cancel_ack,data_gap,PAUSED
20260303,63959000,14:45:59.000,20260303-AP605-01570,,AP605,target_buy,buy,10146.0,1,479,submit,initial_quote,FLAT_QUOTING
20260303,63959000,14:45:59.000,20260303-AP605-01571,,AP605,target_sell,sell,10316.0,1,479,submit,initial_quote,FLAT_QUOTING
20260303,63960000,14:46:00.000,20260303-AP605-01570,,AP605,target_buy,buy,10146.0,1,479,ack,,FLAT_QUOTING
20260303,63960000,14:46:00.000,20260303-AP605-01571,,AP605,target_sell,sell,10316.0,1,479,ack,,FLAT_QUOTING
20260303,63981000,14:46:21.000,20260303-AP605-01570,,AP605,target_buy,buy,10146.0,1,479,cancel_requested,fair_invalid_or_session_guard,PAUSED
20260303,63981000,14:46:21.000,20260303-AP605-01571,,AP605,target_sell,sell,10316.0,1,479,cancel_requested,fair_invalid_or_session_guard,PAUSED
20260303,63982000,14:46:22.000,20260303-AP605-01570,,AP605,target_buy,buy,10146.0,1,479,cancel_ack,fair_invalid_or_session_guard,PAUSED
20260303,63982000,14:46:22.000,20260303-AP605-01571,,AP605,target_sell,sell,10316.0,1,479,cancel_ack,fair_invalid_or_session_guard,PAUSED
20260303,63983000,14:46:23.000,20260303-AP605-01572,,AP605,target_buy,buy,10144.0,1,480,submit,initial_quote,FLAT_QUOTING
20260303,63983000,14:46:23.000,20260303-AP605-01573,,AP605,target_sell,sell,10314.0,1,480,submit,initial_quote,FLAT_QUOTING
20260303,63984000,14:46:24.000,20260303-AP605-01572,,AP605,target_buy,buy,10144.0,1,480,ack,,FLAT_QUOTING
20260303,63984000,14:46:24.000,20260303-AP605-01573,,AP605,target_sell,sell,10314.0,1,480,ack,,FLAT_QUOTING
20260303,63988000,14:46:28.000,20260303-AP605-01572,,AP605,target_buy,buy,10144.0,1,480,cancel_requested,fair_invalid_or_session_guard,PAUSED
20260303,63988000,14:46:28.000,20260303-AP605-01573,,AP605,target_sell,sell,10314.0,1,480,cancel_requested,fair_invalid_or_session_guard,PAUSED
20260303,63989000,14:46:29.000,20260303-AP605-01572,,AP605,target_buy,buy,10144.0,1,480,cancel_ack,fair_invalid_or_session_guard,PAUSED
20260303,63989000,14:46:29.000,20260303-AP605-01573,,AP605,target_sell,sell,10314.0,1,480,cancel_ack,fair_invalid_or_session_guard,PAUSED
20260303,63999000,14:46:39.000,20260303-AP605-01574,,AP605,target_buy,buy,10143.0,1,481,submit,initial_quote,FLAT_QUOTING
20260303,63999000,14:46:39.000,20260303-AP605-01575,,AP605,target_sell,sell,10313.0,1,481,submit,initial_quote,FLAT_QUOTING
20260303,64000000,14:46:40.000,20260303-AP605-01574,,AP605,target_buy,buy,10143.0,1,481,ack,,FLAT_QUOTING
20260303,64000000,14:46:40.000,20260303-AP605-01575,,AP605,target_sell,sell,10313.0,1,481,ack,,FLAT_QUOTING
20260303,64005000,14:46:45.000,20260303-AP605-01574,,AP605,target_buy,buy,10143.0,1,481,cancel_requested,fair_invalid_or_session_guard,PAUSED
20260303,64005000,14:46:45.000,20260303-AP605-01575,,AP605,target_sell,sell,10313.0,1,481,cancel_requested,fair_invalid_or_session_guard,PAUSED
20260303,64006000,14:46:46.000,20260303-AP605-01574,,AP605,target_buy,buy,10143.0,1,481,cancel_ack,fair_invalid_or_session_guard,PAUSED
20260303,64006000,14:46:46.000,20260303-AP605-01575,,AP605,target_sell,sell,10313.0,1,481,cancel_ack,fair_invalid_or_session_guard,PAUSED
20260303,64009000,14:46:49.000,20260303-AP605-01576,,AP605,target_buy,buy,10140.0,1,482,submit,initial_quote,FLAT_QUOTING
20260303,64009000,14:46:49.000,20260303-AP605-01577,,AP605,target_sell,sell,10310.0,1,482,submit,initial_quote,FLAT_QUOTING
20260303,64010000,14:46:50.000,20260303-AP605-01576,,AP605,target_buy,buy,10140.0,1,482,ack,,FLAT_QUOTING
20260303,64010000,14:46:50.000,20260303-AP605-01577,,AP605,target_sell,sell,10310.0,1,482,ack,,FLAT_QUOTING
20260303,64013000,14:46:53.000,20260303-AP605-01576,,AP605,target_buy,buy,10140.0,1,482,cancel_requested,fair_invalid_or_session_guard,PAUSED
20260303,64013000,14:46:53.000,20260303-AP605-01577,,AP605,target_sell,sell,10310.0,1,482,cancel_requested,fair_invalid_or_session_guard,PAUSED
20260303,64014000,14:46:54.000,20260303-AP605-01576,,AP605,target_buy,buy,10140.0,1,482,cancel_ack,fair_invalid_or_session_guard,PAUSED
20260303,64014000,14:46:54.000,20260303-AP605-01577,,AP605,target_sell,sell,10310.0,1,482,cancel_ack,fair_invalid_or_session_guard,PAUSED
20260303,64110000,14:48:30.000,20260303-AP605-01578,,AP605,target_buy,buy,10139.0,1,483,submit,initial_quote,FLAT_QUOTING
20260303,64110000,14:48:30.000,20260303-AP605-01579,,AP605,target_sell,sell,10309.0,1,483,submit,initial_quote,FLAT_QUOTING
20260303,64111000,14:48:31.000,20260303-AP605-01578,,AP605,target_buy,buy,10139.0,1,483,ack,,FLAT_QUOTING
20260303,64111000,14:48:31.000,20260303-AP605-01579,,AP605,target_sell,sell,10309.0,1,483,ack,,FLAT_QUOTING
20260303,64112000,14:48:32.000,20260303-AP605-01578,,AP605,target_buy,buy,10139.0,1,483,cancel_requested,fair_invalid_or_session_guard,PAUSED
20260303,64112000,14:48:32.000,20260303-AP605-01579,,AP605,target_sell,sell,10309.0,1,483,cancel_requested,fair_invalid_or_session_guard,PAUSED
20260303,64113000,14:48:33.000,20260303-AP605-01578,,AP605,target_buy,buy,10139.0,1,483,cancel_ack,fair_invalid_or_session_guard,PAUSED
20260303,64113000,14:48:33.000,20260303-AP605-01579,,AP605,target_sell,sell,10309.0,1,483,cancel_ack,fair_invalid_or_session_guard,PAUSED
20260303,64117000,14:48:37.000,20260303-AP605-01580,,AP605,target_buy,buy,10138.0,1,484,submit,initial_quote,FLAT_QUOTING
20260303,64117000,14:48:37.000,20260303-AP605-01581,,AP605,target_sell,sell,10308.0,1,484,submit,initial_quote,FLAT_QUOTING
20260303,64118000,14:48:38.000,20260303-AP605-01580,,AP605,target_buy,buy,10138.0,1,484,ack,,FLAT_QUOTING
20260303,64118000,14:48:38.000,20260303-AP605-01581,,AP605,target_sell,sell,10308.0,1,484,ack,,FLAT_QUOTING
20260303,64128000,14:48:48.000,20260303-AP605-01580,,AP605,target_buy,buy,10138.0,1,484,cancel_requested,fair_invalid_or_session_guard,PAUSED
20260303,64128000,14:48:48.000,20260303-AP605-01581,,AP605,target_sell,sell,10308.0,1,484,cancel_requested,fair_invalid_or_session_guard,PAUSED
20260303,64129000,14:48:49.000,20260303-AP605-01580,,AP605,target_buy,buy,10138.0,1,484,cancel_ack,fair_invalid_or_session_guard,PAUSED
20260303,64129000,14:48:49.000,20260303-AP605-01581,,AP605,target_sell,sell,10308.0,1,484,cancel_ack,fair_invalid_or_session_guard,PAUSED
20260303,64143000,14:49:03.000,20260303-AP605-01582,,AP605,target_buy,buy,10142.0,1,485,submit,initial_quote,FLAT_QUOTING
20260303,64143000,14:49:03.000,20260303-AP605-01583,,AP605,target_sell,sell,10312.0,1,485,submit,initial_quote,FLAT_QUOTING
20260303,64144000,14:49:04.000,20260303-AP605-01582,,AP605,target_buy,buy,10142.0,1,485,ack,,FLAT_QUOTING
20260303,64144000,14:49:04.000,20260303-AP605-01583,,AP605,target_sell,sell,10312.0,1,485,ack,,FLAT_QUOTING
20260303,64148000,14:49:08.000,20260303-AP605-01582,,AP605,target_buy,buy,10142.0,1,485,cancel_requested,fair_invalid_or_session_guard,PAUSED
20260303,64148000,14:49:08.000,20260303-AP605-01583,,AP605,target_sell,sell,10312.0,1,485,cancel_requested,fair_invalid_or_session_guard,PAUSED
20260303,64149000,14:49:09.000,20260303-AP605-01582,,AP605,target_buy,buy,10142.0,1,485,cancel_ack,fair_invalid_or_session_guard,PAUSED
20260303,64149000,14:49:09.000,20260303-AP605-01583,,AP605,target_sell,sell,10312.0,1,485,cancel_ack,fair_invalid_or_session_guard,PAUSED
20260303,64156000,14:49:16.000,20260303-AP605-01584,,AP605,target_buy,buy,10143.0,1,486,submit,initial_quote,FLAT_QUOTING
20260303,64156000,14:49:16.000,20260303-AP605-01585,,AP605,target_sell,sell,10313.0,1,486,submit,initial_quote,FLAT_QUOTING
20260303,64157000,14:49:17.000,20260303-AP605-01584,,AP605,target_buy,buy,10143.0,1,486,ack,,FLAT_QUOTING
20260303,64157000,14:49:17.000,20260303-AP605-01585,,AP605,target_sell,sell,10313.0,1,486,ack,,FLAT_QUOTING
20260303,64174000,14:49:34.000,20260303-AP605-01584,,AP605,target_buy,buy,10143.0,1,486,cancel_requested,fair_invalid_or_session_guard,PAUSED
20260303,64174000,14:49:34.000,20260303-AP605-01585,,AP605,target_sell,sell,10313.0,1,486,cancel_requested,fair_invalid_or_session_guard,PAUSED
20260303,64175000,14:49:35.000,20260303-AP605-01584,,AP605,target_buy,buy,10143.0,1,486,cancel_ack,fair_invalid_or_session_guard,PAUSED
20260303,64175000,14:49:35.000,20260303-AP605-01585,,AP605,target_sell,sell,10313.0,1,486,cancel_ack,fair_invalid_or_session_guard,PAUSED
20260303,64177000,14:49:37.000,20260303-AP605-01586,,AP605,target_buy,buy,10141.0,1,487,submit,initial_quote,FLAT_QUOTING
20260303,64177000,14:49:37.000,20260303-AP605-01587,,AP605,target_sell,sell,10311.0,1,487,submit,initial_quote,FLAT_QUOTING
20260303,64178000,14:49:38.000,20260303-AP605-01586,,AP605,target_buy,buy,10141.0,1,487,ack,,FLAT_QUOTING
20260303,64178000,14:49:38.000,20260303-AP605-01587,,AP605,target_sell,sell,10311.0,1,487,ack,,FLAT_QUOTING
20260303,64179000,14:49:39.000,20260303-AP605-01586,,AP605,target_buy,buy,10141.0,1,487,cancel_requested,fair_invalid_or_session_guard,PAUSED
20260303,64179000,14:49:39.000,20260303-AP605-01587,,AP605,target_sell,sell,10311.0,1,487,cancel_requested,fair_invalid_or_session_guard,PAUSED
20260303,64180000,14:49:40.000,20260303-AP605-01586,,AP605,target_buy,buy,10141.0,1,487,cancel_ack,fair_invalid_or_session_guard,PAUSED
20260303,64180000,14:49:40.000,20260303-AP605-01587,,AP605,target_sell,sell,10311.0,1,487,cancel_ack,fair_invalid_or_session_guard,PAUSED
20260303,64183000,14:49:43.000,20260303-AP605-01588,,AP605,target_buy,buy,10140.0,1,488,submit,initial_quote,FLAT_QUOTING
20260303,64183000,14:49:43.000,20260303-AP605-01589,,AP605,target_sell,sell,10310.0,1,488,submit,initial_quote,FLAT_QUOTING
20260303,64184000,14:49:44.000,20260303-AP605-01588,,AP605,target_buy,buy,10140.0,1,488,ack,,FLAT_QUOTING
20260303,64184000,14:49:44.000,20260303-AP605-01589,,AP605,target_sell,sell,10310.0,1,488,ack,,FLAT_QUOTING
20260303,64193000,14:49:53.000,20260303-AP605-01588,,AP605,target_buy,buy,10140.0,1,488,cancel_requested,fair_invalid_or_session_guard,PAUSED
20260303,64193000,14:49:53.000,20260303-AP605-01589,,AP605,target_sell,sell,10310.0,1,488,cancel_requested,fair_invalid_or_session_guard,PAUSED
20260303,64194000,14:49:54.000,20260303-AP605-01588,,AP605,target_buy,buy,10140.0,1,488,cancel_ack,fair_invalid_or_session_guard,PAUSED
20260303,64194000,14:49:54.000,20260303-AP605-01589,,AP605,target_sell,sell,10310.0,1,488,cancel_ack,fair_invalid_or_session_guard,PAUSED
20260303,64208000,14:50:08.000,20260303-AP605-01590,,AP605,target_buy,buy,10140.0,1,489,submit,initial_quote,FLAT_QUOTING
20260303,64208000,14:50:08.000,20260303-AP605-01591,,AP605,target_sell,sell,10310.0,1,489,submit,initial_quote,FLAT_QUOTING
20260303,64209000,14:50:09.000,20260303-AP605-01590,,AP605,target_buy,buy,10140.0,1,489,ack,,FLAT_QUOTING
20260303,64209000,14:50:09.000,20260303-AP605-01591,,AP605,target_sell,sell,10310.0,1,489,ack,,FLAT_QUOTING
20260303,64216000,14:50:16.000,20260303-AP605-01590,,AP605,target_buy,buy,10140.0,1,489,cancel_requested,fair_invalid_or_session_guard,PAUSED
20260303,64216000,14:50:16.000,20260303-AP605-01591,,AP605,target_sell,sell,10310.0,1,489,cancel_requested,fair_invalid_or_session_guard,PAUSED
20260303,64218000,14:50:18.000,20260303-AP605-01590,,AP605,target_buy,buy,10140.0,1,489,cancel_ack,fair_invalid_or_session_guard,PAUSED
20260303,64218000,14:50:18.000,20260303-AP605-01591,,AP605,target_sell,sell,10310.0,1,489,cancel_ack,fair_invalid_or_session_guard,PAUSED
20260303,64234000,14:50:34.000,20260303-AP605-01592,,AP605,target_buy,buy,10141.0,1,490,submit,initial_quote,FLAT_QUOTING
20260303,64234000,14:50:34.000,20260303-AP605-01593,,AP605,target_sell,sell,10311.0,1,490,submit,initial_quote,FLAT_QUOTING
20260303,64235000,14:50:35.000,20260303-AP605-01592,,AP605,target_buy,buy,10141.0,1,490,ack,,FLAT_QUOTING
20260303,64235000,14:50:35.000,20260303-AP605-01593,,AP605,target_sell,sell,10311.0,1,490,ack,,FLAT_QUOTING
20260303,64254000,14:50:54.000,20260303-AP605-01592,,AP605,target_buy,buy,10141.0,1,490,cancel_requested,fair_invalid_or_session_guard,PAUSED
20260303,64254000,14:50:54.000,20260303-AP605-01593,,AP605,target_sell,sell,10311.0,1,490,cancel_requested,fair_invalid_or_session_guard,PAUSED
20260303,64255000,14:50:55.000,20260303-AP605-01592,,AP605,target_buy,buy,10141.0,1,490,cancel_ack,fair_invalid_or_session_guard,PAUSED
20260303,64255000,14:50:55.000,20260303-AP605-01593,,AP605,target_sell,sell,10311.0,1,490,cancel_ack,fair_invalid_or_session_guard,PAUSED
20260303,64256000,14:50:56.000,20260303-AP605-01594,,AP605,target_buy,buy,10140.0,1,491,submit,initial_quote,FLAT_QUOTING
20260303,64256000,14:50:56.000,20260303-AP605-01595,,AP605,target_sell,sell,10310.0,1,491,submit,initial_quote,FLAT_QUOTING
20260303,64257000,14:50:57.000,20260303-AP605-01594,,AP605,target_buy,buy,10140.0,1,491,ack,,FLAT_QUOTING
20260303,64257000,14:50:57.000,20260303-AP605-01595,,AP605,target_sell,sell,10310.0,1,491,ack,,FLAT_QUOTING
20260303,64272000,14:51:12.000,20260303-AP605-01594,,AP605,target_buy,buy,10140.0,1,491,cancel_requested,fair_invalid_or_session_guard,PAUSED
20260303,64272000,14:51:12.000,20260303-AP605-01595,,AP605,target_sell,sell,10310.0,1,491,cancel_requested,fair_invalid_or_session_guard,PAUSED
20260303,64273000,14:51:13.000,20260303-AP605-01594,,AP605,target_buy,buy,10140.0,1,491,cancel_ack,fair_invalid_or_session_guard,PAUSED
20260303,64273000,14:51:13.000,20260303-AP605-01595,,AP605,target_sell,sell,10310.0,1,491,cancel_ack,fair_invalid_or_session_guard,PAUSED
20260303,64278000,14:51:18.000,20260303-AP605-01596,,AP605,target_buy,buy,10138.0,1,492,submit,initial_quote,FLAT_QUOTING
20260303,64278000,14:51:18.000,20260303-AP605-01597,,AP605,target_sell,sell,10308.0,1,492,submit,initial_quote,FLAT_QUOTING
20260303,64279000,14:51:19.000,20260303-AP605-01596,,AP605,target_buy,buy,10138.0,1,492,ack,,FLAT_QUOTING
20260303,64279000,14:51:19.000,20260303-AP605-01597,,AP605,target_sell,sell,10308.0,1,492,ack,,FLAT_QUOTING
20260303,64281000,14:51:21.000,20260303-AP605-01596,,AP605,target_buy,buy,10138.0,1,492,cancel_requested,fair_invalid_or_session_guard,PAUSED
20260303,64281000,14:51:21.000,20260303-AP605-01597,,AP605,target_sell,sell,10308.0,1,492,cancel_requested,fair_invalid_or_session_guard,PAUSED
20260303,64283000,14:51:23.000,20260303-AP605-01596,,AP605,target_buy,buy,10138.0,1,492,cancel_ack,fair_invalid_or_session_guard,PAUSED
20260303,64283000,14:51:23.000,20260303-AP605-01597,,AP605,target_sell,sell,10308.0,1,492,cancel_ack,fair_invalid_or_session_guard,PAUSED
20260303,64328000,14:52:08.000,20260303-AP605-01598,,AP605,target_buy,buy,10173.0,1,493,submit,initial_quote,FLAT_QUOTING
20260303,64328000,14:52:08.000,20260303-AP605-01599,,AP605,target_sell,sell,10343.0,1,493,submit,initial_quote,FLAT_QUOTING
20260303,64329000,14:52:09.000,20260303-AP605-01598,,AP605,target_buy,buy,10173.0,1,493,ack,,FLAT_QUOTING
20260303,64329000,14:52:09.000,20260303-AP605-01599,,AP605,target_sell,sell,10343.0,1,493,ack,,FLAT_QUOTING
20260303,64333000,14:52:13.000,20260303-AP605-01598,,AP605,target_buy,buy,10173.0,1,493,cancel_requested,fair_invalid_or_session_guard,PAUSED
20260303,64333000,14:52:13.000,20260303-AP605-01599,,AP605,target_sell,sell,10343.0,1,493,cancel_requested,fair_invalid_or_session_guard,PAUSED
20260303,64334000,14:52:14.000,20260303-AP605-01598,,AP605,target_buy,buy,10173.0,1,493,cancel_ack,fair_invalid_or_session_guard,PAUSED
20260303,64334000,14:52:14.000,20260303-AP605-01599,,AP605,target_sell,sell,10343.0,1,493,cancel_ack,fair_invalid_or_session_guard,PAUSED
20260303,64785000,14:59:45.000,20260303-AP605-01600,,AP605,target_buy,buy,10202.0,1,494,submit,initial_quote,FLAT_QUOTING
20260303,64785000,14:59:45.000,20260303-AP605-01601,,AP605,target_sell,sell,10372.0,1,494,submit,initial_quote,FLAT_QUOTING
20260303,64786000,14:59:46.000,20260303-AP605-01600,,AP605,target_buy,buy,10202.0,1,494,ack,,FLAT_QUOTING
20260303,64786000,14:59:46.000,20260303-AP605-01601,,AP605,target_sell,sell,10372.0,1,494,ack,,FLAT_QUOTING
20260303,64786000,14:59:46.000,20260303-AP605-01600,,AP605,target_buy,buy,10202.0,1,494,fill,interval_vwap,FLAT_QUOTING
20260303,64786000,14:59:46.000,20260303-AP605-01601,,AP605,target_sell,sell,10372.0,1,494,cancel_requested,opposite_target_fill,FLAT_QUOTING
20260303,64787000,14:59:47.000,20260303-AP605-01601,,AP605,target_sell,sell,10372.0,1,494,cancel_ack,opposite_target_fill,LONG_PENDING_HEDGE
20260303,64787000,14:59:47.000,20260303-AP605-01602,20260303-AP605-0206,AP604,hedge_entry,sell,,1,494,submit,,LONG_PENDING_HEDGE
20260303,64787000,14:59:47.000,20260303-AP605-01602,20260303-AP605-0206,AP604,hedge_entry,sell,9859.0,1,494,fill,quote_key=64787000,LONG_PENDING_HEDGE
20260303,64788000,14:59:48.000,20260303-AP605-01603,20260303-AP605-0206,AP605,target_exit,sell,,1,494,submit,,FLATTENING
20260303,64788000,14:59:48.000,20260303-AP605-01603,20260303-AP605-0206,AP605,target_exit,sell,10283.0,1,494,fill,,FLATTENING
20260303,64788000,14:59:48.000,20260303-AP605-01604,20260303-AP605-0206,AP604,hedge_exit,buy,,1,494,submit,,FLATTENING
20260303,64788000,14:59:48.000,20260303-AP605-01604,20260303-AP605-0206,AP604,hedge_exit,buy,9875.0,1,494,fill,quote_key=64788000,FLATTENING
20260303,64790000,14:59:50.000,20260303-AP605-01605,,AP605,target_buy,buy,10203.0,1,495,submit,initial_quote,FLAT_QUOTING
20260303,64790000,14:59:50.000,20260303-AP605-01606,,AP605,target_sell,sell,10373.0,1,495,submit,initial_quote,FLAT_QUOTING
20260303,64791000,14:59:51.000,20260303-AP605-01605,,AP605,target_buy,buy,10203.0,1,495,ack,,FLAT_QUOTING
20260303,64791000,14:59:51.000,20260303-AP605-01606,,AP605,target_sell,sell,10373.0,1,495,ack,,FLAT_QUOTING
20260303,64791000,14:59:51.000,20260303-AP605-01605,,AP605,target_buy,buy,10203.0,1,495,fill,interval_vwap,FLAT_QUOTING
20260303,64791000,14:59:51.000,20260303-AP605-01606,,AP605,target_sell,sell,10373.0,1,495,cancel_requested,opposite_target_fill,FLAT_QUOTING
20260303,64792000,14:59:52.000,20260303-AP605-01606,,AP605,target_sell,sell,10373.0,1,495,cancel_ack,opposite_target_fill,LONG_PENDING_HEDGE
20260303,64792000,14:59:52.000,20260303-AP605-01607,20260303-AP605-0207,AP604,hedge_entry,sell,,1,495,submit,,LONG_PENDING_HEDGE
20260303,64792000,14:59:52.000,20260303-AP605-01607,20260303-AP605-0207,AP604,hedge_entry,sell,9862.0,1,495,fill,quote_key=64792000,LONG_PENDING_HEDGE
20260303,64793000,14:59:53.000,20260303-AP605-01608,20260303-AP605-0207,AP605,target_exit,sell,,1,495,submit,,FLATTENING
20260303,64793000,14:59:53.000,20260303-AP605-01608,20260303-AP605-0207,AP605,target_exit,sell,10284.0,1,495,fill,,FLATTENING
20260303,64793000,14:59:53.000,20260303-AP605-01609,20260303-AP605-0207,AP604,hedge_exit,buy,,1,495,submit,,FLATTENING
20260303,64793000,14:59:53.000,20260303-AP605-01609,20260303-AP605-0207,AP604,hedge_exit,buy,9875.0,1,495,fill,quote_key=64793000,FLATTENING
20260303,64795000,14:59:55.000,20260303-AP605-01610,,AP605,target_buy,buy,10203.0,1,496,submit,initial_quote,FLAT_QUOTING
20260303,64795000,14:59:55.000,20260303-AP605-01611,,AP605,target_sell,sell,10373.0,1,496,submit,initial_quote,FLAT_QUOTING
20260303,64796000,14:59:56.000,20260303-AP605-01610,,AP605,target_buy,buy,10203.0,1,496,ack,,FLAT_QUOTING
20260303,64796000,14:59:56.000,20260303-AP605-01611,,AP605,target_sell,sell,10373.0,1,496,ack,,FLAT_QUOTING
20260303,64796000,14:59:56.000,20260303-AP605-01610,,AP605,target_buy,buy,10203.0,1,496,fill,interval_vwap,FLAT_QUOTING
20260303,64796000,14:59:56.000,20260303-AP605-01611,,AP605,target_sell,sell,10373.0,1,496,cancel_requested,opposite_target_fill,FLAT_QUOTING
20260303,64797000,14:59:57.000,20260303-AP605-01611,,AP605,target_sell,sell,10373.0,1,496,cancel_ack,opposite_target_fill,LONG_PENDING_HEDGE
20260303,64797000,14:59:57.000,20260303-AP605-01612,20260303-AP605-0208,AP604,hedge_entry,sell,,1,496,submit,,LONG_PENDING_HEDGE
20260303,64797000,14:59:57.000,20260303-AP605-01612,20260303-AP605-0208,AP604,hedge_entry,sell,9868.0,1,496,fill,quote_key=64797000,LONG_PENDING_HEDGE
20260303,64798000,14:59:58.000,20260303-AP605-01613,20260303-AP605-0208,AP605,target_exit,sell,,1,496,submit,,FLATTENING
20260303,64798000,14:59:58.000,20260303-AP605-01613,20260303-AP605-0208,AP605,target_exit,sell,10281.0,1,496,fill,,FLATTENING
20260303,64798000,14:59:58.000,20260303-AP605-01614,20260303-AP605-0208,AP604,hedge_exit,buy,,1,496,submit,,FLATTENING
20260303,64798000,14:59:58.000,20260303-AP605-01614,20260303-AP605-0208,AP604,hedge_exit,buy,9873.0,1,496,fill,quote_key=64798000,FLATTENING
