trade_date,market_time_key,display_time,from_state,to_state,reason,grid_anchor,buy_limit,sell_limit,fair_price,order_actions_last_minute
20260303,43140000,08:59:00.000,PAUSED,PAUSED,start,,,,,0
20260303,43273000,09:01:13.000,PAUSED,FLAT_QUOTING,fair_recovered,9866.0,9781.0,9951.0,9866.5,0
20260303,43287000,09:01:27.000,FLAT_QUOTING,SHORT_PENDING_HEDGE,target_fill,9866.0,9781.0,9951.0,9871.875,3
20260303,43288000,09:01:28.000,SHORT_PENDING_HEDGE,HEDGED_POSITION,hedge_fill,9866.0,9781.0,9951.0,9872.25,4
20260303,43289000,09:01:29.000,HEDGED_POSITION,FLATTENING,reversion_exit,9866.0,9781.0,9951.0,9871.875,4
20260303,43289000,09:01:29.000,FLATTENING,COOLDOWN,reversion_exit,9866.0,9781.0,9951.0,9871.875,6
20260303,43291000,09:01:31.000,COOLDOWN,FLAT_QUOTING,fair_recovered,9873.0,9788.0,9958.0,9873.0,6
20260303,43294000,09:01:34.000,FLAT_QUOTING,PAUSED,fair_invalid_or_session_guard,9873.0,9788.0,9958.0,,8
20260303,43297000,09:01:37.000,PAUSED,FLAT_QUOTING,fair_recovered,9873.0,9788.0,9958.0,9873.375,10
20260303,43323000,09:02:03.000,FLAT_QUOTING,PAUSED,fair_invalid_or_session_guard,9873.0,9788.0,9958.0,,12
20260303,43326000,09:02:06.000,PAUSED,FLAT_QUOTING,fair_recovered,9874.0,9789.0,9959.0,9873.875,14
20260303,43330000,09:02:10.000,FLAT_QUOTING,PAUSED,fair_invalid_or_session_guard,9874.0,9789.0,9959.0,,16
20260303,43333000,09:02:13.000,PAUSED,FLAT_QUOTING,fair_recovered,9876.0,9791.0,9961.0,9876.0,16
20260303,43337000,09:02:17.000,FLAT_QUOTING,PAUSED,fair_invalid_or_session_guard,9876.0,9791.0,9961.0,,18
20260303,43345000,09:02:25.000,PAUSED,PAUSED,order_action_limit,9876.0,9791.0,9961.0,9876.125,20
20260303,43346000,09:02:26.000,PAUSED,PAUSED,order_action_limit,9876.0,9791.0,9961.0,9876.25,20
20260303,43357000,09:02:37.000,PAUSED,FLAT_QUOTING,fair_recovered,9879.0,9794.0,9964.0,9878.75,10
20260303,43367000,09:02:47.000,FLAT_QUOTING,SHORT_PENDING_HEDGE,target_fill,9879.0,9794.0,9964.0,9877.0,13
20260303,43368000,09:02:48.000,SHORT_PENDING_HEDGE,HEDGED_POSITION,hedge_fill,9879.0,9794.0,9964.0,9877.25,14
20260303,43369000,09:02:49.000,HEDGED_POSITION,FLATTENING,reversion_exit,9879.0,9794.0,9964.0,9877.25,14
20260303,43369000,09:02:49.000,FLATTENING,COOLDOWN,reversion_exit,9879.0,9794.0,9964.0,9877.25,16
20260303,43371000,09:02:51.000,COOLDOWN,FLAT_QUOTING,fair_recovered,9878.0,9793.0,9963.0,9878.5,16
20260303,43390000,09:03:10.000,FLAT_QUOTING,PAUSED,fair_invalid_or_session_guard,9878.0,9793.0,9963.0,,12
20260303,43395000,09:03:15.000,PAUSED,FLAT_QUOTING,fair_recovered,9876.0,9791.0,9961.0,9876.0,12
20260303,43399000,09:03:19.000,FLAT_QUOTING,PAUSED,fair_invalid_or_session_guard,9876.0,9791.0,9961.0,9882.0,12
20260303,43403000,09:03:23.000,PAUSED,FLAT_QUOTING,fair_recovered,9881.0,9796.0,9966.0,9881.0,14
20260303,43442000,09:04:02.000,FLAT_QUOTING,SHORT_PENDING_HEDGE,target_fill,9881.0,9796.0,9966.0,9879.0,9
20260303,43443000,09:04:03.000,SHORT_PENDING_HEDGE,HEDGED_POSITION,hedge_fill,9881.0,9796.0,9966.0,9879.0,10
20260303,43444000,09:04:04.000,HEDGED_POSITION,FLATTENING,reversion_exit,9881.0,9796.0,9966.0,9878.75,10
20260303,43444000,09:04:04.000,FLATTENING,COOLDOWN,reversion_exit,9881.0,9796.0,9966.0,9878.75,12
20260303,43446000,09:04:06.000,COOLDOWN,FLAT_QUOTING,fair_recovered,9878.0,9793.0,9963.0,9878.25,12
20260303,43451000,09:04:11.000,FLAT_QUOTING,PAUSED,fair_invalid_or_session_guard,9878.0,9793.0,9963.0,,12
20260303,43455000,09:04:15.000,PAUSED,FLAT_QUOTING,fair_recovered,9877.0,9792.0,9962.0,9876.625,12
20260303,43479000,09:04:39.000,FLAT_QUOTING,PAUSED,fair_invalid_or_session_guard,9877.0,9792.0,9962.0,,10
20260303,43490000,09:04:50.000,PAUSED,FLAT_QUOTING,fair_recovered,9877.0,9792.0,9962.0,9877.25,12
20260303,43549000,09:05:49.000,FLAT_QUOTING,PAUSED,fair_invalid_or_session_guard,9877.0,9792.0,9962.0,,2
20260303,43552000,09:05:52.000,PAUSED,FLAT_QUOTING,fair_recovered,9888.0,9803.0,9973.0,9888.0,2
20260303,43558000,09:05:58.000,FLAT_QUOTING,PAUSED,fair_invalid_or_session_guard,9888.0,9803.0,9973.0,,4
20260303,43564000,09:06:04.000,PAUSED,FLAT_QUOTING,fair_recovered,9889.0,9804.0,9974.0,9888.75,6
20260303,43569000,09:06:09.000,FLAT_QUOTING,PAUSED,fair_invalid_or_session_guard,9889.0,9804.0,9974.0,,8
20260303,43580000,09:06:20.000,PAUSED,FLAT_QUOTING,fair_recovered,9888.0,9803.0,9973.0,9888.0,10
20260303,43584000,09:06:24.000,FLAT_QUOTING,PAUSED,fair_invalid_or_session_guard,9888.0,9803.0,9973.0,,12
20260303,43591000,09:06:31.000,PAUSED,FLAT_QUOTING,fair_recovered,9890.0,9805.0,9975.0,9889.5,14
20260303,43594000,09:06:34.000,FLAT_QUOTING,SHORT_PENDING_HEDGE,target_fill,9890.0,9805.0,9975.0,,17
20260303,43595000,09:06:35.000,SHORT_PENDING_HEDGE,HEDGED_POSITION,hedge_fill,9890.0,9805.0,9975.0,9890.125,18
20260303,43616000,09:06:56.000,HEDGED_POSITION,FLATTENING,reference_invalid_exit,9890.0,9805.0,9975.0,,14
20260303,43618000,09:06:58.000,FLATTENING,COOLDOWN,reference_invalid_exit,9890.0,9805.0,9975.0,9887.25,14
20260303,43620000,09:07:00.000,COOLDOWN,FLAT_QUOTING,fair_recovered,9888.0,9803.0,9973.0,9888.0,14
20260303,43627000,09:07:07.000,FLAT_QUOTING,PAUSED,fair_invalid_or_session_guard,9888.0,9803.0,9973.0,,14
20260303,43629000,09:07:09.000,PAUSED,FLAT_QUOTING,fair_recovered,9891.0,9806.0,9976.0,9891.125,14
20260303,43644000,09:07:24.000,FLAT_QUOTING,PAUSED,fair_invalid_or_session_guard,9891.0,9806.0,9976.0,,12
20260303,43646000,09:07:26.000,PAUSED,FLAT_QUOTING,fair_recovered,9887.0,9802.0,9972.0,9887.0,14
20260303,43685000,09:08:05.000,FLAT_QUOTING,PAUSED,fair_invalid_or_session_guard,9887.0,9802.0,9972.0,,8
20260303,43687000,09:08:07.000,PAUSED,FLAT_QUOTING,fair_recovered,9884.0,9799.0,9969.0,9883.75,8
20260303,43699000,09:08:19.000,FLAT_QUOTING,PAUSED,fair_invalid_or_session_guard,9884.0,9799.0,9969.0,,8
20260303,43704000,09:08:24.000,PAUSED,FLAT_QUOTING,fair_recovered,9886.0,9801.0,9971.0,9886.25,8
20260303,43709000,09:08:29.000,FLAT_QUOTING,PAUSED,fair_invalid_or_session_guard,9886.0,9801.0,9971.0,,8
20260303,43715000,09:08:35.000,PAUSED,FLAT_QUOTING,fair_recovered,9887.0,9802.0,9972.0,9887.25,10
20260303,43721000,09:08:41.000,FLAT_QUOTING,PAUSED,fair_invalid_or_session_guard,9887.0,9802.0,9972.0,,12
20260303,43726000,09:08:46.000,PAUSED,FLAT_QUOTING,fair_recovered,9888.0,9803.0,9973.0,9887.5,14
20260303,43731000,09:08:51.000,FLAT_QUOTING,PAUSED,data_gap,9888.0,9803.0,9973.0,9886.75,16
20260303,43733000,09:08:53.000,PAUSED,FLAT_QUOTING,fair_recovered,9887.0,9802.0,9972.0,9887.0,18
20260303,43736000,09:08:56.000,FLAT_QUOTING,PAUSED,fair_invalid_or_session_guard,9887.0,9802.0,9972.0,,20
20260303,43740000,09:09:00.000,PAUSED,PAUSED,order_action_limit,9887.0,9802.0,9972.0,9888.125,22
20260303,43741000,09:09:01.000,PAUSED,PAUSED,order_action_limit,9887.0,9802.0,9972.0,9889.5,22
20260303,43742000,09:09:02.000,PAUSED,PAUSED,order_action_limit,9887.0,9802.0,9972.0,9889.25,22
20260303,43743000,09:09:03.000,PAUSED,PAUSED,order_action_limit,9887.0,9802.0,9972.0,9890.0,22
20260303,43744000,09:09:04.000,PAUSED,PAUSED,order_action_limit,9887.0,9802.0,9972.0,9890.0,22
20260303,43745000,09:09:05.000,PAUSED,PAUSED,order_action_limit,9887.0,9802.0,9972.0,9890.0,20
20260303,43746000,09:09:06.000,PAUSED,PAUSED,order_action_limit,9887.0,9802.0,9972.0,9890.0,20
20260303,43750000,09:09:10.000,PAUSED,FLAT_QUOTING,fair_recovered,9891.0,9806.0,9976.0,9891.25,18
20260303,43752000,09:09:12.000,FLAT_QUOTING,PAUSED,fair_invalid_or_session_guard,9891.0,9806.0,9976.0,,20
20260303,43756000,09:09:16.000,PAUSED,PAUSED,order_action_limit,9891.0,9806.0,9976.0,9890.75,22
20260303,43757000,09:09:17.000,PAUSED,PAUSED,order_action_limit,9891.0,9806.0,9976.0,9890.75,22
20260303,43758000,09:09:18.000,PAUSED,PAUSED,order_action_limit,9891.0,9806.0,9976.0,9889.75,22
20260303,43759000,09:09:19.000,PAUSED,PAUSED,order_action_limit,9891.0,9806.0,9976.0,9890.0,20
20260303,43760000,09:09:20.000,PAUSED,PAUSED,order_action_limit,9891.0,9806.0,9976.0,9890.5,20
20260303,43761000,09:09:21.000,PAUSED,PAUSED,order_action_limit,9891.0,9806.0,9976.0,9890.5,20
20260303,43762000,09:09:22.000,PAUSED,PAUSED,order_action_limit,9891.0,9806.0,9976.0,9891.5,20
20260303,43763000,09:09:23.000,PAUSED,PAUSED,order_action_limit,9891.0,9806.0,9976.0,9891.5,20
20260303,43769000,09:09:29.000,PAUSED,FLAT_QUOTING,fair_recovered,9892.0,9807.0,9977.0,9891.75,16
20260303,43771000,09:09:31.000,FLAT_QUOTING,SHORT_PENDING_HEDGE,target_fill,9892.0,9807.0,9977.0,9892.25,19
20260303,43772000,09:09:32.000,SHORT_PENDING_HEDGE,HEDGED_POSITION,hedge_fill,9892.0,9807.0,9977.0,9892.25,20
20260303,43773000,09:09:33.000,HEDGED_POSITION,FLATTENING,reversion_exit,9892.0,9807.0,9977.0,9892.25,20
20260303,43773000,09:09:33.000,FLATTENING,COOLDOWN,reversion_exit,9892.0,9807.0,9977.0,9892.25,22
20260303,43775000,09:09:35.000,COOLDOWN,PAUSED,order_action_limit,9892.0,9807.0,9977.0,9891.75,20
20260303,43776000,09:09:36.000,PAUSED,PAUSED,order_action_limit,9892.0,9807.0,9977.0,9892.25,20
20260303,43777000,09:09:37.000,PAUSED,PAUSED,order_action_limit,9892.0,9807.0,9977.0,9892.25,20
20260303,43778000,09:09:38.000,PAUSED,PAUSED,order_action_limit,9892.0,9807.0,9977.0,9892.5,20
20260303,43779000,09:09:39.000,PAUSED,PAUSED,order_action_limit,9892.0,9807.0,9977.0,9892.5,20
20260303,43785000,09:09:45.000,PAUSED,FLAT_QUOTING,fair_recovered,9891.0,9806.0,9976.0,9891.25,18
20260303,43793000,09:09:53.000,FLAT_QUOTING,PAUSED,fair_invalid_or_session_guard,9891.0,9806.0,9976.0,,14
20260303,43796000,09:09:56.000,PAUSED,FLAT_QUOTING,fair_recovered,9888.0,9803.0,9973.0,9888.5,14
20260303,43817000,09:10:17.000,FLAT_QUOTING,PAUSED,fair_invalid_or_session_guard,9888.0,9803.0,9973.0,,12
20260303,43821000,09:10:21.000,PAUSED,FLAT_QUOTING,fair_recovered,9889.0,9804.0,9974.0,9889.25,14
20260303,43830000,09:10:30.000,FLAT_QUOTING,PAUSED,fair_invalid_or_session_guard,9889.0,9804.0,9974.0,,14
20260303,43841000,09:10:41.000,PAUSED,FLAT_QUOTING,fair_recovered,9888.0,9803.0,9973.0,9888.25,12
20260303,43844000,09:10:44.000,FLAT_QUOTING,PAUSED,fair_invalid_or_session_guard,9888.0,9803.0,9973.0,,14
20260303,43849000,09:10:49.000,PAUSED,FLAT_QUOTING,fair_recovered,9888.0,9803.0,9973.0,9888.25,14
20260303,43876000,09:11:16.000,FLAT_QUOTING,PAUSED,fair_invalid_or_session_guard,9888.0,9803.0,9973.0,,12
20260303,43881000,09:11:21.000,PAUSED,FLAT_QUOTING,fair_recovered,9894.0,9809.0,9979.0,9894.0,10
20260303,43897000,09:11:37.000,FLAT_QUOTING,PAUSED,fair_invalid_or_session_guard,9894.0,9809.0,9979.0,,10
20260303,43919000,09:11:59.000,PAUSED,FLAT_QUOTING,fair_recovered,9902.0,9817.0,9987.0,9902.0,6
20260303,43947000,09:12:27.000,FLAT_QUOTING,SHORT_PENDING_HEDGE,target_fill,9902.0,9817.0,9987.0,9902.75,5
20260303,43948000,09:12:28.000,SHORT_PENDING_HEDGE,HEDGED_POSITION,hedge_fill,9902.0,9817.0,9987.0,9903.0,6
20260303,43949000,09:12:29.000,HEDGED_POSITION,FLATTENING,reversion_exit,9902.0,9817.0,9987.0,9903.0,6
20260303,43949000,09:12:29.000,FLATTENING,COOLDOWN,reversion_exit,9902.0,9817.0,9987.0,9903.0,8
20260303,43951000,09:12:31.000,COOLDOWN,FLAT_QUOTING,fair_recovered,9902.0,9817.0,9987.0,9902.25,8
20260303,43983000,09:13:03.000,FLAT_QUOTING,SHORT_PENDING_HEDGE,target_fill,9902.0,9817.0,9987.0,9903.75,7
20260303,43984000,09:13:04.000,SHORT_PENDING_HEDGE,HEDGED_POSITION,hedge_fill,9902.0,9817.0,9987.0,9903.75,8
20260303,43985000,09:13:05.000,HEDGED_POSITION,FLATTENING,reversion_exit,9902.0,9817.0,9987.0,9904.125,8
20260303,43985000,09:13:05.000,FLATTENING,COOLDOWN,reversion_exit,9902.0,9817.0,9987.0,9904.125,10
20260303,43987000,09:13:07.000,COOLDOWN,FLAT_QUOTING,fair_recovered,9904.0,9819.0,9989.0,9904.0,10
20260303,43997000,09:13:17.000,FLAT_QUOTING,SHORT_PENDING_HEDGE,target_fill,9904.0,9819.0,9989.0,9905.25,13
20260303,43998000,09:13:18.000,SHORT_PENDING_HEDGE,HEDGED_POSITION,hedge_fill,9904.0,9819.0,9989.0,9904.75,14
20260303,43999000,09:13:19.000,HEDGED_POSITION,FLATTENING,reversion_exit,9904.0,9819.0,9989.0,9904.75,14
20260303,43999000,09:13:19.000,FLATTENING,COOLDOWN,reversion_exit,9904.0,9819.0,9989.0,9904.75,16
20260303,44001000,09:13:21.000,COOLDOWN,FLAT_QUOTING,fair_recovered,9904.0,9819.0,9989.0,9904.0,16
20260303,44043000,09:14:03.000,FLAT_QUOTING,PAUSED,fair_invalid_or_session_guard,9904.0,9819.0,9989.0,,11
20260303,44048000,09:14:08.000,PAUSED,FLAT_QUOTING,fair_recovered,9906.0,9821.0,9991.0,9906.5,8
20260303,44055000,09:14:15.000,FLAT_QUOTING,PAUSED,fair_invalid_or_session_guard,9906.0,9821.0,9991.0,,10
20260303,44057000,09:14:17.000,PAUSED,FLAT_QUOTING,fair_recovered,9906.0,9821.0,9991.0,9906.0,11
20260303,44075000,09:14:35.000,FLAT_QUOTING,PAUSED,fair_invalid_or_session_guard,9906.0,9821.0,9991.0,,8
20260303,44083000,09:14:43.000,PAUSED,FLAT_QUOTING,fair_recovered,9906.0,9821.0,9991.0,9906.5,10
20260303,44087000,09:14:47.000,FLAT_QUOTING,PAUSED,fair_invalid_or_session_guard,9906.0,9821.0,9991.0,,12
20260303,44089000,09:14:49.000,PAUSED,FLAT_QUOTING,fair_recovered,9907.0,9822.0,9992.0,9907.0,14
20260303,44111000,09:15:11.000,FLAT_QUOTING,PAUSED,fair_invalid_or_session_guard,9907.0,9822.0,9992.0,,12
20260303,44123000,09:15:23.000,PAUSED,FLAT_QUOTING,fair_recovered,9909.0,9824.0,9994.0,9909.0,10
20260303,44128000,09:15:28.000,FLAT_QUOTING,PAUSED,fair_invalid_or_session_guard,9909.0,9824.0,9994.0,,12
20260303,44132000,09:15:32.000,PAUSED,FLAT_QUOTING,fair_recovered,9907.0,9822.0,9992.0,9907.125,14
20260303,44137000,09:15:37.000,FLAT_QUOTING,PAUSED,fair_invalid_or_session_guard,9907.0,9822.0,9992.0,,14
20260303,44139000,09:15:39.000,PAUSED,FLAT_QUOTING,fair_recovered,9907.0,9822.0,9992.0,9907.0,16
20260303,44162000,09:16:02.000,FLAT_QUOTING,PAUSED,fair_invalid_or_session_guard,9907.0,9822.0,9992.0,,12
20260303,44164000,09:16:04.000,PAUSED,FLAT_QUOTING,fair_recovered,9906.0,9821.0,9991.0,9905.75,14
20260303,44170000,09:16:10.000,FLAT_QUOTING,PAUSED,fair_invalid_or_session_guard,9906.0,9821.0,9991.0,,16
20260303,44172000,09:16:12.000,PAUSED,FLAT_QUOTING,fair_recovered,9904.0,9819.0,9989.0,9904.5,16
20260303,44191000,09:16:31.000,FLAT_QUOTING,PAUSED,fair_invalid_or_session_guard,9904.0,9819.0,9989.0,,14
20260303,44199000,09:16:39.000,PAUSED,FLAT_QUOTING,fair_recovered,9905.0,9820.0,9990.0,9904.75,10
20260303,44203000,09:16:43.000,FLAT_QUOTING,PAUSED,fair_invalid_or_session_guard,9905.0,9820.0,9990.0,,12
20260303,44205000,09:16:45.000,PAUSED,FLAT_QUOTING,fair_recovered,9905.0,9820.0,9990.0,9905.375,14
20260303,44216000,09:16:56.000,FLAT_QUOTING,PAUSED,fair_invalid_or_session_guard,9905.0,9820.0,9990.0,,16
20260303,44221000,09:17:01.000,PAUSED,FLAT_QUOTING,fair_recovered,9906.0,9821.0,9991.0,9906.0,18
20260303,44230000,09:17:10.000,FLAT_QUOTING,PAUSED,fair_invalid_or_session_guard,9906.0,9821.0,9991.0,,14
20260303,44236000,09:17:16.000,PAUSED,FLAT_QUOTING,fair_recovered,9908.0,9823.0,9993.0,9908.25,14
20260303,44240000,09:17:20.000,FLAT_QUOTING,PAUSED,fair_invalid_or_session_guard,9908.0,9823.0,9993.0,,16
20260303,44248000,09:17:28.000,PAUSED,FLAT_QUOTING,fair_recovered,9910.0,9825.0,9995.0,9910.0,18
20260303,44263000,09:17:43.000,FLAT_QUOTING,PAUSED,fair_invalid_or_session_guard,9910.0,9825.0,9995.0,,14
20260303,44270000,09:17:50.000,PAUSED,FLAT_QUOTING,fair_recovered,9910.0,9825.0,9995.0,9910.0,14
20260303,44277000,09:17:57.000,FLAT_QUOTING,PAUSED,fair_invalid_or_session_guard,9910.0,9825.0,9995.0,,14
20260303,44311000,09:18:31.000,PAUSED,FLAT_QUOTING,fair_recovered,9905.0,9820.0,9990.0,9905.25,6
20260303,44317000,09:18:37.000,FLAT_QUOTING,PAUSED,fair_invalid_or_session_guard,9905.0,9820.0,9990.0,,8
20260303,44327000,09:18:47.000,PAUSED,FLAT_QUOTING,fair_recovered,9904.0,9819.0,9989.0,9904.5,8
20260303,44330000,09:18:50.000,FLAT_QUOTING,PAUSED,fair_invalid_or_session_guard,9904.0,9819.0,9989.0,,8
20260303,44332000,09:18:52.000,PAUSED,FLAT_QUOTING,fair_recovered,9906.0,9821.0,9991.0,9905.75,10
20260303,44337000,09:18:57.000,FLAT_QUOTING,PAUSED,fair_invalid_or_session_guard,9906.0,9821.0,9991.0,,10
20260303,44342000,09:19:02.000,PAUSED,FLAT_QUOTING,fair_recovered,9906.0,9821.0,9991.0,9905.75,12
20260303,44349000,09:19:09.000,FLAT_QUOTING,PAUSED,fair_invalid_or_session_guard,9906.0,9821.0,9991.0,,14
20260303,44354000,09:19:14.000,PAUSED,FLAT_QUOTING,fair_recovered,9906.0,9821.0,9991.0,9906.375,16
20260303,44377000,09:19:37.000,FLAT_QUOTING,PAUSED,fair_invalid_or_session_guard,9906.0,9821.0,9991.0,,14
20260303,44392000,09:19:52.000,PAUSED,FLAT_QUOTING,fair_recovered,9905.0,9820.0,9990.0,9905.25,10
20260303,44398000,09:19:58.000,FLAT_QUOTING,PAUSED,fair_invalid_or_session_guard,9905.0,9820.0,9990.0,,10
20260303,44401000,09:20:01.000,PAUSED,FLAT_QUOTING,fair_recovered,9904.0,9819.0,9989.0,9904.25,12
20260303,44406000,09:20:06.000,FLAT_QUOTING,PAUSED,fair_invalid_or_session_guard,9904.0,9819.0,9989.0,,12
20260303,44434000,09:20:34.000,PAUSED,FLAT_QUOTING,fair_recovered,9904.0,9819.0,9989.0,9904.25,10
20260303,44440000,09:20:40.000,FLAT_QUOTING,PAUSED,fair_invalid_or_session_guard,9904.0,9819.0,9989.0,,10
20260303,44443000,09:20:43.000,PAUSED,FLAT_QUOTING,fair_recovered,9904.0,9819.0,9989.0,9904.0,12
20260303,44445000,09:20:45.000,FLAT_QUOTING,PAUSED,fair_invalid_or_session_guard,9904.0,9819.0,9989.0,,14
20260303,44454000,09:20:54.000,PAUSED,FLAT_QUOTING,fair_recovered,9904.0,9819.0,9989.0,9904.25,14
20260303,44458000,09:20:58.000,FLAT_QUOTING,PAUSED,fair_invalid_or_session_guard,9904.0,9819.0,9989.0,,14
20260303,44461000,09:21:01.000,PAUSED,FLAT_QUOTING,fair_recovered,9905.0,9820.0,9990.0,9905.0,14
20260303,44465000,09:21:05.000,FLAT_QUOTING,PAUSED,fair_invalid_or_session_guard,9905.0,9820.0,9990.0,,16
20260303,44483000,09:21:23.000,PAUSED,FLAT_QUOTING,fair_recovered,9905.0,9820.0,9990.0,9905.0,16
20260303,44487000,09:21:27.000,FLAT_QUOTING,PAUSED,fair_invalid_or_session_guard,9905.0,9820.0,9990.0,,18
20260303,44499000,09:21:39.000,PAUSED,FLAT_QUOTING,fair_recovered,9904.0,9819.0,9989.0,9904.5,18
20260303,44508000,09:21:48.000,FLAT_QUOTING,PAUSED,fair_invalid_or_session_guard,9904.0,9819.0,9989.0,,14
20260303,44511000,09:21:51.000,PAUSED,FLAT_QUOTING,fair_recovered,9905.0,9820.0,9990.0,9904.75,16
20260303,44516000,09:21:56.000,FLAT_QUOTING,PAUSED,fair_invalid_or_session_guard,9905.0,9820.0,9990.0,,16
20260303,44538000,09:22:18.000,PAUSED,FLAT_QUOTING,fair_recovered,9906.0,9821.0,9991.0,9906.5,12
20260303,44554000,09:22:34.000,FLAT_QUOTING,PAUSED,fair_invalid_or_session_guard,9906.0,9821.0,9991.0,,10
20260303,44556000,09:22:36.000,PAUSED,FLAT_QUOTING,fair_recovered,9908.0,9823.0,9993.0,9908.25,12
20260303,44576000,09:22:56.000,FLAT_QUOTING,PAUSED,fair_invalid_or_session_guard,9908.0,9823.0,9993.0,,6
20260303,44579000,09:22:59.000,PAUSED,FLAT_QUOTING,fair_recovered,9909.0,9824.0,9994.0,9909.25,8
20260303,44586000,09:23:06.000,FLAT_QUOTING,PAUSED,fair_invalid_or_session_guard,9909.0,9824.0,9994.0,,10
20260303,44590000,09:23:10.000,PAUSED,FLAT_QUOTING,fair_recovered,9910.0,9825.0,9995.0,9910.5,12
20260303,44618000,09:23:38.000,FLAT_QUOTING,SHORT_PENDING_HEDGE,target_fill,9910.0,9825.0,9995.0,9912.5,9
20260303,44619000,09:23:39.000,SHORT_PENDING_HEDGE,HEDGED_POSITION,hedge_fill,9910.0,9825.0,9995.0,9912.75,10
20260303,44620000,09:23:40.000,HEDGED_POSITION,FLATTENING,reversion_exit,9910.0,9825.0,9995.0,9912.75,10
20260303,44620000,09:23:40.000,FLATTENING,COOLDOWN,reversion_exit,9910.0,9825.0,9995.0,9912.75,12
20260303,44622000,09:23:42.000,COOLDOWN,FLAT_QUOTING,fair_recovered,9914.0,9829.0,9999.0,9913.5,12
20260303,44643000,09:24:03.000,FLAT_QUOTING,PAUSED,fair_invalid_or_session_guard,9914.0,9829.0,9999.0,,10
20260303,44685000,09:24:45.000,PAUSED,FLAT_QUOTING,fair_recovered,9918.0,9833.0,10003.0,9917.625,2
20260303,44689000,09:24:49.000,FLAT_QUOTING,PAUSED,fair_invalid_or_session_guard,9918.0,9833.0,10003.0,,4
20260303,44700000,09:25:00.000,PAUSED,FLAT_QUOTING,fair_recovered,9922.0,9837.0,10007.0,9922.0,6
20260303,44703000,09:25:03.000,FLAT_QUOTING,PAUSED,fair_invalid_or_session_guard,9922.0,9837.0,10007.0,,6
20260303,44715000,09:25:15.000,PAUSED,FLAT_QUOTING,fair_recovered,9920.0,9835.0,10005.0,9920.375,8
20260303,44722000,09:25:22.000,FLAT_QUOTING,PAUSED,fair_invalid_or_session_guard,9920.0,9835.0,10005.0,,10
20260303,44728000,09:25:28.000,PAUSED,FLAT_QUOTING,fair_recovered,9920.0,9835.0,10005.0,9919.75,12
20260303,44731000,09:25:31.000,FLAT_QUOTING,PAUSED,fair_invalid_or_session_guard,9920.0,9835.0,10005.0,,14
20260303,44737000,09:25:37.000,PAUSED,FLAT_QUOTING,fair_recovered,9920.0,9835.0,10005.0,9919.5,16
20260303,44742000,09:25:42.000,FLAT_QUOTING,PAUSED,fair_invalid_or_session_guard,9920.0,9835.0,10005.0,,18
20260303,44751000,09:25:51.000,PAUSED,FLAT_QUOTING,fair_recovered,9919.0,9834.0,10004.0,9919.25,16
20260303,44754000,09:25:54.000,FLAT_QUOTING,PAUSED,fair_invalid_or_session_guard,9919.0,9834.0,10004.0,,18
20260303,44767000,09:26:07.000,PAUSED,FLAT_QUOTING,fair_recovered,9922.0,9837.0,10007.0,9922.0,16
20260303,44779000,09:26:19.000,FLAT_QUOTING,PAUSED,fair_invalid_or_session_guard,9922.0,9837.0,10007.0,,16
20260303,44790000,09:26:30.000,PAUSED,FLAT_QUOTING,fair_recovered,9921.0,9836.0,10006.0,9921.25,14
20260303,44795000,09:26:35.000,FLAT_QUOTING,PAUSED,fair_invalid_or_session_guard,9921.0,9836.0,10006.0,,14
20260303,44799000,09:26:39.000,PAUSED,FLAT_QUOTING,fair_recovered,9920.0,9835.0,10005.0,9920.5,14
20260303,44805000,09:26:45.000,FLAT_QUOTING,PAUSED,fair_invalid_or_session_guard,9920.0,9835.0,10005.0,,14
20260303,44822000,09:27:02.000,PAUSED,FLAT_QUOTING,fair_recovered,9919.0,9834.0,10004.0,9918.75,12
20260303,44831000,09:27:11.000,FLAT_QUOTING,PAUSED,fair_invalid_or_session_guard,9919.0,9834.0,10004.0,,12
20260303,44833000,09:27:13.000,PAUSED,FLAT_QUOTING,fair_recovered,9920.0,9835.0,10005.0,9919.5,14
20260303,44837000,09:27:17.000,FLAT_QUOTING,PAUSED,fair_invalid_or_session_guard,9920.0,9835.0,10005.0,,16
20260303,44839000,09:27:19.000,PAUSED,FLAT_QUOTING,fair_recovered,9920.0,9835.0,10005.0,9920.0,16
20260303,44849000,09:27:29.000,FLAT_QUOTING,PAUSED,fair_invalid_or_session_guard,9920.0,9835.0,10005.0,,18
20260303,44865000,09:27:45.000,PAUSED,FLAT_QUOTING,fair_recovered,9914.0,9829.0,9999.0,9913.75,12
20260303,44881000,09:28:01.000,FLAT_QUOTING,PAUSED,fair_invalid_or_session_guard,9914.0,9829.0,9999.0,9909.25,14
20260303,44932000,09:28:52.000,PAUSED,FLAT_QUOTING,fair_recovered,9907.0,9822.0,9992.0,9907.0,2
20260303,44936000,09:28:56.000,FLAT_QUOTING,PAUSED,fair_invalid_or_session_guard,9907.0,9822.0,9992.0,,4
20260303,44940000,09:29:00.000,PAUSED,FLAT_QUOTING,fair_recovered,9906.0,9821.0,9991.0,9906.5,6
20260303,44942000,09:29:02.000,FLAT_QUOTING,PAUSED,fair_invalid_or_session_guard,9906.0,9821.0,9991.0,,6
20260303,45126000,09:32:06.000,PAUSED,FLAT_QUOTING,fair_recovered,9913.0,9828.0,9998.0,9913.0,0
20260303,45132000,09:32:12.000,FLAT_QUOTING,PAUSED,fair_invalid_or_session_guard,9913.0,9828.0,9998.0,,2
20260303,45134000,09:32:14.000,PAUSED,FLAT_QUOTING,fair_recovered,9910.0,9825.0,9995.0,9910.375,4
20260303,45139000,09:32:19.000,FLAT_QUOTING,PAUSED,data_gap,9910.0,9825.0,9995.0,9909.0,6
20260303,45141000,09:32:21.000,PAUSED,FLAT_QUOTING,fair_recovered,9908.0,9823.0,9993.0,9908.0,8
20260303,45149000,09:32:29.000,FLAT_QUOTING,PAUSED,fair_invalid_or_session_guard,9908.0,9823.0,9993.0,,10
20260303,45152000,09:32:32.000,PAUSED,FLAT_QUOTING,fair_recovered,9911.0,9826.0,9996.0,9910.625,12
20260303,45167000,09:32:47.000,FLAT_QUOTING,PAUSED,fair_invalid_or_session_guard,9911.0,9826.0,9996.0,9919.25,14
20260303,45179000,09:32:59.000,PAUSED,FLAT_QUOTING,fair_recovered,9920.0,9835.0,10005.0,9919.75,16
20260303,45182000,09:33:02.000,FLAT_QUOTING,PAUSED,fair_invalid_or_session_guard,9920.0,9835.0,10005.0,9922.0,18
20260303,45187000,09:33:07.000,PAUSED,FLAT_QUOTING,fair_recovered,9922.0,9837.0,10007.0,9921.75,18
20260303,45191000,09:33:11.000,FLAT_QUOTING,PAUSED,fair_invalid_or_session_guard,9922.0,9837.0,10007.0,,20
20260303,45196000,09:33:16.000,PAUSED,FLAT_QUOTING,fair_recovered,9922.0,9837.0,10007.0,9922.5,18
20260303,45200000,09:33:20.000,FLAT_QUOTING,PAUSED,fair_invalid_or_session_guard,9922.0,9837.0,10007.0,,18
20260303,45220000,09:33:40.000,PAUSED,FLAT_QUOTING,fair_recovered,9924.0,9839.0,10009.0,9924.5,14
20260303,45230000,09:33:50.000,FLAT_QUOTING,PAUSED,fair_invalid_or_session_guard,9924.0,9839.0,10009.0,,14
20260303,45235000,09:33:55.000,PAUSED,FLAT_QUOTING,fair_recovered,9926.0,9841.0,10011.0,9925.75,16
20260303,45237000,09:33:57.000,FLAT_QUOTING,PAUSED,fair_invalid_or_session_guard,9926.0,9841.0,10011.0,,18
20260303,45269000,09:34:29.000,PAUSED,FLAT_QUOTING,fair_recovered,9926.0,9841.0,10011.0,9926.25,8
20260303,45275000,09:34:35.000,FLAT_QUOTING,PAUSED,fair_invalid_or_session_guard,9926.0,9841.0,10011.0,,10
20260303,45280000,09:34:40.000,PAUSED,FLAT_QUOTING,fair_recovered,9926.0,9841.0,10011.0,9925.75,10
20260303,45316000,09:35:16.000,FLAT_QUOTING,PAUSED,fair_invalid_or_session_guard,9926.0,9841.0,10011.0,,6
20260303,45318000,09:35:18.000,PAUSED,FLAT_QUOTING,fair_recovered,9925.0,9840.0,10010.0,9925.0,8
20260303,45343000,09:35:43.000,FLAT_QUOTING,PAUSED,fair_invalid_or_session_guard,9925.0,9840.0,10010.0,,4
20260303,45351000,09:35:51.000,PAUSED,FLAT_QUOTING,fair_recovered,9922.0,9837.0,10007.0,9922.25,6
20260303,45361000,09:36:01.000,FLAT_QUOTING,SHORT_PENDING_HEDGE,target_fill,9922.0,9837.0,10007.0,9926.75,9
20260303,45362000,09:36:02.000,SHORT_PENDING_HEDGE,HEDGED_POSITION,hedge_fill,9922.0,9837.0,10007.0,9927.0,10
20260303,45363000,09:36:03.000,HEDGED_POSITION,FLATTENING,reversion_exit,9922.0,9837.0,10007.0,9926.5,10
20260303,45363000,09:36:03.000,FLATTENING,COOLDOWN,reversion_exit,9922.0,9837.0,10007.0,9926.5,12
20260303,45365000,09:36:05.000,COOLDOWN,FLAT_QUOTING,fair_recovered,9925.0,9840.0,10010.0,9924.75,12
20260303,45374000,09:36:14.000,FLAT_QUOTING,PAUSED,fair_invalid_or_session_guard,9925.0,9840.0,10010.0,,14
20260303,45381000,09:36:21.000,PAUSED,FLAT_QUOTING,fair_recovered,9926.0,9841.0,10011.0,9926.125,12
20260303,45399000,09:36:39.000,FLAT_QUOTING,PAUSED,fair_invalid_or_session_guard,9926.0,9841.0,10011.0,,14
20260303,45401000,09:36:41.000,PAUSED,FLAT_QUOTING,fair_recovered,9928.0,9843.0,10013.0,9927.75,16
20260303,45405000,09:36:45.000,FLAT_QUOTING,PAUSED,fair_invalid_or_session_guard,9928.0,9843.0,10013.0,,16
20260303,45408000,09:36:48.000,PAUSED,FLAT_QUOTING,fair_recovered,9927.0,9842.0,10012.0,9926.75,18
20260303,45420000,09:37:00.000,FLAT_QUOTING,SHORT_PENDING_HEDGE,target_fill,9927.0,9842.0,10012.0,9929.0,19
20260303,45421000,09:37:01.000,SHORT_PENDING_HEDGE,HEDGED_POSITION,hedge_fill,9927.0,9842.0,10012.0,9929.125,19
20260303,45422000,09:37:02.000,HEDGED_POSITION,FLATTENING,reversion_exit,9927.0,9842.0,10012.0,9928.75,18
20260303,45422000,09:37:02.000,FLATTENING,COOLDOWN,reversion_exit,9927.0,9842.0,10012.0,9928.75,20
20260303,45424000,09:37:04.000,COOLDOWN,FLAT_QUOTING,fair_recovered,9928.0,9843.0,10013.0,9928.5,18
20260303,45447000,09:37:27.000,FLAT_QUOTING,PAUSED,fair_invalid_or_session_guard,9928.0,9843.0,10013.0,,14
20260303,45449000,09:37:29.000,PAUSED,FLAT_QUOTING,fair_recovered,9928.0,9843.0,10013.0,9927.75,16
20260303,45454000,09:37:34.000,FLAT_QUOTING,PAUSED,fair_invalid_or_session_guard,9928.0,9843.0,10013.0,,18
20260303,45462000,09:37:42.000,PAUSED,FLAT_QUOTING,fair_recovered,9931.0,9846.0,10016.0,9931.0,16
20260303,45507000,09:38:27.000,FLAT_QUOTING,PAUSED,fair_invalid_or_session_guard,9931.0,9846.0,10016.0,,6
20260303,45512000,09:38:32.000,PAUSED,FLAT_QUOTING,fair_recovered,9924.0,9839.0,10009.0,9924.5,6
20260303,45521000,09:38:41.000,FLAT_QUOTING,PAUSED,fair_invalid_or_session_guard,9924.0,9839.0,10009.0,,6
20260303,45526000,09:38:46.000,PAUSED,FLAT_QUOTING,fair_recovered,9924.0,9839.0,10009.0,9924.5,6
20260303,45531000,09:38:51.000,FLAT_QUOTING,PAUSED,fair_invalid_or_session_guard,9924.0,9839.0,10009.0,,8
20260303,45534000,09:38:54.000,PAUSED,FLAT_QUOTING,fair_recovered,9924.0,9839.0,10009.0,9924.25,10
20260303,45607000,09:40:07.000,FLAT_QUOTING,PAUSED,fair_invalid_or_session_guard,9924.0,9839.0,10009.0,,0
20260303,45609000,09:40:09.000,PAUSED,FLAT_QUOTING,fair_recovered,9924.0,9839.0,10009.0,9923.5,2
20260303,45632000,09:40:32.000,FLAT_QUOTING,PAUSED,fair_invalid_or_session_guard,9924.0,9839.0,10009.0,,4
20260303,45636000,09:40:36.000,PAUSED,FLAT_QUOTING,fair_recovered,9926.0,9841.0,10011.0,9925.75,6
20260303,45657000,09:40:57.000,FLAT_QUOTING,PAUSED,fair_invalid_or_session_guard,9926.0,9841.0,10011.0,,8
20260303,45670000,09:41:10.000,PAUSED,FLAT_QUOTING,fair_recovered,9925.0,9840.0,10010.0,9925.0,6
20260303,45676000,09:41:16.000,FLAT_QUOTING,PAUSED,fair_invalid_or_session_guard,9925.0,9840.0,10010.0,,8
20260303,45681000,09:41:21.000,PAUSED,FLAT_QUOTING,fair_recovered,9923.0,9838.0,10008.0,9923.0,10
20260303,45685000,09:41:25.000,FLAT_QUOTING,PAUSED,fair_invalid_or_session_guard,9923.0,9838.0,10008.0,,12
20260303,45687000,09:41:27.000,PAUSED,FLAT_QUOTING,fair_recovered,9923.0,9838.0,10008.0,9923.25,14
20260303,45695000,09:41:35.000,FLAT_QUOTING,PAUSED,fair_invalid_or_session_guard,9923.0,9838.0,10008.0,,14
20260303,45697000,09:41:37.000,PAUSED,FLAT_QUOTING,fair_recovered,9921.0,9836.0,10006.0,9921.25,14
20260303,45704000,09:41:44.000,FLAT_QUOTING,PAUSED,fair_invalid_or_session_guard,9921.0,9836.0,10006.0,,16
20260303,45718000,09:41:58.000,PAUSED,FLAT_QUOTING,fair_recovered,9920.0,9835.0,10005.0,9920.0,16
20260303,45743000,09:42:23.000,FLAT_QUOTING,PAUSED,fair_invalid_or_session_guard,9920.0,9835.0,10005.0,,12
20260303,45746000,09:42:26.000,PAUSED,FLAT_QUOTING,fair_recovered,9921.0,9836.0,10006.0,9921.25,12
20260303,45755000,09:42:35.000,FLAT_QUOTING,PAUSED,fair_invalid_or_session_guard,9921.0,9836.0,10006.0,,10
20260303,45757000,09:42:37.000,PAUSED,FLAT_QUOTING,fair_recovered,9920.0,9835.0,10005.0,9920.25,10
20260303,45761000,09:42:41.000,FLAT_QUOTING,PAUSED,fair_invalid_or_session_guard,9920.0,9835.0,10005.0,,12
20260303,45766000,09:42:46.000,PAUSED,FLAT_QUOTING,fair_recovered,9922.0,9837.0,10007.0,9922.5,12
20260303,45810000,09:43:30.000,FLAT_QUOTING,PAUSED,fair_invalid_or_session_guard,9922.0,9837.0,10007.0,,8
20260303,45835000,09:43:55.000,PAUSED,FLAT_QUOTING,fair_recovered,9930.0,9845.0,10015.0,9930.5,2
20260303,45870000,09:44:30.000,FLAT_QUOTING,PAUSED,fair_invalid_or_session_guard,9930.0,9845.0,10015.0,,2
20260303,45883000,09:44:43.000,PAUSED,FLAT_QUOTING,fair_recovered,9927.0,9842.0,10012.0,9927.0,4
20260303,45887000,09:44:47.000,FLAT_QUOTING,PAUSED,fair_invalid_or_session_guard,9927.0,9842.0,10012.0,,6
20260303,45890000,09:44:50.000,PAUSED,FLAT_QUOTING,fair_recovered,9927.0,9842.0,10012.0,9927.25,8
20260303,45922000,09:45:22.000,FLAT_QUOTING,PAUSED,fair_invalid_or_session_guard,9927.0,9842.0,10012.0,,8
20260303,45924000,09:45:24.000,PAUSED,FLAT_QUOTING,fair_recovered,9930.0,9845.0,10015.0,9930.25,10
20260303,46031000,09:47:11.000,FLAT_QUOTING,PAUSED,fair_invalid_or_session_guard,9930.0,9845.0,10015.0,,0
20260303,46033000,09:47:13.000,PAUSED,FLAT_QUOTING,fair_recovered,9936.0,9851.0,10021.0,9936.5,2
20260303,46041000,09:47:21.000,FLAT_QUOTING,PAUSED,fair_invalid_or_session_guard,9936.0,9851.0,10021.0,,4
20260303,46043000,09:47:23.000,PAUSED,FLAT_QUOTING,fair_recovered,9938.0,9853.0,10023.0,9937.5,6
20260303,46047000,09:47:27.000,FLAT_QUOTING,PAUSED,fair_invalid_or_session_guard,9938.0,9853.0,10023.0,,8
20260303,46063000,09:47:43.000,PAUSED,FLAT_QUOTING,fair_recovered,9940.0,9855.0,10025.0,9940.25,10
20260303,46071000,09:47:51.000,FLAT_QUOTING,PAUSED,fair_invalid_or_session_guard,9940.0,9855.0,10025.0,,12
20260303,46076000,09:47:56.000,PAUSED,FLAT_QUOTING,fair_recovered,9938.0,9853.0,10023.0,9938.5,14
20260303,46082000,09:48:02.000,FLAT_QUOTING,SHORT_PENDING_HEDGE,target_fill,9938.0,9853.0,10023.0,9941.75,17
20260303,46083000,09:48:03.000,SHORT_PENDING_HEDGE,HEDGED_POSITION,hedge_fill,9938.0,9853.0,10023.0,9942.25,18
20260303,46084000,09:48:04.000,HEDGED_POSITION,FLATTENING,reversion_exit,9938.0,9853.0,10023.0,9941.75,18
20260303,46084000,09:48:04.000,FLATTENING,COOLDOWN,reversion_exit,9938.0,9853.0,10023.0,9941.75,20
20260303,46086000,09:48:06.000,COOLDOWN,PAUSED,order_action_limit,9938.0,9853.0,10023.0,9941.75,20
20260303,46087000,09:48:07.000,PAUSED,PAUSED,order_action_limit,9938.0,9853.0,10023.0,9941.75,20
20260303,46088000,09:48:08.000,PAUSED,PAUSED,order_action_limit,9938.0,9853.0,10023.0,9940.25,20
20260303,46089000,09:48:09.000,PAUSED,PAUSED,order_action_limit,9938.0,9853.0,10023.0,9945.875,20
20260303,46090000,09:48:10.000,PAUSED,PAUSED,order_action_limit,9938.0,9853.0,10023.0,9940.375,20
20260303,46091000,09:48:11.000,PAUSED,FLAT_QUOTING,fair_recovered,9940.0,9855.0,10025.0,9940.0,18
20260303,46096000,09:48:16.000,FLAT_QUOTING,PAUSED,fair_invalid_or_session_guard,9940.0,9855.0,10025.0,,18
20260303,46123000,09:48:43.000,PAUSED,FLAT_QUOTING,fair_recovered,9938.0,9853.0,10023.0,9937.5,12
20260303,46126000,09:48:46.000,FLAT_QUOTING,PAUSED,fair_invalid_or_session_guard,9938.0,9853.0,10023.0,,14
20260303,46131000,09:48:51.000,PAUSED,FLAT_QUOTING,fair_recovered,9938.0,9853.0,10023.0,9937.75,14
20260303,46169000,09:49:29.000,FLAT_QUOTING,PAUSED,fair_invalid_or_session_guard,9938.0,9853.0,10023.0,,6
20260303,46171000,09:49:31.000,PAUSED,FLAT_QUOTING,fair_recovered,9934.0,9849.0,10019.0,9934.0,8
20260303,46210000,09:50:10.000,FLAT_QUOTING,PAUSED,fair_invalid_or_session_guard,9934.0,9849.0,10019.0,,4
20260303,46212000,09:50:12.000,PAUSED,FLAT_QUOTING,fair_recovered,9936.0,9851.0,10021.0,9935.5,6
20260303,46233000,09:50:33.000,FLAT_QUOTING,PAUSED,fair_invalid_or_session_guard,9936.0,9851.0,10021.0,,4
20260303,46236000,09:50:36.000,PAUSED,FLAT_QUOTING,fair_recovered,9936.0,9851.0,10021.0,9935.75,6
20260303,46239000,09:50:39.000,FLAT_QUOTING,PAUSED,fair_invalid_or_session_guard,9936.0,9851.0,10021.0,,8
20260303,46303000,09:51:43.000,PAUSED,FLAT_QUOTING,fair_recovered,9938.0,9853.0,10023.0,9937.5,0
20260303,46308000,09:51:48.000,FLAT_QUOTING,PAUSED,fair_invalid_or_session_guard,9938.0,9853.0,10023.0,,2
20260303,46316000,09:51:56.000,PAUSED,FLAT_QUOTING,fair_recovered,9938.0,9853.0,10023.0,9937.625,4
20260303,46320000,09:52:00.000,FLAT_QUOTING,PAUSED,fair_invalid_or_session_guard,9938.0,9853.0,10023.0,,6
20260303,46375000,09:52:55.000,PAUSED,FLAT_QUOTING,fair_recovered,9938.0,9853.0,10023.0,9938.5,4
20260303,46379000,09:52:59.000,FLAT_QUOTING,PAUSED,fair_invalid_or_session_guard,9938.0,9853.0,10023.0,,4
20260303,46389000,09:53:09.000,PAUSED,FLAT_QUOTING,fair_recovered,9939.0,9854.0,10024.0,9939.25,4
20260303,46392000,09:53:12.000,FLAT_QUOTING,PAUSED,fair_invalid_or_session_guard,9939.0,9854.0,10024.0,,6
20260303,46403000,09:53:23.000,PAUSED,FLAT_QUOTING,fair_recovered,9940.0,9855.0,10025.0,9940.25,8
20260303,46408000,09:53:28.000,FLAT_QUOTING,PAUSED,fair_invalid_or_session_guard,9940.0,9855.0,10025.0,,10
20260303,46418000,09:53:38.000,PAUSED,FLAT_QUOTING,fair_recovered,9942.0,9857.0,10027.0,9941.625,12
20260303,46423000,09:53:43.000,FLAT_QUOTING,PAUSED,fair_invalid_or_session_guard,9942.0,9857.0,10027.0,,14
20260303,46433000,09:53:53.000,PAUSED,FLAT_QUOTING,fair_recovered,9940.0,9855.0,10025.0,9939.875,16
20260303,46438000,09:53:58.000,FLAT_QUOTING,PAUSED,fair_invalid_or_session_guard,9940.0,9855.0,10025.0,,16
20260303,46448000,09:54:08.000,PAUSED,FLAT_QUOTING,fair_recovered,9942.0,9857.0,10027.0,9941.875,16
20260303,46453000,09:54:13.000,FLAT_QUOTING,PAUSED,fair_invalid_or_session_guard,9942.0,9857.0,10027.0,,14
20260303,46466000,09:54:26.000,PAUSED,FLAT_QUOTING,fair_recovered,9941.0,9856.0,10026.0,9941.25,14
20260303,46468000,09:54:28.000,FLAT_QUOTING,PAUSED,fair_invalid_or_session_guard,9941.0,9856.0,10026.0,,14
20260303,46475000,09:54:35.000,PAUSED,FLAT_QUOTING,fair_recovered,9940.0,9855.0,10025.0,9940.375,16
20260303,46480000,09:54:40.000,FLAT_QUOTING,PAUSED,fair_invalid_or_session_guard,9940.0,9855.0,10025.0,,16
20260303,46487000,09:54:47.000,PAUSED,FLAT_QUOTING,fair_recovered,9941.0,9856.0,10026.0,9940.75,16
20260303,46489000,09:54:49.000,FLAT_QUOTING,PAUSED,fair_invalid_or_session_guard,9941.0,9856.0,10026.0,,18
20260303,46492000,09:54:52.000,PAUSED,PAUSED,order_action_limit,9941.0,9856.0,10026.0,9941.875,20
20260303,46493000,09:54:53.000,PAUSED,FLAT_QUOTING,fair_recovered,9942.0,9857.0,10027.0,9942.25,18
20260303,46496000,09:54:56.000,FLAT_QUOTING,PAUSED,fair_invalid_or_session_guard,9942.0,9857.0,10027.0,,20
20260303,46501000,09:55:01.000,PAUSED,PAUSED,order_action_limit,9942.0,9857.0,10027.0,9942.5,20
20260303,46502000,09:55:02.000,PAUSED,PAUSED,order_action_limit,9942.0,9857.0,10027.0,9942.75,20
20260303,46503000,09:55:03.000,PAUSED,PAUSED,order_action_limit,9942.0,9857.0,10027.0,9942.75,20
20260303,46504000,09:55:04.000,PAUSED,PAUSED,order_action_limit,9942.0,9857.0,10027.0,9943.0,20
20260303,46505000,09:55:05.000,PAUSED,PAUSED,order_action_limit,9942.0,9857.0,10027.0,9943.0,20
20260303,46506000,09:55:06.000,PAUSED,PAUSED,order_action_limit,9942.0,9857.0,10027.0,9942.75,20
20260303,46507000,09:55:07.000,PAUSED,PAUSED,order_action_limit,9942.0,9857.0,10027.0,9942.75,20
20260303,46508000,09:55:08.000,PAUSED,FLAT_QUOTING,fair_recovered,9943.0,9858.0,10028.0,9943.0,18
20260303,46511000,09:55:11.000,FLAT_QUOTING,PAUSED,fair_invalid_or_session_guard,9943.0,9858.0,10028.0,,20
20260303,46517000,09:55:17.000,PAUSED,PAUSED,order_action_limit,9943.0,9858.0,10028.0,9943.25,20
20260303,46518000,09:55:18.000,PAUSED,PAUSED,order_action_limit,9943.0,9858.0,10028.0,9943.25,20
20260303,46519000,09:55:19.000,PAUSED,PAUSED,order_action_limit,9943.0,9858.0,10028.0,9943.0,20
20260303,46520000,09:55:20.000,PAUSED,PAUSED,order_action_limit,9943.0,9858.0,10028.0,9943.375,20
20260303,46521000,09:55:21.000,PAUSED,PAUSED,order_action_limit,9943.0,9858.0,10028.0,9943.75,20
20260303,46522000,09:55:22.000,PAUSED,PAUSED,order_action_limit,9943.0,9858.0,10028.0,9943.75,20
20260303,46523000,09:55:23.000,PAUSED,PAUSED,order_action_limit,9943.0,9858.0,10028.0,9943.75,20
20260303,46524000,09:55:24.000,PAUSED,PAUSED,order_action_limit,9943.0,9858.0,10028.0,9944.0,20
20260303,46527000,09:55:27.000,PAUSED,FLAT_QUOTING,fair_recovered,9944.0,9859.0,10029.0,9944.5,18
20260303,46531000,09:55:31.000,FLAT_QUOTING,PAUSED,fair_invalid_or_session_guard,9944.0,9859.0,10029.0,,18
20260303,46538000,09:55:38.000,PAUSED,FLAT_QUOTING,fair_recovered,9946.0,9861.0,10031.0,9945.5,18
20260303,46546000,09:55:46.000,FLAT_QUOTING,PAUSED,fair_invalid_or_session_guard,9946.0,9861.0,10031.0,,18
20260303,46553000,09:55:53.000,PAUSED,FLAT_QUOTING,fair_recovered,9946.0,9861.0,10031.0,9945.75,14
20260303,46560000,09:56:00.000,FLAT_QUOTING,PAUSED,fair_invalid_or_session_guard,9946.0,9861.0,10031.0,,14
20260303,46568000,09:56:08.000,PAUSED,FLAT_QUOTING,fair_recovered,9943.0,9858.0,10028.0,9942.875,14
20260303,46573000,09:56:13.000,FLAT_QUOTING,PAUSED,fair_invalid_or_session_guard,9943.0,9858.0,10028.0,,14
20260303,46592000,09:56:32.000,PAUSED,FLAT_QUOTING,fair_recovered,9947.0,9862.0,10032.0,9946.625,12
20260303,46609000,09:56:49.000,FLAT_QUOTING,PAUSED,fair_invalid_or_session_guard,9947.0,9862.0,10032.0,9938.875,10
20260303,46618000,09:56:58.000,PAUSED,FLAT_QUOTING,fair_recovered,9945.0,9860.0,10030.0,9945.0,10
20260303,46633000,09:57:13.000,FLAT_QUOTING,PAUSED,fair_invalid_or_session_guard,9945.0,9860.0,10030.0,,6
20260303,46637000,09:57:17.000,PAUSED,FLAT_QUOTING,fair_recovered,9945.0,9860.0,10030.0,9944.75,8
20260303,46655000,09:57:35.000,FLAT_QUOTING,PAUSED,fair_invalid_or_session_guard,9945.0,9860.0,10030.0,,8
20260303,46657000,09:57:37.000,PAUSED,FLAT_QUOTING,fair_recovered,9946.0,9861.0,10031.0,9946.5,10
20260303,46663000,09:57:43.000,FLAT_QUOTING,PAUSED,fair_invalid_or_session_guard,9946.0,9861.0,10031.0,,12
20260303,46665000,09:57:45.000,PAUSED,FLAT_QUOTING,fair_recovered,9948.0,9863.0,10033.0,9948.0,14
20260303,46670000,09:57:50.000,FLAT_QUOTING,PAUSED,fair_invalid_or_session_guard,9948.0,9863.0,10033.0,,14
20260303,46675000,09:57:55.000,PAUSED,FLAT_QUOTING,fair_recovered,9948.0,9863.0,10033.0,9947.75,16
20260303,46682000,09:58:02.000,FLAT_QUOTING,PAUSED,fair_invalid_or_session_guard,9948.0,9863.0,10033.0,,16
20260303,46684000,09:58:04.000,PAUSED,FLAT_QUOTING,fair_recovered,9952.0,9867.0,10037.0,9951.5,18
20260303,46730000,09:58:50.000,FLAT_QUOTING,PAUSED,fair_invalid_or_session_guard,9952.0,9867.0,10037.0,,6
20260303,46736000,09:58:56.000,PAUSED,FLAT_QUOTING,fair_recovered,9952.0,9867.0,10037.0,9951.875,6
20260303,46741000,09:59:01.000,FLAT_QUOTING,PAUSED,fair_invalid_or_session_guard,9952.0,9867.0,10037.0,,8
20260303,46746000,09:59:06.000,PAUSED,FLAT_QUOTING,fair_recovered,9954.0,9869.0,10039.0,9954.125,6
20260303,46778000,09:59:38.000,FLAT_QUOTING,PAUSED,fair_invalid_or_session_guard,9954.0,9869.0,10039.0,,8
20260303,46786000,09:59:46.000,PAUSED,FLAT_QUOTING,fair_recovered,9960.0,9875.0,10045.0,9960.5,10
20260303,46799000,09:59:59.000,FLAT_QUOTING,PAUSED,fair_invalid_or_session_guard,9960.0,9875.0,10045.0,,8
20260303,46801000,10:00:01.000,PAUSED,FLAT_QUOTING,fair_recovered,9961.0,9876.0,10046.0,9961.0,8
20260303,46859000,10:00:59.000,FLAT_QUOTING,PAUSED,fair_invalid_or_session_guard,9961.0,9876.0,10046.0,,2
20260303,46863000,10:01:03.000,PAUSED,FLAT_QUOTING,fair_recovered,9962.0,9877.0,10047.0,9962.0,2
20260303,46871000,10:01:11.000,FLAT_QUOTING,PAUSED,fair_invalid_or_session_guard,9962.0,9877.0,10047.0,,4
20260303,46876000,10:01:16.000,PAUSED,FLAT_QUOTING,fair_recovered,9965.0,9880.0,10050.0,9964.75,6
20260303,46880000,10:01:20.000,FLAT_QUOTING,PAUSED,fair_invalid_or_session_guard,9965.0,9880.0,10050.0,,8
20260303,46885000,10:01:25.000,PAUSED,FLAT_QUOTING,fair_recovered,9967.0,9882.0,10052.0,9966.75,10
20260303,46909000,10:01:49.000,FLAT_QUOTING,PAUSED,fair_invalid_or_session_guard,9967.0,9882.0,10052.0,,12
20260303,46911000,10:01:51.000,PAUSED,FLAT_QUOTING,fair_recovered,9968.0,9883.0,10053.0,9968.25,14
20260303,46938000,10:02:18.000,FLAT_QUOTING,PAUSED,fair_invalid_or_session_guard,9968.0,9883.0,10053.0,,8
20260303,46944000,10:02:24.000,PAUSED,FLAT_QUOTING,fair_recovered,9968.0,9883.0,10053.0,9968.25,8
20260303,46966000,10:02:46.000,FLAT_QUOTING,PAUSED,fair_invalid_or_session_guard,9968.0,9883.0,10053.0,,8
20260303,46969000,10:02:49.000,PAUSED,FLAT_QUOTING,fair_recovered,9968.0,9883.0,10053.0,9967.75,8
20260303,46978000,10:02:58.000,FLAT_QUOTING,PAUSED,fair_invalid_or_session_guard,9968.0,9883.0,10053.0,,8
20260303,46981000,10:03:01.000,PAUSED,FLAT_QUOTING,fair_recovered,9969.0,9884.0,10054.0,9968.75,10
20260303,46998000,10:03:18.000,FLAT_QUOTING,PAUSED,fair_invalid_or_session_guard,9969.0,9884.0,10054.0,,10
20260303,47014000,10:03:34.000,PAUSED,FLAT_QUOTING,fair_recovered,9971.0,9886.0,10056.0,9970.75,10
20260303,47071000,10:04:31.000,FLAT_QUOTING,PAUSED,fair_invalid_or_session_guard,9971.0,9886.0,10056.0,,2
20260303,47103000,10:05:03.000,PAUSED,FLAT_QUOTING,fair_recovered,9967.0,9882.0,10052.0,9967.0,2
20260303,47129000,10:05:29.000,FLAT_QUOTING,PAUSED,fair_invalid_or_session_guard,9967.0,9882.0,10052.0,,4
20260303,47133000,10:05:33.000,PAUSED,FLAT_QUOTING,fair_recovered,9967.0,9882.0,10052.0,9967.0,4
20260303,47146000,10:05:46.000,FLAT_QUOTING,PAUSED,fair_invalid_or_session_guard,9967.0,9882.0,10052.0,,6
20260303,47153000,10:05:53.000,PAUSED,FLAT_QUOTING,fair_recovered,9968.0,9883.0,10053.0,9967.5,8
20260303,47171000,10:06:11.000,FLAT_QUOTING,PAUSED,fair_invalid_or_session_guard,9968.0,9883.0,10053.0,,8
20260303,47198000,10:06:38.000,PAUSED,FLAT_QUOTING,fair_recovered,9962.0,9877.0,10047.0,9961.75,6
20260303,47257000,10:07:37.000,FLAT_QUOTING,PAUSED,fair_invalid_or_session_guard,9962.0,9877.0,10047.0,,2
20260303,47261000,10:07:41.000,PAUSED,FLAT_QUOTING,fair_recovered,9960.0,9875.0,10045.0,9959.5,2
20260303,47303000,10:08:23.000,FLAT_QUOTING,PAUSED,fair_invalid_or_session_guard,9960.0,9875.0,10045.0,,4
20260303,47305000,10:08:25.000,PAUSED,FLAT_QUOTING,fair_recovered,9958.0,9873.0,10043.0,9957.75,6
20260303,47309000,10:08:29.000,FLAT_QUOTING,PAUSED,fair_invalid_or_session_guard,9958.0,9873.0,10043.0,,8
20260303,47319000,10:08:39.000,PAUSED,FLAT_QUOTING,fair_recovered,9957.0,9872.0,10042.0,9956.75,8
20260303,47333000,10:08:53.000,FLAT_QUOTING,PAUSED,fair_invalid_or_session_guard,9957.0,9872.0,10042.0,,8
20260303,47340000,10:09:00.000,PAUSED,FLAT_QUOTING,fair_recovered,9946.0,9861.0,10031.0,9945.5,10
20260303,47389000,10:09:49.000,FLAT_QUOTING,PAUSED,fair_invalid_or_session_guard,9946.0,9861.0,10031.0,,4
20260303,47397000,10:09:57.000,PAUSED,FLAT_QUOTING,fair_recovered,9940.0,9855.0,10025.0,9939.75,4
20260303,47404000,10:10:04.000,FLAT_QUOTING,SHORT_PENDING_HEDGE,target_fill,9940.0,9855.0,10025.0,9941.0,5
20260303,47405000,10:10:05.000,SHORT_PENDING_HEDGE,HEDGED_POSITION,hedge_fill,9940.0,9855.0,10025.0,9941.75,6
20260303,47406000,10:10:06.000,HEDGED_POSITION,FLATTENING,reversion_exit,9940.0,9855.0,10025.0,9940.0,6
20260303,47406000,10:10:06.000,FLATTENING,COOLDOWN,reversion_exit,9940.0,9855.0,10025.0,9940.0,8
20260303,47408000,10:10:08.000,COOLDOWN,FLAT_QUOTING,fair_recovered,9940.0,9855.0,10025.0,9939.75,8
20260303,47421000,10:10:21.000,FLAT_QUOTING,PAUSED,fair_invalid_or_session_guard,9940.0,9855.0,10025.0,,10
20260303,47423000,10:10:23.000,PAUSED,FLAT_QUOTING,fair_recovered,9942.0,9857.0,10027.0,9942.0,12
20260303,47428000,10:10:28.000,FLAT_QUOTING,PAUSED,fair_invalid_or_session_guard,9942.0,9857.0,10027.0,,14
20260303,47430000,10:10:30.000,PAUSED,FLAT_QUOTING,fair_recovered,9942.0,9857.0,10027.0,9941.75,16
20260303,47493000,10:11:33.000,FLAT_QUOTING,PAUSED,fair_invalid_or_session_guard,9942.0,9857.0,10027.0,,0
20260303,47498000,10:11:38.000,PAUSED,FLAT_QUOTING,fair_recovered,9945.0,9860.0,10030.0,9945.0,2
20260303,47503000,10:11:43.000,FLAT_QUOTING,PAUSED,fair_invalid_or_session_guard,9945.0,9860.0,10030.0,,4
20260303,47506000,10:11:46.000,PAUSED,FLAT_QUOTING,fair_recovered,9945.0,9860.0,10030.0,9945.0,6
20260303,47510000,10:11:50.000,FLAT_QUOTING,PAUSED,fair_invalid_or_session_guard,9945.0,9860.0,10030.0,,8
20260303,47556000,10:12:36.000,PAUSED,FLAT_QUOTING,fair_recovered,9945.0,9860.0,10030.0,9944.75,8
20260303,47575000,10:12:55.000,FLAT_QUOTING,PAUSED,fair_invalid_or_session_guard,9945.0,9860.0,10030.0,,2
20260303,47595000,10:13:15.000,PAUSED,FLAT_QUOTING,fair_recovered,9944.0,9859.0,10029.0,9943.5,4
20260303,47596000,10:13:16.000,FLAT_QUOTING,SHORT_PENDING_HEDGE,target_fill,9944.0,9859.0,10029.0,9941.125,7
20260303,47597000,10:13:17.000,SHORT_PENDING_HEDGE,HEDGED_POSITION,hedge_fill,9944.0,9859.0,10029.0,9941.25,8
20260303,47598000,10:13:18.000,HEDGED_POSITION,FLATTENING,reversion_exit,9944.0,9859.0,10029.0,9941.5,8
20260303,47598000,10:13:18.000,FLATTENING,COOLDOWN,reversion_exit,9944.0,9859.0,10029.0,9941.5,10
20260303,47600000,10:13:20.000,COOLDOWN,FLAT_QUOTING,fair_recovered,9942.0,9857.0,10027.0,9941.75,10
20260303,47603000,10:13:23.000,FLAT_QUOTING,PAUSED,fair_invalid_or_session_guard,9942.0,9857.0,10027.0,,12
20260303,47606000,10:13:26.000,PAUSED,FLAT_QUOTING,fair_recovered,9942.0,9857.0,10027.0,9942.375,14
20260303,47631000,10:13:51.000,FLAT_QUOTING,PAUSED,fair_invalid_or_session_guard,9942.0,9857.0,10027.0,,14
20260303,47643000,10:14:03.000,PAUSED,FLAT_QUOTING,fair_recovered,9944.0,9859.0,10029.0,9943.5,14
20260303,47667000,10:14:27.000,FLAT_QUOTING,PAUSED,fair_invalid_or_session_guard,9944.0,9859.0,10029.0,,4
20260303,47670000,10:14:30.000,PAUSED,FLAT_QUOTING,fair_recovered,9946.0,9861.0,10031.0,9945.625,6
20260303,47672000,10:14:32.000,FLAT_QUOTING,PAUSED,fair_invalid_or_session_guard,9946.0,9861.0,10031.0,,8
20260303,47676000,10:14:36.000,PAUSED,FLAT_QUOTING,fair_recovered,9948.0,9863.0,10033.0,9947.5,10
20260303,47682000,10:14:42.000,FLAT_QUOTING,PAUSED,fair_invalid_or_session_guard,9948.0,9863.0,10033.0,,12
20260303,48692000,10:31:32.000,PAUSED,FLAT_QUOTING,fair_recovered,9958.0,9873.0,10043.0,9958.125,0
20260303,48698000,10:31:38.000,FLAT_QUOTING,PAUSED,fair_invalid_or_session_guard,9958.0,9873.0,10043.0,,2
20260303,48708000,10:31:48.000,PAUSED,FLAT_QUOTING,fair_recovered,9958.0,9873.0,10043.0,9958.0,4
20260303,48711000,10:31:51.000,FLAT_QUOTING,PAUSED,fair_invalid_or_session_guard,9958.0,9873.0,10043.0,,6
20260303,48720000,10:32:00.000,PAUSED,FLAT_QUOTING,fair_recovered,9958.0,9873.0,10043.0,9957.75,8
20260303,48727000,10:32:07.000,FLAT_QUOTING,PAUSED,fair_invalid_or_session_guard,9958.0,9873.0,10043.0,,10
20260303,48740000,10:32:20.000,PAUSED,FLAT_QUOTING,fair_recovered,9959.0,9874.0,10044.0,9958.75,12
20260303,48743000,10:32:23.000,FLAT_QUOTING,PAUSED,fair_invalid_or_session_guard,9959.0,9874.0,10044.0,,14
20260303,48753000,10:32:33.000,PAUSED,FLAT_QUOTING,fair_recovered,9960.0,9875.0,10045.0,9960.25,14
20260303,48765000,10:32:45.000,FLAT_QUOTING,SHORT_PENDING_HEDGE,target_fill,9960.0,9875.0,10045.0,9963.0,15
20260303,48766000,10:32:46.000,SHORT_PENDING_HEDGE,HEDGED_POSITION,hedge_fill,9960.0,9875.0,10045.0,9965.0,16
20260303,48767000,10:32:47.000,HEDGED_POSITION,FLATTENING,reversion_exit,9960.0,9875.0,10045.0,9966.25,16
20260303,48767000,10:32:47.000,FLATTENING,COOLDOWN,reversion_exit,9960.0,9875.0,10045.0,9966.25,18
20260303,48769000,10:32:49.000,COOLDOWN,FLAT_QUOTING,fair_recovered,9966.0,9881.0,10051.0,9965.5,16
20260303,48782000,10:33:02.000,FLAT_QUOTING,PAUSED,fair_invalid_or_session_guard,9966.0,9881.0,10051.0,,14
20260303,48789000,10:33:09.000,PAUSED,FLAT_QUOTING,fair_recovered,9968.0,9883.0,10053.0,9967.5,14
20260303,48803000,10:33:23.000,FLAT_QUOTING,PAUSED,fair_invalid_or_session_guard,9968.0,9883.0,10053.0,,12
20260303,48807000,10:33:27.000,PAUSED,FLAT_QUOTING,fair_recovered,9967.0,9882.0,10052.0,9967.25,14
20260303,48816000,10:33:36.000,FLAT_QUOTING,PAUSED,fair_invalid_or_session_guard,9967.0,9882.0,10052.0,,14
20260303,48820000,10:33:40.000,PAUSED,FLAT_QUOTING,fair_recovered,9966.0,9881.0,10051.0,9966.5,16
20260303,48831000,10:33:51.000,FLAT_QUOTING,PAUSED,fair_invalid_or_session_guard,9966.0,9881.0,10051.0,,12
20260303,48838000,10:33:58.000,PAUSED,FLAT_QUOTING,fair_recovered,9966.0,9881.0,10051.0,9965.75,14
20260303,48858000,10:34:18.000,FLAT_QUOTING,PAUSED,fair_invalid_or_session_guard,9966.0,9881.0,10051.0,,12
20260303,48863000,10:34:23.000,PAUSED,FLAT_QUOTING,fair_recovered,9964.0,9879.0,10049.0,9963.75,12
20260303,48867000,10:34:27.000,FLAT_QUOTING,PAUSED,fair_invalid_or_session_guard,9964.0,9879.0,10049.0,,12
20260303,48869000,10:34:29.000,PAUSED,FLAT_QUOTING,fair_recovered,9963.0,9878.0,10048.0,9963.0,14
20260303,48885000,10:34:45.000,FLAT_QUOTING,PAUSED,fair_invalid_or_session_guard,9963.0,9878.0,10048.0,,12
20260303,48889000,10:34:49.000,PAUSED,FLAT_QUOTING,fair_recovered,9965.0,9880.0,10050.0,9964.75,14
20260303,48897000,10:34:57.000,FLAT_QUOTING,PAUSED,fair_invalid_or_session_guard,9965.0,9880.0,10050.0,,14
20260303,48900000,10:35:00.000,PAUSED,FLAT_QUOTING,fair_recovered,9963.0,9878.0,10048.0,9963.0,14
20260303,48915000,10:35:15.000,FLAT_QUOTING,PAUSED,fair_invalid_or_session_guard,9963.0,9878.0,10048.0,,16
20260303,48919000,10:35:19.000,PAUSED,FLAT_QUOTING,fair_recovered,9965.0,9880.0,10050.0,9965.0,16
20260303,48921000,10:35:21.000,FLAT_QUOTING,PAUSED,fair_invalid_or_session_guard,9965.0,9880.0,10050.0,,18
20260303,48928000,10:35:28.000,PAUSED,FLAT_QUOTING,fair_recovered,9966.0,9881.0,10051.0,9965.75,16
20260303,48934000,10:35:34.000,FLAT_QUOTING,PAUSED,fair_invalid_or_session_guard,9966.0,9881.0,10051.0,,16
20260303,48939000,10:35:39.000,PAUSED,FLAT_QUOTING,fair_recovered,9966.0,9881.0,10051.0,9965.5,18
20260303,48941000,10:35:41.000,FLAT_QUOTING,PAUSED,fair_invalid_or_session_guard,9966.0,9881.0,10051.0,,20
20260303,48964000,10:36:04.000,PAUSED,FLAT_QUOTING,fair_recovered,9966.0,9881.0,10051.0,9966.0,14
20260303,48981000,10:36:21.000,FLAT_QUOTING,PAUSED,fair_invalid_or_session_guard,9966.0,9881.0,10051.0,,10
20260303,49065000,10:37:45.000,PAUSED,FLAT_QUOTING,fair_recovered,9968.0,9883.0,10053.0,9968.375,0
20260303,49070000,10:37:50.000,FLAT_QUOTING,PAUSED,fair_invalid_or_session_guard,9968.0,9883.0,10053.0,,2
20260303,49073000,10:37:53.000,PAUSED,FLAT_QUOTING,fair_recovered,9970.0,9885.0,10055.0,9970.0,4
20260303,49081000,10:38:01.000,FLAT_QUOTING,PAUSED,fair_invalid_or_session_guard,9970.0,9885.0,10055.0,,6
20260303,49101000,10:38:21.000,PAUSED,FLAT_QUOTING,fair_recovered,9980.0,9895.0,10065.0,9979.75,8
20260303,49104000,10:38:24.000,FLAT_QUOTING,PAUSED,fair_invalid_or_session_guard,9980.0,9895.0,10065.0,,10
20260303,49177000,10:39:37.000,PAUSED,FLAT_QUOTING,fair_recovered,9988.0,9903.0,10073.0,9988.25,0
20260303,49179000,10:39:39.000,FLAT_QUOTING,PAUSED,fair_invalid_or_session_guard,9988.0,9903.0,10073.0,,2
20260303,49181000,10:39:41.000,PAUSED,FLAT_QUOTING,fair_recovered,9988.0,9903.0,10073.0,9987.75,4
20260303,49185000,10:39:45.000,FLAT_QUOTING,PAUSED,fair_invalid_or_session_guard,9988.0,9903.0,10073.0,,6
20260303,49194000,10:39:54.000,PAUSED,FLAT_QUOTING,fair_recovered,9988.0,9903.0,10073.0,9987.75,8
20260303,49210000,10:40:10.000,FLAT_QUOTING,SHORT_PENDING_HEDGE,target_fill,9988.0,9903.0,10073.0,9994.875,11
20260303,49211000,10:40:11.000,SHORT_PENDING_HEDGE,HEDGED_POSITION,hedge_fill,9988.0,9903.0,10073.0,9994.5,12
20260303,49212000,10:40:12.000,HEDGED_POSITION,FLATTENING,reversion_exit,9988.0,9903.0,10073.0,9994.75,12
20260303,49212000,10:40:12.000,FLATTENING,COOLDOWN,reversion_exit,9988.0,9903.0,10073.0,9994.75,14
20260303,49214000,10:40:14.000,COOLDOWN,FLAT_QUOTING,fair_recovered,9990.0,9905.0,10075.0,9990.0,14
20260303,49221000,10:40:21.000,FLAT_QUOTING,SHORT_PENDING_HEDGE,target_fill,9990.0,9905.0,10075.0,9997.75,17
20260303,49222000,10:40:22.000,SHORT_PENDING_HEDGE,HEDGED_POSITION,hedge_fill,9990.0,9905.0,10075.0,9998.5,18
20260303,49223000,10:40:23.000,HEDGED_POSITION,FLATTENING,reversion_exit,9990.0,9905.0,10075.0,10001.875,18
20260303,49223000,10:40:23.000,FLATTENING,COOLDOWN,reversion_exit,9990.0,9905.0,10075.0,10001.875,20
20260303,49225000,10:40:25.000,COOLDOWN,PAUSED,order_action_limit,9990.0,9905.0,10075.0,10001.25,20
20260303,49226000,10:40:26.000,PAUSED,PAUSED,order_action_limit,9990.0,9905.0,10075.0,9999.0,20
20260303,49227000,10:40:27.000,PAUSED,PAUSED,order_action_limit,9990.0,9905.0,10075.0,9998.75,20
20260303,49228000,10:40:28.000,PAUSED,PAUSED,order_action_limit,9990.0,9905.0,10075.0,9998.0,20
20260303,49229000,10:40:29.000,PAUSED,PAUSED,order_action_limit,9990.0,9905.0,10075.0,9997.5,20
20260303,49230000,10:40:30.000,PAUSED,PAUSED,order_action_limit,9990.0,9905.0,10075.0,9997.875,20
20260303,49231000,10:40:31.000,PAUSED,PAUSED,order_action_limit,9990.0,9905.0,10075.0,9998.5,20
20260303,49232000,10:40:32.000,PAUSED,PAUSED,order_action_limit,9990.0,9905.0,10075.0,9997.25,20
20260303,49233000,10:40:33.000,PAUSED,PAUSED,order_action_limit,9990.0,9905.0,10075.0,9994.25,20
20260303,49236000,10:40:36.000,PAUSED,PAUSED,order_action_limit,9990.0,9905.0,10075.0,9992.25,20
20260303,49237000,10:40:37.000,PAUSED,FLAT_QUOTING,fair_recovered,9994.0,9909.0,10079.0,9993.75,18
20260303,49282000,10:41:22.000,FLAT_QUOTING,PAUSED,fair_invalid_or_session_guard,9994.0,9909.0,10079.0,,4
20260303,49284000,10:41:24.000,PAUSED,FLAT_QUOTING,fair_recovered,9991.0,9906.0,10076.0,9990.75,4
20260303,49290000,10:41:30.000,FLAT_QUOTING,PAUSED,fair_invalid_or_session_guard,9991.0,9906.0,10076.0,,6
20260303,49292000,10:41:32.000,PAUSED,FLAT_QUOTING,fair_recovered,9988.0,9903.0,10073.0,9988.0,8
20260303,49345000,10:42:25.000,FLAT_QUOTING,PAUSED,fair_invalid_or_session_guard,9988.0,9903.0,10073.0,,4
20260303,49349000,10:42:29.000,PAUSED,FLAT_QUOTING,fair_recovered,9982.0,9897.0,10067.0,9981.75,6
20260303,49394000,10:43:14.000,FLAT_QUOTING,PAUSED,fair_invalid_or_session_guard,9982.0,9897.0,10067.0,,4
20260303,49399000,10:43:19.000,PAUSED,FLAT_QUOTING,fair_recovered,9984.0,9899.0,10069.0,9983.5,6
20260303,49407000,10:43:27.000,FLAT_QUOTING,PAUSED,fair_invalid_or_session_guard,9984.0,9899.0,10069.0,,6
20260303,49409000,10:43:29.000,PAUSED,FLAT_QUOTING,fair_recovered,9984.0,9899.0,10069.0,9984.375,6
20260303,49490000,10:44:50.000,FLAT_QUOTING,PAUSED,fair_invalid_or_session_guard,9984.0,9899.0,10069.0,,0
20260303,49493000,10:44:53.000,PAUSED,FLAT_QUOTING,fair_recovered,9980.0,9895.0,10065.0,9980.25,2
20260303,49513000,10:45:13.000,FLAT_QUOTING,PAUSED,fair_invalid_or_session_guard,9980.0,9895.0,10065.0,,4
20260303,49528000,10:45:28.000,PAUSED,FLAT_QUOTING,fair_recovered,9982.0,9897.0,10067.0,9982.0,6
20260303,49537000,10:45:37.000,FLAT_QUOTING,PAUSED,fair_invalid_or_session_guard,9982.0,9897.0,10067.0,,8
20260303,49543000,10:45:43.000,PAUSED,FLAT_QUOTING,fair_recovered,9982.0,9897.0,10067.0,9982.5,10
20260303,49551000,10:45:51.000,FLAT_QUOTING,PAUSED,fair_invalid_or_session_guard,9982.0,9897.0,10067.0,,10
20260303,49561000,10:46:01.000,PAUSED,FLAT_QUOTING,fair_recovered,9979.0,9894.0,10064.0,9979.375,10
20260303,49585000,10:46:25.000,FLAT_QUOTING,PAUSED,fair_invalid_or_session_guard,9979.0,9894.0,10064.0,,10
20260303,49587000,10:46:27.000,PAUSED,FLAT_QUOTING,fair_recovered,9978.0,9893.0,10063.0,9978.0,12
20260303,49643000,10:47:23.000,FLAT_QUOTING,PAUSED,fair_invalid_or_session_guard,9978.0,9893.0,10063.0,,4
20260303,49645000,10:47:25.000,PAUSED,FLAT_QUOTING,fair_recovered,9984.0,9899.0,10069.0,9983.5,4
20260303,49716000,10:48:36.000,FLAT_QUOTING,PAUSED,fair_invalid_or_session_guard,9984.0,9899.0,10069.0,,0
20260303,49719000,10:48:39.000,PAUSED,FLAT_QUOTING,fair_recovered,9988.0,9903.0,10073.0,9988.5,2
20260303,49734000,10:48:54.000,FLAT_QUOTING,PAUSED,fair_invalid_or_session_guard,9988.0,9903.0,10073.0,,4
20260303,49737000,10:48:57.000,PAUSED,FLAT_QUOTING,fair_recovered,9990.0,9905.0,10075.0,9989.75,6
20260303,49811000,10:50:11.000,FLAT_QUOTING,SHORT_PENDING_HEDGE,target_fill,9990.0,9905.0,10075.0,9998.5,1
20260303,49812000,10:50:12.000,SHORT_PENDING_HEDGE,HEDGED_POSITION,hedge_fill,9990.0,9905.0,10075.0,9997.75,2
20260303,49813000,10:50:13.000,HEDGED_POSITION,FLATTENING,reversion_exit,9990.0,9905.0,10075.0,9997.5,2
20260303,49813000,10:50:13.000,FLATTENING,COOLDOWN,reversion_exit,9990.0,9905.0,10075.0,9997.5,4
20260303,49815000,10:50:15.000,COOLDOWN,FLAT_QUOTING,fair_recovered,9998.0,9913.0,10083.0,9997.75,4
20260303,49824000,10:50:24.000,FLAT_QUOTING,SHORT_PENDING_HEDGE,target_fill,9998.0,9913.0,10083.0,10008.0,7
20260303,49825000,10:50:25.000,SHORT_PENDING_HEDGE,HEDGED_POSITION,hedge_fill,9998.0,9913.0,10083.0,,8
20260303,49826000,10:50:26.000,HEDGED_POSITION,FLATTENING,reference_invalid_exit,9998.0,9913.0,10083.0,,8
20260303,49826000,10:50:26.000,FLATTENING,COOLDOWN,reference_invalid_exit,9998.0,9913.0,10083.0,,10
20260303,49827000,10:50:27.000,COOLDOWN,PAUSED,fair_invalid_or_session_guard,9998.0,9913.0,10083.0,,10
20260303,49838000,10:50:38.000,PAUSED,FLAT_QUOTING,fair_recovered,10003.0,9918.0,10088.0,10002.625,10
20260303,49843000,10:50:43.000,FLAT_QUOTING,PAUSED,fair_invalid_or_session_guard,10003.0,9918.0,10088.0,,12
20260303,49845000,10:50:45.000,PAUSED,FLAT_QUOTING,fair_recovered,10008.0,9923.0,10093.0,10008.0,14
20260303,49898000,10:51:38.000,FLAT_QUOTING,PAUSED,fair_invalid_or_session_guard,10008.0,9923.0,10093.0,,4
20260303,49902000,10:51:42.000,PAUSED,FLAT_QUOTING,fair_recovered,10000.0,9915.0,10085.0,10000.5,6
20260303,49927000,10:52:07.000,FLAT_QUOTING,PAUSED,fair_invalid_or_session_guard,10000.0,9915.0,10085.0,,4
20260303,49929000,10:52:09.000,PAUSED,FLAT_QUOTING,fair_recovered,10004.0,9919.0,10089.0,10003.625,6
20260303,49986000,10:53:06.000,FLAT_QUOTING,SHORT_PENDING_HEDGE,target_fill,10004.0,9919.0,10089.0,,5
20260303,49987000,10:53:07.000,SHORT_PENDING_HEDGE,HEDGED_POSITION,hedge_fill,10004.0,9919.0,10089.0,10021.25,4
20260303,49988000,10:53:08.000,HEDGED_POSITION,FLATTENING,reference_invalid_exit,10004.0,9919.0,10089.0,10023.0,4
20260303,49988000,10:53:08.000,FLATTENING,COOLDOWN,reference_invalid_exit,10004.0,9919.0,10089.0,10023.0,6
20260303,49989000,10:53:09.000,COOLDOWN,PAUSED,fair_invalid_or_session_guard,10004.0,9919.0,10089.0,10026.75,4
20260303,50029000,10:53:49.000,PAUSED,FLAT_QUOTING,fair_recovered,10034.0,9949.0,10119.0,10034.0,4
20260303,50043000,10:54:03.000,FLAT_QUOTING,PAUSED,fair_invalid_or_session_guard,10034.0,9949.0,10119.0,10033.25,6
20260303,50045000,10:54:05.000,PAUSED,FLAT_QUOTING,fair_recovered,10032.0,9947.0,10117.0,10032.25,8
20260303,50064000,10:54:24.000,FLAT_QUOTING,PAUSED,fair_invalid_or_session_guard,10032.0,9947.0,10117.0,10044.75,6
20260303,50114000,10:55:14.000,PAUSED,FLAT_QUOTING,fair_recovered,10046.0,9961.0,10131.0,10046.5,2
20260303,50115000,10:55:15.000,FLAT_QUOTING,LONG_PENDING_HEDGE,target_fill,10046.0,9961.0,10131.0,10042.5,5
20260303,50116000,10:55:16.000,LONG_PENDING_HEDGE,HEDGED_POSITION,hedge_fill,10046.0,9961.0,10131.0,10046.0,6
20260303,50117000,10:55:17.000,HEDGED_POSITION,FLATTENING,reference_invalid_exit,10046.0,9961.0,10131.0,10046.0,6
20260303,50117000,10:55:17.000,FLATTENING,COOLDOWN,reference_invalid_exit,10046.0,9961.0,10131.0,10046.0,8
20260303,50118000,10:55:18.000,COOLDOWN,PAUSED,fair_invalid_or_session_guard,10046.0,9961.0,10131.0,10046.5,8
20260303,50123000,10:55:23.000,PAUSED,FLAT_QUOTING,fair_recovered,10044.0,9959.0,10129.0,10044.25,8
20260303,50240000,10:57:20.000,FLAT_QUOTING,PAUSED,fair_invalid_or_session_guard,10044.0,9959.0,10129.0,10070.0,0
20260303,50675000,11:04:35.000,PAUSED,FLAT_QUOTING,fair_recovered,10200.0,10115.0,10285.0,10200.0,0
20260303,50676000,11:04:36.000,FLAT_QUOTING,LONG_PENDING_HEDGE,target_fill,10200.0,10115.0,10285.0,10198.625,3
20260303,50677000,11:04:37.000,LONG_PENDING_HEDGE,HEDGED_POSITION,hedge_fill,10200.0,10115.0,10285.0,10199.0,4
20260303,50678000,11:04:38.000,HEDGED_POSITION,FLATTENING,reversion_exit,10200.0,10115.0,10285.0,10199.25,4
20260303,50678000,11:04:38.000,FLATTENING,COOLDOWN,reversion_exit,10200.0,10115.0,10285.0,10199.25,6
20260303,50680000,11:04:40.000,COOLDOWN,FLAT_QUOTING,fair_recovered,10198.0,10113.0,10283.0,10198.375,6
20260303,50681000,11:04:41.000,FLAT_QUOTING,LONG_PENDING_HEDGE,target_fill,10198.0,10113.0,10283.0,10198.375,9
20260303,50682000,11:04:42.000,LONG_PENDING_HEDGE,HEDGED_POSITION,hedge_fill,10198.0,10113.0,10283.0,10195.375,10
20260303,50683000,11:04:43.000,HEDGED_POSITION,FLATTENING,reversion_exit,10198.0,10113.0,10283.0,10195.25,10
20260303,50683000,11:04:43.000,FLATTENING,COOLDOWN,reversion_exit,10198.0,10113.0,10283.0,10195.25,12
20260303,50685000,11:04:45.000,COOLDOWN,FLAT_QUOTING,fair_recovered,10194.0,10109.0,10279.0,10194.125,12
20260303,50686000,11:04:46.000,FLAT_QUOTING,LONG_PENDING_HEDGE,target_fill,10194.0,10109.0,10279.0,10191.125,15
20260303,50687000,11:04:47.000,LONG_PENDING_HEDGE,HEDGED_POSITION,hedge_fill,10194.0,10109.0,10279.0,10189.875,16
20260303,50688000,11:04:48.000,HEDGED_POSITION,FLATTENING,reversion_exit,10194.0,10109.0,10279.0,10190.125,16
20260303,50688000,11:04:48.000,FLATTENING,COOLDOWN,reversion_exit,10194.0,10109.0,10279.0,10190.125,18
20260303,50690000,11:04:50.000,COOLDOWN,FLAT_QUOTING,fair_recovered,10189.0,10104.0,10274.0,10188.625,18
20260303,50691000,11:04:51.000,FLAT_QUOTING,LONG_PENDING_HEDGE,target_fill,10189.0,10104.0,10274.0,10188.625,21
20260303,50692000,11:04:52.000,LONG_PENDING_HEDGE,HEDGED_POSITION,hedge_fill,10189.0,10104.0,10274.0,10190.625,22
20260303,50693000,11:04:53.000,HEDGED_POSITION,FLATTENING,reversion_exit,10189.0,10104.0,10274.0,10189.625,22
20260303,50693000,11:04:53.000,FLATTENING,COOLDOWN,reversion_exit,10189.0,10104.0,10274.0,10189.625,24
20260303,50695000,11:04:55.000,COOLDOWN,PAUSED,order_action_limit,10189.0,10104.0,10274.0,10193.625,24
20260303,50696000,11:04:56.000,PAUSED,PAUSED,order_action_limit,10189.0,10104.0,10274.0,10194.125,24
20260303,50697000,11:04:57.000,PAUSED,PAUSED,order_action_limit,10189.0,10104.0,10274.0,10195.875,24
20260303,50698000,11:04:58.000,PAUSED,PAUSED,order_action_limit,10189.0,10104.0,10274.0,10193.875,24
20260303,50699000,11:04:59.000,PAUSED,PAUSED,order_action_limit,10189.0,10104.0,10274.0,10193.375,24
20260303,50700000,11:05:00.000,PAUSED,PAUSED,order_action_limit,10189.0,10104.0,10274.0,10190.125,24
20260303,50701000,11:05:01.000,PAUSED,PAUSED,order_action_limit,10189.0,10104.0,10274.0,10190.375,24
20260303,50702000,11:05:02.000,PAUSED,PAUSED,order_action_limit,10189.0,10104.0,10274.0,10190.875,24
20260303,50703000,11:05:03.000,PAUSED,PAUSED,order_action_limit,10189.0,10104.0,10274.0,10191.375,24
20260303,50704000,11:05:04.000,PAUSED,PAUSED,order_action_limit,10189.0,10104.0,10274.0,10192.625,24
20260303,50705000,11:05:05.000,PAUSED,PAUSED,order_action_limit,10189.0,10104.0,10274.0,10194.875,24
20260303,50706000,11:05:06.000,PAUSED,PAUSED,order_action_limit,10189.0,10104.0,10274.0,10196.375,24
20260303,50707000,11:05:07.000,PAUSED,PAUSED,order_action_limit,10189.0,10104.0,10274.0,10198.125,24
20260303,50708000,11:05:08.000,PAUSED,PAUSED,order_action_limit,10189.0,10104.0,10274.0,10201.125,24
20260303,50709000,11:05:09.000,PAUSED,PAUSED,order_action_limit,10189.0,10104.0,10274.0,10198.625,24
20260303,50710000,11:05:10.000,PAUSED,PAUSED,order_action_limit,10189.0,10104.0,10274.0,10201.125,24
20260303,50711000,11:05:11.000,PAUSED,PAUSED,order_action_limit,10189.0,10104.0,10274.0,10200.125,24
20260303,50712000,11:05:12.000,PAUSED,PAUSED,order_action_limit,10189.0,10104.0,10274.0,10200.375,24
20260303,50713000,11:05:13.000,PAUSED,PAUSED,order_action_limit,10189.0,10104.0,10274.0,10202.625,24
20260303,50714000,11:05:14.000,PAUSED,PAUSED,order_action_limit,10189.0,10104.0,10274.0,10208.625,24
20260303,50715000,11:05:15.000,PAUSED,PAUSED,order_action_limit,10189.0,10104.0,10274.0,10212.875,24
20260303,50716000,11:05:16.000,PAUSED,PAUSED,order_action_limit,10189.0,10104.0,10274.0,10213.125,24
20260303,50717000,11:05:17.000,PAUSED,PAUSED,order_action_limit,10189.0,10104.0,10274.0,10210.125,24
20260303,50718000,11:05:18.000,PAUSED,PAUSED,order_action_limit,10189.0,10104.0,10274.0,10210.375,24
20260303,50719000,11:05:19.000,PAUSED,PAUSED,order_action_limit,10189.0,10104.0,10274.0,10209.875,24
20260303,50720000,11:05:20.000,PAUSED,PAUSED,order_action_limit,10189.0,10104.0,10274.0,10207.5,24
20260303,50721000,11:05:21.000,PAUSED,PAUSED,order_action_limit,10189.0,10104.0,10274.0,10204.875,24
20260303,50722000,11:05:22.000,PAUSED,PAUSED,order_action_limit,10189.0,10104.0,10274.0,10203.375,24
20260303,50723000,11:05:23.000,PAUSED,PAUSED,order_action_limit,10189.0,10104.0,10274.0,10201.625,24
20260303,50724000,11:05:24.000,PAUSED,PAUSED,order_action_limit,10189.0,10104.0,10274.0,10199.875,24
20260303,50725000,11:05:25.000,PAUSED,PAUSED,order_action_limit,10189.0,10104.0,10274.0,10193.875,24
20260303,50726000,11:05:26.000,PAUSED,PAUSED,order_action_limit,10189.0,10104.0,10274.0,10193.0,24
20260303,50727000,11:05:27.000,PAUSED,PAUSED,order_action_limit,10189.0,10104.0,10274.0,10191.375,24
20260303,50728000,11:05:28.000,PAUSED,PAUSED,order_action_limit,10189.0,10104.0,10274.0,10190.125,24
20260303,50729000,11:05:29.000,PAUSED,PAUSED,order_action_limit,10189.0,10104.0,10274.0,10190.625,24
20260303,50730000,11:05:30.000,PAUSED,PAUSED,order_action_limit,10189.0,10104.0,10274.0,10189.625,24
20260303,50731000,11:05:31.000,PAUSED,PAUSED,order_action_limit,10189.0,10104.0,10274.0,10187.375,24
20260303,50732000,11:05:32.000,PAUSED,PAUSED,order_action_limit,10189.0,10104.0,10274.0,10187.625,24
20260303,50733000,11:05:33.000,PAUSED,PAUSED,order_action_limit,10189.0,10104.0,10274.0,10188.875,24
20260303,50734000,11:05:34.000,PAUSED,PAUSED,order_action_limit,10189.0,10104.0,10274.0,10188.625,24
20260303,50735000,11:05:35.000,PAUSED,PAUSED,order_action_limit,10189.0,10104.0,10274.0,10188.375,22
20260303,50736000,11:05:36.000,PAUSED,PAUSED,order_action_limit,10189.0,10104.0,10274.0,10188.875,21
20260303,50737000,11:05:37.000,PAUSED,PAUSED,order_action_limit,10189.0,10104.0,10274.0,10190.625,20
20260303,50738000,11:05:38.000,PAUSED,FLAT_QUOTING,fair_recovered,10195.0,10110.0,10280.0,10194.875,18
20260303,50739000,11:05:39.000,FLAT_QUOTING,LONG_PENDING_HEDGE,target_fill,10195.0,10110.0,10280.0,10195.625,21
20260303,50740000,11:05:40.000,LONG_PENDING_HEDGE,HEDGED_POSITION,hedge_fill,10195.0,10110.0,10280.0,10197.125,20
20260303,50741000,11:05:41.000,HEDGED_POSITION,FLATTENING,reversion_exit,10195.0,10110.0,10280.0,10195.125,19
20260303,50741000,11:05:41.000,FLATTENING,COOLDOWN,reversion_exit,10195.0,10110.0,10280.0,10195.125,21
20260303,50743000,11:05:43.000,COOLDOWN,FLAT_QUOTING,fair_recovered,10195.0,10110.0,10280.0,10194.75,18
20260303,50744000,11:05:44.000,FLAT_QUOTING,LONG_PENDING_HEDGE,target_fill,10195.0,10110.0,10280.0,10193.875,21
20260303,50745000,11:05:45.000,LONG_PENDING_HEDGE,HEDGED_POSITION,hedge_fill,10195.0,10110.0,10280.0,10191.875,20
20260303,50746000,11:05:46.000,HEDGED_POSITION,FLATTENING,reversion_exit,10195.0,10110.0,10280.0,10192.625,19
20260303,50746000,11:05:46.000,FLATTENING,COOLDOWN,reversion_exit,10195.0,10110.0,10280.0,10192.625,21
20260303,50748000,11:05:48.000,COOLDOWN,FLAT_QUOTING,fair_recovered,10191.0,10106.0,10276.0,10191.25,18
20260303,50749000,11:05:49.000,FLAT_QUOTING,LONG_PENDING_HEDGE,target_fill,10191.0,10106.0,10276.0,10189.875,21
20260303,50750000,11:05:50.000,LONG_PENDING_HEDGE,HEDGED_POSITION,hedge_fill,10191.0,10106.0,10276.0,,20
20260303,50751000,11:05:51.000,HEDGED_POSITION,FLATTENING,reference_invalid_exit,10191.0,10106.0,10276.0,10194.125,19
20260303,50751000,11:05:51.000,FLATTENING,COOLDOWN,reference_invalid_exit,10191.0,10106.0,10276.0,10194.125,21
20260303,50752000,11:05:52.000,COOLDOWN,PAUSED,fair_invalid_or_session_guard,10191.0,10106.0,10276.0,10195.875,20
20260303,50777000,11:06:17.000,PAUSED,FLAT_QUOTING,fair_recovered,10192.0,10107.0,10277.0,10191.5,18
20260303,50778000,11:06:18.000,FLAT_QUOTING,LONG_PENDING_HEDGE,target_fill,10192.0,10107.0,10277.0,10191.75,21
20260303,50779000,11:06:19.000,LONG_PENDING_HEDGE,HEDGED_POSITION,hedge_fill,10192.0,10107.0,10277.0,10190.0,22
20260303,50780000,11:06:20.000,HEDGED_POSITION,FLATTENING,reversion_exit,10192.0,10107.0,10277.0,10189.0,22
20260303,50780000,11:06:20.000,FLATTENING,COOLDOWN,reversion_exit,10192.0,10107.0,10277.0,10189.0,24
20260303,50782000,11:06:22.000,COOLDOWN,PAUSED,order_action_limit,10192.0,10107.0,10277.0,10189.25,24
20260303,50785000,11:06:25.000,PAUSED,PAUSED,order_action_limit,10192.0,10107.0,10277.0,10192.75,24
20260303,50799000,11:06:39.000,PAUSED,PAUSED,order_action_limit,10192.0,10107.0,10277.0,10196.125,21
20260303,50800000,11:06:40.000,PAUSED,PAUSED,order_action_limit,10192.0,10107.0,10277.0,10196.25,20
20260303,50801000,11:06:41.000,PAUSED,FLAT_QUOTING,fair_recovered,10193.0,10108.0,10278.0,10193.0,18
20260303,50802000,11:06:42.000,FLAT_QUOTING,LONG_PENDING_HEDGE,target_fill,10193.0,10108.0,10278.0,10191.75,21
20260303,50803000,11:06:43.000,LONG_PENDING_HEDGE,HEDGED_POSITION,hedge_fill,10193.0,10108.0,10278.0,10189.875,20
20260303,50804000,11:06:44.000,HEDGED_POSITION,FLATTENING,reversion_exit,10193.0,10108.0,10278.0,10191.25,19
20260303,50804000,11:06:44.000,FLATTENING,COOLDOWN,reversion_exit,10193.0,10108.0,10278.0,10191.25,21
20260303,50806000,11:06:46.000,COOLDOWN,FLAT_QUOTING,fair_recovered,10191.0,10106.0,10276.0,10190.875,18
20260303,50807000,11:06:47.000,FLAT_QUOTING,LONG_PENDING_HEDGE,target_fill,10191.0,10106.0,10276.0,10190.75,21
20260303,50808000,11:06:48.000,LONG_PENDING_HEDGE,HEDGED_POSITION,hedge_fill,10191.0,10106.0,10276.0,10189.25,20
20260303,50809000,11:06:49.000,HEDGED_POSITION,FLATTENING,reversion_exit,10191.0,10106.0,10276.0,10188.75,19
20260303,50809000,11:06:49.000,FLATTENING,COOLDOWN,reversion_exit,10191.0,10106.0,10276.0,10188.75,21
20260303,50811000,11:06:51.000,COOLDOWN,FLAT_QUOTING,fair_recovered,10189.0,10104.0,10274.0,10189.25,18
20260303,50812000,11:06:52.000,FLAT_QUOTING,LONG_PENDING_HEDGE,target_fill,10189.0,10104.0,10274.0,10188.5,21
20260303,50813000,11:06:53.000,LONG_PENDING_HEDGE,HEDGED_POSITION,hedge_fill,10189.0,10104.0,10274.0,10187.5,22
20260303,50814000,11:06:54.000,HEDGED_POSITION,FLATTENING,reversion_exit,10189.0,10104.0,10274.0,10188.0,22
20260303,50814000,11:06:54.000,FLATTENING,COOLDOWN,reversion_exit,10189.0,10104.0,10274.0,10188.0,24
20260303,50816000,11:06:56.000,COOLDOWN,PAUSED,order_action_limit,10189.0,10104.0,10274.0,10188.75,24
20260303,50817000,11:06:57.000,PAUSED,PAUSED,order_action_limit,10189.0,10104.0,10274.0,10188.0,24
20260303,50818000,11:06:58.000,PAUSED,PAUSED,order_action_limit,10189.0,10104.0,10274.0,10191.25,24
20260303,50819000,11:06:59.000,PAUSED,PAUSED,order_action_limit,10189.0,10104.0,10274.0,10193.0,24
20260303,50822000,11:07:02.000,PAUSED,PAUSED,order_action_limit,10189.0,10104.0,10274.0,10194.5,24
20260303,50823000,11:07:03.000,PAUSED,PAUSED,order_action_limit,10189.0,10104.0,10274.0,10194.625,24
20260303,50824000,11:07:04.000,PAUSED,PAUSED,order_action_limit,10189.0,10104.0,10274.0,10195.125,24
20260303,50825000,11:07:05.000,PAUSED,PAUSED,order_action_limit,10189.0,10104.0,10274.0,10195.5,24
20260303,50826000,11:07:06.000,PAUSED,PAUSED,order_action_limit,10189.0,10104.0,10274.0,10195.625,24
20260303,50827000,11:07:07.000,PAUSED,PAUSED,order_action_limit,10189.0,10104.0,10274.0,10190.75,24
20260303,50828000,11:07:08.000,PAUSED,PAUSED,order_action_limit,10189.0,10104.0,10274.0,10190.75,24
20260303,50829000,11:07:09.000,PAUSED,PAUSED,order_action_limit,10189.0,10104.0,10274.0,10189.25,24
20260303,50830000,11:07:10.000,PAUSED,PAUSED,order_action_limit,10189.0,10104.0,10274.0,10189.25,24
20260303,50831000,11:07:11.000,PAUSED,PAUSED,order_action_limit,10189.0,10104.0,10274.0,10190.875,24
20260303,50832000,11:07:12.000,PAUSED,PAUSED,order_action_limit,10189.0,10104.0,10274.0,10191.5,24
20260303,50833000,11:07:13.000,PAUSED,PAUSED,order_action_limit,10189.0,10104.0,10274.0,10190.5,24
20260303,50834000,11:07:14.000,PAUSED,PAUSED,order_action_limit,10189.0,10104.0,10274.0,10191.0,24
20260303,50835000,11:07:15.000,PAUSED,PAUSED,order_action_limit,10189.0,10104.0,10274.0,10191.25,24
20260303,50836000,11:07:16.000,PAUSED,PAUSED,order_action_limit,10189.0,10104.0,10274.0,10191.25,24
20260303,50837000,11:07:17.000,PAUSED,PAUSED,order_action_limit,10189.0,10104.0,10274.0,10190.5,22
20260303,50838000,11:07:18.000,PAUSED,PAUSED,order_action_limit,10189.0,10104.0,10274.0,10189.75,21
20260303,50842000,11:07:22.000,PAUSED,FLAT_QUOTING,fair_recovered,10192.0,10107.0,10277.0,10191.625,18
20260303,50843000,11:07:23.000,FLAT_QUOTING,LONG_PENDING_HEDGE,target_fill,10192.0,10107.0,10277.0,10192.0,21
20260303,50844000,11:07:24.000,LONG_PENDING_HEDGE,HEDGED_POSITION,hedge_fill,10192.0,10107.0,10277.0,10191.375,22
20260303,50845000,11:07:25.000,HEDGED_POSITION,FLATTENING,reversion_exit,10192.0,10107.0,10277.0,10192.25,22
20260303,50845000,11:07:25.000,FLATTENING,COOLDOWN,reversion_exit,10192.0,10107.0,10277.0,10192.25,24
20260303,50847000,11:07:27.000,COOLDOWN,PAUSED,order_action_limit,10192.0,10107.0,10277.0,10193.375,24
20260303,50848000,11:07:28.000,PAUSED,PAUSED,order_action_limit,10192.0,10107.0,10277.0,10193.25,24
20260303,50849000,11:07:29.000,PAUSED,PAUSED,order_action_limit,10192.0,10107.0,10277.0,10194.25,24
20260303,50850000,11:07:30.000,PAUSED,PAUSED,order_action_limit,10192.0,10107.0,10277.0,10192.5,24
20260303,50851000,11:07:31.000,PAUSED,PAUSED,order_action_limit,10192.0,10107.0,10277.0,10192.375,24
20260303,50852000,11:07:32.000,PAUSED,PAUSED,order_action_limit,10192.0,10107.0,10277.0,10193.25,24
20260303,50853000,11:07:33.000,PAUSED,PAUSED,order_action_limit,10192.0,10107.0,10277.0,10189.0,24
20260303,50856000,11:07:36.000,PAUSED,PAUSED,order_action_limit,10192.0,10107.0,10277.0,10190.25,24
20260303,50857000,11:07:37.000,PAUSED,PAUSED,order_action_limit,10192.0,10107.0,10277.0,10188.5,24
20260303,50861000,11:07:41.000,PAUSED,PAUSED,order_action_limit,10192.0,10107.0,10277.0,10190.0,22
20260303,50862000,11:07:42.000,PAUSED,PAUSED,order_action_limit,10192.0,10107.0,10277.0,10189.25,21
20260303,50863000,11:07:43.000,PAUSED,PAUSED,order_action_limit,10192.0,10107.0,10277.0,10188.875,20
20260303,50864000,11:07:44.000,PAUSED,FLAT_QUOTING,fair_recovered,10189.0,10104.0,10274.0,10189.0,18
20260303,50865000,11:07:45.000,FLAT_QUOTING,LONG_PENDING_HEDGE,target_fill,10189.0,10104.0,10274.0,10188.5,21
20260303,50866000,11:07:46.000,LONG_PENDING_HEDGE,HEDGED_POSITION,hedge_fill,10189.0,10104.0,10274.0,10182.25,20
20260303,50867000,11:07:47.000,HEDGED_POSITION,FLATTENING,reversion_exit,10189.0,10104.0,10274.0,10188.25,19
20260303,50867000,11:07:47.000,FLATTENING,COOLDOWN,reversion_exit,10189.0,10104.0,10274.0,10188.25,21
20260303,50869000,11:07:49.000,COOLDOWN,FLAT_QUOTING,fair_recovered,10190.0,10105.0,10275.0,10189.75,18
20260303,50870000,11:07:50.000,FLAT_QUOTING,LONG_PENDING_HEDGE,target_fill,10190.0,10105.0,10275.0,10189.0,21
20260303,50871000,11:07:51.000,LONG_PENDING_HEDGE,HEDGED_POSITION,hedge_fill,10190.0,10105.0,10275.0,10185.25,20
20260303,50872000,11:07:52.000,HEDGED_POSITION,FLATTENING,reference_invalid_exit,10190.0,10105.0,10275.0,,19
20260303,50872000,11:07:52.000,FLATTENING,COOLDOWN,reference_invalid_exit,10190.0,10105.0,10275.0,,21
20260303,50874000,11:07:54.000,COOLDOWN,FLAT_QUOTING,fair_recovered,10188.0,10103.0,10273.0,10187.75,18
20260303,50875000,11:07:55.000,FLAT_QUOTING,LONG_PENDING_HEDGE,target_fill,10188.0,10103.0,10273.0,10189.0,21
20260303,50876000,11:07:56.000,LONG_PENDING_HEDGE,HEDGED_POSITION,hedge_fill,10188.0,10103.0,10273.0,10190.0,22
20260303,50877000,11:07:57.000,HEDGED_POSITION,FLATTENING,reversion_exit,10188.0,10103.0,10273.0,10189.75,22
20260303,50877000,11:07:57.000,FLATTENING,COOLDOWN,reversion_exit,10188.0,10103.0,10273.0,10189.75,24
20260303,50879000,11:07:59.000,COOLDOWN,PAUSED,order_action_limit,10188.0,10103.0,10273.0,10190.25,24
20260303,50880000,11:08:00.000,PAUSED,PAUSED,order_action_limit,10188.0,10103.0,10273.0,10193.0,24
20260303,50881000,11:08:01.000,PAUSED,PAUSED,order_action_limit,10188.0,10103.0,10273.0,10193.0,24
20260303,50882000,11:08:02.000,PAUSED,PAUSED,order_action_limit,10188.0,10103.0,10273.0,10193.25,24
20260303,50883000,11:08:03.000,PAUSED,PAUSED,order_action_limit,10188.0,10103.0,10273.0,10196.25,24
20260303,50884000,11:08:04.000,PAUSED,PAUSED,order_action_limit,10188.0,10103.0,10273.0,10195.0,24
20260303,50885000,11:08:05.000,PAUSED,PAUSED,order_action_limit,10188.0,10103.0,10273.0,10194.75,24
20260303,50886000,11:08:06.000,PAUSED,PAUSED,order_action_limit,10188.0,10103.0,10273.0,10194.5,24
20260303,50887000,11:08:07.000,PAUSED,PAUSED,order_action_limit,10188.0,10103.0,10273.0,10197.75,24
20260303,51090000,11:11:30.000,PAUSED,FLAT_QUOTING,fair_recovered,10208.0,10123.0,10293.0,10208.5,0
20260303,51091000,11:11:31.000,FLAT_QUOTING,LONG_PENDING_HEDGE,target_fill,10208.0,10123.0,10293.0,10207.75,3
20260303,51092000,11:11:32.000,LONG_PENDING_HEDGE,HEDGED_POSITION,hedge_fill,10208.0,10123.0,10293.0,10205.75,4
20260303,51093000,11:11:33.000,HEDGED_POSITION,FLATTENING,reversion_exit,10208.0,10123.0,10293.0,10206.5,4
20260303,51093000,11:11:33.000,FLATTENING,COOLDOWN,reversion_exit,10208.0,10123.0,10293.0,10206.5,6
20260303,51095000,11:11:35.000,COOLDOWN,FLAT_QUOTING,fair_recovered,10199.0,10114.0,10284.0,10198.75,6
20260303,51096000,11:11:36.000,FLAT_QUOTING,LONG_PENDING_HEDGE,target_fill,10199.0,10114.0,10284.0,10202.0,9
20260303,51097000,11:11:37.000,LONG_PENDING_HEDGE,HEDGED_POSITION,hedge_fill,10199.0,10114.0,10284.0,10205.0,10
20260303,51098000,11:11:38.000,HEDGED_POSITION,FLATTENING,reversion_exit,10199.0,10114.0,10284.0,10206.0,10
20260303,51098000,11:11:38.000,FLATTENING,COOLDOWN,reversion_exit,10199.0,10114.0,10284.0,10206.0,12
20260303,51100000,11:11:40.000,COOLDOWN,FLAT_QUOTING,fair_recovered,10202.0,10117.0,10287.0,10202.0,12
20260303,51101000,11:11:41.000,FLAT_QUOTING,LONG_PENDING_HEDGE,target_fill,10202.0,10117.0,10287.0,10202.75,15
20260303,51102000,11:11:42.000,LONG_PENDING_HEDGE,HEDGED_POSITION,hedge_fill,10202.0,10117.0,10287.0,10201.5,16
20260303,51103000,11:11:43.000,HEDGED_POSITION,FLATTENING,reversion_exit,10202.0,10117.0,10287.0,10201.75,16
20260303,51103000,11:11:43.000,FLATTENING,COOLDOWN,reversion_exit,10202.0,10117.0,10287.0,10201.75,18
20260303,51105000,11:11:45.000,COOLDOWN,FLAT_QUOTING,fair_recovered,10202.0,10117.0,10287.0,10201.5,18
20260303,51106000,11:11:46.000,FLAT_QUOTING,LONG_PENDING_HEDGE,target_fill,10202.0,10117.0,10287.0,10204.5,21
20260303,51107000,11:11:47.000,LONG_PENDING_HEDGE,HEDGED_POSITION,hedge_fill,10202.0,10117.0,10287.0,10205.0,22
20260303,51108000,11:11:48.000,HEDGED_POSITION,FLATTENING,reversion_exit,10202.0,10117.0,10287.0,10203.875,22
20260303,51108000,11:11:48.000,FLATTENING,COOLDOWN,reversion_exit,10202.0,10117.0,10287.0,10203.875,24
20260303,51110000,11:11:50.000,COOLDOWN,PAUSED,order_action_limit,10202.0,10117.0,10287.0,10205.5,24
20260303,51111000,11:11:51.000,PAUSED,PAUSED,order_action_limit,10202.0,10117.0,10287.0,10203.5,24
20260303,51112000,11:11:52.000,PAUSED,PAUSED,order_action_limit,10202.0,10117.0,10287.0,10205.0,24
20260303,51113000,11:11:53.000,PAUSED,PAUSED,order_action_limit,10202.0,10117.0,10287.0,10207.0,24
20260303,51114000,11:11:54.000,PAUSED,PAUSED,order_action_limit,10202.0,10117.0,10287.0,10214.25,24
20260303,51115000,11:11:55.000,PAUSED,PAUSED,order_action_limit,10202.0,10117.0,10287.0,10214.25,24
20260303,51116000,11:11:56.000,PAUSED,PAUSED,order_action_limit,10202.0,10117.0,10287.0,10214.5,24
20260303,51117000,11:11:57.000,PAUSED,PAUSED,order_action_limit,10202.0,10117.0,10287.0,10216.0,24
20260303,51118000,11:11:58.000,PAUSED,PAUSED,order_action_limit,10202.0,10117.0,10287.0,10215.5,24
20260303,51119000,11:11:59.000,PAUSED,PAUSED,order_action_limit,10202.0,10117.0,10287.0,10214.25,24
20260303,51120000,11:12:00.000,PAUSED,PAUSED,order_action_limit,10202.0,10117.0,10287.0,10213.75,24
20260303,51121000,11:12:01.000,PAUSED,PAUSED,order_action_limit,10202.0,10117.0,10287.0,10215.75,24
20260303,51122000,11:12:02.000,PAUSED,PAUSED,order_action_limit,10202.0,10117.0,10287.0,10218.0,24
20260303,51123000,11:12:03.000,PAUSED,PAUSED,order_action_limit,10202.0,10117.0,10287.0,10221.5,24
20260303,51124000,11:12:04.000,PAUSED,PAUSED,order_action_limit,10202.0,10117.0,10287.0,10227.0,24
20260303,51125000,11:12:05.000,PAUSED,PAUSED,order_action_limit,10202.0,10117.0,10287.0,10229.25,24
20260303,51126000,11:12:06.000,PAUSED,PAUSED,order_action_limit,10202.0,10117.0,10287.0,10232.25,24
20260303,51127000,11:12:07.000,PAUSED,PAUSED,order_action_limit,10202.0,10117.0,10287.0,10236.0,24
20260303,51128000,11:12:08.000,PAUSED,PAUSED,order_action_limit,10202.0,10117.0,10287.0,10239.75,24
20260303,51129000,11:12:09.000,PAUSED,PAUSED,order_action_limit,10202.0,10117.0,10287.0,10241.75,24
20260303,51130000,11:12:10.000,PAUSED,PAUSED,order_action_limit,10202.0,10117.0,10287.0,10241.75,24
20260303,51131000,11:12:11.000,PAUSED,PAUSED,order_action_limit,10202.0,10117.0,10287.0,10244.75,24
20260303,51132000,11:12:12.000,PAUSED,PAUSED,order_action_limit,10202.0,10117.0,10287.0,10242.5,24
20260303,51133000,11:12:13.000,PAUSED,PAUSED,order_action_limit,10202.0,10117.0,10287.0,10240.5,24
20260303,51134000,11:12:14.000,PAUSED,PAUSED,order_action_limit,10202.0,10117.0,10287.0,10240.5,24
20260303,51135000,11:12:15.000,PAUSED,PAUSED,order_action_limit,10202.0,10117.0,10287.0,10241.25,24
20260303,51136000,11:12:16.000,PAUSED,PAUSED,order_action_limit,10202.0,10117.0,10287.0,10240.75,24
20260303,51137000,11:12:17.000,PAUSED,PAUSED,order_action_limit,10202.0,10117.0,10287.0,10237.25,24
20260303,51138000,11:12:18.000,PAUSED,PAUSED,order_action_limit,10202.0,10117.0,10287.0,10238.25,24
20260303,51139000,11:12:19.000,PAUSED,PAUSED,order_action_limit,10202.0,10117.0,10287.0,10241.0,24
20260303,51140000,11:12:20.000,PAUSED,PAUSED,order_action_limit,10202.0,10117.0,10287.0,10235.25,24
20260303,51141000,11:12:21.000,PAUSED,PAUSED,order_action_limit,10202.0,10117.0,10287.0,10232.0,24
20260303,51142000,11:12:22.000,PAUSED,PAUSED,order_action_limit,10202.0,10117.0,10287.0,10233.0,24
20260303,51143000,11:12:23.000,PAUSED,PAUSED,order_action_limit,10202.0,10117.0,10287.0,10233.25,24
20260303,51144000,11:12:24.000,PAUSED,PAUSED,order_action_limit,10202.0,10117.0,10287.0,10232.25,24
20260303,51145000,11:12:25.000,PAUSED,PAUSED,order_action_limit,10202.0,10117.0,10287.0,10230.0,24
20260303,51146000,11:12:26.000,PAUSED,PAUSED,order_action_limit,10202.0,10117.0,10287.0,10230.5,24
20260303,51147000,11:12:27.000,PAUSED,PAUSED,order_action_limit,10202.0,10117.0,10287.0,10229.5,24
20260303,51148000,11:12:28.000,PAUSED,PAUSED,order_action_limit,10202.0,10117.0,10287.0,10230.0,24
20260303,51149000,11:12:29.000,PAUSED,PAUSED,order_action_limit,10202.0,10117.0,10287.0,10228.25,24
20260303,51150000,11:12:30.000,PAUSED,PAUSED,order_action_limit,10202.0,10117.0,10287.0,10229.25,22
20260303,51151000,11:12:31.000,PAUSED,PAUSED,order_action_limit,10202.0,10117.0,10287.0,10226.0,21
20260303,51152000,11:12:32.000,PAUSED,PAUSED,order_action_limit,10202.0,10117.0,10287.0,10226.75,20
20260303,51153000,11:12:33.000,PAUSED,FLAT_QUOTING,fair_recovered,10227.0,10142.0,10312.0,10226.75,18
20260303,51154000,11:12:34.000,FLAT_QUOTING,LONG_PENDING_HEDGE,target_fill,10227.0,10142.0,10312.0,10227.75,21
20260303,51155000,11:12:35.000,LONG_PENDING_HEDGE,HEDGED_POSITION,hedge_fill,10227.0,10142.0,10312.0,10229.25,20
20260303,51156000,11:12:36.000,HEDGED_POSITION,FLATTENING,reversion_exit,10227.0,10142.0,10312.0,10230.5,19
20260303,51156000,11:12:36.000,FLATTENING,COOLDOWN,reversion_exit,10227.0,10142.0,10312.0,10230.5,21
20260303,51158000,11:12:38.000,COOLDOWN,FLAT_QUOTING,fair_recovered,10237.0,10152.0,10322.0,10237.25,18
20260303,51159000,11:12:39.000,FLAT_QUOTING,LONG_PENDING_HEDGE,target_fill,10237.0,10152.0,10322.0,10240.25,21
20260303,51160000,11:12:40.000,LONG_PENDING_HEDGE,HEDGED_POSITION,hedge_fill,10237.0,10152.0,10322.0,10239.75,20
20260303,51161000,11:12:41.000,HEDGED_POSITION,FLATTENING,reversion_exit,10237.0,10152.0,10322.0,10238.0,19
20260303,51161000,11:12:41.000,FLATTENING,COOLDOWN,reversion_exit,10237.0,10152.0,10322.0,10238.0,21
20260303,51163000,11:12:43.000,COOLDOWN,FLAT_QUOTING,fair_recovered,10236.0,10151.0,10321.0,10236.25,18
20260303,51164000,11:12:44.000,FLAT_QUOTING,LONG_PENDING_HEDGE,target_fill,10236.0,10151.0,10321.0,10239.0,21
20260303,51165000,11:12:45.000,LONG_PENDING_HEDGE,HEDGED_POSITION,hedge_fill,10236.0,10151.0,10321.0,10236.25,20
20260303,51166000,11:12:46.000,HEDGED_POSITION,FLATTENING,reversion_exit,10236.0,10151.0,10321.0,10237.0,19
20260303,51166000,11:12:46.000,FLATTENING,COOLDOWN,reversion_exit,10236.0,10151.0,10321.0,10237.0,21
20260303,51168000,11:12:48.000,COOLDOWN,FLAT_QUOTING,fair_recovered,10240.0,10155.0,10325.0,10240.125,18
20260303,51169000,11:12:49.000,FLAT_QUOTING,LONG_PENDING_HEDGE,target_fill,10240.0,10155.0,10325.0,10236.25,21
20260303,51170000,11:12:50.000,LONG_PENDING_HEDGE,HEDGED_POSITION,hedge_fill,10240.0,10155.0,10325.0,10231.75,22
20260303,51171000,11:12:51.000,HEDGED_POSITION,FLATTENING,reversion_exit,10240.0,10155.0,10325.0,10228.75,22
20260303,51171000,11:12:51.000,FLATTENING,COOLDOWN,reversion_exit,10240.0,10155.0,10325.0,10228.75,24
20260303,51173000,11:12:53.000,COOLDOWN,PAUSED,order_action_limit,10240.0,10155.0,10325.0,10231.25,24
20260303,51174000,11:12:54.000,PAUSED,PAUSED,order_action_limit,10240.0,10155.0,10325.0,10232.5,24
20260303,51175000,11:12:55.000,PAUSED,PAUSED,order_action_limit,10240.0,10155.0,10325.0,10230.875,24
20260303,51176000,11:12:56.000,PAUSED,PAUSED,order_action_limit,10240.0,10155.0,10325.0,10231.25,24
20260303,51177000,11:12:57.000,PAUSED,PAUSED,order_action_limit,10240.0,10155.0,10325.0,10231.5,24
20260303,51178000,11:12:58.000,PAUSED,PAUSED,order_action_limit,10240.0,10155.0,10325.0,10232.0,24
20260303,51179000,11:12:59.000,PAUSED,PAUSED,order_action_limit,10240.0,10155.0,10325.0,10233.25,24
20260303,51189000,11:13:09.000,PAUSED,PAUSED,order_action_limit,10240.0,10155.0,10325.0,10229.125,24
20260303,51192000,11:13:12.000,PAUSED,PAUSED,order_action_limit,10240.0,10155.0,10325.0,10228.5,24
20260303,51193000,11:13:13.000,PAUSED,PAUSED,order_action_limit,10240.0,10155.0,10325.0,10230.75,24
20260303,51194000,11:13:14.000,PAUSED,PAUSED,order_action_limit,10240.0,10155.0,10325.0,10228.875,24
20260303,51195000,11:13:15.000,PAUSED,PAUSED,order_action_limit,10240.0,10155.0,10325.0,10227.0,24
20260303,51196000,11:13:16.000,PAUSED,PAUSED,order_action_limit,10240.0,10155.0,10325.0,10223.25,24
20260303,51197000,11:13:17.000,PAUSED,PAUSED,order_action_limit,10240.0,10155.0,10325.0,10221.25,24
20260303,51198000,11:13:18.000,PAUSED,PAUSED,order_action_limit,10240.0,10155.0,10325.0,10216.25,24
20260303,51203000,11:13:23.000,PAUSED,PAUSED,order_action_limit,10240.0,10155.0,10325.0,10213.75,24
20260303,51204000,11:13:24.000,PAUSED,PAUSED,order_action_limit,10240.0,10155.0,10325.0,10213.75,24
20260303,51205000,11:13:25.000,PAUSED,PAUSED,order_action_limit,10240.0,10155.0,10325.0,10213.25,24
20260303,51206000,11:13:26.000,PAUSED,PAUSED,order_action_limit,10240.0,10155.0,10325.0,10212.375,24
20260303,51207000,11:13:27.000,PAUSED,PAUSED,order_action_limit,10240.0,10155.0,10325.0,10207.75,24
20260303,51208000,11:13:28.000,PAUSED,PAUSED,order_action_limit,10240.0,10155.0,10325.0,10206.0,24
20260303,51209000,11:13:29.000,PAUSED,PAUSED,order_action_limit,10240.0,10155.0,10325.0,10205.0,24
20260303,51210000,11:13:30.000,PAUSED,PAUSED,order_action_limit,10240.0,10155.0,10325.0,10205.5,24
20260303,51211000,11:13:31.000,PAUSED,PAUSED,order_action_limit,10240.0,10155.0,10325.0,10204.5,24
20260303,51212000,11:13:32.000,PAUSED,PAUSED,order_action_limit,10240.0,10155.0,10325.0,10201.5,24
20260303,51213000,11:13:33.000,PAUSED,PAUSED,order_action_limit,10240.0,10155.0,10325.0,10200.75,22
20260303,51216000,11:13:36.000,PAUSED,FLAT_QUOTING,fair_recovered,10206.0,10121.0,10291.0,10206.5,18
20260303,51217000,11:13:37.000,FLAT_QUOTING,LONG_PENDING_HEDGE,target_fill,10206.0,10121.0,10291.0,10208.25,21
20260303,51218000,11:13:38.000,LONG_PENDING_HEDGE,HEDGED_POSITION,hedge_fill,10206.0,10121.0,10291.0,10209.75,20
20260303,51219000,11:13:39.000,HEDGED_POSITION,FLATTENING,reference_invalid_exit,10206.0,10121.0,10291.0,10202.0,19
20260303,51219000,11:13:39.000,FLATTENING,COOLDOWN,reference_invalid_exit,10206.0,10121.0,10291.0,10202.0,21
20260303,51220000,11:13:40.000,COOLDOWN,PAUSED,fair_invalid_or_session_guard,10206.0,10121.0,10291.0,10200.5,20
20260303,51232000,11:13:52.000,PAUSED,FLAT_QUOTING,fair_recovered,10209.0,10124.0,10294.0,10209.25,6
20260303,51233000,11:13:53.000,FLAT_QUOTING,LONG_PENDING_HEDGE,target_fill,10209.0,10124.0,10294.0,10209.5,9
20260303,51234000,11:13:54.000,LONG_PENDING_HEDGE,HEDGED_POSITION,hedge_fill,10209.0,10124.0,10294.0,10207.5,10
20260303,51235000,11:13:55.000,HEDGED_POSITION,FLATTENING,reference_invalid_exit,10209.0,10124.0,10294.0,10206.75,10
20260303,51235000,11:13:55.000,FLATTENING,COOLDOWN,reference_invalid_exit,10209.0,10124.0,10294.0,10206.75,12
20260303,51237000,11:13:57.000,COOLDOWN,FLAT_QUOTING,fair_recovered,10205.0,10120.0,10290.0,10204.75,12
20260303,51238000,11:13:58.000,FLAT_QUOTING,LONG_PENDING_HEDGE,target_fill,10205.0,10120.0,10290.0,10206.25,15
20260303,51239000,11:13:59.000,LONG_PENDING_HEDGE,HEDGED_POSITION,hedge_fill,10205.0,10120.0,10290.0,10206.5,16
20260303,51240000,11:14:00.000,HEDGED_POSITION,FLATTENING,reversion_exit,10205.0,10120.0,10290.0,10206.25,16
20260303,51240000,11:14:00.000,FLATTENING,COOLDOWN,reversion_exit,10205.0,10120.0,10290.0,10206.25,18
20260303,51242000,11:14:02.000,COOLDOWN,FLAT_QUOTING,fair_recovered,10210.0,10125.0,10295.0,10210.25,18
20260303,51243000,11:14:03.000,FLAT_QUOTING,LONG_PENDING_HEDGE,target_fill,10210.0,10125.0,10295.0,10211.375,21
20260303,51244000,11:14:04.000,LONG_PENDING_HEDGE,HEDGED_POSITION,hedge_fill,10210.0,10125.0,10295.0,10211.375,22
20260303,51245000,11:14:05.000,HEDGED_POSITION,FLATTENING,reversion_exit,10210.0,10125.0,10295.0,10210.875,22
20260303,51245000,11:14:05.000,FLATTENING,COOLDOWN,reversion_exit,10210.0,10125.0,10295.0,10210.875,24
20260303,51247000,11:14:07.000,COOLDOWN,PAUSED,order_action_limit,10210.0,10125.0,10295.0,10216.0,24
20260303,51248000,11:14:08.000,PAUSED,PAUSED,order_action_limit,10210.0,10125.0,10295.0,10216.25,24
20260303,51249000,11:14:09.000,PAUSED,PAUSED,order_action_limit,10210.0,10125.0,10295.0,10217.0,24
20260303,51250000,11:14:10.000,PAUSED,PAUSED,order_action_limit,10210.0,10125.0,10295.0,10217.75,24
20260303,51251000,11:14:11.000,PAUSED,PAUSED,order_action_limit,10210.0,10125.0,10295.0,10218.5,24
20260303,51252000,11:14:12.000,PAUSED,PAUSED,order_action_limit,10210.0,10125.0,10295.0,10218.0,24
20260303,51253000,11:14:13.000,PAUSED,PAUSED,order_action_limit,10210.0,10125.0,10295.0,10218.0,24
20260303,51254000,11:14:14.000,PAUSED,PAUSED,order_action_limit,10210.0,10125.0,10295.0,10219.5,24
20260303,51255000,11:14:15.000,PAUSED,PAUSED,order_action_limit,10210.0,10125.0,10295.0,10219.75,24
20260303,51256000,11:14:16.000,PAUSED,PAUSED,order_action_limit,10210.0,10125.0,10295.0,10224.0,24
20260303,51257000,11:14:17.000,PAUSED,PAUSED,order_action_limit,10210.0,10125.0,10295.0,10219.25,24
20260303,51258000,11:14:18.000,PAUSED,PAUSED,order_action_limit,10210.0,10125.0,10295.0,10213.0,24
20260303,51259000,11:14:19.000,PAUSED,PAUSED,order_action_limit,10210.0,10125.0,10295.0,10212.0,24
20260303,51260000,11:14:20.000,PAUSED,PAUSED,order_action_limit,10210.0,10125.0,10295.0,10207.0,24
20260303,51261000,11:14:21.000,PAUSED,PAUSED,order_action_limit,10210.0,10125.0,10295.0,10206.375,24
20260303,51262000,11:14:22.000,PAUSED,PAUSED,order_action_limit,10210.0,10125.0,10295.0,10206.0,24
20260303,51263000,11:14:23.000,PAUSED,PAUSED,order_action_limit,10210.0,10125.0,10295.0,10205.75,24
20260303,51264000,11:14:24.000,PAUSED,PAUSED,order_action_limit,10210.0,10125.0,10295.0,10205.25,24
20260303,51265000,11:14:25.000,PAUSED,PAUSED,order_action_limit,10210.0,10125.0,10295.0,10202.0,24
20260303,51266000,11:14:26.000,PAUSED,PAUSED,order_action_limit,10210.0,10125.0,10295.0,10203.75,24
20260303,51267000,11:14:27.000,PAUSED,PAUSED,order_action_limit,10210.0,10125.0,10295.0,10204.0,24
20260303,51268000,11:14:28.000,PAUSED,PAUSED,order_action_limit,10210.0,10125.0,10295.0,10205.0,24
20260303,51269000,11:14:29.000,PAUSED,PAUSED,order_action_limit,10210.0,10125.0,10295.0,10204.25,24
20260303,51270000,11:14:30.000,PAUSED,PAUSED,order_action_limit,10210.0,10125.0,10295.0,10205.5,24
20260303,51271000,11:14:31.000,PAUSED,PAUSED,order_action_limit,10210.0,10125.0,10295.0,10210.0,24
20260303,51272000,11:14:32.000,PAUSED,PAUSED,order_action_limit,10210.0,10125.0,10295.0,10208.5,24
20260303,51273000,11:14:33.000,PAUSED,PAUSED,order_action_limit,10210.0,10125.0,10295.0,10214.0,24
20260303,51274000,11:14:34.000,PAUSED,PAUSED,order_action_limit,10210.0,10125.0,10295.0,10211.5,24
20260303,51275000,11:14:35.000,PAUSED,PAUSED,order_action_limit,10210.0,10125.0,10295.0,10209.75,24
20260303,51278000,11:14:38.000,PAUSED,PAUSED,order_action_limit,10210.0,10125.0,10295.0,10204.75,20
20260303,51279000,11:14:39.000,PAUSED,FLAT_QUOTING,fair_recovered,10206.0,10121.0,10291.0,10205.5,18
20260303,51280000,11:14:40.000,FLAT_QUOTING,LONG_PENDING_HEDGE,target_fill,10206.0,10121.0,10291.0,10206.5,21
20260303,51281000,11:14:41.000,LONG_PENDING_HEDGE,HEDGED_POSITION,hedge_fill,10206.0,10121.0,10291.0,10209.25,22
20260303,51282000,11:14:42.000,HEDGED_POSITION,FLATTENING,reversion_exit,10206.0,10121.0,10291.0,10202.25,22
20260303,51282000,11:14:42.000,FLATTENING,COOLDOWN,reversion_exit,10206.0,10121.0,10291.0,10202.25,24
20260303,51283000,11:14:43.000,COOLDOWN,PAUSED,fair_invalid_or_session_guard,10206.0,10121.0,10291.0,10207.125,24
20260303,51285000,11:14:45.000,PAUSED,PAUSED,order_action_limit,10206.0,10121.0,10291.0,10204.5,24
20260303,51350000,11:15:50.000,PAUSED,FLAT_QUOTING,fair_recovered,10176.0,10091.0,10261.0,10176.5,0
20260303,51351000,11:15:51.000,FLAT_QUOTING,LONG_PENDING_HEDGE,target_fill,10176.0,10091.0,10261.0,10173.75,3
20260303,51352000,11:15:52.000,LONG_PENDING_HEDGE,HEDGED_POSITION,hedge_fill,10176.0,10091.0,10261.0,10172.25,4
20260303,51353000,11:15:53.000,HEDGED_POSITION,FLATTENING,reference_invalid_exit,10176.0,10091.0,10261.0,10172.5,4
20260303,51353000,11:15:53.000,FLATTENING,COOLDOWN,reference_invalid_exit,10176.0,10091.0,10261.0,10172.5,6
20260303,51355000,11:15:55.000,COOLDOWN,PAUSED,fair_invalid_or_session_guard,10176.0,10091.0,10261.0,10171.5,6
20260303,51385000,11:16:25.000,PAUSED,FLAT_QUOTING,fair_recovered,10166.0,10081.0,10251.0,10166.5,6
20260303,51386000,11:16:26.000,FLAT_QUOTING,LONG_PENDING_HEDGE,target_fill,10166.0,10081.0,10251.0,10166.75,9
20260303,51387000,11:16:27.000,LONG_PENDING_HEDGE,HEDGED_POSITION,hedge_fill,10166.0,10081.0,10251.0,10166.25,10
20260303,51388000,11:16:28.000,HEDGED_POSITION,FLATTENING,reversion_exit,10166.0,10081.0,10251.0,10166.0,10
20260303,51388000,11:16:28.000,FLATTENING,COOLDOWN,reversion_exit,10166.0,10081.0,10251.0,10166.0,12
20260303,51390000,11:16:30.000,COOLDOWN,PAUSED,fair_invalid_or_session_guard,10166.0,10081.0,10251.0,,12
20260303,51397000,11:16:37.000,PAUSED,FLAT_QUOTING,fair_recovered,10174.0,10089.0,10259.0,10173.75,12
20260303,51398000,11:16:38.000,FLAT_QUOTING,LONG_PENDING_HEDGE,target_fill,10174.0,10089.0,10259.0,10174.75,15
20260303,51399000,11:16:39.000,LONG_PENDING_HEDGE,HEDGED_POSITION,hedge_fill,10174.0,10089.0,10259.0,10175.5,16
20260303,51400000,11:16:40.000,HEDGED_POSITION,FLATTENING,reversion_exit,10174.0,10089.0,10259.0,10178.5,16
20260303,51400000,11:16:40.000,FLATTENING,COOLDOWN,reversion_exit,10174.0,10089.0,10259.0,10178.5,18
20260303,51402000,11:16:42.000,COOLDOWN,FLAT_QUOTING,fair_recovered,10186.0,10101.0,10271.0,10186.0,18
20260303,51403000,11:16:43.000,FLAT_QUOTING,LONG_PENDING_HEDGE,target_fill,10186.0,10101.0,10271.0,10185.75,21
20260303,51404000,11:16:44.000,LONG_PENDING_HEDGE,HEDGED_POSITION,hedge_fill,10186.0,10101.0,10271.0,10185.25,22
20260303,51405000,11:16:45.000,HEDGED_POSITION,FLATTENING,reversion_exit,10186.0,10101.0,10271.0,10184.25,22
20260303,51405000,11:16:45.000,FLATTENING,COOLDOWN,reversion_exit,10186.0,10101.0,10271.0,10184.25,24
20260303,51407000,11:16:47.000,COOLDOWN,PAUSED,order_action_limit,10186.0,10101.0,10271.0,10186.25,24
20260303,51408000,11:16:48.000,PAUSED,PAUSED,order_action_limit,10186.0,10101.0,10271.0,10184.75,24
20260303,51409000,11:16:49.000,PAUSED,PAUSED,order_action_limit,10186.0,10101.0,10271.0,10188.5,24
20260303,51410000,11:16:50.000,PAUSED,PAUSED,order_action_limit,10186.0,10101.0,10271.0,10188.75,22
20260303,51411000,11:16:51.000,PAUSED,PAUSED,order_action_limit,10186.0,10101.0,10271.0,10188.75,21
20260303,51412000,11:16:52.000,PAUSED,PAUSED,order_action_limit,10186.0,10101.0,10271.0,10189.75,20
20260303,51413000,11:16:53.000,PAUSED,FLAT_QUOTING,fair_recovered,10190.0,10105.0,10275.0,10190.0,18
20260303,51414000,11:16:54.000,FLAT_QUOTING,LONG_PENDING_HEDGE,target_fill,10190.0,10105.0,10275.0,10186.25,21
20260303,51415000,11:16:55.000,LONG_PENDING_HEDGE,HEDGED_POSITION,hedge_fill,10190.0,10105.0,10275.0,10186.0,22
20260303,51416000,11:16:56.000,HEDGED_POSITION,FLATTENING,reversion_exit,10190.0,10105.0,10275.0,10185.5,22
20260303,51416000,11:16:56.000,FLATTENING,COOLDOWN,reversion_exit,10190.0,10105.0,10275.0,10185.5,24
20260303,51418000,11:16:58.000,COOLDOWN,PAUSED,order_action_limit,10190.0,10105.0,10275.0,10183.25,24
20260303,51419000,11:16:59.000,PAUSED,PAUSED,order_action_limit,10190.0,10105.0,10275.0,10182.5,24
20260303,51420000,11:17:00.000,PAUSED,PAUSED,order_action_limit,10190.0,10105.0,10275.0,10185.25,24
20260303,51421000,11:17:01.000,PAUSED,PAUSED,order_action_limit,10190.0,10105.0,10275.0,10184.0,24
20260303,51422000,11:17:02.000,PAUSED,PAUSED,order_action_limit,10190.0,10105.0,10275.0,10185.5,24
20260303,51423000,11:17:03.000,PAUSED,PAUSED,order_action_limit,10190.0,10105.0,10275.0,10186.25,24
20260303,51424000,11:17:04.000,PAUSED,PAUSED,order_action_limit,10190.0,10105.0,10275.0,10184.5,24
20260303,51425000,11:17:05.000,PAUSED,PAUSED,order_action_limit,10190.0,10105.0,10275.0,10183.0,24
20260303,51426000,11:17:06.000,PAUSED,PAUSED,order_action_limit,10190.0,10105.0,10275.0,10180.0,24
20260303,51427000,11:17:07.000,PAUSED,PAUSED,order_action_limit,10190.0,10105.0,10275.0,10178.5,24
20260303,51428000,11:17:08.000,PAUSED,PAUSED,order_action_limit,10190.0,10105.0,10275.0,10178.25,24
20260303,51429000,11:17:09.000,PAUSED,PAUSED,order_action_limit,10190.0,10105.0,10275.0,10176.75,24
20260303,51430000,11:17:10.000,PAUSED,PAUSED,order_action_limit,10190.0,10105.0,10275.0,10178.5,24
20260303,51431000,11:17:11.000,PAUSED,PAUSED,order_action_limit,10190.0,10105.0,10275.0,10177.75,24
20260303,51432000,11:17:12.000,PAUSED,PAUSED,order_action_limit,10190.0,10105.0,10275.0,10178.0,24
20260303,51433000,11:17:13.000,PAUSED,PAUSED,order_action_limit,10190.0,10105.0,10275.0,10176.75,24
20260303,51434000,11:17:14.000,PAUSED,PAUSED,order_action_limit,10190.0,10105.0,10275.0,10176.75,24
20260303,51435000,11:17:15.000,PAUSED,PAUSED,order_action_limit,10190.0,10105.0,10275.0,10178.75,24
20260303,51436000,11:17:16.000,PAUSED,PAUSED,order_action_limit,10190.0,10105.0,10275.0,10177.75,24
20260303,51437000,11:17:17.000,PAUSED,PAUSED,order_action_limit,10190.0,10105.0,10275.0,10174.75,24
20260303,51438000,11:17:18.000,PAUSED,PAUSED,order_action_limit,10190.0,10105.0,10275.0,10174.75,24
20260303,51439000,11:17:19.000,PAUSED,PAUSED,order_action_limit,10190.0,10105.0,10275.0,10176.0,24
20260303,51440000,11:17:20.000,PAUSED,PAUSED,order_action_limit,10190.0,10105.0,10275.0,10176.0,24
20260303,51441000,11:17:21.000,PAUSED,PAUSED,order_action_limit,10190.0,10105.0,10275.0,10175.75,24
20260303,51442000,11:17:22.000,PAUSED,PAUSED,order_action_limit,10190.0,10105.0,10275.0,10177.0,24
20260303,51443000,11:17:23.000,PAUSED,PAUSED,order_action_limit,10190.0,10105.0,10275.0,10177.25,24
20260303,51444000,11:17:24.000,PAUSED,PAUSED,order_action_limit,10190.0,10105.0,10275.0,10179.5,24
20260303,51445000,11:17:25.000,PAUSED,PAUSED,order_action_limit,10190.0,10105.0,10275.0,10178.25,22
20260303,51446000,11:17:26.000,PAUSED,PAUSED,order_action_limit,10190.0,10105.0,10275.0,10175.0,21
20260303,51447000,11:17:27.000,PAUSED,PAUSED,order_action_limit,10190.0,10105.0,10275.0,10174.5,20
20260303,51448000,11:17:28.000,PAUSED,FLAT_QUOTING,fair_recovered,10174.0,10089.0,10259.0,10174.5,18
20260303,51449000,11:17:29.000,FLAT_QUOTING,LONG_PENDING_HEDGE,target_fill,10174.0,10089.0,10259.0,10175.25,21
20260303,51450000,11:17:30.000,LONG_PENDING_HEDGE,HEDGED_POSITION,hedge_fill,10174.0,10089.0,10259.0,10176.25,22
20260303,51451000,11:17:31.000,HEDGED_POSITION,FLATTENING,reversion_exit,10174.0,10089.0,10259.0,10174.75,22
20260303,51451000,11:17:31.000,FLATTENING,COOLDOWN,reversion_exit,10174.0,10089.0,10259.0,10174.75,24
20260303,51453000,11:17:33.000,COOLDOWN,PAUSED,order_action_limit,10174.0,10089.0,10259.0,10177.0,24
20260303,51454000,11:17:34.000,PAUSED,PAUSED,order_action_limit,10174.0,10089.0,10259.0,10175.25,24
20260303,51455000,11:17:35.000,PAUSED,PAUSED,order_action_limit,10174.0,10089.0,10259.0,10174.75,24
20260303,51456000,11:17:36.000,PAUSED,PAUSED,order_action_limit,10174.0,10089.0,10259.0,10176.0,24
20260303,51457000,11:17:37.000,PAUSED,PAUSED,order_action_limit,10174.0,10089.0,10259.0,10176.5,22
20260303,51458000,11:17:38.000,PAUSED,PAUSED,order_action_limit,10174.0,10089.0,10259.0,10177.875,21
20260303,51459000,11:17:39.000,PAUSED,PAUSED,order_action_limit,10174.0,10089.0,10259.0,10177.875,20
20260303,51460000,11:17:40.000,PAUSED,FLAT_QUOTING,fair_recovered,10178.0,10093.0,10263.0,10177.75,18
20260303,51461000,11:17:41.000,FLAT_QUOTING,LONG_PENDING_HEDGE,target_fill,10178.0,10093.0,10263.0,10177.75,21
20260303,51462000,11:17:42.000,LONG_PENDING_HEDGE,EMERGENCY_FLATTEN,hedge_quote_timeout,10178.0,10093.0,10263.0,,20
20260303,51462000,11:17:42.000,EMERGENCY_FLATTEN,COOLDOWN,hedge_failure_exit,10178.0,10093.0,10263.0,,21
20260303,51464000,11:17:44.000,COOLDOWN,PAUSED,order_action_limit,10178.0,10093.0,10263.0,10179.25,19
20260303,51465000,11:17:45.000,PAUSED,FLAT_QUOTING,fair_recovered,10180.0,10095.0,10265.0,10179.75,17
20260303,51466000,11:17:46.000,FLAT_QUOTING,LONG_PENDING_HEDGE,target_fill,10180.0,10095.0,10265.0,10181.0,20
20260303,51467000,11:17:47.000,LONG_PENDING_HEDGE,HEDGED_POSITION,hedge_fill,10180.0,10095.0,10265.0,10181.75,21
20260303,51468000,11:17:48.000,HEDGED_POSITION,FLATTENING,reversion_exit,10180.0,10095.0,10265.0,10182.25,21
20260303,51468000,11:17:48.000,FLATTENING,COOLDOWN,reversion_exit,10180.0,10095.0,10265.0,10182.25,23
20260303,51470000,11:17:50.000,COOLDOWN,PAUSED,order_action_limit,10180.0,10095.0,10265.0,10182.0,23
20260303,51471000,11:17:51.000,PAUSED,PAUSED,order_action_limit,10180.0,10095.0,10265.0,10181.5,23
20260303,51472000,11:17:52.000,PAUSED,PAUSED,order_action_limit,10180.0,10095.0,10265.0,10180.75,23
20260303,51473000,11:17:53.000,PAUSED,PAUSED,order_action_limit,10180.0,10095.0,10265.0,10181.25,21
20260303,51474000,11:17:54.000,PAUSED,PAUSED,order_action_limit,10180.0,10095.0,10265.0,10181.0,20
20260303,51475000,11:17:55.000,PAUSED,PAUSED,order_action_limit,10180.0,10095.0,10265.0,10182.75,19
20260303,51476000,11:17:56.000,PAUSED,FLAT_QUOTING,fair_recovered,10178.0,10093.0,10263.0,10178.0,17
20260303,51477000,11:17:57.000,FLAT_QUOTING,LONG_PENDING_HEDGE,target_fill,10178.0,10093.0,10263.0,,20
20260303,51478000,11:17:58.000,LONG_PENDING_HEDGE,HEDGED_POSITION,hedge_fill,10178.0,10093.0,10263.0,10182.25,21
20260303,51479000,11:17:59.000,HEDGED_POSITION,FLATTENING,reversion_exit,10178.0,10093.0,10263.0,10181.5,21
20260303,51479000,11:17:59.000,FLATTENING,COOLDOWN,reversion_exit,10178.0,10093.0,10263.0,10181.5,23
20260303,51481000,11:18:01.000,COOLDOWN,PAUSED,order_action_limit,10178.0,10093.0,10263.0,10177.5,23
20260303,51482000,11:18:02.000,PAUSED,PAUSED,order_action_limit,10178.0,10093.0,10263.0,10177.5,23
20260303,51483000,11:18:03.000,PAUSED,PAUSED,order_action_limit,10178.0,10093.0,10263.0,10176.25,23
20260303,51484000,11:18:04.000,PAUSED,PAUSED,order_action_limit,10178.0,10093.0,10263.0,10174.5,23
20260303,51485000,11:18:05.000,PAUSED,PAUSED,order_action_limit,10178.0,10093.0,10263.0,10173.5,23
20260303,51486000,11:18:06.000,PAUSED,PAUSED,order_action_limit,10178.0,10093.0,10263.0,10173.75,23
20260303,51487000,11:18:07.000,PAUSED,PAUSED,order_action_limit,10178.0,10093.0,10263.0,10173.5,23
20260303,51488000,11:18:08.000,PAUSED,PAUSED,order_action_limit,10178.0,10093.0,10263.0,10175.25,23
20260303,51489000,11:18:09.000,PAUSED,PAUSED,order_action_limit,10178.0,10093.0,10263.0,10176.5,23
20260303,51490000,11:18:10.000,PAUSED,PAUSED,order_action_limit,10178.0,10093.0,10263.0,10177.25,23
20260303,51491000,11:18:11.000,PAUSED,PAUSED,order_action_limit,10178.0,10093.0,10263.0,10178.75,23
20260303,51492000,11:18:12.000,PAUSED,PAUSED,order_action_limit,10178.0,10093.0,10263.0,10181.25,23
20260303,51493000,11:18:13.000,PAUSED,PAUSED,order_action_limit,10178.0,10093.0,10263.0,10183.75,23
20260303,51494000,11:18:14.000,PAUSED,PAUSED,order_action_limit,10178.0,10093.0,10263.0,10188.25,23
20260303,51495000,11:18:15.000,PAUSED,PAUSED,order_action_limit,10178.0,10093.0,10263.0,10188.75,23
20260303,51496000,11:18:16.000,PAUSED,PAUSED,order_action_limit,10178.0,10093.0,10263.0,10190.0,23
20260303,51499000,11:18:19.000,PAUSED,PAUSED,order_action_limit,10178.0,10093.0,10263.0,10193.25,23
20260303,51500000,11:18:20.000,PAUSED,PAUSED,order_action_limit,10178.0,10093.0,10263.0,10193.0,23
20260303,51501000,11:18:21.000,PAUSED,PAUSED,order_action_limit,10178.0,10093.0,10263.0,10192.25,23
20260303,51502000,11:18:22.000,PAUSED,PAUSED,order_action_limit,10178.0,10093.0,10263.0,10191.75,23
20260303,51503000,11:18:23.000,PAUSED,PAUSED,order_action_limit,10178.0,10093.0,10263.0,10192.5,23
20260303,51504000,11:18:24.000,PAUSED,PAUSED,order_action_limit,10178.0,10093.0,10263.0,10194.5,23
20260303,51505000,11:18:25.000,PAUSED,PAUSED,order_action_limit,10178.0,10093.0,10263.0,10195.0,23
20260303,51506000,11:18:26.000,PAUSED,PAUSED,order_action_limit,10178.0,10093.0,10263.0,10196.5,23
20260303,51507000,11:18:27.000,PAUSED,PAUSED,order_action_limit,10178.0,10093.0,10263.0,10196.5,23
20260303,51508000,11:18:28.000,PAUSED,PAUSED,order_action_limit,10178.0,10093.0,10263.0,10195.0,21
20260303,51509000,11:18:29.000,PAUSED,PAUSED,order_action_limit,10178.0,10093.0,10263.0,10193.25,20
20260303,51510000,11:18:30.000,PAUSED,PAUSED,order_action_limit,10178.0,10093.0,10263.0,10195.75,19
20260303,51511000,11:18:31.000,PAUSED,FLAT_QUOTING,fair_recovered,10194.0,10109.0,10279.0,10193.75,17
20260303,51512000,11:18:32.000,FLAT_QUOTING,LONG_PENDING_HEDGE,target_fill,10194.0,10109.0,10279.0,10192.25,20
20260303,51513000,11:18:33.000,LONG_PENDING_HEDGE,HEDGED_POSITION,hedge_fill,10194.0,10109.0,10279.0,10194.0,21
20260303,51514000,11:18:34.000,HEDGED_POSITION,FLATTENING,reversion_exit,10194.0,10109.0,10279.0,10190.75,21
20260303,51514000,11:18:34.000,FLATTENING,COOLDOWN,reversion_exit,10194.0,10109.0,10279.0,10190.75,23
20260303,51516000,11:18:36.000,COOLDOWN,PAUSED,order_action_limit,10194.0,10109.0,10279.0,10190.5,23
20260303,51517000,11:18:37.000,PAUSED,PAUSED,order_action_limit,10194.0,10109.0,10279.0,10188.75,23
20260303,51518000,11:18:38.000,PAUSED,PAUSED,order_action_limit,10194.0,10109.0,10279.0,10189.25,23
20260303,51519000,11:18:39.000,PAUSED,PAUSED,order_action_limit,10194.0,10109.0,10279.0,10190.0,23
20260303,51520000,11:18:40.000,PAUSED,PAUSED,order_action_limit,10194.0,10109.0,10279.0,10190.0,21
20260303,51521000,11:18:41.000,PAUSED,PAUSED,order_action_limit,10194.0,10109.0,10279.0,10190.5,20
20260303,51522000,11:18:42.000,PAUSED,FLAT_QUOTING,fair_recovered,10192.0,10107.0,10277.0,10191.5,18
20260303,51523000,11:18:43.000,FLAT_QUOTING,LONG_PENDING_HEDGE,target_fill,10192.0,10107.0,10277.0,10190.75,21
20260303,51524000,11:18:44.000,LONG_PENDING_HEDGE,HEDGED_POSITION,hedge_fill,10192.0,10107.0,10277.0,10190.75,22
20260303,51525000,11:18:45.000,HEDGED_POSITION,FLATTENING,reversion_exit,10192.0,10107.0,10277.0,10189.0,20
20260303,51525000,11:18:45.000,FLATTENING,COOLDOWN,reversion_exit,10192.0,10107.0,10277.0,10189.0,22
20260303,51527000,11:18:47.000,COOLDOWN,PAUSED,order_action_limit,10192.0,10107.0,10277.0,10189.75,20
20260303,51528000,11:18:48.000,PAUSED,FLAT_QUOTING,fair_recovered,10194.0,10109.0,10279.0,10193.5,18
20260303,51529000,11:18:49.000,FLAT_QUOTING,LONG_PENDING_HEDGE,target_fill,10194.0,10109.0,10279.0,10193.75,21
20260303,51530000,11:18:50.000,LONG_PENDING_HEDGE,HEDGED_POSITION,hedge_fill,10194.0,10109.0,10279.0,10191.0,22
20260303,51531000,11:18:51.000,HEDGED_POSITION,FLATTENING,reversion_exit,10194.0,10109.0,10279.0,10190.75,22
20260303,51531000,11:18:51.000,FLATTENING,COOLDOWN,reversion_exit,10194.0,10109.0,10279.0,10190.75,24
20260303,51533000,11:18:53.000,COOLDOWN,PAUSED,order_action_limit,10194.0,10109.0,10279.0,10189.0,24
20260303,51534000,11:18:54.000,PAUSED,PAUSED,order_action_limit,10194.0,10109.0,10279.0,10188.75,24
20260303,51535000,11:18:55.000,PAUSED,PAUSED,order_action_limit,10194.0,10109.0,10279.0,10185.5,24
20260303,51536000,11:18:56.000,PAUSED,PAUSED,order_action_limit,10194.0,10109.0,10279.0,10186.75,22
20260303,51537000,11:18:57.000,PAUSED,PAUSED,order_action_limit,10194.0,10109.0,10279.0,10187.0,21
20260303,51540000,11:19:00.000,PAUSED,FLAT_QUOTING,fair_recovered,10180.0,10095.0,10265.0,10180.25,18
20260303,51541000,11:19:01.000,FLAT_QUOTING,LONG_PENDING_HEDGE,target_fill,10180.0,10095.0,10265.0,10182.0,21
20260303,51542000,11:19:02.000,LONG_PENDING_HEDGE,HEDGED_POSITION,hedge_fill,10180.0,10095.0,10265.0,10181.0,22
20260303,51543000,11:19:03.000,HEDGED_POSITION,FLATTENING,reversion_exit,10180.0,10095.0,10265.0,10180.75,22
20260303,51543000,11:19:03.000,FLATTENING,COOLDOWN,reversion_exit,10180.0,10095.0,10265.0,10180.75,24
20260303,51545000,11:19:05.000,COOLDOWN,PAUSED,order_action_limit,10180.0,10095.0,10265.0,10183.5,24
20260303,51546000,11:19:06.000,PAUSED,PAUSED,order_action_limit,10180.0,10095.0,10265.0,10183.5,24
20260303,51547000,11:19:07.000,PAUSED,PAUSED,order_action_limit,10180.0,10095.0,10265.0,10183.75,24
20260303,51548000,11:19:08.000,PAUSED,PAUSED,order_action_limit,10180.0,10095.0,10265.0,10183.75,24
20260303,51549000,11:19:09.000,PAUSED,PAUSED,order_action_limit,10180.0,10095.0,10265.0,10182.0,24
20260303,51550000,11:19:10.000,PAUSED,PAUSED,order_action_limit,10180.0,10095.0,10265.0,10182.25,24
20260303,51551000,11:19:11.000,PAUSED,PAUSED,order_action_limit,10180.0,10095.0,10265.0,10182.0,24
20260303,51552000,11:19:12.000,PAUSED,PAUSED,order_action_limit,10180.0,10095.0,10265.0,10183.0,24
20260303,51553000,11:19:13.000,PAUSED,PAUSED,order_action_limit,10180.0,10095.0,10265.0,10185.75,24
20260303,51554000,11:19:14.000,PAUSED,PAUSED,order_action_limit,10180.0,10095.0,10265.0,10184.5,24
20260303,51555000,11:19:15.000,PAUSED,PAUSED,order_action_limit,10180.0,10095.0,10265.0,10183.5,24
20260303,51556000,11:19:16.000,PAUSED,PAUSED,order_action_limit,10180.0,10095.0,10265.0,10184.25,24
20260303,51557000,11:19:17.000,PAUSED,PAUSED,order_action_limit,10180.0,10095.0,10265.0,10186.5,24
20260303,51558000,11:19:18.000,PAUSED,PAUSED,order_action_limit,10180.0,10095.0,10265.0,10187.25,24
20260303,51559000,11:19:19.000,PAUSED,PAUSED,order_action_limit,10180.0,10095.0,10265.0,10189.5,24
20260303,51560000,11:19:20.000,PAUSED,PAUSED,order_action_limit,10180.0,10095.0,10265.0,10190.5,24
20260303,51561000,11:19:21.000,PAUSED,PAUSED,order_action_limit,10180.0,10095.0,10265.0,10191.25,24
20260303,51562000,11:19:22.000,PAUSED,PAUSED,order_action_limit,10180.0,10095.0,10265.0,10191.75,24
20260303,51563000,11:19:23.000,PAUSED,PAUSED,order_action_limit,10180.0,10095.0,10265.0,10191.5,24
20260303,51564000,11:19:24.000,PAUSED,PAUSED,order_action_limit,10180.0,10095.0,10265.0,10194.25,24
20260303,51565000,11:19:25.000,PAUSED,PAUSED,order_action_limit,10180.0,10095.0,10265.0,10195.0,24
20260303,51566000,11:19:26.000,PAUSED,PAUSED,order_action_limit,10180.0,10095.0,10265.0,10196.0,24
20260303,51567000,11:19:27.000,PAUSED,PAUSED,order_action_limit,10180.0,10095.0,10265.0,10195.25,24
20260303,51568000,11:19:28.000,PAUSED,PAUSED,order_action_limit,10180.0,10095.0,10265.0,10194.5,24
20260303,51569000,11:19:29.000,PAUSED,PAUSED,order_action_limit,10180.0,10095.0,10265.0,10193.25,24
20260303,51570000,11:19:30.000,PAUSED,PAUSED,order_action_limit,10180.0,10095.0,10265.0,10192.0,24
20260303,51571000,11:19:31.000,PAUSED,PAUSED,order_action_limit,10180.0,10095.0,10265.0,10192.25,22
20260303,51572000,11:19:32.000,PAUSED,PAUSED,order_action_limit,10180.0,10095.0,10265.0,10193.0,21
20260303,51573000,11:19:33.000,PAUSED,PAUSED,order_action_limit,10180.0,10095.0,10265.0,10193.75,20
20260303,51574000,11:19:34.000,PAUSED,FLAT_QUOTING,fair_recovered,10193.0,10108.0,10278.0,10193.25,18
20260303,51575000,11:19:35.000,FLAT_QUOTING,LONG_PENDING_HEDGE,target_fill,10193.0,10108.0,10278.0,10193.25,21
20260303,51576000,11:19:36.000,LONG_PENDING_HEDGE,HEDGED_POSITION,hedge_fill,10193.0,10108.0,10278.0,10193.25,22
20260303,51577000,11:19:37.000,HEDGED_POSITION,FLATTENING,reversion_exit,10193.0,10108.0,10278.0,10194.25,22
20260303,51577000,11:19:37.000,FLATTENING,COOLDOWN,reversion_exit,10193.0,10108.0,10278.0,10194.25,24
20260303,51579000,11:19:39.000,COOLDOWN,PAUSED,order_action_limit,10193.0,10108.0,10278.0,10198.0,24
20260303,51580000,11:19:40.000,PAUSED,PAUSED,order_action_limit,10193.0,10108.0,10278.0,10198.25,24
20260303,51581000,11:19:41.000,PAUSED,PAUSED,order_action_limit,10193.0,10108.0,10278.0,10197.625,24
20260303,51582000,11:19:42.000,PAUSED,PAUSED,order_action_limit,10193.0,10108.0,10278.0,10195.75,22
20260303,51583000,11:19:43.000,PAUSED,PAUSED,order_action_limit,10193.0,10108.0,10278.0,10194.0,21
20260303,51584000,11:19:44.000,PAUSED,PAUSED,order_action_limit,10193.0,10108.0,10278.0,10193.625,20
20260303,51585000,11:19:45.000,PAUSED,FLAT_QUOTING,fair_recovered,10194.0,10109.0,10279.0,10193.75,18
20260303,51586000,11:19:46.000,FLAT_QUOTING,LONG_PENDING_HEDGE,target_fill,10194.0,10109.0,10279.0,10194.0,21
20260303,51587000,11:19:47.000,LONG_PENDING_HEDGE,HEDGED_POSITION,hedge_fill,10194.0,10109.0,10279.0,10194.75,22
20260303,51588000,11:19:48.000,HEDGED_POSITION,FLATTENING,reversion_exit,10194.0,10109.0,10279.0,10194.375,20
20260303,51588000,11:19:48.000,FLATTENING,COOLDOWN,reversion_exit,10194.0,10109.0,10279.0,10194.375,22
20260303,51590000,11:19:50.000,COOLDOWN,PAUSED,order_action_limit,10194.0,10109.0,10279.0,10195.375,20
20260303,51591000,11:19:51.000,PAUSED,FLAT_QUOTING,fair_recovered,10195.0,10110.0,10280.0,10194.75,18
20260303,51592000,11:19:52.000,FLAT_QUOTING,LONG_PENDING_HEDGE,target_fill,10195.0,10110.0,10280.0,10196.75,21
20260303,51593000,11:19:53.000,LONG_PENDING_HEDGE,HEDGED_POSITION,hedge_fill,10195.0,10110.0,10280.0,10197.5,22
20260303,51594000,11:19:54.000,HEDGED_POSITION,FLATTENING,reversion_exit,10195.0,10110.0,10280.0,10198.25,22
20260303,51594000,11:19:54.000,FLATTENING,COOLDOWN,reversion_exit,10195.0,10110.0,10280.0,10198.25,24
20260303,51596000,11:19:56.000,COOLDOWN,PAUSED,order_action_limit,10195.0,10110.0,10280.0,10197.25,24
20260303,51597000,11:19:57.000,PAUSED,PAUSED,order_action_limit,10195.0,10110.0,10280.0,10196.875,24
20260303,51598000,11:19:58.000,PAUSED,PAUSED,order_action_limit,10195.0,10110.0,10280.0,10195.125,24
20260303,51599000,11:19:59.000,PAUSED,PAUSED,order_action_limit,10195.0,10110.0,10280.0,10195.5,24
20260303,51600000,11:20:00.000,PAUSED,PAUSED,order_action_limit,10195.0,10110.0,10280.0,10194.875,22
20260303,51601000,11:20:01.000,PAUSED,PAUSED,order_action_limit,10195.0,10110.0,10280.0,10195.25,21
20260303,51602000,11:20:02.000,PAUSED,PAUSED,order_action_limit,10195.0,10110.0,10280.0,10196.75,20
20260303,51603000,11:20:03.000,PAUSED,FLAT_QUOTING,fair_recovered,10196.0,10111.0,10281.0,10196.0,18
20260303,51604000,11:20:04.000,FLAT_QUOTING,LONG_PENDING_HEDGE,target_fill,10196.0,10111.0,10281.0,10193.75,21
20260303,51605000,11:20:05.000,LONG_PENDING_HEDGE,HEDGED_POSITION,hedge_fill,10196.0,10111.0,10281.0,10190.75,22
20260303,51606000,11:20:06.000,HEDGED_POSITION,FLATTENING,reversion_exit,10196.0,10111.0,10281.0,10187.625,22
20260303,51606000,11:20:06.000,FLATTENING,COOLDOWN,reversion_exit,10196.0,10111.0,10281.0,10187.625,24
20260303,51608000,11:20:08.000,COOLDOWN,PAUSED,order_action_limit,10196.0,10111.0,10281.0,10187.5,24
20260303,51609000,11:20:09.000,PAUSED,PAUSED,order_action_limit,10196.0,10111.0,10281.0,10189.0,24
20260303,51610000,11:20:10.000,PAUSED,PAUSED,order_action_limit,10196.0,10111.0,10281.0,10189.0,24
20260303,51611000,11:20:11.000,PAUSED,PAUSED,order_action_limit,10196.0,10111.0,10281.0,10187.125,24
20260303,51612000,11:20:12.000,PAUSED,PAUSED,order_action_limit,10196.0,10111.0,10281.0,10187.25,24
20260303,51613000,11:20:13.000,PAUSED,PAUSED,order_action_limit,10196.0,10111.0,10281.0,10189.75,24
20260303,51614000,11:20:14.000,PAUSED,PAUSED,order_action_limit,10196.0,10111.0,10281.0,10190.0,24
20260303,51615000,11:20:15.000,PAUSED,PAUSED,order_action_limit,10196.0,10111.0,10281.0,10188.0,24
20260303,51616000,11:20:16.000,PAUSED,PAUSED,order_action_limit,10196.0,10111.0,10281.0,10189.75,24
20260303,51617000,11:20:17.000,PAUSED,PAUSED,order_action_limit,10196.0,10111.0,10281.0,10191.625,24
20260303,51618000,11:20:18.000,PAUSED,PAUSED,order_action_limit,10196.0,10111.0,10281.0,10193.0,24
20260303,51619000,11:20:19.000,PAUSED,PAUSED,order_action_limit,10196.0,10111.0,10281.0,10193.25,24
20260303,51620000,11:20:20.000,PAUSED,PAUSED,order_action_limit,10196.0,10111.0,10281.0,10192.75,24
20260303,51621000,11:20:21.000,PAUSED,PAUSED,order_action_limit,10196.0,10111.0,10281.0,10190.0,24
20260303,51622000,11:20:22.000,PAUSED,PAUSED,order_action_limit,10196.0,10111.0,10281.0,10188.5,24
20260303,51623000,11:20:23.000,PAUSED,PAUSED,order_action_limit,10196.0,10111.0,10281.0,10188.5,24
20260303,51624000,11:20:24.000,PAUSED,PAUSED,order_action_limit,10196.0,10111.0,10281.0,10186.5,24
20260303,51625000,11:20:25.000,PAUSED,PAUSED,order_action_limit,10196.0,10111.0,10281.0,10185.75,24
20260303,51626000,11:20:26.000,PAUSED,PAUSED,order_action_limit,10196.0,10111.0,10281.0,10187.75,24
20260303,51627000,11:20:27.000,PAUSED,PAUSED,order_action_limit,10196.0,10111.0,10281.0,10189.5,24
20260303,51628000,11:20:28.000,PAUSED,PAUSED,order_action_limit,10196.0,10111.0,10281.0,10190.5,24
20260303,51629000,11:20:29.000,PAUSED,PAUSED,order_action_limit,10196.0,10111.0,10281.0,10191.75,24
20260303,51630000,11:20:30.000,PAUSED,PAUSED,order_action_limit,10196.0,10111.0,10281.0,10190.75,24
20260303,51633000,11:20:33.000,PAUSED,PAUSED,order_action_limit,10196.0,10111.0,10281.0,10184.5,24
20260303,51634000,11:20:34.000,PAUSED,PAUSED,order_action_limit,10196.0,10111.0,10281.0,10186.25,22
20260303,51637000,11:20:37.000,PAUSED,FLAT_QUOTING,fair_recovered,10184.0,10099.0,10269.0,10184.5,18
20260303,51638000,11:20:38.000,FLAT_QUOTING,LONG_PENDING_HEDGE,target_fill,10184.0,10099.0,10269.0,10184.0,21
20260303,51639000,11:20:39.000,LONG_PENDING_HEDGE,HEDGED_POSITION,hedge_fill,10184.0,10099.0,10269.0,10183.5,22
20260303,51640000,11:20:40.000,HEDGED_POSITION,FLATTENING,reversion_exit,10184.0,10099.0,10269.0,10183.5,22
20260303,51640000,11:20:40.000,FLATTENING,COOLDOWN,reversion_exit,10184.0,10099.0,10269.0,10183.5,24
20260303,51642000,11:20:42.000,COOLDOWN,PAUSED,order_action_limit,10184.0,10099.0,10269.0,10183.625,24
20260303,51643000,11:20:43.000,PAUSED,PAUSED,order_action_limit,10184.0,10099.0,10269.0,10181.875,24
20260303,51644000,11:20:44.000,PAUSED,PAUSED,order_action_limit,10184.0,10099.0,10269.0,10181.625,24
20260303,51645000,11:20:45.000,PAUSED,PAUSED,order_action_limit,10184.0,10099.0,10269.0,10181.75,22
20260303,51646000,11:20:46.000,PAUSED,PAUSED,order_action_limit,10184.0,10099.0,10269.0,10181.25,21
20260303,51647000,11:20:47.000,PAUSED,PAUSED,order_action_limit,10184.0,10099.0,10269.0,10182.5,20
20260303,51648000,11:20:48.000,PAUSED,FLAT_QUOTING,fair_recovered,10182.0,10097.0,10267.0,10182.25,18
20260303,51649000,11:20:49.000,FLAT_QUOTING,LONG_PENDING_HEDGE,target_fill,10182.0,10097.0,10267.0,10182.5,21
20260303,51650000,11:20:50.000,LONG_PENDING_HEDGE,HEDGED_POSITION,hedge_fill,10182.0,10097.0,10267.0,10182.75,22
20260303,51651000,11:20:51.000,HEDGED_POSITION,FLATTENING,reversion_exit,10182.0,10097.0,10267.0,10182.75,20
20260303,51651000,11:20:51.000,FLATTENING,COOLDOWN,reversion_exit,10182.0,10097.0,10267.0,10182.75,22
20260303,51652000,11:20:52.000,COOLDOWN,PAUSED,fair_invalid_or_session_guard,10182.0,10097.0,10267.0,,21
20260303,51654000,11:20:54.000,PAUSED,FLAT_QUOTING,fair_recovered,10187.0,10102.0,10272.0,10187.0,18
20260303,51655000,11:20:55.000,FLAT_QUOTING,LONG_PENDING_HEDGE,target_fill,10187.0,10102.0,10272.0,10185.5,21
20260303,51656000,11:20:56.000,LONG_PENDING_HEDGE,HEDGED_POSITION,hedge_fill,10187.0,10102.0,10272.0,10186.25,22
20260303,51657000,11:20:57.000,HEDGED_POSITION,FLATTENING,reversion_exit,10187.0,10102.0,10272.0,10184.75,22
20260303,51657000,11:20:57.000,FLATTENING,COOLDOWN,reversion_exit,10187.0,10102.0,10272.0,10184.75,24
20260303,51659000,11:20:59.000,COOLDOWN,PAUSED,order_action_limit,10187.0,10102.0,10272.0,10188.25,24
20260303,51660000,11:21:00.000,PAUSED,PAUSED,order_action_limit,10187.0,10102.0,10272.0,10185.0,24
20260303,51663000,11:21:03.000,PAUSED,PAUSED,order_action_limit,10187.0,10102.0,10272.0,10185.75,22
20260303,51664000,11:21:04.000,PAUSED,PAUSED,order_action_limit,10187.0,10102.0,10272.0,10185.0,21
20260303,51665000,11:21:05.000,PAUSED,PAUSED,order_action_limit,10187.0,10102.0,10272.0,10185.0,20
20260303,51666000,11:21:06.000,PAUSED,FLAT_QUOTING,fair_recovered,10183.0,10098.0,10268.0,10183.25,18
20260303,51667000,11:21:07.000,FLAT_QUOTING,LONG_PENDING_HEDGE,target_fill,10183.0,10098.0,10268.0,10187.5,21
20260303,51668000,11:21:08.000,LONG_PENDING_HEDGE,HEDGED_POSITION,hedge_fill,10183.0,10098.0,10268.0,10185.625,22
20260303,51669000,11:21:09.000,HEDGED_POSITION,FLATTENING,reversion_exit,10183.0,10098.0,10268.0,10188.25,22
20260303,51669000,11:21:09.000,FLATTENING,COOLDOWN,reversion_exit,10183.0,10098.0,10268.0,10188.25,24
20260303,51671000,11:21:11.000,COOLDOWN,PAUSED,order_action_limit,10183.0,10098.0,10268.0,10187.5,24
20260303,51672000,11:21:12.000,PAUSED,PAUSED,order_action_limit,10183.0,10098.0,10268.0,10189.75,24
20260303,51673000,11:21:13.000,PAUSED,PAUSED,order_action_limit,10183.0,10098.0,10268.0,10191.5,24
20260303,51674000,11:21:14.000,PAUSED,PAUSED,order_action_limit,10183.0,10098.0,10268.0,10191.75,24
20260303,51675000,11:21:15.000,PAUSED,PAUSED,order_action_limit,10183.0,10098.0,10268.0,10195.125,24
20260303,51676000,11:21:16.000,PAUSED,PAUSED,order_action_limit,10183.0,10098.0,10268.0,10195.0,24
20260303,51677000,11:21:17.000,PAUSED,PAUSED,order_action_limit,10183.0,10098.0,10268.0,10196.5,24
20260303,51678000,11:21:18.000,PAUSED,PAUSED,order_action_limit,10183.0,10098.0,10268.0,10196.875,24
20260303,51679000,11:21:19.000,PAUSED,PAUSED,order_action_limit,10183.0,10098.0,10268.0,10198.75,24
20260303,51680000,11:21:20.000,PAUSED,PAUSED,order_action_limit,10183.0,10098.0,10268.0,10200.5,24
20260303,51681000,11:21:21.000,PAUSED,PAUSED,order_action_limit,10183.0,10098.0,10268.0,10203.125,24
20260303,51682000,11:21:22.000,PAUSED,PAUSED,order_action_limit,10183.0,10098.0,10268.0,10202.875,24
20260303,51683000,11:21:23.000,PAUSED,PAUSED,order_action_limit,10183.0,10098.0,10268.0,10202.375,24
20260303,51684000,11:21:24.000,PAUSED,PAUSED,order_action_limit,10183.0,10098.0,10268.0,10200.375,24
20260303,51685000,11:21:25.000,PAUSED,PAUSED,order_action_limit,10183.0,10098.0,10268.0,10203.125,24
20260303,51686000,11:21:26.000,PAUSED,PAUSED,order_action_limit,10183.0,10098.0,10268.0,10203.875,24
20260303,51687000,11:21:27.000,PAUSED,PAUSED,order_action_limit,10183.0,10098.0,10268.0,10205.625,24
20260303,51688000,11:21:28.000,PAUSED,PAUSED,order_action_limit,10183.0,10098.0,10268.0,10204.375,24
20260303,51689000,11:21:29.000,PAUSED,PAUSED,order_action_limit,10183.0,10098.0,10268.0,10204.125,24
20260303,51690000,11:21:30.000,PAUSED,PAUSED,order_action_limit,10183.0,10098.0,10268.0,10203.375,24
20260303,51691000,11:21:31.000,PAUSED,PAUSED,order_action_limit,10183.0,10098.0,10268.0,10205.5,24
20260303,51692000,11:21:32.000,PAUSED,PAUSED,order_action_limit,10183.0,10098.0,10268.0,10206.0,24
20260303,51693000,11:21:33.000,PAUSED,PAUSED,order_action_limit,10183.0,10098.0,10268.0,10206.25,24
20260303,51694000,11:21:34.000,PAUSED,PAUSED,order_action_limit,10183.0,10098.0,10268.0,10204.5,24
20260303,51695000,11:21:35.000,PAUSED,PAUSED,order_action_limit,10183.0,10098.0,10268.0,10204.0,24
20260303,51696000,11:21:36.000,PAUSED,PAUSED,order_action_limit,10183.0,10098.0,10268.0,10204.0,24
20260303,51697000,11:21:37.000,PAUSED,PAUSED,order_action_limit,10183.0,10098.0,10268.0,10203.75,22
20260303,51698000,11:21:38.000,PAUSED,PAUSED,order_action_limit,10183.0,10098.0,10268.0,10203.0,21
20260303,51699000,11:21:39.000,PAUSED,PAUSED,order_action_limit,10183.0,10098.0,10268.0,10203.25,20
20260303,51700000,11:21:40.000,PAUSED,FLAT_QUOTING,fair_recovered,10204.0,10119.0,10289.0,10204.5,18
20260303,51701000,11:21:41.000,FLAT_QUOTING,LONG_PENDING_HEDGE,target_fill,10204.0,10119.0,10289.0,10204.0,21
20260303,51702000,11:21:42.000,LONG_PENDING_HEDGE,HEDGED_POSITION,hedge_fill,10204.0,10119.0,10289.0,10202.75,22
20260303,51703000,11:21:43.000,HEDGED_POSITION,FLATTENING,reversion_exit,10204.0,10119.0,10289.0,10203.0,22
20260303,51703000,11:21:43.000,FLATTENING,COOLDOWN,reversion_exit,10204.0,10119.0,10289.0,10203.0,24
20260303,51705000,11:21:45.000,COOLDOWN,PAUSED,order_action_limit,10204.0,10119.0,10289.0,10204.25,24
20260303,51706000,11:21:46.000,PAUSED,PAUSED,order_action_limit,10204.0,10119.0,10289.0,10202.0,24
20260303,51709000,11:21:49.000,PAUSED,PAUSED,order_action_limit,10204.0,10119.0,10289.0,10203.25,21
20260303,51710000,11:21:50.000,PAUSED,PAUSED,order_action_limit,10204.0,10119.0,10289.0,10203.25,20
20260303,51711000,11:21:51.000,PAUSED,FLAT_QUOTING,fair_recovered,10203.0,10118.0,10288.0,10202.75,18
20260303,51712000,11:21:52.000,FLAT_QUOTING,LONG_PENDING_HEDGE,target_fill,10203.0,10118.0,10288.0,10204.5,21
20260303,51713000,11:21:53.000,LONG_PENDING_HEDGE,HEDGED_POSITION,hedge_fill,10203.0,10118.0,10288.0,10205.5,22
20260303,51714000,11:21:54.000,HEDGED_POSITION,FLATTENING,reversion_exit,10203.0,10118.0,10288.0,10206.5,20
20260303,51714000,11:21:54.000,FLATTENING,COOLDOWN,reversion_exit,10203.0,10118.0,10288.0,10206.5,22
20260303,51716000,11:21:56.000,COOLDOWN,PAUSED,fair_invalid_or_session_guard,10203.0,10118.0,10288.0,,20
20260303,51718000,11:21:58.000,PAUSED,FLAT_QUOTING,fair_recovered,10211.0,10126.0,10296.0,10210.75,18
20260303,51719000,11:21:59.000,FLAT_QUOTING,LONG_PENDING_HEDGE,target_fill,10211.0,10126.0,10296.0,10217.25,21
20260303,51720000,11:22:00.000,LONG_PENDING_HEDGE,HEDGED_POSITION,hedge_fill,10211.0,10126.0,10296.0,10217.5,22
20260303,51721000,11:22:01.000,HEDGED_POSITION,FLATTENING,reversion_exit,10211.0,10126.0,10296.0,10219.0,22
20260303,51721000,11:22:01.000,FLATTENING,COOLDOWN,reversion_exit,10211.0,10126.0,10296.0,10219.0,24
20260303,51723000,11:22:03.000,COOLDOWN,PAUSED,order_action_limit,10211.0,10126.0,10296.0,10222.0,24
20260303,51724000,11:22:04.000,PAUSED,PAUSED,order_action_limit,10211.0,10126.0,10296.0,10223.25,24
20260303,51725000,11:22:05.000,PAUSED,PAUSED,order_action_limit,10211.0,10126.0,10296.0,10226.0,24
20260303,51726000,11:22:06.000,PAUSED,PAUSED,order_action_limit,10211.0,10126.0,10296.0,10227.5,22
20260303,51729000,11:22:09.000,PAUSED,FLAT_QUOTING,fair_recovered,10229.0,10144.0,10314.0,10228.75,18
20260303,51731000,11:22:11.000,FLAT_QUOTING,LONG_PENDING_HEDGE,target_fill,10229.0,10144.0,10314.0,10224.75,21
20260303,51732000,11:22:12.000,LONG_PENDING_HEDGE,HEDGED_POSITION,hedge_fill,10229.0,10144.0,10314.0,10226.5,22
20260303,51733000,11:22:13.000,HEDGED_POSITION,FLATTENING,reversion_exit,10229.0,10144.0,10314.0,10224.5,22
20260303,51733000,11:22:13.000,FLATTENING,COOLDOWN,reversion_exit,10229.0,10144.0,10314.0,10224.5,24
20260303,51735000,11:22:15.000,COOLDOWN,PAUSED,order_action_limit,10229.0,10144.0,10314.0,10224.25,24
20260303,51736000,11:22:16.000,PAUSED,PAUSED,order_action_limit,10229.0,10144.0,10314.0,10223.625,24
20260303,51737000,11:22:17.000,PAUSED,PAUSED,order_action_limit,10229.0,10144.0,10314.0,10225.25,24
20260303,51738000,11:22:18.000,PAUSED,PAUSED,order_action_limit,10229.0,10144.0,10314.0,10224.5,24
20260303,51739000,11:22:19.000,PAUSED,PAUSED,order_action_limit,10229.0,10144.0,10314.0,10225.25,24
20260303,51740000,11:22:20.000,PAUSED,PAUSED,order_action_limit,10229.0,10144.0,10314.0,10224.75,24
20260303,51741000,11:22:21.000,PAUSED,PAUSED,order_action_limit,10229.0,10144.0,10314.0,10225.0,24
20260303,51742000,11:22:22.000,PAUSED,PAUSED,order_action_limit,10229.0,10144.0,10314.0,10226.25,24
20260303,51743000,11:22:23.000,PAUSED,PAUSED,order_action_limit,10229.0,10144.0,10314.0,10229.0,24
20260303,51744000,11:22:24.000,PAUSED,PAUSED,order_action_limit,10229.0,10144.0,10314.0,10231.0,24
20260303,51745000,11:22:25.000,PAUSED,PAUSED,order_action_limit,10229.0,10144.0,10314.0,10233.25,24
20260303,51746000,11:22:26.000,PAUSED,PAUSED,order_action_limit,10229.0,10144.0,10314.0,10232.0,24
20260303,51747000,11:22:27.000,PAUSED,PAUSED,order_action_limit,10229.0,10144.0,10314.0,10233.25,24
20260303,51748000,11:22:28.000,PAUSED,PAUSED,order_action_limit,10229.0,10144.0,10314.0,10233.75,24
20260303,51749000,11:22:29.000,PAUSED,PAUSED,order_action_limit,10229.0,10144.0,10314.0,10234.0,24
20260303,51750000,11:22:30.000,PAUSED,PAUSED,order_action_limit,10229.0,10144.0,10314.0,10233.0,24
20260303,51751000,11:22:31.000,PAUSED,PAUSED,order_action_limit,10229.0,10144.0,10314.0,10232.0,24
20260303,51752000,11:22:32.000,PAUSED,PAUSED,order_action_limit,10229.0,10144.0,10314.0,10231.0,24
20260303,51753000,11:22:33.000,PAUSED,PAUSED,order_action_limit,10229.0,10144.0,10314.0,10226.0,24
20260303,51754000,11:22:34.000,PAUSED,PAUSED,order_action_limit,10229.0,10144.0,10314.0,10224.25,24
20260303,51755000,11:22:35.000,PAUSED,PAUSED,order_action_limit,10229.0,10144.0,10314.0,10221.25,24
20260303,51756000,11:22:36.000,PAUSED,PAUSED,order_action_limit,10229.0,10144.0,10314.0,10222.5,24
20260303,51757000,11:22:37.000,PAUSED,PAUSED,order_action_limit,10229.0,10144.0,10314.0,10227.75,24
20260303,51758000,11:22:38.000,PAUSED,PAUSED,order_action_limit,10229.0,10144.0,10314.0,10229.75,24
20260303,51759000,11:22:39.000,PAUSED,PAUSED,order_action_limit,10229.0,10144.0,10314.0,10231.0,24
20260303,51760000,11:22:40.000,PAUSED,PAUSED,order_action_limit,10229.0,10144.0,10314.0,10232.75,22
20260303,51761000,11:22:41.000,PAUSED,PAUSED,order_action_limit,10229.0,10144.0,10314.0,10231.75,21
20260303,51762000,11:22:42.000,PAUSED,PAUSED,order_action_limit,10229.0,10144.0,10314.0,10230.75,20
20260303,51763000,11:22:43.000,PAUSED,FLAT_QUOTING,fair_recovered,10229.0,10144.0,10314.0,10228.75,18
20260303,51764000,11:22:44.000,FLAT_QUOTING,LONG_PENDING_HEDGE,target_fill,10229.0,10144.0,10314.0,10229.0,21
20260303,51765000,11:22:45.000,LONG_PENDING_HEDGE,HEDGED_POSITION,hedge_fill,10229.0,10144.0,10314.0,10228.5,22
20260303,51766000,11:22:46.000,HEDGED_POSITION,FLATTENING,reversion_exit,10229.0,10144.0,10314.0,10230.25,22
20260303,51766000,11:22:46.000,FLATTENING,COOLDOWN,reversion_exit,10229.0,10144.0,10314.0,10230.25,24
20260303,51768000,11:22:48.000,COOLDOWN,PAUSED,order_action_limit,10229.0,10144.0,10314.0,10231.25,24
20260303,51769000,11:22:49.000,PAUSED,PAUSED,order_action_limit,10229.0,10144.0,10314.0,10233.0,24
20260303,51770000,11:22:50.000,PAUSED,PAUSED,order_action_limit,10229.0,10144.0,10314.0,10233.25,24
20260303,51771000,11:22:51.000,PAUSED,PAUSED,order_action_limit,10229.0,10144.0,10314.0,10232.25,22
20260303,51772000,11:22:52.000,PAUSED,PAUSED,order_action_limit,10229.0,10144.0,10314.0,10232.25,21
20260303,51773000,11:22:53.000,PAUSED,PAUSED,order_action_limit,10229.0,10144.0,10314.0,10231.0,20
20260303,51774000,11:22:54.000,PAUSED,FLAT_QUOTING,fair_recovered,10231.0,10146.0,10316.0,10231.0,18
20260303,51775000,11:22:55.000,FLAT_QUOTING,LONG_PENDING_HEDGE,target_fill,10231.0,10146.0,10316.0,10230.0,21
20260303,51776000,11:22:56.000,LONG_PENDING_HEDGE,HEDGED_POSITION,hedge_fill,10231.0,10146.0,10316.0,10231.25,22
20260303,51777000,11:22:57.000,HEDGED_POSITION,FLATTENING,reversion_exit,10231.0,10146.0,10316.0,10231.5,22
20260303,51777000,11:22:57.000,FLATTENING,COOLDOWN,reversion_exit,10231.0,10146.0,10316.0,10231.5,24
20260303,51779000,11:22:59.000,COOLDOWN,PAUSED,order_action_limit,10231.0,10146.0,10316.0,10230.0,21
20260303,51780000,11:23:00.000,PAUSED,PAUSED,order_action_limit,10231.0,10146.0,10316.0,10232.0,20
20260303,51781000,11:23:01.000,PAUSED,FLAT_QUOTING,fair_recovered,10232.0,10147.0,10317.0,10232.25,18
20260303,51782000,11:23:02.000,FLAT_QUOTING,LONG_PENDING_HEDGE,target_fill,10232.0,10147.0,10317.0,10231.5,21
20260303,51783000,11:23:03.000,LONG_PENDING_HEDGE,HEDGED_POSITION,hedge_fill,10232.0,10147.0,10317.0,10227.25,22
20260303,51784000,11:23:04.000,HEDGED_POSITION,FLATTENING,reversion_exit,10232.0,10147.0,10317.0,10227.5,22
20260303,51784000,11:23:04.000,FLATTENING,COOLDOWN,reversion_exit,10232.0,10147.0,10317.0,10227.5,24
20260303,51786000,11:23:06.000,COOLDOWN,PAUSED,order_action_limit,10232.0,10147.0,10317.0,10227.125,24
20260303,51787000,11:23:07.000,PAUSED,PAUSED,order_action_limit,10232.0,10147.0,10317.0,10226.5,24
20260303,51788000,11:23:08.000,PAUSED,PAUSED,order_action_limit,10232.0,10147.0,10317.0,10227.0,24
20260303,51789000,11:23:09.000,PAUSED,PAUSED,order_action_limit,10232.0,10147.0,10317.0,10228.75,22
20260303,51790000,11:23:10.000,PAUSED,PAUSED,order_action_limit,10232.0,10147.0,10317.0,10228.75,22
20260303,51791000,11:23:11.000,PAUSED,PAUSED,order_action_limit,10232.0,10147.0,10317.0,10227.25,21
20260303,51792000,11:23:12.000,PAUSED,PAUSED,order_action_limit,10232.0,10147.0,10317.0,10225.0,20
20260303,51793000,11:23:13.000,PAUSED,FLAT_QUOTING,fair_recovered,10225.0,10140.0,10310.0,10225.0,18
20260303,51794000,11:23:14.000,FLAT_QUOTING,LONG_PENDING_HEDGE,target_fill,10225.0,10140.0,10310.0,10224.0,21
20260303,51795000,11:23:15.000,LONG_PENDING_HEDGE,HEDGED_POSITION,hedge_fill,10225.0,10140.0,10310.0,10223.25,22
20260303,51796000,11:23:16.000,HEDGED_POSITION,FLATTENING,reversion_exit,10225.0,10140.0,10310.0,10220.5,22
20260303,51796000,11:23:16.000,FLATTENING,COOLDOWN,reversion_exit,10225.0,10140.0,10310.0,10220.5,24
20260303,51797000,11:23:17.000,COOLDOWN,PAUSED,fair_invalid_or_session_guard,10225.0,10140.0,10310.0,10220.0,24
20260303,51799000,11:23:19.000,PAUSED,PAUSED,order_action_limit,10225.0,10140.0,10310.0,10220.375,24
20260303,51800000,11:23:20.000,PAUSED,PAUSED,order_action_limit,10225.0,10140.0,10310.0,10220.375,24
20260303,51801000,11:23:21.000,PAUSED,PAUSED,order_action_limit,10225.0,10140.0,10310.0,10219.75,24
20260303,51802000,11:23:22.000,PAUSED,PAUSED,order_action_limit,10225.0,10140.0,10310.0,10219.5,24
20260303,51803000,11:23:23.000,PAUSED,PAUSED,order_action_limit,10225.0,10140.0,10310.0,10220.25,24
20260303,51804000,11:23:24.000,PAUSED,PAUSED,order_action_limit,10225.0,10140.0,10310.0,10220.0,24
20260303,51805000,11:23:25.000,PAUSED,PAUSED,order_action_limit,10225.0,10140.0,10310.0,10219.75,24
20260303,51806000,11:23:26.000,PAUSED,PAUSED,order_action_limit,10225.0,10140.0,10310.0,10221.0,24
20260303,51807000,11:23:27.000,PAUSED,PAUSED,order_action_limit,10225.0,10140.0,10310.0,10222.5,24
20260303,51808000,11:23:28.000,PAUSED,PAUSED,order_action_limit,10225.0,10140.0,10310.0,10224.0,24
20260303,51809000,11:23:29.000,PAUSED,PAUSED,order_action_limit,10225.0,10140.0,10310.0,10225.75,24
20260303,51810000,11:23:30.000,PAUSED,PAUSED,order_action_limit,10225.0,10140.0,10310.0,10225.0,24
20260303,51813000,11:23:33.000,PAUSED,PAUSED,order_action_limit,10225.0,10140.0,10310.0,10222.0,24
20260303,51814000,11:23:34.000,PAUSED,PAUSED,order_action_limit,10225.0,10140.0,10310.0,10222.5,24
20260303,51836000,11:23:56.000,PAUSED,FLAT_QUOTING,fair_recovered,10223.0,10138.0,10308.0,10223.0,14
20260303,51837000,11:23:57.000,FLAT_QUOTING,LONG_PENDING_HEDGE,target_fill,10223.0,10138.0,10308.0,10222.5,15
20260303,51838000,11:23:58.000,LONG_PENDING_HEDGE,HEDGED_POSITION,hedge_fill,10223.0,10138.0,10308.0,10222.0,16
20260303,51839000,11:23:59.000,HEDGED_POSITION,FLATTENING,reversion_exit,10223.0,10138.0,10308.0,10222.25,16
20260303,51839000,11:23:59.000,FLATTENING,COOLDOWN,reversion_exit,10223.0,10138.0,10308.0,10222.25,18
20260303,51841000,11:24:01.000,COOLDOWN,PAUSED,fair_invalid_or_session_guard,10223.0,10138.0,10308.0,10220.0,16
20260303,51843000,11:24:03.000,PAUSED,FLAT_QUOTING,fair_recovered,10216.0,10131.0,10301.0,10215.75,14
20260303,51844000,11:24:04.000,FLAT_QUOTING,LONG_PENDING_HEDGE,target_fill,10216.0,10131.0,10301.0,10213.25,15
20260303,51845000,11:24:05.000,LONG_PENDING_HEDGE,HEDGED_POSITION,hedge_fill,10216.0,10131.0,10301.0,10213.25,16
20260303,51846000,11:24:06.000,HEDGED_POSITION,FLATTENING,reference_invalid_exit,10216.0,10131.0,10301.0,10216.75,16
20260303,51846000,11:24:06.000,FLATTENING,COOLDOWN,reference_invalid_exit,10216.0,10131.0,10301.0,10216.75,18
20260303,51848000,11:24:08.000,COOLDOWN,FLAT_QUOTING,fair_recovered,10218.0,10133.0,10303.0,10218.25,18
20260303,51849000,11:24:09.000,FLAT_QUOTING,LONG_PENDING_HEDGE,target_fill,10218.0,10133.0,10303.0,10218.25,21
20260303,51850000,11:24:10.000,LONG_PENDING_HEDGE,HEDGED_POSITION,hedge_fill,10218.0,10133.0,10303.0,10217.75,22
20260303,51851000,11:24:11.000,HEDGED_POSITION,FLATTENING,reference_invalid_exit,10218.0,10133.0,10303.0,10216.25,22
20260303,51851000,11:24:11.000,FLATTENING,COOLDOWN,reference_invalid_exit,10218.0,10133.0,10303.0,10216.25,24
20260303,51852000,11:24:12.000,COOLDOWN,PAUSED,fair_invalid_or_session_guard,10218.0,10133.0,10303.0,10215.75,24
20260303,51856000,11:24:16.000,PAUSED,FLAT_QUOTING,fair_recovered,10219.0,10134.0,10304.0,10219.0,18
20260303,51858000,11:24:18.000,FLAT_QUOTING,LONG_PENDING_HEDGE,target_fill,10219.0,10134.0,10304.0,10219.0,21
20260303,51859000,11:24:19.000,LONG_PENDING_HEDGE,HEDGED_POSITION,hedge_fill,10219.0,10134.0,10304.0,10219.75,22
20260303,51860000,11:24:20.000,HEDGED_POSITION,FLATTENING,reversion_exit,10219.0,10134.0,10304.0,10221.0,22
20260303,51860000,11:24:20.000,FLATTENING,COOLDOWN,reversion_exit,10219.0,10134.0,10304.0,10221.0,24
20260303,51862000,11:24:22.000,COOLDOWN,PAUSED,order_action_limit,10219.0,10134.0,10304.0,10224.25,24
20260303,51863000,11:24:23.000,PAUSED,PAUSED,order_action_limit,10219.0,10134.0,10304.0,10226.5,24
20260303,51864000,11:24:24.000,PAUSED,PAUSED,order_action_limit,10219.0,10134.0,10304.0,10226.5,24
20260303,51865000,11:24:25.000,PAUSED,PAUSED,order_action_limit,10219.0,10134.0,10304.0,10227.5,24
20260303,51866000,11:24:26.000,PAUSED,PAUSED,order_action_limit,10219.0,10134.0,10304.0,10226.0,24
20260303,51867000,11:24:27.000,PAUSED,PAUSED,order_action_limit,10219.0,10134.0,10304.0,10226.25,24
20260303,51868000,11:24:28.000,PAUSED,PAUSED,order_action_limit,10219.0,10134.0,10304.0,10226.75,24
20260303,51869000,11:24:29.000,PAUSED,PAUSED,order_action_limit,10219.0,10134.0,10304.0,10226.5,24
20260303,51870000,11:24:30.000,PAUSED,PAUSED,order_action_limit,10219.0,10134.0,10304.0,10226.25,24
20260303,51871000,11:24:31.000,PAUSED,PAUSED,order_action_limit,10219.0,10134.0,10304.0,10226.0,24
20260303,51872000,11:24:32.000,PAUSED,PAUSED,order_action_limit,10219.0,10134.0,10304.0,10225.0,24
20260303,51873000,11:24:33.000,PAUSED,PAUSED,order_action_limit,10219.0,10134.0,10304.0,10226.0,24
20260303,51874000,11:24:34.000,PAUSED,PAUSED,order_action_limit,10219.0,10134.0,10304.0,10225.25,24
20260303,51875000,11:24:35.000,PAUSED,PAUSED,order_action_limit,10219.0,10134.0,10304.0,10224.75,24
20260303,51876000,11:24:36.000,PAUSED,PAUSED,order_action_limit,10219.0,10134.0,10304.0,10223.75,24
20260303,51877000,11:24:37.000,PAUSED,PAUSED,order_action_limit,10219.0,10134.0,10304.0,10224.25,24
20260303,51878000,11:24:38.000,PAUSED,PAUSED,order_action_limit,10219.0,10134.0,10304.0,10223.75,24
20260303,51879000,11:24:39.000,PAUSED,PAUSED,order_action_limit,10219.0,10134.0,10304.0,10223.75,24
20260303,51880000,11:24:40.000,PAUSED,PAUSED,order_action_limit,10219.0,10134.0,10304.0,10224.0,24
20260303,51881000,11:24:41.000,PAUSED,PAUSED,order_action_limit,10219.0,10134.0,10304.0,10224.0,24
20260303,51882000,11:24:42.000,PAUSED,PAUSED,order_action_limit,10219.0,10134.0,10304.0,10224.625,24
20260303,51883000,11:24:43.000,PAUSED,PAUSED,order_action_limit,10219.0,10134.0,10304.0,10226.0,24
20260303,51884000,11:24:44.000,PAUSED,PAUSED,order_action_limit,10219.0,10134.0,10304.0,10228.5,24
20260303,51885000,11:24:45.000,PAUSED,PAUSED,order_action_limit,10219.0,10134.0,10304.0,10229.5,24
20260303,51886000,11:24:46.000,PAUSED,PAUSED,order_action_limit,10219.0,10134.0,10304.0,10231.0,24
20260303,51887000,11:24:47.000,PAUSED,PAUSED,order_action_limit,10219.0,10134.0,10304.0,10232.0,24
20260303,51888000,11:24:48.000,PAUSED,PAUSED,order_action_limit,10219.0,10134.0,10304.0,10230.75,24
20260303,51889000,11:24:49.000,PAUSED,PAUSED,order_action_limit,10219.0,10134.0,10304.0,10231.25,24
20260303,51890000,11:24:50.000,PAUSED,PAUSED,order_action_limit,10219.0,10134.0,10304.0,10233.25,24
20260303,51891000,11:24:51.000,PAUSED,PAUSED,order_action_limit,10219.0,10134.0,10304.0,10232.5,24
20260303,51892000,11:24:52.000,PAUSED,PAUSED,order_action_limit,10219.0,10134.0,10304.0,10230.5,24
20260303,51893000,11:24:53.000,PAUSED,PAUSED,order_action_limit,10219.0,10134.0,10304.0,10230.25,24
20260303,51894000,11:24:54.000,PAUSED,PAUSED,order_action_limit,10219.0,10134.0,10304.0,10229.0,24
20260303,51895000,11:24:55.000,PAUSED,PAUSED,order_action_limit,10219.0,10134.0,10304.0,10229.0,24
20260303,51896000,11:24:56.000,PAUSED,PAUSED,order_action_limit,10219.0,10134.0,10304.0,10228.75,22
20260303,51897000,11:24:57.000,PAUSED,PAUSED,order_action_limit,10219.0,10134.0,10304.0,10228.25,21
20260303,51898000,11:24:58.000,PAUSED,PAUSED,order_action_limit,10219.0,10134.0,10304.0,10226.0,20
20260303,51899000,11:24:59.000,PAUSED,FLAT_QUOTING,fair_recovered,10227.0,10142.0,10312.0,10227.25,18
20260303,51900000,11:25:00.000,FLAT_QUOTING,LONG_PENDING_HEDGE,target_fill,10227.0,10142.0,10312.0,10227.25,21
20260303,51901000,11:25:01.000,LONG_PENDING_HEDGE,HEDGED_POSITION,hedge_fill,10227.0,10142.0,10312.0,10228.0,22
20260303,51902000,11:25:02.000,HEDGED_POSITION,FLATTENING,reversion_exit,10227.0,10142.0,10312.0,10229.25,22
20260303,51902000,11:25:02.000,FLATTENING,COOLDOWN,reversion_exit,10227.0,10142.0,10312.0,10229.25,24
20260303,51904000,11:25:04.000,COOLDOWN,PAUSED,order_action_limit,10227.0,10142.0,10312.0,10229.25,21
20260303,51905000,11:25:05.000,PAUSED,PAUSED,order_action_limit,10227.0,10142.0,10312.0,10228.25,20
20260303,51906000,11:25:06.000,PAUSED,FLAT_QUOTING,fair_recovered,10228.0,10143.0,10313.0,10228.0,18
20260303,51907000,11:25:07.000,FLAT_QUOTING,LONG_PENDING_HEDGE,target_fill,10228.0,10143.0,10313.0,10228.5,21
20260303,51908000,11:25:08.000,LONG_PENDING_HEDGE,HEDGED_POSITION,hedge_fill,10228.0,10143.0,10313.0,10230.25,20
20260303,51909000,11:25:09.000,HEDGED_POSITION,FLATTENING,reversion_exit,10228.0,10143.0,10313.0,10229.5,19
20260303,51909000,11:25:09.000,FLATTENING,COOLDOWN,reversion_exit,10228.0,10143.0,10313.0,10229.5,21
20260303,51911000,11:25:11.000,COOLDOWN,FLAT_QUOTING,fair_recovered,10230.0,10145.0,10315.0,10229.75,18
20260303,51912000,11:25:12.000,FLAT_QUOTING,LONG_PENDING_HEDGE,target_fill,10230.0,10145.0,10315.0,10229.75,21
20260303,51913000,11:25:13.000,LONG_PENDING_HEDGE,HEDGED_POSITION,hedge_fill,10230.0,10145.0,10315.0,10230.0,22
20260303,51914000,11:25:14.000,HEDGED_POSITION,FLATTENING,reversion_exit,10230.0,10145.0,10315.0,10229.75,22
20260303,51914000,11:25:14.000,FLATTENING,COOLDOWN,reversion_exit,10230.0,10145.0,10315.0,10229.75,24
20260303,51916000,11:25:16.000,COOLDOWN,PAUSED,order_action_limit,10230.0,10145.0,10315.0,10229.25,22
20260303,51917000,11:25:17.000,PAUSED,PAUSED,order_action_limit,10230.0,10145.0,10315.0,10229.25,22
20260303,51918000,11:25:18.000,PAUSED,PAUSED,order_action_limit,10230.0,10145.0,10315.0,10228.25,21
20260303,51919000,11:25:19.000,PAUSED,PAUSED,order_action_limit,10230.0,10145.0,10315.0,10227.75,20
20260303,51923000,11:25:23.000,PAUSED,FLAT_QUOTING,fair_recovered,10231.0,10146.0,10316.0,10231.0,18
20260303,51924000,11:25:24.000,FLAT_QUOTING,LONG_PENDING_HEDGE,target_fill,10231.0,10146.0,10316.0,10231.0,21
20260303,51925000,11:25:25.000,LONG_PENDING_HEDGE,HEDGED_POSITION,hedge_fill,10231.0,10146.0,10316.0,10231.75,22
20260303,51926000,11:25:26.000,HEDGED_POSITION,FLATTENING,reversion_exit,10231.0,10146.0,10316.0,10232.5,22
20260303,51926000,11:25:26.000,FLATTENING,COOLDOWN,reversion_exit,10231.0,10146.0,10316.0,10232.5,24
20260303,51928000,11:25:28.000,COOLDOWN,PAUSED,order_action_limit,10231.0,10146.0,10316.0,10231.75,24
20260303,51929000,11:25:29.000,PAUSED,PAUSED,order_action_limit,10231.0,10146.0,10316.0,10230.75,24
20260303,51930000,11:25:30.000,PAUSED,PAUSED,order_action_limit,10231.0,10146.0,10316.0,10230.5,24
20260303,51931000,11:25:31.000,PAUSED,PAUSED,order_action_limit,10231.0,10146.0,10316.0,10230.75,24
20260303,51932000,11:25:32.000,PAUSED,PAUSED,order_action_limit,10231.0,10146.0,10316.0,10231.0,24
20260303,51933000,11:25:33.000,PAUSED,PAUSED,order_action_limit,10231.0,10146.0,10316.0,10229.5,24
20260303,51934000,11:25:34.000,PAUSED,PAUSED,order_action_limit,10231.0,10146.0,10316.0,10229.375,24
20260303,51935000,11:25:35.000,PAUSED,PAUSED,order_action_limit,10231.0,10146.0,10316.0,10229.75,24
20260303,51936000,11:25:36.000,PAUSED,PAUSED,order_action_limit,10231.0,10146.0,10316.0,10230.5,24
20260303,51937000,11:25:37.000,PAUSED,PAUSED,order_action_limit,10231.0,10146.0,10316.0,10231.0,24
20260303,51938000,11:25:38.000,PAUSED,PAUSED,order_action_limit,10231.0,10146.0,10316.0,10231.75,24
20260303,51939000,11:25:39.000,PAUSED,PAUSED,order_action_limit,10231.0,10146.0,10316.0,10231.5,24
20260303,51940000,11:25:40.000,PAUSED,PAUSED,order_action_limit,10231.0,10146.0,10316.0,10231.25,24
20260303,51941000,11:25:41.000,PAUSED,PAUSED,order_action_limit,10231.0,10146.0,10316.0,10232.75,24
20260303,51942000,11:25:42.000,PAUSED,PAUSED,order_action_limit,10231.0,10146.0,10316.0,10232.75,24
20260303,51943000,11:25:43.000,PAUSED,PAUSED,order_action_limit,10231.0,10146.0,10316.0,10233.5,24
20260303,51944000,11:25:44.000,PAUSED,PAUSED,order_action_limit,10231.0,10146.0,10316.0,10233.75,24
20260303,51945000,11:25:45.000,PAUSED,PAUSED,order_action_limit,10231.0,10146.0,10316.0,10233.0,24
20260303,51946000,11:25:46.000,PAUSED,PAUSED,order_action_limit,10231.0,10146.0,10316.0,10233.0,24
20260303,51947000,11:25:47.000,PAUSED,PAUSED,order_action_limit,10231.0,10146.0,10316.0,10232.75,24
20260303,51948000,11:25:48.000,PAUSED,PAUSED,order_action_limit,10231.0,10146.0,10316.0,10232.75,24
20260303,51951000,11:25:51.000,PAUSED,PAUSED,order_action_limit,10231.0,10146.0,10316.0,10233.75,24
20260303,51952000,11:25:52.000,PAUSED,PAUSED,order_action_limit,10231.0,10146.0,10316.0,10233.75,24
20260303,51953000,11:25:53.000,PAUSED,PAUSED,order_action_limit,10231.0,10146.0,10316.0,10233.625,24
20260303,51954000,11:25:54.000,PAUSED,PAUSED,order_action_limit,10231.0,10146.0,10316.0,10233.0,24
20260303,51955000,11:25:55.000,PAUSED,PAUSED,order_action_limit,10231.0,10146.0,10316.0,10234.25,24
20260303,51956000,11:25:56.000,PAUSED,PAUSED,order_action_limit,10231.0,10146.0,10316.0,10236.0,24
20260303,51957000,11:25:57.000,PAUSED,PAUSED,order_action_limit,10231.0,10146.0,10316.0,10236.125,24
20260303,51958000,11:25:58.000,PAUSED,PAUSED,order_action_limit,10231.0,10146.0,10316.0,10237.0,24
20260303,51959000,11:25:59.000,PAUSED,PAUSED,order_action_limit,10231.0,10146.0,10316.0,10237.0,22
20260303,51960000,11:26:00.000,PAUSED,PAUSED,order_action_limit,10231.0,10146.0,10316.0,10236.75,21
20260303,51961000,11:26:01.000,PAUSED,PAUSED,order_action_limit,10231.0,10146.0,10316.0,10236.5,20
20260303,51962000,11:26:02.000,PAUSED,FLAT_QUOTING,fair_recovered,10239.0,10154.0,10324.0,10238.75,18
20260303,51963000,11:26:03.000,FLAT_QUOTING,LONG_PENDING_HEDGE,target_fill,10239.0,10154.0,10324.0,10240.0,21
20260303,51964000,11:26:04.000,LONG_PENDING_HEDGE,HEDGED_POSITION,hedge_fill,10239.0,10154.0,10324.0,10241.25,22
20260303,51965000,11:26:05.000,HEDGED_POSITION,FLATTENING,reversion_exit,10239.0,10154.0,10324.0,10241.75,22
20260303,51965000,11:26:05.000,FLATTENING,COOLDOWN,reversion_exit,10239.0,10154.0,10324.0,10241.75,24
20260303,51967000,11:26:07.000,COOLDOWN,PAUSED,fair_invalid_or_session_guard,10239.0,10154.0,10324.0,10251.75,21
20260303,51983000,11:26:23.000,PAUSED,FLAT_QUOTING,fair_recovered,10256.0,10171.0,10341.0,10255.5,10
20260303,51984000,11:26:24.000,FLAT_QUOTING,LONG_PENDING_HEDGE,target_fill,10256.0,10171.0,10341.0,10254.5,12
20260303,51985000,11:26:25.000,LONG_PENDING_HEDGE,HEDGED_POSITION,hedge_fill,10256.0,10171.0,10341.0,10254.0,12
20260303,51986000,11:26:26.000,HEDGED_POSITION,FLATTENING,reference_invalid_exit,10256.0,10171.0,10341.0,10253.5,10
20260303,51986000,11:26:26.000,FLATTENING,COOLDOWN,reference_invalid_exit,10256.0,10171.0,10341.0,10253.5,12
20260303,51987000,11:26:27.000,COOLDOWN,PAUSED,fair_invalid_or_session_guard,10256.0,10171.0,10341.0,10253.25,12
20260303,51998000,11:26:38.000,PAUSED,FLAT_QUOTING,fair_recovered,10254.0,10169.0,10339.0,10254.25,12
20260303,51999000,11:26:39.000,FLAT_QUOTING,LONG_PENDING_HEDGE,target_fill,10254.0,10169.0,10339.0,10255.75,15
20260303,52000000,11:26:40.000,LONG_PENDING_HEDGE,HEDGED_POSITION,hedge_fill,10254.0,10169.0,10339.0,10256.75,16
20260303,52001000,11:26:41.000,HEDGED_POSITION,FLATTENING,reversion_exit,10254.0,10169.0,10339.0,10256.75,16
20260303,52001000,11:26:41.000,FLATTENING,COOLDOWN,reversion_exit,10254.0,10169.0,10339.0,10256.75,18
20260303,52003000,11:26:43.000,COOLDOWN,FLAT_QUOTING,fair_recovered,10254.0,10169.0,10339.0,10253.75,18
20260303,52004000,11:26:44.000,FLAT_QUOTING,LONG_PENDING_HEDGE,target_fill,10254.0,10169.0,10339.0,10253.25,21
20260303,52005000,11:26:45.000,LONG_PENDING_HEDGE,HEDGED_POSITION,hedge_fill,10254.0,10169.0,10339.0,10253.5,22
20260303,52006000,11:26:46.000,HEDGED_POSITION,FLATTENING,reversion_exit,10254.0,10169.0,10339.0,10253.5,22
20260303,52006000,11:26:46.000,FLATTENING,COOLDOWN,reversion_exit,10254.0,10169.0,10339.0,10253.5,24
20260303,52007000,11:26:47.000,COOLDOWN,PAUSED,fair_invalid_or_session_guard,10254.0,10169.0,10339.0,10254.75,24
20260303,52011000,11:26:51.000,PAUSED,PAUSED,order_action_limit,10254.0,10169.0,10339.0,10253.0,24
20260303,52025000,11:27:05.000,PAUSED,FLAT_QUOTING,fair_recovered,10260.0,10175.0,10345.0,10259.5,18
20260303,52026000,11:27:06.000,FLAT_QUOTING,LONG_PENDING_HEDGE,target_fill,10260.0,10175.0,10345.0,10259.75,21
20260303,52027000,11:27:07.000,LONG_PENDING_HEDGE,HEDGED_POSITION,hedge_fill,10260.0,10175.0,10345.0,10258.75,22
20260303,52028000,11:27:08.000,HEDGED_POSITION,FLATTENING,reversion_exit,10260.0,10175.0,10345.0,10260.25,22
20260303,52028000,11:27:08.000,FLATTENING,COOLDOWN,reversion_exit,10260.0,10175.0,10345.0,10260.25,24
20260303,52030000,11:27:10.000,COOLDOWN,PAUSED,order_action_limit,10260.0,10175.0,10345.0,10260.0,24
20260303,52031000,11:27:11.000,PAUSED,PAUSED,order_action_limit,10260.0,10175.0,10345.0,10259.875,24
20260303,52032000,11:27:12.000,PAUSED,PAUSED,order_action_limit,10260.0,10175.0,10345.0,10257.75,24
20260303,52033000,11:27:13.000,PAUSED,PAUSED,order_action_limit,10260.0,10175.0,10345.0,10258.25,24
20260303,52034000,11:27:14.000,PAUSED,PAUSED,order_action_limit,10260.0,10175.0,10345.0,10260.0,24
20260303,52035000,11:27:15.000,PAUSED,PAUSED,order_action_limit,10260.0,10175.0,10345.0,10260.25,24
20260303,52036000,11:27:16.000,PAUSED,PAUSED,order_action_limit,10260.0,10175.0,10345.0,10260.75,24
20260303,52037000,11:27:17.000,PAUSED,PAUSED,order_action_limit,10260.0,10175.0,10345.0,10260.0,24
20260303,52038000,11:27:18.000,PAUSED,PAUSED,order_action_limit,10260.0,10175.0,10345.0,10260.0,24
20260303,52039000,11:27:19.000,PAUSED,PAUSED,order_action_limit,10260.0,10175.0,10345.0,10260.0,24
20260303,52040000,11:27:20.000,PAUSED,PAUSED,order_action_limit,10260.0,10175.0,10345.0,10264.0,24
20260303,52041000,11:27:21.000,PAUSED,PAUSED,order_action_limit,10260.0,10175.0,10345.0,10271.75,24
20260303,52042000,11:27:22.000,PAUSED,PAUSED,order_action_limit,10260.0,10175.0,10345.0,10273.75,24
20260303,52043000,11:27:23.000,PAUSED,PAUSED,order_action_limit,10260.0,10175.0,10345.0,10276.0,22
20260303,52044000,11:27:24.000,PAUSED,PAUSED,order_action_limit,10260.0,10175.0,10345.0,10277.0,21
20260303,52045000,11:27:25.000,PAUSED,PAUSED,order_action_limit,10260.0,10175.0,10345.0,10277.0,20
20260303,52046000,11:27:26.000,PAUSED,FLAT_QUOTING,fair_recovered,10277.0,10192.0,10362.0,10277.0,18
20260303,52047000,11:27:27.000,FLAT_QUOTING,LONG_PENDING_HEDGE,target_fill,10277.0,10192.0,10362.0,10276.5,21
20260303,52048000,11:27:28.000,LONG_PENDING_HEDGE,HEDGED_POSITION,hedge_fill,10277.0,10192.0,10362.0,10276.5,22
20260303,52049000,11:27:29.000,HEDGED_POSITION,FLATTENING,reference_invalid_exit,10277.0,10192.0,10362.0,10274.0,22
20260303,52049000,11:27:29.000,FLATTENING,COOLDOWN,reference_invalid_exit,10277.0,10192.0,10362.0,10274.0,24
20260303,52050000,11:27:30.000,COOLDOWN,PAUSED,fair_invalid_or_session_guard,10277.0,10192.0,10362.0,10272.25,24
20260303,52052000,11:27:32.000,PAUSED,PAUSED,order_action_limit,10277.0,10192.0,10362.0,10268.5,24
20260303,52062000,11:27:42.000,PAUSED,FLAT_QUOTING,fair_recovered,10286.0,10201.0,10371.0,10286.25,18
20260303,52063000,11:27:43.000,FLAT_QUOTING,LONG_PENDING_HEDGE,target_fill,10286.0,10201.0,10371.0,10286.0,19
20260303,52064000,11:27:44.000,LONG_PENDING_HEDGE,HEDGED_POSITION,hedge_fill,10286.0,10201.0,10371.0,10288.75,19
20260303,52065000,11:27:45.000,HEDGED_POSITION,FLATTENING,reference_invalid_exit,10286.0,10201.0,10371.0,10291.25,18
20260303,52065000,11:27:45.000,FLATTENING,COOLDOWN,reference_invalid_exit,10286.0,10201.0,10371.0,10291.25,20
20260303,52066000,11:27:46.000,COOLDOWN,PAUSED,fair_invalid_or_session_guard,10286.0,10201.0,10371.0,10290.25,18
20260303,52095000,11:28:15.000,PAUSED,FLAT_QUOTING,fair_recovered,10266.0,10181.0,10351.0,10265.5,12
20260303,52096000,11:28:16.000,FLAT_QUOTING,LONG_PENDING_HEDGE,target_fill,10266.0,10181.0,10351.0,10265.75,15
20260303,52097000,11:28:17.000,LONG_PENDING_HEDGE,HEDGED_POSITION,hedge_fill,10266.0,10181.0,10351.0,10266.75,16
20260303,52098000,11:28:18.000,HEDGED_POSITION,FLATTENING,reversion_exit,10266.0,10181.0,10351.0,10268.5,16
20260303,52098000,11:28:18.000,FLATTENING,COOLDOWN,reversion_exit,10266.0,10181.0,10351.0,10268.5,18
20260303,52100000,11:28:20.000,COOLDOWN,FLAT_QUOTING,fair_recovered,10266.0,10181.0,10351.0,10266.25,18
20260303,52101000,11:28:21.000,FLAT_QUOTING,LONG_PENDING_HEDGE,target_fill,10266.0,10181.0,10351.0,10265.75,21
20260303,52102000,11:28:22.000,LONG_PENDING_HEDGE,HEDGED_POSITION,hedge_fill,10266.0,10181.0,10351.0,10264.25,22
20260303,52103000,11:28:23.000,HEDGED_POSITION,FLATTENING,reference_invalid_exit,10266.0,10181.0,10351.0,10264.5,22
20260303,52103000,11:28:23.000,FLATTENING,COOLDOWN,reference_invalid_exit,10266.0,10181.0,10351.0,10264.5,24
20260303,52104000,11:28:24.000,COOLDOWN,PAUSED,fair_invalid_or_session_guard,10266.0,10181.0,10351.0,10264.0,24
20260303,52123000,11:28:43.000,PAUSED,FLAT_QUOTING,fair_recovered,10268.0,10183.0,10353.0,10268.25,15
20260303,52124000,11:28:44.000,FLAT_QUOTING,LONG_PENDING_HEDGE,target_fill,10268.0,10183.0,10353.0,10267.125,17
20260303,52125000,11:28:45.000,LONG_PENDING_HEDGE,HEDGED_POSITION,hedge_fill,10268.0,10183.0,10353.0,10267.5,16
20260303,52126000,11:28:46.000,HEDGED_POSITION,FLATTENING,reversion_exit,10268.0,10183.0,10353.0,10268.0,16
20260303,52126000,11:28:46.000,FLATTENING,COOLDOWN,reversion_exit,10268.0,10183.0,10353.0,10268.0,18
20260303,52128000,11:28:48.000,COOLDOWN,FLAT_QUOTING,fair_recovered,10268.0,10183.0,10353.0,10267.625,18
20260303,52129000,11:28:49.000,FLAT_QUOTING,LONG_PENDING_HEDGE,target_fill,10268.0,10183.0,10353.0,10267.75,21
20260303,52130000,11:28:50.000,LONG_PENDING_HEDGE,HEDGED_POSITION,hedge_fill,10268.0,10183.0,10353.0,10269.5,22
20260303,52131000,11:28:51.000,HEDGED_POSITION,FLATTENING,reversion_exit,10268.0,10183.0,10353.0,10268.875,22
20260303,52131000,11:28:51.000,FLATTENING,COOLDOWN,reversion_exit,10268.0,10183.0,10353.0,10268.875,24
20260303,52133000,11:28:53.000,COOLDOWN,PAUSED,order_action_limit,10268.0,10183.0,10353.0,10269.625,24
20260303,52134000,11:28:54.000,PAUSED,PAUSED,order_action_limit,10268.0,10183.0,10353.0,10270.0,24
20260303,52135000,11:28:55.000,PAUSED,PAUSED,order_action_limit,10268.0,10183.0,10353.0,10268.5,24
20260303,52136000,11:28:56.000,PAUSED,PAUSED,order_action_limit,10268.0,10183.0,10353.0,10269.0,24
20260303,52137000,11:28:57.000,PAUSED,PAUSED,order_action_limit,10268.0,10183.0,10353.0,10269.5,24
20260303,52138000,11:28:58.000,PAUSED,PAUSED,order_action_limit,10268.0,10183.0,10353.0,10269.5,24
20260303,52139000,11:28:59.000,PAUSED,PAUSED,order_action_limit,10268.0,10183.0,10353.0,10269.125,24
20260303,52140000,11:29:00.000,PAUSED,PAUSED,order_action_limit,10268.0,10183.0,10353.0,10270.0,24
20260303,52141000,11:29:01.000,PAUSED,PAUSED,order_action_limit,10268.0,10183.0,10353.0,10273.75,24
20260303,52155000,11:29:15.000,PAUSED,PAUSED,order_action_limit,10268.0,10183.0,10353.0,10281.5,22
20260303,52162000,11:29:22.000,PAUSED,FLAT_QUOTING,fair_recovered,10284.0,10199.0,10369.0,10283.75,14
20260303,52163000,11:29:23.000,FLAT_QUOTING,LONG_PENDING_HEDGE,target_fill,10284.0,10199.0,10369.0,10287.25,15
20260303,52164000,11:29:24.000,LONG_PENDING_HEDGE,HEDGED_POSITION,hedge_fill,10284.0,10199.0,10369.0,10293.375,16
20260303,52165000,11:29:25.000,HEDGED_POSITION,FLATTENING,reversion_exit,10284.0,10199.0,10369.0,10293.25,16
20260303,52165000,11:29:25.000,FLATTENING,COOLDOWN,reversion_exit,10284.0,10199.0,10369.0,10293.25,18
20260303,52167000,11:29:27.000,COOLDOWN,FLAT_QUOTING,fair_recovered,10294.0,10209.0,10379.0,10293.5,18
20260303,52168000,11:29:28.000,FLAT_QUOTING,LONG_PENDING_HEDGE,target_fill,10294.0,10209.0,10379.0,10294.0,21
20260303,52169000,11:29:29.000,LONG_PENDING_HEDGE,HEDGED_POSITION,hedge_fill,10294.0,10209.0,10379.0,10294.0,22
20260303,52170000,11:29:30.000,HEDGED_POSITION,FLATTENING,reversion_exit,10294.0,10209.0,10379.0,10292.25,22
20260303,52170000,11:29:30.000,FLATTENING,COOLDOWN,reversion_exit,10294.0,10209.0,10379.0,10292.25,24
20260303,52172000,11:29:32.000,COOLDOWN,PAUSED,order_action_limit,10294.0,10209.0,10379.0,10292.25,24
20260303,52173000,11:29:33.000,PAUSED,PAUSED,order_action_limit,10294.0,10209.0,10379.0,10291.25,24
20260303,52174000,11:29:34.000,PAUSED,PAUSED,order_action_limit,10294.0,10209.0,10379.0,10292.25,24
20260303,52175000,11:29:35.000,PAUSED,PAUSED,order_action_limit,10294.0,10209.0,10379.0,10291.875,24
20260303,52176000,11:29:36.000,PAUSED,PAUSED,order_action_limit,10294.0,10209.0,10379.0,10293.5,24
20260303,52177000,11:29:37.000,PAUSED,PAUSED,order_action_limit,10294.0,10209.0,10379.0,10290.25,24
20260303,52178000,11:29:38.000,PAUSED,PAUSED,order_action_limit,10294.0,10209.0,10379.0,10291.0,24
20260303,52179000,11:29:39.000,PAUSED,PAUSED,order_action_limit,10294.0,10209.0,10379.0,10291.5,24
20260303,52180000,11:29:40.000,PAUSED,PAUSED,order_action_limit,10294.0,10209.0,10379.0,10289.25,24
20260303,52181000,11:29:41.000,PAUSED,PAUSED,order_action_limit,10294.0,10209.0,10379.0,10289.0,24
20260303,52182000,11:29:42.000,PAUSED,PAUSED,order_action_limit,10294.0,10209.0,10379.0,10289.875,24
20260303,52183000,11:29:43.000,PAUSED,PAUSED,order_action_limit,10294.0,10209.0,10379.0,10288.5,22
20260303,52184000,11:29:44.000,PAUSED,PAUSED,order_action_limit,10294.0,10209.0,10379.0,10289.25,21
20260303,52185000,11:29:45.000,PAUSED,PAUSED,order_action_limit,10294.0,10209.0,10379.0,10289.75,20
20260303,52186000,11:29:46.000,PAUSED,FLAT_QUOTING,fair_recovered,10290.0,10205.0,10375.0,10289.75,18
20260303,52187000,11:29:47.000,FLAT_QUOTING,LONG_PENDING_HEDGE,target_fill,10290.0,10205.0,10375.0,10290.625,21
20260303,52188000,11:29:48.000,LONG_PENDING_HEDGE,HEDGED_POSITION,hedge_fill,10290.0,10205.0,10375.0,10289.75,20
20260303,52189000,11:29:49.000,HEDGED_POSITION,FLATTENING,reversion_exit,10290.0,10205.0,10375.0,10289.0,19
20260303,52189000,11:29:49.000,FLATTENING,COOLDOWN,reversion_exit,10290.0,10205.0,10375.0,10289.0,21
20260303,52191000,11:29:51.000,COOLDOWN,FLAT_QUOTING,fair_recovered,10285.0,10200.0,10370.0,10285.375,18
20260303,52192000,11:29:52.000,FLAT_QUOTING,LONG_PENDING_HEDGE,target_fill,10285.0,10200.0,10370.0,10287.5,21
20260303,52193000,11:29:53.000,LONG_PENDING_HEDGE,HEDGED_POSITION,hedge_fill,10285.0,10200.0,10370.0,10288.0,22
20260303,52194000,11:29:54.000,HEDGED_POSITION,FLATTENING,reference_invalid_exit,10285.0,10200.0,10370.0,10290.25,22
20260303,52194000,11:29:54.000,FLATTENING,COOLDOWN,reference_invalid_exit,10285.0,10200.0,10370.0,10290.25,24
20260303,52195000,11:29:55.000,COOLDOWN,PAUSED,fair_invalid_or_session_guard,10285.0,10200.0,10370.0,10290.0,24
20260303,52197000,11:29:57.000,PAUSED,PAUSED,order_action_limit,10285.0,10200.0,10370.0,10289.0,24
20260303,52198000,11:29:58.000,PAUSED,PAUSED,order_action_limit,10285.0,10200.0,10370.0,10290.0,24
20260303,52199000,11:29:59.000,PAUSED,PAUSED,order_action_limit,10285.0,10200.0,10370.0,10288.75,24
20260303,59471000,13:31:11.000,PAUSED,FLAT_QUOTING,fair_recovered,10373.0,10288.0,10458.0,10373.25,0
20260303,59472000,13:31:12.000,FLAT_QUOTING,LONG_PENDING_HEDGE,target_fill,10373.0,10288.0,10458.0,10374.75,3
20260303,59473000,13:31:13.000,LONG_PENDING_HEDGE,HEDGED_POSITION,hedge_fill,10373.0,10288.0,10458.0,10373.875,4
20260303,59474000,13:31:14.000,HEDGED_POSITION,FLATTENING,reversion_exit,10373.0,10288.0,10458.0,10371.0,4
20260303,59474000,13:31:14.000,FLATTENING,COOLDOWN,reversion_exit,10373.0,10288.0,10458.0,10371.0,6
20260303,59476000,13:31:16.000,COOLDOWN,FLAT_QUOTING,fair_recovered,10370.0,10285.0,10455.0,10370.25,6
20260303,59477000,13:31:17.000,FLAT_QUOTING,LONG_PENDING_HEDGE,target_fill,10370.0,10285.0,10455.0,,9
20260303,59478000,13:31:18.000,LONG_PENDING_HEDGE,HEDGED_POSITION,hedge_fill,10370.0,10285.0,10455.0,10373.5,10
20260303,59479000,13:31:19.000,HEDGED_POSITION,FLATTENING,reference_invalid_exit,10370.0,10285.0,10455.0,,10
20260303,59479000,13:31:19.000,FLATTENING,COOLDOWN,reference_invalid_exit,10370.0,10285.0,10455.0,,12
20260303,59481000,13:31:21.000,COOLDOWN,PAUSED,fair_invalid_or_session_guard,10370.0,10285.0,10455.0,10359.375,12
20260303,59596000,13:33:16.000,PAUSED,FLAT_QUOTING,fair_recovered,10342.0,10257.0,10427.0,10341.5,0
20260303,59597000,13:33:17.000,FLAT_QUOTING,LONG_PENDING_HEDGE,target_fill,10342.0,10257.0,10427.0,10339.625,3
20260303,59598000,13:33:18.000,LONG_PENDING_HEDGE,HEDGED_POSITION,hedge_fill,10342.0,10257.0,10427.0,10338.0,4
20260303,59599000,13:33:19.000,HEDGED_POSITION,FLATTENING,reversion_exit,10342.0,10257.0,10427.0,10338.125,4
20260303,59599000,13:33:19.000,FLATTENING,COOLDOWN,reversion_exit,10342.0,10257.0,10427.0,10338.125,6
20260303,59601000,13:33:21.000,COOLDOWN,FLAT_QUOTING,fair_recovered,10337.0,10252.0,10422.0,10337.25,6
20260303,59602000,13:33:22.000,FLAT_QUOTING,LONG_PENDING_HEDGE,target_fill,10337.0,10252.0,10422.0,,9
20260303,59603000,13:33:23.000,LONG_PENDING_HEDGE,HEDGED_POSITION,hedge_fill,10337.0,10252.0,10422.0,,10
20260303,59604000,13:33:24.000,HEDGED_POSITION,FLATTENING,reversion_exit,10337.0,10252.0,10422.0,10334.75,10
20260303,59604000,13:33:24.000,FLATTENING,COOLDOWN,reversion_exit,10337.0,10252.0,10422.0,10334.75,12
20260303,59606000,13:33:26.000,COOLDOWN,FLAT_QUOTING,fair_recovered,10337.0,10252.0,10422.0,10337.125,12
20260303,59607000,13:33:27.000,FLAT_QUOTING,LONG_PENDING_HEDGE,target_fill,10337.0,10252.0,10422.0,10337.125,15
20260303,59608000,13:33:28.000,LONG_PENDING_HEDGE,HEDGED_POSITION,hedge_fill,10337.0,10252.0,10422.0,10336.25,16
20260303,59609000,13:33:29.000,HEDGED_POSITION,FLATTENING,reversion_exit,10337.0,10252.0,10422.0,10335.25,16
20260303,59609000,13:33:29.000,FLATTENING,COOLDOWN,reversion_exit,10337.0,10252.0,10422.0,10335.25,18
20260303,59611000,13:33:31.000,COOLDOWN,FLAT_QUOTING,fair_recovered,10334.0,10249.0,10419.0,10334.0,18
20260303,59612000,13:33:32.000,FLAT_QUOTING,LONG_PENDING_HEDGE,target_fill,10334.0,10249.0,10419.0,10333.75,21
20260303,59613000,13:33:33.000,LONG_PENDING_HEDGE,HEDGED_POSITION,hedge_fill,10334.0,10249.0,10419.0,10330.0,22
20260303,59614000,13:33:34.000,HEDGED_POSITION,FLATTENING,reversion_exit,10334.0,10249.0,10419.0,10332.25,22
20260303,59614000,13:33:34.000,FLATTENING,COOLDOWN,reversion_exit,10334.0,10249.0,10419.0,10332.25,24
20260303,59616000,13:33:36.000,COOLDOWN,PAUSED,order_action_limit,10334.0,10249.0,10419.0,10330.5,24
20260303,59617000,13:33:37.000,PAUSED,PAUSED,order_action_limit,10334.0,10249.0,10419.0,10326.75,24
20260303,59620000,13:33:40.000,PAUSED,PAUSED,order_action_limit,10334.0,10249.0,10419.0,10315.5,24
20260303,59621000,13:33:41.000,PAUSED,PAUSED,order_action_limit,10334.0,10249.0,10419.0,10316.0,24
20260303,59622000,13:33:42.000,PAUSED,PAUSED,order_action_limit,10334.0,10249.0,10419.0,10314.75,24
20260303,59623000,13:33:43.000,PAUSED,PAUSED,order_action_limit,10334.0,10249.0,10419.0,10314.5,24
20260303,59624000,13:33:44.000,PAUSED,PAUSED,order_action_limit,10334.0,10249.0,10419.0,10311.25,24
20260303,59625000,13:33:45.000,PAUSED,PAUSED,order_action_limit,10334.0,10249.0,10419.0,10314.75,24
20260303,59626000,13:33:46.000,PAUSED,PAUSED,order_action_limit,10334.0,10249.0,10419.0,10314.5,24
20260303,59627000,13:33:47.000,PAUSED,PAUSED,order_action_limit,10334.0,10249.0,10419.0,10318.625,24
20260303,59628000,13:33:48.000,PAUSED,PAUSED,order_action_limit,10334.0,10249.0,10419.0,10320.625,24
20260303,59629000,13:33:49.000,PAUSED,PAUSED,order_action_limit,10334.0,10249.0,10419.0,10319.75,24
20260303,59630000,13:33:50.000,PAUSED,PAUSED,order_action_limit,10334.0,10249.0,10419.0,10318.25,24
20260303,59631000,13:33:51.000,PAUSED,PAUSED,order_action_limit,10334.0,10249.0,10419.0,10317.375,24
20260303,59632000,13:33:52.000,PAUSED,PAUSED,order_action_limit,10334.0,10249.0,10419.0,10316.875,24
20260303,59633000,13:33:53.000,PAUSED,PAUSED,order_action_limit,10334.0,10249.0,10419.0,10316.75,24
20260303,59634000,13:33:54.000,PAUSED,PAUSED,order_action_limit,10334.0,10249.0,10419.0,10316.75,24
20260303,59635000,13:33:55.000,PAUSED,PAUSED,order_action_limit,10334.0,10249.0,10419.0,10317.125,24
20260303,59636000,13:33:56.000,PAUSED,PAUSED,order_action_limit,10334.0,10249.0,10419.0,10316.5,24
20260303,59637000,13:33:57.000,PAUSED,PAUSED,order_action_limit,10334.0,10249.0,10419.0,10315.625,24
20260303,59638000,13:33:58.000,PAUSED,PAUSED,order_action_limit,10334.0,10249.0,10419.0,10315.25,24
20260303,59639000,13:33:59.000,PAUSED,PAUSED,order_action_limit,10334.0,10249.0,10419.0,10315.125,24
20260303,59644000,13:34:04.000,PAUSED,PAUSED,order_action_limit,10334.0,10249.0,10419.0,10314.0,24
20260303,59645000,13:34:05.000,PAUSED,PAUSED,order_action_limit,10334.0,10249.0,10419.0,10314.0,24
20260303,59646000,13:34:06.000,PAUSED,PAUSED,order_action_limit,10334.0,10249.0,10419.0,10313.375,24
20260303,59647000,13:34:07.000,PAUSED,PAUSED,order_action_limit,10334.0,10249.0,10419.0,10312.875,24
20260303,59648000,13:34:08.000,PAUSED,PAUSED,order_action_limit,10334.0,10249.0,10419.0,10312.75,24
20260303,59649000,13:34:09.000,PAUSED,PAUSED,order_action_limit,10334.0,10249.0,10419.0,10312.0,24
20260303,59650000,13:34:10.000,PAUSED,PAUSED,order_action_limit,10334.0,10249.0,10419.0,10315.75,24
20260303,59651000,13:34:11.000,PAUSED,PAUSED,order_action_limit,10334.0,10249.0,10419.0,10318.0,24
20260303,59652000,13:34:12.000,PAUSED,PAUSED,order_action_limit,10334.0,10249.0,10419.0,10316.75,24
20260303,59653000,13:34:13.000,PAUSED,PAUSED,order_action_limit,10334.0,10249.0,10419.0,10317.0,24
20260303,59654000,13:34:14.000,PAUSED,PAUSED,order_action_limit,10334.0,10249.0,10419.0,10317.5,24
20260303,59655000,13:34:15.000,PAUSED,PAUSED,order_action_limit,10334.0,10249.0,10419.0,10316.0,24
20260303,59656000,13:34:16.000,PAUSED,PAUSED,order_action_limit,10334.0,10249.0,10419.0,10318.75,22
20260303,59667000,13:34:27.000,PAUSED,FLAT_QUOTING,fair_recovered,10319.0,10234.0,10404.0,10318.875,9
20260303,59668000,13:34:28.000,FLAT_QUOTING,LONG_PENDING_HEDGE,target_fill,10319.0,10234.0,10404.0,10320.0,11
20260303,59669000,13:34:29.000,LONG_PENDING_HEDGE,HEDGED_POSITION,hedge_fill,10319.0,10234.0,10404.0,10320.5,10
20260303,59670000,13:34:30.000,HEDGED_POSITION,FLATTENING,reversion_exit,10319.0,10234.0,10404.0,10318.5,10
20260303,59670000,13:34:30.000,FLATTENING,COOLDOWN,reversion_exit,10319.0,10234.0,10404.0,10318.5,12
20260303,59672000,13:34:32.000,COOLDOWN,PAUSED,fair_invalid_or_session_guard,10319.0,10234.0,10404.0,10318.5,9
20260303,59674000,13:34:34.000,PAUSED,FLAT_QUOTING,fair_recovered,10323.0,10238.0,10408.0,10322.75,6
20260303,59675000,13:34:35.000,FLAT_QUOTING,LONG_PENDING_HEDGE,target_fill,10323.0,10238.0,10408.0,10321.75,9
20260303,59676000,13:34:36.000,LONG_PENDING_HEDGE,HEDGED_POSITION,hedge_fill,10323.0,10238.0,10408.0,10322.75,10
20260303,59677000,13:34:37.000,HEDGED_POSITION,FLATTENING,reference_invalid_exit,10323.0,10238.0,10408.0,10319.75,10
20260303,59677000,13:34:37.000,FLATTENING,COOLDOWN,reference_invalid_exit,10323.0,10238.0,10408.0,10319.75,12
20260303,59678000,13:34:38.000,COOLDOWN,PAUSED,fair_invalid_or_session_guard,10323.0,10238.0,10408.0,10319.25,12
20260303,59680000,13:34:40.000,PAUSED,FLAT_QUOTING,fair_recovered,10318.0,10233.0,10403.0,10318.0,12
20260303,59681000,13:34:41.000,FLAT_QUOTING,LONG_PENDING_HEDGE,target_fill,10318.0,10233.0,10403.0,10317.75,15
20260303,59682000,13:34:42.000,LONG_PENDING_HEDGE,HEDGED_POSITION,hedge_fill,10318.0,10233.0,10403.0,10319.625,16
20260303,59683000,13:34:43.000,HEDGED_POSITION,FLATTENING,reversion_exit,10318.0,10233.0,10403.0,10320.25,16
20260303,59683000,13:34:43.000,FLATTENING,COOLDOWN,reversion_exit,10318.0,10233.0,10403.0,10320.25,18
20260303,59685000,13:34:45.000,COOLDOWN,FLAT_QUOTING,fair_recovered,10321.0,10236.0,10406.0,10320.625,18
20260303,59686000,13:34:46.000,FLAT_QUOTING,LONG_PENDING_HEDGE,target_fill,10321.0,10236.0,10406.0,10321.0,21
20260303,59687000,13:34:47.000,LONG_PENDING_HEDGE,HEDGED_POSITION,hedge_fill,10321.0,10236.0,10406.0,10320.75,22
20260303,59688000,13:34:48.000,HEDGED_POSITION,FLATTENING,reversion_exit,10321.0,10236.0,10406.0,10321.0,22
20260303,59688000,13:34:48.000,FLATTENING,COOLDOWN,reversion_exit,10321.0,10236.0,10406.0,10321.0,24
20260303,59690000,13:34:50.000,COOLDOWN,PAUSED,order_action_limit,10321.0,10236.0,10406.0,10320.75,24
20260303,59693000,13:34:53.000,PAUSED,PAUSED,order_action_limit,10321.0,10236.0,10406.0,10315.0,24
20260303,59694000,13:34:54.000,PAUSED,PAUSED,order_action_limit,10321.0,10236.0,10406.0,10312.875,24
20260303,59695000,13:34:55.000,PAUSED,PAUSED,order_action_limit,10321.0,10236.0,10406.0,10313.375,24
20260303,59696000,13:34:56.000,PAUSED,PAUSED,order_action_limit,10321.0,10236.0,10406.0,10313.0,24
20260303,59697000,13:34:57.000,PAUSED,PAUSED,order_action_limit,10321.0,10236.0,10406.0,10311.25,24
20260303,59698000,13:34:58.000,PAUSED,PAUSED,order_action_limit,10321.0,10236.0,10406.0,10306.25,24
20260303,59699000,13:34:59.000,PAUSED,PAUSED,order_action_limit,10321.0,10236.0,10406.0,10305.75,24
20260303,59700000,13:35:00.000,PAUSED,PAUSED,order_action_limit,10321.0,10236.0,10406.0,10306.0,24
20260303,59701000,13:35:01.000,PAUSED,PAUSED,order_action_limit,10321.0,10236.0,10406.0,10306.625,24
20260303,59702000,13:35:02.000,PAUSED,PAUSED,order_action_limit,10321.0,10236.0,10406.0,10306.75,24
20260303,59703000,13:35:03.000,PAUSED,PAUSED,order_action_limit,10321.0,10236.0,10406.0,10310.625,24
20260303,59704000,13:35:04.000,PAUSED,PAUSED,order_action_limit,10321.0,10236.0,10406.0,10314.0,24
20260303,59705000,13:35:05.000,PAUSED,PAUSED,order_action_limit,10321.0,10236.0,10406.0,10315.25,24
20260303,59706000,13:35:06.000,PAUSED,PAUSED,order_action_limit,10321.0,10236.0,10406.0,10315.625,24
20260303,59707000,13:35:07.000,PAUSED,PAUSED,order_action_limit,10321.0,10236.0,10406.0,10316.625,24
20260303,59708000,13:35:08.000,PAUSED,PAUSED,order_action_limit,10321.0,10236.0,10406.0,10317.25,24
20260303,59709000,13:35:09.000,PAUSED,PAUSED,order_action_limit,10321.0,10236.0,10406.0,10320.0,24
20260303,59710000,13:35:10.000,PAUSED,PAUSED,order_action_limit,10321.0,10236.0,10406.0,10324.75,24
20260303,59711000,13:35:11.000,PAUSED,PAUSED,order_action_limit,10321.0,10236.0,10406.0,10326.75,24
20260303,59716000,13:35:16.000,PAUSED,PAUSED,order_action_limit,10321.0,10236.0,10406.0,10328.5,24
20260303,59717000,13:35:17.000,PAUSED,PAUSED,order_action_limit,10321.0,10236.0,10406.0,10330.0,24
20260303,59728000,13:35:28.000,PAUSED,PAUSED,order_action_limit,10321.0,10236.0,10406.0,10332.75,21
20260303,59729000,13:35:29.000,PAUSED,PAUSED,order_action_limit,10321.0,10236.0,10406.0,10333.0,20
20260303,59730000,13:35:30.000,PAUSED,FLAT_QUOTING,fair_recovered,10334.0,10249.0,10419.0,10333.5,18
20260303,59731000,13:35:31.000,FLAT_QUOTING,LONG_PENDING_HEDGE,target_fill,10334.0,10249.0,10419.0,10332.0,21
20260303,59732000,13:35:32.000,LONG_PENDING_HEDGE,HEDGED_POSITION,hedge_fill,10334.0,10249.0,10419.0,10331.75,22
20260303,59733000,13:35:33.000,HEDGED_POSITION,FLATTENING,reversion_exit,10334.0,10249.0,10419.0,10331.0,22
20260303,59733000,13:35:33.000,FLATTENING,COOLDOWN,reversion_exit,10334.0,10249.0,10419.0,10331.0,24
20260303,59735000,13:35:35.000,COOLDOWN,PAUSED,order_action_limit,10334.0,10249.0,10419.0,10331.75,21
20260303,59738000,13:35:38.000,PAUSED,FLAT_QUOTING,fair_recovered,10332.0,10247.0,10417.0,10332.0,18
20260303,59739000,13:35:39.000,FLAT_QUOTING,LONG_PENDING_HEDGE,target_fill,10332.0,10247.0,10417.0,10332.75,21
20260303,59740000,13:35:40.000,LONG_PENDING_HEDGE,HEDGED_POSITION,hedge_fill,10332.0,10247.0,10417.0,10332.0,20
20260303,59742000,13:35:42.000,HEDGED_POSITION,FLATTENING,reference_invalid_exit,10332.0,10247.0,10417.0,,18
20260303,59742000,13:35:42.000,FLATTENING,COOLDOWN,reference_invalid_exit,10332.0,10247.0,10417.0,,20
20260303,59743000,13:35:43.000,COOLDOWN,PAUSED,fair_invalid_or_session_guard,10332.0,10247.0,10417.0,,18
20260303,59745000,13:35:45.000,PAUSED,FLAT_QUOTING,fair_recovered,10332.0,10247.0,10417.0,10331.75,16
20260303,59746000,13:35:46.000,FLAT_QUOTING,LONG_PENDING_HEDGE,target_fill,10332.0,10247.0,10417.0,10331.25,18
20260303,59747000,13:35:47.000,LONG_PENDING_HEDGE,HEDGED_POSITION,hedge_fill,10332.0,10247.0,10417.0,10330.75,18
20260303,59748000,13:35:48.000,HEDGED_POSITION,FLATTENING,reversion_exit,10332.0,10247.0,10417.0,10329.0,16
20260303,59748000,13:35:48.000,FLATTENING,COOLDOWN,reversion_exit,10332.0,10247.0,10417.0,10329.0,18
20260303,59750000,13:35:50.000,COOLDOWN,FLAT_QUOTING,fair_recovered,10326.0,10241.0,10411.0,10326.25,18
20260303,59751000,13:35:51.000,FLAT_QUOTING,LONG_PENDING_HEDGE,target_fill,10326.0,10241.0,10411.0,10325.25,21
20260303,59752000,13:35:52.000,LONG_PENDING_HEDGE,HEDGED_POSITION,hedge_fill,10326.0,10241.0,10411.0,10322.0,22
20260303,59753000,13:35:53.000,HEDGED_POSITION,FLATTENING,reversion_exit,10326.0,10241.0,10411.0,10320.375,22
20260303,59753000,13:35:53.000,FLATTENING,COOLDOWN,reversion_exit,10326.0,10241.0,10411.0,10320.375,24
20260303,59755000,13:35:55.000,COOLDOWN,PAUSED,order_action_limit,10326.0,10241.0,10411.0,10319.375,24
20260303,59756000,13:35:56.000,PAUSED,PAUSED,order_action_limit,10326.0,10241.0,10411.0,10321.375,24
20260303,59757000,13:35:57.000,PAUSED,PAUSED,order_action_limit,10326.0,10241.0,10411.0,10321.125,24
20260303,59758000,13:35:58.000,PAUSED,PAUSED,order_action_limit,10326.0,10241.0,10411.0,10320.5,24
20260303,59759000,13:35:59.000,PAUSED,PAUSED,order_action_limit,10326.0,10241.0,10411.0,10320.625,24
20260303,59760000,13:36:00.000,PAUSED,PAUSED,order_action_limit,10326.0,10241.0,10411.0,10319.75,24
20260303,59761000,13:36:01.000,PAUSED,PAUSED,order_action_limit,10326.0,10241.0,10411.0,10319.75,24
20260303,59762000,13:36:02.000,PAUSED,PAUSED,order_action_limit,10326.0,10241.0,10411.0,10321.75,24
20260303,59763000,13:36:03.000,PAUSED,PAUSED,order_action_limit,10326.0,10241.0,10411.0,10320.0,24
20260303,59764000,13:36:04.000,PAUSED,PAUSED,order_action_limit,10326.0,10241.0,10411.0,10319.5,24
20260303,59765000,13:36:05.000,PAUSED,PAUSED,order_action_limit,10326.0,10241.0,10411.0,10318.75,24
20260303,59766000,13:36:06.000,PAUSED,PAUSED,order_action_limit,10326.0,10241.0,10411.0,10318.75,24
20260303,59767000,13:36:07.000,PAUSED,PAUSED,order_action_limit,10326.0,10241.0,10411.0,10319.25,24
20260303,59768000,13:36:08.000,PAUSED,PAUSED,order_action_limit,10326.0,10241.0,10411.0,10318.5,24
20260303,59769000,13:36:09.000,PAUSED,PAUSED,order_action_limit,10326.0,10241.0,10411.0,10319.0,24
20260303,59770000,13:36:10.000,PAUSED,PAUSED,order_action_limit,10326.0,10241.0,10411.0,10316.75,24
20260303,59771000,13:36:11.000,PAUSED,PAUSED,order_action_limit,10326.0,10241.0,10411.0,10316.25,24
20260303,59772000,13:36:12.000,PAUSED,PAUSED,order_action_limit,10326.0,10241.0,10411.0,10316.5,24
20260303,59773000,13:36:13.000,PAUSED,PAUSED,order_action_limit,10326.0,10241.0,10411.0,10315.5,24
20260303,59774000,13:36:14.000,PAUSED,PAUSED,order_action_limit,10326.0,10241.0,10411.0,10314.75,24
20260303,59775000,13:36:15.000,PAUSED,PAUSED,order_action_limit,10326.0,10241.0,10411.0,10314.75,24
20260303,59776000,13:36:16.000,PAUSED,PAUSED,order_action_limit,10326.0,10241.0,10411.0,10316.5,24
20260303,59777000,13:36:17.000,PAUSED,PAUSED,order_action_limit,10326.0,10241.0,10411.0,10315.5,24
20260303,59778000,13:36:18.000,PAUSED,PAUSED,order_action_limit,10326.0,10241.0,10411.0,10315.5,24
20260303,59779000,13:36:19.000,PAUSED,PAUSED,order_action_limit,10326.0,10241.0,10411.0,10315.25,24
20260303,59780000,13:36:20.000,PAUSED,PAUSED,order_action_limit,10326.0,10241.0,10411.0,10316.0,24
20260303,59781000,13:36:21.000,PAUSED,PAUSED,order_action_limit,10326.0,10241.0,10411.0,10316.25,24
20260303,59782000,13:36:22.000,PAUSED,PAUSED,order_action_limit,10326.0,10241.0,10411.0,10316.0,24
20260303,59783000,13:36:23.000,PAUSED,PAUSED,order_action_limit,10326.0,10241.0,10411.0,10315.75,24
20260303,59784000,13:36:24.000,PAUSED,PAUSED,order_action_limit,10326.0,10241.0,10411.0,10315.75,24
20260303,59785000,13:36:25.000,PAUSED,PAUSED,order_action_limit,10326.0,10241.0,10411.0,10315.75,24
20260303,59786000,13:36:26.000,PAUSED,PAUSED,order_action_limit,10326.0,10241.0,10411.0,10316.5,24
20260303,59787000,13:36:27.000,PAUSED,PAUSED,order_action_limit,10326.0,10241.0,10411.0,10319.5,24
20260303,59788000,13:36:28.000,PAUSED,PAUSED,order_action_limit,10326.0,10241.0,10411.0,10316.75,24
20260303,59789000,13:36:29.000,PAUSED,PAUSED,order_action_limit,10326.0,10241.0,10411.0,10316.75,24
20260303,59790000,13:36:30.000,PAUSED,PAUSED,order_action_limit,10326.0,10241.0,10411.0,10316.75,22
20260303,59791000,13:36:31.000,PAUSED,PAUSED,order_action_limit,10326.0,10241.0,10411.0,10316.25,21
20260303,59792000,13:36:32.000,PAUSED,PAUSED,order_action_limit,10326.0,10241.0,10411.0,10316.75,20
20260303,59793000,13:36:33.000,PAUSED,FLAT_QUOTING,fair_recovered,10317.0,10232.0,10402.0,10316.75,18
20260303,59794000,13:36:34.000,FLAT_QUOTING,LONG_PENDING_HEDGE,target_fill,10317.0,10232.0,10402.0,10318.5,21
20260303,59795000,13:36:35.000,LONG_PENDING_HEDGE,HEDGED_POSITION,hedge_fill,10317.0,10232.0,10402.0,10320.25,22
20260303,59796000,13:36:36.000,HEDGED_POSITION,FLATTENING,reversion_exit,10317.0,10232.0,10402.0,10319.75,22
20260303,59796000,13:36:36.000,FLATTENING,COOLDOWN,reversion_exit,10317.0,10232.0,10402.0,10319.75,24
20260303,59798000,13:36:38.000,COOLDOWN,PAUSED,order_action_limit,10317.0,10232.0,10402.0,10320.5,22
20260303,59799000,13:36:39.000,PAUSED,PAUSED,order_action_limit,10317.0,10232.0,10402.0,10323.5,21
20260303,59800000,13:36:40.000,PAUSED,PAUSED,order_action_limit,10317.0,10232.0,10402.0,10323.75,20
20260303,59801000,13:36:41.000,PAUSED,PAUSED,order_action_limit,10317.0,10232.0,10402.0,10323.75,20
20260303,59827000,13:37:07.000,PAUSED,FLAT_QUOTING,fair_recovered,10329.0,10244.0,10414.0,10329.0,6
20260303,59828000,13:37:08.000,FLAT_QUOTING,LONG_PENDING_HEDGE,target_fill,10329.0,10244.0,10414.0,10327.75,9
20260303,59829000,13:37:09.000,LONG_PENDING_HEDGE,HEDGED_POSITION,hedge_fill,10329.0,10244.0,10414.0,10322.0,10
20260303,59830000,13:37:10.000,HEDGED_POSITION,FLATTENING,reversion_exit,10329.0,10244.0,10414.0,10322.5,10
20260303,59830000,13:37:10.000,FLATTENING,COOLDOWN,reversion_exit,10329.0,10244.0,10414.0,10322.5,12
20260303,59832000,13:37:12.000,COOLDOWN,FLAT_QUOTING,fair_recovered,10324.0,10239.0,10409.0,10324.5,12
20260303,59833000,13:37:13.000,FLAT_QUOTING,LONG_PENDING_HEDGE,target_fill,10324.0,10239.0,10409.0,10324.5,15
20260303,59834000,13:37:14.000,LONG_PENDING_HEDGE,HEDGED_POSITION,hedge_fill,10324.0,10239.0,10409.0,10324.75,16
20260303,59835000,13:37:15.000,HEDGED_POSITION,FLATTENING,reference_invalid_exit,10324.0,10239.0,10409.0,,16
20260303,59835000,13:37:15.000,FLATTENING,COOLDOWN,reference_invalid_exit,10324.0,10239.0,10409.0,,18
20260303,59837000,13:37:17.000,COOLDOWN,FLAT_QUOTING,fair_recovered,10320.0,10235.0,10405.0,10319.75,18
20260303,59838000,13:37:18.000,FLAT_QUOTING,LONG_PENDING_HEDGE,target_fill,10320.0,10235.0,10405.0,10319.0,21
20260303,59839000,13:37:19.000,LONG_PENDING_HEDGE,HEDGED_POSITION,hedge_fill,10320.0,10235.0,10405.0,10315.0,22
20260303,59840000,13:37:20.000,HEDGED_POSITION,FLATTENING,reference_invalid_exit,10320.0,10235.0,10405.0,10317.75,22
20260303,59840000,13:37:20.000,FLATTENING,COOLDOWN,reference_invalid_exit,10320.0,10235.0,10405.0,10317.75,24
20260303,59842000,13:37:22.000,COOLDOWN,PAUSED,order_action_limit,10320.0,10235.0,10405.0,10319.5,24
20260303,59843000,13:37:23.000,PAUSED,PAUSED,order_action_limit,10320.0,10235.0,10405.0,10319.75,24
20260303,59844000,13:37:24.000,PAUSED,PAUSED,order_action_limit,10320.0,10235.0,10405.0,10317.75,24
20260303,59845000,13:37:25.000,PAUSED,PAUSED,order_action_limit,10320.0,10235.0,10405.0,10317.0,24
20260303,59846000,13:37:26.000,PAUSED,PAUSED,order_action_limit,10320.0,10235.0,10405.0,10315.125,24
20260303,59847000,13:37:27.000,PAUSED,PAUSED,order_action_limit,10320.0,10235.0,10405.0,10317.5,24
20260303,59848000,13:37:28.000,PAUSED,PAUSED,order_action_limit,10320.0,10235.0,10405.0,10321.0,24
20260303,59849000,13:37:29.000,PAUSED,PAUSED,order_action_limit,10320.0,10235.0,10405.0,10323.25,24
20260303,59850000,13:37:30.000,PAUSED,PAUSED,order_action_limit,10320.0,10235.0,10405.0,10322.75,24
20260303,59851000,13:37:31.000,PAUSED,PAUSED,order_action_limit,10320.0,10235.0,10405.0,10324.0,24
20260303,59852000,13:37:32.000,PAUSED,PAUSED,order_action_limit,10320.0,10235.0,10405.0,10324.875,24
20260303,59853000,13:37:33.000,PAUSED,PAUSED,order_action_limit,10320.0,10235.0,10405.0,10322.75,22
20260303,59854000,13:37:34.000,PAUSED,PAUSED,order_action_limit,10320.0,10235.0,10405.0,10323.0,21
20260303,59857000,13:37:37.000,PAUSED,FLAT_QUOTING,fair_recovered,10318.0,10233.0,10403.0,10317.75,18
20260303,59858000,13:37:38.000,FLAT_QUOTING,LONG_PENDING_HEDGE,target_fill,10318.0,10233.0,10403.0,10322.25,21
20260303,59859000,13:37:39.000,LONG_PENDING_HEDGE,HEDGED_POSITION,hedge_fill,10318.0,10233.0,10403.0,10320.75,22
20260303,59860000,13:37:40.000,HEDGED_POSITION,FLATTENING,reversion_exit,10318.0,10233.0,10403.0,10322.0,22
20260303,59860000,13:37:40.000,FLATTENING,COOLDOWN,reversion_exit,10318.0,10233.0,10403.0,10322.0,24
20260303,59862000,13:37:42.000,COOLDOWN,PAUSED,order_action_limit,10318.0,10233.0,10403.0,10322.25,24
20260303,59863000,13:37:43.000,PAUSED,PAUSED,order_action_limit,10318.0,10233.0,10403.0,10322.5,24
20260303,59864000,13:37:44.000,PAUSED,PAUSED,order_action_limit,10318.0,10233.0,10403.0,10320.5,24
20260303,59865000,13:37:45.000,PAUSED,PAUSED,order_action_limit,10318.0,10233.0,10403.0,10320.625,24
20260303,59866000,13:37:46.000,PAUSED,PAUSED,order_action_limit,10318.0,10233.0,10403.0,10320.5,24
20260303,59867000,13:37:47.000,PAUSED,PAUSED,order_action_limit,10318.0,10233.0,10403.0,10322.25,24
20260303,59868000,13:37:48.000,PAUSED,PAUSED,order_action_limit,10318.0,10233.0,10403.0,10326.0,24
20260303,59869000,13:37:49.000,PAUSED,PAUSED,order_action_limit,10318.0,10233.0,10403.0,10325.625,24
20260303,59870000,13:37:50.000,PAUSED,PAUSED,order_action_limit,10318.0,10233.0,10403.0,10327.875,24
20260303,59871000,13:37:51.000,PAUSED,PAUSED,order_action_limit,10318.0,10233.0,10403.0,10327.375,24
20260303,59872000,13:37:52.000,PAUSED,PAUSED,order_action_limit,10318.0,10233.0,10403.0,10329.0,24
20260303,59873000,13:37:53.000,PAUSED,PAUSED,order_action_limit,10318.0,10233.0,10403.0,10328.0,24
20260303,59874000,13:37:54.000,PAUSED,PAUSED,order_action_limit,10318.0,10233.0,10403.0,10327.0,24
20260303,59875000,13:37:55.000,PAUSED,PAUSED,order_action_limit,10318.0,10233.0,10403.0,10327.0,24
20260303,59876000,13:37:56.000,PAUSED,PAUSED,order_action_limit,10318.0,10233.0,10403.0,10327.0,24
20260303,59877000,13:37:57.000,PAUSED,PAUSED,order_action_limit,10318.0,10233.0,10403.0,10326.75,24
20260303,59878000,13:37:58.000,PAUSED,PAUSED,order_action_limit,10318.0,10233.0,10403.0,10327.25,24
20260303,59879000,13:37:59.000,PAUSED,PAUSED,order_action_limit,10318.0,10233.0,10403.0,10326.375,24
20260303,59880000,13:38:00.000,PAUSED,PAUSED,order_action_limit,10318.0,10233.0,10403.0,10325.875,24
20260303,59881000,13:38:01.000,PAUSED,PAUSED,order_action_limit,10318.0,10233.0,10403.0,10325.375,24
20260303,59882000,13:38:02.000,PAUSED,PAUSED,order_action_limit,10318.0,10233.0,10403.0,10326.875,24
20260303,59883000,13:38:03.000,PAUSED,PAUSED,order_action_limit,10318.0,10233.0,10403.0,10327.0,24
20260303,59884000,13:38:04.000,PAUSED,PAUSED,order_action_limit,10318.0,10233.0,10403.0,10327.25,24
20260303,59885000,13:38:05.000,PAUSED,PAUSED,order_action_limit,10318.0,10233.0,10403.0,10327.125,24
20260303,59886000,13:38:06.000,PAUSED,PAUSED,order_action_limit,10318.0,10233.0,10403.0,10327.25,24
20260303,59887000,13:38:07.000,PAUSED,PAUSED,order_action_limit,10318.0,10233.0,10403.0,10327.5,22
20260303,59890000,13:38:10.000,PAUSED,FLAT_QUOTING,fair_recovered,10332.0,10247.0,10417.0,10332.375,18
20260303,59891000,13:38:11.000,FLAT_QUOTING,LONG_PENDING_HEDGE,target_fill,10332.0,10247.0,10417.0,,21
20260303,59892000,13:38:12.000,LONG_PENDING_HEDGE,HEDGED_POSITION,hedge_fill,10332.0,10247.0,10417.0,,20
20260303,59894000,13:38:14.000,HEDGED_POSITION,FLATTENING,reference_invalid_exit,10332.0,10247.0,10417.0,,18
20260303,59894000,13:38:14.000,FLATTENING,COOLDOWN,reference_invalid_exit,10332.0,10247.0,10417.0,,20
20260303,59895000,13:38:15.000,COOLDOWN,PAUSED,fair_invalid_or_session_guard,10332.0,10247.0,10417.0,,18
20260303,59909000,13:38:29.000,PAUSED,FLAT_QUOTING,fair_recovered,10340.0,10255.0,10425.0,10339.875,12
20260303,59910000,13:38:30.000,FLAT_QUOTING,LONG_PENDING_HEDGE,target_fill,10340.0,10255.0,10425.0,10340.25,15
20260303,59911000,13:38:31.000,LONG_PENDING_HEDGE,HEDGED_POSITION,hedge_fill,10340.0,10255.0,10425.0,10341.875,16
20260303,59912000,13:38:32.000,HEDGED_POSITION,FLATTENING,reversion_exit,10340.0,10255.0,10425.0,10342.75,16
20260303,59912000,13:38:32.000,FLATTENING,COOLDOWN,reversion_exit,10340.0,10255.0,10425.0,10342.75,18
20260303,59914000,13:38:34.000,COOLDOWN,FLAT_QUOTING,fair_recovered,10340.0,10255.0,10425.0,10340.25,18
20260303,59915000,13:38:35.000,FLAT_QUOTING,LONG_PENDING_HEDGE,target_fill,10340.0,10255.0,10425.0,10340.25,21
20260303,59916000,13:38:36.000,LONG_PENDING_HEDGE,HEDGED_POSITION,hedge_fill,10340.0,10255.0,10425.0,10337.75,22
20260303,59917000,13:38:37.000,HEDGED_POSITION,FLATTENING,reversion_exit,10340.0,10255.0,10425.0,10337.75,20
20260303,59917000,13:38:37.000,FLATTENING,COOLDOWN,reversion_exit,10340.0,10255.0,10425.0,10337.75,22
20260303,59919000,13:38:39.000,COOLDOWN,PAUSED,order_action_limit,10340.0,10255.0,10425.0,10341.0,20
20260303,59920000,13:38:40.000,PAUSED,FLAT_QUOTING,fair_recovered,10341.0,10256.0,10426.0,10341.0,18
20260303,59921000,13:38:41.000,FLAT_QUOTING,LONG_PENDING_HEDGE,target_fill,10341.0,10256.0,10426.0,10341.75,21
20260303,59922000,13:38:42.000,LONG_PENDING_HEDGE,HEDGED_POSITION,hedge_fill,10341.0,10256.0,10426.0,10342.5,22
20260303,59923000,13:38:43.000,HEDGED_POSITION,FLATTENING,reference_invalid_exit,10341.0,10256.0,10426.0,10344.625,22
20260303,59923000,13:38:43.000,FLATTENING,COOLDOWN,reference_invalid_exit,10341.0,10256.0,10426.0,10344.625,24
20260303,59925000,13:38:45.000,COOLDOWN,PAUSED,order_action_limit,10341.0,10256.0,10426.0,10339.75,24
20260303,59926000,13:38:46.000,PAUSED,PAUSED,order_action_limit,10341.0,10256.0,10426.0,10338.75,24
20260303,59927000,13:38:47.000,PAUSED,PAUSED,order_action_limit,10341.0,10256.0,10426.0,10339.75,24
20260303,59928000,13:38:48.000,PAUSED,PAUSED,order_action_limit,10341.0,10256.0,10426.0,10339.5,24
20260303,59929000,13:38:49.000,PAUSED,PAUSED,order_action_limit,10341.0,10256.0,10426.0,10341.25,24
20260303,59930000,13:38:50.000,PAUSED,PAUSED,order_action_limit,10341.0,10256.0,10426.0,10341.0,24
20260303,59931000,13:38:51.000,PAUSED,PAUSED,order_action_limit,10341.0,10256.0,10426.0,10339.5,24
20260303,59932000,13:38:52.000,PAUSED,PAUSED,order_action_limit,10341.0,10256.0,10426.0,10339.75,24
20260303,59933000,13:38:53.000,PAUSED,PAUSED,order_action_limit,10341.0,10256.0,10426.0,10336.75,24
20260303,59934000,13:38:54.000,PAUSED,PAUSED,order_action_limit,10341.0,10256.0,10426.0,10337.0,24
20260303,59935000,13:38:55.000,PAUSED,PAUSED,order_action_limit,10341.0,10256.0,10426.0,10335.25,24
20260303,59936000,13:38:56.000,PAUSED,PAUSED,order_action_limit,10341.0,10256.0,10426.0,10332.75,24
20260303,59937000,13:38:57.000,PAUSED,PAUSED,order_action_limit,10341.0,10256.0,10426.0,10332.625,24
20260303,59938000,13:38:58.000,PAUSED,PAUSED,order_action_limit,10341.0,10256.0,10426.0,10330.5,24
20260303,59939000,13:38:59.000,PAUSED,PAUSED,order_action_limit,10341.0,10256.0,10426.0,10330.5,24
20260303,59940000,13:39:00.000,PAUSED,PAUSED,order_action_limit,10341.0,10256.0,10426.0,10329.25,24
20260303,59941000,13:39:01.000,PAUSED,PAUSED,order_action_limit,10341.0,10256.0,10426.0,10327.875,24
20260303,59942000,13:39:02.000,PAUSED,PAUSED,order_action_limit,10341.0,10256.0,10426.0,10328.75,24
20260303,59943000,13:39:03.000,PAUSED,PAUSED,order_action_limit,10341.0,10256.0,10426.0,10328.75,24
20260303,59944000,13:39:04.000,PAUSED,PAUSED,order_action_limit,10341.0,10256.0,10426.0,10327.75,24
20260303,59945000,13:39:05.000,PAUSED,PAUSED,order_action_limit,10341.0,10256.0,10426.0,10328.125,24
20260303,59946000,13:39:06.000,PAUSED,PAUSED,order_action_limit,10341.0,10256.0,10426.0,10325.75,24
20260303,59947000,13:39:07.000,PAUSED,PAUSED,order_action_limit,10341.0,10256.0,10426.0,10325.0,24
20260303,59948000,13:39:08.000,PAUSED,PAUSED,order_action_limit,10341.0,10256.0,10426.0,10324.25,24
20260303,59949000,13:39:09.000,PAUSED,PAUSED,order_action_limit,10341.0,10256.0,10426.0,10322.5,24
20260303,59950000,13:39:10.000,PAUSED,PAUSED,order_action_limit,10341.0,10256.0,10426.0,10320.0,22
20260303,59951000,13:39:11.000,PAUSED,PAUSED,order_action_limit,10341.0,10256.0,10426.0,10320.75,21
20260303,59952000,13:39:12.000,PAUSED,PAUSED,order_action_limit,10341.0,10256.0,10426.0,10320.25,20
20260303,59953000,13:39:13.000,PAUSED,PAUSED,order_action_limit,10341.0,10256.0,10426.0,10319.25,20
20260303,59954000,13:39:14.000,PAUSED,FLAT_QUOTING,fair_recovered,10316.0,10231.0,10401.0,10316.5,18
20260303,59955000,13:39:15.000,FLAT_QUOTING,LONG_PENDING_HEDGE,target_fill,10316.0,10231.0,10401.0,10315.25,21
20260303,59956000,13:39:16.000,LONG_PENDING_HEDGE,HEDGED_POSITION,hedge_fill,10316.0,10231.0,10401.0,10317.25,22
20260303,59957000,13:39:17.000,HEDGED_POSITION,FLATTENING,reversion_exit,10316.0,10231.0,10401.0,10321.75,22
20260303,59957000,13:39:17.000,FLATTENING,COOLDOWN,reversion_exit,10316.0,10231.0,10401.0,10321.75,24
20260303,59959000,13:39:19.000,COOLDOWN,PAUSED,order_action_limit,10316.0,10231.0,10401.0,10319.875,24
20260303,59960000,13:39:20.000,PAUSED,PAUSED,order_action_limit,10316.0,10231.0,10401.0,10318.75,24
20260303,59961000,13:39:21.000,PAUSED,PAUSED,order_action_limit,10316.0,10231.0,10401.0,10320.0,24
20260303,59962000,13:39:22.000,PAUSED,PAUSED,order_action_limit,10316.0,10231.0,10401.0,10321.5,24
20260303,59963000,13:39:23.000,PAUSED,PAUSED,order_action_limit,10316.0,10231.0,10401.0,10321.75,24
20260303,59964000,13:39:24.000,PAUSED,PAUSED,order_action_limit,10316.0,10231.0,10401.0,10318.25,24
20260303,59965000,13:39:25.000,PAUSED,PAUSED,order_action_limit,10316.0,10231.0,10401.0,10317.0,24
20260303,59966000,13:39:26.000,PAUSED,PAUSED,order_action_limit,10316.0,10231.0,10401.0,10319.5,24
20260303,59967000,13:39:27.000,PAUSED,PAUSED,order_action_limit,10316.0,10231.0,10401.0,10319.0,24
20260303,59968000,13:39:28.000,PAUSED,PAUSED,order_action_limit,10316.0,10231.0,10401.0,10317.75,24
20260303,59969000,13:39:29.000,PAUSED,PAUSED,order_action_limit,10316.0,10231.0,10401.0,10317.75,22
20260303,59970000,13:39:30.000,PAUSED,PAUSED,order_action_limit,10316.0,10231.0,10401.0,10318.625,21
20260303,59971000,13:39:31.000,PAUSED,PAUSED,order_action_limit,10316.0,10231.0,10401.0,10321.25,20
20260303,59972000,13:39:32.000,PAUSED,FLAT_QUOTING,fair_recovered,10322.0,10237.0,10407.0,10322.5,18
20260303,59973000,13:39:33.000,FLAT_QUOTING,LONG_PENDING_HEDGE,target_fill,10322.0,10237.0,10407.0,10323.25,21
20260303,59974000,13:39:34.000,LONG_PENDING_HEDGE,HEDGED_POSITION,hedge_fill,10322.0,10237.0,10407.0,10323.25,20
20260303,59975000,13:39:35.000,HEDGED_POSITION,FLATTENING,reversion_exit,10322.0,10237.0,10407.0,10324.25,19
20260303,59975000,13:39:35.000,FLATTENING,COOLDOWN,reversion_exit,10322.0,10237.0,10407.0,10324.25,21
20260303,59977000,13:39:37.000,COOLDOWN,FLAT_QUOTING,fair_recovered,10328.0,10243.0,10413.0,10328.5,18
20260303,59978000,13:39:38.000,FLAT_QUOTING,LONG_PENDING_HEDGE,target_fill,10328.0,10243.0,10413.0,10328.75,21
20260303,59979000,13:39:39.000,LONG_PENDING_HEDGE,HEDGED_POSITION,hedge_fill,10328.0,10243.0,10413.0,10328.5,22
20260303,59980000,13:39:40.000,HEDGED_POSITION,FLATTENING,reversion_exit,10328.0,10243.0,10413.0,10324.5,20
20260303,59980000,13:39:40.000,FLATTENING,COOLDOWN,reversion_exit,10328.0,10243.0,10413.0,10324.5,22
20260303,59982000,13:39:42.000,COOLDOWN,PAUSED,order_action_limit,10328.0,10243.0,10413.0,10324.375,20
20260303,59983000,13:39:43.000,PAUSED,FLAT_QUOTING,fair_recovered,10324.0,10239.0,10409.0,10324.25,18
20260303,59984000,13:39:44.000,FLAT_QUOTING,LONG_PENDING_HEDGE,target_fill,10324.0,10239.0,10409.0,10324.25,21
20260303,59985000,13:39:45.000,LONG_PENDING_HEDGE,HEDGED_POSITION,hedge_fill,10324.0,10239.0,10409.0,10325.125,22
20260303,59986000,13:39:46.000,HEDGED_POSITION,FLATTENING,reversion_exit,10324.0,10239.0,10409.0,10325.5,22
20260303,59986000,13:39:46.000,FLATTENING,COOLDOWN,reversion_exit,10324.0,10239.0,10409.0,10325.5,24
20260303,59988000,13:39:48.000,COOLDOWN,PAUSED,order_action_limit,10324.0,10239.0,10409.0,10326.25,24
20260303,59989000,13:39:49.000,PAUSED,PAUSED,order_action_limit,10324.0,10239.0,10409.0,10325.75,24
20260303,59990000,13:39:50.000,PAUSED,PAUSED,order_action_limit,10324.0,10239.0,10409.0,10324.5,24
20260303,59991000,13:39:51.000,PAUSED,PAUSED,order_action_limit,10324.0,10239.0,10409.0,10324.5,24
20260303,59992000,13:39:52.000,PAUSED,PAUSED,order_action_limit,10324.0,10239.0,10409.0,10325.25,24
20260303,59993000,13:39:53.000,PAUSED,PAUSED,order_action_limit,10324.0,10239.0,10409.0,10325.25,24
20260303,59994000,13:39:54.000,PAUSED,PAUSED,order_action_limit,10324.0,10239.0,10409.0,10325.5,24
20260303,59995000,13:39:55.000,PAUSED,PAUSED,order_action_limit,10324.0,10239.0,10409.0,10326.25,24
20260303,59996000,13:39:56.000,PAUSED,PAUSED,order_action_limit,10324.0,10239.0,10409.0,10326.25,24
20260303,59997000,13:39:57.000,PAUSED,PAUSED,order_action_limit,10324.0,10239.0,10409.0,10326.0,24
20260303,60000000,13:40:00.000,PAUSED,PAUSED,order_action_limit,10324.0,10239.0,10409.0,10327.5,24
20260303,60001000,13:40:01.000,PAUSED,PAUSED,order_action_limit,10324.0,10239.0,10409.0,10328.5,24
20260303,60002000,13:40:02.000,PAUSED,PAUSED,order_action_limit,10324.0,10239.0,10409.0,10328.0,24
20260303,60003000,13:40:03.000,PAUSED,PAUSED,order_action_limit,10324.0,10239.0,10409.0,10331.5,24
20260303,60004000,13:40:04.000,PAUSED,PAUSED,order_action_limit,10324.0,10239.0,10409.0,10333.0,24
20260303,60028000,13:40:28.000,PAUSED,FLAT_QUOTING,fair_recovered,10334.0,10249.0,10419.0,10334.25,18
20260303,60029000,13:40:29.000,FLAT_QUOTING,LONG_PENDING_HEDGE,target_fill,10334.0,10249.0,10419.0,10335.25,21
20260303,60030000,13:40:30.000,LONG_PENDING_HEDGE,HEDGED_POSITION,hedge_fill,10334.0,10249.0,10419.0,10336.25,22
20260303,60031000,13:40:31.000,HEDGED_POSITION,FLATTENING,reference_invalid_exit,10334.0,10249.0,10419.0,10336.75,22
20260303,60031000,13:40:31.000,FLATTENING,COOLDOWN,reference_invalid_exit,10334.0,10249.0,10419.0,10336.75,24
20260303,60032000,13:40:32.000,COOLDOWN,PAUSED,fair_invalid_or_session_guard,10334.0,10249.0,10419.0,10337.0,22
20260303,60037000,13:40:37.000,PAUSED,FLAT_QUOTING,fair_recovered,10345.0,10260.0,10430.0,10344.875,16
20260303,60038000,13:40:38.000,FLAT_QUOTING,LONG_PENDING_HEDGE,target_fill,10345.0,10260.0,10430.0,10344.0,18
20260303,60039000,13:40:39.000,LONG_PENDING_HEDGE,HEDGED_POSITION,hedge_fill,10345.0,10260.0,10430.0,10345.75,18
20260303,60040000,13:40:40.000,HEDGED_POSITION,FLATTENING,reversion_exit,10345.0,10260.0,10430.0,10345.25,16
20260303,60040000,13:40:40.000,FLATTENING,COOLDOWN,reversion_exit,10345.0,10260.0,10430.0,10345.25,18
20260303,60042000,13:40:42.000,COOLDOWN,PAUSED,fair_invalid_or_session_guard,10345.0,10260.0,10430.0,10350.25,18
20260303,60089000,13:41:29.000,PAUSED,FLAT_QUOTING,fair_recovered,10340.0,10255.0,10425.0,10340.0,9
20260303,60090000,13:41:30.000,FLAT_QUOTING,LONG_PENDING_HEDGE,target_fill,10340.0,10255.0,10425.0,10341.0,11
20260303,60091000,13:41:31.000,LONG_PENDING_HEDGE,HEDGED_POSITION,hedge_fill,10340.0,10255.0,10425.0,10340.25,10
20260303,60092000,13:41:32.000,HEDGED_POSITION,FLATTENING,reference_invalid_exit,10340.0,10255.0,10425.0,10342.0,10
20260303,60092000,13:41:32.000,FLATTENING,COOLDOWN,reference_invalid_exit,10340.0,10255.0,10425.0,10342.0,12
20260303,60093000,13:41:33.000,COOLDOWN,PAUSED,fair_invalid_or_session_guard,10340.0,10255.0,10425.0,10342.5,12
20260303,60104000,13:41:44.000,PAUSED,FLAT_QUOTING,fair_recovered,10335.0,10250.0,10420.0,10335.0,6
20260303,60105000,13:41:45.000,FLAT_QUOTING,LONG_PENDING_HEDGE,target_fill,10335.0,10250.0,10420.0,10335.0,9
20260303,60106000,13:41:46.000,LONG_PENDING_HEDGE,HEDGED_POSITION,hedge_fill,10335.0,10250.0,10420.0,10335.625,10
20260303,60107000,13:41:47.000,HEDGED_POSITION,FLATTENING,reversion_exit,10335.0,10250.0,10420.0,10334.875,10
20260303,60107000,13:41:47.000,FLATTENING,COOLDOWN,reversion_exit,10335.0,10250.0,10420.0,10334.875,12
20260303,60109000,13:41:49.000,COOLDOWN,FLAT_QUOTING,fair_recovered,10334.0,10249.0,10419.0,10334.125,12
20260303,60110000,13:41:50.000,FLAT_QUOTING,LONG_PENDING_HEDGE,target_fill,10334.0,10249.0,10419.0,10334.625,15
20260303,60111000,13:41:51.000,LONG_PENDING_HEDGE,HEDGED_POSITION,hedge_fill,10334.0,10249.0,10419.0,10334.125,16
20260303,60112000,13:41:52.000,HEDGED_POSITION,FLATTENING,reversion_exit,10334.0,10249.0,10419.0,10333.375,16
20260303,60112000,13:41:52.000,FLATTENING,COOLDOWN,reversion_exit,10334.0,10249.0,10419.0,10333.375,18
20260303,60113000,13:41:53.000,COOLDOWN,PAUSED,fair_invalid_or_session_guard,10334.0,10249.0,10419.0,10331.625,18
20260303,60155000,13:42:35.000,PAUSED,FLAT_QUOTING,fair_recovered,10344.0,10259.0,10429.0,10343.75,12
20260303,60156000,13:42:36.000,FLAT_QUOTING,LONG_PENDING_HEDGE,target_fill,10344.0,10259.0,10429.0,10341.75,15
20260303,60157000,13:42:37.000,LONG_PENDING_HEDGE,HEDGED_POSITION,hedge_fill,10344.0,10259.0,10429.0,10340.75,16
20260303,60158000,13:42:38.000,HEDGED_POSITION,FLATTENING,reversion_exit,10344.0,10259.0,10429.0,10341.75,16
20260303,60158000,13:42:38.000,FLATTENING,COOLDOWN,reversion_exit,10344.0,10259.0,10429.0,10341.75,18
20260303,60160000,13:42:40.000,COOLDOWN,FLAT_QUOTING,fair_recovered,10343.0,10258.0,10428.0,10342.75,18
20260303,60161000,13:42:41.000,FLAT_QUOTING,LONG_PENDING_HEDGE,target_fill,10343.0,10258.0,10428.0,10344.25,21
20260303,60162000,13:42:42.000,LONG_PENDING_HEDGE,HEDGED_POSITION,hedge_fill,10343.0,10258.0,10428.0,10344.5,22
20260303,60163000,13:42:43.000,HEDGED_POSITION,FLATTENING,reversion_exit,10343.0,10258.0,10428.0,10345.0,22
20260303,60163000,13:42:43.000,FLATTENING,COOLDOWN,reversion_exit,10343.0,10258.0,10428.0,10345.0,24
20260303,60165000,13:42:45.000,COOLDOWN,PAUSED,order_action_limit,10343.0,10258.0,10428.0,10345.0,21
20260303,60166000,13:42:46.000,PAUSED,PAUSED,order_action_limit,10343.0,10258.0,10428.0,10345.25,20
20260303,60167000,13:42:47.000,PAUSED,FLAT_QUOTING,fair_recovered,10346.0,10261.0,10431.0,10346.25,18
20260303,60168000,13:42:48.000,FLAT_QUOTING,LONG_PENDING_HEDGE,target_fill,10346.0,10261.0,10431.0,10345.75,21
20260303,60169000,13:42:49.000,LONG_PENDING_HEDGE,HEDGED_POSITION,hedge_fill,10346.0,10261.0,10431.0,10346.5,20
20260303,60170000,13:42:50.000,HEDGED_POSITION,FLATTENING,reversion_exit,10346.0,10261.0,10431.0,10346.5,19
20260303,60170000,13:42:50.000,FLATTENING,COOLDOWN,reversion_exit,10346.0,10261.0,10431.0,10346.5,21
20260303,60172000,13:42:52.000,COOLDOWN,FLAT_QUOTING,fair_recovered,10348.0,10263.0,10433.0,10347.75,18
20260303,60173000,13:42:53.000,FLAT_QUOTING,LONG_PENDING_HEDGE,target_fill,10348.0,10263.0,10433.0,,21
20260303,60174000,13:42:54.000,LONG_PENDING_HEDGE,HEDGED_POSITION,hedge_fill,10348.0,10263.0,10433.0,10346.5,22
20260303,60175000,13:42:55.000,HEDGED_POSITION,FLATTENING,reversion_exit,10348.0,10263.0,10433.0,10347.25,22
20260303,60175000,13:42:55.000,FLATTENING,COOLDOWN,reversion_exit,10348.0,10263.0,10433.0,10347.25,24
20260303,60177000,13:42:57.000,COOLDOWN,PAUSED,order_action_limit,10348.0,10263.0,10433.0,10352.75,24
20260303,60178000,13:42:58.000,PAUSED,PAUSED,order_action_limit,10348.0,10263.0,10433.0,10355.5,24
20260303,60179000,13:42:59.000,PAUSED,PAUSED,order_action_limit,10348.0,10263.0,10433.0,10353.75,24
20260303,60180000,13:43:00.000,PAUSED,PAUSED,order_action_limit,10348.0,10263.0,10433.0,10351.625,24
20260303,60181000,13:43:01.000,PAUSED,PAUSED,order_action_limit,10348.0,10263.0,10433.0,10350.5,24
20260303,60182000,13:43:02.000,PAUSED,PAUSED,order_action_limit,10348.0,10263.0,10433.0,10348.875,24
20260303,60183000,13:43:03.000,PAUSED,PAUSED,order_action_limit,10348.0,10263.0,10433.0,10348.0,24
20260303,60184000,13:43:04.000,PAUSED,PAUSED,order_action_limit,10348.0,10263.0,10433.0,10347.75,24
20260303,60185000,13:43:05.000,PAUSED,PAUSED,order_action_limit,10348.0,10263.0,10433.0,10348.25,24
20260303,60186000,13:43:06.000,PAUSED,PAUSED,order_action_limit,10348.0,10263.0,10433.0,10348.25,24
20260303,60187000,13:43:07.000,PAUSED,PAUSED,order_action_limit,10348.0,10263.0,10433.0,10347.0,24
20260303,60188000,13:43:08.000,PAUSED,PAUSED,order_action_limit,10348.0,10263.0,10433.0,10347.25,24
20260303,60189000,13:43:09.000,PAUSED,PAUSED,order_action_limit,10348.0,10263.0,10433.0,10347.25,24
20260303,60190000,13:43:10.000,PAUSED,PAUSED,order_action_limit,10348.0,10263.0,10433.0,10349.25,24
20260303,60191000,13:43:11.000,PAUSED,PAUSED,order_action_limit,10348.0,10263.0,10433.0,10350.0,24
20260303,60192000,13:43:12.000,PAUSED,PAUSED,order_action_limit,10348.0,10263.0,10433.0,10350.0,24
20260303,60193000,13:43:13.000,PAUSED,PAUSED,order_action_limit,10348.0,10263.0,10433.0,10350.0,24
20260303,60194000,13:43:14.000,PAUSED,PAUSED,order_action_limit,10348.0,10263.0,10433.0,10350.25,24
20260303,60195000,13:43:15.000,PAUSED,PAUSED,order_action_limit,10348.0,10263.0,10433.0,10350.5,24
20260303,60198000,13:43:18.000,PAUSED,PAUSED,order_action_limit,10348.0,10263.0,10433.0,10347.5,24
20260303,60199000,13:43:19.000,PAUSED,PAUSED,order_action_limit,10348.0,10263.0,10433.0,10347.75,24
20260303,60200000,13:43:20.000,PAUSED,PAUSED,order_action_limit,10348.0,10263.0,10433.0,10350.0,24
20260303,60201000,13:43:21.000,PAUSED,PAUSED,order_action_limit,10348.0,10263.0,10433.0,10350.125,24
20260303,60202000,13:43:22.000,PAUSED,PAUSED,order_action_limit,10348.0,10263.0,10433.0,10347.75,24
20260303,60203000,13:43:23.000,PAUSED,PAUSED,order_action_limit,10348.0,10263.0,10433.0,10347.75,24
20260303,60204000,13:43:24.000,PAUSED,PAUSED,order_action_limit,10348.0,10263.0,10433.0,10349.125,24
20260303,60205000,13:43:25.000,PAUSED,PAUSED,order_action_limit,10348.0,10263.0,10433.0,10350.5,24
20260303,60206000,13:43:26.000,PAUSED,PAUSED,order_action_limit,10348.0,10263.0,10433.0,10348.75,24
20260303,60207000,13:43:27.000,PAUSED,PAUSED,order_action_limit,10348.0,10263.0,10433.0,10348.75,24
20260303,60208000,13:43:28.000,PAUSED,PAUSED,order_action_limit,10348.0,10263.0,10433.0,10347.625,24
20260303,60209000,13:43:29.000,PAUSED,PAUSED,order_action_limit,10348.0,10263.0,10433.0,10350.0,24
20260303,60210000,13:43:30.000,PAUSED,PAUSED,order_action_limit,10348.0,10263.0,10433.0,10351.125,24
20260303,60211000,13:43:31.000,PAUSED,PAUSED,order_action_limit,10348.0,10263.0,10433.0,10352.25,24
20260303,60212000,13:43:32.000,PAUSED,PAUSED,order_action_limit,10348.0,10263.0,10433.0,10352.375,24
20260303,60215000,13:43:35.000,PAUSED,PAUSED,order_action_limit,10348.0,10263.0,10433.0,10348.25,22
20260303,60216000,13:43:36.000,PAUSED,PAUSED,order_action_limit,10348.0,10263.0,10433.0,10348.5,21
20260303,60217000,13:43:37.000,PAUSED,PAUSED,order_action_limit,10348.0,10263.0,10433.0,10347.0,20
20260303,60218000,13:43:38.000,PAUSED,FLAT_QUOTING,fair_recovered,10347.0,10262.0,10432.0,10347.25,18
20260303,60219000,13:43:39.000,FLAT_QUOTING,LONG_PENDING_HEDGE,target_fill,10347.0,10262.0,10432.0,10347.375,21
20260303,60220000,13:43:40.000,LONG_PENDING_HEDGE,HEDGED_POSITION,hedge_fill,10347.0,10262.0,10432.0,10347.0,20
20260303,60221000,13:43:41.000,HEDGED_POSITION,FLATTENING,reference_invalid_exit,10347.0,10262.0,10432.0,,19
20260303,60221000,13:43:41.000,FLATTENING,COOLDOWN,reference_invalid_exit,10347.0,10262.0,10432.0,,21
20260303,60222000,13:43:42.000,COOLDOWN,PAUSED,fair_invalid_or_session_guard,10347.0,10262.0,10432.0,,20
20260303,60224000,13:43:44.000,PAUSED,FLAT_QUOTING,fair_recovered,10348.0,10263.0,10433.0,10348.5,18
20260303,60225000,13:43:45.000,FLAT_QUOTING,LONG_PENDING_HEDGE,target_fill,10348.0,10263.0,10433.0,10349.0,21
20260303,60226000,13:43:46.000,LONG_PENDING_HEDGE,HEDGED_POSITION,hedge_fill,10348.0,10263.0,10433.0,10349.75,22
20260303,60227000,13:43:47.000,HEDGED_POSITION,FLATTENING,reversion_exit,10348.0,10263.0,10433.0,10349.25,20
20260303,60227000,13:43:47.000,FLATTENING,COOLDOWN,reversion_exit,10348.0,10263.0,10433.0,10349.25,22
20260303,60229000,13:43:49.000,COOLDOWN,PAUSED,order_action_limit,10348.0,10263.0,10433.0,10348.75,20
20260303,60230000,13:43:50.000,PAUSED,FLAT_QUOTING,fair_recovered,10349.0,10264.0,10434.0,10348.75,18
20260303,60231000,13:43:51.000,FLAT_QUOTING,LONG_PENDING_HEDGE,target_fill,10349.0,10264.0,10434.0,10348.75,21
20260303,60232000,13:43:52.000,LONG_PENDING_HEDGE,EMERGENCY_FLATTEN,hedge_quote_timeout,10349.0,10264.0,10434.0,,20
20260303,60232000,13:43:52.000,EMERGENCY_FLATTEN,COOLDOWN,hedge_failure_exit,10349.0,10264.0,10434.0,,21
20260303,60233000,13:43:53.000,COOLDOWN,PAUSED,fair_invalid_or_session_guard,10349.0,10264.0,10434.0,,20
20260303,60239000,13:43:59.000,PAUSED,FLAT_QUOTING,fair_recovered,10348.0,10263.0,10433.0,10347.75,17
20260303,60240000,13:44:00.000,FLAT_QUOTING,LONG_PENDING_HEDGE,target_fill,10348.0,10263.0,10433.0,,20
20260303,60241000,13:44:01.000,LONG_PENDING_HEDGE,HEDGED_POSITION,hedge_fill,10348.0,10263.0,10433.0,10350.25,21
20260303,60242000,13:44:02.000,HEDGED_POSITION,FLATTENING,reference_invalid_exit,10348.0,10263.0,10433.0,10350.75,21
20260303,60242000,13:44:02.000,FLATTENING,COOLDOWN,reference_invalid_exit,10348.0,10263.0,10433.0,10350.75,23
20260303,60243000,13:44:03.000,COOLDOWN,PAUSED,fair_invalid_or_session_guard,10348.0,10263.0,10433.0,10352.0,23
20260303,60247000,13:44:07.000,PAUSED,PAUSED,order_action_limit,10348.0,10263.0,10433.0,10359.5,23
20260303,60248000,13:44:08.000,PAUSED,PAUSED,order_action_limit,10348.0,10263.0,10433.0,10359.75,23
20260303,60249000,13:44:09.000,PAUSED,PAUSED,order_action_limit,10348.0,10263.0,10433.0,10359.75,23
20260303,60250000,13:44:10.000,PAUSED,PAUSED,order_action_limit,10348.0,10263.0,10433.0,10361.75,23
20260303,60251000,13:44:11.000,PAUSED,PAUSED,order_action_limit,10348.0,10263.0,10433.0,10362.125,23
20260303,60252000,13:44:12.000,PAUSED,PAUSED,order_action_limit,10348.0,10263.0,10433.0,10362.25,23
20260303,60253000,13:44:13.000,PAUSED,PAUSED,order_action_limit,10348.0,10263.0,10433.0,10362.0,23
20260303,60254000,13:44:14.000,PAUSED,PAUSED,order_action_limit,10348.0,10263.0,10433.0,10360.375,23
20260303,60259000,13:44:19.000,PAUSED,PAUSED,order_action_limit,10348.0,10263.0,10433.0,10359.5,23
20260303,60260000,13:44:20.000,PAUSED,PAUSED,order_action_limit,10348.0,10263.0,10433.0,10359.0,23
20260303,60261000,13:44:21.000,PAUSED,PAUSED,order_action_limit,10348.0,10263.0,10433.0,10359.875,23
20260303,60262000,13:44:22.000,PAUSED,PAUSED,order_action_limit,10348.0,10263.0,10433.0,10360.0,23
20260303,60263000,13:44:23.000,PAUSED,PAUSED,order_action_limit,10348.0,10263.0,10433.0,10361.25,23
20260303,60264000,13:44:24.000,PAUSED,PAUSED,order_action_limit,10348.0,10263.0,10433.0,10360.0,23
20260303,60265000,13:44:25.000,PAUSED,PAUSED,order_action_limit,10348.0,10263.0,10433.0,10360.0,23
20260303,60266000,13:44:26.000,PAUSED,PAUSED,order_action_limit,10348.0,10263.0,10433.0,10360.0,23
20260303,60267000,13:44:27.000,PAUSED,PAUSED,order_action_limit,10348.0,10263.0,10433.0,10361.5,23
20260303,60268000,13:44:28.000,PAUSED,PAUSED,order_action_limit,10348.0,10263.0,10433.0,10362.375,23
20260303,60269000,13:44:29.000,PAUSED,PAUSED,order_action_limit,10348.0,10263.0,10433.0,10363.0,23
20260303,60270000,13:44:30.000,PAUSED,PAUSED,order_action_limit,10348.0,10263.0,10433.0,10362.5,23
20260303,60271000,13:44:31.000,PAUSED,PAUSED,order_action_limit,10348.0,10263.0,10433.0,10362.5,23
20260303,60272000,13:44:32.000,PAUSED,PAUSED,order_action_limit,10348.0,10263.0,10433.0,10363.5,23
20260303,60273000,13:44:33.000,PAUSED,PAUSED,order_action_limit,10348.0,10263.0,10433.0,10363.5,23
20260303,60274000,13:44:34.000,PAUSED,PAUSED,order_action_limit,10348.0,10263.0,10433.0,10364.0,23
20260303,60275000,13:44:35.000,PAUSED,PAUSED,order_action_limit,10348.0,10263.0,10433.0,10362.25,23
20260303,60276000,13:44:36.000,PAUSED,PAUSED,order_action_limit,10348.0,10263.0,10433.0,10362.0,23
20260303,60277000,13:44:37.000,PAUSED,PAUSED,order_action_limit,10348.0,10263.0,10433.0,10361.75,23
20260303,60278000,13:44:38.000,PAUSED,PAUSED,order_action_limit,10348.0,10263.0,10433.0,10361.75,21
20260303,60279000,13:44:39.000,PAUSED,PAUSED,order_action_limit,10348.0,10263.0,10433.0,10362.0,20
20260303,60280000,13:44:40.000,PAUSED,PAUSED,order_action_limit,10348.0,10263.0,10433.0,10362.625,19
20260303,60281000,13:44:41.000,PAUSED,FLAT_QUOTING,fair_recovered,10362.0,10277.0,10447.0,10362.5,17
20260303,60282000,13:44:42.000,FLAT_QUOTING,LONG_PENDING_HEDGE,target_fill,10362.0,10277.0,10447.0,10362.25,20
20260303,60283000,13:44:43.000,LONG_PENDING_HEDGE,HEDGED_POSITION,hedge_fill,10362.0,10277.0,10447.0,10362.0,21
20260303,60284000,13:44:44.000,HEDGED_POSITION,FLATTENING,reversion_exit,10362.0,10277.0,10447.0,10362.25,19
20260303,60284000,13:44:44.000,FLATTENING,COOLDOWN,reversion_exit,10362.0,10277.0,10447.0,10362.25,21
20260303,60286000,13:44:46.000,COOLDOWN,PAUSED,order_action_limit,10362.0,10277.0,10447.0,10362.75,19
20260303,60287000,13:44:47.000,PAUSED,FLAT_QUOTING,fair_recovered,10363.0,10278.0,10448.0,10363.25,17
20260303,60288000,13:44:48.000,FLAT_QUOTING,LONG_PENDING_HEDGE,target_fill,10363.0,10278.0,10448.0,,20
20260303,60289000,13:44:49.000,LONG_PENDING_HEDGE,HEDGED_POSITION,hedge_fill,10363.0,10278.0,10448.0,,21
20260303,60290000,13:44:50.000,HEDGED_POSITION,FLATTENING,reference_invalid_exit,10363.0,10278.0,10448.0,,19
20260303,60290000,13:44:50.000,FLATTENING,COOLDOWN,reference_invalid_exit,10363.0,10278.0,10448.0,,21
20260303,60291000,13:44:51.000,COOLDOWN,PAUSED,fair_invalid_or_session_guard,10363.0,10278.0,10448.0,,20
20260303,60298000,13:44:58.000,PAUSED,FLAT_QUOTING,fair_recovered,10363.0,10278.0,10448.0,10363.0,18
20260303,60299000,13:44:59.000,FLAT_QUOTING,LONG_PENDING_HEDGE,target_fill,10363.0,10278.0,10448.0,10363.0,19
20260303,60300000,13:45:00.000,LONG_PENDING_HEDGE,HEDGED_POSITION,hedge_fill,10363.0,10278.0,10448.0,10363.0,19
20260303,60301000,13:45:01.000,HEDGED_POSITION,FLATTENING,reversion_exit,10363.0,10278.0,10448.0,10363.75,18
20260303,60301000,13:45:01.000,FLATTENING,COOLDOWN,reversion_exit,10363.0,10278.0,10448.0,10363.75,20
20260303,60303000,13:45:03.000,COOLDOWN,FLAT_QUOTING,fair_recovered,10363.0,10278.0,10448.0,10362.625,18
20260303,60304000,13:45:04.000,FLAT_QUOTING,LONG_PENDING_HEDGE,target_fill,10363.0,10278.0,10448.0,10362.0,21
20260303,60305000,13:45:05.000,LONG_PENDING_HEDGE,HEDGED_POSITION,hedge_fill,10363.0,10278.0,10448.0,10359.75,22
20260303,60306000,13:45:06.000,HEDGED_POSITION,FLATTENING,reversion_exit,10363.0,10278.0,10448.0,10359.0,22
20260303,60306000,13:45:06.000,FLATTENING,COOLDOWN,reversion_exit,10363.0,10278.0,10448.0,10359.0,24
20260303,60308000,13:45:08.000,COOLDOWN,PAUSED,order_action_limit,10363.0,10278.0,10448.0,10357.25,24
20260303,60309000,13:45:09.000,PAUSED,PAUSED,order_action_limit,10363.0,10278.0,10448.0,10356.5,24
20260303,60310000,13:45:10.000,PAUSED,PAUSED,order_action_limit,10363.0,10278.0,10448.0,10356.25,24
20260303,60311000,13:45:11.000,PAUSED,PAUSED,order_action_limit,10363.0,10278.0,10448.0,10354.875,24
20260303,60312000,13:45:12.000,PAUSED,PAUSED,order_action_limit,10363.0,10278.0,10448.0,10354.25,24
20260303,60313000,13:45:13.000,PAUSED,PAUSED,order_action_limit,10363.0,10278.0,10448.0,10354.0,24
20260303,60314000,13:45:14.000,PAUSED,PAUSED,order_action_limit,10363.0,10278.0,10448.0,10353.75,24
20260303,60315000,13:45:15.000,PAUSED,PAUSED,order_action_limit,10363.0,10278.0,10448.0,10353.625,24
20260303,60316000,13:45:16.000,PAUSED,PAUSED,order_action_limit,10363.0,10278.0,10448.0,10355.5,24
20260303,60317000,13:45:17.000,PAUSED,PAUSED,order_action_limit,10363.0,10278.0,10448.0,10356.5,24
20260303,60318000,13:45:18.000,PAUSED,PAUSED,order_action_limit,10363.0,10278.0,10448.0,10357.0,24
20260303,60319000,13:45:19.000,PAUSED,PAUSED,order_action_limit,10363.0,10278.0,10448.0,10357.125,24
20260303,60320000,13:45:20.000,PAUSED,PAUSED,order_action_limit,10363.0,10278.0,10448.0,10357.0,24
20260303,60321000,13:45:21.000,PAUSED,PAUSED,order_action_limit,10363.0,10278.0,10448.0,10356.25,24
20260303,60322000,13:45:22.000,PAUSED,PAUSED,order_action_limit,10363.0,10278.0,10448.0,10356.0,24
20260303,60323000,13:45:23.000,PAUSED,PAUSED,order_action_limit,10363.0,10278.0,10448.0,10355.0,24
20260303,60324000,13:45:24.000,PAUSED,PAUSED,order_action_limit,10363.0,10278.0,10448.0,10355.75,24
20260303,60325000,13:45:25.000,PAUSED,PAUSED,order_action_limit,10363.0,10278.0,10448.0,10356.25,24
20260303,60326000,13:45:26.000,PAUSED,PAUSED,order_action_limit,10363.0,10278.0,10448.0,10356.75,24
20260303,60327000,13:45:27.000,PAUSED,PAUSED,order_action_limit,10363.0,10278.0,10448.0,10356.75,24
20260303,60328000,13:45:28.000,PAUSED,PAUSED,order_action_limit,10363.0,10278.0,10448.0,10357.25,24
20260303,60329000,13:45:29.000,PAUSED,PAUSED,order_action_limit,10363.0,10278.0,10448.0,10358.75,24
20260303,60330000,13:45:30.000,PAUSED,PAUSED,order_action_limit,10363.0,10278.0,10448.0,10358.5,24
20260303,60331000,13:45:31.000,PAUSED,PAUSED,order_action_limit,10363.0,10278.0,10448.0,10361.0,24
20260303,60332000,13:45:32.000,PAUSED,PAUSED,order_action_limit,10363.0,10278.0,10448.0,10361.0,24
20260303,60333000,13:45:33.000,PAUSED,PAUSED,order_action_limit,10363.0,10278.0,10448.0,10361.0,24
20260303,60334000,13:45:34.000,PAUSED,PAUSED,order_action_limit,10363.0,10278.0,10448.0,10361.0,24
20260303,60335000,13:45:35.000,PAUSED,PAUSED,order_action_limit,10363.0,10278.0,10448.0,10361.75,24
20260303,60336000,13:45:36.000,PAUSED,PAUSED,order_action_limit,10363.0,10278.0,10448.0,10360.25,24
20260303,60337000,13:45:37.000,PAUSED,PAUSED,order_action_limit,10363.0,10278.0,10448.0,10360.25,24
20260303,60338000,13:45:38.000,PAUSED,PAUSED,order_action_limit,10363.0,10278.0,10448.0,10360.0,24
20260303,60339000,13:45:39.000,PAUSED,PAUSED,order_action_limit,10363.0,10278.0,10448.0,10361.25,24
20260303,60340000,13:45:40.000,PAUSED,PAUSED,order_action_limit,10363.0,10278.0,10448.0,10362.75,24
20260303,60341000,13:45:41.000,PAUSED,PAUSED,order_action_limit,10363.0,10278.0,10448.0,10363.25,22
20260303,60342000,13:45:42.000,PAUSED,PAUSED,order_action_limit,10363.0,10278.0,10448.0,10362.875,21
20260303,60343000,13:45:43.000,PAUSED,PAUSED,order_action_limit,10363.0,10278.0,10448.0,10364.25,20
20260303,60344000,13:45:44.000,PAUSED,FLAT_QUOTING,fair_recovered,10363.0,10278.0,10448.0,10363.25,18
20260303,60345000,13:45:45.000,FLAT_QUOTING,LONG_PENDING_HEDGE,target_fill,10363.0,10278.0,10448.0,10359.75,21
20260303,60346000,13:45:46.000,LONG_PENDING_HEDGE,HEDGED_POSITION,hedge_fill,10363.0,10278.0,10448.0,10357.75,22
20260303,60347000,13:45:47.000,HEDGED_POSITION,FLATTENING,reversion_exit,10363.0,10278.0,10448.0,10355.5,20
20260303,60347000,13:45:47.000,FLATTENING,COOLDOWN,reversion_exit,10363.0,10278.0,10448.0,10355.5,22
20260303,60349000,13:45:49.000,COOLDOWN,PAUSED,order_action_limit,10363.0,10278.0,10448.0,10355.75,20
20260303,60350000,13:45:50.000,PAUSED,FLAT_QUOTING,fair_recovered,10356.0,10271.0,10441.0,10355.75,18
20260303,60351000,13:45:51.000,FLAT_QUOTING,LONG_PENDING_HEDGE,target_fill,10356.0,10271.0,10441.0,10354.375,21
20260303,60352000,13:45:52.000,LONG_PENDING_HEDGE,HEDGED_POSITION,hedge_fill,10356.0,10271.0,10441.0,10354.25,22
20260303,60353000,13:45:53.000,HEDGED_POSITION,FLATTENING,reversion_exit,10356.0,10271.0,10441.0,10355.25,22
20260303,60353000,13:45:53.000,FLATTENING,COOLDOWN,reversion_exit,10356.0,10271.0,10441.0,10355.25,24
20260303,60355000,13:45:55.000,COOLDOWN,PAUSED,order_action_limit,10356.0,10271.0,10441.0,10356.5,24
20260303,60356000,13:45:56.000,PAUSED,PAUSED,order_action_limit,10356.0,10271.0,10441.0,10356.75,24
20260303,60371000,13:46:11.000,PAUSED,FLAT_QUOTING,fair_recovered,10359.0,10274.0,10444.0,10359.25,12
20260303,60372000,13:46:12.000,FLAT_QUOTING,LONG_PENDING_HEDGE,target_fill,10359.0,10274.0,10444.0,10359.25,15
20260303,60373000,13:46:13.000,LONG_PENDING_HEDGE,HEDGED_POSITION,hedge_fill,10359.0,10274.0,10444.0,,16
20260303,60374000,13:46:14.000,HEDGED_POSITION,FLATTENING,reference_invalid_exit,10359.0,10274.0,10444.0,,16
20260303,60374000,13:46:14.000,FLATTENING,COOLDOWN,reference_invalid_exit,10359.0,10274.0,10444.0,,18
20260303,60376000,13:46:16.000,COOLDOWN,FLAT_QUOTING,fair_recovered,10358.0,10273.0,10443.0,10357.75,18
20260303,60377000,13:46:17.000,FLAT_QUOTING,LONG_PENDING_HEDGE,target_fill,10358.0,10273.0,10443.0,10358.0,21
20260303,60378000,13:46:18.000,LONG_PENDING_HEDGE,HEDGED_POSITION,hedge_fill,10358.0,10273.0,10443.0,10357.75,22
20260303,60379000,13:46:19.000,HEDGED_POSITION,FLATTENING,reversion_exit,10358.0,10273.0,10443.0,10357.75,22
20260303,60379000,13:46:19.000,FLATTENING,COOLDOWN,reversion_exit,10358.0,10273.0,10443.0,10357.75,24
20260303,60381000,13:46:21.000,COOLDOWN,PAUSED,order_action_limit,10358.0,10273.0,10443.0,10358.75,24
20260303,60382000,13:46:22.000,PAUSED,PAUSED,order_action_limit,10358.0,10273.0,10443.0,10358.75,24
20260303,60383000,13:46:23.000,PAUSED,PAUSED,order_action_limit,10358.0,10273.0,10443.0,10358.5,24
20260303,60384000,13:46:24.000,PAUSED,PAUSED,order_action_limit,10358.0,10273.0,10443.0,10359.5,24
20260303,60385000,13:46:25.000,PAUSED,PAUSED,order_action_limit,10358.0,10273.0,10443.0,10360.25,24
20260303,60386000,13:46:26.000,PAUSED,PAUSED,order_action_limit,10358.0,10273.0,10443.0,10359.25,24
20260303,60387000,13:46:27.000,PAUSED,PAUSED,order_action_limit,10358.0,10273.0,10443.0,10359.0,24
20260303,60388000,13:46:28.000,PAUSED,PAUSED,order_action_limit,10358.0,10273.0,10443.0,10358.75,24
20260303,60389000,13:46:29.000,PAUSED,PAUSED,order_action_limit,10358.0,10273.0,10443.0,10359.25,24
20260303,60390000,13:46:30.000,PAUSED,PAUSED,order_action_limit,10358.0,10273.0,10443.0,10360.25,24
20260303,60391000,13:46:31.000,PAUSED,PAUSED,order_action_limit,10358.0,10273.0,10443.0,10359.0,24
20260303,60392000,13:46:32.000,PAUSED,PAUSED,order_action_limit,10358.0,10273.0,10443.0,10359.0,24
20260303,60393000,13:46:33.000,PAUSED,PAUSED,order_action_limit,10358.0,10273.0,10443.0,10359.0,24
20260303,60394000,13:46:34.000,PAUSED,PAUSED,order_action_limit,10358.0,10273.0,10443.0,10358.75,24
20260303,60395000,13:46:35.000,PAUSED,PAUSED,order_action_limit,10358.0,10273.0,10443.0,10359.0,24
20260303,60396000,13:46:36.000,PAUSED,PAUSED,order_action_limit,10358.0,10273.0,10443.0,10358.25,24
20260303,60397000,13:46:37.000,PAUSED,PAUSED,order_action_limit,10358.0,10273.0,10443.0,10359.0,24
20260303,60398000,13:46:38.000,PAUSED,PAUSED,order_action_limit,10358.0,10273.0,10443.0,10359.875,24
20260303,60399000,13:46:39.000,PAUSED,PAUSED,order_action_limit,10358.0,10273.0,10443.0,10358.75,24
20260303,60400000,13:46:40.000,PAUSED,PAUSED,order_action_limit,10358.0,10273.0,10443.0,10358.25,24
20260303,60401000,13:46:41.000,PAUSED,PAUSED,order_action_limit,10358.0,10273.0,10443.0,10359.0,24
20260303,60402000,13:46:42.000,PAUSED,PAUSED,order_action_limit,10358.0,10273.0,10443.0,10359.0,24
20260303,60403000,13:46:43.000,PAUSED,PAUSED,order_action_limit,10358.0,10273.0,10443.0,10359.25,24
20260303,60404000,13:46:44.000,PAUSED,PAUSED,order_action_limit,10358.0,10273.0,10443.0,10358.25,22
20260303,60405000,13:46:45.000,PAUSED,PAUSED,order_action_limit,10358.0,10273.0,10443.0,10358.25,21
20260303,60406000,13:46:46.000,PAUSED,PAUSED,order_action_limit,10358.0,10273.0,10443.0,10358.25,20
20260303,60407000,13:46:47.000,PAUSED,FLAT_QUOTING,fair_recovered,10358.0,10273.0,10443.0,10358.5,18
20260303,60408000,13:46:48.000,FLAT_QUOTING,LONG_PENDING_HEDGE,target_fill,10358.0,10273.0,10443.0,10358.25,21
20260303,60409000,13:46:49.000,LONG_PENDING_HEDGE,HEDGED_POSITION,hedge_fill,10358.0,10273.0,10443.0,10357.625,22
20260303,60410000,13:46:50.000,HEDGED_POSITION,FLATTENING,reversion_exit,10358.0,10273.0,10443.0,10357.5,20
20260303,60410000,13:46:50.000,FLATTENING,COOLDOWN,reversion_exit,10358.0,10273.0,10443.0,10357.5,22
20260303,60412000,13:46:52.000,COOLDOWN,PAUSED,order_action_limit,10358.0,10273.0,10443.0,10356.0,20
20260303,60413000,13:46:53.000,PAUSED,FLAT_QUOTING,fair_recovered,10355.0,10270.0,10440.0,10355.0,18
20260303,60414000,13:46:54.000,FLAT_QUOTING,LONG_PENDING_HEDGE,target_fill,10355.0,10270.0,10440.0,10355.0,21
20260303,60415000,13:46:55.000,LONG_PENDING_HEDGE,HEDGED_POSITION,hedge_fill,10355.0,10270.0,10440.0,10354.0,22
20260303,60416000,13:46:56.000,HEDGED_POSITION,FLATTENING,reversion_exit,10355.0,10270.0,10440.0,10354.0,22
20260303,60416000,13:46:56.000,FLATTENING,COOLDOWN,reversion_exit,10355.0,10270.0,10440.0,10354.0,24
20260303,60418000,13:46:58.000,COOLDOWN,PAUSED,order_action_limit,10355.0,10270.0,10440.0,10354.25,24
20260303,60419000,13:46:59.000,PAUSED,PAUSED,order_action_limit,10355.0,10270.0,10440.0,10353.0,24
20260303,60420000,13:47:00.000,PAUSED,PAUSED,order_action_limit,10355.0,10270.0,10440.0,10353.25,24
20260303,60421000,13:47:01.000,PAUSED,PAUSED,order_action_limit,10355.0,10270.0,10440.0,10354.75,24
20260303,60422000,13:47:02.000,PAUSED,PAUSED,order_action_limit,10355.0,10270.0,10440.0,10358.125,24
20260303,60423000,13:47:03.000,PAUSED,PAUSED,order_action_limit,10355.0,10270.0,10440.0,10358.25,24
20260303,60424000,13:47:04.000,PAUSED,PAUSED,order_action_limit,10355.0,10270.0,10440.0,10359.0,24
20260303,60425000,13:47:05.000,PAUSED,PAUSED,order_action_limit,10355.0,10270.0,10440.0,10359.125,24
20260303,60426000,13:47:06.000,PAUSED,PAUSED,order_action_limit,10355.0,10270.0,10440.0,10359.25,24
20260303,60427000,13:47:07.000,PAUSED,PAUSED,order_action_limit,10355.0,10270.0,10440.0,10359.0,24
20260303,60428000,13:47:08.000,PAUSED,PAUSED,order_action_limit,10355.0,10270.0,10440.0,10359.25,24
20260303,60429000,13:47:09.000,PAUSED,PAUSED,order_action_limit,10355.0,10270.0,10440.0,10359.75,24
20260303,60430000,13:47:10.000,PAUSED,PAUSED,order_action_limit,10355.0,10270.0,10440.0,10359.75,24
20260303,60431000,13:47:11.000,PAUSED,PAUSED,order_action_limit,10355.0,10270.0,10440.0,10359.75,22
20260303,60432000,13:47:12.000,PAUSED,PAUSED,order_action_limit,10355.0,10270.0,10440.0,10356.875,21
20260303,60433000,13:47:13.000,PAUSED,PAUSED,order_action_limit,10355.0,10270.0,10440.0,10356.5,20
20260303,60434000,13:47:14.000,PAUSED,FLAT_QUOTING,fair_recovered,10356.0,10271.0,10441.0,10356.5,18
20260303,60436000,13:47:16.000,FLAT_QUOTING,LONG_PENDING_HEDGE,target_fill,10356.0,10271.0,10441.0,10356.75,19
20260303,60437000,13:47:17.000,LONG_PENDING_HEDGE,HEDGED_POSITION,hedge_fill,10356.0,10271.0,10441.0,10356.5,19
20260303,60438000,13:47:18.000,HEDGED_POSITION,FLATTENING,reversion_exit,10356.0,10271.0,10441.0,10357.0,18
20260303,60438000,13:47:18.000,FLATTENING,COOLDOWN,reversion_exit,10356.0,10271.0,10441.0,10357.0,20
20260303,60440000,13:47:20.000,COOLDOWN,FLAT_QUOTING,fair_recovered,10355.0,10270.0,10440.0,10355.125,18
20260303,60441000,13:47:21.000,FLAT_QUOTING,LONG_PENDING_HEDGE,target_fill,10355.0,10270.0,10440.0,10355.75,21
20260303,60442000,13:47:22.000,LONG_PENDING_HEDGE,HEDGED_POSITION,hedge_fill,10355.0,10270.0,10440.0,10356.25,22
20260303,60443000,13:47:23.000,HEDGED_POSITION,FLATTENING,reversion_exit,10355.0,10270.0,10440.0,10356.0,22
20260303,60443000,13:47:23.000,FLATTENING,COOLDOWN,reversion_exit,10355.0,10270.0,10440.0,10356.0,24
20260303,60445000,13:47:25.000,COOLDOWN,PAUSED,order_action_limit,10355.0,10270.0,10440.0,10350.75,24
20260303,60450000,13:47:30.000,PAUSED,PAUSED,order_action_limit,10355.0,10270.0,10440.0,10350.25,24
20260303,60451000,13:47:31.000,PAUSED,PAUSED,order_action_limit,10355.0,10270.0,10440.0,10350.25,24
20260303,60456000,13:47:36.000,PAUSED,PAUSED,order_action_limit,10355.0,10270.0,10440.0,10353.0,24
20260303,60457000,13:47:37.000,PAUSED,PAUSED,order_action_limit,10355.0,10270.0,10440.0,10353.25,24
20260303,60458000,13:47:38.000,PAUSED,PAUSED,order_action_limit,10355.0,10270.0,10440.0,10352.5,24
20260303,60459000,13:47:39.000,PAUSED,PAUSED,order_action_limit,10355.0,10270.0,10440.0,10352.0,24
20260303,60462000,13:47:42.000,PAUSED,PAUSED,order_action_limit,10355.0,10270.0,10440.0,10352.75,24
20260303,60464000,13:47:44.000,PAUSED,PAUSED,order_action_limit,10355.0,10270.0,10440.0,10351.5,24
20260303,60465000,13:47:45.000,PAUSED,PAUSED,order_action_limit,10355.0,10270.0,10440.0,10352.5,24
20260303,60485000,13:48:05.000,PAUSED,FLAT_QUOTING,fair_recovered,10358.0,10273.0,10443.0,10357.5,12
20260303,60486000,13:48:06.000,FLAT_QUOTING,LONG_PENDING_HEDGE,target_fill,10358.0,10273.0,10443.0,10356.5,15
20260303,60487000,13:48:07.000,LONG_PENDING_HEDGE,HEDGED_POSITION,hedge_fill,10358.0,10273.0,10443.0,10357.0,16
20260303,60488000,13:48:08.000,HEDGED_POSITION,FLATTENING,reference_invalid_exit,10358.0,10273.0,10443.0,10356.75,16
20260303,60488000,13:48:08.000,FLATTENING,COOLDOWN,reference_invalid_exit,10358.0,10273.0,10443.0,10356.75,18
20260303,60489000,13:48:09.000,COOLDOWN,PAUSED,fair_invalid_or_session_guard,10358.0,10273.0,10443.0,10357.0,18
20260303,60506000,13:48:26.000,PAUSED,FLAT_QUOTING,fair_recovered,10360.0,10275.0,10445.0,10359.75,6
20260303,60507000,13:48:27.000,FLAT_QUOTING,LONG_PENDING_HEDGE,target_fill,10360.0,10275.0,10445.0,10359.5,9
20260303,60508000,13:48:28.000,LONG_PENDING_HEDGE,HEDGED_POSITION,hedge_fill,10360.0,10275.0,10445.0,10359.75,10
20260303,60509000,13:48:29.000,HEDGED_POSITION,FLATTENING,reversion_exit,10360.0,10275.0,10445.0,10360.0,10
20260303,60509000,13:48:29.000,FLATTENING,COOLDOWN,reversion_exit,10360.0,10275.0,10445.0,10360.0,12
20260303,60511000,13:48:31.000,COOLDOWN,PAUSED,fair_invalid_or_session_guard,10360.0,10275.0,10445.0,10360.75,12
20260303,60514000,13:48:34.000,PAUSED,FLAT_QUOTING,fair_recovered,10360.0,10275.0,10445.0,10360.25,12
20260303,60515000,13:48:35.000,FLAT_QUOTING,LONG_PENDING_HEDGE,target_fill,10360.0,10275.0,10445.0,10359.25,15
20260303,60516000,13:48:36.000,LONG_PENDING_HEDGE,HEDGED_POSITION,hedge_fill,10360.0,10275.0,10445.0,10359.25,16
20260303,60517000,13:48:37.000,HEDGED_POSITION,FLATTENING,reference_invalid_exit,10360.0,10275.0,10445.0,10359.25,16
20260303,60517000,13:48:37.000,FLATTENING,COOLDOWN,reference_invalid_exit,10360.0,10275.0,10445.0,10359.25,18
20260303,60518000,13:48:38.000,COOLDOWN,PAUSED,fair_invalid_or_session_guard,10360.0,10275.0,10445.0,10359.5,18
20260303,60520000,13:48:40.000,PAUSED,FLAT_QUOTING,fair_recovered,10360.0,10275.0,10445.0,10359.5,18
20260303,60521000,13:48:41.000,FLAT_QUOTING,LONG_PENDING_HEDGE,target_fill,10360.0,10275.0,10445.0,10359.25,21
20260303,60522000,13:48:42.000,LONG_PENDING_HEDGE,HEDGED_POSITION,hedge_fill,10360.0,10275.0,10445.0,10359.0,22
20260303,60523000,13:48:43.000,HEDGED_POSITION,FLATTENING,reversion_exit,10360.0,10275.0,10445.0,10358.875,22
20260303,60523000,13:48:43.000,FLATTENING,COOLDOWN,reversion_exit,10360.0,10275.0,10445.0,10358.875,24
20260303,60525000,13:48:45.000,COOLDOWN,PAUSED,order_action_limit,10360.0,10275.0,10445.0,10359.0,24
20260303,60526000,13:48:46.000,PAUSED,PAUSED,order_action_limit,10360.0,10275.0,10445.0,10359.25,24
20260303,60527000,13:48:47.000,PAUSED,PAUSED,order_action_limit,10360.0,10275.0,10445.0,10359.25,24
20260303,60528000,13:48:48.000,PAUSED,PAUSED,order_action_limit,10360.0,10275.0,10445.0,10359.5,24
20260303,60593000,13:49:53.000,PAUSED,FLAT_QUOTING,fair_recovered,10362.0,10277.0,10447.0,10362.5,0
20260303,60594000,13:49:54.000,FLAT_QUOTING,LONG_PENDING_HEDGE,target_fill,10362.0,10277.0,10447.0,10362.75,3
20260303,60595000,13:49:55.000,LONG_PENDING_HEDGE,HEDGED_POSITION,hedge_fill,10362.0,10277.0,10447.0,10362.25,4
20260303,60596000,13:49:56.000,HEDGED_POSITION,FLATTENING,reversion_exit,10362.0,10277.0,10447.0,10362.0,4
20260303,60596000,13:49:56.000,FLATTENING,COOLDOWN,reversion_exit,10362.0,10277.0,10447.0,10362.0,6
20260303,60597000,13:49:57.000,COOLDOWN,PAUSED,fair_invalid_or_session_guard,10362.0,10277.0,10447.0,,6
20260303,60602000,13:50:02.000,PAUSED,FLAT_QUOTING,fair_recovered,10365.0,10280.0,10450.0,10364.875,6
20260303,60603000,13:50:03.000,FLAT_QUOTING,LONG_PENDING_HEDGE,target_fill,10365.0,10280.0,10450.0,10365.375,9
20260303,60604000,13:50:04.000,LONG_PENDING_HEDGE,HEDGED_POSITION,hedge_fill,10365.0,10280.0,10450.0,10365.5,10
20260303,60605000,13:50:05.000,HEDGED_POSITION,FLATTENING,reversion_exit,10365.0,10280.0,10450.0,10365.25,10
20260303,60605000,13:50:05.000,FLATTENING,COOLDOWN,reversion_exit,10365.0,10280.0,10450.0,10365.25,12
20260303,60607000,13:50:07.000,COOLDOWN,FLAT_QUOTING,fair_recovered,10363.0,10278.0,10448.0,10363.0,12
20260303,60608000,13:50:08.000,FLAT_QUOTING,LONG_PENDING_HEDGE,target_fill,10363.0,10278.0,10448.0,10362.75,15
20260303,60609000,13:50:09.000,LONG_PENDING_HEDGE,HEDGED_POSITION,hedge_fill,10363.0,10278.0,10448.0,10362.25,16
20260303,60610000,13:50:10.000,HEDGED_POSITION,FLATTENING,reversion_exit,10363.0,10278.0,10448.0,10362.75,16
20260303,60610000,13:50:10.000,FLATTENING,COOLDOWN,reversion_exit,10363.0,10278.0,10448.0,10362.75,18
20260303,60612000,13:50:12.000,COOLDOWN,FLAT_QUOTING,fair_recovered,10362.0,10277.0,10447.0,10361.75,18
20260303,60613000,13:50:13.000,FLAT_QUOTING,LONG_PENDING_HEDGE,target_fill,10362.0,10277.0,10447.0,10361.75,21
20260303,60614000,13:50:14.000,LONG_PENDING_HEDGE,HEDGED_POSITION,hedge_fill,10362.0,10277.0,10447.0,10361.75,22
20260303,60615000,13:50:15.000,HEDGED_POSITION,FLATTENING,reversion_exit,10362.0,10277.0,10447.0,10361.0,22
20260303,60615000,13:50:15.000,FLATTENING,COOLDOWN,reversion_exit,10362.0,10277.0,10447.0,10361.0,24
20260303,60617000,13:50:17.000,COOLDOWN,PAUSED,order_action_limit,10362.0,10277.0,10447.0,10360.5,24
20260303,60618000,13:50:18.000,PAUSED,PAUSED,order_action_limit,10362.0,10277.0,10447.0,10358.75,24
20260303,60619000,13:50:19.000,PAUSED,PAUSED,order_action_limit,10362.0,10277.0,10447.0,10358.0,24
20260303,60620000,13:50:20.000,PAUSED,PAUSED,order_action_limit,10362.0,10277.0,10447.0,10358.5,24
20260303,60621000,13:50:21.000,PAUSED,PAUSED,order_action_limit,10362.0,10277.0,10447.0,10360.25,24
20260303,60622000,13:50:22.000,PAUSED,PAUSED,order_action_limit,10362.0,10277.0,10447.0,10363.75,24
20260303,60623000,13:50:23.000,PAUSED,PAUSED,order_action_limit,10362.0,10277.0,10447.0,10363.5,24
20260303,60624000,13:50:24.000,PAUSED,PAUSED,order_action_limit,10362.0,10277.0,10447.0,10363.5,24
20260303,60625000,13:50:25.000,PAUSED,PAUSED,order_action_limit,10362.0,10277.0,10447.0,10362.5,24
20260303,60626000,13:50:26.000,PAUSED,PAUSED,order_action_limit,10362.0,10277.0,10447.0,10361.25,24
20260303,60627000,13:50:27.000,PAUSED,PAUSED,order_action_limit,10362.0,10277.0,10447.0,10362.25,24
20260303,60628000,13:50:28.000,PAUSED,PAUSED,order_action_limit,10362.0,10277.0,10447.0,10362.5,24
20260303,60629000,13:50:29.000,PAUSED,PAUSED,order_action_limit,10362.0,10277.0,10447.0,10362.75,24
20260303,60630000,13:50:30.000,PAUSED,PAUSED,order_action_limit,10362.0,10277.0,10447.0,10364.0,24
20260303,60631000,13:50:31.000,PAUSED,PAUSED,order_action_limit,10362.0,10277.0,10447.0,10364.25,24
20260303,60632000,13:50:32.000,PAUSED,PAUSED,order_action_limit,10362.0,10277.0,10447.0,10362.75,24
20260303,60633000,13:50:33.000,PAUSED,PAUSED,order_action_limit,10362.0,10277.0,10447.0,10361.75,24
20260303,60634000,13:50:34.000,PAUSED,PAUSED,order_action_limit,10362.0,10277.0,10447.0,10360.5,24
20260303,60635000,13:50:35.000,PAUSED,PAUSED,order_action_limit,10362.0,10277.0,10447.0,10360.5,24
20260303,60636000,13:50:36.000,PAUSED,PAUSED,order_action_limit,10362.0,10277.0,10447.0,10360.25,24
20260303,60637000,13:50:37.000,PAUSED,PAUSED,order_action_limit,10362.0,10277.0,10447.0,10360.75,24
20260303,60638000,13:50:38.000,PAUSED,PAUSED,order_action_limit,10362.0,10277.0,10447.0,10360.5,24
20260303,60639000,13:50:39.000,PAUSED,PAUSED,order_action_limit,10362.0,10277.0,10447.0,10360.5,24
20260303,60640000,13:50:40.000,PAUSED,PAUSED,order_action_limit,10362.0,10277.0,10447.0,10359.75,24
20260303,60641000,13:50:41.000,PAUSED,PAUSED,order_action_limit,10362.0,10277.0,10447.0,10358.5,24
20260303,60642000,13:50:42.000,PAUSED,PAUSED,order_action_limit,10362.0,10277.0,10447.0,10356.0,24
20260303,60643000,13:50:43.000,PAUSED,PAUSED,order_action_limit,10362.0,10277.0,10447.0,10352.5,24
20260303,60644000,13:50:44.000,PAUSED,PAUSED,order_action_limit,10362.0,10277.0,10447.0,10352.0,24
20260303,60645000,13:50:45.000,PAUSED,PAUSED,order_action_limit,10362.0,10277.0,10447.0,10353.0,24
20260303,60646000,13:50:46.000,PAUSED,PAUSED,order_action_limit,10362.0,10277.0,10447.0,10351.25,24
20260303,60647000,13:50:47.000,PAUSED,PAUSED,order_action_limit,10362.0,10277.0,10447.0,10351.75,24
20260303,60648000,13:50:48.000,PAUSED,PAUSED,order_action_limit,10362.0,10277.0,10447.0,10351.75,24
20260303,60649000,13:50:49.000,PAUSED,PAUSED,order_action_limit,10362.0,10277.0,10447.0,10351.0,24
20260303,60650000,13:50:50.000,PAUSED,PAUSED,order_action_limit,10362.0,10277.0,10447.0,10351.5,24
20260303,60651000,13:50:51.000,PAUSED,PAUSED,order_action_limit,10362.0,10277.0,10447.0,10350.0,24
20260303,60652000,13:50:52.000,PAUSED,PAUSED,order_action_limit,10362.0,10277.0,10447.0,10351.0,24
20260303,60653000,13:50:53.000,PAUSED,PAUSED,order_action_limit,10362.0,10277.0,10447.0,10349.75,22
20260303,60654000,13:50:54.000,PAUSED,PAUSED,order_action_limit,10362.0,10277.0,10447.0,10349.25,21
20260303,60655000,13:50:55.000,PAUSED,PAUSED,order_action_limit,10362.0,10277.0,10447.0,10349.5,20
20260303,60656000,13:50:56.000,PAUSED,FLAT_QUOTING,fair_recovered,10348.0,10263.0,10433.0,10348.0,18
20260303,60657000,13:50:57.000,FLAT_QUOTING,LONG_PENDING_HEDGE,target_fill,10348.0,10263.0,10433.0,10347.5,21
20260303,60658000,13:50:58.000,LONG_PENDING_HEDGE,HEDGED_POSITION,hedge_fill,10348.0,10263.0,10433.0,10347.25,22
20260303,60659000,13:50:59.000,HEDGED_POSITION,FLATTENING,reversion_exit,10348.0,10263.0,10433.0,10345.0,22
20260303,60659000,13:50:59.000,FLATTENING,COOLDOWN,reversion_exit,10348.0,10263.0,10433.0,10345.0,24
20260303,60661000,13:51:01.000,COOLDOWN,PAUSED,fair_invalid_or_session_guard,10348.0,10263.0,10433.0,,24
20260303,60663000,13:51:03.000,PAUSED,PAUSED,order_action_limit,10348.0,10263.0,10433.0,10345.5,21
20260303,60664000,13:51:04.000,PAUSED,PAUSED,order_action_limit,10348.0,10263.0,10433.0,10341.125,20
20260303,60667000,13:51:07.000,PAUSED,FLAT_QUOTING,fair_recovered,10342.0,10257.0,10427.0,10341.5,16
20260303,60668000,13:51:08.000,FLAT_QUOTING,LONG_PENDING_HEDGE,target_fill,10342.0,10257.0,10427.0,,18
20260303,60669000,13:51:09.000,LONG_PENDING_HEDGE,HEDGED_POSITION,hedge_fill,10342.0,10257.0,10427.0,10346.0,18
20260303,60685000,13:51:25.000,HEDGED_POSITION,FLATTENING,reference_invalid_exit,10342.0,10257.0,10427.0,,10
20260303,60685000,13:51:25.000,FLATTENING,COOLDOWN,reference_invalid_exit,10342.0,10257.0,10427.0,,12
20260303,60687000,13:51:27.000,COOLDOWN,FLAT_QUOTING,fair_recovered,10349.0,10264.0,10434.0,10349.25,12
20260303,60688000,13:51:28.000,FLAT_QUOTING,LONG_PENDING_HEDGE,target_fill,10349.0,10264.0,10434.0,10349.5,15
20260303,60689000,13:51:29.000,LONG_PENDING_HEDGE,HEDGED_POSITION,hedge_fill,10349.0,10264.0,10434.0,10349.75,16
20260303,60690000,13:51:30.000,HEDGED_POSITION,FLATTENING,reference_invalid_exit,10349.0,10264.0,10434.0,,16
20260303,60690000,13:51:30.000,FLATTENING,COOLDOWN,reference_invalid_exit,10349.0,10264.0,10434.0,,18
20260303,60692000,13:51:32.000,COOLDOWN,PAUSED,fair_invalid_or_session_guard,10349.0,10264.0,10434.0,,18
20260303,60694000,13:51:34.000,PAUSED,FLAT_QUOTING,fair_recovered,10354.0,10269.0,10439.0,10354.5,18
20260303,60695000,13:51:35.000,FLAT_QUOTING,LONG_PENDING_HEDGE,target_fill,10354.0,10269.0,10439.0,10354.75,21
20260303,60696000,13:51:36.000,LONG_PENDING_HEDGE,HEDGED_POSITION,hedge_fill,10354.0,10269.0,10439.0,10355.5,22
20260303,60697000,13:51:37.000,HEDGED_POSITION,FLATTENING,reversion_exit,10354.0,10269.0,10439.0,10355.25,22
20260303,60697000,13:51:37.000,FLATTENING,COOLDOWN,reversion_exit,10354.0,10269.0,10439.0,10355.25,24
20260303,60699000,13:51:39.000,COOLDOWN,PAUSED,order_action_limit,10354.0,10269.0,10439.0,10357.75,24
20260303,60700000,13:51:40.000,PAUSED,PAUSED,order_action_limit,10354.0,10269.0,10439.0,10357.75,24
20260303,60701000,13:51:41.000,PAUSED,PAUSED,order_action_limit,10354.0,10269.0,10439.0,10359.75,24
20260303,60702000,13:51:42.000,PAUSED,PAUSED,order_action_limit,10354.0,10269.0,10439.0,10360.25,24
20260303,60703000,13:51:43.000,PAUSED,PAUSED,order_action_limit,10354.0,10269.0,10439.0,10360.5,24
20260303,60704000,13:51:44.000,PAUSED,PAUSED,order_action_limit,10354.0,10269.0,10439.0,10360.0,24
20260303,60705000,13:51:45.000,PAUSED,PAUSED,order_action_limit,10354.0,10269.0,10439.0,10360.25,24
20260303,60706000,13:51:46.000,PAUSED,PAUSED,order_action_limit,10354.0,10269.0,10439.0,10361.25,24
20260303,60707000,13:51:47.000,PAUSED,PAUSED,order_action_limit,10354.0,10269.0,10439.0,10357.25,24
20260303,60708000,13:51:48.000,PAUSED,PAUSED,order_action_limit,10354.0,10269.0,10439.0,10355.0,24
20260303,60709000,13:51:49.000,PAUSED,PAUSED,order_action_limit,10354.0,10269.0,10439.0,10355.0,24
20260303,60710000,13:51:50.000,PAUSED,PAUSED,order_action_limit,10354.0,10269.0,10439.0,10353.25,24
20260303,60711000,13:51:51.000,PAUSED,PAUSED,order_action_limit,10354.0,10269.0,10439.0,10354.25,24
20260303,60712000,13:51:52.000,PAUSED,PAUSED,order_action_limit,10354.0,10269.0,10439.0,10352.25,24
20260303,60713000,13:51:53.000,PAUSED,PAUSED,order_action_limit,10354.0,10269.0,10439.0,10351.0,24
20260303,60714000,13:51:54.000,PAUSED,PAUSED,order_action_limit,10354.0,10269.0,10439.0,10352.25,24
20260303,60715000,13:51:55.000,PAUSED,PAUSED,order_action_limit,10354.0,10269.0,10439.0,10352.0,24
20260303,60716000,13:51:56.000,PAUSED,PAUSED,order_action_limit,10354.0,10269.0,10439.0,10351.25,22
20260303,60717000,13:51:57.000,PAUSED,PAUSED,order_action_limit,10354.0,10269.0,10439.0,10352.25,21
20260303,60718000,13:51:58.000,PAUSED,PAUSED,order_action_limit,10354.0,10269.0,10439.0,10352.5,20
20260303,60719000,13:51:59.000,PAUSED,FLAT_QUOTING,fair_recovered,10354.0,10269.0,10439.0,10353.75,18
20260303,60720000,13:52:00.000,FLAT_QUOTING,LONG_PENDING_HEDGE,target_fill,10354.0,10269.0,10439.0,10353.0,21
20260303,60721000,13:52:01.000,LONG_PENDING_HEDGE,HEDGED_POSITION,hedge_fill,10354.0,10269.0,10439.0,10352.0,22
20260303,60722000,13:52:02.000,HEDGED_POSITION,FLATTENING,reversion_exit,10354.0,10269.0,10439.0,10352.5,22
20260303,60722000,13:52:02.000,FLATTENING,COOLDOWN,reversion_exit,10354.0,10269.0,10439.0,10352.5,24
20260303,60724000,13:52:04.000,COOLDOWN,PAUSED,order_action_limit,10354.0,10269.0,10439.0,10353.25,24
20260303,60727000,13:52:07.000,PAUSED,PAUSED,order_action_limit,10354.0,10269.0,10439.0,10352.0,22
20260303,60730000,13:52:10.000,PAUSED,PAUSED,order_action_limit,10354.0,10269.0,10439.0,10350.75,20
20260303,60731000,13:52:11.000,PAUSED,PAUSED,order_action_limit,10354.0,10269.0,10439.0,10351.0,20
20260303,60732000,13:52:12.000,PAUSED,PAUSED,order_action_limit,10354.0,10269.0,10439.0,10350.5,20
20260303,60733000,13:52:13.000,PAUSED,PAUSED,order_action_limit,10354.0,10269.0,10439.0,10352.0,20
20260303,60734000,13:52:14.000,PAUSED,PAUSED,order_action_limit,10354.0,10269.0,10439.0,10352.75,20
20260303,60735000,13:52:15.000,PAUSED,PAUSED,order_action_limit,10354.0,10269.0,10439.0,10354.0,20
20260303,60736000,13:52:16.000,PAUSED,PAUSED,order_action_limit,10354.0,10269.0,10439.0,10352.375,20
20260303,60737000,13:52:17.000,PAUSED,PAUSED,order_action_limit,10354.0,10269.0,10439.0,10353.625,20
20260303,60738000,13:52:18.000,PAUSED,PAUSED,order_action_limit,10354.0,10269.0,10439.0,10355.125,20
20260303,60739000,13:52:19.000,PAUSED,PAUSED,order_action_limit,10354.0,10269.0,10439.0,10355.625,20
20260303,60740000,13:52:20.000,PAUSED,PAUSED,order_action_limit,10354.0,10269.0,10439.0,10356.125,20
20260303,60746000,13:52:26.000,PAUSED,FLAT_QUOTING,fair_recovered,10353.0,10268.0,10438.0,10353.375,18
20260303,60747000,13:52:27.000,FLAT_QUOTING,LONG_PENDING_HEDGE,target_fill,10353.0,10268.0,10438.0,,19
20260303,60748000,13:52:28.000,LONG_PENDING_HEDGE,HEDGED_POSITION,hedge_fill,10353.0,10268.0,10438.0,,19
20260303,60752000,13:52:32.000,HEDGED_POSITION,FLATTENING,reference_invalid_exit,10353.0,10268.0,10438.0,,16
20260303,60752000,13:52:32.000,FLATTENING,COOLDOWN,reference_invalid_exit,10353.0,10268.0,10438.0,,18
20260303,60753000,13:52:33.000,COOLDOWN,PAUSED,fair_invalid_or_session_guard,10353.0,10268.0,10438.0,,18
20260303,60758000,13:52:38.000,PAUSED,FLAT_QUOTING,fair_recovered,10352.0,10267.0,10437.0,10351.75,12
20260303,60760000,13:52:40.000,FLAT_QUOTING,LONG_PENDING_HEDGE,target_fill,10352.0,10267.0,10437.0,10350.75,15
20260303,60761000,13:52:41.000,LONG_PENDING_HEDGE,HEDGED_POSITION,hedge_fill,10352.0,10267.0,10437.0,10353.75,16
20260303,60762000,13:52:42.000,HEDGED_POSITION,FLATTENING,reversion_exit,10352.0,10267.0,10437.0,10353.25,16
20260303,60762000,13:52:42.000,FLATTENING,COOLDOWN,reversion_exit,10352.0,10267.0,10437.0,10353.25,18
20260303,60764000,13:52:44.000,COOLDOWN,FLAT_QUOTING,fair_recovered,10353.0,10268.0,10438.0,10352.75,18
20260303,60765000,13:52:45.000,FLAT_QUOTING,LONG_PENDING_HEDGE,target_fill,10353.0,10268.0,10438.0,10352.5,21
20260303,60766000,13:52:46.000,LONG_PENDING_HEDGE,HEDGED_POSITION,hedge_fill,10353.0,10268.0,10438.0,10352.25,22
20260303,60767000,13:52:47.000,HEDGED_POSITION,FLATTENING,reversion_exit,10353.0,10268.0,10438.0,10350.0,22
20260303,60767000,13:52:47.000,FLATTENING,COOLDOWN,reversion_exit,10353.0,10268.0,10438.0,10350.0,24
20260303,60769000,13:52:49.000,COOLDOWN,PAUSED,order_action_limit,10353.0,10268.0,10438.0,10350.0,24
20260303,60770000,13:52:50.000,PAUSED,PAUSED,order_action_limit,10353.0,10268.0,10438.0,10349.875,24
20260303,60773000,13:52:53.000,PAUSED,PAUSED,order_action_limit,10353.0,10268.0,10438.0,10351.0,24
20260303,60774000,13:52:54.000,PAUSED,PAUSED,order_action_limit,10353.0,10268.0,10438.0,10351.0,24
20260303,60777000,13:52:57.000,PAUSED,PAUSED,order_action_limit,10353.0,10268.0,10438.0,10351.25,24
20260303,60778000,13:52:58.000,PAUSED,PAUSED,order_action_limit,10353.0,10268.0,10438.0,10351.0,24
20260303,60779000,13:52:59.000,PAUSED,PAUSED,order_action_limit,10353.0,10268.0,10438.0,10350.25,22
20260303,60780000,13:53:00.000,PAUSED,PAUSED,order_action_limit,10353.0,10268.0,10438.0,10350.75,21
20260303,60781000,13:53:01.000,PAUSED,PAUSED,order_action_limit,10353.0,10268.0,10438.0,10351.75,20
20260303,60782000,13:53:02.000,PAUSED,FLAT_QUOTING,fair_recovered,10351.0,10266.0,10436.0,10351.0,18
20260303,60783000,13:53:03.000,FLAT_QUOTING,LONG_PENDING_HEDGE,target_fill,10351.0,10266.0,10436.0,10353.25,21
20260303,60784000,13:53:04.000,LONG_PENDING_HEDGE,HEDGED_POSITION,hedge_fill,10351.0,10266.0,10436.0,10350.75,22
20260303,60785000,13:53:05.000,HEDGED_POSITION,FLATTENING,reversion_exit,10351.0,10266.0,10436.0,10351.0,22
20260303,60785000,13:53:05.000,FLATTENING,COOLDOWN,reversion_exit,10351.0,10266.0,10436.0,10351.0,24
20260303,60787000,13:53:07.000,COOLDOWN,PAUSED,order_action_limit,10351.0,10266.0,10436.0,10351.25,24
20260303,60788000,13:53:08.000,PAUSED,PAUSED,order_action_limit,10351.0,10266.0,10436.0,10351.25,24
20260303,60789000,13:53:09.000,PAUSED,PAUSED,order_action_limit,10351.0,10266.0,10436.0,10352.5,24
20260303,60790000,13:53:10.000,PAUSED,PAUSED,order_action_limit,10351.0,10266.0,10436.0,10353.0,24
20260303,60791000,13:53:11.000,PAUSED,PAUSED,order_action_limit,10351.0,10266.0,10436.0,10356.25,24
20260303,60792000,13:53:12.000,PAUSED,PAUSED,order_action_limit,10351.0,10266.0,10436.0,10356.25,24
20260303,60793000,13:53:13.000,PAUSED,PAUSED,order_action_limit,10351.0,10266.0,10436.0,10355.5,24
20260303,60794000,13:53:14.000,PAUSED,PAUSED,order_action_limit,10351.0,10266.0,10436.0,10354.5,24
20260303,60795000,13:53:15.000,PAUSED,PAUSED,order_action_limit,10351.0,10266.0,10436.0,10352.0,24
20260303,60798000,13:53:18.000,PAUSED,PAUSED,order_action_limit,10351.0,10266.0,10436.0,10351.875,24
20260303,60831000,13:53:51.000,PAUSED,FLAT_QUOTING,fair_recovered,10358.0,10273.0,10443.0,10358.125,6
20260303,60832000,13:53:52.000,FLAT_QUOTING,LONG_PENDING_HEDGE,target_fill,10358.0,10273.0,10443.0,10358.0,9
20260303,60833000,13:53:53.000,LONG_PENDING_HEDGE,HEDGED_POSITION,hedge_fill,10358.0,10273.0,10443.0,10357.25,10
20260303,60834000,13:53:54.000,HEDGED_POSITION,FLATTENING,reversion_exit,10358.0,10273.0,10443.0,10357.75,10
20260303,60834000,13:53:54.000,FLATTENING,COOLDOWN,reversion_exit,10358.0,10273.0,10443.0,10357.75,12
20260303,60836000,13:53:56.000,COOLDOWN,FLAT_QUOTING,fair_recovered,10362.0,10277.0,10447.0,10362.25,12
20260303,60837000,13:53:57.000,FLAT_QUOTING,LONG_PENDING_HEDGE,target_fill,10362.0,10277.0,10447.0,10363.0,15
20260303,60838000,13:53:58.000,LONG_PENDING_HEDGE,HEDGED_POSITION,hedge_fill,10362.0,10277.0,10447.0,10362.25,16
20260303,60839000,13:53:59.000,HEDGED_POSITION,FLATTENING,reversion_exit,10362.0,10277.0,10447.0,10360.25,16
20260303,60839000,13:53:59.000,FLATTENING,COOLDOWN,reversion_exit,10362.0,10277.0,10447.0,10360.25,18
20260303,60841000,13:54:01.000,COOLDOWN,FLAT_QUOTING,fair_recovered,10358.0,10273.0,10443.0,10358.5,18
20260303,60842000,13:54:02.000,FLAT_QUOTING,LONG_PENDING_HEDGE,target_fill,10358.0,10273.0,10443.0,10360.0,19
20260303,60843000,13:54:03.000,LONG_PENDING_HEDGE,HEDGED_POSITION,hedge_fill,10358.0,10273.0,10443.0,10360.25,19
20260303,60844000,13:54:04.000,HEDGED_POSITION,FLATTENING,reversion_exit,10358.0,10273.0,10443.0,10360.375,18
20260303,60844000,13:54:04.000,FLATTENING,COOLDOWN,reversion_exit,10358.0,10273.0,10443.0,10360.375,20
20260303,60846000,13:54:06.000,COOLDOWN,FLAT_QUOTING,fair_recovered,10359.0,10274.0,10444.0,10359.0,18
20260303,60847000,13:54:07.000,FLAT_QUOTING,LONG_PENDING_HEDGE,target_fill,10359.0,10274.0,10444.0,10359.0,21
20260303,60848000,13:54:08.000,LONG_PENDING_HEDGE,HEDGED_POSITION,hedge_fill,10359.0,10274.0,10444.0,,22
20260303,60849000,13:54:09.000,HEDGED_POSITION,FLATTENING,reversion_exit,10359.0,10274.0,10444.0,10355.5,22
20260303,60849000,13:54:09.000,FLATTENING,COOLDOWN,reversion_exit,10359.0,10274.0,10444.0,10355.5,24
20260303,60851000,13:54:11.000,COOLDOWN,PAUSED,order_action_limit,10359.0,10274.0,10444.0,10355.125,24
20260303,60852000,13:54:12.000,PAUSED,PAUSED,order_action_limit,10359.0,10274.0,10444.0,10354.5,24
20260303,60853000,13:54:13.000,PAUSED,PAUSED,order_action_limit,10359.0,10274.0,10444.0,10354.5,24
20260303,60855000,13:54:15.000,PAUSED,PAUSED,order_action_limit,10359.0,10274.0,10444.0,10354.5,24
20260303,60856000,13:54:16.000,PAUSED,PAUSED,order_action_limit,10359.0,10274.0,10444.0,10353.5,24
20260303,60857000,13:54:17.000,PAUSED,PAUSED,order_action_limit,10359.0,10274.0,10444.0,10354.0,24
20260303,60858000,13:54:18.000,PAUSED,PAUSED,order_action_limit,10359.0,10274.0,10444.0,10354.25,24
20260303,60859000,13:54:19.000,PAUSED,PAUSED,order_action_limit,10359.0,10274.0,10444.0,10354.0,24
20260303,60860000,13:54:20.000,PAUSED,PAUSED,order_action_limit,10359.0,10274.0,10444.0,10352.0,24
20260303,60861000,13:54:21.000,PAUSED,PAUSED,order_action_limit,10359.0,10274.0,10444.0,10352.125,24
20260303,60862000,13:54:22.000,PAUSED,PAUSED,order_action_limit,10359.0,10274.0,10444.0,10352.375,24
20260303,60863000,13:54:23.000,PAUSED,PAUSED,order_action_limit,10359.0,10274.0,10444.0,10351.625,24
20260303,60864000,13:54:24.000,PAUSED,PAUSED,order_action_limit,10359.0,10274.0,10444.0,10351.5,24
20260303,60866000,13:54:26.000,PAUSED,PAUSED,order_action_limit,10359.0,10274.0,10444.0,10351.5,24
20260303,60867000,13:54:27.000,PAUSED,PAUSED,order_action_limit,10359.0,10274.0,10444.0,10351.75,24
20260303,60870000,13:54:30.000,PAUSED,PAUSED,order_action_limit,10359.0,10274.0,10444.0,10354.25,24
20260303,60871000,13:54:31.000,PAUSED,PAUSED,order_action_limit,10359.0,10274.0,10444.0,10353.0,24
20260303,60872000,13:54:32.000,PAUSED,PAUSED,order_action_limit,10359.0,10274.0,10444.0,10353.0,24
20260303,60873000,13:54:33.000,PAUSED,PAUSED,order_action_limit,10359.0,10274.0,10444.0,10353.0,24
20260303,60874000,13:54:34.000,PAUSED,PAUSED,order_action_limit,10359.0,10274.0,10444.0,10353.0,24
20260303,60878000,13:54:38.000,PAUSED,PAUSED,order_action_limit,10359.0,10274.0,10444.0,10352.5,24
20260303,60879000,13:54:39.000,PAUSED,PAUSED,order_action_limit,10359.0,10274.0,10444.0,10351.75,24
20260303,60880000,13:54:40.000,PAUSED,PAUSED,order_action_limit,10359.0,10274.0,10444.0,10352.0,24
20260303,60881000,13:54:41.000,PAUSED,PAUSED,order_action_limit,10359.0,10274.0,10444.0,10352.5,24
20260303,60882000,13:54:42.000,PAUSED,PAUSED,order_action_limit,10359.0,10274.0,10444.0,10352.0,24
20260303,60883000,13:54:43.000,PAUSED,PAUSED,order_action_limit,10359.0,10274.0,10444.0,10353.25,24
20260303,60884000,13:54:44.000,PAUSED,PAUSED,order_action_limit,10359.0,10274.0,10444.0,10355.25,24
20260303,60885000,13:54:45.000,PAUSED,PAUSED,order_action_limit,10359.0,10274.0,10444.0,10354.25,24
20260303,60886000,13:54:46.000,PAUSED,PAUSED,order_action_limit,10359.0,10274.0,10444.0,10354.25,24
20260303,60887000,13:54:47.000,PAUSED,PAUSED,order_action_limit,10359.0,10274.0,10444.0,10353.25,24
20260303,60888000,13:54:48.000,PAUSED,PAUSED,order_action_limit,10359.0,10274.0,10444.0,10352.75,24
20260303,60889000,13:54:49.000,PAUSED,PAUSED,order_action_limit,10359.0,10274.0,10444.0,10352.5,24
20260303,60890000,13:54:50.000,PAUSED,PAUSED,order_action_limit,10359.0,10274.0,10444.0,10351.0,24
20260303,60893000,13:54:53.000,PAUSED,PAUSED,order_action_limit,10359.0,10274.0,10444.0,10343.75,20
20260303,60894000,13:54:54.000,PAUSED,FLAT_QUOTING,fair_recovered,10344.0,10259.0,10429.0,10343.5,18
20260303,60895000,13:54:55.000,FLAT_QUOTING,LONG_PENDING_HEDGE,target_fill,10344.0,10259.0,10429.0,10343.5,21
20260303,60896000,13:54:56.000,LONG_PENDING_HEDGE,HEDGED_POSITION,hedge_fill,10344.0,10259.0,10429.0,10343.75,20
20260303,60897000,13:54:57.000,HEDGED_POSITION,FLATTENING,reversion_exit,10344.0,10259.0,10429.0,10342.0,19
20260303,60897000,13:54:57.000,FLATTENING,COOLDOWN,reversion_exit,10344.0,10259.0,10429.0,10342.0,21
20260303,60899000,13:54:59.000,COOLDOWN,FLAT_QUOTING,fair_recovered,10342.0,10257.0,10427.0,10341.5,18
20260303,60900000,13:55:00.000,FLAT_QUOTING,LONG_PENDING_HEDGE,target_fill,10342.0,10257.0,10427.0,10340.75,21
20260303,60901000,13:55:01.000,LONG_PENDING_HEDGE,HEDGED_POSITION,hedge_fill,10342.0,10257.0,10427.0,,20
20260303,60902000,13:55:02.000,HEDGED_POSITION,FLATTENING,reversion_exit,10342.0,10257.0,10427.0,10345.5,19
20260303,60902000,13:55:02.000,FLATTENING,COOLDOWN,reversion_exit,10342.0,10257.0,10427.0,10345.5,21
20260303,60904000,13:55:04.000,COOLDOWN,FLAT_QUOTING,fair_recovered,10348.0,10263.0,10433.0,10348.0,18
20260303,60905000,13:55:05.000,FLAT_QUOTING,LONG_PENDING_HEDGE,target_fill,10348.0,10263.0,10433.0,10349.0,21
20260303,60906000,13:55:06.000,LONG_PENDING_HEDGE,HEDGED_POSITION,hedge_fill,10348.0,10263.0,10433.0,10350.75,20
20260303,60907000,13:55:07.000,HEDGED_POSITION,FLATTENING,reversion_exit,10348.0,10263.0,10433.0,10351.25,19
20260303,60907000,13:55:07.000,FLATTENING,COOLDOWN,reversion_exit,10348.0,10263.0,10433.0,10351.25,21
20260303,60909000,13:55:09.000,COOLDOWN,FLAT_QUOTING,fair_recovered,10350.0,10265.0,10435.0,10350.5,18
20260303,60910000,13:55:10.000,FLAT_QUOTING,LONG_PENDING_HEDGE,target_fill,10350.0,10265.0,10435.0,10351.375,21
20260303,60911000,13:55:11.000,LONG_PENDING_HEDGE,HEDGED_POSITION,hedge_fill,10350.0,10265.0,10435.0,10351.125,22
20260303,60912000,13:55:12.000,HEDGED_POSITION,FLATTENING,reversion_exit,10350.0,10265.0,10435.0,10351.125,22
20260303,60912000,13:55:12.000,FLATTENING,COOLDOWN,reversion_exit,10350.0,10265.0,10435.0,10351.125,24
20260303,60914000,13:55:14.000,COOLDOWN,PAUSED,order_action_limit,10350.0,10265.0,10435.0,10351.625,24
20260303,60915000,13:55:15.000,PAUSED,PAUSED,order_action_limit,10350.0,10265.0,10435.0,10351.25,24
20260303,60916000,13:55:16.000,PAUSED,PAUSED,order_action_limit,10350.0,10265.0,10435.0,10351.75,24
20260303,60917000,13:55:17.000,PAUSED,PAUSED,order_action_limit,10350.0,10265.0,10435.0,10352.0,24
20260303,60918000,13:55:18.000,PAUSED,PAUSED,order_action_limit,10350.0,10265.0,10435.0,10352.25,24
20260303,60919000,13:55:19.000,PAUSED,PAUSED,order_action_limit,10350.0,10265.0,10435.0,10353.0,24
20260303,60920000,13:55:20.000,PAUSED,PAUSED,order_action_limit,10350.0,10265.0,10435.0,10354.5,24
20260303,60921000,13:55:21.000,PAUSED,PAUSED,order_action_limit,10350.0,10265.0,10435.0,10355.5,24
20260303,60922000,13:55:22.000,PAUSED,PAUSED,order_action_limit,10350.0,10265.0,10435.0,10356.5,24
20260303,60923000,13:55:23.000,PAUSED,PAUSED,order_action_limit,10350.0,10265.0,10435.0,10357.25,24
20260303,60924000,13:55:24.000,PAUSED,PAUSED,order_action_limit,10350.0,10265.0,10435.0,10357.0,24
20260303,60925000,13:55:25.000,PAUSED,PAUSED,order_action_limit,10350.0,10265.0,10435.0,10357.75,24
20260303,60926000,13:55:26.000,PAUSED,PAUSED,order_action_limit,10350.0,10265.0,10435.0,10358.625,24
20260303,60927000,13:55:27.000,PAUSED,PAUSED,order_action_limit,10350.0,10265.0,10435.0,10357.75,24
20260303,60928000,13:55:28.000,PAUSED,PAUSED,order_action_limit,10350.0,10265.0,10435.0,10357.75,24
20260303,60929000,13:55:29.000,PAUSED,PAUSED,order_action_limit,10350.0,10265.0,10435.0,10358.0,24
20260303,60930000,13:55:30.000,PAUSED,PAUSED,order_action_limit,10350.0,10265.0,10435.0,10358.5,24
20260303,60931000,13:55:31.000,PAUSED,PAUSED,order_action_limit,10350.0,10265.0,10435.0,10359.75,24
20260303,60932000,13:55:32.000,PAUSED,PAUSED,order_action_limit,10350.0,10265.0,10435.0,10359.75,24
20260303,60933000,13:55:33.000,PAUSED,PAUSED,order_action_limit,10350.0,10265.0,10435.0,10359.0,24
20260303,60934000,13:55:34.000,PAUSED,PAUSED,order_action_limit,10350.0,10265.0,10435.0,10361.5,24
20260303,60935000,13:55:35.000,PAUSED,PAUSED,order_action_limit,10350.0,10265.0,10435.0,10363.0,24
20260303,60936000,13:55:36.000,PAUSED,PAUSED,order_action_limit,10350.0,10265.0,10435.0,10363.25,24
20260303,60937000,13:55:37.000,PAUSED,PAUSED,order_action_limit,10350.0,10265.0,10435.0,10364.75,24
20260303,60938000,13:55:38.000,PAUSED,PAUSED,order_action_limit,10350.0,10265.0,10435.0,10363.5,24
20260303,60939000,13:55:39.000,PAUSED,PAUSED,order_action_limit,10350.0,10265.0,10435.0,10365.75,24
20260303,60940000,13:55:40.000,PAUSED,PAUSED,order_action_limit,10350.0,10265.0,10435.0,10365.25,24
20260303,60941000,13:55:41.000,PAUSED,PAUSED,order_action_limit,10350.0,10265.0,10435.0,10363.25,24
20260303,60942000,13:55:42.000,PAUSED,PAUSED,order_action_limit,10350.0,10265.0,10435.0,10363.5,24
20260303,60943000,13:55:43.000,PAUSED,PAUSED,order_action_limit,10350.0,10265.0,10435.0,10361.0,24
20260303,60944000,13:55:44.000,PAUSED,PAUSED,order_action_limit,10350.0,10265.0,10435.0,10361.0,24
20260303,60945000,13:55:45.000,PAUSED,PAUSED,order_action_limit,10350.0,10265.0,10435.0,10360.75,24
20260303,60946000,13:55:46.000,PAUSED,PAUSED,order_action_limit,10350.0,10265.0,10435.0,10361.0,24
20260303,60947000,13:55:47.000,PAUSED,PAUSED,order_action_limit,10350.0,10265.0,10435.0,10360.5,24
20260303,60948000,13:55:48.000,PAUSED,PAUSED,order_action_limit,10350.0,10265.0,10435.0,10360.75,24
20260303,60949000,13:55:49.000,PAUSED,PAUSED,order_action_limit,10350.0,10265.0,10435.0,10362.25,24
20260303,60950000,13:55:50.000,PAUSED,PAUSED,order_action_limit,10350.0,10265.0,10435.0,10362.5,24
20260303,60951000,13:55:51.000,PAUSED,PAUSED,order_action_limit,10350.0,10265.0,10435.0,10360.75,24
20260303,60952000,13:55:52.000,PAUSED,PAUSED,order_action_limit,10350.0,10265.0,10435.0,10360.75,24
20260303,60953000,13:55:53.000,PAUSED,PAUSED,order_action_limit,10350.0,10265.0,10435.0,10360.75,24
20260303,60954000,13:55:54.000,PAUSED,PAUSED,order_action_limit,10350.0,10265.0,10435.0,10360.75,22
20260303,60955000,13:55:55.000,PAUSED,PAUSED,order_action_limit,10350.0,10265.0,10435.0,10361.5,21
20260303,60956000,13:55:56.000,PAUSED,PAUSED,order_action_limit,10350.0,10265.0,10435.0,10361.5,20
20260303,60957000,13:55:57.000,PAUSED,FLAT_QUOTING,fair_recovered,10363.0,10278.0,10448.0,10363.25,18
20260303,60958000,13:55:58.000,FLAT_QUOTING,LONG_PENDING_HEDGE,target_fill,10363.0,10278.0,10448.0,10361.75,21
20260303,60959000,13:55:59.000,LONG_PENDING_HEDGE,HEDGED_POSITION,hedge_fill,10363.0,10278.0,10448.0,10361.75,20
20260303,60960000,13:56:00.000,HEDGED_POSITION,FLATTENING,reversion_exit,10363.0,10278.0,10448.0,10361.5,19
20260303,60960000,13:56:00.000,FLATTENING,COOLDOWN,reversion_exit,10363.0,10278.0,10448.0,10361.5,21
20260303,60962000,13:56:02.000,COOLDOWN,PAUSED,fair_invalid_or_session_guard,10363.0,10278.0,10448.0,,18
20260303,60966000,13:56:06.000,PAUSED,FLAT_QUOTING,fair_recovered,10364.0,10279.0,10449.0,10364.5,14
20260303,60967000,13:56:07.000,FLAT_QUOTING,LONG_PENDING_HEDGE,target_fill,10364.0,10279.0,10449.0,10363.75,15
20260303,60968000,13:56:08.000,LONG_PENDING_HEDGE,HEDGED_POSITION,hedge_fill,10364.0,10279.0,10449.0,10363.5,16
20260303,60969000,13:56:09.000,HEDGED_POSITION,FLATTENING,reversion_exit,10364.0,10279.0,10449.0,10362.75,14
20260303,60969000,13:56:09.000,FLATTENING,COOLDOWN,reversion_exit,10364.0,10279.0,10449.0,10362.75,16
20260303,60971000,13:56:11.000,COOLDOWN,FLAT_QUOTING,fair_recovered,10362.0,10277.0,10447.0,10361.75,14
20260303,60972000,13:56:12.000,FLAT_QUOTING,LONG_PENDING_HEDGE,target_fill,10362.0,10277.0,10447.0,10361.75,15
20260303,60973000,13:56:13.000,LONG_PENDING_HEDGE,HEDGED_POSITION,hedge_fill,10362.0,10277.0,10447.0,10362.875,16
20260303,60974000,13:56:14.000,HEDGED_POSITION,FLATTENING,reversion_exit,10362.0,10277.0,10447.0,10363.25,16
20260303,60974000,13:56:14.000,FLATTENING,COOLDOWN,reversion_exit,10362.0,10277.0,10447.0,10363.25,18
20260303,60976000,13:56:16.000,COOLDOWN,FLAT_QUOTING,fair_recovered,10363.0,10278.0,10448.0,10363.0,18
20260303,60977000,13:56:17.000,FLAT_QUOTING,LONG_PENDING_HEDGE,target_fill,10363.0,10278.0,10448.0,10362.25,21
20260303,60978000,13:56:18.000,LONG_PENDING_HEDGE,HEDGED_POSITION,hedge_fill,10363.0,10278.0,10448.0,10362.25,22
20260303,60979000,13:56:19.000,HEDGED_POSITION,FLATTENING,reversion_exit,10363.0,10278.0,10448.0,10362.75,22
20260303,60979000,13:56:19.000,FLATTENING,COOLDOWN,reversion_exit,10363.0,10278.0,10448.0,10362.75,24
20260303,60981000,13:56:21.000,COOLDOWN,PAUSED,order_action_limit,10363.0,10278.0,10448.0,10363.75,24
20260303,60982000,13:56:22.000,PAUSED,PAUSED,order_action_limit,10363.0,10278.0,10448.0,10364.25,24
20260303,60983000,13:56:23.000,PAUSED,PAUSED,order_action_limit,10363.0,10278.0,10448.0,10363.5,24
20260303,60984000,13:56:24.000,PAUSED,PAUSED,order_action_limit,10363.0,10278.0,10448.0,10363.0,24
20260303,60985000,13:56:25.000,PAUSED,PAUSED,order_action_limit,10363.0,10278.0,10448.0,10362.5,24
20260303,60986000,13:56:26.000,PAUSED,PAUSED,order_action_limit,10363.0,10278.0,10448.0,10362.625,24
20260303,60987000,13:56:27.000,PAUSED,PAUSED,order_action_limit,10363.0,10278.0,10448.0,10362.875,24
20260303,60988000,13:56:28.000,PAUSED,PAUSED,order_action_limit,10363.0,10278.0,10448.0,10363.125,24
20260303,60989000,13:56:29.000,PAUSED,PAUSED,order_action_limit,10363.0,10278.0,10448.0,10363.125,24
20260303,60990000,13:56:30.000,PAUSED,PAUSED,order_action_limit,10363.0,10278.0,10448.0,10363.375,24
20260303,60991000,13:56:31.000,PAUSED,PAUSED,order_action_limit,10363.0,10278.0,10448.0,10363.5,24
20260303,60997000,13:56:37.000,PAUSED,PAUSED,order_action_limit,10363.0,10278.0,10448.0,10364.5,24
20260303,60998000,13:56:38.000,PAUSED,PAUSED,order_action_limit,10363.0,10278.0,10448.0,10364.75,24
20260303,60999000,13:56:39.000,PAUSED,PAUSED,order_action_limit,10363.0,10278.0,10448.0,10364.5,24
20260303,61000000,13:56:40.000,PAUSED,PAUSED,order_action_limit,10363.0,10278.0,10448.0,10364.5,24
20260303,61001000,13:56:41.000,PAUSED,PAUSED,order_action_limit,10363.0,10278.0,10448.0,10364.625,24
20260303,61002000,13:56:42.000,PAUSED,PAUSED,order_action_limit,10363.0,10278.0,10448.0,10365.0,24
20260303,61003000,13:56:43.000,PAUSED,PAUSED,order_action_limit,10363.0,10278.0,10448.0,10365.5,24
20260303,61004000,13:56:44.000,PAUSED,PAUSED,order_action_limit,10363.0,10278.0,10448.0,10365.25,24
20260303,61005000,13:56:45.000,PAUSED,PAUSED,order_action_limit,10363.0,10278.0,10448.0,10366.0,24
20260303,61006000,13:56:46.000,PAUSED,PAUSED,order_action_limit,10363.0,10278.0,10448.0,10367.0,24
20260303,61007000,13:56:47.000,PAUSED,PAUSED,order_action_limit,10363.0,10278.0,10448.0,10367.0,24
20260303,61008000,13:56:48.000,PAUSED,PAUSED,order_action_limit,10363.0,10278.0,10448.0,10367.5,24
20260303,61009000,13:56:49.000,PAUSED,PAUSED,order_action_limit,10363.0,10278.0,10448.0,10368.25,24
20260303,61010000,13:56:50.000,PAUSED,PAUSED,order_action_limit,10363.0,10278.0,10448.0,10367.25,24
20260303,61011000,13:56:51.000,PAUSED,PAUSED,order_action_limit,10363.0,10278.0,10448.0,10367.25,24
20260303,61012000,13:56:52.000,PAUSED,PAUSED,order_action_limit,10363.0,10278.0,10448.0,10367.25,24
20260303,61013000,13:56:53.000,PAUSED,PAUSED,order_action_limit,10363.0,10278.0,10448.0,10368.0,24
20260303,61014000,13:56:54.000,PAUSED,PAUSED,order_action_limit,10363.0,10278.0,10448.0,10368.0,24
20260303,61015000,13:56:55.000,PAUSED,PAUSED,order_action_limit,10363.0,10278.0,10448.0,10368.25,24
20260303,61016000,13:56:56.000,PAUSED,PAUSED,order_action_limit,10363.0,10278.0,10448.0,10368.25,24
20260303,61017000,13:56:57.000,PAUSED,PAUSED,order_action_limit,10363.0,10278.0,10448.0,10368.25,22
20260303,61018000,13:56:58.000,PAUSED,PAUSED,order_action_limit,10363.0,10278.0,10448.0,10368.5,21
20260303,61019000,13:56:59.000,PAUSED,PAUSED,order_action_limit,10363.0,10278.0,10448.0,10369.0,20
20260303,61020000,13:57:00.000,PAUSED,FLAT_QUOTING,fair_recovered,10374.0,10289.0,10459.0,10373.75,18
20260303,61021000,13:57:01.000,FLAT_QUOTING,LONG_PENDING_HEDGE,target_fill,10374.0,10289.0,10459.0,10376.25,21
20260303,61022000,13:57:02.000,LONG_PENDING_HEDGE,HEDGED_POSITION,hedge_fill,10374.0,10289.0,10459.0,10378.0,22
20260303,61023000,13:57:03.000,HEDGED_POSITION,FLATTENING,reversion_exit,10374.0,10289.0,10459.0,10379.0,22
20260303,61023000,13:57:03.000,FLATTENING,COOLDOWN,reversion_exit,10374.0,10289.0,10459.0,10379.0,24
20260303,61025000,13:57:05.000,COOLDOWN,PAUSED,fair_invalid_or_session_guard,10374.0,10289.0,10459.0,10379.25,24
20260303,61186000,13:59:46.000,PAUSED,FLAT_QUOTING,fair_recovered,10385.0,10300.0,10470.0,10385.25,0
20260303,61187000,13:59:47.000,FLAT_QUOTING,LONG_PENDING_HEDGE,target_fill,10385.0,10300.0,10470.0,10385.5,3
20260303,61188000,13:59:48.000,LONG_PENDING_HEDGE,HEDGED_POSITION,hedge_fill,10385.0,10300.0,10470.0,10386.125,4
20260303,61189000,13:59:49.000,HEDGED_POSITION,FLATTENING,reference_invalid_exit,10385.0,10300.0,10470.0,10386.25,4
20260303,61189000,13:59:49.000,FLATTENING,COOLDOWN,reference_invalid_exit,10385.0,10300.0,10470.0,10386.25,6
20260303,61191000,13:59:51.000,COOLDOWN,FLAT_QUOTING,fair_recovered,10386.0,10301.0,10471.0,10385.875,6
20260303,61192000,13:59:52.000,FLAT_QUOTING,LONG_PENDING_HEDGE,target_fill,10386.0,10301.0,10471.0,10385.875,9
20260303,61193000,13:59:53.000,LONG_PENDING_HEDGE,HEDGED_POSITION,hedge_fill,10386.0,10301.0,10471.0,10385.75,10
20260303,61194000,13:59:54.000,HEDGED_POSITION,FLATTENING,reversion_exit,10386.0,10301.0,10471.0,10386.25,10
20260303,61194000,13:59:54.000,FLATTENING,COOLDOWN,reversion_exit,10386.0,10301.0,10471.0,10386.25,12
20260303,61195000,13:59:55.000,COOLDOWN,PAUSED,fair_invalid_or_session_guard,10386.0,10301.0,10471.0,10385.5,12
20260303,61197000,13:59:57.000,PAUSED,FLAT_QUOTING,fair_recovered,10386.0,10301.0,10471.0,10386.5,12
20260303,61198000,13:59:58.000,FLAT_QUOTING,LONG_PENDING_HEDGE,target_fill,10386.0,10301.0,10471.0,10386.5,15
20260303,61199000,13:59:59.000,LONG_PENDING_HEDGE,HEDGED_POSITION,hedge_fill,10386.0,10301.0,10471.0,10386.5,16
20260303,61200000,14:00:00.000,HEDGED_POSITION,FLATTENING,reference_invalid_exit,10386.0,10301.0,10471.0,10388.125,16
20260303,61200000,14:00:00.000,FLATTENING,COOLDOWN,reference_invalid_exit,10386.0,10301.0,10471.0,10388.125,18
20260303,61201000,14:00:01.000,COOLDOWN,PAUSED,fair_invalid_or_session_guard,10386.0,10301.0,10471.0,10390.5,18
20260303,61451000,14:04:11.000,PAUSED,FLAT_QUOTING,fair_recovered,10430.0,10345.0,10515.0,10430.125,0
20260303,61453000,14:04:13.000,FLAT_QUOTING,LONG_PENDING_HEDGE,target_fill,10430.0,10345.0,10515.0,10425.0,3
20260303,61454000,14:04:14.000,LONG_PENDING_HEDGE,HEDGED_POSITION,hedge_fill,10430.0,10345.0,10515.0,10423.0,4
20260303,61455000,14:04:15.000,HEDGED_POSITION,FLATTENING,reversion_exit,10430.0,10345.0,10515.0,10422.5,4
20260303,61455000,14:04:15.000,FLATTENING,COOLDOWN,reversion_exit,10430.0,10345.0,10515.0,10422.5,6
20260303,61457000,14:04:17.000,COOLDOWN,FLAT_QUOTING,fair_recovered,10418.0,10333.0,10503.0,10417.75,6
20260303,61458000,14:04:18.000,FLAT_QUOTING,LONG_PENDING_HEDGE,target_fill,10418.0,10333.0,10503.0,10413.875,9
20260303,61459000,14:04:19.000,LONG_PENDING_HEDGE,HEDGED_POSITION,hedge_fill,10418.0,10333.0,10503.0,10411.875,10
20260303,61460000,14:04:20.000,HEDGED_POSITION,FLATTENING,reference_invalid_exit,10418.0,10333.0,10503.0,10403.25,10
20260303,61460000,14:04:20.000,FLATTENING,COOLDOWN,reference_invalid_exit,10418.0,10333.0,10503.0,10403.25,12
20260303,61461000,14:04:21.000,COOLDOWN,PAUSED,fair_invalid_or_session_guard,10418.0,10333.0,10503.0,10401.375,12
20260303,61758000,14:09:18.000,PAUSED,FLAT_QUOTING,fair_recovered,10321.0,10236.0,10406.0,10321.0,0
20260303,61759000,14:09:19.000,FLAT_QUOTING,LONG_PENDING_HEDGE,target_fill,10321.0,10236.0,10406.0,10317.75,3
20260303,61760000,14:09:20.000,LONG_PENDING_HEDGE,HEDGED_POSITION,hedge_fill,10321.0,10236.0,10406.0,10316.5,4
20260303,61761000,14:09:21.000,HEDGED_POSITION,FLATTENING,reference_invalid_exit,10321.0,10236.0,10406.0,10313.0,4
20260303,61761000,14:09:21.000,FLATTENING,COOLDOWN,reference_invalid_exit,10321.0,10236.0,10406.0,10313.0,6
20260303,61762000,14:09:22.000,COOLDOWN,PAUSED,fair_invalid_or_session_guard,10321.0,10236.0,10406.0,10310.75,6
20260303,61787000,14:09:47.000,PAUSED,FLAT_QUOTING,fair_recovered,10311.0,10226.0,10396.0,10310.75,6
20260303,61788000,14:09:48.000,FLAT_QUOTING,LONG_PENDING_HEDGE,target_fill,10311.0,10226.0,10396.0,10310.25,9
20260303,61789000,14:09:49.000,LONG_PENDING_HEDGE,HEDGED_POSITION,hedge_fill,10311.0,10226.0,10396.0,10309.875,10
20260303,61790000,14:09:50.000,HEDGED_POSITION,FLATTENING,reversion_exit,10311.0,10226.0,10396.0,10311.375,10
20260303,61790000,14:09:50.000,FLATTENING,COOLDOWN,reversion_exit,10311.0,10226.0,10396.0,10311.375,12
20260303,61792000,14:09:52.000,COOLDOWN,FLAT_QUOTING,fair_recovered,10312.0,10227.0,10397.0,10311.875,12
20260303,61793000,14:09:53.000,FLAT_QUOTING,LONG_PENDING_HEDGE,target_fill,10312.0,10227.0,10397.0,10311.0,15
20260303,61794000,14:09:54.000,LONG_PENDING_HEDGE,HEDGED_POSITION,hedge_fill,10312.0,10227.0,10397.0,10311.0,16
20260303,61795000,14:09:55.000,HEDGED_POSITION,FLATTENING,reference_invalid_exit,10312.0,10227.0,10397.0,10313.625,16
20260303,61795000,14:09:55.000,FLATTENING,COOLDOWN,reference_invalid_exit,10312.0,10227.0,10397.0,10313.625,18
20260303,61796000,14:09:56.000,COOLDOWN,PAUSED,fair_invalid_or_session_guard,10312.0,10227.0,10397.0,10311.875,18
20260303,61814000,14:10:14.000,PAUSED,FLAT_QUOTING,fair_recovered,10300.0,10215.0,10385.0,10299.5,18
20260303,61815000,14:10:15.000,FLAT_QUOTING,LONG_PENDING_HEDGE,target_fill,10300.0,10215.0,10385.0,10302.75,21
20260303,61816000,14:10:16.000,LONG_PENDING_HEDGE,HEDGED_POSITION,hedge_fill,10300.0,10215.0,10385.0,10303.25,22
20260303,61817000,14:10:17.000,HEDGED_POSITION,FLATTENING,reversion_exit,10300.0,10215.0,10385.0,10303.75,22
20260303,61817000,14:10:17.000,FLATTENING,COOLDOWN,reversion_exit,10300.0,10215.0,10385.0,10303.75,24
20260303,61819000,14:10:19.000,COOLDOWN,PAUSED,order_action_limit,10300.0,10215.0,10385.0,10309.25,21
20260303,61820000,14:10:20.000,PAUSED,PAUSED,order_action_limit,10300.0,10215.0,10385.0,10307.25,20
20260303,61821000,14:10:21.000,PAUSED,FLAT_QUOTING,fair_recovered,10307.0,10222.0,10392.0,10307.25,18
20260303,61822000,14:10:22.000,FLAT_QUOTING,LONG_PENDING_HEDGE,target_fill,10307.0,10222.0,10392.0,10307.5,21
20260303,61823000,14:10:23.000,LONG_PENDING_HEDGE,HEDGED_POSITION,hedge_fill,10307.0,10222.0,10392.0,10308.75,22
20260303,61824000,14:10:24.000,HEDGED_POSITION,FLATTENING,reversion_exit,10307.0,10222.0,10392.0,10306.75,22
20260303,61824000,14:10:24.000,FLATTENING,COOLDOWN,reversion_exit,10307.0,10222.0,10392.0,10306.75,24
20260303,61826000,14:10:26.000,COOLDOWN,PAUSED,order_action_limit,10307.0,10222.0,10392.0,10305.5,24
20260303,61827000,14:10:27.000,PAUSED,PAUSED,order_action_limit,10307.0,10222.0,10392.0,10302.0,24
20260303,61828000,14:10:28.000,PAUSED,PAUSED,order_action_limit,10307.0,10222.0,10392.0,10304.5,24
20260303,61829000,14:10:29.000,PAUSED,PAUSED,order_action_limit,10307.0,10222.0,10392.0,10302.375,24
20260303,61830000,14:10:30.000,PAUSED,PAUSED,order_action_limit,10307.0,10222.0,10392.0,10303.25,24
20260303,61831000,14:10:31.000,PAUSED,PAUSED,order_action_limit,10307.0,10222.0,10392.0,10302.5,24
20260303,61832000,14:10:32.000,PAUSED,PAUSED,order_action_limit,10307.0,10222.0,10392.0,10304.5,24
20260303,61833000,14:10:33.000,PAUSED,PAUSED,order_action_limit,10307.0,10222.0,10392.0,10302.75,24
20260303,61834000,14:10:34.000,PAUSED,PAUSED,order_action_limit,10307.0,10222.0,10392.0,10304.75,24
20260303,61835000,14:10:35.000,PAUSED,PAUSED,order_action_limit,10307.0,10222.0,10392.0,10304.25,24
20260303,61836000,14:10:36.000,PAUSED,PAUSED,order_action_limit,10307.0,10222.0,10392.0,10305.25,24
20260303,61837000,14:10:37.000,PAUSED,PAUSED,order_action_limit,10307.0,10222.0,10392.0,10305.25,24
20260303,61838000,14:10:38.000,PAUSED,PAUSED,order_action_limit,10307.0,10222.0,10392.0,10307.0,24
20260303,61839000,14:10:39.000,PAUSED,PAUSED,order_action_limit,10307.0,10222.0,10392.0,10304.75,24
20260303,61840000,14:10:40.000,PAUSED,PAUSED,order_action_limit,10307.0,10222.0,10392.0,10303.625,24
20260303,61841000,14:10:41.000,PAUSED,PAUSED,order_action_limit,10307.0,10222.0,10392.0,10304.625,24
20260303,61842000,14:10:42.000,PAUSED,PAUSED,order_action_limit,10307.0,10222.0,10392.0,10305.125,24
20260303,61843000,14:10:43.000,PAUSED,PAUSED,order_action_limit,10307.0,10222.0,10392.0,10305.625,24
20260303,61844000,14:10:44.000,PAUSED,PAUSED,order_action_limit,10307.0,10222.0,10392.0,10303.375,24
20260303,61845000,14:10:45.000,PAUSED,PAUSED,order_action_limit,10307.0,10222.0,10392.0,10304.125,24
20260303,61846000,14:10:46.000,PAUSED,PAUSED,order_action_limit,10307.0,10222.0,10392.0,10301.375,24
20260303,61847000,14:10:47.000,PAUSED,PAUSED,order_action_limit,10307.0,10222.0,10392.0,10299.625,22
20260303,61848000,14:10:48.000,PAUSED,PAUSED,order_action_limit,10307.0,10222.0,10392.0,10300.125,21
20260303,61855000,14:10:55.000,PAUSED,FLAT_QUOTING,fair_recovered,10294.0,10209.0,10379.0,10294.25,12
20260303,61856000,14:10:56.000,FLAT_QUOTING,LONG_PENDING_HEDGE,target_fill,10294.0,10209.0,10379.0,10293.25,15
20260303,61857000,14:10:57.000,LONG_PENDING_HEDGE,HEDGED_POSITION,hedge_fill,10294.0,10209.0,10379.0,10292.0,16
20260303,61858000,14:10:58.000,HEDGED_POSITION,FLATTENING,reversion_exit,10294.0,10209.0,10379.0,10291.75,16
20260303,61858000,14:10:58.000,FLATTENING,COOLDOWN,reversion_exit,10294.0,10209.0,10379.0,10291.75,18
20260303,61860000,14:11:00.000,COOLDOWN,FLAT_QUOTING,fair_recovered,10292.0,10207.0,10377.0,10292.375,18
20260303,61861000,14:11:01.000,FLAT_QUOTING,LONG_PENDING_HEDGE,target_fill,10292.0,10207.0,10377.0,10290.875,21
20260303,61862000,14:11:02.000,LONG_PENDING_HEDGE,HEDGED_POSITION,hedge_fill,10292.0,10207.0,10377.0,10291.0,22
20260303,61863000,14:11:03.000,HEDGED_POSITION,FLATTENING,reversion_exit,10292.0,10207.0,10377.0,10289.5,22
20260303,61863000,14:11:03.000,FLATTENING,COOLDOWN,reversion_exit,10292.0,10207.0,10377.0,10289.5,24
20260303,61864000,14:11:04.000,COOLDOWN,PAUSED,fair_invalid_or_session_guard,10292.0,10207.0,10377.0,,24
20260303,61867000,14:11:07.000,PAUSED,PAUSED,order_action_limit,10292.0,10207.0,10377.0,10299.0,24
20260303,61868000,14:11:08.000,PAUSED,PAUSED,order_action_limit,10292.0,10207.0,10377.0,10298.5,24
20260303,61869000,14:11:09.000,PAUSED,PAUSED,order_action_limit,10292.0,10207.0,10377.0,10300.75,24
20260303,61870000,14:11:10.000,PAUSED,PAUSED,order_action_limit,10292.0,10207.0,10377.0,10301.25,24
20260303,61871000,14:11:11.000,PAUSED,PAUSED,order_action_limit,10292.0,10207.0,10377.0,10306.5,24
20260303,61872000,14:11:12.000,PAUSED,PAUSED,order_action_limit,10292.0,10207.0,10377.0,10302.5,24
20260303,61873000,14:11:13.000,PAUSED,PAUSED,order_action_limit,10292.0,10207.0,10377.0,10301.5,24
20260303,61874000,14:11:14.000,PAUSED,PAUSED,order_action_limit,10292.0,10207.0,10377.0,10302.75,22
20260303,61875000,14:11:15.000,PAUSED,PAUSED,order_action_limit,10292.0,10207.0,10377.0,10302.75,21
20260303,61876000,14:11:16.000,PAUSED,PAUSED,order_action_limit,10292.0,10207.0,10377.0,10302.5,20
20260303,61877000,14:11:17.000,PAUSED,FLAT_QUOTING,fair_recovered,10302.0,10217.0,10387.0,10302.25,18
20260303,61878000,14:11:18.000,FLAT_QUOTING,LONG_PENDING_HEDGE,target_fill,10302.0,10217.0,10387.0,10301.75,21
20260303,61879000,14:11:19.000,LONG_PENDING_HEDGE,HEDGED_POSITION,hedge_fill,10302.0,10217.0,10387.0,10303.75,22
20260303,61880000,14:11:20.000,HEDGED_POSITION,FLATTENING,reversion_exit,10302.0,10217.0,10387.0,10305.0,22
20260303,61880000,14:11:20.000,FLATTENING,COOLDOWN,reversion_exit,10302.0,10217.0,10387.0,10305.0,24
20260303,61882000,14:11:22.000,COOLDOWN,PAUSED,order_action_limit,10302.0,10217.0,10387.0,10302.5,21
20260303,61886000,14:11:26.000,PAUSED,FLAT_QUOTING,fair_recovered,10302.0,10217.0,10387.0,10301.75,18
20260303,61887000,14:11:27.000,FLAT_QUOTING,LONG_PENDING_HEDGE,target_fill,10302.0,10217.0,10387.0,10300.75,21
20260303,61888000,14:11:28.000,LONG_PENDING_HEDGE,HEDGED_POSITION,hedge_fill,10302.0,10217.0,10387.0,10300.25,22
20260303,61889000,14:11:29.000,HEDGED_POSITION,FLATTENING,reference_invalid_exit,10302.0,10217.0,10387.0,10299.75,22
20260303,61889000,14:11:29.000,FLATTENING,COOLDOWN,reference_invalid_exit,10302.0,10217.0,10387.0,10299.75,24
20260303,61890000,14:11:30.000,COOLDOWN,PAUSED,fair_invalid_or_session_guard,10302.0,10217.0,10387.0,10299.5,24
20260303,61905000,14:11:45.000,PAUSED,PAUSED,order_action_limit,10302.0,10217.0,10387.0,10297.25,24
20260303,61906000,14:11:46.000,PAUSED,PAUSED,order_action_limit,10302.0,10217.0,10387.0,10296.5,24
20260303,61907000,14:11:47.000,PAUSED,PAUSED,order_action_limit,10302.0,10217.0,10387.0,10297.0,24
20260303,61908000,14:11:48.000,PAUSED,PAUSED,order_action_limit,10302.0,10217.0,10387.0,10296.5,24
20260303,61909000,14:11:49.000,PAUSED,PAUSED,order_action_limit,10302.0,10217.0,10387.0,10296.25,24
20260303,61910000,14:11:50.000,PAUSED,PAUSED,order_action_limit,10302.0,10217.0,10387.0,10296.0,24
20260303,61911000,14:11:51.000,PAUSED,PAUSED,order_action_limit,10302.0,10217.0,10387.0,10296.0,24
20260303,61912000,14:11:52.000,PAUSED,PAUSED,order_action_limit,10302.0,10217.0,10387.0,10294.75,24
20260303,61913000,14:11:53.000,PAUSED,PAUSED,order_action_limit,10302.0,10217.0,10387.0,10293.5,24
20260303,61914000,14:11:54.000,PAUSED,PAUSED,order_action_limit,10302.0,10217.0,10387.0,10294.25,24
20260303,61915000,14:11:55.000,PAUSED,PAUSED,order_action_limit,10302.0,10217.0,10387.0,10292.75,22
20260303,61916000,14:11:56.000,PAUSED,PAUSED,order_action_limit,10302.0,10217.0,10387.0,10293.5,21
20260303,61917000,14:11:57.000,PAUSED,PAUSED,order_action_limit,10302.0,10217.0,10387.0,10291.75,20
20260303,61918000,14:11:58.000,PAUSED,FLAT_QUOTING,fair_recovered,10292.0,10207.0,10377.0,10292.0,18
20260303,61919000,14:11:59.000,FLAT_QUOTING,LONG_PENDING_HEDGE,target_fill,10292.0,10207.0,10377.0,10292.25,21
20260303,61920000,14:12:00.000,LONG_PENDING_HEDGE,HEDGED_POSITION,hedge_fill,10292.0,10207.0,10377.0,10291.75,20
20260303,61921000,14:12:01.000,HEDGED_POSITION,FLATTENING,reversion_exit,10292.0,10207.0,10377.0,10284.5,19
20260303,61921000,14:12:01.000,FLATTENING,COOLDOWN,reversion_exit,10292.0,10207.0,10377.0,10284.5,21
20260303,61923000,14:12:03.000,COOLDOWN,FLAT_QUOTING,fair_recovered,10281.0,10196.0,10366.0,10280.75,18
20260303,61924000,14:12:04.000,FLAT_QUOTING,LONG_PENDING_HEDGE,target_fill,10281.0,10196.0,10366.0,10280.5,21
20260303,61925000,14:12:05.000,LONG_PENDING_HEDGE,HEDGED_POSITION,hedge_fill,10281.0,10196.0,10366.0,10280.25,22
20260303,61926000,14:12:06.000,HEDGED_POSITION,FLATTENING,reversion_exit,10281.0,10196.0,10366.0,10280.75,22
20260303,61926000,14:12:06.000,FLATTENING,COOLDOWN,reversion_exit,10281.0,10196.0,10366.0,10280.75,24
20260303,61928000,14:12:08.000,COOLDOWN,PAUSED,order_action_limit,10281.0,10196.0,10366.0,10282.0,24
20260303,61929000,14:12:09.000,PAUSED,PAUSED,order_action_limit,10281.0,10196.0,10366.0,10280.25,24
20260303,61930000,14:12:10.000,PAUSED,PAUSED,order_action_limit,10281.0,10196.0,10366.0,10282.0,24
20260303,61931000,14:12:11.000,PAUSED,PAUSED,order_action_limit,10281.0,10196.0,10366.0,10282.0,24
20260303,61932000,14:12:12.000,PAUSED,PAUSED,order_action_limit,10281.0,10196.0,10366.0,10281.75,24
20260303,61933000,14:12:13.000,PAUSED,PAUSED,order_action_limit,10281.0,10196.0,10366.0,10282.25,24
20260303,61934000,14:12:14.000,PAUSED,PAUSED,order_action_limit,10281.0,10196.0,10366.0,10282.25,24
20260303,61935000,14:12:15.000,PAUSED,PAUSED,order_action_limit,10281.0,10196.0,10366.0,10283.5,24
20260303,61936000,14:12:16.000,PAUSED,PAUSED,order_action_limit,10281.0,10196.0,10366.0,10282.625,24
20260303,61937000,14:12:17.000,PAUSED,PAUSED,order_action_limit,10281.0,10196.0,10366.0,10283.75,22
20260303,61938000,14:12:18.000,PAUSED,PAUSED,order_action_limit,10281.0,10196.0,10366.0,10283.875,21
20260303,61939000,14:12:19.000,PAUSED,PAUSED,order_action_limit,10281.0,10196.0,10366.0,10281.0,20
20260303,61940000,14:12:20.000,PAUSED,FLAT_QUOTING,fair_recovered,10281.0,10196.0,10366.0,10281.25,18
20260303,61941000,14:12:21.000,FLAT_QUOTING,LONG_PENDING_HEDGE,target_fill,10281.0,10196.0,10366.0,10281.25,21
20260303,61942000,14:12:22.000,LONG_PENDING_HEDGE,HEDGED_POSITION,hedge_fill,10281.0,10196.0,10366.0,10282.25,22
20260303,61943000,14:12:23.000,HEDGED_POSITION,FLATTENING,reversion_exit,10281.0,10196.0,10366.0,10283.25,22
20260303,61943000,14:12:23.000,FLATTENING,COOLDOWN,reversion_exit,10281.0,10196.0,10366.0,10283.25,24
20260303,61945000,14:12:25.000,COOLDOWN,PAUSED,order_action_limit,10281.0,10196.0,10366.0,10283.5,24
20260303,61946000,14:12:26.000,PAUSED,PAUSED,order_action_limit,10281.0,10196.0,10366.0,10283.25,22
20260303,61947000,14:12:27.000,PAUSED,PAUSED,order_action_limit,10281.0,10196.0,10366.0,10283.5,21
20260303,61948000,14:12:28.000,PAUSED,PAUSED,order_action_limit,10281.0,10196.0,10366.0,10289.5,20
20260303,61949000,14:12:29.000,PAUSED,FLAT_QUOTING,fair_recovered,10290.0,10205.0,10375.0,10289.5,18
20260303,61950000,14:12:30.000,FLAT_QUOTING,LONG_PENDING_HEDGE,target_fill,10290.0,10205.0,10375.0,10289.75,21
20260303,61951000,14:12:31.000,LONG_PENDING_HEDGE,HEDGED_POSITION,hedge_fill,10290.0,10205.0,10375.0,10289.25,22
20260303,61952000,14:12:32.000,HEDGED_POSITION,FLATTENING,reversion_exit,10290.0,10205.0,10375.0,10288.75,22
20260303,61952000,14:12:32.000,FLATTENING,COOLDOWN,reversion_exit,10290.0,10205.0,10375.0,10288.75,24
20260303,61954000,14:12:34.000,COOLDOWN,PAUSED,order_action_limit,10290.0,10205.0,10375.0,10290.0,24
20260303,61957000,14:12:37.000,PAUSED,PAUSED,order_action_limit,10290.0,10205.0,10375.0,10289.5,24
20260303,61981000,14:13:01.000,PAUSED,FLAT_QUOTING,fair_recovered,10281.0,10196.0,10366.0,10281.25,18
20260303,61982000,14:13:02.000,FLAT_QUOTING,LONG_PENDING_HEDGE,target_fill,10281.0,10196.0,10366.0,10278.5,21
20260303,61983000,14:13:03.000,LONG_PENDING_HEDGE,HEDGED_POSITION,hedge_fill,10281.0,10196.0,10366.0,,20
20260303,61984000,14:13:04.000,HEDGED_POSITION,FLATTENING,reversion_exit,10281.0,10196.0,10366.0,10269.5,19
20260303,61984000,14:13:04.000,FLATTENING,COOLDOWN,reversion_exit,10281.0,10196.0,10366.0,10269.5,21
20260303,61985000,14:13:05.000,COOLDOWN,PAUSED,fair_invalid_or_session_guard,10281.0,10196.0,10366.0,,20
20260303,62000000,14:13:20.000,PAUSED,FLAT_QUOTING,fair_recovered,10265.0,10180.0,10350.0,10265.0,16
20260303,62001000,14:13:21.000,FLAT_QUOTING,LONG_PENDING_HEDGE,target_fill,10265.0,10180.0,10350.0,,18
20260303,62002000,14:13:22.000,LONG_PENDING_HEDGE,HEDGED_POSITION,hedge_fill,10265.0,10180.0,10350.0,,18
20260303,62003000,14:13:23.000,HEDGED_POSITION,FLATTENING,reference_invalid_exit,10265.0,10180.0,10350.0,,16
20260303,62003000,14:13:23.000,FLATTENING,COOLDOWN,reference_invalid_exit,10265.0,10180.0,10350.0,,18
20260303,62004000,14:13:24.000,COOLDOWN,PAUSED,fair_invalid_or_session_guard,10265.0,10180.0,10350.0,,18
20260303,62019000,14:13:39.000,PAUSED,FLAT_QUOTING,fair_recovered,10262.0,10177.0,10347.0,10261.5,12
20260303,62020000,14:13:40.000,FLAT_QUOTING,LONG_PENDING_HEDGE,target_fill,10262.0,10177.0,10347.0,10260.125,15
20260303,62021000,14:13:41.000,LONG_PENDING_HEDGE,HEDGED_POSITION,hedge_fill,10262.0,10177.0,10347.0,10259.375,16
20260303,62022000,14:13:42.000,HEDGED_POSITION,FLATTENING,reversion_exit,10262.0,10177.0,10347.0,10258.625,16
20260303,62022000,14:13:42.000,FLATTENING,COOLDOWN,reversion_exit,10262.0,10177.0,10347.0,10258.625,18
20260303,62024000,14:13:44.000,COOLDOWN,PAUSED,fair_invalid_or_session_guard,10262.0,10177.0,10347.0,,18
20260303,62041000,14:14:01.000,PAUSED,FLAT_QUOTING,fair_recovered,10260.0,10175.0,10345.0,10260.5,16
20260303,62042000,14:14:02.000,FLAT_QUOTING,LONG_PENDING_HEDGE,target_fill,10260.0,10175.0,10345.0,10259.75,18
20260303,62043000,14:14:03.000,LONG_PENDING_HEDGE,HEDGED_POSITION,hedge_fill,10260.0,10175.0,10345.0,10258.5,18
20260303,62044000,14:14:04.000,HEDGED_POSITION,FLATTENING,reversion_exit,10260.0,10175.0,10345.0,10257.5,16
20260303,62044000,14:14:04.000,FLATTENING,COOLDOWN,reversion_exit,10260.0,10175.0,10345.0,10257.5,18
20260303,62046000,14:14:06.000,COOLDOWN,FLAT_QUOTING,fair_recovered,10255.0,10170.0,10340.0,10254.75,18
20260303,62071000,14:14:31.000,FLAT_QUOTING,PAUSED,fair_invalid_or_session_guard,10255.0,10170.0,10340.0,10242.75,14
20260303,62074000,14:14:34.000,PAUSED,FLAT_QUOTING,fair_recovered,10244.0,10159.0,10329.0,10243.75,16
20260303,62162000,14:16:02.000,FLAT_QUOTING,PAUSED,fair_invalid_or_session_guard,10244.0,10159.0,10329.0,10258.625,0
20260303,62166000,14:16:06.000,PAUSED,FLAT_QUOTING,fair_recovered,10260.0,10175.0,10345.0,10260.5,2
20260303,62168000,14:16:08.000,FLAT_QUOTING,PAUSED,fair_invalid_or_session_guard,10260.0,10175.0,10345.0,10258.375,4
20260303,62170000,14:16:10.000,PAUSED,FLAT_QUOTING,fair_recovered,10256.0,10171.0,10341.0,10256.25,6
20260303,62172000,14:16:12.000,FLAT_QUOTING,PAUSED,fair_invalid_or_session_guard,10256.0,10171.0,10341.0,10250.25,8
20260303,62180000,14:16:20.000,PAUSED,FLAT_QUOTING,fair_recovered,10251.0,10166.0,10336.0,10251.0,10
20260303,62193000,14:16:33.000,FLAT_QUOTING,PAUSED,fair_invalid_or_session_guard,10251.0,10166.0,10336.0,10247.0,12
20260303,62223000,14:17:03.000,PAUSED,FLAT_QUOTING,fair_recovered,10254.0,10169.0,10339.0,10254.25,12
20260303,62257000,14:17:37.000,FLAT_QUOTING,PAUSED,fair_invalid_or_session_guard,10254.0,10169.0,10339.0,10247.0,2
20260303,62261000,14:17:41.000,PAUSED,FLAT_QUOTING,fair_recovered,10244.0,10159.0,10329.0,10244.0,4
20260303,62268000,14:17:48.000,FLAT_QUOTING,PAUSED,fair_invalid_or_session_guard,10244.0,10159.0,10329.0,10242.75,6
20260303,62270000,14:17:50.000,PAUSED,FLAT_QUOTING,fair_recovered,10238.0,10153.0,10323.0,10238.25,8
20260303,62342000,14:19:02.000,FLAT_QUOTING,PAUSED,fair_invalid_or_session_guard,10238.0,10153.0,10323.0,,0
20260303,62344000,14:19:04.000,PAUSED,FLAT_QUOTING,fair_recovered,10247.0,10162.0,10332.0,10247.25,2
20260303,62373000,14:19:33.000,FLAT_QUOTING,PAUSED,fair_invalid_or_session_guard,10247.0,10162.0,10332.0,10233.5,4
20260303,62380000,14:19:40.000,PAUSED,FLAT_QUOTING,fair_recovered,10230.0,10145.0,10315.0,10229.5,6
20260303,62386000,14:19:46.000,FLAT_QUOTING,PAUSED,fair_invalid_or_session_guard,10230.0,10145.0,10315.0,10219.75,8
20260303,62904000,14:28:24.000,PAUSED,FLAT_QUOTING,fair_recovered,10187.0,10102.0,10272.0,10186.625,0
20260303,62921000,14:28:41.000,FLAT_QUOTING,PAUSED,fair_invalid_or_session_guard,10187.0,10102.0,10272.0,10205.75,2
20260303,62923000,14:28:43.000,PAUSED,FLAT_QUOTING,fair_recovered,10205.0,10120.0,10290.0,10205.25,4
20260303,62956000,14:29:16.000,FLAT_QUOTING,PAUSED,fair_invalid_or_session_guard,10205.0,10120.0,10290.0,,6
20260303,62958000,14:29:18.000,PAUSED,FLAT_QUOTING,fair_recovered,10210.0,10125.0,10295.0,10209.75,8
20260303,63006000,14:30:06.000,FLAT_QUOTING,PAUSED,fair_invalid_or_session_guard,10210.0,10125.0,10295.0,10209.0,4
20260303,63067000,14:31:07.000,PAUSED,FLAT_QUOTING,fair_recovered,10224.0,10139.0,10309.0,10224.0,0
20260303,63110000,14:31:50.000,FLAT_QUOTING,PAUSED,fair_invalid_or_session_guard,10224.0,10139.0,10309.0,,2
20260303,63113000,14:31:53.000,PAUSED,FLAT_QUOTING,fair_recovered,10216.0,10131.0,10301.0,10216.25,4
20260303,63120000,14:32:00.000,FLAT_QUOTING,PAUSED,fair_invalid_or_session_guard,10216.0,10131.0,10301.0,,6
20260303,63122000,14:32:02.000,PAUSED,FLAT_QUOTING,fair_recovered,10215.0,10130.0,10300.0,10214.625,8
20260303,63144000,14:32:24.000,FLAT_QUOTING,PAUSED,fair_invalid_or_session_guard,10215.0,10130.0,10300.0,,8
20260303,63147000,14:32:27.000,PAUSED,FLAT_QUOTING,fair_recovered,10230.0,10145.0,10315.0,10230.25,10
20260303,63161000,14:32:41.000,FLAT_QUOTING,PAUSED,fair_invalid_or_session_guard,10230.0,10145.0,10315.0,,12
20260303,63164000,14:32:44.000,PAUSED,FLAT_QUOTING,fair_recovered,10230.0,10145.0,10315.0,10229.75,14
20260303,63172000,14:32:52.000,FLAT_QUOTING,PAUSED,fair_invalid_or_session_guard,10230.0,10145.0,10315.0,,14
20260303,63176000,14:32:56.000,PAUSED,FLAT_QUOTING,fair_recovered,10230.0,10145.0,10315.0,10230.25,14
20260303,63192000,14:33:12.000,FLAT_QUOTING,PAUSED,fair_invalid_or_session_guard,10230.0,10145.0,10315.0,,12
20260303,63194000,14:33:14.000,PAUSED,FLAT_QUOTING,fair_recovered,10228.0,10143.0,10313.0,10228.5,14
20260303,63211000,14:33:31.000,FLAT_QUOTING,PAUSED,fair_invalid_or_session_guard,10228.0,10143.0,10313.0,,12
20260303,63223000,14:33:43.000,PAUSED,FLAT_QUOTING,fair_recovered,10231.0,10146.0,10316.0,10230.75,12
20260303,63251000,14:34:11.000,FLAT_QUOTING,PAUSED,fair_invalid_or_session_guard,10231.0,10146.0,10316.0,,8
20260303,63254000,14:34:14.000,PAUSED,FLAT_QUOTING,fair_recovered,10227.0,10142.0,10312.0,10226.75,6
20260303,63258000,14:34:18.000,FLAT_QUOTING,PAUSED,fair_invalid_or_session_guard,10227.0,10142.0,10312.0,,8
20260303,63262000,14:34:22.000,PAUSED,FLAT_QUOTING,fair_recovered,10229.0,10144.0,10314.0,10229.25,10
20260303,63296000,14:34:56.000,FLAT_QUOTING,PAUSED,fair_invalid_or_session_guard,10229.0,10144.0,10314.0,,8
20260303,63298000,14:34:58.000,PAUSED,FLAT_QUOTING,fair_recovered,10227.0,10142.0,10312.0,10227.25,10
20260303,63329000,14:35:29.000,FLAT_QUOTING,PAUSED,fair_invalid_or_session_guard,10227.0,10142.0,10312.0,,4
20260303,63331000,14:35:31.000,PAUSED,FLAT_QUOTING,fair_recovered,10233.0,10148.0,10318.0,10233.25,6
20260303,63352000,14:35:52.000,FLAT_QUOTING,PAUSED,fair_invalid_or_session_guard,10233.0,10148.0,10318.0,10227.0,8
20260303,63363000,14:36:03.000,PAUSED,FLAT_QUOTING,fair_recovered,10233.0,10148.0,10318.0,10233.0,6
20260303,63370000,14:36:10.000,FLAT_QUOTING,PAUSED,fair_invalid_or_session_guard,10233.0,10148.0,10318.0,,8
20260303,63373000,14:36:13.000,PAUSED,FLAT_QUOTING,fair_recovered,10229.0,10144.0,10314.0,10228.75,10
20260303,63375000,14:36:15.000,FLAT_QUOTING,PAUSED,fair_invalid_or_session_guard,10229.0,10144.0,10314.0,,12
20260303,63379000,14:36:19.000,PAUSED,FLAT_QUOTING,fair_recovered,10234.0,10149.0,10319.0,10233.5,14
20260303,63417000,14:36:57.000,FLAT_QUOTING,PAUSED,fair_invalid_or_session_guard,10234.0,10149.0,10319.0,,10
20260303,63419000,14:36:59.000,PAUSED,FLAT_QUOTING,fair_recovered,10236.0,10151.0,10321.0,10236.0,12
20260303,63430000,14:37:10.000,FLAT_QUOTING,PAUSED,fair_invalid_or_session_guard,10236.0,10151.0,10321.0,,10
20260303,63436000,14:37:16.000,PAUSED,FLAT_QUOTING,fair_recovered,10235.0,10150.0,10320.0,10235.25,8
20260303,63440000,14:37:20.000,FLAT_QUOTING,PAUSED,fair_invalid_or_session_guard,10235.0,10150.0,10320.0,,8
20260303,63448000,14:37:28.000,PAUSED,FLAT_QUOTING,fair_recovered,10236.0,10151.0,10321.0,10236.25,10
20260303,63474000,14:37:54.000,FLAT_QUOTING,PAUSED,fair_invalid_or_session_guard,10236.0,10151.0,10321.0,,12
20260303,63480000,14:38:00.000,PAUSED,FLAT_QUOTING,fair_recovered,10235.0,10150.0,10320.0,10234.75,10
20260303,63496000,14:38:16.000,FLAT_QUOTING,PAUSED,fair_invalid_or_session_guard,10235.0,10150.0,10320.0,,8
20260303,63500000,14:38:20.000,PAUSED,FLAT_QUOTING,fair_recovered,10230.0,10145.0,10315.0,10230.0,8
20260303,63503000,14:38:23.000,FLAT_QUOTING,PAUSED,fair_invalid_or_session_guard,10230.0,10145.0,10315.0,,10
20260303,63509000,14:38:29.000,PAUSED,FLAT_QUOTING,fair_recovered,10232.0,10147.0,10317.0,10232.0,10
20260303,63537000,14:38:57.000,FLAT_QUOTING,PAUSED,fair_invalid_or_session_guard,10232.0,10147.0,10317.0,,10
20260303,63539000,14:38:59.000,PAUSED,FLAT_QUOTING,fair_recovered,10229.0,10144.0,10314.0,10229.125,12
20260303,63554000,14:39:14.000,FLAT_QUOTING,PAUSED,fair_invalid_or_session_guard,10229.0,10144.0,10314.0,,12
20260303,63557000,14:39:17.000,PAUSED,FLAT_QUOTING,fair_recovered,10230.0,10145.0,10315.0,10230.0,12
20260303,63574000,14:39:34.000,FLAT_QUOTING,PAUSED,fair_invalid_or_session_guard,10230.0,10145.0,10315.0,,8
20260303,63583000,14:39:43.000,PAUSED,FLAT_QUOTING,fair_recovered,10227.0,10142.0,10312.0,10227.0,10
20260303,63593000,14:39:53.000,FLAT_QUOTING,PAUSED,fair_invalid_or_session_guard,10227.0,10142.0,10312.0,,12
20260303,63596000,14:39:56.000,PAUSED,FLAT_QUOTING,fair_recovered,10230.0,10145.0,10315.0,10229.5,14
20260303,63642000,14:40:42.000,FLAT_QUOTING,PAUSED,fair_invalid_or_session_guard,10230.0,10145.0,10315.0,,6
20260303,63645000,14:40:45.000,PAUSED,FLAT_QUOTING,fair_recovered,10235.0,10150.0,10320.0,10234.75,6
20260303,63649000,14:40:49.000,FLAT_QUOTING,PAUSED,fair_invalid_or_session_guard,10235.0,10150.0,10320.0,,8
20260303,63655000,14:40:55.000,PAUSED,FLAT_QUOTING,fair_recovered,10236.0,10151.0,10321.0,10236.0,8
20260303,63665000,14:41:05.000,FLAT_QUOTING,PAUSED,fair_invalid_or_session_guard,10236.0,10151.0,10321.0,,8
20260303,63675000,14:41:15.000,PAUSED,FLAT_QUOTING,fair_recovered,10236.0,10151.0,10321.0,10236.25,10
20260303,63686000,14:41:26.000,FLAT_QUOTING,PAUSED,fair_invalid_or_session_guard,10236.0,10151.0,10321.0,,12
20260303,63693000,14:41:33.000,PAUSED,FLAT_QUOTING,fair_recovered,10239.0,10154.0,10324.0,10238.75,14
20260303,63697000,14:41:37.000,FLAT_QUOTING,PAUSED,fair_invalid_or_session_guard,10239.0,10154.0,10324.0,,16
20260303,63700000,14:41:40.000,PAUSED,FLAT_QUOTING,fair_recovered,10237.0,10152.0,10322.0,10236.75,18
20260303,63714000,14:41:54.000,FLAT_QUOTING,PAUSED,fair_invalid_or_session_guard,10237.0,10152.0,10322.0,,14
20260303,63727000,14:42:07.000,PAUSED,FLAT_QUOTING,fair_recovered,10235.0,10150.0,10320.0,10234.75,12
20260303,63731000,14:42:11.000,FLAT_QUOTING,PAUSED,fair_invalid_or_session_guard,10235.0,10150.0,10320.0,,14
20260303,63738000,14:42:18.000,PAUSED,FLAT_QUOTING,fair_recovered,10234.0,10149.0,10319.0,10234.5,14
20260303,63746000,14:42:26.000,FLAT_QUOTING,PAUSED,fair_invalid_or_session_guard,10234.0,10149.0,10319.0,,14
20260303,63753000,14:42:33.000,PAUSED,FLAT_QUOTING,fair_recovered,10233.0,10148.0,10318.0,10233.0,14
20260303,63776000,14:42:56.000,FLAT_QUOTING,PAUSED,fair_invalid_or_session_guard,10233.0,10148.0,10318.0,,10
20260303,63779000,14:42:59.000,PAUSED,FLAT_QUOTING,fair_recovered,10233.0,10148.0,10318.0,10233.0,12
20260303,63789000,14:43:09.000,FLAT_QUOTING,PAUSED,fair_invalid_or_session_guard,10233.0,10148.0,10318.0,,12
20260303,63791000,14:43:11.000,PAUSED,FLAT_QUOTING,fair_recovered,10233.0,10148.0,10318.0,10232.75,12
20260303,63815000,14:43:35.000,FLAT_QUOTING,PAUSED,fair_invalid_or_session_guard,10233.0,10148.0,10318.0,,8
20260303,63828000,14:43:48.000,PAUSED,FLAT_QUOTING,fair_recovered,10234.0,10149.0,10319.0,10234.0,10
20260303,63849000,14:44:09.000,FLAT_QUOTING,PAUSED,fair_invalid_or_session_guard,10234.0,10149.0,10319.0,,6
20260303,63856000,14:44:16.000,PAUSED,FLAT_QUOTING,fair_recovered,10232.0,10147.0,10317.0,10232.5,6
20260303,63864000,14:44:24.000,FLAT_QUOTING,PAUSED,fair_invalid_or_session_guard,10232.0,10147.0,10317.0,,8
20260303,63870000,14:44:30.000,PAUSED,FLAT_QUOTING,fair_recovered,10231.0,10146.0,10316.0,10231.25,10
20260303,63872000,14:44:32.000,FLAT_QUOTING,PAUSED,fair_invalid_or_session_guard,10231.0,10146.0,10316.0,,12
20260303,63875000,14:44:35.000,PAUSED,FLAT_QUOTING,fair_recovered,10228.0,10143.0,10313.0,10227.5,12
20260303,63878000,14:44:38.000,FLAT_QUOTING,PAUSED,fair_invalid_or_session_guard,10228.0,10143.0,10313.0,,14
20260303,63895000,14:44:55.000,PAUSED,FLAT_QUOTING,fair_recovered,10229.0,10144.0,10314.0,10228.75,14
20260303,63903000,14:45:03.000,FLAT_QUOTING,PAUSED,fair_invalid_or_session_guard,10229.0,10144.0,10314.0,,16
20260303,63905000,14:45:05.000,PAUSED,FLAT_QUOTING,fair_recovered,10232.0,10147.0,10317.0,10232.5,18
20260303,63910000,14:45:10.000,FLAT_QUOTING,PAUSED,fair_invalid_or_session_guard,10232.0,10147.0,10317.0,,18
20260303,63918000,14:45:18.000,PAUSED,FLAT_QUOTING,fair_recovered,10232.0,10147.0,10317.0,10232.0,18
20260303,63920000,14:45:20.000,FLAT_QUOTING,PAUSED,fair_invalid_or_session_guard,10232.0,10147.0,10317.0,,20
20260303,63924000,14:45:24.000,PAUSED,PAUSED,order_action_limit,10232.0,10147.0,10317.0,10231.75,20
20260303,63925000,14:45:25.000,PAUSED,PAUSED,order_action_limit,10232.0,10147.0,10317.0,10231.5,20
20260303,63926000,14:45:26.000,PAUSED,PAUSED,order_action_limit,10232.0,10147.0,10317.0,10231.0,20
20260303,63927000,14:45:27.000,PAUSED,PAUSED,order_action_limit,10232.0,10147.0,10317.0,10230.75,20
20260303,63929000,14:45:29.000,PAUSED,PAUSED,order_action_limit,10232.0,10147.0,10317.0,10230.5,20
20260303,63930000,14:45:30.000,PAUSED,FLAT_QUOTING,fair_recovered,10231.0,10146.0,10316.0,10231.0,18
20260303,63932000,14:45:32.000,FLAT_QUOTING,PAUSED,fair_invalid_or_session_guard,10231.0,10146.0,10316.0,,18
20260303,63934000,14:45:34.000,PAUSED,PAUSED,order_action_limit,10231.0,10146.0,10316.0,10231.75,20
20260303,63935000,14:45:35.000,PAUSED,FLAT_QUOTING,fair_recovered,10232.0,10147.0,10317.0,10231.75,18
20260303,63956000,14:45:56.000,FLAT_QUOTING,PAUSED,data_gap,10232.0,10147.0,10317.0,,16
20260303,63959000,14:45:59.000,PAUSED,FLAT_QUOTING,fair_recovered,10231.0,10146.0,10316.0,10231.0,18
20260303,63981000,14:46:21.000,FLAT_QUOTING,PAUSED,fair_invalid_or_session_guard,10231.0,10146.0,10316.0,,10
20260303,63983000,14:46:23.000,PAUSED,FLAT_QUOTING,fair_recovered,10229.0,10144.0,10314.0,10229.25,12
20260303,63988000,14:46:28.000,FLAT_QUOTING,PAUSED,fair_invalid_or_session_guard,10229.0,10144.0,10314.0,,14
20260303,63999000,14:46:39.000,PAUSED,FLAT_QUOTING,fair_recovered,10228.0,10143.0,10313.0,10227.75,10
20260303,64005000,14:46:45.000,FLAT_QUOTING,PAUSED,fair_invalid_or_session_guard,10228.0,10143.0,10313.0,,12
20260303,64009000,14:46:49.000,PAUSED,FLAT_QUOTING,fair_recovered,10225.0,10140.0,10310.0,10225.25,14
20260303,64013000,14:46:53.000,FLAT_QUOTING,PAUSED,fair_invalid_or_session_guard,10225.0,10140.0,10310.0,10227.75,16
20260303,64110000,14:48:30.000,PAUSED,FLAT_QUOTING,fair_recovered,10224.0,10139.0,10309.0,10223.75,0
20260303,64112000,14:48:32.000,FLAT_QUOTING,PAUSED,fair_invalid_or_session_guard,10224.0,10139.0,10309.0,,2
20260303,64117000,14:48:37.000,PAUSED,FLAT_QUOTING,fair_recovered,10223.0,10138.0,10308.0,10223.0,4
20260303,64128000,14:48:48.000,FLAT_QUOTING,PAUSED,fair_invalid_or_session_guard,10223.0,10138.0,10308.0,,6
20260303,64143000,14:49:03.000,PAUSED,FLAT_QUOTING,fair_recovered,10227.0,10142.0,10312.0,10226.875,8
20260303,64148000,14:49:08.000,FLAT_QUOTING,PAUSED,fair_invalid_or_session_guard,10227.0,10142.0,10312.0,,10
20260303,64156000,14:49:16.000,PAUSED,FLAT_QUOTING,fair_recovered,10228.0,10143.0,10313.0,10227.625,12
20260303,64174000,14:49:34.000,FLAT_QUOTING,PAUSED,fair_invalid_or_session_guard,10228.0,10143.0,10313.0,,10
20260303,64177000,14:49:37.000,PAUSED,FLAT_QUOTING,fair_recovered,10226.0,10141.0,10311.0,10226.0,10
20260303,64179000,14:49:39.000,FLAT_QUOTING,PAUSED,fair_invalid_or_session_guard,10226.0,10141.0,10311.0,,12
20260303,64183000,14:49:43.000,PAUSED,FLAT_QUOTING,fair_recovered,10225.0,10140.0,10310.0,10225.0,14
20260303,64193000,14:49:53.000,FLAT_QUOTING,PAUSED,fair_invalid_or_session_guard,10225.0,10140.0,10310.0,,14
20260303,64208000,14:50:08.000,PAUSED,FLAT_QUOTING,fair_recovered,10225.0,10140.0,10310.0,10225.25,12
20260303,64216000,14:50:16.000,FLAT_QUOTING,PAUSED,fair_invalid_or_session_guard,10225.0,10140.0,10310.0,,12
20260303,64234000,14:50:34.000,PAUSED,FLAT_QUOTING,fair_recovered,10226.0,10141.0,10311.0,10225.875,12
20260303,64254000,14:50:54.000,FLAT_QUOTING,PAUSED,fair_invalid_or_session_guard,10226.0,10141.0,10311.0,,6
20260303,64256000,14:50:56.000,PAUSED,FLAT_QUOTING,fair_recovered,10225.0,10140.0,10310.0,10225.25,8
20260303,64272000,14:51:12.000,FLAT_QUOTING,PAUSED,fair_invalid_or_session_guard,10225.0,10140.0,10310.0,,8
20260303,64278000,14:51:18.000,PAUSED,FLAT_QUOTING,fair_recovered,10223.0,10138.0,10308.0,10222.75,8
20260303,64281000,14:51:21.000,FLAT_QUOTING,PAUSED,fair_invalid_or_session_guard,10223.0,10138.0,10308.0,,10
20260303,64328000,14:52:08.000,PAUSED,FLAT_QUOTING,fair_recovered,10258.0,10173.0,10343.0,10258.25,6
20260303,64333000,14:52:13.000,FLAT_QUOTING,PAUSED,fair_invalid_or_session_guard,10258.0,10173.0,10343.0,10254.5,6
20260303,64785000,14:59:45.000,PAUSED,FLAT_QUOTING,fair_recovered,10287.0,10202.0,10372.0,10286.75,0
20260303,64786000,14:59:46.000,FLAT_QUOTING,LONG_PENDING_HEDGE,target_fill,10287.0,10202.0,10372.0,10286.75,3
20260303,64787000,14:59:47.000,LONG_PENDING_HEDGE,HEDGED_POSITION,hedge_fill,10287.0,10202.0,10372.0,10286.25,4
20260303,64788000,14:59:48.000,HEDGED_POSITION,FLATTENING,reversion_exit,10287.0,10202.0,10372.0,10287.0,4
20260303,64788000,14:59:48.000,FLATTENING,COOLDOWN,reversion_exit,10287.0,10202.0,10372.0,10287.0,6
20260303,64790000,14:59:50.000,COOLDOWN,FLAT_QUOTING,fair_recovered,10288.0,10203.0,10373.0,10288.0,6
20260303,64791000,14:59:51.000,FLAT_QUOTING,LONG_PENDING_HEDGE,target_fill,10288.0,10203.0,10373.0,10286.0,9
20260303,64792000,14:59:52.000,LONG_PENDING_HEDGE,HEDGED_POSITION,hedge_fill,10288.0,10203.0,10373.0,10289.25,10
20260303,64793000,14:59:53.000,HEDGED_POSITION,FLATTENING,reversion_exit,10288.0,10203.0,10373.0,10288.75,10
20260303,64793000,14:59:53.000,FLATTENING,COOLDOWN,reversion_exit,10288.0,10203.0,10373.0,10288.75,12
20260303,64795000,14:59:55.000,COOLDOWN,FLAT_QUOTING,fair_recovered,10288.0,10203.0,10373.0,10287.75,12
20260303,64796000,14:59:56.000,FLAT_QUOTING,LONG_PENDING_HEDGE,target_fill,10288.0,10203.0,10373.0,10286.5,15
20260303,64797000,14:59:57.000,LONG_PENDING_HEDGE,HEDGED_POSITION,hedge_fill,10288.0,10203.0,10373.0,10290.25,16
20260303,64798000,14:59:58.000,HEDGED_POSITION,FLATTENING,reversion_exit,10288.0,10203.0,10373.0,10289.0,16
20260303,64798000,14:59:58.000,FLATTENING,COOLDOWN,reversion_exit,10288.0,10203.0,10373.0,10289.0,18
20260303,64800000,15:00:00.000,COOLDOWN,PAUSED,fair_invalid_or_session_guard,10288.0,10203.0,10373.0,,18
