检测器版本,参数档,验证状态,事件编号,交易日,事件时间,区间均价确认结束时间,品种,合约,事件开始序号,事件锚点开始序号,事件锚点结束序号,事件结束序号,触发原因,合理价,合理价不确定性_跳,有效参考合约数,参考合约列表,价差基线最少样本数,噪声样本数,噪声覆盖秒数,最新成交价,区间成交均价,末笔向下偏离_跳,末笔向下偏离_基点,区间均价向下偏离_跳,区间均价向下偏离_基点,一秒合并成交均价,一秒合并均价向下偏离_跳,末笔触发阈值_跳,区间均价触发阈值_跳,突发偏离_跳,区间增量成交量,区间增量成交额,事件成交量,名义成交额缺口,回归标签,可见末笔恢复确认秒数,区间均价恢复确认秒数,买一恢复确认秒数,数据质量标记
aggregated-tick-v1,AUTO_INFERRED_V1,validated,AG2604|00:18:01.500,20260202,00:18:01.500,00:18:02.500,AG,AG2604,11881500,23763,23763,11881500,"visible_execution_drop,interval_execution_drop",25530.5,0.7413,3,"AG2608,AG2603,AG2610",20,312,290.0,25442.0,25434.954545454544,88.5,34.66442098666301,95.54545454545588,37.424043612720425,25442.36312849162,88.13687150838086,67.1648,67.75783999999136,47.81468531468636,66.0,25180605.0,66.0,94590.00000000132,persistent_10s,,,,
aggregated-tick-v1,AUTO_INFERRED_V1,validated,AG2604|00:18:07.000,20260202,00:18:07.000,00:18:08.000,AG,AG2604,11887000,23774,23774,11887000,"visible_execution_drop,interval_execution_drop",25520.0,9.6369,3,"AG2608,AG2603,AG2610",20,311,290.0,25410.0,25413.21212121212,110.0,43.10344827586207,106.78787878787988,41.84478008929462,25410.65,109.34999999999854,67.1648,71.11839999998561,56.25,33.0,12579540.0,33.0,52860.000000000546,persistent_10s,,,,
aggregated-tick-v1,AUTO_INFERRED_V1,validated,AG2605|00:18:01.500,20260202,00:18:01.500,,AG,AG2605,11881500,23738,23738,11881500,visible_execution_drop,25039.0,3.7065,3,"AG2608,AG2603,AG2610",20,266,290.0,24954.0,24974.636363636364,85.0,33.9470426135229,64.36363636363603,25.705354192913468,,,79.5256,77.0545999999928,73.125,11.0,4120815.0,11.0,10619.999999999944,trade_recovered_3s,0.5,,1.0,
aggregated-tick-v1,AUTO_INFERRED_V1,validated,AL2609|09:06:27.500,20260202,09:06:27.500,09:06:28.500,AL,AL2609,43587500,20652,20652,43588000,visible_execution_drop,24175.0,1.4826,5,"AL2603,AL2604,AL2605,AL2606,AL2602",20,244,290.0,24000.0,24073.837209302328,35.0,72.38883143743537,20.232558139534376,41.84603544888185,24081.39344262295,18.72131147541004,20.0,20.0,34.75,43.0,5175875.0,50.0,21749.999999999454,trade_recovered_3s,2.0,,1.0,
aggregated-tick-v1,AUTO_INFERRED_V1,validated,AP605|09:03:55.000,20260202,09:03:55.000,09:03:56.000,AP,AP605,43435000,466,467,43435000,interval_execution_drop,9463.5,7.78365,5,"AP610,AP603,AP604,AP611,AP701",20,106,285.0,9474.0,9350.327272727272,-10.5,-11.095260738627358,113.17272727272756,119.58865881833104,9390.302631578948,73.1973684210534,59.9409,60.09519999999999,113.17272727272756,55.0,514268.0,55.0,6224.500000000016,trade_recovered_3s,,2.0,1.0,
aggregated-tick-v1,AUTO_INFERRED_V1,validated,AP605|09:05:05.000,20260202,09:05:05.000,09:05:06.000,AP,AP605,43505000,606,607,43505000,interval_execution_drop,9467.5,5.559749999999999,5,"AP610,AP603,AP604,AP611,AP701",20,174,290.0,9472.0,9397.11224489796,-4.5,-4.753102719831001,70.38775510204141,74.34671782629144,9418.551181102364,48.948818897637466,68.13,28.266,70.38775510204141,98.0,920917.0,98.0,6898.000000000058,trade_recovered_3s,,2.0,1.0,
aggregated-tick-v1,AU_V1,validated,AU2604|22:23:54.000,20260202,22:23:54.000,22:23:55.000,AU,AU2604,5034000,10068,10068,5034000,interval_execution_drop,1147.24,2.223899999997977,3,"AU2606,AU2610,AU2603",20,426,290.0,1146.26,1146.4442857142856,49.00000000000091,8.54224050765331,39.78571428572195,6.935900820355279,1146.309642857143,46.51785714285097,50.44320000002154,39.6357266666049,39.78571428572195,14.0,16050220.0,14.0,11140.000000002146,trade_recovered_3s,,1.5,0.5,
aggregated-tick-v1,AU_V1,validated,AU2604|00:18:04.000,20260202,00:18:04.000,00:18:05.000,AU,AU2604,11884000,23768,23768,11884000,interval_execution_drop,1133.5500000000002,2.9652000000225858,4,"AU2608,AU2610,AU2612,AU2603",20,391,290.0,1133.16,1132.598222222222,19.500000000005,3.440518724362401,47.58888888890169,8.396434015068005,1132.556417910448,49.679104477615965,47.4432000002379,42.36000000006916,37.808585858590504,45.0,50966920.0,45.0,42830.000000011525,trade_recovered_3s,,1.5,0.5,
aggregated-tick-v1,AU_V1,validated,AU2606|21:49:54.500,20260202,21:49:54.500,,AU,AU2606,2994500,5988,5988,2994500,visible_execution_drop,1130.265,7.042349999985167,5,"AU2604,AU2608,AU2610,AU2612,AU2603",20,271,290.0,1128.6999999999996,1129.746274509804,78.2500000000141,13.846310378542045,25.936274509797386,4.589414784992438,,,73.95599999992136,62.13162666649308,52.37500000000637,51.0,57617060.0,51.0,26454.999999993335,trade_recovered_3s,0.5,,0.5,
aggregated-tick-v1,AU_V1,validated,AU2606|22:28:12.000,20260202,22:28:12.000,,AU,AU2606,5292000,10583,10583,5292000,visible_execution_drop,1149.19,9.63689999997438,3,"AU2608,AU2612,AU2603",20,268,290.0,1147.74,1148.45,72.50000000000227,12.617582819203486,37.000000000000455,6.439318128420966,,,61.33879999994421,59.38039595959274,67.50000000001819,14.0,16078300.0,14.0,10360.000000000127,trade_recovered_3s,0.5,,1.0,
aggregated-tick-v1,AU_V1,validated,AU2606|02:17:31.000,20260202,02:17:31.000,,AU,AU2606,19051000,37971,37971,19051000,visible_execution_drop,1095.8599999999997,9.266249999983144,5,"AU2604,AU2608,AU2610,AU2612,AU2603",20,148,290.0,1091.32,1093.841818181818,226.9999999999868,41.42864964502525,100.90909090907871,18.416420146565937,,,128.84379999987996,124.20920000003376,198.9999999999895,22.0,24064520.0,22.0,44399.99999999463,trade_recovered_3s,0.5,,0.5,
aggregated-tick-v1,AU_V1,validated,AU2606|10:54:09.000,20260202,10:54:09.000,,AU,AU2606,50049000,51355,51355,50049000,visible_execution_drop,1069.6699999999998,1.6855210560606788e-11,4,"AU2608,AU2610,AU2612,AU2603",20,272,290.0,1068.0,1068.7818181818182,83.49999999999227,15.61229164134589,44.409090909084625,8.303325494607614,,,80.81039999999392,76.43090000006106,82.12500000000773,11.0,11756600.0,11.0,9769.999999998618,trade_recovered_3s,1.0,,0.5,
aggregated-tick-v1,AU_V1,validated,AU2606|13:43:56.500,20260202,13:43:56.500,13:43:57.500,AU,AU2606,60236500,57325,57325,60236500,interval_execution_drop,1034.9899999999998,9.6369000000418,5,"AU2604,AU2608,AU2610,AU2612,AU2603",20,138,290.0,1033.12,1031.0492307692307,93.49999999999454,18.067807418428114,197.0384615384546,38.07543291016428,1031.9851239669422,150.24380165287994,110.71240000011862,93.61771999997212,89.78846153844415,65.0,67018200.0,65.0,256149.999999991,trade_recovered_3s,,2.0,1.0,
aggregated-tick-v1,AU_V1,validated,AU2608|10:37:15.000,20260202,10:37:15.000,,AU,AU2608,49035000,48765,48765,49035000,visible_execution_drop,1078.0100000000002,7.412999999976402,5,"AU2604,AU2606,AU2610,AU2612,AU2603",20,136,290.0,1076.0000000000002,1076.7309523809524,100.49999999999956,18.645467110694614,63.952380952389376,11.864895678590988,,,76.07780000022282,74.59520000007836,100.49999999999956,42.0,45222700.0,42.0,53720.00000000707,trade_recovered_3s,2.0,,0.5,
aggregated-tick-v1,AUTO_INFERRED_V1,validated,CU2603|00:56:59.500,20260202,00:56:59.500,,CU,CU2603,14219500,28326,28326,14219500,visible_execution_drop,103150.0,1.4826,5,"CU2604,CU2605,CU2602,CU2606,CU2609",20,505,290.0,102930.0,103011.80722891566,22.0,21.328162869607368,13.819277108434472,13.397263314042144,,,20.0,20.0,20.5,83.0,42749900.0,83.0,57350.000000003056,trade_recovered_3s,0.5,,0.5,
aggregated-tick-v1,AUTO_INFERRED_V1,validated,CU2604|21:02:34.500,20260202,21:02:34.500,,CU,CU2604,154500,309,309,154500,visible_execution_drop,103817.5,4.07715,4,"CU2605,CU2602,CU2606,CU2609",20,147,144.0,103600.0,103662.91666666666,21.75,20.950225154718616,15.458333333334304,14.889910981611292,,,20.0,20.0,21.75,240.0,124395500.0,240.0,185500.00000001164,trade_recovered_3s,0.5,,0.5,
aggregated-tick-v1,AUTO_INFERRED_V1,validated,CU2605|10:49:14.000,20260202,10:49:14.000,,CU,CU2605,49754000,38784,38784,49754000,visible_execution_drop,101005.0,0.7413,4,"CU2603,CU2602,CU2606,CU2609",20,300,290.0,100750.0,100840.58252427184,25.5,25.246274936884312,16.441747572815803,16.278152143770903,,,20.0,20.0,21.25,103.0,51932900.0,103.0,84675.00000000138,trade_recovered_3s,0.5,,0.5,
aggregated-tick-v1,AUTO_INFERRED_V1,validated,EC2604|09:56:20.500,20260202,09:56:20.500,,EC,EC2604,46580500,6761,6761,46580500,visible_execution_drop,1197.0749999999998,8.524949999999663,2,"EC2606,EC2608",20,130,290.0,1184.8,1184.8,24.549999999999727,102.54161184553904,24.549999999999727,102.54161184553904,,,22.063999999999815,22.558200000000717,16.049999999999727,1.0,59240.0,1.0,613.7499999999932,trade_recovered_3s,1.0,,,
aggregated-tick-v1,AUTO_INFERRED_V1,validated,FU2604|11:29:59.000,20260202,11:29:59.000,,FU,FU2604,52199000,30383,30383,52199000,visible_execution_drop,2712.25,1.11195,4,"FU2603,FU2605,FU2606,FU2609",20,180,290.0,2690.0,2697.666666666667,22.25,82.0352106184902,14.58333333333303,53.76839647279207,,,20.0,20.0,18.5,6.0,161860.0,6.0,874.9999999999818,trade_recovered_3s,0.5,,0.5,
aggregated-tick-v1,AUTO_INFERRED_V1,validated,IF2603|14:25:40.400,20260202,14:25:40.400,14:25:41.400,IF,IF2603,62739900,23640,23640,62740400,"visible_execution_drop,interval_execution_drop",4601.7,4.4478000000026965,3,"IF2602,IF2606,IF2609",20,454,290.0,4597.0,4593.158273381295,23.49999999999909,10.213616706868804,42.70863309352535,18.56211099964159,4593.5506024096385,40.74698795180666,35.082399999990514,35.08239999997036,26.208633093528988,139.0,191534700.0,168.0,356190.0000000014,trade_recovered_3s,0.5,1.5,0.5,
aggregated-tick-v1,AUTO_INFERRED_V1,validated,IM2602|11:22:31.900,20260202,11:22:31.900,,IM,IM2602,51751900,12617,12617,51751900,visible_execution_drop,8131.950000000001,8.524950000000674,2,"IM2603,IM2606",20,261,290.0,8121.8,8126.745454545454,50.75000000000273,12.481631097093002,26.0227272727343,6.400119841547058,,,46.012799999987394,46.012799999987394,46.625000000008185,11.0,17878840.0,11.0,11450.000000003092,trade_recovered_3s,0.5,,0.5,
aggregated-tick-v1,AUTO_INFERRED_V1,validated,NI2604|22:27:24.500,20260202,22:27:24.500,,NI,NI2604,5244500,10326,10326,5244500,visible_execution_drop,140265.0,3.7065,5,"NI2603,NI2605,NI2609,NI2606,NI2602",20,175,290.0,140040.0,140210.0,22.5,16.041065126724416,5.5,3.9211492531993017,,,20.0064,20.0,21.0,11.0,1542310.0,11.0,605.0,trade_recovered_3s,1.0,,0.5,
aggregated-tick-v1,AUTO_INFERRED_V1,validated,NI2604|00:57:52.500,20260202,00:57:52.500,,NI,NI2604,14272500,27298,27298,14272500,visible_execution_drop,140065.0,0.7413,3,"NI2605,NI2609,NI2606",20,178,290.0,139770.0,139948.07692307694,29.5,21.061649948238315,11.692307692306349,8.347772600083067,,,20.0,20.0,20.624647887323228,26.0,3638650.0,26.0,3039.9999999996508,trade_recovered_3s,0.5,,0.5,
aggregated-tick-v1,AUTO_INFERRED_V1,validated,NI2604|13:33:16.000,20260202,13:33:16.000,,NI,NI2604,59596000,43784,43784,59596000,visible_execution_drop,132485.0,2.2238999999999995,5,"NI2603,NI2605,NI2609,NI2606,NI2602",20,194,185.5,132190.0,132315.0,29.5,22.266671698682867,17.0,12.831641317885044,,,29.151999999999997,24.40768,28.5,8.0,1058520.0,8.0,1360.0,trade_recovered_3s,0.5,,0.5,
aggregated-tick-v1,AUTO_INFERRED_V1,validated,NI2604|14:06:50.000,20260202,14:06:50.000,,NI,NI2604,61610000,47374,47374,61610000,visible_execution_drop,130365.0,8.895599999999998,5,"NI2603,NI2605,NI2609,NI2606,NI2602",20,308,290.0,130090.0,130230.0,27.5,21.094618954473976,13.5,10.355540214014498,,,26.1868,25.365066666663544,22.5,5.0,651150.0,5.0,675.0,trade_recovered_3s,0.5,,0.5,
aggregated-tick-v1,AUTO_INFERRED_V1,validated,NI2605|09:03:08.000,20260202,09:03:08.000,,NI,NI2605,43388000,28762,28762,43388000,visible_execution_drop,137895.0,4.447799999999999,5,"NI2603,NI2604,NI2609,NI2606,NI2602",20,212,237.5,137660.0,137761.50735294115,23.5,17.041952210014866,13.349264705882524,9.680746006659067,,,23.2216,20.796358441568845,22.70738636363676,272.0,37471130.0,272.0,36310.000000000466,trade_recovered_3s,0.5,,0.5,
aggregated-tick-v1,AUTO_INFERRED_V1,validated,NI2606|21:50:20.000,20260202,21:50:20.000,,NI,NI2606,3020000,5895,5895,3020000,visible_execution_drop,139505.0,2.2238999999999995,5,"NI2603,NI2605,NI2604,NI2609,NI2602",20,121,290.0,139230.0,139246.25,27.5,19.712555105551775,25.875,18.547722303860077,,,23.7216,24.2216,27.5,80.0,11139700.0,80.0,20700.0,trade_recovered_3s,1.0,,0.5,
aggregated-tick-v1,AUTO_INFERRED_V1,validated,OI603|21:13:14.000,20260130,21:13:14.000,21:13:15.000,OI,OI603,794000,1187,1187,794000,interval_execution_drop,9648.0,0.7413,5,"OI605,OI607,OI609,OI701,OI611",20,117,289.0,9646.0,9611.666666666666,2.0,2.0729684908789388,36.33333333333394,37.658927584301345,9614.619047619048,33.380952380952294,20.2912,21.151999999999997,33.83333333333394,39.0,374855.0,39.0,1417.0000000000236,trade_recovered_3s,,2.0,1.0,
aggregated-tick-v1,AUTO_INFERRED_V1,validated,OI605|21:04:41.000,20260130,21:04:41.000,21:04:42.000,OI,OI605,281000,634,635,281000,interval_execution_drop,9357.5,1.4826,5,"OI607,OI603,OI609,OI701,OI611",20,202,271.0,9356.0,9225.554054054051,1.5,1.6029922522041145,131.94594594594673,141.005552707397,9251.978021978022,105.5219780219777,20.0,44.8736,129.44594594594673,74.0,682691.0,74.0,9764.000000000058,trade_recovered_3s,,2.0,1.0,
aggregated-tick-v1,AUTO_INFERRED_V1,validated,OI605|21:05:36.000,20260130,21:05:36.000,21:05:37.000,OI,OI605,336000,744,745,336000,interval_execution_drop,9353.0,1.85325,4,"OI607,OI603,OI609,OI611",20,255,290.0,9353.0,9239.344444444445,0.0,0.0,113.65555555555513,121.51775425591264,9244.734042553191,108.2659574468089,20.0,20.151999999999997,113.15555555555513,90.0,831541.0,90.0,10228.99999999996,trade_recovered_3s,,2.0,1.0,
aggregated-tick-v1,AUTO_INFERRED_V1,validated,OI605|21:06:06.000,20260130,21:06:06.000,21:06:07.000,OI,OI605,366000,804,805,366000,interval_execution_drop,9345.5,2.2239,5,"OI607,OI603,OI609,OI701,OI611",20,285,290.0,9346.0,9175.703125,-0.5,-0.5350168530308704,169.796875,181.68837943395215,9258.72807017544,86.77192982456108,20.0,22.867199999999997,169.796875,64.0,587245.0,64.0,10867.0,trade_recovered_3s,,2.0,1.0,
aggregated-tick-v1,AUTO_INFERRED_V1,validated,OI605|21:29:19.000,20260130,21:29:19.000,21:29:20.000,OI,OI605,1759000,3357,3358,1759000,interval_execution_drop,9348.25,1.85325,2,"OI607,OI609",20,232,290.0,9345.0,9296.65393258427,3.25,3.47658652689006,51.59606741573043,55.19329009785835,9300.16313559322,48.08686440677957,20.0,27.367199999999997,49.59606741573043,445.0,4137011.0,445.0,22960.250000000044,trade_recovered_3s,,2.0,1.0,
aggregated-tick-v1,AUTO_INFERRED_V1,validated,OI607|09:14:38.000,20260202,09:14:38.000,09:14:39.000,OI,OI607,44078000,8610,8611,44078000,interval_execution_drop,9282.5,0.7413,5,"OI605,OI603,OI609,OI701,OI611",20,101,290.0,9281.0,9128.545454545454,1.5,1.6159439806086722,153.95454545454595,165.85461400974518,9221.8,60.70000000000073,20.0,20.0,152.45454545454595,22.0,200828.0,22.0,3387.000000000011,trade_recovered_3s,,2.0,1.0,
aggregated-tick-v1,AUTO_INFERRED_V1,validated,OI607|09:21:06.000,20260202,09:21:06.000,09:21:07.000,OI,OI607,44466000,9154,9155,44466000,interval_execution_drop,9271.5,2.2239,5,"OI605,OI603,OI609,OI701,OI611",20,102,290.0,9270.0,9191.307692307691,1.5,1.6178611875101117,80.19230769230853,86.49334810150303,9194.2,77.29999999999927,20.0,20.0,78.44230769230853,39.0,358461.0,39.0,3127.5000000000327,quote_only_recovered_3s,,7.0,1.0,
aggregated-tick-v1,AUTO_INFERRED_V1,validated,OI607|09:23:15.000,20260202,09:23:15.000,09:23:16.000,OI,OI607,44595000,9348,9349,44595000,interval_execution_drop,9252.0,2.2239,5,"OI605,OI603,OI609,OI701,OI611",20,106,290.0,9252.0,9108.333333333334,0.0,0.0,143.66666666666606,155.28174088485306,9152.741935483871,99.2580645161288,20.0,20.0,143.66666666666606,24.0,218600.0,24.0,3447.9999999999854,trade_recovered_3s,,2.0,1.0,
aggregated-tick-v1,AUTO_INFERRED_V1,validated,OI607|09:31:19.000,20260202,09:31:19.000,09:31:20.000,OI,OI607,45079000,10081,10082,45079000,interval_execution_drop,9236.5,2.2239,5,"OI605,OI603,OI609,OI701,OI611",20,121,289.0,9233.0,9141.384615384615,3.5,3.789314134141721,95.11538461538476,102.97773465640095,9204.746268656716,31.753731343284016,20.0,20.0,92.86538461538476,39.0,356514.0,39.0,3709.5000000000055,quote_only_recovered_3s,,,1.0,
aggregated-tick-v1,AUTO_INFERRED_V1,validated,OI607|09:35:03.000,20260202,09:35:03.000,09:35:04.000,OI,OI607,45303000,10443,10444,45303000,interval_execution_drop,9236.5,2.2239,5,"OI605,OI603,OI609,OI701,OI611",20,150,290.0,9237.0,9130.068181818182,-0.5,-0.5413305905916743,106.43181818181802,115.2295979882185,9176.79365079365,59.70634920634984,20.0,20.0,106.43181818181802,44.0,401723.0,44.0,4682.999999999993,quote_only_recovered_3s,,4.0,1.0,
aggregated-tick-v1,AUTO_INFERRED_V1,validated,OI609|09:06:18.000,20260202,09:06:18.000,09:06:19.000,OI,OI609,43578000,7070,7070,43578000,interval_execution_drop,9229.0,0.7413,5,"OI605,OI607,OI603,OI701,OI611",20,117,289.0,9224.0,9058.82142857143,5.0,5.417705060136527,170.17857142857065,184.3954615110745,9097.323529411764,131.67647058823604,20.0,31.1648,166.17857142857065,28.0,253647.0,28.0,4764.999999999978,trade_recovered_3s,,2.0,1.0,
aggregated-tick-v1,AUTO_INFERRED_V1,validated,PX604|21:05:57.000,20260130,21:05:57.000,21:05:58.000,PX,PX604,357000,739,740,357000,interval_execution_drop,7377.0,1.4826,5,"PX605,PX603,PX606,PX607,PX609",20,181,290.0,7378.0,7097.5,-0.5,-1.35556459265284,139.75,378.8803036464688,7158.4,109.30000000000018,20.0,50.8736,139.75,12.0,85170.0,12.0,3354.0,quote_only_recovered_3s,,10.0,1.0,
aggregated-tick-v1,AUTO_INFERRED_V1,validated,PX604|21:08:06.000,20260130,21:08:06.000,21:08:07.000,PX,PX604,486000,985,986,486000,interval_execution_drop,7385.0,0.0,5,"PX605,PX603,PX606,PX607,PX609",20,182,290.0,7382.0,7100.0,1.5,4.062288422477995,142.5,385.9174001354096,7117.411764705882,133.794117647059,20.0,20.651999999999997,142.0,16.0,113600.0,16.0,4560.0,quote_only_recovered_3s,,6.0,1.0,
aggregated-tick-v1,AUTO_INFERRED_V1,validated,PX604|21:12:28.000,20260130,21:12:28.000,21:12:29.000,PX,PX604,748000,1439,1440,748000,interval_execution_drop,7381.0,0.7413,5,"PX605,PX603,PX606,PX607,PX609",20,123,290.0,7380.0,7156.4,0.5,1.354829968838911,112.30000000000018,304.29481100121984,7214.8,83.09999999999991,20.0,20.0,112.30000000000018,30.0,214692.0,30.0,6738.000000000011,trade_recovered_3s,,2.0,1.0,
aggregated-tick-v1,AUTO_INFERRED_V1,validated,PX605|21:04:56.000,20260130,21:04:56.000,21:04:57.000,PX,PX605,296000,621,622,296000,interval_execution_drop,7436.0,0.7413,5,"PX603,PX604,PX606,PX607,PX609",20,217,286.0,7432.0,7145.211009174312,2.0,5.3792361484669176,145.3944954128442,391.0556627564395,7196.732824427481,119.63358778625934,20.0,52.3736,144.8944954128442,109.0,778828.0,109.0,31696.000000000036,trade_recovered_3s,,2.0,1.0,
aggregated-tick-v1,AUTO_INFERRED_V1,validated,PX605|21:09:19.000,20260130,21:09:19.000,21:09:20.000,PX,PX605,559000,1147,1148,559000,interval_execution_drop,7423.0,0.0,5,"PX603,PX604,PX606,PX607,PX609",20,287,290.0,7424.0,7137.102564102564,-0.5,-1.3471642193183349,142.9487179487178,385.1507960358825,7153.842424242424,134.5787878787878,20.0,20.0,142.4487179487178,156.0,1113388.0,156.0,44599.99999999995,trade_recovered_3s,,2.0,1.0,
aggregated-tick-v1,AUTO_INFERRED_V1,validated,PX605|21:14:41.000,20260130,21:14:41.000,21:14:42.000,PX,PX605,881000,1765,1766,881000,interval_execution_drop,7427.0,0.0,5,"PX603,PX604,PX606,PX607,PX609",20,244,290.0,7428.0,7166.675675675676,-0.5,-1.3464386697185942,130.16216216216208,350.5107369386349,7212.741573033708,107.12921348314605,20.0,20.0,130.16216216216208,222.0,1591002.0,222.0,57791.99999999996,trade_recovered_3s,,2.0,1.0,
aggregated-tick-v1,AUTO_INFERRED_V1,validated,SC2605|10:37:27.500,20260202,10:37:27.500,,SC,SC2605,49047500,48613,48613,49047500,visible_execution_drop,460.55,1.48260000000118,5,"SC2603,SC2604,SC2606,SC2607,SC2609",20,319,290.0,458.0,459.7030303030303,25.500000000000114,55.36858104440368,8.469696969697225,18.390396199537996,,,20.0,20.0,20.750000000000455,99.0,45510600.0,99.0,83850.00000000252,trade_recovered_3s,0.5,,0.5,
aggregated-tick-v1,AUTO_INFERRED_V1,validated,SN2603|22:50:47.000,20260202,22:50:47.000,22:50:48.000,SN,SN2603,6647000,13291,13291,6647000,visible_execution_drop,418755.0,1.4826,5,"SN2604,SN2605,SN2606,SN2602,SN2607",20,338,290.0,417990.0,418194.7368421053,76.5,18.26843858580793,56.026315789471845,13.37925894364768,418311.8032786885,44.3196721311484,56.4638,54.2786666666772,76.5,38.0,15891400.0,38.0,21289.9999999993,trade_recovered_3s,0.5,,0.5,
aggregated-tick-v1,AUTO_INFERRED_V1,validated,SN2603|00:11:33.000,20260202,00:11:33.000,,SN,SN2603,11493000,22941,22941,11493000,visible_execution_drop,411975.0,9.6369,3,"SN2605,SN2606,SN2607",20,322,290.0,411280.0,411460.8,69.5,16.86995570119546,51.42000000000117,12.481339887129357,,,67.6822,63.66700322580088,49.7,25.0,10286520.0,25.0,12855.000000000293,trade_recovered_3s,0.5,,0.5,
aggregated-tick-v1,AUTO_INFERRED_V1,validated,SN2603|00:33:20.500,20260202,00:33:20.500,00:33:21.500,SN,SN2603,12800500,25544,25544,12800500,interval_execution_drop,414605.0,1.4826,3,"SN2606,SN2602,SN2607",20,361,290.0,414100.0,414100.0,50.5,12.180267965895249,50.5,12.180267965895249,414100.0,50.5,55.3388,48.72232,35.625,1.0,414100.0,1.0,505.0,trade_recovered_3s,,1.5,0.5,
aggregated-tick-v1,AUTO_INFERRED_V1,validated,SN2603|00:52:28.500,20260202,00:52:28.500,,SN,SN2603,13948500,27819,27819,13948500,visible_execution_drop,405040.0,5.1891,5,"SN2604,SN2605,SN2606,SN2602,SN2607",20,149,290.0,403480.0,404667.4528301887,156.0,38.51471459608928,37.25471698113252,9.19778712747692,,,87.2408,75.81956,135.0,106.0,42894750.0,106.0,39490.000000000466,trade_recovered_3s,1.0,,1.0,
aggregated-tick-v1,AUTO_INFERRED_V1,validated,SN2603|00:58:18.500,20260202,00:58:18.500,00:58:19.500,SN,SN2603,14298500,28518,28518,14298500,interval_execution_drop,412575.0,2.2238999999999995,5,"SN2604,SN2605,SN2606,SN2602,SN2607",20,219,290.0,411590.0,411624.4444444445,98.5,23.874447070229657,95.0555555555562,23.039582028856863,411674.3209876543,90.0679012345674,101.7472,64.5572,95.0555555555562,18.0,7409240.0,18.0,17110.000000000116,trade_recovered_3s,,1.5,0.5,
aggregated-tick-v1,AUTO_INFERRED_V1,validated,SN2604|22:41:44.000,20260202,22:41:44.000,,SN,SN2604,6104000,12203,12203,6104000,visible_execution_drop,418760.0,2.9652,4,"SN2603,SN2605,SN2606,SN2607",20,119,290.0,418000.0,418326.0,76.0,18.148820326678766,43.4,10.3639316076034,,,70.7376,66.1648,76.0,5.0,2091630.0,5.0,2170.0,trade_recovered_3s,0.5,,0.5,
aggregated-tick-v1,AUTO_INFERRED_V1,validated,SN2605|23:11:31.500,20260202,23:11:31.500,,SN,SN2605,7891500,15746,15746,7891500,visible_execution_drop,416570.0,9.6369,5,"SN2603,SN2604,SN2606,SN2602,SN2607",20,149,290.0,415840.0,416030.0,73.0,17.524065583215307,54.0,12.96300741772091,,,58.3736,55.9084,62.4583333333343,2.0,832060.0,2.0,1080.0,trade_recovered_3s,0.5,,0.5,
aggregated-tick-v1,AUTO_INFERRED_V1,validated,SR609|21:03:44.000,20260130,21:03:44.000,21:03:45.000,SR,SR609,224000,402,403,224000,interval_execution_drop,5222.0,0.7413,5,"SR605,SR607,SR603,SR611,SR701",20,105,214.0,5222.0,5200.172839506173,0.0,0.0,21.82716049382725,41.79846896558264,5200.585365853659,21.414634146341086,20.0,20.0,21.82716049382725,81.0,421214.0,81.0,1768.0000000000073,trade_recovered_3s,,2.0,1.0,
aggregated-tick-v1,AUTO_INFERRED_V1,validated,SS2605|13:52:14.500,20260202,13:52:14.500,,SS,SS2605,60734500,37474,37474,60734500,visible_execution_drop,13637.5,1.4826,5,"SS2603,SS2604,SS2606,SS2602,SS2609",20,392,290.0,13530.0,13570.891304347828,21.5,78.82676443629697,13.321739130434434,48.84230661937465,,,20.0,20.0,12.031281568782834,230.0,15606525.0,230.0,76599.99999999799,trade_recovered_3s,0.5,,0.5,
aggregated-tick-v1,AUTO_INFERRED_V1,validated,SS2605|13:52:43.500,20260202,13:52:43.500,13:52:44.500,SS,SS2605,60763500,37532,37532,60763500,interval_execution_drop,13642.5,0.0,3,"SS2603,SS2604,SS2609",20,395,290.0,13560.0,13540.413223140496,16.5,60.47278724573941,20.417355371901067,74.82996288034109,13535.830039525692,21.333992094861607,20.0,20.0,8.167355371901067,121.0,8191950.0,121.0,61762.50000000073,trade_recovered_3s,,2.0,0.5,
aggregated-tick-v1,AUTO_INFERRED_V1,validated,TA603|21:04:01.000,20260130,21:04:01.000,21:04:02.000,TA,TA603,241000,529,530,241000,interval_execution_drop,5268.0,0.0,5,"TA605,TA609,TA604,TA606,TA607",20,147,231.0,5268.0,5080.305555555556,0.0,0.0,93.84722222222216,356.2916561208131,5102.049382716049,82.97530864197552,20.0,20.0,93.59722222222216,72.0,365782.0,72.0,13513.999999999993,trade_recovered_3s,,2.0,1.0,
aggregated-tick-v1,AUTO_INFERRED_V1,validated,TA604|21:12:13.000,20260130,21:12:13.000,21:12:14.000,TA,TA604,733000,1439,1439,733000,interval_execution_drop,5278.0,0.0,5,"TA605,TA609,TA603,TA606,TA607",20,107,290.0,5278.0,5134.327272727272,0.0,0.0,71.83636363636379,272.2105480726176,5137.035714285715,70.48214285714266,20.0,20.0,71.83636363636379,55.0,282388.0,55.0,7902.000000000016,quote_only_recovered_3s,,4.0,1.0,
aggregated-tick-v1,AUTO_INFERRED_V1,validated,TA609|09:03:53.000,20260202,09:03:53.000,09:03:54.000,TA,TA609,43433000,11052,11053,43433000,interval_execution_drop,5212.0,0.7413,5,"TA605,TA603,TA604,TA606,TA607",20,147,223.0,5212.0,5116.23113964687,0.0,0.0,47.88443017656482,183.74685409272763,5129.771851851852,41.11407407407387,20.0,20.0,47.38443017656482,623.0,3187412.0,623.0,59663.99999999977,trade_recovered_3s,,2.0,1.0,
aggregated-tick-v1,AUTO_INFERRED_V1,validated,TA609|09:32:02.000,20260202,09:32:02.000,09:32:03.000,TA,TA609,45122000,14055,14056,45122000,interval_execution_drop,5227.0,0.0,5,"TA605,TA603,TA604,TA606,TA607",20,171,290.0,5228.0,5102.732142857143,-0.5,-1.913143294432753,62.13392857142844,237.74221760638395,5103.671476137625,61.66426193118741,20.0,20.0,62.13392857142844,896.0,4572048.0,896.0,111343.99999999977,trade_recovered_3s,,2.0,1.0,
aggregated-tick-v1,AUTO_INFERRED_V1,validated,AG2605|14:11:50.500,20260203,14:11:50.500,,AG,AG2605,61910500,26444,26444,61910500,visible_execution_drop,20835.5,1.4826,3,"AG2604,AG2603,AG2610",20,117,290.0,20802.0,20805.23076923077,33.5,16.078327853903193,30.26923076923049,14.527719886362457,,,31.901999999999997,38.0824,33.5,13.0,4057020.0,13.0,5902.499999999945,trade_recovered_10s,3.5,,3.5,
aggregated-tick-v1,AUTO_INFERRED_V1,validated,AG2605|14:11:58.500,20260203,14:11:58.500,14:11:59.500,AG,AG2605,61918500,26460,26460,61918500,"visible_execution_drop,interval_execution_drop",20883.5,5.1891,3,"AG2604,AG2608,AG2603",20,107,290.0,20842.0,20835.333333333332,41.5,19.872147867934014,48.16666666666788,23.064460778446087,20834.666666666668,48.83333333333212,35.1172,35.6172,48.16666666666788,6.0,1875180.0,6.0,4335.000000000109,trade_recovered_3s,0.5,1.5,0.5,
aggregated-tick-v1,AU_V1,validated,AU2604|22:00:46.500,20260203,22:00:46.500,,AU,AU2604,3646500,7293,7293,3646500,visible_execution_drop,1061.46,8.895600000025619,3,"AU2610,AU2612,AU2603",20,302,290.0,1060.3,1060.7846753246754,58.00000000000409,10.928343979048496,33.76623376623229,6.36222443921246,,,57.838800000014814,56.401127272608555,42.86177007297738,77.0,81680420.0,77.0,51999.99999999773,trade_recovered_3s,0.5,,0.5,
aggregated-tick-v1,AU_V1,validated,AU2604|22:32:24.500,20260203,22:32:24.500,,AU,AU2604,5544500,11088,11088,5544500,visible_execution_drop,1060.2250000000004,2.965199999997303,4,"AU2606,AU2610,AU2612,AU2603",20,357,290.0,1058.94,1059.36,64.25000000001546,12.120068853312352,43.25000000002319,8.158645570520065,,,50.87360000024615,44.35988196717972,55.88235294118249,21.0,22246560.0,21.0,18165.000000009743,trade_recovered_3s,0.5,,0.5,
aggregated-tick-v1,AU_V1,validated,AU2604|00:24:18.500,20260203,00:24:18.500,00:24:19.500,AU,AU2604,12258500,24516,24516,12258500,visible_execution_drop,1052.91,7.412999999976402,5,"AU2606,AU2608,AU2610,AU2612,AU2603",20,245,290.0,1051.0,1051.7363157894738,95.50000000000408,18.140201916593835,58.68421052631447,11.147051604850269,1051.7979411764709,55.60294117647118,71.16479999966559,58.61791999982744,92.25000000000703,38.0,39965980.0,38.0,44599.99999999899,trade_recovered_3s,0.5,,0.5,
aggregated-tick-v1,AU_V1,validated,AU2604|02:29:56.000,20260203,02:29:56.000,02:29:57.000,AU,AU2604,19796000,39557,39557,19796000,interval_execution_drop,1044.975,5.559749999994943,2,"AU2606,AU2608",20,287,290.0,1044.92,1044.0642857142857,2.7499999999918145,0.5263283810601813,45.53571428571104,8.71517773835949,1043.6787096774194,64.81451612902447,55.58880000043844,44.6388666666484,45.53571428571104,14.0,14616900.0,14.0,12749.99999999909,trade_recovered_3s,,1.5,2.0,
aggregated-tick-v1,AU_V1,validated,AU2604|10:04:41.000,20260203,10:04:41.000,,AU,AU2604,47081000,47327,47327,47081000,visible_execution_drop,1080.0750000000005,4.447799999995954,4,"AU2608,AU2610,AU2612,AU2603",20,352,290.0,1079.0,1079.9251162790697,53.75000000001364,9.95301252228107,7.494186046528739,1.387715861681594,,,49.05080000005368,47.03212000011846,52.80241935484469,129.0,139310340.0,129.0,19335.000000044147,trade_recovered_3s,0.5,,0.5,
aggregated-tick-v1,AU_V1,validated,AU2604|13:51:20.500,20260203,13:51:20.500,13:51:21.500,AU,AU2604,60680500,58319,58319,60680500,"visible_execution_drop,interval_execution_drop",1081.48,7.412999999993257,3,"AU2608,AU2610,AU2612",20,386,290.0,1080.62,1080.63,43.00000000000637,7.952065687762393,42.49999999999545,7.859599807670129,1080.7942857142857,34.285714285715585,39.08240000004324,33.65199999996939,33.30000000000268,2.0,2161260.0,2.0,1699.999999999818,trade_recovered_3s,0.5,1.5,1.0,
aggregated-tick-v1,AUTO_INFERRED_V1,validated,CU2605|14:59:50.500,20260203,14:59:50.500,,CU,CU2605,64790500,53179,53179,64790500,visible_execution_drop,104945.0,2.2238999999999995,5,"CU2603,CU2604,CU2606,CU2602,CU2609",20,350,290.0,104740.0,104843.33333333334,20.5,19.5340416408595,10.166666666665696,9.687614147091995,,,20.0,20.0,19.0,27.0,14153850.0,27.0,13724.99999999869,trade_recovered_3s,0.5,,0.5,
aggregated-tick-v1,AUTO_INFERRED_V1,validated,CU2606|22:44:41.000,20260203,22:44:41.000,,CU,CU2606,6281000,11961,11961,6281000,visible_execution_drop,101215.0,1.4826,5,"CU2603,CU2604,CU2605,CU2602,CU2609",20,157,290.0,101000.0,101068.5,21.5,21.24191078397471,14.65,14.474139208615323,,,20.0,20.0,21.5,20.0,10106850.0,20.0,14650.0,trade_recovered_3s,1.5,,0.5,
aggregated-tick-v1,AUTO_INFERRED_V1,validated,IC2602|13:34:58.800,20260203,13:34:58.800,,IC,IC2602,59698800,16897,16897,59698800,visible_execution_drop,8222.1,5.189100000005393,2,"IC2606,IC2609",20,213,290.0,8213.8,8216.48,41.50000000000546,10.094744651611013,28.100000000004,6.835236740006567,,,36.582400000133084,36.582400000016115,29.000000000005457,10.0,16432960.0,10.0,11240.0000000016,trade_recovered_3s,1.0,,0.5,
aggregated-tick-v1,AUTO_INFERRED_V1,validated,IF2602|11:15:10.300,20260203,11:15:10.300,,IF,IF2602,51310300,11483,11483,51310300,visible_execution_drop,4595.3,0.7413000000026967,3,"IF2603,IF2606,IF2609",20,165,290.0,4590.0,4591.63,26.50000000000091,11.533523382586951,18.350000000000364,7.986420908319528,,,20.0,20.0,26.50000000000091,20.0,27549780.0,20.0,22020.000000000437,trade_recovered_3s,1.5,,0.5,
aggregated-tick-v1,AUTO_INFERRED_V1,validated,IF2602|14:22:02.800,20260203,14:22:02.800,,IF,IF2602,62522800,20727,20727,62522800,visible_execution_drop,4655.5,2.223899999994606,3,"IF2603,IF2606,IF2609",20,208,289.5,4650.6,4654.311111111111,24.49999999999818,10.525185264739848,5.944444444444343,2.5537297581116287,,,20.0,20.0,23.999999999998636,18.0,25133280.0,18.0,6419.999999999891,trade_recovered_3s,0.5,,0.5,
aggregated-tick-v1,AUTO_INFERRED_V1,validated,IM2602|11:16:19.300,20260203,11:16:19.300,,IM,IM2602,51379300,12134,12134,51379300,visible_execution_drop,8092.3,4.4478000000026965,3,"IM2603,IM2606,IM2609",20,154,290.0,8082.4,8087.544444444445,49.50000000000273,12.233851933320002,23.777777777777377,5.876642679529274,,,45.873599999956,43.15840000004945,49.50000000000273,18.0,29115160.0,18.0,17119.99999999971,trade_recovered_3s,0.5,,0.5,
aggregated-tick-v1,AUTO_INFERRED_V1,validated,LC2605|14:43:41.623,20260203,14:43:41.623,,LC,LC2605,63821623,23787,23787,63821623,visible_execution_drop,147055.0,4.447799999999999,4,"LC2607,LC2609,LC2606,LC2604",20,373,289.408,146300.0,146632.0524017467,37.75,51.34133487470674,21.147379912664473,28.761184472019956,,,36.0476,32.8324,24.25,229.0,33578740.0,229.0,96855.00000000327,trade_recovered_3s,0.591,,0.591,
aggregated-tick-v1,AUTO_INFERRED_V1,validated,NI2603|21:42:36.500,20260203,21:42:36.500,21:42:37.500,NI,NI2603,2556500,5113,5113,2556500,interval_execution_drop,130477.5,5.1891,4,"NI2604,NI2606,NI2609,NI2607",20,577,290.0,130420.0,130258.94545454544,5.75,4.406890076833171,21.855454545454997,16.750362741051134,130249.76237623762,22.773762376238302,20.0,20.0,18.466565656565948,275.0,35821210.0,275.0,60102.50000000124,trade_recovered_3s,,1.5,0.5,
aggregated-tick-v1,AUTO_INFERRED_V1,validated,NI2603|14:51:04.000,20260203,14:51:04.000,14:51:05.000,NI,NI2603,64264000,54719,54719,64264000,"visible_execution_drop,interval_execution_drop",134570.0,0.7413,5,"NI2605,NI2604,NI2606,NI2609,NI2607",20,563,290.0,134000.0,134261.71875,57.0,42.357137549230885,30.828125,22.908616333506725,134219.35331230285,35.064668769715354,20.0,20.0,55.5,320.0,42963750.0,320.0,98650.0,trade_recovered_3s,1.0,2.0,1.0,
aggregated-tick-v1,AUTO_INFERRED_V1,validated,NI2604|21:12:02.000,20260203,21:12:02.000,,NI,NI2604,722000,1444,1444,722000,visible_execution_drop,132460.0,9.6369,4,"NI2605,NI2606,NI2609,NI2607",20,462,290.0,132140.0,132255.7142857143,32.0,24.15823644873924,20.42857142857101,15.422445590043042,,,25.7216,25.7636612121134,30.5,7.0,925790.0,7.0,1429.999999999971,trade_recovered_3s,0.5,,0.5,
aggregated-tick-v1,AUTO_INFERRED_V1,validated,NI2605|21:03:43.500,20260203,21:03:43.500,,NI,NI2605,223500,447,447,223500,visible_execution_drop,131515.0,2.9652,5,"NI2603,NI2604,NI2606,NI2609,NI2607",20,281,213.0,131210.0,131323.18181818182,30.5,23.191270957685436,19.181818181817658,14.585270259527547,,,30.151999999999997,21.594313154543773,29.474576271187107,88.0,11556440.0,88.0,16879.999999999534,trade_recovered_3s,0.5,,0.5,
aggregated-tick-v1,AUTO_INFERRED_V1,validated,SN2603|21:42:57.000,20260203,21:42:57.000,,SN,SN2603,2577000,5154,5154,2577000,visible_execution_drop,363590.0,2.2238999999999995,5,"SN2604,SN2605,SN2606,SN2607,SN2602",20,364,290.0,362490.0,363019.87341772154,110.0,30.25385736681427,57.01265822784626,15.680480273892645,,,84.0984,75.60873818182864,99.5666666666657,79.0,28678570.0,79.0,45039.999999998545,trade_recovered_3s,0.5,,0.5,
aggregated-tick-v1,AUTO_INFERRED_V1,validated,SN2603|09:43:30.500,20260203,09:43:30.500,,SN,SN2603,45810500,33977,33977,45810500,visible_execution_drop,383675.0,7.412999999999999,5,"SN2604,SN2605,SN2606,SN2607,SN2602",20,195,290.0,383000.0,383430.9090909091,67.5,17.593014921483025,24.409090909088263,6.361918527161859,,,62.32459999999999,50.8388,67.5,11.0,4217740.0,11.0,2684.999999999709,trade_recovered_3s,0.5,,0.5,
aggregated-tick-v1,AUTO_INFERRED_V1,validated,SN2603|13:59:00.500,20260203,13:59:00.500,,SN,SN2603,61140500,48427,48427,61140500,visible_execution_drop,375530.0,7.042349999999999,4,"SN2604,SN2605,SN2606,SN2607",20,431,290.0,374860.0,375063.4375,67.0,17.841450749607223,46.65625,12.424107261736744,,,52.8736,52.8736,55.625,32.0,12002030.0,32.0,14930.0,trade_recovered_3s,0.5,,0.5,
aggregated-tick-v1,AUTO_INFERRED_V1,validated,SN2604|00:15:57.500,20260203,00:15:57.500,,SN,SN2604,11757500,23399,23399,11758000,visible_execution_drop,368280.0,2.2238999999999995,5,"SN2603,SN2605,SN2606,SN2607,SN2602",20,130,290.0,367000.0,367545.4545454546,128.0,34.75616378842185,73.45454545454704,19.945298537674336,,,103.1886,101.456,96.875,11.0,4043000.0,13.0,8080.000000000175,trade_recovered_3s,1.5,,0.5,
aggregated-tick-v1,AUTO_INFERRED_V1,validated,SN2604|14:09:07.500,20260203,14:09:07.500,,SN,SN2604,61747500,49480,49480,61747500,visible_execution_drop,379750.0,8.895599999999998,5,"SN2603,SN2605,SN2606,SN2607,SN2602",20,155,290.0,378970.0,379266.1111111111,78.0,20.53982883475971,48.38888888888759,12.742301221563554,,,75.09519999999999,77.0778,52.625,18.0,6826790.0,18.0,8709.999999999767,trade_recovered_3s,0.5,,0.5,
aggregated-tick-v1,AUTO_INFERRED_V1,validated,AG2606|22:30:52.500,20260204,22:30:52.500,22:30:53.500,AG,AG2606,5452500,10904,10904,5452500,"visible_execution_drop,interval_execution_drop",22356.5,5.9304,3,"AG2604,AG2605,AG2603",20,397,290.0,22299.0,22299.5,57.5,25.719589381164315,57.0,25.49594077784984,22295.35294117647,61.14705882353155,35.0824,33.08168888887849,37.94047619047524,10.0,3344925.0,10.0,8550.0,trade_recovered_10s,5.5,6.5,5.5,
aggregated-tick-v1,AUTO_INFERRED_V1,validated,AG2606|22:31:42.000,20260204,22:31:42.000,22:31:43.000,AG,AG2606,5502000,11003,11003,5502000,"visible_execution_drop,interval_execution_drop",22249.5,2.9652,3,"AG2604,AG2608,AG2603",20,338,290.0,22201.0,22201.0,48.5,21.798242657138363,48.5,21.798242657138363,22203.38235294118,46.1176470588216,34.224799999999995,32.820680000004316,29.62037037037044,8.0,2664120.0,8.0,5820.0,trade_recovered_3s,2.5,1.5,2.5,
aggregated-tick-v1,AUTO_INFERRED_V1,validated,AG2606|22:31:58.500,20260204,22:31:58.500,22:31:59.500,AG,AG2606,5518500,11036,11036,5518500,"visible_execution_drop,interval_execution_drop",22233.5,1.4826,3,"AG2604,AG2605,AG2603",20,318,290.0,22196.0,22193.666666666668,37.5,16.86644028155711,39.83333333333212,17.915907676853454,22194.454545454544,39.04545454545587,36.0824,31.390399999985615,24.33333333333212,3.0,998715.0,3.0,1792.4999999999454,trade_recovered_3s,1.0,2.0,1.5,
aggregated-tick-v1,AUTO_INFERRED_V1,validated,AG2606|09:55:15.500,20260204,09:55:15.500,,AG,AG2606,46515500,46157,46157,46515500,visible_execution_drop,22123.5,8.1543,5,"AG2604,AG2605,AG2608,AG2610,AG2603",20,303,290.0,22089.0,22100.7,34.5,15.59427757814089,22.799999999999272,10.305783442944955,,,31.651999999999997,34.1172,24.875,50.0,16575525.0,50.0,17099.999999999454,trade_recovered_3s,1.0,,0.5,
aggregated-tick-v1,AUTO_INFERRED_V1,validated,AG2608|01:11:38.000,20260204,01:11:38.000,,AG,AG2608,15098000,29456,29456,15098000,visible_execution_drop,21419.75,6.6716999999999995,4,"AG2604,AG2606,AG2610,AG2603",20,253,290.0,21321.0,21381.140350877195,98.75,46.10231211848878,38.60964912280542,18.02525665463202,,,81.59519999999999,70.2344,97.75,57.0,18280875.0,57.0,33011.24999999863,trade_recovered_3s,0.5,,0.5,
aggregated-tick-v1,AUTO_INFERRED_V1,validated,AG2610|00:53:37.500,20260204,00:53:37.500,,AG,AG2610,14017500,26043,26043,14017500,visible_execution_drop,21613.5,2.9652,5,"AG2604,AG2606,AG2605,AG2608,AG2603",20,100,290.0,21523.0,21542.571428571428,90.5,41.871978161797024,70.92857142857247,32.816791092869025,,,85.7408,83.0256,90.5,7.0,2261970.0,7.0,7447.500000000109,trade_recovered_3s,0.5,,0.5,
aggregated-tick-v1,AU_V1,validated,AU2604|22:16:24.500,20260204,22:16:24.500,,AU,AU2604,4584500,9166,9166,4584500,visible_execution_drop,1106.125,8.895600000000336,4,"AU2606,AU2610,AU2612,AU2603",20,506,290.0,1105.24,1105.7085185185183,44.249999999999545,8.000904056955505,20.82407407407345,3.76522980207001,,,27.653125,27.653125,35.308333333335895,54.0,59708260.0,54.0,22489.999999999327,trade_recovered_3s,0.5,,0.5,
aggregated-tick-v1,AU_V1,validated,AU2604|22:33:47.500,20260204,22:33:47.500,22:33:48.500,AU,AU2604,5627500,11252,11252,5627500,"visible_execution_drop,interval_execution_drop",1103.1699999999998,7.042350000002022,4,"AU2608,AU2610,AU2612,AU2603",20,476,290.0,1102.36,1102.4562393162394,40.49999999999727,7.342476680837455,35.688034188024176,6.4700878718645685,1102.3573410404624,40.63294797687149,40.012799999643555,30.39289696967501,35.24999999998499,117.0,128987380.0,117.0,83509.99999997657,trade_recovered_3s,0.5,1.5,0.5,
aggregated-tick-v1,AU_V1,validated,AU2604|09:42:43.500,20260204,09:42:43.500,,AU,AU2604,45763500,44612,44612,45763500,visible_execution_drop,1130.7199999999998,8.154300000009439,5,"AU2606,AU2608,AU2610,AU2612,AU2603",20,492,290.0,1130.0,1130.3046153846155,35.999999999989996,6.367624168669521,20.76923076921275,3.673629328076404,,,35.582399999967635,31.403973333263128,30.53333333332944,26.0,29387920.0,26.0,10799.999999990632,trade_recovered_3s,0.5,,0.5,
aggregated-tick-v1,AU_V1,validated,AU2604|10:48:07.000,20260204,10:48:07.000,,AU,AU2604,49687000,50646,50646,49687000,visible_execution_drop,1133.98,8.895600000008764,5,"AU2606,AU2608,AU2610,AU2612,AU2603",20,504,290.0,1133.1999999999996,1133.6894736842105,39.00000000002137,6.878428190977155,14.52631578947603,2.562005641982404,,,35.08239999945146,29.151999999838644,35.93750000002274,19.0,21540100.0,19.0,5520.000000000891,trade_recovered_3s,0.5,,0.5,
aggregated-tick-v1,AU_V1,validated,AU2606|00:37:08.500,20260204,00:37:08.500,00:37:09.500,AU,AU2606,13028500,25355,25355,13028500,"visible_execution_drop,interval_execution_drop",1125.39,4.447799999995954,4,"AU2608,AU2610,AU2612,AU2603",20,232,290.0,1122.0,1123.1946666666668,169.49999999999363,30.122890731212053,109.76666666665552,19.507311539405094,1123.4986301369863,94.56849315067755,51.92580000013269,50.44320000003291,164.99999999999773,60.0,67391680.0,60.0,131719.9999999866,trade_recovered_3s,0.5,1.5,0.5,
aggregated-tick-v1,AU_V1,validated,AU2606|00:41:31.000,20260204,00:41:31.000,00:41:32.000,AU,AU2606,13291000,25853,25853,13291000,"visible_execution_drop,interval_execution_drop",1124.885,4.077150000004719,5,"AU2604,AU2608,AU2610,AU2612,AU2603",20,232,290.0,1122.96,1123.5816666666667,96.24999999999773,17.112860425732006,65.16666666666424,11.58636956962965,1123.743611111111,57.06944444444843,52.39100000006485,48.39573333332018,96.24999999999773,60.0,67414900.0,60.0,78199.99999999709,trade_recovered_3s,0.5,1.5,0.5,
aggregated-tick-v1,AU_V1,validated,AU2606|10:08:20.500,20260204,10:08:20.500,,AU,AU2606,47300500,46242,46242,47300500,visible_execution_drop,1140.25,3.706500000013483,5,"AU2604,AU2608,AU2610,AU2612,AU2603",20,243,290.0,1139.52,1139.8,36.50000000000091,6.40210480157876,22.500000000002274,3.946502959877619,,,36.08239999995581,36.08239999983234,36.50000000000091,10.0,11398000.0,10.0,4500.000000000455,trade_recovered_3s,0.5,,0.5,
aggregated-tick-v1,AU_V1,validated,AU2606|14:16:34.500,20260204,14:16:34.500,,AU,AU2606,62194500,59343,59343,62194500,visible_execution_drop,1136.9925000000003,8.339625000021911,4,"AU2604,AU2608,AU2612,AU2603",20,250,290.0,1136.0,1136.115238095238,49.62500000001455,8.729169277724267,43.86309523811178,7.715634929537665,,,45.443199999885564,45.443199999885564,47.37500000002228,21.0,23858420.0,21.0,18422.50000000695,trade_recovered_3s,0.5,,0.5,
aggregated-tick-v1,AU_V1,validated,AU2608|13:56:21.000,20260204,13:56:21.000,,AU,AU2608,60981000,55091,55091,60981500,visible_execution_drop,1147.19,3.7064999999966286,4,"AU2604,AU2606,AU2610,AU2612",20,115,290.0,1145.0,1145.7011764705885,109.50000000000271,19.0901245652425,74.44117647058874,12.978003028371717,,,40.51279999996315,40.51279999983968,109.50000000000271,51.0,58430760.0,53.0,75930.00000000052,trade_recovered_3s,1.5,,0.5,
aggregated-tick-v1,AUTO_INFERRED_V1,validated,IM2602|14:06:23.300,20260204,14:06:23.300,,IM,IM2602,61583300,20565,20565,61583300,visible_execution_drop,8129.5,0.0,3,"IM2603,IM2606,IM2609",20,165,290.0,8124.4,8124.4,25.50000000000182,6.273448551571885,25.50000000000182,6.273448551571885,,,24.22160000003418,24.22160000003418,20.824999999997544,1.0,1624880.0,1.0,1020.0000000000728,trade_recovered_3s,1.0,,0.5,
aggregated-tick-v1,AUTO_INFERRED_V1,validated,MA605|14:52:52.000,20260204,14:52:52.000,14:52:53.000,MA,MA605,64372000,40217,40218,64372000,interval_execution_drop,2277.0,0.0,3,"MA609,MA604,MA603",20,280,290.0,2276.0,2257.0,1.0,4.391743522178305,20.0,87.8348704435661,2257.0,20.0,20.0,20.0,20.0,5.0,11285.0,5.0,100.0,quote_only_recovered_3s,,4.0,1.0,
aggregated-tick-v1,AUTO_INFERRED_V1,validated,SN2603|00:03:12.000,20260204,00:03:12.000,00:03:13.000,SN,SN2603,10992000,21906,21906,10992000,interval_execution_drop,396725.0,3.7065,3,"SN2604,SN2612,SN2602",20,358,290.0,396300.0,396300.0,42.5,10.712710315709876,42.5,10.712710315709876,396280.9090909091,44.40909090908826,45.477999999999994,38.642533333322795,29.625,1.0,396300.0,1.0,425.0,trade_recovered_3s,,2.0,0.5,
aggregated-tick-v1,AUTO_INFERRED_V1,validated,SN2603|00:30:11.500,20260204,00:30:11.500,,SN,SN2603,12611500,25103,25103,12611500,visible_execution_drop,395610.0,8.895599999999998,5,"SN2604,SN2605,SN2606,SN2612,SN2602",20,320,290.0,395100.0,395372.7272727273,51.0,12.891484037309471,23.72727272727061,5.997642306127401,,,33.8672,33.3264800000115,49.1875,22.0,8698200.0,22.0,5219.999999999534,trade_recovered_3s,1.0,,1.0,
aggregated-tick-v1,AUTO_INFERRED_V1,validated,SN2603|10:14:51.500,20260204,10:14:51.500,10:14:52.500,SN,SN2603,47691500,37549,37549,47691500,"visible_execution_drop,interval_execution_drop",395895.0,8.895599999999998,3,"SN2605,SN2606,SN2602",20,354,290.0,395400.0,395500.0,49.5,12.50331527298905,39.5,9.977392995617524,395337.2413793103,55.77586206896813,37.0824,35.635560000000005,38.125,8.0,3164000.0,8.0,3160.0,trade_recovered_3s,0.5,1.5,0.5,
aggregated-tick-v1,AUTO_INFERRED_V1,validated,SN2603|11:07:05.000,20260204,11:07:05.000,,SN,SN2603,50825000,42012,42012,50825000,visible_execution_drop,390892.5,7.042349999999999,4,"SN2604,SN2605,SN2606,SN2602",20,396,290.0,390370.0,390672.8125,52.25,13.366846383596512,21.96875,5.620151320375807,,,46.9432,38.0476,47.75,32.0,12501530.0,32.0,7030.0,trade_recovered_3s,0.5,,0.5,
aggregated-tick-v1,AUTO_INFERRED_V1,validated,SN2603|11:18:26.000,20260204,11:18:26.000,,SN,SN2603,51506000,43363,43363,51506000,visible_execution_drop,389265.0,3.7065,4,"SN2604,SN2605,SN2606,SN2602",20,437,290.0,388800.0,389018.3505154639,46.5,11.94558976532696,24.664948453608663,6.336287221714942,,,43.0128,37.0824,34.375,97.0,37734780.0,97.0,23925.000000000407,trade_recovered_3s,0.5,,1.5,
aggregated-tick-v1,AUTO_INFERRED_V1,validated,SN2603|11:18:35.500,20260204,11:18:35.500,,SN,SN2603,51515500,43382,43382,51515500,visible_execution_drop,388087.5,8.895599999999998,4,"SN2604,SN2605,SN2612,SN2602",20,446,290.0,387580.0,387899.4736842105,50.75,13.076947853254742,18.802631578949512,4.8449464563917966,,,46.227999999999994,39.97608,34.1973684210534,57.0,22110270.0,57.0,10717.500000001222,trade_recovered_3s,0.5,,0.5,
aggregated-tick-v1,AUTO_INFERRED_V1,validated,SN2603|13:36:46.500,20260204,13:36:46.500,,SN,SN2603,59806500,45564,45564,59806500,visible_execution_drop,389145.0,6.6716999999999995,5,"SN2604,SN2605,SN2606,SN2612,SN2602",20,422,290.0,388740.0,388885.71428571426,40.5,10.40743167713834,25.928571428573925,6.66295890441196,,,40.0128,31.117199999999997,25.875,14.0,5444400.0,14.0,3630.000000000349,trade_recovered_3s,0.5,,0.5,
aggregated-tick-v1,AUTO_INFERRED_V1,validated,SN2603|14:11:33.500,20260204,14:11:33.500,14:11:34.500,SN,SN2603,61893000,49736,49736,61893500,"visible_execution_drop,interval_execution_drop",384650.0,5.9304,2,"SN2606,SN2602",20,391,290.0,384010.0,384065.6,64.0,16.63850253477187,58.44000000000233,15.19303262706417,384107.75,54.225,39.5128,29.4621333333544,49.5,25.0,9601640.0,56.0,14610.000000000582,trade_recovered_3s,0.5,1.5,0.5,
aggregated-tick-v1,AUTO_INFERRED_V1,validated,SN2604|22:23:42.500,20260204,22:23:42.500,,SN,SN2604,5022500,10040,10040,5022500,visible_execution_drop,393080.0,9.6369,5,"SN2603,SN2605,SN2606,SN2612,SN2602",20,201,290.0,392440.0,392800.4761904762,64.0,16.28167294189478,27.952380952378736,7.111117572091874,,,61.803999999999995,60.21792,64.0,21.0,8248810.0,21.0,5869.999999999534,trade_recovered_3s,0.5,,0.5,
aggregated-tick-v1,AUTO_INFERRED_V1,validated,SN2604|23:07:36.000,20260204,23:07:36.000,,SN,SN2604,7656000,15294,15294,7656000,visible_execution_drop,394700.0,8.895599999999998,5,"SN2603,SN2605,SN2606,SN2612,SN2602",20,184,290.0,394200.0,394483.3333333333,50.0,12.66784899923993,21.666666666668608,5.489401233004461,,,46.9432,46.9432,41.25,6.0,2366900.0,6.0,1300.0000000001164,trade_recovered_3s,0.5,,0.5,
aggregated-tick-v1,AUTO_INFERRED_V1,validated,SN2605|14:04:24.000,20260204,14:04:24.000,,SN,SN2605,61464000,48444,48444,61464000,visible_execution_drop,385790.0,7.412999999999999,5,"SN2603,SN2604,SN2606,SN2612,SN2602",20,208,290.0,385020.0,385271.5384615384,77.0,19.959045076336867,51.846153846156085,13.438957424027604,,,67.7344,67.6094,76.75,26.0,10017060.0,26.0,13480.000000000582,trade_recovered_3s,0.5,,0.5,
aggregated-tick-v1,AUTO_INFERRED_V1,validated,AG2604|02:19:44.000,20260205,02:19:44.000,,AG,AG2604,19184000,38368,38368,19184000,visible_execution_drop,22596.5,7.412999999999999,5,"AG2606,AG2605,AG2608,AG2610,AG2603",20,416,290.0,22501.0,22540.927272727273,95.5,42.263182351249085,55.57272727272721,24.593511062654485,,,62.734399999999994,55.99206419686352,85.45238095237983,110.0,37192530.0,110.0,91694.99999999988,trade_recovered_3s,0.5,,0.5,
aggregated-tick-v1,AUTO_INFERRED_V1,validated,AG2605|10:04:26.000,20260205,10:04:26.000,,AG,AG2605,47066000,47275,47275,47066000,visible_execution_drop,22181.25,4.4478,4,"AG2604,AG2606,AG2610,AG2603",20,360,290.0,22104.0,22141.558139534885,77.25,34.82671174978867,39.69186046511459,17.894329880017846,,,56.303999999999995,49.374628282830194,77.25,43.0,14281305.0,43.0,25601.24999999891,trade_recovered_3s,0.5,,0.5,
aggregated-tick-v1,AUTO_INFERRED_V1,validated,AG2606|23:59:24.000,20260205,23:59:24.000,,AG,AG2606,10764000,21523,21523,10764000,visible_execution_drop,22399.0,6.6716999999999995,5,"AG2604,AG2605,AG2608,AG2610,AG2603",20,480,290.0,22350.0,22371.35,49.0,21.875976606098487,27.650000000001455,12.34430108487051,,,44.5128,40.0028121211708,38.91666666666606,40.0,13422810.0,40.0,16590.000000000873,trade_recovered_3s,0.5,,1.0,
aggregated-tick-v1,AUTO_INFERRED_V1,validated,AG2606|00:46:48.000,20260205,00:46:48.000,,AG,AG2606,13608000,27207,27207,13608000,visible_execution_drop,21980.0,7.78365,5,"AG2604,AG2605,AG2608,AG2610,AG2603",20,229,290.0,21916.0,21944.392857142855,64.0,29.117379435850776,35.607142857144936,16.19979201871926,,,62.303999999999995,51.236239999992094,51.86458333333394,28.0,9216645.0,28.0,14955.000000000871,trade_recovered_3s,0.5,,0.5,
aggregated-tick-v1,AUTO_INFERRED_V1,validated,AG2606|01:43:45.500,20260205,01:43:45.500,01:43:46.500,AG,AG2606,17023500,34041,34041,17025500,visible_execution_drop,21953.75,6.30105,4,"AG2604,AG2605,AG2608,AG2610",20,405,290.0,21902.0,21913.071428571428,51.75,23.572282639640154,40.67857142857247,18.529213199828032,21918.666666666668,35.08333333333212,45.4432,39.5128,32.375,14.0,4601745.0,115.0,8542.500000000218,trade_recovered_3s,0.5,,0.5,
aggregated-tick-v1,AUTO_INFERRED_V1,validated,AG2606|10:44:10.000,20260205,10:44:10.000,,AG,AG2606,49450000,50290,50290,49450000,visible_execution_drop,20242.5,0.7413,5,"AG2604,AG2605,AG2608,AG2610,AG2603",20,256,290.0,20100.0,20167.52380952381,142.5,70.39644312708411,74.97619047619082,37.038997394684856,,,89.744,75.18035376100119,121.91176470588108,105.0,31763850.0,105.0,118087.50000000055,trade_recovered_3s,0.5,,0.5,
aggregated-tick-v1,AUTO_INFERRED_V1,validated,AG2606|10:46:35.000,20260205,10:46:35.000,10:46:36.000,AG,AG2606,49595000,50580,50580,49595000,interval_execution_drop,19214.5,9.6369,3,"AG2604,AG2608,AG2603",20,131,290.0,19119.0,19104.732142857145,95.5,49.70204793255094,109.76785714285506,57.1276156771475,19106.786324786324,107.71367521367574,113.1776,82.22095999999351,109.76785714285506,56.0,16047975.0,56.0,92204.99999999824,trade_recovered_3s,,2.0,0.5,
aggregated-tick-v1,AUTO_INFERRED_V1,validated,AG2608|21:36:08.500,20260205,21:36:08.500,21:36:09.500,AG,AG2608,2168500,4336,4336,2168500,"visible_execution_drop,interval_execution_drop",23113.0,0.7413,3,"AG2604,AG2605,AG2603",20,279,290.0,23055.0,23055.0,58.0,25.09410288582183,58.0,25.09410288582183,23047.0625,65.9375,57.303999999999995,51.3736,37.83333333333394,4.0,1383300.0,4.0,3480.0,trade_recovered_3s,1.5,2.5,1.5,
aggregated-tick-v1,AUTO_INFERRED_V1,validated,AG2608|09:56:49.500,20260205,09:56:49.500,,AG,AG2608,46609500,46297,46297,46609500,visible_execution_drop,21908.5,0.7413,5,"AG2604,AG2606,AG2605,AG2610,AG2603",20,243,290.0,21868.0,21897.28,40.5,18.485975762831774,11.219999999997526,5.121299952072267,,,39.5128,41.15626666668226,40.5,25.0,8211480.0,25.0,4207.499999999072,trade_recovered_3s,0.5,,0.5,
aggregated-tick-v1,AUTO_INFERRED_V1,validated,AG2608|09:59:06.000,20260205,09:59:06.000,,AG,AG2608,46746000,46568,46568,46746000,visible_execution_drop,21798.0,6.6716999999999995,5,"AG2604,AG2606,AG2605,AG2610,AG2603",20,285,290.0,21750.0,21790.466666666667,48.0,22.02036884117809,7.533333333332848,3.455974554240228,,,45.4432,37.426720000015806,48.0,15.0,4902855.0,15.0,1694.9999999998909,trade_recovered_3s,0.5,,0.5,
aggregated-tick-v1,AUTO_INFERRED_V1,validated,AG2608|10:33:19.000,20260205,10:33:19.000,,AG,AG2608,48799000,48875,48875,48799000,visible_execution_drop,20671.5,2.2239,5,"AG2604,AG2606,AG2605,AG2610,AG2603",20,124,188.5,20579.0,20624.275862068967,92.5,44.747599351764514,47.2241379310326,22.845046528327696,,,67.592,63.830280000004315,92.5,58.0,17943120.0,58.0,41084.99999999836,trade_recovered_3s,0.5,,0.5,
aggregated-tick-v1,AUTO_INFERRED_V1,validated,AG2610|13:52:06.500,20260205,13:52:06.500,,AG,AG2610,60726500,57711,57711,60726500,visible_execution_drop,18703.5,5.1891,5,"AG2604,AG2606,AG2605,AG2608,AG2603",20,207,290.0,18603.0,18657.18181818182,100.5,53.73325848103296,46.318181818180165,24.764446129430407,,,96.3864,95.8864,94.0,11.0,3078435.0,11.0,7642.499999999727,trade_recovered_3s,1.0,,0.5,
aggregated-tick-v1,AUTO_INFERRED_V1,validated,AG2610|14:18:38.000,20260205,14:18:38.000,,AG,AG2610,62318000,60877,60877,62318000,visible_execution_drop,19115.0,9.26625,4,"AG2604,AG2606,AG2608,AG2603",20,147,290.0,18989.0,19073.666666666668,126.0,65.91681925189641,41.33333333333212,21.623506844536816,,,106.5384,107.0384,125.0,3.0,858315.0,3.0,1859.9999999999457,trade_recovered_3s,0.5,,0.5,
aggregated-tick-v1,AUTO_INFERRED_V1,validated,AG2610|14:46:10.500,20260205,14:46:10.500,,AG,AG2610,63970500,64140,64140,63970500,visible_execution_drop,19575.5,2.9652,3,"AG2604,AG2606,AG2605",20,126,290.0,19451.0,19505.8,124.5,63.59990804832571,69.70000000000073,35.60573165436425,,,82.14739999999999,84.81142285712748,64.29999999999927,15.0,4388805.0,15.0,15682.500000000164,trade_recovered_3s,0.5,,0.5,
aggregated-tick-v1,AUTO_INFERRED_V1,validated,AG2612|10:14:29.500,20260205,10:14:29.500,,AG,AG2612,47669500,46971,46971,47669500,visible_execution_drop,20760.75,5.1891,4,"AG2604,AG2606,AG2608,AG2610",20,163,290.0,20600.0,20676.846153846152,160.75,77.42976530231326,83.90384615384755,40.414650797224354,,,149.7252,156.6208,117.75,13.0,4031985.0,13.0,16361.250000000273,trade_recovered_3s,1.0,,0.5,
aggregated-tick-v1,AUTO_INFERRED_V1,validated,AG2612|13:45:50.000,20260205,13:45:50.000,,AG,AG2612,60350000,56121,56121,60350000,visible_execution_drop,18696.5,5.1891,5,"AG2604,AG2606,AG2605,AG2608,AG2610",20,191,290.0,18568.0,18631.466666666667,128.5,68.7294413392881,65.03333333333285,34.78369391775618,,,95.8928,85.17439999999999,128.5,15.0,4192080.0,15.0,14632.49999999989,trade_recovered_3s,0.5,,1.0,
aggregated-tick-v1,AU_V1,validated,AU2604|00:48:35.000,20260205,00:48:35.000,,AU,AU2604,13715000,27423,27423,13715000,visible_execution_drop,1099.95,8.524950000000674,5,"AU2606,AU2608,AU2610,AU2612,AU2603",20,377,290.0,1098.0,1099.8014234875443,97.50000000000227,17.72807854902537,7.428825622776003,1.350756965821356,,,66.73440000008551,56.85039999967861,97.50000000000227,281.0,309044200.0,281.0,41750.000000001135,trade_recovered_3s,0.5,,1.0,
aggregated-tick-v1,AU_V1,validated,AU2604|09:39:16.000,20260205,09:39:16.000,09:39:17.000,AU,AU2604,45556000,44251,44251,45556000,interval_execution_drop,1121.9500000000005,7.78364999999292,4,"AU2606,AU2608,AU2610,AU2603",20,513,290.0,1121.12,1121.2036363636364,41.5000000000191,7.397834128083977,37.31818181819335,6.652378772350522,1121.1258653846155,41.20673076923822,43.76279999970757,34.299811764809526,30.818181818199264,22.0,24666480.0,22.0,16420.000000005075,trade_recovered_3s,,1.5,0.5,
aggregated-tick-v1,AU_V1,validated,AU2606|21:41:08.500,20260205,21:41:08.500,,AU,AU2606,2468500,4869,4869,2468500,visible_execution_drop,1139.89,5.189100000003708,4,"AU2604,AU2610,AU2612,AU2603",20,279,290.0,1139.0,1139.2326666666668,44.49999999999363,7.807770925263602,32.866666666654965,5.766638301354511,,,43.51279999983695,40.547599999772224,41.91304347825735,30.0,34176980.0,30.0,19719.99999999298,trade_recovered_3s,0.5,,0.5,
aggregated-tick-v1,AU_V1,validated,AU2606|21:44:04.500,20260205,21:44:04.500,,AU,AU2606,2644500,5221,5221,2644500,visible_execution_drop,1137.1799999999998,4.447800000029665,5,"AU2604,AU2608,AU2610,AU2612,AU2603",20,332,290.0,1136.18,1136.8369696969696,49.99999999998863,8.793682618404938,17.15151515151092,3.0164996133436968,,,43.51279999982558,40.54760000003054,47.74999999999636,33.0,37515620.0,33.0,11319.999999997208,trade_recovered_3s,0.5,,0.5,
aggregated-tick-v1,AU_V1,validated,AU2606|23:57:12.000,20260205,23:57:12.000,23:57:13.000,AU,AU2606,10632000,21062,21062,10632000,"visible_execution_drop,interval_execution_drop",1115.4699999999996,2.2239000000316875,5,"AU2604,AU2608,AU2610,AU2612,AU2603",20,238,290.0,1114.0,1114.2290322580643,73.49999999997863,13.178301523120956,62.04838709675187,11.125066043327369,1114.3858252427185,54.20873786405309,50.87360000000978,44.94320000009965,65.22222222221217,31.0,34541100.0,31.0,38469.99999998616,trade_recovered_3s,0.5,1.5,0.5,
aggregated-tick-v1,AU_V1,validated,AU2606|00:48:48.500,20260205,00:48:48.500,,AU,AU2606,13728500,27189,27189,13728500,visible_execution_drop,1100.6699999999998,8.154300000026293,5,"AU2604,AU2608,AU2610,AU2612,AU2603",20,249,290.0,1098.88,1099.6977777777777,89.49999999998681,16.262821735849407,48.611111111108585,8.83300373610775,,,77.16480000022223,70.73439999993566,81.88888888886936,18.0,19794560.0,18.0,17499.99999999909,trade_recovered_3s,1.0,,0.5,
aggregated-tick-v1,AU_V1,validated,AU2606|10:59:53.000,20260205,10:59:53.000,,AU,AU2606,50393000,51515,51515,50393000,visible_execution_drop,1087.4699999999998,8.15430000000101,4,"AU2604,AU2608,AU2612,AU2603",20,238,290.0,1086.0,1087.0347826086957,73.49999999999,13.517614279012756,21.76086956520749,4.0021094035159575,,,64.69959999994116,62.23439999994339,59.730263157882746,46.0,50003600.0,46.0,20019.999999990887,trade_recovered_3s,0.5,,0.5,
aggregated-tick-v1,AU_V1,validated,AU2606|11:28:20.500,20260205,11:28:20.500,,AU,AU2606,52100500,54927,54927,52100500,visible_execution_drop,1099.4900000000002,2.5945499999807846,4,"AU2604,AU2608,AU2612,AU2603",20,326,290.0,1098.0,1098.5705882352945,74.50000000001182,13.551737623809547,45.97058823529778,8.362165774185808,,,72.66480000013048,69.27111999992968,67.2500000000241,17.0,18675700.0,17.0,15630.000000001246,trade_recovered_3s,0.5,,0.5,
aggregated-tick-v1,AU_V1,validated,AU2608|13:38:14.000,20260205,13:38:14.000,,AU,AU2608,59894000,55654,55654,59894000,visible_execution_drop,1096.85,3.706499999979773,5,"AU2604,AU2606,AU2610,AU2612,AU2603",20,122,290.0,1095.02,1096.176,91.49999999999636,16.6841409490808,33.69999999999891,6.144869398732536,,,88.93699999990083,86.02559999992175,91.2499999999966,5.0,5480880.0,5.0,3369.999999999891,trade_recovered_3s,1.0,,0.5,
aggregated-tick-v1,AUTO_INFERRED_V1,validated,BC2603|10:51:22.500,20260205,10:51:22.500,,BC,BC2603,49882500,34915,34915,49882500,visible_execution_drop,89657.5,8.895599999999998,4,"BC2604,BC2605,BC2606,BC2607",20,147,290.0,89430.0,89430.0,22.75,25.374341243063885,22.75,25.374341243063885,,,20.0,20.0,22.75,1.0,447150.0,1.0,1137.5,quote_only_recovered_10s,,,8.0,
aggregated-tick-v1,AUTO_INFERRED_V1,validated,CU2605|22:38:15.000,20260205,22:38:15.000,,CU,CU2605,5895000,11117,11117,5895000,visible_execution_drop,103921.25,1.297275,4,"CU2604,CU2606,CU2602,CU2609",20,253,290.0,103500.0,103735.66666666666,42.125,40.53550164186824,18.558333333334303,17.858073621453073,,,20.0,20.0,42.125,240.0,124482800.0,240.0,222700.00000001164,trade_recovered_3s,0.5,,0.5,
aggregated-tick-v1,AUTO_INFERRED_V1,validated,EC2604|14:22:48.500,20260205,14:22:48.500,,EC,EC2604,62568500,17994,17994,62568500,visible_execution_drop,1270.3500000000004,0.7412999999993257,3,"EC2606,EC2610,EC2608",20,137,290.0,1260.1,1260.6909090909091,20.50000000000091,80.68642500098753,19.31818181818244,76.03487943551947,,,20.0,20.0,20.50000000000091,11.0,693380.0,11.0,5312.500000000171,trade_recovered_3s,0.5,,0.5,
aggregated-tick-v1,AUTO_INFERRED_V1,validated,IC2603|11:13:23.000,20260205,11:13:23.000,11:13:24.000,IC,IC2603,51203000,12292,12292,51203000,interval_execution_drop,8073.900000000001,0.7413000000026967,3,"IC2606,IC2602,IC2609",20,336,290.0,8075.6,8063.182178217822,-8.49999999999909,-2.105549982040672,53.58910891089181,13.274652624107755,8064.260176991151,48.19911504424908,43.58559999998342,38.22671999998765,53.58910891089181,101.0,162876280.0,101.0,216500.0000000029,trade_recovered_3s,,1.5,0.5,
aggregated-tick-v1,AUTO_INFERRED_V1,validated,MA605|21:03:06.000,20260204,21:03:06.000,21:03:07.000,MA,MA605,186000,384,385,186000,interval_execution_drop,2269.5,0.7413,5,"MA609,MA604,MA603,MA607,MA606",20,107,176.0,2269.0,2224.195059625213,0.5,2.203128442388191,45.30494037478684,199.625205440788,2245.9473940574767,23.55260594252331,20.0,20.0,45.30494037478684,1174.0,2611205.0,1174.0,53187.999999999745,trade_recovered_3s,,2.0,1.0,
aggregated-tick-v1,AUTO_INFERRED_V1,validated,OI609|21:59:16.000,20260204,21:59:16.000,21:59:17.000,OI,OI609,3556000,5477,5478,3556000,interval_execution_drop,9076.5,4.4478,5,"OI605,OI607,OI603,OI701,OI611",20,117,290.0,9080.0,9028.582191780824,-3.5,-3.856111937420812,47.91780821917746,52.79326636828894,9029.655405405403,46.84459459459504,20.0,20.0,47.91780821917746,146.0,1318173.0,146.0,6995.999999999909,trade_recovered_3s,,2.0,1.0,
aggregated-tick-v1,AUTO_INFERRED_V1,validated,SN2603|23:31:16.000,20260205,23:31:16.000,,SN,SN2603,9076000,18144,18144,9076000,visible_execution_drop,384920.0,6.6716999999999995,5,"SN2604,SN2605,SN2606,SN2607,SN2701",20,463,290.0,384040.0,384787.45098039217,88.0,22.861893380442687,13.254901960783172,3.4435472204050637,,,54.8736,41.224574358947976,88.0,102.0,39248320.0,102.0,13519.999999998836,trade_recovered_3s,1.0,,1.0,
aggregated-tick-v1,AUTO_INFERRED_V1,validated,SN2603|09:45:33.500,20260205,09:45:33.500,,SN,SN2603,45933500,34221,34221,45933500,visible_execution_drop,379525.0,4.447799999999999,5,"SN2604,SN2605,SN2606,SN2607,SN2701",20,414,290.0,379040.0,379320.4347826087,48.5,12.779131809498717,20.456521739129677,5.390032735427093,,,41.0128,33.55328,37.10714285714202,23.0,8724370.0,23.0,4704.999999999825,trade_recovered_3s,0.5,,0.5,
aggregated-tick-v1,AUTO_INFERRED_V1,validated,SN2603|11:22:25.500,20260205,11:22:25.500,11:22:26.500,SN,SN2603,51745500,44041,44041,51745500,"visible_execution_drop,interval_execution_drop",366550.0,2.7798749999999997,4,"SN2604,SN2606,SN2607,SN2701",20,317,290.0,365420.0,365899.6551724138,113.0,30.827990724321378,65.03448275862029,17.742322400387476,365931.10169491527,61.889830508473096,55.803999999999995,44.9432,113.0,87.0,31833270.0,87.0,56579.99999999965,trade_recovered_3s,0.5,1.5,1.0,
aggregated-tick-v1,AUTO_INFERRED_V1,validated,SN2603|14:55:37.000,20260205,14:55:37.000,14:55:38.000,SN,SN2603,64537000,55217,55217,64537000,"visible_execution_drop,interval_execution_drop",363655.0,8.1543,3,"SN2605,SN2607,SN2701",20,349,290.0,362830.0,362915.0,82.5,22.68633732521208,74.0,20.348957115947805,362973.87096774194,68.11290322580608,68.94959999999999,56.05271999999999,64.75,10.0,3629150.0,10.0,7400.0,trade_recovered_3s,0.5,1.5,0.5,
aggregated-tick-v1,AUTO_INFERRED_V1,validated,SN2604|14:00:54.000,20260205,14:00:54.000,,SN,SN2604,61254000,48322,48322,61254000,visible_execution_drop,364347.5,2.2238999999999995,3,"SN2603,SN2605,SN2606",20,147,290.0,363360.0,363717.57575757575,98.75,27.103246214122507,62.99242424242548,17.28910565941182,,,78.5256,76.0604,98.75,33.0,12002680.0,33.0,20787.500000000407,trade_recovered_3s,0.5,,0.5,
aggregated-tick-v1,AUTO_INFERRED_V1,validated,SN2605|10:01:12.500,20260205,10:01:12.500,,SN,SN2605,46872500,35894,35894,46872500,visible_execution_drop,378835.0,9.26625,4,"SN2603,SN2606,SN2607,SN2701",20,165,290.0,378000.0,378317.7272727273,83.5,22.041258067496404,51.72727272727061,13.65430140490467,,,74.1648,67.7344,63.0,22.0,8322990.0,22.0,11379.999999999534,trade_recovered_3s,0.5,,0.5,
aggregated-tick-v1,AUTO_INFERRED_V1,validated,AG2605|09:57:03.000,20260206,09:57:03.000,,AG,AG2605,46623000,45333,45333,46623000,visible_execution_drop,17640.0,0.0,3,"AG2604,AG2606,AG2612",20,167,290.0,17549.0,17589.409090909092,91.0,51.58730158730159,50.5909090909081,28.67965367965311,,,82.59519999999999,66.7923999999856,64.01666666666642,22.0,5804505.0,22.0,16694.999999999673,trade_recovered_3s,0.5,,0.5,
aggregated-tick-v1,AUTO_INFERRED_V1,validated,AG2606|21:43:22.000,20260206,21:43:22.000,21:43:23.000,AG,AG2606,2602000,5204,5204,2602000,interval_execution_drop,18778.5,5.9304,5,"AG2604,AG2605,AG2608,AG2612,AG2610",20,455,290.0,18769.0,18726.682926829268,9.5,5.058977021593844,51.81707317073233,27.59382973652439,18735.929515418506,42.57048458149802,49.9432,40.55076363639596,42.56707317073233,164.0,46067640.0,164.0,127470.00000000151,trade_recovered_3s,,1.5,0.5,
aggregated-tick-v1,AUTO_INFERRED_V1,validated,AG2606|22:04:08.500,20260206,22:04:08.500,,AG,AG2606,3848500,7697,7697,3848500,visible_execution_drop,18502.5,9.6369,5,"AG2604,AG2605,AG2608,AG2612,AG2610",20,416,290.0,18451.0,18475.61764705882,51.5,27.83407647615187,26.882352941178397,14.52903820628477,,,50.4432,45.316498461544704,46.0,34.0,9422565.0,34.0,13710.000000000982,trade_recovered_3s,0.5,,0.5,
aggregated-tick-v1,AUTO_INFERRED_V1,validated,AG2608|21:31:04.000,20260206,21:31:04.000,,AG,AG2608,1864000,3728,3728,1864000,visible_execution_drop,18689.0,5.9304,5,"AG2604,AG2606,AG2605,AG2612,AG2610",20,371,290.0,18604.0,18640.833333333332,85.0,45.48129915993365,48.16666666666788,25.772736190629715,,,62.053999999999995,55.8736,79.25,30.0,8388375.0,30.0,21675.000000000546,trade_recovered_3s,0.5,,0.5,
aggregated-tick-v1,AUTO_INFERRED_V1,validated,AG2608|23:32:19.000,20260206,23:32:19.000,,AG,AG2608,9139000,18263,18263,9139000,visible_execution_drop,18090.0,5.1891,5,"AG2604,AG2606,AG2605,AG2612,AG2610",20,318,290.0,18032.0,18058.483870967742,58.0,32.06191265892758,31.516129032257595,17.42185131689198,,,50.3736,45.800799999999995,58.0,31.0,8397195.0,31.0,14654.999999999782,trade_recovered_3s,0.5,,0.5,
aggregated-tick-v1,AUTO_INFERRED_V1,validated,AG2608|23:35:19.500,20260206,23:35:19.500,,AG,AG2608,9319500,18622,18622,9319500,visible_execution_drop,18177.0,4.633125,4,"AG2604,AG2605,AG2612,AG2610",20,342,290.0,18110.0,18148.058823529413,67.0,36.8597678384772,28.94117647058738,15.921866353406712,,,61.734399999999994,54.1964,67.0,17.0,4627755.0,17.0,7379.999999999782,trade_recovered_3s,0.5,,0.5,
aggregated-tick-v1,AUTO_INFERRED_V1,validated,AG2608|23:37:24.500,20260206,23:37:24.500,23:37:25.500,AG,AG2608,9444500,18871,18871,9444500,"visible_execution_drop,interval_execution_drop",18241.5,4.4478,5,"AG2604,AG2606,AG2605,AG2612,AG2610",20,356,290.0,18071.0,18089.774011299432,170.5,93.46819066414494,151.72598870056754,83.17626768663078,18116.12757201646,125.37242798354056,122.608,117.0826666666535,143.86422413793116,177.0,48028350.0,177.0,402832.5000000068,trade_recovered_3s,0.5,1.5,0.5,
aggregated-tick-v1,AUTO_INFERRED_V1,validated,AG2608|23:37:31.500,20260206,23:37:31.500,23:37:32.500,AG,AG2608,9451500,18885,18885,9451500,visible_execution_drop,18211.0,2.9652,4,"AG2604,AG2606,AG2605,AG2612",20,349,290.0,18050.0,18090.602272727276,161.0,88.40810499148866,120.3977272727243,66.1126392140598,18095.63928571429,115.3607142857145,122.608,116.1776,139.39999999999964,88.0,23879595.0,88.0,158924.99999999607,trade_recovered_3s,0.5,,0.5,
aggregated-tick-v1,AUTO_INFERRED_V1,validated,AG2612|10:10:14.000,20260206,10:10:14.000,10:10:15.000,AG,AG2612,47414000,44960,44960,47414000,"visible_execution_drop,interval_execution_drop",16561.5,5.1891,3,"AG2604,AG2606,AG2605",20,148,288.5,16445.0,16475.714285714286,116.5,70.34386981855508,85.78571428571377,51.79827569103871,16480.821428571428,80.67857142857247,79.95599999999999,74.6506,98.5,21.0,5189850.0,21.0,27022.499999999836,quote_only_recovered_3s,1.0,,0.5,
aggregated-tick-v1,AUTO_INFERRED_V1,validated,AG2701|00:42:25.500,20260206,00:42:25.500,,AG,AG2701,13345500,23325,23325,13345500,visible_execution_drop,17647.875,2.038575,2,"AG2604,AG2606",20,120,290.0,17564.0,17564.0,83.875,47.52696854437149,83.875,47.52696854437149,,,44.4954,43.0128,43.375,1.0,263460.0,1.0,1258.125,persistent_10s,,,,
aggregated-tick-v1,AUTO_INFERRED_V1,validated,AG2701|00:42:45.500,20260206,00:42:45.500,,AG,AG2701,13365500,23359,23359,13365500,visible_execution_drop,17641.25,9.6369,4,"AG2604,AG2606,AG2605,AG2608",20,128,290.0,17589.0,17589.0,52.25,29.618082618862044,52.25,29.618082618862044,,,49.9432,49.9432,52.25,2.0,527670.0,2.0,1567.5,trade_recovered_3s,1.0,,1.5,
aggregated-tick-v1,AUTO_INFERRED_V1,validated,AP605|09:38:57.000,20260206,09:38:57.000,09:38:58.000,AP,AP605,45536000,4221,4222,45537000,interval_execution_drop,9627.5,5.9304,3,"AP610,AP603,AP604",20,243,290.0,9632.0,9566.0,-4.5,-4.674110620618022,61.5,63.87951181511296,9566.0,61.5,27.651999999999997,46.2912,20.0,33.0,315678.0,61.0,2029.5,quote_only_recovered_3s,,6.0,1.0,
aggregated-tick-v1,AU_V1,validated,AU2604|21:57:58.000,20260206,21:57:58.000,,AU,AU2604,3478000,6955,6955,3478000,visible_execution_drop,1086.09,2.9651999999467376,5,"AU2606,AU2608,AU2610,AU2612,AU2603",20,476,290.0,1085.1,1085.6325,49.500000000000455,9.115266690605834,22.87499999999909,4.212358091870672,,,42.512800000107546,36.58239999998946,44.25000000000523,16.0,17370120.0,16.0,7319.999999999709,trade_recovered_3s,0.5,,0.5,
aggregated-tick-v1,AU_V1,validated,AU2604|22:31:20.000,20260206,22:31:20.000,,AU,AU2604,5480000,10957,10957,5480000,visible_execution_drop,1084.7499999999998,5.930399999994606,3,"AU2608,AU2612,AU2603",20,461,290.0,1083.12,1084.0156521739132,81.49999999999409,15.026503802718434,36.71739130433025,6.769742577428948,,,54.15839999961932,38.58240000024596,76.49999999996453,46.0,49864720.0,46.0,33779.99999998383,trade_recovered_3s,0.5,,0.5,
aggregated-tick-v1,AU_V1,validated,AU2604|22:55:15.500,20260206,22:55:15.500,,AU,AU2604,6915500,13828,13828,6915500,visible_execution_drop,1092.9400000000005,5.18909999999528,5,"AU2606,AU2608,AU2610,AU2612,AU2603",20,477,290.0,1092.12,1092.61,41.000000000019554,7.502699141767992,16.5000000000191,3.019378922908686,,,40.51279999998589,35.16698181872331,41.000000000019554,24.0,26222640.0,24.0,7920.000000009168,trade_recovered_3s,0.5,,0.5,
aggregated-tick-v1,AU_V1,validated,AU2604|01:08:01.500,20260206,01:08:01.500,,AU,AU2604,14881500,29719,29719,14881500,visible_execution_drop,1098.16,2.223899999964267,5,"AU2606,AU2608,AU2610,AU2612,AU2603",20,403,290.0,1097.0000000000002,1097.4093333333333,57.99999999999272,10.563123770669614,37.53333333334013,6.835676646998638,,,51.873600000076294,51.37359999996464,54.62499999999295,15.0,16461140.0,15.0,11260.000000002035,trade_recovered_3s,0.5,,0.5,
aggregated-tick-v1,AU_V1,validated,AU2604|01:10:57.000,20260206,01:10:57.000,,AU,AU2604,15057000,30063,30063,15057000,visible_execution_drop,1098.1,8.895600000017192,4,"AU2606,AU2610,AU2612,AU2603",20,322,290.0,1097.0000000000002,1097.615454545455,54.99999999998408,10.01730261360242,24.22727272726206,4.412580407478747,,,48.65839999989401,45.443199999970034,50.0,22.0,24147540.0,22.0,10659.999999995309,trade_recovered_3s,0.5,,0.5,
aggregated-tick-v1,AU_V1,validated,AU2606|21:07:10.500,20260206,21:07:10.500,,AU,AU2606,430500,861,861,430500,visible_execution_drop,1082.11,5.189100000003708,4,"AU2608,AU2610,AU2612,AU2603",20,238,290.0,1080.0,1080.7570833333332,105.50000000000637,19.49894188206492,67.64583333334713,12.502579836310009,,,95.38639999999204,83.97243999993864,95.12499999999592,48.0,51876340.0,48.0,64940.00000001324,trade_recovered_3s,0.5,,0.5,
aggregated-tick-v1,AU_V1,validated,AU2606|22:38:00.000,20260206,22:38:00.000,,AU,AU2606,5880000,11679,11679,5880000,visible_execution_drop,1088.8950000000002,9.63690000000809,4,"AU2608,AU2610,AU2612,AU2603",20,269,290.0,1087.5,1088.34,69.75000000001046,12.811152590472076,27.750000000014552,5.096910170404777,,,69.66479999981317,66.9495999997539,69.75000000001046,12.0,13060080.0,12.0,6660.0000000034925,trade_recovered_3s,0.5,,0.5,
aggregated-tick-v1,AU_V1,validated,AU2608|14:40:40.500,20260206,14:40:40.500,,AU,AU2608,63640500,61903,61903,63640500,visible_execution_drop,1094.85,5.930400000011461,5,"AU2604,AU2606,AU2610,AU2612,AU2603",20,136,290.0,1093.76,1094.02,54.49999999999591,9.955701694295277,41.49999999999636,7.580947161710986,,,50.90839999988628,49.425800000112226,54.49999999999591,4.0,4376080.0,4.0,3319.999999999709,trade_recovered_3s,1.0,,0.5,
aggregated-tick-v1,AUTO_INFERRED_V1,validated,IF2602|14:43:20.600,20260206,14:43:20.600,,IF,IF2602,63800600,21965,21965,63800600,visible_execution_drop,4648.700000000001,8.154299999999324,2,"IF2603,IF2606",20,159,287.0,4644.6,4645.433333333333,20.50000000000182,8.819670015273868,16.333333333336668,7.027054158511698,,,20.0,20.0,18.250000000000455,30.0,41808900.0,30.0,29400.000000006003,trade_recovered_3s,0.5,,0.5,
aggregated-tick-v1,AUTO_INFERRED_V1,validated,LC2607|14:51:17.088,20260206,14:51:17.088,,LC,LC2607,64276616,19471,19471,64277088,visible_execution_drop,130965.0,1.1119499999999998,4,"LC2605,LC2609,LC2606,LC2612",20,118,287.697,130200.0,130200.0,38.25,58.412552972168136,38.25,58.412552972168136,,,37.1204,37.7367,32.5,5.0,651000.0,105.0,3825.0,trade_recovered_3s,0.597,,0.597,
aggregated-tick-v1,AUTO_INFERRED_V1,validated,MA605|11:27:27.000,20260206,11:27:27.000,11:27:28.000,MA,MA605,52047000,29871,29872,52048000,interval_execution_drop,2245.0,0.0,3,"MA604,MA607,MA606",20,272,290.0,2245.0,2224.0,0.0,0.0,21.0,93.5412026726058,2224.0,21.0,20.0,20.5,10.375,3.0,6672.0,7.0,63.0,quote_only_recovered_3s,,,1.0,
aggregated-tick-v1,AUTO_INFERRED_V1,validated,SN2603|00:37:47.500,20260206,00:37:47.500,,SN,SN2603,13067500,26082,26082,13067500,visible_execution_drop,365465.0,5.1891,3,"SN2605,SN2606,SN2607",20,333,290.0,365010.0,365104.0625,45.5,12.449892602574804,36.09375,9.87611672800405,,,38.7976,38.7976,42.75,32.0,11683330.0,32.0,11550.0,trade_recovered_3s,0.5,,0.5,
aggregated-tick-v1,AUTO_INFERRED_V1,validated,AG2605|21:26:45.000,20260209,21:26:45.000,21:26:46.000,AG,AG2605,1605000,3210,3210,1605000,"visible_execution_drop,interval_execution_drop",18779.5,8.8956,3,"AG2604,AG2608,AG2612",20,396,290.0,18718.0,18720.0,61.5,32.74847573151575,59.5,31.683484650816048,18727.477272727276,52.022727272724296,48.5856,47.96991586205734,44.0,22.0,6177600.0,22.0,19635.0,trade_recovered_3s,0.5,1.5,0.5,
aggregated-tick-v1,AUTO_INFERRED_V1,validated,AG2605|23:11:54.500,20260209,23:11:54.500,,AG,AG2605,7914500,15816,15816,7914500,visible_execution_drop,19003.0,9.6369,3,"AG2604,AG2612,AG2603",20,316,290.0,18951.0,18962.666666666668,52.0,27.36410040519918,40.33333333333212,21.22471890403206,,,44.5128,44.5128,43.0,3.0,853320.0,3.0,1814.9999999999457,trade_recovered_3s,0.5,,0.5,
aggregated-tick-v1,AUTO_INFERRED_V1,validated,AG2606|02:12:42.000,20260209,02:12:42.000,02:12:43.000,AG,AG2606,18762000,37469,37469,18762000,visible_execution_drop,19159.25,4.633125,4,"AG2604,AG2605,AG2608,AG2603",20,361,290.0,19042.0,19108.642857142855,117.25,61.19759385153385,50.607142857144936,26.41394775742523,19117.141463414635,42.10853658536507,54.3736,50.58666666668226,109.82407407407482,112.0,32102520.0,112.0,85020.00000000349,trade_recovered_3s,0.5,,0.5,
aggregated-tick-v1,AUTO_INFERRED_V1,validated,AG2606|10:03:41.500,20260209,10:03:41.500,,AG,AG2606,47021500,47189,47189,47022000,"visible_execution_drop,interval_execution_drop",19797.0,3.7065,5,"AG2604,AG2605,AG2608,AG2612,AG2603",20,499,290.0,19746.0,19777.962264150945,51.0,25.761479011971513,19.037735849055025,9.616475147272329,,,45.5128,39.5824,46.25,53.0,15723480.0,156.0,15134.999999998745,trade_recovered_3s,0.5,2.0,1.0,
aggregated-tick-v1,AUTO_INFERRED_V1,validated,AG2608|01:21:14.000,20260209,01:21:14.000,,AG,AG2608,15674000,30911,30911,15674000,visible_execution_drop,18404.5,5.1891,5,"AG2604,AG2606,AG2605,AG2612,AG2603",20,191,290.0,18333.0,18375.4375,71.5,38.84919449047787,29.0625,15.790975033279905,,,40.5128,40.5128,71.5,16.0,4410105.0,16.0,6975.0,trade_recovered_3s,1.0,,1.0,
aggregated-tick-v1,AUTO_INFERRED_V1,validated,AG2608|14:22:06.500,20260209,14:22:06.500,,AG,AG2608,62526500,61229,61229,62526500,visible_execution_drop,19738.0,0.7413,3,"AG2604,AG2606,AG2603",20,310,290.0,19700.0,19714.25,38.0,19.252203870706253,23.75,12.032627419191408,,,35.599799999999995,31.151999999999997,30.875,12.0,3548565.0,12.0,4275.0,trade_recovered_3s,0.5,,0.5,
aggregated-tick-v1,AUTO_INFERRED_V1,validated,AG2608|14:50:45.000,20260209,14:50:45.000,,AG,AG2608,64245000,64617,64617,64245000,visible_execution_drop,19677.0,0.7413,5,"AG2604,AG2606,AG2605,AG2612,AG2603",20,293,289.5,19609.0,19645.409090909092,68.0,34.55811353356711,31.5909090909081,16.054738573414696,,,57.803999999999995,51.8736,68.0,22.0,6482985.0,22.0,10424.999999999673,trade_recovered_3s,0.5,,0.5,
aggregated-tick-v1,AU_V1,validated,AU2604|00:25:46.500,20260209,00:25:46.500,,AU,AU2604,12346500,24592,24592,12346500,visible_execution_drop,1106.0000000000002,8.154300000009439,5,"AU2606,AU2608,AU2610,AU2612,AU2603",20,434,290.0,1105.26,1105.868076923077,37.00000000001182,6.690777576855663,6.596153846157904,1.1927945472256605,,,28.152000000255445,28.15199999985092,37.00000000001182,52.0,57505140.0,52.0,6860.00000000422,trade_recovered_3s,0.5,,0.5,
aggregated-tick-v1,AU_V1,validated,AU2604|00:53:42.500,20260209,00:53:42.500,,AU,AU2604,14022500,27897,27897,14022500,visible_execution_drop,1108.98,4.4477999999622435,5,"AU2606,AU2608,AU2610,AU2612,AU2603",20,391,290.0,1108.0800000000004,1108.4184,44.99999999998181,8.115565654922868,28.079999999999927,5.0641129686739035,,,35.082400000249145,29.152000000108327,42.4999999999784,25.0,27710460.0,25.0,14039.999999999964,trade_recovered_3s,0.5,,0.5,
aggregated-tick-v1,AU_V1,validated,AU2604|02:03:17.500,20260209,02:03:17.500,,AU,AU2604,18197500,35821,35821,18197500,visible_execution_drop,1113.2099999999998,5.189100000028991,5,"AU2606,AU2608,AU2610,AU2612,AU2603",20,274,290.0,1112.3000000000004,1112.8384,45.49999999996999,8.174558259442511,18.5799999999972,3.33809433979163,,,44.012799999734966,42.40519999971124,39.49999999996976,25.0,27820960.0,25.0,9289.9999999986,trade_recovered_3s,0.5,,0.5,
aggregated-tick-v1,AU_V1,validated,AU2604|02:24:09.000,20260209,02:24:09.000,02:24:10.000,AU,AU2604,19449000,38158,38158,19449500,"visible_execution_drop,interval_execution_drop",1112.0000000000005,4.447799999995954,5,"AU2606,AU2608,AU2610,AU2612,AU2603",20,347,290.0,1111.0,1111.3222222222223,50.00000000002274,8.99280575539977,33.88888888890733,6.095123900882611,1111.324482758621,33.77586206898968,35.08239999997946,29.152000000265904,48.5000000000241,9.0,10001900.0,42.0,6100.00000000332,trade_recovered_3s,0.5,1.5,0.5,
aggregated-tick-v1,AU_V1,validated,AU2608|09:33:04.500,20260209,09:33:04.500,,AU,AU2608,45184500,40943,40943,45184500,visible_execution_drop,1129.63,2.9651999999635925,5,"AU2604,AU2606,AU2610,AU2612,AU2603",20,113,290.0,1128.24,1128.8533333333332,69.500000000005,12.304913998389738,38.83333333334349,6.875407581835377,,,40.297600000159925,46.22799999975,69.500000000005,9.0,10159680.0,9.0,6990.000000001828,trade_recovered_3s,1.0,,0.5,
aggregated-tick-v1,AUTO_INFERRED_V1,validated,IC2609|14:59:59.700,20260209,14:59:59.700,,IC,IC2609,64799700,21471,21471,64799700,visible_execution_drop,8097.900000000001,2.223900000001348,2,"IC2606,IC2602",20,128,289.5,8084.0,8084.0,69.50000000000273,17.16494399782727,69.50000000000273,17.16494399782727,,,33.58240000007051,34.48746666674642,61.00000000000364,1.0,1616800.0,1.0,2780.000000000109,truncated,,,,
aggregated-tick-v1,AUTO_INFERRED_V1,validated,IM2606|09:36:14.200,20260209,09:36:14.200,,IM,IM2606,45374200,749,749,45374200,visible_execution_drop,8013.799999999999,4.447799999995954,3,"IM2603,IM2602,IM2609",20,410,290.0,8001.6,8008.454545454546,60.99999999999454,15.22373905013715,26.72727272726661,6.670311893799848,,,59.30400000002924,51.005611111103846,57.549999999996544,22.0,35237200.0,22.0,23519.999999994616,trade_recovered_3s,0.5,,0.5,
aggregated-tick-v1,AUTO_INFERRED_V1,validated,SH603|14:56:22.000,20260209,14:56:22.000,14:56:23.000,SH,SH603,64582000,39637,39638,64583000,interval_execution_drop,1932.75,0.37065,2,"SH605,SH604",20,275,290.0,1933.0,1900.0,-0.25,-1.293493726555426,32.75,169.4476781787608,1900.0,32.75,20.0,32.5,32.75,9.0,17100.0,12.0,294.75,quote_only_recovered_3s,,,1.0,
aggregated-tick-v1,AUTO_INFERRED_V1,validated,SN2603|21:42:08.000,20260209,21:42:08.000,,SN,SN2603,2528000,5056,5056,2528000,visible_execution_drop,360437.5,8.52495,2,"SN2605,SN2607",20,421,290.0,360040.0,360152.85714285716,39.75,11.028264262181375,28.464285714284053,7.897148802298332,,,33.797599999999996,32.070799999976984,32.01617647058738,42.0,15126420.0,42.0,11954.999999999302,trade_recovered_3s,0.5,,0.5,
aggregated-tick-v1,AUTO_INFERRED_V1,validated,SN2603|09:21:06.000,20260209,09:21:06.000,,SN,SN2603,44466000,31138,31138,44466000,visible_execution_drop,374075.0,0.7413,3,"SN2604,SN2605,SN2602",20,364,290.0,373600.0,373792.5,47.5,12.697988371315912,28.25,7.55196150504578,,,42.3356,34.256880000011506,41.25,12.0,4485510.0,12.0,3390.0,trade_recovered_3s,0.5,,0.5,
aggregated-tick-v1,AUTO_INFERRED_V1,validated,SN2603|14:02:29.500,20260209,14:02:29.500,,SN,SN2603,61349500,48661,48661,61349500,visible_execution_drop,381450.0,6.6716999999999995,5,"SN2604,SN2605,SN2606,SN2607,SN2602",20,467,290.0,381020.0,381314.7619047619,43.0,11.27277493773758,13.523809523810632,3.5453688619244024,,,38.0128,33.69,31.27631578947476,21.0,8007610.0,21.0,2840.000000000233,trade_recovered_3s,0.5,,0.5,
aggregated-tick-v1,AUTO_INFERRED_V1,validated,SN2604|22:08:40.500,20260209,22:08:40.500,,SN,SN2604,4120500,8235,8235,4121000,visible_execution_drop,361020.0,5.1891,5,"SN2603,SN2605,SN2606,SN2607,SN2602",20,200,290.0,360540.0,360915.71428571426,48.0,13.29566229017783,10.428571428573925,2.888640914235755,,,43.9606,40.2541,48.0,7.0,2526410.0,9.0,730.0000000001746,trade_recovered_3s,1.0,,0.5,
aggregated-tick-v1,AUTO_INFERRED_V1,validated,AG2606|01:09:16.000,20260210,01:09:16.000,01:09:17.000,AG,AG2606,14955500,29800,29800,14956000,"visible_execution_drop,interval_execution_drop",20094.5,3.7065,3,"AG2604,AG2608,AG2612",20,261,290.0,20063.0,20056.61971830986,31.5,15.675931224962056,37.88028169014069,18.85106954148682,20065.185185185182,29.31481481481751,22.7216,22.7216,24.579380789238712,71.0,21360300.0,80.0,40342.49999999984,trade_recovered_3s,0.5,1.5,0.5,
aggregated-tick-v1,AUTO_INFERRED_V1,validated,AG2606|01:51:27.000,20260210,01:51:27.000,,AG,AG2606,17487000,34835,34835,17487000,visible_execution_drop,20146.25,3.7065,4,"AG2604,AG2605,AG2608,AG2612",20,333,290.0,20126.0,20135.428571428572,20.25,10.051498417819694,10.821428571427532,5.37143566243223,,,20.0,20.0,16.75,21.0,6342660.0,21.0,3408.7499999996726,trade_recovered_3s,0.5,,0.5,
aggregated-tick-v1,AUTO_INFERRED_V1,validated,AG2608|01:50:02.000,20260210,01:50:02.000,,AG,AG2608,17402000,34111,34111,17402000,visible_execution_drop,19862.0,2.9652,5,"AG2604,AG2606,AG2605,AG2612,AG2603",20,212,290.0,19830.0,19847.0,32.0,16.111167052663376,15.0,7.552109555935957,,,29.151999999999997,29.151999999999997,22.5,5.0,1488525.0,5.0,1125.0,trade_recovered_3s,0.5,,0.5,
aggregated-tick-v1,AUTO_INFERRED_V1,validated,AG2608|10:07:12.500,20260210,10:07:12.500,,AG,AG2608,47232500,46742,46742,47232500,visible_execution_drop,19793.0,1.11195,5,"AG2604,AG2606,AG2605,AG2612,AG2603",20,277,290.0,19753.0,19770.285714285717,40.0,20.209164856262316,22.714285714282596,11.475918614804524,,,33.152,35.29546666668226,25.349999999998545,28.0,8303520.0,28.0,9539.99999999869,trade_recovered_3s,0.5,,0.5,
aggregated-tick-v1,AUTO_INFERRED_V1,validated,AG2608|10:07:17.500,20260210,10:07:17.500,10:07:18.500,AG,AG2608,47237500,46752,46752,47238000,"visible_execution_drop,interval_execution_drop",19794.5,6.6716999999999995,4,"AG2604,AG2606,AG2605,AG2612",20,282,289.5,19753.0,19759.02564102564,41.5,20.96541968728687,35.47435897435935,17.921321061082296,19760.29577464789,34.20422535211037,33.652,33.652,24.75,39.0,11559030.0,57.0,20752.50000000022,trade_recovered_3s,0.5,1.5,0.5,
aggregated-tick-v1,AUTO_INFERRED_V1,validated,AG2608|10:07:22.500,20260210,10:07:22.500,10:07:23.500,AG,AG2608,47242500,46762,46762,47242500,"visible_execution_drop,interval_execution_drop",19802.0,2.9652,5,"AG2604,AG2606,AG2605,AG2612,AG2603",20,289,290.0,19753.0,19758.972222222223,49.0,24.744975255024745,43.027777777777374,21.729006048771524,19760.39705882353,41.60294117646845,33.652,35.62880000001438,28.5,36.0,10669845.0,36.0,23234.99999999978,trade_recovered_3s,0.5,2.0,2.0,
aggregated-tick-v1,AU_V1,validated,AU2606|23:45:23.000,20260210,23:45:23.000,,AU,AU2606,9923000,18343,18343,9923000,visible_execution_drop,1132.665,1.4825999999986514,4,"AU2608,AU2610,AU2612,AU2603",20,168,290.0,1131.0000000000002,1132.045,83.24999999998681,14.699845055684923,30.999999999994543,5.473816176891586,,,36.08239999975355,36.0823999996975,80.24999999997817,28.0,31697260.0,28.0,17359.999999996944,trade_recovered_3s,0.5,,0.5,
aggregated-tick-v1,AU_V1,validated,AU2608|09:13:26.500,20260210,09:13:26.500,,AU,AU2608,44006500,36650,36650,44006500,visible_execution_drop,1129.8299999999997,2.2238999999811218,5,"AU2604,AU2606,AU2610,AU2612,AU2603",20,147,290.0,1129.12,1129.54,35.49999999999045,6.284131240981468,14.499999999986812,2.5667578308217727,,,33.582399999969454,33.582399999823245,34.00000000000318,3.0,3388620.0,3.0,869.9999999992087,trade_recovered_3s,0.5,,1.0,
aggregated-tick-v1,AU_V1,validated,AU2608|14:59:04.000,20260210,14:59:04.000,,AU,AU2608,64744000,58566,58566,64744500,"visible_execution_drop,interval_execution_drop",1126.88,2.223900000014833,5,"AU2604,AU2606,AU2610,AU2612,AU2603",20,180,290.0,1126.0,1126.18,44.00000000000546,7.809172227744827,35.000000000002274,6.211841544796655,,,35.36720000004094,35.31176551729307,43.25000000001751,13.0,14640340.0,50.0,9100.000000000591,trade_recovered_3s,1.0,2.0,0.5,
aggregated-tick-v1,AUTO_INFERRED_V1,validated,SN2603|21:27:21.500,20260210,21:27:21.500,21:27:22.500,SN,SN2603,1641500,3283,3283,1641500,interval_execution_drop,377125.0,1.4826,3,"SN2604,SN2605,SN2607",20,454,290.0,377000.0,376744.21875,12.5,3.3145508783559827,38.078125,10.096950613191911,376740.8947368421,38.41052631579223,40.5128,33.4951600000115,30.453125,128.0,48223260.0,128.0,48740.0,trade_recovered_3s,,1.5,0.5,
aggregated-tick-v1,AUTO_INFERRED_V1,validated,SN2604|14:58:07.000,20260210,14:58:07.000,,SN,SN2604,64687000,54388,54388,64687000,visible_execution_drop,382465.0,5.9304,5,"SN2603,SN2605,SN2606,SN2607,SN2612",20,200,290.0,381890.0,382160.7692307693,57.5,15.034055403762435,30.423076923075133,7.95447346112066,,,44.8704,43.5128,57.0,13.0,4968090.0,13.0,3954.999999999767,trade_recovered_3s,1.0,,0.5,
aggregated-tick-v1,AUTO_INFERRED_V1,validated,TA607|09:34:35.000,20260210,09:34:35.000,09:34:36.000,TA,TA607,45275000,9456,9457,45275000,interval_execution_drop,5252.0,0.7413,5,"TA605,TA609,TA604,TA606,TA603",20,110,290.0,5252.0,5184.0,0.0,0.0,34.0,129.47448591012946,5184.0,34.0,20.0,32.4304,34.0,3.0,15552.0,3.0,204.0,quote_only_recovered_3s,,,1.0,
aggregated-tick-v1,AUTO_INFERRED_V1,validated,TA609|10:48:15.000,20260210,10:48:15.000,10:48:16.000,TA,TA609,49695000,17148,17149,49695000,interval_execution_drop,5233.0,0.0,5,"TA605,TA604,TA606,TA603,TA607",20,135,290.0,5232.0,5192.0,0.5,1.9109497420217847,20.5,78.34893942289318,5192.0,20.5,20.0,20.4304,20.5,2.0,10384.0,2.0,82.0,quote_only_recovered_3s,,,1.0,
aggregated-tick-v1,AU_V1,validated,AU2604|22:08:12.000,20260211,22:08:12.000,,AU,AU2604,4092000,8115,8115,4092000,visible_execution_drop,1127.84,5.18909999999528,5,"AU2606,AU2608,AU2610,AU2612,AU2603",20,440,290.0,1127.16,1127.425,33.999999999991815,6.029224003403287,20.74999999999818,3.67959994325404,,,28.196,28.196,27.874999999994543,16.0,18038800.0,16.0,6639.999999999418,trade_recovered_3s,0.5,,0.5,
aggregated-tick-v1,AU_V1,validated,AU2604|23:52:21.500,20260211,23:52:21.500,,AU,AU2604,10341500,20542,20542,10341500,visible_execution_drop,1122.02,1.1119499999989886,4,"AU2606,AU2608,AU2612,AU2603",20,478,290.0,1121.38,1121.711851851852,31.999999999993634,5.703998146199468,15.407407407406026,2.746369477800044,,,28.0505,28.0505,29.62500000000432,27.0,30286220.0,27.0,8319.999999999254,trade_recovered_3s,0.5,,0.5,
aggregated-tick-v1,AUTO_INFERRED_V1,validated,IF2602|09:58:21.300,20260211,09:58:21.300,09:58:22.300,IF,IF2602,46701300,2888,2888,46701300,visible_execution_drop,4715.6,0.7412999999959546,3,"IF2603,IF2606,IF2609",20,190,290.0,4708.0,4711.6,38.00000000000182,16.116718975316743,20.0,8.482483671218933,4712.229787234042,16.85106382979029,20.0,20.0,38.00000000000182,20.0,28269600.0,20.0,24000.0,trade_recovered_3s,0.5,,0.5,
aggregated-tick-v1,AUTO_INFERRED_V1,validated,IF2602|10:05:15.800,20260211,10:05:15.800,,IF,IF2602,47115800,3587,3587,47115800,visible_execution_drop,4709.9,0.7412999999959546,3,"IF2603,IF2606,IF2609",20,239,290.0,4705.8,4707.0,20.49999999999727,8.70506804815273,14.49999999999818,6.157243253571491,,,20.0,20.0,14.49999999999818,4.0,5648400.0,4.0,3479.999999999563,trade_recovered_3s,0.5,,0.5,
aggregated-tick-v1,AUTO_INFERRED_V1,validated,IH2602|14:59:30.800,20260211,14:59:30.800,14:59:31.800,IH,IH2602,64770800,13217,13217,64770800,visible_execution_drop,3091.3999999999996,0.7412999999993256,3,"IH2603,IH2606,IH2609",20,135,290.0,3084.0,3087.311111111111,36.99999999999818,23.93737465225994,20.444444444442524,13.226657465512409,3088.3866666666668,15.066666666664332,20.0,20.0,33.49999999999909,9.0,8335740.0,9.0,11039.999999998963,trade_recovered_3s,0.5,,1.0,
aggregated-tick-v1,AUTO_INFERRED_V1,validated,LC2605|11:13:32.122,20260211,11:13:32.122,,LC,LC2605,51212122,12302,12302,51212122,visible_execution_drop,144490.0,0.0,3,"LC2609,LC2603,LC2604",20,416,289.002,143980.0,143980.0,25.5,35.29656031559277,25.5,35.29656031559277,,,22.9716,22.9716,23.0,6.0,863880.0,6.0,3060.0,trade_recovered_3s,0.478,,0.478,
aggregated-tick-v1,AUTO_INFERRED_V1,validated,SN2603|21:33:00.000,20260211,21:33:00.000,,SN,SN2603,1980000,3960,3960,1980000,visible_execution_drop,383665.0,3.33585,3,"SN2605,SN2606,SN2608",20,554,290.0,383300.0,383527.0,36.5,9.513507877966456,13.8,3.5968879100256737,,,27.151999999999997,22.30413333332621,36.5,30.0,11505810.0,30.0,4140.0,trade_recovered_3s,0.5,,0.5,
aggregated-tick-v1,AUTO_INFERRED_V1,validated,SN2603|22:47:31.000,20260211,22:47:31.000,,SN,SN2603,6451000,12895,12895,6451000,visible_execution_drop,386877.5,1.85325,4,"SN2604,SN2605,SN2606,SN2607",20,492,290.0,386600.0,386751.3888888889,27.75,7.172813099753799,12.611111111112404,3.2597168641527112,,,27.651999999999997,26.518240000011502,25.6875,36.0,13923050.0,36.0,4540.000000000466,trade_recovered_3s,0.5,,0.5,
aggregated-tick-v1,AUTO_INFERRED_V1,validated,SN2603|23:36:47.500,20260211,23:36:47.500,,SN,SN2603,9407500,18796,18796,9407500,visible_execution_drop,388060.0,8.1543,5,"SN2604,SN2605,SN2606,SN2607,SN2608",20,448,290.0,387600.0,387834.5945945946,46.0,11.853837035509974,22.540540540538498,5.808519440431505,,,36.2976,30.117199999999997,39.1375,37.0,14349880.0,37.0,8339.999999999243,trade_recovered_3s,0.5,,0.5,
aggregated-tick-v1,AUTO_INFERRED_V1,validated,SN2603|00:07:30.500,20260211,00:07:30.500,,SN,SN2603,11250500,22455,22455,11250500,visible_execution_drop,385725.0,1.4826,3,"SN2604,SN2605,SN2606",20,473,290.0,385200.0,385529.1836734694,52.5,13.610733035193467,19.58163265305921,5.076578560647924,,,43.0128,37.0824,45.1,98.0,37781860.0,98.0,19189.99999999802,trade_recovered_3s,0.5,,0.5,
aggregated-tick-v1,AUTO_INFERRED_V1,validated,SN2604|11:20:23.500,20260211,11:20:23.500,,SN,SN2604,51623500,43091,43091,51623500,visible_execution_drop,391010.0,2.59455,4,"SN2603,SN2605,SN2606,SN2608",20,211,290.0,390500.0,390843.07692307694,51.0,13.043144676606737,16.69230769230635,4.269023219944848,,,39.2628,39.2628,42.0,13.0,5080960.0,13.0,2169.9999999998254,trade_recovered_3s,0.5,,0.5,
aggregated-tick-v1,AUTO_INFERRED_V1,validated,SN2604|11:21:11.000,20260211,11:21:11.000,,SN,SN2604,51671000,43185,43185,51674000,visible_execution_drop,391280.0,3.7065,5,"SN2603,SN2605,SN2606,SN2607,SN2608",20,203,290.0,390670.0,390804.5,61.0,15.589858924555308,47.55,12.152422817419753,,,39.5128,39.5128,61.0,20.0,7816090.0,43.0,9510.0,trade_recovered_3s,0.5,,0.5,
aggregated-tick-v1,AUTO_INFERRED_V1,validated,SN2605|22:40:23.500,20260211,22:40:23.500,,SN,SN2605,6023500,11882,11882,6023500,visible_execution_drop,387750.0,4.447799999999999,5,"SN2603,SN2604,SN2606,SN2607,SN2608",20,255,290.0,387170.0,387510.0,58.0,14.958091553836235,24.0,6.189555125725338,,,48.4432,42.0128,58.0,9.0,3487590.0,9.0,2160.0,trade_recovered_3s,0.5,,0.5,
aggregated-tick-v1,AUTO_INFERRED_V1,validated,AG2604|21:30:02.500,20260212,21:30:02.500,,AG,AG2604,1802500,3605,3605,1805000,"visible_execution_drop,interval_execution_drop",21326.5,9.6369,3,"AG2606,AG2608,AG2603",20,564,290.0,21244.0,21289.42531120332,82.5,38.68426605397041,37.07468879667795,17.38432879125874,,,46.227999999999994,42.17846000000863,81.375,482.0,153922545.0,1838.0,268049.99999998155,trade_recovered_3s,0.5,1.5,1.0,
aggregated-tick-v1,AUTO_INFERRED_V1,validated,AG2604|21:30:25.500,20260212,21:30:25.500,21:30:26.500,AG,AG2604,1825000,3651,3651,1825500,"visible_execution_drop,interval_execution_drop",20919.0,1.4826,3,"AG2606,AG2608,AG2603",20,546,290.0,20820.0,20871.808510638297,99.0,47.325397963573785,47.191489361703134,22.559151661983428,20845.388412017164,73.61158798283577,52.1584,44.39523999999209,58.94089147286832,188.0,58858500.0,331.0,133080.00000000285,trade_recovered_3s,0.5,2.5,0.5,
aggregated-tick-v1,AUTO_INFERRED_V1,validated,AG2604|21:30:32.000,20260212,21:30:32.000,,AG,AG2604,1832000,3664,3664,1832000,visible_execution_drop,20692.0,6.6716999999999995,5,"AG2606,AG2605,AG2608,AG2603,AG2612",20,541,290.0,20610.0,20645.48739495798,82.0,39.628842064566015,46.51260504201855,22.478544868557194,,,52.4084,47.46639999998561,42.66935483870839,119.0,36852195.0,119.0,83025.00000000311,trade_recovered_3s,0.5,,0.5,
aggregated-tick-v1,AUTO_INFERRED_V1,validated,AG2604|21:31:09.500,20260212,21:31:09.500,21:31:10.500,AG,AG2604,1869500,3739,3739,1869500,"visible_execution_drop,interval_execution_drop",20882.5,4.8184499999999995,5,"AG2606,AG2605,AG2608,AG2603,AG2612",20,492,290.0,20817.0,20830.10909090909,65.5,31.36597629594158,52.39090909091101,25.088427674325875,20805.597826086956,76.90217391304395,48.9432,46.66228562093644,34.240027829313476,110.0,34369680.0,110.0,86445.00000000317,trade_recovered_3s,1.0,2.5,1.5,
aggregated-tick-v1,AUTO_INFERRED_V1,validated,AG2604|22:22:12.000,20260212,22:22:12.000,22:22:13.000,AG,AG2604,4932000,9863,9863,4932000,"visible_execution_drop,interval_execution_drop",21101.75,6.6716999999999995,4,"AG2606,AG2605,AG2608,AG2612",20,522,290.0,21061.0,21066.170454545456,40.75,19.311194569170805,35.57954545454413,16.860945397677508,21061.657794676805,40.09220532319523,38.0824,34.8672,22.374259005926433,88.0,27807345.0,88.0,46964.999999998254,trade_recovered_3s,0.5,2.0,0.5,
aggregated-tick-v1,AUTO_INFERRED_V1,validated,AG2604|23:24:55.500,20260212,23:24:55.500,23:24:56.500,AG,AG2604,8695500,17389,17389,8695500,interval_execution_drop,20795.0,3.7065,5,"AG2606,AG2605,AG2608,AG2603,AG2612",20,516,290.0,20768.0,20746.68390804598,27.0,12.983890358259195,48.31609195402052,23.23447557298414,20734.56274509804,60.43725490196084,41.5824,40.29166588237299,34.31609195402052,174.0,54148845.0,174.0,126104.99999999355,trade_recovered_3s,,2.5,2.0,
aggregated-tick-v1,AUTO_INFERRED_V1,validated,AG2605|21:30:25.000,20260212,21:30:25.000,,AG,AG2605,1825000,3650,3650,1825000,visible_execution_drop,20607.0,4.4478,3,"AG2604,AG2606,AG2612",20,415,290.0,20545.0,20596.16,62.0,30.086863687096617,10.840000000000146,5.260348425292447,,,36.5824,33.8672,62.0,25.0,7723560.0,25.0,4065.0000000000546,trade_recovered_3s,0.5,,0.5,
aggregated-tick-v1,AUTO_INFERRED_V1,validated,AG2605|00:03:07.000,20260212,00:03:07.000,,AG,AG2605,10987000,21850,21850,10987000,visible_execution_drop,20507.5,3.7065,5,"AG2604,AG2606,AG2608,AG2603,AG2612",20,302,290.0,20472.0,20499.275862068967,35.5,17.310739973180542,8.224137931032601,4.010307414864124,,,28.151999999999997,24.77593333334113,30.0,58.0,17834370.0,58.0,7154.999999998363,trade_recovered_3s,0.5,,0.5,
aggregated-tick-v1,AUTO_INFERRED_V1,validated,AG2605|09:12:32.000,20260212,09:12:32.000,,AG,AG2605,43952000,40510,40510,43952000,visible_execution_drop,20306.0,7.412999999999999,3,"AG2606,AG2608,AG2612",20,382,290.0,20265.0,20288.21052631579,41.0,20.191076529104695,17.789473684209952,8.760698160253103,,,37.5824,35.605599999985614,32.75,19.0,5782140.0,19.0,5069.999999999836,trade_recovered_3s,0.5,,0.5,
aggregated-tick-v1,AUTO_INFERRED_V1,validated,AG2606|21:30:05.000,20260212,21:30:05.000,21:30:06.000,AG,AG2606,1805000,3609,3609,1805000,"visible_execution_drop,interval_execution_drop",20780.5,9.6369,3,"AG2604,AG2605,AG2612",20,515,290.0,20737.0,20750.061224489797,43.5,20.93308630687423,30.438775510203413,14.647758961624318,20717.706976744183,62.79302325581375,31.151999999999997,25.2216,31.25,49.0,15251295.0,49.0,22372.49999999951,trade_recovered_3s,0.5,1.5,0.5,
aggregated-tick-v1,AUTO_INFERRED_V1,validated,AG2606|22:42:46.500,20260212,22:42:46.500,22:42:47.500,AG,AG2606,6166500,12323,12323,6166500,"visible_execution_drop,interval_execution_drop",20548.25,1.11195,3,"AG2604,AG2603,AG2612",20,334,290.0,20504.0,20500.6875,44.25,21.534680568904893,47.5625,23.14673999002348,20502.13793103448,46.11206896551812,43.0824,38.98844571429486,34.5625,16.0,4920165.0,16.0,11415.0,trade_recovered_3s,0.5,1.5,0.5,
aggregated-tick-v1,AUTO_INFERRED_V1,validated,AG2606|09:14:41.000,20260212,09:14:41.000,,AG,AG2606,44081000,41021,41021,44081000,visible_execution_drop,20239.0,4.4478,5,"AG2604,AG2605,AG2608,AG2603,AG2612",20,484,290.0,20200.0,20221.544444444447,39.0,19.26972676515638,17.455555555552564,8.624712463833472,,,38.0824,38.0824,35.0,90.0,27299085.0,90.0,23564.99999999596,trade_recovered_3s,0.5,,0.5,
aggregated-tick-v1,AUTO_INFERRED_V1,validated,AG2606|14:50:06.000,20260212,14:50:06.000,,AG,AG2606,64206000,64604,64604,64206000,visible_execution_drop,20377.0,5.9304,5,"AG2604,AG2605,AG2608,AG2603,AG2612",20,333,290.0,20350.0,20363.245901639344,27.0,13.25023310595279,13.754098360655917,6.749815164477556,,,26.6868,23.7216,24.100000000000364,61.0,18632370.0,61.0,12585.000000000164,trade_recovered_3s,0.5,,0.5,
aggregated-tick-v1,AUTO_INFERRED_V1,validated,AG2608|21:30:25.000,20260212,21:30:25.000,,AG,AG2608,1825000,3647,3647,1825000,visible_execution_drop,20193.5,4.4478,3,"AG2604,AG2606,AG2612",20,339,290.0,20138.0,20182.791666666668,55.5,27.484091415554513,10.70833333333212,5.302861481829361,,,39.5128,33.0824,55.5,24.0,7265805.0,24.0,3854.999999999563,trade_recovered_3s,0.5,,0.5,
aggregated-tick-v1,AUTO_INFERRED_V1,validated,AG2608|22:31:07.500,20260212,22:31:07.500,,AG,AG2608,5467500,10905,10905,5467500,visible_execution_drop,20396.5,9.6369,3,"AG2604,AG2605,AG2603",20,315,290.0,20368.0,20387.5,28.5,13.972985561248256,9.0,4.412521756183659,,,27.151999999999997,28.438079999981284,28.5,18.0,5504625.0,18.0,2430.0,trade_recovered_3s,0.5,,0.5,
aggregated-tick-v1,AUTO_INFERRED_V1,validated,AG2610|00:28:04.500,20260212,00:28:04.500,,AG,AG2610,12484500,23323,23323,12484500,visible_execution_drop,20095.5,9.6369,5,"AG2604,AG2606,AG2605,AG2608,AG2603",20,165,290.0,20050.0,20087.0,45.5,22.641884999129157,8.5,4.229802692145008,,,20.373599999999996,20.373599999999996,45.5,5.0,1506525.0,5.0,637.5,trade_recovered_3s,0.5,,0.5,
aggregated-tick-v1,AU_V1,validated,AU2604|21:30:05.500,20260212,21:30:05.500,,AU,AU2604,1805500,3603,3603,1805500,visible_execution_drop,1129.585,8.524950000000674,4,"AU2606,AU2608,AU2610,AU2603",20,506,290.0,1128.86,1129.6897297297296,36.25000000000682,6.418286361806649,-5.236486486478498,-0.9271522703432672,,,28.239625,28.239625,30.00000000000682,74.0,83597040.0,74.0,0.0,trade_recovered_3s,0.5,,0.5,
aggregated-tick-v1,AU_V1,validated,AU2604|21:32:10.500,20260212,21:32:10.500,,AU,AU2604,1930500,3853,3853,1930500,visible_execution_drop,1124.635,4.077149999987864,4,"AU2606,AU2608,AU2610,AU2603",20,455,290.0,1123.48,1124.156,57.74999999999864,10.26999871069256,23.950000000002092,4.259159638460851,,,34.08239999983416,28.115875,46.62500000000023,70.0,78690920.0,70.0,33530.000000002925,trade_recovered_3s,0.5,,0.5,
aggregated-tick-v1,AUTO_INFERRED_V1,validated,NI2604|22:19:54.000,20260212,22:19:54.000,,NI,NI2604,4794000,9337,9337,4794000,visible_execution_drop,141195.0,0.7413,5,"NI2603,NI2605,NI2606,NI2609,NI2607",20,313,290.0,140960.0,141035.57692307694,23.5,16.64364885442119,15.942307692306349,11.290986006803603,,,20.0,20.0,23.5,52.0,7333850.0,52.0,8289.999999999302,trade_recovered_3s,0.5,,0.5,
aggregated-tick-v1,AUTO_INFERRED_V1,validated,NI2604|23:38:28.000,20260212,23:38:28.000,,NI,NI2604,9508000,18007,18007,9508000,visible_execution_drop,139830.0,7.412999999999999,3,"NI2603,NI2606,NI2607",20,125,290.0,139550.0,139666.0,28.0,20.024315239934204,16.4,11.72852749767575,,,20.0,20.0,27.5,25.0,3491650.0,25.0,4100.0,trade_recovered_3s,0.5,,0.5,
aggregated-tick-v1,AUTO_INFERRED_V1,validated,NI2604|14:26:52.500,20260212,14:26:52.500,,NI,NI2604,62812500,47592,47592,62812500,visible_execution_drop,140397.5,0.7413,4,"NI2603,NI2605,NI2606,NI2609",20,129,290.0,140160.0,140278.27586206896,23.75,16.916255631332465,11.92241379310435,8.491898924912732,,,20.0,20.0,23.75,29.0,4068070.0,29.0,3457.500000000262,trade_recovered_3s,0.5,,0.5,
aggregated-tick-v1,AUTO_INFERRED_V1,validated,NI2606|21:15:35.000,20260212,21:15:35.000,,NI,NI2606,935000,1861,1861,935000,visible_execution_drop,141205.0,0.7413,5,"NI2603,NI2605,NI2604,NI2609,NI2607",20,128,290.0,140980.0,141072.0,22.5,15.934279947593923,13.3,9.41892992457774,,,20.0,20.0,22.5,10.0,1410720.0,10.0,1330.0,trade_recovered_3s,0.5,,0.5,
aggregated-tick-v1,AUTO_INFERRED_V1,validated,OI605|21:24:45.000,20260211,21:24:45.000,21:24:46.000,OI,OI605,1485000,2688,2689,1485000,interval_execution_drop,9135.0,0.0,5,"OI607,OI609,OI603,OI701,OI611",20,169,290.0,9136.0,9046.455128205129,-1.0,-1.0946907498631635,88.54487179487114,96.92925210166516,9047.044585987262,87.9554140127384,20.0,20.0,88.54487179487114,156.0,1411247.0,156.0,13812.999999999898,trade_recovered_3s,,2.0,1.0,
aggregated-tick-v1,AUTO_INFERRED_V1,validated,OI605|22:50:21.000,20260211,22:50:21.000,22:50:22.000,OI,OI605,6621000,10680,10681,6621000,interval_execution_drop,9110.5,0.7413,5,"OI607,OI609,OI603,OI701,OI611",20,210,290.0,9110.0,9081.79366940211,0.5,0.5488172987212557,28.706330597889973,31.509061629866608,9082.20023282887,28.299767171129133,20.0,20.0,27.956330597889973,853.0,7746770.0,853.0,24486.500000000146,trade_recovered_3s,,2.0,1.0,
aggregated-tick-v1,AUTO_INFERRED_V1,validated,PL605|21:40:39.000,20260211,21:40:39.000,21:40:40.000,PL,PL605,2439000,2038,2039,2439000,interval_execution_drop,6283.5,0.0,3,"PL604,PL606,PL607",20,113,290.0,6285.0,6239.533333333334,-1.5,-2.3872045834328,43.96666666666624,69.97161878995185,6262.401408450704,21.098591549295634,20.0,20.0,43.96666666666624,75.0,467965.0,75.0,3297.499999999968,trade_recovered_3s,,2.0,1.0,
aggregated-tick-v1,AUTO_INFERRED_V1,validated,SN2603|21:31:14.500,20260212,21:31:14.500,21:31:15.500,SN,SN2603,1874500,3749,3749,1874500,"visible_execution_drop,interval_execution_drop",392410.0,3.7065,3,"SN2606,SN2607,SN2612",20,472,290.0,392030.0,392014.0909090909,38.0,9.683749139930176,39.59090909091174,10.089169259425534,391967.6470588235,44.23529411764466,34.474799999999995,28.437226666654187,38.30387205387524,22.0,8624310.0,22.0,8710.000000000582,trade_recovered_3s,0.5,1.5,0.5,
aggregated-tick-v1,AUTO_INFERRED_V1,validated,SN2604|00:30:37.500,20260212,00:30:37.500,,SN,SN2604,12637500,25005,25005,12637500,visible_execution_drop,392442.5,1.4826,4,"SN2603,SN2605,SN2606,SN2607",20,145,290.0,392040.0,392120.0,40.25,10.2562795823592,32.25,8.217764385865445,,,31.0824,31.5824,35.75,5.0,1960600.0,5.0,1612.5,trade_recovered_3s,2.0,,0.5,
aggregated-tick-v1,AUTO_INFERRED_V1,validated,AG2603|13:45:51.500,20260213,13:45:51.500,,AG,AG2603,60351500,51442,51442,60351500,visible_execution_drop,19588.75,4.8184499999999995,5,"AG2604,AG2606,AG2605,AG2608,AG2612",20,141,290.0,19533.0,19546.666666666668,55.75,28.46021313253781,42.08333333333212,21.483419479717757,,,45.234399999999994,48.94959999999999,55.75,9.0,2638800.0,9.0,5681.249999999836,quote_only_recovered_3s,4.0,,1.0,
aggregated-tick-v1,AUTO_INFERRED_V1,validated,AG2605|23:25:14.500,20260213,23:25:14.500,,AG,AG2605,8714500,17312,17312,8715000,visible_execution_drop,20541.5,0.7413,5,"AG2604,AG2606,AG2608,AG2603,AG2612",20,226,290.0,20509.0,20524.59574468085,32.5,15.82162938441691,16.904255319150252,8.229318851666262,,,20.0,20.0,28.25,47.0,14469840.0,58.0,11917.500000000928,trade_recovered_3s,1.0,,1.0,
aggregated-tick-v1,AUTO_INFERRED_V1,validated,AG2606|23:24:41.500,20260213,23:24:41.500,,AG,AG2606,8681500,17267,17267,8681500,visible_execution_drop,20472.75,2.2239,4,"AG2605,AG2608,AG2603,AG2612",20,370,290.0,20450.0,20461.57692307693,22.75,11.112332246522817,11.173076923074404,5.4575359553916325,,,22.7216,20.0,22.125,52.0,15960030.0,52.0,8714.999999998035,trade_recovered_3s,0.5,,0.5,
aggregated-tick-v1,AUTO_INFERRED_V1,validated,AG2606|00:10:57.500,20260213,00:10:57.500,,AG,AG2606,11457500,22766,22766,11457500,visible_execution_drop,20318.0,8.8956,3,"AG2605,AG2603,AG2612",20,493,290.0,20286.0,20296.54411764706,32.0,15.749581651737376,21.455882352940534,10.560036594615877,,,31.651999999999997,28.9368,26.66666666666606,68.0,20702475.0,68.0,21884.999999999345,trade_recovered_3s,0.5,,0.5,
aggregated-tick-v1,AUTO_INFERRED_V1,validated,AG2606|00:28:24.500,20260213,00:28:24.500,00:28:25.500,AG,AG2606,12504500,24860,24860,12504500,interval_execution_drop,18997.0,0.7413,3,"AG2608,AG2603,AG2612",20,218,290.0,18931.0,18927.47,66.0,34.74232773595831,69.53000000000247,36.60051587092829,18928.867924528306,68.13207547169804,66.4567,63.38010673233609,38.475945945949206,100.0,28391205.0,100.0,104295.00000000373,trade_recovered_3s,,1.5,0.5,
aggregated-tick-v1,AUTO_INFERRED_V1,validated,AG2608|13:43:49.500,20260213,13:43:49.500,13:43:50.500,AG,AG2608,60229500,56326,56326,60229500,visible_execution_drop,18965.5,4.07715,5,"AG2604,AG2606,AG2605,AG2603,AG2612",20,244,290.0,18900.0,18918.95,65.5,34.53639503308639,46.54999999999927,24.544567767788493,18928.783333333333,36.71666666666715,47.9432,45.4721999999928,60.4375,40.0,11351370.0,40.0,27929.999999999563,trade_recovered_3s,0.5,,0.5,
aggregated-tick-v1,AUTO_INFERRED_V1,validated,AG2609|13:55:42.000,20260213,13:55:42.000,,AG,AG2609,60942000,54303,54303,60942000,visible_execution_drop,18804.0,7.78365,4,"AG2604,AG2605,AG2608,AG2603",20,132,290.0,18775.0,18775.0,29.0,15.42225058498192,29.0,15.42225058498192,,,28.5824,25.367199999999997,23.25,1.0,281625.0,1.0,435.0,trade_recovered_3s,0.5,,1.0,
aggregated-tick-v1,AUTO_INFERRED_V1,validated,AG2612|14:57:59.000,20260213,14:57:59.000,14:58:00.000,AG,AG2612,64679000,62144,62144,64679000,"visible_execution_drop,interval_execution_drop",19326.5,5.1891,2,"AG2606,AG2605",20,122,290.0,19251.0,19251.0,75.5,39.06553178278529,75.5,39.06553178278529,19251.428571428572,75.07142857142753,45.5334,42.893200000000725,38.5,2.0,577530.0,2.0,2265.0,persistent_10s,,,,
aggregated-tick-v1,AUTO_INFERRED_V1,validated,AG2612|14:59:40.000,20260213,14:59:40.000,,AG,AG2612,64780000,62344,62344,64780000,visible_execution_drop,19360.0,5.1891,5,"AG2604,AG2606,AG2605,AG2608,AG2603",20,109,290.0,19302.0,19302.0,58.0,29.958677685950416,58.0,29.958677685950416,,,50.3736,50.8736,58.0,1.0,289530.0,1.0,870.0,trade_recovered_3s,0.5,,,
aggregated-tick-v1,AU_V1,validated,AU2604|23:59:23.000,20260213,23:59:23.000,,AU,AU2604,10763000,21110,21110,10763000,visible_execution_drop,1126.8900000000003,3.706499999988201,4,"AU2606,AU2608,AU2610,AU2612",20,303,290.0,1126.32,1126.6952380952382,28.50000000001955,5.05816894284616,9.73809523810587,1.728313364766014,,,28.17225000000001,28.17225000000001,28.50000000001955,21.0,23660600.0,21.0,4090.0000000044656,trade_recovered_3s,0.5,,0.5,
aggregated-tick-v1,AU_V1,validated,AU2604|00:12:00.500,20260213,00:12:00.500,00:12:01.500,AU,AU2604,11520500,22614,22614,11520500,"visible_execution_drop,interval_execution_drop",1120.12,5.930399999977751,3,"AU2606,AU2603,AU2610",20,482,290.0,1119.36,1119.4881818181818,38.000000000010914,6.784987322788793,31.590909090914465,5.640629413083324,1119.262831858407,42.858407079654626,29.651999999899925,28.003,28.068181818184712,22.0,24628740.0,22.0,13900.000000002365,trade_recovered_3s,0.5,1.5,0.5,
aggregated-tick-v1,AU_V1,validated,AU2604|00:13:16.500,20260213,00:13:16.500,00:13:17.500,AU,AU2604,11596500,22766,22766,11597500,"visible_execution_drop,interval_execution_drop",1115.54,2.2238999999811218,3,"AU2606,AU2603,AU2612",20,433,290.0,1114.58,1114.5793548387096,48.00000000000182,8.605697689011926,48.03225806451792,8.611481087996472,1113.9479051383398,79.60474308300718,42.51279999981512,34.65490434788289,30.17511520737912,31.0,34551960.0,253.0,29780.00000000111,trade_recovered_3s,0.5,2.5,2.0,
aggregated-tick-v1,AU_V1,validated,AU2604|00:14:20.000,20260213,00:14:20.000,,AU,AU2604,11660000,22893,22893,11660000,visible_execution_drop,1109.16,0.7413000000161809,3,"AU2606,AU2603,AU2612",20,382,290.0,1107.96,1108.146896551724,59.999999999990905,10.818998160768674,50.655172413792116,9.133970286305336,,,55.373600000163265,56.11489999988703,43.50000000000023,29.0,32136260.0,29.0,29379.999999999425,trade_recovered_3s,0.5,,0.5,
aggregated-tick-v1,AU_V1,validated,AU2604|14:39:49.500,20260213,14:39:49.500,,AU,AU2604,63589500,63074,63074,63589500,visible_execution_drop,1105.7299999999998,1.4826000000155066,5,"AU2606,AU2608,AU2603,AU2610,AU2612",20,437,290.0,1105.12,1105.476,30.499999999995,5.516717462670815,12.699999999983902,2.297124976257116,,,27.64324999999999,27.64324999999999,27.999999999985903,5.0,5527380.0,5.0,1269.9999999983902,trade_recovered_3s,0.5,,0.5,
aggregated-tick-v1,AUTO_INFERRED_V1,validated,IF2602|11:19:04.100,20260213,11:19:04.100,,IF,IF2602,51544100,9479,9479,51544100,visible_execution_drop,4673.6,2.223899999994606,3,"IF2603,IF2606,IF2609",20,122,290.0,4666.6,4669.625,35.0,14.97774734679904,19.87500000000182,8.505220814790233,,,20.0,20.0,32.16666666666697,8.0,11207100.0,8.0,9540.000000000871,trade_recovered_3s,1.0,,0.5,
aggregated-tick-v1,AUTO_INFERRED_V1,validated,IM2603|10:37:26.100,20260213,10:37:26.100,,IM,IM2603,49046100,7917,7917,49046100,visible_execution_drop,8288.4,5.559749999999999,3,"IM2606,IM2602,IM2609",20,465,290.0,8281.2,8284.944827586207,35.99999999999454,8.686839438249734,17.27586206896376,4.168684443068328,,,22.22160000008084,22.22160000008084,34.249999999992724,29.0,48052680.0,29.0,20039.999999997963,trade_recovered_3s,0.5,,0.5,
aggregated-tick-v1,AUTO_INFERRED_V1,validated,NI2604|09:51:29.500,20260213,09:51:29.500,,NI,NI2604,46289500,32623,32623,46289500,visible_execution_drop,136175.0,0.7413,5,"NI2603,NI2605,NI2606,NI2609,NI2607",20,151,289.5,135960.0,136066.38888888888,21.5,15.78850743528548,10.861111111112404,7.975848071314415,,,20.0,20.0,21.5,36.0,4898390.0,36.0,3910.0000000004657,trade_recovered_3s,0.5,,0.5,
aggregated-tick-v1,AUTO_INFERRED_V1,validated,NI2604|14:46:49.500,20260213,14:46:49.500,,NI,NI2604,64009500,50282,50282,64009500,visible_execution_drop,134962.5,1.85325,4,"NI2605,NI2606,NI2609,NI2607",20,137,290.0,134750.0,134803.96226415093,21.25,15.74511438362508,15.853773584906596,11.746798988538735,,,20.0,20.0,21.25,53.0,7144610.0,53.0,8402.500000000495,trade_recovered_3s,0.5,,0.5,
aggregated-tick-v1,AUTO_INFERRED_V1,validated,OI607|09:07:14.000,20260213,09:07:14.000,09:07:15.000,OI,OI607,43634000,8154,8155,43634000,interval_execution_drop,9067.5,0.0,5,"OI605,OI609,OI603,OI701,OI611",20,120,290.0,9069.0,9007.136363636364,-1.5,-1.654259718775848,60.36363636363603,66.57142141013072,9009.637362637362,57.86263736263754,20.0,51.5256,60.36363636363603,88.0,792628.0,88.0,5311.999999999971,trade_recovered_3s,,2.0,1.0,
aggregated-tick-v1,AUTO_INFERRED_V1,validated,PG2604|14:39:31.492,20260213,14:39:31.492,14:39:32.492,PG,PG2604,63571492,21406,21406,63571492,"visible_execution_drop,interval_execution_drop",4409.0,5.9304,2,"PG2603,PG2609",20,173,289.5,4388.0,4388.072463768116,21.0,47.62984803810388,20.927536231884005,47.46549383507373,4388.125,20.875,20.0,20.0,8.888888888889142,69.0,6055540.0,69.0,28879.999999999927,quote_only_recovered_3s,1.0,4.5,1.5,
aggregated-tick-v1,AUTO_INFERRED_V1,validated,PG2604|14:40:41.494,20260213,14:40:41.494,14:40:42.494,PG,PG2604,63641494,21544,21544,63641494,visible_execution_drop,4396.5,8.1543,2,"PG2603,PG2609",20,186,289.502,4376.0,4376.0,20.5,46.62799954509269,20.5,46.62799954509269,4376.6,19.899999999999636,20.0,20.0,11.25,1.0,87520.0,1.0,410.0,trade_recovered_3s,0.5,,5.0,
aggregated-tick-v1,AUTO_INFERRED_V1,validated,SH605|11:24:39.000,20260213,11:24:39.000,11:24:40.000,SH,SH605,51879000,26143,26143,51879000,interval_execution_drop,2246.5,0.0,3,"SH603,SH604,SH606",20,182,290.0,2247.0,2225.0,-0.5,-2.2256843979523704,21.5,95.70442911195192,2225.0,21.5,20.0,21.5,21.5,1.0,2225.0,1.0,21.5,quote_only_recovered_3s,,,1.0,
aggregated-tick-v1,AUTO_INFERRED_V1,validated,SH605|11:25:04.000,20260213,11:25:04.000,11:25:05.000,SH,SH605,51904000,26175,26176,51904000,interval_execution_drop,2246.5,0.0,4,"SH603,SH604,SH607,SH606",20,176,290.0,2246.0,2225.0,0.5,2.2256843979523704,21.5,95.70442911195192,2225.0,21.5,20.0,21.5,21.5,24.0,53400.0,24.0,516.0,quote_only_recovered_3s,,,1.0,
aggregated-tick-v1,AUTO_INFERRED_V1,validated,SN2603|00:26:19.000,20260213,00:26:19.000,,SN,SN2603,12379000,24436,24436,12379000,visible_execution_drop,377670.0,3.7065,3,"SN2604,SN2605,SN2606",20,297,290.0,377000.0,377371.93548387097,67.0,17.740355336669577,29.80645161290304,7.892194670718627,,,65.9844,54.3736,48.875,31.0,11698530.0,31.0,9239.999999999942,trade_recovered_3s,0.5,,0.5,
aggregated-tick-v1,AUTO_INFERRED_V1,validated,SN2603|09:49:43.000,20260213,09:49:43.000,,SN,SN2603,46183000,34382,34382,46183000,visible_execution_drop,378915.0,2.59455,4,"SN2604,SN2605,SN2606,SN2607",20,316,290.0,378500.0,378703.3333333333,41.5,10.952324399931385,21.166666666668608,5.5861252963510575,,,35.599799999999995,34.11139999998849,39.75,9.0,3408330.0,9.0,1905.0000000001744,trade_recovered_3s,0.5,,0.5,
aggregated-tick-v1,AUTO_INFERRED_V1,validated,SN2604|13:51:32.500,20260213,13:51:32.500,,SN,SN2604,60692500,46415,46415,60692500,visible_execution_drop,372635.0,2.2238999999999995,5,"SN2603,SN2605,SN2606,SN2607,SN2612",20,198,290.0,372190.0,372516.0,44.5,11.941980758651226,11.9,3.1934735062460584,,,43.5128,48.3356,44.5,5.0,1862580.0,5.0,595.0,trade_recovered_3s,1.5,,0.5,
aggregated-tick-v1,AUTO_INFERRED_V1,validated,SN2605|14:57:49.000,20260213,14:57:49.000,,SN,SN2605,64669000,53514,53514,64669000,visible_execution_drop,366560.0,6.6716999999999995,3,"SN2604,SN2606,SN2607",20,151,290.0,365310.0,366230.0,125.0,34.100829332169354,33.0,9.002618943692712,,,111.282,103.73304615381429,125.0,5.0,1831150.0,5.0,1650.0,trade_recovered_3s,0.5,,0.5,
aggregated-tick-v1,AUTO_INFERRED_V1,validated,AG2603|13:52:59.500,20260224,13:52:59.500,,AG,AG2603,60779500,16686,16686,60779500,visible_execution_drop,22616.5,2.2239,5,"AG2604,AG2606,AG2605,AG2608,AG2612",20,204,290.0,22583.0,22583.0,33.5,14.812194636659076,33.5,14.812194636659076,,,31.867199999999997,30.1346,33.5,1.0,338745.0,1.0,502.5,trade_recovered_3s,1.5,,1.5,
aggregated-tick-v1,AUTO_INFERRED_V1,validated,AG2606|09:52:38.000,20260224,09:52:38.000,09:52:39.000,AG,AG2606,46358000,6308,6308,46358500,"visible_execution_drop,interval_execution_drop",21510.25,5.1891,4,"AG2605,AG2608,AG2603,AG2612",20,435,290.0,21300.0,21393.56573705179,210.25,97.74409874362225,116.68426294820893,54.24588879636867,21420.25458248473,89.99541751527431,29.151999999999997,29.151999999999997,208.3333333333339,251.0,80546775.0,455.0,439316.2500000066,trade_recovered_3s,1.0,2.5,1.0,
aggregated-tick-v1,AUTO_INFERRED_V1,validated,AG2606|13:56:49.000,20260224,13:56:49.000,,AG,AG2606,61009000,19292,19292,61009000,visible_execution_drop,22066.0,1.4826,5,"AG2604,AG2605,AG2608,AG2603,AG2612",20,349,290.0,22028.0,22050.558139534885,38.0,17.221064080485817,15.441860465114589,6.998033383991021,,,27.9368,25.2216,35.5,43.0,14222610.0,43.0,9959.999999998909,trade_recovered_3s,0.5,,0.5,
aggregated-tick-v1,AUTO_INFERRED_V1,validated,AG2606|13:57:24.000,20260224,13:57:24.000,,AG,AG2606,61044000,19362,19362,61044000,visible_execution_drop,22066.5,8.8956,5,"AG2604,AG2605,AG2608,AG2603,AG2612",20,343,290.0,22041.0,22061.02,25.5,11.555978519475223,5.479999999999563,2.4834024426164385,,,24.7216,24.7216,25.5,50.0,16545765.0,50.0,4109.999999999673,trade_recovered_3s,0.5,,0.5,
aggregated-tick-v1,AUTO_INFERRED_V1,validated,AG2608|11:21:23.000,20260224,11:21:23.000,,AG,AG2608,51683000,15112,15112,51683000,visible_execution_drop,21812.5,8.8956,5,"AG2604,AG2606,AG2605,AG2603,AG2612",20,327,290.0,21783.0,21792.625,29.5,13.524355300859598,19.875,9.111747851002864,,,21.7216,21.7216,29.5,8.0,2615115.0,8.0,2385.0,trade_recovered_3s,0.5,,0.5,
aggregated-tick-v1,AU_V1,validated,AU2604|11:20:44.500,20260224,11:20:44.500,,AU,AU2604,51644500,14900,14900,51644500,visible_execution_drop,1153.7000000000005,9.63689999999966,2,"AU2606,AU2603",20,334,290.0,1153.0000000000002,1153.4522222222222,35.000000000002274,6.067435208460131,12.388888888904148,2.1476794468066474,,,28.84250000000001,28.84250000000001,29.499999999990223,36.0,41524280.0,36.0,8920.000000010987,trade_recovered_3s,0.5,,0.5,
aggregated-tick-v1,AU_V1,validated,AU2606|09:21:46.000,20260224,09:21:46.000,,AU,AU2606,44506000,2611,2611,44506000,visible_execution_drop,1151.12,5.930400000011461,5,"AU2604,AU2608,AU2610,AU2612,AU2603",20,186,290.0,1150.0,1150.3,56.00000000000591,9.729654597262824,41.000000000008185,7.123497115853808,,,49.65840000001657,51.54363157907514,48.49999999999,11.0,12653300.0,11.0,9020.0000000018,trade_recovered_3s,0.5,,0.5,
aggregated-tick-v1,AUTO_INFERRED_V1,validated,IF2606|09:49:47.000,20260224,09:49:47.000,,IF,IF2606,46187000,2250,2250,46187000,visible_execution_drop,4648.599999999999,5.930400000001348,3,"IF2603,IF2602,IF2609",20,328,290.0,4643.0,4645.066666666667,27.99999999999727,12.04663769737008,17.66666666666424,7.600854737626056,,,20.0,20.0,19.49999999999818,15.0,20902800.0,15.0,15899.999999997815,trade_recovered_3s,0.5,,0.5,
aggregated-tick-v1,AUTO_INFERRED_V1,validated,MA605|11:26:24.000,20260224,11:26:24.000,11:26:25.000,MA,MA605,51984000,15719,15720,51984000,interval_execution_drop,2290.5,0.0,2,"MA609,MA603",20,264,290.0,2290.0,2264.0,0.5,2.1829294913774286,26.5,115.69526304300372,2264.0,26.5,20.0,26.5,13.25,41.0,92824.0,41.0,1086.5,quote_only_recovered_3s,,,1.0,
aggregated-tick-v1,AUTO_INFERRED_V1,validated,MA605|11:26:32.000,20260224,11:26:32.000,11:26:33.000,MA,MA605,51992000,15735,15736,51993000,interval_execution_drop,2290.5,0.0,5,"MA609,MA604,MA607,MA606,MA603",20,263,290.0,2290.0,2264.0,0.5,2.1829294913774286,26.5,115.69526304300372,2264.0,26.5,20.0,26.5,26.5,1.0,2264.0,2.0,26.5,quote_only_recovered_3s,,,1.0,
aggregated-tick-v1,AUTO_INFERRED_V1,validated,MA605|14:28:54.000,20260224,14:28:54.000,14:28:55.000,MA,MA605,62934000,23043,23044,62934000,interval_execution_drop,2292.5,0.0,3,"MA604,MA606,MA603",20,229,290.0,2292.0,2267.0,0.5,2.1810250817884405,25.5,111.23227917121046,2267.0,25.5,20.0,25.5,25.5,5.0,11335.0,5.0,127.5,trade_recovered_3s,,2.0,1.0,
aggregated-tick-v1,AUTO_INFERRED_V1,validated,MA609|10:39:13.000,20260224,10:39:13.000,10:39:14.000,MA,MA609,49153000,6911,6911,49153000,interval_execution_drop,2308.0,0.0,5,"MA605,MA604,MA607,MA606,MA603",20,104,290.0,2308.0,2281.0,0.0,0.0,27.0,116.9844020797227,2281.0,27.0,20.0,25.4826,27.0,1.0,2281.0,1.0,27.0,quote_only_recovered_3s,,,1.0,
aggregated-tick-v1,AUTO_INFERRED_V1,validated,PF604|14:01:19.000,20260224,14:01:19.000,14:01:20.000,PF,PF604,61279000,17046,17047,61279000,interval_execution_drop,6833.0,0.0,4,"PF606,PF605,PF607,PF603",20,143,290.0,6832.0,6784.0,0.5,1.4634860237084737,24.5,71.7108151617152,6784.0,24.5,20.0,24.5,24.5,69.0,468096.0,69.0,3381.0,trade_recovered_3s,,3.0,1.0,
aggregated-tick-v1,AUTO_INFERRED_V1,validated,PF604|14:01:34.000,20260224,14:01:34.000,14:01:35.000,PF,PF604,61294000,17067,17068,61294000,interval_execution_drop,6833.0,0.0,4,"PF606,PF605,PF607,PF603",20,145,290.0,6832.0,6784.0,0.5,1.4634860237084737,24.5,71.7108151617152,6784.0,24.5,20.0,24.5,24.5,31.0,210304.0,31.0,1519.0,quote_only_recovered_3s,,,1.0,
aggregated-tick-v1,AUTO_INFERRED_V1,validated,PF604|14:01:50.000,20260224,14:01:50.000,14:01:51.000,PF,PF604,61310000,17096,17096,61310000,interval_execution_drop,6833.0,0.0,4,"PF606,PF605,PF607,PF603",20,141,290.0,6834.0,6784.0,-0.5,-1.4634860237084737,24.5,71.7108151617152,6784.0,24.5,20.0,24.5,24.5,1.0,6784.0,1.0,49.0,quote_only_recovered_3s,,8.0,1.0,
aggregated-tick-v1,AUTO_INFERRED_V1,validated,SN2603|13:33:45.500,20260224,13:33:45.500,,SN,SN2603,59625500,16473,16473,59625500,visible_execution_drop,385535.0,2.2238999999999995,5,"SN2604,SN2605,SN2606,SN2607,SN2609",20,233,215.0,385200.0,385390.7692307693,33.5,8.689224065259962,14.423076923075133,3.741055137166569,,,30.151999999999997,27.39611428573567,33.5,26.0,10020160.0,26.0,3749.9999999995343,trade_recovered_3s,0.5,,0.5,
aggregated-tick-v1,AUTO_INFERRED_V1,validated,SN2604|09:22:06.000,20260224,09:22:06.000,,SN,SN2604,44526000,2651,2651,44526000,visible_execution_drop,388067.5,4.07715,4,"SN2605,SN2606,SN2607,SN2609",20,303,290.0,387430.0,387684.6153846154,63.75,16.427554484722375,38.288461538462435,9.866443734263353,,,62.234399999999994,65.19959999999999,62.25,13.0,5039900.0,13.0,4977.500000000116,trade_recovered_3s,3.0,,0.5,
aggregated-tick-v1,AUTO_INFERRED_V1,validated,TA605|10:51:23.000,20260224,10:51:23.000,10:51:24.000,TA,TA605,49883000,11483,11484,49883000,interval_execution_drop,5388.0,0.0,5,"TA609,TA604,TA606,TA607,TA603",20,276,290.0,5388.0,5328.0,0.0,0.0,30.0,111.358574610245,5328.0,30.0,20.0,29.5,30.0,10.0,53280.0,10.0,600.0,quote_only_recovered_3s,,,1.0,
aggregated-tick-v1,AUTO_INFERRED_V1,validated,TA605|14:04:47.000,20260224,14:04:47.000,14:04:48.000,TA,TA605,61487000,20071,20072,61487000,interval_execution_drop,5397.0,0.0,5,"TA609,TA604,TA606,TA607,TA603",20,243,290.0,5398.0,5344.0,-0.5,-1.8528812303131368,26.5,98.20270520659624,5344.0,26.5,20.0,26.5,26.5,5.0,26720.0,5.0,265.0,quote_only_recovered_3s,,,1.0,
aggregated-tick-v1,AUTO_INFERRED_V1,validated,TA605|14:05:17.000,20260224,14:05:17.000,14:05:18.000,TA,TA605,61517000,20127,20128,61517000,interval_execution_drop,5397.0,0.0,4,"TA609,TA604,TA606,TA607",20,236,290.0,5398.0,5344.0,-0.5,-1.8528812303131368,26.5,98.20270520659624,5344.0,26.5,20.0,26.5,26.5,10.0,53440.0,10.0,530.0,quote_only_recovered_3s,,,1.0,
aggregated-tick-v1,AUTO_INFERRED_V1,validated,TA605|14:11:30.000,20260224,14:11:30.000,14:11:31.000,TA,TA605,61890000,20830,20831,61890000,interval_execution_drop,5395.0,0.0,5,"TA609,TA604,TA606,TA607,TA603",20,256,290.0,5394.0,5344.0,0.5,1.8535681186283597,25.5,94.53197405004634,5344.0,25.5,20.0,24.5,25.5,4.0,21376.0,4.0,204.0,quote_only_recovered_3s,,5.0,1.0,
aggregated-tick-v1,AUTO_INFERRED_V1,validated,TA605|14:11:36.000,20260224,14:11:36.000,14:11:37.000,TA,TA605,61896000,20842,20843,61896000,interval_execution_drop,5397.0,0.0,5,"TA609,TA604,TA606,TA607,TA603",20,255,290.0,5398.0,5346.0,-0.5,-1.8528812303131368,25.5,94.49694274596996,5346.0,25.5,20.0,24.5,12.5,18.0,96228.0,18.0,918.0,quote_only_recovered_3s,,,1.0,
aggregated-tick-v1,AUTO_INFERRED_V1,validated,TA605|14:12:01.000,20260224,14:12:01.000,14:12:02.000,TA,TA605,61921000,20888,20889,61921000,interval_execution_drop,5395.0,0.0,5,"TA609,TA604,TA606,TA607,TA603",20,252,290.0,5396.0,5346.0,-0.5,-1.8535681186283597,24.5,90.82483781278962,5346.0,24.5,20.0,24.5,24.5,1.0,5346.0,1.0,49.0,quote_only_recovered_3s,,,1.0,
aggregated-tick-v1,AUTO_INFERRED_V1,validated,TA605|14:12:26.000,20260224,14:12:26.000,14:12:27.000,TA,TA605,61946000,20929,20929,61946000,interval_execution_drop,5395.0,0.0,5,"TA609,TA604,TA606,TA607,TA603",20,246,290.0,5396.0,5346.0,-0.5,-1.8535681186283597,24.5,90.82483781278962,5346.0,24.5,20.0,24.5,24.5,2.0,10692.0,2.0,98.0,quote_only_recovered_3s,,7.0,1.0,
aggregated-tick-v1,AUTO_INFERRED_V1,validated,TA605|14:14:42.000,20260224,14:14:42.000,14:14:43.000,TA,TA605,62082000,21176,21177,62082000,interval_execution_drop,5395.0,0.0,5,"TA609,TA604,TA606,TA607,TA603",20,234,290.0,5394.0,5346.0,0.5,1.8535681186283597,24.5,90.82483781278962,5346.0,24.5,20.0,24.5,24.5,214.0,1144044.0,214.0,10486.0,trade_recovered_3s,,2.0,1.0,
aggregated-tick-v1,AUTO_INFERRED_V1,validated,TA609|10:47:24.000,20260224,10:47:24.000,10:47:25.000,TA,TA609,49644000,9173,9173,49644000,interval_execution_drop,5355.0,0.0,5,"TA605,TA604,TA606,TA607,TA603",20,113,289.0,5354.0,5292.0,0.5,1.8674136321195145,31.5,117.6470588235294,5292.0,31.5,20.0,30.5,31.5,51.0,269892.0,51.0,3213.0,quote_only_recovered_3s,,,1.0,
aggregated-tick-v1,AUTO_INFERRED_V1,validated,TA609|10:50:41.000,20260224,10:50:41.000,10:50:42.000,TA,TA609,49841000,9451,9452,49841000,interval_execution_drop,5355.0,0.0,5,"TA605,TA604,TA606,TA607,TA603",20,119,290.0,5352.0,5292.0,1.5,5.602240896358543,31.5,117.6470588235294,5292.0,31.5,20.0,31.5,31.5,2.0,10584.0,2.0,126.0,quote_only_recovered_3s,,,1.0,
aggregated-tick-v1,AUTO_INFERRED_V1,validated,TA609|10:51:33.000,20260224,10:51:33.000,10:51:34.000,TA,TA609,49893000,9506,9506,49893000,interval_execution_drop,5355.0,0.0,5,"TA605,TA604,TA606,TA607,TA603",20,112,290.0,5356.0,5292.0,-0.5,-1.8674136321195145,31.5,117.6470588235294,5292.0,31.5,20.0,31.5,31.5,1.0,5292.0,1.0,63.0,truncated,,,,
aggregated-tick-v1,AUTO_INFERRED_V1,validated,TA609|10:51:42.000,20260224,10:51:42.000,10:51:43.000,TA,TA609,49902000,9513,9514,49902000,interval_execution_drop,5357.0,0.0,5,"TA605,TA604,TA606,TA607,TA603",20,109,290.0,5358.0,5294.0,-0.5,-1.8667164457718872,31.5,117.6031360836289,5294.0,31.5,20.0,31.5,31.5,1.0,5294.0,1.0,63.0,quote_only_recovered_3s,,,1.0,
aggregated-tick-v1,AUTO_INFERRED_V1,validated,TA609|10:51:53.000,20260224,10:51:53.000,10:51:54.000,TA,TA609,49913000,9527,9528,49913000,interval_execution_drop,5357.0,0.0,4,"TA605,TA604,TA607,TA603",20,108,290.0,5358.0,5294.0,-0.5,-1.8667164457718872,31.5,117.6031360836289,5294.0,31.5,20.0,31.5,31.5,5.0,26470.0,5.0,315.0,quote_only_recovered_3s,,,1.0,
aggregated-tick-v1,AUTO_INFERRED_V1,validated,TA609|10:52:39.000,20260224,10:52:39.000,10:52:40.000,TA,TA609,49959000,9585,9585,49959000,interval_execution_drop,5358.0,0.0,3,"TA605,TA606,TA603",20,115,290.0,5358.0,5294.0,0.0,0.0,32.0,119.4475550578574,5294.0,32.0,20.0,31.5,32.0,1.0,5294.0,1.0,64.0,quote_only_recovered_3s,,,1.0,
aggregated-tick-v1,AUTO_INFERRED_V1,validated,TA609|10:52:52.000,20260224,10:52:52.000,10:52:53.000,TA,TA609,49972000,9605,9605,49972000,interval_execution_drop,5359.0,0.0,5,"TA605,TA604,TA606,TA607,TA603",20,114,290.0,5360.0,5294.0,-0.5,-1.866019779809666,32.5,121.2912856876283,5294.0,32.5,20.0,31.5,32.5,50.0,264700.0,50.0,3250.0,quote_only_recovered_3s,,,1.0,
aggregated-tick-v1,AUTO_INFERRED_V1,validated,TA609|10:53:57.000,20260224,10:53:57.000,10:53:58.000,TA,TA609,50037000,9692,9693,50037000,interval_execution_drop,5358.0,0.0,5,"TA605,TA604,TA606,TA607,TA603",20,120,290.0,5358.0,5294.0,0.0,0.0,32.0,119.4475550578574,5294.0,32.0,20.0,31.5,32.0,10.0,52940.0,10.0,640.0,quote_only_recovered_3s,,5.0,1.0,
aggregated-tick-v1,AUTO_INFERRED_V1,validated,TA609|13:43:32.000,20260224,13:43:32.000,13:43:33.000,TA,TA609,60212000,13944,13945,60212000,interval_execution_drop,5360.0,0.7413,5,"TA605,TA604,TA606,TA607,TA603",20,112,290.0,5360.0,5306.0,0.0,0.0,27.0,100.74626865671642,5306.0,27.0,20.0,26.9304,27.0,10.0,53060.0,10.0,540.0,quote_only_recovered_3s,,5.0,1.0,
aggregated-tick-v1,AUTO_INFERRED_V1,validated,TA609|13:43:52.000,20260224,13:43:52.000,13:43:53.000,TA,TA609,60232000,13975,13976,60232000,interval_execution_drop,5363.0,0.0,5,"TA605,TA604,TA606,TA607,TA603",20,114,290.0,5362.0,5306.0,0.5,1.8646280067126608,28.5,106.28379638262167,5306.0,28.5,20.0,26.9304,28.5,10.0,53060.0,10.0,570.0,quote_only_recovered_3s,,,1.0,
aggregated-tick-v1,AUTO_INFERRED_V1,validated,AG2605|22:14:23.000,20260225,22:14:23.000,,AG,AG2605,4463000,8893,8893,4463000,visible_execution_drop,21735.5,2.9652,5,"AG2604,AG2606,AG2608,AG2612,AG2610",20,458,290.0,21680.0,21716.475,55.5,25.534264222125096,19.025000000001455,8.752961744612021,,,31.651999999999997,28.508252631577907,52.65625,40.0,13029885.0,40.0,11415.000000000871,trade_recovered_3s,0.5,,0.5,
aggregated-tick-v1,AUTO_INFERRED_V1,validated,AG2606|22:31:28.500,20260225,22:31:28.500,,AG,AG2606,5488500,10963,10963,5488500,visible_execution_drop,21873.5,0.7413,5,"AG2604,AG2605,AG2608,AG2612,AG2610",20,498,290.0,21830.0,21852.333333333332,43.5,19.887077971060876,21.16666666666788,9.676854031896076,,,29.651999999999997,26.39776969698468,41.08333333333212,42.0,13766970.0,42.0,13335.000000000764,trade_recovered_3s,0.5,,0.5,
aggregated-tick-v1,AUTO_INFERRED_V1,validated,AG2606|10:36:25.500,20260225,10:36:25.500,,AG,AG2606,48985500,48657,48657,48985500,visible_execution_drop,22533.5,0.7413,5,"AG2604,AG2605,AG2608,AG2612,AG2610",20,571,290.0,22505.0,22520.166666666668,28.5,12.647835445004104,13.33333333333212,5.917115997662201,,,23.7216,21.0064,24.0,42.0,14187705.0,42.0,8399.999999999236,trade_recovered_3s,0.5,,0.5,
aggregated-tick-v1,AUTO_INFERRED_V1,validated,AG2610|21:50:22.500,20260225,21:50:22.500,,AG,AG2610,3022500,5892,5892,3022500,visible_execution_drop,21636.5,8.8956,5,"AG2604,AG2606,AG2605,AG2608,AG2612",20,120,290.0,21588.0,21604.727272727276,48.5,22.415825110345946,31.772727272724296,14.68478139843519,,,48.425799999999995,45.95479999999281,48.5,11.0,3564780.0,11.0,5242.499999999509,trade_recovered_3s,0.5,,0.5,
aggregated-tick-v1,AUTO_INFERRED_V1,validated,AP605|09:20:40.000,20260225,09:20:40.000,09:20:41.000,AP,AP605,44440000,2270,2271,44440000,interval_execution_drop,9713.25,6.30105,2,"AP603,AP604",20,220,290.0,9718.0,9684.0,-4.75,-4.890227266877719,29.25,30.113504748668056,9684.0,29.25,30.5824,26.6227,14.75,28.0,271152.0,28.0,819.0,trade_recovered_3s,,3.0,1.0,
aggregated-tick-v1,AU_V1,validated,AU2604|22:15:36.500,20260225,22:15:36.500,,AU,AU2604,4536500,9017,9017,4536500,visible_execution_drop,1137.15,2.223899999997977,5,"AU2606,AU2608,AU2610,AU2612,AU2603",20,526,290.0,1136.06,1136.6895774647887,54.49999999999591,9.58536692608643,23.021126760556857,4.048916459667916,,,28.65199999997394,28.428749999999997,54.49999999999591,71.0,80704960.0,71.0,32689.99999999073,trade_recovered_3s,0.5,,0.5,
aggregated-tick-v1,AU_V1,validated,AU2604|13:52:52.500,20260225,13:52:52.500,,AU,AU2604,60772500,56494,56494,60772500,visible_execution_drop,1154.19,4.818450000004045,4,"AU2606,AU2608,AU2612,AU2603",20,490,290.0,1153.56,1153.967450980392,31.500000000005457,5.458373404726337,11.127450980404774,1.9281835712326,,,28.85475,28.85475,29.25000000000182,51.0,58852340.0,51.0,11350.00000001287,trade_recovered_3s,0.5,,0.5,
aggregated-tick-v1,AU_V1,validated,AU2604|14:35:20.000,20260225,14:35:20.000,,AU,AU2604,63320000,61488,61488,63320000,visible_execution_drop,1150.6,1.4825999999817965,5,"AU2606,AU2608,AU2610,AU2612,AU2603",20,344,290.0,1149.98,1150.205333333333,31.00000000000591,5.388492960195708,19.733333333340397,3.4300944434799923,,,28.765000000000008,28.765000000000008,30.999999999994543,30.0,34506160.0,30.0,11840.000000004238,trade_recovered_3s,0.5,,0.5,
aggregated-tick-v1,AU_V1,validated,AU2606|22:13:36.000,20260225,22:13:36.000,,AU,AU2606,4416000,8698,8698,4416000,visible_execution_drop,1139.98,1.4826000000155066,3,"AU2608,AU2612,AU2603",20,233,290.0,1139.02,1139.9091228070176,48.00000000000182,8.421200371936669,3.5438596491189855,0.6217406707343963,,,47.94319999995639,44.977999999768194,43.50000000000591,57.0,64974820.0,57.0,4039.999999995643,trade_recovered_3s,0.5,,0.5,
aggregated-tick-v1,AUTO_INFERRED_V1,validated,LC2605|13:45:10.749,20260225,13:45:10.749,,LC,LC2605,60310749,14134,14134,60310749,visible_execution_drop,171400.0,5.9304,3,"LC2607,LC2603,LC2612",20,314,289.585,170920.0,170940.66666666666,24.0,28.004667444574096,22.96666666666715,26.798910929599945,,,22.6868,23.209774193552544,20.0,30.0,5128220.0,30.0,13780.000000000293,trade_recovered_3s,0.485,,0.485,
aggregated-tick-v1,AUTO_INFERRED_V1,validated,LC2605|14:16:17.159,20260225,14:16:17.159,,LC,LC2605,62177159,17345,17345,62177159,visible_execution_drop,164950.0,4.447799999999999,5,"LC2607,LC2609,LC2603,LC2604,LC2612",20,400,289.506,164180.0,164195.33333333334,38.5,46.68081236738406,37.73333333333285,45.75123774881219,,,34.152,32.532791869918995,29.75,30.0,4925860.0,30.0,22639.99999999971,trade_recovered_3s,0.579,,0.579,
aggregated-tick-v1,AUTO_INFERRED_V1,validated,NI2604|21:30:08.500,20260225,21:30:08.500,,NI,NI2604,1808500,3588,3588,1808500,visible_execution_drop,141710.0,3.7065,5,"NI2605,NI2603,NI2606,NI2609,NI2607",20,419,290.0,141490.0,141589.81132075473,22.0,15.524663044245289,12.018867924527148,8.481312486435078,,,20.0,20.0,22.0,53.0,7504260.0,53.0,6369.999999999389,trade_recovered_3s,0.5,,1.0,
aggregated-tick-v1,AUTO_INFERRED_V1,validated,NI2604|21:32:37.500,20260225,21:32:37.500,,NI,NI2604,1957500,3885,3885,1957500,visible_execution_drop,141375.0,1.4826,5,"NI2605,NI2603,NI2606,NI2609,NI2607",20,387,290.0,141120.0,141252.2641509434,25.5,18.03713527851459,12.273584905659664,8.681580835126198,,,20.0,20.0,22.5,53.0,7486370.0,53.0,6504.999999999622,trade_recovered_3s,0.5,,0.5,
aggregated-tick-v1,AUTO_INFERRED_V1,validated,NI2606|21:48:57.500,20260225,21:48:57.500,,NI,NI2606,2937500,5583,5583,2937500,visible_execution_drop,141040.0,2.2238999999999995,5,"NI2605,NI2603,NI2604,NI2609,NI2607",20,116,290.0,140840.0,140980.0,20.0,14.180374361883151,6.0,4.254112308564946,,,20.0,20.0,18.0,18.0,2537640.0,18.0,1080.0,trade_recovered_3s,0.5,,0.5,
aggregated-tick-v1,AUTO_INFERRED_V1,validated,OI605|21:20:02.000,20260224,21:20:02.000,21:20:03.000,OI,OI605,1202000,2327,2328,1202000,interval_execution_drop,9184.0,1.4826,5,"OI607,OI609,OI603,OI701,OI611",20,201,290.0,9185.0,9135.941176470587,-1.0,-1.088850174216028,48.05882352941262,52.32885837261827,9156.393511988716,27.606488011282636,20.0,20.0,48.05882352941262,425.0,3882775.0,425.0,20425.000000000364,trade_recovered_3s,,2.0,1.0,
aggregated-tick-v1,AUTO_INFERRED_V1,validated,SN2603|21:57:31.500,20260225,21:57:31.500,,SN,SN2603,3451500,6898,6898,3451500,visible_execution_drop,390962.5,8.895599999999998,4,"SN2604,SN2605,SN2607,SN2608",20,510,290.0,390650.0,390705.0,31.25,7.9930939668126735,25.75,6.586309428653643,,,26.9368,28.030272727257035,22.75,24.0,9376920.0,24.0,6180.0,trade_recovered_3s,0.5,,0.5,
aggregated-tick-v1,AUTO_INFERRED_V1,validated,SN2603|21:59:27.000,20260225,21:59:27.000,,SN,SN2603,3567000,7127,7127,3567000,visible_execution_drop,390340.0,1.1119499999999998,3,"SN2604,SN2607,SN2608",20,501,290.0,390030.0,390154.0,31.0,7.941794333145462,18.6,4.765076599887277,,,30.651999999999997,26.865066666691614,31.0,15.0,5852310.0,15.0,2790.0,trade_recovered_3s,0.5,,0.5,
aggregated-tick-v1,AUTO_INFERRED_V1,validated,SN2603|00:47:31.000,20260225,00:47:31.000,,SN,SN2603,13651000,26075,26075,13651000,visible_execution_drop,392960.0,5.1891,5,"SN2604,SN2605,SN2606,SN2607,SN2608",20,220,288.5,392500.0,392799.0,46.0,11.706026058631922,16.1,4.097109120521172,,,38.9052,34.5824,46.0,10.0,3927990.0,10.0,1610.0,trade_recovered_3s,0.5,,0.5,
aggregated-tick-v1,AUTO_INFERRED_V1,validated,SN2603|09:50:23.000,20260225,09:50:23.000,,SN,SN2603,46223000,33303,33303,46223000,visible_execution_drop,400940.0,8.895599999999998,5,"SN2604,SN2605,SN2606,SN2607,SN2608",20,394,290.0,400420.0,400804.6511627907,52.0,12.96952162418317,13.534883720928338,3.3757878288343233,,,35.0824,29.151999999999997,48.15,43.0,17234600.0,43.0,5819.999999999185,trade_recovered_3s,0.5,,0.5,
aggregated-tick-v1,AUTO_INFERRED_V1,validated,SN2603|13:37:36.000,20260225,13:37:36.000,13:37:37.000,SN,SN2603,59856000,44328,44328,59856000,interval_execution_drop,411845.0,4.447799999999999,5,"SN2604,SN2605,SN2606,SN2607,SN2608",20,386,290.0,411800.0,411393.8461538461,4.5,1.092644077262077,45.1153846153873,10.954457287423011,411429.3333333333,41.56666666666861,37.0476,34.0824,41.6153846153873,39.0,16044360.0,39.0,17595.000000001048,trade_recovered_3s,,3.0,0.5,
aggregated-tick-v1,AUTO_INFERRED_V1,validated,SN2603|14:29:47.000,20260225,14:29:47.000,,SN,SN2603,62987000,50555,50555,62987000,visible_execution_drop,412590.0,7.78365,4,"SN2604,SN2606,SN2607,SN2608",20,409,290.0,412190.0,412333.1818181818,40.0,9.69485445599748,25.681818181817658,6.224537235952798,,,35.5824,32.3172,38.8125,22.0,9071330.0,22.0,5649.999999999884,trade_recovered_3s,0.5,,0.5,
aggregated-tick-v1,AUTO_INFERRED_V1,validated,SN2604|00:59:52.000,20260225,00:59:52.000,,SN,SN2604,14392000,27587,27587,14392000,visible_execution_drop,395515.0,5.9304,3,"SN2603,SN2605,SN2608",20,193,290.0,394930.0,395120.0,58.5,14.790842319507478,39.5,9.986979002060606,,,38.0824,38.0824,58.5,2.0,790240.0,2.0,790.0,trade_recovered_3s,0.5,,0.5,
aggregated-tick-v1,AUTO_INFERRED_V1,validated,SN2604|09:05:40.000,20260225,09:05:40.000,,SN,SN2604,43540000,28284,28284,43540000,visible_execution_drop,396490.0,2.2238999999999995,5,"SN2603,SN2605,SN2606,SN2607,SN2608",20,422,290.0,396000.0,396238.70967741933,49.0,12.358445358016596,25.12903225806658,6.337872899207189,,,35.5824,29.651999999999997,49.0,31.0,12283400.0,31.0,7790.00000000064,trade_recovered_3s,0.5,,0.5,
aggregated-tick-v1,AUTO_INFERRED_V1,validated,SN2604|14:03:28.000,20260225,14:03:28.000,14:03:29.000,SN,SN2604,61408000,47697,47697,61408000,interval_execution_drop,414280.0,8.895599999999998,5,"SN2603,SN2605,SN2606,SN2607,SN2608",20,425,290.0,414120.0,413667.0588235294,16.0,3.862122236168775,61.29411764706019,14.795335919441005,413706.5178571429,57.34821428571595,38.5824,35.1172,60.602450980394494,102.0,42194040.0,102.0,62520.0000000014,trade_recovered_3s,,1.5,0.5,
aggregated-tick-v1,AUTO_INFERRED_V1,validated,SN2604|14:06:48.000,20260225,14:06:48.000,,SN,SN2604,61608000,48097,48097,61608000,visible_execution_drop,414860.0,1.4826,5,"SN2603,SN2605,SN2606,SN2607,SN2608",20,428,290.0,414490.0,414776.6666666667,37.0,8.918671359012679,8.333333333331392,2.0087097655429287,,,36.0824,34.599799999999995,37.0,6.0,2488660.0,6.0,499.9999999998836,trade_recovered_3s,0.5,,0.5,
aggregated-tick-v1,AUTO_INFERRED_V1,validated,SN2604|14:29:45.000,20260225,14:29:45.000,14:29:46.000,SN,SN2604,62985000,50829,50829,62985500,"visible_execution_drop,interval_execution_drop",413695.0,1.4826,5,"SN2603,SN2605,SN2606,SN2607,SN2608",20,405,290.0,412970.0,413278.70967741933,72.5,17.5249882159562,41.62903225806658,10.062735169162446,413247.07692307694,44.79230769230635,41.5128,41.5128,64.75,31.0,12811640.0,60.0,12905.00000000064,trade_recovered_3s,0.5,1.5,0.5,
aggregated-tick-v1,AUTO_INFERRED_V1,validated,AG2605|21:17:18.000,20260226,21:17:18.000,,AG,AG2605,1038000,2074,2074,1038000,visible_execution_drop,22985.5,1.4826,5,"AG2604,AG2606,AG2608,AG2612,AG2610",20,437,290.0,22951.0,22972.04761904762,34.5,15.009462487220205,13.452380952381644,5.852550935320808,,,29.6868,26.7216,34.5,21.0,7236195.0,21.0,4237.500000000218,trade_recovered_3s,0.5,,0.5,
aggregated-tick-v1,AUTO_INFERRED_V1,validated,AG2605|21:42:07.000,20260226,21:42:07.000,21:42:08.000,AG,AG2605,2527000,5039,5039,2527000,visible_execution_drop,22873.5,6.6716999999999995,3,"AG2604,AG2612,AG2610",20,355,290.0,22831.0,22848.24,42.5,18.58045336306206,25.260000000002037,11.043347104729069,22852.16393442623,21.33606557377061,23.7216,21.411466666653496,28.25,25.0,8568090.0,25.0,9472.500000000764,trade_recovered_3s,0.5,,0.5,
aggregated-tick-v1,AUTO_INFERRED_V1,validated,AG2605|13:56:07.500,20260226,13:56:07.500,,AG,AG2605,60967500,57775,57775,60967500,visible_execution_drop,22409.0,0.7413,3,"AG2606,AG2612,AG2610",20,343,290.0,22360.0,22384.075,49.0,21.866214467401488,24.924999999999272,11.122763175509515,,,31.151999999999997,31.151999999999997,46.5,40.0,13430445.0,40.0,14954.999999999563,trade_recovered_3s,0.5,,0.5,
aggregated-tick-v1,AUTO_INFERRED_V1,validated,AG2606|21:04:07.000,20260226,21:04:07.000,,AG,AG2606,247000,494,494,247000,visible_execution_drop,22958.5,4.4478,5,"AG2604,AG2605,AG2608,AG2612,AG2610",20,316,236.5,22925.0,22939.277777777777,33.5,14.591545614913866,19.222222222222623,8.372594996285745,,,32.652,24.744799999985617,26.875,72.0,24774420.0,72.0,20760.000000000437,trade_recovered_3s,0.5,,0.5,
aggregated-tick-v1,AUTO_INFERRED_V1,validated,AG2606|02:29:59.500,20260226,02:29:59.500,,AG,AG2606,19797500,38829,38829,19799500,visible_execution_drop,23118.5,2.2239,2,"AG2605,AG2608",20,378,290.0,23085.0,23098.0,33.5,14.49055950861864,20.5,8.867357311244241,,,22.7216,22.2216,19.9375,2.0,692940.0,33.0,615.0,truncated,,,,
aggregated-tick-v1,AUTO_INFERRED_V1,validated,AG2608|21:42:01.500,20260226,21:42:01.500,,AG,AG2608,2521500,5002,5002,2521500,visible_execution_drop,22734.25,2.59455,3,"AG2606,AG2612,AG2610",20,273,290.0,22710.0,22731.333333333332,24.25,10.666725315328192,2.9166666666678793,1.2829394709162958,,,23.2216,20.0,24.25,12.0,4091640.0,12.0,525.0000000002183,trade_recovered_3s,0.5,,0.5,
aggregated-tick-v1,AUTO_INFERRED_V1,validated,AG2608|09:09:11.500,20260226,09:09:11.500,,AG,AG2608,43751000,38651,38651,43751500,visible_execution_drop,22645.0,6.6716999999999995,3,"AG2606,AG2605,AG2612",20,453,290.0,22563.0,22605.1,82.0,36.2110841245308,39.900000000001455,17.61978361669307,,,45.9432,42.55439999996301,70.125,30.0,10172295.0,54.0,17955.000000000655,trade_recovered_3s,0.5,,0.5,
aggregated-tick-v1,AUTO_INFERRED_V1,validated,AG2610|11:29:59.500,20260226,11:29:59.500,,AG,AG2610,52199500,52633,52633,52199500,visible_execution_drop,22028.5,8.8956,5,"AG2604,AG2606,AG2605,AG2608,AG2612",20,177,290.0,21950.0,21950.0,78.5,35.635653812107044,78.5,35.635653812107044,,,64.304,66.67616000000862,78.5,2.0,658500.0,2.0,2355.0,truncated,,,,
aggregated-tick-v1,AUTO_INFERRED_V1,validated,IM2606|13:52:48.100,20260226,13:52:48.100,,IM,IM2606,60768100,17661,17661,60768100,visible_execution_drop,8265.7,2.9651999999838186,3,"IM2603,IM2609,IM2604",20,185,289.5,8260.0,8261.617142857143,28.50000000000364,6.895967673640136,20.41428571428696,4.939517697058195,,,24.72159999997297,24.72159999987419,27.25000000000364,35.0,57831320.0,35.0,28580.000000001743,trade_recovered_3s,0.5,,0.5,
aggregated-tick-v1,AUTO_INFERRED_V1,validated,LC2605|14:41:20.423,20260226,14:41:20.423,,LC,LC2605,63680423,21608,21608,63680423,visible_execution_drop,172137.5,2.409225,2,"LC2607,LC2609",20,407,289.025,171400.0,171797.42268041236,36.875,42.84365696027885,17.003865979381953,19.75614375645278,,,35.8672,33.5093866666729,22.863095238094683,194.0,33328700.0,194.0,65975.00000000198,trade_recovered_3s,0.498,,0.498,
aggregated-tick-v1,AUTO_INFERRED_V1,validated,NI2603|10:34:43.500,20260226,10:34:43.500,,NI,NI2603,48883500,33623,33623,48883500,visible_execution_drop,138975.0,1.4826,4,"NI2604,NI2606,NI2609,NI2607",20,251,273.0,138700.0,138878.17204301077,27.5,19.78773160640403,9.682795698923291,6.96729318145227,,,20.0,20.0,27.25,93.0,12915670.0,93.0,9004.999999998661,trade_recovered_3s,0.5,,0.5,
aggregated-tick-v1,AUTO_INFERRED_V1,validated,PX605|21:08:27.000,20260225,21:08:27.000,21:08:28.000,PX,PX605,507000,1002,1003,507000,interval_execution_drop,7424.0,0.0,5,"PX604,PX607,PX606,PX609,PX603",20,255,290.0,7422.0,7349.385915492958,1.0,2.693965517241379,37.307042253521104,100.503885381253,7354.997361477573,34.501319261213666,20.0,20.0,37.182042253521104,355.0,2609032.0,355.0,26487.999999999985,trade_recovered_3s,,2.0,1.0,
aggregated-tick-v1,AUTO_INFERRED_V1,validated,PX605|21:09:57.000,20260225,21:09:57.000,21:09:58.000,PX,PX605,597000,1176,1177,597000,interval_execution_drop,7424.0,0.7413,5,"PX604,PX607,PX606,PX609,PX603",20,256,290.0,7424.0,7351.755760368664,0.0,0.0,36.12211981566816,97.31174519307154,7354.022421524664,34.98878923766824,20.0,20.0,36.12211981566816,434.0,3190662.0,434.0,31353.99999999996,trade_recovered_3s,,2.0,1.0,
aggregated-tick-v1,AUTO_INFERRED_V1,validated,SH603|21:04:10.000,20260225,21:04:10.000,21:04:11.000,SH,SH603,250000,475,476,250000,interval_execution_drop,1938.5,0.7413,5,"SH605,SH604,SH607,SH606,SH609",20,140,240.0,1937.0,1914.190082644628,1.5,7.737941707505803,24.30991735537191,125.40581560676765,1914.6260162601627,23.87398373983729,20.0,20.0,24.05991735537191,121.0,231617.0,121.0,2941.500000000001,trade_recovered_3s,,2.0,1.0,
aggregated-tick-v1,AUTO_INFERRED_V1,validated,SH603|21:05:26.000,20260225,21:05:26.000,21:05:27.000,SH,SH603,326000,606,607,326000,interval_execution_drop,1937.5,0.7413,5,"SH605,SH604,SH607,SH606,SH609",20,204,290.0,1932.0,1906.6803278688524,5.5,28.38709677419355,30.819672131147627,159.06927551560065,1909.2045454545455,28.295454545454504,20.0,20.0,28.319672131147627,122.0,232615.0,122.0,3760.0000000000105,trade_recovered_3s,,2.0,1.0,
aggregated-tick-v1,AUTO_INFERRED_V1,validated,SH603|21:06:23.000,20260225,21:06:23.000,21:06:24.000,SH,SH603,383000,710,711,383000,interval_execution_drop,1936.75,0.37065,4,"SH605,SH604,SH607,SH606",20,243,290.0,1932.0,1893.4903846153843,4.75,24.525622821737446,43.25961538461547,223.36189691294936,1896.3603603603603,40.389639639639654,20.0,20.0,39.25961538461547,104.0,196923.0,104.0,4499.000000000009,trade_recovered_3s,,2.0,1.0,
aggregated-tick-v1,AUTO_INFERRED_V1,validated,SH604|21:15:52.000,20260225,21:15:52.000,21:15:53.000,SH,SH604,952000,1226,1227,952000,interval_execution_drop,2104.0,0.7413,5,"SH605,SH603,SH607,SH606,SH609",20,149,290.0,2103.0,2066.8705882352942,1.0,4.752851711026616,37.129411764705765,176.47058823529355,2067.3837209302324,36.61627906976764,20.0,20.0,35.129411764705765,85.0,175684.0,85.0,3155.99999999999,trade_recovered_3s,,2.0,1.0,
aggregated-tick-v1,AUTO_INFERRED_V1,validated,SN2603|21:10:08.000,20260226,21:10:08.000,,SN,SN2603,608000,1216,1216,608000,visible_execution_drop,422055.0,5.9304,5,"SN2604,SN2605,SN2606,SN2607,SN2608",20,466,290.0,421540.0,421786.0,51.5,12.202201134923172,26.9,6.373576903484143,,,47.4432,40.12324,42.9722222222219,25.0,10544650.0,25.0,6725.0,trade_recovered_3s,0.5,,0.5,
aggregated-tick-v1,AUTO_INFERRED_V1,validated,SN2603|23:45:55.500,20260226,23:45:55.500,23:45:56.500,SN,SN2603,9955500,19748,19748,9955500,"visible_execution_drop,interval_execution_drop",420920.0,0.7413,2,"SN2604,SN2607",20,317,290.0,419980.0,420271.25,94.0,22.332034590896132,64.875,15.412667490259432,420288.0672268908,63.19327731092344,30.151999999999997,27.979839999999996,90.75,48.0,20173020.0,48.0,31140.0,trade_recovered_3s,1.0,1.5,1.0,
aggregated-tick-v1,AUTO_INFERRED_V1,validated,SN2603|00:00:49.000,20260226,00:00:49.000,,SN,SN2603,10849000,21369,21369,10849000,visible_execution_drop,421050.0,0.7413,5,"SN2604,SN2605,SN2606,SN2607,SN2608",20,241,290.0,420500.0,420794.28571428574,55.0,13.062581641135257,25.571428571426075,6.073252243540215,,,29.651999999999997,26.6868,55.0,28.0,11782240.0,28.0,7159.9999999993015,trade_recovered_3s,0.5,,0.5,
aggregated-tick-v1,AUTO_INFERRED_V1,validated,SN2603|10:34:17.000,20260226,10:34:17.000,10:34:18.000,SN,SN2603,48857000,37239,37239,48857000,"visible_execution_drop,interval_execution_drop",412125.0,0.7413,5,"SN2604,SN2605,SN2606,SN2607,SN2608",20,273,246.5,411350.0,411699.1176470588,77.5,18.804974218986956,42.58823529412039,10.33381505468496,411700.98484848486,42.40151515151374,50.8736,40.98960000002301,76.72727272727352,68.0,27995540.0,68.0,28960.000000001863,trade_recovered_3s,0.5,1.5,0.5,
aggregated-tick-v1,AUTO_INFERRED_V1,validated,SN2603|10:40:22.500,20260226,10:40:22.500,,SN,SN2603,49222500,37967,37967,49222500,visible_execution_drop,409770.0,9.6369,4,"SN2605,SN2606,SN2607,SN2608",20,472,290.0,409280.0,409819.1304347826,49.0,11.95792761793201,-4.913043478259351,-1.1989758836077191,,,46.9432,41.0839888888728,48.5,46.0,18851680.0,46.0,0.0,trade_recovered_3s,0.5,,0.5,
aggregated-tick-v1,AUTO_INFERRED_V1,validated,SN2603|13:41:39.000,20260226,13:41:39.000,13:41:40.000,SN,SN2603,60099000,45261,45261,60099000,"visible_execution_drop,interval_execution_drop",412650.0,5.9304,5,"SN2604,SN2605,SN2606,SN2607,SN2608",20,414,290.0,412000.0,412134.75,65.0,15.751847812916514,51.525,12.486368593238822,412192.54901960783,45.74509803921683,40.9954,37.53599999997699,65.0,80.0,32970780.0,80.0,41220.0,trade_recovered_3s,0.5,1.5,0.5,
aggregated-tick-v1,AUTO_INFERRED_V1,validated,SN2603|14:16:49.000,20260226,14:16:49.000,14:16:50.000,SN,SN2603,62209000,49395,49395,62209000,interval_execution_drop,411027.5,7.042349999999999,4,"SN2604,SN2605,SN2606,SN2608",20,390,290.0,411090.0,410486.5306122449,-6.25,-1.5205795232679078,54.096938775508896,13.161391579762643,410541.49606299214,48.600393700785936,39.5128,39.5128,45.846938775508896,98.0,40227680.0,98.0,53014.99999999872,trade_recovered_3s,,1.5,0.5,
aggregated-tick-v1,AUTO_INFERRED_V1,validated,SN2603|14:45:17.000,20260226,14:45:17.000,,SN,SN2603,63914000,52792,52792,63918000,visible_execution_drop,413330.0,0.0,3,"SN2605,SN2607,SN2608",20,419,290.0,412860.0,412911.0,47.0,11.371059444027772,41.9,10.13717852563327,,,30.617199999999997,28.151999999999997,38.25,10.0,4129110.0,44.0,4190.0,trade_recovered_3s,1.5,,0.5,
aggregated-tick-v1,AUTO_INFERRED_V1,validated,SN2604|22:12:36.500,20260226,22:12:36.500,,SN,SN2604,4356500,8703,8703,4356500,visible_execution_drop,420942.5,8.895599999999998,4,"SN2605,SN2606,SN2607,SN2608",20,453,290.0,420610.0,420712.5,33.25,7.898941066772777,23.0,5.463929158970643,,,32.1172,26.6868,29.25,8.0,3365700.0,8.0,1840.0,trade_recovered_3s,0.5,,0.5,
aggregated-tick-v1,AUTO_INFERRED_V1,validated,SN2604|22:36:35.000,20260226,22:36:35.000,,SN,SN2604,5795000,11569,11569,5795000,visible_execution_drop,417375.0,7.412999999999999,2,"SN2606,SN2607",20,465,290.0,417000.0,417090.3333333333,37.5,8.984725965858042,28.46666666666861,6.820405310971814,,,37.0824,32.04272000002301,26.47727272727352,30.0,12512710.0,30.0,8540.000000000582,trade_recovered_3s,0.5,,0.5,
aggregated-tick-v1,AUTO_INFERRED_V1,validated,SN2604|23:51:35.500,20260226,23:51:35.500,,SN,SN2604,10295500,20409,20409,10295500,visible_execution_drop,421970.0,4.447799999999999,5,"SN2603,SN2605,SN2606,SN2607,SN2608",20,295,290.0,421730.0,421833.5714285714,24.0,5.6876081238002705,13.642857142857974,3.233134379898565,,,23.7216,24.2216,20.5,14.0,5905670.0,14.0,1910.0000000001164,trade_recovered_3s,0.5,,0.5,
aggregated-tick-v1,AUTO_INFERRED_V1,validated,SN2604|09:23:30.000,20260226,09:23:30.000,,SN,SN2604,44610000,30870,30870,44610000,visible_execution_drop,421595.0,9.6369,4,"SN2603,SN2606,SN2607,SN2608",20,453,290.0,421260.0,421424.5454545454,33.5,7.946014540020636,17.04545454545296,4.0430874525203,,,30.151999999999997,25.06879999997041,24.125,11.0,4635670.0,11.0,1874.9999999998256,trade_recovered_3s,0.5,,0.5,
aggregated-tick-v1,AUTO_INFERRED_V1,validated,SN2604|13:39:09.000,20260226,13:39:09.000,13:39:10.000,SN,SN2604,59949000,45324,45324,59949000,"visible_execution_drop,interval_execution_drop",414135.0,8.895599999999998,5,"SN2603,SN2605,SN2606,SN2607,SN2608",20,439,290.0,413310.0,413467.6288659794,82.5,19.921040240501284,66.73711340206209,16.114820868089414,413461.8867924528,67.31132075471687,36.5824,30.151999999999997,75.25,97.0,40106360.0,97.0,64735.00000000023,trade_recovered_3s,1.0,2.0,1.0,
aggregated-tick-v1,AUTO_INFERRED_V1,validated,SN2604|14:16:49.500,20260226,14:16:49.500,,SN,SN2604,62209500,49815,49815,62209500,visible_execution_drop,411975.0,0.7413,3,"SN2605,SN2607,SN2608",20,450,290.0,411600.0,411784.8148148148,37.5,9.102494083378843,19.018518518516792,4.6164253943848035,,,34.099799999999995,29.40185777779441,34.0,27.0,11118190.0,27.0,5134.999999999534,trade_recovered_3s,0.5,,0.5,
aggregated-tick-v1,AUTO_INFERRED_V1,validated,SN2604|14:31:21.500,20260226,14:31:21.500,,SN,SN2604,63081500,51558,51558,63081500,visible_execution_drop,412427.5,6.301049999999999,4,"SN2603,SN2605,SN2607,SN2608",20,458,290.0,412120.0,412202.0,30.75,7.455855877699717,22.55,5.467627643646459,,,30.151999999999997,27.1868,27.40131578947476,5.0,2061010.0,5.0,1127.5,trade_recovered_3s,0.5,,0.5,
aggregated-tick-v1,AUTO_INFERRED_V1,validated,SN2605|21:15:43.000,20260226,21:15:43.000,,SN,SN2605,943000,1885,1885,943000,visible_execution_drop,422100.0,2.9652,5,"SN2604,SN2603,SN2606,SN2607,SN2608",20,309,290.0,421700.0,421964.0,40.0,9.476427386875148,13.6,3.2219853115375505,,,36.0824,33.93893333337741,40.0,10.0,4219640.0,10.0,1360.0,trade_recovered_3s,0.5,,0.5,
aggregated-tick-v1,AUTO_INFERRED_V1,validated,SN2605|21:22:44.500,20260226,21:22:44.500,21:22:45.500,SN,SN2605,1364500,2727,2727,1364500,visible_execution_drop,420027.5,7.042349999999999,4,"SN2604,SN2603,SN2607,SN2608",20,321,290.0,419590.0,419681.6,43.75,10.41598466767057,34.59000000000233,8.23517507782284,419770.7894736842,25.67105263157864,36.8324,29.330266666691617,39.125,25.0,10492040.0,25.0,8647.500000000582,trade_recovered_3s,0.5,,0.5,
aggregated-tick-v1,AUTO_INFERRED_V1,validated,SN2605|21:41:10.000,20260226,21:41:10.000,,SN,SN2605,2470000,4937,4937,2470000,visible_execution_drop,420780.0,7.412999999999999,3,"SN2604,SN2603,SN2607",20,316,290.0,420280.0,420510.0,50.0,11.882694044393745,27.0,6.416654783972622,,,42.5128,39.7976,46.25,7.0,2943570.0,7.0,1890.0,trade_recovered_3s,0.5,,0.5,
aggregated-tick-v1,AUTO_INFERRED_V1,validated,SN2605|22:36:35.000,20260226,22:36:35.000,,SN,SN2605,5795000,11537,11537,5795000,visible_execution_drop,418022.5,7.042349999999999,2,"SN2606,SN2607",20,233,290.0,417620.0,417672.8571428571,40.25,9.628668313308491,34.96428571428405,8.364211427443271,,,37.5824,37.5824,38.0,21.0,8771130.0,21.0,7342.499999999651,trade_recovered_3s,0.5,,0.5,
aggregated-tick-v1,AUTO_INFERRED_V1,validated,SN2605|22:59:31.000,20260226,22:59:31.000,,SN,SN2605,7171000,14264,14264,7172000,visible_execution_drop,422715.0,7.412999999999999,5,"SN2604,SN2603,SN2606,SN2607,SN2608",20,305,290.0,422170.0,422503.5,54.5,12.89284742675325,21.15,5.003371065611582,,,37.0476,34.0824,54.5,20.0,8450070.0,21.0,4230.0,trade_recovered_3s,1.5,,0.5,
aggregated-tick-v1,AUTO_INFERRED_V1,validated,SN2605|10:03:01.000,20260226,10:03:01.000,,SN,SN2605,46981000,35115,35115,46981000,visible_execution_drop,420635.0,2.9652,5,"SN2604,SN2603,SN2606,SN2607,SN2608",20,209,290.0,420020.0,420426.6666666667,61.5,14.620751958348686,20.833333333331392,4.9528292541826975,,,52.8736,52.3736,61.5,9.0,3783840.0,9.0,1874.9999999998256,trade_recovered_3s,0.5,,0.5,
aggregated-tick-v1,AUTO_INFERRED_V1,validated,SR605|22:55:17.000,20260225,22:55:17.000,22:55:18.000,SR,SR605,6917000,10646,10647,6918000,interval_execution_drop,5298.0,5.1891,5,"SR607,SR609,SR611,SR701,SR603",20,285,290.0,5303.0,5256.0,-5.0,-9.437523593808985,42.0,79.27519818799547,5256.0,42.0,20.0,27.9304,42.0,321.0,1687176.0,761.0,13482.0,trade_recovered_3s,,3.0,1.0,
aggregated-tick-v1,AUTO_INFERRED_V1,validated,SR609|22:55:31.000,20260225,22:55:31.000,22:55:32.000,SR,SR609,6931000,5489,5490,6931000,interval_execution_drop,5326.5,2.2239,3,"SR605,SR607,SR611",20,156,290.0,5325.0,5270.0,1.5,2.8161081385525204,56.5,106.07340655214492,5270.0,56.5,20.0,33.3608,11.0,170.0,895900.0,170.0,9605.0,quote_only_recovered_3s,,5.0,1.0,
aggregated-tick-v1,AUTO_INFERRED_V1,validated,AG2604|22:30:28.000,20260227,22:30:28.000,,AG,AG2604,5428000,10815,10815,5428000,visible_execution_drop,21996.5,5.1891,5,"AG2606,AG2605,AG2608,AG2610,AG2612",20,427,290.0,21956.0,21989.98780487805,40.5,18.41202009410588,6.512195121951663,2.960559689928699,,,20.0,20.0,40.5,246.0,81143055.0,246.0,24030.000000001637,trade_recovered_3s,0.5,,0.5,
aggregated-tick-v1,AUTO_INFERRED_V1,validated,AG2604|22:30:37.500,20260227,22:30:37.500,22:30:38.500,AG,AG2604,5437500,10834,10834,5437500,"visible_execution_drop,interval_execution_drop",21961.5,3.7065,3,"AG2605,AG2610,AG2612",20,432,290.0,21931.0,21934.419354838712,30.5,13.88794025908977,27.080645161287975,12.330963350084454,21934.04054054054,27.45945945946005,20.0,20.0,19.199324324323243,62.0,20399010.0,62.0,25184.999999997817,trade_recovered_3s,1.0,3.0,1.0,
aggregated-tick-v1,AUTO_INFERRED_V1,validated,AG2604|22:30:51.500,20260227,22:30:51.500,22:30:52.500,AG,AG2604,5451500,10862,10862,5451500,"visible_execution_drop,interval_execution_drop",21906.5,5.9304,4,"AG2605,AG2608,AG2610,AG2612",20,441,290.0,21874.0,21883.38775510204,32.5,14.8357793349006,23.112244897962228,10.550405084318456,21884.243902439022,22.25609756097765,20.0,20.0,17.500304878049064,49.0,16084290.0,49.0,16987.500000002237,trade_recovered_3s,0.5,1.5,1.0,
aggregated-tick-v1,AUTO_INFERRED_V1,validated,AG2604|22:31:06.000,20260227,22:31:06.000,22:31:07.000,AG,AG2604,5466000,10891,10891,5466000,interval_execution_drop,21855.5,2.9652,5,"AG2606,AG2605,AG2608,AG2610,AG2612",20,438,290.0,21831.0,21833.551948051947,24.5,11.209992907963672,21.948051948053035,10.042347211481337,21830.151943462897,25.34805653710282,25.151999999999997,20.0,15.706385281386249,154.0,50435505.0,154.0,50700.00000000251,trade_recovered_3s,,1.5,0.5,
aggregated-tick-v1,AUTO_INFERRED_V1,validated,AG2604|11:15:48.000,20260227,11:15:48.000,,AG,AG2604,51348000,53621,53621,51351000,visible_execution_drop,22948.5,3.7065,5,"AG2606,AG2605,AG2608,AG2610,AG2612",20,349,290.0,22900.0,22922.02857142857,48.5,21.134278928906028,26.471428571428987,11.53514546546789,,,36.0824,34.55174736840382,35.5,35.0,12034065.0,170.0,13897.500000000218,trade_recovered_3s,0.5,,0.5,
aggregated-tick-v1,AUTO_INFERRED_V1,validated,AG2605|02:18:16.000,20260227,02:18:16.000,,AG,AG2605,19096000,37891,37891,19096500,visible_execution_drop,21992.0,0.7413,5,"AG2604,AG2606,AG2608,AG2610,AG2612",20,280,290.0,21950.0,21971.0,42.0,19.097853765005457,21.0,9.548926882502728,,,30.6694,27.21000000000719,39.25,13.0,4284345.0,19.0,4095.0,trade_recovered_3s,1.0,,0.5,
aggregated-tick-v1,AUTO_INFERRED_V1,validated,AG2605|09:07:35.500,20260227,09:07:35.500,,AG,AG2605,43655500,40179,40179,43655500,visible_execution_drop,22198.5,2.2239,3,"AG2604,AG2606,AG2610",20,442,290.0,22169.0,22193.045454545456,29.5,13.2891862062752,5.454545454544132,2.4571684818992865,,,28.651999999999997,28.651999999999997,27.884615384615245,22.0,7323705.0,22.0,1799.9999999995634,trade_recovered_3s,0.5,,0.5,
aggregated-tick-v1,AUTO_INFERRED_V1,validated,AG2605|09:07:42.500,20260227,09:07:42.500,,AG,AG2605,43662500,40193,40193,43662500,visible_execution_drop,22158.5,6.6716999999999995,3,"AG2606,AG2610,AG2612",20,441,290.0,22120.0,22144.866666666665,38.5,17.37482230295372,13.633333333335033,6.152642702951478,,,28.651999999999997,28.651999999999997,36.875,15.0,4982595.0,15.0,3067.500000000382,trade_recovered_3s,0.5,,0.5,
aggregated-tick-v1,AUTO_INFERRED_V1,validated,AG2606|00:11:40.000,20260227,00:11:40.000,,AG,AG2606,11500000,22934,22934,11500000,visible_execution_drop,21925.5,3.7065,5,"AG2604,AG2605,AG2608,AG2610,AG2612",20,388,290.0,21901.0,21912.01851851852,24.5,11.17420355294064,13.481481481481753,6.148768092623544,,,20.0,20.85205454546435,24.5,54.0,17748735.0,54.0,10920.000000000218,trade_recovered_3s,0.5,,0.5,
aggregated-tick-v1,AUTO_INFERRED_V1,validated,AG2606|00:12:33.000,20260227,00:12:33.000,,AG,AG2606,11553000,23040,23040,11553000,visible_execution_drop,21940.0,2.2239,5,"AG2604,AG2605,AG2608,AG2610,AG2612",20,396,290.0,21902.0,21919.95918367347,38.0,17.31996353691887,20.040816326531058,9.134373895410691,,,24.2216,22.244799999985617,37.25,49.0,16111170.0,49.0,14730.000000000327,trade_recovered_3s,0.5,,0.5,
aggregated-tick-v1,AUTO_INFERRED_V1,validated,AG2608|01:37:31.500,20260227,01:37:31.500,,AG,AG2608,16651500,32646,32646,16651500,visible_execution_drop,21833.75,4.07715,4,"AG2604,AG2606,AG2605,AG2610",20,161,290.0,21802.0,21822.0,31.75,14.541707219327876,11.75,5.381576687467796,,,29.151999999999997,29.151999999999997,31.75,5.0,1636650.0,5.0,881.25,trade_recovered_3s,0.5,,0.5,
aggregated-tick-v1,AUTO_INFERRED_V1,validated,AG2608|09:02:36.000,20260227,09:02:36.000,,AG,AG2608,43356000,39042,39042,43356000,visible_execution_drop,22184.5,8.8956,5,"AG2604,AG2606,AG2605,AG2610,AG2612",20,104,205.5,22132.0,22150.15,52.5,23.665171628839957,34.349999999998545,15.483783722868914,,,46.4606,35.5824,47.625,40.0,13290090.0,40.0,20609.999999999127,trade_recovered_3s,0.5,,0.5,
aggregated-tick-v1,AUTO_INFERRED_V1,validated,AG2612|21:57:14.000,20260227,21:57:14.000,,AG,AG2612,3434000,6635,6635,3434000,visible_execution_drop,21786.25,0.7413,4,"AG2604,AG2606,AG2605,AG2608",20,140,290.0,21753.0,21768.5,33.25,15.26191978885765,17.75,8.14734063916461,,,28.19,25.42480000000072,33.25,4.0,1306110.0,4.0,1065.0,trade_recovered_3s,1.5,,0.5,
aggregated-tick-v1,AUTO_INFERRED_V1,validated,AG2612|14:51:19.000,20260227,14:51:19.000,,AG,AG2612,64279000,60664,60664,64279000,visible_execution_drop,22743.5,4.4478,5,"AG2604,AG2606,AG2605,AG2608,AG2610",20,210,290.0,22714.0,22729.125,29.5,12.970738892430804,14.375,6.320487172159078,,,21.9574,20.105599999985618,29.5,8.0,2727495.0,8.0,1725.0,trade_recovered_3s,1.0,,0.5,
aggregated-tick-v1,AUTO_INFERRED_V1,validated,AP605|09:05:17.000,20260227,09:05:17.000,09:05:18.000,AP,AP605,43517000,628,629,43517000,interval_execution_drop,9780.0,0.7413,4,"AP610,AP604,AP611,AP701",20,218,290.0,9776.0,9736.83211678832,4.0,4.08997955010225,43.16788321167951,44.13893988924285,9740.99319727891,39.00680272108912,28.383,20.0,42.66788321167951,137.0,1333946.0,137.0,5914.000000000093,trade_recovered_3s,,2.0,1.0,
aggregated-tick-v1,AUTO_INFERRED_V1,validated,AP605|09:09:13.000,20260227,09:09:13.000,09:09:14.000,AP,AP605,43753000,1077,1078,43753000,interval_execution_drop,9762.5,0.0,2,"AP610,AP611",20,236,290.0,9762.0,9686.574074074077,0.5,0.5121638924455826,75.92592592592518,77.77303551951363,9702.1968503937,60.303149606299485,30.151999999999997,20.0,72.92592592592518,108.0,1046150.0,108.0,8199.99999999992,trade_recovered_3s,,2.0,1.0,
aggregated-tick-v1,AU_V1,validated,AU2604|22:45:44.500,20260227,22:45:44.500,,AU,AU2604,6344500,12560,12560,6344500,visible_execution_drop,1141.9100000000003,1.4826000000660724,3,"AU2608,AU2610,AU2603",20,488,290.0,1141.3000000000004,1141.5975,30.500000000006366,5.341927122103555,15.625000000022736,2.736642992884331,,,29.151999999973484,28.547750000000015,25.87499999999068,16.0,18265560.0,16.0,5000.000000007276,trade_recovered_3s,0.5,,0.5,
aggregated-tick-v1,AU_V1,validated,AU2606|22:30:42.500,20260227,22:30:42.500,,AU,AU2606,5442500,10496,10496,5442500,visible_execution_drop,1141.0400000000004,8.154300000009439,2,"AU2608,AU2612",20,142,290.0,1140.34,1140.63,35.00000000002501,6.134754259276624,20.50000000001546,3.5932132090050226,,,33.11719999996988,30.152000000039997,26.125000000013188,6.0,6843780.0,6.0,2460.0000000018554,trade_recovered_3s,0.5,,0.5,
aggregated-tick-v1,AUTO_INFERRED_V1,validated,EC2604|11:20:51.500,20260227,11:20:51.500,11:20:52.500,EC,EC2604,51650000,11313,11313,51651500,"visible_execution_drop,interval_execution_drop",1252.5000000000002,1.5567299999999324,4,"EC2606,EC2610,EC2605,EC2607",20,169,289.5,1228.0000000000002,1233.6232142857143,49.0,195.6087824351297,37.75357142857183,150.7128599942987,1231.075,42.85000000000037,25.278560000018597,24.804128000003757,20.649999999999864,56.0,3454145.0,389.0,52855.00000000057,trade_recovered_10s,4.5,5.5,9.5,
aggregated-tick-v1,AUTO_INFERRED_V1,validated,NI2603|21:03:14.500,20260227,21:03:14.500,,NI,NI2603,194500,388,388,194500,visible_execution_drop,137951.25,1.297275,4,"NI2605,NI2606,NI2609,NI2607",20,197,184.0,137660.0,137809.3103448276,29.125,21.112530694720057,14.193965517240576,10.289117001288917,,,20.0,20.0,25.625,58.0,7992940.0,58.0,8232.499999999534,trade_recovered_3s,0.5,,0.5,
aggregated-tick-v1,AUTO_INFERRED_V1,validated,NI2603|10:02:12.000,20260227,10:02:12.000,,NI,NI2603,46932000,29850,29850,46932000,visible_execution_drop,138855.0,0.7413,5,"NI2605,NI2604,NI2606,NI2609,NI2607",20,325,290.0,138630.0,138766.92307692306,22.5,16.20395376471859,8.807692307693651,6.343086174566023,,,20.0,20.0,22.5,39.0,5411910.0,39.0,3435.000000000524,trade_recovered_3s,0.5,,0.5,
aggregated-tick-v1,AUTO_INFERRED_V1,validated,NI2603|13:55:54.000,20260227,13:55:54.000,,NI,NI2603,60954000,40458,40458,60954000,visible_execution_drop,139002.5,0.7413,4,"NI2604,NI2606,NI2609,NI2607",20,235,290.0,138750.0,138895.48387096773,25.25,18.16514091473175,10.701612903227216,7.69886361988253,,,20.0,20.0,24.5,62.0,8611520.0,62.0,6635.000000000873,trade_recovered_3s,1.0,,0.5,
aggregated-tick-v1,AUTO_INFERRED_V1,validated,PL605|21:14:51.000,20260226,21:14:51.000,21:14:52.000,PL,PL605,891000,902,903,891000,interval_execution_drop,6266.0,2.2239,4,"PL604,PL606,PL603,PL607",20,103,289.0,6267.0,6209.266666666666,-1.0,-1.5959144589849985,56.733333333333576,90.54154697308265,6241.633333333333,24.366666666666788,20.0,20.0,56.733333333333576,45.0,279417.0,45.0,2553.000000000011,trade_recovered_3s,,2.0,1.0,
aggregated-tick-v1,AUTO_INFERRED_V1,validated,PL605|21:15:00.000,20260226,21:15:00.000,21:15:01.000,PL,PL605,900000,919,920,900000,interval_execution_drop,6265.5,5.1891,5,"PL604,PL606,PL603,PL607,PL608",20,112,290.0,6266.0,6206.62,-0.5,-0.7980209081477934,58.88000000000011,93.97494214348434,6238.427083333333,27.07291666666697,20.0,20.0,58.88000000000011,50.0,310331.0,50.0,2944.0000000000055,trade_recovered_3s,,2.0,1.0,
aggregated-tick-v1,AUTO_INFERRED_V1,validated,PL605|09:17:10.000,20260227,09:17:10.000,09:17:11.000,PL,PL605,44230000,5295,5296,44230000,interval_execution_drop,6204.25,1.4826,4,"PL604,PL606,PL603,PL607",20,161,290.0,6206.0,6180.588235294118,-1.75,-2.820647137043156,23.66176470588198,38.13799364287703,6182.657142857143,21.5928571428567,20.0,20.0,23.66176470588198,136.0,840560.0,136.0,3217.999999999949,trade_recovered_3s,,2.0,1.0,
aggregated-tick-v1,AUTO_INFERRED_V1,validated,SF609|14:54:46.000,20260227,14:54:46.000,14:54:47.000,SF,SF609,64486000,9236,9236,64486000,interval_execution_drop,5773.0,0.7413,5,"SF605,SF607,SF606,SF604,SF603",20,110,289.0,5774.0,5690.0,-0.5,-1.7322016282695307,41.5,143.77273514637102,5690.0,41.5,20.0,40.9826,41.5,1.0,5690.0,1.0,83.0,quote_only_recovered_3s,,,1.0,
aggregated-tick-v1,AUTO_INFERRED_V1,validated,SF609|14:54:54.000,20260227,14:54:54.000,14:54:55.000,SF,SF609,64494000,9249,9249,64494000,interval_execution_drop,5775.0,0.7413,5,"SF605,SF607,SF606,SF604,SF603",20,110,290.0,5774.0,5690.0,0.5,1.7316017316017316,42.5,147.1861471861472,5690.0,42.5,20.0,40.9826,42.5,1.0,5690.0,1.0,85.0,quote_only_recovered_3s,,6.0,1.0,
aggregated-tick-v1,AUTO_INFERRED_V1,validated,SM606|13:54:14.000,20260227,13:54:14.000,13:54:15.000,SM,SM606,60854000,15139,15140,60854000,interval_execution_drop,6032.0,0.0,5,"SM605,SM607,SM604,SM609,SM603",20,152,290.0,6032.0,5938.0,0.0,0.0,47.0,155.83554376657824,5938.0,47.0,20.0,46.9304,47.0,46.0,273148.0,46.0,4324.0,quote_only_recovered_3s,,,1.0,
aggregated-tick-v1,AUTO_INFERRED_V1,validated,SM606|13:54:50.000,20260227,13:54:50.000,13:54:51.000,SM,SM606,60890000,15209,15210,60891000,interval_execution_drop,6034.0,0.0,5,"SM605,SM607,SM604,SM609,SM603",20,156,290.0,6034.0,5940.0,0.0,0.0,47.0,155.7838912827312,5940.0,47.0,20.0,46.9304,23.0,7.0,41580.0,25.0,658.0,quote_only_recovered_3s,,,1.0,
aggregated-tick-v1,AUTO_INFERRED_V1,validated,SM606|13:54:59.000,20260227,13:54:59.000,13:55:00.000,SM,SM606,60899000,15225,15226,60899000,interval_execution_drop,6038.0,0.0,5,"SM605,SM607,SM604,SM609,SM603",20,159,290.0,6038.0,5940.0,0.0,0.0,49.0,162.30539913878766,5940.0,49.0,20.0,46.9304,49.0,9.0,53460.0,9.0,882.0,quote_only_recovered_3s,,,1.0,
aggregated-tick-v1,AUTO_INFERRED_V1,validated,SN2603|21:15:12.000,20260227,21:15:12.000,,SN,SN2603,912000,1824,1824,912000,visible_execution_drop,416210.0,0.7413,3,"SN2604,SN2605,SN2606",20,438,290.0,415780.0,415844.25,43.0,10.331323130150643,36.575,8.787631243843252,,,42.5128,36.5824,36.75,40.0,16633770.0,40.0,14630.0,trade_recovered_3s,0.5,,0.5,
aggregated-tick-v1,AUTO_INFERRED_V1,validated,SN2603|23:27:37.000,20260227,23:27:37.000,,SN,SN2603,8857000,17649,17649,8857000,visible_execution_drop,423697.5,2.9652,4,"SN2605,SN2606,SN2607,SN2608",20,264,290.0,423200.0,423485.0,49.75,11.741867724024804,21.25,5.015370635889992,,,45.9432,45.9432,49.75,4.0,1693940.0,4.0,850.0,trade_recovered_3s,0.5,,0.5,
aggregated-tick-v1,AUTO_INFERRED_V1,validated,SN2603|10:35:03.500,20260227,10:35:03.500,,SN,SN2603,48903500,37155,37155,48903500,visible_execution_drop,430005.0,7.412999999999999,5,"SN2604,SN2605,SN2606,SN2607,SN2608",20,225,290.0,429400.0,429822.22222222225,60.5,14.069603841815791,18.277777777775192,4.250596569289936,,,39.5128,40.0128,54.5,9.0,3868400.0,9.0,1644.9999999997672,trade_recovered_3s,0.5,,0.5,
aggregated-tick-v1,AUTO_INFERRED_V1,validated,SN2604|00:37:59.500,20260227,00:37:59.500,,SN,SN2604,13078000,26046,26046,13079500,visible_execution_drop,428382.5,5.559749999999999,2,"SN2603,SN2608",20,384,290.0,427840.0,428085.625,54.25,12.663916009640916,29.6875,6.9301383693311465,,,33.5824,34.0824,36.75,16.0,6849370.0,125.0,4750.0,trade_recovered_3s,0.5,,0.5,
aggregated-tick-v1,AUTO_INFERRED_V1,validated,SN2604|00:48:25.500,20260227,00:48:25.500,,SN,SN2604,13705500,27258,27258,13705500,visible_execution_drop,427895.0,5.1891,3,"SN2605,SN2606,SN2608",20,346,290.0,427460.0,427573.5135135135,43.5,10.166045408336156,32.14864864865085,7.513209700662744,,,39.0824,39.0824,39.25,37.0,15820220.0,37.0,11895.000000000817,trade_recovered_3s,0.5,,0.5,
aggregated-tick-v1,AUTO_INFERRED_V1,validated,SN2604|09:06:36.500,20260227,09:06:36.500,,SN,SN2604,43596500,29422,29422,43596500,visible_execution_drop,429600.0,0.185325,4,"SN2603,SN2606,SN2607,SN2608",20,386,290.0,429050.0,429435.5555555555,55.0,12.802607076350093,16.444444444443796,3.8278501965651297,,,54.8388,45.875094252873424,44.13500000000058,18.0,7729840.0,18.0,2959.9999999998836,trade_recovered_3s,0.5,,0.5,
aggregated-tick-v1,AUTO_INFERRED_V1,validated,SN2604|13:34:19.500,20260227,13:34:19.500,13:34:20.500,SN,SN2604,59659500,45335,45335,59659500,visible_execution_drop,433470.0,4.447799999999999,3,"SN2605,SN2606,SN2607",20,299,249.0,433080.0,433168.5714285714,39.0,8.997162433386393,30.142857142857977,6.95385081847832,433185.0,28.5,35.5824,29.651999999999997,28.5,7.0,3032180.0,7.0,2110.000000000058,trade_recovered_3s,0.5,,1.0,
aggregated-tick-v1,AUTO_INFERRED_V1,validated,SN2604|14:19:40.500,20260227,14:19:40.500,,SN,SN2604,62380500,50777,50777,62380500,visible_execution_drop,446850.0,3.7065,5,"SN2605,SN2603,SN2606,SN2607,SN2608",20,474,290.0,446400.0,446732.2580645161,45.0,10.070493454179257,11.774193548387847,2.634931979050654,,,44.9432,36.78878900582277,44.0,31.0,13848700.0,31.0,3650.000000000233,trade_recovered_3s,0.5,,0.5,
aggregated-tick-v1,AUTO_INFERRED_V1,validated,SN2604|14:40:01.000,20260227,14:40:01.000,,SN,SN2604,63601000,53218,53218,63601000,visible_execution_drop,446895.0,5.1891,5,"SN2605,SN2603,SN2606,SN2607,SN2608",20,447,290.0,446390.0,446654.4,50.5,11.30019355777084,24.05999999999767,5.383814990097823,,,45.9432,41.007000000023005,50.5,25.0,11166360.0,25.0,6014.999999999418,trade_recovered_3s,0.5,,0.5,
aggregated-tick-v1,AUTO_INFERRED_V1,validated,SN2605|22:29:35.500,20260227,22:29:35.500,,SN,SN2605,5375500,10745,10745,5376000,visible_execution_drop,425805.0,1.4826,5,"SN2604,SN2603,SN2606,SN2607,SN2608",20,280,290.0,425280.0,425593.75,52.5,12.32958748723007,21.125,4.961191155575909,,,39.977999999999994,37.33432,51.25,16.0,6809500.0,17.0,3380.0,trade_recovered_3s,3.0,,0.5,
aggregated-tick-v1,AUTO_INFERRED_V1,validated,SN2605|00:37:59.500,20260227,00:37:59.500,,SN,SN2605,13079500,25831,25831,13079500,visible_execution_drop,428695.0,5.1891,2,"SN2603,SN2608",20,114,290.0,428310.0,428375.0,38.5,8.98074388551301,32.0,7.464514398348476,,,38.0824,38.0824,33.35714285714202,2.0,856750.0,2.0,640.0,trade_recovered_3s,0.5,,0.5,
aggregated-tick-v1,AUTO_INFERRED_V1,validated,SN2605|10:48:32.000,20260227,10:48:32.000,,SN,SN2605,49712000,39539,39539,49712000,visible_execution_drop,433792.5,4.07715,4,"SN2604,SN2603,SN2606,SN2607",20,310,290.0,433140.0,433416.3333333333,65.25,15.04175383391829,37.61666666666861,8.671580690461132,,,47.9432,42.0128,63.4166666666657,30.0,13002490.0,30.0,11285.000000000582,trade_recovered_3s,0.5,,0.5,
