trade_date,market_time_key,display_time,order_id,parent_order_id,contract,role,side,price,lots,version,event,detail,state
20260303,43273000,09:01:13.000,20260303-AP605-00001,,AP605,target_buy,buy,9624.0,1,1,submit,initial_quote,FLAT_QUOTING
20260303,43273000,09:01:13.000,20260303-AP605-00002,,AP605,target_sell,sell,10108.0,1,1,submit,initial_quote,FLAT_QUOTING
20260303,43274000,09:01:14.000,20260303-AP605-00001,,AP605,target_buy,buy,9624.0,1,1,ack,,FLAT_QUOTING
20260303,43274000,09:01:14.000,20260303-AP605-00002,,AP605,target_sell,sell,10108.0,1,1,ack,,FLAT_QUOTING
20260303,43294000,09:01:34.000,20260303-AP605-00001,,AP605,target_buy,buy,9624.0,1,1,cancel_requested,fair_invalid_or_session_guard,PAUSED
20260303,43294000,09:01:34.000,20260303-AP605-00002,,AP605,target_sell,sell,10108.0,1,1,cancel_requested,fair_invalid_or_session_guard,PAUSED
20260303,43295000,09:01:35.000,20260303-AP605-00001,,AP605,target_buy,buy,9624.0,1,1,cancel_ack,fair_invalid_or_session_guard,PAUSED
20260303,43295000,09:01:35.000,20260303-AP605-00002,,AP605,target_sell,sell,10108.0,1,1,cancel_ack,fair_invalid_or_session_guard,PAUSED
20260303,43297000,09:01:37.000,20260303-AP605-00003,,AP605,target_buy,buy,9631.0,1,2,submit,initial_quote,FLAT_QUOTING
20260303,43297000,09:01:37.000,20260303-AP605-00004,,AP605,target_sell,sell,10115.0,1,2,submit,initial_quote,FLAT_QUOTING
20260303,43298000,09:01:38.000,20260303-AP605-00003,,AP605,target_buy,buy,9631.0,1,2,ack,,FLAT_QUOTING
20260303,43298000,09:01:38.000,20260303-AP605-00004,,AP605,target_sell,sell,10115.0,1,2,ack,,FLAT_QUOTING
20260303,43323000,09:02:03.000,20260303-AP605-00003,,AP605,target_buy,buy,9631.0,1,2,cancel_requested,fair_invalid_or_session_guard,PAUSED
20260303,43323000,09:02:03.000,20260303-AP605-00004,,AP605,target_sell,sell,10115.0,1,2,cancel_requested,fair_invalid_or_session_guard,PAUSED
20260303,43324000,09:02:04.000,20260303-AP605-00003,,AP605,target_buy,buy,9631.0,1,2,cancel_ack,fair_invalid_or_session_guard,PAUSED
20260303,43324000,09:02:04.000,20260303-AP605-00004,,AP605,target_sell,sell,10115.0,1,2,cancel_ack,fair_invalid_or_session_guard,PAUSED
20260303,43326000,09:02:06.000,20260303-AP605-00005,,AP605,target_buy,buy,9632.0,1,3,submit,initial_quote,FLAT_QUOTING
20260303,43326000,09:02:06.000,20260303-AP605-00006,,AP605,target_sell,sell,10116.0,1,3,submit,initial_quote,FLAT_QUOTING
20260303,43327000,09:02:07.000,20260303-AP605-00005,,AP605,target_buy,buy,9632.0,1,3,ack,,FLAT_QUOTING
20260303,43327000,09:02:07.000,20260303-AP605-00006,,AP605,target_sell,sell,10116.0,1,3,ack,,FLAT_QUOTING
20260303,43330000,09:02:10.000,20260303-AP605-00005,,AP605,target_buy,buy,9632.0,1,3,cancel_requested,fair_invalid_or_session_guard,PAUSED
20260303,43330000,09:02:10.000,20260303-AP605-00006,,AP605,target_sell,sell,10116.0,1,3,cancel_requested,fair_invalid_or_session_guard,PAUSED
20260303,43331000,09:02:11.000,20260303-AP605-00005,,AP605,target_buy,buy,9632.0,1,3,cancel_ack,fair_invalid_or_session_guard,PAUSED
20260303,43331000,09:02:11.000,20260303-AP605-00006,,AP605,target_sell,sell,10116.0,1,3,cancel_ack,fair_invalid_or_session_guard,PAUSED
20260303,43333000,09:02:13.000,20260303-AP605-00007,,AP605,target_buy,buy,9634.0,1,4,submit,initial_quote,FLAT_QUOTING
20260303,43333000,09:02:13.000,20260303-AP605-00008,,AP605,target_sell,sell,10118.0,1,4,submit,initial_quote,FLAT_QUOTING
20260303,43334000,09:02:14.000,20260303-AP605-00007,,AP605,target_buy,buy,9634.0,1,4,ack,,FLAT_QUOTING
20260303,43334000,09:02:14.000,20260303-AP605-00008,,AP605,target_sell,sell,10118.0,1,4,ack,,FLAT_QUOTING
20260303,43337000,09:02:17.000,20260303-AP605-00007,,AP605,target_buy,buy,9634.0,1,4,cancel_requested,fair_invalid_or_session_guard,PAUSED
20260303,43337000,09:02:17.000,20260303-AP605-00008,,AP605,target_sell,sell,10118.0,1,4,cancel_requested,fair_invalid_or_session_guard,PAUSED
20260303,43338000,09:02:18.000,20260303-AP605-00007,,AP605,target_buy,buy,9634.0,1,4,cancel_ack,fair_invalid_or_session_guard,PAUSED
20260303,43338000,09:02:18.000,20260303-AP605-00008,,AP605,target_sell,sell,10118.0,1,4,cancel_ack,fair_invalid_or_session_guard,PAUSED
20260303,43345000,09:02:25.000,20260303-AP605-00009,,AP605,target_buy,buy,9634.0,1,5,submit,initial_quote,FLAT_QUOTING
20260303,43345000,09:02:25.000,20260303-AP605-00010,,AP605,target_sell,sell,10118.0,1,5,submit,initial_quote,FLAT_QUOTING
20260303,43346000,09:02:26.000,20260303-AP605-00009,,AP605,target_buy,buy,9634.0,1,5,ack,,FLAT_QUOTING
20260303,43346000,09:02:26.000,20260303-AP605-00010,,AP605,target_sell,sell,10118.0,1,5,ack,,FLAT_QUOTING
20260303,43348000,09:02:28.000,20260303-AP605-00009,,AP605,target_buy,buy,9634.0,1,5,cancel_requested,fair_invalid_or_session_guard,PAUSED
20260303,43348000,09:02:28.000,20260303-AP605-00010,,AP605,target_sell,sell,10118.0,1,5,cancel_requested,fair_invalid_or_session_guard,PAUSED
20260303,43349000,09:02:29.000,20260303-AP605-00009,,AP605,target_buy,buy,9634.0,1,5,cancel_ack,fair_invalid_or_session_guard,PAUSED
20260303,43349000,09:02:29.000,20260303-AP605-00010,,AP605,target_sell,sell,10118.0,1,5,cancel_ack,fair_invalid_or_session_guard,PAUSED
20260303,43357000,09:02:37.000,20260303-AP605-00011,,AP605,target_buy,buy,9637.0,1,6,submit,initial_quote,FLAT_QUOTING
20260303,43357000,09:02:37.000,20260303-AP605-00012,,AP605,target_sell,sell,10121.0,1,6,submit,initial_quote,FLAT_QUOTING
20260303,43358000,09:02:38.000,20260303-AP605-00011,,AP605,target_buy,buy,9637.0,1,6,ack,,FLAT_QUOTING
20260303,43358000,09:02:38.000,20260303-AP605-00012,,AP605,target_sell,sell,10121.0,1,6,ack,,FLAT_QUOTING
20260303,43367000,09:02:47.000,20260303-AP605-00012,,AP605,target_sell,sell,10121.0,1,6,fill,interval_vwap,FLAT_QUOTING
20260303,43367000,09:02:47.000,20260303-AP605-00011,,AP605,target_buy,buy,9637.0,1,6,cancel_requested,opposite_target_fill,FLAT_QUOTING
20260303,43368000,09:02:48.000,20260303-AP605-00011,,AP605,target_buy,buy,9637.0,1,6,cancel_ack,opposite_target_fill,SHORT_PENDING_HEDGE
20260303,43368000,09:02:48.000,20260303-AP605-00013,20260303-AP605-0001,AP604,hedge_entry,buy,,1,6,submit,,SHORT_PENDING_HEDGE
20260303,43368000,09:02:48.000,20260303-AP605-00013,20260303-AP605-0001,AP604,hedge_entry,buy,9624.0,1,6,fill,quote_key=43368000,SHORT_PENDING_HEDGE
20260303,43369000,09:02:49.000,20260303-AP605-00014,20260303-AP605-0001,AP605,target_exit,buy,,1,6,submit,,FLATTENING
20260303,43369000,09:02:49.000,20260303-AP605-00014,20260303-AP605-0001,AP605,target_exit,buy,9884.0,1,6,fill,,FLATTENING
20260303,43369000,09:02:49.000,20260303-AP605-00015,20260303-AP605-0001,AP604,hedge_exit,sell,,1,6,submit,,FLATTENING
20260303,43369000,09:02:49.000,20260303-AP605-00015,20260303-AP605-0001,AP604,hedge_exit,sell,9604.0,1,6,fill,quote_key=43369000,FLATTENING
20260303,43383000,09:03:03.000,20260303-AP605-00016,,AP605,target_buy,buy,9634.0,1,7,submit,initial_quote,FLAT_QUOTING
20260303,43383000,09:03:03.000,20260303-AP605-00017,,AP605,target_sell,sell,10118.0,1,7,submit,initial_quote,FLAT_QUOTING
20260303,43384000,09:03:04.000,20260303-AP605-00016,,AP605,target_buy,buy,9634.0,1,7,ack,,FLAT_QUOTING
20260303,43384000,09:03:04.000,20260303-AP605-00017,,AP605,target_sell,sell,10118.0,1,7,ack,,FLAT_QUOTING
20260303,43390000,09:03:10.000,20260303-AP605-00016,,AP605,target_buy,buy,9634.0,1,7,cancel_requested,fair_invalid_or_session_guard,PAUSED
20260303,43390000,09:03:10.000,20260303-AP605-00017,,AP605,target_sell,sell,10118.0,1,7,cancel_requested,fair_invalid_or_session_guard,PAUSED
20260303,43391000,09:03:11.000,20260303-AP605-00016,,AP605,target_buy,buy,9634.0,1,7,cancel_ack,fair_invalid_or_session_guard,PAUSED
20260303,43391000,09:03:11.000,20260303-AP605-00017,,AP605,target_sell,sell,10118.0,1,7,cancel_ack,fair_invalid_or_session_guard,PAUSED
20260303,43395000,09:03:15.000,20260303-AP605-00018,,AP605,target_buy,buy,9634.0,1,8,submit,initial_quote,FLAT_QUOTING
20260303,43395000,09:03:15.000,20260303-AP605-00019,,AP605,target_sell,sell,10118.0,1,8,submit,initial_quote,FLAT_QUOTING
20260303,43396000,09:03:16.000,20260303-AP605-00018,,AP605,target_buy,buy,9634.0,1,8,ack,,FLAT_QUOTING
20260303,43396000,09:03:16.000,20260303-AP605-00019,,AP605,target_sell,sell,10118.0,1,8,ack,,FLAT_QUOTING
20260303,43399000,09:03:19.000,20260303-AP605-00018,,AP605,target_buy,buy,9634.0,1,8,cancel_requested,fair_invalid_or_session_guard,PAUSED
20260303,43399000,09:03:19.000,20260303-AP605-00019,,AP605,target_sell,sell,10118.0,1,8,cancel_requested,fair_invalid_or_session_guard,PAUSED
20260303,43400000,09:03:20.000,20260303-AP605-00018,,AP605,target_buy,buy,9634.0,1,8,cancel_ack,fair_invalid_or_session_guard,PAUSED
20260303,43400000,09:03:20.000,20260303-AP605-00019,,AP605,target_sell,sell,10118.0,1,8,cancel_ack,fair_invalid_or_session_guard,PAUSED
20260303,43403000,09:03:23.000,20260303-AP605-00020,,AP605,target_buy,buy,9639.0,1,9,submit,initial_quote,FLAT_QUOTING
20260303,43403000,09:03:23.000,20260303-AP605-00021,,AP605,target_sell,sell,10123.0,1,9,submit,initial_quote,FLAT_QUOTING
20260303,43404000,09:03:24.000,20260303-AP605-00020,,AP605,target_buy,buy,9639.0,1,9,ack,,FLAT_QUOTING
20260303,43404000,09:03:24.000,20260303-AP605-00021,,AP605,target_sell,sell,10123.0,1,9,ack,,FLAT_QUOTING
20260303,43451000,09:04:11.000,20260303-AP605-00020,,AP605,target_buy,buy,9639.0,1,9,cancel_requested,fair_invalid_or_session_guard,PAUSED
20260303,43451000,09:04:11.000,20260303-AP605-00021,,AP605,target_sell,sell,10123.0,1,9,cancel_requested,fair_invalid_or_session_guard,PAUSED
20260303,43452000,09:04:12.000,20260303-AP605-00020,,AP605,target_buy,buy,9639.0,1,9,cancel_ack,fair_invalid_or_session_guard,PAUSED
20260303,43452000,09:04:12.000,20260303-AP605-00021,,AP605,target_sell,sell,10123.0,1,9,cancel_ack,fair_invalid_or_session_guard,PAUSED
20260303,43455000,09:04:15.000,20260303-AP605-00022,,AP605,target_buy,buy,9635.0,1,10,submit,initial_quote,FLAT_QUOTING
20260303,43455000,09:04:15.000,20260303-AP605-00023,,AP605,target_sell,sell,10119.0,1,10,submit,initial_quote,FLAT_QUOTING
20260303,43456000,09:04:16.000,20260303-AP605-00022,,AP605,target_buy,buy,9635.0,1,10,ack,,FLAT_QUOTING
20260303,43456000,09:04:16.000,20260303-AP605-00023,,AP605,target_sell,sell,10119.0,1,10,ack,,FLAT_QUOTING
20260303,43479000,09:04:39.000,20260303-AP605-00022,,AP605,target_buy,buy,9635.0,1,10,cancel_requested,fair_invalid_or_session_guard,PAUSED
20260303,43479000,09:04:39.000,20260303-AP605-00023,,AP605,target_sell,sell,10119.0,1,10,cancel_requested,fair_invalid_or_session_guard,PAUSED
20260303,43480000,09:04:40.000,20260303-AP605-00022,,AP605,target_buy,buy,9635.0,1,10,cancel_ack,fair_invalid_or_session_guard,PAUSED
20260303,43480000,09:04:40.000,20260303-AP605-00023,,AP605,target_sell,sell,10119.0,1,10,cancel_ack,fair_invalid_or_session_guard,PAUSED
20260303,43490000,09:04:50.000,20260303-AP605-00024,,AP605,target_buy,buy,9635.0,1,11,submit,initial_quote,FLAT_QUOTING
20260303,43490000,09:04:50.000,20260303-AP605-00025,,AP605,target_sell,sell,10119.0,1,11,submit,initial_quote,FLAT_QUOTING
20260303,43491000,09:04:51.000,20260303-AP605-00024,,AP605,target_buy,buy,9635.0,1,11,ack,,FLAT_QUOTING
20260303,43491000,09:04:51.000,20260303-AP605-00025,,AP605,target_sell,sell,10119.0,1,11,ack,,FLAT_QUOTING
20260303,43549000,09:05:49.000,20260303-AP605-00024,,AP605,target_buy,buy,9635.0,1,11,cancel_requested,fair_invalid_or_session_guard,PAUSED
20260303,43549000,09:05:49.000,20260303-AP605-00025,,AP605,target_sell,sell,10119.0,1,11,cancel_requested,fair_invalid_or_session_guard,PAUSED
20260303,43550000,09:05:50.000,20260303-AP605-00024,,AP605,target_buy,buy,9635.0,1,11,cancel_ack,fair_invalid_or_session_guard,PAUSED
20260303,43550000,09:05:50.000,20260303-AP605-00025,,AP605,target_sell,sell,10119.0,1,11,cancel_ack,fair_invalid_or_session_guard,PAUSED
20260303,43552000,09:05:52.000,20260303-AP605-00026,,AP605,target_buy,buy,9646.0,1,12,submit,initial_quote,FLAT_QUOTING
20260303,43552000,09:05:52.000,20260303-AP605-00027,,AP605,target_sell,sell,10130.0,1,12,submit,initial_quote,FLAT_QUOTING
20260303,43553000,09:05:53.000,20260303-AP605-00026,,AP605,target_buy,buy,9646.0,1,12,ack,,FLAT_QUOTING
20260303,43553000,09:05:53.000,20260303-AP605-00027,,AP605,target_sell,sell,10130.0,1,12,ack,,FLAT_QUOTING
20260303,43558000,09:05:58.000,20260303-AP605-00026,,AP605,target_buy,buy,9646.0,1,12,cancel_requested,fair_invalid_or_session_guard,PAUSED
20260303,43558000,09:05:58.000,20260303-AP605-00027,,AP605,target_sell,sell,10130.0,1,12,cancel_requested,fair_invalid_or_session_guard,PAUSED
20260303,43559000,09:05:59.000,20260303-AP605-00026,,AP605,target_buy,buy,9646.0,1,12,cancel_ack,fair_invalid_or_session_guard,PAUSED
20260303,43559000,09:05:59.000,20260303-AP605-00027,,AP605,target_sell,sell,10130.0,1,12,cancel_ack,fair_invalid_or_session_guard,PAUSED
20260303,43564000,09:06:04.000,20260303-AP605-00028,,AP605,target_buy,buy,9647.0,1,13,submit,initial_quote,FLAT_QUOTING
20260303,43564000,09:06:04.000,20260303-AP605-00029,,AP605,target_sell,sell,10131.0,1,13,submit,initial_quote,FLAT_QUOTING
20260303,43565000,09:06:05.000,20260303-AP605-00028,,AP605,target_buy,buy,9647.0,1,13,ack,,FLAT_QUOTING
20260303,43565000,09:06:05.000,20260303-AP605-00029,,AP605,target_sell,sell,10131.0,1,13,ack,,FLAT_QUOTING
20260303,43569000,09:06:09.000,20260303-AP605-00028,,AP605,target_buy,buy,9647.0,1,13,cancel_requested,fair_invalid_or_session_guard,PAUSED
20260303,43569000,09:06:09.000,20260303-AP605-00029,,AP605,target_sell,sell,10131.0,1,13,cancel_requested,fair_invalid_or_session_guard,PAUSED
20260303,43570000,09:06:10.000,20260303-AP605-00028,,AP605,target_buy,buy,9647.0,1,13,cancel_ack,fair_invalid_or_session_guard,PAUSED
20260303,43570000,09:06:10.000,20260303-AP605-00029,,AP605,target_sell,sell,10131.0,1,13,cancel_ack,fair_invalid_or_session_guard,PAUSED
20260303,43580000,09:06:20.000,20260303-AP605-00030,,AP605,target_buy,buy,9646.0,1,14,submit,initial_quote,FLAT_QUOTING
20260303,43580000,09:06:20.000,20260303-AP605-00031,,AP605,target_sell,sell,10130.0,1,14,submit,initial_quote,FLAT_QUOTING
20260303,43581000,09:06:21.000,20260303-AP605-00030,,AP605,target_buy,buy,9646.0,1,14,ack,,FLAT_QUOTING
20260303,43581000,09:06:21.000,20260303-AP605-00031,,AP605,target_sell,sell,10130.0,1,14,ack,,FLAT_QUOTING
20260303,43584000,09:06:24.000,20260303-AP605-00030,,AP605,target_buy,buy,9646.0,1,14,cancel_requested,fair_invalid_or_session_guard,PAUSED
20260303,43584000,09:06:24.000,20260303-AP605-00031,,AP605,target_sell,sell,10130.0,1,14,cancel_requested,fair_invalid_or_session_guard,PAUSED
20260303,43585000,09:06:25.000,20260303-AP605-00030,,AP605,target_buy,buy,9646.0,1,14,cancel_ack,fair_invalid_or_session_guard,PAUSED
20260303,43585000,09:06:25.000,20260303-AP605-00031,,AP605,target_sell,sell,10130.0,1,14,cancel_ack,fair_invalid_or_session_guard,PAUSED
20260303,43591000,09:06:31.000,20260303-AP605-00032,,AP605,target_buy,buy,9648.0,1,15,submit,initial_quote,FLAT_QUOTING
20260303,43591000,09:06:31.000,20260303-AP605-00033,,AP605,target_sell,sell,10132.0,1,15,submit,initial_quote,FLAT_QUOTING
20260303,43592000,09:06:32.000,20260303-AP605-00032,,AP605,target_buy,buy,9648.0,1,15,ack,,FLAT_QUOTING
20260303,43592000,09:06:32.000,20260303-AP605-00033,,AP605,target_sell,sell,10132.0,1,15,ack,,FLAT_QUOTING
20260303,43594000,09:06:34.000,20260303-AP605-00033,,AP605,target_sell,sell,10132.0,1,15,fill,interval_vwap,FLAT_QUOTING
20260303,43594000,09:06:34.000,20260303-AP605-00032,,AP605,target_buy,buy,9648.0,1,15,cancel_requested,opposite_target_fill,FLAT_QUOTING
20260303,43595000,09:06:35.000,20260303-AP605-00032,,AP605,target_buy,buy,9648.0,1,15,cancel_ack,opposite_target_fill,SHORT_PENDING_HEDGE
20260303,43595000,09:06:35.000,20260303-AP605-00034,20260303-AP605-0002,AP604,hedge_entry,buy,,1,15,submit,,SHORT_PENDING_HEDGE
20260303,43595000,09:06:35.000,20260303-AP605-00034,20260303-AP605-0002,AP604,hedge_entry,buy,9629.0,1,15,fill,quote_key=43595000,SHORT_PENDING_HEDGE
20260303,43616000,09:06:56.000,20260303-AP605-00035,20260303-AP605-0002,AP605,target_exit,buy,,1,15,submit,,FLATTENING
20260303,43616000,09:06:56.000,20260303-AP605-00035,20260303-AP605-0002,AP605,target_exit,buy,9891.0,1,15,fill,,FLATTENING
20260303,43616000,09:06:56.000,20260303-AP605-00036,20260303-AP605-0002,AP604,hedge_exit,sell,,1,15,submit,,FLATTENING
20260303,43616000,09:06:56.000,20260303-AP605-00036,20260303-AP605-0002,AP604,hedge_exit,sell,,1,15,quote_unavailable,,FLATTENING
20260303,43618000,09:06:58.000,20260303-AP605-00036,20260303-AP605-0002,AP604,hedge_exit,sell,9605.0,1,15,fill,quote_key=43618000,FLATTENING
20260303,43620000,09:07:00.000,20260303-AP605-00037,,AP605,target_buy,buy,9646.0,1,16,submit,initial_quote,FLAT_QUOTING
20260303,43620000,09:07:00.000,20260303-AP605-00038,,AP605,target_sell,sell,10130.0,1,16,submit,initial_quote,FLAT_QUOTING
20260303,43621000,09:07:01.000,20260303-AP605-00037,,AP605,target_buy,buy,9646.0,1,16,ack,,FLAT_QUOTING
20260303,43621000,09:07:01.000,20260303-AP605-00038,,AP605,target_sell,sell,10130.0,1,16,ack,,FLAT_QUOTING
20260303,43627000,09:07:07.000,20260303-AP605-00037,,AP605,target_buy,buy,9646.0,1,16,cancel_requested,fair_invalid_or_session_guard,PAUSED
20260303,43627000,09:07:07.000,20260303-AP605-00038,,AP605,target_sell,sell,10130.0,1,16,cancel_requested,fair_invalid_or_session_guard,PAUSED
20260303,43628000,09:07:08.000,20260303-AP605-00037,,AP605,target_buy,buy,9646.0,1,16,cancel_ack,fair_invalid_or_session_guard,PAUSED
20260303,43628000,09:07:08.000,20260303-AP605-00038,,AP605,target_sell,sell,10130.0,1,16,cancel_ack,fair_invalid_or_session_guard,PAUSED
20260303,43629000,09:07:09.000,20260303-AP605-00039,,AP605,target_buy,buy,9649.0,1,17,submit,initial_quote,FLAT_QUOTING
20260303,43629000,09:07:09.000,20260303-AP605-00040,,AP605,target_sell,sell,10133.0,1,17,submit,initial_quote,FLAT_QUOTING
20260303,43630000,09:07:10.000,20260303-AP605-00039,,AP605,target_buy,buy,9649.0,1,17,ack,,FLAT_QUOTING
20260303,43630000,09:07:10.000,20260303-AP605-00040,,AP605,target_sell,sell,10133.0,1,17,ack,,FLAT_QUOTING
20260303,43644000,09:07:24.000,20260303-AP605-00039,,AP605,target_buy,buy,9649.0,1,17,cancel_requested,fair_invalid_or_session_guard,PAUSED
20260303,43644000,09:07:24.000,20260303-AP605-00040,,AP605,target_sell,sell,10133.0,1,17,cancel_requested,fair_invalid_or_session_guard,PAUSED
20260303,43645000,09:07:25.000,20260303-AP605-00039,,AP605,target_buy,buy,9649.0,1,17,cancel_ack,fair_invalid_or_session_guard,PAUSED
20260303,43645000,09:07:25.000,20260303-AP605-00040,,AP605,target_sell,sell,10133.0,1,17,cancel_ack,fair_invalid_or_session_guard,PAUSED
20260303,43646000,09:07:26.000,20260303-AP605-00041,,AP605,target_buy,buy,9645.0,1,18,submit,initial_quote,FLAT_QUOTING
20260303,43646000,09:07:26.000,20260303-AP605-00042,,AP605,target_sell,sell,10129.0,1,18,submit,initial_quote,FLAT_QUOTING
20260303,43647000,09:07:27.000,20260303-AP605-00041,,AP605,target_buy,buy,9645.0,1,18,ack,,FLAT_QUOTING
20260303,43647000,09:07:27.000,20260303-AP605-00042,,AP605,target_sell,sell,10129.0,1,18,ack,,FLAT_QUOTING
20260303,43685000,09:08:05.000,20260303-AP605-00041,,AP605,target_buy,buy,9645.0,1,18,cancel_requested,fair_invalid_or_session_guard,PAUSED
20260303,43685000,09:08:05.000,20260303-AP605-00042,,AP605,target_sell,sell,10129.0,1,18,cancel_requested,fair_invalid_or_session_guard,PAUSED
20260303,43686000,09:08:06.000,20260303-AP605-00041,,AP605,target_buy,buy,9645.0,1,18,cancel_ack,fair_invalid_or_session_guard,PAUSED
20260303,43686000,09:08:06.000,20260303-AP605-00042,,AP605,target_sell,sell,10129.0,1,18,cancel_ack,fair_invalid_or_session_guard,PAUSED
20260303,43687000,09:08:07.000,20260303-AP605-00043,,AP605,target_buy,buy,9642.0,1,19,submit,initial_quote,FLAT_QUOTING
20260303,43687000,09:08:07.000,20260303-AP605-00044,,AP605,target_sell,sell,10126.0,1,19,submit,initial_quote,FLAT_QUOTING
20260303,43688000,09:08:08.000,20260303-AP605-00043,,AP605,target_buy,buy,9642.0,1,19,ack,,FLAT_QUOTING
20260303,43688000,09:08:08.000,20260303-AP605-00044,,AP605,target_sell,sell,10126.0,1,19,ack,,FLAT_QUOTING
20260303,43699000,09:08:19.000,20260303-AP605-00043,,AP605,target_buy,buy,9642.0,1,19,cancel_requested,fair_invalid_or_session_guard,PAUSED
20260303,43699000,09:08:19.000,20260303-AP605-00044,,AP605,target_sell,sell,10126.0,1,19,cancel_requested,fair_invalid_or_session_guard,PAUSED
20260303,43700000,09:08:20.000,20260303-AP605-00043,,AP605,target_buy,buy,9642.0,1,19,cancel_ack,fair_invalid_or_session_guard,PAUSED
20260303,43700000,09:08:20.000,20260303-AP605-00044,,AP605,target_sell,sell,10126.0,1,19,cancel_ack,fair_invalid_or_session_guard,PAUSED
20260303,43704000,09:08:24.000,20260303-AP605-00045,,AP605,target_buy,buy,9644.0,1,20,submit,initial_quote,FLAT_QUOTING
20260303,43704000,09:08:24.000,20260303-AP605-00046,,AP605,target_sell,sell,10128.0,1,20,submit,initial_quote,FLAT_QUOTING
20260303,43705000,09:08:25.000,20260303-AP605-00045,,AP605,target_buy,buy,9644.0,1,20,ack,,FLAT_QUOTING
20260303,43705000,09:08:25.000,20260303-AP605-00046,,AP605,target_sell,sell,10128.0,1,20,ack,,FLAT_QUOTING
20260303,43709000,09:08:29.000,20260303-AP605-00045,,AP605,target_buy,buy,9644.0,1,20,cancel_requested,fair_invalid_or_session_guard,PAUSED
20260303,43709000,09:08:29.000,20260303-AP605-00046,,AP605,target_sell,sell,10128.0,1,20,cancel_requested,fair_invalid_or_session_guard,PAUSED
20260303,43710000,09:08:30.000,20260303-AP605-00045,,AP605,target_buy,buy,9644.0,1,20,cancel_ack,fair_invalid_or_session_guard,PAUSED
20260303,43710000,09:08:30.000,20260303-AP605-00046,,AP605,target_sell,sell,10128.0,1,20,cancel_ack,fair_invalid_or_session_guard,PAUSED
20260303,43715000,09:08:35.000,20260303-AP605-00047,,AP605,target_buy,buy,9645.0,1,21,submit,initial_quote,FLAT_QUOTING
20260303,43715000,09:08:35.000,20260303-AP605-00048,,AP605,target_sell,sell,10129.0,1,21,submit,initial_quote,FLAT_QUOTING
20260303,43716000,09:08:36.000,20260303-AP605-00047,,AP605,target_buy,buy,9645.0,1,21,ack,,FLAT_QUOTING
20260303,43716000,09:08:36.000,20260303-AP605-00048,,AP605,target_sell,sell,10129.0,1,21,ack,,FLAT_QUOTING
20260303,43721000,09:08:41.000,20260303-AP605-00047,,AP605,target_buy,buy,9645.0,1,21,cancel_requested,fair_invalid_or_session_guard,PAUSED
20260303,43721000,09:08:41.000,20260303-AP605-00048,,AP605,target_sell,sell,10129.0,1,21,cancel_requested,fair_invalid_or_session_guard,PAUSED
20260303,43722000,09:08:42.000,20260303-AP605-00047,,AP605,target_buy,buy,9645.0,1,21,cancel_ack,fair_invalid_or_session_guard,PAUSED
20260303,43722000,09:08:42.000,20260303-AP605-00048,,AP605,target_sell,sell,10129.0,1,21,cancel_ack,fair_invalid_or_session_guard,PAUSED
20260303,43726000,09:08:46.000,20260303-AP605-00049,,AP605,target_buy,buy,9646.0,1,22,submit,initial_quote,FLAT_QUOTING
20260303,43726000,09:08:46.000,20260303-AP605-00050,,AP605,target_sell,sell,10130.0,1,22,submit,initial_quote,FLAT_QUOTING
20260303,43727000,09:08:47.000,20260303-AP605-00049,,AP605,target_buy,buy,9646.0,1,22,ack,,FLAT_QUOTING
20260303,43727000,09:08:47.000,20260303-AP605-00050,,AP605,target_sell,sell,10130.0,1,22,ack,,FLAT_QUOTING
20260303,43731000,09:08:51.000,20260303-AP605-00049,,AP605,target_buy,buy,9646.0,1,22,cancel_requested,data_gap,PAUSED
20260303,43731000,09:08:51.000,20260303-AP605-00050,,AP605,target_sell,sell,10130.0,1,22,cancel_requested,data_gap,PAUSED
20260303,43732000,09:08:52.000,20260303-AP605-00049,,AP605,target_buy,buy,9646.0,1,22,cancel_ack,data_gap,PAUSED
20260303,43732000,09:08:52.000,20260303-AP605-00050,,AP605,target_sell,sell,10130.0,1,22,cancel_ack,data_gap,PAUSED
20260303,43733000,09:08:53.000,20260303-AP605-00051,,AP605,target_buy,buy,9645.0,1,23,submit,initial_quote,FLAT_QUOTING
20260303,43733000,09:08:53.000,20260303-AP605-00052,,AP605,target_sell,sell,10129.0,1,23,submit,initial_quote,FLAT_QUOTING
20260303,43734000,09:08:54.000,20260303-AP605-00051,,AP605,target_buy,buy,9645.0,1,23,ack,,FLAT_QUOTING
20260303,43734000,09:08:54.000,20260303-AP605-00052,,AP605,target_sell,sell,10129.0,1,23,ack,,FLAT_QUOTING
20260303,43736000,09:08:56.000,20260303-AP605-00051,,AP605,target_buy,buy,9645.0,1,23,cancel_requested,fair_invalid_or_session_guard,PAUSED
20260303,43736000,09:08:56.000,20260303-AP605-00052,,AP605,target_sell,sell,10129.0,1,23,cancel_requested,fair_invalid_or_session_guard,PAUSED
20260303,43737000,09:08:57.000,20260303-AP605-00051,,AP605,target_buy,buy,9645.0,1,23,cancel_ack,fair_invalid_or_session_guard,PAUSED
20260303,43737000,09:08:57.000,20260303-AP605-00052,,AP605,target_sell,sell,10129.0,1,23,cancel_ack,fair_invalid_or_session_guard,PAUSED
20260303,43750000,09:09:10.000,20260303-AP605-00053,,AP605,target_buy,buy,9649.0,1,24,submit,initial_quote,FLAT_QUOTING
20260303,43750000,09:09:10.000,20260303-AP605-00054,,AP605,target_sell,sell,10133.0,1,24,submit,initial_quote,FLAT_QUOTING
20260303,43751000,09:09:11.000,20260303-AP605-00053,,AP605,target_buy,buy,9649.0,1,24,ack,,FLAT_QUOTING
20260303,43751000,09:09:11.000,20260303-AP605-00054,,AP605,target_sell,sell,10133.0,1,24,ack,,FLAT_QUOTING
20260303,43752000,09:09:12.000,20260303-AP605-00053,,AP605,target_buy,buy,9649.0,1,24,cancel_requested,fair_invalid_or_session_guard,PAUSED
20260303,43752000,09:09:12.000,20260303-AP605-00054,,AP605,target_sell,sell,10133.0,1,24,cancel_requested,fair_invalid_or_session_guard,PAUSED
20260303,43753000,09:09:13.000,20260303-AP605-00053,,AP605,target_buy,buy,9649.0,1,24,cancel_ack,fair_invalid_or_session_guard,PAUSED
20260303,43753000,09:09:13.000,20260303-AP605-00054,,AP605,target_sell,sell,10133.0,1,24,cancel_ack,fair_invalid_or_session_guard,PAUSED
20260303,43769000,09:09:29.000,20260303-AP605-00055,,AP605,target_buy,buy,9650.0,1,25,submit,initial_quote,FLAT_QUOTING
20260303,43769000,09:09:29.000,20260303-AP605-00056,,AP605,target_sell,sell,10134.0,1,25,submit,initial_quote,FLAT_QUOTING
20260303,43770000,09:09:30.000,20260303-AP605-00055,,AP605,target_buy,buy,9650.0,1,25,ack,,FLAT_QUOTING
20260303,43770000,09:09:30.000,20260303-AP605-00056,,AP605,target_sell,sell,10134.0,1,25,ack,,FLAT_QUOTING
20260303,43771000,09:09:31.000,20260303-AP605-00056,,AP605,target_sell,sell,10134.0,1,25,fill,interval_vwap,FLAT_QUOTING
20260303,43771000,09:09:31.000,20260303-AP605-00055,,AP605,target_buy,buy,9650.0,1,25,cancel_requested,opposite_target_fill,FLAT_QUOTING
20260303,43772000,09:09:32.000,20260303-AP605-00055,,AP605,target_buy,buy,9650.0,1,25,cancel_ack,opposite_target_fill,SHORT_PENDING_HEDGE
20260303,43772000,09:09:32.000,20260303-AP605-00057,20260303-AP605-0003,AP604,hedge_entry,buy,,1,25,submit,,SHORT_PENDING_HEDGE
20260303,43772000,09:09:32.000,20260303-AP605-00057,20260303-AP605-0003,AP604,hedge_entry,buy,9628.0,1,25,fill,quote_key=43771000,SHORT_PENDING_HEDGE
20260303,43773000,09:09:33.000,20260303-AP605-00058,20260303-AP605-0003,AP605,target_exit,buy,,1,25,submit,,FLATTENING
20260303,43773000,09:09:33.000,20260303-AP605-00058,20260303-AP605-0003,AP605,target_exit,buy,9894.0,1,25,fill,,FLATTENING
20260303,43773000,09:09:33.000,20260303-AP605-00059,20260303-AP605-0003,AP604,hedge_exit,sell,,1,25,submit,,FLATTENING
20260303,43773000,09:09:33.000,20260303-AP605-00059,20260303-AP605-0003,AP604,hedge_exit,sell,9607.0,1,25,fill,quote_key=43771000,FLATTENING
20260303,43785000,09:09:45.000,20260303-AP605-00060,,AP605,target_buy,buy,9649.0,1,26,submit,initial_quote,FLAT_QUOTING
20260303,43785000,09:09:45.000,20260303-AP605-00061,,AP605,target_sell,sell,10133.0,1,26,submit,initial_quote,FLAT_QUOTING
20260303,43786000,09:09:46.000,20260303-AP605-00060,,AP605,target_buy,buy,9649.0,1,26,ack,,FLAT_QUOTING
20260303,43786000,09:09:46.000,20260303-AP605-00061,,AP605,target_sell,sell,10133.0,1,26,ack,,FLAT_QUOTING
20260303,43793000,09:09:53.000,20260303-AP605-00060,,AP605,target_buy,buy,9649.0,1,26,cancel_requested,fair_invalid_or_session_guard,PAUSED
20260303,43793000,09:09:53.000,20260303-AP605-00061,,AP605,target_sell,sell,10133.0,1,26,cancel_requested,fair_invalid_or_session_guard,PAUSED
20260303,43794000,09:09:54.000,20260303-AP605-00060,,AP605,target_buy,buy,9649.0,1,26,cancel_ack,fair_invalid_or_session_guard,PAUSED
20260303,43794000,09:09:54.000,20260303-AP605-00061,,AP605,target_sell,sell,10133.0,1,26,cancel_ack,fair_invalid_or_session_guard,PAUSED
20260303,43796000,09:09:56.000,20260303-AP605-00062,,AP605,target_buy,buy,9646.0,1,27,submit,initial_quote,FLAT_QUOTING
20260303,43796000,09:09:56.000,20260303-AP605-00063,,AP605,target_sell,sell,10130.0,1,27,submit,initial_quote,FLAT_QUOTING
20260303,43797000,09:09:57.000,20260303-AP605-00062,,AP605,target_buy,buy,9646.0,1,27,ack,,FLAT_QUOTING
20260303,43797000,09:09:57.000,20260303-AP605-00063,,AP605,target_sell,sell,10130.0,1,27,ack,,FLAT_QUOTING
20260303,43817000,09:10:17.000,20260303-AP605-00062,,AP605,target_buy,buy,9646.0,1,27,cancel_requested,fair_invalid_or_session_guard,PAUSED
20260303,43817000,09:10:17.000,20260303-AP605-00063,,AP605,target_sell,sell,10130.0,1,27,cancel_requested,fair_invalid_or_session_guard,PAUSED
20260303,43818000,09:10:18.000,20260303-AP605-00062,,AP605,target_buy,buy,9646.0,1,27,cancel_ack,fair_invalid_or_session_guard,PAUSED
20260303,43818000,09:10:18.000,20260303-AP605-00063,,AP605,target_sell,sell,10130.0,1,27,cancel_ack,fair_invalid_or_session_guard,PAUSED
20260303,43821000,09:10:21.000,20260303-AP605-00064,,AP605,target_buy,buy,9647.0,1,28,submit,initial_quote,FLAT_QUOTING
20260303,43821000,09:10:21.000,20260303-AP605-00065,,AP605,target_sell,sell,10131.0,1,28,submit,initial_quote,FLAT_QUOTING
20260303,43822000,09:10:22.000,20260303-AP605-00064,,AP605,target_buy,buy,9647.0,1,28,ack,,FLAT_QUOTING
20260303,43822000,09:10:22.000,20260303-AP605-00065,,AP605,target_sell,sell,10131.0,1,28,ack,,FLAT_QUOTING
20260303,43830000,09:10:30.000,20260303-AP605-00064,,AP605,target_buy,buy,9647.0,1,28,cancel_requested,fair_invalid_or_session_guard,PAUSED
20260303,43830000,09:10:30.000,20260303-AP605-00065,,AP605,target_sell,sell,10131.0,1,28,cancel_requested,fair_invalid_or_session_guard,PAUSED
20260303,43831000,09:10:31.000,20260303-AP605-00064,,AP605,target_buy,buy,9647.0,1,28,cancel_ack,fair_invalid_or_session_guard,PAUSED
20260303,43831000,09:10:31.000,20260303-AP605-00065,,AP605,target_sell,sell,10131.0,1,28,cancel_ack,fair_invalid_or_session_guard,PAUSED
20260303,43841000,09:10:41.000,20260303-AP605-00066,,AP605,target_buy,buy,9646.0,1,29,submit,initial_quote,FLAT_QUOTING
20260303,43841000,09:10:41.000,20260303-AP605-00067,,AP605,target_sell,sell,10130.0,1,29,submit,initial_quote,FLAT_QUOTING
20260303,43842000,09:10:42.000,20260303-AP605-00066,,AP605,target_buy,buy,9646.0,1,29,ack,,FLAT_QUOTING
20260303,43842000,09:10:42.000,20260303-AP605-00067,,AP605,target_sell,sell,10130.0,1,29,ack,,FLAT_QUOTING
20260303,43844000,09:10:44.000,20260303-AP605-00066,,AP605,target_buy,buy,9646.0,1,29,cancel_requested,fair_invalid_or_session_guard,PAUSED
20260303,43844000,09:10:44.000,20260303-AP605-00067,,AP605,target_sell,sell,10130.0,1,29,cancel_requested,fair_invalid_or_session_guard,PAUSED
20260303,43845000,09:10:45.000,20260303-AP605-00066,,AP605,target_buy,buy,9646.0,1,29,cancel_ack,fair_invalid_or_session_guard,PAUSED
20260303,43845000,09:10:45.000,20260303-AP605-00067,,AP605,target_sell,sell,10130.0,1,29,cancel_ack,fair_invalid_or_session_guard,PAUSED
20260303,43849000,09:10:49.000,20260303-AP605-00068,,AP605,target_buy,buy,9646.0,1,30,submit,initial_quote,FLAT_QUOTING
20260303,43849000,09:10:49.000,20260303-AP605-00069,,AP605,target_sell,sell,10130.0,1,30,submit,initial_quote,FLAT_QUOTING
20260303,43850000,09:10:50.000,20260303-AP605-00068,,AP605,target_buy,buy,9646.0,1,30,ack,,FLAT_QUOTING
20260303,43850000,09:10:50.000,20260303-AP605-00069,,AP605,target_sell,sell,10130.0,1,30,ack,,FLAT_QUOTING
20260303,43876000,09:11:16.000,20260303-AP605-00068,,AP605,target_buy,buy,9646.0,1,30,cancel_requested,fair_invalid_or_session_guard,PAUSED
20260303,43876000,09:11:16.000,20260303-AP605-00069,,AP605,target_sell,sell,10130.0,1,30,cancel_requested,fair_invalid_or_session_guard,PAUSED
20260303,43877000,09:11:17.000,20260303-AP605-00068,,AP605,target_buy,buy,9646.0,1,30,cancel_ack,fair_invalid_or_session_guard,PAUSED
20260303,43877000,09:11:17.000,20260303-AP605-00069,,AP605,target_sell,sell,10130.0,1,30,cancel_ack,fair_invalid_or_session_guard,PAUSED
20260303,43881000,09:11:21.000,20260303-AP605-00070,,AP605,target_buy,buy,9652.0,1,31,submit,initial_quote,FLAT_QUOTING
20260303,43881000,09:11:21.000,20260303-AP605-00071,,AP605,target_sell,sell,10136.0,1,31,submit,initial_quote,FLAT_QUOTING
20260303,43882000,09:11:22.000,20260303-AP605-00070,,AP605,target_buy,buy,9652.0,1,31,ack,,FLAT_QUOTING
20260303,43882000,09:11:22.000,20260303-AP605-00071,,AP605,target_sell,sell,10136.0,1,31,ack,,FLAT_QUOTING
20260303,43897000,09:11:37.000,20260303-AP605-00070,,AP605,target_buy,buy,9652.0,1,31,cancel_requested,fair_invalid_or_session_guard,PAUSED
20260303,43897000,09:11:37.000,20260303-AP605-00071,,AP605,target_sell,sell,10136.0,1,31,cancel_requested,fair_invalid_or_session_guard,PAUSED
20260303,43898000,09:11:38.000,20260303-AP605-00070,,AP605,target_buy,buy,9652.0,1,31,cancel_ack,fair_invalid_or_session_guard,PAUSED
20260303,43898000,09:11:38.000,20260303-AP605-00071,,AP605,target_sell,sell,10136.0,1,31,cancel_ack,fair_invalid_or_session_guard,PAUSED
20260303,43919000,09:11:59.000,20260303-AP605-00072,,AP605,target_buy,buy,9660.0,1,32,submit,initial_quote,FLAT_QUOTING
20260303,43919000,09:11:59.000,20260303-AP605-00073,,AP605,target_sell,sell,10144.0,1,32,submit,initial_quote,FLAT_QUOTING
20260303,43920000,09:12:00.000,20260303-AP605-00072,,AP605,target_buy,buy,9660.0,1,32,ack,,FLAT_QUOTING
20260303,43920000,09:12:00.000,20260303-AP605-00073,,AP605,target_sell,sell,10144.0,1,32,ack,,FLAT_QUOTING
20260303,43947000,09:12:27.000,20260303-AP605-00073,,AP605,target_sell,sell,10144.0,1,32,fill,interval_vwap,FLAT_QUOTING
20260303,43947000,09:12:27.000,20260303-AP605-00072,,AP605,target_buy,buy,9660.0,1,32,cancel_requested,opposite_target_fill,FLAT_QUOTING
20260303,43948000,09:12:28.000,20260303-AP605-00072,,AP605,target_buy,buy,9660.0,1,32,cancel_ack,opposite_target_fill,SHORT_PENDING_HEDGE
20260303,43948000,09:12:28.000,20260303-AP605-00074,20260303-AP605-0004,AP604,hedge_entry,buy,,1,32,submit,,SHORT_PENDING_HEDGE
20260303,43948000,09:12:28.000,20260303-AP605-00074,20260303-AP605-0004,AP604,hedge_entry,buy,9641.0,1,32,fill,quote_key=43947000,SHORT_PENDING_HEDGE
20260303,43949000,09:12:29.000,20260303-AP605-00075,20260303-AP605-0004,AP605,target_exit,buy,,1,32,submit,,FLATTENING
20260303,43949000,09:12:29.000,20260303-AP605-00075,20260303-AP605-0004,AP605,target_exit,buy,9915.0,1,32,fill,,FLATTENING
20260303,43949000,09:12:29.000,20260303-AP605-00076,20260303-AP605-0004,AP604,hedge_exit,sell,,1,32,submit,,FLATTENING
20260303,43949000,09:12:29.000,20260303-AP605-00076,20260303-AP605-0004,AP604,hedge_exit,sell,9615.0,1,32,fill,quote_key=43947000,FLATTENING
20260303,43951000,09:12:31.000,20260303-AP605-00077,,AP605,target_buy,buy,9660.0,1,33,submit,initial_quote,FLAT_QUOTING
20260303,43951000,09:12:31.000,20260303-AP605-00078,,AP605,target_sell,sell,10144.0,1,33,submit,initial_quote,FLAT_QUOTING
20260303,43952000,09:12:32.000,20260303-AP605-00077,,AP605,target_buy,buy,9660.0,1,33,ack,,FLAT_QUOTING
20260303,43952000,09:12:32.000,20260303-AP605-00078,,AP605,target_sell,sell,10144.0,1,33,ack,,FLAT_QUOTING
20260303,43983000,09:13:03.000,20260303-AP605-00078,,AP605,target_sell,sell,10144.0,1,33,fill,interval_vwap,FLAT_QUOTING
20260303,43983000,09:13:03.000,20260303-AP605-00077,,AP605,target_buy,buy,9660.0,1,33,cancel_requested,opposite_target_fill,FLAT_QUOTING
20260303,43984000,09:13:04.000,20260303-AP605-00077,,AP605,target_buy,buy,9660.0,1,33,cancel_ack,opposite_target_fill,SHORT_PENDING_HEDGE
20260303,43984000,09:13:04.000,20260303-AP605-00079,20260303-AP605-0005,AP604,hedge_entry,buy,,1,33,submit,,SHORT_PENDING_HEDGE
20260303,43984000,09:13:04.000,20260303-AP605-00079,20260303-AP605-0005,AP604,hedge_entry,buy,9641.0,1,33,fill,quote_key=43983000,SHORT_PENDING_HEDGE
20260303,43985000,09:13:05.000,20260303-AP605-00080,20260303-AP605-0005,AP605,target_exit,buy,,1,33,submit,,FLATTENING
20260303,43985000,09:13:05.000,20260303-AP605-00080,20260303-AP605-0005,AP605,target_exit,buy,9919.0,1,33,fill,,FLATTENING
20260303,43985000,09:13:05.000,20260303-AP605-00081,20260303-AP605-0005,AP604,hedge_exit,sell,,1,33,submit,,FLATTENING
20260303,43985000,09:13:05.000,20260303-AP605-00081,20260303-AP605-0005,AP604,hedge_exit,sell,9619.0,1,33,fill,quote_key=43985000,FLATTENING
20260303,43987000,09:13:07.000,20260303-AP605-00082,,AP605,target_buy,buy,9662.0,1,34,submit,initial_quote,FLAT_QUOTING
20260303,43987000,09:13:07.000,20260303-AP605-00083,,AP605,target_sell,sell,10146.0,1,34,submit,initial_quote,FLAT_QUOTING
20260303,43988000,09:13:08.000,20260303-AP605-00082,,AP605,target_buy,buy,9662.0,1,34,ack,,FLAT_QUOTING
20260303,43988000,09:13:08.000,20260303-AP605-00083,,AP605,target_sell,sell,10146.0,1,34,ack,,FLAT_QUOTING
20260303,43997000,09:13:17.000,20260303-AP605-00083,,AP605,target_sell,sell,10146.0,1,34,fill,interval_vwap,FLAT_QUOTING
20260303,43997000,09:13:17.000,20260303-AP605-00082,,AP605,target_buy,buy,9662.0,1,34,cancel_requested,opposite_target_fill,FLAT_QUOTING
20260303,43998000,09:13:18.000,20260303-AP605-00082,,AP605,target_buy,buy,9662.0,1,34,cancel_ack,opposite_target_fill,SHORT_PENDING_HEDGE
20260303,43998000,09:13:18.000,20260303-AP605-00084,20260303-AP605-0006,AP604,hedge_entry,buy,,1,34,submit,,SHORT_PENDING_HEDGE
20260303,43998000,09:13:18.000,20260303-AP605-00084,20260303-AP605-0006,AP604,hedge_entry,buy,9641.0,1,34,fill,quote_key=43998000,SHORT_PENDING_HEDGE
20260303,43999000,09:13:19.000,20260303-AP605-00085,20260303-AP605-0006,AP605,target_exit,buy,,1,34,submit,,FLATTENING
20260303,43999000,09:13:19.000,20260303-AP605-00085,20260303-AP605-0006,AP605,target_exit,buy,9918.0,1,34,fill,,FLATTENING
20260303,43999000,09:13:19.000,20260303-AP605-00086,20260303-AP605-0006,AP604,hedge_exit,sell,,1,34,submit,,FLATTENING
20260303,43999000,09:13:19.000,20260303-AP605-00086,20260303-AP605-0006,AP604,hedge_exit,sell,9618.0,1,34,fill,quote_key=43998000,FLATTENING
20260303,44001000,09:13:21.000,20260303-AP605-00087,,AP605,target_buy,buy,9662.0,1,35,submit,initial_quote,FLAT_QUOTING
20260303,44001000,09:13:21.000,20260303-AP605-00088,,AP605,target_sell,sell,10146.0,1,35,submit,initial_quote,FLAT_QUOTING
20260303,44002000,09:13:22.000,20260303-AP605-00087,,AP605,target_buy,buy,9662.0,1,35,ack,,FLAT_QUOTING
20260303,44002000,09:13:22.000,20260303-AP605-00088,,AP605,target_sell,sell,10146.0,1,35,ack,,FLAT_QUOTING
20260303,44043000,09:14:03.000,20260303-AP605-00087,,AP605,target_buy,buy,9662.0,1,35,cancel_requested,fair_invalid_or_session_guard,PAUSED
20260303,44043000,09:14:03.000,20260303-AP605-00088,,AP605,target_sell,sell,10146.0,1,35,cancel_requested,fair_invalid_or_session_guard,PAUSED
20260303,44044000,09:14:04.000,20260303-AP605-00087,,AP605,target_buy,buy,9662.0,1,35,cancel_ack,fair_invalid_or_session_guard,PAUSED
20260303,44044000,09:14:04.000,20260303-AP605-00088,,AP605,target_sell,sell,10146.0,1,35,cancel_ack,fair_invalid_or_session_guard,PAUSED
20260303,44048000,09:14:08.000,20260303-AP605-00089,,AP605,target_buy,buy,9664.0,1,36,submit,initial_quote,FLAT_QUOTING
20260303,44048000,09:14:08.000,20260303-AP605-00090,,AP605,target_sell,sell,10148.0,1,36,submit,initial_quote,FLAT_QUOTING
20260303,44049000,09:14:09.000,20260303-AP605-00089,,AP605,target_buy,buy,9664.0,1,36,ack,,FLAT_QUOTING
20260303,44049000,09:14:09.000,20260303-AP605-00090,,AP605,target_sell,sell,10148.0,1,36,ack,,FLAT_QUOTING
20260303,44055000,09:14:15.000,20260303-AP605-00089,,AP605,target_buy,buy,9664.0,1,36,cancel_requested,fair_invalid_or_session_guard,PAUSED
20260303,44055000,09:14:15.000,20260303-AP605-00090,,AP605,target_sell,sell,10148.0,1,36,cancel_requested,fair_invalid_or_session_guard,PAUSED
20260303,44056000,09:14:16.000,20260303-AP605-00089,,AP605,target_buy,buy,9664.0,1,36,cancel_ack,fair_invalid_or_session_guard,PAUSED
20260303,44056000,09:14:16.000,20260303-AP605-00090,,AP605,target_sell,sell,10148.0,1,36,cancel_ack,fair_invalid_or_session_guard,PAUSED
20260303,44057000,09:14:17.000,20260303-AP605-00091,,AP605,target_buy,buy,9664.0,1,37,submit,initial_quote,FLAT_QUOTING
20260303,44057000,09:14:17.000,20260303-AP605-00092,,AP605,target_sell,sell,10148.0,1,37,submit,initial_quote,FLAT_QUOTING
20260303,44058000,09:14:18.000,20260303-AP605-00091,,AP605,target_buy,buy,9664.0,1,37,ack,,FLAT_QUOTING
20260303,44058000,09:14:18.000,20260303-AP605-00092,,AP605,target_sell,sell,10148.0,1,37,ack,,FLAT_QUOTING
20260303,44075000,09:14:35.000,20260303-AP605-00091,,AP605,target_buy,buy,9664.0,1,37,cancel_requested,fair_invalid_or_session_guard,PAUSED
20260303,44075000,09:14:35.000,20260303-AP605-00092,,AP605,target_sell,sell,10148.0,1,37,cancel_requested,fair_invalid_or_session_guard,PAUSED
20260303,44076000,09:14:36.000,20260303-AP605-00091,,AP605,target_buy,buy,9664.0,1,37,cancel_ack,fair_invalid_or_session_guard,PAUSED
20260303,44076000,09:14:36.000,20260303-AP605-00092,,AP605,target_sell,sell,10148.0,1,37,cancel_ack,fair_invalid_or_session_guard,PAUSED
20260303,44083000,09:14:43.000,20260303-AP605-00093,,AP605,target_buy,buy,9664.0,1,38,submit,initial_quote,FLAT_QUOTING
20260303,44083000,09:14:43.000,20260303-AP605-00094,,AP605,target_sell,sell,10148.0,1,38,submit,initial_quote,FLAT_QUOTING
20260303,44084000,09:14:44.000,20260303-AP605-00093,,AP605,target_buy,buy,9664.0,1,38,ack,,FLAT_QUOTING
20260303,44084000,09:14:44.000,20260303-AP605-00094,,AP605,target_sell,sell,10148.0,1,38,ack,,FLAT_QUOTING
20260303,44087000,09:14:47.000,20260303-AP605-00093,,AP605,target_buy,buy,9664.0,1,38,cancel_requested,fair_invalid_or_session_guard,PAUSED
20260303,44087000,09:14:47.000,20260303-AP605-00094,,AP605,target_sell,sell,10148.0,1,38,cancel_requested,fair_invalid_or_session_guard,PAUSED
20260303,44088000,09:14:48.000,20260303-AP605-00093,,AP605,target_buy,buy,9664.0,1,38,cancel_ack,fair_invalid_or_session_guard,PAUSED
20260303,44088000,09:14:48.000,20260303-AP605-00094,,AP605,target_sell,sell,10148.0,1,38,cancel_ack,fair_invalid_or_session_guard,PAUSED
20260303,44089000,09:14:49.000,20260303-AP605-00095,,AP605,target_buy,buy,9665.0,1,39,submit,initial_quote,FLAT_QUOTING
20260303,44089000,09:14:49.000,20260303-AP605-00096,,AP605,target_sell,sell,10149.0,1,39,submit,initial_quote,FLAT_QUOTING
20260303,44090000,09:14:50.000,20260303-AP605-00095,,AP605,target_buy,buy,9665.0,1,39,ack,,FLAT_QUOTING
20260303,44090000,09:14:50.000,20260303-AP605-00096,,AP605,target_sell,sell,10149.0,1,39,ack,,FLAT_QUOTING
20260303,44111000,09:15:11.000,20260303-AP605-00095,,AP605,target_buy,buy,9665.0,1,39,cancel_requested,fair_invalid_or_session_guard,PAUSED
20260303,44111000,09:15:11.000,20260303-AP605-00096,,AP605,target_sell,sell,10149.0,1,39,cancel_requested,fair_invalid_or_session_guard,PAUSED
20260303,44112000,09:15:12.000,20260303-AP605-00095,,AP605,target_buy,buy,9665.0,1,39,cancel_ack,fair_invalid_or_session_guard,PAUSED
20260303,44112000,09:15:12.000,20260303-AP605-00096,,AP605,target_sell,sell,10149.0,1,39,cancel_ack,fair_invalid_or_session_guard,PAUSED
20260303,44123000,09:15:23.000,20260303-AP605-00097,,AP605,target_buy,buy,9667.0,1,40,submit,initial_quote,FLAT_QUOTING
20260303,44123000,09:15:23.000,20260303-AP605-00098,,AP605,target_sell,sell,10151.0,1,40,submit,initial_quote,FLAT_QUOTING
20260303,44124000,09:15:24.000,20260303-AP605-00097,,AP605,target_buy,buy,9667.0,1,40,ack,,FLAT_QUOTING
20260303,44124000,09:15:24.000,20260303-AP605-00098,,AP605,target_sell,sell,10151.0,1,40,ack,,FLAT_QUOTING
20260303,44128000,09:15:28.000,20260303-AP605-00097,,AP605,target_buy,buy,9667.0,1,40,cancel_requested,fair_invalid_or_session_guard,PAUSED
20260303,44128000,09:15:28.000,20260303-AP605-00098,,AP605,target_sell,sell,10151.0,1,40,cancel_requested,fair_invalid_or_session_guard,PAUSED
20260303,44129000,09:15:29.000,20260303-AP605-00097,,AP605,target_buy,buy,9667.0,1,40,cancel_ack,fair_invalid_or_session_guard,PAUSED
20260303,44129000,09:15:29.000,20260303-AP605-00098,,AP605,target_sell,sell,10151.0,1,40,cancel_ack,fair_invalid_or_session_guard,PAUSED
20260303,44132000,09:15:32.000,20260303-AP605-00099,,AP605,target_buy,buy,9665.0,1,41,submit,initial_quote,FLAT_QUOTING
20260303,44132000,09:15:32.000,20260303-AP605-00100,,AP605,target_sell,sell,10149.0,1,41,submit,initial_quote,FLAT_QUOTING
20260303,44133000,09:15:33.000,20260303-AP605-00099,,AP605,target_buy,buy,9665.0,1,41,ack,,FLAT_QUOTING
20260303,44133000,09:15:33.000,20260303-AP605-00100,,AP605,target_sell,sell,10149.0,1,41,ack,,FLAT_QUOTING
20260303,44137000,09:15:37.000,20260303-AP605-00099,,AP605,target_buy,buy,9665.0,1,41,cancel_requested,fair_invalid_or_session_guard,PAUSED
20260303,44137000,09:15:37.000,20260303-AP605-00100,,AP605,target_sell,sell,10149.0,1,41,cancel_requested,fair_invalid_or_session_guard,PAUSED
20260303,44138000,09:15:38.000,20260303-AP605-00099,,AP605,target_buy,buy,9665.0,1,41,cancel_ack,fair_invalid_or_session_guard,PAUSED
20260303,44138000,09:15:38.000,20260303-AP605-00100,,AP605,target_sell,sell,10149.0,1,41,cancel_ack,fair_invalid_or_session_guard,PAUSED
20260303,44139000,09:15:39.000,20260303-AP605-00101,,AP605,target_buy,buy,9665.0,1,42,submit,initial_quote,FLAT_QUOTING
20260303,44139000,09:15:39.000,20260303-AP605-00102,,AP605,target_sell,sell,10149.0,1,42,submit,initial_quote,FLAT_QUOTING
20260303,44140000,09:15:40.000,20260303-AP605-00101,,AP605,target_buy,buy,9665.0,1,42,ack,,FLAT_QUOTING
20260303,44140000,09:15:40.000,20260303-AP605-00102,,AP605,target_sell,sell,10149.0,1,42,ack,,FLAT_QUOTING
20260303,44162000,09:16:02.000,20260303-AP605-00101,,AP605,target_buy,buy,9665.0,1,42,cancel_requested,fair_invalid_or_session_guard,PAUSED
20260303,44162000,09:16:02.000,20260303-AP605-00102,,AP605,target_sell,sell,10149.0,1,42,cancel_requested,fair_invalid_or_session_guard,PAUSED
20260303,44163000,09:16:03.000,20260303-AP605-00101,,AP605,target_buy,buy,9665.0,1,42,cancel_ack,fair_invalid_or_session_guard,PAUSED
20260303,44163000,09:16:03.000,20260303-AP605-00102,,AP605,target_sell,sell,10149.0,1,42,cancel_ack,fair_invalid_or_session_guard,PAUSED
20260303,44164000,09:16:04.000,20260303-AP605-00103,,AP605,target_buy,buy,9664.0,1,43,submit,initial_quote,FLAT_QUOTING
20260303,44164000,09:16:04.000,20260303-AP605-00104,,AP605,target_sell,sell,10148.0,1,43,submit,initial_quote,FLAT_QUOTING
20260303,44165000,09:16:05.000,20260303-AP605-00103,,AP605,target_buy,buy,9664.0,1,43,ack,,FLAT_QUOTING
20260303,44165000,09:16:05.000,20260303-AP605-00104,,AP605,target_sell,sell,10148.0,1,43,ack,,FLAT_QUOTING
20260303,44170000,09:16:10.000,20260303-AP605-00103,,AP605,target_buy,buy,9664.0,1,43,cancel_requested,fair_invalid_or_session_guard,PAUSED
20260303,44170000,09:16:10.000,20260303-AP605-00104,,AP605,target_sell,sell,10148.0,1,43,cancel_requested,fair_invalid_or_session_guard,PAUSED
20260303,44171000,09:16:11.000,20260303-AP605-00103,,AP605,target_buy,buy,9664.0,1,43,cancel_ack,fair_invalid_or_session_guard,PAUSED
20260303,44171000,09:16:11.000,20260303-AP605-00104,,AP605,target_sell,sell,10148.0,1,43,cancel_ack,fair_invalid_or_session_guard,PAUSED
20260303,44172000,09:16:12.000,20260303-AP605-00105,,AP605,target_buy,buy,9662.0,1,44,submit,initial_quote,FLAT_QUOTING
20260303,44172000,09:16:12.000,20260303-AP605-00106,,AP605,target_sell,sell,10146.0,1,44,submit,initial_quote,FLAT_QUOTING
20260303,44173000,09:16:13.000,20260303-AP605-00105,,AP605,target_buy,buy,9662.0,1,44,ack,,FLAT_QUOTING
20260303,44173000,09:16:13.000,20260303-AP605-00106,,AP605,target_sell,sell,10146.0,1,44,ack,,FLAT_QUOTING
20260303,44191000,09:16:31.000,20260303-AP605-00105,,AP605,target_buy,buy,9662.0,1,44,cancel_requested,fair_invalid_or_session_guard,PAUSED
20260303,44191000,09:16:31.000,20260303-AP605-00106,,AP605,target_sell,sell,10146.0,1,44,cancel_requested,fair_invalid_or_session_guard,PAUSED
20260303,44192000,09:16:32.000,20260303-AP605-00105,,AP605,target_buy,buy,9662.0,1,44,cancel_ack,fair_invalid_or_session_guard,PAUSED
20260303,44192000,09:16:32.000,20260303-AP605-00106,,AP605,target_sell,sell,10146.0,1,44,cancel_ack,fair_invalid_or_session_guard,PAUSED
20260303,44199000,09:16:39.000,20260303-AP605-00107,,AP605,target_buy,buy,9663.0,1,45,submit,initial_quote,FLAT_QUOTING
20260303,44199000,09:16:39.000,20260303-AP605-00108,,AP605,target_sell,sell,10147.0,1,45,submit,initial_quote,FLAT_QUOTING
20260303,44200000,09:16:40.000,20260303-AP605-00107,,AP605,target_buy,buy,9663.0,1,45,ack,,FLAT_QUOTING
20260303,44200000,09:16:40.000,20260303-AP605-00108,,AP605,target_sell,sell,10147.0,1,45,ack,,FLAT_QUOTING
20260303,44203000,09:16:43.000,20260303-AP605-00107,,AP605,target_buy,buy,9663.0,1,45,cancel_requested,fair_invalid_or_session_guard,PAUSED
20260303,44203000,09:16:43.000,20260303-AP605-00108,,AP605,target_sell,sell,10147.0,1,45,cancel_requested,fair_invalid_or_session_guard,PAUSED
20260303,44204000,09:16:44.000,20260303-AP605-00107,,AP605,target_buy,buy,9663.0,1,45,cancel_ack,fair_invalid_or_session_guard,PAUSED
20260303,44204000,09:16:44.000,20260303-AP605-00108,,AP605,target_sell,sell,10147.0,1,45,cancel_ack,fair_invalid_or_session_guard,PAUSED
20260303,44205000,09:16:45.000,20260303-AP605-00109,,AP605,target_buy,buy,9663.0,1,46,submit,initial_quote,FLAT_QUOTING
20260303,44205000,09:16:45.000,20260303-AP605-00110,,AP605,target_sell,sell,10147.0,1,46,submit,initial_quote,FLAT_QUOTING
20260303,44206000,09:16:46.000,20260303-AP605-00109,,AP605,target_buy,buy,9663.0,1,46,ack,,FLAT_QUOTING
20260303,44206000,09:16:46.000,20260303-AP605-00110,,AP605,target_sell,sell,10147.0,1,46,ack,,FLAT_QUOTING
20260303,44216000,09:16:56.000,20260303-AP605-00109,,AP605,target_buy,buy,9663.0,1,46,cancel_requested,fair_invalid_or_session_guard,PAUSED
20260303,44216000,09:16:56.000,20260303-AP605-00110,,AP605,target_sell,sell,10147.0,1,46,cancel_requested,fair_invalid_or_session_guard,PAUSED
20260303,44217000,09:16:57.000,20260303-AP605-00109,,AP605,target_buy,buy,9663.0,1,46,cancel_ack,fair_invalid_or_session_guard,PAUSED
20260303,44217000,09:16:57.000,20260303-AP605-00110,,AP605,target_sell,sell,10147.0,1,46,cancel_ack,fair_invalid_or_session_guard,PAUSED
20260303,44221000,09:17:01.000,20260303-AP605-00111,,AP605,target_buy,buy,9664.0,1,47,submit,initial_quote,FLAT_QUOTING
20260303,44221000,09:17:01.000,20260303-AP605-00112,,AP605,target_sell,sell,10148.0,1,47,submit,initial_quote,FLAT_QUOTING
20260303,44222000,09:17:02.000,20260303-AP605-00111,,AP605,target_buy,buy,9664.0,1,47,ack,,FLAT_QUOTING
20260303,44222000,09:17:02.000,20260303-AP605-00112,,AP605,target_sell,sell,10148.0,1,47,ack,,FLAT_QUOTING
20260303,44230000,09:17:10.000,20260303-AP605-00111,,AP605,target_buy,buy,9664.0,1,47,cancel_requested,fair_invalid_or_session_guard,PAUSED
20260303,44230000,09:17:10.000,20260303-AP605-00112,,AP605,target_sell,sell,10148.0,1,47,cancel_requested,fair_invalid_or_session_guard,PAUSED
20260303,44231000,09:17:11.000,20260303-AP605-00111,,AP605,target_buy,buy,9664.0,1,47,cancel_ack,fair_invalid_or_session_guard,PAUSED
20260303,44231000,09:17:11.000,20260303-AP605-00112,,AP605,target_sell,sell,10148.0,1,47,cancel_ack,fair_invalid_or_session_guard,PAUSED
20260303,44236000,09:17:16.000,20260303-AP605-00113,,AP605,target_buy,buy,9666.0,1,48,submit,initial_quote,FLAT_QUOTING
20260303,44236000,09:17:16.000,20260303-AP605-00114,,AP605,target_sell,sell,10150.0,1,48,submit,initial_quote,FLAT_QUOTING
20260303,44237000,09:17:17.000,20260303-AP605-00113,,AP605,target_buy,buy,9666.0,1,48,ack,,FLAT_QUOTING
20260303,44237000,09:17:17.000,20260303-AP605-00114,,AP605,target_sell,sell,10150.0,1,48,ack,,FLAT_QUOTING
20260303,44240000,09:17:20.000,20260303-AP605-00113,,AP605,target_buy,buy,9666.0,1,48,cancel_requested,fair_invalid_or_session_guard,PAUSED
20260303,44240000,09:17:20.000,20260303-AP605-00114,,AP605,target_sell,sell,10150.0,1,48,cancel_requested,fair_invalid_or_session_guard,PAUSED
20260303,44241000,09:17:21.000,20260303-AP605-00113,,AP605,target_buy,buy,9666.0,1,48,cancel_ack,fair_invalid_or_session_guard,PAUSED
20260303,44241000,09:17:21.000,20260303-AP605-00114,,AP605,target_sell,sell,10150.0,1,48,cancel_ack,fair_invalid_or_session_guard,PAUSED
20260303,44248000,09:17:28.000,20260303-AP605-00115,,AP605,target_buy,buy,9668.0,1,49,submit,initial_quote,FLAT_QUOTING
20260303,44248000,09:17:28.000,20260303-AP605-00116,,AP605,target_sell,sell,10152.0,1,49,submit,initial_quote,FLAT_QUOTING
20260303,44249000,09:17:29.000,20260303-AP605-00115,,AP605,target_buy,buy,9668.0,1,49,ack,,FLAT_QUOTING
20260303,44249000,09:17:29.000,20260303-AP605-00116,,AP605,target_sell,sell,10152.0,1,49,ack,,FLAT_QUOTING
20260303,44263000,09:17:43.000,20260303-AP605-00115,,AP605,target_buy,buy,9668.0,1,49,cancel_requested,fair_invalid_or_session_guard,PAUSED
20260303,44263000,09:17:43.000,20260303-AP605-00116,,AP605,target_sell,sell,10152.0,1,49,cancel_requested,fair_invalid_or_session_guard,PAUSED
20260303,44264000,09:17:44.000,20260303-AP605-00115,,AP605,target_buy,buy,9668.0,1,49,cancel_ack,fair_invalid_or_session_guard,PAUSED
20260303,44264000,09:17:44.000,20260303-AP605-00116,,AP605,target_sell,sell,10152.0,1,49,cancel_ack,fair_invalid_or_session_guard,PAUSED
20260303,44270000,09:17:50.000,20260303-AP605-00117,,AP605,target_buy,buy,9668.0,1,50,submit,initial_quote,FLAT_QUOTING
20260303,44270000,09:17:50.000,20260303-AP605-00118,,AP605,target_sell,sell,10152.0,1,50,submit,initial_quote,FLAT_QUOTING
20260303,44271000,09:17:51.000,20260303-AP605-00117,,AP605,target_buy,buy,9668.0,1,50,ack,,FLAT_QUOTING
20260303,44271000,09:17:51.000,20260303-AP605-00118,,AP605,target_sell,sell,10152.0,1,50,ack,,FLAT_QUOTING
20260303,44277000,09:17:57.000,20260303-AP605-00117,,AP605,target_buy,buy,9668.0,1,50,cancel_requested,fair_invalid_or_session_guard,PAUSED
20260303,44277000,09:17:57.000,20260303-AP605-00118,,AP605,target_sell,sell,10152.0,1,50,cancel_requested,fair_invalid_or_session_guard,PAUSED
20260303,44278000,09:17:58.000,20260303-AP605-00117,,AP605,target_buy,buy,9668.0,1,50,cancel_ack,fair_invalid_or_session_guard,PAUSED
20260303,44278000,09:17:58.000,20260303-AP605-00118,,AP605,target_sell,sell,10152.0,1,50,cancel_ack,fair_invalid_or_session_guard,PAUSED
20260303,44311000,09:18:31.000,20260303-AP605-00119,,AP605,target_buy,buy,9663.0,1,51,submit,initial_quote,FLAT_QUOTING
20260303,44311000,09:18:31.000,20260303-AP605-00120,,AP605,target_sell,sell,10147.0,1,51,submit,initial_quote,FLAT_QUOTING
20260303,44312000,09:18:32.000,20260303-AP605-00119,,AP605,target_buy,buy,9663.0,1,51,ack,,FLAT_QUOTING
20260303,44312000,09:18:32.000,20260303-AP605-00120,,AP605,target_sell,sell,10147.0,1,51,ack,,FLAT_QUOTING
20260303,44317000,09:18:37.000,20260303-AP605-00119,,AP605,target_buy,buy,9663.0,1,51,cancel_requested,fair_invalid_or_session_guard,PAUSED
20260303,44317000,09:18:37.000,20260303-AP605-00120,,AP605,target_sell,sell,10147.0,1,51,cancel_requested,fair_invalid_or_session_guard,PAUSED
20260303,44318000,09:18:38.000,20260303-AP605-00119,,AP605,target_buy,buy,9663.0,1,51,cancel_ack,fair_invalid_or_session_guard,PAUSED
20260303,44318000,09:18:38.000,20260303-AP605-00120,,AP605,target_sell,sell,10147.0,1,51,cancel_ack,fair_invalid_or_session_guard,PAUSED
20260303,44327000,09:18:47.000,20260303-AP605-00121,,AP605,target_buy,buy,9662.0,1,52,submit,initial_quote,FLAT_QUOTING
20260303,44327000,09:18:47.000,20260303-AP605-00122,,AP605,target_sell,sell,10146.0,1,52,submit,initial_quote,FLAT_QUOTING
20260303,44328000,09:18:48.000,20260303-AP605-00121,,AP605,target_buy,buy,9662.0,1,52,ack,,FLAT_QUOTING
20260303,44328000,09:18:48.000,20260303-AP605-00122,,AP605,target_sell,sell,10146.0,1,52,ack,,FLAT_QUOTING
20260303,44330000,09:18:50.000,20260303-AP605-00121,,AP605,target_buy,buy,9662.0,1,52,cancel_requested,fair_invalid_or_session_guard,PAUSED
20260303,44330000,09:18:50.000,20260303-AP605-00122,,AP605,target_sell,sell,10146.0,1,52,cancel_requested,fair_invalid_or_session_guard,PAUSED
20260303,44331000,09:18:51.000,20260303-AP605-00121,,AP605,target_buy,buy,9662.0,1,52,cancel_ack,fair_invalid_or_session_guard,PAUSED
20260303,44331000,09:18:51.000,20260303-AP605-00122,,AP605,target_sell,sell,10146.0,1,52,cancel_ack,fair_invalid_or_session_guard,PAUSED
20260303,44332000,09:18:52.000,20260303-AP605-00123,,AP605,target_buy,buy,9664.0,1,53,submit,initial_quote,FLAT_QUOTING
20260303,44332000,09:18:52.000,20260303-AP605-00124,,AP605,target_sell,sell,10148.0,1,53,submit,initial_quote,FLAT_QUOTING
20260303,44333000,09:18:53.000,20260303-AP605-00123,,AP605,target_buy,buy,9664.0,1,53,ack,,FLAT_QUOTING
20260303,44333000,09:18:53.000,20260303-AP605-00124,,AP605,target_sell,sell,10148.0,1,53,ack,,FLAT_QUOTING
20260303,44337000,09:18:57.000,20260303-AP605-00123,,AP605,target_buy,buy,9664.0,1,53,cancel_requested,fair_invalid_or_session_guard,PAUSED
20260303,44337000,09:18:57.000,20260303-AP605-00124,,AP605,target_sell,sell,10148.0,1,53,cancel_requested,fair_invalid_or_session_guard,PAUSED
20260303,44338000,09:18:58.000,20260303-AP605-00123,,AP605,target_buy,buy,9664.0,1,53,cancel_ack,fair_invalid_or_session_guard,PAUSED
20260303,44338000,09:18:58.000,20260303-AP605-00124,,AP605,target_sell,sell,10148.0,1,53,cancel_ack,fair_invalid_or_session_guard,PAUSED
20260303,44342000,09:19:02.000,20260303-AP605-00125,,AP605,target_buy,buy,9664.0,1,54,submit,initial_quote,FLAT_QUOTING
20260303,44342000,09:19:02.000,20260303-AP605-00126,,AP605,target_sell,sell,10148.0,1,54,submit,initial_quote,FLAT_QUOTING
20260303,44344000,09:19:04.000,20260303-AP605-00125,,AP605,target_buy,buy,9664.0,1,54,ack,,FLAT_QUOTING
20260303,44344000,09:19:04.000,20260303-AP605-00126,,AP605,target_sell,sell,10148.0,1,54,ack,,FLAT_QUOTING
20260303,44349000,09:19:09.000,20260303-AP605-00125,,AP605,target_buy,buy,9664.0,1,54,cancel_requested,fair_invalid_or_session_guard,PAUSED
20260303,44349000,09:19:09.000,20260303-AP605-00126,,AP605,target_sell,sell,10148.0,1,54,cancel_requested,fair_invalid_or_session_guard,PAUSED
20260303,44351000,09:19:11.000,20260303-AP605-00125,,AP605,target_buy,buy,9664.0,1,54,cancel_ack,fair_invalid_or_session_guard,PAUSED
20260303,44351000,09:19:11.000,20260303-AP605-00126,,AP605,target_sell,sell,10148.0,1,54,cancel_ack,fair_invalid_or_session_guard,PAUSED
20260303,44354000,09:19:14.000,20260303-AP605-00127,,AP605,target_buy,buy,9664.0,1,55,submit,initial_quote,FLAT_QUOTING
20260303,44354000,09:19:14.000,20260303-AP605-00128,,AP605,target_sell,sell,10148.0,1,55,submit,initial_quote,FLAT_QUOTING
20260303,44355000,09:19:15.000,20260303-AP605-00127,,AP605,target_buy,buy,9664.0,1,55,ack,,FLAT_QUOTING
20260303,44355000,09:19:15.000,20260303-AP605-00128,,AP605,target_sell,sell,10148.0,1,55,ack,,FLAT_QUOTING
20260303,44377000,09:19:37.000,20260303-AP605-00127,,AP605,target_buy,buy,9664.0,1,55,cancel_requested,fair_invalid_or_session_guard,PAUSED
20260303,44377000,09:19:37.000,20260303-AP605-00128,,AP605,target_sell,sell,10148.0,1,55,cancel_requested,fair_invalid_or_session_guard,PAUSED
20260303,44378000,09:19:38.000,20260303-AP605-00127,,AP605,target_buy,buy,9664.0,1,55,cancel_ack,fair_invalid_or_session_guard,PAUSED
20260303,44378000,09:19:38.000,20260303-AP605-00128,,AP605,target_sell,sell,10148.0,1,55,cancel_ack,fair_invalid_or_session_guard,PAUSED
20260303,44392000,09:19:52.000,20260303-AP605-00129,,AP605,target_buy,buy,9663.0,1,56,submit,initial_quote,FLAT_QUOTING
20260303,44392000,09:19:52.000,20260303-AP605-00130,,AP605,target_sell,sell,10147.0,1,56,submit,initial_quote,FLAT_QUOTING
20260303,44393000,09:19:53.000,20260303-AP605-00129,,AP605,target_buy,buy,9663.0,1,56,ack,,FLAT_QUOTING
20260303,44393000,09:19:53.000,20260303-AP605-00130,,AP605,target_sell,sell,10147.0,1,56,ack,,FLAT_QUOTING
20260303,44398000,09:19:58.000,20260303-AP605-00129,,AP605,target_buy,buy,9663.0,1,56,cancel_requested,fair_invalid_or_session_guard,PAUSED
20260303,44398000,09:19:58.000,20260303-AP605-00130,,AP605,target_sell,sell,10147.0,1,56,cancel_requested,fair_invalid_or_session_guard,PAUSED
20260303,44399000,09:19:59.000,20260303-AP605-00129,,AP605,target_buy,buy,9663.0,1,56,cancel_ack,fair_invalid_or_session_guard,PAUSED
20260303,44399000,09:19:59.000,20260303-AP605-00130,,AP605,target_sell,sell,10147.0,1,56,cancel_ack,fair_invalid_or_session_guard,PAUSED
20260303,44401000,09:20:01.000,20260303-AP605-00131,,AP605,target_buy,buy,9662.0,1,57,submit,initial_quote,FLAT_QUOTING
20260303,44401000,09:20:01.000,20260303-AP605-00132,,AP605,target_sell,sell,10146.0,1,57,submit,initial_quote,FLAT_QUOTING
20260303,44402000,09:20:02.000,20260303-AP605-00131,,AP605,target_buy,buy,9662.0,1,57,ack,,FLAT_QUOTING
20260303,44402000,09:20:02.000,20260303-AP605-00132,,AP605,target_sell,sell,10146.0,1,57,ack,,FLAT_QUOTING
20260303,44406000,09:20:06.000,20260303-AP605-00131,,AP605,target_buy,buy,9662.0,1,57,cancel_requested,fair_invalid_or_session_guard,PAUSED
20260303,44406000,09:20:06.000,20260303-AP605-00132,,AP605,target_sell,sell,10146.0,1,57,cancel_requested,fair_invalid_or_session_guard,PAUSED
20260303,44407000,09:20:07.000,20260303-AP605-00131,,AP605,target_buy,buy,9662.0,1,57,cancel_ack,fair_invalid_or_session_guard,PAUSED
20260303,44407000,09:20:07.000,20260303-AP605-00132,,AP605,target_sell,sell,10146.0,1,57,cancel_ack,fair_invalid_or_session_guard,PAUSED
20260303,44434000,09:20:34.000,20260303-AP605-00133,,AP605,target_buy,buy,9662.0,1,58,submit,initial_quote,FLAT_QUOTING
20260303,44434000,09:20:34.000,20260303-AP605-00134,,AP605,target_sell,sell,10146.0,1,58,submit,initial_quote,FLAT_QUOTING
20260303,44435000,09:20:35.000,20260303-AP605-00133,,AP605,target_buy,buy,9662.0,1,58,ack,,FLAT_QUOTING
20260303,44435000,09:20:35.000,20260303-AP605-00134,,AP605,target_sell,sell,10146.0,1,58,ack,,FLAT_QUOTING
20260303,44440000,09:20:40.000,20260303-AP605-00133,,AP605,target_buy,buy,9662.0,1,58,cancel_requested,fair_invalid_or_session_guard,PAUSED
20260303,44440000,09:20:40.000,20260303-AP605-00134,,AP605,target_sell,sell,10146.0,1,58,cancel_requested,fair_invalid_or_session_guard,PAUSED
20260303,44441000,09:20:41.000,20260303-AP605-00133,,AP605,target_buy,buy,9662.0,1,58,cancel_ack,fair_invalid_or_session_guard,PAUSED
20260303,44441000,09:20:41.000,20260303-AP605-00134,,AP605,target_sell,sell,10146.0,1,58,cancel_ack,fair_invalid_or_session_guard,PAUSED
20260303,44443000,09:20:43.000,20260303-AP605-00135,,AP605,target_buy,buy,9662.0,1,59,submit,initial_quote,FLAT_QUOTING
20260303,44443000,09:20:43.000,20260303-AP605-00136,,AP605,target_sell,sell,10146.0,1,59,submit,initial_quote,FLAT_QUOTING
20260303,44444000,09:20:44.000,20260303-AP605-00135,,AP605,target_buy,buy,9662.0,1,59,ack,,FLAT_QUOTING
20260303,44444000,09:20:44.000,20260303-AP605-00136,,AP605,target_sell,sell,10146.0,1,59,ack,,FLAT_QUOTING
20260303,44445000,09:20:45.000,20260303-AP605-00135,,AP605,target_buy,buy,9662.0,1,59,cancel_requested,fair_invalid_or_session_guard,PAUSED
20260303,44445000,09:20:45.000,20260303-AP605-00136,,AP605,target_sell,sell,10146.0,1,59,cancel_requested,fair_invalid_or_session_guard,PAUSED
20260303,44446000,09:20:46.000,20260303-AP605-00135,,AP605,target_buy,buy,9662.0,1,59,cancel_ack,fair_invalid_or_session_guard,PAUSED
20260303,44446000,09:20:46.000,20260303-AP605-00136,,AP605,target_sell,sell,10146.0,1,59,cancel_ack,fair_invalid_or_session_guard,PAUSED
20260303,44454000,09:20:54.000,20260303-AP605-00137,,AP605,target_buy,buy,9662.0,1,60,submit,initial_quote,FLAT_QUOTING
20260303,44454000,09:20:54.000,20260303-AP605-00138,,AP605,target_sell,sell,10146.0,1,60,submit,initial_quote,FLAT_QUOTING
20260303,44455000,09:20:55.000,20260303-AP605-00137,,AP605,target_buy,buy,9662.0,1,60,ack,,FLAT_QUOTING
20260303,44455000,09:20:55.000,20260303-AP605-00138,,AP605,target_sell,sell,10146.0,1,60,ack,,FLAT_QUOTING
20260303,44458000,09:20:58.000,20260303-AP605-00137,,AP605,target_buy,buy,9662.0,1,60,cancel_requested,fair_invalid_or_session_guard,PAUSED
20260303,44458000,09:20:58.000,20260303-AP605-00138,,AP605,target_sell,sell,10146.0,1,60,cancel_requested,fair_invalid_or_session_guard,PAUSED
20260303,44460000,09:21:00.000,20260303-AP605-00137,,AP605,target_buy,buy,9662.0,1,60,cancel_ack,fair_invalid_or_session_guard,PAUSED
20260303,44460000,09:21:00.000,20260303-AP605-00138,,AP605,target_sell,sell,10146.0,1,60,cancel_ack,fair_invalid_or_session_guard,PAUSED
20260303,44461000,09:21:01.000,20260303-AP605-00139,,AP605,target_buy,buy,9663.0,1,61,submit,initial_quote,FLAT_QUOTING
20260303,44461000,09:21:01.000,20260303-AP605-00140,,AP605,target_sell,sell,10147.0,1,61,submit,initial_quote,FLAT_QUOTING
20260303,44462000,09:21:02.000,20260303-AP605-00139,,AP605,target_buy,buy,9663.0,1,61,ack,,FLAT_QUOTING
20260303,44462000,09:21:02.000,20260303-AP605-00140,,AP605,target_sell,sell,10147.0,1,61,ack,,FLAT_QUOTING
20260303,44465000,09:21:05.000,20260303-AP605-00139,,AP605,target_buy,buy,9663.0,1,61,cancel_requested,fair_invalid_or_session_guard,PAUSED
20260303,44465000,09:21:05.000,20260303-AP605-00140,,AP605,target_sell,sell,10147.0,1,61,cancel_requested,fair_invalid_or_session_guard,PAUSED
20260303,44466000,09:21:06.000,20260303-AP605-00139,,AP605,target_buy,buy,9663.0,1,61,cancel_ack,fair_invalid_or_session_guard,PAUSED
20260303,44466000,09:21:06.000,20260303-AP605-00140,,AP605,target_sell,sell,10147.0,1,61,cancel_ack,fair_invalid_or_session_guard,PAUSED
20260303,44483000,09:21:23.000,20260303-AP605-00141,,AP605,target_buy,buy,9663.0,1,62,submit,initial_quote,FLAT_QUOTING
20260303,44483000,09:21:23.000,20260303-AP605-00142,,AP605,target_sell,sell,10147.0,1,62,submit,initial_quote,FLAT_QUOTING
20260303,44485000,09:21:25.000,20260303-AP605-00141,,AP605,target_buy,buy,9663.0,1,62,ack,,FLAT_QUOTING
20260303,44485000,09:21:25.000,20260303-AP605-00142,,AP605,target_sell,sell,10147.0,1,62,ack,,FLAT_QUOTING
20260303,44487000,09:21:27.000,20260303-AP605-00141,,AP605,target_buy,buy,9663.0,1,62,cancel_requested,fair_invalid_or_session_guard,PAUSED
20260303,44487000,09:21:27.000,20260303-AP605-00142,,AP605,target_sell,sell,10147.0,1,62,cancel_requested,fair_invalid_or_session_guard,PAUSED
20260303,44488000,09:21:28.000,20260303-AP605-00141,,AP605,target_buy,buy,9663.0,1,62,cancel_ack,fair_invalid_or_session_guard,PAUSED
20260303,44488000,09:21:28.000,20260303-AP605-00142,,AP605,target_sell,sell,10147.0,1,62,cancel_ack,fair_invalid_or_session_guard,PAUSED
20260303,44499000,09:21:39.000,20260303-AP605-00143,,AP605,target_buy,buy,9662.0,1,63,submit,initial_quote,FLAT_QUOTING
20260303,44499000,09:21:39.000,20260303-AP605-00144,,AP605,target_sell,sell,10146.0,1,63,submit,initial_quote,FLAT_QUOTING
20260303,44500000,09:21:40.000,20260303-AP605-00143,,AP605,target_buy,buy,9662.0,1,63,ack,,FLAT_QUOTING
20260303,44500000,09:21:40.000,20260303-AP605-00144,,AP605,target_sell,sell,10146.0,1,63,ack,,FLAT_QUOTING
20260303,44508000,09:21:48.000,20260303-AP605-00143,,AP605,target_buy,buy,9662.0,1,63,cancel_requested,fair_invalid_or_session_guard,PAUSED
20260303,44508000,09:21:48.000,20260303-AP605-00144,,AP605,target_sell,sell,10146.0,1,63,cancel_requested,fair_invalid_or_session_guard,PAUSED
20260303,44509000,09:21:49.000,20260303-AP605-00143,,AP605,target_buy,buy,9662.0,1,63,cancel_ack,fair_invalid_or_session_guard,PAUSED
20260303,44509000,09:21:49.000,20260303-AP605-00144,,AP605,target_sell,sell,10146.0,1,63,cancel_ack,fair_invalid_or_session_guard,PAUSED
20260303,44511000,09:21:51.000,20260303-AP605-00145,,AP605,target_buy,buy,9663.0,1,64,submit,initial_quote,FLAT_QUOTING
20260303,44511000,09:21:51.000,20260303-AP605-00146,,AP605,target_sell,sell,10147.0,1,64,submit,initial_quote,FLAT_QUOTING
20260303,44512000,09:21:52.000,20260303-AP605-00145,,AP605,target_buy,buy,9663.0,1,64,ack,,FLAT_QUOTING
20260303,44512000,09:21:52.000,20260303-AP605-00146,,AP605,target_sell,sell,10147.0,1,64,ack,,FLAT_QUOTING
20260303,44516000,09:21:56.000,20260303-AP605-00145,,AP605,target_buy,buy,9663.0,1,64,cancel_requested,fair_invalid_or_session_guard,PAUSED
20260303,44516000,09:21:56.000,20260303-AP605-00146,,AP605,target_sell,sell,10147.0,1,64,cancel_requested,fair_invalid_or_session_guard,PAUSED
20260303,44517000,09:21:57.000,20260303-AP605-00145,,AP605,target_buy,buy,9663.0,1,64,cancel_ack,fair_invalid_or_session_guard,PAUSED
20260303,44517000,09:21:57.000,20260303-AP605-00146,,AP605,target_sell,sell,10147.0,1,64,cancel_ack,fair_invalid_or_session_guard,PAUSED
20260303,44538000,09:22:18.000,20260303-AP605-00147,,AP605,target_buy,buy,9664.0,1,65,submit,initial_quote,FLAT_QUOTING
20260303,44538000,09:22:18.000,20260303-AP605-00148,,AP605,target_sell,sell,10148.0,1,65,submit,initial_quote,FLAT_QUOTING
20260303,44539000,09:22:19.000,20260303-AP605-00147,,AP605,target_buy,buy,9664.0,1,65,ack,,FLAT_QUOTING
20260303,44539000,09:22:19.000,20260303-AP605-00148,,AP605,target_sell,sell,10148.0,1,65,ack,,FLAT_QUOTING
20260303,44554000,09:22:34.000,20260303-AP605-00147,,AP605,target_buy,buy,9664.0,1,65,cancel_requested,fair_invalid_or_session_guard,PAUSED
20260303,44554000,09:22:34.000,20260303-AP605-00148,,AP605,target_sell,sell,10148.0,1,65,cancel_requested,fair_invalid_or_session_guard,PAUSED
20260303,44555000,09:22:35.000,20260303-AP605-00147,,AP605,target_buy,buy,9664.0,1,65,cancel_ack,fair_invalid_or_session_guard,PAUSED
20260303,44555000,09:22:35.000,20260303-AP605-00148,,AP605,target_sell,sell,10148.0,1,65,cancel_ack,fair_invalid_or_session_guard,PAUSED
20260303,44556000,09:22:36.000,20260303-AP605-00149,,AP605,target_buy,buy,9666.0,1,66,submit,initial_quote,FLAT_QUOTING
20260303,44556000,09:22:36.000,20260303-AP605-00150,,AP605,target_sell,sell,10150.0,1,66,submit,initial_quote,FLAT_QUOTING
20260303,44557000,09:22:37.000,20260303-AP605-00149,,AP605,target_buy,buy,9666.0,1,66,ack,,FLAT_QUOTING
20260303,44557000,09:22:37.000,20260303-AP605-00150,,AP605,target_sell,sell,10150.0,1,66,ack,,FLAT_QUOTING
20260303,44576000,09:22:56.000,20260303-AP605-00149,,AP605,target_buy,buy,9666.0,1,66,cancel_requested,fair_invalid_or_session_guard,PAUSED
20260303,44576000,09:22:56.000,20260303-AP605-00150,,AP605,target_sell,sell,10150.0,1,66,cancel_requested,fair_invalid_or_session_guard,PAUSED
20260303,44577000,09:22:57.000,20260303-AP605-00149,,AP605,target_buy,buy,9666.0,1,66,cancel_ack,fair_invalid_or_session_guard,PAUSED
20260303,44577000,09:22:57.000,20260303-AP605-00150,,AP605,target_sell,sell,10150.0,1,66,cancel_ack,fair_invalid_or_session_guard,PAUSED
20260303,44579000,09:22:59.000,20260303-AP605-00151,,AP605,target_buy,buy,9667.0,1,67,submit,initial_quote,FLAT_QUOTING
20260303,44579000,09:22:59.000,20260303-AP605-00152,,AP605,target_sell,sell,10151.0,1,67,submit,initial_quote,FLAT_QUOTING
20260303,44580000,09:23:00.000,20260303-AP605-00151,,AP605,target_buy,buy,9667.0,1,67,ack,,FLAT_QUOTING
20260303,44580000,09:23:00.000,20260303-AP605-00152,,AP605,target_sell,sell,10151.0,1,67,ack,,FLAT_QUOTING
20260303,44586000,09:23:06.000,20260303-AP605-00151,,AP605,target_buy,buy,9667.0,1,67,cancel_requested,fair_invalid_or_session_guard,PAUSED
20260303,44586000,09:23:06.000,20260303-AP605-00152,,AP605,target_sell,sell,10151.0,1,67,cancel_requested,fair_invalid_or_session_guard,PAUSED
20260303,44587000,09:23:07.000,20260303-AP605-00151,,AP605,target_buy,buy,9667.0,1,67,cancel_ack,fair_invalid_or_session_guard,PAUSED
20260303,44587000,09:23:07.000,20260303-AP605-00152,,AP605,target_sell,sell,10151.0,1,67,cancel_ack,fair_invalid_or_session_guard,PAUSED
20260303,44590000,09:23:10.000,20260303-AP605-00153,,AP605,target_buy,buy,9668.0,1,68,submit,initial_quote,FLAT_QUOTING
20260303,44590000,09:23:10.000,20260303-AP605-00154,,AP605,target_sell,sell,10152.0,1,68,submit,initial_quote,FLAT_QUOTING
20260303,44591000,09:23:11.000,20260303-AP605-00153,,AP605,target_buy,buy,9668.0,1,68,ack,,FLAT_QUOTING
20260303,44591000,09:23:11.000,20260303-AP605-00154,,AP605,target_sell,sell,10152.0,1,68,ack,,FLAT_QUOTING
20260303,44643000,09:24:03.000,20260303-AP605-00153,,AP605,target_buy,buy,9668.0,1,68,cancel_requested,fair_invalid_or_session_guard,PAUSED
20260303,44643000,09:24:03.000,20260303-AP605-00154,,AP605,target_sell,sell,10152.0,1,68,cancel_requested,fair_invalid_or_session_guard,PAUSED
20260303,44644000,09:24:04.000,20260303-AP605-00153,,AP605,target_buy,buy,9668.0,1,68,cancel_ack,fair_invalid_or_session_guard,PAUSED
20260303,44644000,09:24:04.000,20260303-AP605-00154,,AP605,target_sell,sell,10152.0,1,68,cancel_ack,fair_invalid_or_session_guard,PAUSED
20260303,44685000,09:24:45.000,20260303-AP605-00155,,AP605,target_buy,buy,9676.0,1,69,submit,initial_quote,FLAT_QUOTING
20260303,44685000,09:24:45.000,20260303-AP605-00156,,AP605,target_sell,sell,10160.0,1,69,submit,initial_quote,FLAT_QUOTING
20260303,44686000,09:24:46.000,20260303-AP605-00155,,AP605,target_buy,buy,9676.0,1,69,ack,,FLAT_QUOTING
20260303,44686000,09:24:46.000,20260303-AP605-00156,,AP605,target_sell,sell,10160.0,1,69,ack,,FLAT_QUOTING
20260303,44689000,09:24:49.000,20260303-AP605-00155,,AP605,target_buy,buy,9676.0,1,69,cancel_requested,fair_invalid_or_session_guard,PAUSED
20260303,44689000,09:24:49.000,20260303-AP605-00156,,AP605,target_sell,sell,10160.0,1,69,cancel_requested,fair_invalid_or_session_guard,PAUSED
20260303,44690000,09:24:50.000,20260303-AP605-00155,,AP605,target_buy,buy,9676.0,1,69,cancel_ack,fair_invalid_or_session_guard,PAUSED
20260303,44690000,09:24:50.000,20260303-AP605-00156,,AP605,target_sell,sell,10160.0,1,69,cancel_ack,fair_invalid_or_session_guard,PAUSED
20260303,44700000,09:25:00.000,20260303-AP605-00157,,AP605,target_buy,buy,9680.0,1,70,submit,initial_quote,FLAT_QUOTING
20260303,44700000,09:25:00.000,20260303-AP605-00158,,AP605,target_sell,sell,10164.0,1,70,submit,initial_quote,FLAT_QUOTING
20260303,44701000,09:25:01.000,20260303-AP605-00157,,AP605,target_buy,buy,9680.0,1,70,ack,,FLAT_QUOTING
20260303,44701000,09:25:01.000,20260303-AP605-00158,,AP605,target_sell,sell,10164.0,1,70,ack,,FLAT_QUOTING
20260303,44703000,09:25:03.000,20260303-AP605-00157,,AP605,target_buy,buy,9680.0,1,70,cancel_requested,fair_invalid_or_session_guard,PAUSED
20260303,44703000,09:25:03.000,20260303-AP605-00158,,AP605,target_sell,sell,10164.0,1,70,cancel_requested,fair_invalid_or_session_guard,PAUSED
20260303,44704000,09:25:04.000,20260303-AP605-00157,,AP605,target_buy,buy,9680.0,1,70,cancel_ack,fair_invalid_or_session_guard,PAUSED
20260303,44704000,09:25:04.000,20260303-AP605-00158,,AP605,target_sell,sell,10164.0,1,70,cancel_ack,fair_invalid_or_session_guard,PAUSED
20260303,44715000,09:25:15.000,20260303-AP605-00159,,AP605,target_buy,buy,9678.0,1,71,submit,initial_quote,FLAT_QUOTING
20260303,44715000,09:25:15.000,20260303-AP605-00160,,AP605,target_sell,sell,10162.0,1,71,submit,initial_quote,FLAT_QUOTING
20260303,44716000,09:25:16.000,20260303-AP605-00159,,AP605,target_buy,buy,9678.0,1,71,ack,,FLAT_QUOTING
20260303,44716000,09:25:16.000,20260303-AP605-00160,,AP605,target_sell,sell,10162.0,1,71,ack,,FLAT_QUOTING
20260303,44722000,09:25:22.000,20260303-AP605-00159,,AP605,target_buy,buy,9678.0,1,71,cancel_requested,fair_invalid_or_session_guard,PAUSED
20260303,44722000,09:25:22.000,20260303-AP605-00160,,AP605,target_sell,sell,10162.0,1,71,cancel_requested,fair_invalid_or_session_guard,PAUSED
20260303,44723000,09:25:23.000,20260303-AP605-00159,,AP605,target_buy,buy,9678.0,1,71,cancel_ack,fair_invalid_or_session_guard,PAUSED
20260303,44723000,09:25:23.000,20260303-AP605-00160,,AP605,target_sell,sell,10162.0,1,71,cancel_ack,fair_invalid_or_session_guard,PAUSED
20260303,44728000,09:25:28.000,20260303-AP605-00161,,AP605,target_buy,buy,9678.0,1,72,submit,initial_quote,FLAT_QUOTING
20260303,44728000,09:25:28.000,20260303-AP605-00162,,AP605,target_sell,sell,10162.0,1,72,submit,initial_quote,FLAT_QUOTING
20260303,44729000,09:25:29.000,20260303-AP605-00161,,AP605,target_buy,buy,9678.0,1,72,ack,,FLAT_QUOTING
20260303,44729000,09:25:29.000,20260303-AP605-00162,,AP605,target_sell,sell,10162.0,1,72,ack,,FLAT_QUOTING
20260303,44731000,09:25:31.000,20260303-AP605-00161,,AP605,target_buy,buy,9678.0,1,72,cancel_requested,fair_invalid_or_session_guard,PAUSED
20260303,44731000,09:25:31.000,20260303-AP605-00162,,AP605,target_sell,sell,10162.0,1,72,cancel_requested,fair_invalid_or_session_guard,PAUSED
20260303,44732000,09:25:32.000,20260303-AP605-00161,,AP605,target_buy,buy,9678.0,1,72,cancel_ack,fair_invalid_or_session_guard,PAUSED
20260303,44732000,09:25:32.000,20260303-AP605-00162,,AP605,target_sell,sell,10162.0,1,72,cancel_ack,fair_invalid_or_session_guard,PAUSED
20260303,44737000,09:25:37.000,20260303-AP605-00163,,AP605,target_buy,buy,9678.0,1,73,submit,initial_quote,FLAT_QUOTING
20260303,44737000,09:25:37.000,20260303-AP605-00164,,AP605,target_sell,sell,10162.0,1,73,submit,initial_quote,FLAT_QUOTING
20260303,44738000,09:25:38.000,20260303-AP605-00163,,AP605,target_buy,buy,9678.0,1,73,ack,,FLAT_QUOTING
20260303,44738000,09:25:38.000,20260303-AP605-00164,,AP605,target_sell,sell,10162.0,1,73,ack,,FLAT_QUOTING
20260303,44742000,09:25:42.000,20260303-AP605-00163,,AP605,target_buy,buy,9678.0,1,73,cancel_requested,fair_invalid_or_session_guard,PAUSED
20260303,44742000,09:25:42.000,20260303-AP605-00164,,AP605,target_sell,sell,10162.0,1,73,cancel_requested,fair_invalid_or_session_guard,PAUSED
20260303,44743000,09:25:43.000,20260303-AP605-00163,,AP605,target_buy,buy,9678.0,1,73,cancel_ack,fair_invalid_or_session_guard,PAUSED
20260303,44743000,09:25:43.000,20260303-AP605-00164,,AP605,target_sell,sell,10162.0,1,73,cancel_ack,fair_invalid_or_session_guard,PAUSED
20260303,44751000,09:25:51.000,20260303-AP605-00165,,AP605,target_buy,buy,9677.0,1,74,submit,initial_quote,FLAT_QUOTING
20260303,44751000,09:25:51.000,20260303-AP605-00166,,AP605,target_sell,sell,10161.0,1,74,submit,initial_quote,FLAT_QUOTING
20260303,44752000,09:25:52.000,20260303-AP605-00165,,AP605,target_buy,buy,9677.0,1,74,ack,,FLAT_QUOTING
20260303,44752000,09:25:52.000,20260303-AP605-00166,,AP605,target_sell,sell,10161.0,1,74,ack,,FLAT_QUOTING
20260303,44754000,09:25:54.000,20260303-AP605-00165,,AP605,target_buy,buy,9677.0,1,74,cancel_requested,fair_invalid_or_session_guard,PAUSED
20260303,44754000,09:25:54.000,20260303-AP605-00166,,AP605,target_sell,sell,10161.0,1,74,cancel_requested,fair_invalid_or_session_guard,PAUSED
20260303,44755000,09:25:55.000,20260303-AP605-00165,,AP605,target_buy,buy,9677.0,1,74,cancel_ack,fair_invalid_or_session_guard,PAUSED
20260303,44755000,09:25:55.000,20260303-AP605-00166,,AP605,target_sell,sell,10161.0,1,74,cancel_ack,fair_invalid_or_session_guard,PAUSED
20260303,44767000,09:26:07.000,20260303-AP605-00167,,AP605,target_buy,buy,9680.0,1,75,submit,initial_quote,FLAT_QUOTING
20260303,44767000,09:26:07.000,20260303-AP605-00168,,AP605,target_sell,sell,10164.0,1,75,submit,initial_quote,FLAT_QUOTING
20260303,44768000,09:26:08.000,20260303-AP605-00167,,AP605,target_buy,buy,9680.0,1,75,ack,,FLAT_QUOTING
20260303,44768000,09:26:08.000,20260303-AP605-00168,,AP605,target_sell,sell,10164.0,1,75,ack,,FLAT_QUOTING
20260303,44779000,09:26:19.000,20260303-AP605-00167,,AP605,target_buy,buy,9680.0,1,75,cancel_requested,fair_invalid_or_session_guard,PAUSED
20260303,44779000,09:26:19.000,20260303-AP605-00168,,AP605,target_sell,sell,10164.0,1,75,cancel_requested,fair_invalid_or_session_guard,PAUSED
20260303,44780000,09:26:20.000,20260303-AP605-00167,,AP605,target_buy,buy,9680.0,1,75,cancel_ack,fair_invalid_or_session_guard,PAUSED
20260303,44780000,09:26:20.000,20260303-AP605-00168,,AP605,target_sell,sell,10164.0,1,75,cancel_ack,fair_invalid_or_session_guard,PAUSED
20260303,44790000,09:26:30.000,20260303-AP605-00169,,AP605,target_buy,buy,9679.0,1,76,submit,initial_quote,FLAT_QUOTING
20260303,44790000,09:26:30.000,20260303-AP605-00170,,AP605,target_sell,sell,10163.0,1,76,submit,initial_quote,FLAT_QUOTING
20260303,44791000,09:26:31.000,20260303-AP605-00169,,AP605,target_buy,buy,9679.0,1,76,ack,,FLAT_QUOTING
20260303,44791000,09:26:31.000,20260303-AP605-00170,,AP605,target_sell,sell,10163.0,1,76,ack,,FLAT_QUOTING
20260303,44795000,09:26:35.000,20260303-AP605-00169,,AP605,target_buy,buy,9679.0,1,76,cancel_requested,fair_invalid_or_session_guard,PAUSED
20260303,44795000,09:26:35.000,20260303-AP605-00170,,AP605,target_sell,sell,10163.0,1,76,cancel_requested,fair_invalid_or_session_guard,PAUSED
20260303,44796000,09:26:36.000,20260303-AP605-00169,,AP605,target_buy,buy,9679.0,1,76,cancel_ack,fair_invalid_or_session_guard,PAUSED
20260303,44796000,09:26:36.000,20260303-AP605-00170,,AP605,target_sell,sell,10163.0,1,76,cancel_ack,fair_invalid_or_session_guard,PAUSED
20260303,44799000,09:26:39.000,20260303-AP605-00171,,AP605,target_buy,buy,9678.0,1,77,submit,initial_quote,FLAT_QUOTING
20260303,44799000,09:26:39.000,20260303-AP605-00172,,AP605,target_sell,sell,10162.0,1,77,submit,initial_quote,FLAT_QUOTING
20260303,44800000,09:26:40.000,20260303-AP605-00171,,AP605,target_buy,buy,9678.0,1,77,ack,,FLAT_QUOTING
20260303,44800000,09:26:40.000,20260303-AP605-00172,,AP605,target_sell,sell,10162.0,1,77,ack,,FLAT_QUOTING
20260303,44805000,09:26:45.000,20260303-AP605-00171,,AP605,target_buy,buy,9678.0,1,77,cancel_requested,fair_invalid_or_session_guard,PAUSED
20260303,44805000,09:26:45.000,20260303-AP605-00172,,AP605,target_sell,sell,10162.0,1,77,cancel_requested,fair_invalid_or_session_guard,PAUSED
20260303,44806000,09:26:46.000,20260303-AP605-00171,,AP605,target_buy,buy,9678.0,1,77,cancel_ack,fair_invalid_or_session_guard,PAUSED
20260303,44806000,09:26:46.000,20260303-AP605-00172,,AP605,target_sell,sell,10162.0,1,77,cancel_ack,fair_invalid_or_session_guard,PAUSED
20260303,44822000,09:27:02.000,20260303-AP605-00173,,AP605,target_buy,buy,9677.0,1,78,submit,initial_quote,FLAT_QUOTING
20260303,44822000,09:27:02.000,20260303-AP605-00174,,AP605,target_sell,sell,10161.0,1,78,submit,initial_quote,FLAT_QUOTING
20260303,44823000,09:27:03.000,20260303-AP605-00173,,AP605,target_buy,buy,9677.0,1,78,ack,,FLAT_QUOTING
20260303,44823000,09:27:03.000,20260303-AP605-00174,,AP605,target_sell,sell,10161.0,1,78,ack,,FLAT_QUOTING
20260303,44831000,09:27:11.000,20260303-AP605-00173,,AP605,target_buy,buy,9677.0,1,78,cancel_requested,fair_invalid_or_session_guard,PAUSED
20260303,44831000,09:27:11.000,20260303-AP605-00174,,AP605,target_sell,sell,10161.0,1,78,cancel_requested,fair_invalid_or_session_guard,PAUSED
20260303,44832000,09:27:12.000,20260303-AP605-00173,,AP605,target_buy,buy,9677.0,1,78,cancel_ack,fair_invalid_or_session_guard,PAUSED
20260303,44832000,09:27:12.000,20260303-AP605-00174,,AP605,target_sell,sell,10161.0,1,78,cancel_ack,fair_invalid_or_session_guard,PAUSED
20260303,44833000,09:27:13.000,20260303-AP605-00175,,AP605,target_buy,buy,9678.0,1,79,submit,initial_quote,FLAT_QUOTING
20260303,44833000,09:27:13.000,20260303-AP605-00176,,AP605,target_sell,sell,10162.0,1,79,submit,initial_quote,FLAT_QUOTING
20260303,44834000,09:27:14.000,20260303-AP605-00175,,AP605,target_buy,buy,9678.0,1,79,ack,,FLAT_QUOTING
20260303,44834000,09:27:14.000,20260303-AP605-00176,,AP605,target_sell,sell,10162.0,1,79,ack,,FLAT_QUOTING
20260303,44837000,09:27:17.000,20260303-AP605-00175,,AP605,target_buy,buy,9678.0,1,79,cancel_requested,fair_invalid_or_session_guard,PAUSED
20260303,44837000,09:27:17.000,20260303-AP605-00176,,AP605,target_sell,sell,10162.0,1,79,cancel_requested,fair_invalid_or_session_guard,PAUSED
20260303,44838000,09:27:18.000,20260303-AP605-00175,,AP605,target_buy,buy,9678.0,1,79,cancel_ack,fair_invalid_or_session_guard,PAUSED
20260303,44838000,09:27:18.000,20260303-AP605-00176,,AP605,target_sell,sell,10162.0,1,79,cancel_ack,fair_invalid_or_session_guard,PAUSED
20260303,44839000,09:27:19.000,20260303-AP605-00177,,AP605,target_buy,buy,9678.0,1,80,submit,initial_quote,FLAT_QUOTING
20260303,44839000,09:27:19.000,20260303-AP605-00178,,AP605,target_sell,sell,10162.0,1,80,submit,initial_quote,FLAT_QUOTING
20260303,44841000,09:27:21.000,20260303-AP605-00177,,AP605,target_buy,buy,9678.0,1,80,ack,,FLAT_QUOTING
20260303,44841000,09:27:21.000,20260303-AP605-00178,,AP605,target_sell,sell,10162.0,1,80,ack,,FLAT_QUOTING
20260303,44849000,09:27:29.000,20260303-AP605-00177,,AP605,target_buy,buy,9678.0,1,80,cancel_requested,fair_invalid_or_session_guard,PAUSED
20260303,44849000,09:27:29.000,20260303-AP605-00178,,AP605,target_sell,sell,10162.0,1,80,cancel_requested,fair_invalid_or_session_guard,PAUSED
20260303,44850000,09:27:30.000,20260303-AP605-00177,,AP605,target_buy,buy,9678.0,1,80,cancel_ack,fair_invalid_or_session_guard,PAUSED
20260303,44850000,09:27:30.000,20260303-AP605-00178,,AP605,target_sell,sell,10162.0,1,80,cancel_ack,fair_invalid_or_session_guard,PAUSED
20260303,44865000,09:27:45.000,20260303-AP605-00179,,AP605,target_buy,buy,9672.0,1,81,submit,initial_quote,FLAT_QUOTING
20260303,44865000,09:27:45.000,20260303-AP605-00180,,AP605,target_sell,sell,10156.0,1,81,submit,initial_quote,FLAT_QUOTING
20260303,44866000,09:27:46.000,20260303-AP605-00179,,AP605,target_buy,buy,9672.0,1,81,ack,,FLAT_QUOTING
20260303,44866000,09:27:46.000,20260303-AP605-00180,,AP605,target_sell,sell,10156.0,1,81,ack,,FLAT_QUOTING
20260303,44881000,09:28:01.000,20260303-AP605-00179,,AP605,target_buy,buy,9672.0,1,81,cancel_requested,fair_invalid_or_session_guard,PAUSED
20260303,44881000,09:28:01.000,20260303-AP605-00180,,AP605,target_sell,sell,10156.0,1,81,cancel_requested,fair_invalid_or_session_guard,PAUSED
20260303,44882000,09:28:02.000,20260303-AP605-00179,,AP605,target_buy,buy,9672.0,1,81,cancel_ack,fair_invalid_or_session_guard,PAUSED
20260303,44882000,09:28:02.000,20260303-AP605-00180,,AP605,target_sell,sell,10156.0,1,81,cancel_ack,fair_invalid_or_session_guard,PAUSED
20260303,44932000,09:28:52.000,20260303-AP605-00181,,AP605,target_buy,buy,9665.0,1,82,submit,initial_quote,FLAT_QUOTING
20260303,44932000,09:28:52.000,20260303-AP605-00182,,AP605,target_sell,sell,10149.0,1,82,submit,initial_quote,FLAT_QUOTING
20260303,44934000,09:28:54.000,20260303-AP605-00181,,AP605,target_buy,buy,9665.0,1,82,ack,,FLAT_QUOTING
20260303,44934000,09:28:54.000,20260303-AP605-00182,,AP605,target_sell,sell,10149.0,1,82,ack,,FLAT_QUOTING
20260303,44936000,09:28:56.000,20260303-AP605-00181,,AP605,target_buy,buy,9665.0,1,82,cancel_requested,fair_invalid_or_session_guard,PAUSED
20260303,44936000,09:28:56.000,20260303-AP605-00182,,AP605,target_sell,sell,10149.0,1,82,cancel_requested,fair_invalid_or_session_guard,PAUSED
20260303,44937000,09:28:57.000,20260303-AP605-00181,,AP605,target_buy,buy,9665.0,1,82,cancel_ack,fair_invalid_or_session_guard,PAUSED
20260303,44937000,09:28:57.000,20260303-AP605-00182,,AP605,target_sell,sell,10149.0,1,82,cancel_ack,fair_invalid_or_session_guard,PAUSED
20260303,44940000,09:29:00.000,20260303-AP605-00183,,AP605,target_buy,buy,9664.0,1,83,submit,initial_quote,FLAT_QUOTING
20260303,44940000,09:29:00.000,20260303-AP605-00184,,AP605,target_sell,sell,10148.0,1,83,submit,initial_quote,FLAT_QUOTING
20260303,44941000,09:29:01.000,20260303-AP605-00183,,AP605,target_buy,buy,9664.0,1,83,ack,,FLAT_QUOTING
20260303,44941000,09:29:01.000,20260303-AP605-00184,,AP605,target_sell,sell,10148.0,1,83,ack,,FLAT_QUOTING
20260303,44942000,09:29:02.000,20260303-AP605-00183,,AP605,target_buy,buy,9664.0,1,83,cancel_requested,fair_invalid_or_session_guard,PAUSED
20260303,44942000,09:29:02.000,20260303-AP605-00184,,AP605,target_sell,sell,10148.0,1,83,cancel_requested,fair_invalid_or_session_guard,PAUSED
20260303,44943000,09:29:03.000,20260303-AP605-00183,,AP605,target_buy,buy,9664.0,1,83,cancel_ack,fair_invalid_or_session_guard,PAUSED
20260303,44943000,09:29:03.000,20260303-AP605-00184,,AP605,target_sell,sell,10148.0,1,83,cancel_ack,fair_invalid_or_session_guard,PAUSED
20260303,45126000,09:32:06.000,20260303-AP605-00185,,AP605,target_buy,buy,9671.0,1,84,submit,initial_quote,FLAT_QUOTING
20260303,45126000,09:32:06.000,20260303-AP605-00186,,AP605,target_sell,sell,10155.0,1,84,submit,initial_quote,FLAT_QUOTING
20260303,45127000,09:32:07.000,20260303-AP605-00185,,AP605,target_buy,buy,9671.0,1,84,ack,,FLAT_QUOTING
20260303,45127000,09:32:07.000,20260303-AP605-00186,,AP605,target_sell,sell,10155.0,1,84,ack,,FLAT_QUOTING
20260303,45132000,09:32:12.000,20260303-AP605-00185,,AP605,target_buy,buy,9671.0,1,84,cancel_requested,fair_invalid_or_session_guard,PAUSED
20260303,45132000,09:32:12.000,20260303-AP605-00186,,AP605,target_sell,sell,10155.0,1,84,cancel_requested,fair_invalid_or_session_guard,PAUSED
20260303,45133000,09:32:13.000,20260303-AP605-00185,,AP605,target_buy,buy,9671.0,1,84,cancel_ack,fair_invalid_or_session_guard,PAUSED
20260303,45133000,09:32:13.000,20260303-AP605-00186,,AP605,target_sell,sell,10155.0,1,84,cancel_ack,fair_invalid_or_session_guard,PAUSED
20260303,45134000,09:32:14.000,20260303-AP605-00187,,AP605,target_buy,buy,9668.0,1,85,submit,initial_quote,FLAT_QUOTING
20260303,45134000,09:32:14.000,20260303-AP605-00188,,AP605,target_sell,sell,10152.0,1,85,submit,initial_quote,FLAT_QUOTING
20260303,45139000,09:32:19.000,20260303-AP605-00187,,AP605,target_buy,buy,9668.0,1,85,ack,,FLAT_QUOTING
20260303,45139000,09:32:19.000,20260303-AP605-00188,,AP605,target_sell,sell,10152.0,1,85,ack,,FLAT_QUOTING
20260303,45139000,09:32:19.000,20260303-AP605-00187,,AP605,target_buy,buy,9668.0,1,85,cancel_requested,data_gap,PAUSED
20260303,45139000,09:32:19.000,20260303-AP605-00188,,AP605,target_sell,sell,10152.0,1,85,cancel_requested,data_gap,PAUSED
20260303,45140000,09:32:20.000,20260303-AP605-00187,,AP605,target_buy,buy,9668.0,1,85,cancel_ack,data_gap,PAUSED
20260303,45140000,09:32:20.000,20260303-AP605-00188,,AP605,target_sell,sell,10152.0,1,85,cancel_ack,data_gap,PAUSED
20260303,45141000,09:32:21.000,20260303-AP605-00189,,AP605,target_buy,buy,9666.0,1,86,submit,initial_quote,FLAT_QUOTING
20260303,45141000,09:32:21.000,20260303-AP605-00190,,AP605,target_sell,sell,10150.0,1,86,submit,initial_quote,FLAT_QUOTING
20260303,45142000,09:32:22.000,20260303-AP605-00189,,AP605,target_buy,buy,9666.0,1,86,ack,,FLAT_QUOTING
20260303,45142000,09:32:22.000,20260303-AP605-00190,,AP605,target_sell,sell,10150.0,1,86,ack,,FLAT_QUOTING
20260303,45149000,09:32:29.000,20260303-AP605-00189,,AP605,target_buy,buy,9666.0,1,86,cancel_requested,fair_invalid_or_session_guard,PAUSED
20260303,45149000,09:32:29.000,20260303-AP605-00190,,AP605,target_sell,sell,10150.0,1,86,cancel_requested,fair_invalid_or_session_guard,PAUSED
20260303,45150000,09:32:30.000,20260303-AP605-00189,,AP605,target_buy,buy,9666.0,1,86,cancel_ack,fair_invalid_or_session_guard,PAUSED
20260303,45150000,09:32:30.000,20260303-AP605-00190,,AP605,target_sell,sell,10150.0,1,86,cancel_ack,fair_invalid_or_session_guard,PAUSED
20260303,45152000,09:32:32.000,20260303-AP605-00191,,AP605,target_buy,buy,9669.0,1,87,submit,initial_quote,FLAT_QUOTING
20260303,45152000,09:32:32.000,20260303-AP605-00192,,AP605,target_sell,sell,10153.0,1,87,submit,initial_quote,FLAT_QUOTING
20260303,45153000,09:32:33.000,20260303-AP605-00191,,AP605,target_buy,buy,9669.0,1,87,ack,,FLAT_QUOTING
20260303,45153000,09:32:33.000,20260303-AP605-00192,,AP605,target_sell,sell,10153.0,1,87,ack,,FLAT_QUOTING
20260303,45167000,09:32:47.000,20260303-AP605-00191,,AP605,target_buy,buy,9669.0,1,87,cancel_requested,fair_invalid_or_session_guard,PAUSED
20260303,45167000,09:32:47.000,20260303-AP605-00192,,AP605,target_sell,sell,10153.0,1,87,cancel_requested,fair_invalid_or_session_guard,PAUSED
20260303,45169000,09:32:49.000,20260303-AP605-00191,,AP605,target_buy,buy,9669.0,1,87,cancel_ack,fair_invalid_or_session_guard,PAUSED
20260303,45169000,09:32:49.000,20260303-AP605-00192,,AP605,target_sell,sell,10153.0,1,87,cancel_ack,fair_invalid_or_session_guard,PAUSED
20260303,45179000,09:32:59.000,20260303-AP605-00193,,AP605,target_buy,buy,9678.0,1,88,submit,initial_quote,FLAT_QUOTING
20260303,45179000,09:32:59.000,20260303-AP605-00194,,AP605,target_sell,sell,10162.0,1,88,submit,initial_quote,FLAT_QUOTING
20260303,45180000,09:33:00.000,20260303-AP605-00193,,AP605,target_buy,buy,9678.0,1,88,ack,,FLAT_QUOTING
20260303,45180000,09:33:00.000,20260303-AP605-00194,,AP605,target_sell,sell,10162.0,1,88,ack,,FLAT_QUOTING
20260303,45182000,09:33:02.000,20260303-AP605-00193,,AP605,target_buy,buy,9678.0,1,88,cancel_requested,fair_invalid_or_session_guard,PAUSED
20260303,45182000,09:33:02.000,20260303-AP605-00194,,AP605,target_sell,sell,10162.0,1,88,cancel_requested,fair_invalid_or_session_guard,PAUSED
20260303,45183000,09:33:03.000,20260303-AP605-00193,,AP605,target_buy,buy,9678.0,1,88,cancel_ack,fair_invalid_or_session_guard,PAUSED
20260303,45183000,09:33:03.000,20260303-AP605-00194,,AP605,target_sell,sell,10162.0,1,88,cancel_ack,fair_invalid_or_session_guard,PAUSED
20260303,45187000,09:33:07.000,20260303-AP605-00195,,AP605,target_buy,buy,9680.0,1,89,submit,initial_quote,FLAT_QUOTING
20260303,45187000,09:33:07.000,20260303-AP605-00196,,AP605,target_sell,sell,10164.0,1,89,submit,initial_quote,FLAT_QUOTING
20260303,45188000,09:33:08.000,20260303-AP605-00195,,AP605,target_buy,buy,9680.0,1,89,ack,,FLAT_QUOTING
20260303,45188000,09:33:08.000,20260303-AP605-00196,,AP605,target_sell,sell,10164.0,1,89,ack,,FLAT_QUOTING
20260303,45191000,09:33:11.000,20260303-AP605-00195,,AP605,target_buy,buy,9680.0,1,89,cancel_requested,fair_invalid_or_session_guard,PAUSED
20260303,45191000,09:33:11.000,20260303-AP605-00196,,AP605,target_sell,sell,10164.0,1,89,cancel_requested,fair_invalid_or_session_guard,PAUSED
20260303,45192000,09:33:12.000,20260303-AP605-00195,,AP605,target_buy,buy,9680.0,1,89,cancel_ack,fair_invalid_or_session_guard,PAUSED
20260303,45192000,09:33:12.000,20260303-AP605-00196,,AP605,target_sell,sell,10164.0,1,89,cancel_ack,fair_invalid_or_session_guard,PAUSED
20260303,45196000,09:33:16.000,20260303-AP605-00197,,AP605,target_buy,buy,9680.0,1,90,submit,initial_quote,FLAT_QUOTING
20260303,45196000,09:33:16.000,20260303-AP605-00198,,AP605,target_sell,sell,10164.0,1,90,submit,initial_quote,FLAT_QUOTING
20260303,45197000,09:33:17.000,20260303-AP605-00197,,AP605,target_buy,buy,9680.0,1,90,ack,,FLAT_QUOTING
20260303,45197000,09:33:17.000,20260303-AP605-00198,,AP605,target_sell,sell,10164.0,1,90,ack,,FLAT_QUOTING
20260303,45200000,09:33:20.000,20260303-AP605-00197,,AP605,target_buy,buy,9680.0,1,90,cancel_requested,fair_invalid_or_session_guard,PAUSED
20260303,45200000,09:33:20.000,20260303-AP605-00198,,AP605,target_sell,sell,10164.0,1,90,cancel_requested,fair_invalid_or_session_guard,PAUSED
20260303,45201000,09:33:21.000,20260303-AP605-00197,,AP605,target_buy,buy,9680.0,1,90,cancel_ack,fair_invalid_or_session_guard,PAUSED
20260303,45201000,09:33:21.000,20260303-AP605-00198,,AP605,target_sell,sell,10164.0,1,90,cancel_ack,fair_invalid_or_session_guard,PAUSED
20260303,45220000,09:33:40.000,20260303-AP605-00199,,AP605,target_buy,buy,9682.0,1,91,submit,initial_quote,FLAT_QUOTING
20260303,45220000,09:33:40.000,20260303-AP605-00200,,AP605,target_sell,sell,10166.0,1,91,submit,initial_quote,FLAT_QUOTING
20260303,45221000,09:33:41.000,20260303-AP605-00199,,AP605,target_buy,buy,9682.0,1,91,ack,,FLAT_QUOTING
20260303,45221000,09:33:41.000,20260303-AP605-00200,,AP605,target_sell,sell,10166.0,1,91,ack,,FLAT_QUOTING
20260303,45230000,09:33:50.000,20260303-AP605-00199,,AP605,target_buy,buy,9682.0,1,91,cancel_requested,fair_invalid_or_session_guard,PAUSED
20260303,45230000,09:33:50.000,20260303-AP605-00200,,AP605,target_sell,sell,10166.0,1,91,cancel_requested,fair_invalid_or_session_guard,PAUSED
20260303,45231000,09:33:51.000,20260303-AP605-00199,,AP605,target_buy,buy,9682.0,1,91,cancel_ack,fair_invalid_or_session_guard,PAUSED
20260303,45231000,09:33:51.000,20260303-AP605-00200,,AP605,target_sell,sell,10166.0,1,91,cancel_ack,fair_invalid_or_session_guard,PAUSED
20260303,45235000,09:33:55.000,20260303-AP605-00201,,AP605,target_buy,buy,9684.0,1,92,submit,initial_quote,FLAT_QUOTING
20260303,45235000,09:33:55.000,20260303-AP605-00202,,AP605,target_sell,sell,10168.0,1,92,submit,initial_quote,FLAT_QUOTING
20260303,45236000,09:33:56.000,20260303-AP605-00201,,AP605,target_buy,buy,9684.0,1,92,ack,,FLAT_QUOTING
20260303,45236000,09:33:56.000,20260303-AP605-00202,,AP605,target_sell,sell,10168.0,1,92,ack,,FLAT_QUOTING
20260303,45237000,09:33:57.000,20260303-AP605-00201,,AP605,target_buy,buy,9684.0,1,92,cancel_requested,fair_invalid_or_session_guard,PAUSED
20260303,45237000,09:33:57.000,20260303-AP605-00202,,AP605,target_sell,sell,10168.0,1,92,cancel_requested,fair_invalid_or_session_guard,PAUSED
20260303,45238000,09:33:58.000,20260303-AP605-00201,,AP605,target_buy,buy,9684.0,1,92,cancel_ack,fair_invalid_or_session_guard,PAUSED
20260303,45238000,09:33:58.000,20260303-AP605-00202,,AP605,target_sell,sell,10168.0,1,92,cancel_ack,fair_invalid_or_session_guard,PAUSED
20260303,45269000,09:34:29.000,20260303-AP605-00203,,AP605,target_buy,buy,9684.0,1,93,submit,initial_quote,FLAT_QUOTING
20260303,45269000,09:34:29.000,20260303-AP605-00204,,AP605,target_sell,sell,10168.0,1,93,submit,initial_quote,FLAT_QUOTING
20260303,45270000,09:34:30.000,20260303-AP605-00203,,AP605,target_buy,buy,9684.0,1,93,ack,,FLAT_QUOTING
20260303,45270000,09:34:30.000,20260303-AP605-00204,,AP605,target_sell,sell,10168.0,1,93,ack,,FLAT_QUOTING
20260303,45275000,09:34:35.000,20260303-AP605-00203,,AP605,target_buy,buy,9684.0,1,93,cancel_requested,fair_invalid_or_session_guard,PAUSED
20260303,45275000,09:34:35.000,20260303-AP605-00204,,AP605,target_sell,sell,10168.0,1,93,cancel_requested,fair_invalid_or_session_guard,PAUSED
20260303,45276000,09:34:36.000,20260303-AP605-00203,,AP605,target_buy,buy,9684.0,1,93,cancel_ack,fair_invalid_or_session_guard,PAUSED
20260303,45276000,09:34:36.000,20260303-AP605-00204,,AP605,target_sell,sell,10168.0,1,93,cancel_ack,fair_invalid_or_session_guard,PAUSED
20260303,45280000,09:34:40.000,20260303-AP605-00205,,AP605,target_buy,buy,9684.0,1,94,submit,initial_quote,FLAT_QUOTING
20260303,45280000,09:34:40.000,20260303-AP605-00206,,AP605,target_sell,sell,10168.0,1,94,submit,initial_quote,FLAT_QUOTING
20260303,45281000,09:34:41.000,20260303-AP605-00205,,AP605,target_buy,buy,9684.0,1,94,ack,,FLAT_QUOTING
20260303,45281000,09:34:41.000,20260303-AP605-00206,,AP605,target_sell,sell,10168.0,1,94,ack,,FLAT_QUOTING
20260303,45316000,09:35:16.000,20260303-AP605-00205,,AP605,target_buy,buy,9684.0,1,94,cancel_requested,fair_invalid_or_session_guard,PAUSED
20260303,45316000,09:35:16.000,20260303-AP605-00206,,AP605,target_sell,sell,10168.0,1,94,cancel_requested,fair_invalid_or_session_guard,PAUSED
20260303,45317000,09:35:17.000,20260303-AP605-00205,,AP605,target_buy,buy,9684.0,1,94,cancel_ack,fair_invalid_or_session_guard,PAUSED
20260303,45317000,09:35:17.000,20260303-AP605-00206,,AP605,target_sell,sell,10168.0,1,94,cancel_ack,fair_invalid_or_session_guard,PAUSED
20260303,45318000,09:35:18.000,20260303-AP605-00207,,AP605,target_buy,buy,9683.0,1,95,submit,initial_quote,FLAT_QUOTING
20260303,45318000,09:35:18.000,20260303-AP605-00208,,AP605,target_sell,sell,10167.0,1,95,submit,initial_quote,FLAT_QUOTING
20260303,45319000,09:35:19.000,20260303-AP605-00207,,AP605,target_buy,buy,9683.0,1,95,ack,,FLAT_QUOTING
20260303,45319000,09:35:19.000,20260303-AP605-00208,,AP605,target_sell,sell,10167.0,1,95,ack,,FLAT_QUOTING
20260303,45343000,09:35:43.000,20260303-AP605-00207,,AP605,target_buy,buy,9683.0,1,95,cancel_requested,fair_invalid_or_session_guard,PAUSED
20260303,45343000,09:35:43.000,20260303-AP605-00208,,AP605,target_sell,sell,10167.0,1,95,cancel_requested,fair_invalid_or_session_guard,PAUSED
20260303,45344000,09:35:44.000,20260303-AP605-00207,,AP605,target_buy,buy,9683.0,1,95,cancel_ack,fair_invalid_or_session_guard,PAUSED
20260303,45344000,09:35:44.000,20260303-AP605-00208,,AP605,target_sell,sell,10167.0,1,95,cancel_ack,fair_invalid_or_session_guard,PAUSED
20260303,45351000,09:35:51.000,20260303-AP605-00209,,AP605,target_buy,buy,9680.0,1,96,submit,initial_quote,FLAT_QUOTING
20260303,45351000,09:35:51.000,20260303-AP605-00210,,AP605,target_sell,sell,10164.0,1,96,submit,initial_quote,FLAT_QUOTING
20260303,45352000,09:35:52.000,20260303-AP605-00209,,AP605,target_buy,buy,9680.0,1,96,ack,,FLAT_QUOTING
20260303,45352000,09:35:52.000,20260303-AP605-00210,,AP605,target_sell,sell,10164.0,1,96,ack,,FLAT_QUOTING
20260303,45374000,09:36:14.000,20260303-AP605-00209,,AP605,target_buy,buy,9680.0,1,96,cancel_requested,fair_invalid_or_session_guard,PAUSED
20260303,45374000,09:36:14.000,20260303-AP605-00210,,AP605,target_sell,sell,10164.0,1,96,cancel_requested,fair_invalid_or_session_guard,PAUSED
20260303,45375000,09:36:15.000,20260303-AP605-00209,,AP605,target_buy,buy,9680.0,1,96,cancel_ack,fair_invalid_or_session_guard,PAUSED
20260303,45375000,09:36:15.000,20260303-AP605-00210,,AP605,target_sell,sell,10164.0,1,96,cancel_ack,fair_invalid_or_session_guard,PAUSED
20260303,45381000,09:36:21.000,20260303-AP605-00211,,AP605,target_buy,buy,9684.0,1,97,submit,initial_quote,FLAT_QUOTING
20260303,45381000,09:36:21.000,20260303-AP605-00212,,AP605,target_sell,sell,10168.0,1,97,submit,initial_quote,FLAT_QUOTING
20260303,45382000,09:36:22.000,20260303-AP605-00211,,AP605,target_buy,buy,9684.0,1,97,ack,,FLAT_QUOTING
20260303,45382000,09:36:22.000,20260303-AP605-00212,,AP605,target_sell,sell,10168.0,1,97,ack,,FLAT_QUOTING
20260303,45399000,09:36:39.000,20260303-AP605-00211,,AP605,target_buy,buy,9684.0,1,97,cancel_requested,fair_invalid_or_session_guard,PAUSED
20260303,45399000,09:36:39.000,20260303-AP605-00212,,AP605,target_sell,sell,10168.0,1,97,cancel_requested,fair_invalid_or_session_guard,PAUSED
20260303,45400000,09:36:40.000,20260303-AP605-00211,,AP605,target_buy,buy,9684.0,1,97,cancel_ack,fair_invalid_or_session_guard,PAUSED
20260303,45400000,09:36:40.000,20260303-AP605-00212,,AP605,target_sell,sell,10168.0,1,97,cancel_ack,fair_invalid_or_session_guard,PAUSED
20260303,45401000,09:36:41.000,20260303-AP605-00213,,AP605,target_buy,buy,9686.0,1,98,submit,initial_quote,FLAT_QUOTING
20260303,45401000,09:36:41.000,20260303-AP605-00214,,AP605,target_sell,sell,10170.0,1,98,submit,initial_quote,FLAT_QUOTING
20260303,45402000,09:36:42.000,20260303-AP605-00213,,AP605,target_buy,buy,9686.0,1,98,ack,,FLAT_QUOTING
20260303,45402000,09:36:42.000,20260303-AP605-00214,,AP605,target_sell,sell,10170.0,1,98,ack,,FLAT_QUOTING
20260303,45405000,09:36:45.000,20260303-AP605-00213,,AP605,target_buy,buy,9686.0,1,98,cancel_requested,fair_invalid_or_session_guard,PAUSED
20260303,45405000,09:36:45.000,20260303-AP605-00214,,AP605,target_sell,sell,10170.0,1,98,cancel_requested,fair_invalid_or_session_guard,PAUSED
20260303,45406000,09:36:46.000,20260303-AP605-00213,,AP605,target_buy,buy,9686.0,1,98,cancel_ack,fair_invalid_or_session_guard,PAUSED
20260303,45406000,09:36:46.000,20260303-AP605-00214,,AP605,target_sell,sell,10170.0,1,98,cancel_ack,fair_invalid_or_session_guard,PAUSED
20260303,45408000,09:36:48.000,20260303-AP605-00215,,AP605,target_buy,buy,9685.0,1,99,submit,initial_quote,FLAT_QUOTING
20260303,45408000,09:36:48.000,20260303-AP605-00216,,AP605,target_sell,sell,10169.0,1,99,submit,initial_quote,FLAT_QUOTING
20260303,45409000,09:36:49.000,20260303-AP605-00215,,AP605,target_buy,buy,9685.0,1,99,ack,,FLAT_QUOTING
20260303,45409000,09:36:49.000,20260303-AP605-00216,,AP605,target_sell,sell,10169.0,1,99,ack,,FLAT_QUOTING
20260303,45420000,09:37:00.000,20260303-AP605-00216,,AP605,target_sell,sell,10169.0,1,99,fill,interval_vwap,FLAT_QUOTING
20260303,45420000,09:37:00.000,20260303-AP605-00215,,AP605,target_buy,buy,9685.0,1,99,cancel_requested,opposite_target_fill,FLAT_QUOTING
20260303,45421000,09:37:01.000,20260303-AP605-00215,,AP605,target_buy,buy,9685.0,1,99,cancel_ack,opposite_target_fill,SHORT_PENDING_HEDGE
20260303,45421000,09:37:01.000,20260303-AP605-00217,20260303-AP605-0007,AP604,hedge_entry,buy,,1,99,submit,,SHORT_PENDING_HEDGE
20260303,45421000,09:37:01.000,20260303-AP605-00217,20260303-AP605-0007,AP604,hedge_entry,buy,9701.0,1,99,fill,quote_key=45420000,SHORT_PENDING_HEDGE
20260303,45422000,09:37:02.000,20260303-AP605-00218,20260303-AP605-0007,AP605,target_exit,buy,,1,99,submit,,FLATTENING
20260303,45422000,09:37:02.000,20260303-AP605-00218,20260303-AP605-0007,AP605,target_exit,buy,9935.0,1,99,fill,,FLATTENING
20260303,45422000,09:37:02.000,20260303-AP605-00219,20260303-AP605-0007,AP604,hedge_exit,sell,,1,99,submit,,FLATTENING
20260303,45422000,09:37:02.000,20260303-AP605-00219,20260303-AP605-0007,AP604,hedge_exit,sell,9679.0,1,99,fill,quote_key=45422000,FLATTENING
20260303,45424000,09:37:04.000,20260303-AP605-00220,,AP605,target_buy,buy,9686.0,1,100,submit,initial_quote,FLAT_QUOTING
20260303,45424000,09:37:04.000,20260303-AP605-00221,,AP605,target_sell,sell,10170.0,1,100,submit,initial_quote,FLAT_QUOTING
20260303,45425000,09:37:05.000,20260303-AP605-00220,,AP605,target_buy,buy,9686.0,1,100,ack,,FLAT_QUOTING
20260303,45425000,09:37:05.000,20260303-AP605-00221,,AP605,target_sell,sell,10170.0,1,100,ack,,FLAT_QUOTING
20260303,45447000,09:37:27.000,20260303-AP605-00220,,AP605,target_buy,buy,9686.0,1,100,cancel_requested,fair_invalid_or_session_guard,PAUSED
20260303,45447000,09:37:27.000,20260303-AP605-00221,,AP605,target_sell,sell,10170.0,1,100,cancel_requested,fair_invalid_or_session_guard,PAUSED
20260303,45448000,09:37:28.000,20260303-AP605-00220,,AP605,target_buy,buy,9686.0,1,100,cancel_ack,fair_invalid_or_session_guard,PAUSED
20260303,45448000,09:37:28.000,20260303-AP605-00221,,AP605,target_sell,sell,10170.0,1,100,cancel_ack,fair_invalid_or_session_guard,PAUSED
20260303,45449000,09:37:29.000,20260303-AP605-00222,,AP605,target_buy,buy,9686.0,1,101,submit,initial_quote,FLAT_QUOTING
20260303,45449000,09:37:29.000,20260303-AP605-00223,,AP605,target_sell,sell,10170.0,1,101,submit,initial_quote,FLAT_QUOTING
20260303,45450000,09:37:30.000,20260303-AP605-00222,,AP605,target_buy,buy,9686.0,1,101,ack,,FLAT_QUOTING
20260303,45450000,09:37:30.000,20260303-AP605-00223,,AP605,target_sell,sell,10170.0,1,101,ack,,FLAT_QUOTING
20260303,45454000,09:37:34.000,20260303-AP605-00222,,AP605,target_buy,buy,9686.0,1,101,cancel_requested,fair_invalid_or_session_guard,PAUSED
20260303,45454000,09:37:34.000,20260303-AP605-00223,,AP605,target_sell,sell,10170.0,1,101,cancel_requested,fair_invalid_or_session_guard,PAUSED
20260303,45455000,09:37:35.000,20260303-AP605-00222,,AP605,target_buy,buy,9686.0,1,101,cancel_ack,fair_invalid_or_session_guard,PAUSED
20260303,45455000,09:37:35.000,20260303-AP605-00223,,AP605,target_sell,sell,10170.0,1,101,cancel_ack,fair_invalid_or_session_guard,PAUSED
20260303,45462000,09:37:42.000,20260303-AP605-00224,,AP605,target_buy,buy,9689.0,1,102,submit,initial_quote,FLAT_QUOTING
20260303,45462000,09:37:42.000,20260303-AP605-00225,,AP605,target_sell,sell,10173.0,1,102,submit,initial_quote,FLAT_QUOTING
20260303,45463000,09:37:43.000,20260303-AP605-00224,,AP605,target_buy,buy,9689.0,1,102,ack,,FLAT_QUOTING
20260303,45463000,09:37:43.000,20260303-AP605-00225,,AP605,target_sell,sell,10173.0,1,102,ack,,FLAT_QUOTING
20260303,45507000,09:38:27.000,20260303-AP605-00224,,AP605,target_buy,buy,9689.0,1,102,cancel_requested,fair_invalid_or_session_guard,PAUSED
20260303,45507000,09:38:27.000,20260303-AP605-00225,,AP605,target_sell,sell,10173.0,1,102,cancel_requested,fair_invalid_or_session_guard,PAUSED
20260303,45508000,09:38:28.000,20260303-AP605-00224,,AP605,target_buy,buy,9689.0,1,102,cancel_ack,fair_invalid_or_session_guard,PAUSED
20260303,45508000,09:38:28.000,20260303-AP605-00225,,AP605,target_sell,sell,10173.0,1,102,cancel_ack,fair_invalid_or_session_guard,PAUSED
20260303,45512000,09:38:32.000,20260303-AP605-00226,,AP605,target_buy,buy,9682.0,1,103,submit,initial_quote,FLAT_QUOTING
20260303,45512000,09:38:32.000,20260303-AP605-00227,,AP605,target_sell,sell,10166.0,1,103,submit,initial_quote,FLAT_QUOTING
20260303,45513000,09:38:33.000,20260303-AP605-00226,,AP605,target_buy,buy,9682.0,1,103,ack,,FLAT_QUOTING
20260303,45513000,09:38:33.000,20260303-AP605-00227,,AP605,target_sell,sell,10166.0,1,103,ack,,FLAT_QUOTING
20260303,45521000,09:38:41.000,20260303-AP605-00226,,AP605,target_buy,buy,9682.0,1,103,cancel_requested,fair_invalid_or_session_guard,PAUSED
20260303,45521000,09:38:41.000,20260303-AP605-00227,,AP605,target_sell,sell,10166.0,1,103,cancel_requested,fair_invalid_or_session_guard,PAUSED
20260303,45522000,09:38:42.000,20260303-AP605-00226,,AP605,target_buy,buy,9682.0,1,103,cancel_ack,fair_invalid_or_session_guard,PAUSED
20260303,45522000,09:38:42.000,20260303-AP605-00227,,AP605,target_sell,sell,10166.0,1,103,cancel_ack,fair_invalid_or_session_guard,PAUSED
20260303,45526000,09:38:46.000,20260303-AP605-00228,,AP605,target_buy,buy,9682.0,1,104,submit,initial_quote,FLAT_QUOTING
20260303,45526000,09:38:46.000,20260303-AP605-00229,,AP605,target_sell,sell,10166.0,1,104,submit,initial_quote,FLAT_QUOTING
20260303,45527000,09:38:47.000,20260303-AP605-00228,,AP605,target_buy,buy,9682.0,1,104,ack,,FLAT_QUOTING
20260303,45527000,09:38:47.000,20260303-AP605-00229,,AP605,target_sell,sell,10166.0,1,104,ack,,FLAT_QUOTING
20260303,45531000,09:38:51.000,20260303-AP605-00228,,AP605,target_buy,buy,9682.0,1,104,cancel_requested,fair_invalid_or_session_guard,PAUSED
20260303,45531000,09:38:51.000,20260303-AP605-00229,,AP605,target_sell,sell,10166.0,1,104,cancel_requested,fair_invalid_or_session_guard,PAUSED
20260303,45532000,09:38:52.000,20260303-AP605-00228,,AP605,target_buy,buy,9682.0,1,104,cancel_ack,fair_invalid_or_session_guard,PAUSED
20260303,45532000,09:38:52.000,20260303-AP605-00229,,AP605,target_sell,sell,10166.0,1,104,cancel_ack,fair_invalid_or_session_guard,PAUSED
20260303,45534000,09:38:54.000,20260303-AP605-00230,,AP605,target_buy,buy,9682.0,1,105,submit,initial_quote,FLAT_QUOTING
20260303,45534000,09:38:54.000,20260303-AP605-00231,,AP605,target_sell,sell,10166.0,1,105,submit,initial_quote,FLAT_QUOTING
20260303,45535000,09:38:55.000,20260303-AP605-00230,,AP605,target_buy,buy,9682.0,1,105,ack,,FLAT_QUOTING
20260303,45535000,09:38:55.000,20260303-AP605-00231,,AP605,target_sell,sell,10166.0,1,105,ack,,FLAT_QUOTING
20260303,45607000,09:40:07.000,20260303-AP605-00230,,AP605,target_buy,buy,9682.0,1,105,cancel_requested,fair_invalid_or_session_guard,PAUSED
20260303,45607000,09:40:07.000,20260303-AP605-00231,,AP605,target_sell,sell,10166.0,1,105,cancel_requested,fair_invalid_or_session_guard,PAUSED
20260303,45608000,09:40:08.000,20260303-AP605-00230,,AP605,target_buy,buy,9682.0,1,105,cancel_ack,fair_invalid_or_session_guard,PAUSED
20260303,45608000,09:40:08.000,20260303-AP605-00231,,AP605,target_sell,sell,10166.0,1,105,cancel_ack,fair_invalid_or_session_guard,PAUSED
20260303,45609000,09:40:09.000,20260303-AP605-00232,,AP605,target_buy,buy,9682.0,1,106,submit,initial_quote,FLAT_QUOTING
20260303,45609000,09:40:09.000,20260303-AP605-00233,,AP605,target_sell,sell,10166.0,1,106,submit,initial_quote,FLAT_QUOTING
20260303,45610000,09:40:10.000,20260303-AP605-00232,,AP605,target_buy,buy,9682.0,1,106,ack,,FLAT_QUOTING
20260303,45610000,09:40:10.000,20260303-AP605-00233,,AP605,target_sell,sell,10166.0,1,106,ack,,FLAT_QUOTING
20260303,45632000,09:40:32.000,20260303-AP605-00232,,AP605,target_buy,buy,9682.0,1,106,cancel_requested,fair_invalid_or_session_guard,PAUSED
20260303,45632000,09:40:32.000,20260303-AP605-00233,,AP605,target_sell,sell,10166.0,1,106,cancel_requested,fair_invalid_or_session_guard,PAUSED
20260303,45633000,09:40:33.000,20260303-AP605-00232,,AP605,target_buy,buy,9682.0,1,106,cancel_ack,fair_invalid_or_session_guard,PAUSED
20260303,45633000,09:40:33.000,20260303-AP605-00233,,AP605,target_sell,sell,10166.0,1,106,cancel_ack,fair_invalid_or_session_guard,PAUSED
20260303,45636000,09:40:36.000,20260303-AP605-00234,,AP605,target_buy,buy,9684.0,1,107,submit,initial_quote,FLAT_QUOTING
20260303,45636000,09:40:36.000,20260303-AP605-00235,,AP605,target_sell,sell,10168.0,1,107,submit,initial_quote,FLAT_QUOTING
20260303,45637000,09:40:37.000,20260303-AP605-00234,,AP605,target_buy,buy,9684.0,1,107,ack,,FLAT_QUOTING
20260303,45637000,09:40:37.000,20260303-AP605-00235,,AP605,target_sell,sell,10168.0,1,107,ack,,FLAT_QUOTING
20260303,45657000,09:40:57.000,20260303-AP605-00234,,AP605,target_buy,buy,9684.0,1,107,cancel_requested,fair_invalid_or_session_guard,PAUSED
20260303,45657000,09:40:57.000,20260303-AP605-00235,,AP605,target_sell,sell,10168.0,1,107,cancel_requested,fair_invalid_or_session_guard,PAUSED
20260303,45658000,09:40:58.000,20260303-AP605-00234,,AP605,target_buy,buy,9684.0,1,107,cancel_ack,fair_invalid_or_session_guard,PAUSED
20260303,45658000,09:40:58.000,20260303-AP605-00235,,AP605,target_sell,sell,10168.0,1,107,cancel_ack,fair_invalid_or_session_guard,PAUSED
20260303,45670000,09:41:10.000,20260303-AP605-00236,,AP605,target_buy,buy,9683.0,1,108,submit,initial_quote,FLAT_QUOTING
20260303,45670000,09:41:10.000,20260303-AP605-00237,,AP605,target_sell,sell,10167.0,1,108,submit,initial_quote,FLAT_QUOTING
20260303,45671000,09:41:11.000,20260303-AP605-00236,,AP605,target_buy,buy,9683.0,1,108,ack,,FLAT_QUOTING
20260303,45671000,09:41:11.000,20260303-AP605-00237,,AP605,target_sell,sell,10167.0,1,108,ack,,FLAT_QUOTING
20260303,45676000,09:41:16.000,20260303-AP605-00236,,AP605,target_buy,buy,9683.0,1,108,cancel_requested,fair_invalid_or_session_guard,PAUSED
20260303,45676000,09:41:16.000,20260303-AP605-00237,,AP605,target_sell,sell,10167.0,1,108,cancel_requested,fair_invalid_or_session_guard,PAUSED
20260303,45677000,09:41:17.000,20260303-AP605-00236,,AP605,target_buy,buy,9683.0,1,108,cancel_ack,fair_invalid_or_session_guard,PAUSED
20260303,45677000,09:41:17.000,20260303-AP605-00237,,AP605,target_sell,sell,10167.0,1,108,cancel_ack,fair_invalid_or_session_guard,PAUSED
20260303,45681000,09:41:21.000,20260303-AP605-00238,,AP605,target_buy,buy,9681.0,1,109,submit,initial_quote,FLAT_QUOTING
20260303,45681000,09:41:21.000,20260303-AP605-00239,,AP605,target_sell,sell,10165.0,1,109,submit,initial_quote,FLAT_QUOTING
20260303,45682000,09:41:22.000,20260303-AP605-00238,,AP605,target_buy,buy,9681.0,1,109,ack,,FLAT_QUOTING
20260303,45682000,09:41:22.000,20260303-AP605-00239,,AP605,target_sell,sell,10165.0,1,109,ack,,FLAT_QUOTING
20260303,45685000,09:41:25.000,20260303-AP605-00238,,AP605,target_buy,buy,9681.0,1,109,cancel_requested,fair_invalid_or_session_guard,PAUSED
20260303,45685000,09:41:25.000,20260303-AP605-00239,,AP605,target_sell,sell,10165.0,1,109,cancel_requested,fair_invalid_or_session_guard,PAUSED
20260303,45686000,09:41:26.000,20260303-AP605-00238,,AP605,target_buy,buy,9681.0,1,109,cancel_ack,fair_invalid_or_session_guard,PAUSED
20260303,45686000,09:41:26.000,20260303-AP605-00239,,AP605,target_sell,sell,10165.0,1,109,cancel_ack,fair_invalid_or_session_guard,PAUSED
20260303,45687000,09:41:27.000,20260303-AP605-00240,,AP605,target_buy,buy,9681.0,1,110,submit,initial_quote,FLAT_QUOTING
20260303,45687000,09:41:27.000,20260303-AP605-00241,,AP605,target_sell,sell,10165.0,1,110,submit,initial_quote,FLAT_QUOTING
20260303,45688000,09:41:28.000,20260303-AP605-00240,,AP605,target_buy,buy,9681.0,1,110,ack,,FLAT_QUOTING
20260303,45688000,09:41:28.000,20260303-AP605-00241,,AP605,target_sell,sell,10165.0,1,110,ack,,FLAT_QUOTING
20260303,45695000,09:41:35.000,20260303-AP605-00240,,AP605,target_buy,buy,9681.0,1,110,cancel_requested,fair_invalid_or_session_guard,PAUSED
20260303,45695000,09:41:35.000,20260303-AP605-00241,,AP605,target_sell,sell,10165.0,1,110,cancel_requested,fair_invalid_or_session_guard,PAUSED
20260303,45696000,09:41:36.000,20260303-AP605-00240,,AP605,target_buy,buy,9681.0,1,110,cancel_ack,fair_invalid_or_session_guard,PAUSED
20260303,45696000,09:41:36.000,20260303-AP605-00241,,AP605,target_sell,sell,10165.0,1,110,cancel_ack,fair_invalid_or_session_guard,PAUSED
20260303,45697000,09:41:37.000,20260303-AP605-00242,,AP605,target_buy,buy,9679.0,1,111,submit,initial_quote,FLAT_QUOTING
20260303,45697000,09:41:37.000,20260303-AP605-00243,,AP605,target_sell,sell,10163.0,1,111,submit,initial_quote,FLAT_QUOTING
20260303,45698000,09:41:38.000,20260303-AP605-00242,,AP605,target_buy,buy,9679.0,1,111,ack,,FLAT_QUOTING
20260303,45698000,09:41:38.000,20260303-AP605-00243,,AP605,target_sell,sell,10163.0,1,111,ack,,FLAT_QUOTING
20260303,45704000,09:41:44.000,20260303-AP605-00242,,AP605,target_buy,buy,9679.0,1,111,cancel_requested,fair_invalid_or_session_guard,PAUSED
20260303,45704000,09:41:44.000,20260303-AP605-00243,,AP605,target_sell,sell,10163.0,1,111,cancel_requested,fair_invalid_or_session_guard,PAUSED
20260303,45705000,09:41:45.000,20260303-AP605-00242,,AP605,target_buy,buy,9679.0,1,111,cancel_ack,fair_invalid_or_session_guard,PAUSED
20260303,45705000,09:41:45.000,20260303-AP605-00243,,AP605,target_sell,sell,10163.0,1,111,cancel_ack,fair_invalid_or_session_guard,PAUSED
20260303,45718000,09:41:58.000,20260303-AP605-00244,,AP605,target_buy,buy,9678.0,1,112,submit,initial_quote,FLAT_QUOTING
20260303,45718000,09:41:58.000,20260303-AP605-00245,,AP605,target_sell,sell,10162.0,1,112,submit,initial_quote,FLAT_QUOTING
20260303,45719000,09:41:59.000,20260303-AP605-00244,,AP605,target_buy,buy,9678.0,1,112,ack,,FLAT_QUOTING
20260303,45719000,09:41:59.000,20260303-AP605-00245,,AP605,target_sell,sell,10162.0,1,112,ack,,FLAT_QUOTING
20260303,45743000,09:42:23.000,20260303-AP605-00244,,AP605,target_buy,buy,9678.0,1,112,cancel_requested,fair_invalid_or_session_guard,PAUSED
20260303,45743000,09:42:23.000,20260303-AP605-00245,,AP605,target_sell,sell,10162.0,1,112,cancel_requested,fair_invalid_or_session_guard,PAUSED
20260303,45744000,09:42:24.000,20260303-AP605-00244,,AP605,target_buy,buy,9678.0,1,112,cancel_ack,fair_invalid_or_session_guard,PAUSED
20260303,45744000,09:42:24.000,20260303-AP605-00245,,AP605,target_sell,sell,10162.0,1,112,cancel_ack,fair_invalid_or_session_guard,PAUSED
20260303,45746000,09:42:26.000,20260303-AP605-00246,,AP605,target_buy,buy,9679.0,1,113,submit,initial_quote,FLAT_QUOTING
20260303,45746000,09:42:26.000,20260303-AP605-00247,,AP605,target_sell,sell,10163.0,1,113,submit,initial_quote,FLAT_QUOTING
20260303,45747000,09:42:27.000,20260303-AP605-00246,,AP605,target_buy,buy,9679.0,1,113,ack,,FLAT_QUOTING
20260303,45747000,09:42:27.000,20260303-AP605-00247,,AP605,target_sell,sell,10163.0,1,113,ack,,FLAT_QUOTING
20260303,45755000,09:42:35.000,20260303-AP605-00246,,AP605,target_buy,buy,9679.0,1,113,cancel_requested,fair_invalid_or_session_guard,PAUSED
20260303,45755000,09:42:35.000,20260303-AP605-00247,,AP605,target_sell,sell,10163.0,1,113,cancel_requested,fair_invalid_or_session_guard,PAUSED
20260303,45756000,09:42:36.000,20260303-AP605-00246,,AP605,target_buy,buy,9679.0,1,113,cancel_ack,fair_invalid_or_session_guard,PAUSED
20260303,45756000,09:42:36.000,20260303-AP605-00247,,AP605,target_sell,sell,10163.0,1,113,cancel_ack,fair_invalid_or_session_guard,PAUSED
20260303,45757000,09:42:37.000,20260303-AP605-00248,,AP605,target_buy,buy,9678.0,1,114,submit,initial_quote,FLAT_QUOTING
20260303,45757000,09:42:37.000,20260303-AP605-00249,,AP605,target_sell,sell,10162.0,1,114,submit,initial_quote,FLAT_QUOTING
20260303,45758000,09:42:38.000,20260303-AP605-00248,,AP605,target_buy,buy,9678.0,1,114,ack,,FLAT_QUOTING
20260303,45758000,09:42:38.000,20260303-AP605-00249,,AP605,target_sell,sell,10162.0,1,114,ack,,FLAT_QUOTING
20260303,45761000,09:42:41.000,20260303-AP605-00248,,AP605,target_buy,buy,9678.0,1,114,cancel_requested,fair_invalid_or_session_guard,PAUSED
20260303,45761000,09:42:41.000,20260303-AP605-00249,,AP605,target_sell,sell,10162.0,1,114,cancel_requested,fair_invalid_or_session_guard,PAUSED
20260303,45762000,09:42:42.000,20260303-AP605-00248,,AP605,target_buy,buy,9678.0,1,114,cancel_ack,fair_invalid_or_session_guard,PAUSED
20260303,45762000,09:42:42.000,20260303-AP605-00249,,AP605,target_sell,sell,10162.0,1,114,cancel_ack,fair_invalid_or_session_guard,PAUSED
20260303,45766000,09:42:46.000,20260303-AP605-00250,,AP605,target_buy,buy,9680.0,1,115,submit,initial_quote,FLAT_QUOTING
20260303,45766000,09:42:46.000,20260303-AP605-00251,,AP605,target_sell,sell,10164.0,1,115,submit,initial_quote,FLAT_QUOTING
20260303,45767000,09:42:47.000,20260303-AP605-00250,,AP605,target_buy,buy,9680.0,1,115,ack,,FLAT_QUOTING
20260303,45767000,09:42:47.000,20260303-AP605-00251,,AP605,target_sell,sell,10164.0,1,115,ack,,FLAT_QUOTING
20260303,45810000,09:43:30.000,20260303-AP605-00250,,AP605,target_buy,buy,9680.0,1,115,cancel_requested,fair_invalid_or_session_guard,PAUSED
20260303,45810000,09:43:30.000,20260303-AP605-00251,,AP605,target_sell,sell,10164.0,1,115,cancel_requested,fair_invalid_or_session_guard,PAUSED
20260303,45811000,09:43:31.000,20260303-AP605-00250,,AP605,target_buy,buy,9680.0,1,115,cancel_ack,fair_invalid_or_session_guard,PAUSED
20260303,45811000,09:43:31.000,20260303-AP605-00251,,AP605,target_sell,sell,10164.0,1,115,cancel_ack,fair_invalid_or_session_guard,PAUSED
20260303,45835000,09:43:55.000,20260303-AP605-00252,,AP605,target_buy,buy,9688.0,1,116,submit,initial_quote,FLAT_QUOTING
20260303,45835000,09:43:55.000,20260303-AP605-00253,,AP605,target_sell,sell,10172.0,1,116,submit,initial_quote,FLAT_QUOTING
20260303,45836000,09:43:56.000,20260303-AP605-00252,,AP605,target_buy,buy,9688.0,1,116,ack,,FLAT_QUOTING
20260303,45836000,09:43:56.000,20260303-AP605-00253,,AP605,target_sell,sell,10172.0,1,116,ack,,FLAT_QUOTING
20260303,45870000,09:44:30.000,20260303-AP605-00252,,AP605,target_buy,buy,9688.0,1,116,cancel_requested,fair_invalid_or_session_guard,PAUSED
20260303,45870000,09:44:30.000,20260303-AP605-00253,,AP605,target_sell,sell,10172.0,1,116,cancel_requested,fair_invalid_or_session_guard,PAUSED
20260303,45871000,09:44:31.000,20260303-AP605-00252,,AP605,target_buy,buy,9688.0,1,116,cancel_ack,fair_invalid_or_session_guard,PAUSED
20260303,45871000,09:44:31.000,20260303-AP605-00253,,AP605,target_sell,sell,10172.0,1,116,cancel_ack,fair_invalid_or_session_guard,PAUSED
20260303,45883000,09:44:43.000,20260303-AP605-00254,,AP605,target_buy,buy,9685.0,1,117,submit,initial_quote,FLAT_QUOTING
20260303,45883000,09:44:43.000,20260303-AP605-00255,,AP605,target_sell,sell,10169.0,1,117,submit,initial_quote,FLAT_QUOTING
20260303,45884000,09:44:44.000,20260303-AP605-00254,,AP605,target_buy,buy,9685.0,1,117,ack,,FLAT_QUOTING
20260303,45884000,09:44:44.000,20260303-AP605-00255,,AP605,target_sell,sell,10169.0,1,117,ack,,FLAT_QUOTING
20260303,45887000,09:44:47.000,20260303-AP605-00254,,AP605,target_buy,buy,9685.0,1,117,cancel_requested,fair_invalid_or_session_guard,PAUSED
20260303,45887000,09:44:47.000,20260303-AP605-00255,,AP605,target_sell,sell,10169.0,1,117,cancel_requested,fair_invalid_or_session_guard,PAUSED
20260303,45888000,09:44:48.000,20260303-AP605-00254,,AP605,target_buy,buy,9685.0,1,117,cancel_ack,fair_invalid_or_session_guard,PAUSED
20260303,45888000,09:44:48.000,20260303-AP605-00255,,AP605,target_sell,sell,10169.0,1,117,cancel_ack,fair_invalid_or_session_guard,PAUSED
20260303,45890000,09:44:50.000,20260303-AP605-00256,,AP605,target_buy,buy,9685.0,1,118,submit,initial_quote,FLAT_QUOTING
20260303,45890000,09:44:50.000,20260303-AP605-00257,,AP605,target_sell,sell,10169.0,1,118,submit,initial_quote,FLAT_QUOTING
20260303,45891000,09:44:51.000,20260303-AP605-00256,,AP605,target_buy,buy,9685.0,1,118,ack,,FLAT_QUOTING
20260303,45891000,09:44:51.000,20260303-AP605-00257,,AP605,target_sell,sell,10169.0,1,118,ack,,FLAT_QUOTING
20260303,45922000,09:45:22.000,20260303-AP605-00256,,AP605,target_buy,buy,9685.0,1,118,cancel_requested,fair_invalid_or_session_guard,PAUSED
20260303,45922000,09:45:22.000,20260303-AP605-00257,,AP605,target_sell,sell,10169.0,1,118,cancel_requested,fair_invalid_or_session_guard,PAUSED
20260303,45923000,09:45:23.000,20260303-AP605-00256,,AP605,target_buy,buy,9685.0,1,118,cancel_ack,fair_invalid_or_session_guard,PAUSED
20260303,45923000,09:45:23.000,20260303-AP605-00257,,AP605,target_sell,sell,10169.0,1,118,cancel_ack,fair_invalid_or_session_guard,PAUSED
20260303,45924000,09:45:24.000,20260303-AP605-00258,,AP605,target_buy,buy,9688.0,1,119,submit,initial_quote,FLAT_QUOTING
20260303,45924000,09:45:24.000,20260303-AP605-00259,,AP605,target_sell,sell,10172.0,1,119,submit,initial_quote,FLAT_QUOTING
20260303,45925000,09:45:25.000,20260303-AP605-00258,,AP605,target_buy,buy,9688.0,1,119,ack,,FLAT_QUOTING
20260303,45925000,09:45:25.000,20260303-AP605-00259,,AP605,target_sell,sell,10172.0,1,119,ack,,FLAT_QUOTING
20260303,46031000,09:47:11.000,20260303-AP605-00258,,AP605,target_buy,buy,9688.0,1,119,cancel_requested,fair_invalid_or_session_guard,PAUSED
20260303,46031000,09:47:11.000,20260303-AP605-00259,,AP605,target_sell,sell,10172.0,1,119,cancel_requested,fair_invalid_or_session_guard,PAUSED
20260303,46032000,09:47:12.000,20260303-AP605-00258,,AP605,target_buy,buy,9688.0,1,119,cancel_ack,fair_invalid_or_session_guard,PAUSED
20260303,46032000,09:47:12.000,20260303-AP605-00259,,AP605,target_sell,sell,10172.0,1,119,cancel_ack,fair_invalid_or_session_guard,PAUSED
20260303,46033000,09:47:13.000,20260303-AP605-00260,,AP605,target_buy,buy,9694.0,1,120,submit,initial_quote,FLAT_QUOTING
20260303,46033000,09:47:13.000,20260303-AP605-00261,,AP605,target_sell,sell,10178.0,1,120,submit,initial_quote,FLAT_QUOTING
20260303,46034000,09:47:14.000,20260303-AP605-00260,,AP605,target_buy,buy,9694.0,1,120,ack,,FLAT_QUOTING
20260303,46034000,09:47:14.000,20260303-AP605-00261,,AP605,target_sell,sell,10178.0,1,120,ack,,FLAT_QUOTING
20260303,46041000,09:47:21.000,20260303-AP605-00260,,AP605,target_buy,buy,9694.0,1,120,cancel_requested,fair_invalid_or_session_guard,PAUSED
20260303,46041000,09:47:21.000,20260303-AP605-00261,,AP605,target_sell,sell,10178.0,1,120,cancel_requested,fair_invalid_or_session_guard,PAUSED
20260303,46042000,09:47:22.000,20260303-AP605-00260,,AP605,target_buy,buy,9694.0,1,120,cancel_ack,fair_invalid_or_session_guard,PAUSED
20260303,46042000,09:47:22.000,20260303-AP605-00261,,AP605,target_sell,sell,10178.0,1,120,cancel_ack,fair_invalid_or_session_guard,PAUSED
20260303,46043000,09:47:23.000,20260303-AP605-00262,,AP605,target_buy,buy,9696.0,1,121,submit,initial_quote,FLAT_QUOTING
20260303,46043000,09:47:23.000,20260303-AP605-00263,,AP605,target_sell,sell,10180.0,1,121,submit,initial_quote,FLAT_QUOTING
20260303,46044000,09:47:24.000,20260303-AP605-00262,,AP605,target_buy,buy,9696.0,1,121,ack,,FLAT_QUOTING
20260303,46044000,09:47:24.000,20260303-AP605-00263,,AP605,target_sell,sell,10180.0,1,121,ack,,FLAT_QUOTING
20260303,46047000,09:47:27.000,20260303-AP605-00262,,AP605,target_buy,buy,9696.0,1,121,cancel_requested,fair_invalid_or_session_guard,PAUSED
20260303,46047000,09:47:27.000,20260303-AP605-00263,,AP605,target_sell,sell,10180.0,1,121,cancel_requested,fair_invalid_or_session_guard,PAUSED
20260303,46048000,09:47:28.000,20260303-AP605-00262,,AP605,target_buy,buy,9696.0,1,121,cancel_ack,fair_invalid_or_session_guard,PAUSED
20260303,46048000,09:47:28.000,20260303-AP605-00263,,AP605,target_sell,sell,10180.0,1,121,cancel_ack,fair_invalid_or_session_guard,PAUSED
20260303,46063000,09:47:43.000,20260303-AP605-00264,,AP605,target_buy,buy,9698.0,1,122,submit,initial_quote,FLAT_QUOTING
20260303,46063000,09:47:43.000,20260303-AP605-00265,,AP605,target_sell,sell,10182.0,1,122,submit,initial_quote,FLAT_QUOTING
20260303,46064000,09:47:44.000,20260303-AP605-00264,,AP605,target_buy,buy,9698.0,1,122,ack,,FLAT_QUOTING
20260303,46064000,09:47:44.000,20260303-AP605-00265,,AP605,target_sell,sell,10182.0,1,122,ack,,FLAT_QUOTING
20260303,46071000,09:47:51.000,20260303-AP605-00264,,AP605,target_buy,buy,9698.0,1,122,cancel_requested,fair_invalid_or_session_guard,PAUSED
20260303,46071000,09:47:51.000,20260303-AP605-00265,,AP605,target_sell,sell,10182.0,1,122,cancel_requested,fair_invalid_or_session_guard,PAUSED
20260303,46072000,09:47:52.000,20260303-AP605-00264,,AP605,target_buy,buy,9698.0,1,122,cancel_ack,fair_invalid_or_session_guard,PAUSED
20260303,46072000,09:47:52.000,20260303-AP605-00265,,AP605,target_sell,sell,10182.0,1,122,cancel_ack,fair_invalid_or_session_guard,PAUSED
20260303,46076000,09:47:56.000,20260303-AP605-00266,,AP605,target_buy,buy,9696.0,1,123,submit,initial_quote,FLAT_QUOTING
20260303,46076000,09:47:56.000,20260303-AP605-00267,,AP605,target_sell,sell,10180.0,1,123,submit,initial_quote,FLAT_QUOTING
20260303,46078000,09:47:58.000,20260303-AP605-00266,,AP605,target_buy,buy,9696.0,1,123,ack,,FLAT_QUOTING
20260303,46078000,09:47:58.000,20260303-AP605-00267,,AP605,target_sell,sell,10180.0,1,123,ack,,FLAT_QUOTING
20260303,46082000,09:48:02.000,20260303-AP605-00267,,AP605,target_sell,sell,10180.0,1,123,fill,interval_vwap,FLAT_QUOTING
20260303,46082000,09:48:02.000,20260303-AP605-00266,,AP605,target_buy,buy,9696.0,1,123,cancel_requested,opposite_target_fill,FLAT_QUOTING
20260303,46083000,09:48:03.000,20260303-AP605-00266,,AP605,target_buy,buy,9696.0,1,123,cancel_ack,opposite_target_fill,SHORT_PENDING_HEDGE
20260303,46083000,09:48:03.000,20260303-AP605-00268,20260303-AP605-0008,AP604,hedge_entry,buy,,1,123,submit,,SHORT_PENDING_HEDGE
20260303,46083000,09:48:03.000,20260303-AP605-00268,20260303-AP605-0008,AP604,hedge_entry,buy,9699.0,1,123,fill,quote_key=46083000,SHORT_PENDING_HEDGE
20260303,46084000,09:48:04.000,20260303-AP605-00269,20260303-AP605-0008,AP605,target_exit,buy,,1,123,submit,,FLATTENING
20260303,46084000,09:48:04.000,20260303-AP605-00269,20260303-AP605-0008,AP605,target_exit,buy,9946.0,1,123,fill,,FLATTENING
20260303,46084000,09:48:04.000,20260303-AP605-00270,20260303-AP605-0008,AP604,hedge_exit,sell,,1,123,submit,,FLATTENING
20260303,46084000,09:48:04.000,20260303-AP605-00270,20260303-AP605-0008,AP604,hedge_exit,sell,9673.0,1,123,fill,quote_key=46084000,FLATTENING
20260303,46091000,09:48:11.000,20260303-AP605-00271,,AP605,target_buy,buy,9698.0,1,124,submit,initial_quote,FLAT_QUOTING
20260303,46091000,09:48:11.000,20260303-AP605-00272,,AP605,target_sell,sell,10182.0,1,124,submit,initial_quote,FLAT_QUOTING
20260303,46092000,09:48:12.000,20260303-AP605-00271,,AP605,target_buy,buy,9698.0,1,124,ack,,FLAT_QUOTING
20260303,46092000,09:48:12.000,20260303-AP605-00272,,AP605,target_sell,sell,10182.0,1,124,ack,,FLAT_QUOTING
20260303,46096000,09:48:16.000,20260303-AP605-00271,,AP605,target_buy,buy,9698.0,1,124,cancel_requested,fair_invalid_or_session_guard,PAUSED
20260303,46096000,09:48:16.000,20260303-AP605-00272,,AP605,target_sell,sell,10182.0,1,124,cancel_requested,fair_invalid_or_session_guard,PAUSED
20260303,46097000,09:48:17.000,20260303-AP605-00271,,AP605,target_buy,buy,9698.0,1,124,cancel_ack,fair_invalid_or_session_guard,PAUSED
20260303,46097000,09:48:17.000,20260303-AP605-00272,,AP605,target_sell,sell,10182.0,1,124,cancel_ack,fair_invalid_or_session_guard,PAUSED
20260303,46123000,09:48:43.000,20260303-AP605-00273,,AP605,target_buy,buy,9696.0,1,125,submit,initial_quote,FLAT_QUOTING
20260303,46123000,09:48:43.000,20260303-AP605-00274,,AP605,target_sell,sell,10180.0,1,125,submit,initial_quote,FLAT_QUOTING
20260303,46124000,09:48:44.000,20260303-AP605-00273,,AP605,target_buy,buy,9696.0,1,125,ack,,FLAT_QUOTING
20260303,46124000,09:48:44.000,20260303-AP605-00274,,AP605,target_sell,sell,10180.0,1,125,ack,,FLAT_QUOTING
20260303,46126000,09:48:46.000,20260303-AP605-00273,,AP605,target_buy,buy,9696.0,1,125,cancel_requested,fair_invalid_or_session_guard,PAUSED
20260303,46126000,09:48:46.000,20260303-AP605-00274,,AP605,target_sell,sell,10180.0,1,125,cancel_requested,fair_invalid_or_session_guard,PAUSED
20260303,46127000,09:48:47.000,20260303-AP605-00273,,AP605,target_buy,buy,9696.0,1,125,cancel_ack,fair_invalid_or_session_guard,PAUSED
20260303,46127000,09:48:47.000,20260303-AP605-00274,,AP605,target_sell,sell,10180.0,1,125,cancel_ack,fair_invalid_or_session_guard,PAUSED
20260303,46131000,09:48:51.000,20260303-AP605-00275,,AP605,target_buy,buy,9696.0,1,126,submit,initial_quote,FLAT_QUOTING
20260303,46131000,09:48:51.000,20260303-AP605-00276,,AP605,target_sell,sell,10180.0,1,126,submit,initial_quote,FLAT_QUOTING
20260303,46132000,09:48:52.000,20260303-AP605-00275,,AP605,target_buy,buy,9696.0,1,126,ack,,FLAT_QUOTING
20260303,46132000,09:48:52.000,20260303-AP605-00276,,AP605,target_sell,sell,10180.0,1,126,ack,,FLAT_QUOTING
20260303,46169000,09:49:29.000,20260303-AP605-00275,,AP605,target_buy,buy,9696.0,1,126,cancel_requested,fair_invalid_or_session_guard,PAUSED
20260303,46169000,09:49:29.000,20260303-AP605-00276,,AP605,target_sell,sell,10180.0,1,126,cancel_requested,fair_invalid_or_session_guard,PAUSED
20260303,46170000,09:49:30.000,20260303-AP605-00275,,AP605,target_buy,buy,9696.0,1,126,cancel_ack,fair_invalid_or_session_guard,PAUSED
20260303,46170000,09:49:30.000,20260303-AP605-00276,,AP605,target_sell,sell,10180.0,1,126,cancel_ack,fair_invalid_or_session_guard,PAUSED
20260303,46171000,09:49:31.000,20260303-AP605-00277,,AP605,target_buy,buy,9692.0,1,127,submit,initial_quote,FLAT_QUOTING
20260303,46171000,09:49:31.000,20260303-AP605-00278,,AP605,target_sell,sell,10176.0,1,127,submit,initial_quote,FLAT_QUOTING
20260303,46172000,09:49:32.000,20260303-AP605-00277,,AP605,target_buy,buy,9692.0,1,127,ack,,FLAT_QUOTING
20260303,46172000,09:49:32.000,20260303-AP605-00278,,AP605,target_sell,sell,10176.0,1,127,ack,,FLAT_QUOTING
20260303,46210000,09:50:10.000,20260303-AP605-00277,,AP605,target_buy,buy,9692.0,1,127,cancel_requested,fair_invalid_or_session_guard,PAUSED
20260303,46210000,09:50:10.000,20260303-AP605-00278,,AP605,target_sell,sell,10176.0,1,127,cancel_requested,fair_invalid_or_session_guard,PAUSED
20260303,46211000,09:50:11.000,20260303-AP605-00277,,AP605,target_buy,buy,9692.0,1,127,cancel_ack,fair_invalid_or_session_guard,PAUSED
20260303,46211000,09:50:11.000,20260303-AP605-00278,,AP605,target_sell,sell,10176.0,1,127,cancel_ack,fair_invalid_or_session_guard,PAUSED
20260303,46212000,09:50:12.000,20260303-AP605-00279,,AP605,target_buy,buy,9694.0,1,128,submit,initial_quote,FLAT_QUOTING
20260303,46212000,09:50:12.000,20260303-AP605-00280,,AP605,target_sell,sell,10178.0,1,128,submit,initial_quote,FLAT_QUOTING
20260303,46213000,09:50:13.000,20260303-AP605-00279,,AP605,target_buy,buy,9694.0,1,128,ack,,FLAT_QUOTING
20260303,46213000,09:50:13.000,20260303-AP605-00280,,AP605,target_sell,sell,10178.0,1,128,ack,,FLAT_QUOTING
20260303,46233000,09:50:33.000,20260303-AP605-00279,,AP605,target_buy,buy,9694.0,1,128,cancel_requested,fair_invalid_or_session_guard,PAUSED
20260303,46233000,09:50:33.000,20260303-AP605-00280,,AP605,target_sell,sell,10178.0,1,128,cancel_requested,fair_invalid_or_session_guard,PAUSED
20260303,46234000,09:50:34.000,20260303-AP605-00279,,AP605,target_buy,buy,9694.0,1,128,cancel_ack,fair_invalid_or_session_guard,PAUSED
20260303,46234000,09:50:34.000,20260303-AP605-00280,,AP605,target_sell,sell,10178.0,1,128,cancel_ack,fair_invalid_or_session_guard,PAUSED
20260303,46236000,09:50:36.000,20260303-AP605-00281,,AP605,target_buy,buy,9694.0,1,129,submit,initial_quote,FLAT_QUOTING
20260303,46236000,09:50:36.000,20260303-AP605-00282,,AP605,target_sell,sell,10178.0,1,129,submit,initial_quote,FLAT_QUOTING
20260303,46238000,09:50:38.000,20260303-AP605-00281,,AP605,target_buy,buy,9694.0,1,129,ack,,FLAT_QUOTING
20260303,46238000,09:50:38.000,20260303-AP605-00282,,AP605,target_sell,sell,10178.0,1,129,ack,,FLAT_QUOTING
20260303,46239000,09:50:39.000,20260303-AP605-00281,,AP605,target_buy,buy,9694.0,1,129,cancel_requested,fair_invalid_or_session_guard,PAUSED
20260303,46239000,09:50:39.000,20260303-AP605-00282,,AP605,target_sell,sell,10178.0,1,129,cancel_requested,fair_invalid_or_session_guard,PAUSED
20260303,46240000,09:50:40.000,20260303-AP605-00281,,AP605,target_buy,buy,9694.0,1,129,cancel_ack,fair_invalid_or_session_guard,PAUSED
20260303,46240000,09:50:40.000,20260303-AP605-00282,,AP605,target_sell,sell,10178.0,1,129,cancel_ack,fair_invalid_or_session_guard,PAUSED
20260303,46303000,09:51:43.000,20260303-AP605-00283,,AP605,target_buy,buy,9696.0,1,130,submit,initial_quote,FLAT_QUOTING
20260303,46303000,09:51:43.000,20260303-AP605-00284,,AP605,target_sell,sell,10180.0,1,130,submit,initial_quote,FLAT_QUOTING
20260303,46304000,09:51:44.000,20260303-AP605-00283,,AP605,target_buy,buy,9696.0,1,130,ack,,FLAT_QUOTING
20260303,46304000,09:51:44.000,20260303-AP605-00284,,AP605,target_sell,sell,10180.0,1,130,ack,,FLAT_QUOTING
20260303,46308000,09:51:48.000,20260303-AP605-00283,,AP605,target_buy,buy,9696.0,1,130,cancel_requested,fair_invalid_or_session_guard,PAUSED
20260303,46308000,09:51:48.000,20260303-AP605-00284,,AP605,target_sell,sell,10180.0,1,130,cancel_requested,fair_invalid_or_session_guard,PAUSED
20260303,46309000,09:51:49.000,20260303-AP605-00283,,AP605,target_buy,buy,9696.0,1,130,cancel_ack,fair_invalid_or_session_guard,PAUSED
20260303,46309000,09:51:49.000,20260303-AP605-00284,,AP605,target_sell,sell,10180.0,1,130,cancel_ack,fair_invalid_or_session_guard,PAUSED
20260303,46316000,09:51:56.000,20260303-AP605-00285,,AP605,target_buy,buy,9696.0,1,131,submit,initial_quote,FLAT_QUOTING
20260303,46316000,09:51:56.000,20260303-AP605-00286,,AP605,target_sell,sell,10180.0,1,131,submit,initial_quote,FLAT_QUOTING
20260303,46317000,09:51:57.000,20260303-AP605-00285,,AP605,target_buy,buy,9696.0,1,131,ack,,FLAT_QUOTING
20260303,46317000,09:51:57.000,20260303-AP605-00286,,AP605,target_sell,sell,10180.0,1,131,ack,,FLAT_QUOTING
20260303,46320000,09:52:00.000,20260303-AP605-00285,,AP605,target_buy,buy,9696.0,1,131,cancel_requested,fair_invalid_or_session_guard,PAUSED
20260303,46320000,09:52:00.000,20260303-AP605-00286,,AP605,target_sell,sell,10180.0,1,131,cancel_requested,fair_invalid_or_session_guard,PAUSED
20260303,46321000,09:52:01.000,20260303-AP605-00285,,AP605,target_buy,buy,9696.0,1,131,cancel_ack,fair_invalid_or_session_guard,PAUSED
20260303,46321000,09:52:01.000,20260303-AP605-00286,,AP605,target_sell,sell,10180.0,1,131,cancel_ack,fair_invalid_or_session_guard,PAUSED
20260303,46375000,09:52:55.000,20260303-AP605-00287,,AP605,target_buy,buy,9696.0,1,132,submit,initial_quote,FLAT_QUOTING
20260303,46375000,09:52:55.000,20260303-AP605-00288,,AP605,target_sell,sell,10180.0,1,132,submit,initial_quote,FLAT_QUOTING
20260303,46376000,09:52:56.000,20260303-AP605-00287,,AP605,target_buy,buy,9696.0,1,132,ack,,FLAT_QUOTING
20260303,46376000,09:52:56.000,20260303-AP605-00288,,AP605,target_sell,sell,10180.0,1,132,ack,,FLAT_QUOTING
20260303,46379000,09:52:59.000,20260303-AP605-00287,,AP605,target_buy,buy,9696.0,1,132,cancel_requested,fair_invalid_or_session_guard,PAUSED
20260303,46379000,09:52:59.000,20260303-AP605-00288,,AP605,target_sell,sell,10180.0,1,132,cancel_requested,fair_invalid_or_session_guard,PAUSED
20260303,46380000,09:53:00.000,20260303-AP605-00287,,AP605,target_buy,buy,9696.0,1,132,cancel_ack,fair_invalid_or_session_guard,PAUSED
20260303,46380000,09:53:00.000,20260303-AP605-00288,,AP605,target_sell,sell,10180.0,1,132,cancel_ack,fair_invalid_or_session_guard,PAUSED
20260303,46389000,09:53:09.000,20260303-AP605-00289,,AP605,target_buy,buy,9697.0,1,133,submit,initial_quote,FLAT_QUOTING
20260303,46389000,09:53:09.000,20260303-AP605-00290,,AP605,target_sell,sell,10181.0,1,133,submit,initial_quote,FLAT_QUOTING
20260303,46390000,09:53:10.000,20260303-AP605-00289,,AP605,target_buy,buy,9697.0,1,133,ack,,FLAT_QUOTING
20260303,46390000,09:53:10.000,20260303-AP605-00290,,AP605,target_sell,sell,10181.0,1,133,ack,,FLAT_QUOTING
20260303,46392000,09:53:12.000,20260303-AP605-00289,,AP605,target_buy,buy,9697.0,1,133,cancel_requested,fair_invalid_or_session_guard,PAUSED
20260303,46392000,09:53:12.000,20260303-AP605-00290,,AP605,target_sell,sell,10181.0,1,133,cancel_requested,fair_invalid_or_session_guard,PAUSED
20260303,46393000,09:53:13.000,20260303-AP605-00289,,AP605,target_buy,buy,9697.0,1,133,cancel_ack,fair_invalid_or_session_guard,PAUSED
20260303,46393000,09:53:13.000,20260303-AP605-00290,,AP605,target_sell,sell,10181.0,1,133,cancel_ack,fair_invalid_or_session_guard,PAUSED
20260303,46403000,09:53:23.000,20260303-AP605-00291,,AP605,target_buy,buy,9698.0,1,134,submit,initial_quote,FLAT_QUOTING
20260303,46403000,09:53:23.000,20260303-AP605-00292,,AP605,target_sell,sell,10182.0,1,134,submit,initial_quote,FLAT_QUOTING
20260303,46404000,09:53:24.000,20260303-AP605-00291,,AP605,target_buy,buy,9698.0,1,134,ack,,FLAT_QUOTING
20260303,46404000,09:53:24.000,20260303-AP605-00292,,AP605,target_sell,sell,10182.0,1,134,ack,,FLAT_QUOTING
20260303,46408000,09:53:28.000,20260303-AP605-00291,,AP605,target_buy,buy,9698.0,1,134,cancel_requested,fair_invalid_or_session_guard,PAUSED
20260303,46408000,09:53:28.000,20260303-AP605-00292,,AP605,target_sell,sell,10182.0,1,134,cancel_requested,fair_invalid_or_session_guard,PAUSED
20260303,46409000,09:53:29.000,20260303-AP605-00291,,AP605,target_buy,buy,9698.0,1,134,cancel_ack,fair_invalid_or_session_guard,PAUSED
20260303,46409000,09:53:29.000,20260303-AP605-00292,,AP605,target_sell,sell,10182.0,1,134,cancel_ack,fair_invalid_or_session_guard,PAUSED
20260303,46418000,09:53:38.000,20260303-AP605-00293,,AP605,target_buy,buy,9700.0,1,135,submit,initial_quote,FLAT_QUOTING
20260303,46418000,09:53:38.000,20260303-AP605-00294,,AP605,target_sell,sell,10184.0,1,135,submit,initial_quote,FLAT_QUOTING
20260303,46419000,09:53:39.000,20260303-AP605-00293,,AP605,target_buy,buy,9700.0,1,135,ack,,FLAT_QUOTING
20260303,46419000,09:53:39.000,20260303-AP605-00294,,AP605,target_sell,sell,10184.0,1,135,ack,,FLAT_QUOTING
20260303,46423000,09:53:43.000,20260303-AP605-00293,,AP605,target_buy,buy,9700.0,1,135,cancel_requested,fair_invalid_or_session_guard,PAUSED
20260303,46423000,09:53:43.000,20260303-AP605-00294,,AP605,target_sell,sell,10184.0,1,135,cancel_requested,fair_invalid_or_session_guard,PAUSED
20260303,46424000,09:53:44.000,20260303-AP605-00293,,AP605,target_buy,buy,9700.0,1,135,cancel_ack,fair_invalid_or_session_guard,PAUSED
20260303,46424000,09:53:44.000,20260303-AP605-00294,,AP605,target_sell,sell,10184.0,1,135,cancel_ack,fair_invalid_or_session_guard,PAUSED
20260303,46433000,09:53:53.000,20260303-AP605-00295,,AP605,target_buy,buy,9698.0,1,136,submit,initial_quote,FLAT_QUOTING
20260303,46433000,09:53:53.000,20260303-AP605-00296,,AP605,target_sell,sell,10182.0,1,136,submit,initial_quote,FLAT_QUOTING
20260303,46434000,09:53:54.000,20260303-AP605-00295,,AP605,target_buy,buy,9698.0,1,136,ack,,FLAT_QUOTING
20260303,46434000,09:53:54.000,20260303-AP605-00296,,AP605,target_sell,sell,10182.0,1,136,ack,,FLAT_QUOTING
20260303,46438000,09:53:58.000,20260303-AP605-00295,,AP605,target_buy,buy,9698.0,1,136,cancel_requested,fair_invalid_or_session_guard,PAUSED
20260303,46438000,09:53:58.000,20260303-AP605-00296,,AP605,target_sell,sell,10182.0,1,136,cancel_requested,fair_invalid_or_session_guard,PAUSED
20260303,46439000,09:53:59.000,20260303-AP605-00295,,AP605,target_buy,buy,9698.0,1,136,cancel_ack,fair_invalid_or_session_guard,PAUSED
20260303,46439000,09:53:59.000,20260303-AP605-00296,,AP605,target_sell,sell,10182.0,1,136,cancel_ack,fair_invalid_or_session_guard,PAUSED
20260303,46448000,09:54:08.000,20260303-AP605-00297,,AP605,target_buy,buy,9700.0,1,137,submit,initial_quote,FLAT_QUOTING
20260303,46448000,09:54:08.000,20260303-AP605-00298,,AP605,target_sell,sell,10184.0,1,137,submit,initial_quote,FLAT_QUOTING
20260303,46449000,09:54:09.000,20260303-AP605-00297,,AP605,target_buy,buy,9700.0,1,137,ack,,FLAT_QUOTING
20260303,46449000,09:54:09.000,20260303-AP605-00298,,AP605,target_sell,sell,10184.0,1,137,ack,,FLAT_QUOTING
20260303,46453000,09:54:13.000,20260303-AP605-00297,,AP605,target_buy,buy,9700.0,1,137,cancel_requested,fair_invalid_or_session_guard,PAUSED
20260303,46453000,09:54:13.000,20260303-AP605-00298,,AP605,target_sell,sell,10184.0,1,137,cancel_requested,fair_invalid_or_session_guard,PAUSED
20260303,46454000,09:54:14.000,20260303-AP605-00297,,AP605,target_buy,buy,9700.0,1,137,cancel_ack,fair_invalid_or_session_guard,PAUSED
20260303,46454000,09:54:14.000,20260303-AP605-00298,,AP605,target_sell,sell,10184.0,1,137,cancel_ack,fair_invalid_or_session_guard,PAUSED
20260303,46466000,09:54:26.000,20260303-AP605-00299,,AP605,target_buy,buy,9699.0,1,138,submit,initial_quote,FLAT_QUOTING
20260303,46466000,09:54:26.000,20260303-AP605-00300,,AP605,target_sell,sell,10183.0,1,138,submit,initial_quote,FLAT_QUOTING
20260303,46467000,09:54:27.000,20260303-AP605-00299,,AP605,target_buy,buy,9699.0,1,138,ack,,FLAT_QUOTING
20260303,46467000,09:54:27.000,20260303-AP605-00300,,AP605,target_sell,sell,10183.0,1,138,ack,,FLAT_QUOTING
20260303,46468000,09:54:28.000,20260303-AP605-00299,,AP605,target_buy,buy,9699.0,1,138,cancel_requested,fair_invalid_or_session_guard,PAUSED
20260303,46468000,09:54:28.000,20260303-AP605-00300,,AP605,target_sell,sell,10183.0,1,138,cancel_requested,fair_invalid_or_session_guard,PAUSED
20260303,46469000,09:54:29.000,20260303-AP605-00299,,AP605,target_buy,buy,9699.0,1,138,cancel_ack,fair_invalid_or_session_guard,PAUSED
20260303,46469000,09:54:29.000,20260303-AP605-00300,,AP605,target_sell,sell,10183.0,1,138,cancel_ack,fair_invalid_or_session_guard,PAUSED
20260303,46475000,09:54:35.000,20260303-AP605-00301,,AP605,target_buy,buy,9698.0,1,139,submit,initial_quote,FLAT_QUOTING
20260303,46475000,09:54:35.000,20260303-AP605-00302,,AP605,target_sell,sell,10182.0,1,139,submit,initial_quote,FLAT_QUOTING
20260303,46476000,09:54:36.000,20260303-AP605-00301,,AP605,target_buy,buy,9698.0,1,139,ack,,FLAT_QUOTING
20260303,46476000,09:54:36.000,20260303-AP605-00302,,AP605,target_sell,sell,10182.0,1,139,ack,,FLAT_QUOTING
20260303,46480000,09:54:40.000,20260303-AP605-00301,,AP605,target_buy,buy,9698.0,1,139,cancel_requested,fair_invalid_or_session_guard,PAUSED
20260303,46480000,09:54:40.000,20260303-AP605-00302,,AP605,target_sell,sell,10182.0,1,139,cancel_requested,fair_invalid_or_session_guard,PAUSED
20260303,46481000,09:54:41.000,20260303-AP605-00301,,AP605,target_buy,buy,9698.0,1,139,cancel_ack,fair_invalid_or_session_guard,PAUSED
20260303,46481000,09:54:41.000,20260303-AP605-00302,,AP605,target_sell,sell,10182.0,1,139,cancel_ack,fair_invalid_or_session_guard,PAUSED
20260303,46487000,09:54:47.000,20260303-AP605-00303,,AP605,target_buy,buy,9699.0,1,140,submit,initial_quote,FLAT_QUOTING
20260303,46487000,09:54:47.000,20260303-AP605-00304,,AP605,target_sell,sell,10183.0,1,140,submit,initial_quote,FLAT_QUOTING
20260303,46488000,09:54:48.000,20260303-AP605-00303,,AP605,target_buy,buy,9699.0,1,140,ack,,FLAT_QUOTING
20260303,46488000,09:54:48.000,20260303-AP605-00304,,AP605,target_sell,sell,10183.0,1,140,ack,,FLAT_QUOTING
20260303,46489000,09:54:49.000,20260303-AP605-00303,,AP605,target_buy,buy,9699.0,1,140,cancel_requested,fair_invalid_or_session_guard,PAUSED
20260303,46489000,09:54:49.000,20260303-AP605-00304,,AP605,target_sell,sell,10183.0,1,140,cancel_requested,fair_invalid_or_session_guard,PAUSED
20260303,46490000,09:54:50.000,20260303-AP605-00303,,AP605,target_buy,buy,9699.0,1,140,cancel_ack,fair_invalid_or_session_guard,PAUSED
20260303,46490000,09:54:50.000,20260303-AP605-00304,,AP605,target_sell,sell,10183.0,1,140,cancel_ack,fair_invalid_or_session_guard,PAUSED
20260303,46493000,09:54:53.000,20260303-AP605-00305,,AP605,target_buy,buy,9700.0,1,141,submit,initial_quote,FLAT_QUOTING
20260303,46493000,09:54:53.000,20260303-AP605-00306,,AP605,target_sell,sell,10184.0,1,141,submit,initial_quote,FLAT_QUOTING
20260303,46494000,09:54:54.000,20260303-AP605-00305,,AP605,target_buy,buy,9700.0,1,141,ack,,FLAT_QUOTING
20260303,46494000,09:54:54.000,20260303-AP605-00306,,AP605,target_sell,sell,10184.0,1,141,ack,,FLAT_QUOTING
20260303,46496000,09:54:56.000,20260303-AP605-00305,,AP605,target_buy,buy,9700.0,1,141,cancel_requested,fair_invalid_or_session_guard,PAUSED
20260303,46496000,09:54:56.000,20260303-AP605-00306,,AP605,target_sell,sell,10184.0,1,141,cancel_requested,fair_invalid_or_session_guard,PAUSED
20260303,46497000,09:54:57.000,20260303-AP605-00305,,AP605,target_buy,buy,9700.0,1,141,cancel_ack,fair_invalid_or_session_guard,PAUSED
20260303,46497000,09:54:57.000,20260303-AP605-00306,,AP605,target_sell,sell,10184.0,1,141,cancel_ack,fair_invalid_or_session_guard,PAUSED
20260303,46508000,09:55:08.000,20260303-AP605-00307,,AP605,target_buy,buy,9701.0,1,142,submit,initial_quote,FLAT_QUOTING
20260303,46508000,09:55:08.000,20260303-AP605-00308,,AP605,target_sell,sell,10185.0,1,142,submit,initial_quote,FLAT_QUOTING
20260303,46509000,09:55:09.000,20260303-AP605-00307,,AP605,target_buy,buy,9701.0,1,142,ack,,FLAT_QUOTING
20260303,46509000,09:55:09.000,20260303-AP605-00308,,AP605,target_sell,sell,10185.0,1,142,ack,,FLAT_QUOTING
20260303,46511000,09:55:11.000,20260303-AP605-00307,,AP605,target_buy,buy,9701.0,1,142,cancel_requested,fair_invalid_or_session_guard,PAUSED
20260303,46511000,09:55:11.000,20260303-AP605-00308,,AP605,target_sell,sell,10185.0,1,142,cancel_requested,fair_invalid_or_session_guard,PAUSED
20260303,46512000,09:55:12.000,20260303-AP605-00307,,AP605,target_buy,buy,9701.0,1,142,cancel_ack,fair_invalid_or_session_guard,PAUSED
20260303,46512000,09:55:12.000,20260303-AP605-00308,,AP605,target_sell,sell,10185.0,1,142,cancel_ack,fair_invalid_or_session_guard,PAUSED
20260303,46527000,09:55:27.000,20260303-AP605-00309,,AP605,target_buy,buy,9702.0,1,143,submit,initial_quote,FLAT_QUOTING
20260303,46527000,09:55:27.000,20260303-AP605-00310,,AP605,target_sell,sell,10186.0,1,143,submit,initial_quote,FLAT_QUOTING
20260303,46528000,09:55:28.000,20260303-AP605-00309,,AP605,target_buy,buy,9702.0,1,143,ack,,FLAT_QUOTING
20260303,46528000,09:55:28.000,20260303-AP605-00310,,AP605,target_sell,sell,10186.0,1,143,ack,,FLAT_QUOTING
20260303,46531000,09:55:31.000,20260303-AP605-00309,,AP605,target_buy,buy,9702.0,1,143,cancel_requested,fair_invalid_or_session_guard,PAUSED
20260303,46531000,09:55:31.000,20260303-AP605-00310,,AP605,target_sell,sell,10186.0,1,143,cancel_requested,fair_invalid_or_session_guard,PAUSED
20260303,46532000,09:55:32.000,20260303-AP605-00309,,AP605,target_buy,buy,9702.0,1,143,cancel_ack,fair_invalid_or_session_guard,PAUSED
20260303,46532000,09:55:32.000,20260303-AP605-00310,,AP605,target_sell,sell,10186.0,1,143,cancel_ack,fair_invalid_or_session_guard,PAUSED
20260303,46538000,09:55:38.000,20260303-AP605-00311,,AP605,target_buy,buy,9704.0,1,144,submit,initial_quote,FLAT_QUOTING
20260303,46538000,09:55:38.000,20260303-AP605-00312,,AP605,target_sell,sell,10188.0,1,144,submit,initial_quote,FLAT_QUOTING
20260303,46539000,09:55:39.000,20260303-AP605-00311,,AP605,target_buy,buy,9704.0,1,144,ack,,FLAT_QUOTING
20260303,46539000,09:55:39.000,20260303-AP605-00312,,AP605,target_sell,sell,10188.0,1,144,ack,,FLAT_QUOTING
20260303,46546000,09:55:46.000,20260303-AP605-00311,,AP605,target_buy,buy,9704.0,1,144,cancel_requested,fair_invalid_or_session_guard,PAUSED
20260303,46546000,09:55:46.000,20260303-AP605-00312,,AP605,target_sell,sell,10188.0,1,144,cancel_requested,fair_invalid_or_session_guard,PAUSED
20260303,46547000,09:55:47.000,20260303-AP605-00311,,AP605,target_buy,buy,9704.0,1,144,cancel_ack,fair_invalid_or_session_guard,PAUSED
20260303,46547000,09:55:47.000,20260303-AP605-00312,,AP605,target_sell,sell,10188.0,1,144,cancel_ack,fair_invalid_or_session_guard,PAUSED
20260303,46553000,09:55:53.000,20260303-AP605-00313,,AP605,target_buy,buy,9704.0,1,145,submit,initial_quote,FLAT_QUOTING
20260303,46553000,09:55:53.000,20260303-AP605-00314,,AP605,target_sell,sell,10188.0,1,145,submit,initial_quote,FLAT_QUOTING
20260303,46554000,09:55:54.000,20260303-AP605-00313,,AP605,target_buy,buy,9704.0,1,145,ack,,FLAT_QUOTING
20260303,46554000,09:55:54.000,20260303-AP605-00314,,AP605,target_sell,sell,10188.0,1,145,ack,,FLAT_QUOTING
20260303,46560000,09:56:00.000,20260303-AP605-00313,,AP605,target_buy,buy,9704.0,1,145,cancel_requested,fair_invalid_or_session_guard,PAUSED
20260303,46560000,09:56:00.000,20260303-AP605-00314,,AP605,target_sell,sell,10188.0,1,145,cancel_requested,fair_invalid_or_session_guard,PAUSED
20260303,46561000,09:56:01.000,20260303-AP605-00313,,AP605,target_buy,buy,9704.0,1,145,cancel_ack,fair_invalid_or_session_guard,PAUSED
20260303,46561000,09:56:01.000,20260303-AP605-00314,,AP605,target_sell,sell,10188.0,1,145,cancel_ack,fair_invalid_or_session_guard,PAUSED
20260303,46568000,09:56:08.000,20260303-AP605-00315,,AP605,target_buy,buy,9701.0,1,146,submit,initial_quote,FLAT_QUOTING
20260303,46568000,09:56:08.000,20260303-AP605-00316,,AP605,target_sell,sell,10185.0,1,146,submit,initial_quote,FLAT_QUOTING
20260303,46569000,09:56:09.000,20260303-AP605-00315,,AP605,target_buy,buy,9701.0,1,146,ack,,FLAT_QUOTING
20260303,46569000,09:56:09.000,20260303-AP605-00316,,AP605,target_sell,sell,10185.0,1,146,ack,,FLAT_QUOTING
20260303,46573000,09:56:13.000,20260303-AP605-00315,,AP605,target_buy,buy,9701.0,1,146,cancel_requested,fair_invalid_or_session_guard,PAUSED
20260303,46573000,09:56:13.000,20260303-AP605-00316,,AP605,target_sell,sell,10185.0,1,146,cancel_requested,fair_invalid_or_session_guard,PAUSED
20260303,46574000,09:56:14.000,20260303-AP605-00315,,AP605,target_buy,buy,9701.0,1,146,cancel_ack,fair_invalid_or_session_guard,PAUSED
20260303,46574000,09:56:14.000,20260303-AP605-00316,,AP605,target_sell,sell,10185.0,1,146,cancel_ack,fair_invalid_or_session_guard,PAUSED
20260303,46592000,09:56:32.000,20260303-AP605-00317,,AP605,target_buy,buy,9705.0,1,147,submit,initial_quote,FLAT_QUOTING
20260303,46592000,09:56:32.000,20260303-AP605-00318,,AP605,target_sell,sell,10189.0,1,147,submit,initial_quote,FLAT_QUOTING
20260303,46593000,09:56:33.000,20260303-AP605-00317,,AP605,target_buy,buy,9705.0,1,147,ack,,FLAT_QUOTING
20260303,46593000,09:56:33.000,20260303-AP605-00318,,AP605,target_sell,sell,10189.0,1,147,ack,,FLAT_QUOTING
20260303,46609000,09:56:49.000,20260303-AP605-00317,,AP605,target_buy,buy,9705.0,1,147,cancel_requested,fair_invalid_or_session_guard,PAUSED
20260303,46609000,09:56:49.000,20260303-AP605-00318,,AP605,target_sell,sell,10189.0,1,147,cancel_requested,fair_invalid_or_session_guard,PAUSED
20260303,46610000,09:56:50.000,20260303-AP605-00317,,AP605,target_buy,buy,9705.0,1,147,cancel_ack,fair_invalid_or_session_guard,PAUSED
20260303,46610000,09:56:50.000,20260303-AP605-00318,,AP605,target_sell,sell,10189.0,1,147,cancel_ack,fair_invalid_or_session_guard,PAUSED
20260303,46618000,09:56:58.000,20260303-AP605-00319,,AP605,target_buy,buy,9703.0,1,148,submit,initial_quote,FLAT_QUOTING
20260303,46618000,09:56:58.000,20260303-AP605-00320,,AP605,target_sell,sell,10187.0,1,148,submit,initial_quote,FLAT_QUOTING
20260303,46619000,09:56:59.000,20260303-AP605-00319,,AP605,target_buy,buy,9703.0,1,148,ack,,FLAT_QUOTING
20260303,46619000,09:56:59.000,20260303-AP605-00320,,AP605,target_sell,sell,10187.0,1,148,ack,,FLAT_QUOTING
20260303,46633000,09:57:13.000,20260303-AP605-00319,,AP605,target_buy,buy,9703.0,1,148,cancel_requested,fair_invalid_or_session_guard,PAUSED
20260303,46633000,09:57:13.000,20260303-AP605-00320,,AP605,target_sell,sell,10187.0,1,148,cancel_requested,fair_invalid_or_session_guard,PAUSED
20260303,46634000,09:57:14.000,20260303-AP605-00319,,AP605,target_buy,buy,9703.0,1,148,cancel_ack,fair_invalid_or_session_guard,PAUSED
20260303,46634000,09:57:14.000,20260303-AP605-00320,,AP605,target_sell,sell,10187.0,1,148,cancel_ack,fair_invalid_or_session_guard,PAUSED
20260303,46637000,09:57:17.000,20260303-AP605-00321,,AP605,target_buy,buy,9703.0,1,149,submit,initial_quote,FLAT_QUOTING
20260303,46637000,09:57:17.000,20260303-AP605-00322,,AP605,target_sell,sell,10187.0,1,149,submit,initial_quote,FLAT_QUOTING
20260303,46638000,09:57:18.000,20260303-AP605-00321,,AP605,target_buy,buy,9703.0,1,149,ack,,FLAT_QUOTING
20260303,46638000,09:57:18.000,20260303-AP605-00322,,AP605,target_sell,sell,10187.0,1,149,ack,,FLAT_QUOTING
20260303,46655000,09:57:35.000,20260303-AP605-00321,,AP605,target_buy,buy,9703.0,1,149,cancel_requested,fair_invalid_or_session_guard,PAUSED
20260303,46655000,09:57:35.000,20260303-AP605-00322,,AP605,target_sell,sell,10187.0,1,149,cancel_requested,fair_invalid_or_session_guard,PAUSED
20260303,46656000,09:57:36.000,20260303-AP605-00321,,AP605,target_buy,buy,9703.0,1,149,cancel_ack,fair_invalid_or_session_guard,PAUSED
20260303,46656000,09:57:36.000,20260303-AP605-00322,,AP605,target_sell,sell,10187.0,1,149,cancel_ack,fair_invalid_or_session_guard,PAUSED
20260303,46657000,09:57:37.000,20260303-AP605-00323,,AP605,target_buy,buy,9704.0,1,150,submit,initial_quote,FLAT_QUOTING
20260303,46657000,09:57:37.000,20260303-AP605-00324,,AP605,target_sell,sell,10188.0,1,150,submit,initial_quote,FLAT_QUOTING
20260303,46658000,09:57:38.000,20260303-AP605-00323,,AP605,target_buy,buy,9704.0,1,150,ack,,FLAT_QUOTING
20260303,46658000,09:57:38.000,20260303-AP605-00324,,AP605,target_sell,sell,10188.0,1,150,ack,,FLAT_QUOTING
20260303,46663000,09:57:43.000,20260303-AP605-00323,,AP605,target_buy,buy,9704.0,1,150,cancel_requested,fair_invalid_or_session_guard,PAUSED
20260303,46663000,09:57:43.000,20260303-AP605-00324,,AP605,target_sell,sell,10188.0,1,150,cancel_requested,fair_invalid_or_session_guard,PAUSED
20260303,46664000,09:57:44.000,20260303-AP605-00323,,AP605,target_buy,buy,9704.0,1,150,cancel_ack,fair_invalid_or_session_guard,PAUSED
20260303,46664000,09:57:44.000,20260303-AP605-00324,,AP605,target_sell,sell,10188.0,1,150,cancel_ack,fair_invalid_or_session_guard,PAUSED
20260303,46665000,09:57:45.000,20260303-AP605-00325,,AP605,target_buy,buy,9706.0,1,151,submit,initial_quote,FLAT_QUOTING
20260303,46665000,09:57:45.000,20260303-AP605-00326,,AP605,target_sell,sell,10190.0,1,151,submit,initial_quote,FLAT_QUOTING
20260303,46666000,09:57:46.000,20260303-AP605-00325,,AP605,target_buy,buy,9706.0,1,151,ack,,FLAT_QUOTING
20260303,46666000,09:57:46.000,20260303-AP605-00326,,AP605,target_sell,sell,10190.0,1,151,ack,,FLAT_QUOTING
20260303,46670000,09:57:50.000,20260303-AP605-00325,,AP605,target_buy,buy,9706.0,1,151,cancel_requested,fair_invalid_or_session_guard,PAUSED
20260303,46670000,09:57:50.000,20260303-AP605-00326,,AP605,target_sell,sell,10190.0,1,151,cancel_requested,fair_invalid_or_session_guard,PAUSED
20260303,46671000,09:57:51.000,20260303-AP605-00325,,AP605,target_buy,buy,9706.0,1,151,cancel_ack,fair_invalid_or_session_guard,PAUSED
20260303,46671000,09:57:51.000,20260303-AP605-00326,,AP605,target_sell,sell,10190.0,1,151,cancel_ack,fair_invalid_or_session_guard,PAUSED
20260303,46675000,09:57:55.000,20260303-AP605-00327,,AP605,target_buy,buy,9706.0,1,152,submit,initial_quote,FLAT_QUOTING
20260303,46675000,09:57:55.000,20260303-AP605-00328,,AP605,target_sell,sell,10190.0,1,152,submit,initial_quote,FLAT_QUOTING
20260303,46676000,09:57:56.000,20260303-AP605-00327,,AP605,target_buy,buy,9706.0,1,152,ack,,FLAT_QUOTING
20260303,46676000,09:57:56.000,20260303-AP605-00328,,AP605,target_sell,sell,10190.0,1,152,ack,,FLAT_QUOTING
20260303,46682000,09:58:02.000,20260303-AP605-00327,,AP605,target_buy,buy,9706.0,1,152,cancel_requested,fair_invalid_or_session_guard,PAUSED
20260303,46682000,09:58:02.000,20260303-AP605-00328,,AP605,target_sell,sell,10190.0,1,152,cancel_requested,fair_invalid_or_session_guard,PAUSED
20260303,46683000,09:58:03.000,20260303-AP605-00327,,AP605,target_buy,buy,9706.0,1,152,cancel_ack,fair_invalid_or_session_guard,PAUSED
20260303,46683000,09:58:03.000,20260303-AP605-00328,,AP605,target_sell,sell,10190.0,1,152,cancel_ack,fair_invalid_or_session_guard,PAUSED
20260303,46684000,09:58:04.000,20260303-AP605-00329,,AP605,target_buy,buy,9710.0,1,153,submit,initial_quote,FLAT_QUOTING
20260303,46684000,09:58:04.000,20260303-AP605-00330,,AP605,target_sell,sell,10194.0,1,153,submit,initial_quote,FLAT_QUOTING
20260303,46685000,09:58:05.000,20260303-AP605-00329,,AP605,target_buy,buy,9710.0,1,153,ack,,FLAT_QUOTING
20260303,46685000,09:58:05.000,20260303-AP605-00330,,AP605,target_sell,sell,10194.0,1,153,ack,,FLAT_QUOTING
20260303,46730000,09:58:50.000,20260303-AP605-00329,,AP605,target_buy,buy,9710.0,1,153,cancel_requested,fair_invalid_or_session_guard,PAUSED
20260303,46730000,09:58:50.000,20260303-AP605-00330,,AP605,target_sell,sell,10194.0,1,153,cancel_requested,fair_invalid_or_session_guard,PAUSED
20260303,46731000,09:58:51.000,20260303-AP605-00329,,AP605,target_buy,buy,9710.0,1,153,cancel_ack,fair_invalid_or_session_guard,PAUSED
20260303,46731000,09:58:51.000,20260303-AP605-00330,,AP605,target_sell,sell,10194.0,1,153,cancel_ack,fair_invalid_or_session_guard,PAUSED
20260303,46736000,09:58:56.000,20260303-AP605-00331,,AP605,target_buy,buy,9710.0,1,154,submit,initial_quote,FLAT_QUOTING
20260303,46736000,09:58:56.000,20260303-AP605-00332,,AP605,target_sell,sell,10194.0,1,154,submit,initial_quote,FLAT_QUOTING
20260303,46737000,09:58:57.000,20260303-AP605-00331,,AP605,target_buy,buy,9710.0,1,154,ack,,FLAT_QUOTING
20260303,46737000,09:58:57.000,20260303-AP605-00332,,AP605,target_sell,sell,10194.0,1,154,ack,,FLAT_QUOTING
20260303,46741000,09:59:01.000,20260303-AP605-00331,,AP605,target_buy,buy,9710.0,1,154,cancel_requested,fair_invalid_or_session_guard,PAUSED
20260303,46741000,09:59:01.000,20260303-AP605-00332,,AP605,target_sell,sell,10194.0,1,154,cancel_requested,fair_invalid_or_session_guard,PAUSED
20260303,46742000,09:59:02.000,20260303-AP605-00331,,AP605,target_buy,buy,9710.0,1,154,cancel_ack,fair_invalid_or_session_guard,PAUSED
20260303,46742000,09:59:02.000,20260303-AP605-00332,,AP605,target_sell,sell,10194.0,1,154,cancel_ack,fair_invalid_or_session_guard,PAUSED
20260303,46746000,09:59:06.000,20260303-AP605-00333,,AP605,target_buy,buy,9712.0,1,155,submit,initial_quote,FLAT_QUOTING
20260303,46746000,09:59:06.000,20260303-AP605-00334,,AP605,target_sell,sell,10196.0,1,155,submit,initial_quote,FLAT_QUOTING
20260303,46747000,09:59:07.000,20260303-AP605-00333,,AP605,target_buy,buy,9712.0,1,155,ack,,FLAT_QUOTING
20260303,46747000,09:59:07.000,20260303-AP605-00334,,AP605,target_sell,sell,10196.0,1,155,ack,,FLAT_QUOTING
20260303,46778000,09:59:38.000,20260303-AP605-00333,,AP605,target_buy,buy,9712.0,1,155,cancel_requested,fair_invalid_or_session_guard,PAUSED
20260303,46778000,09:59:38.000,20260303-AP605-00334,,AP605,target_sell,sell,10196.0,1,155,cancel_requested,fair_invalid_or_session_guard,PAUSED
20260303,46779000,09:59:39.000,20260303-AP605-00333,,AP605,target_buy,buy,9712.0,1,155,cancel_ack,fair_invalid_or_session_guard,PAUSED
20260303,46779000,09:59:39.000,20260303-AP605-00334,,AP605,target_sell,sell,10196.0,1,155,cancel_ack,fair_invalid_or_session_guard,PAUSED
20260303,46786000,09:59:46.000,20260303-AP605-00335,,AP605,target_buy,buy,9718.0,1,156,submit,initial_quote,FLAT_QUOTING
20260303,46786000,09:59:46.000,20260303-AP605-00336,,AP605,target_sell,sell,10202.0,1,156,submit,initial_quote,FLAT_QUOTING
20260303,46787000,09:59:47.000,20260303-AP605-00335,,AP605,target_buy,buy,9718.0,1,156,ack,,FLAT_QUOTING
20260303,46787000,09:59:47.000,20260303-AP605-00336,,AP605,target_sell,sell,10202.0,1,156,ack,,FLAT_QUOTING
20260303,46799000,09:59:59.000,20260303-AP605-00335,,AP605,target_buy,buy,9718.0,1,156,cancel_requested,fair_invalid_or_session_guard,PAUSED
20260303,46799000,09:59:59.000,20260303-AP605-00336,,AP605,target_sell,sell,10202.0,1,156,cancel_requested,fair_invalid_or_session_guard,PAUSED
20260303,46800000,10:00:00.000,20260303-AP605-00335,,AP605,target_buy,buy,9718.0,1,156,cancel_ack,fair_invalid_or_session_guard,PAUSED
20260303,46800000,10:00:00.000,20260303-AP605-00336,,AP605,target_sell,sell,10202.0,1,156,cancel_ack,fair_invalid_or_session_guard,PAUSED
20260303,46801000,10:00:01.000,20260303-AP605-00337,,AP605,target_buy,buy,9719.0,1,157,submit,initial_quote,FLAT_QUOTING
20260303,46801000,10:00:01.000,20260303-AP605-00338,,AP605,target_sell,sell,10203.0,1,157,submit,initial_quote,FLAT_QUOTING
20260303,46802000,10:00:02.000,20260303-AP605-00337,,AP605,target_buy,buy,9719.0,1,157,ack,,FLAT_QUOTING
20260303,46802000,10:00:02.000,20260303-AP605-00338,,AP605,target_sell,sell,10203.0,1,157,ack,,FLAT_QUOTING
20260303,46859000,10:00:59.000,20260303-AP605-00337,,AP605,target_buy,buy,9719.0,1,157,cancel_requested,fair_invalid_or_session_guard,PAUSED
20260303,46859000,10:00:59.000,20260303-AP605-00338,,AP605,target_sell,sell,10203.0,1,157,cancel_requested,fair_invalid_or_session_guard,PAUSED
20260303,46860000,10:01:00.000,20260303-AP605-00337,,AP605,target_buy,buy,9719.0,1,157,cancel_ack,fair_invalid_or_session_guard,PAUSED
20260303,46860000,10:01:00.000,20260303-AP605-00338,,AP605,target_sell,sell,10203.0,1,157,cancel_ack,fair_invalid_or_session_guard,PAUSED
20260303,46863000,10:01:03.000,20260303-AP605-00339,,AP605,target_buy,buy,9720.0,1,158,submit,initial_quote,FLAT_QUOTING
20260303,46863000,10:01:03.000,20260303-AP605-00340,,AP605,target_sell,sell,10204.0,1,158,submit,initial_quote,FLAT_QUOTING
20260303,46864000,10:01:04.000,20260303-AP605-00339,,AP605,target_buy,buy,9720.0,1,158,ack,,FLAT_QUOTING
20260303,46864000,10:01:04.000,20260303-AP605-00340,,AP605,target_sell,sell,10204.0,1,158,ack,,FLAT_QUOTING
20260303,46871000,10:01:11.000,20260303-AP605-00339,,AP605,target_buy,buy,9720.0,1,158,cancel_requested,fair_invalid_or_session_guard,PAUSED
20260303,46871000,10:01:11.000,20260303-AP605-00340,,AP605,target_sell,sell,10204.0,1,158,cancel_requested,fair_invalid_or_session_guard,PAUSED
20260303,46872000,10:01:12.000,20260303-AP605-00339,,AP605,target_buy,buy,9720.0,1,158,cancel_ack,fair_invalid_or_session_guard,PAUSED
20260303,46872000,10:01:12.000,20260303-AP605-00340,,AP605,target_sell,sell,10204.0,1,158,cancel_ack,fair_invalid_or_session_guard,PAUSED
20260303,46876000,10:01:16.000,20260303-AP605-00341,,AP605,target_buy,buy,9723.0,1,159,submit,initial_quote,FLAT_QUOTING
20260303,46876000,10:01:16.000,20260303-AP605-00342,,AP605,target_sell,sell,10207.0,1,159,submit,initial_quote,FLAT_QUOTING
20260303,46877000,10:01:17.000,20260303-AP605-00341,,AP605,target_buy,buy,9723.0,1,159,ack,,FLAT_QUOTING
20260303,46877000,10:01:17.000,20260303-AP605-00342,,AP605,target_sell,sell,10207.0,1,159,ack,,FLAT_QUOTING
20260303,46880000,10:01:20.000,20260303-AP605-00341,,AP605,target_buy,buy,9723.0,1,159,cancel_requested,fair_invalid_or_session_guard,PAUSED
20260303,46880000,10:01:20.000,20260303-AP605-00342,,AP605,target_sell,sell,10207.0,1,159,cancel_requested,fair_invalid_or_session_guard,PAUSED
20260303,46881000,10:01:21.000,20260303-AP605-00341,,AP605,target_buy,buy,9723.0,1,159,cancel_ack,fair_invalid_or_session_guard,PAUSED
20260303,46881000,10:01:21.000,20260303-AP605-00342,,AP605,target_sell,sell,10207.0,1,159,cancel_ack,fair_invalid_or_session_guard,PAUSED
20260303,46885000,10:01:25.000,20260303-AP605-00343,,AP605,target_buy,buy,9725.0,1,160,submit,initial_quote,FLAT_QUOTING
20260303,46885000,10:01:25.000,20260303-AP605-00344,,AP605,target_sell,sell,10209.0,1,160,submit,initial_quote,FLAT_QUOTING
20260303,46886000,10:01:26.000,20260303-AP605-00343,,AP605,target_buy,buy,9725.0,1,160,ack,,FLAT_QUOTING
20260303,46886000,10:01:26.000,20260303-AP605-00344,,AP605,target_sell,sell,10209.0,1,160,ack,,FLAT_QUOTING
20260303,46909000,10:01:49.000,20260303-AP605-00343,,AP605,target_buy,buy,9725.0,1,160,cancel_requested,fair_invalid_or_session_guard,PAUSED
20260303,46909000,10:01:49.000,20260303-AP605-00344,,AP605,target_sell,sell,10209.0,1,160,cancel_requested,fair_invalid_or_session_guard,PAUSED
20260303,46910000,10:01:50.000,20260303-AP605-00343,,AP605,target_buy,buy,9725.0,1,160,cancel_ack,fair_invalid_or_session_guard,PAUSED
20260303,46910000,10:01:50.000,20260303-AP605-00344,,AP605,target_sell,sell,10209.0,1,160,cancel_ack,fair_invalid_or_session_guard,PAUSED
20260303,46911000,10:01:51.000,20260303-AP605-00345,,AP605,target_buy,buy,9726.0,1,161,submit,initial_quote,FLAT_QUOTING
20260303,46911000,10:01:51.000,20260303-AP605-00346,,AP605,target_sell,sell,10210.0,1,161,submit,initial_quote,FLAT_QUOTING
20260303,46912000,10:01:52.000,20260303-AP605-00345,,AP605,target_buy,buy,9726.0,1,161,ack,,FLAT_QUOTING
20260303,46912000,10:01:52.000,20260303-AP605-00346,,AP605,target_sell,sell,10210.0,1,161,ack,,FLAT_QUOTING
20260303,46938000,10:02:18.000,20260303-AP605-00345,,AP605,target_buy,buy,9726.0,1,161,cancel_requested,fair_invalid_or_session_guard,PAUSED
20260303,46938000,10:02:18.000,20260303-AP605-00346,,AP605,target_sell,sell,10210.0,1,161,cancel_requested,fair_invalid_or_session_guard,PAUSED
20260303,46939000,10:02:19.000,20260303-AP605-00345,,AP605,target_buy,buy,9726.0,1,161,cancel_ack,fair_invalid_or_session_guard,PAUSED
20260303,46939000,10:02:19.000,20260303-AP605-00346,,AP605,target_sell,sell,10210.0,1,161,cancel_ack,fair_invalid_or_session_guard,PAUSED
20260303,46944000,10:02:24.000,20260303-AP605-00347,,AP605,target_buy,buy,9726.0,1,162,submit,initial_quote,FLAT_QUOTING
20260303,46944000,10:02:24.000,20260303-AP605-00348,,AP605,target_sell,sell,10210.0,1,162,submit,initial_quote,FLAT_QUOTING
20260303,46945000,10:02:25.000,20260303-AP605-00347,,AP605,target_buy,buy,9726.0,1,162,ack,,FLAT_QUOTING
20260303,46945000,10:02:25.000,20260303-AP605-00348,,AP605,target_sell,sell,10210.0,1,162,ack,,FLAT_QUOTING
20260303,46966000,10:02:46.000,20260303-AP605-00347,,AP605,target_buy,buy,9726.0,1,162,cancel_requested,fair_invalid_or_session_guard,PAUSED
20260303,46966000,10:02:46.000,20260303-AP605-00348,,AP605,target_sell,sell,10210.0,1,162,cancel_requested,fair_invalid_or_session_guard,PAUSED
20260303,46967000,10:02:47.000,20260303-AP605-00347,,AP605,target_buy,buy,9726.0,1,162,cancel_ack,fair_invalid_or_session_guard,PAUSED
20260303,46967000,10:02:47.000,20260303-AP605-00348,,AP605,target_sell,sell,10210.0,1,162,cancel_ack,fair_invalid_or_session_guard,PAUSED
20260303,46969000,10:02:49.000,20260303-AP605-00349,,AP605,target_buy,buy,9726.0,1,163,submit,initial_quote,FLAT_QUOTING
20260303,46969000,10:02:49.000,20260303-AP605-00350,,AP605,target_sell,sell,10210.0,1,163,submit,initial_quote,FLAT_QUOTING
20260303,46970000,10:02:50.000,20260303-AP605-00349,,AP605,target_buy,buy,9726.0,1,163,ack,,FLAT_QUOTING
20260303,46970000,10:02:50.000,20260303-AP605-00350,,AP605,target_sell,sell,10210.0,1,163,ack,,FLAT_QUOTING
20260303,46978000,10:02:58.000,20260303-AP605-00349,,AP605,target_buy,buy,9726.0,1,163,cancel_requested,fair_invalid_or_session_guard,PAUSED
20260303,46978000,10:02:58.000,20260303-AP605-00350,,AP605,target_sell,sell,10210.0,1,163,cancel_requested,fair_invalid_or_session_guard,PAUSED
20260303,46979000,10:02:59.000,20260303-AP605-00349,,AP605,target_buy,buy,9726.0,1,163,cancel_ack,fair_invalid_or_session_guard,PAUSED
20260303,46979000,10:02:59.000,20260303-AP605-00350,,AP605,target_sell,sell,10210.0,1,163,cancel_ack,fair_invalid_or_session_guard,PAUSED
20260303,46981000,10:03:01.000,20260303-AP605-00351,,AP605,target_buy,buy,9727.0,1,164,submit,initial_quote,FLAT_QUOTING
20260303,46981000,10:03:01.000,20260303-AP605-00352,,AP605,target_sell,sell,10211.0,1,164,submit,initial_quote,FLAT_QUOTING
20260303,46982000,10:03:02.000,20260303-AP605-00351,,AP605,target_buy,buy,9727.0,1,164,ack,,FLAT_QUOTING
20260303,46982000,10:03:02.000,20260303-AP605-00352,,AP605,target_sell,sell,10211.0,1,164,ack,,FLAT_QUOTING
20260303,46998000,10:03:18.000,20260303-AP605-00351,,AP605,target_buy,buy,9727.0,1,164,cancel_requested,fair_invalid_or_session_guard,PAUSED
20260303,46998000,10:03:18.000,20260303-AP605-00352,,AP605,target_sell,sell,10211.0,1,164,cancel_requested,fair_invalid_or_session_guard,PAUSED
20260303,46999000,10:03:19.000,20260303-AP605-00351,,AP605,target_buy,buy,9727.0,1,164,cancel_ack,fair_invalid_or_session_guard,PAUSED
20260303,46999000,10:03:19.000,20260303-AP605-00352,,AP605,target_sell,sell,10211.0,1,164,cancel_ack,fair_invalid_or_session_guard,PAUSED
20260303,47014000,10:03:34.000,20260303-AP605-00353,,AP605,target_buy,buy,9729.0,1,165,submit,initial_quote,FLAT_QUOTING
20260303,47014000,10:03:34.000,20260303-AP605-00354,,AP605,target_sell,sell,10213.0,1,165,submit,initial_quote,FLAT_QUOTING
20260303,47015000,10:03:35.000,20260303-AP605-00353,,AP605,target_buy,buy,9729.0,1,165,ack,,FLAT_QUOTING
20260303,47015000,10:03:35.000,20260303-AP605-00354,,AP605,target_sell,sell,10213.0,1,165,ack,,FLAT_QUOTING
20260303,47071000,10:04:31.000,20260303-AP605-00353,,AP605,target_buy,buy,9729.0,1,165,cancel_requested,fair_invalid_or_session_guard,PAUSED
20260303,47071000,10:04:31.000,20260303-AP605-00354,,AP605,target_sell,sell,10213.0,1,165,cancel_requested,fair_invalid_or_session_guard,PAUSED
20260303,47072000,10:04:32.000,20260303-AP605-00353,,AP605,target_buy,buy,9729.0,1,165,cancel_ack,fair_invalid_or_session_guard,PAUSED
20260303,47072000,10:04:32.000,20260303-AP605-00354,,AP605,target_sell,sell,10213.0,1,165,cancel_ack,fair_invalid_or_session_guard,PAUSED
20260303,47103000,10:05:03.000,20260303-AP605-00355,,AP605,target_buy,buy,9725.0,1,166,submit,initial_quote,FLAT_QUOTING
20260303,47103000,10:05:03.000,20260303-AP605-00356,,AP605,target_sell,sell,10209.0,1,166,submit,initial_quote,FLAT_QUOTING
20260303,47104000,10:05:04.000,20260303-AP605-00355,,AP605,target_buy,buy,9725.0,1,166,ack,,FLAT_QUOTING
20260303,47104000,10:05:04.000,20260303-AP605-00356,,AP605,target_sell,sell,10209.0,1,166,ack,,FLAT_QUOTING
20260303,47129000,10:05:29.000,20260303-AP605-00355,,AP605,target_buy,buy,9725.0,1,166,cancel_requested,fair_invalid_or_session_guard,PAUSED
20260303,47129000,10:05:29.000,20260303-AP605-00356,,AP605,target_sell,sell,10209.0,1,166,cancel_requested,fair_invalid_or_session_guard,PAUSED
20260303,47130000,10:05:30.000,20260303-AP605-00355,,AP605,target_buy,buy,9725.0,1,166,cancel_ack,fair_invalid_or_session_guard,PAUSED
20260303,47130000,10:05:30.000,20260303-AP605-00356,,AP605,target_sell,sell,10209.0,1,166,cancel_ack,fair_invalid_or_session_guard,PAUSED
20260303,47133000,10:05:33.000,20260303-AP605-00357,,AP605,target_buy,buy,9725.0,1,167,submit,initial_quote,FLAT_QUOTING
20260303,47133000,10:05:33.000,20260303-AP605-00358,,AP605,target_sell,sell,10209.0,1,167,submit,initial_quote,FLAT_QUOTING
20260303,47134000,10:05:34.000,20260303-AP605-00357,,AP605,target_buy,buy,9725.0,1,167,ack,,FLAT_QUOTING
20260303,47134000,10:05:34.000,20260303-AP605-00358,,AP605,target_sell,sell,10209.0,1,167,ack,,FLAT_QUOTING
20260303,47146000,10:05:46.000,20260303-AP605-00357,,AP605,target_buy,buy,9725.0,1,167,cancel_requested,fair_invalid_or_session_guard,PAUSED
20260303,47146000,10:05:46.000,20260303-AP605-00358,,AP605,target_sell,sell,10209.0,1,167,cancel_requested,fair_invalid_or_session_guard,PAUSED
20260303,47147000,10:05:47.000,20260303-AP605-00357,,AP605,target_buy,buy,9725.0,1,167,cancel_ack,fair_invalid_or_session_guard,PAUSED
20260303,47147000,10:05:47.000,20260303-AP605-00358,,AP605,target_sell,sell,10209.0,1,167,cancel_ack,fair_invalid_or_session_guard,PAUSED
20260303,47153000,10:05:53.000,20260303-AP605-00359,,AP605,target_buy,buy,9726.0,1,168,submit,initial_quote,FLAT_QUOTING
20260303,47153000,10:05:53.000,20260303-AP605-00360,,AP605,target_sell,sell,10210.0,1,168,submit,initial_quote,FLAT_QUOTING
20260303,47154000,10:05:54.000,20260303-AP605-00359,,AP605,target_buy,buy,9726.0,1,168,ack,,FLAT_QUOTING
20260303,47154000,10:05:54.000,20260303-AP605-00360,,AP605,target_sell,sell,10210.0,1,168,ack,,FLAT_QUOTING
20260303,47171000,10:06:11.000,20260303-AP605-00359,,AP605,target_buy,buy,9726.0,1,168,cancel_requested,fair_invalid_or_session_guard,PAUSED
20260303,47171000,10:06:11.000,20260303-AP605-00360,,AP605,target_sell,sell,10210.0,1,168,cancel_requested,fair_invalid_or_session_guard,PAUSED
20260303,47172000,10:06:12.000,20260303-AP605-00359,,AP605,target_buy,buy,9726.0,1,168,cancel_ack,fair_invalid_or_session_guard,PAUSED
20260303,47172000,10:06:12.000,20260303-AP605-00360,,AP605,target_sell,sell,10210.0,1,168,cancel_ack,fair_invalid_or_session_guard,PAUSED
20260303,47198000,10:06:38.000,20260303-AP605-00361,,AP605,target_buy,buy,9720.0,1,169,submit,initial_quote,FLAT_QUOTING
20260303,47198000,10:06:38.000,20260303-AP605-00362,,AP605,target_sell,sell,10204.0,1,169,submit,initial_quote,FLAT_QUOTING
20260303,47199000,10:06:39.000,20260303-AP605-00361,,AP605,target_buy,buy,9720.0,1,169,ack,,FLAT_QUOTING
20260303,47199000,10:06:39.000,20260303-AP605-00362,,AP605,target_sell,sell,10204.0,1,169,ack,,FLAT_QUOTING
20260303,47257000,10:07:37.000,20260303-AP605-00361,,AP605,target_buy,buy,9720.0,1,169,cancel_requested,fair_invalid_or_session_guard,PAUSED
20260303,47257000,10:07:37.000,20260303-AP605-00362,,AP605,target_sell,sell,10204.0,1,169,cancel_requested,fair_invalid_or_session_guard,PAUSED
20260303,47258000,10:07:38.000,20260303-AP605-00361,,AP605,target_buy,buy,9720.0,1,169,cancel_ack,fair_invalid_or_session_guard,PAUSED
20260303,47258000,10:07:38.000,20260303-AP605-00362,,AP605,target_sell,sell,10204.0,1,169,cancel_ack,fair_invalid_or_session_guard,PAUSED
20260303,47261000,10:07:41.000,20260303-AP605-00363,,AP605,target_buy,buy,9718.0,1,170,submit,initial_quote,FLAT_QUOTING
20260303,47261000,10:07:41.000,20260303-AP605-00364,,AP605,target_sell,sell,10202.0,1,170,submit,initial_quote,FLAT_QUOTING
20260303,47262000,10:07:42.000,20260303-AP605-00363,,AP605,target_buy,buy,9718.0,1,170,ack,,FLAT_QUOTING
20260303,47262000,10:07:42.000,20260303-AP605-00364,,AP605,target_sell,sell,10202.0,1,170,ack,,FLAT_QUOTING
20260303,47303000,10:08:23.000,20260303-AP605-00363,,AP605,target_buy,buy,9718.0,1,170,cancel_requested,fair_invalid_or_session_guard,PAUSED
20260303,47303000,10:08:23.000,20260303-AP605-00364,,AP605,target_sell,sell,10202.0,1,170,cancel_requested,fair_invalid_or_session_guard,PAUSED
20260303,47304000,10:08:24.000,20260303-AP605-00363,,AP605,target_buy,buy,9718.0,1,170,cancel_ack,fair_invalid_or_session_guard,PAUSED
20260303,47304000,10:08:24.000,20260303-AP605-00364,,AP605,target_sell,sell,10202.0,1,170,cancel_ack,fair_invalid_or_session_guard,PAUSED
20260303,47305000,10:08:25.000,20260303-AP605-00365,,AP605,target_buy,buy,9716.0,1,171,submit,initial_quote,FLAT_QUOTING
20260303,47305000,10:08:25.000,20260303-AP605-00366,,AP605,target_sell,sell,10200.0,1,171,submit,initial_quote,FLAT_QUOTING
20260303,47306000,10:08:26.000,20260303-AP605-00365,,AP605,target_buy,buy,9716.0,1,171,ack,,FLAT_QUOTING
20260303,47306000,10:08:26.000,20260303-AP605-00366,,AP605,target_sell,sell,10200.0,1,171,ack,,FLAT_QUOTING
20260303,47309000,10:08:29.000,20260303-AP605-00365,,AP605,target_buy,buy,9716.0,1,171,cancel_requested,fair_invalid_or_session_guard,PAUSED
20260303,47309000,10:08:29.000,20260303-AP605-00366,,AP605,target_sell,sell,10200.0,1,171,cancel_requested,fair_invalid_or_session_guard,PAUSED
20260303,47310000,10:08:30.000,20260303-AP605-00365,,AP605,target_buy,buy,9716.0,1,171,cancel_ack,fair_invalid_or_session_guard,PAUSED
20260303,47310000,10:08:30.000,20260303-AP605-00366,,AP605,target_sell,sell,10200.0,1,171,cancel_ack,fair_invalid_or_session_guard,PAUSED
20260303,47319000,10:08:39.000,20260303-AP605-00367,,AP605,target_buy,buy,9715.0,1,172,submit,initial_quote,FLAT_QUOTING
20260303,47319000,10:08:39.000,20260303-AP605-00368,,AP605,target_sell,sell,10199.0,1,172,submit,initial_quote,FLAT_QUOTING
20260303,47320000,10:08:40.000,20260303-AP605-00367,,AP605,target_buy,buy,9715.0,1,172,ack,,FLAT_QUOTING
20260303,47320000,10:08:40.000,20260303-AP605-00368,,AP605,target_sell,sell,10199.0,1,172,ack,,FLAT_QUOTING
20260303,47333000,10:08:53.000,20260303-AP605-00367,,AP605,target_buy,buy,9715.0,1,172,cancel_requested,fair_invalid_or_session_guard,PAUSED
20260303,47333000,10:08:53.000,20260303-AP605-00368,,AP605,target_sell,sell,10199.0,1,172,cancel_requested,fair_invalid_or_session_guard,PAUSED
20260303,47334000,10:08:54.000,20260303-AP605-00367,,AP605,target_buy,buy,9715.0,1,172,cancel_ack,fair_invalid_or_session_guard,PAUSED
20260303,47334000,10:08:54.000,20260303-AP605-00368,,AP605,target_sell,sell,10199.0,1,172,cancel_ack,fair_invalid_or_session_guard,PAUSED
20260303,47340000,10:09:00.000,20260303-AP605-00369,,AP605,target_buy,buy,9704.0,1,173,submit,initial_quote,FLAT_QUOTING
20260303,47340000,10:09:00.000,20260303-AP605-00370,,AP605,target_sell,sell,10188.0,1,173,submit,initial_quote,FLAT_QUOTING
20260303,47341000,10:09:01.000,20260303-AP605-00369,,AP605,target_buy,buy,9704.0,1,173,ack,,FLAT_QUOTING
20260303,47341000,10:09:01.000,20260303-AP605-00370,,AP605,target_sell,sell,10188.0,1,173,ack,,FLAT_QUOTING
20260303,47389000,10:09:49.000,20260303-AP605-00369,,AP605,target_buy,buy,9704.0,1,173,cancel_requested,fair_invalid_or_session_guard,PAUSED
20260303,47389000,10:09:49.000,20260303-AP605-00370,,AP605,target_sell,sell,10188.0,1,173,cancel_requested,fair_invalid_or_session_guard,PAUSED
20260303,47390000,10:09:50.000,20260303-AP605-00369,,AP605,target_buy,buy,9704.0,1,173,cancel_ack,fair_invalid_or_session_guard,PAUSED
20260303,47390000,10:09:50.000,20260303-AP605-00370,,AP605,target_sell,sell,10188.0,1,173,cancel_ack,fair_invalid_or_session_guard,PAUSED
20260303,47397000,10:09:57.000,20260303-AP605-00371,,AP605,target_buy,buy,9698.0,1,174,submit,initial_quote,FLAT_QUOTING
20260303,47397000,10:09:57.000,20260303-AP605-00372,,AP605,target_sell,sell,10182.0,1,174,submit,initial_quote,FLAT_QUOTING
20260303,47398000,10:09:58.000,20260303-AP605-00371,,AP605,target_buy,buy,9698.0,1,174,ack,,FLAT_QUOTING
20260303,47398000,10:09:58.000,20260303-AP605-00372,,AP605,target_sell,sell,10182.0,1,174,ack,,FLAT_QUOTING
20260303,47404000,10:10:04.000,20260303-AP605-00372,,AP605,target_sell,sell,10182.0,1,174,fill,interval_vwap,FLAT_QUOTING
20260303,47404000,10:10:04.000,20260303-AP605-00371,,AP605,target_buy,buy,9698.0,1,174,cancel_requested,opposite_target_fill,FLAT_QUOTING
20260303,47405000,10:10:05.000,20260303-AP605-00371,,AP605,target_buy,buy,9698.0,1,174,cancel_ack,opposite_target_fill,SHORT_PENDING_HEDGE
20260303,47405000,10:10:05.000,20260303-AP605-00373,20260303-AP605-0009,AP604,hedge_entry,buy,,1,174,submit,,SHORT_PENDING_HEDGE
20260303,47405000,10:10:05.000,20260303-AP605-00373,20260303-AP605-0009,AP604,hedge_entry,buy,9690.0,1,174,fill,quote_key=47405000,SHORT_PENDING_HEDGE
20260303,47406000,10:10:06.000,20260303-AP605-00374,20260303-AP605-0009,AP605,target_exit,buy,,1,174,submit,,FLATTENING
20260303,47406000,10:10:06.000,20260303-AP605-00374,20260303-AP605-0009,AP605,target_exit,buy,9941.0,1,174,fill,,FLATTENING
20260303,47406000,10:10:06.000,20260303-AP605-00375,20260303-AP605-0009,AP604,hedge_exit,sell,,1,174,submit,,FLATTENING
20260303,47406000,10:10:06.000,20260303-AP605-00375,20260303-AP605-0009,AP604,hedge_exit,sell,9669.0,1,174,fill,quote_key=47406000,FLATTENING
20260303,47408000,10:10:08.000,20260303-AP605-00376,,AP605,target_buy,buy,9698.0,1,175,submit,initial_quote,FLAT_QUOTING
20260303,47408000,10:10:08.000,20260303-AP605-00377,,AP605,target_sell,sell,10182.0,1,175,submit,initial_quote,FLAT_QUOTING
20260303,47409000,10:10:09.000,20260303-AP605-00376,,AP605,target_buy,buy,9698.0,1,175,ack,,FLAT_QUOTING
20260303,47409000,10:10:09.000,20260303-AP605-00377,,AP605,target_sell,sell,10182.0,1,175,ack,,FLAT_QUOTING
20260303,47421000,10:10:21.000,20260303-AP605-00376,,AP605,target_buy,buy,9698.0,1,175,cancel_requested,fair_invalid_or_session_guard,PAUSED
20260303,47421000,10:10:21.000,20260303-AP605-00377,,AP605,target_sell,sell,10182.0,1,175,cancel_requested,fair_invalid_or_session_guard,PAUSED
20260303,47422000,10:10:22.000,20260303-AP605-00376,,AP605,target_buy,buy,9698.0,1,175,cancel_ack,fair_invalid_or_session_guard,PAUSED
20260303,47422000,10:10:22.000,20260303-AP605-00377,,AP605,target_sell,sell,10182.0,1,175,cancel_ack,fair_invalid_or_session_guard,PAUSED
20260303,47423000,10:10:23.000,20260303-AP605-00378,,AP605,target_buy,buy,9700.0,1,176,submit,initial_quote,FLAT_QUOTING
20260303,47423000,10:10:23.000,20260303-AP605-00379,,AP605,target_sell,sell,10184.0,1,176,submit,initial_quote,FLAT_QUOTING
20260303,47424000,10:10:24.000,20260303-AP605-00378,,AP605,target_buy,buy,9700.0,1,176,ack,,FLAT_QUOTING
20260303,47424000,10:10:24.000,20260303-AP605-00379,,AP605,target_sell,sell,10184.0,1,176,ack,,FLAT_QUOTING
20260303,47428000,10:10:28.000,20260303-AP605-00378,,AP605,target_buy,buy,9700.0,1,176,cancel_requested,fair_invalid_or_session_guard,PAUSED
20260303,47428000,10:10:28.000,20260303-AP605-00379,,AP605,target_sell,sell,10184.0,1,176,cancel_requested,fair_invalid_or_session_guard,PAUSED
20260303,47429000,10:10:29.000,20260303-AP605-00378,,AP605,target_buy,buy,9700.0,1,176,cancel_ack,fair_invalid_or_session_guard,PAUSED
20260303,47429000,10:10:29.000,20260303-AP605-00379,,AP605,target_sell,sell,10184.0,1,176,cancel_ack,fair_invalid_or_session_guard,PAUSED
20260303,47430000,10:10:30.000,20260303-AP605-00380,,AP605,target_buy,buy,9700.0,1,177,submit,initial_quote,FLAT_QUOTING
20260303,47430000,10:10:30.000,20260303-AP605-00381,,AP605,target_sell,sell,10184.0,1,177,submit,initial_quote,FLAT_QUOTING
20260303,47431000,10:10:31.000,20260303-AP605-00380,,AP605,target_buy,buy,9700.0,1,177,ack,,FLAT_QUOTING
20260303,47431000,10:10:31.000,20260303-AP605-00381,,AP605,target_sell,sell,10184.0,1,177,ack,,FLAT_QUOTING
20260303,47493000,10:11:33.000,20260303-AP605-00380,,AP605,target_buy,buy,9700.0,1,177,cancel_requested,fair_invalid_or_session_guard,PAUSED
20260303,47493000,10:11:33.000,20260303-AP605-00381,,AP605,target_sell,sell,10184.0,1,177,cancel_requested,fair_invalid_or_session_guard,PAUSED
20260303,47494000,10:11:34.000,20260303-AP605-00380,,AP605,target_buy,buy,9700.0,1,177,cancel_ack,fair_invalid_or_session_guard,PAUSED
20260303,47494000,10:11:34.000,20260303-AP605-00381,,AP605,target_sell,sell,10184.0,1,177,cancel_ack,fair_invalid_or_session_guard,PAUSED
20260303,47498000,10:11:38.000,20260303-AP605-00382,,AP605,target_buy,buy,9703.0,1,178,submit,initial_quote,FLAT_QUOTING
20260303,47498000,10:11:38.000,20260303-AP605-00383,,AP605,target_sell,sell,10187.0,1,178,submit,initial_quote,FLAT_QUOTING
20260303,47499000,10:11:39.000,20260303-AP605-00382,,AP605,target_buy,buy,9703.0,1,178,ack,,FLAT_QUOTING
20260303,47499000,10:11:39.000,20260303-AP605-00383,,AP605,target_sell,sell,10187.0,1,178,ack,,FLAT_QUOTING
20260303,47503000,10:11:43.000,20260303-AP605-00382,,AP605,target_buy,buy,9703.0,1,178,cancel_requested,fair_invalid_or_session_guard,PAUSED
20260303,47503000,10:11:43.000,20260303-AP605-00383,,AP605,target_sell,sell,10187.0,1,178,cancel_requested,fair_invalid_or_session_guard,PAUSED
20260303,47504000,10:11:44.000,20260303-AP605-00382,,AP605,target_buy,buy,9703.0,1,178,cancel_ack,fair_invalid_or_session_guard,PAUSED
20260303,47504000,10:11:44.000,20260303-AP605-00383,,AP605,target_sell,sell,10187.0,1,178,cancel_ack,fair_invalid_or_session_guard,PAUSED
20260303,47506000,10:11:46.000,20260303-AP605-00384,,AP605,target_buy,buy,9703.0,1,179,submit,initial_quote,FLAT_QUOTING
20260303,47506000,10:11:46.000,20260303-AP605-00385,,AP605,target_sell,sell,10187.0,1,179,submit,initial_quote,FLAT_QUOTING
20260303,47507000,10:11:47.000,20260303-AP605-00384,,AP605,target_buy,buy,9703.0,1,179,ack,,FLAT_QUOTING
20260303,47507000,10:11:47.000,20260303-AP605-00385,,AP605,target_sell,sell,10187.0,1,179,ack,,FLAT_QUOTING
20260303,47510000,10:11:50.000,20260303-AP605-00384,,AP605,target_buy,buy,9703.0,1,179,cancel_requested,fair_invalid_or_session_guard,PAUSED
20260303,47510000,10:11:50.000,20260303-AP605-00385,,AP605,target_sell,sell,10187.0,1,179,cancel_requested,fair_invalid_or_session_guard,PAUSED
20260303,47511000,10:11:51.000,20260303-AP605-00384,,AP605,target_buy,buy,9703.0,1,179,cancel_ack,fair_invalid_or_session_guard,PAUSED
20260303,47511000,10:11:51.000,20260303-AP605-00385,,AP605,target_sell,sell,10187.0,1,179,cancel_ack,fair_invalid_or_session_guard,PAUSED
20260303,47556000,10:12:36.000,20260303-AP605-00386,,AP605,target_buy,buy,9703.0,1,180,submit,initial_quote,FLAT_QUOTING
20260303,47556000,10:12:36.000,20260303-AP605-00387,,AP605,target_sell,sell,10187.0,1,180,submit,initial_quote,FLAT_QUOTING
20260303,47557000,10:12:37.000,20260303-AP605-00386,,AP605,target_buy,buy,9703.0,1,180,ack,,FLAT_QUOTING
20260303,47557000,10:12:37.000,20260303-AP605-00387,,AP605,target_sell,sell,10187.0,1,180,ack,,FLAT_QUOTING
20260303,47575000,10:12:55.000,20260303-AP605-00386,,AP605,target_buy,buy,9703.0,1,180,cancel_requested,fair_invalid_or_session_guard,PAUSED
20260303,47575000,10:12:55.000,20260303-AP605-00387,,AP605,target_sell,sell,10187.0,1,180,cancel_requested,fair_invalid_or_session_guard,PAUSED
20260303,47576000,10:12:56.000,20260303-AP605-00386,,AP605,target_buy,buy,9703.0,1,180,cancel_ack,fair_invalid_or_session_guard,PAUSED
20260303,47576000,10:12:56.000,20260303-AP605-00387,,AP605,target_sell,sell,10187.0,1,180,cancel_ack,fair_invalid_or_session_guard,PAUSED
20260303,47595000,10:13:15.000,20260303-AP605-00388,,AP605,target_buy,buy,9702.0,1,181,submit,initial_quote,FLAT_QUOTING
20260303,47595000,10:13:15.000,20260303-AP605-00389,,AP605,target_sell,sell,10186.0,1,181,submit,initial_quote,FLAT_QUOTING
20260303,47596000,10:13:16.000,20260303-AP605-00388,,AP605,target_buy,buy,9702.0,1,181,ack,,FLAT_QUOTING
20260303,47596000,10:13:16.000,20260303-AP605-00389,,AP605,target_sell,sell,10186.0,1,181,ack,,FLAT_QUOTING
20260303,47603000,10:13:23.000,20260303-AP605-00388,,AP605,target_buy,buy,9702.0,1,181,cancel_requested,fair_invalid_or_session_guard,PAUSED
20260303,47603000,10:13:23.000,20260303-AP605-00389,,AP605,target_sell,sell,10186.0,1,181,cancel_requested,fair_invalid_or_session_guard,PAUSED
20260303,47604000,10:13:24.000,20260303-AP605-00388,,AP605,target_buy,buy,9702.0,1,181,cancel_ack,fair_invalid_or_session_guard,PAUSED
20260303,47604000,10:13:24.000,20260303-AP605-00389,,AP605,target_sell,sell,10186.0,1,181,cancel_ack,fair_invalid_or_session_guard,PAUSED
20260303,47606000,10:13:26.000,20260303-AP605-00390,,AP605,target_buy,buy,9700.0,1,182,submit,initial_quote,FLAT_QUOTING
20260303,47606000,10:13:26.000,20260303-AP605-00391,,AP605,target_sell,sell,10184.0,1,182,submit,initial_quote,FLAT_QUOTING
20260303,47607000,10:13:27.000,20260303-AP605-00390,,AP605,target_buy,buy,9700.0,1,182,ack,,FLAT_QUOTING
20260303,47607000,10:13:27.000,20260303-AP605-00391,,AP605,target_sell,sell,10184.0,1,182,ack,,FLAT_QUOTING
20260303,47631000,10:13:51.000,20260303-AP605-00390,,AP605,target_buy,buy,9700.0,1,182,cancel_requested,fair_invalid_or_session_guard,PAUSED
20260303,47631000,10:13:51.000,20260303-AP605-00391,,AP605,target_sell,sell,10184.0,1,182,cancel_requested,fair_invalid_or_session_guard,PAUSED
20260303,47632000,10:13:52.000,20260303-AP605-00390,,AP605,target_buy,buy,9700.0,1,182,cancel_ack,fair_invalid_or_session_guard,PAUSED
20260303,47632000,10:13:52.000,20260303-AP605-00391,,AP605,target_sell,sell,10184.0,1,182,cancel_ack,fair_invalid_or_session_guard,PAUSED
20260303,47643000,10:14:03.000,20260303-AP605-00392,,AP605,target_buy,buy,9702.0,1,183,submit,initial_quote,FLAT_QUOTING
20260303,47643000,10:14:03.000,20260303-AP605-00393,,AP605,target_sell,sell,10186.0,1,183,submit,initial_quote,FLAT_QUOTING
20260303,47644000,10:14:04.000,20260303-AP605-00392,,AP605,target_buy,buy,9702.0,1,183,ack,,FLAT_QUOTING
20260303,47644000,10:14:04.000,20260303-AP605-00393,,AP605,target_sell,sell,10186.0,1,183,ack,,FLAT_QUOTING
20260303,47667000,10:14:27.000,20260303-AP605-00392,,AP605,target_buy,buy,9702.0,1,183,cancel_requested,fair_invalid_or_session_guard,PAUSED
20260303,47667000,10:14:27.000,20260303-AP605-00393,,AP605,target_sell,sell,10186.0,1,183,cancel_requested,fair_invalid_or_session_guard,PAUSED
20260303,47668000,10:14:28.000,20260303-AP605-00392,,AP605,target_buy,buy,9702.0,1,183,cancel_ack,fair_invalid_or_session_guard,PAUSED
20260303,47668000,10:14:28.000,20260303-AP605-00393,,AP605,target_sell,sell,10186.0,1,183,cancel_ack,fair_invalid_or_session_guard,PAUSED
20260303,47670000,10:14:30.000,20260303-AP605-00394,,AP605,target_buy,buy,9704.0,1,184,submit,initial_quote,FLAT_QUOTING
20260303,47670000,10:14:30.000,20260303-AP605-00395,,AP605,target_sell,sell,10188.0,1,184,submit,initial_quote,FLAT_QUOTING
20260303,47671000,10:14:31.000,20260303-AP605-00394,,AP605,target_buy,buy,9704.0,1,184,ack,,FLAT_QUOTING
20260303,47671000,10:14:31.000,20260303-AP605-00395,,AP605,target_sell,sell,10188.0,1,184,ack,,FLAT_QUOTING
20260303,47672000,10:14:32.000,20260303-AP605-00394,,AP605,target_buy,buy,9704.0,1,184,cancel_requested,fair_invalid_or_session_guard,PAUSED
20260303,47672000,10:14:32.000,20260303-AP605-00395,,AP605,target_sell,sell,10188.0,1,184,cancel_requested,fair_invalid_or_session_guard,PAUSED
20260303,47673000,10:14:33.000,20260303-AP605-00394,,AP605,target_buy,buy,9704.0,1,184,cancel_ack,fair_invalid_or_session_guard,PAUSED
20260303,47673000,10:14:33.000,20260303-AP605-00395,,AP605,target_sell,sell,10188.0,1,184,cancel_ack,fair_invalid_or_session_guard,PAUSED
20260303,47676000,10:14:36.000,20260303-AP605-00396,,AP605,target_buy,buy,9706.0,1,185,submit,initial_quote,FLAT_QUOTING
20260303,47676000,10:14:36.000,20260303-AP605-00397,,AP605,target_sell,sell,10190.0,1,185,submit,initial_quote,FLAT_QUOTING
20260303,47677000,10:14:37.000,20260303-AP605-00396,,AP605,target_buy,buy,9706.0,1,185,ack,,FLAT_QUOTING
20260303,47677000,10:14:37.000,20260303-AP605-00397,,AP605,target_sell,sell,10190.0,1,185,ack,,FLAT_QUOTING
20260303,47682000,10:14:42.000,20260303-AP605-00396,,AP605,target_buy,buy,9706.0,1,185,cancel_requested,fair_invalid_or_session_guard,PAUSED
20260303,47682000,10:14:42.000,20260303-AP605-00397,,AP605,target_sell,sell,10190.0,1,185,cancel_requested,fair_invalid_or_session_guard,PAUSED
20260303,47683000,10:14:43.000,20260303-AP605-00396,,AP605,target_buy,buy,9706.0,1,185,cancel_ack,fair_invalid_or_session_guard,PAUSED
20260303,47683000,10:14:43.000,20260303-AP605-00397,,AP605,target_sell,sell,10190.0,1,185,cancel_ack,fair_invalid_or_session_guard,PAUSED
20260303,48692000,10:31:32.000,20260303-AP605-00398,,AP605,target_buy,buy,9716.0,1,186,submit,initial_quote,FLAT_QUOTING
20260303,48692000,10:31:32.000,20260303-AP605-00399,,AP605,target_sell,sell,10200.0,1,186,submit,initial_quote,FLAT_QUOTING
20260303,48693000,10:31:33.000,20260303-AP605-00398,,AP605,target_buy,buy,9716.0,1,186,ack,,FLAT_QUOTING
20260303,48693000,10:31:33.000,20260303-AP605-00399,,AP605,target_sell,sell,10200.0,1,186,ack,,FLAT_QUOTING
20260303,48698000,10:31:38.000,20260303-AP605-00398,,AP605,target_buy,buy,9716.0,1,186,cancel_requested,fair_invalid_or_session_guard,PAUSED
20260303,48698000,10:31:38.000,20260303-AP605-00399,,AP605,target_sell,sell,10200.0,1,186,cancel_requested,fair_invalid_or_session_guard,PAUSED
20260303,48699000,10:31:39.000,20260303-AP605-00398,,AP605,target_buy,buy,9716.0,1,186,cancel_ack,fair_invalid_or_session_guard,PAUSED
20260303,48699000,10:31:39.000,20260303-AP605-00399,,AP605,target_sell,sell,10200.0,1,186,cancel_ack,fair_invalid_or_session_guard,PAUSED
20260303,48708000,10:31:48.000,20260303-AP605-00400,,AP605,target_buy,buy,9716.0,1,187,submit,initial_quote,FLAT_QUOTING
20260303,48708000,10:31:48.000,20260303-AP605-00401,,AP605,target_sell,sell,10200.0,1,187,submit,initial_quote,FLAT_QUOTING
20260303,48709000,10:31:49.000,20260303-AP605-00400,,AP605,target_buy,buy,9716.0,1,187,ack,,FLAT_QUOTING
20260303,48709000,10:31:49.000,20260303-AP605-00401,,AP605,target_sell,sell,10200.0,1,187,ack,,FLAT_QUOTING
20260303,48711000,10:31:51.000,20260303-AP605-00400,,AP605,target_buy,buy,9716.0,1,187,cancel_requested,fair_invalid_or_session_guard,PAUSED
20260303,48711000,10:31:51.000,20260303-AP605-00401,,AP605,target_sell,sell,10200.0,1,187,cancel_requested,fair_invalid_or_session_guard,PAUSED
20260303,48712000,10:31:52.000,20260303-AP605-00400,,AP605,target_buy,buy,9716.0,1,187,cancel_ack,fair_invalid_or_session_guard,PAUSED
20260303,48712000,10:31:52.000,20260303-AP605-00401,,AP605,target_sell,sell,10200.0,1,187,cancel_ack,fair_invalid_or_session_guard,PAUSED
20260303,48720000,10:32:00.000,20260303-AP605-00402,,AP605,target_buy,buy,9716.0,1,188,submit,initial_quote,FLAT_QUOTING
20260303,48720000,10:32:00.000,20260303-AP605-00403,,AP605,target_sell,sell,10200.0,1,188,submit,initial_quote,FLAT_QUOTING
20260303,48721000,10:32:01.000,20260303-AP605-00402,,AP605,target_buy,buy,9716.0,1,188,ack,,FLAT_QUOTING
20260303,48721000,10:32:01.000,20260303-AP605-00403,,AP605,target_sell,sell,10200.0,1,188,ack,,FLAT_QUOTING
20260303,48727000,10:32:07.000,20260303-AP605-00402,,AP605,target_buy,buy,9716.0,1,188,cancel_requested,fair_invalid_or_session_guard,PAUSED
20260303,48727000,10:32:07.000,20260303-AP605-00403,,AP605,target_sell,sell,10200.0,1,188,cancel_requested,fair_invalid_or_session_guard,PAUSED
20260303,48728000,10:32:08.000,20260303-AP605-00402,,AP605,target_buy,buy,9716.0,1,188,cancel_ack,fair_invalid_or_session_guard,PAUSED
20260303,48728000,10:32:08.000,20260303-AP605-00403,,AP605,target_sell,sell,10200.0,1,188,cancel_ack,fair_invalid_or_session_guard,PAUSED
20260303,48740000,10:32:20.000,20260303-AP605-00404,,AP605,target_buy,buy,9717.0,1,189,submit,initial_quote,FLAT_QUOTING
20260303,48740000,10:32:20.000,20260303-AP605-00405,,AP605,target_sell,sell,10201.0,1,189,submit,initial_quote,FLAT_QUOTING
20260303,48741000,10:32:21.000,20260303-AP605-00404,,AP605,target_buy,buy,9717.0,1,189,ack,,FLAT_QUOTING
20260303,48741000,10:32:21.000,20260303-AP605-00405,,AP605,target_sell,sell,10201.0,1,189,ack,,FLAT_QUOTING
20260303,48743000,10:32:23.000,20260303-AP605-00404,,AP605,target_buy,buy,9717.0,1,189,cancel_requested,fair_invalid_or_session_guard,PAUSED
20260303,48743000,10:32:23.000,20260303-AP605-00405,,AP605,target_sell,sell,10201.0,1,189,cancel_requested,fair_invalid_or_session_guard,PAUSED
20260303,48744000,10:32:24.000,20260303-AP605-00404,,AP605,target_buy,buy,9717.0,1,189,cancel_ack,fair_invalid_or_session_guard,PAUSED
20260303,48744000,10:32:24.000,20260303-AP605-00405,,AP605,target_sell,sell,10201.0,1,189,cancel_ack,fair_invalid_or_session_guard,PAUSED
20260303,48753000,10:32:33.000,20260303-AP605-00406,,AP605,target_buy,buy,9718.0,1,190,submit,initial_quote,FLAT_QUOTING
20260303,48753000,10:32:33.000,20260303-AP605-00407,,AP605,target_sell,sell,10202.0,1,190,submit,initial_quote,FLAT_QUOTING
20260303,48754000,10:32:34.000,20260303-AP605-00406,,AP605,target_buy,buy,9718.0,1,190,ack,,FLAT_QUOTING
20260303,48754000,10:32:34.000,20260303-AP605-00407,,AP605,target_sell,sell,10202.0,1,190,ack,,FLAT_QUOTING
20260303,48782000,10:33:02.000,20260303-AP605-00406,,AP605,target_buy,buy,9718.0,1,190,cancel_requested,fair_invalid_or_session_guard,PAUSED
20260303,48782000,10:33:02.000,20260303-AP605-00407,,AP605,target_sell,sell,10202.0,1,190,cancel_requested,fair_invalid_or_session_guard,PAUSED
20260303,48783000,10:33:03.000,20260303-AP605-00406,,AP605,target_buy,buy,9718.0,1,190,cancel_ack,fair_invalid_or_session_guard,PAUSED
20260303,48783000,10:33:03.000,20260303-AP605-00407,,AP605,target_sell,sell,10202.0,1,190,cancel_ack,fair_invalid_or_session_guard,PAUSED
20260303,48789000,10:33:09.000,20260303-AP605-00408,,AP605,target_buy,buy,9726.0,1,191,submit,initial_quote,FLAT_QUOTING
20260303,48789000,10:33:09.000,20260303-AP605-00409,,AP605,target_sell,sell,10210.0,1,191,submit,initial_quote,FLAT_QUOTING
20260303,48790000,10:33:10.000,20260303-AP605-00408,,AP605,target_buy,buy,9726.0,1,191,ack,,FLAT_QUOTING
20260303,48790000,10:33:10.000,20260303-AP605-00409,,AP605,target_sell,sell,10210.0,1,191,ack,,FLAT_QUOTING
20260303,48803000,10:33:23.000,20260303-AP605-00408,,AP605,target_buy,buy,9726.0,1,191,cancel_requested,fair_invalid_or_session_guard,PAUSED
20260303,48803000,10:33:23.000,20260303-AP605-00409,,AP605,target_sell,sell,10210.0,1,191,cancel_requested,fair_invalid_or_session_guard,PAUSED
20260303,48804000,10:33:24.000,20260303-AP605-00408,,AP605,target_buy,buy,9726.0,1,191,cancel_ack,fair_invalid_or_session_guard,PAUSED
20260303,48804000,10:33:24.000,20260303-AP605-00409,,AP605,target_sell,sell,10210.0,1,191,cancel_ack,fair_invalid_or_session_guard,PAUSED
20260303,48807000,10:33:27.000,20260303-AP605-00410,,AP605,target_buy,buy,9725.0,1,192,submit,initial_quote,FLAT_QUOTING
20260303,48807000,10:33:27.000,20260303-AP605-00411,,AP605,target_sell,sell,10209.0,1,192,submit,initial_quote,FLAT_QUOTING
20260303,48808000,10:33:28.000,20260303-AP605-00410,,AP605,target_buy,buy,9725.0,1,192,ack,,FLAT_QUOTING
20260303,48808000,10:33:28.000,20260303-AP605-00411,,AP605,target_sell,sell,10209.0,1,192,ack,,FLAT_QUOTING
20260303,48816000,10:33:36.000,20260303-AP605-00410,,AP605,target_buy,buy,9725.0,1,192,cancel_requested,fair_invalid_or_session_guard,PAUSED
20260303,48816000,10:33:36.000,20260303-AP605-00411,,AP605,target_sell,sell,10209.0,1,192,cancel_requested,fair_invalid_or_session_guard,PAUSED
20260303,48817000,10:33:37.000,20260303-AP605-00410,,AP605,target_buy,buy,9725.0,1,192,cancel_ack,fair_invalid_or_session_guard,PAUSED
20260303,48817000,10:33:37.000,20260303-AP605-00411,,AP605,target_sell,sell,10209.0,1,192,cancel_ack,fair_invalid_or_session_guard,PAUSED
20260303,48820000,10:33:40.000,20260303-AP605-00412,,AP605,target_buy,buy,9724.0,1,193,submit,initial_quote,FLAT_QUOTING
20260303,48820000,10:33:40.000,20260303-AP605-00413,,AP605,target_sell,sell,10208.0,1,193,submit,initial_quote,FLAT_QUOTING
20260303,48821000,10:33:41.000,20260303-AP605-00412,,AP605,target_buy,buy,9724.0,1,193,ack,,FLAT_QUOTING
20260303,48821000,10:33:41.000,20260303-AP605-00413,,AP605,target_sell,sell,10208.0,1,193,ack,,FLAT_QUOTING
20260303,48831000,10:33:51.000,20260303-AP605-00412,,AP605,target_buy,buy,9724.0,1,193,cancel_requested,fair_invalid_or_session_guard,PAUSED
20260303,48831000,10:33:51.000,20260303-AP605-00413,,AP605,target_sell,sell,10208.0,1,193,cancel_requested,fair_invalid_or_session_guard,PAUSED
20260303,48832000,10:33:52.000,20260303-AP605-00412,,AP605,target_buy,buy,9724.0,1,193,cancel_ack,fair_invalid_or_session_guard,PAUSED
20260303,48832000,10:33:52.000,20260303-AP605-00413,,AP605,target_sell,sell,10208.0,1,193,cancel_ack,fair_invalid_or_session_guard,PAUSED
20260303,48838000,10:33:58.000,20260303-AP605-00414,,AP605,target_buy,buy,9724.0,1,194,submit,initial_quote,FLAT_QUOTING
20260303,48838000,10:33:58.000,20260303-AP605-00415,,AP605,target_sell,sell,10208.0,1,194,submit,initial_quote,FLAT_QUOTING
20260303,48839000,10:33:59.000,20260303-AP605-00414,,AP605,target_buy,buy,9724.0,1,194,ack,,FLAT_QUOTING
20260303,48839000,10:33:59.000,20260303-AP605-00415,,AP605,target_sell,sell,10208.0,1,194,ack,,FLAT_QUOTING
20260303,48858000,10:34:18.000,20260303-AP605-00414,,AP605,target_buy,buy,9724.0,1,194,cancel_requested,fair_invalid_or_session_guard,PAUSED
20260303,48858000,10:34:18.000,20260303-AP605-00415,,AP605,target_sell,sell,10208.0,1,194,cancel_requested,fair_invalid_or_session_guard,PAUSED
20260303,48859000,10:34:19.000,20260303-AP605-00414,,AP605,target_buy,buy,9724.0,1,194,cancel_ack,fair_invalid_or_session_guard,PAUSED
20260303,48859000,10:34:19.000,20260303-AP605-00415,,AP605,target_sell,sell,10208.0,1,194,cancel_ack,fair_invalid_or_session_guard,PAUSED
20260303,48863000,10:34:23.000,20260303-AP605-00416,,AP605,target_buy,buy,9722.0,1,195,submit,initial_quote,FLAT_QUOTING
20260303,48863000,10:34:23.000,20260303-AP605-00417,,AP605,target_sell,sell,10206.0,1,195,submit,initial_quote,FLAT_QUOTING
20260303,48864000,10:34:24.000,20260303-AP605-00416,,AP605,target_buy,buy,9722.0,1,195,ack,,FLAT_QUOTING
20260303,48864000,10:34:24.000,20260303-AP605-00417,,AP605,target_sell,sell,10206.0,1,195,ack,,FLAT_QUOTING
20260303,48867000,10:34:27.000,20260303-AP605-00416,,AP605,target_buy,buy,9722.0,1,195,cancel_requested,fair_invalid_or_session_guard,PAUSED
20260303,48867000,10:34:27.000,20260303-AP605-00417,,AP605,target_sell,sell,10206.0,1,195,cancel_requested,fair_invalid_or_session_guard,PAUSED
20260303,48868000,10:34:28.000,20260303-AP605-00416,,AP605,target_buy,buy,9722.0,1,195,cancel_ack,fair_invalid_or_session_guard,PAUSED
20260303,48868000,10:34:28.000,20260303-AP605-00417,,AP605,target_sell,sell,10206.0,1,195,cancel_ack,fair_invalid_or_session_guard,PAUSED
20260303,48869000,10:34:29.000,20260303-AP605-00418,,AP605,target_buy,buy,9721.0,1,196,submit,initial_quote,FLAT_QUOTING
20260303,48869000,10:34:29.000,20260303-AP605-00419,,AP605,target_sell,sell,10205.0,1,196,submit,initial_quote,FLAT_QUOTING
20260303,48870000,10:34:30.000,20260303-AP605-00418,,AP605,target_buy,buy,9721.0,1,196,ack,,FLAT_QUOTING
20260303,48870000,10:34:30.000,20260303-AP605-00419,,AP605,target_sell,sell,10205.0,1,196,ack,,FLAT_QUOTING
20260303,48885000,10:34:45.000,20260303-AP605-00418,,AP605,target_buy,buy,9721.0,1,196,cancel_requested,fair_invalid_or_session_guard,PAUSED
20260303,48885000,10:34:45.000,20260303-AP605-00419,,AP605,target_sell,sell,10205.0,1,196,cancel_requested,fair_invalid_or_session_guard,PAUSED
20260303,48886000,10:34:46.000,20260303-AP605-00418,,AP605,target_buy,buy,9721.0,1,196,cancel_ack,fair_invalid_or_session_guard,PAUSED
20260303,48886000,10:34:46.000,20260303-AP605-00419,,AP605,target_sell,sell,10205.0,1,196,cancel_ack,fair_invalid_or_session_guard,PAUSED
20260303,48889000,10:34:49.000,20260303-AP605-00420,,AP605,target_buy,buy,9723.0,1,197,submit,initial_quote,FLAT_QUOTING
20260303,48889000,10:34:49.000,20260303-AP605-00421,,AP605,target_sell,sell,10207.0,1,197,submit,initial_quote,FLAT_QUOTING
20260303,48890000,10:34:50.000,20260303-AP605-00420,,AP605,target_buy,buy,9723.0,1,197,ack,,FLAT_QUOTING
20260303,48890000,10:34:50.000,20260303-AP605-00421,,AP605,target_sell,sell,10207.0,1,197,ack,,FLAT_QUOTING
20260303,48897000,10:34:57.000,20260303-AP605-00420,,AP605,target_buy,buy,9723.0,1,197,cancel_requested,fair_invalid_or_session_guard,PAUSED
20260303,48897000,10:34:57.000,20260303-AP605-00421,,AP605,target_sell,sell,10207.0,1,197,cancel_requested,fair_invalid_or_session_guard,PAUSED
20260303,48899000,10:34:59.000,20260303-AP605-00420,,AP605,target_buy,buy,9723.0,1,197,cancel_ack,fair_invalid_or_session_guard,PAUSED
20260303,48899000,10:34:59.000,20260303-AP605-00421,,AP605,target_sell,sell,10207.0,1,197,cancel_ack,fair_invalid_or_session_guard,PAUSED
20260303,48900000,10:35:00.000,20260303-AP605-00422,,AP605,target_buy,buy,9721.0,1,198,submit,initial_quote,FLAT_QUOTING
20260303,48900000,10:35:00.000,20260303-AP605-00423,,AP605,target_sell,sell,10205.0,1,198,submit,initial_quote,FLAT_QUOTING
20260303,48901000,10:35:01.000,20260303-AP605-00422,,AP605,target_buy,buy,9721.0,1,198,ack,,FLAT_QUOTING
20260303,48901000,10:35:01.000,20260303-AP605-00423,,AP605,target_sell,sell,10205.0,1,198,ack,,FLAT_QUOTING
20260303,48915000,10:35:15.000,20260303-AP605-00422,,AP605,target_buy,buy,9721.0,1,198,cancel_requested,fair_invalid_or_session_guard,PAUSED
20260303,48915000,10:35:15.000,20260303-AP605-00423,,AP605,target_sell,sell,10205.0,1,198,cancel_requested,fair_invalid_or_session_guard,PAUSED
20260303,48916000,10:35:16.000,20260303-AP605-00422,,AP605,target_buy,buy,9721.0,1,198,cancel_ack,fair_invalid_or_session_guard,PAUSED
20260303,48916000,10:35:16.000,20260303-AP605-00423,,AP605,target_sell,sell,10205.0,1,198,cancel_ack,fair_invalid_or_session_guard,PAUSED
20260303,48919000,10:35:19.000,20260303-AP605-00424,,AP605,target_buy,buy,9723.0,1,199,submit,initial_quote,FLAT_QUOTING
20260303,48919000,10:35:19.000,20260303-AP605-00425,,AP605,target_sell,sell,10207.0,1,199,submit,initial_quote,FLAT_QUOTING
20260303,48920000,10:35:20.000,20260303-AP605-00424,,AP605,target_buy,buy,9723.0,1,199,ack,,FLAT_QUOTING
20260303,48920000,10:35:20.000,20260303-AP605-00425,,AP605,target_sell,sell,10207.0,1,199,ack,,FLAT_QUOTING
20260303,48921000,10:35:21.000,20260303-AP605-00424,,AP605,target_buy,buy,9723.0,1,199,cancel_requested,fair_invalid_or_session_guard,PAUSED
20260303,48921000,10:35:21.000,20260303-AP605-00425,,AP605,target_sell,sell,10207.0,1,199,cancel_requested,fair_invalid_or_session_guard,PAUSED
20260303,48922000,10:35:22.000,20260303-AP605-00424,,AP605,target_buy,buy,9723.0,1,199,cancel_ack,fair_invalid_or_session_guard,PAUSED
20260303,48922000,10:35:22.000,20260303-AP605-00425,,AP605,target_sell,sell,10207.0,1,199,cancel_ack,fair_invalid_or_session_guard,PAUSED
20260303,48928000,10:35:28.000,20260303-AP605-00426,,AP605,target_buy,buy,9724.0,1,200,submit,initial_quote,FLAT_QUOTING
20260303,48928000,10:35:28.000,20260303-AP605-00427,,AP605,target_sell,sell,10208.0,1,200,submit,initial_quote,FLAT_QUOTING
20260303,48929000,10:35:29.000,20260303-AP605-00426,,AP605,target_buy,buy,9724.0,1,200,ack,,FLAT_QUOTING
20260303,48929000,10:35:29.000,20260303-AP605-00427,,AP605,target_sell,sell,10208.0,1,200,ack,,FLAT_QUOTING
20260303,48934000,10:35:34.000,20260303-AP605-00426,,AP605,target_buy,buy,9724.0,1,200,cancel_requested,fair_invalid_or_session_guard,PAUSED
20260303,48934000,10:35:34.000,20260303-AP605-00427,,AP605,target_sell,sell,10208.0,1,200,cancel_requested,fair_invalid_or_session_guard,PAUSED
20260303,48935000,10:35:35.000,20260303-AP605-00426,,AP605,target_buy,buy,9724.0,1,200,cancel_ack,fair_invalid_or_session_guard,PAUSED
20260303,48935000,10:35:35.000,20260303-AP605-00427,,AP605,target_sell,sell,10208.0,1,200,cancel_ack,fair_invalid_or_session_guard,PAUSED
20260303,48939000,10:35:39.000,20260303-AP605-00428,,AP605,target_buy,buy,9724.0,1,201,submit,initial_quote,FLAT_QUOTING
20260303,48939000,10:35:39.000,20260303-AP605-00429,,AP605,target_sell,sell,10208.0,1,201,submit,initial_quote,FLAT_QUOTING
20260303,48940000,10:35:40.000,20260303-AP605-00428,,AP605,target_buy,buy,9724.0,1,201,ack,,FLAT_QUOTING
20260303,48940000,10:35:40.000,20260303-AP605-00429,,AP605,target_sell,sell,10208.0,1,201,ack,,FLAT_QUOTING
20260303,48941000,10:35:41.000,20260303-AP605-00428,,AP605,target_buy,buy,9724.0,1,201,cancel_requested,fair_invalid_or_session_guard,PAUSED
20260303,48941000,10:35:41.000,20260303-AP605-00429,,AP605,target_sell,sell,10208.0,1,201,cancel_requested,fair_invalid_or_session_guard,PAUSED
20260303,48942000,10:35:42.000,20260303-AP605-00428,,AP605,target_buy,buy,9724.0,1,201,cancel_ack,fair_invalid_or_session_guard,PAUSED
20260303,48942000,10:35:42.000,20260303-AP605-00429,,AP605,target_sell,sell,10208.0,1,201,cancel_ack,fair_invalid_or_session_guard,PAUSED
20260303,48964000,10:36:04.000,20260303-AP605-00430,,AP605,target_buy,buy,9724.0,1,202,submit,initial_quote,FLAT_QUOTING
20260303,48964000,10:36:04.000,20260303-AP605-00431,,AP605,target_sell,sell,10208.0,1,202,submit,initial_quote,FLAT_QUOTING
20260303,48965000,10:36:05.000,20260303-AP605-00430,,AP605,target_buy,buy,9724.0,1,202,ack,,FLAT_QUOTING
20260303,48965000,10:36:05.000,20260303-AP605-00431,,AP605,target_sell,sell,10208.0,1,202,ack,,FLAT_QUOTING
20260303,48981000,10:36:21.000,20260303-AP605-00430,,AP605,target_buy,buy,9724.0,1,202,cancel_requested,fair_invalid_or_session_guard,PAUSED
20260303,48981000,10:36:21.000,20260303-AP605-00431,,AP605,target_sell,sell,10208.0,1,202,cancel_requested,fair_invalid_or_session_guard,PAUSED
20260303,48982000,10:36:22.000,20260303-AP605-00430,,AP605,target_buy,buy,9724.0,1,202,cancel_ack,fair_invalid_or_session_guard,PAUSED
20260303,48982000,10:36:22.000,20260303-AP605-00431,,AP605,target_sell,sell,10208.0,1,202,cancel_ack,fair_invalid_or_session_guard,PAUSED
20260303,49065000,10:37:45.000,20260303-AP605-00432,,AP605,target_buy,buy,9726.0,1,203,submit,initial_quote,FLAT_QUOTING
20260303,49065000,10:37:45.000,20260303-AP605-00433,,AP605,target_sell,sell,10210.0,1,203,submit,initial_quote,FLAT_QUOTING
20260303,49066000,10:37:46.000,20260303-AP605-00432,,AP605,target_buy,buy,9726.0,1,203,ack,,FLAT_QUOTING
20260303,49066000,10:37:46.000,20260303-AP605-00433,,AP605,target_sell,sell,10210.0,1,203,ack,,FLAT_QUOTING
20260303,49070000,10:37:50.000,20260303-AP605-00432,,AP605,target_buy,buy,9726.0,1,203,cancel_requested,fair_invalid_or_session_guard,PAUSED
20260303,49070000,10:37:50.000,20260303-AP605-00433,,AP605,target_sell,sell,10210.0,1,203,cancel_requested,fair_invalid_or_session_guard,PAUSED
20260303,49071000,10:37:51.000,20260303-AP605-00432,,AP605,target_buy,buy,9726.0,1,203,cancel_ack,fair_invalid_or_session_guard,PAUSED
20260303,49071000,10:37:51.000,20260303-AP605-00433,,AP605,target_sell,sell,10210.0,1,203,cancel_ack,fair_invalid_or_session_guard,PAUSED
20260303,49073000,10:37:53.000,20260303-AP605-00434,,AP605,target_buy,buy,9728.0,1,204,submit,initial_quote,FLAT_QUOTING
20260303,49073000,10:37:53.000,20260303-AP605-00435,,AP605,target_sell,sell,10212.0,1,204,submit,initial_quote,FLAT_QUOTING
20260303,49074000,10:37:54.000,20260303-AP605-00434,,AP605,target_buy,buy,9728.0,1,204,ack,,FLAT_QUOTING
20260303,49074000,10:37:54.000,20260303-AP605-00435,,AP605,target_sell,sell,10212.0,1,204,ack,,FLAT_QUOTING
20260303,49081000,10:38:01.000,20260303-AP605-00434,,AP605,target_buy,buy,9728.0,1,204,cancel_requested,fair_invalid_or_session_guard,PAUSED
20260303,49081000,10:38:01.000,20260303-AP605-00435,,AP605,target_sell,sell,10212.0,1,204,cancel_requested,fair_invalid_or_session_guard,PAUSED
20260303,49082000,10:38:02.000,20260303-AP605-00434,,AP605,target_buy,buy,9728.0,1,204,cancel_ack,fair_invalid_or_session_guard,PAUSED
20260303,49082000,10:38:02.000,20260303-AP605-00435,,AP605,target_sell,sell,10212.0,1,204,cancel_ack,fair_invalid_or_session_guard,PAUSED
20260303,49101000,10:38:21.000,20260303-AP605-00436,,AP605,target_buy,buy,9738.0,1,205,submit,initial_quote,FLAT_QUOTING
20260303,49101000,10:38:21.000,20260303-AP605-00437,,AP605,target_sell,sell,10222.0,1,205,submit,initial_quote,FLAT_QUOTING
20260303,49102000,10:38:22.000,20260303-AP605-00436,,AP605,target_buy,buy,9738.0,1,205,ack,,FLAT_QUOTING
20260303,49102000,10:38:22.000,20260303-AP605-00437,,AP605,target_sell,sell,10222.0,1,205,ack,,FLAT_QUOTING
20260303,49104000,10:38:24.000,20260303-AP605-00436,,AP605,target_buy,buy,9738.0,1,205,cancel_requested,fair_invalid_or_session_guard,PAUSED
20260303,49104000,10:38:24.000,20260303-AP605-00437,,AP605,target_sell,sell,10222.0,1,205,cancel_requested,fair_invalid_or_session_guard,PAUSED
20260303,49105000,10:38:25.000,20260303-AP605-00436,,AP605,target_buy,buy,9738.0,1,205,cancel_ack,fair_invalid_or_session_guard,PAUSED
20260303,49105000,10:38:25.000,20260303-AP605-00437,,AP605,target_sell,sell,10222.0,1,205,cancel_ack,fair_invalid_or_session_guard,PAUSED
20260303,49177000,10:39:37.000,20260303-AP605-00438,,AP605,target_buy,buy,9746.0,1,206,submit,initial_quote,FLAT_QUOTING
20260303,49177000,10:39:37.000,20260303-AP605-00439,,AP605,target_sell,sell,10230.0,1,206,submit,initial_quote,FLAT_QUOTING
20260303,49178000,10:39:38.000,20260303-AP605-00438,,AP605,target_buy,buy,9746.0,1,206,ack,,FLAT_QUOTING
20260303,49178000,10:39:38.000,20260303-AP605-00439,,AP605,target_sell,sell,10230.0,1,206,ack,,FLAT_QUOTING
20260303,49179000,10:39:39.000,20260303-AP605-00438,,AP605,target_buy,buy,9746.0,1,206,cancel_requested,fair_invalid_or_session_guard,PAUSED
20260303,49179000,10:39:39.000,20260303-AP605-00439,,AP605,target_sell,sell,10230.0,1,206,cancel_requested,fair_invalid_or_session_guard,PAUSED
20260303,49180000,10:39:40.000,20260303-AP605-00438,,AP605,target_buy,buy,9746.0,1,206,cancel_ack,fair_invalid_or_session_guard,PAUSED
20260303,49180000,10:39:40.000,20260303-AP605-00439,,AP605,target_sell,sell,10230.0,1,206,cancel_ack,fair_invalid_or_session_guard,PAUSED
20260303,49181000,10:39:41.000,20260303-AP605-00440,,AP605,target_buy,buy,9746.0,1,207,submit,initial_quote,FLAT_QUOTING
20260303,49181000,10:39:41.000,20260303-AP605-00441,,AP605,target_sell,sell,10230.0,1,207,submit,initial_quote,FLAT_QUOTING
20260303,49182000,10:39:42.000,20260303-AP605-00440,,AP605,target_buy,buy,9746.0,1,207,ack,,FLAT_QUOTING
20260303,49182000,10:39:42.000,20260303-AP605-00441,,AP605,target_sell,sell,10230.0,1,207,ack,,FLAT_QUOTING
20260303,49185000,10:39:45.000,20260303-AP605-00440,,AP605,target_buy,buy,9746.0,1,207,cancel_requested,fair_invalid_or_session_guard,PAUSED
20260303,49185000,10:39:45.000,20260303-AP605-00441,,AP605,target_sell,sell,10230.0,1,207,cancel_requested,fair_invalid_or_session_guard,PAUSED
20260303,49186000,10:39:46.000,20260303-AP605-00440,,AP605,target_buy,buy,9746.0,1,207,cancel_ack,fair_invalid_or_session_guard,PAUSED
20260303,49186000,10:39:46.000,20260303-AP605-00441,,AP605,target_sell,sell,10230.0,1,207,cancel_ack,fair_invalid_or_session_guard,PAUSED
20260303,49194000,10:39:54.000,20260303-AP605-00442,,AP605,target_buy,buy,9746.0,1,208,submit,initial_quote,FLAT_QUOTING
20260303,49194000,10:39:54.000,20260303-AP605-00443,,AP605,target_sell,sell,10230.0,1,208,submit,initial_quote,FLAT_QUOTING
20260303,49195000,10:39:55.000,20260303-AP605-00442,,AP605,target_buy,buy,9746.0,1,208,ack,,FLAT_QUOTING
20260303,49195000,10:39:55.000,20260303-AP605-00443,,AP605,target_sell,sell,10230.0,1,208,ack,,FLAT_QUOTING
20260303,49210000,10:40:10.000,20260303-AP605-00443,,AP605,target_sell,sell,10230.0,1,208,fill,interval_vwap,FLAT_QUOTING
20260303,49210000,10:40:10.000,20260303-AP605-00442,,AP605,target_buy,buy,9746.0,1,208,cancel_requested,opposite_target_fill,FLAT_QUOTING
20260303,49211000,10:40:11.000,20260303-AP605-00442,,AP605,target_buy,buy,9746.0,1,208,cancel_ack,opposite_target_fill,SHORT_PENDING_HEDGE
20260303,49211000,10:40:11.000,20260303-AP605-00444,20260303-AP605-0010,AP604,hedge_entry,buy,,1,208,submit,,SHORT_PENDING_HEDGE
20260303,49211000,10:40:11.000,20260303-AP605-00444,20260303-AP605-0010,AP604,hedge_entry,buy,9739.0,1,208,fill,quote_key=49210000,SHORT_PENDING_HEDGE
20260303,49212000,10:40:12.000,20260303-AP605-00445,20260303-AP605-0010,AP605,target_exit,buy,,1,208,submit,,FLATTENING
20260303,49212000,10:40:12.000,20260303-AP605-00445,20260303-AP605-0010,AP605,target_exit,buy,9999.0,1,208,fill,,FLATTENING
20260303,49212000,10:40:12.000,20260303-AP605-00446,20260303-AP605-0010,AP604,hedge_exit,sell,,1,208,submit,,FLATTENING
20260303,49212000,10:40:12.000,20260303-AP605-00446,20260303-AP605-0010,AP604,hedge_exit,sell,9707.0,1,208,fill,quote_key=49212000,FLATTENING
20260303,49214000,10:40:14.000,20260303-AP605-00447,,AP605,target_buy,buy,9748.0,1,209,submit,initial_quote,FLAT_QUOTING
20260303,49214000,10:40:14.000,20260303-AP605-00448,,AP605,target_sell,sell,10232.0,1,209,submit,initial_quote,FLAT_QUOTING
20260303,49215000,10:40:15.000,20260303-AP605-00447,,AP605,target_buy,buy,9748.0,1,209,ack,,FLAT_QUOTING
20260303,49215000,10:40:15.000,20260303-AP605-00448,,AP605,target_sell,sell,10232.0,1,209,ack,,FLAT_QUOTING
20260303,49282000,10:41:22.000,20260303-AP605-00447,,AP605,target_buy,buy,9748.0,1,209,cancel_requested,fair_invalid_or_session_guard,PAUSED
20260303,49282000,10:41:22.000,20260303-AP605-00448,,AP605,target_sell,sell,10232.0,1,209,cancel_requested,fair_invalid_or_session_guard,PAUSED
20260303,49283000,10:41:23.000,20260303-AP605-00447,,AP605,target_buy,buy,9748.0,1,209,cancel_ack,fair_invalid_or_session_guard,PAUSED
20260303,49283000,10:41:23.000,20260303-AP605-00448,,AP605,target_sell,sell,10232.0,1,209,cancel_ack,fair_invalid_or_session_guard,PAUSED
20260303,49284000,10:41:24.000,20260303-AP605-00449,,AP605,target_buy,buy,9749.0,1,210,submit,initial_quote,FLAT_QUOTING
20260303,49284000,10:41:24.000,20260303-AP605-00450,,AP605,target_sell,sell,10233.0,1,210,submit,initial_quote,FLAT_QUOTING
20260303,49285000,10:41:25.000,20260303-AP605-00449,,AP605,target_buy,buy,9749.0,1,210,ack,,FLAT_QUOTING
20260303,49285000,10:41:25.000,20260303-AP605-00450,,AP605,target_sell,sell,10233.0,1,210,ack,,FLAT_QUOTING
20260303,49290000,10:41:30.000,20260303-AP605-00449,,AP605,target_buy,buy,9749.0,1,210,cancel_requested,fair_invalid_or_session_guard,PAUSED
20260303,49290000,10:41:30.000,20260303-AP605-00450,,AP605,target_sell,sell,10233.0,1,210,cancel_requested,fair_invalid_or_session_guard,PAUSED
20260303,49291000,10:41:31.000,20260303-AP605-00449,,AP605,target_buy,buy,9749.0,1,210,cancel_ack,fair_invalid_or_session_guard,PAUSED
20260303,49291000,10:41:31.000,20260303-AP605-00450,,AP605,target_sell,sell,10233.0,1,210,cancel_ack,fair_invalid_or_session_guard,PAUSED
20260303,49292000,10:41:32.000,20260303-AP605-00451,,AP605,target_buy,buy,9746.0,1,211,submit,initial_quote,FLAT_QUOTING
20260303,49292000,10:41:32.000,20260303-AP605-00452,,AP605,target_sell,sell,10230.0,1,211,submit,initial_quote,FLAT_QUOTING
20260303,49293000,10:41:33.000,20260303-AP605-00451,,AP605,target_buy,buy,9746.0,1,211,ack,,FLAT_QUOTING
20260303,49293000,10:41:33.000,20260303-AP605-00452,,AP605,target_sell,sell,10230.0,1,211,ack,,FLAT_QUOTING
20260303,49345000,10:42:25.000,20260303-AP605-00451,,AP605,target_buy,buy,9746.0,1,211,cancel_requested,fair_invalid_or_session_guard,PAUSED
20260303,49345000,10:42:25.000,20260303-AP605-00452,,AP605,target_sell,sell,10230.0,1,211,cancel_requested,fair_invalid_or_session_guard,PAUSED
20260303,49346000,10:42:26.000,20260303-AP605-00451,,AP605,target_buy,buy,9746.0,1,211,cancel_ack,fair_invalid_or_session_guard,PAUSED
20260303,49346000,10:42:26.000,20260303-AP605-00452,,AP605,target_sell,sell,10230.0,1,211,cancel_ack,fair_invalid_or_session_guard,PAUSED
20260303,49349000,10:42:29.000,20260303-AP605-00453,,AP605,target_buy,buy,9740.0,1,212,submit,initial_quote,FLAT_QUOTING
20260303,49349000,10:42:29.000,20260303-AP605-00454,,AP605,target_sell,sell,10224.0,1,212,submit,initial_quote,FLAT_QUOTING
20260303,49350000,10:42:30.000,20260303-AP605-00453,,AP605,target_buy,buy,9740.0,1,212,ack,,FLAT_QUOTING
20260303,49350000,10:42:30.000,20260303-AP605-00454,,AP605,target_sell,sell,10224.0,1,212,ack,,FLAT_QUOTING
20260303,49394000,10:43:14.000,20260303-AP605-00453,,AP605,target_buy,buy,9740.0,1,212,cancel_requested,fair_invalid_or_session_guard,PAUSED
20260303,49394000,10:43:14.000,20260303-AP605-00454,,AP605,target_sell,sell,10224.0,1,212,cancel_requested,fair_invalid_or_session_guard,PAUSED
20260303,49395000,10:43:15.000,20260303-AP605-00453,,AP605,target_buy,buy,9740.0,1,212,cancel_ack,fair_invalid_or_session_guard,PAUSED
20260303,49395000,10:43:15.000,20260303-AP605-00454,,AP605,target_sell,sell,10224.0,1,212,cancel_ack,fair_invalid_or_session_guard,PAUSED
20260303,49399000,10:43:19.000,20260303-AP605-00455,,AP605,target_buy,buy,9742.0,1,213,submit,initial_quote,FLAT_QUOTING
20260303,49399000,10:43:19.000,20260303-AP605-00456,,AP605,target_sell,sell,10226.0,1,213,submit,initial_quote,FLAT_QUOTING
20260303,49400000,10:43:20.000,20260303-AP605-00455,,AP605,target_buy,buy,9742.0,1,213,ack,,FLAT_QUOTING
20260303,49400000,10:43:20.000,20260303-AP605-00456,,AP605,target_sell,sell,10226.0,1,213,ack,,FLAT_QUOTING
20260303,49407000,10:43:27.000,20260303-AP605-00455,,AP605,target_buy,buy,9742.0,1,213,cancel_requested,fair_invalid_or_session_guard,PAUSED
20260303,49407000,10:43:27.000,20260303-AP605-00456,,AP605,target_sell,sell,10226.0,1,213,cancel_requested,fair_invalid_or_session_guard,PAUSED
20260303,49408000,10:43:28.000,20260303-AP605-00455,,AP605,target_buy,buy,9742.0,1,213,cancel_ack,fair_invalid_or_session_guard,PAUSED
20260303,49408000,10:43:28.000,20260303-AP605-00456,,AP605,target_sell,sell,10226.0,1,213,cancel_ack,fair_invalid_or_session_guard,PAUSED
20260303,49409000,10:43:29.000,20260303-AP605-00457,,AP605,target_buy,buy,9742.0,1,214,submit,initial_quote,FLAT_QUOTING
20260303,49409000,10:43:29.000,20260303-AP605-00458,,AP605,target_sell,sell,10226.0,1,214,submit,initial_quote,FLAT_QUOTING
20260303,49410000,10:43:30.000,20260303-AP605-00457,,AP605,target_buy,buy,9742.0,1,214,ack,,FLAT_QUOTING
20260303,49410000,10:43:30.000,20260303-AP605-00458,,AP605,target_sell,sell,10226.0,1,214,ack,,FLAT_QUOTING
20260303,49490000,10:44:50.000,20260303-AP605-00457,,AP605,target_buy,buy,9742.0,1,214,cancel_requested,fair_invalid_or_session_guard,PAUSED
20260303,49490000,10:44:50.000,20260303-AP605-00458,,AP605,target_sell,sell,10226.0,1,214,cancel_requested,fair_invalid_or_session_guard,PAUSED
20260303,49491000,10:44:51.000,20260303-AP605-00457,,AP605,target_buy,buy,9742.0,1,214,cancel_ack,fair_invalid_or_session_guard,PAUSED
20260303,49491000,10:44:51.000,20260303-AP605-00458,,AP605,target_sell,sell,10226.0,1,214,cancel_ack,fair_invalid_or_session_guard,PAUSED
20260303,49493000,10:44:53.000,20260303-AP605-00459,,AP605,target_buy,buy,9738.0,1,215,submit,initial_quote,FLAT_QUOTING
20260303,49493000,10:44:53.000,20260303-AP605-00460,,AP605,target_sell,sell,10222.0,1,215,submit,initial_quote,FLAT_QUOTING
20260303,49494000,10:44:54.000,20260303-AP605-00459,,AP605,target_buy,buy,9738.0,1,215,ack,,FLAT_QUOTING
20260303,49494000,10:44:54.000,20260303-AP605-00460,,AP605,target_sell,sell,10222.0,1,215,ack,,FLAT_QUOTING
20260303,49513000,10:45:13.000,20260303-AP605-00459,,AP605,target_buy,buy,9738.0,1,215,cancel_requested,fair_invalid_or_session_guard,PAUSED
20260303,49513000,10:45:13.000,20260303-AP605-00460,,AP605,target_sell,sell,10222.0,1,215,cancel_requested,fair_invalid_or_session_guard,PAUSED
20260303,49514000,10:45:14.000,20260303-AP605-00459,,AP605,target_buy,buy,9738.0,1,215,cancel_ack,fair_invalid_or_session_guard,PAUSED
20260303,49514000,10:45:14.000,20260303-AP605-00460,,AP605,target_sell,sell,10222.0,1,215,cancel_ack,fair_invalid_or_session_guard,PAUSED
20260303,49528000,10:45:28.000,20260303-AP605-00461,,AP605,target_buy,buy,9740.0,1,216,submit,initial_quote,FLAT_QUOTING
20260303,49528000,10:45:28.000,20260303-AP605-00462,,AP605,target_sell,sell,10224.0,1,216,submit,initial_quote,FLAT_QUOTING
20260303,49529000,10:45:29.000,20260303-AP605-00461,,AP605,target_buy,buy,9740.0,1,216,ack,,FLAT_QUOTING
20260303,49529000,10:45:29.000,20260303-AP605-00462,,AP605,target_sell,sell,10224.0,1,216,ack,,FLAT_QUOTING
20260303,49537000,10:45:37.000,20260303-AP605-00461,,AP605,target_buy,buy,9740.0,1,216,cancel_requested,fair_invalid_or_session_guard,PAUSED
20260303,49537000,10:45:37.000,20260303-AP605-00462,,AP605,target_sell,sell,10224.0,1,216,cancel_requested,fair_invalid_or_session_guard,PAUSED
20260303,49538000,10:45:38.000,20260303-AP605-00461,,AP605,target_buy,buy,9740.0,1,216,cancel_ack,fair_invalid_or_session_guard,PAUSED
20260303,49538000,10:45:38.000,20260303-AP605-00462,,AP605,target_sell,sell,10224.0,1,216,cancel_ack,fair_invalid_or_session_guard,PAUSED
20260303,49543000,10:45:43.000,20260303-AP605-00463,,AP605,target_buy,buy,9740.0,1,217,submit,initial_quote,FLAT_QUOTING
20260303,49543000,10:45:43.000,20260303-AP605-00464,,AP605,target_sell,sell,10224.0,1,217,submit,initial_quote,FLAT_QUOTING
20260303,49544000,10:45:44.000,20260303-AP605-00463,,AP605,target_buy,buy,9740.0,1,217,ack,,FLAT_QUOTING
20260303,49544000,10:45:44.000,20260303-AP605-00464,,AP605,target_sell,sell,10224.0,1,217,ack,,FLAT_QUOTING
20260303,49551000,10:45:51.000,20260303-AP605-00463,,AP605,target_buy,buy,9740.0,1,217,cancel_requested,fair_invalid_or_session_guard,PAUSED
20260303,49551000,10:45:51.000,20260303-AP605-00464,,AP605,target_sell,sell,10224.0,1,217,cancel_requested,fair_invalid_or_session_guard,PAUSED
20260303,49552000,10:45:52.000,20260303-AP605-00463,,AP605,target_buy,buy,9740.0,1,217,cancel_ack,fair_invalid_or_session_guard,PAUSED
20260303,49552000,10:45:52.000,20260303-AP605-00464,,AP605,target_sell,sell,10224.0,1,217,cancel_ack,fair_invalid_or_session_guard,PAUSED
20260303,49561000,10:46:01.000,20260303-AP605-00465,,AP605,target_buy,buy,9737.0,1,218,submit,initial_quote,FLAT_QUOTING
20260303,49561000,10:46:01.000,20260303-AP605-00466,,AP605,target_sell,sell,10221.0,1,218,submit,initial_quote,FLAT_QUOTING
20260303,49562000,10:46:02.000,20260303-AP605-00465,,AP605,target_buy,buy,9737.0,1,218,ack,,FLAT_QUOTING
20260303,49562000,10:46:02.000,20260303-AP605-00466,,AP605,target_sell,sell,10221.0,1,218,ack,,FLAT_QUOTING
20260303,49585000,10:46:25.000,20260303-AP605-00465,,AP605,target_buy,buy,9737.0,1,218,cancel_requested,fair_invalid_or_session_guard,PAUSED
20260303,49585000,10:46:25.000,20260303-AP605-00466,,AP605,target_sell,sell,10221.0,1,218,cancel_requested,fair_invalid_or_session_guard,PAUSED
20260303,49586000,10:46:26.000,20260303-AP605-00465,,AP605,target_buy,buy,9737.0,1,218,cancel_ack,fair_invalid_or_session_guard,PAUSED
20260303,49586000,10:46:26.000,20260303-AP605-00466,,AP605,target_sell,sell,10221.0,1,218,cancel_ack,fair_invalid_or_session_guard,PAUSED
20260303,49587000,10:46:27.000,20260303-AP605-00467,,AP605,target_buy,buy,9736.0,1,219,submit,initial_quote,FLAT_QUOTING
20260303,49587000,10:46:27.000,20260303-AP605-00468,,AP605,target_sell,sell,10220.0,1,219,submit,initial_quote,FLAT_QUOTING
20260303,49588000,10:46:28.000,20260303-AP605-00467,,AP605,target_buy,buy,9736.0,1,219,ack,,FLAT_QUOTING
20260303,49588000,10:46:28.000,20260303-AP605-00468,,AP605,target_sell,sell,10220.0,1,219,ack,,FLAT_QUOTING
20260303,49643000,10:47:23.000,20260303-AP605-00467,,AP605,target_buy,buy,9736.0,1,219,cancel_requested,fair_invalid_or_session_guard,PAUSED
20260303,49643000,10:47:23.000,20260303-AP605-00468,,AP605,target_sell,sell,10220.0,1,219,cancel_requested,fair_invalid_or_session_guard,PAUSED
20260303,49644000,10:47:24.000,20260303-AP605-00467,,AP605,target_buy,buy,9736.0,1,219,cancel_ack,fair_invalid_or_session_guard,PAUSED
20260303,49644000,10:47:24.000,20260303-AP605-00468,,AP605,target_sell,sell,10220.0,1,219,cancel_ack,fair_invalid_or_session_guard,PAUSED
20260303,49645000,10:47:25.000,20260303-AP605-00469,,AP605,target_buy,buy,9742.0,1,220,submit,initial_quote,FLAT_QUOTING
20260303,49645000,10:47:25.000,20260303-AP605-00470,,AP605,target_sell,sell,10226.0,1,220,submit,initial_quote,FLAT_QUOTING
20260303,49646000,10:47:26.000,20260303-AP605-00469,,AP605,target_buy,buy,9742.0,1,220,ack,,FLAT_QUOTING
20260303,49646000,10:47:26.000,20260303-AP605-00470,,AP605,target_sell,sell,10226.0,1,220,ack,,FLAT_QUOTING
20260303,49716000,10:48:36.000,20260303-AP605-00469,,AP605,target_buy,buy,9742.0,1,220,cancel_requested,fair_invalid_or_session_guard,PAUSED
20260303,49716000,10:48:36.000,20260303-AP605-00470,,AP605,target_sell,sell,10226.0,1,220,cancel_requested,fair_invalid_or_session_guard,PAUSED
20260303,49717000,10:48:37.000,20260303-AP605-00469,,AP605,target_buy,buy,9742.0,1,220,cancel_ack,fair_invalid_or_session_guard,PAUSED
20260303,49717000,10:48:37.000,20260303-AP605-00470,,AP605,target_sell,sell,10226.0,1,220,cancel_ack,fair_invalid_or_session_guard,PAUSED
20260303,49719000,10:48:39.000,20260303-AP605-00471,,AP605,target_buy,buy,9746.0,1,221,submit,initial_quote,FLAT_QUOTING
20260303,49719000,10:48:39.000,20260303-AP605-00472,,AP605,target_sell,sell,10230.0,1,221,submit,initial_quote,FLAT_QUOTING
20260303,49720000,10:48:40.000,20260303-AP605-00471,,AP605,target_buy,buy,9746.0,1,221,ack,,FLAT_QUOTING
20260303,49720000,10:48:40.000,20260303-AP605-00472,,AP605,target_sell,sell,10230.0,1,221,ack,,FLAT_QUOTING
20260303,49734000,10:48:54.000,20260303-AP605-00471,,AP605,target_buy,buy,9746.0,1,221,cancel_requested,fair_invalid_or_session_guard,PAUSED
20260303,49734000,10:48:54.000,20260303-AP605-00472,,AP605,target_sell,sell,10230.0,1,221,cancel_requested,fair_invalid_or_session_guard,PAUSED
20260303,49735000,10:48:55.000,20260303-AP605-00471,,AP605,target_buy,buy,9746.0,1,221,cancel_ack,fair_invalid_or_session_guard,PAUSED
20260303,49735000,10:48:55.000,20260303-AP605-00472,,AP605,target_sell,sell,10230.0,1,221,cancel_ack,fair_invalid_or_session_guard,PAUSED
20260303,49737000,10:48:57.000,20260303-AP605-00473,,AP605,target_buy,buy,9748.0,1,222,submit,initial_quote,FLAT_QUOTING
20260303,49737000,10:48:57.000,20260303-AP605-00474,,AP605,target_sell,sell,10232.0,1,222,submit,initial_quote,FLAT_QUOTING
20260303,49738000,10:48:58.000,20260303-AP605-00473,,AP605,target_buy,buy,9748.0,1,222,ack,,FLAT_QUOTING
20260303,49738000,10:48:58.000,20260303-AP605-00474,,AP605,target_sell,sell,10232.0,1,222,ack,,FLAT_QUOTING
20260303,49811000,10:50:11.000,20260303-AP605-00474,,AP605,target_sell,sell,10232.0,1,222,fill,interval_vwap,FLAT_QUOTING
20260303,49811000,10:50:11.000,20260303-AP605-00473,,AP605,target_buy,buy,9748.0,1,222,cancel_requested,opposite_target_fill,FLAT_QUOTING
20260303,49812000,10:50:12.000,20260303-AP605-00473,,AP605,target_buy,buy,9748.0,1,222,cancel_ack,opposite_target_fill,SHORT_PENDING_HEDGE
20260303,49812000,10:50:12.000,20260303-AP605-00475,20260303-AP605-0011,AP604,hedge_entry,buy,,1,222,submit,,SHORT_PENDING_HEDGE
20260303,49812000,10:50:12.000,20260303-AP605-00475,20260303-AP605-0011,AP604,hedge_entry,buy,9721.0,1,222,fill,quote_key=49812000,SHORT_PENDING_HEDGE
20260303,49813000,10:50:13.000,20260303-AP605-00476,20260303-AP605-0011,AP605,target_exit,buy,,1,222,submit,,FLATTENING
20260303,49813000,10:50:13.000,20260303-AP605-00476,20260303-AP605-0011,AP605,target_exit,buy,10005.0,1,222,fill,,FLATTENING
20260303,49813000,10:50:13.000,20260303-AP605-00477,20260303-AP605-0011,AP604,hedge_exit,sell,,1,222,submit,,FLATTENING
20260303,49813000,10:50:13.000,20260303-AP605-00477,20260303-AP605-0011,AP604,hedge_exit,sell,9712.0,1,222,fill,quote_key=49812000,FLATTENING
20260303,49815000,10:50:15.000,20260303-AP605-00478,,AP605,target_buy,buy,9756.0,1,223,submit,initial_quote,FLAT_QUOTING
20260303,49815000,10:50:15.000,20260303-AP605-00479,,AP605,target_sell,sell,10240.0,1,223,submit,initial_quote,FLAT_QUOTING
20260303,49816000,10:50:16.000,20260303-AP605-00478,,AP605,target_buy,buy,9756.0,1,223,ack,,FLAT_QUOTING
20260303,49816000,10:50:16.000,20260303-AP605-00479,,AP605,target_sell,sell,10240.0,1,223,ack,,FLAT_QUOTING
20260303,49826000,10:50:26.000,20260303-AP605-00478,,AP605,target_buy,buy,9756.0,1,223,cancel_requested,fair_invalid_or_session_guard,PAUSED
20260303,49826000,10:50:26.000,20260303-AP605-00479,,AP605,target_sell,sell,10240.0,1,223,cancel_requested,fair_invalid_or_session_guard,PAUSED
20260303,49827000,10:50:27.000,20260303-AP605-00478,,AP605,target_buy,buy,9756.0,1,223,cancel_ack,fair_invalid_or_session_guard,PAUSED
20260303,49827000,10:50:27.000,20260303-AP605-00479,,AP605,target_sell,sell,10240.0,1,223,cancel_ack,fair_invalid_or_session_guard,PAUSED
20260303,49838000,10:50:38.000,20260303-AP605-00480,,AP605,target_buy,buy,9761.0,1,224,submit,initial_quote,FLAT_QUOTING
20260303,49838000,10:50:38.000,20260303-AP605-00481,,AP605,target_sell,sell,10245.0,1,224,submit,initial_quote,FLAT_QUOTING
20260303,49839000,10:50:39.000,20260303-AP605-00480,,AP605,target_buy,buy,9761.0,1,224,ack,,FLAT_QUOTING
20260303,49839000,10:50:39.000,20260303-AP605-00481,,AP605,target_sell,sell,10245.0,1,224,ack,,FLAT_QUOTING
20260303,49843000,10:50:43.000,20260303-AP605-00480,,AP605,target_buy,buy,9761.0,1,224,cancel_requested,fair_invalid_or_session_guard,PAUSED
20260303,49843000,10:50:43.000,20260303-AP605-00481,,AP605,target_sell,sell,10245.0,1,224,cancel_requested,fair_invalid_or_session_guard,PAUSED
20260303,49844000,10:50:44.000,20260303-AP605-00480,,AP605,target_buy,buy,9761.0,1,224,cancel_ack,fair_invalid_or_session_guard,PAUSED
20260303,49844000,10:50:44.000,20260303-AP605-00481,,AP605,target_sell,sell,10245.0,1,224,cancel_ack,fair_invalid_or_session_guard,PAUSED
20260303,49845000,10:50:45.000,20260303-AP605-00482,,AP605,target_buy,buy,9766.0,1,225,submit,initial_quote,FLAT_QUOTING
20260303,49845000,10:50:45.000,20260303-AP605-00483,,AP605,target_sell,sell,10250.0,1,225,submit,initial_quote,FLAT_QUOTING
20260303,49846000,10:50:46.000,20260303-AP605-00482,,AP605,target_buy,buy,9766.0,1,225,ack,,FLAT_QUOTING
20260303,49846000,10:50:46.000,20260303-AP605-00483,,AP605,target_sell,sell,10250.0,1,225,ack,,FLAT_QUOTING
20260303,49898000,10:51:38.000,20260303-AP605-00482,,AP605,target_buy,buy,9766.0,1,225,cancel_requested,fair_invalid_or_session_guard,PAUSED
20260303,49898000,10:51:38.000,20260303-AP605-00483,,AP605,target_sell,sell,10250.0,1,225,cancel_requested,fair_invalid_or_session_guard,PAUSED
20260303,49899000,10:51:39.000,20260303-AP605-00482,,AP605,target_buy,buy,9766.0,1,225,cancel_ack,fair_invalid_or_session_guard,PAUSED
20260303,49899000,10:51:39.000,20260303-AP605-00483,,AP605,target_sell,sell,10250.0,1,225,cancel_ack,fair_invalid_or_session_guard,PAUSED
20260303,49902000,10:51:42.000,20260303-AP605-00484,,AP605,target_buy,buy,9758.0,1,226,submit,initial_quote,FLAT_QUOTING
20260303,49902000,10:51:42.000,20260303-AP605-00485,,AP605,target_sell,sell,10242.0,1,226,submit,initial_quote,FLAT_QUOTING
20260303,49903000,10:51:43.000,20260303-AP605-00484,,AP605,target_buy,buy,9758.0,1,226,ack,,FLAT_QUOTING
20260303,49903000,10:51:43.000,20260303-AP605-00485,,AP605,target_sell,sell,10242.0,1,226,ack,,FLAT_QUOTING
20260303,49927000,10:52:07.000,20260303-AP605-00484,,AP605,target_buy,buy,9758.0,1,226,cancel_requested,fair_invalid_or_session_guard,PAUSED
20260303,49927000,10:52:07.000,20260303-AP605-00485,,AP605,target_sell,sell,10242.0,1,226,cancel_requested,fair_invalid_or_session_guard,PAUSED
20260303,49928000,10:52:08.000,20260303-AP605-00484,,AP605,target_buy,buy,9758.0,1,226,cancel_ack,fair_invalid_or_session_guard,PAUSED
20260303,49928000,10:52:08.000,20260303-AP605-00485,,AP605,target_sell,sell,10242.0,1,226,cancel_ack,fair_invalid_or_session_guard,PAUSED
20260303,49929000,10:52:09.000,20260303-AP605-00486,,AP605,target_buy,buy,9762.0,1,227,submit,initial_quote,FLAT_QUOTING
20260303,49929000,10:52:09.000,20260303-AP605-00487,,AP605,target_sell,sell,10246.0,1,227,submit,initial_quote,FLAT_QUOTING
20260303,49930000,10:52:10.000,20260303-AP605-00486,,AP605,target_buy,buy,9762.0,1,227,ack,,FLAT_QUOTING
20260303,49930000,10:52:10.000,20260303-AP605-00487,,AP605,target_sell,sell,10246.0,1,227,ack,,FLAT_QUOTING
20260303,49986000,10:53:06.000,20260303-AP605-00486,,AP605,target_buy,buy,9762.0,1,227,cancel_requested,fair_invalid_or_session_guard,PAUSED
20260303,49986000,10:53:06.000,20260303-AP605-00487,,AP605,target_sell,sell,10246.0,1,227,cancel_requested,fair_invalid_or_session_guard,PAUSED
20260303,49987000,10:53:07.000,20260303-AP605-00486,,AP605,target_buy,buy,9762.0,1,227,cancel_ack,fair_invalid_or_session_guard,PAUSED
20260303,49987000,10:53:07.000,20260303-AP605-00487,,AP605,target_sell,sell,10246.0,1,227,cancel_ack,fair_invalid_or_session_guard,PAUSED
20260303,50029000,10:53:49.000,20260303-AP605-00488,,AP605,target_buy,buy,9792.0,1,228,submit,initial_quote,FLAT_QUOTING
20260303,50029000,10:53:49.000,20260303-AP605-00489,,AP605,target_sell,sell,10276.0,1,228,submit,initial_quote,FLAT_QUOTING
20260303,50030000,10:53:50.000,20260303-AP605-00488,,AP605,target_buy,buy,9792.0,1,228,ack,,FLAT_QUOTING
20260303,50030000,10:53:50.000,20260303-AP605-00489,,AP605,target_sell,sell,10276.0,1,228,ack,,FLAT_QUOTING
20260303,50043000,10:54:03.000,20260303-AP605-00488,,AP605,target_buy,buy,9792.0,1,228,cancel_requested,fair_invalid_or_session_guard,PAUSED
20260303,50043000,10:54:03.000,20260303-AP605-00489,,AP605,target_sell,sell,10276.0,1,228,cancel_requested,fair_invalid_or_session_guard,PAUSED
20260303,50044000,10:54:04.000,20260303-AP605-00488,,AP605,target_buy,buy,9792.0,1,228,cancel_ack,fair_invalid_or_session_guard,PAUSED
20260303,50044000,10:54:04.000,20260303-AP605-00489,,AP605,target_sell,sell,10276.0,1,228,cancel_ack,fair_invalid_or_session_guard,PAUSED
20260303,50045000,10:54:05.000,20260303-AP605-00490,,AP605,target_buy,buy,9790.0,1,229,submit,initial_quote,FLAT_QUOTING
20260303,50045000,10:54:05.000,20260303-AP605-00491,,AP605,target_sell,sell,10274.0,1,229,submit,initial_quote,FLAT_QUOTING
20260303,50046000,10:54:06.000,20260303-AP605-00490,,AP605,target_buy,buy,9790.0,1,229,ack,,FLAT_QUOTING
20260303,50046000,10:54:06.000,20260303-AP605-00491,,AP605,target_sell,sell,10274.0,1,229,ack,,FLAT_QUOTING
20260303,50064000,10:54:24.000,20260303-AP605-00490,,AP605,target_buy,buy,9790.0,1,229,cancel_requested,fair_invalid_or_session_guard,PAUSED
20260303,50064000,10:54:24.000,20260303-AP605-00491,,AP605,target_sell,sell,10274.0,1,229,cancel_requested,fair_invalid_or_session_guard,PAUSED
20260303,50065000,10:54:25.000,20260303-AP605-00490,,AP605,target_buy,buy,9790.0,1,229,cancel_ack,fair_invalid_or_session_guard,PAUSED
20260303,50065000,10:54:25.000,20260303-AP605-00491,,AP605,target_sell,sell,10274.0,1,229,cancel_ack,fair_invalid_or_session_guard,PAUSED
20260303,50114000,10:55:14.000,20260303-AP605-00492,,AP605,target_buy,buy,9804.0,1,230,submit,initial_quote,FLAT_QUOTING
20260303,50114000,10:55:14.000,20260303-AP605-00493,,AP605,target_sell,sell,10288.0,1,230,submit,initial_quote,FLAT_QUOTING
20260303,50115000,10:55:15.000,20260303-AP605-00492,,AP605,target_buy,buy,9804.0,1,230,ack,,FLAT_QUOTING
20260303,50115000,10:55:15.000,20260303-AP605-00493,,AP605,target_sell,sell,10288.0,1,230,ack,,FLAT_QUOTING
20260303,50117000,10:55:17.000,20260303-AP605-00492,,AP605,target_buy,buy,9804.0,1,230,cancel_requested,fair_invalid_or_session_guard,PAUSED
20260303,50117000,10:55:17.000,20260303-AP605-00493,,AP605,target_sell,sell,10288.0,1,230,cancel_requested,fair_invalid_or_session_guard,PAUSED
20260303,50118000,10:55:18.000,20260303-AP605-00492,,AP605,target_buy,buy,9804.0,1,230,cancel_ack,fair_invalid_or_session_guard,PAUSED
20260303,50118000,10:55:18.000,20260303-AP605-00493,,AP605,target_sell,sell,10288.0,1,230,cancel_ack,fair_invalid_or_session_guard,PAUSED
20260303,50123000,10:55:23.000,20260303-AP605-00494,,AP605,target_buy,buy,9802.0,1,231,submit,initial_quote,FLAT_QUOTING
20260303,50123000,10:55:23.000,20260303-AP605-00495,,AP605,target_sell,sell,10286.0,1,231,submit,initial_quote,FLAT_QUOTING
20260303,50124000,10:55:24.000,20260303-AP605-00494,,AP605,target_buy,buy,9802.0,1,231,ack,,FLAT_QUOTING
20260303,50124000,10:55:24.000,20260303-AP605-00495,,AP605,target_sell,sell,10286.0,1,231,ack,,FLAT_QUOTING
20260303,50240000,10:57:20.000,20260303-AP605-00494,,AP605,target_buy,buy,9802.0,1,231,cancel_requested,fair_invalid_or_session_guard,PAUSED
20260303,50240000,10:57:20.000,20260303-AP605-00495,,AP605,target_sell,sell,10286.0,1,231,cancel_requested,fair_invalid_or_session_guard,PAUSED
20260303,50241000,10:57:21.000,20260303-AP605-00494,,AP605,target_buy,buy,9802.0,1,231,cancel_ack,fair_invalid_or_session_guard,PAUSED
20260303,50241000,10:57:21.000,20260303-AP605-00495,,AP605,target_sell,sell,10286.0,1,231,cancel_ack,fair_invalid_or_session_guard,PAUSED
20260303,50675000,11:04:35.000,20260303-AP605-00496,,AP605,target_buy,buy,9958.0,1,232,submit,initial_quote,FLAT_QUOTING
20260303,50675000,11:04:35.000,20260303-AP605-00497,,AP605,target_sell,sell,10442.0,1,232,submit,initial_quote,FLAT_QUOTING
20260303,50676000,11:04:36.000,20260303-AP605-00496,,AP605,target_buy,buy,9958.0,1,232,ack,,FLAT_QUOTING
20260303,50676000,11:04:36.000,20260303-AP605-00497,,AP605,target_sell,sell,10442.0,1,232,ack,,FLAT_QUOTING
20260303,50751000,11:05:51.000,20260303-AP605-00496,,AP605,target_buy,buy,9958.0,1,232,cancel_requested,fair_invalid_or_session_guard,PAUSED
20260303,50751000,11:05:51.000,20260303-AP605-00497,,AP605,target_sell,sell,10442.0,1,232,cancel_requested,fair_invalid_or_session_guard,PAUSED
20260303,50752000,11:05:52.000,20260303-AP605-00496,,AP605,target_buy,buy,9958.0,1,232,cancel_ack,fair_invalid_or_session_guard,PAUSED
20260303,50752000,11:05:52.000,20260303-AP605-00497,,AP605,target_sell,sell,10442.0,1,232,cancel_ack,fair_invalid_or_session_guard,PAUSED
20260303,50777000,11:06:17.000,20260303-AP605-00498,,AP605,target_buy,buy,9950.0,1,233,submit,initial_quote,FLAT_QUOTING
20260303,50777000,11:06:17.000,20260303-AP605-00499,,AP605,target_sell,sell,10434.0,1,233,submit,initial_quote,FLAT_QUOTING
20260303,50778000,11:06:18.000,20260303-AP605-00498,,AP605,target_buy,buy,9950.0,1,233,ack,,FLAT_QUOTING
20260303,50778000,11:06:18.000,20260303-AP605-00499,,AP605,target_sell,sell,10434.0,1,233,ack,,FLAT_QUOTING
20260303,50787000,11:06:27.000,20260303-AP605-00498,,AP605,target_buy,buy,9950.0,1,233,cancel_requested,fair_invalid_or_session_guard,PAUSED
20260303,50787000,11:06:27.000,20260303-AP605-00499,,AP605,target_sell,sell,10434.0,1,233,cancel_requested,fair_invalid_or_session_guard,PAUSED
20260303,50788000,11:06:28.000,20260303-AP605-00498,,AP605,target_buy,buy,9950.0,1,233,cancel_ack,fair_invalid_or_session_guard,PAUSED
20260303,50788000,11:06:28.000,20260303-AP605-00499,,AP605,target_sell,sell,10434.0,1,233,cancel_ack,fair_invalid_or_session_guard,PAUSED
20260303,50799000,11:06:39.000,20260303-AP605-00500,,AP605,target_buy,buy,9954.0,1,234,submit,initial_quote,FLAT_QUOTING
20260303,50799000,11:06:39.000,20260303-AP605-00501,,AP605,target_sell,sell,10438.0,1,234,submit,initial_quote,FLAT_QUOTING
20260303,50800000,11:06:40.000,20260303-AP605-00500,,AP605,target_buy,buy,9954.0,1,234,ack,,FLAT_QUOTING
20260303,50800000,11:06:40.000,20260303-AP605-00501,,AP605,target_sell,sell,10438.0,1,234,ack,,FLAT_QUOTING
20260303,50840000,11:07:20.000,20260303-AP605-00500,,AP605,target_buy,buy,9954.0,1,234,cancel_requested,fair_invalid_or_session_guard,PAUSED
20260303,50840000,11:07:20.000,20260303-AP605-00501,,AP605,target_sell,sell,10438.0,1,234,cancel_requested,fair_invalid_or_session_guard,PAUSED
20260303,50841000,11:07:21.000,20260303-AP605-00500,,AP605,target_buy,buy,9954.0,1,234,cancel_ack,fair_invalid_or_session_guard,PAUSED
20260303,50841000,11:07:21.000,20260303-AP605-00501,,AP605,target_sell,sell,10438.0,1,234,cancel_ack,fair_invalid_or_session_guard,PAUSED
20260303,50842000,11:07:22.000,20260303-AP605-00502,,AP605,target_buy,buy,9950.0,1,235,submit,initial_quote,FLAT_QUOTING
20260303,50842000,11:07:22.000,20260303-AP605-00503,,AP605,target_sell,sell,10434.0,1,235,submit,initial_quote,FLAT_QUOTING
20260303,50843000,11:07:23.000,20260303-AP605-00502,,AP605,target_buy,buy,9950.0,1,235,ack,,FLAT_QUOTING
20260303,50843000,11:07:23.000,20260303-AP605-00503,,AP605,target_sell,sell,10434.0,1,235,ack,,FLAT_QUOTING
20260303,50859000,11:07:39.000,20260303-AP605-00502,,AP605,target_buy,buy,9950.0,1,235,cancel_requested,fair_invalid_or_session_guard,PAUSED
20260303,50859000,11:07:39.000,20260303-AP605-00503,,AP605,target_sell,sell,10434.0,1,235,cancel_requested,fair_invalid_or_session_guard,PAUSED
20260303,50860000,11:07:40.000,20260303-AP605-00502,,AP605,target_buy,buy,9950.0,1,235,cancel_ack,fair_invalid_or_session_guard,PAUSED
20260303,50860000,11:07:40.000,20260303-AP605-00503,,AP605,target_sell,sell,10434.0,1,235,cancel_ack,fair_invalid_or_session_guard,PAUSED
20260303,50861000,11:07:41.000,20260303-AP605-00504,,AP605,target_buy,buy,9948.0,1,236,submit,initial_quote,FLAT_QUOTING
20260303,50861000,11:07:41.000,20260303-AP605-00505,,AP605,target_sell,sell,10432.0,1,236,submit,initial_quote,FLAT_QUOTING
20260303,50862000,11:07:42.000,20260303-AP605-00504,,AP605,target_buy,buy,9948.0,1,236,ack,,FLAT_QUOTING
20260303,50862000,11:07:42.000,20260303-AP605-00505,,AP605,target_sell,sell,10432.0,1,236,ack,,FLAT_QUOTING
20260303,50889000,11:08:09.000,20260303-AP605-00504,,AP605,target_buy,buy,9948.0,1,236,cancel_requested,fair_invalid_or_session_guard,PAUSED
20260303,50889000,11:08:09.000,20260303-AP605-00505,,AP605,target_sell,sell,10432.0,1,236,cancel_requested,fair_invalid_or_session_guard,PAUSED
20260303,50890000,11:08:10.000,20260303-AP605-00504,,AP605,target_buy,buy,9948.0,1,236,cancel_ack,fair_invalid_or_session_guard,PAUSED
20260303,50890000,11:08:10.000,20260303-AP605-00505,,AP605,target_sell,sell,10432.0,1,236,cancel_ack,fair_invalid_or_session_guard,PAUSED
20260303,51090000,11:11:30.000,20260303-AP605-00506,,AP605,target_buy,buy,9966.0,1,237,submit,initial_quote,FLAT_QUOTING
20260303,51090000,11:11:30.000,20260303-AP605-00507,,AP605,target_sell,sell,10450.0,1,237,submit,initial_quote,FLAT_QUOTING
20260303,51091000,11:11:31.000,20260303-AP605-00506,,AP605,target_buy,buy,9966.0,1,237,ack,,FLAT_QUOTING
20260303,51091000,11:11:31.000,20260303-AP605-00507,,AP605,target_sell,sell,10450.0,1,237,ack,,FLAT_QUOTING
20260303,51181000,11:13:01.000,20260303-AP605-00506,,AP605,target_buy,buy,9966.0,1,237,cancel_requested,fair_invalid_or_session_guard,PAUSED
20260303,51181000,11:13:01.000,20260303-AP605-00507,,AP605,target_sell,sell,10450.0,1,237,cancel_requested,fair_invalid_or_session_guard,PAUSED
20260303,51182000,11:13:02.000,20260303-AP605-00506,,AP605,target_buy,buy,9966.0,1,237,cancel_ack,fair_invalid_or_session_guard,PAUSED
20260303,51182000,11:13:02.000,20260303-AP605-00507,,AP605,target_sell,sell,10450.0,1,237,cancel_ack,fair_invalid_or_session_guard,PAUSED
20260303,51189000,11:13:09.000,20260303-AP605-00508,,AP605,target_buy,buy,9987.0,1,238,submit,initial_quote,FLAT_QUOTING
20260303,51189000,11:13:09.000,20260303-AP605-00509,,AP605,target_sell,sell,10471.0,1,238,submit,initial_quote,FLAT_QUOTING
20260303,51190000,11:13:10.000,20260303-AP605-00508,,AP605,target_buy,buy,9987.0,1,238,ack,,FLAT_QUOTING
20260303,51190000,11:13:10.000,20260303-AP605-00509,,AP605,target_sell,sell,10471.0,1,238,ack,,FLAT_QUOTING
20260303,51220000,11:13:40.000,20260303-AP605-00508,,AP605,target_buy,buy,9987.0,1,238,cancel_requested,fair_invalid_or_session_guard,PAUSED
20260303,51220000,11:13:40.000,20260303-AP605-00509,,AP605,target_sell,sell,10471.0,1,238,cancel_requested,fair_invalid_or_session_guard,PAUSED
20260303,51221000,11:13:41.000,20260303-AP605-00508,,AP605,target_buy,buy,9987.0,1,238,cancel_ack,fair_invalid_or_session_guard,PAUSED
20260303,51221000,11:13:41.000,20260303-AP605-00509,,AP605,target_sell,sell,10471.0,1,238,cancel_ack,fair_invalid_or_session_guard,PAUSED
20260303,51232000,11:13:52.000,20260303-AP605-00510,,AP605,target_buy,buy,9967.0,1,239,submit,initial_quote,FLAT_QUOTING
20260303,51232000,11:13:52.000,20260303-AP605-00511,,AP605,target_sell,sell,10451.0,1,239,submit,initial_quote,FLAT_QUOTING
20260303,51233000,11:13:53.000,20260303-AP605-00510,,AP605,target_buy,buy,9967.0,1,239,ack,,FLAT_QUOTING
20260303,51233000,11:13:53.000,20260303-AP605-00511,,AP605,target_sell,sell,10451.0,1,239,ack,,FLAT_QUOTING
20260303,51235000,11:13:55.000,20260303-AP605-00510,,AP605,target_buy,buy,9967.0,1,239,cancel_requested,fair_invalid_or_session_guard,PAUSED
20260303,51235000,11:13:55.000,20260303-AP605-00511,,AP605,target_sell,sell,10451.0,1,239,cancel_requested,fair_invalid_or_session_guard,PAUSED
20260303,51236000,11:13:56.000,20260303-AP605-00510,,AP605,target_buy,buy,9967.0,1,239,cancel_ack,fair_invalid_or_session_guard,PAUSED
20260303,51236000,11:13:56.000,20260303-AP605-00511,,AP605,target_sell,sell,10451.0,1,239,cancel_ack,fair_invalid_or_session_guard,PAUSED
20260303,51237000,11:13:57.000,20260303-AP605-00512,,AP605,target_buy,buy,9963.0,1,240,submit,initial_quote,FLAT_QUOTING
20260303,51237000,11:13:57.000,20260303-AP605-00513,,AP605,target_sell,sell,10447.0,1,240,submit,initial_quote,FLAT_QUOTING
20260303,51238000,11:13:58.000,20260303-AP605-00512,,AP605,target_buy,buy,9963.0,1,240,ack,,FLAT_QUOTING
20260303,51238000,11:13:58.000,20260303-AP605-00513,,AP605,target_sell,sell,10447.0,1,240,ack,,FLAT_QUOTING
20260303,51287000,11:14:47.000,20260303-AP605-00512,,AP605,target_buy,buy,9963.0,1,240,cancel_requested,fair_invalid_or_session_guard,PAUSED
20260303,51287000,11:14:47.000,20260303-AP605-00513,,AP605,target_sell,sell,10447.0,1,240,cancel_requested,fair_invalid_or_session_guard,PAUSED
20260303,51288000,11:14:48.000,20260303-AP605-00512,,AP605,target_buy,buy,9963.0,1,240,cancel_ack,fair_invalid_or_session_guard,PAUSED
20260303,51288000,11:14:48.000,20260303-AP605-00513,,AP605,target_sell,sell,10447.0,1,240,cancel_ack,fair_invalid_or_session_guard,PAUSED
20260303,51350000,11:15:50.000,20260303-AP605-00514,,AP605,target_buy,buy,9934.0,1,241,submit,initial_quote,FLAT_QUOTING
20260303,51350000,11:15:50.000,20260303-AP605-00515,,AP605,target_sell,sell,10418.0,1,241,submit,initial_quote,FLAT_QUOTING
20260303,51351000,11:15:51.000,20260303-AP605-00514,,AP605,target_buy,buy,9934.0,1,241,ack,,FLAT_QUOTING
20260303,51351000,11:15:51.000,20260303-AP605-00515,,AP605,target_sell,sell,10418.0,1,241,ack,,FLAT_QUOTING
20260303,51352000,11:15:52.000,20260303-AP605-00514,,AP605,target_buy,buy,9934.0,1,241,cancel_requested,fair_invalid_or_session_guard,PAUSED
20260303,51352000,11:15:52.000,20260303-AP605-00515,,AP605,target_sell,sell,10418.0,1,241,cancel_requested,fair_invalid_or_session_guard,PAUSED
20260303,51353000,11:15:53.000,20260303-AP605-00514,,AP605,target_buy,buy,9934.0,1,241,cancel_ack,fair_invalid_or_session_guard,PAUSED
20260303,51353000,11:15:53.000,20260303-AP605-00515,,AP605,target_sell,sell,10418.0,1,241,cancel_ack,fair_invalid_or_session_guard,PAUSED
20260303,51385000,11:16:25.000,20260303-AP605-00516,,AP605,target_buy,buy,9924.0,1,242,submit,initial_quote,FLAT_QUOTING
20260303,51385000,11:16:25.000,20260303-AP605-00517,,AP605,target_sell,sell,10408.0,1,242,submit,initial_quote,FLAT_QUOTING
20260303,51386000,11:16:26.000,20260303-AP605-00516,,AP605,target_buy,buy,9924.0,1,242,ack,,FLAT_QUOTING
20260303,51386000,11:16:26.000,20260303-AP605-00517,,AP605,target_sell,sell,10408.0,1,242,ack,,FLAT_QUOTING
20260303,51391000,11:16:31.000,20260303-AP605-00516,,AP605,target_buy,buy,9924.0,1,242,cancel_requested,fair_invalid_or_session_guard,PAUSED
20260303,51391000,11:16:31.000,20260303-AP605-00517,,AP605,target_sell,sell,10408.0,1,242,cancel_requested,fair_invalid_or_session_guard,PAUSED
20260303,51392000,11:16:32.000,20260303-AP605-00516,,AP605,target_buy,buy,9924.0,1,242,cancel_ack,fair_invalid_or_session_guard,PAUSED
20260303,51392000,11:16:32.000,20260303-AP605-00517,,AP605,target_sell,sell,10408.0,1,242,cancel_ack,fair_invalid_or_session_guard,PAUSED
20260303,51397000,11:16:37.000,20260303-AP605-00518,,AP605,target_buy,buy,9932.0,1,243,submit,initial_quote,FLAT_QUOTING
20260303,51397000,11:16:37.000,20260303-AP605-00519,,AP605,target_sell,sell,10416.0,1,243,submit,initial_quote,FLAT_QUOTING
20260303,51398000,11:16:38.000,20260303-AP605-00518,,AP605,target_buy,buy,9932.0,1,243,ack,,FLAT_QUOTING
20260303,51398000,11:16:38.000,20260303-AP605-00519,,AP605,target_sell,sell,10416.0,1,243,ack,,FLAT_QUOTING
20260303,51816000,11:23:36.000,20260303-AP605-00518,,AP605,target_buy,buy,9932.0,1,243,cancel_requested,fair_invalid_or_session_guard,PAUSED
20260303,51816000,11:23:36.000,20260303-AP605-00519,,AP605,target_sell,sell,10416.0,1,243,cancel_requested,fair_invalid_or_session_guard,PAUSED
20260303,51817000,11:23:37.000,20260303-AP605-00518,,AP605,target_buy,buy,9932.0,1,243,cancel_ack,fair_invalid_or_session_guard,PAUSED
20260303,51817000,11:23:37.000,20260303-AP605-00519,,AP605,target_sell,sell,10416.0,1,243,cancel_ack,fair_invalid_or_session_guard,PAUSED
20260303,51836000,11:23:56.000,20260303-AP605-00520,,AP605,target_buy,buy,9981.0,1,244,submit,initial_quote,FLAT_QUOTING
20260303,51836000,11:23:56.000,20260303-AP605-00521,,AP605,target_sell,sell,10465.0,1,244,submit,initial_quote,FLAT_QUOTING
20260303,51837000,11:23:57.000,20260303-AP605-00520,,AP605,target_buy,buy,9981.0,1,244,ack,,FLAT_QUOTING
20260303,51837000,11:23:57.000,20260303-AP605-00521,,AP605,target_sell,sell,10465.0,1,244,ack,,FLAT_QUOTING
20260303,51851000,11:24:11.000,20260303-AP605-00520,,AP605,target_buy,buy,9981.0,1,244,cancel_requested,fair_invalid_or_session_guard,PAUSED
20260303,51851000,11:24:11.000,20260303-AP605-00521,,AP605,target_sell,sell,10465.0,1,244,cancel_requested,fair_invalid_or_session_guard,PAUSED
20260303,51852000,11:24:12.000,20260303-AP605-00520,,AP605,target_buy,buy,9981.0,1,244,cancel_ack,fair_invalid_or_session_guard,PAUSED
20260303,51852000,11:24:12.000,20260303-AP605-00521,,AP605,target_sell,sell,10465.0,1,244,cancel_ack,fair_invalid_or_session_guard,PAUSED
20260303,51856000,11:24:16.000,20260303-AP605-00522,,AP605,target_buy,buy,9977.0,1,245,submit,initial_quote,FLAT_QUOTING
20260303,51856000,11:24:16.000,20260303-AP605-00523,,AP605,target_sell,sell,10461.0,1,245,submit,initial_quote,FLAT_QUOTING
20260303,51858000,11:24:18.000,20260303-AP605-00522,,AP605,target_buy,buy,9977.0,1,245,ack,,FLAT_QUOTING
20260303,51858000,11:24:18.000,20260303-AP605-00523,,AP605,target_sell,sell,10461.0,1,245,ack,,FLAT_QUOTING
20260303,51921000,11:25:21.000,20260303-AP605-00522,,AP605,target_buy,buy,9977.0,1,245,cancel_requested,fair_invalid_or_session_guard,PAUSED
20260303,51921000,11:25:21.000,20260303-AP605-00523,,AP605,target_sell,sell,10461.0,1,245,cancel_requested,fair_invalid_or_session_guard,PAUSED
20260303,51922000,11:25:22.000,20260303-AP605-00522,,AP605,target_buy,buy,9977.0,1,245,cancel_ack,fair_invalid_or_session_guard,PAUSED
20260303,51922000,11:25:22.000,20260303-AP605-00523,,AP605,target_sell,sell,10461.0,1,245,cancel_ack,fair_invalid_or_session_guard,PAUSED
20260303,51923000,11:25:23.000,20260303-AP605-00524,,AP605,target_buy,buy,9989.0,1,246,submit,initial_quote,FLAT_QUOTING
20260303,51923000,11:25:23.000,20260303-AP605-00525,,AP605,target_sell,sell,10473.0,1,246,submit,initial_quote,FLAT_QUOTING
20260303,51924000,11:25:24.000,20260303-AP605-00524,,AP605,target_buy,buy,9989.0,1,246,ack,,FLAT_QUOTING
20260303,51924000,11:25:24.000,20260303-AP605-00525,,AP605,target_sell,sell,10473.0,1,246,ack,,FLAT_QUOTING
20260303,51968000,11:26:08.000,20260303-AP605-00524,,AP605,target_buy,buy,9989.0,1,246,cancel_requested,fair_invalid_or_session_guard,PAUSED
20260303,51968000,11:26:08.000,20260303-AP605-00525,,AP605,target_sell,sell,10473.0,1,246,cancel_requested,fair_invalid_or_session_guard,PAUSED
20260303,51969000,11:26:09.000,20260303-AP605-00524,,AP605,target_buy,buy,9989.0,1,246,cancel_ack,fair_invalid_or_session_guard,PAUSED
20260303,51969000,11:26:09.000,20260303-AP605-00525,,AP605,target_sell,sell,10473.0,1,246,cancel_ack,fair_invalid_or_session_guard,PAUSED
20260303,51983000,11:26:23.000,20260303-AP605-00526,,AP605,target_buy,buy,10014.0,1,247,submit,initial_quote,FLAT_QUOTING
20260303,51983000,11:26:23.000,20260303-AP605-00527,,AP605,target_sell,sell,10498.0,1,247,submit,initial_quote,FLAT_QUOTING
20260303,51984000,11:26:24.000,20260303-AP605-00526,,AP605,target_buy,buy,10014.0,1,247,ack,,FLAT_QUOTING
20260303,51984000,11:26:24.000,20260303-AP605-00527,,AP605,target_sell,sell,10498.0,1,247,ack,,FLAT_QUOTING
20260303,51986000,11:26:26.000,20260303-AP605-00526,,AP605,target_buy,buy,10014.0,1,247,cancel_requested,fair_invalid_or_session_guard,PAUSED
20260303,51986000,11:26:26.000,20260303-AP605-00527,,AP605,target_sell,sell,10498.0,1,247,cancel_requested,fair_invalid_or_session_guard,PAUSED
20260303,51987000,11:26:27.000,20260303-AP605-00526,,AP605,target_buy,buy,10014.0,1,247,cancel_ack,fair_invalid_or_session_guard,PAUSED
20260303,51987000,11:26:27.000,20260303-AP605-00527,,AP605,target_sell,sell,10498.0,1,247,cancel_ack,fair_invalid_or_session_guard,PAUSED
20260303,51998000,11:26:38.000,20260303-AP605-00528,,AP605,target_buy,buy,10012.0,1,248,submit,initial_quote,FLAT_QUOTING
20260303,51998000,11:26:38.000,20260303-AP605-00529,,AP605,target_sell,sell,10496.0,1,248,submit,initial_quote,FLAT_QUOTING
20260303,51999000,11:26:39.000,20260303-AP605-00528,,AP605,target_buy,buy,10012.0,1,248,ack,,FLAT_QUOTING
20260303,51999000,11:26:39.000,20260303-AP605-00529,,AP605,target_sell,sell,10496.0,1,248,ack,,FLAT_QUOTING
20260303,52005000,11:26:45.000,20260303-AP605-00528,,AP605,target_buy,buy,10012.0,1,248,cancel_requested,fair_invalid_or_session_guard,PAUSED
20260303,52005000,11:26:45.000,20260303-AP605-00529,,AP605,target_sell,sell,10496.0,1,248,cancel_requested,fair_invalid_or_session_guard,PAUSED
20260303,52006000,11:26:46.000,20260303-AP605-00528,,AP605,target_buy,buy,10012.0,1,248,cancel_ack,fair_invalid_or_session_guard,PAUSED
20260303,52006000,11:26:46.000,20260303-AP605-00529,,AP605,target_sell,sell,10496.0,1,248,cancel_ack,fair_invalid_or_session_guard,PAUSED
20260303,52011000,11:26:51.000,20260303-AP605-00530,,AP605,target_buy,buy,10011.0,1,249,submit,initial_quote,FLAT_QUOTING
20260303,52011000,11:26:51.000,20260303-AP605-00531,,AP605,target_sell,sell,10495.0,1,249,submit,initial_quote,FLAT_QUOTING
20260303,52012000,11:26:52.000,20260303-AP605-00530,,AP605,target_buy,buy,10011.0,1,249,ack,,FLAT_QUOTING
20260303,52012000,11:26:52.000,20260303-AP605-00531,,AP605,target_sell,sell,10495.0,1,249,ack,,FLAT_QUOTING
20260303,52013000,11:26:53.000,20260303-AP605-00530,,AP605,target_buy,buy,10011.0,1,249,cancel_requested,fair_invalid_or_session_guard,PAUSED
20260303,52013000,11:26:53.000,20260303-AP605-00531,,AP605,target_sell,sell,10495.0,1,249,cancel_requested,fair_invalid_or_session_guard,PAUSED
20260303,52014000,11:26:54.000,20260303-AP605-00530,,AP605,target_buy,buy,10011.0,1,249,cancel_ack,fair_invalid_or_session_guard,PAUSED
20260303,52014000,11:26:54.000,20260303-AP605-00531,,AP605,target_sell,sell,10495.0,1,249,cancel_ack,fair_invalid_or_session_guard,PAUSED
20260303,52025000,11:27:05.000,20260303-AP605-00532,,AP605,target_buy,buy,10018.0,1,250,submit,initial_quote,FLAT_QUOTING
20260303,52025000,11:27:05.000,20260303-AP605-00533,,AP605,target_sell,sell,10502.0,1,250,submit,initial_quote,FLAT_QUOTING
20260303,52026000,11:27:06.000,20260303-AP605-00532,,AP605,target_buy,buy,10018.0,1,250,ack,,FLAT_QUOTING
20260303,52026000,11:27:06.000,20260303-AP605-00533,,AP605,target_sell,sell,10502.0,1,250,ack,,FLAT_QUOTING
20260303,52048000,11:27:28.000,20260303-AP605-00532,,AP605,target_buy,buy,10018.0,1,250,cancel_requested,fair_invalid_or_session_guard,PAUSED
20260303,52048000,11:27:28.000,20260303-AP605-00533,,AP605,target_sell,sell,10502.0,1,250,cancel_requested,fair_invalid_or_session_guard,PAUSED
20260303,52049000,11:27:29.000,20260303-AP605-00532,,AP605,target_buy,buy,10018.0,1,250,cancel_ack,fair_invalid_or_session_guard,PAUSED
20260303,52049000,11:27:29.000,20260303-AP605-00533,,AP605,target_sell,sell,10502.0,1,250,cancel_ack,fair_invalid_or_session_guard,PAUSED
20260303,52052000,11:27:32.000,20260303-AP605-00534,,AP605,target_buy,buy,10026.0,1,251,submit,initial_quote,FLAT_QUOTING
20260303,52052000,11:27:32.000,20260303-AP605-00535,,AP605,target_sell,sell,10510.0,1,251,submit,initial_quote,FLAT_QUOTING
20260303,52053000,11:27:33.000,20260303-AP605-00534,,AP605,target_buy,buy,10026.0,1,251,ack,,FLAT_QUOTING
20260303,52053000,11:27:33.000,20260303-AP605-00535,,AP605,target_sell,sell,10510.0,1,251,ack,,FLAT_QUOTING
20260303,52054000,11:27:34.000,20260303-AP605-00534,,AP605,target_buy,buy,10026.0,1,251,cancel_requested,fair_invalid_or_session_guard,PAUSED
20260303,52054000,11:27:34.000,20260303-AP605-00535,,AP605,target_sell,sell,10510.0,1,251,cancel_requested,fair_invalid_or_session_guard,PAUSED
20260303,52055000,11:27:35.000,20260303-AP605-00534,,AP605,target_buy,buy,10026.0,1,251,cancel_ack,fair_invalid_or_session_guard,PAUSED
20260303,52055000,11:27:35.000,20260303-AP605-00535,,AP605,target_sell,sell,10510.0,1,251,cancel_ack,fair_invalid_or_session_guard,PAUSED
20260303,52062000,11:27:42.000,20260303-AP605-00536,,AP605,target_buy,buy,10044.0,1,252,submit,initial_quote,FLAT_QUOTING
20260303,52062000,11:27:42.000,20260303-AP605-00537,,AP605,target_sell,sell,10528.0,1,252,submit,initial_quote,FLAT_QUOTING
20260303,52063000,11:27:43.000,20260303-AP605-00536,,AP605,target_buy,buy,10044.0,1,252,ack,,FLAT_QUOTING
20260303,52063000,11:27:43.000,20260303-AP605-00537,,AP605,target_sell,sell,10528.0,1,252,ack,,FLAT_QUOTING
20260303,52066000,11:27:46.000,20260303-AP605-00536,,AP605,target_buy,buy,10044.0,1,252,cancel_requested,fair_invalid_or_session_guard,PAUSED
20260303,52066000,11:27:46.000,20260303-AP605-00537,,AP605,target_sell,sell,10528.0,1,252,cancel_requested,fair_invalid_or_session_guard,PAUSED
20260303,52067000,11:27:47.000,20260303-AP605-00536,,AP605,target_buy,buy,10044.0,1,252,cancel_ack,fair_invalid_or_session_guard,PAUSED
20260303,52067000,11:27:47.000,20260303-AP605-00537,,AP605,target_sell,sell,10528.0,1,252,cancel_ack,fair_invalid_or_session_guard,PAUSED
20260303,52095000,11:28:15.000,20260303-AP605-00538,,AP605,target_buy,buy,10024.0,1,253,submit,initial_quote,FLAT_QUOTING
20260303,52095000,11:28:15.000,20260303-AP605-00539,,AP605,target_sell,sell,10508.0,1,253,submit,initial_quote,FLAT_QUOTING
20260303,52096000,11:28:16.000,20260303-AP605-00538,,AP605,target_buy,buy,10024.0,1,253,ack,,FLAT_QUOTING
20260303,52096000,11:28:16.000,20260303-AP605-00539,,AP605,target_sell,sell,10508.0,1,253,ack,,FLAT_QUOTING
20260303,52103000,11:28:23.000,20260303-AP605-00538,,AP605,target_buy,buy,10024.0,1,253,cancel_requested,fair_invalid_or_session_guard,PAUSED
20260303,52103000,11:28:23.000,20260303-AP605-00539,,AP605,target_sell,sell,10508.0,1,253,cancel_requested,fair_invalid_or_session_guard,PAUSED
20260303,52104000,11:28:24.000,20260303-AP605-00538,,AP605,target_buy,buy,10024.0,1,253,cancel_ack,fair_invalid_or_session_guard,PAUSED
20260303,52104000,11:28:24.000,20260303-AP605-00539,,AP605,target_sell,sell,10508.0,1,253,cancel_ack,fair_invalid_or_session_guard,PAUSED
20260303,52123000,11:28:43.000,20260303-AP605-00540,,AP605,target_buy,buy,10026.0,1,254,submit,initial_quote,FLAT_QUOTING
20260303,52123000,11:28:43.000,20260303-AP605-00541,,AP605,target_sell,sell,10510.0,1,254,submit,initial_quote,FLAT_QUOTING
20260303,52124000,11:28:44.000,20260303-AP605-00540,,AP605,target_buy,buy,10026.0,1,254,ack,,FLAT_QUOTING
20260303,52124000,11:28:44.000,20260303-AP605-00541,,AP605,target_sell,sell,10510.0,1,254,ack,,FLAT_QUOTING
20260303,52143000,11:29:03.000,20260303-AP605-00540,,AP605,target_buy,buy,10026.0,1,254,cancel_requested,fair_invalid_or_session_guard,PAUSED
20260303,52143000,11:29:03.000,20260303-AP605-00541,,AP605,target_sell,sell,10510.0,1,254,cancel_requested,fair_invalid_or_session_guard,PAUSED
20260303,52144000,11:29:04.000,20260303-AP605-00540,,AP605,target_buy,buy,10026.0,1,254,cancel_ack,fair_invalid_or_session_guard,PAUSED
20260303,52144000,11:29:04.000,20260303-AP605-00541,,AP605,target_sell,sell,10510.0,1,254,cancel_ack,fair_invalid_or_session_guard,PAUSED
20260303,52155000,11:29:15.000,20260303-AP605-00542,,AP605,target_buy,buy,10040.0,1,255,submit,initial_quote,FLAT_QUOTING
20260303,52155000,11:29:15.000,20260303-AP605-00543,,AP605,target_sell,sell,10524.0,1,255,submit,initial_quote,FLAT_QUOTING
20260303,52156000,11:29:16.000,20260303-AP605-00542,,AP605,target_buy,buy,10040.0,1,255,ack,,FLAT_QUOTING
20260303,52156000,11:29:16.000,20260303-AP605-00543,,AP605,target_sell,sell,10524.0,1,255,ack,,FLAT_QUOTING
20260303,52157000,11:29:17.000,20260303-AP605-00542,,AP605,target_buy,buy,10040.0,1,255,cancel_requested,fair_invalid_or_session_guard,PAUSED
20260303,52157000,11:29:17.000,20260303-AP605-00543,,AP605,target_sell,sell,10524.0,1,255,cancel_requested,fair_invalid_or_session_guard,PAUSED
20260303,52158000,11:29:18.000,20260303-AP605-00542,,AP605,target_buy,buy,10040.0,1,255,cancel_ack,fair_invalid_or_session_guard,PAUSED
20260303,52158000,11:29:18.000,20260303-AP605-00543,,AP605,target_sell,sell,10524.0,1,255,cancel_ack,fair_invalid_or_session_guard,PAUSED
20260303,52162000,11:29:22.000,20260303-AP605-00544,,AP605,target_buy,buy,10042.0,1,256,submit,initial_quote,FLAT_QUOTING
20260303,52162000,11:29:22.000,20260303-AP605-00545,,AP605,target_sell,sell,10526.0,1,256,submit,initial_quote,FLAT_QUOTING
20260303,52163000,11:29:23.000,20260303-AP605-00544,,AP605,target_buy,buy,10042.0,1,256,ack,,FLAT_QUOTING
20260303,52163000,11:29:23.000,20260303-AP605-00545,,AP605,target_sell,sell,10526.0,1,256,ack,,FLAT_QUOTING
20260303,52195000,11:29:55.000,20260303-AP605-00544,,AP605,target_buy,buy,10042.0,1,256,cancel_requested,fair_invalid_or_session_guard,PAUSED
20260303,52195000,11:29:55.000,20260303-AP605-00545,,AP605,target_sell,sell,10526.0,1,256,cancel_requested,fair_invalid_or_session_guard,PAUSED
20260303,52196000,11:29:56.000,20260303-AP605-00544,,AP605,target_buy,buy,10042.0,1,256,cancel_ack,fair_invalid_or_session_guard,PAUSED
20260303,52196000,11:29:56.000,20260303-AP605-00545,,AP605,target_sell,sell,10526.0,1,256,cancel_ack,fair_invalid_or_session_guard,PAUSED
20260303,52197000,11:29:57.000,20260303-AP605-00546,,AP605,target_buy,buy,10047.0,1,257,submit,initial_quote,FLAT_QUOTING
20260303,52197000,11:29:57.000,20260303-AP605-00547,,AP605,target_sell,sell,10531.0,1,257,submit,initial_quote,FLAT_QUOTING
20260303,52198000,11:29:58.000,20260303-AP605-00546,,AP605,target_buy,buy,10047.0,1,257,ack,,FLAT_QUOTING
20260303,52198000,11:29:58.000,20260303-AP605-00547,,AP605,target_sell,sell,10531.0,1,257,ack,,FLAT_QUOTING
20260303,59400000,13:30:00.000,20260303-AP605-00546,,AP605,target_buy,buy,10047.0,1,257,cancel_requested,data_gap,PAUSED
20260303,59400000,13:30:00.000,20260303-AP605-00547,,AP605,target_sell,sell,10531.0,1,257,cancel_requested,data_gap,PAUSED
20260303,59401000,13:30:01.000,20260303-AP605-00546,,AP605,target_buy,buy,10047.0,1,257,cancel_ack,data_gap,PAUSED
20260303,59401000,13:30:01.000,20260303-AP605-00547,,AP605,target_sell,sell,10531.0,1,257,cancel_ack,data_gap,PAUSED
20260303,59471000,13:31:11.000,20260303-AP605-00548,,AP605,target_buy,buy,10131.0,1,258,submit,initial_quote,FLAT_QUOTING
20260303,59471000,13:31:11.000,20260303-AP605-00549,,AP605,target_sell,sell,10615.0,1,258,submit,initial_quote,FLAT_QUOTING
20260303,59472000,13:31:12.000,20260303-AP605-00548,,AP605,target_buy,buy,10131.0,1,258,ack,,FLAT_QUOTING
20260303,59472000,13:31:12.000,20260303-AP605-00549,,AP605,target_sell,sell,10615.0,1,258,ack,,FLAT_QUOTING
20260303,59472000,13:31:12.000,20260303-AP605-00548,,AP605,target_buy,buy,10131.0,1,258,fill,interval_vwap,FLAT_QUOTING
20260303,59472000,13:31:12.000,20260303-AP605-00549,,AP605,target_sell,sell,10615.0,1,258,cancel_requested,opposite_target_fill,FLAT_QUOTING
20260303,59473000,13:31:13.000,20260303-AP605-00549,,AP605,target_sell,sell,10615.0,1,258,cancel_ack,opposite_target_fill,LONG_PENDING_HEDGE
20260303,59473000,13:31:13.000,20260303-AP605-00550,20260303-AP605-0012,AP604,hedge_entry,sell,,1,258,submit,,LONG_PENDING_HEDGE
20260303,59473000,13:31:13.000,20260303-AP605-00550,20260303-AP605-0012,AP604,hedge_entry,sell,10084.0,1,258,fill,quote_key=59473000,LONG_PENDING_HEDGE
20260303,59474000,13:31:14.000,20260303-AP605-00551,20260303-AP605-0012,AP605,target_exit,sell,,1,258,submit,,FLATTENING
20260303,59474000,13:31:14.000,20260303-AP605-00551,20260303-AP605-0012,AP605,target_exit,sell,10371.0,1,258,fill,,FLATTENING
20260303,59474000,13:31:14.000,20260303-AP605-00552,20260303-AP605-0012,AP604,hedge_exit,buy,,1,258,submit,,FLATTENING
20260303,59474000,13:31:14.000,20260303-AP605-00552,20260303-AP605-0012,AP604,hedge_exit,buy,10119.0,1,258,fill,quote_key=59474000,FLATTENING
20260303,59476000,13:31:16.000,20260303-AP605-00553,,AP605,target_buy,buy,10128.0,1,259,submit,initial_quote,FLAT_QUOTING
20260303,59476000,13:31:16.000,20260303-AP605-00554,,AP605,target_sell,sell,10612.0,1,259,submit,initial_quote,FLAT_QUOTING
20260303,59477000,13:31:17.000,20260303-AP605-00553,,AP605,target_buy,buy,10128.0,1,259,ack,,FLAT_QUOTING
20260303,59477000,13:31:17.000,20260303-AP605-00554,,AP605,target_sell,sell,10612.0,1,259,ack,,FLAT_QUOTING
20260303,59477000,13:31:17.000,20260303-AP605-00553,,AP605,target_buy,buy,10128.0,1,259,fill,interval_vwap,FLAT_QUOTING
20260303,59477000,13:31:17.000,20260303-AP605-00554,,AP605,target_sell,sell,10612.0,1,259,cancel_requested,opposite_target_fill,FLAT_QUOTING
20260303,59478000,13:31:18.000,20260303-AP605-00554,,AP605,target_sell,sell,10612.0,1,259,cancel_ack,opposite_target_fill,LONG_PENDING_HEDGE
20260303,59478000,13:31:18.000,20260303-AP605-00555,20260303-AP605-0013,AP604,hedge_entry,sell,,1,259,submit,,LONG_PENDING_HEDGE
20260303,59478000,13:31:18.000,20260303-AP605-00555,20260303-AP605-0013,AP604,hedge_entry,sell,10079.0,1,259,fill,quote_key=59478000,LONG_PENDING_HEDGE
20260303,59479000,13:31:19.000,20260303-AP605-00556,20260303-AP605-0013,AP605,target_exit,sell,,1,259,submit,,FLATTENING
20260303,59479000,13:31:19.000,20260303-AP605-00556,20260303-AP605-0013,AP605,target_exit,sell,10370.0,1,259,fill,,FLATTENING
20260303,59479000,13:31:19.000,20260303-AP605-00557,20260303-AP605-0013,AP604,hedge_exit,buy,,1,259,submit,,FLATTENING
20260303,59479000,13:31:19.000,20260303-AP605-00557,20260303-AP605-0013,AP604,hedge_exit,buy,10121.0,1,259,fill,quote_key=59479000,FLATTENING
20260303,59596000,13:33:16.000,20260303-AP605-00558,,AP605,target_buy,buy,10100.0,1,260,submit,initial_quote,FLAT_QUOTING
20260303,59596000,13:33:16.000,20260303-AP605-00559,,AP605,target_sell,sell,10584.0,1,260,submit,initial_quote,FLAT_QUOTING
20260303,59597000,13:33:17.000,20260303-AP605-00558,,AP605,target_buy,buy,10100.0,1,260,ack,,FLAT_QUOTING
20260303,59597000,13:33:17.000,20260303-AP605-00559,,AP605,target_sell,sell,10584.0,1,260,ack,,FLAT_QUOTING
20260303,59603000,13:33:23.000,20260303-AP605-00558,,AP605,target_buy,buy,10100.0,1,260,cancel_requested,fair_invalid_or_session_guard,PAUSED
20260303,59603000,13:33:23.000,20260303-AP605-00559,,AP605,target_sell,sell,10584.0,1,260,cancel_requested,fair_invalid_or_session_guard,PAUSED
20260303,59604000,13:33:24.000,20260303-AP605-00558,,AP605,target_buy,buy,10100.0,1,260,cancel_ack,fair_invalid_or_session_guard,PAUSED
20260303,59604000,13:33:24.000,20260303-AP605-00559,,AP605,target_sell,sell,10584.0,1,260,cancel_ack,fair_invalid_or_session_guard,PAUSED
20260303,59605000,13:33:25.000,20260303-AP605-00560,,AP605,target_buy,buy,10094.0,1,261,submit,initial_quote,FLAT_QUOTING
20260303,59605000,13:33:25.000,20260303-AP605-00561,,AP605,target_sell,sell,10578.0,1,261,submit,initial_quote,FLAT_QUOTING
20260303,59606000,13:33:26.000,20260303-AP605-00560,,AP605,target_buy,buy,10094.0,1,261,ack,,FLAT_QUOTING
20260303,59606000,13:33:26.000,20260303-AP605-00561,,AP605,target_sell,sell,10578.0,1,261,ack,,FLAT_QUOTING
20260303,59658000,13:34:18.000,20260303-AP605-00560,,AP605,target_buy,buy,10094.0,1,261,cancel_requested,fair_invalid_or_session_guard,PAUSED
20260303,59658000,13:34:18.000,20260303-AP605-00561,,AP605,target_sell,sell,10578.0,1,261,cancel_requested,fair_invalid_or_session_guard,PAUSED
20260303,59659000,13:34:19.000,20260303-AP605-00560,,AP605,target_buy,buy,10094.0,1,261,cancel_ack,fair_invalid_or_session_guard,PAUSED
20260303,59659000,13:34:19.000,20260303-AP605-00561,,AP605,target_sell,sell,10578.0,1,261,cancel_ack,fair_invalid_or_session_guard,PAUSED
20260303,59667000,13:34:27.000,20260303-AP605-00562,,AP605,target_buy,buy,10077.0,1,262,submit,initial_quote,FLAT_QUOTING
20260303,59667000,13:34:27.000,20260303-AP605-00563,,AP605,target_sell,sell,10561.0,1,262,submit,initial_quote,FLAT_QUOTING
20260303,59668000,13:34:28.000,20260303-AP605-00562,,AP605,target_buy,buy,10077.0,1,262,ack,,FLAT_QUOTING
20260303,59668000,13:34:28.000,20260303-AP605-00563,,AP605,target_sell,sell,10561.0,1,262,ack,,FLAT_QUOTING
20260303,59678000,13:34:38.000,20260303-AP605-00562,,AP605,target_buy,buy,10077.0,1,262,cancel_requested,fair_invalid_or_session_guard,PAUSED
20260303,59678000,13:34:38.000,20260303-AP605-00563,,AP605,target_sell,sell,10561.0,1,262,cancel_requested,fair_invalid_or_session_guard,PAUSED
20260303,59679000,13:34:39.000,20260303-AP605-00562,,AP605,target_buy,buy,10077.0,1,262,cancel_ack,fair_invalid_or_session_guard,PAUSED
20260303,59679000,13:34:39.000,20260303-AP605-00563,,AP605,target_sell,sell,10561.0,1,262,cancel_ack,fair_invalid_or_session_guard,PAUSED
20260303,59680000,13:34:40.000,20260303-AP605-00564,,AP605,target_buy,buy,10076.0,1,263,submit,initial_quote,FLAT_QUOTING
20260303,59680000,13:34:40.000,20260303-AP605-00565,,AP605,target_sell,sell,10560.0,1,263,submit,initial_quote,FLAT_QUOTING
20260303,59681000,13:34:41.000,20260303-AP605-00564,,AP605,target_buy,buy,10076.0,1,263,ack,,FLAT_QUOTING
20260303,59681000,13:34:41.000,20260303-AP605-00565,,AP605,target_sell,sell,10560.0,1,263,ack,,FLAT_QUOTING
20260303,59719000,13:35:19.000,20260303-AP605-00564,,AP605,target_buy,buy,10076.0,1,263,cancel_requested,fair_invalid_or_session_guard,PAUSED
20260303,59719000,13:35:19.000,20260303-AP605-00565,,AP605,target_sell,sell,10560.0,1,263,cancel_requested,fair_invalid_or_session_guard,PAUSED
20260303,59720000,13:35:20.000,20260303-AP605-00564,,AP605,target_buy,buy,10076.0,1,263,cancel_ack,fair_invalid_or_session_guard,PAUSED
20260303,59720000,13:35:20.000,20260303-AP605-00565,,AP605,target_sell,sell,10560.0,1,263,cancel_ack,fair_invalid_or_session_guard,PAUSED
20260303,59728000,13:35:28.000,20260303-AP605-00566,,AP605,target_buy,buy,10091.0,1,264,submit,initial_quote,FLAT_QUOTING
20260303,59728000,13:35:28.000,20260303-AP605-00567,,AP605,target_sell,sell,10575.0,1,264,submit,initial_quote,FLAT_QUOTING
20260303,59729000,13:35:29.000,20260303-AP605-00566,,AP605,target_buy,buy,10091.0,1,264,ack,,FLAT_QUOTING
20260303,59729000,13:35:29.000,20260303-AP605-00567,,AP605,target_sell,sell,10575.0,1,264,ack,,FLAT_QUOTING
20260303,59743000,13:35:43.000,20260303-AP605-00566,,AP605,target_buy,buy,10091.0,1,264,cancel_requested,fair_invalid_or_session_guard,PAUSED
20260303,59743000,13:35:43.000,20260303-AP605-00567,,AP605,target_sell,sell,10575.0,1,264,cancel_requested,fair_invalid_or_session_guard,PAUSED
20260303,59744000,13:35:44.000,20260303-AP605-00566,,AP605,target_buy,buy,10091.0,1,264,cancel_ack,fair_invalid_or_session_guard,PAUSED
20260303,59744000,13:35:44.000,20260303-AP605-00567,,AP605,target_sell,sell,10575.0,1,264,cancel_ack,fair_invalid_or_session_guard,PAUSED
20260303,59745000,13:35:45.000,20260303-AP605-00568,,AP605,target_buy,buy,10090.0,1,265,submit,initial_quote,FLAT_QUOTING
20260303,59745000,13:35:45.000,20260303-AP605-00569,,AP605,target_sell,sell,10574.0,1,265,submit,initial_quote,FLAT_QUOTING
20260303,59746000,13:35:46.000,20260303-AP605-00568,,AP605,target_buy,buy,10090.0,1,265,ack,,FLAT_QUOTING
20260303,59746000,13:35:46.000,20260303-AP605-00569,,AP605,target_sell,sell,10574.0,1,265,ack,,FLAT_QUOTING
20260303,59803000,13:36:43.000,20260303-AP605-00568,,AP605,target_buy,buy,10090.0,1,265,cancel_requested,fair_invalid_or_session_guard,PAUSED
20260303,59803000,13:36:43.000,20260303-AP605-00569,,AP605,target_sell,sell,10574.0,1,265,cancel_requested,fair_invalid_or_session_guard,PAUSED
20260303,59804000,13:36:44.000,20260303-AP605-00568,,AP605,target_buy,buy,10090.0,1,265,cancel_ack,fair_invalid_or_session_guard,PAUSED
20260303,59804000,13:36:44.000,20260303-AP605-00569,,AP605,target_sell,sell,10574.0,1,265,cancel_ack,fair_invalid_or_session_guard,PAUSED
20260303,59827000,13:37:07.000,20260303-AP605-00570,,AP605,target_buy,buy,10087.0,1,266,submit,initial_quote,FLAT_QUOTING
20260303,59827000,13:37:07.000,20260303-AP605-00571,,AP605,target_sell,sell,10571.0,1,266,submit,initial_quote,FLAT_QUOTING
20260303,59828000,13:37:08.000,20260303-AP605-00570,,AP605,target_buy,buy,10087.0,1,266,ack,,FLAT_QUOTING
20260303,59828000,13:37:08.000,20260303-AP605-00571,,AP605,target_sell,sell,10571.0,1,266,ack,,FLAT_QUOTING
20260303,59835000,13:37:15.000,20260303-AP605-00570,,AP605,target_buy,buy,10087.0,1,266,cancel_requested,fair_invalid_or_session_guard,PAUSED
20260303,59835000,13:37:15.000,20260303-AP605-00571,,AP605,target_sell,sell,10571.0,1,266,cancel_requested,fair_invalid_or_session_guard,PAUSED
20260303,59836000,13:37:16.000,20260303-AP605-00570,,AP605,target_buy,buy,10087.0,1,266,cancel_ack,fair_invalid_or_session_guard,PAUSED
20260303,59836000,13:37:16.000,20260303-AP605-00571,,AP605,target_sell,sell,10571.0,1,266,cancel_ack,fair_invalid_or_session_guard,PAUSED
20260303,59837000,13:37:17.000,20260303-AP605-00572,,AP605,target_buy,buy,10078.0,1,267,submit,initial_quote,FLAT_QUOTING
20260303,59837000,13:37:17.000,20260303-AP605-00573,,AP605,target_sell,sell,10562.0,1,267,submit,initial_quote,FLAT_QUOTING
20260303,59838000,13:37:18.000,20260303-AP605-00572,,AP605,target_buy,buy,10078.0,1,267,ack,,FLAT_QUOTING
20260303,59838000,13:37:18.000,20260303-AP605-00573,,AP605,target_sell,sell,10562.0,1,267,ack,,FLAT_QUOTING
20260303,59892000,13:38:12.000,20260303-AP605-00572,,AP605,target_buy,buy,10078.0,1,267,cancel_requested,fair_invalid_or_session_guard,PAUSED
20260303,59892000,13:38:12.000,20260303-AP605-00573,,AP605,target_sell,sell,10562.0,1,267,cancel_requested,fair_invalid_or_session_guard,PAUSED
20260303,59893000,13:38:13.000,20260303-AP605-00572,,AP605,target_buy,buy,10078.0,1,267,cancel_ack,fair_invalid_or_session_guard,PAUSED
20260303,59893000,13:38:13.000,20260303-AP605-00573,,AP605,target_sell,sell,10562.0,1,267,cancel_ack,fair_invalid_or_session_guard,PAUSED
20260303,59909000,13:38:29.000,20260303-AP605-00574,,AP605,target_buy,buy,10098.0,1,268,submit,initial_quote,FLAT_QUOTING
20260303,59909000,13:38:29.000,20260303-AP605-00575,,AP605,target_sell,sell,10582.0,1,268,submit,initial_quote,FLAT_QUOTING
20260303,59910000,13:38:30.000,20260303-AP605-00574,,AP605,target_buy,buy,10098.0,1,268,ack,,FLAT_QUOTING
20260303,59910000,13:38:30.000,20260303-AP605-00575,,AP605,target_sell,sell,10582.0,1,268,ack,,FLAT_QUOTING
20260303,60006000,13:40:06.000,20260303-AP605-00574,,AP605,target_buy,buy,10098.0,1,268,cancel_requested,fair_invalid_or_session_guard,PAUSED
20260303,60006000,13:40:06.000,20260303-AP605-00575,,AP605,target_sell,sell,10582.0,1,268,cancel_requested,fair_invalid_or_session_guard,PAUSED
20260303,60007000,13:40:07.000,20260303-AP605-00574,,AP605,target_buy,buy,10098.0,1,268,cancel_ack,fair_invalid_or_session_guard,PAUSED
20260303,60007000,13:40:07.000,20260303-AP605-00575,,AP605,target_sell,sell,10582.0,1,268,cancel_ack,fair_invalid_or_session_guard,PAUSED
20260303,60028000,13:40:28.000,20260303-AP605-00576,,AP605,target_buy,buy,10092.0,1,269,submit,initial_quote,FLAT_QUOTING
20260303,60028000,13:40:28.000,20260303-AP605-00577,,AP605,target_sell,sell,10576.0,1,269,submit,initial_quote,FLAT_QUOTING
20260303,60029000,13:40:29.000,20260303-AP605-00576,,AP605,target_buy,buy,10092.0,1,269,ack,,FLAT_QUOTING
20260303,60029000,13:40:29.000,20260303-AP605-00577,,AP605,target_sell,sell,10576.0,1,269,ack,,FLAT_QUOTING
20260303,60030000,13:40:30.000,20260303-AP605-00576,,AP605,target_buy,buy,10092.0,1,269,cancel_requested,fair_invalid_or_session_guard,PAUSED
20260303,60030000,13:40:30.000,20260303-AP605-00577,,AP605,target_sell,sell,10576.0,1,269,cancel_requested,fair_invalid_or_session_guard,PAUSED
20260303,60031000,13:40:31.000,20260303-AP605-00576,,AP605,target_buy,buy,10092.0,1,269,cancel_ack,fair_invalid_or_session_guard,PAUSED
20260303,60031000,13:40:31.000,20260303-AP605-00577,,AP605,target_sell,sell,10576.0,1,269,cancel_ack,fair_invalid_or_session_guard,PAUSED
20260303,60037000,13:40:37.000,20260303-AP605-00578,,AP605,target_buy,buy,10103.0,1,270,submit,initial_quote,FLAT_QUOTING
20260303,60037000,13:40:37.000,20260303-AP605-00579,,AP605,target_sell,sell,10587.0,1,270,submit,initial_quote,FLAT_QUOTING
20260303,60038000,13:40:38.000,20260303-AP605-00578,,AP605,target_buy,buy,10103.0,1,270,ack,,FLAT_QUOTING
20260303,60038000,13:40:38.000,20260303-AP605-00579,,AP605,target_sell,sell,10587.0,1,270,ack,,FLAT_QUOTING
20260303,60043000,13:40:43.000,20260303-AP605-00578,,AP605,target_buy,buy,10103.0,1,270,cancel_requested,fair_invalid_or_session_guard,PAUSED
20260303,60043000,13:40:43.000,20260303-AP605-00579,,AP605,target_sell,sell,10587.0,1,270,cancel_requested,fair_invalid_or_session_guard,PAUSED
20260303,60044000,13:40:44.000,20260303-AP605-00578,,AP605,target_buy,buy,10103.0,1,270,cancel_ack,fair_invalid_or_session_guard,PAUSED
20260303,60044000,13:40:44.000,20260303-AP605-00579,,AP605,target_sell,sell,10587.0,1,270,cancel_ack,fair_invalid_or_session_guard,PAUSED
20260303,60089000,13:41:29.000,20260303-AP605-00580,,AP605,target_buy,buy,10098.0,1,271,submit,initial_quote,FLAT_QUOTING
20260303,60089000,13:41:29.000,20260303-AP605-00581,,AP605,target_sell,sell,10582.0,1,271,submit,initial_quote,FLAT_QUOTING
20260303,60090000,13:41:30.000,20260303-AP605-00580,,AP605,target_buy,buy,10098.0,1,271,ack,,FLAT_QUOTING
20260303,60090000,13:41:30.000,20260303-AP605-00581,,AP605,target_sell,sell,10582.0,1,271,ack,,FLAT_QUOTING
20260303,60093000,13:41:33.000,20260303-AP605-00580,,AP605,target_buy,buy,10098.0,1,271,cancel_requested,fair_invalid_or_session_guard,PAUSED
20260303,60093000,13:41:33.000,20260303-AP605-00581,,AP605,target_sell,sell,10582.0,1,271,cancel_requested,fair_invalid_or_session_guard,PAUSED
20260303,60094000,13:41:34.000,20260303-AP605-00580,,AP605,target_buy,buy,10098.0,1,271,cancel_ack,fair_invalid_or_session_guard,PAUSED
20260303,60094000,13:41:34.000,20260303-AP605-00581,,AP605,target_sell,sell,10582.0,1,271,cancel_ack,fair_invalid_or_session_guard,PAUSED
20260303,60104000,13:41:44.000,20260303-AP605-00582,,AP605,target_buy,buy,10093.0,1,272,submit,initial_quote,FLAT_QUOTING
20260303,60104000,13:41:44.000,20260303-AP605-00583,,AP605,target_sell,sell,10577.0,1,272,submit,initial_quote,FLAT_QUOTING
20260303,60105000,13:41:45.000,20260303-AP605-00582,,AP605,target_buy,buy,10093.0,1,272,ack,,FLAT_QUOTING
20260303,60105000,13:41:45.000,20260303-AP605-00583,,AP605,target_sell,sell,10577.0,1,272,ack,,FLAT_QUOTING
20260303,60116000,13:41:56.000,20260303-AP605-00582,,AP605,target_buy,buy,10093.0,1,272,cancel_requested,fair_invalid_or_session_guard,PAUSED
20260303,60116000,13:41:56.000,20260303-AP605-00583,,AP605,target_sell,sell,10577.0,1,272,cancel_requested,fair_invalid_or_session_guard,PAUSED
20260303,60117000,13:41:57.000,20260303-AP605-00582,,AP605,target_buy,buy,10093.0,1,272,cancel_ack,fair_invalid_or_session_guard,PAUSED
20260303,60117000,13:41:57.000,20260303-AP605-00583,,AP605,target_sell,sell,10577.0,1,272,cancel_ack,fair_invalid_or_session_guard,PAUSED
20260303,60155000,13:42:35.000,20260303-AP605-00584,,AP605,target_buy,buy,10102.0,1,273,submit,initial_quote,FLAT_QUOTING
20260303,60155000,13:42:35.000,20260303-AP605-00585,,AP605,target_sell,sell,10586.0,1,273,submit,initial_quote,FLAT_QUOTING
20260303,60156000,13:42:36.000,20260303-AP605-00584,,AP605,target_buy,buy,10102.0,1,273,ack,,FLAT_QUOTING
20260303,60156000,13:42:36.000,20260303-AP605-00585,,AP605,target_sell,sell,10586.0,1,273,ack,,FLAT_QUOTING
20260303,60222000,13:43:42.000,20260303-AP605-00584,,AP605,target_buy,buy,10102.0,1,273,cancel_requested,fair_invalid_or_session_guard,PAUSED
20260303,60222000,13:43:42.000,20260303-AP605-00585,,AP605,target_sell,sell,10586.0,1,273,cancel_requested,fair_invalid_or_session_guard,PAUSED
20260303,60223000,13:43:43.000,20260303-AP605-00584,,AP605,target_buy,buy,10102.0,1,273,cancel_ack,fair_invalid_or_session_guard,PAUSED
20260303,60223000,13:43:43.000,20260303-AP605-00585,,AP605,target_sell,sell,10586.0,1,273,cancel_ack,fair_invalid_or_session_guard,PAUSED
20260303,60224000,13:43:44.000,20260303-AP605-00586,,AP605,target_buy,buy,10106.0,1,274,submit,initial_quote,FLAT_QUOTING
20260303,60224000,13:43:44.000,20260303-AP605-00587,,AP605,target_sell,sell,10590.0,1,274,submit,initial_quote,FLAT_QUOTING
20260303,60225000,13:43:45.000,20260303-AP605-00586,,AP605,target_buy,buy,10106.0,1,274,ack,,FLAT_QUOTING
20260303,60225000,13:43:45.000,20260303-AP605-00587,,AP605,target_sell,sell,10590.0,1,274,ack,,FLAT_QUOTING
20260303,60233000,13:43:53.000,20260303-AP605-00586,,AP605,target_buy,buy,10106.0,1,274,cancel_requested,fair_invalid_or_session_guard,PAUSED
20260303,60233000,13:43:53.000,20260303-AP605-00587,,AP605,target_sell,sell,10590.0,1,274,cancel_requested,fair_invalid_or_session_guard,PAUSED
20260303,60234000,13:43:54.000,20260303-AP605-00586,,AP605,target_buy,buy,10106.0,1,274,cancel_ack,fair_invalid_or_session_guard,PAUSED
20260303,60234000,13:43:54.000,20260303-AP605-00587,,AP605,target_sell,sell,10590.0,1,274,cancel_ack,fair_invalid_or_session_guard,PAUSED
20260303,60239000,13:43:59.000,20260303-AP605-00588,,AP605,target_buy,buy,10106.0,1,275,submit,initial_quote,FLAT_QUOTING
20260303,60239000,13:43:59.000,20260303-AP605-00589,,AP605,target_sell,sell,10590.0,1,275,submit,initial_quote,FLAT_QUOTING
20260303,60240000,13:44:00.000,20260303-AP605-00588,,AP605,target_buy,buy,10106.0,1,275,ack,,FLAT_QUOTING
20260303,60240000,13:44:00.000,20260303-AP605-00589,,AP605,target_sell,sell,10590.0,1,275,ack,,FLAT_QUOTING
20260303,60243000,13:44:03.000,20260303-AP605-00588,,AP605,target_buy,buy,10106.0,1,275,cancel_requested,fair_invalid_or_session_guard,PAUSED
20260303,60243000,13:44:03.000,20260303-AP605-00589,,AP605,target_sell,sell,10590.0,1,275,cancel_requested,fair_invalid_or_session_guard,PAUSED
20260303,60244000,13:44:04.000,20260303-AP605-00588,,AP605,target_buy,buy,10106.0,1,275,cancel_ack,fair_invalid_or_session_guard,PAUSED
20260303,60244000,13:44:04.000,20260303-AP605-00589,,AP605,target_sell,sell,10590.0,1,275,cancel_ack,fair_invalid_or_session_guard,PAUSED
20260303,60247000,13:44:07.000,20260303-AP605-00590,,AP605,target_buy,buy,10118.0,1,276,submit,initial_quote,FLAT_QUOTING
20260303,60247000,13:44:07.000,20260303-AP605-00591,,AP605,target_sell,sell,10602.0,1,276,submit,initial_quote,FLAT_QUOTING
20260303,60248000,13:44:08.000,20260303-AP605-00590,,AP605,target_buy,buy,10118.0,1,276,ack,,FLAT_QUOTING
20260303,60248000,13:44:08.000,20260303-AP605-00591,,AP605,target_sell,sell,10602.0,1,276,ack,,FLAT_QUOTING
20260303,60256000,13:44:16.000,20260303-AP605-00590,,AP605,target_buy,buy,10118.0,1,276,cancel_requested,fair_invalid_or_session_guard,PAUSED
20260303,60256000,13:44:16.000,20260303-AP605-00591,,AP605,target_sell,sell,10602.0,1,276,cancel_requested,fair_invalid_or_session_guard,PAUSED
20260303,60257000,13:44:17.000,20260303-AP605-00590,,AP605,target_buy,buy,10118.0,1,276,cancel_ack,fair_invalid_or_session_guard,PAUSED
20260303,60257000,13:44:17.000,20260303-AP605-00591,,AP605,target_sell,sell,10602.0,1,276,cancel_ack,fair_invalid_or_session_guard,PAUSED
20260303,60259000,13:44:19.000,20260303-AP605-00592,,AP605,target_buy,buy,10118.0,1,277,submit,initial_quote,FLAT_QUOTING
20260303,60259000,13:44:19.000,20260303-AP605-00593,,AP605,target_sell,sell,10602.0,1,277,submit,initial_quote,FLAT_QUOTING
20260303,60260000,13:44:20.000,20260303-AP605-00592,,AP605,target_buy,buy,10118.0,1,277,ack,,FLAT_QUOTING
20260303,60260000,13:44:20.000,20260303-AP605-00593,,AP605,target_sell,sell,10602.0,1,277,ack,,FLAT_QUOTING
20260303,60289000,13:44:49.000,20260303-AP605-00592,,AP605,target_buy,buy,10118.0,1,277,cancel_requested,fair_invalid_or_session_guard,PAUSED
20260303,60289000,13:44:49.000,20260303-AP605-00593,,AP605,target_sell,sell,10602.0,1,277,cancel_requested,fair_invalid_or_session_guard,PAUSED
20260303,60290000,13:44:50.000,20260303-AP605-00592,,AP605,target_buy,buy,10118.0,1,277,cancel_ack,fair_invalid_or_session_guard,PAUSED
20260303,60290000,13:44:50.000,20260303-AP605-00593,,AP605,target_sell,sell,10602.0,1,277,cancel_ack,fair_invalid_or_session_guard,PAUSED
20260303,60298000,13:44:58.000,20260303-AP605-00594,,AP605,target_buy,buy,10121.0,1,278,submit,initial_quote,FLAT_QUOTING
20260303,60298000,13:44:58.000,20260303-AP605-00595,,AP605,target_sell,sell,10605.0,1,278,submit,initial_quote,FLAT_QUOTING
20260303,60299000,13:44:59.000,20260303-AP605-00594,,AP605,target_buy,buy,10121.0,1,278,ack,,FLAT_QUOTING
20260303,60299000,13:44:59.000,20260303-AP605-00595,,AP605,target_sell,sell,10605.0,1,278,ack,,FLAT_QUOTING
20260303,60358000,13:45:58.000,20260303-AP605-00594,,AP605,target_buy,buy,10121.0,1,278,cancel_requested,fair_invalid_or_session_guard,PAUSED
20260303,60358000,13:45:58.000,20260303-AP605-00595,,AP605,target_sell,sell,10605.0,1,278,cancel_requested,fair_invalid_or_session_guard,PAUSED
20260303,60359000,13:45:59.000,20260303-AP605-00594,,AP605,target_buy,buy,10121.0,1,278,cancel_ack,fair_invalid_or_session_guard,PAUSED
20260303,60359000,13:45:59.000,20260303-AP605-00595,,AP605,target_sell,sell,10605.0,1,278,cancel_ack,fair_invalid_or_session_guard,PAUSED
20260303,60371000,13:46:11.000,20260303-AP605-00596,,AP605,target_buy,buy,10117.0,1,279,submit,initial_quote,FLAT_QUOTING
20260303,60371000,13:46:11.000,20260303-AP605-00597,,AP605,target_sell,sell,10601.0,1,279,submit,initial_quote,FLAT_QUOTING
20260303,60372000,13:46:12.000,20260303-AP605-00596,,AP605,target_buy,buy,10117.0,1,279,ack,,FLAT_QUOTING
20260303,60372000,13:46:12.000,20260303-AP605-00597,,AP605,target_sell,sell,10601.0,1,279,ack,,FLAT_QUOTING
20260303,60374000,13:46:14.000,20260303-AP605-00596,,AP605,target_buy,buy,10117.0,1,279,cancel_requested,fair_invalid_or_session_guard,PAUSED
20260303,60374000,13:46:14.000,20260303-AP605-00597,,AP605,target_sell,sell,10601.0,1,279,cancel_requested,fair_invalid_or_session_guard,PAUSED
20260303,60375000,13:46:15.000,20260303-AP605-00596,,AP605,target_buy,buy,10117.0,1,279,cancel_ack,fair_invalid_or_session_guard,PAUSED
20260303,60375000,13:46:15.000,20260303-AP605-00597,,AP605,target_sell,sell,10601.0,1,279,cancel_ack,fair_invalid_or_session_guard,PAUSED
20260303,60376000,13:46:16.000,20260303-AP605-00598,,AP605,target_buy,buy,10116.0,1,280,submit,initial_quote,FLAT_QUOTING
20260303,60376000,13:46:16.000,20260303-AP605-00599,,AP605,target_sell,sell,10600.0,1,280,submit,initial_quote,FLAT_QUOTING
20260303,60377000,13:46:17.000,20260303-AP605-00598,,AP605,target_buy,buy,10116.0,1,280,ack,,FLAT_QUOTING
20260303,60377000,13:46:17.000,20260303-AP605-00599,,AP605,target_sell,sell,10600.0,1,280,ack,,FLAT_QUOTING
20260303,60447000,13:47:27.000,20260303-AP605-00598,,AP605,target_buy,buy,10116.0,1,280,cancel_requested,fair_invalid_or_session_guard,PAUSED
20260303,60447000,13:47:27.000,20260303-AP605-00599,,AP605,target_sell,sell,10600.0,1,280,cancel_requested,fair_invalid_or_session_guard,PAUSED
20260303,60448000,13:47:28.000,20260303-AP605-00598,,AP605,target_buy,buy,10116.0,1,280,cancel_ack,fair_invalid_or_session_guard,PAUSED
20260303,60448000,13:47:28.000,20260303-AP605-00599,,AP605,target_sell,sell,10600.0,1,280,cancel_ack,fair_invalid_or_session_guard,PAUSED
20260303,60450000,13:47:30.000,20260303-AP605-00600,,AP605,target_buy,buy,10108.0,1,281,submit,initial_quote,FLAT_QUOTING
20260303,60450000,13:47:30.000,20260303-AP605-00601,,AP605,target_sell,sell,10592.0,1,281,submit,initial_quote,FLAT_QUOTING
20260303,60451000,13:47:31.000,20260303-AP605-00600,,AP605,target_buy,buy,10108.0,1,281,ack,,FLAT_QUOTING
20260303,60451000,13:47:31.000,20260303-AP605-00601,,AP605,target_sell,sell,10592.0,1,281,ack,,FLAT_QUOTING
20260303,60453000,13:47:33.000,20260303-AP605-00600,,AP605,target_buy,buy,10108.0,1,281,cancel_requested,fair_invalid_or_session_guard,PAUSED
20260303,60453000,13:47:33.000,20260303-AP605-00601,,AP605,target_sell,sell,10592.0,1,281,cancel_requested,fair_invalid_or_session_guard,PAUSED
20260303,60454000,13:47:34.000,20260303-AP605-00600,,AP605,target_buy,buy,10108.0,1,281,cancel_ack,fair_invalid_or_session_guard,PAUSED
20260303,60454000,13:47:34.000,20260303-AP605-00601,,AP605,target_sell,sell,10592.0,1,281,cancel_ack,fair_invalid_or_session_guard,PAUSED
20260303,60456000,13:47:36.000,20260303-AP605-00602,,AP605,target_buy,buy,10111.0,1,282,submit,initial_quote,FLAT_QUOTING
20260303,60456000,13:47:36.000,20260303-AP605-00603,,AP605,target_sell,sell,10595.0,1,282,submit,initial_quote,FLAT_QUOTING
20260303,60457000,13:47:37.000,20260303-AP605-00602,,AP605,target_buy,buy,10111.0,1,282,ack,,FLAT_QUOTING
20260303,60457000,13:47:37.000,20260303-AP605-00603,,AP605,target_sell,sell,10595.0,1,282,ack,,FLAT_QUOTING
20260303,60467000,13:47:47.000,20260303-AP605-00602,,AP605,target_buy,buy,10111.0,1,282,cancel_requested,fair_invalid_or_session_guard,PAUSED
20260303,60467000,13:47:47.000,20260303-AP605-00603,,AP605,target_sell,sell,10595.0,1,282,cancel_requested,fair_invalid_or_session_guard,PAUSED
20260303,60468000,13:47:48.000,20260303-AP605-00602,,AP605,target_buy,buy,10111.0,1,282,cancel_ack,fair_invalid_or_session_guard,PAUSED
20260303,60468000,13:47:48.000,20260303-AP605-00603,,AP605,target_sell,sell,10595.0,1,282,cancel_ack,fair_invalid_or_session_guard,PAUSED
20260303,60485000,13:48:05.000,20260303-AP605-00604,,AP605,target_buy,buy,10116.0,1,283,submit,initial_quote,FLAT_QUOTING
20260303,60485000,13:48:05.000,20260303-AP605-00605,,AP605,target_sell,sell,10600.0,1,283,submit,initial_quote,FLAT_QUOTING
20260303,60486000,13:48:06.000,20260303-AP605-00604,,AP605,target_buy,buy,10116.0,1,283,ack,,FLAT_QUOTING
20260303,60486000,13:48:06.000,20260303-AP605-00605,,AP605,target_sell,sell,10600.0,1,283,ack,,FLAT_QUOTING
20260303,60487000,13:48:07.000,20260303-AP605-00604,,AP605,target_buy,buy,10116.0,1,283,cancel_requested,fair_invalid_or_session_guard,PAUSED
20260303,60487000,13:48:07.000,20260303-AP605-00605,,AP605,target_sell,sell,10600.0,1,283,cancel_requested,fair_invalid_or_session_guard,PAUSED
20260303,60488000,13:48:08.000,20260303-AP605-00604,,AP605,target_buy,buy,10116.0,1,283,cancel_ack,fair_invalid_or_session_guard,PAUSED
20260303,60488000,13:48:08.000,20260303-AP605-00605,,AP605,target_sell,sell,10600.0,1,283,cancel_ack,fair_invalid_or_session_guard,PAUSED
20260303,60506000,13:48:26.000,20260303-AP605-00606,,AP605,target_buy,buy,10118.0,1,284,submit,initial_quote,FLAT_QUOTING
20260303,60506000,13:48:26.000,20260303-AP605-00607,,AP605,target_sell,sell,10602.0,1,284,submit,initial_quote,FLAT_QUOTING
20260303,60507000,13:48:27.000,20260303-AP605-00606,,AP605,target_buy,buy,10118.0,1,284,ack,,FLAT_QUOTING
20260303,60507000,13:48:27.000,20260303-AP605-00607,,AP605,target_sell,sell,10602.0,1,284,ack,,FLAT_QUOTING
20260303,60512000,13:48:32.000,20260303-AP605-00606,,AP605,target_buy,buy,10118.0,1,284,cancel_requested,fair_invalid_or_session_guard,PAUSED
20260303,60512000,13:48:32.000,20260303-AP605-00607,,AP605,target_sell,sell,10602.0,1,284,cancel_requested,fair_invalid_or_session_guard,PAUSED
20260303,60513000,13:48:33.000,20260303-AP605-00606,,AP605,target_buy,buy,10118.0,1,284,cancel_ack,fair_invalid_or_session_guard,PAUSED
20260303,60513000,13:48:33.000,20260303-AP605-00607,,AP605,target_sell,sell,10602.0,1,284,cancel_ack,fair_invalid_or_session_guard,PAUSED
20260303,60514000,13:48:34.000,20260303-AP605-00608,,AP605,target_buy,buy,10118.0,1,285,submit,initial_quote,FLAT_QUOTING
20260303,60514000,13:48:34.000,20260303-AP605-00609,,AP605,target_sell,sell,10602.0,1,285,submit,initial_quote,FLAT_QUOTING
20260303,60515000,13:48:35.000,20260303-AP605-00608,,AP605,target_buy,buy,10118.0,1,285,ack,,FLAT_QUOTING
20260303,60515000,13:48:35.000,20260303-AP605-00609,,AP605,target_sell,sell,10602.0,1,285,ack,,FLAT_QUOTING
20260303,60516000,13:48:36.000,20260303-AP605-00608,,AP605,target_buy,buy,10118.0,1,285,cancel_requested,fair_invalid_or_session_guard,PAUSED
20260303,60516000,13:48:36.000,20260303-AP605-00609,,AP605,target_sell,sell,10602.0,1,285,cancel_requested,fair_invalid_or_session_guard,PAUSED
20260303,60517000,13:48:37.000,20260303-AP605-00608,,AP605,target_buy,buy,10118.0,1,285,cancel_ack,fair_invalid_or_session_guard,PAUSED
20260303,60517000,13:48:37.000,20260303-AP605-00609,,AP605,target_sell,sell,10602.0,1,285,cancel_ack,fair_invalid_or_session_guard,PAUSED
20260303,60520000,13:48:40.000,20260303-AP605-00610,,AP605,target_buy,buy,10118.0,1,286,submit,initial_quote,FLAT_QUOTING
20260303,60520000,13:48:40.000,20260303-AP605-00611,,AP605,target_sell,sell,10602.0,1,286,submit,initial_quote,FLAT_QUOTING
20260303,60521000,13:48:41.000,20260303-AP605-00610,,AP605,target_buy,buy,10118.0,1,286,ack,,FLAT_QUOTING
20260303,60521000,13:48:41.000,20260303-AP605-00611,,AP605,target_sell,sell,10602.0,1,286,ack,,FLAT_QUOTING
20260303,60530000,13:48:50.000,20260303-AP605-00610,,AP605,target_buy,buy,10118.0,1,286,cancel_requested,fair_invalid_or_session_guard,PAUSED
20260303,60530000,13:48:50.000,20260303-AP605-00611,,AP605,target_sell,sell,10602.0,1,286,cancel_requested,fair_invalid_or_session_guard,PAUSED
20260303,60531000,13:48:51.000,20260303-AP605-00610,,AP605,target_buy,buy,10118.0,1,286,cancel_ack,fair_invalid_or_session_guard,PAUSED
20260303,60531000,13:48:51.000,20260303-AP605-00611,,AP605,target_sell,sell,10602.0,1,286,cancel_ack,fair_invalid_or_session_guard,PAUSED
20260303,60593000,13:49:53.000,20260303-AP605-00612,,AP605,target_buy,buy,10120.0,1,287,submit,initial_quote,FLAT_QUOTING
20260303,60593000,13:49:53.000,20260303-AP605-00613,,AP605,target_sell,sell,10604.0,1,287,submit,initial_quote,FLAT_QUOTING
20260303,60594000,13:49:54.000,20260303-AP605-00612,,AP605,target_buy,buy,10120.0,1,287,ack,,FLAT_QUOTING
20260303,60594000,13:49:54.000,20260303-AP605-00613,,AP605,target_sell,sell,10604.0,1,287,ack,,FLAT_QUOTING
20260303,60600000,13:50:00.000,20260303-AP605-00612,,AP605,target_buy,buy,10120.0,1,287,cancel_requested,fair_invalid_or_session_guard,PAUSED
20260303,60600000,13:50:00.000,20260303-AP605-00613,,AP605,target_sell,sell,10604.0,1,287,cancel_requested,fair_invalid_or_session_guard,PAUSED
20260303,60601000,13:50:01.000,20260303-AP605-00612,,AP605,target_buy,buy,10120.0,1,287,cancel_ack,fair_invalid_or_session_guard,PAUSED
20260303,60601000,13:50:01.000,20260303-AP605-00613,,AP605,target_sell,sell,10604.0,1,287,cancel_ack,fair_invalid_or_session_guard,PAUSED
20260303,60602000,13:50:02.000,20260303-AP605-00614,,AP605,target_buy,buy,10123.0,1,288,submit,initial_quote,FLAT_QUOTING
20260303,60602000,13:50:02.000,20260303-AP605-00615,,AP605,target_sell,sell,10607.0,1,288,submit,initial_quote,FLAT_QUOTING
20260303,60603000,13:50:03.000,20260303-AP605-00614,,AP605,target_buy,buy,10123.0,1,288,ack,,FLAT_QUOTING
20260303,60603000,13:50:03.000,20260303-AP605-00615,,AP605,target_sell,sell,10607.0,1,288,ack,,FLAT_QUOTING
20260303,60742000,13:52:22.000,20260303-AP605-00614,,AP605,target_buy,buy,10123.0,1,288,cancel_requested,fair_invalid_or_session_guard,PAUSED
20260303,60742000,13:52:22.000,20260303-AP605-00615,,AP605,target_sell,sell,10607.0,1,288,cancel_requested,fair_invalid_or_session_guard,PAUSED
20260303,60743000,13:52:23.000,20260303-AP605-00614,,AP605,target_buy,buy,10123.0,1,288,cancel_ack,fair_invalid_or_session_guard,PAUSED
20260303,60743000,13:52:23.000,20260303-AP605-00615,,AP605,target_sell,sell,10607.0,1,288,cancel_ack,fair_invalid_or_session_guard,PAUSED
20260303,60746000,13:52:26.000,20260303-AP605-00616,,AP605,target_buy,buy,10111.0,1,289,submit,initial_quote,FLAT_QUOTING
20260303,60746000,13:52:26.000,20260303-AP605-00617,,AP605,target_sell,sell,10595.0,1,289,submit,initial_quote,FLAT_QUOTING
20260303,60747000,13:52:27.000,20260303-AP605-00616,,AP605,target_buy,buy,10111.0,1,289,ack,,FLAT_QUOTING
20260303,60747000,13:52:27.000,20260303-AP605-00617,,AP605,target_sell,sell,10595.0,1,289,ack,,FLAT_QUOTING
20260303,60748000,13:52:28.000,20260303-AP605-00616,,AP605,target_buy,buy,10111.0,1,289,cancel_requested,fair_invalid_or_session_guard,PAUSED
20260303,60748000,13:52:28.000,20260303-AP605-00617,,AP605,target_sell,sell,10595.0,1,289,cancel_requested,fair_invalid_or_session_guard,PAUSED
20260303,60749000,13:52:29.000,20260303-AP605-00616,,AP605,target_buy,buy,10111.0,1,289,cancel_ack,fair_invalid_or_session_guard,PAUSED
20260303,60749000,13:52:29.000,20260303-AP605-00617,,AP605,target_sell,sell,10595.0,1,289,cancel_ack,fair_invalid_or_session_guard,PAUSED
20260303,60750000,13:52:30.000,20260303-AP605-00618,,AP605,target_buy,buy,10111.0,1,290,submit,initial_quote,FLAT_QUOTING
20260303,60750000,13:52:30.000,20260303-AP605-00619,,AP605,target_sell,sell,10595.0,1,290,submit,initial_quote,FLAT_QUOTING
20260303,60751000,13:52:31.000,20260303-AP605-00618,,AP605,target_buy,buy,10111.0,1,290,ack,,FLAT_QUOTING
20260303,60751000,13:52:31.000,20260303-AP605-00619,,AP605,target_sell,sell,10595.0,1,290,ack,,FLAT_QUOTING
20260303,60753000,13:52:33.000,20260303-AP605-00618,,AP605,target_buy,buy,10111.0,1,290,cancel_requested,fair_invalid_or_session_guard,PAUSED
20260303,60753000,13:52:33.000,20260303-AP605-00619,,AP605,target_sell,sell,10595.0,1,290,cancel_requested,fair_invalid_or_session_guard,PAUSED
20260303,60754000,13:52:34.000,20260303-AP605-00618,,AP605,target_buy,buy,10111.0,1,290,cancel_ack,fair_invalid_or_session_guard,PAUSED
20260303,60754000,13:52:34.000,20260303-AP605-00619,,AP605,target_sell,sell,10595.0,1,290,cancel_ack,fair_invalid_or_session_guard,PAUSED
20260303,60758000,13:52:38.000,20260303-AP605-00620,,AP605,target_buy,buy,10110.0,1,291,submit,initial_quote,FLAT_QUOTING
20260303,60758000,13:52:38.000,20260303-AP605-00621,,AP605,target_sell,sell,10594.0,1,291,submit,initial_quote,FLAT_QUOTING
20260303,60759000,13:52:39.000,20260303-AP605-00620,,AP605,target_buy,buy,10110.0,1,291,ack,,FLAT_QUOTING
20260303,60759000,13:52:39.000,20260303-AP605-00621,,AP605,target_sell,sell,10594.0,1,291,ack,,FLAT_QUOTING
20260303,60800000,13:53:20.000,20260303-AP605-00620,,AP605,target_buy,buy,10110.0,1,291,cancel_requested,fair_invalid_or_session_guard,PAUSED
20260303,60800000,13:53:20.000,20260303-AP605-00621,,AP605,target_sell,sell,10594.0,1,291,cancel_requested,fair_invalid_or_session_guard,PAUSED
20260303,60801000,13:53:21.000,20260303-AP605-00620,,AP605,target_buy,buy,10110.0,1,291,cancel_ack,fair_invalid_or_session_guard,PAUSED
20260303,60801000,13:53:21.000,20260303-AP605-00621,,AP605,target_sell,sell,10594.0,1,291,cancel_ack,fair_invalid_or_session_guard,PAUSED
20260303,60831000,13:53:51.000,20260303-AP605-00622,,AP605,target_buy,buy,10116.0,1,292,submit,initial_quote,FLAT_QUOTING
20260303,60831000,13:53:51.000,20260303-AP605-00623,,AP605,target_sell,sell,10600.0,1,292,submit,initial_quote,FLAT_QUOTING
20260303,60832000,13:53:52.000,20260303-AP605-00622,,AP605,target_buy,buy,10116.0,1,292,ack,,FLAT_QUOTING
20260303,60832000,13:53:52.000,20260303-AP605-00623,,AP605,target_sell,sell,10600.0,1,292,ack,,FLAT_QUOTING
20260303,60876000,13:54:36.000,20260303-AP605-00622,,AP605,target_buy,buy,10116.0,1,292,cancel_requested,fair_invalid_or_session_guard,PAUSED
20260303,60876000,13:54:36.000,20260303-AP605-00623,,AP605,target_sell,sell,10600.0,1,292,cancel_requested,fair_invalid_or_session_guard,PAUSED
20260303,60877000,13:54:37.000,20260303-AP605-00622,,AP605,target_buy,buy,10116.0,1,292,cancel_ack,fair_invalid_or_session_guard,PAUSED
20260303,60877000,13:54:37.000,20260303-AP605-00623,,AP605,target_sell,sell,10600.0,1,292,cancel_ack,fair_invalid_or_session_guard,PAUSED
20260303,60878000,13:54:38.000,20260303-AP605-00624,,AP605,target_buy,buy,10110.0,1,293,submit,initial_quote,FLAT_QUOTING
20260303,60878000,13:54:38.000,20260303-AP605-00625,,AP605,target_sell,sell,10594.0,1,293,submit,initial_quote,FLAT_QUOTING
20260303,60879000,13:54:39.000,20260303-AP605-00624,,AP605,target_buy,buy,10110.0,1,293,ack,,FLAT_QUOTING
20260303,60879000,13:54:39.000,20260303-AP605-00625,,AP605,target_sell,sell,10594.0,1,293,ack,,FLAT_QUOTING
20260303,60963000,13:56:03.000,20260303-AP605-00624,,AP605,target_buy,buy,10110.0,1,293,cancel_requested,fair_invalid_or_session_guard,PAUSED
20260303,60963000,13:56:03.000,20260303-AP605-00625,,AP605,target_sell,sell,10594.0,1,293,cancel_requested,fair_invalid_or_session_guard,PAUSED
20260303,60964000,13:56:04.000,20260303-AP605-00624,,AP605,target_buy,buy,10110.0,1,293,cancel_ack,fair_invalid_or_session_guard,PAUSED
20260303,60964000,13:56:04.000,20260303-AP605-00625,,AP605,target_sell,sell,10594.0,1,293,cancel_ack,fair_invalid_or_session_guard,PAUSED
20260303,60966000,13:56:06.000,20260303-AP605-00626,,AP605,target_buy,buy,10122.0,1,294,submit,initial_quote,FLAT_QUOTING
20260303,60966000,13:56:06.000,20260303-AP605-00627,,AP605,target_sell,sell,10606.0,1,294,submit,initial_quote,FLAT_QUOTING
20260303,60967000,13:56:07.000,20260303-AP605-00626,,AP605,target_buy,buy,10122.0,1,294,ack,,FLAT_QUOTING
20260303,60967000,13:56:07.000,20260303-AP605-00627,,AP605,target_sell,sell,10606.0,1,294,ack,,FLAT_QUOTING
20260303,60993000,13:56:33.000,20260303-AP605-00626,,AP605,target_buy,buy,10122.0,1,294,cancel_requested,fair_invalid_or_session_guard,PAUSED
20260303,60993000,13:56:33.000,20260303-AP605-00627,,AP605,target_sell,sell,10606.0,1,294,cancel_requested,fair_invalid_or_session_guard,PAUSED
20260303,60994000,13:56:34.000,20260303-AP605-00626,,AP605,target_buy,buy,10122.0,1,294,cancel_ack,fair_invalid_or_session_guard,PAUSED
20260303,60994000,13:56:34.000,20260303-AP605-00627,,AP605,target_sell,sell,10606.0,1,294,cancel_ack,fair_invalid_or_session_guard,PAUSED
20260303,60997000,13:56:37.000,20260303-AP605-00628,,AP605,target_buy,buy,10122.0,1,295,submit,initial_quote,FLAT_QUOTING
20260303,60997000,13:56:37.000,20260303-AP605-00629,,AP605,target_sell,sell,10606.0,1,295,submit,initial_quote,FLAT_QUOTING
20260303,60998000,13:56:38.000,20260303-AP605-00628,,AP605,target_buy,buy,10122.0,1,295,ack,,FLAT_QUOTING
20260303,60998000,13:56:38.000,20260303-AP605-00629,,AP605,target_sell,sell,10606.0,1,295,ack,,FLAT_QUOTING
20260303,61026000,13:57:06.000,20260303-AP605-00628,,AP605,target_buy,buy,10122.0,1,295,cancel_requested,fair_invalid_or_session_guard,PAUSED
20260303,61026000,13:57:06.000,20260303-AP605-00629,,AP605,target_sell,sell,10606.0,1,295,cancel_requested,fair_invalid_or_session_guard,PAUSED
20260303,61027000,13:57:07.000,20260303-AP605-00628,,AP605,target_buy,buy,10122.0,1,295,cancel_ack,fair_invalid_or_session_guard,PAUSED
20260303,61027000,13:57:07.000,20260303-AP605-00629,,AP605,target_sell,sell,10606.0,1,295,cancel_ack,fair_invalid_or_session_guard,PAUSED
20260303,61186000,13:59:46.000,20260303-AP605-00630,,AP605,target_buy,buy,10143.0,1,296,submit,initial_quote,FLAT_QUOTING
20260303,61186000,13:59:46.000,20260303-AP605-00631,,AP605,target_sell,sell,10627.0,1,296,submit,initial_quote,FLAT_QUOTING
20260303,61187000,13:59:47.000,20260303-AP605-00630,,AP605,target_buy,buy,10143.0,1,296,ack,,FLAT_QUOTING
20260303,61187000,13:59:47.000,20260303-AP605-00631,,AP605,target_sell,sell,10627.0,1,296,ack,,FLAT_QUOTING
20260303,61189000,13:59:49.000,20260303-AP605-00630,,AP605,target_buy,buy,10143.0,1,296,cancel_requested,fair_invalid_or_session_guard,PAUSED
20260303,61189000,13:59:49.000,20260303-AP605-00631,,AP605,target_sell,sell,10627.0,1,296,cancel_requested,fair_invalid_or_session_guard,PAUSED
20260303,61190000,13:59:50.000,20260303-AP605-00630,,AP605,target_buy,buy,10143.0,1,296,cancel_ack,fair_invalid_or_session_guard,PAUSED
20260303,61190000,13:59:50.000,20260303-AP605-00631,,AP605,target_sell,sell,10627.0,1,296,cancel_ack,fair_invalid_or_session_guard,PAUSED
20260303,61191000,13:59:51.000,20260303-AP605-00632,,AP605,target_buy,buy,10144.0,1,297,submit,initial_quote,FLAT_QUOTING
20260303,61191000,13:59:51.000,20260303-AP605-00633,,AP605,target_sell,sell,10628.0,1,297,submit,initial_quote,FLAT_QUOTING
20260303,61192000,13:59:52.000,20260303-AP605-00632,,AP605,target_buy,buy,10144.0,1,297,ack,,FLAT_QUOTING
20260303,61192000,13:59:52.000,20260303-AP605-00633,,AP605,target_sell,sell,10628.0,1,297,ack,,FLAT_QUOTING
20260303,61192000,13:59:52.000,20260303-AP605-00632,,AP605,target_buy,buy,10144.0,1,297,fill,interval_vwap,FLAT_QUOTING
20260303,61192000,13:59:52.000,20260303-AP605-00633,,AP605,target_sell,sell,10628.0,1,297,cancel_requested,opposite_target_fill,FLAT_QUOTING
20260303,61193000,13:59:53.000,20260303-AP605-00633,,AP605,target_sell,sell,10628.0,1,297,cancel_ack,opposite_target_fill,LONG_PENDING_HEDGE
20260303,61193000,13:59:53.000,20260303-AP605-00634,20260303-AP605-0014,AP604,hedge_entry,sell,,1,297,submit,,LONG_PENDING_HEDGE
20260303,61193000,13:59:53.000,20260303-AP605-00634,20260303-AP605-0014,AP604,hedge_entry,sell,10084.0,1,297,fill,quote_key=61193000,LONG_PENDING_HEDGE
20260303,61194000,13:59:54.000,20260303-AP605-00635,20260303-AP605-0014,AP605,target_exit,sell,,1,297,submit,,FLATTENING
20260303,61194000,13:59:54.000,20260303-AP605-00635,20260303-AP605-0014,AP605,target_exit,sell,10391.0,1,297,fill,,FLATTENING
20260303,61194000,13:59:54.000,20260303-AP605-00636,20260303-AP605-0014,AP604,hedge_exit,buy,,1,297,submit,,FLATTENING
20260303,61194000,13:59:54.000,20260303-AP605-00636,20260303-AP605-0014,AP604,hedge_exit,buy,10115.0,1,297,fill,quote_key=61194000,FLATTENING
20260303,61197000,13:59:57.000,20260303-AP605-00637,,AP605,target_buy,buy,10144.0,1,298,submit,initial_quote,FLAT_QUOTING
20260303,61197000,13:59:57.000,20260303-AP605-00638,,AP605,target_sell,sell,10628.0,1,298,submit,initial_quote,FLAT_QUOTING
20260303,61198000,13:59:58.000,20260303-AP605-00637,,AP605,target_buy,buy,10144.0,1,298,ack,,FLAT_QUOTING
20260303,61198000,13:59:58.000,20260303-AP605-00638,,AP605,target_sell,sell,10628.0,1,298,ack,,FLAT_QUOTING
20260303,61198000,13:59:58.000,20260303-AP605-00637,,AP605,target_buy,buy,10144.0,1,298,fill,interval_vwap,FLAT_QUOTING
20260303,61198000,13:59:58.000,20260303-AP605-00638,,AP605,target_sell,sell,10628.0,1,298,cancel_requested,opposite_target_fill,FLAT_QUOTING
20260303,61199000,13:59:59.000,20260303-AP605-00638,,AP605,target_sell,sell,10628.0,1,298,cancel_ack,opposite_target_fill,LONG_PENDING_HEDGE
20260303,61199000,13:59:59.000,20260303-AP605-00639,20260303-AP605-0015,AP604,hedge_entry,sell,,1,298,submit,,LONG_PENDING_HEDGE
20260303,61199000,13:59:59.000,20260303-AP605-00639,20260303-AP605-0015,AP604,hedge_entry,sell,10086.0,1,298,fill,quote_key=61199000,LONG_PENDING_HEDGE
20260303,61200000,14:00:00.000,20260303-AP605-00640,20260303-AP605-0015,AP605,target_exit,sell,,1,298,submit,,FLATTENING
20260303,61200000,14:00:00.000,20260303-AP605-00640,20260303-AP605-0015,AP605,target_exit,sell,10394.0,1,298,fill,,FLATTENING
20260303,61200000,14:00:00.000,20260303-AP605-00641,20260303-AP605-0015,AP604,hedge_exit,buy,,1,298,submit,,FLATTENING
20260303,61200000,14:00:00.000,20260303-AP605-00641,20260303-AP605-0015,AP604,hedge_exit,buy,10118.0,1,298,fill,quote_key=61200000,FLATTENING
20260303,61451000,14:04:11.000,20260303-AP605-00642,,AP605,target_buy,buy,10188.0,1,299,submit,initial_quote,FLAT_QUOTING
20260303,61451000,14:04:11.000,20260303-AP605-00643,,AP605,target_sell,sell,10672.0,1,299,submit,initial_quote,FLAT_QUOTING
20260303,61452000,14:04:12.000,20260303-AP605-00642,,AP605,target_buy,buy,10188.0,1,299,ack,,FLAT_QUOTING
20260303,61452000,14:04:12.000,20260303-AP605-00643,,AP605,target_sell,sell,10672.0,1,299,ack,,FLAT_QUOTING
20260303,61453000,14:04:13.000,20260303-AP605-00642,,AP605,target_buy,buy,10188.0,1,299,fill,interval_vwap,FLAT_QUOTING
20260303,61453000,14:04:13.000,20260303-AP605-00643,,AP605,target_sell,sell,10672.0,1,299,cancel_requested,opposite_target_fill,FLAT_QUOTING
20260303,61454000,14:04:14.000,20260303-AP605-00643,,AP605,target_sell,sell,10672.0,1,299,cancel_ack,opposite_target_fill,LONG_PENDING_HEDGE
20260303,61454000,14:04:14.000,20260303-AP605-00644,20260303-AP605-0016,AP604,hedge_entry,sell,,1,299,submit,,LONG_PENDING_HEDGE
20260303,61454000,14:04:14.000,20260303-AP605-00644,20260303-AP605-0016,AP604,hedge_entry,sell,10120.0,1,299,fill,quote_key=61454000,LONG_PENDING_HEDGE
20260303,61455000,14:04:15.000,20260303-AP605-00645,20260303-AP605-0016,AP605,target_exit,sell,,1,299,submit,,FLATTENING
20260303,61455000,14:04:15.000,20260303-AP605-00645,20260303-AP605-0016,AP605,target_exit,sell,10420.0,1,299,fill,,FLATTENING
20260303,61455000,14:04:15.000,20260303-AP605-00646,20260303-AP605-0016,AP604,hedge_exit,buy,,1,299,submit,,FLATTENING
20260303,61455000,14:04:15.000,20260303-AP605-00646,20260303-AP605-0016,AP604,hedge_exit,buy,10150.0,1,299,fill,quote_key=61455000,FLATTENING
20260303,61457000,14:04:17.000,20260303-AP605-00647,,AP605,target_buy,buy,10176.0,1,300,submit,initial_quote,FLAT_QUOTING
20260303,61457000,14:04:17.000,20260303-AP605-00648,,AP605,target_sell,sell,10660.0,1,300,submit,initial_quote,FLAT_QUOTING
20260303,61458000,14:04:18.000,20260303-AP605-00647,,AP605,target_buy,buy,10176.0,1,300,ack,,FLAT_QUOTING
20260303,61458000,14:04:18.000,20260303-AP605-00648,,AP605,target_sell,sell,10660.0,1,300,ack,,FLAT_QUOTING
20260303,61458000,14:04:18.000,20260303-AP605-00647,,AP605,target_buy,buy,10176.0,1,300,fill,interval_vwap,FLAT_QUOTING
20260303,61458000,14:04:18.000,20260303-AP605-00648,,AP605,target_sell,sell,10660.0,1,300,cancel_requested,opposite_target_fill,FLAT_QUOTING
20260303,61459000,14:04:19.000,20260303-AP605-00648,,AP605,target_sell,sell,10660.0,1,300,cancel_ack,opposite_target_fill,LONG_PENDING_HEDGE
20260303,61459000,14:04:19.000,20260303-AP605-00649,20260303-AP605-0017,AP604,hedge_entry,sell,,1,300,submit,,LONG_PENDING_HEDGE
20260303,61459000,14:04:19.000,20260303-AP605-00649,20260303-AP605-0017,AP604,hedge_entry,sell,10102.0,1,300,fill,quote_key=61459000,LONG_PENDING_HEDGE
20260303,61460000,14:04:20.000,20260303-AP605-00650,20260303-AP605-0017,AP605,target_exit,sell,,1,300,submit,,FLATTENING
20260303,61460000,14:04:20.000,20260303-AP605-00650,20260303-AP605-0017,AP605,target_exit,sell,10399.0,1,300,fill,,FLATTENING
20260303,61460000,14:04:20.000,20260303-AP605-00651,20260303-AP605-0017,AP604,hedge_exit,buy,,1,300,submit,,FLATTENING
20260303,61460000,14:04:20.000,20260303-AP605-00651,20260303-AP605-0017,AP604,hedge_exit,buy,10113.0,1,300,fill,quote_key=61460000,FLATTENING
20260303,61758000,14:09:18.000,20260303-AP605-00652,,AP605,target_buy,buy,10079.0,1,301,submit,initial_quote,FLAT_QUOTING
20260303,61758000,14:09:18.000,20260303-AP605-00653,,AP605,target_sell,sell,10563.0,1,301,submit,initial_quote,FLAT_QUOTING
20260303,61759000,14:09:19.000,20260303-AP605-00652,,AP605,target_buy,buy,10079.0,1,301,ack,,FLAT_QUOTING
20260303,61759000,14:09:19.000,20260303-AP605-00653,,AP605,target_sell,sell,10563.0,1,301,ack,,FLAT_QUOTING
20260303,61762000,14:09:22.000,20260303-AP605-00652,,AP605,target_buy,buy,10079.0,1,301,cancel_requested,fair_invalid_or_session_guard,PAUSED
20260303,61762000,14:09:22.000,20260303-AP605-00653,,AP605,target_sell,sell,10563.0,1,301,cancel_requested,fair_invalid_or_session_guard,PAUSED
20260303,61763000,14:09:23.000,20260303-AP605-00652,,AP605,target_buy,buy,10079.0,1,301,cancel_ack,fair_invalid_or_session_guard,PAUSED
20260303,61763000,14:09:23.000,20260303-AP605-00653,,AP605,target_sell,sell,10563.0,1,301,cancel_ack,fair_invalid_or_session_guard,PAUSED
20260303,61787000,14:09:47.000,20260303-AP605-00654,,AP605,target_buy,buy,10069.0,1,302,submit,initial_quote,FLAT_QUOTING
20260303,61787000,14:09:47.000,20260303-AP605-00655,,AP605,target_sell,sell,10553.0,1,302,submit,initial_quote,FLAT_QUOTING
20260303,61788000,14:09:48.000,20260303-AP605-00654,,AP605,target_buy,buy,10069.0,1,302,ack,,FLAT_QUOTING
20260303,61788000,14:09:48.000,20260303-AP605-00655,,AP605,target_sell,sell,10553.0,1,302,ack,,FLAT_QUOTING
20260303,61796000,14:09:56.000,20260303-AP605-00654,,AP605,target_buy,buy,10069.0,1,302,cancel_requested,fair_invalid_or_session_guard,PAUSED
20260303,61796000,14:09:56.000,20260303-AP605-00655,,AP605,target_sell,sell,10553.0,1,302,cancel_requested,fair_invalid_or_session_guard,PAUSED
20260303,61797000,14:09:57.000,20260303-AP605-00654,,AP605,target_buy,buy,10069.0,1,302,cancel_ack,fair_invalid_or_session_guard,PAUSED
20260303,61797000,14:09:57.000,20260303-AP605-00655,,AP605,target_sell,sell,10553.0,1,302,cancel_ack,fair_invalid_or_session_guard,PAUSED
20260303,61814000,14:10:14.000,20260303-AP605-00656,,AP605,target_buy,buy,10058.0,1,303,submit,initial_quote,FLAT_QUOTING
20260303,61814000,14:10:14.000,20260303-AP605-00657,,AP605,target_sell,sell,10542.0,1,303,submit,initial_quote,FLAT_QUOTING
20260303,61815000,14:10:15.000,20260303-AP605-00656,,AP605,target_buy,buy,10058.0,1,303,ack,,FLAT_QUOTING
20260303,61815000,14:10:15.000,20260303-AP605-00657,,AP605,target_sell,sell,10542.0,1,303,ack,,FLAT_QUOTING
20260303,61850000,14:10:50.000,20260303-AP605-00656,,AP605,target_buy,buy,10058.0,1,303,cancel_requested,fair_invalid_or_session_guard,PAUSED
20260303,61850000,14:10:50.000,20260303-AP605-00657,,AP605,target_sell,sell,10542.0,1,303,cancel_requested,fair_invalid_or_session_guard,PAUSED
20260303,61851000,14:10:51.000,20260303-AP605-00656,,AP605,target_buy,buy,10058.0,1,303,cancel_ack,fair_invalid_or_session_guard,PAUSED
20260303,61851000,14:10:51.000,20260303-AP605-00657,,AP605,target_sell,sell,10542.0,1,303,cancel_ack,fair_invalid_or_session_guard,PAUSED
20260303,61855000,14:10:55.000,20260303-AP605-00658,,AP605,target_buy,buy,10052.0,1,304,submit,initial_quote,FLAT_QUOTING
20260303,61855000,14:10:55.000,20260303-AP605-00659,,AP605,target_sell,sell,10536.0,1,304,submit,initial_quote,FLAT_QUOTING
20260303,61856000,14:10:56.000,20260303-AP605-00658,,AP605,target_buy,buy,10052.0,1,304,ack,,FLAT_QUOTING
20260303,61856000,14:10:56.000,20260303-AP605-00659,,AP605,target_sell,sell,10536.0,1,304,ack,,FLAT_QUOTING
20260303,61865000,14:11:05.000,20260303-AP605-00658,,AP605,target_buy,buy,10052.0,1,304,cancel_requested,fair_invalid_or_session_guard,PAUSED
20260303,61865000,14:11:05.000,20260303-AP605-00659,,AP605,target_sell,sell,10536.0,1,304,cancel_requested,fair_invalid_or_session_guard,PAUSED
20260303,61866000,14:11:06.000,20260303-AP605-00658,,AP605,target_buy,buy,10052.0,1,304,cancel_ack,fair_invalid_or_session_guard,PAUSED
20260303,61866000,14:11:06.000,20260303-AP605-00659,,AP605,target_sell,sell,10536.0,1,304,cancel_ack,fair_invalid_or_session_guard,PAUSED
20260303,61867000,14:11:07.000,20260303-AP605-00660,,AP605,target_buy,buy,10057.0,1,305,submit,initial_quote,FLAT_QUOTING
20260303,61867000,14:11:07.000,20260303-AP605-00661,,AP605,target_sell,sell,10541.0,1,305,submit,initial_quote,FLAT_QUOTING
20260303,61868000,14:11:08.000,20260303-AP605-00660,,AP605,target_buy,buy,10057.0,1,305,ack,,FLAT_QUOTING
20260303,61868000,14:11:08.000,20260303-AP605-00661,,AP605,target_sell,sell,10541.0,1,305,ack,,FLAT_QUOTING
20260303,61884000,14:11:24.000,20260303-AP605-00660,,AP605,target_buy,buy,10057.0,1,305,cancel_requested,fair_invalid_or_session_guard,PAUSED
20260303,61884000,14:11:24.000,20260303-AP605-00661,,AP605,target_sell,sell,10541.0,1,305,cancel_requested,fair_invalid_or_session_guard,PAUSED
20260303,61885000,14:11:25.000,20260303-AP605-00660,,AP605,target_buy,buy,10057.0,1,305,cancel_ack,fair_invalid_or_session_guard,PAUSED
20260303,61885000,14:11:25.000,20260303-AP605-00661,,AP605,target_sell,sell,10541.0,1,305,cancel_ack,fair_invalid_or_session_guard,PAUSED
20260303,61886000,14:11:26.000,20260303-AP605-00662,,AP605,target_buy,buy,10060.0,1,306,submit,initial_quote,FLAT_QUOTING
20260303,61886000,14:11:26.000,20260303-AP605-00663,,AP605,target_sell,sell,10544.0,1,306,submit,initial_quote,FLAT_QUOTING
20260303,61887000,14:11:27.000,20260303-AP605-00662,,AP605,target_buy,buy,10060.0,1,306,ack,,FLAT_QUOTING
20260303,61887000,14:11:27.000,20260303-AP605-00663,,AP605,target_sell,sell,10544.0,1,306,ack,,FLAT_QUOTING
20260303,61889000,14:11:29.000,20260303-AP605-00662,,AP605,target_buy,buy,10060.0,1,306,cancel_requested,fair_invalid_or_session_guard,PAUSED
20260303,61889000,14:11:29.000,20260303-AP605-00663,,AP605,target_sell,sell,10544.0,1,306,cancel_requested,fair_invalid_or_session_guard,PAUSED
20260303,61890000,14:11:30.000,20260303-AP605-00662,,AP605,target_buy,buy,10060.0,1,306,cancel_ack,fair_invalid_or_session_guard,PAUSED
20260303,61890000,14:11:30.000,20260303-AP605-00663,,AP605,target_sell,sell,10544.0,1,306,cancel_ack,fair_invalid_or_session_guard,PAUSED
20260303,61905000,14:11:45.000,20260303-AP605-00664,,AP605,target_buy,buy,10055.0,1,307,submit,initial_quote,FLAT_QUOTING
20260303,61905000,14:11:45.000,20260303-AP605-00665,,AP605,target_sell,sell,10539.0,1,307,submit,initial_quote,FLAT_QUOTING
20260303,61906000,14:11:46.000,20260303-AP605-00664,,AP605,target_buy,buy,10055.0,1,307,ack,,FLAT_QUOTING
20260303,61906000,14:11:46.000,20260303-AP605-00665,,AP605,target_sell,sell,10539.0,1,307,ack,,FLAT_QUOTING
20260303,61959000,14:12:39.000,20260303-AP605-00664,,AP605,target_buy,buy,10055.0,1,307,cancel_requested,fair_invalid_or_session_guard,PAUSED
20260303,61959000,14:12:39.000,20260303-AP605-00665,,AP605,target_sell,sell,10539.0,1,307,cancel_requested,fair_invalid_or_session_guard,PAUSED
20260303,61960000,14:12:40.000,20260303-AP605-00664,,AP605,target_buy,buy,10055.0,1,307,cancel_ack,fair_invalid_or_session_guard,PAUSED
20260303,61960000,14:12:40.000,20260303-AP605-00665,,AP605,target_sell,sell,10539.0,1,307,cancel_ack,fair_invalid_or_session_guard,PAUSED
20260303,61981000,14:13:01.000,20260303-AP605-00666,,AP605,target_buy,buy,10039.0,1,308,submit,initial_quote,FLAT_QUOTING
20260303,61981000,14:13:01.000,20260303-AP605-00667,,AP605,target_sell,sell,10523.0,1,308,submit,initial_quote,FLAT_QUOTING
20260303,61982000,14:13:02.000,20260303-AP605-00666,,AP605,target_buy,buy,10039.0,1,308,ack,,FLAT_QUOTING
20260303,61982000,14:13:02.000,20260303-AP605-00667,,AP605,target_sell,sell,10523.0,1,308,ack,,FLAT_QUOTING
20260303,61986000,14:13:06.000,20260303-AP605-00666,,AP605,target_buy,buy,10039.0,1,308,cancel_requested,fair_invalid_or_session_guard,PAUSED
20260303,61986000,14:13:06.000,20260303-AP605-00667,,AP605,target_sell,sell,10523.0,1,308,cancel_requested,fair_invalid_or_session_guard,PAUSED
20260303,61987000,14:13:07.000,20260303-AP605-00666,,AP605,target_buy,buy,10039.0,1,308,cancel_ack,fair_invalid_or_session_guard,PAUSED
20260303,61987000,14:13:07.000,20260303-AP605-00667,,AP605,target_sell,sell,10523.0,1,308,cancel_ack,fair_invalid_or_session_guard,PAUSED
20260303,62000000,14:13:20.000,20260303-AP605-00668,,AP605,target_buy,buy,10023.0,1,309,submit,initial_quote,FLAT_QUOTING
20260303,62000000,14:13:20.000,20260303-AP605-00669,,AP605,target_sell,sell,10507.0,1,309,submit,initial_quote,FLAT_QUOTING
20260303,62001000,14:13:21.000,20260303-AP605-00668,,AP605,target_buy,buy,10023.0,1,309,ack,,FLAT_QUOTING
20260303,62001000,14:13:21.000,20260303-AP605-00669,,AP605,target_sell,sell,10507.0,1,309,ack,,FLAT_QUOTING
20260303,62002000,14:13:22.000,20260303-AP605-00668,,AP605,target_buy,buy,10023.0,1,309,cancel_requested,fair_invalid_or_session_guard,PAUSED
20260303,62002000,14:13:22.000,20260303-AP605-00669,,AP605,target_sell,sell,10507.0,1,309,cancel_requested,fair_invalid_or_session_guard,PAUSED
20260303,62003000,14:13:23.000,20260303-AP605-00668,,AP605,target_buy,buy,10023.0,1,309,cancel_ack,fair_invalid_or_session_guard,PAUSED
20260303,62003000,14:13:23.000,20260303-AP605-00669,,AP605,target_sell,sell,10507.0,1,309,cancel_ack,fair_invalid_or_session_guard,PAUSED
20260303,62019000,14:13:39.000,20260303-AP605-00670,,AP605,target_buy,buy,10020.0,1,310,submit,initial_quote,FLAT_QUOTING
20260303,62019000,14:13:39.000,20260303-AP605-00671,,AP605,target_sell,sell,10504.0,1,310,submit,initial_quote,FLAT_QUOTING
20260303,62020000,14:13:40.000,20260303-AP605-00670,,AP605,target_buy,buy,10020.0,1,310,ack,,FLAT_QUOTING
20260303,62020000,14:13:40.000,20260303-AP605-00671,,AP605,target_sell,sell,10504.0,1,310,ack,,FLAT_QUOTING
20260303,62025000,14:13:45.000,20260303-AP605-00670,,AP605,target_buy,buy,10020.0,1,310,cancel_requested,fair_invalid_or_session_guard,PAUSED
20260303,62025000,14:13:45.000,20260303-AP605-00671,,AP605,target_sell,sell,10504.0,1,310,cancel_requested,fair_invalid_or_session_guard,PAUSED
20260303,62026000,14:13:46.000,20260303-AP605-00670,,AP605,target_buy,buy,10020.0,1,310,cancel_ack,fair_invalid_or_session_guard,PAUSED
20260303,62026000,14:13:46.000,20260303-AP605-00671,,AP605,target_sell,sell,10504.0,1,310,cancel_ack,fair_invalid_or_session_guard,PAUSED
20260303,62041000,14:14:01.000,20260303-AP605-00672,,AP605,target_buy,buy,10018.0,1,311,submit,initial_quote,FLAT_QUOTING
20260303,62041000,14:14:01.000,20260303-AP605-00673,,AP605,target_sell,sell,10502.0,1,311,submit,initial_quote,FLAT_QUOTING
20260303,62042000,14:14:02.000,20260303-AP605-00672,,AP605,target_buy,buy,10018.0,1,311,ack,,FLAT_QUOTING
20260303,62042000,14:14:02.000,20260303-AP605-00673,,AP605,target_sell,sell,10502.0,1,311,ack,,FLAT_QUOTING
20260303,62071000,14:14:31.000,20260303-AP605-00672,,AP605,target_buy,buy,10018.0,1,311,cancel_requested,fair_invalid_or_session_guard,PAUSED
20260303,62071000,14:14:31.000,20260303-AP605-00673,,AP605,target_sell,sell,10502.0,1,311,cancel_requested,fair_invalid_or_session_guard,PAUSED
20260303,62072000,14:14:32.000,20260303-AP605-00672,,AP605,target_buy,buy,10018.0,1,311,cancel_ack,fair_invalid_or_session_guard,PAUSED
20260303,62072000,14:14:32.000,20260303-AP605-00673,,AP605,target_sell,sell,10502.0,1,311,cancel_ack,fair_invalid_or_session_guard,PAUSED
20260303,62074000,14:14:34.000,20260303-AP605-00674,,AP605,target_buy,buy,10002.0,1,312,submit,initial_quote,FLAT_QUOTING
20260303,62074000,14:14:34.000,20260303-AP605-00675,,AP605,target_sell,sell,10486.0,1,312,submit,initial_quote,FLAT_QUOTING
20260303,62075000,14:14:35.000,20260303-AP605-00674,,AP605,target_buy,buy,10002.0,1,312,ack,,FLAT_QUOTING
20260303,62075000,14:14:35.000,20260303-AP605-00675,,AP605,target_sell,sell,10486.0,1,312,ack,,FLAT_QUOTING
20260303,62162000,14:16:02.000,20260303-AP605-00674,,AP605,target_buy,buy,10002.0,1,312,cancel_requested,fair_invalid_or_session_guard,PAUSED
20260303,62162000,14:16:02.000,20260303-AP605-00675,,AP605,target_sell,sell,10486.0,1,312,cancel_requested,fair_invalid_or_session_guard,PAUSED
20260303,62163000,14:16:03.000,20260303-AP605-00674,,AP605,target_buy,buy,10002.0,1,312,cancel_ack,fair_invalid_or_session_guard,PAUSED
20260303,62163000,14:16:03.000,20260303-AP605-00675,,AP605,target_sell,sell,10486.0,1,312,cancel_ack,fair_invalid_or_session_guard,PAUSED
20260303,62166000,14:16:06.000,20260303-AP605-00676,,AP605,target_buy,buy,10018.0,1,313,submit,initial_quote,FLAT_QUOTING
20260303,62166000,14:16:06.000,20260303-AP605-00677,,AP605,target_sell,sell,10502.0,1,313,submit,initial_quote,FLAT_QUOTING
20260303,62167000,14:16:07.000,20260303-AP605-00676,,AP605,target_buy,buy,10018.0,1,313,ack,,FLAT_QUOTING
20260303,62167000,14:16:07.000,20260303-AP605-00677,,AP605,target_sell,sell,10502.0,1,313,ack,,FLAT_QUOTING
20260303,62168000,14:16:08.000,20260303-AP605-00676,,AP605,target_buy,buy,10018.0,1,313,cancel_requested,fair_invalid_or_session_guard,PAUSED
20260303,62168000,14:16:08.000,20260303-AP605-00677,,AP605,target_sell,sell,10502.0,1,313,cancel_requested,fair_invalid_or_session_guard,PAUSED
20260303,62169000,14:16:09.000,20260303-AP605-00676,,AP605,target_buy,buy,10018.0,1,313,cancel_ack,fair_invalid_or_session_guard,PAUSED
20260303,62169000,14:16:09.000,20260303-AP605-00677,,AP605,target_sell,sell,10502.0,1,313,cancel_ack,fair_invalid_or_session_guard,PAUSED
20260303,62170000,14:16:10.000,20260303-AP605-00678,,AP605,target_buy,buy,10014.0,1,314,submit,initial_quote,FLAT_QUOTING
20260303,62170000,14:16:10.000,20260303-AP605-00679,,AP605,target_sell,sell,10498.0,1,314,submit,initial_quote,FLAT_QUOTING
20260303,62171000,14:16:11.000,20260303-AP605-00678,,AP605,target_buy,buy,10014.0,1,314,ack,,FLAT_QUOTING
20260303,62171000,14:16:11.000,20260303-AP605-00679,,AP605,target_sell,sell,10498.0,1,314,ack,,FLAT_QUOTING
20260303,62172000,14:16:12.000,20260303-AP605-00678,,AP605,target_buy,buy,10014.0,1,314,cancel_requested,fair_invalid_or_session_guard,PAUSED
20260303,62172000,14:16:12.000,20260303-AP605-00679,,AP605,target_sell,sell,10498.0,1,314,cancel_requested,fair_invalid_or_session_guard,PAUSED
20260303,62173000,14:16:13.000,20260303-AP605-00678,,AP605,target_buy,buy,10014.0,1,314,cancel_ack,fair_invalid_or_session_guard,PAUSED
20260303,62173000,14:16:13.000,20260303-AP605-00679,,AP605,target_sell,sell,10498.0,1,314,cancel_ack,fair_invalid_or_session_guard,PAUSED
20260303,62180000,14:16:20.000,20260303-AP605-00680,,AP605,target_buy,buy,10009.0,1,315,submit,initial_quote,FLAT_QUOTING
20260303,62180000,14:16:20.000,20260303-AP605-00681,,AP605,target_sell,sell,10493.0,1,315,submit,initial_quote,FLAT_QUOTING
20260303,62181000,14:16:21.000,20260303-AP605-00680,,AP605,target_buy,buy,10009.0,1,315,ack,,FLAT_QUOTING
20260303,62181000,14:16:21.000,20260303-AP605-00681,,AP605,target_sell,sell,10493.0,1,315,ack,,FLAT_QUOTING
20260303,62193000,14:16:33.000,20260303-AP605-00680,,AP605,target_buy,buy,10009.0,1,315,cancel_requested,fair_invalid_or_session_guard,PAUSED
20260303,62193000,14:16:33.000,20260303-AP605-00681,,AP605,target_sell,sell,10493.0,1,315,cancel_requested,fair_invalid_or_session_guard,PAUSED
20260303,62194000,14:16:34.000,20260303-AP605-00680,,AP605,target_buy,buy,10009.0,1,315,cancel_ack,fair_invalid_or_session_guard,PAUSED
20260303,62194000,14:16:34.000,20260303-AP605-00681,,AP605,target_sell,sell,10493.0,1,315,cancel_ack,fair_invalid_or_session_guard,PAUSED
20260303,62223000,14:17:03.000,20260303-AP605-00682,,AP605,target_buy,buy,10012.0,1,316,submit,initial_quote,FLAT_QUOTING
20260303,62223000,14:17:03.000,20260303-AP605-00683,,AP605,target_sell,sell,10496.0,1,316,submit,initial_quote,FLAT_QUOTING
20260303,62224000,14:17:04.000,20260303-AP605-00682,,AP605,target_buy,buy,10012.0,1,316,ack,,FLAT_QUOTING
20260303,62224000,14:17:04.000,20260303-AP605-00683,,AP605,target_sell,sell,10496.0,1,316,ack,,FLAT_QUOTING
20260303,62257000,14:17:37.000,20260303-AP605-00682,,AP605,target_buy,buy,10012.0,1,316,cancel_requested,fair_invalid_or_session_guard,PAUSED
20260303,62257000,14:17:37.000,20260303-AP605-00683,,AP605,target_sell,sell,10496.0,1,316,cancel_requested,fair_invalid_or_session_guard,PAUSED
20260303,62258000,14:17:38.000,20260303-AP605-00682,,AP605,target_buy,buy,10012.0,1,316,cancel_ack,fair_invalid_or_session_guard,PAUSED
20260303,62258000,14:17:38.000,20260303-AP605-00683,,AP605,target_sell,sell,10496.0,1,316,cancel_ack,fair_invalid_or_session_guard,PAUSED
20260303,62261000,14:17:41.000,20260303-AP605-00684,,AP605,target_buy,buy,10002.0,1,317,submit,initial_quote,FLAT_QUOTING
20260303,62261000,14:17:41.000,20260303-AP605-00685,,AP605,target_sell,sell,10486.0,1,317,submit,initial_quote,FLAT_QUOTING
20260303,62262000,14:17:42.000,20260303-AP605-00684,,AP605,target_buy,buy,10002.0,1,317,ack,,FLAT_QUOTING
20260303,62262000,14:17:42.000,20260303-AP605-00685,,AP605,target_sell,sell,10486.0,1,317,ack,,FLAT_QUOTING
20260303,62268000,14:17:48.000,20260303-AP605-00684,,AP605,target_buy,buy,10002.0,1,317,cancel_requested,fair_invalid_or_session_guard,PAUSED
20260303,62268000,14:17:48.000,20260303-AP605-00685,,AP605,target_sell,sell,10486.0,1,317,cancel_requested,fair_invalid_or_session_guard,PAUSED
20260303,62269000,14:17:49.000,20260303-AP605-00684,,AP605,target_buy,buy,10002.0,1,317,cancel_ack,fair_invalid_or_session_guard,PAUSED
20260303,62269000,14:17:49.000,20260303-AP605-00685,,AP605,target_sell,sell,10486.0,1,317,cancel_ack,fair_invalid_or_session_guard,PAUSED
20260303,62270000,14:17:50.000,20260303-AP605-00686,,AP605,target_buy,buy,9996.0,1,318,submit,initial_quote,FLAT_QUOTING
20260303,62270000,14:17:50.000,20260303-AP605-00687,,AP605,target_sell,sell,10480.0,1,318,submit,initial_quote,FLAT_QUOTING
20260303,62271000,14:17:51.000,20260303-AP605-00686,,AP605,target_buy,buy,9996.0,1,318,ack,,FLAT_QUOTING
20260303,62271000,14:17:51.000,20260303-AP605-00687,,AP605,target_sell,sell,10480.0,1,318,ack,,FLAT_QUOTING
20260303,62342000,14:19:02.000,20260303-AP605-00686,,AP605,target_buy,buy,9996.0,1,318,cancel_requested,fair_invalid_or_session_guard,PAUSED
20260303,62342000,14:19:02.000,20260303-AP605-00687,,AP605,target_sell,sell,10480.0,1,318,cancel_requested,fair_invalid_or_session_guard,PAUSED
20260303,62343000,14:19:03.000,20260303-AP605-00686,,AP605,target_buy,buy,9996.0,1,318,cancel_ack,fair_invalid_or_session_guard,PAUSED
20260303,62343000,14:19:03.000,20260303-AP605-00687,,AP605,target_sell,sell,10480.0,1,318,cancel_ack,fair_invalid_or_session_guard,PAUSED
20260303,62344000,14:19:04.000,20260303-AP605-00688,,AP605,target_buy,buy,10005.0,1,319,submit,initial_quote,FLAT_QUOTING
20260303,62344000,14:19:04.000,20260303-AP605-00689,,AP605,target_sell,sell,10489.0,1,319,submit,initial_quote,FLAT_QUOTING
20260303,62345000,14:19:05.000,20260303-AP605-00688,,AP605,target_buy,buy,10005.0,1,319,ack,,FLAT_QUOTING
20260303,62345000,14:19:05.000,20260303-AP605-00689,,AP605,target_sell,sell,10489.0,1,319,ack,,FLAT_QUOTING
20260303,62373000,14:19:33.000,20260303-AP605-00688,,AP605,target_buy,buy,10005.0,1,319,cancel_requested,fair_invalid_or_session_guard,PAUSED
20260303,62373000,14:19:33.000,20260303-AP605-00689,,AP605,target_sell,sell,10489.0,1,319,cancel_requested,fair_invalid_or_session_guard,PAUSED
20260303,62374000,14:19:34.000,20260303-AP605-00688,,AP605,target_buy,buy,10005.0,1,319,cancel_ack,fair_invalid_or_session_guard,PAUSED
20260303,62374000,14:19:34.000,20260303-AP605-00689,,AP605,target_sell,sell,10489.0,1,319,cancel_ack,fair_invalid_or_session_guard,PAUSED
20260303,62380000,14:19:40.000,20260303-AP605-00690,,AP605,target_buy,buy,9988.0,1,320,submit,initial_quote,FLAT_QUOTING
20260303,62380000,14:19:40.000,20260303-AP605-00691,,AP605,target_sell,sell,10472.0,1,320,submit,initial_quote,FLAT_QUOTING
20260303,62381000,14:19:41.000,20260303-AP605-00690,,AP605,target_buy,buy,9988.0,1,320,ack,,FLAT_QUOTING
20260303,62381000,14:19:41.000,20260303-AP605-00691,,AP605,target_sell,sell,10472.0,1,320,ack,,FLAT_QUOTING
20260303,62386000,14:19:46.000,20260303-AP605-00690,,AP605,target_buy,buy,9988.0,1,320,cancel_requested,fair_invalid_or_session_guard,PAUSED
20260303,62386000,14:19:46.000,20260303-AP605-00691,,AP605,target_sell,sell,10472.0,1,320,cancel_requested,fair_invalid_or_session_guard,PAUSED
20260303,62387000,14:19:47.000,20260303-AP605-00690,,AP605,target_buy,buy,9988.0,1,320,cancel_ack,fair_invalid_or_session_guard,PAUSED
20260303,62387000,14:19:47.000,20260303-AP605-00691,,AP605,target_sell,sell,10472.0,1,320,cancel_ack,fair_invalid_or_session_guard,PAUSED
20260303,62904000,14:28:24.000,20260303-AP605-00692,,AP605,target_buy,buy,9945.0,1,321,submit,initial_quote,FLAT_QUOTING
20260303,62904000,14:28:24.000,20260303-AP605-00693,,AP605,target_sell,sell,10429.0,1,321,submit,initial_quote,FLAT_QUOTING
20260303,62905000,14:28:25.000,20260303-AP605-00692,,AP605,target_buy,buy,9945.0,1,321,ack,,FLAT_QUOTING
20260303,62905000,14:28:25.000,20260303-AP605-00693,,AP605,target_sell,sell,10429.0,1,321,ack,,FLAT_QUOTING
20260303,62921000,14:28:41.000,20260303-AP605-00692,,AP605,target_buy,buy,9945.0,1,321,cancel_requested,fair_invalid_or_session_guard,PAUSED
20260303,62921000,14:28:41.000,20260303-AP605-00693,,AP605,target_sell,sell,10429.0,1,321,cancel_requested,fair_invalid_or_session_guard,PAUSED
20260303,62922000,14:28:42.000,20260303-AP605-00692,,AP605,target_buy,buy,9945.0,1,321,cancel_ack,fair_invalid_or_session_guard,PAUSED
20260303,62922000,14:28:42.000,20260303-AP605-00693,,AP605,target_sell,sell,10429.0,1,321,cancel_ack,fair_invalid_or_session_guard,PAUSED
20260303,62923000,14:28:43.000,20260303-AP605-00694,,AP605,target_buy,buy,9963.0,1,322,submit,initial_quote,FLAT_QUOTING
20260303,62923000,14:28:43.000,20260303-AP605-00695,,AP605,target_sell,sell,10447.0,1,322,submit,initial_quote,FLAT_QUOTING
20260303,62924000,14:28:44.000,20260303-AP605-00694,,AP605,target_buy,buy,9963.0,1,322,ack,,FLAT_QUOTING
20260303,62924000,14:28:44.000,20260303-AP605-00695,,AP605,target_sell,sell,10447.0,1,322,ack,,FLAT_QUOTING
20260303,62956000,14:29:16.000,20260303-AP605-00694,,AP605,target_buy,buy,9963.0,1,322,cancel_requested,fair_invalid_or_session_guard,PAUSED
20260303,62956000,14:29:16.000,20260303-AP605-00695,,AP605,target_sell,sell,10447.0,1,322,cancel_requested,fair_invalid_or_session_guard,PAUSED
20260303,62957000,14:29:17.000,20260303-AP605-00694,,AP605,target_buy,buy,9963.0,1,322,cancel_ack,fair_invalid_or_session_guard,PAUSED
20260303,62957000,14:29:17.000,20260303-AP605-00695,,AP605,target_sell,sell,10447.0,1,322,cancel_ack,fair_invalid_or_session_guard,PAUSED
20260303,62958000,14:29:18.000,20260303-AP605-00696,,AP605,target_buy,buy,9968.0,1,323,submit,initial_quote,FLAT_QUOTING
20260303,62958000,14:29:18.000,20260303-AP605-00697,,AP605,target_sell,sell,10452.0,1,323,submit,initial_quote,FLAT_QUOTING
20260303,62959000,14:29:19.000,20260303-AP605-00696,,AP605,target_buy,buy,9968.0,1,323,ack,,FLAT_QUOTING
20260303,62959000,14:29:19.000,20260303-AP605-00697,,AP605,target_sell,sell,10452.0,1,323,ack,,FLAT_QUOTING
20260303,63006000,14:30:06.000,20260303-AP605-00696,,AP605,target_buy,buy,9968.0,1,323,cancel_requested,fair_invalid_or_session_guard,PAUSED
20260303,63006000,14:30:06.000,20260303-AP605-00697,,AP605,target_sell,sell,10452.0,1,323,cancel_requested,fair_invalid_or_session_guard,PAUSED
20260303,63007000,14:30:07.000,20260303-AP605-00696,,AP605,target_buy,buy,9968.0,1,323,cancel_ack,fair_invalid_or_session_guard,PAUSED
20260303,63007000,14:30:07.000,20260303-AP605-00697,,AP605,target_sell,sell,10452.0,1,323,cancel_ack,fair_invalid_or_session_guard,PAUSED
20260303,63067000,14:31:07.000,20260303-AP605-00698,,AP605,target_buy,buy,9982.0,1,324,submit,initial_quote,FLAT_QUOTING
20260303,63067000,14:31:07.000,20260303-AP605-00699,,AP605,target_sell,sell,10466.0,1,324,submit,initial_quote,FLAT_QUOTING
20260303,63068000,14:31:08.000,20260303-AP605-00698,,AP605,target_buy,buy,9982.0,1,324,ack,,FLAT_QUOTING
20260303,63068000,14:31:08.000,20260303-AP605-00699,,AP605,target_sell,sell,10466.0,1,324,ack,,FLAT_QUOTING
20260303,63110000,14:31:50.000,20260303-AP605-00698,,AP605,target_buy,buy,9982.0,1,324,cancel_requested,fair_invalid_or_session_guard,PAUSED
20260303,63110000,14:31:50.000,20260303-AP605-00699,,AP605,target_sell,sell,10466.0,1,324,cancel_requested,fair_invalid_or_session_guard,PAUSED
20260303,63111000,14:31:51.000,20260303-AP605-00698,,AP605,target_buy,buy,9982.0,1,324,cancel_ack,fair_invalid_or_session_guard,PAUSED
20260303,63111000,14:31:51.000,20260303-AP605-00699,,AP605,target_sell,sell,10466.0,1,324,cancel_ack,fair_invalid_or_session_guard,PAUSED
20260303,63113000,14:31:53.000,20260303-AP605-00700,,AP605,target_buy,buy,9974.0,1,325,submit,initial_quote,FLAT_QUOTING
20260303,63113000,14:31:53.000,20260303-AP605-00701,,AP605,target_sell,sell,10458.0,1,325,submit,initial_quote,FLAT_QUOTING
20260303,63114000,14:31:54.000,20260303-AP605-00700,,AP605,target_buy,buy,9974.0,1,325,ack,,FLAT_QUOTING
20260303,63114000,14:31:54.000,20260303-AP605-00701,,AP605,target_sell,sell,10458.0,1,325,ack,,FLAT_QUOTING
20260303,63120000,14:32:00.000,20260303-AP605-00700,,AP605,target_buy,buy,9974.0,1,325,cancel_requested,fair_invalid_or_session_guard,PAUSED
20260303,63120000,14:32:00.000,20260303-AP605-00701,,AP605,target_sell,sell,10458.0,1,325,cancel_requested,fair_invalid_or_session_guard,PAUSED
20260303,63121000,14:32:01.000,20260303-AP605-00700,,AP605,target_buy,buy,9974.0,1,325,cancel_ack,fair_invalid_or_session_guard,PAUSED
20260303,63121000,14:32:01.000,20260303-AP605-00701,,AP605,target_sell,sell,10458.0,1,325,cancel_ack,fair_invalid_or_session_guard,PAUSED
20260303,63122000,14:32:02.000,20260303-AP605-00702,,AP605,target_buy,buy,9973.0,1,326,submit,initial_quote,FLAT_QUOTING
20260303,63122000,14:32:02.000,20260303-AP605-00703,,AP605,target_sell,sell,10457.0,1,326,submit,initial_quote,FLAT_QUOTING
20260303,63123000,14:32:03.000,20260303-AP605-00702,,AP605,target_buy,buy,9973.0,1,326,ack,,FLAT_QUOTING
20260303,63123000,14:32:03.000,20260303-AP605-00703,,AP605,target_sell,sell,10457.0,1,326,ack,,FLAT_QUOTING
20260303,63144000,14:32:24.000,20260303-AP605-00702,,AP605,target_buy,buy,9973.0,1,326,cancel_requested,fair_invalid_or_session_guard,PAUSED
20260303,63144000,14:32:24.000,20260303-AP605-00703,,AP605,target_sell,sell,10457.0,1,326,cancel_requested,fair_invalid_or_session_guard,PAUSED
20260303,63145000,14:32:25.000,20260303-AP605-00702,,AP605,target_buy,buy,9973.0,1,326,cancel_ack,fair_invalid_or_session_guard,PAUSED
20260303,63145000,14:32:25.000,20260303-AP605-00703,,AP605,target_sell,sell,10457.0,1,326,cancel_ack,fair_invalid_or_session_guard,PAUSED
20260303,63147000,14:32:27.000,20260303-AP605-00704,,AP605,target_buy,buy,9988.0,1,327,submit,initial_quote,FLAT_QUOTING
20260303,63147000,14:32:27.000,20260303-AP605-00705,,AP605,target_sell,sell,10472.0,1,327,submit,initial_quote,FLAT_QUOTING
20260303,63148000,14:32:28.000,20260303-AP605-00704,,AP605,target_buy,buy,9988.0,1,327,ack,,FLAT_QUOTING
20260303,63148000,14:32:28.000,20260303-AP605-00705,,AP605,target_sell,sell,10472.0,1,327,ack,,FLAT_QUOTING
20260303,63161000,14:32:41.000,20260303-AP605-00704,,AP605,target_buy,buy,9988.0,1,327,cancel_requested,fair_invalid_or_session_guard,PAUSED
20260303,63161000,14:32:41.000,20260303-AP605-00705,,AP605,target_sell,sell,10472.0,1,327,cancel_requested,fair_invalid_or_session_guard,PAUSED
20260303,63162000,14:32:42.000,20260303-AP605-00704,,AP605,target_buy,buy,9988.0,1,327,cancel_ack,fair_invalid_or_session_guard,PAUSED
20260303,63162000,14:32:42.000,20260303-AP605-00705,,AP605,target_sell,sell,10472.0,1,327,cancel_ack,fair_invalid_or_session_guard,PAUSED
20260303,63164000,14:32:44.000,20260303-AP605-00706,,AP605,target_buy,buy,9988.0,1,328,submit,initial_quote,FLAT_QUOTING
20260303,63164000,14:32:44.000,20260303-AP605-00707,,AP605,target_sell,sell,10472.0,1,328,submit,initial_quote,FLAT_QUOTING
20260303,63165000,14:32:45.000,20260303-AP605-00706,,AP605,target_buy,buy,9988.0,1,328,ack,,FLAT_QUOTING
20260303,63165000,14:32:45.000,20260303-AP605-00707,,AP605,target_sell,sell,10472.0,1,328,ack,,FLAT_QUOTING
20260303,63172000,14:32:52.000,20260303-AP605-00706,,AP605,target_buy,buy,9988.0,1,328,cancel_requested,fair_invalid_or_session_guard,PAUSED
20260303,63172000,14:32:52.000,20260303-AP605-00707,,AP605,target_sell,sell,10472.0,1,328,cancel_requested,fair_invalid_or_session_guard,PAUSED
20260303,63173000,14:32:53.000,20260303-AP605-00706,,AP605,target_buy,buy,9988.0,1,328,cancel_ack,fair_invalid_or_session_guard,PAUSED
20260303,63173000,14:32:53.000,20260303-AP605-00707,,AP605,target_sell,sell,10472.0,1,328,cancel_ack,fair_invalid_or_session_guard,PAUSED
20260303,63176000,14:32:56.000,20260303-AP605-00708,,AP605,target_buy,buy,9988.0,1,329,submit,initial_quote,FLAT_QUOTING
20260303,63176000,14:32:56.000,20260303-AP605-00709,,AP605,target_sell,sell,10472.0,1,329,submit,initial_quote,FLAT_QUOTING
20260303,63177000,14:32:57.000,20260303-AP605-00708,,AP605,target_buy,buy,9988.0,1,329,ack,,FLAT_QUOTING
20260303,63177000,14:32:57.000,20260303-AP605-00709,,AP605,target_sell,sell,10472.0,1,329,ack,,FLAT_QUOTING
20260303,63192000,14:33:12.000,20260303-AP605-00708,,AP605,target_buy,buy,9988.0,1,329,cancel_requested,fair_invalid_or_session_guard,PAUSED
20260303,63192000,14:33:12.000,20260303-AP605-00709,,AP605,target_sell,sell,10472.0,1,329,cancel_requested,fair_invalid_or_session_guard,PAUSED
20260303,63193000,14:33:13.000,20260303-AP605-00708,,AP605,target_buy,buy,9988.0,1,329,cancel_ack,fair_invalid_or_session_guard,PAUSED
20260303,63193000,14:33:13.000,20260303-AP605-00709,,AP605,target_sell,sell,10472.0,1,329,cancel_ack,fair_invalid_or_session_guard,PAUSED
20260303,63194000,14:33:14.000,20260303-AP605-00710,,AP605,target_buy,buy,9986.0,1,330,submit,initial_quote,FLAT_QUOTING
20260303,63194000,14:33:14.000,20260303-AP605-00711,,AP605,target_sell,sell,10470.0,1,330,submit,initial_quote,FLAT_QUOTING
20260303,63195000,14:33:15.000,20260303-AP605-00710,,AP605,target_buy,buy,9986.0,1,330,ack,,FLAT_QUOTING
20260303,63195000,14:33:15.000,20260303-AP605-00711,,AP605,target_sell,sell,10470.0,1,330,ack,,FLAT_QUOTING
20260303,63211000,14:33:31.000,20260303-AP605-00710,,AP605,target_buy,buy,9986.0,1,330,cancel_requested,fair_invalid_or_session_guard,PAUSED
20260303,63211000,14:33:31.000,20260303-AP605-00711,,AP605,target_sell,sell,10470.0,1,330,cancel_requested,fair_invalid_or_session_guard,PAUSED
20260303,63212000,14:33:32.000,20260303-AP605-00710,,AP605,target_buy,buy,9986.0,1,330,cancel_ack,fair_invalid_or_session_guard,PAUSED
20260303,63212000,14:33:32.000,20260303-AP605-00711,,AP605,target_sell,sell,10470.0,1,330,cancel_ack,fair_invalid_or_session_guard,PAUSED
20260303,63223000,14:33:43.000,20260303-AP605-00712,,AP605,target_buy,buy,9989.0,1,331,submit,initial_quote,FLAT_QUOTING
20260303,63223000,14:33:43.000,20260303-AP605-00713,,AP605,target_sell,sell,10473.0,1,331,submit,initial_quote,FLAT_QUOTING
20260303,63225000,14:33:45.000,20260303-AP605-00712,,AP605,target_buy,buy,9989.0,1,331,ack,,FLAT_QUOTING
20260303,63225000,14:33:45.000,20260303-AP605-00713,,AP605,target_sell,sell,10473.0,1,331,ack,,FLAT_QUOTING
20260303,63251000,14:34:11.000,20260303-AP605-00712,,AP605,target_buy,buy,9989.0,1,331,cancel_requested,fair_invalid_or_session_guard,PAUSED
20260303,63251000,14:34:11.000,20260303-AP605-00713,,AP605,target_sell,sell,10473.0,1,331,cancel_requested,fair_invalid_or_session_guard,PAUSED
20260303,63252000,14:34:12.000,20260303-AP605-00712,,AP605,target_buy,buy,9989.0,1,331,cancel_ack,fair_invalid_or_session_guard,PAUSED
20260303,63252000,14:34:12.000,20260303-AP605-00713,,AP605,target_sell,sell,10473.0,1,331,cancel_ack,fair_invalid_or_session_guard,PAUSED
20260303,63254000,14:34:14.000,20260303-AP605-00714,,AP605,target_buy,buy,9985.0,1,332,submit,initial_quote,FLAT_QUOTING
20260303,63254000,14:34:14.000,20260303-AP605-00715,,AP605,target_sell,sell,10469.0,1,332,submit,initial_quote,FLAT_QUOTING
20260303,63255000,14:34:15.000,20260303-AP605-00714,,AP605,target_buy,buy,9985.0,1,332,ack,,FLAT_QUOTING
20260303,63255000,14:34:15.000,20260303-AP605-00715,,AP605,target_sell,sell,10469.0,1,332,ack,,FLAT_QUOTING
20260303,63258000,14:34:18.000,20260303-AP605-00714,,AP605,target_buy,buy,9985.0,1,332,cancel_requested,fair_invalid_or_session_guard,PAUSED
20260303,63258000,14:34:18.000,20260303-AP605-00715,,AP605,target_sell,sell,10469.0,1,332,cancel_requested,fair_invalid_or_session_guard,PAUSED
20260303,63259000,14:34:19.000,20260303-AP605-00714,,AP605,target_buy,buy,9985.0,1,332,cancel_ack,fair_invalid_or_session_guard,PAUSED
20260303,63259000,14:34:19.000,20260303-AP605-00715,,AP605,target_sell,sell,10469.0,1,332,cancel_ack,fair_invalid_or_session_guard,PAUSED
20260303,63262000,14:34:22.000,20260303-AP605-00716,,AP605,target_buy,buy,9987.0,1,333,submit,initial_quote,FLAT_QUOTING
20260303,63262000,14:34:22.000,20260303-AP605-00717,,AP605,target_sell,sell,10471.0,1,333,submit,initial_quote,FLAT_QUOTING
20260303,63263000,14:34:23.000,20260303-AP605-00716,,AP605,target_buy,buy,9987.0,1,333,ack,,FLAT_QUOTING
20260303,63263000,14:34:23.000,20260303-AP605-00717,,AP605,target_sell,sell,10471.0,1,333,ack,,FLAT_QUOTING
20260303,63296000,14:34:56.000,20260303-AP605-00716,,AP605,target_buy,buy,9987.0,1,333,cancel_requested,fair_invalid_or_session_guard,PAUSED
20260303,63296000,14:34:56.000,20260303-AP605-00717,,AP605,target_sell,sell,10471.0,1,333,cancel_requested,fair_invalid_or_session_guard,PAUSED
20260303,63297000,14:34:57.000,20260303-AP605-00716,,AP605,target_buy,buy,9987.0,1,333,cancel_ack,fair_invalid_or_session_guard,PAUSED
20260303,63297000,14:34:57.000,20260303-AP605-00717,,AP605,target_sell,sell,10471.0,1,333,cancel_ack,fair_invalid_or_session_guard,PAUSED
20260303,63298000,14:34:58.000,20260303-AP605-00718,,AP605,target_buy,buy,9985.0,1,334,submit,initial_quote,FLAT_QUOTING
20260303,63298000,14:34:58.000,20260303-AP605-00719,,AP605,target_sell,sell,10469.0,1,334,submit,initial_quote,FLAT_QUOTING
20260303,63299000,14:34:59.000,20260303-AP605-00718,,AP605,target_buy,buy,9985.0,1,334,ack,,FLAT_QUOTING
20260303,63299000,14:34:59.000,20260303-AP605-00719,,AP605,target_sell,sell,10469.0,1,334,ack,,FLAT_QUOTING
20260303,63329000,14:35:29.000,20260303-AP605-00718,,AP605,target_buy,buy,9985.0,1,334,cancel_requested,fair_invalid_or_session_guard,PAUSED
20260303,63329000,14:35:29.000,20260303-AP605-00719,,AP605,target_sell,sell,10469.0,1,334,cancel_requested,fair_invalid_or_session_guard,PAUSED
20260303,63330000,14:35:30.000,20260303-AP605-00718,,AP605,target_buy,buy,9985.0,1,334,cancel_ack,fair_invalid_or_session_guard,PAUSED
20260303,63330000,14:35:30.000,20260303-AP605-00719,,AP605,target_sell,sell,10469.0,1,334,cancel_ack,fair_invalid_or_session_guard,PAUSED
20260303,63331000,14:35:31.000,20260303-AP605-00720,,AP605,target_buy,buy,9991.0,1,335,submit,initial_quote,FLAT_QUOTING
20260303,63331000,14:35:31.000,20260303-AP605-00721,,AP605,target_sell,sell,10475.0,1,335,submit,initial_quote,FLAT_QUOTING
20260303,63332000,14:35:32.000,20260303-AP605-00720,,AP605,target_buy,buy,9991.0,1,335,ack,,FLAT_QUOTING
20260303,63332000,14:35:32.000,20260303-AP605-00721,,AP605,target_sell,sell,10475.0,1,335,ack,,FLAT_QUOTING
20260303,63352000,14:35:52.000,20260303-AP605-00720,,AP605,target_buy,buy,9991.0,1,335,cancel_requested,fair_invalid_or_session_guard,PAUSED
20260303,63352000,14:35:52.000,20260303-AP605-00721,,AP605,target_sell,sell,10475.0,1,335,cancel_requested,fair_invalid_or_session_guard,PAUSED
20260303,63353000,14:35:53.000,20260303-AP605-00720,,AP605,target_buy,buy,9991.0,1,335,cancel_ack,fair_invalid_or_session_guard,PAUSED
20260303,63353000,14:35:53.000,20260303-AP605-00721,,AP605,target_sell,sell,10475.0,1,335,cancel_ack,fair_invalid_or_session_guard,PAUSED
20260303,63363000,14:36:03.000,20260303-AP605-00722,,AP605,target_buy,buy,9991.0,1,336,submit,initial_quote,FLAT_QUOTING
20260303,63363000,14:36:03.000,20260303-AP605-00723,,AP605,target_sell,sell,10475.0,1,336,submit,initial_quote,FLAT_QUOTING
20260303,63364000,14:36:04.000,20260303-AP605-00722,,AP605,target_buy,buy,9991.0,1,336,ack,,FLAT_QUOTING
20260303,63364000,14:36:04.000,20260303-AP605-00723,,AP605,target_sell,sell,10475.0,1,336,ack,,FLAT_QUOTING
20260303,63370000,14:36:10.000,20260303-AP605-00722,,AP605,target_buy,buy,9991.0,1,336,cancel_requested,fair_invalid_or_session_guard,PAUSED
20260303,63370000,14:36:10.000,20260303-AP605-00723,,AP605,target_sell,sell,10475.0,1,336,cancel_requested,fair_invalid_or_session_guard,PAUSED
20260303,63371000,14:36:11.000,20260303-AP605-00722,,AP605,target_buy,buy,9991.0,1,336,cancel_ack,fair_invalid_or_session_guard,PAUSED
20260303,63371000,14:36:11.000,20260303-AP605-00723,,AP605,target_sell,sell,10475.0,1,336,cancel_ack,fair_invalid_or_session_guard,PAUSED
20260303,63373000,14:36:13.000,20260303-AP605-00724,,AP605,target_buy,buy,9987.0,1,337,submit,initial_quote,FLAT_QUOTING
20260303,63373000,14:36:13.000,20260303-AP605-00725,,AP605,target_sell,sell,10471.0,1,337,submit,initial_quote,FLAT_QUOTING
20260303,63374000,14:36:14.000,20260303-AP605-00724,,AP605,target_buy,buy,9987.0,1,337,ack,,FLAT_QUOTING
20260303,63374000,14:36:14.000,20260303-AP605-00725,,AP605,target_sell,sell,10471.0,1,337,ack,,FLAT_QUOTING
20260303,63375000,14:36:15.000,20260303-AP605-00724,,AP605,target_buy,buy,9987.0,1,337,cancel_requested,fair_invalid_or_session_guard,PAUSED
20260303,63375000,14:36:15.000,20260303-AP605-00725,,AP605,target_sell,sell,10471.0,1,337,cancel_requested,fair_invalid_or_session_guard,PAUSED
20260303,63376000,14:36:16.000,20260303-AP605-00724,,AP605,target_buy,buy,9987.0,1,337,cancel_ack,fair_invalid_or_session_guard,PAUSED
20260303,63376000,14:36:16.000,20260303-AP605-00725,,AP605,target_sell,sell,10471.0,1,337,cancel_ack,fair_invalid_or_session_guard,PAUSED
20260303,63379000,14:36:19.000,20260303-AP605-00726,,AP605,target_buy,buy,9992.0,1,338,submit,initial_quote,FLAT_QUOTING
20260303,63379000,14:36:19.000,20260303-AP605-00727,,AP605,target_sell,sell,10476.0,1,338,submit,initial_quote,FLAT_QUOTING
20260303,63380000,14:36:20.000,20260303-AP605-00726,,AP605,target_buy,buy,9992.0,1,338,ack,,FLAT_QUOTING
20260303,63380000,14:36:20.000,20260303-AP605-00727,,AP605,target_sell,sell,10476.0,1,338,ack,,FLAT_QUOTING
20260303,63417000,14:36:57.000,20260303-AP605-00726,,AP605,target_buy,buy,9992.0,1,338,cancel_requested,fair_invalid_or_session_guard,PAUSED
20260303,63417000,14:36:57.000,20260303-AP605-00727,,AP605,target_sell,sell,10476.0,1,338,cancel_requested,fair_invalid_or_session_guard,PAUSED
20260303,63418000,14:36:58.000,20260303-AP605-00726,,AP605,target_buy,buy,9992.0,1,338,cancel_ack,fair_invalid_or_session_guard,PAUSED
20260303,63418000,14:36:58.000,20260303-AP605-00727,,AP605,target_sell,sell,10476.0,1,338,cancel_ack,fair_invalid_or_session_guard,PAUSED
20260303,63419000,14:36:59.000,20260303-AP605-00728,,AP605,target_buy,buy,9994.0,1,339,submit,initial_quote,FLAT_QUOTING
20260303,63419000,14:36:59.000,20260303-AP605-00729,,AP605,target_sell,sell,10478.0,1,339,submit,initial_quote,FLAT_QUOTING
20260303,63420000,14:37:00.000,20260303-AP605-00728,,AP605,target_buy,buy,9994.0,1,339,ack,,FLAT_QUOTING
20260303,63420000,14:37:00.000,20260303-AP605-00729,,AP605,target_sell,sell,10478.0,1,339,ack,,FLAT_QUOTING
20260303,63430000,14:37:10.000,20260303-AP605-00728,,AP605,target_buy,buy,9994.0,1,339,cancel_requested,fair_invalid_or_session_guard,PAUSED
20260303,63430000,14:37:10.000,20260303-AP605-00729,,AP605,target_sell,sell,10478.0,1,339,cancel_requested,fair_invalid_or_session_guard,PAUSED
20260303,63431000,14:37:11.000,20260303-AP605-00728,,AP605,target_buy,buy,9994.0,1,339,cancel_ack,fair_invalid_or_session_guard,PAUSED
20260303,63431000,14:37:11.000,20260303-AP605-00729,,AP605,target_sell,sell,10478.0,1,339,cancel_ack,fair_invalid_or_session_guard,PAUSED
20260303,63436000,14:37:16.000,20260303-AP605-00730,,AP605,target_buy,buy,9993.0,1,340,submit,initial_quote,FLAT_QUOTING
20260303,63436000,14:37:16.000,20260303-AP605-00731,,AP605,target_sell,sell,10477.0,1,340,submit,initial_quote,FLAT_QUOTING
20260303,63437000,14:37:17.000,20260303-AP605-00730,,AP605,target_buy,buy,9993.0,1,340,ack,,FLAT_QUOTING
20260303,63437000,14:37:17.000,20260303-AP605-00731,,AP605,target_sell,sell,10477.0,1,340,ack,,FLAT_QUOTING
20260303,63440000,14:37:20.000,20260303-AP605-00730,,AP605,target_buy,buy,9993.0,1,340,cancel_requested,fair_invalid_or_session_guard,PAUSED
20260303,63440000,14:37:20.000,20260303-AP605-00731,,AP605,target_sell,sell,10477.0,1,340,cancel_requested,fair_invalid_or_session_guard,PAUSED
20260303,63441000,14:37:21.000,20260303-AP605-00730,,AP605,target_buy,buy,9993.0,1,340,cancel_ack,fair_invalid_or_session_guard,PAUSED
20260303,63441000,14:37:21.000,20260303-AP605-00731,,AP605,target_sell,sell,10477.0,1,340,cancel_ack,fair_invalid_or_session_guard,PAUSED
20260303,63448000,14:37:28.000,20260303-AP605-00732,,AP605,target_buy,buy,9994.0,1,341,submit,initial_quote,FLAT_QUOTING
20260303,63448000,14:37:28.000,20260303-AP605-00733,,AP605,target_sell,sell,10478.0,1,341,submit,initial_quote,FLAT_QUOTING
20260303,63449000,14:37:29.000,20260303-AP605-00732,,AP605,target_buy,buy,9994.0,1,341,ack,,FLAT_QUOTING
20260303,63449000,14:37:29.000,20260303-AP605-00733,,AP605,target_sell,sell,10478.0,1,341,ack,,FLAT_QUOTING
20260303,63474000,14:37:54.000,20260303-AP605-00732,,AP605,target_buy,buy,9994.0,1,341,cancel_requested,fair_invalid_or_session_guard,PAUSED
20260303,63474000,14:37:54.000,20260303-AP605-00733,,AP605,target_sell,sell,10478.0,1,341,cancel_requested,fair_invalid_or_session_guard,PAUSED
20260303,63475000,14:37:55.000,20260303-AP605-00732,,AP605,target_buy,buy,9994.0,1,341,cancel_ack,fair_invalid_or_session_guard,PAUSED
20260303,63475000,14:37:55.000,20260303-AP605-00733,,AP605,target_sell,sell,10478.0,1,341,cancel_ack,fair_invalid_or_session_guard,PAUSED
20260303,63480000,14:38:00.000,20260303-AP605-00734,,AP605,target_buy,buy,9993.0,1,342,submit,initial_quote,FLAT_QUOTING
20260303,63480000,14:38:00.000,20260303-AP605-00735,,AP605,target_sell,sell,10477.0,1,342,submit,initial_quote,FLAT_QUOTING
20260303,63481000,14:38:01.000,20260303-AP605-00734,,AP605,target_buy,buy,9993.0,1,342,ack,,FLAT_QUOTING
20260303,63481000,14:38:01.000,20260303-AP605-00735,,AP605,target_sell,sell,10477.0,1,342,ack,,FLAT_QUOTING
20260303,63496000,14:38:16.000,20260303-AP605-00734,,AP605,target_buy,buy,9993.0,1,342,cancel_requested,fair_invalid_or_session_guard,PAUSED
20260303,63496000,14:38:16.000,20260303-AP605-00735,,AP605,target_sell,sell,10477.0,1,342,cancel_requested,fair_invalid_or_session_guard,PAUSED
20260303,63497000,14:38:17.000,20260303-AP605-00734,,AP605,target_buy,buy,9993.0,1,342,cancel_ack,fair_invalid_or_session_guard,PAUSED
20260303,63497000,14:38:17.000,20260303-AP605-00735,,AP605,target_sell,sell,10477.0,1,342,cancel_ack,fair_invalid_or_session_guard,PAUSED
20260303,63500000,14:38:20.000,20260303-AP605-00736,,AP605,target_buy,buy,9988.0,1,343,submit,initial_quote,FLAT_QUOTING
20260303,63500000,14:38:20.000,20260303-AP605-00737,,AP605,target_sell,sell,10472.0,1,343,submit,initial_quote,FLAT_QUOTING
20260303,63501000,14:38:21.000,20260303-AP605-00736,,AP605,target_buy,buy,9988.0,1,343,ack,,FLAT_QUOTING
20260303,63501000,14:38:21.000,20260303-AP605-00737,,AP605,target_sell,sell,10472.0,1,343,ack,,FLAT_QUOTING
20260303,63503000,14:38:23.000,20260303-AP605-00736,,AP605,target_buy,buy,9988.0,1,343,cancel_requested,fair_invalid_or_session_guard,PAUSED
20260303,63503000,14:38:23.000,20260303-AP605-00737,,AP605,target_sell,sell,10472.0,1,343,cancel_requested,fair_invalid_or_session_guard,PAUSED
20260303,63504000,14:38:24.000,20260303-AP605-00736,,AP605,target_buy,buy,9988.0,1,343,cancel_ack,fair_invalid_or_session_guard,PAUSED
20260303,63504000,14:38:24.000,20260303-AP605-00737,,AP605,target_sell,sell,10472.0,1,343,cancel_ack,fair_invalid_or_session_guard,PAUSED
20260303,63509000,14:38:29.000,20260303-AP605-00738,,AP605,target_buy,buy,9990.0,1,344,submit,initial_quote,FLAT_QUOTING
20260303,63509000,14:38:29.000,20260303-AP605-00739,,AP605,target_sell,sell,10474.0,1,344,submit,initial_quote,FLAT_QUOTING
20260303,63510000,14:38:30.000,20260303-AP605-00738,,AP605,target_buy,buy,9990.0,1,344,ack,,FLAT_QUOTING
20260303,63510000,14:38:30.000,20260303-AP605-00739,,AP605,target_sell,sell,10474.0,1,344,ack,,FLAT_QUOTING
20260303,63537000,14:38:57.000,20260303-AP605-00738,,AP605,target_buy,buy,9990.0,1,344,cancel_requested,fair_invalid_or_session_guard,PAUSED
20260303,63537000,14:38:57.000,20260303-AP605-00739,,AP605,target_sell,sell,10474.0,1,344,cancel_requested,fair_invalid_or_session_guard,PAUSED
20260303,63538000,14:38:58.000,20260303-AP605-00738,,AP605,target_buy,buy,9990.0,1,344,cancel_ack,fair_invalid_or_session_guard,PAUSED
20260303,63538000,14:38:58.000,20260303-AP605-00739,,AP605,target_sell,sell,10474.0,1,344,cancel_ack,fair_invalid_or_session_guard,PAUSED
20260303,63539000,14:38:59.000,20260303-AP605-00740,,AP605,target_buy,buy,9987.0,1,345,submit,initial_quote,FLAT_QUOTING
20260303,63539000,14:38:59.000,20260303-AP605-00741,,AP605,target_sell,sell,10471.0,1,345,submit,initial_quote,FLAT_QUOTING
20260303,63540000,14:39:00.000,20260303-AP605-00740,,AP605,target_buy,buy,9987.0,1,345,ack,,FLAT_QUOTING
20260303,63540000,14:39:00.000,20260303-AP605-00741,,AP605,target_sell,sell,10471.0,1,345,ack,,FLAT_QUOTING
20260303,63554000,14:39:14.000,20260303-AP605-00740,,AP605,target_buy,buy,9987.0,1,345,cancel_requested,fair_invalid_or_session_guard,PAUSED
20260303,63554000,14:39:14.000,20260303-AP605-00741,,AP605,target_sell,sell,10471.0,1,345,cancel_requested,fair_invalid_or_session_guard,PAUSED
20260303,63555000,14:39:15.000,20260303-AP605-00740,,AP605,target_buy,buy,9987.0,1,345,cancel_ack,fair_invalid_or_session_guard,PAUSED
20260303,63555000,14:39:15.000,20260303-AP605-00741,,AP605,target_sell,sell,10471.0,1,345,cancel_ack,fair_invalid_or_session_guard,PAUSED
20260303,63557000,14:39:17.000,20260303-AP605-00742,,AP605,target_buy,buy,9988.0,1,346,submit,initial_quote,FLAT_QUOTING
20260303,63557000,14:39:17.000,20260303-AP605-00743,,AP605,target_sell,sell,10472.0,1,346,submit,initial_quote,FLAT_QUOTING
20260303,63558000,14:39:18.000,20260303-AP605-00742,,AP605,target_buy,buy,9988.0,1,346,ack,,FLAT_QUOTING
20260303,63558000,14:39:18.000,20260303-AP605-00743,,AP605,target_sell,sell,10472.0,1,346,ack,,FLAT_QUOTING
20260303,63574000,14:39:34.000,20260303-AP605-00742,,AP605,target_buy,buy,9988.0,1,346,cancel_requested,fair_invalid_or_session_guard,PAUSED
20260303,63574000,14:39:34.000,20260303-AP605-00743,,AP605,target_sell,sell,10472.0,1,346,cancel_requested,fair_invalid_or_session_guard,PAUSED
20260303,63575000,14:39:35.000,20260303-AP605-00742,,AP605,target_buy,buy,9988.0,1,346,cancel_ack,fair_invalid_or_session_guard,PAUSED
20260303,63575000,14:39:35.000,20260303-AP605-00743,,AP605,target_sell,sell,10472.0,1,346,cancel_ack,fair_invalid_or_session_guard,PAUSED
20260303,63583000,14:39:43.000,20260303-AP605-00744,,AP605,target_buy,buy,9985.0,1,347,submit,initial_quote,FLAT_QUOTING
20260303,63583000,14:39:43.000,20260303-AP605-00745,,AP605,target_sell,sell,10469.0,1,347,submit,initial_quote,FLAT_QUOTING
20260303,63584000,14:39:44.000,20260303-AP605-00744,,AP605,target_buy,buy,9985.0,1,347,ack,,FLAT_QUOTING
20260303,63584000,14:39:44.000,20260303-AP605-00745,,AP605,target_sell,sell,10469.0,1,347,ack,,FLAT_QUOTING
20260303,63593000,14:39:53.000,20260303-AP605-00744,,AP605,target_buy,buy,9985.0,1,347,cancel_requested,fair_invalid_or_session_guard,PAUSED
20260303,63593000,14:39:53.000,20260303-AP605-00745,,AP605,target_sell,sell,10469.0,1,347,cancel_requested,fair_invalid_or_session_guard,PAUSED
20260303,63594000,14:39:54.000,20260303-AP605-00744,,AP605,target_buy,buy,9985.0,1,347,cancel_ack,fair_invalid_or_session_guard,PAUSED
20260303,63594000,14:39:54.000,20260303-AP605-00745,,AP605,target_sell,sell,10469.0,1,347,cancel_ack,fair_invalid_or_session_guard,PAUSED
20260303,63596000,14:39:56.000,20260303-AP605-00746,,AP605,target_buy,buy,9988.0,1,348,submit,initial_quote,FLAT_QUOTING
20260303,63596000,14:39:56.000,20260303-AP605-00747,,AP605,target_sell,sell,10472.0,1,348,submit,initial_quote,FLAT_QUOTING
20260303,63597000,14:39:57.000,20260303-AP605-00746,,AP605,target_buy,buy,9988.0,1,348,ack,,FLAT_QUOTING
20260303,63597000,14:39:57.000,20260303-AP605-00747,,AP605,target_sell,sell,10472.0,1,348,ack,,FLAT_QUOTING
20260303,63642000,14:40:42.000,20260303-AP605-00746,,AP605,target_buy,buy,9988.0,1,348,cancel_requested,fair_invalid_or_session_guard,PAUSED
20260303,63642000,14:40:42.000,20260303-AP605-00747,,AP605,target_sell,sell,10472.0,1,348,cancel_requested,fair_invalid_or_session_guard,PAUSED
20260303,63643000,14:40:43.000,20260303-AP605-00746,,AP605,target_buy,buy,9988.0,1,348,cancel_ack,fair_invalid_or_session_guard,PAUSED
20260303,63643000,14:40:43.000,20260303-AP605-00747,,AP605,target_sell,sell,10472.0,1,348,cancel_ack,fair_invalid_or_session_guard,PAUSED
20260303,63645000,14:40:45.000,20260303-AP605-00748,,AP605,target_buy,buy,9993.0,1,349,submit,initial_quote,FLAT_QUOTING
20260303,63645000,14:40:45.000,20260303-AP605-00749,,AP605,target_sell,sell,10477.0,1,349,submit,initial_quote,FLAT_QUOTING
20260303,63646000,14:40:46.000,20260303-AP605-00748,,AP605,target_buy,buy,9993.0,1,349,ack,,FLAT_QUOTING
20260303,63646000,14:40:46.000,20260303-AP605-00749,,AP605,target_sell,sell,10477.0,1,349,ack,,FLAT_QUOTING
20260303,63649000,14:40:49.000,20260303-AP605-00748,,AP605,target_buy,buy,9993.0,1,349,cancel_requested,fair_invalid_or_session_guard,PAUSED
20260303,63649000,14:40:49.000,20260303-AP605-00749,,AP605,target_sell,sell,10477.0,1,349,cancel_requested,fair_invalid_or_session_guard,PAUSED
20260303,63650000,14:40:50.000,20260303-AP605-00748,,AP605,target_buy,buy,9993.0,1,349,cancel_ack,fair_invalid_or_session_guard,PAUSED
20260303,63650000,14:40:50.000,20260303-AP605-00749,,AP605,target_sell,sell,10477.0,1,349,cancel_ack,fair_invalid_or_session_guard,PAUSED
20260303,63655000,14:40:55.000,20260303-AP605-00750,,AP605,target_buy,buy,9994.0,1,350,submit,initial_quote,FLAT_QUOTING
20260303,63655000,14:40:55.000,20260303-AP605-00751,,AP605,target_sell,sell,10478.0,1,350,submit,initial_quote,FLAT_QUOTING
20260303,63656000,14:40:56.000,20260303-AP605-00750,,AP605,target_buy,buy,9994.0,1,350,ack,,FLAT_QUOTING
20260303,63656000,14:40:56.000,20260303-AP605-00751,,AP605,target_sell,sell,10478.0,1,350,ack,,FLAT_QUOTING
20260303,63665000,14:41:05.000,20260303-AP605-00750,,AP605,target_buy,buy,9994.0,1,350,cancel_requested,fair_invalid_or_session_guard,PAUSED
20260303,63665000,14:41:05.000,20260303-AP605-00751,,AP605,target_sell,sell,10478.0,1,350,cancel_requested,fair_invalid_or_session_guard,PAUSED
20260303,63666000,14:41:06.000,20260303-AP605-00750,,AP605,target_buy,buy,9994.0,1,350,cancel_ack,fair_invalid_or_session_guard,PAUSED
20260303,63666000,14:41:06.000,20260303-AP605-00751,,AP605,target_sell,sell,10478.0,1,350,cancel_ack,fair_invalid_or_session_guard,PAUSED
20260303,63675000,14:41:15.000,20260303-AP605-00752,,AP605,target_buy,buy,9994.0,1,351,submit,initial_quote,FLAT_QUOTING
20260303,63675000,14:41:15.000,20260303-AP605-00753,,AP605,target_sell,sell,10478.0,1,351,submit,initial_quote,FLAT_QUOTING
20260303,63676000,14:41:16.000,20260303-AP605-00752,,AP605,target_buy,buy,9994.0,1,351,ack,,FLAT_QUOTING
20260303,63676000,14:41:16.000,20260303-AP605-00753,,AP605,target_sell,sell,10478.0,1,351,ack,,FLAT_QUOTING
20260303,63686000,14:41:26.000,20260303-AP605-00752,,AP605,target_buy,buy,9994.0,1,351,cancel_requested,fair_invalid_or_session_guard,PAUSED
20260303,63686000,14:41:26.000,20260303-AP605-00753,,AP605,target_sell,sell,10478.0,1,351,cancel_requested,fair_invalid_or_session_guard,PAUSED
20260303,63687000,14:41:27.000,20260303-AP605-00752,,AP605,target_buy,buy,9994.0,1,351,cancel_ack,fair_invalid_or_session_guard,PAUSED
20260303,63687000,14:41:27.000,20260303-AP605-00753,,AP605,target_sell,sell,10478.0,1,351,cancel_ack,fair_invalid_or_session_guard,PAUSED
20260303,63693000,14:41:33.000,20260303-AP605-00754,,AP605,target_buy,buy,9997.0,1,352,submit,initial_quote,FLAT_QUOTING
20260303,63693000,14:41:33.000,20260303-AP605-00755,,AP605,target_sell,sell,10481.0,1,352,submit,initial_quote,FLAT_QUOTING
20260303,63694000,14:41:34.000,20260303-AP605-00754,,AP605,target_buy,buy,9997.0,1,352,ack,,FLAT_QUOTING
20260303,63694000,14:41:34.000,20260303-AP605-00755,,AP605,target_sell,sell,10481.0,1,352,ack,,FLAT_QUOTING
20260303,63697000,14:41:37.000,20260303-AP605-00754,,AP605,target_buy,buy,9997.0,1,352,cancel_requested,fair_invalid_or_session_guard,PAUSED
20260303,63697000,14:41:37.000,20260303-AP605-00755,,AP605,target_sell,sell,10481.0,1,352,cancel_requested,fair_invalid_or_session_guard,PAUSED
20260303,63698000,14:41:38.000,20260303-AP605-00754,,AP605,target_buy,buy,9997.0,1,352,cancel_ack,fair_invalid_or_session_guard,PAUSED
20260303,63698000,14:41:38.000,20260303-AP605-00755,,AP605,target_sell,sell,10481.0,1,352,cancel_ack,fair_invalid_or_session_guard,PAUSED
20260303,63700000,14:41:40.000,20260303-AP605-00756,,AP605,target_buy,buy,9995.0,1,353,submit,initial_quote,FLAT_QUOTING
20260303,63700000,14:41:40.000,20260303-AP605-00757,,AP605,target_sell,sell,10479.0,1,353,submit,initial_quote,FLAT_QUOTING
20260303,63701000,14:41:41.000,20260303-AP605-00756,,AP605,target_buy,buy,9995.0,1,353,ack,,FLAT_QUOTING
20260303,63701000,14:41:41.000,20260303-AP605-00757,,AP605,target_sell,sell,10479.0,1,353,ack,,FLAT_QUOTING
20260303,63714000,14:41:54.000,20260303-AP605-00756,,AP605,target_buy,buy,9995.0,1,353,cancel_requested,fair_invalid_or_session_guard,PAUSED
20260303,63714000,14:41:54.000,20260303-AP605-00757,,AP605,target_sell,sell,10479.0,1,353,cancel_requested,fair_invalid_or_session_guard,PAUSED
20260303,63715000,14:41:55.000,20260303-AP605-00756,,AP605,target_buy,buy,9995.0,1,353,cancel_ack,fair_invalid_or_session_guard,PAUSED
20260303,63715000,14:41:55.000,20260303-AP605-00757,,AP605,target_sell,sell,10479.0,1,353,cancel_ack,fair_invalid_or_session_guard,PAUSED
20260303,63727000,14:42:07.000,20260303-AP605-00758,,AP605,target_buy,buy,9993.0,1,354,submit,initial_quote,FLAT_QUOTING
20260303,63727000,14:42:07.000,20260303-AP605-00759,,AP605,target_sell,sell,10477.0,1,354,submit,initial_quote,FLAT_QUOTING
20260303,63728000,14:42:08.000,20260303-AP605-00758,,AP605,target_buy,buy,9993.0,1,354,ack,,FLAT_QUOTING
20260303,63728000,14:42:08.000,20260303-AP605-00759,,AP605,target_sell,sell,10477.0,1,354,ack,,FLAT_QUOTING
20260303,63731000,14:42:11.000,20260303-AP605-00758,,AP605,target_buy,buy,9993.0,1,354,cancel_requested,fair_invalid_or_session_guard,PAUSED
20260303,63731000,14:42:11.000,20260303-AP605-00759,,AP605,target_sell,sell,10477.0,1,354,cancel_requested,fair_invalid_or_session_guard,PAUSED
20260303,63732000,14:42:12.000,20260303-AP605-00758,,AP605,target_buy,buy,9993.0,1,354,cancel_ack,fair_invalid_or_session_guard,PAUSED
20260303,63732000,14:42:12.000,20260303-AP605-00759,,AP605,target_sell,sell,10477.0,1,354,cancel_ack,fair_invalid_or_session_guard,PAUSED
20260303,63738000,14:42:18.000,20260303-AP605-00760,,AP605,target_buy,buy,9992.0,1,355,submit,initial_quote,FLAT_QUOTING
20260303,63738000,14:42:18.000,20260303-AP605-00761,,AP605,target_sell,sell,10476.0,1,355,submit,initial_quote,FLAT_QUOTING
20260303,63739000,14:42:19.000,20260303-AP605-00760,,AP605,target_buy,buy,9992.0,1,355,ack,,FLAT_QUOTING
20260303,63739000,14:42:19.000,20260303-AP605-00761,,AP605,target_sell,sell,10476.0,1,355,ack,,FLAT_QUOTING
20260303,63746000,14:42:26.000,20260303-AP605-00760,,AP605,target_buy,buy,9992.0,1,355,cancel_requested,fair_invalid_or_session_guard,PAUSED
20260303,63746000,14:42:26.000,20260303-AP605-00761,,AP605,target_sell,sell,10476.0,1,355,cancel_requested,fair_invalid_or_session_guard,PAUSED
20260303,63747000,14:42:27.000,20260303-AP605-00760,,AP605,target_buy,buy,9992.0,1,355,cancel_ack,fair_invalid_or_session_guard,PAUSED
20260303,63747000,14:42:27.000,20260303-AP605-00761,,AP605,target_sell,sell,10476.0,1,355,cancel_ack,fair_invalid_or_session_guard,PAUSED
20260303,63753000,14:42:33.000,20260303-AP605-00762,,AP605,target_buy,buy,9991.0,1,356,submit,initial_quote,FLAT_QUOTING
20260303,63753000,14:42:33.000,20260303-AP605-00763,,AP605,target_sell,sell,10475.0,1,356,submit,initial_quote,FLAT_QUOTING
20260303,63754000,14:42:34.000,20260303-AP605-00762,,AP605,target_buy,buy,9991.0,1,356,ack,,FLAT_QUOTING
20260303,63754000,14:42:34.000,20260303-AP605-00763,,AP605,target_sell,sell,10475.0,1,356,ack,,FLAT_QUOTING
20260303,63776000,14:42:56.000,20260303-AP605-00762,,AP605,target_buy,buy,9991.0,1,356,cancel_requested,fair_invalid_or_session_guard,PAUSED
20260303,63776000,14:42:56.000,20260303-AP605-00763,,AP605,target_sell,sell,10475.0,1,356,cancel_requested,fair_invalid_or_session_guard,PAUSED
20260303,63777000,14:42:57.000,20260303-AP605-00762,,AP605,target_buy,buy,9991.0,1,356,cancel_ack,fair_invalid_or_session_guard,PAUSED
20260303,63777000,14:42:57.000,20260303-AP605-00763,,AP605,target_sell,sell,10475.0,1,356,cancel_ack,fair_invalid_or_session_guard,PAUSED
20260303,63779000,14:42:59.000,20260303-AP605-00764,,AP605,target_buy,buy,9991.0,1,357,submit,initial_quote,FLAT_QUOTING
20260303,63779000,14:42:59.000,20260303-AP605-00765,,AP605,target_sell,sell,10475.0,1,357,submit,initial_quote,FLAT_QUOTING
20260303,63780000,14:43:00.000,20260303-AP605-00764,,AP605,target_buy,buy,9991.0,1,357,ack,,FLAT_QUOTING
20260303,63780000,14:43:00.000,20260303-AP605-00765,,AP605,target_sell,sell,10475.0,1,357,ack,,FLAT_QUOTING
20260303,63789000,14:43:09.000,20260303-AP605-00764,,AP605,target_buy,buy,9991.0,1,357,cancel_requested,fair_invalid_or_session_guard,PAUSED
20260303,63789000,14:43:09.000,20260303-AP605-00765,,AP605,target_sell,sell,10475.0,1,357,cancel_requested,fair_invalid_or_session_guard,PAUSED
20260303,63790000,14:43:10.000,20260303-AP605-00764,,AP605,target_buy,buy,9991.0,1,357,cancel_ack,fair_invalid_or_session_guard,PAUSED
20260303,63790000,14:43:10.000,20260303-AP605-00765,,AP605,target_sell,sell,10475.0,1,357,cancel_ack,fair_invalid_or_session_guard,PAUSED
20260303,63791000,14:43:11.000,20260303-AP605-00766,,AP605,target_buy,buy,9991.0,1,358,submit,initial_quote,FLAT_QUOTING
20260303,63791000,14:43:11.000,20260303-AP605-00767,,AP605,target_sell,sell,10475.0,1,358,submit,initial_quote,FLAT_QUOTING
20260303,63792000,14:43:12.000,20260303-AP605-00766,,AP605,target_buy,buy,9991.0,1,358,ack,,FLAT_QUOTING
20260303,63792000,14:43:12.000,20260303-AP605-00767,,AP605,target_sell,sell,10475.0,1,358,ack,,FLAT_QUOTING
20260303,63815000,14:43:35.000,20260303-AP605-00766,,AP605,target_buy,buy,9991.0,1,358,cancel_requested,fair_invalid_or_session_guard,PAUSED
20260303,63815000,14:43:35.000,20260303-AP605-00767,,AP605,target_sell,sell,10475.0,1,358,cancel_requested,fair_invalid_or_session_guard,PAUSED
20260303,63816000,14:43:36.000,20260303-AP605-00766,,AP605,target_buy,buy,9991.0,1,358,cancel_ack,fair_invalid_or_session_guard,PAUSED
20260303,63816000,14:43:36.000,20260303-AP605-00767,,AP605,target_sell,sell,10475.0,1,358,cancel_ack,fair_invalid_or_session_guard,PAUSED
20260303,63828000,14:43:48.000,20260303-AP605-00768,,AP605,target_buy,buy,9992.0,1,359,submit,initial_quote,FLAT_QUOTING
20260303,63828000,14:43:48.000,20260303-AP605-00769,,AP605,target_sell,sell,10476.0,1,359,submit,initial_quote,FLAT_QUOTING
20260303,63829000,14:43:49.000,20260303-AP605-00768,,AP605,target_buy,buy,9992.0,1,359,ack,,FLAT_QUOTING
20260303,63829000,14:43:49.000,20260303-AP605-00769,,AP605,target_sell,sell,10476.0,1,359,ack,,FLAT_QUOTING
20260303,63849000,14:44:09.000,20260303-AP605-00768,,AP605,target_buy,buy,9992.0,1,359,cancel_requested,fair_invalid_or_session_guard,PAUSED
20260303,63849000,14:44:09.000,20260303-AP605-00769,,AP605,target_sell,sell,10476.0,1,359,cancel_requested,fair_invalid_or_session_guard,PAUSED
20260303,63850000,14:44:10.000,20260303-AP605-00768,,AP605,target_buy,buy,9992.0,1,359,cancel_ack,fair_invalid_or_session_guard,PAUSED
20260303,63850000,14:44:10.000,20260303-AP605-00769,,AP605,target_sell,sell,10476.0,1,359,cancel_ack,fair_invalid_or_session_guard,PAUSED
20260303,63856000,14:44:16.000,20260303-AP605-00770,,AP605,target_buy,buy,9990.0,1,360,submit,initial_quote,FLAT_QUOTING
20260303,63856000,14:44:16.000,20260303-AP605-00771,,AP605,target_sell,sell,10474.0,1,360,submit,initial_quote,FLAT_QUOTING
20260303,63857000,14:44:17.000,20260303-AP605-00770,,AP605,target_buy,buy,9990.0,1,360,ack,,FLAT_QUOTING
20260303,63857000,14:44:17.000,20260303-AP605-00771,,AP605,target_sell,sell,10474.0,1,360,ack,,FLAT_QUOTING
20260303,63864000,14:44:24.000,20260303-AP605-00770,,AP605,target_buy,buy,9990.0,1,360,cancel_requested,fair_invalid_or_session_guard,PAUSED
20260303,63864000,14:44:24.000,20260303-AP605-00771,,AP605,target_sell,sell,10474.0,1,360,cancel_requested,fair_invalid_or_session_guard,PAUSED
20260303,63865000,14:44:25.000,20260303-AP605-00770,,AP605,target_buy,buy,9990.0,1,360,cancel_ack,fair_invalid_or_session_guard,PAUSED
20260303,63865000,14:44:25.000,20260303-AP605-00771,,AP605,target_sell,sell,10474.0,1,360,cancel_ack,fair_invalid_or_session_guard,PAUSED
20260303,63870000,14:44:30.000,20260303-AP605-00772,,AP605,target_buy,buy,9989.0,1,361,submit,initial_quote,FLAT_QUOTING
20260303,63870000,14:44:30.000,20260303-AP605-00773,,AP605,target_sell,sell,10473.0,1,361,submit,initial_quote,FLAT_QUOTING
20260303,63871000,14:44:31.000,20260303-AP605-00772,,AP605,target_buy,buy,9989.0,1,361,ack,,FLAT_QUOTING
20260303,63871000,14:44:31.000,20260303-AP605-00773,,AP605,target_sell,sell,10473.0,1,361,ack,,FLAT_QUOTING
20260303,63872000,14:44:32.000,20260303-AP605-00772,,AP605,target_buy,buy,9989.0,1,361,cancel_requested,fair_invalid_or_session_guard,PAUSED
20260303,63872000,14:44:32.000,20260303-AP605-00773,,AP605,target_sell,sell,10473.0,1,361,cancel_requested,fair_invalid_or_session_guard,PAUSED
20260303,63873000,14:44:33.000,20260303-AP605-00772,,AP605,target_buy,buy,9989.0,1,361,cancel_ack,fair_invalid_or_session_guard,PAUSED
20260303,63873000,14:44:33.000,20260303-AP605-00773,,AP605,target_sell,sell,10473.0,1,361,cancel_ack,fair_invalid_or_session_guard,PAUSED
20260303,63875000,14:44:35.000,20260303-AP605-00774,,AP605,target_buy,buy,9986.0,1,362,submit,initial_quote,FLAT_QUOTING
20260303,63875000,14:44:35.000,20260303-AP605-00775,,AP605,target_sell,sell,10470.0,1,362,submit,initial_quote,FLAT_QUOTING
20260303,63876000,14:44:36.000,20260303-AP605-00774,,AP605,target_buy,buy,9986.0,1,362,ack,,FLAT_QUOTING
20260303,63876000,14:44:36.000,20260303-AP605-00775,,AP605,target_sell,sell,10470.0,1,362,ack,,FLAT_QUOTING
20260303,63878000,14:44:38.000,20260303-AP605-00774,,AP605,target_buy,buy,9986.0,1,362,cancel_requested,fair_invalid_or_session_guard,PAUSED
20260303,63878000,14:44:38.000,20260303-AP605-00775,,AP605,target_sell,sell,10470.0,1,362,cancel_requested,fair_invalid_or_session_guard,PAUSED
20260303,63879000,14:44:39.000,20260303-AP605-00774,,AP605,target_buy,buy,9986.0,1,362,cancel_ack,fair_invalid_or_session_guard,PAUSED
20260303,63879000,14:44:39.000,20260303-AP605-00775,,AP605,target_sell,sell,10470.0,1,362,cancel_ack,fair_invalid_or_session_guard,PAUSED
20260303,63895000,14:44:55.000,20260303-AP605-00776,,AP605,target_buy,buy,9987.0,1,363,submit,initial_quote,FLAT_QUOTING
20260303,63895000,14:44:55.000,20260303-AP605-00777,,AP605,target_sell,sell,10471.0,1,363,submit,initial_quote,FLAT_QUOTING
20260303,63896000,14:44:56.000,20260303-AP605-00776,,AP605,target_buy,buy,9987.0,1,363,ack,,FLAT_QUOTING
20260303,63896000,14:44:56.000,20260303-AP605-00777,,AP605,target_sell,sell,10471.0,1,363,ack,,FLAT_QUOTING
20260303,63903000,14:45:03.000,20260303-AP605-00776,,AP605,target_buy,buy,9987.0,1,363,cancel_requested,fair_invalid_or_session_guard,PAUSED
20260303,63903000,14:45:03.000,20260303-AP605-00777,,AP605,target_sell,sell,10471.0,1,363,cancel_requested,fair_invalid_or_session_guard,PAUSED
20260303,63904000,14:45:04.000,20260303-AP605-00776,,AP605,target_buy,buy,9987.0,1,363,cancel_ack,fair_invalid_or_session_guard,PAUSED
20260303,63904000,14:45:04.000,20260303-AP605-00777,,AP605,target_sell,sell,10471.0,1,363,cancel_ack,fair_invalid_or_session_guard,PAUSED
20260303,63905000,14:45:05.000,20260303-AP605-00778,,AP605,target_buy,buy,9990.0,1,364,submit,initial_quote,FLAT_QUOTING
20260303,63905000,14:45:05.000,20260303-AP605-00779,,AP605,target_sell,sell,10474.0,1,364,submit,initial_quote,FLAT_QUOTING
20260303,63906000,14:45:06.000,20260303-AP605-00778,,AP605,target_buy,buy,9990.0,1,364,ack,,FLAT_QUOTING
20260303,63906000,14:45:06.000,20260303-AP605-00779,,AP605,target_sell,sell,10474.0,1,364,ack,,FLAT_QUOTING
20260303,63910000,14:45:10.000,20260303-AP605-00778,,AP605,target_buy,buy,9990.0,1,364,cancel_requested,fair_invalid_or_session_guard,PAUSED
20260303,63910000,14:45:10.000,20260303-AP605-00779,,AP605,target_sell,sell,10474.0,1,364,cancel_requested,fair_invalid_or_session_guard,PAUSED
20260303,63911000,14:45:11.000,20260303-AP605-00778,,AP605,target_buy,buy,9990.0,1,364,cancel_ack,fair_invalid_or_session_guard,PAUSED
20260303,63911000,14:45:11.000,20260303-AP605-00779,,AP605,target_sell,sell,10474.0,1,364,cancel_ack,fair_invalid_or_session_guard,PAUSED
20260303,63918000,14:45:18.000,20260303-AP605-00780,,AP605,target_buy,buy,9990.0,1,365,submit,initial_quote,FLAT_QUOTING
20260303,63918000,14:45:18.000,20260303-AP605-00781,,AP605,target_sell,sell,10474.0,1,365,submit,initial_quote,FLAT_QUOTING
20260303,63919000,14:45:19.000,20260303-AP605-00780,,AP605,target_buy,buy,9990.0,1,365,ack,,FLAT_QUOTING
20260303,63919000,14:45:19.000,20260303-AP605-00781,,AP605,target_sell,sell,10474.0,1,365,ack,,FLAT_QUOTING
20260303,63920000,14:45:20.000,20260303-AP605-00780,,AP605,target_buy,buy,9990.0,1,365,cancel_requested,fair_invalid_or_session_guard,PAUSED
20260303,63920000,14:45:20.000,20260303-AP605-00781,,AP605,target_sell,sell,10474.0,1,365,cancel_requested,fair_invalid_or_session_guard,PAUSED
20260303,63921000,14:45:21.000,20260303-AP605-00780,,AP605,target_buy,buy,9990.0,1,365,cancel_ack,fair_invalid_or_session_guard,PAUSED
20260303,63921000,14:45:21.000,20260303-AP605-00781,,AP605,target_sell,sell,10474.0,1,365,cancel_ack,fair_invalid_or_session_guard,PAUSED
20260303,63930000,14:45:30.000,20260303-AP605-00782,,AP605,target_buy,buy,9989.0,1,366,submit,initial_quote,FLAT_QUOTING
20260303,63930000,14:45:30.000,20260303-AP605-00783,,AP605,target_sell,sell,10473.0,1,366,submit,initial_quote,FLAT_QUOTING
20260303,63931000,14:45:31.000,20260303-AP605-00782,,AP605,target_buy,buy,9989.0,1,366,ack,,FLAT_QUOTING
20260303,63931000,14:45:31.000,20260303-AP605-00783,,AP605,target_sell,sell,10473.0,1,366,ack,,FLAT_QUOTING
20260303,63932000,14:45:32.000,20260303-AP605-00782,,AP605,target_buy,buy,9989.0,1,366,cancel_requested,fair_invalid_or_session_guard,PAUSED
20260303,63932000,14:45:32.000,20260303-AP605-00783,,AP605,target_sell,sell,10473.0,1,366,cancel_requested,fair_invalid_or_session_guard,PAUSED
20260303,63933000,14:45:33.000,20260303-AP605-00782,,AP605,target_buy,buy,9989.0,1,366,cancel_ack,fair_invalid_or_session_guard,PAUSED
20260303,63933000,14:45:33.000,20260303-AP605-00783,,AP605,target_sell,sell,10473.0,1,366,cancel_ack,fair_invalid_or_session_guard,PAUSED
20260303,63935000,14:45:35.000,20260303-AP605-00784,,AP605,target_buy,buy,9990.0,1,367,submit,initial_quote,FLAT_QUOTING
20260303,63935000,14:45:35.000,20260303-AP605-00785,,AP605,target_sell,sell,10474.0,1,367,submit,initial_quote,FLAT_QUOTING
20260303,63936000,14:45:36.000,20260303-AP605-00784,,AP605,target_buy,buy,9990.0,1,367,ack,,FLAT_QUOTING
20260303,63936000,14:45:36.000,20260303-AP605-00785,,AP605,target_sell,sell,10474.0,1,367,ack,,FLAT_QUOTING
20260303,63956000,14:45:56.000,20260303-AP605-00784,,AP605,target_buy,buy,9990.0,1,367,cancel_requested,data_gap,PAUSED
20260303,63956000,14:45:56.000,20260303-AP605-00785,,AP605,target_sell,sell,10474.0,1,367,cancel_requested,data_gap,PAUSED
20260303,63957000,14:45:57.000,20260303-AP605-00784,,AP605,target_buy,buy,9990.0,1,367,cancel_ack,data_gap,PAUSED
20260303,63957000,14:45:57.000,20260303-AP605-00785,,AP605,target_sell,sell,10474.0,1,367,cancel_ack,data_gap,PAUSED
20260303,63959000,14:45:59.000,20260303-AP605-00786,,AP605,target_buy,buy,9989.0,1,368,submit,initial_quote,FLAT_QUOTING
20260303,63959000,14:45:59.000,20260303-AP605-00787,,AP605,target_sell,sell,10473.0,1,368,submit,initial_quote,FLAT_QUOTING
20260303,63960000,14:46:00.000,20260303-AP605-00786,,AP605,target_buy,buy,9989.0,1,368,ack,,FLAT_QUOTING
20260303,63960000,14:46:00.000,20260303-AP605-00787,,AP605,target_sell,sell,10473.0,1,368,ack,,FLAT_QUOTING
20260303,63981000,14:46:21.000,20260303-AP605-00786,,AP605,target_buy,buy,9989.0,1,368,cancel_requested,fair_invalid_or_session_guard,PAUSED
20260303,63981000,14:46:21.000,20260303-AP605-00787,,AP605,target_sell,sell,10473.0,1,368,cancel_requested,fair_invalid_or_session_guard,PAUSED
20260303,63982000,14:46:22.000,20260303-AP605-00786,,AP605,target_buy,buy,9989.0,1,368,cancel_ack,fair_invalid_or_session_guard,PAUSED
20260303,63982000,14:46:22.000,20260303-AP605-00787,,AP605,target_sell,sell,10473.0,1,368,cancel_ack,fair_invalid_or_session_guard,PAUSED
20260303,63983000,14:46:23.000,20260303-AP605-00788,,AP605,target_buy,buy,9987.0,1,369,submit,initial_quote,FLAT_QUOTING
20260303,63983000,14:46:23.000,20260303-AP605-00789,,AP605,target_sell,sell,10471.0,1,369,submit,initial_quote,FLAT_QUOTING
20260303,63984000,14:46:24.000,20260303-AP605-00788,,AP605,target_buy,buy,9987.0,1,369,ack,,FLAT_QUOTING
20260303,63984000,14:46:24.000,20260303-AP605-00789,,AP605,target_sell,sell,10471.0,1,369,ack,,FLAT_QUOTING
20260303,63988000,14:46:28.000,20260303-AP605-00788,,AP605,target_buy,buy,9987.0,1,369,cancel_requested,fair_invalid_or_session_guard,PAUSED
20260303,63988000,14:46:28.000,20260303-AP605-00789,,AP605,target_sell,sell,10471.0,1,369,cancel_requested,fair_invalid_or_session_guard,PAUSED
20260303,63989000,14:46:29.000,20260303-AP605-00788,,AP605,target_buy,buy,9987.0,1,369,cancel_ack,fair_invalid_or_session_guard,PAUSED
20260303,63989000,14:46:29.000,20260303-AP605-00789,,AP605,target_sell,sell,10471.0,1,369,cancel_ack,fair_invalid_or_session_guard,PAUSED
20260303,63999000,14:46:39.000,20260303-AP605-00790,,AP605,target_buy,buy,9986.0,1,370,submit,initial_quote,FLAT_QUOTING
20260303,63999000,14:46:39.000,20260303-AP605-00791,,AP605,target_sell,sell,10470.0,1,370,submit,initial_quote,FLAT_QUOTING
20260303,64000000,14:46:40.000,20260303-AP605-00790,,AP605,target_buy,buy,9986.0,1,370,ack,,FLAT_QUOTING
20260303,64000000,14:46:40.000,20260303-AP605-00791,,AP605,target_sell,sell,10470.0,1,370,ack,,FLAT_QUOTING
20260303,64005000,14:46:45.000,20260303-AP605-00790,,AP605,target_buy,buy,9986.0,1,370,cancel_requested,fair_invalid_or_session_guard,PAUSED
20260303,64005000,14:46:45.000,20260303-AP605-00791,,AP605,target_sell,sell,10470.0,1,370,cancel_requested,fair_invalid_or_session_guard,PAUSED
20260303,64006000,14:46:46.000,20260303-AP605-00790,,AP605,target_buy,buy,9986.0,1,370,cancel_ack,fair_invalid_or_session_guard,PAUSED
20260303,64006000,14:46:46.000,20260303-AP605-00791,,AP605,target_sell,sell,10470.0,1,370,cancel_ack,fair_invalid_or_session_guard,PAUSED
20260303,64009000,14:46:49.000,20260303-AP605-00792,,AP605,target_buy,buy,9983.0,1,371,submit,initial_quote,FLAT_QUOTING
20260303,64009000,14:46:49.000,20260303-AP605-00793,,AP605,target_sell,sell,10467.0,1,371,submit,initial_quote,FLAT_QUOTING
20260303,64010000,14:46:50.000,20260303-AP605-00792,,AP605,target_buy,buy,9983.0,1,371,ack,,FLAT_QUOTING
20260303,64010000,14:46:50.000,20260303-AP605-00793,,AP605,target_sell,sell,10467.0,1,371,ack,,FLAT_QUOTING
20260303,64013000,14:46:53.000,20260303-AP605-00792,,AP605,target_buy,buy,9983.0,1,371,cancel_requested,fair_invalid_or_session_guard,PAUSED
20260303,64013000,14:46:53.000,20260303-AP605-00793,,AP605,target_sell,sell,10467.0,1,371,cancel_requested,fair_invalid_or_session_guard,PAUSED
20260303,64014000,14:46:54.000,20260303-AP605-00792,,AP605,target_buy,buy,9983.0,1,371,cancel_ack,fair_invalid_or_session_guard,PAUSED
20260303,64014000,14:46:54.000,20260303-AP605-00793,,AP605,target_sell,sell,10467.0,1,371,cancel_ack,fair_invalid_or_session_guard,PAUSED
20260303,64110000,14:48:30.000,20260303-AP605-00794,,AP605,target_buy,buy,9982.0,1,372,submit,initial_quote,FLAT_QUOTING
20260303,64110000,14:48:30.000,20260303-AP605-00795,,AP605,target_sell,sell,10466.0,1,372,submit,initial_quote,FLAT_QUOTING
20260303,64111000,14:48:31.000,20260303-AP605-00794,,AP605,target_buy,buy,9982.0,1,372,ack,,FLAT_QUOTING
20260303,64111000,14:48:31.000,20260303-AP605-00795,,AP605,target_sell,sell,10466.0,1,372,ack,,FLAT_QUOTING
20260303,64112000,14:48:32.000,20260303-AP605-00794,,AP605,target_buy,buy,9982.0,1,372,cancel_requested,fair_invalid_or_session_guard,PAUSED
20260303,64112000,14:48:32.000,20260303-AP605-00795,,AP605,target_sell,sell,10466.0,1,372,cancel_requested,fair_invalid_or_session_guard,PAUSED
20260303,64113000,14:48:33.000,20260303-AP605-00794,,AP605,target_buy,buy,9982.0,1,372,cancel_ack,fair_invalid_or_session_guard,PAUSED
20260303,64113000,14:48:33.000,20260303-AP605-00795,,AP605,target_sell,sell,10466.0,1,372,cancel_ack,fair_invalid_or_session_guard,PAUSED
20260303,64117000,14:48:37.000,20260303-AP605-00796,,AP605,target_buy,buy,9981.0,1,373,submit,initial_quote,FLAT_QUOTING
20260303,64117000,14:48:37.000,20260303-AP605-00797,,AP605,target_sell,sell,10465.0,1,373,submit,initial_quote,FLAT_QUOTING
20260303,64118000,14:48:38.000,20260303-AP605-00796,,AP605,target_buy,buy,9981.0,1,373,ack,,FLAT_QUOTING
20260303,64118000,14:48:38.000,20260303-AP605-00797,,AP605,target_sell,sell,10465.0,1,373,ack,,FLAT_QUOTING
20260303,64128000,14:48:48.000,20260303-AP605-00796,,AP605,target_buy,buy,9981.0,1,373,cancel_requested,fair_invalid_or_session_guard,PAUSED
20260303,64128000,14:48:48.000,20260303-AP605-00797,,AP605,target_sell,sell,10465.0,1,373,cancel_requested,fair_invalid_or_session_guard,PAUSED
20260303,64129000,14:48:49.000,20260303-AP605-00796,,AP605,target_buy,buy,9981.0,1,373,cancel_ack,fair_invalid_or_session_guard,PAUSED
20260303,64129000,14:48:49.000,20260303-AP605-00797,,AP605,target_sell,sell,10465.0,1,373,cancel_ack,fair_invalid_or_session_guard,PAUSED
20260303,64143000,14:49:03.000,20260303-AP605-00798,,AP605,target_buy,buy,9985.0,1,374,submit,initial_quote,FLAT_QUOTING
20260303,64143000,14:49:03.000,20260303-AP605-00799,,AP605,target_sell,sell,10469.0,1,374,submit,initial_quote,FLAT_QUOTING
20260303,64144000,14:49:04.000,20260303-AP605-00798,,AP605,target_buy,buy,9985.0,1,374,ack,,FLAT_QUOTING
20260303,64144000,14:49:04.000,20260303-AP605-00799,,AP605,target_sell,sell,10469.0,1,374,ack,,FLAT_QUOTING
20260303,64148000,14:49:08.000,20260303-AP605-00798,,AP605,target_buy,buy,9985.0,1,374,cancel_requested,fair_invalid_or_session_guard,PAUSED
20260303,64148000,14:49:08.000,20260303-AP605-00799,,AP605,target_sell,sell,10469.0,1,374,cancel_requested,fair_invalid_or_session_guard,PAUSED
20260303,64149000,14:49:09.000,20260303-AP605-00798,,AP605,target_buy,buy,9985.0,1,374,cancel_ack,fair_invalid_or_session_guard,PAUSED
20260303,64149000,14:49:09.000,20260303-AP605-00799,,AP605,target_sell,sell,10469.0,1,374,cancel_ack,fair_invalid_or_session_guard,PAUSED
20260303,64156000,14:49:16.000,20260303-AP605-00800,,AP605,target_buy,buy,9986.0,1,375,submit,initial_quote,FLAT_QUOTING
20260303,64156000,14:49:16.000,20260303-AP605-00801,,AP605,target_sell,sell,10470.0,1,375,submit,initial_quote,FLAT_QUOTING
20260303,64157000,14:49:17.000,20260303-AP605-00800,,AP605,target_buy,buy,9986.0,1,375,ack,,FLAT_QUOTING
20260303,64157000,14:49:17.000,20260303-AP605-00801,,AP605,target_sell,sell,10470.0,1,375,ack,,FLAT_QUOTING
20260303,64174000,14:49:34.000,20260303-AP605-00800,,AP605,target_buy,buy,9986.0,1,375,cancel_requested,fair_invalid_or_session_guard,PAUSED
20260303,64174000,14:49:34.000,20260303-AP605-00801,,AP605,target_sell,sell,10470.0,1,375,cancel_requested,fair_invalid_or_session_guard,PAUSED
20260303,64175000,14:49:35.000,20260303-AP605-00800,,AP605,target_buy,buy,9986.0,1,375,cancel_ack,fair_invalid_or_session_guard,PAUSED
20260303,64175000,14:49:35.000,20260303-AP605-00801,,AP605,target_sell,sell,10470.0,1,375,cancel_ack,fair_invalid_or_session_guard,PAUSED
20260303,64177000,14:49:37.000,20260303-AP605-00802,,AP605,target_buy,buy,9984.0,1,376,submit,initial_quote,FLAT_QUOTING
20260303,64177000,14:49:37.000,20260303-AP605-00803,,AP605,target_sell,sell,10468.0,1,376,submit,initial_quote,FLAT_QUOTING
20260303,64178000,14:49:38.000,20260303-AP605-00802,,AP605,target_buy,buy,9984.0,1,376,ack,,FLAT_QUOTING
20260303,64178000,14:49:38.000,20260303-AP605-00803,,AP605,target_sell,sell,10468.0,1,376,ack,,FLAT_QUOTING
20260303,64179000,14:49:39.000,20260303-AP605-00802,,AP605,target_buy,buy,9984.0,1,376,cancel_requested,fair_invalid_or_session_guard,PAUSED
20260303,64179000,14:49:39.000,20260303-AP605-00803,,AP605,target_sell,sell,10468.0,1,376,cancel_requested,fair_invalid_or_session_guard,PAUSED
20260303,64180000,14:49:40.000,20260303-AP605-00802,,AP605,target_buy,buy,9984.0,1,376,cancel_ack,fair_invalid_or_session_guard,PAUSED
20260303,64180000,14:49:40.000,20260303-AP605-00803,,AP605,target_sell,sell,10468.0,1,376,cancel_ack,fair_invalid_or_session_guard,PAUSED
20260303,64183000,14:49:43.000,20260303-AP605-00804,,AP605,target_buy,buy,9983.0,1,377,submit,initial_quote,FLAT_QUOTING
20260303,64183000,14:49:43.000,20260303-AP605-00805,,AP605,target_sell,sell,10467.0,1,377,submit,initial_quote,FLAT_QUOTING
20260303,64184000,14:49:44.000,20260303-AP605-00804,,AP605,target_buy,buy,9983.0,1,377,ack,,FLAT_QUOTING
20260303,64184000,14:49:44.000,20260303-AP605-00805,,AP605,target_sell,sell,10467.0,1,377,ack,,FLAT_QUOTING
20260303,64193000,14:49:53.000,20260303-AP605-00804,,AP605,target_buy,buy,9983.0,1,377,cancel_requested,fair_invalid_or_session_guard,PAUSED
20260303,64193000,14:49:53.000,20260303-AP605-00805,,AP605,target_sell,sell,10467.0,1,377,cancel_requested,fair_invalid_or_session_guard,PAUSED
20260303,64194000,14:49:54.000,20260303-AP605-00804,,AP605,target_buy,buy,9983.0,1,377,cancel_ack,fair_invalid_or_session_guard,PAUSED
20260303,64194000,14:49:54.000,20260303-AP605-00805,,AP605,target_sell,sell,10467.0,1,377,cancel_ack,fair_invalid_or_session_guard,PAUSED
20260303,64208000,14:50:08.000,20260303-AP605-00806,,AP605,target_buy,buy,9983.0,1,378,submit,initial_quote,FLAT_QUOTING
20260303,64208000,14:50:08.000,20260303-AP605-00807,,AP605,target_sell,sell,10467.0,1,378,submit,initial_quote,FLAT_QUOTING
20260303,64209000,14:50:09.000,20260303-AP605-00806,,AP605,target_buy,buy,9983.0,1,378,ack,,FLAT_QUOTING
20260303,64209000,14:50:09.000,20260303-AP605-00807,,AP605,target_sell,sell,10467.0,1,378,ack,,FLAT_QUOTING
20260303,64216000,14:50:16.000,20260303-AP605-00806,,AP605,target_buy,buy,9983.0,1,378,cancel_requested,fair_invalid_or_session_guard,PAUSED
20260303,64216000,14:50:16.000,20260303-AP605-00807,,AP605,target_sell,sell,10467.0,1,378,cancel_requested,fair_invalid_or_session_guard,PAUSED
20260303,64218000,14:50:18.000,20260303-AP605-00806,,AP605,target_buy,buy,9983.0,1,378,cancel_ack,fair_invalid_or_session_guard,PAUSED
20260303,64218000,14:50:18.000,20260303-AP605-00807,,AP605,target_sell,sell,10467.0,1,378,cancel_ack,fair_invalid_or_session_guard,PAUSED
20260303,64234000,14:50:34.000,20260303-AP605-00808,,AP605,target_buy,buy,9984.0,1,379,submit,initial_quote,FLAT_QUOTING
20260303,64234000,14:50:34.000,20260303-AP605-00809,,AP605,target_sell,sell,10468.0,1,379,submit,initial_quote,FLAT_QUOTING
20260303,64235000,14:50:35.000,20260303-AP605-00808,,AP605,target_buy,buy,9984.0,1,379,ack,,FLAT_QUOTING
20260303,64235000,14:50:35.000,20260303-AP605-00809,,AP605,target_sell,sell,10468.0,1,379,ack,,FLAT_QUOTING
20260303,64254000,14:50:54.000,20260303-AP605-00808,,AP605,target_buy,buy,9984.0,1,379,cancel_requested,fair_invalid_or_session_guard,PAUSED
20260303,64254000,14:50:54.000,20260303-AP605-00809,,AP605,target_sell,sell,10468.0,1,379,cancel_requested,fair_invalid_or_session_guard,PAUSED
20260303,64255000,14:50:55.000,20260303-AP605-00808,,AP605,target_buy,buy,9984.0,1,379,cancel_ack,fair_invalid_or_session_guard,PAUSED
20260303,64255000,14:50:55.000,20260303-AP605-00809,,AP605,target_sell,sell,10468.0,1,379,cancel_ack,fair_invalid_or_session_guard,PAUSED
20260303,64256000,14:50:56.000,20260303-AP605-00810,,AP605,target_buy,buy,9983.0,1,380,submit,initial_quote,FLAT_QUOTING
20260303,64256000,14:50:56.000,20260303-AP605-00811,,AP605,target_sell,sell,10467.0,1,380,submit,initial_quote,FLAT_QUOTING
20260303,64257000,14:50:57.000,20260303-AP605-00810,,AP605,target_buy,buy,9983.0,1,380,ack,,FLAT_QUOTING
20260303,64257000,14:50:57.000,20260303-AP605-00811,,AP605,target_sell,sell,10467.0,1,380,ack,,FLAT_QUOTING
20260303,64272000,14:51:12.000,20260303-AP605-00810,,AP605,target_buy,buy,9983.0,1,380,cancel_requested,fair_invalid_or_session_guard,PAUSED
20260303,64272000,14:51:12.000,20260303-AP605-00811,,AP605,target_sell,sell,10467.0,1,380,cancel_requested,fair_invalid_or_session_guard,PAUSED
20260303,64273000,14:51:13.000,20260303-AP605-00810,,AP605,target_buy,buy,9983.0,1,380,cancel_ack,fair_invalid_or_session_guard,PAUSED
20260303,64273000,14:51:13.000,20260303-AP605-00811,,AP605,target_sell,sell,10467.0,1,380,cancel_ack,fair_invalid_or_session_guard,PAUSED
20260303,64278000,14:51:18.000,20260303-AP605-00812,,AP605,target_buy,buy,9981.0,1,381,submit,initial_quote,FLAT_QUOTING
20260303,64278000,14:51:18.000,20260303-AP605-00813,,AP605,target_sell,sell,10465.0,1,381,submit,initial_quote,FLAT_QUOTING
20260303,64279000,14:51:19.000,20260303-AP605-00812,,AP605,target_buy,buy,9981.0,1,381,ack,,FLAT_QUOTING
20260303,64279000,14:51:19.000,20260303-AP605-00813,,AP605,target_sell,sell,10465.0,1,381,ack,,FLAT_QUOTING
20260303,64281000,14:51:21.000,20260303-AP605-00812,,AP605,target_buy,buy,9981.0,1,381,cancel_requested,fair_invalid_or_session_guard,PAUSED
20260303,64281000,14:51:21.000,20260303-AP605-00813,,AP605,target_sell,sell,10465.0,1,381,cancel_requested,fair_invalid_or_session_guard,PAUSED
20260303,64283000,14:51:23.000,20260303-AP605-00812,,AP605,target_buy,buy,9981.0,1,381,cancel_ack,fair_invalid_or_session_guard,PAUSED
20260303,64283000,14:51:23.000,20260303-AP605-00813,,AP605,target_sell,sell,10465.0,1,381,cancel_ack,fair_invalid_or_session_guard,PAUSED
20260303,64328000,14:52:08.000,20260303-AP605-00814,,AP605,target_buy,buy,10016.0,1,382,submit,initial_quote,FLAT_QUOTING
20260303,64328000,14:52:08.000,20260303-AP605-00815,,AP605,target_sell,sell,10500.0,1,382,submit,initial_quote,FLAT_QUOTING
20260303,64329000,14:52:09.000,20260303-AP605-00814,,AP605,target_buy,buy,10016.0,1,382,ack,,FLAT_QUOTING
20260303,64329000,14:52:09.000,20260303-AP605-00815,,AP605,target_sell,sell,10500.0,1,382,ack,,FLAT_QUOTING
20260303,64333000,14:52:13.000,20260303-AP605-00814,,AP605,target_buy,buy,10016.0,1,382,cancel_requested,fair_invalid_or_session_guard,PAUSED
20260303,64333000,14:52:13.000,20260303-AP605-00815,,AP605,target_sell,sell,10500.0,1,382,cancel_requested,fair_invalid_or_session_guard,PAUSED
20260303,64334000,14:52:14.000,20260303-AP605-00814,,AP605,target_buy,buy,10016.0,1,382,cancel_ack,fair_invalid_or_session_guard,PAUSED
20260303,64334000,14:52:14.000,20260303-AP605-00815,,AP605,target_sell,sell,10500.0,1,382,cancel_ack,fair_invalid_or_session_guard,PAUSED
20260303,64785000,14:59:45.000,20260303-AP605-00816,,AP605,target_buy,buy,10045.0,1,383,submit,initial_quote,FLAT_QUOTING
20260303,64785000,14:59:45.000,20260303-AP605-00817,,AP605,target_sell,sell,10529.0,1,383,submit,initial_quote,FLAT_QUOTING
20260303,64786000,14:59:46.000,20260303-AP605-00816,,AP605,target_buy,buy,10045.0,1,383,ack,,FLAT_QUOTING
20260303,64786000,14:59:46.000,20260303-AP605-00817,,AP605,target_sell,sell,10529.0,1,383,ack,,FLAT_QUOTING
20260303,64800000,15:00:00.000,20260303-AP605-00816,,AP605,target_buy,buy,10045.0,1,383,expired,end_of_day,FLAT_QUOTING
20260303,64800000,15:00:00.000,20260303-AP605-00817,,AP605,target_sell,sell,10529.0,1,383,expired,end_of_day,FLAT_QUOTING
