检测器版本,参数档,验证状态,事件编号,交易日,事件时间,区间均价确认结束时间,品种,合约,事件开始序号,事件锚点开始序号,事件锚点结束序号,事件结束序号,触发原因,合理价,合理价不确定性_跳,有效参考合约数,参考合约列表,价差基线最少样本数,噪声样本数,噪声覆盖秒数,最新成交价,区间成交均价,末笔向下偏离_跳,末笔向下偏离_基点,区间均价向下偏离_跳,区间均价向下偏离_基点,一秒合并成交均价,一秒合并均价向下偏离_跳,末笔触发阈值_跳,区间均价触发阈值_跳,突发偏离_跳,事件确认深度_跳,事件确认深度_基点,确认深度来源,区间增量成交量,区间增量成交额,事件成交量,名义成交额缺口,回归标签,可见末笔恢复确认秒数,区间均价恢复确认秒数,买一恢复确认秒数,数据质量标记
aggregated-tick-v1,AUTO_INFERRED_V1,validated,IC2609|10:04:05.900,20260506,10:04:05.900,,IC,IC2609,47045900,3975,3975,47045900,visible_execution_drop,8388.0,7.412999999999999,3,"IC2606,IC2605,IC2612",20,306,290.0,8380.0,8385.1875,40.0,9.537434430138292,14.0625,3.3530042918454934,,,37.58239999986249,33.62880000008184,40.0,40.0,9.537434430138292,detector_event_depth,16.0,26832600.0,16.0,9000.0,trade_recovered_3s,0.5,,0.5,
aggregated-tick-v1,AUTO_INFERRED_V1,validated,LC2609|09:52:56.594,20260506,09:52:56.594,,LC,LC2609,46376594,5352,5352,46376594,visible_execution_drop,194860.0,5.1891,5,"LC2607,LC2606,LC2611,LC2701,LC2605",20,179,289.238,194300.0,194627.3015873016,28.0,28.738581545725136,11.634920634920126,11.941825551596146,,,24.3292,22.7216,26.75,28.0,28.738581545725136,detector_event_depth,126.0,24523040.0,126.0,29319.99999999872,trade_recovered_3s,0.513,,0.513,
aggregated-tick-v1,AUTO_INFERRED_V1,validated,LU2609|14:59:58.000,20260506,14:59:58.000,14:59:59.000,LU,LU2609,64798000,18012,18012,64798000,interval_execution_drop,4735.5,6.6716999999999995,2,"LU2607,LU2703",20,100,290.0,4699.0,4699.0,36.5,77.07739415056488,36.5,77.07739415056488,4697.666666666666,37.83333333333394,38.5824,35.6172,36.5,37.83333333333394,79.89300672227628,detector_event_depth,1.0,46990.0,1.0,365.0,quote_only_recovered_3s,,,0.5,
aggregated-tick-v1,AUTO_INFERRED_V1,validated,PS2606|09:21:28.610,20260506,09:21:28.610,,PS,PS2606,44488610,2095,2095,44488610,visible_execution_drop,38892.5,6.301049999999999,3,"PS2607,PS2608,PS2611",20,179,289.026,38680.0,38730.02857142857,42.5,54.63778363437681,32.494285714285795,41.7744882873122,,,37.7976,34.5824,42.5,42.5,54.63778363437681,detector_event_depth,175.0,20333265.0,175.0,85297.50000000022,trade_recovered_3s,0.503,,0.503,
aggregated-tick-v1,AUTO_INFERRED_V1,validated,PS2606|11:07:32.614,20260506,11:07:32.614,,PS,PS2606,50852614,8085,8085,50852614,visible_execution_drop,39082.5,9.26625,3,"PS2608,PS2605,PS2611",20,266,287.524,38950.0,38944.166666666664,26.5,33.90264184737415,27.66666666666715,35.395210985309475,,,24.9542,22.29569999999712,20.5,26.5,33.90264184737415,detector_event_depth,18.0,2102985.0,18.0,7470.000000000131,trade_recovered_3s,0.492,,0.492,
aggregated-tick-v1,AUTO_INFERRED_V1,validated,SN2606|09:21:57.000,20260506,09:21:57.000,,SN,SN2606,44517000,2634,2634,44517000,visible_execution_drop,396377.5,3.7065,4,"SN2607,SN2608,SN2609,SN2610",20,544,290.0,396000.0,396144.28571428574,37.75,9.523749456011,23.321428571426075,5.883640865444198,,,27.8933,24.876600000026297,36.0416666666657,37.75,9.523749456011,detector_event_depth,49.0,19411070.0,49.0,11427.499999998778,trade_recovered_3s,0.5,,0.5,
aggregated-tick-v1,AUTO_INFERRED_V1,validated,SN2606|09:33:31.000,20260506,09:33:31.000,,SN,SN2606,45211000,4022,4022,45211000,visible_execution_drop,396060.0,8.1543,5,"SN2607,SN2608,SN2609,SN2605,SN2610",20,550,290.0,395660.0,395900.5454545454,40.0,10.099479876786344,15.945454545452955,4.026019932700337,,,30.651999999999997,28.922299999988493,37.0,40.0,10.099479876786344,detector_event_depth,55.0,21774530.0,55.0,8769.999999999127,trade_recovered_3s,0.5,,0.5,
aggregated-tick-v1,AUTO_INFERRED_V1,validated,SN2607|13:42:25.000,20260506,13:42:25.000,,SN,SN2607,60145000,17636,17636,60145000,visible_execution_drop,410110.0,2.2238999999999995,5,"SN2606,SN2608,SN2609,SN2605,SN2610",20,280,290.0,409680.0,409936.0,43.0,10.484991831459851,17.4,4.242764136451195,,,35.0824,35.1657333333343,43.0,43.0,10.484991831459851,detector_event_depth,30.0,12298080.0,30.0,5220.0,trade_recovered_3s,0.5,,0.5,
aggregated-tick-v1,AUTO_INFERRED_V1,validated,SN2607|14:48:30.500,20260506,14:48:30.500,,SN,SN2607,64110500,25528,25528,64110500,visible_execution_drop,415360.0,0.0,5,"SN2606,SN2608,SN2609,SN2605,SN2610",20,183,290.0,415000.0,415116.3636363637,36.0,8.66718027734977,24.363636363635305,5.865667460428377,,,33.8672,32.962133333285365,31.5,36.0,8.66718027734977,detector_event_depth,22.0,9132560.0,22.0,5359.999999999767,trade_recovered_3s,0.5,,0.5,
aggregated-tick-v1,AUTO_INFERRED_V1,validated,IF2609|11:03:06.700,20260507,11:03:06.700,,IF,IF2609,50586700,8052,8052,50586700,visible_execution_drop,4767.300000000001,0.7412999999892126,3,"IF2606,IF2605,IF2612",20,150,290.0,4763.2,4765.4,20.500000000006366,8.600255910056578,9.500000000007276,3.9854844461255943,,,20.0,20.0,20.500000000006366,20.500000000006366,8.600255910056578,detector_event_depth,23.0,32881260.0,23.0,13110.00000001004,trade_recovered_3s,0.5,,0.5,
aggregated-tick-v1,AUTO_INFERRED_V1,validated,NI2609|21:26:10.500,20260507,21:26:10.500,,NI,NI2609,1570500,3126,3126,1570500,visible_execution_drop,150355.0,2.2238999999999995,4,"NI2606,NI2607,NI2608,NI2610",20,404,290.0,150140.0,150212.36842105264,21.5,14.299491204150176,14.263157894735922,9.486320970194488,,,20.0,20.0,21.5,21.5,14.299491204150176,detector_event_depth,38.0,5708070.0,38.0,5419.999999999651,trade_recovered_3s,0.5,,0.5,
aggregated-tick-v1,AUTO_INFERRED_V1,validated,PS2609|09:10:45.104,20260507,09:10:45.104,,PS,PS2609,43845104,1020,1020,43845624,visible_execution_drop,40613.75,4.81845,4,"PS2606,PS2607,PS2608,PS2611",20,218,289.325,40405.0,40503.72549019608,41.75,51.3988489120064,22.00490196078463,27.090458232476227,,,36.5824,36.5824,28.25,41.75,51.3988489120064,detector_event_depth,51.0,6197070.0,56.0,16833.75000000024,trade_recovered_3s,1.561,,0.52,
aggregated-tick-v1,AUTO_INFERRED_V1,validated,SN2606|21:35:57.000,20260507,21:35:57.000,21:35:58.000,SN,SN2606,2157000,4314,4314,2157000,interval_execution_drop,421167.5,1.85325,3,"SN2608,SN2609,SN2610",20,536,290.0,420930.0,420910.0,23.75,5.639086586690568,25.75,6.11395703609609,420914.0,25.35,30.651999999999997,24.7216,19.75,25.35,6.018982946214986,detector_event_depth,2.0,841820.0,2.0,515.0,trade_recovered_3s,,1.5,0.5,
aggregated-tick-v1,AUTO_INFERRED_V1,validated,SN2606|09:17:26.500,20260507,09:17:26.500,,SN,SN2606,44246500,30468,30468,44246500,visible_execution_drop,428050.0,2.2238999999999995,5,"SN2607,SN2608,SN2609,SN2605,SN2610",20,528,290.0,427630.0,427831.84210526315,42.0,9.8119378577269,21.815789473685435,5.096551681739385,,,35.0824,30.80408025641565,42.0,42.0,9.8119378577269,detector_event_depth,38.0,16257610.0,38.0,8290.000000000466,trade_recovered_3s,0.5,,0.5,
aggregated-tick-v1,AUTO_INFERRED_V1,validated,SN2606|10:01:47.000,20260507,10:01:47.000,10:01:48.000,SN,SN2606,46907000,35786,35786,46907000,interval_execution_drop,424180.0,2.2238999999999995,3,"SN2607,SN2608,SN2610",20,533,290.0,424030.0,423907.2727272727,15.0,3.5362346173794146,27.27272727272939,6.4295174861448885,423918.75,26.125,31.151999999999997,24.7216,23.77272727272939,26.125,6.1589419586024805,detector_event_depth,77.0,32640860.0,77.0,21000.00000000163,trade_recovered_3s,,1.5,0.5,
aggregated-tick-v1,AUTO_INFERRED_V1,validated,SN2606|10:01:54.000,20260507,10:01:54.000,,SN,SN2606,46914000,35800,35800,46914000,visible_execution_drop,423545.0,2.2238999999999995,2,"SN2608,SN2609",20,534,290.0,423200.0,423373.75,34.5,8.145533532446375,17.125,4.043253963569397,,,32.5096,24.7216,30.92857142857101,34.5,8.145533532446375,detector_event_depth,40.0,16934950.0,40.0,6850.0,trade_recovered_3s,0.5,,0.5,
aggregated-tick-v1,AUTO_INFERRED_V1,validated,SN2606|10:12:41.000,20260507,10:12:41.000,,SN,SN2606,47561000,37093,37093,47561000,visible_execution_drop,419645.0,0.7413,2,"SN2609,SN2605",20,555,290.0,419280.0,419459.0243902439,36.5,8.697827925985058,18.59756097560749,4.4317365810643485,,,36.0824,31.795466666691617,34.25,36.5,8.697827925985058,detector_event_depth,41.0,17197820.0,41.0,7624.999999999069,trade_recovered_3s,0.5,,0.5,
aggregated-tick-v1,AUTO_INFERRED_V1,validated,SN2606|10:35:30.500,20260507,10:35:30.500,10:35:31.500,SN,SN2606,48930500,38033,38033,48930500,"visible_execution_drop,interval_execution_drop",418500.0,5.1891,5,"SN2607,SN2608,SN2609,SN2605,SN2610",20,465,290.0,418000.0,418161.0144927536,50.0,11.947431302270012,33.89855072463979,8.100012120582985,418153.313253012,34.668674698797986,35.0824,25.19840000002301,49.125,50.0,11.947431302270012,detector_event_depth,69.0,28853110.0,69.0,23390.000000001455,trade_recovered_3s,0.5,1.5,0.5,
aggregated-tick-v1,AUTO_INFERRED_V1,validated,SN2606|10:48:36.500,20260507,10:48:36.500,10:48:37.500,SN,SN2606,49716500,39604,39604,49716500,"visible_execution_drop,interval_execution_drop",417610.0,3.7065,3,"SN2607,SN2608,SN2610",20,533,290.0,417290.0,417349.3939393939,32.0,7.6626517564234575,26.060606060607824,6.24041715011801,417334.8780487805,27.512195121950935,25.6868,20.8805,15.0,32.0,7.6626517564234575,detector_event_depth,33.0,13772530.0,33.0,8600.000000000582,trade_recovered_3s,0.5,1.5,0.5,
aggregated-tick-v1,AUTO_INFERRED_V1,validated,SN2606|13:58:05.500,20260507,13:58:05.500,,SN,SN2606,61085500,47927,47927,61085500,visible_execution_drop,419880.0,1.4826,5,"SN2607,SN2608,SN2609,SN2605,SN2610",20,539,290.0,419580.0,419831.17647058825,30.0,7.144898542440697,4.882352941174759,1.1627972137693527,,,22.7216,20.994,30.0,30.0,7.144898542440697,detector_event_depth,34.0,14274260.0,34.0,1659.999999999418,trade_recovered_3s,0.5,,0.5,
aggregated-tick-v1,AUTO_INFERRED_V1,validated,SN2606|14:15:13.500,20260507,14:15:13.500,,SN,SN2606,62113500,49979,49979,62113500,visible_execution_drop,421075.0,0.0,3,"SN2607,SN2608,SN2609",20,518,290.0,420760.0,420941.875,31.5,7.480852579706704,13.3125,3.1615507926141424,,,30.151999999999997,24.2216,31.5,31.5,7.480852579706704,detector_event_depth,16.0,6735070.0,16.0,2130.0,trade_recovered_3s,0.5,,0.5,
aggregated-tick-v1,AUTO_INFERRED_V1,validated,BU2605|14:14:23.500,20260508,14:14:23.500,,BU,BU2605,62063500,6881,6881,62063500,visible_execution_drop,4589.5,0.7413,5,"BU2606,BU2609,BU2607,BU2608,BU2612",20,163,286.0,4565.0,4565.0,24.5,53.38272142934961,24.5,53.38272142934961,,,20.0,20.0,24.5,24.5,53.38272142934961,detector_event_depth,1.0,45650.0,1.0,245.0,persistent_10s,,,,
aggregated-tick-v1,AUTO_INFERRED_V1,validated,BU2605|14:14:28.000,20260508,14:14:28.000,,BU,BU2605,62068000,6890,6890,62068000,visible_execution_drop,4590.25,0.7413,4,"BU2606,BU2609,BU2607,BU2608",20,163,289.0,4565.0,4565.0,25.25,55.00789717335657,25.25,55.00789717335657,,,20.0,20.0,25.25,25.25,55.00789717335657,detector_event_depth,2.0,91300.0,2.0,505.0,persistent_10s,,,,
aggregated-tick-v1,AUTO_INFERRED_V1,validated,EC2606|14:59:01.500,20260508,14:59:01.500,,EC,EC2606,64741000,17018,17018,64741500,visible_execution_drop,2389.625000000001,2.891070000000404,2,"EC2608,EC2607",20,216,290.0,2375.2000000000007,2376.7,28.850000000000364,60.365120050217826,25.850000000002183,54.087984516403566,,,22.743119999995137,22.001820000001896,16.44999999999891,28.850000000000364,60.365120050217826,detector_event_depth,4.0,475340.0,6.0,2585.0000000002183,trade_recovered_3s,0.5,,3.5,
aggregated-tick-v1,AUTO_INFERRED_V1,validated,LC2607|11:29:51.310,20260508,11:29:51.310,,LC,LC2607,52191310,10205,10205,52191310,visible_execution_drop,194820.0,6.6716999999999995,4,"LC2609,LC2611,LC2701,LC2612",20,101,286.507,193800.0,193988.64197530865,51.0,52.35602094240838,41.5679012345674,42.673135442528896,,,45.0824,47.7976,49.75,51.0,52.35602094240838,detector_event_depth,81.0,15713080.0,81.0,67339.99999999919,trade_recovered_3s,0.439,,0.439,
aggregated-tick-v1,AUTO_INFERRED_V1,validated,PS2606|11:05:49.280,20260508,11:05:49.280,,PS,PS2606,50749280,9666,9666,50749280,visible_execution_drop,39995.0,0.7413,3,"PS2609,PS2611,PS2612",20,198,289.118,39805.0,39763.179650238475,38.0,47.50593824228029,46.364069952305,57.962332731972744,,,30.651999999999997,30.151999999999997,32.625,38.0,47.50593824228029,detector_event_depth,629.0,75033120.0,629.0,437444.9999999977,trade_recovered_3s,2.507,,2.507,
aggregated-tick-v1,AUTO_INFERRED_V1,validated,PS2606|14:26:06.384,20260508,14:26:06.384,,PS,PS2606,62766384,15972,15972,62766384,visible_execution_drop,39016.875,8.52495,4,"PS2609,PS2608,PS2611,PS2612",20,401,289.504,38860.0,38879.18032786885,31.375,40.20696173130216,27.53893442622939,35.29105601900381,,,24.2216,22.0602,22.375,31.375,40.20696173130216,detector_event_depth,61.0,7114890.0,61.0,25198.12499999989,trade_recovered_3s,0.502,,0.502,
aggregated-tick-v1,AUTO_INFERRED_V1,validated,SN2606|21:32:25.500,20260508,21:32:25.500,,SN,SN2606,1945500,3890,3890,1945500,visible_execution_drop,428645.0,2.9652,5,"SN2607,SN2608,SN2609,SN2605,SN2610",20,557,290.0,428340.0,428479.0384615384,30.5,7.115445181910438,16.596153846156085,3.871771243372974,,,28.651999999999997,23.09080000002301,29.5,30.5,7.115445181910438,detector_event_depth,52.0,22280910.0,52.0,8630.000000001164,trade_recovered_3s,0.5,,0.5,
aggregated-tick-v1,AUTO_INFERRED_V1,validated,SN2606|22:42:16.500,20260508,22:42:16.500,,SN,SN2606,6136500,12268,12268,6136500,visible_execution_drop,425652.5,4.81845,4,"SN2607,SN2608,SN2609,SN2605",20,491,290.0,425340.0,425559.7916666667,31.25,7.341669554390025,9.270833333331392,2.178028634468585,,,24.2216,22.411466666645595,18.125,31.25,7.341669554390025,detector_event_depth,96.0,40853740.0,96.0,8899.999999998137,trade_recovered_3s,1.0,,1.0,
aggregated-tick-v1,AUTO_INFERRED_V1,validated,SN2606|23:12:22.500,20260508,23:12:22.500,,SN,SN2606,7942500,15869,15869,7942500,visible_execution_drop,427120.0,8.52495,4,"SN2607,SN2608,SN2609,SN2610",20,410,290.0,426890.0,426962.5,23.0,5.384903539988762,15.75,3.6874882936879567,,,21.356,21.356,20.55952380952367,23.0,5.384903539988762,detector_event_depth,44.0,18786350.0,44.0,6930.0,trade_recovered_3s,1.0,,1.0,
aggregated-tick-v1,AUTO_INFERRED_V1,validated,SN2606|23:56:26.500,20260508,23:56:26.500,,SN,SN2606,10586500,21093,21093,10586500,visible_execution_drop,425017.5,5.1891,4,"SN2607,SN2608,SN2609,SN2605",20,502,290.0,424740.0,424979.50310559006,27.75,6.529142917644568,3.799689440993825,0.8940077622671595,,,25.2216,21.250875,26.607142857142023,27.75,6.529142917644568,detector_event_depth,161.0,68421700.0,161.0,6117.500000000058,trade_recovered_3s,0.5,,0.5,
aggregated-tick-v1,AUTO_INFERRED_V1,validated,AG2606|22:48:38.000,20260511,22:48:38.000,,AG,AG2606,6518000,13036,13036,6518000,visible_execution_drop,19846.0,0.7413,5,"AG2608,AG2610,AG2612,AG2607,AG2609",20,537,290.0,19820.0,19835.013986013983,26.0,13.100876750982565,10.98601398601386,5.535631354436088,,,20.0,20.0,26.0,26.0,13.100876750982565,detector_event_depth,143.0,42546105.0,143.0,23564.999999999727,trade_recovered_3s,0.5,,0.5,
aggregated-tick-v1,AUTO_INFERRED_V1,validated,AG2612|21:38:27.000,20260511,21:38:27.000,,AG,AG2612,2307000,4472,4472,2307000,visible_execution_drop,20052.5,1.4826,5,"AG2606,AG2608,AG2610,AG2607,AG2609",20,240,290.0,20029.0,20029.0,23.5,11.719237002867471,23.5,11.719237002867471,,,22.7216,20.0,23.0,23.5,11.719237002867471,detector_event_depth,3.0,901305.0,3.0,1057.5,trade_recovered_3s,0.5,,0.5,
aggregated-tick-v1,AUTO_INFERRED_V1,validated,AG2612|22:29:50.500,20260511,22:29:50.500,,AG,AG2612,5390500,10457,10457,5391000,visible_execution_drop,19872.0,0.7413,5,"AG2606,AG2608,AG2610,AG2607,AG2609",20,146,290.0,19850.0,19856.34693877551,22.0,11.070853462157809,15.653061224489647,7.876943047750427,,,20.0,20.0,20.0,22.0,11.070853462157809,detector_event_depth,49.0,14594415.0,64.0,11504.99999999989,trade_recovered_3s,1.0,,0.5,
aggregated-tick-v1,AUTO_INFERRED_V1,validated,IC2606|14:48:11.600,20260511,14:48:11.600,,IC,IC2606,64091600,26070,26070,64091600,visible_execution_drop,8753.400000000001,4.818450000010787,3,"IC2605,IC2609,IC2612",20,425,290.0,8745.0,8751.342857142858,42.00000000000728,9.596271163206817,10.285714285719225,2.3501072236432066,,,32.08240000022459,31.58240000002521,42.00000000000728,42.00000000000728,9.596271163206817,detector_event_depth,28.0,49007520.0,28.0,11520.00000000553,trade_recovered_3s,0.5,,1.0,
aggregated-tick-v1,AUTO_INFERRED_V1,validated,IM2606|14:32:21.600,20260511,14:32:21.600,14:32:22.600,IM,IM2606,63141600,24792,24792,63141600,"visible_execution_drop,interval_execution_drop",8759.85,1.85325,2,"IM2609,IM2612",20,459,289.0,8753.2,8755.22,33.24999999999818,7.591454191566792,23.150000000005093,5.28547863262615,8754.832258064516,25.08870967742041,21.899625,21.899625,29.75000000000364,33.24999999999818,7.591454191566792,detector_event_depth,20.0,35020880.0,20.0,18520.000000004075,trade_recovered_3s,0.5,1.5,0.5,
aggregated-tick-v1,AUTO_INFERRED_V1,validated,SN2606|09:41:00.000,20260511,09:41:00.000,09:41:01.000,SN,SN2606,45660000,33130,33130,45660000,interval_execution_drop,430685.0,7.412999999999999,5,"SN2607,SN2608,SN2609,SN2610,SN2612",20,507,290.0,430640.0,430308.5106382979,4.5,1.0448471620790136,37.64893617021153,8.7416409139421,430343.1666666667,34.18333333333139,32.3672,27.58471304346524,36.24715045592457,34.18333333333139,7.936968627496057,detector_event_depth,94.0,40449000.0,94.0,35389.999999998836,trade_recovered_3s,,1.5,0.5,
aggregated-tick-v1,AUTO_INFERRED_V1,validated,SN2606|09:58:57.500,20260511,09:58:57.500,09:58:58.500,SN,SN2606,46737500,35284,35284,46737500,interval_execution_drop,429245.0,3.7065,5,"SN2607,SN2608,SN2609,SN2610,SN2612",20,443,290.0,428970.0,428963.1818181818,27.5,6.406597630723713,28.181818181817658,6.5654388942952515,428964.7169811321,28.028301886795088,29.651999999999997,23.7216,28.181818181817658,28.028301886795088,6.529674634950923,detector_event_depth,44.0,18874380.0,44.0,12399.999999999767,trade_recovered_3s,,1.5,0.5,
aggregated-tick-v1,AUTO_INFERRED_V1,validated,SN2606|10:12:19.500,20260511,10:12:19.500,,SN,SN2606,47539500,36887,36887,47539500,visible_execution_drop,431090.0,7.412999999999999,3,"SN2607,SN2608,SN2609",20,477,290.0,430770.0,430994.2105263158,32.0,7.423043911944141,9.57894736842136,2.2220295920622974,,,30.651999999999997,28.50853333330838,32.0,32.0,7.423043911944141,detector_event_depth,19.0,8188890.0,19.0,1820.0000000000584,trade_recovered_3s,0.5,,0.5,
aggregated-tick-v1,AUTO_INFERRED_V1,validated,SN2606|14:10:27.000,20260511,14:10:27.000,,SN,SN2606,61827000,49239,49239,61827000,visible_execution_drop,424085.0,9.26625,4,"SN2607,SN2608,SN2610,SN2612",20,485,290.0,423850.0,423944.6875,23.5,5.541341947958546,14.03125,3.308593796055036,,,22.7216,21.20425,20.5,23.5,5.541341947958546,detector_event_depth,32.0,13566230.0,32.0,4490.0,trade_recovered_3s,0.5,,0.5,
aggregated-tick-v1,AUTO_INFERRED_V1,validated,SN2606|14:15:50.000,20260511,14:15:50.000,14:15:51.000,SN,SN2606,62150000,49878,49878,62150500,"visible_execution_drop,interval_execution_drop",423475.0,4.447799999999999,5,"SN2607,SN2608,SN2609,SN2610,SN2612",20,477,290.0,423000.0,423218.9090909091,47.5,11.216718814569928,25.609090909088263,6.047367827873726,423111.3855421687,36.36144578313106,21.17375,21.17375,44.75396825397038,47.5,11.216718814569928,detector_event_depth,55.0,23277040.0,128.0,14084.999999998545,trade_recovered_3s,1.0,2.0,1.0,
aggregated-tick-v1,AUTO_INFERRED_V1,validated,SN2606|14:45:34.000,20260511,14:45:34.000,,SN,SN2606,63934000,53429,53429,63934000,visible_execution_drop,421975.0,7.227675,4,"SN2607,SN2609,SN2610,SN2612",20,478,290.0,421680.0,421807.5,29.5,6.990935481959832,16.75,3.969429468570413,,,26.651999999999997,23.4842666666772,26.875,29.5,6.990935481959832,detector_event_depth,56.0,23621220.0,56.0,9380.0,trade_recovered_3s,0.5,,0.5,
aggregated-tick-v1,AUTO_INFERRED_V1,validated,SN2607|22:09:16.500,20260511,22:09:16.500,,SN,SN2607,4156500,8284,8284,4156500,visible_execution_drop,421215.0,5.1891,3,"SN2606,SN2610,SN2612",20,278,290.0,420800.0,420800.0,41.5,9.852450648718587,41.5,9.852450648718587,,,38.5824,34.66756666666569,22.25,41.5,9.852450648718587,detector_event_depth,1.0,420800.0,1.0,415.0,trade_recovered_3s,1.0,,0.5,
aggregated-tick-v1,AUTO_INFERRED_V1,validated,AG2608|21:43:50.500,20260512,21:43:50.500,,AG,AG2608,2630500,5261,5261,2630500,visible_execution_drop,21126.5,3.7065,5,"AG2606,AG2610,AG2612,AG2607,AG2609",20,580,290.0,21100.0,21112.47685185185,26.5,12.54348803635245,14.02314814814963,6.637705321823127,,,20.0,20.0,22.25,26.5,12.54348803635245,detector_event_depth,216.0,68404425.0,216.0,45435.0000000048,trade_recovered_3s,0.5,,0.5,
aggregated-tick-v1,AUTO_INFERRED_V1,validated,AG2608|21:45:05.000,20260512,21:45:05.000,,AG,AG2608,2705000,5410,5410,2705000,visible_execution_drop,21121.5,0.7413,5,"AG2606,AG2610,AG2612,AG2607,AG2609",20,576,290.0,21100.0,21110.098765432096,21.5,10.179201287787324,11.401234567903884,5.397928446324308,,,20.0,20.0,21.02100840336061,21.5,10.179201287787324,detector_event_depth,162.0,51297540.0,162.0,27705.00000000644,trade_recovered_3s,0.5,,0.5,
aggregated-tick-v1,AUTO_INFERRED_V1,validated,AG2608|14:12:20.000,20260512,14:12:20.000,,AG,AG2608,61940000,60783,60783,61940000,visible_execution_drop,20962.5,2.2239,5,"AG2606,AG2610,AG2612,AG2607,AG2609",20,554,290.0,20930.0,20945.004484304933,32.5,15.503875968992247,17.495515695067297,8.346101703073249,,,20.0,20.0,32.5,32.5,15.503875968992247,detector_event_depth,223.0,70061040.0,223.0,58522.50000000011,trade_recovered_3s,0.5,,0.5,
aggregated-tick-v1,AUTO_INFERRED_V1,validated,AG2608|14:12:44.000,20260512,14:12:44.000,,AG,AG2608,61964000,60831,60831,61964000,visible_execution_drop,20950.0,0.0,5,"AG2606,AG2610,AG2612,AG2607,AG2609",20,551,290.0,20930.0,20935.077669902916,20.0,9.54653937947494,14.92233009708434,7.122830595266989,,,20.0,20.0,18.25,20.0,9.54653937947494,detector_event_depth,103.0,32344695.0,103.0,23054.999999995307,trade_recovered_3s,0.5,,0.5,
aggregated-tick-v1,AUTO_INFERRED_V1,validated,BC2606|21:04:08.500,20260512,21:04:08.500,,BC,BC2606,248500,491,491,248500,visible_execution_drop,94150.0,2.9652,3,"BC2607,BC2608,BC2609",20,119,238.0,93930.0,93930.0,22.0,23.36696760488582,22.0,23.36696760488582,,,20.0,20.0,22.0,22.0,23.36696760488582,detector_event_depth,4.0,1878600.0,4.0,4400.0,trade_recovered_10s,3.5,,4.0,
aggregated-tick-v1,AUTO_INFERRED_V1,validated,IM2605|09:44:21.900,20260512,09:44:21.900,,IM,IM2605,45861900,1713,1713,45861900,visible_execution_drop,8790.1,0.7412999999892126,3,"IM2606,IM2609,IM2612",20,433,290.0,8782.6,8787.4,37.5,8.53232613963436,13.500000000003638,3.0716374102691977,,,28.082400000021572,23.634600000086294,37.5,37.5,8.53232613963436,detector_event_depth,15.0,26362200.0,15.0,8100.000000002183,trade_recovered_3s,1.0,,0.5,
aggregated-tick-v1,AUTO_INFERRED_V1,validated,NI2606|10:11:09.000,20260512,10:11:09.000,,NI,NI2606,47469000,37340,37340,47469000,visible_execution_drop,146500.0,0.0,5,"NI2607,NI2609,NI2608,NI2610,NI2612",20,541,290.0,146270.0,146431.1607142857,23.0,15.699658703071671,6.883928571428987,4.698927352511254,,,20.0,20.0,20.91666666666715,23.0,15.699658703071671,detector_event_depth,224.0,32800580.0,224.0,15420.000000000931,trade_recovered_3s,0.5,,0.5,
aggregated-tick-v1,AUTO_INFERRED_V1,validated,NI2606|14:30:46.500,20260512,14:30:46.500,,NI,NI2606,63046000,52297,52297,63046500,"visible_execution_drop,interval_execution_drop",144690.0,3.7065,5,"NI2607,NI2609,NI2608,NI2610,NI2612",20,565,290.0,144340.0,144544.77477477476,35.0,24.189646831156267,14.52252252252365,10.03699116906742,,,20.0,20.0,34.484848484848044,35.0,24.189646831156267,detector_event_depth,111.0,16044470.0,788.0,16120.000000001251,trade_recovered_3s,0.5,1.5,1.0,
aggregated-tick-v1,AUTO_INFERRED_V1,validated,NI2606|14:30:56.500,20260512,14:30:56.500,,NI,NI2606,63056500,52317,52317,63056500,visible_execution_drop,144337.5,1.85325,4,"NI2609,NI2608,NI2610,NI2612",20,569,290.0,144100.0,144184.01315789475,23.75,16.454490343812246,15.348684210525244,10.63388531083415,,,20.0,20.0,20.4908536585368,23.75,16.454490343812246,detector_event_depth,152.0,21915970.0,152.0,23329.99999999837,trade_recovered_3s,0.5,,1.5,
aggregated-tick-v1,AUTO_INFERRED_V1,validated,NI2609|14:30:48.000,20260512,14:30:48.000,,NI,NI2609,63048000,42567,42567,63048000,visible_execution_drop,145750.0,2.9652,4,"NI2606,NI2607,NI2608,NI2610",20,306,290.0,145550.0,145670.25316455695,20.0,13.7221269296741,7.974683544304571,5.4714809909465325,,,20.0,20.0,16.5,20.0,13.7221269296741,detector_event_depth,79.0,11507950.0,79.0,6300.000000000611,trade_recovered_3s,0.5,,0.5,
aggregated-tick-v1,AUTO_INFERRED_V1,validated,PS2606|14:14:09.741,20260512,14:14:09.741,,PS,PS2606,62049741,13651,13651,62049741,visible_execution_drop,36742.5,7.412999999999999,5,"PS2609,PS2607,PS2608,PS2611,PS2610",20,288,288.315,36625.0,36636.545454545456,23.5,31.979315506565964,21.190909090908825,28.83705394421831,,,20.0,21.363888658265623,13.75,23.5,31.979315506565964,detector_event_depth,55.0,6045030.0,55.0,17482.49999999978,trade_recovered_3s,0.572,,0.572,
aggregated-tick-v1,AUTO_INFERRED_V1,validated,SN2606|23:58:07.500,20260512,23:58:07.500,,SN,SN2606,10687500,21336,21336,10687500,visible_execution_drop,435960.0,5.9304,3,"SN2607,SN2610,SN2612",20,424,290.0,435730.0,435752.5,23.0,5.275713368198917,20.75,4.759610973483806,,,21.798,21.798,22.625,23.0,5.275713368198917,detector_event_depth,4.0,1743010.0,4.0,830.0,trade_recovered_3s,0.5,,0.5,
aggregated-tick-v1,AUTO_INFERRED_V1,validated,SN2606|00:27:07.000,20260512,00:27:07.000,00:27:08.000,SN,SN2606,12427000,24785,24785,12427000,interval_execution_drop,433942.5,5.1891,4,"SN2608,SN2609,SN2610,SN2612",20,486,290.0,433850.0,433617.30337078654,9.25,2.131618820465845,32.519662921346026,7.494002758740161,433672.5,27.0,25.4368,21.697125,29.769662921346026,27.0,6.222022502981385,detector_event_depth,89.0,38591940.0,89.0,28942.499999997963,trade_recovered_3s,,1.5,0.5,
aggregated-tick-v1,AUTO_INFERRED_V1,validated,SN2606|00:37:01.500,20260512,00:37:01.500,,SN,SN2606,13021500,25971,25971,13021500,visible_execution_drop,432525.0,6.6716999999999995,4,"SN2607,SN2608,SN2610,SN2612",20,510,290.0,432230.0,432388.09523809527,29.5,6.820415004913011,13.69047619047342,3.1652450587765837,,,23.7216,22.320946666678463,26.9,29.5,6.820415004913011,detector_event_depth,42.0,18160300.0,42.0,5749.999999998836,trade_recovered_3s,0.5,,0.5,
aggregated-tick-v1,AUTO_INFERRED_V1,validated,SN2606|00:41:23.500,20260512,00:41:23.500,,SN,SN2606,13283500,26492,26492,13283500,visible_execution_drop,432535.0,6.6716999999999995,5,"SN2607,SN2608,SN2609,SN2610,SN2612",20,481,290.0,432260.0,432370.625,27.5,6.357866993422498,16.4375,3.800270498341175,,,22.7216,21.62675,22.85,27.5,6.357866993422498,detector_event_depth,32.0,13835860.0,32.0,5260.0,trade_recovered_3s,0.5,,0.5,
aggregated-tick-v1,AUTO_INFERRED_V1,validated,SN2606|00:41:31.500,20260512,00:41:31.500,,SN,SN2606,13291500,26508,26508,13292000,visible_execution_drop,432445.0,2.9652,5,"SN2607,SN2608,SN2609,SN2610,SN2612",20,484,290.0,432180.0,432253.6,26.5,6.127946906543029,19.140000000002328,4.425996369481051,,,22.7216,21.62225,26.5,26.5,6.127946906543029,detector_event_depth,25.0,10806340.0,61.0,4785.000000000582,trade_recovered_3s,1.0,,1.0,
aggregated-tick-v1,AUTO_INFERRED_V1,validated,SN2606|00:44:55.500,20260512,00:44:55.500,,SN,SN2606,13495500,26916,26916,13495500,visible_execution_drop,431132.5,4.81845,4,"SN2608,SN2609,SN2610,SN2612",20,477,290.0,430680.0,430894.4871794872,45.25,10.49561329753614,23.801282051281305,5.520642041896936,,,43.5128,40.05920000002301,45.25,45.25,10.49561329753614,detector_event_depth,78.0,33609770.0,78.0,18564.999999999414,trade_recovered_3s,0.5,,0.5,
aggregated-tick-v1,AUTO_INFERRED_V1,validated,SN2606|09:26:14.500,20260512,09:26:14.500,,SN,SN2606,44774500,31870,31870,44774500,visible_execution_drop,436895.0,8.895599999999998,5,"SN2607,SN2608,SN2609,SN2610,SN2612",20,538,290.0,436570.0,436757.7272727273,32.5,7.43885830691585,13.727272727270613,3.142007284878657,,,32.1172,24.74101333333139,29.21666666666861,32.5,7.43885830691585,detector_event_depth,22.0,9608670.0,22.0,3019.9999999995343,trade_recovered_3s,0.5,,0.5,
aggregated-tick-v1,AUTO_INFERRED_V1,validated,SN2606|10:00:31.500,20260512,10:00:31.500,,SN,SN2606,46831500,35979,35979,46831500,visible_execution_drop,432705.0,1.4826,5,"SN2607,SN2608,SN2609,SN2610,SN2612",20,467,290.0,432390.0,432534.28571428574,31.5,7.279786459597186,17.071428571426075,3.945281097150733,,,31.151999999999997,27.031733333354403,28.0,31.5,7.279786459597186,detector_event_depth,14.0,6055480.0,14.0,2389.9999999996508,trade_recovered_3s,0.5,,0.5,
aggregated-tick-v1,AUTO_INFERRED_V1,validated,SN2606|10:14:11.000,20260512,10:14:11.000,,SN,SN2606,47651000,37614,37614,47654500,"visible_execution_drop,interval_execution_drop",429982.5,5.559749999999999,4,"SN2607,SN2609,SN2610,SN2612",20,458,290.0,429620.0,429925.0,36.25,8.430575662963028,5.75,1.337263725849308,,,30.651999999999997,27.20714285713216,24.125,36.25,8.430575662963028,detector_event_depth,90.0,38693250.0,393.0,5175.0,trade_recovered_3s,0.5,1.5,1.0,
aggregated-tick-v1,AUTO_INFERRED_V1,validated,SN2606|11:02:40.500,20260512,11:02:40.500,11:02:41.500,SN,SN2606,50560500,41620,41620,50560500,"visible_execution_drop,interval_execution_drop",431795.0,1.4826,5,"SN2607,SN2608,SN2609,SN2610,SN2612",20,471,290.0,431350.0,431525.4054054054,44.5,10.30581641751294,26.959459459461502,6.243578424822313,431547.4545454546,24.75454545454704,30.651999999999997,24.7216,42.75,44.5,10.30581641751294,detector_event_depth,37.0,15966440.0,37.0,9975.000000000757,trade_recovered_3s,0.5,1.5,0.5,
aggregated-tick-v1,AUTO_INFERRED_V1,validated,SN2606|14:24:50.000,20260512,14:24:50.000,14:24:51.000,SN,SN2606,62690000,51422,51422,62690000,interval_execution_drop,426955.0,7.78365,4,"SN2607,SN2609,SN2610,SN2612",20,461,290.0,426760.0,426654.4401544402,19.5,4.567226054268014,30.055984555982285,7.0396141410645825,426577.1271929825,37.78728070175275,35.5824,29.151999999999997,26.680984555982285,37.78728070175275,8.850412971332517,detector_event_depth,259.0,110503500.0,259.0,77844.99999999412,trade_recovered_3s,,1.5,0.5,
aggregated-tick-v1,AUTO_INFERRED_V1,validated,SN2607|23:44:49.500,20260512,23:44:49.500,,SN,SN2607,9889500,19646,19646,9889500,visible_execution_drop,436317.5,4.81845,4,"SN2606,SN2608,SN2609,SN2610",20,169,290.0,436000.0,436150.0,31.75,7.276811037833687,16.75,3.838947555392575,,,28.4368,28.1868,24.75,31.75,7.276811037833687,detector_event_depth,8.0,3489200.0,8.0,1340.0,trade_recovered_3s,1.0,,0.5,
aggregated-tick-v1,AUTO_INFERRED_V1,validated,SN2607|00:43:14.500,20260512,00:43:14.500,,SN,SN2607,13394500,26437,26437,13395000,visible_execution_drop,431872.5,9.26625,4,"SN2606,SN2608,SN2610,SN2612",20,186,290.0,431500.0,431650.0,37.25,8.625230826227648,22.25,5.151983513652756,,,36.44,32.09685714286784,31.5,37.25,8.625230826227648,detector_event_depth,2.0,863300.0,11.0,445.0,trade_recovered_3s,0.5,,0.5,
aggregated-tick-v1,AUTO_INFERRED_V1,validated,AG2607|21:15:51.000,20260513,21:15:51.000,,AG,AG2607,951000,1854,1854,951000,visible_execution_drop,20786.0,1.4826,5,"AG2606,AG2608,AG2610,AG2612,AG2609",20,127,290.0,20762.0,20779.166666666668,24.0,11.54623304147022,6.833333333332121,3.2874691298624654,,,23.2216,23.2216,24.0,24.0,11.54623304147022,detector_event_depth,6.0,1870125.0,6.0,614.9999999998909,trade_recovered_3s,1.0,,0.5,
aggregated-tick-v1,AUTO_INFERRED_V1,validated,AG2607|23:02:27.500,20260513,23:02:27.500,,AG,AG2607,7347500,14197,14197,7347500,visible_execution_drop,20815.5,0.7413,5,"AG2606,AG2608,AG2610,AG2612,AG2609",20,121,289.5,20784.0,20801.809523809523,31.5,15.132953808460044,13.690476190477057,6.577058533533692,,,23.2216,23.2216,31.5,31.5,15.132953808460044,detector_event_depth,21.0,6552570.0,21.0,4312.500000000273,trade_recovered_3s,2.5,,0.5,
aggregated-tick-v1,AUTO_INFERRED_V1,validated,AG2610|10:47:05.000,20260513,10:47:05.000,,AG,AG2610,49625000,50471,50471,49625000,visible_execution_drop,21291.0,5.9304,5,"AG2606,AG2608,AG2612,AG2607,AG2609",20,183,290.0,21264.0,21275.86046511628,27.0,12.681414682260108,15.139534883721351,7.1107674058153,,,20.0,20.0,26.5,27.0,12.681414682260108,detector_event_depth,43.0,13722930.0,43.0,9765.000000000273,trade_recovered_3s,0.5,,0.5,
aggregated-tick-v1,AUTO_INFERRED_V1,validated,EC2606|09:07:28.500,20260513,09:07:28.500,,EC,EC2606,43648500,872,872,43648500,visible_execution_drop,2540.875,7.04235,5,"EC2610,EC2608,EC2607,EC2605,EC2612",20,267,290.0,2510.0,2512.740740740741,61.75,121.51325822797266,56.26851851851825,110.72665620803512,,,57.234399999999994,59.211200000003586,43.08333333333303,61.75,121.51325822797266,detector_event_depth,27.0,3392200.0,27.0,37981.24999999982,trade_recovered_3s,1.0,,1.0,
aggregated-tick-v1,AUTO_INFERRED_V1,validated,IM2606|10:38:23.600,20260513,10:38:23.600,,IM,IM2606,49103600,8138,8138,49103600,visible_execution_drop,8760.199999999999,2.9651999999973024,3,"IM2605,IM2609,IM2612",20,483,290.0,8755.0,8756.194736842106,25.999999999994543,5.9359375356714565,20.026315789464206,4.572113830612134,,,25.72159999977905,25.721599999769953,17.15909090909463,25.999999999994543,5.9359375356714565,detector_event_depth,38.0,66547080.0,38.0,30439.999999985594,trade_recovered_3s,0.5,,0.5,
aggregated-tick-v1,AUTO_INFERRED_V1,validated,J2609|21:24:52.926,20260513,21:24:52.926,,J,J2609,1492926,2044,2044,1492926,visible_execution_drop,1822.25,6.6716999999999995,3,"J2701,J2606,J2607",20,107,289.004,1806.5,1806.5,31.5,86.43160927424887,31.5,86.43160927424887,,,20.0,20.0,31.5,31.5,86.43160927424887,detector_event_depth,1.0,180650.0,1.0,1575.0,truncated,,,,
aggregated-tick-v1,AUTO_INFERRED_V1,validated,SN2606|22:51:56.000,20260513,22:51:56.000,,SN,SN2606,6716000,13424,13424,6716000,visible_execution_drop,428010.0,1.4826,5,"SN2607,SN2608,SN2609,SN2610,SN2612",20,524,290.0,427740.0,427821.4545454546,27.0,6.308263825611551,18.854545454547043,4.405164705158066,,,23.7216,21.4005,27.0,27.0,6.308263825611551,detector_event_depth,55.0,23530180.0,55.0,10370.000000000871,trade_recovered_3s,0.5,,0.5,
aggregated-tick-v1,AUTO_INFERRED_V1,validated,SN2606|23:15:30.500,20260513,23:15:30.500,,SN,SN2606,8130500,16252,16252,8130500,visible_execution_drop,426080.0,8.895599999999998,5,"SN2607,SN2608,SN2609,SN2610,SN2612",20,507,290.0,425800.0,425957.1428571429,28.0,6.571535861809989,12.28571428571595,2.8834290005904877,,,24.7216,23.785221052627943,22.25,28.0,6.571535861809989,detector_event_depth,21.0,8945100.0,21.0,2580.0000000003492,trade_recovered_3s,0.5,,0.5,
aggregated-tick-v1,AUTO_INFERRED_V1,validated,SN2606|00:51:39.000,20260513,00:51:39.000,,SN,SN2606,13899000,27578,27578,13899000,visible_execution_drop,426570.0,2.9652,5,"SN2607,SN2608,SN2609,SN2610,SN2612",20,357,290.0,426250.0,426452.77777777775,32.0,7.50169960381649,11.72222222222481,2.748018431259772,,,21.3285,21.3285,30.5,32.0,7.50169960381649,detector_event_depth,18.0,7676150.0,18.0,2110.0000000004657,trade_recovered_3s,0.5,,1.0,
aggregated-tick-v1,AUTO_INFERRED_V1,validated,AG2606|21:46:10.500,20260514,21:46:10.500,,AG,AG2606,2770500,5541,5541,2770500,visible_execution_drop,21375.75,1.85325,4,"AG2608,AG2610,AG2607,AG2609",20,574,290.0,21352.0,21365.25,23.75,11.110721261242295,10.5,4.912108347075542,,,20.0,20.0,21.850000000000364,23.75,11.110721261242295,detector_event_depth,140.0,44867025.0,140.0,22050.0,trade_recovered_3s,0.5,,0.5,
aggregated-tick-v1,AUTO_INFERRED_V1,validated,AG2606|14:55:33.500,20260514,14:55:33.500,,AG,AG2606,64533500,66052,66052,64533500,visible_execution_drop,21392.5,1.4826,5,"AG2608,AG2610,AG2612,AG2607,AG2609",20,528,290.0,21371.0,21383.98148148148,21.5,10.050251256281408,8.518518518518249,3.982011694995092,,,20.0,20.0,21.5,21.5,10.050251256281408,detector_event_depth,54.0,17321025.0,54.0,6899.999999999782,trade_recovered_3s,0.5,,0.5,
aggregated-tick-v1,AUTO_INFERRED_V1,validated,AG2608|09:06:02.500,20260514,09:06:02.500,09:06:03.500,AG,AG2608,43562500,40304,40304,43562500,"visible_execution_drop,interval_execution_drop",21693.75,1.4826,4,"AG2606,AG2610,AG2607,AG2609",20,565,290.0,21660.0,21671.20727272727,33.75,15.557476231633537,22.54272727272837,10.391346481234628,21672.09492273731,21.65507726269061,24.2216,20.0,31.888888888888687,33.75,15.557476231633537,detector_event_depth,275.0,89393730.0,275.0,92988.75000000453,trade_recovered_3s,0.5,1.5,0.5,
aggregated-tick-v1,AUTO_INFERRED_V1,validated,AG2608|09:06:41.500,20260514,09:06:41.500,09:06:42.500,AG,AG2608,43601500,40382,40382,43601500,"visible_execution_drop,interval_execution_drop",21625.0,1.4826,5,"AG2606,AG2610,AG2612,AG2607,AG2609",20,581,290.0,21600.0,21603.869565217392,25.0,11.560693641618498,21.130434782608063,9.771299321437256,21604.03736263736,20.962637362637903,24.2216,20.0,22.5384615384628,25.0,11.560693641618498,detector_event_depth,253.0,81986685.0,253.0,80189.9999999976,trade_recovered_3s,0.5,1.5,0.5,
aggregated-tick-v1,AUTO_INFERRED_V1,validated,AG2609|22:25:03.500,20260514,22:25:03.500,,AG,AG2609,5103500,9594,9594,5104000,visible_execution_drop,21550.0,1.4826,5,"AG2606,AG2608,AG2610,AG2612,AG2607",20,114,290.0,21527.0,21539.2,23.0,10.672853828306264,10.799999999999272,5.011600928073909,,,20.0,20.0,23.0,23.0,10.672853828306264,detector_event_depth,20.0,6461760.0,24.0,3239.9999999997817,trade_recovered_3s,1.0,,0.5,
aggregated-tick-v1,AUTO_INFERRED_V1,validated,AG2609|22:25:29.000,20260514,22:25:29.000,22:25:30.000,AG,AG2609,5129000,9645,9645,5129000,visible_execution_drop,21580.5,0.7413,5,"AG2606,AG2608,AG2610,AG2612,AG2607",20,129,290.0,21548.0,21557.571428571428,32.5,15.05989203215866,22.928571428572468,10.6246710820289,21563.939393939392,16.560606060607824,20.0,20.601333333346503,29.25,32.5,15.05989203215866,detector_event_depth,21.0,6790635.0,21.0,7222.500000000327,trade_recovered_3s,0.5,,0.5,
aggregated-tick-v1,AUTO_INFERRED_V1,validated,AG2609|00:17:54.000,20260514,00:17:54.000,,AG,AG2609,11874000,21732,21732,11874500,visible_execution_drop,22066.5,3.7065,3,"AG2610,AG2612,AG2607",20,107,289.5,22041.0,22059.857142857145,25.5,11.555978519475223,6.642857142855064,3.010380958853948,,,22.7216,22.7216,24.5,25.5,11.555978519475223,detector_event_depth,7.0,2316285.0,8.0,697.4999999997817,trade_recovered_3s,1.0,,0.5,
aggregated-tick-v1,AUTO_INFERRED_V1,validated,AG2612|09:51:16.000,20260514,09:51:16.000,,AG,AG2612,46276000,43078,43078,46276000,visible_execution_drop,21617.0,0.7413,5,"AG2606,AG2608,AG2610,AG2607,AG2609",20,173,290.0,21596.0,21601.875,21.0,9.714576490724893,15.125,6.996808067724476,,,20.0,20.0,21.0,21.0,9.714576490724893,detector_event_depth,8.0,2592225.0,8.0,1815.0,trade_recovered_3s,1.0,,0.5,
aggregated-tick-v1,AUTO_INFERRED_V1,validated,IH2605|14:54:34.700,20260514,14:54:34.700,,IH,IH2605,64474700,15755,15755,64474700,visible_execution_drop,2998.1000000000004,3.3710421121213586e-12,3,"IH2606,IH2609,IH2612",20,127,289.5,2993.8,2996.0,21.50000000000091,14.34241686401448,10.50000000000182,7.00443614289171,,,20.0,20.0,17.500000000002274,21.50000000000091,14.34241686401448,detector_event_depth,4.0,3595200.0,4.0,2520.000000000437,trade_recovered_3s,0.5,,0.5,
aggregated-tick-v1,AUTO_INFERRED_V1,validated,IM2605|09:31:52.200,20260514,09:31:52.200,09:31:53.200,IM,IM2605,45112200,224,224,45112200,"visible_execution_drop,interval_execution_drop",8963.100000000002,4.447800000016181,3,"IM2606,IM2609,IM2612",20,149,162.0,8900.0,8941.256310679611,315.5000000000109,70.39975008646805,109.21844660195347,24.37068572300955,8947.517127071822,77.91436464090111,66.87359999998206,59.021955555544,302.75000000001,315.5000000000109,70.39975008646805,detector_event_depth,103.0,184189880.0,103.0,449980.0000000483,trade_recovered_3s,0.5,1.5,0.5,
aggregated-tick-v1,AUTO_INFERRED_V1,validated,SN2606|00:15:13.000,20260514,00:15:13.000,,SN,SN2606,11713000,23335,23335,11713000,visible_execution_drop,439345.0,0.7413,4,"SN2607,SN2609,SN2610,SN2612",20,451,290.0,439100.0,439246.5625,24.5,5.576483173815567,9.84375,2.2405512751937544,,,23.7216,21.96725,24.5,24.5,5.576483173815567,detector_event_depth,32.0,14055890.0,32.0,3150.0,trade_recovered_3s,0.5,,0.5,
aggregated-tick-v1,AUTO_INFERRED_V1,validated,SN2606|00:18:04.500,20260514,00:18:04.500,,SN,SN2606,11882000,23672,23672,11884500,visible_execution_drop,437815.0,8.895599999999998,4,"SN2607,SN2608,SN2609,SN2610",20,377,290.0,437500.0,437643.0379746836,31.5,7.194819729794548,17.196202531643213,3.927732611181255,,,24.2216,22.244799999976987,23.548701298702508,31.5,7.194819729794548,detector_event_depth,79.0,34573800.0,261.0,13584.999999998136,trade_recovered_3s,0.5,,0.5,
aggregated-tick-v1,AUTO_INFERRED_V1,validated,SN2606|09:52:00.500,20260514,09:52:00.500,09:52:01.500,SN,SN2606,46320500,34741,34741,46320500,"visible_execution_drop,interval_execution_drop",430830.0,7.412999999999999,3,"SN2607,SN2609,SN2612",20,498,290.0,430500.0,430584.8571428571,33.0,7.659633730241627,24.51428571428405,5.690013628179107,430614.1836734694,21.58163265305921,30.151999999999997,21.5415,32.125,33.0,7.659633730241627,detector_event_depth,35.0,15070470.0,35.0,8579.999999999418,trade_recovered_3s,0.5,1.5,0.5,
aggregated-tick-v1,AUTO_INFERRED_V1,validated,SN2606|09:55:32.000,20260514,09:55:32.000,,SN,SN2606,46532000,35163,35163,46532000,visible_execution_drop,429780.0,7.042349999999999,5,"SN2607,SN2608,SN2609,SN2610,SN2612",20,506,290.0,429300.0,429532.5882352941,48.0,11.168504816417702,24.74117647059029,5.756707261992249,,,35.5824,27.00227582417547,47.75,48.0,11.168504816417702,detector_event_depth,85.0,36510270.0,85.0,21030.000000001743,trade_recovered_3s,0.5,,0.5,
aggregated-tick-v1,AUTO_INFERRED_V1,validated,SN2606|11:08:05.500,20260514,11:08:05.500,,SN,SN2606,50885500,42067,42067,50885500,visible_execution_drop,425085.0,2.2238999999999995,5,"SN2607,SN2608,SN2609,SN2610,SN2612",20,474,290.0,424750.0,424928.9502762431,33.5,7.880776785819307,15.604972375690704,3.6710240012446222,,,30.651999999999997,27.290323809525315,23.0,33.5,7.880776785819307,detector_event_depth,181.0,76912140.0,181.0,28245.000000000175,trade_recovered_3s,0.5,,0.5,
aggregated-tick-v1,AUTO_INFERRED_V1,validated,SN2607|21:34:30.000,20260514,21:34:30.000,,SN,SN2607,2070000,4139,4139,2070000,visible_execution_drop,438135.0,0.0,4,"SN2606,SN2608,SN2609,SN2610",20,345,290.0,437610.0,437753.06666666665,52.5,11.982608100243077,38.19333333333488,8.717252292862904,,,47.4432,41.5128,51.3333333333343,52.5,11.982608100243077,detector_event_depth,75.0,32831480.0,75.0,28645.000000001164,trade_recovered_3s,0.5,,0.5,
aggregated-tick-v1,AUTO_INFERRED_V1,validated,SN2607|00:59:39.500,20260514,00:59:39.500,,SN,SN2607,14379000,28026,28026,14379500,visible_execution_drop,439560.0,2.2238999999999995,4,"SN2608,SN2609,SN2610,SN2612",20,127,289.5,439050.0,439050.0,51.0,11.6025116025116,51.0,11.6025116025116,,,35.0824,29.151999999999997,45.0,51.0,11.6025116025116,detector_event_depth,3.0,1317150.0,21.0,1530.0,trade_recovered_3s,1.0,,1.0,
aggregated-tick-v1,AUTO_INFERRED_V1,validated,SN2607|10:47:56.000,20260514,10:47:56.000,10:47:57.000,SN,SN2607,49676000,39199,39199,49676000,"visible_execution_drop,interval_execution_drop",427530.0,1.4826,5,"SN2606,SN2608,SN2609,SN2610,SN2612",20,238,290.0,427000.0,427131.7460317461,53.0,12.396790868477066,39.82539682539645,9.315228598085856,427163.8211382114,36.617886178859045,32.5824,32.5824,53.0,53.0,12.396790868477066,detector_event_depth,63.0,26909300.0,63.0,25089.999999999767,trade_recovered_3s,0.5,3.0,0.5,
aggregated-tick-v1,AUTO_INFERRED_V1,validated,AG2606|21:18:54.000,20260515,21:18:54.000,,AG,AG2606,1134000,2268,2268,1134000,visible_execution_drop,21036.5,0.7413,3,"AG2608,AG2610,AG2612",20,577,290.0,21016.0,21029.703703703704,20.5,9.744967081025836,6.796296296295623,3.230716277087739,,,20.0,20.0,20.5,20.5,9.744967081025836,detector_event_depth,108.0,34068120.0,108.0,11009.999999998909,trade_recovered_3s,0.5,,0.5,
aggregated-tick-v1,AUTO_INFERRED_V1,validated,AG2606|21:44:25.500,20260515,21:44:25.500,,AG,AG2606,2665500,5331,5331,2665500,visible_execution_drop,20721.0,1.4826,5,"AG2608,AG2610,AG2612,AG2607,AG2609",20,581,290.0,20700.0,20707.363095238095,21.0,10.13464601129289,13.636904761904589,6.581200116743685,,,20.0,20.0,17.75,21.0,10.13464601129289,detector_event_depth,168.0,52182555.0,168.0,34364.99999999956,trade_recovered_3s,0.5,,0.5,
aggregated-tick-v1,AUTO_INFERRED_V1,validated,AG2606|22:54:22.000,20260515,22:54:22.000,22:54:23.000,AG,AG2606,6862000,13724,13724,6862000,"visible_execution_drop,interval_execution_drop",20841.5,0.7413,3,"AG2612,AG2607,AG2609",20,528,290.0,20801.0,20816.733333333337,40.5,19.432382506057625,24.766666666666424,11.883341730041709,20818.626086956523,22.873913043476932,20.0,20.0,40.0,40.5,19.432382506057625,detector_event_depth,345.0,107726595.0,345.0,128167.49999999876,trade_recovered_3s,0.5,1.5,0.5,
aggregated-tick-v1,AUTO_INFERRED_V1,validated,AG2606|09:08:00.500,20260515,09:08:00.500,09:08:01.500,AG,AG2606,43680500,40178,40178,43680500,"visible_execution_drop,interval_execution_drop",20137.5,3.33585,5,"AG2608,AG2610,AG2612,AG2607,AG2609",20,581,290.0,20099.0,20107.155080213903,38.5,19.118559900682804,30.344919786097307,15.068861470439382,20110.579150579153,26.920849420846935,30.151999999999997,25.59029723576708,35.74206349206361,38.5,19.118559900682804,detector_event_depth,374.0,112801140.0,374.0,170235.00000000588,trade_recovered_3s,0.5,1.5,0.5,
aggregated-tick-v1,AUTO_INFERRED_V1,validated,AG2606|10:51:44.000,20260515,10:51:44.000,,AG,AG2606,49904000,50826,50826,49904000,visible_execution_drop,20006.5,2.9652,5,"AG2608,AG2610,AG2612,AG2607,AG2609",20,461,290.0,19980.0,19996.551282051285,26.5,13.24569514907655,9.948717948715055,4.972742832936824,,,20.0,20.0,24.5,26.5,13.24569514907655,detector_event_depth,78.0,23395965.0,78.0,11639.999999996617,trade_recovered_3s,0.5,,0.5,
aggregated-tick-v1,AUTO_INFERRED_V1,validated,AG2607|13:59:59.000,20260515,13:59:59.000,,AG,AG2607,61198500,53689,53689,61199000,visible_execution_drop,19232.0,4.8184499999999995,4,"AG2606,AG2610,AG2612,AG2609",20,230,290.0,19207.0,19207.0,25.0,12.999168053244592,25.0,12.999168053244592,,,21.2216,21.2216,24.5,25.0,12.999168053244592,detector_event_depth,1.0,288105.0,13.0,375.0,trade_recovered_3s,0.5,,0.5,
aggregated-tick-v1,AUTO_INFERRED_V1,validated,AG2609|21:19:57.000,20260515,21:19:57.000,,AG,AG2609,1197000,2316,2316,1197000,visible_execution_drop,21072.5,2.2239,4,"AG2606,AG2608,AG2612,AG2607",20,259,290.0,21047.0,21065.285714285717,25.5,12.101079606121722,7.214285714282596,3.4235547345035453,,,21.7216,21.7216,24.625,25.5,12.101079606121722,detector_event_depth,7.0,2211855.0,7.0,757.4999999996726,trade_recovered_3s,2.0,,0.5,
aggregated-tick-v1,AUTO_INFERRED_V1,validated,AG2609|22:14:07.500,20260515,22:14:07.500,,AG,AG2609,4447500,8681,8681,4447500,visible_execution_drop,20867.0,0.7413,5,"AG2606,AG2608,AG2610,AG2612,AG2607",20,233,290.0,20832.0,20851.153846153848,35.0,16.772895001677288,15.846153846152449,7.593882132626849,,,27.1868,24.2216,35.0,35.0,16.772895001677288,detector_event_depth,13.0,4065975.0,13.0,3089.999999999727,trade_recovered_3s,1.5,,0.5,
aggregated-tick-v1,AUTO_INFERRED_V1,validated,AG2609|09:28:37.500,20260515,09:28:37.500,09:28:38.500,AG,AG2609,44917000,36954,36954,44917500,visible_execution_drop,20017.5,8.1543,5,"AG2606,AG2608,AG2610,AG2612,AG2607",20,247,290.0,19989.0,19989.0,28.5,14.237542150618207,28.5,14.237542150618207,20007.9,9.599999999998545,24.2216,22.90373333330936,24.0,28.5,14.237542150618207,detector_event_depth,1.0,299835.0,12.0,427.5,trade_recovered_3s,0.5,,0.5,
aggregated-tick-v1,AUTO_INFERRED_V1,validated,AG2612|11:21:01.500,20260515,11:21:01.500,,AG,AG2612,51661500,50290,50290,51661500,visible_execution_drop,20030.0,2.2239,5,"AG2606,AG2608,AG2610,AG2607,AG2609",20,142,290.0,20005.0,20017.0,25.0,12.481278082875688,13.0,6.4902646030953575,,,24.7216,23.363999999999997,22.0,25.0,12.481278082875688,detector_event_depth,6.0,1801530.0,6.0,1170.0,trade_recovered_3s,1.5,,0.5,
aggregated-tick-v1,AUTO_INFERRED_V1,validated,IF2606|14:59:53.500,20260515,14:59:53.500,,IF,IF2606,64793500,27655,27655,64793500,visible_execution_drop,4826.65,5.559749999999999,2,"IF2609,IF2605",20,465,290.0,4822.6,4822.95,20.24999999999636,8.39091295204598,18.49999999999909,7.665772326561524,,,20.0,20.0,11.999999999995907,20.24999999999636,8.39091295204598,detector_event_depth,4.0,5787540.0,4.0,4439.999999999782,trade_recovered_3s,0.5,,0.5,
aggregated-tick-v1,AUTO_INFERRED_V1,validated,IM2609|11:23:21.000,20260515,11:23:21.000,,IM,IM2609,51801000,13068,13068,51801000,visible_execution_drop,8508.9,2.9651999999973024,3,"IM2606,IM2612,IM2605",20,316,289.5,8500.0,8501.15142857143,44.49999999999818,10.459636380730336,38.74285714285179,9.106431417187132,,,44.012799999935275,40.416759999966025,39.24999999999727,44.49999999999818,10.459636380730336,detector_event_depth,70.0,119016120.0,70.0,108479.999999985,trade_recovered_3s,0.5,,0.5,
aggregated-tick-v1,AUTO_INFERRED_V1,validated,NI2607|09:35:53.500,20260515,09:35:53.500,,NI,NI2607,45353500,33099,33099,45353500,visible_execution_drop,143570.0,0.7413,5,"NI2606,NI2609,NI2608,NI2610,NI2612",20,343,290.0,143310.0,143452.4,26.0,18.10963293167096,11.760000000000582,8.191126279863887,,,20.0,20.0,24.5,26.0,18.10963293167096,detector_event_depth,100.0,14345240.0,100.0,11760.000000000582,trade_recovered_3s,0.5,,0.5,
aggregated-tick-v1,AUTO_INFERRED_V1,validated,SN2606|13:35:37.500,20260515,13:35:37.500,,SN,SN2606,59737500,45194,45194,59741000,"visible_execution_drop,interval_execution_drop",417680.0,8.1543,5,"SN2607,SN2608,SN2609,SN2610,SN2612",20,447,290.0,417240.0,417498.0,44.0,10.53438038689906,18.2,4.357402796399157,,,41.0128,34.735200000029586,39.65789473684272,44.0,10.53438038689906,detector_event_depth,5.0,2087490.0,202.0,910.0,trade_recovered_3s,0.5,1.5,0.5,
aggregated-tick-v1,AUTO_INFERRED_V1,validated,SN2606|13:36:24.500,20260515,13:36:24.500,,SN,SN2606,59784500,45288,45288,59784500,visible_execution_drop,417175.0,9.6369,5,"SN2607,SN2608,SN2609,SN2610,SN2612",20,495,290.0,416700.0,416915.4716981132,47.5,11.386108947084557,25.95283018868067,6.221089516073752,,,47.4432,36.90500669860635,43.75,47.5,11.386108947084557,detector_event_depth,53.0,22096520.0,53.0,13755.000000000757,trade_recovered_3s,0.5,,0.5,
aggregated-tick-v1,AUTO_INFERRED_V1,validated,SN2606|14:09:26.000,20260515,14:09:26.000,,SN,SN2606,61766000,49251,49251,61766500,"visible_execution_drop,interval_execution_drop",410112.5,8.895599999999998,4,"SN2608,SN2609,SN2610,SN2612",20,520,290.0,409470.0,409965.7954545454,64.25,15.666432990947609,14.67045454545296,3.577178102460412,,,34.0824,28.151999999999997,49.35084541062533,64.25,15.666432990947609,detector_event_depth,88.0,36076990.0,141.0,12909.999999998605,trade_recovered_3s,1.0,2.0,1.0,
aggregated-tick-v1,AUTO_INFERRED_V1,validated,SN2607|23:44:22.500,20260515,23:44:22.500,,SN,SN2607,9862500,19349,19349,9862500,visible_execution_drop,425622.5,2.2238999999999995,4,"SN2606,SN2608,SN2609,SN2612",20,110,290.0,425320.0,425441.0,30.25,7.107237046913639,18.15,4.264342228148183,,,25.2216,23.738999999999997,25.75,30.25,7.107237046913639,detector_event_depth,20.0,8508820.0,20.0,3630.0,trade_recovered_3s,1.5,,0.5,
aggregated-tick-v1,AUTO_INFERRED_V1,validated,SN2607|09:54:09.000,20260515,09:54:09.000,,SN,SN2607,46449000,34288,34288,46449000,visible_execution_drop,421590.0,9.6369,5,"SN2606,SN2608,SN2609,SN2610,SN2612",20,304,290.0,421070.0,421272.8571428571,52.0,12.334258402713536,31.714285714284053,7.522542212643576,,,51.4432,42.9764,45.5,52.0,12.334258402713536,detector_event_depth,35.0,14744550.0,35.0,11099.999999999418,trade_recovered_3s,0.5,,0.5,
aggregated-tick-v1,AUTO_INFERRED_V1,validated,SN2607|10:46:33.000,20260515,10:46:33.000,,SN,SN2607,49593000,38753,38753,49593000,visible_execution_drop,423810.0,2.2238999999999995,5,"SN2606,SN2608,SN2609,SN2610,SN2612",20,211,290.0,423430.0,423715.0,38.0,8.966282060357235,9.5,2.241570515089309,,,28.651999999999997,31.617199999999997,32.0,38.0,8.966282060357235,detector_event_depth,10.0,4237150.0,10.0,950.0,trade_recovered_3s,0.5,,0.5,
aggregated-tick-v1,AUTO_INFERRED_V1,validated,SN2607|14:08:22.000,20260515,14:08:22.000,,SN,SN2607,61702000,48536,48536,61702000,visible_execution_drop,413810.0,9.6369,5,"SN2606,SN2608,SN2609,SN2610,SN2612",20,350,290.0,413330.0,413537.6666666667,48.0,11.599526352673934,27.23333333333139,6.581120159815227,,,37.0824,39.7976,48.0,48.0,11.599526352673934,detector_event_depth,60.0,24812260.0,60.0,16339.999999998836,trade_recovered_3s,0.5,,0.5,
aggregated-tick-v1,AUTO_INFERRED_V1,validated,AG2607|21:50:47.000,20260518,21:50:47.000,21:50:48.000,AG,AG2607,3047000,5995,5995,3047000,visible_execution_drop,18773.0,1.4826,5,"AG2608,AG2606,AG2610,AG2612,AG2609",20,267,290.0,18741.0,18748.1,32.0,17.045757204495818,24.900000000001455,13.263729824749085,18757.208333333332,15.79166666666788,22.7216,22.7216,31.0,32.0,17.045757204495818,detector_event_depth,10.0,2812215.0,10.0,3735.0000000002183,trade_recovered_3s,0.5,,0.5,
aggregated-tick-v1,AUTO_INFERRED_V1,validated,AG2612|14:55:14.500,20260518,14:55:14.500,,AG,AG2612,64514500,60247,60247,64514500,visible_execution_drop,18550.5,2.2239,5,"AG2608,AG2606,AG2610,AG2607,AG2609",20,106,290.0,18528.0,18536.916666666668,22.5,12.129053125252687,13.58333333333212,7.322354294133377,,,20.0,20.0,19.0,22.5,12.129053125252687,detector_event_depth,12.0,3336645.0,12.0,2444.9999999997817,trade_recovered_3s,1.0,,0.5,
aggregated-tick-v1,AUTO_INFERRED_V1,validated,IC2606|14:41:53.600,20260518,14:41:53.600,,IC,IC2606,63713600,25660,25660,63713600,visible_execution_drop,8430.8,8.154299999989211,3,"IC2609,IC2612,IC2607",20,395,290.0,8423.6,8425.863768115942,35.99999999999454,8.540114817097914,24.681159420288168,5.8549982018997415,,,31.151999999897583,31.15199999988849,30.750000000007276,35.99999999999454,8.540114817097914,detector_event_depth,69.0,116276920.0,69.0,68119.99999999534,trade_recovered_3s,0.5,,0.5,
aggregated-tick-v1,AUTO_INFERRED_V1,validated,IF2609|09:32:49.600,20260518,09:32:49.600,09:32:50.600,IF,IF2609,45169600,337,337,45170100,"visible_execution_drop,interval_execution_drop",4728.55,1.8532499999932577,3,"IF2606,IF2612,IF2607",20,234,219.5,4713.2,4721.3875,76.75000000000182,32.46238276004348,35.81250000000182,15.147349610346437,4722.654545454545,29.477272727276613,25.329200000067452,23.72160000005478,73.75000000000227,76.75000000000182,32.46238276004348,detector_event_depth,32.0,45325320.0,86.0,68760.00000000349,trade_recovered_3s,1.0,1.5,1.0,
aggregated-tick-v1,AUTO_INFERRED_V1,validated,LU2607|09:46:09.500,20260518,09:46:09.500,09:46:10.500,LU,LU2607,45969500,16679,16679,45969500,"visible_execution_drop,interval_execution_drop",5279.5,2.2239,4,"LU2608,LU2606,LU2609,LU2703",20,195,290.0,5248.0,5256.4473684210525,31.5,59.6647409792594,23.052631578947512,43.664421969784094,5258.91,20.590000000000146,20.0,20.0,18.826475455046875,31.5,59.6647409792594,detector_event_depth,38.0,1997450.0,38.0,8760.000000000055,trade_recovered_3s,0.5,1.5,1.0,
aggregated-tick-v1,AUTO_INFERRED_V1,validated,SN2606|21:44:42.000,20260518,21:44:42.000,21:44:43.000,SN,SN2606,2682000,5363,5363,2682000,"visible_execution_drop,interval_execution_drop",404017.5,8.895599999999998,4,"SN2607,SN2608,SN2610,SN2612",20,541,290.0,403400.0,403629.4252873563,61.75,15.283991411263129,38.807471264369084,9.605393643683524,403636.1421319797,38.13578680203064,27.651999999999997,24.417236363611263,58.4583333333343,61.75,15.283991411263129,detector_event_depth,87.0,35115760.0,87.0,33762.500000001106,trade_recovered_3s,0.5,1.5,0.5,
aggregated-tick-v1,AUTO_INFERRED_V1,validated,SN2606|23:35:06.000,20260518,23:35:06.000,,SN,SN2606,9306000,18499,18499,9306000,visible_execution_drop,407477.5,1.85325,2,"SN2608,SN2609",20,365,290.0,407200.0,407288.9655172414,27.75,6.810191973789963,18.853448275860863,4.6268685451002485,,,20.7564,20.373875,23.9,27.75,6.810191973789963,detector_event_depth,29.0,11811380.0,29.0,5467.499999999651,trade_recovered_3s,1.0,,1.0,
aggregated-tick-v1,AUTO_INFERRED_V1,validated,SN2606|09:47:10.000,20260518,09:47:10.000,09:47:11.000,SN,SN2606,46030000,33563,33563,46030000,interval_execution_drop,406665.0,3.7065,5,"SN2607,SN2608,SN2609,SN2610,SN2612",20,481,290.0,406660.0,406266.6666666667,0.5,0.1229513235709982,39.83333333333139,9.795122111155717,406371.9672131148,29.30327868852182,38.2976,29.15825934060601,39.4166666666657,29.30327868852182,7.205753799447168,detector_event_depth,42.0,17063200.0,42.0,16729.999999999185,trade_recovered_3s,,1.5,0.5,
aggregated-tick-v1,AUTO_INFERRED_V1,validated,SN2606|14:59:53.500,20260518,14:59:53.500,14:59:54.500,SN,SN2606,64793500,54759,54759,64793500,visible_execution_drop,410315.0,0.7413,3,"SN2607,SN2609,SN2612",20,511,290.0,410000.0,410081.8181818182,31.5,7.677028624349585,23.318181818182342,5.682995215427744,410126.1363636363,18.886363636364695,26.9368,21.0064,19.355769230768782,31.5,7.677028624349585,detector_event_depth,22.0,9021800.0,22.0,5130.000000000116,trade_recovered_3s,0.5,,0.5,
aggregated-tick-v1,AUTO_INFERRED_V1,validated,SN2607|14:37:23.000,20260518,14:37:23.000,,SN,SN2607,63443000,51728,51728,63443000,visible_execution_drop,411890.0,1.4826,5,"SN2606,SN2608,SN2609,SN2610,SN2612",20,310,290.0,411420.0,411634.28571428574,47.0,11.41081356672898,25.571428571426075,6.208314980073824,,,37.4574,35.724799999999995,42.5,47.0,11.41081356672898,detector_event_depth,14.0,5762880.0,14.0,3579.9999999996508,trade_recovered_3s,0.5,,0.5,
aggregated-tick-v1,AUTO_INFERRED_V1,validated,SN2608|10:41:37.500,20260518,10:41:37.500,,SN,SN2608,49297500,38101,38101,49297500,visible_execution_drop,410672.5,7.78365,4,"SN2606,SN2607,SN2609,SN2610",20,160,290.0,410150.0,410259.2307692307,52.25,12.723033560805751,41.32692307692487,10.063231182249814,,,50.3736,51.981199999999994,44.25,52.25,12.723033560805751,detector_event_depth,39.0,16000110.0,39.0,16117.500000000698,trade_recovered_3s,0.5,,0.5,
aggregated-tick-v1,AUTO_INFERRED_V1,validated,AG2610|13:55:44.000,20260519,13:55:44.000,,AG,AG2610,60944000,58406,58406,60944500,visible_execution_drop,18696.5,2.9652,3,"AG2608,AG2606,AG2612",20,260,290.0,18675.0,18683.3,21.5,11.499478512020966,13.200000000000728,7.060144946915587,,,20.0,20.0,16.599999999998545,21.5,11.499478512020966,detector_event_depth,20.0,5604990.0,21.0,3960.0000000002183,trade_recovered_3s,0.5,,0.5,
aggregated-tick-v1,AUTO_INFERRED_V1,validated,AG2612|22:09:01.000,20260519,22:09:01.000,,AG,AG2612,4141000,8100,8100,4141500,visible_execution_drop,19037.0,2.2239,5,"AG2608,AG2606,AG2610,AG2607,AG2609",20,263,290.0,19010.0,19026.666666666668,27.0,14.18290697063613,10.33333333333212,5.428026124563807,,,23.2216,23.2216,27.0,27.0,14.18290697063613,detector_event_depth,9.0,2568600.0,12.0,1394.9999999998363,trade_recovered_3s,1.5,,0.5,
aggregated-tick-v1,AUTO_INFERRED_V1,validated,AG2612|22:32:58.500,20260519,22:32:58.500,,AG,AG2612,5578500,10918,10918,5578500,visible_execution_drop,18870.5,1.4826,5,"AG2608,AG2606,AG2610,AG2607,AG2609",20,152,290.0,18845.0,18854.17647058824,25.5,13.513155454280492,16.323529411762138,8.650289823673,,,23.7216,23.7216,25.5,25.5,13.513155454280492,detector_event_depth,17.0,4807815.0,17.0,4162.499999999345,trade_recovered_3s,0.5,,0.5,
aggregated-tick-v1,AUTO_INFERRED_V1,validated,AG2612|10:13:29.000,20260519,10:13:29.000,,AG,AG2612,47609000,44107,44107,47609000,visible_execution_drop,18717.5,0.7413,5,"AG2608,AG2606,AG2610,AG2607,AG2609",20,176,290.0,18694.0,18701.386363636364,23.5,12.5550954988647,16.113636363636033,8.608861420401245,,,23.2216,20.0,23.5,23.5,12.5550954988647,detector_event_depth,44.0,12342915.0,44.0,10634.999999999782,trade_recovered_3s,0.5,,0.5,
aggregated-tick-v1,AUTO_INFERRED_V1,validated,BU2612|21:09:10.000,20260519,21:09:10.000,21:09:11.000,BU,BU2612,550000,1092,1092,550000,"visible_execution_drop,interval_execution_drop",3979.5,0.0,5,"BU2606,BU2609,BU2607,BU2608,BU2610",20,303,290.0,3900.0,3925.7425742574255,79.5,199.7738409347908,53.75742574257447,135.08587948881635,3922.867117117117,56.63288288288322,20.0,20.0,79.5,79.5,199.7738409347908,detector_event_depth,202.0,7930000.0,202.0,108590.00000000044,persistent_10s,2.5,,,
aggregated-tick-v1,AUTO_INFERRED_V1,validated,BU2612|21:09:35.000,20260519,21:09:35.000,,BU,BU2612,575000,1142,1142,575000,visible_execution_drop,3976.5,1.4826,5,"BU2606,BU2609,BU2607,BU2608,BU2610",20,303,290.0,3948.0,3948.0,28.5,71.67106752168993,28.5,71.67106752168993,,,20.0,20.0,28.5,28.5,71.67106752168993,detector_event_depth,3.0,118440.0,3.0,855.0,persistent_10s,,,,
aggregated-tick-v1,AUTO_INFERRED_V1,validated,BU2612|21:09:41.000,20260519,21:09:41.000,,BU,BU2612,581000,1154,1154,581000,visible_execution_drop,3977.0,0.7413,5,"BU2606,BU2609,BU2607,BU2608,BU2610",20,296,290.0,3949.0,3949.0,28.0,70.4048277596178,28.0,70.4048277596178,,,20.0,20.0,28.0,28.0,70.4048277596178,detector_event_depth,1.0,39490.0,1.0,280.0,persistent_10s,,,,
aggregated-tick-v1,AUTO_INFERRED_V1,validated,BU2612|21:09:47.000,20260519,21:09:47.000,,BU,BU2612,587000,1166,1166,587000,visible_execution_drop,3977.0,0.7413,5,"BU2606,BU2609,BU2607,BU2608,BU2610",20,289,290.0,3948.0,3948.0,29.0,72.91928589388986,29.0,72.91928589388986,,,20.0,20.0,29.0,29.0,72.91928589388986,detector_event_depth,1.0,39480.0,1.0,290.0,persistent_10s,,,,
aggregated-tick-v1,AUTO_INFERRED_V1,validated,BU2612|21:09:59.500,20260519,21:09:59.500,,BU,BU2612,599500,1190,1190,599500,visible_execution_drop,3977.0,1.4826,5,"BU2606,BU2609,BU2607,BU2608,BU2610",20,274,290.0,3949.0,3949.0,28.0,70.4048277596178,28.0,70.4048277596178,,,20.0,20.0,28.0,28.0,70.4048277596178,detector_event_depth,1.0,39490.0,1.0,280.0,persistent_10s,,,,
aggregated-tick-v1,AUTO_INFERRED_V1,validated,BU2612|21:10:10.500,20260519,21:10:10.500,,BU,BU2612,610500,1212,1212,610500,visible_execution_drop,3977.0,1.4826,5,"BU2606,BU2609,BU2607,BU2608,BU2610",20,256,290.0,3951.0,3951.0,26.0,65.37591149107368,26.0,65.37591149107368,,,20.0,20.0,26.0,26.0,65.37591149107368,detector_event_depth,10.0,395100.0,10.0,2600.0,persistent_10s,,,,
aggregated-tick-v1,AUTO_INFERRED_V1,validated,BU2612|21:10:23.000,20260519,21:10:23.000,,BU,BU2612,623000,1237,1237,623000,visible_execution_drop,3976.5,1.4826,5,"BU2606,BU2609,BU2607,BU2608,BU2610",20,248,290.0,3953.0,3953.0,23.5,59.09719602665661,23.5,59.09719602665661,,,20.0,20.0,23.5,23.5,59.09719602665661,detector_event_depth,1.0,39530.0,1.0,235.0,persistent_10s,,,,
aggregated-tick-v1,AUTO_INFERRED_V1,validated,BU2612|21:10:33.500,20260519,21:10:33.500,,BU,BU2612,633500,1258,1258,633500,visible_execution_drop,3974.0,0.7413,5,"BU2606,BU2609,BU2607,BU2608,BU2610",20,251,290.0,3952.0,3952.0,22.0,55.359838953195776,22.0,55.359838953195776,,,20.0,20.0,22.0,22.0,55.359838953195776,detector_event_depth,1.0,39520.0,1.0,220.0,persistent_10s,,,,
aggregated-tick-v1,AUTO_INFERRED_V1,validated,BU2612|21:10:37.500,20260519,21:10:37.500,,BU,BU2612,637500,1266,1266,637500,visible_execution_drop,3974.0,1.4826,5,"BU2606,BU2609,BU2607,BU2608,BU2610",20,254,290.0,3953.0,3953.0,21.0,52.84348263714142,21.0,52.84348263714142,,,20.0,20.0,21.0,21.0,52.84348263714142,detector_event_depth,1.0,39530.0,1.0,210.0,persistent_10s,,,,
aggregated-tick-v1,AUTO_INFERRED_V1,validated,BU2612|21:10:43.500,20260519,21:10:43.500,21:10:44.500,BU,BU2612,643500,1276,1276,643500,"visible_execution_drop,interval_execution_drop",3975.5,0.0,5,"BU2606,BU2609,BU2607,BU2608,BU2610",20,253,290.0,3951.0,3951.0,24.5,61.6274682429883,24.5,61.6274682429883,3951.75,23.75,20.0,20.0,24.5,24.5,61.6274682429883,detector_event_depth,1.0,39510.0,1.0,245.0,persistent_10s,,,,
aggregated-tick-v1,AUTO_INFERRED_V1,validated,BU2612|21:10:50.000,20260519,21:10:50.000,,BU,BU2612,650000,1289,1289,650000,visible_execution_drop,3977.5,0.7413,5,"BU2606,BU2609,BU2607,BU2608,BU2610",20,252,289.0,3954.0,3954.0,23.5,59.08233815210559,23.5,59.08233815210559,,,20.0,20.0,23.5,23.5,59.08233815210559,detector_event_depth,1.0,39540.0,1.0,235.0,persistent_10s,,,,
aggregated-tick-v1,AUTO_INFERRED_V1,validated,BU2612|21:10:56.000,20260519,21:10:56.000,,BU,BU2612,656000,1301,1301,656000,visible_execution_drop,3979.0,0.7413,5,"BU2606,BU2609,BU2607,BU2608,BU2610",20,248,290.0,3957.0,3957.0,22.0,55.29027393817542,22.0,55.29027393817542,,,20.0,20.0,22.0,22.0,55.29027393817542,detector_event_depth,1.0,39570.0,1.0,220.0,persistent_10s,,,,
aggregated-tick-v1,AUTO_INFERRED_V1,validated,BU2612|21:11:13.500,20260519,21:11:13.500,,BU,BU2612,673500,1334,1334,673500,visible_execution_drop,3977.0,1.4826,5,"BU2606,BU2609,BU2607,BU2608,BU2610",20,233,290.0,3955.0,3955.0,22.0,55.31807895398541,22.0,55.31807895398541,,,20.0,20.0,22.0,22.0,55.31807895398541,detector_event_depth,1.0,39550.0,1.0,220.0,persistent_10s,,,,
aggregated-tick-v1,AUTO_INFERRED_V1,validated,BU2612|21:11:18.000,20260519,21:11:18.000,,BU,BU2612,678000,1341,1341,678000,visible_execution_drop,3975.0,0.7413,5,"BU2606,BU2609,BU2607,BU2608,BU2610",20,229,290.0,3954.0,3954.0,21.0,52.83018867924529,21.0,52.83018867924529,,,20.0,20.0,21.0,21.0,52.83018867924529,detector_event_depth,12.0,474480.0,12.0,2520.0,persistent_10s,,,,
aggregated-tick-v1,AUTO_INFERRED_V1,validated,BU2612|21:11:29.000,20260519,21:11:29.000,,BU,BU2612,689000,1361,1361,689000,visible_execution_drop,3976.5,1.4826,5,"BU2606,BU2609,BU2607,BU2608,BU2610",20,223,290.0,3955.0,3955.0,21.5,54.06764742864328,21.5,54.06764742864328,,,20.0,20.0,21.5,21.5,54.06764742864328,detector_event_depth,1.0,39550.0,1.0,215.0,persistent_10s,,,,
aggregated-tick-v1,AUTO_INFERRED_V1,validated,BU2612|21:11:34.500,20260519,21:11:34.500,,BU,BU2612,694500,1371,1371,694500,visible_execution_drop,3976.5,2.2239,5,"BU2606,BU2609,BU2607,BU2608,BU2610",20,225,290.0,3955.0,3955.0,21.5,54.06764742864328,21.5,54.06764742864328,,,20.0,20.0,21.5,21.5,54.06764742864328,detector_event_depth,2.0,79100.0,2.0,430.0,persistent_10s,,,,
aggregated-tick-v1,AUTO_INFERRED_V1,validated,IC2607|10:14:18.100,20260519,10:14:18.100,,IC,IC2607,47658100,4800,4800,47658100,visible_execution_drop,8292.7,1.4826000000053934,3,"IC2606,IC2609,IC2612",20,109,290.0,8270.0,8272.92,113.50000000000364,27.373473054615175,98.90000000000327,23.852303833492897,,,55.33879999994073,45.443200000075635,113.50000000000364,113.50000000000364,27.373473054615175,detector_event_depth,5.0,8272920.0,5.0,19780.000000000655,trade_recovered_3s,0.5,,0.5,
aggregated-tick-v1,AUTO_INFERRED_V1,validated,IF2607|14:59:32.100,20260519,14:59:32.100,,IF,IF2607,64772100,17207,17207,64772100,visible_execution_drop,4778.9,6.742084224242717e-12,3,"IF2606,IF2609,IF2612",20,106,290.0,4773.0,4773.0,29.49999999999818,12.34593734959852,29.49999999999818,12.34593734959852,,,23.936799999963608,21.22160000003236,24.50000000000273,29.49999999999818,12.34593734959852,detector_event_depth,2.0,2863800.0,2.0,3539.9999999997817,quote_only_recovered_3s,3.5,,0.5,
aggregated-tick-v1,AUTO_INFERRED_V1,validated,NI2607|14:57:34.500,20260519,14:57:34.500,,NI,NI2607,64654500,55506,55506,64654500,visible_execution_drop,145475.0,2.2238999999999995,5,"NI2606,NI2609,NI2608,NI2610,NI2612",20,569,290.0,145230.0,145297.57142857142,24.5,16.84138168070115,17.742857142857975,12.196499153021463,,,24.2216,22.613999999999997,22.696153846153173,24.5,16.84138168070115,detector_event_depth,70.0,10170830.0,70.0,12420.000000000582,trade_recovered_3s,0.5,,0.5,
aggregated-tick-v1,AUTO_INFERRED_V1,validated,SN2606|22:32:40.500,20260519,22:32:40.500,,SN,SN2606,5560500,11097,11097,5560500,visible_execution_drop,409930.0,8.895599999999998,5,"SN2607,SN2608,SN2609,SN2610,SN2611",20,462,290.0,409620.0,409915.5813953488,31.0,7.562266728465836,1.441860465117497,0.3517333362080104,,,20.7564,20.5064,30.0625,31.0,7.562266728465836,detector_event_depth,86.0,35252740.0,86.0,1240.0000000010475,trade_recovered_3s,1.0,,1.0,
aggregated-tick-v1,AUTO_INFERRED_V1,validated,SN2606|23:27:31.500,20260519,23:27:31.500,,SN,SN2606,8851500,17601,17601,8851500,visible_execution_drop,409675.0,3.7065,5,"SN2607,SN2608,SN2609,SN2610,SN2611",20,305,290.0,409400.0,409536.75675675675,27.5,6.7126380667602366,13.824324324325426,3.374461298425685,,,24.2216,24.2216,23.75,27.5,6.7126380667602366,detector_event_depth,37.0,15152860.0,37.0,5115.000000000407,trade_recovered_3s,0.5,,0.5,
aggregated-tick-v1,AUTO_INFERRED_V1,validated,SN2606|00:22:19.000,20260519,00:22:19.000,,SN,SN2606,12139000,23816,23816,12139000,visible_execution_drop,410587.5,3.33585,3,"SN2608,SN2609,SN2610",20,297,290.0,410320.0,410448.07692307694,26.75,6.515054647304169,13.942307692306349,3.3956970663515937,,,25.2216,24.7216,26.75,26.75,6.515054647304169,detector_event_depth,26.0,10671650.0,26.0,3624.999999999651,trade_recovered_3s,0.5,,0.5,
aggregated-tick-v1,AUTO_INFERRED_V1,validated,SN2606|00:29:01.000,20260519,00:29:01.000,,SN,SN2606,12541000,24602,24602,12541000,visible_execution_drop,408890.0,9.6369,3,"SN2607,SN2609,SN2611",20,392,290.0,408610.0,408642.1428571429,28.0,6.847807478784025,24.785714285715947,6.061707130454633,,,27.3292,25.49533333332279,23.5,28.0,6.847807478784025,detector_event_depth,70.0,28604950.0,70.0,17350.000000001164,trade_recovered_3s,0.5,,0.5,
aggregated-tick-v1,AUTO_INFERRED_V1,validated,SN2606|09:19:09.000,20260519,09:19:09.000,09:19:10.000,SN,SN2606,44349000,30393,30393,44349000,"visible_execution_drop,interval_execution_drop",408597.5,4.447799999999999,4,"SN2608,SN2609,SN2610,SN2611",20,523,290.0,408230.0,408344.1509433962,36.75,8.994181315353128,25.334905660379444,6.200455377328408,408295.08928571426,30.241071428573925,30.151999999999997,23.387018181838595,25.375,36.75,8.994181315353128,detector_event_depth,53.0,21642240.0,53.0,13427.500000001106,trade_recovered_3s,0.5,1.5,0.5,
aggregated-tick-v1,AUTO_INFERRED_V1,validated,SN2606|09:28:50.000,20260519,09:28:50.000,,SN,SN2606,44930000,31553,31553,44930000,visible_execution_drop,408360.0,2.9652,5,"SN2607,SN2608,SN2609,SN2610,SN2611",20,449,290.0,408010.0,408189.5833333333,35.0,8.570868841218532,17.041666666668608,4.1731968524509275,,,30.151999999999997,24.2216,27.916666666665694,35.0,8.570868841218532,detector_event_depth,48.0,19593100.0,48.0,8180.000000000931,trade_recovered_3s,0.5,,0.5,
aggregated-tick-v1,AUTO_INFERRED_V1,validated,SN2607|21:02:30.500,20260519,21:02:30.500,21:02:31.500,SN,SN2607,150500,301,301,150500,"visible_execution_drop,interval_execution_drop",415336.25,6.857025,4,"SN2608,SN2609,SN2610,SN2611",20,105,140.0,414600.0,414874.4444444445,73.625,17.726601037111497,46.18055555555621,11.118835775966147,414877.2368421053,45.901315789471845,60.303999999999995,45.24756363638873,63.625,73.625,17.726601037111497,detector_event_depth,72.0,29870960.0,72.0,33250.000000000466,trade_recovered_3s,0.5,1.5,0.5,
aggregated-tick-v1,AUTO_INFERRED_V1,validated,SN2607|21:11:32.500,20260519,21:11:32.500,,SN,SN2607,692500,1385,1385,692500,visible_execution_drop,412500.0,9.6369,5,"SN2606,SN2608,SN2609,SN2610,SN2611",20,348,290.0,412070.0,412256.25,43.0,10.424242424242426,24.375,5.909090909090909,,,29.651999999999997,29.116133333345807,37.75,43.0,10.424242424242426,detector_event_depth,8.0,3298050.0,8.0,1950.0,trade_recovered_3s,0.5,,0.5,
aggregated-tick-v1,AUTO_INFERRED_V1,validated,SN2607|23:33:18.000,20260519,23:33:18.000,,SN,SN2607,9198000,18148,18148,9198000,visible_execution_drop,410925.0,1.4826,5,"SN2606,SN2608,SN2609,SN2610,SN2611",20,134,290.0,410530.0,410654.5,39.5,9.61245969459147,27.05,6.582709740220235,,,39.0824,35.8672,39.5,39.5,9.61245969459147,detector_event_depth,20.0,8213090.0,20.0,5410.0,trade_recovered_3s,1.0,,0.5,
aggregated-tick-v1,AUTO_INFERRED_V1,validated,SN2607|09:23:08.000,20260519,09:23:08.000,,SN,SN2607,44588000,30103,30103,44588000,visible_execution_drop,410030.0,1.85325,4,"SN2606,SN2609,SN2610,SN2611",20,347,290.0,409270.0,409641.9444444445,76.0,18.535229129575885,38.80555555555621,9.464077154246324,,,48.9432,43.5128,76.0,76.0,18.535229129575885,detector_event_depth,36.0,14747110.0,36.0,13970.000000000233,trade_recovered_3s,0.5,,0.5,
aggregated-tick-v1,AUTO_INFERRED_V1,validated,SN2607|10:40:20.000,20260519,10:40:20.000,10:40:21.000,SN,SN2607,49220000,37517,37517,49220000,visible_execution_drop,404600.0,6.6716999999999995,4,"SN2606,SN2608,SN2609,SN2611",20,247,290.0,404070.0,404264.70588235295,53.0,13.09935739001483,33.529411764704854,8.287051844959183,404381.51515151514,21.848484848486255,30.151999999999997,30.151999999999997,48.0,53.0,13.09935739001483,detector_event_depth,17.0,6872500.0,17.0,5699.999999999825,trade_recovered_3s,0.5,,0.5,
aggregated-tick-v1,AUTO_INFERRED_V1,validated,AG2606|11:18:35.000,20260520,11:18:35.000,11:18:36.000,AG,AG2606,51515000,53005,53005,51515000,interval_execution_drop,17924.0,0.7413,4,"AG2608,AG2612,AG2607,AG2609",20,438,290.0,17905.0,17886.902255639096,19.0,10.600312430261102,37.09774436090447,20.697246351765497,17892.414835164836,31.585164835163596,20.0,20.0,36.34774436090447,31.585164835163596,17.62171660073845,detector_event_depth,266.0,71368740.0,266.0,148020.00000000885,trade_recovered_3s,,1.5,0.5,
aggregated-tick-v1,AUTO_INFERRED_V1,validated,AG2608|21:21:56.000,20260520,21:21:56.000,,AG,AG2608,1316000,2632,2632,1316000,visible_execution_drop,18400.0,0.0,4,"AG2606,AG2612,AG2607,AG2609",20,577,290.0,18374.0,18380.382165605093,26.0,14.130434782608695,19.617834394906826,10.6618665189711,,,20.0,20.0,23.40778688524551,26.0,14.130434782608695,detector_event_depth,314.0,86571600.0,314.0,92400.00000001112,trade_recovered_3s,0.5,,0.5,
aggregated-tick-v1,AUTO_INFERRED_V1,validated,AG2608|21:24:55.500,20260520,21:24:55.500,21:24:56.500,AG,AG2608,1495500,2991,2991,1495500,interval_execution_drop,18248.0,2.2239,5,"AG2606,AG2610,AG2612,AG2607,AG2609",20,580,290.0,18241.0,18215.06572769953,7.0,3.836036825953529,32.934272300470184,18.048154482940696,18221.394195888755,26.60580411124465,20.0,20.0,29.82838994752819,26.60580411124465,14.58012062212004,detector_event_depth,639.0,174591405.0,639.0,315675.0000000067,trade_recovered_3s,,1.5,0.5,
aggregated-tick-v1,AUTO_INFERRED_V1,validated,AG2612|13:43:28.500,20260520,13:43:28.500,,AG,AG2612,60208500,51591,51591,60208500,visible_execution_drop,18203.5,1.4826,5,"AG2608,AG2606,AG2610,AG2607,AG2609",20,181,290.0,18183.0,18194.9,20.5,11.261570577086824,8.599999999998545,4.724366193313673,,,20.0,20.0,19.5,20.5,11.261570577086824,detector_event_depth,10.0,2729235.0,10.0,1289.9999999997815,trade_recovered_3s,0.5,,0.5,
aggregated-tick-v1,AUTO_INFERRED_V1,validated,IC2606|13:35:13.600,20260520,13:35:13.600,,IC,IC2606,59713600,18228,18228,59713600,visible_execution_drop,8527.9,0.0,3,"IC2609,IC2612,IC2607",20,412,290.0,8522.6,8524.32,26.49999999999636,6.214894639945675,17.899999999999636,4.197985436039268,,,26.221599999978423,22.26799999972598,19.999999999990905,26.49999999999636,6.214894639945675,detector_event_depth,10.0,17048640.0,10.0,7159.9999999998545,trade_recovered_3s,0.5,,1.0,
aggregated-tick-v1,AUTO_INFERRED_V1,validated,IC2606|14:59:46.600,20260520,14:59:46.600,14:59:47.600,IC,IC2606,64786600,27992,27992,64787600,"visible_execution_drop,interval_execution_drop",8574.150000000001,1.853250000006742,2,"IC2609,IC2612",20,549,290.0,8566.8,8569.166666666666,36.750000000010914,8.572278301641774,24.916666666676974,5.812043565059387,8569.561290322581,22.943548387102055,24.15199999999818,21.435375,28.750000000004547,36.750000000010914,8.572278301641774,detector_event_depth,24.0,41132000.0,31.0,23920.000000009895,trade_recovered_3s,0.5,1.5,1.5,
aggregated-tick-v1,AUTO_INFERRED_V1,validated,IF2606|13:39:53.600,20260520,13:39:53.600,,IF,IF2606,59993600,18228,18228,59993600,visible_execution_drop,4803.799999999999,2.223899999997977,2,"IF2609,IF2612",20,414,290.0,4799.6,4800.876923076923,20.999999999994543,8.74307839626735,14.615384615381116,6.084926356376668,,,20.0,20.0,17.749999999996362,20.999999999994543,8.74307839626735,detector_event_depth,13.0,18723420.0,13.0,11399.999999997272,trade_recovered_3s,0.5,,0.5,
aggregated-tick-v1,AUTO_INFERRED_V1,validated,IM2606|14:18:45.100,20260520,14:18:45.100,,IM,IM2606,62325100,23537,23537,62325100,visible_execution_drop,8650.3,3.7065,2,"IM2609,IM2612",20,392,289.5,8643.0,8645.577777777777,36.49999999999636,8.439013675825432,23.611111111113132,5.459027111455819,,,29.15199999999818,23.81464000004349,30.374999999989996,36.49999999999636,8.439013675825432,detector_event_depth,36.0,62248160.0,36.0,34000.00000000291,trade_recovered_3s,0.5,,0.5,
aggregated-tick-v1,AUTO_INFERRED_V1,validated,LC2609|09:46:05.155,20260520,09:46:05.155,,LC,LC2609,45965155,5160,5160,45965155,visible_execution_drop,180420.0,3.7065,3,"LC2607,LC2611,LC2612",20,484,289.401,180000.0,180075.70247933886,21.0,23.27901563019621,17.214876033057227,19.08311277359187,,,20.2216,20.0,21.0,21.0,23.27901563019621,detector_event_depth,121.0,21789160.0,121.0,41659.99999999849,trade_recovered_3s,0.522,,0.522,
aggregated-tick-v1,AUTO_INFERRED_V1,validated,NI2606|09:02:43.500,20260520,09:02:43.500,,NI,NI2606,43363500,29128,29128,43363500,visible_execution_drop,142995.0,6.6716999999999995,5,"NI2607,NI2609,NI2608,NI2610,NI2612",20,165,213.0,142780.0,142899.068627451,21.5,15.035490751424875,9.593137254900649,6.708722161544563,,,20.0,20.0,21.125,21.5,15.035490751424875,detector_event_depth,204.0,29151410.0,204.0,19569.99999999732,trade_recovered_3s,0.5,,0.5,
aggregated-tick-v1,AUTO_INFERRED_V1,validated,NI2607|09:02:21.000,20260520,09:02:21.000,,NI,NI2607,43341000,29084,29084,43341000,visible_execution_drop,143795.0,2.2238999999999995,5,"NI2606,NI2609,NI2608,NI2610,NI2612",20,100,190.5,143500.0,143610.83798882682,29.5,20.515316944260928,18.41620111731754,12.807261112915986,,,20.0,20.0,22.990196078430746,29.5,20.515316944260928,detector_event_depth,179.0,25706340.0,179.0,32964.9999999984,trade_recovered_3s,0.5,,0.5,
aggregated-tick-v1,AUTO_INFERRED_V1,validated,NI2609|23:03:04.000,20260520,23:03:04.000,,NI,NI2609,7384000,13963,13963,7384000,visible_execution_drop,144990.0,1.4826,5,"NI2606,NI2607,NI2608,NI2610,NI2612",20,245,290.0,144750.0,144874.53333333333,24.0,16.552865714876887,11.546666666667443,7.963767616157972,,,20.0,20.0,24.0,24.0,16.552865714876887,detector_event_depth,75.0,10865590.0,75.0,8660.000000000582,trade_recovered_3s,0.5,,0.5,
aggregated-tick-v1,AUTO_INFERRED_V1,validated,SN2606|21:04:45.500,20260520,21:04:45.500,,SN,SN2606,285500,571,571,285500,visible_execution_drop,407587.5,4.447799999999999,4,"SN2607,SN2608,SN2609,SN2610",20,366,275.0,407130.0,407381.5873015873,45.75,11.224583678351276,20.59126984127215,5.05198757107913,,,39.44,36.8925999999737,38.53571428571304,45.75,11.224583678351276,detector_event_depth,63.0,25665040.0,63.0,12972.500000001455,trade_recovered_3s,0.5,,0.5,
aggregated-tick-v1,AUTO_INFERRED_V1,validated,SN2606|23:46:15.000,20260520,23:46:15.000,,SN,SN2606,9975000,19721,19721,9975000,visible_execution_drop,403435.0,3.7065,3,"SN2607,SN2608,SN2610",20,324,290.0,403210.0,403287.8571428571,22.5,5.577106597097425,14.71428571428405,3.647250663498222,,,20.17175,20.17175,18.75,22.5,5.577106597097425,detector_event_depth,14.0,5646030.0,14.0,2059.999999999767,trade_recovered_3s,0.5,,0.5,
aggregated-tick-v1,AUTO_INFERRED_V1,validated,SN2606|10:43:46.500,20260520,10:43:46.500,10:43:47.500,SN,SN2606,49426000,38265,38265,49426500,"visible_execution_drop,interval_execution_drop",401173.75,8.1543,4,"SN2607,SN2608,SN2609,SN2611",20,429,290.0,400500.0,400889.07473309606,67.375,16.794468730818007,28.467526690394152,7.09605917395995,400778.04924242425,39.57007575757452,29.151999999999997,27.00853333330838,57.375,67.375,16.794468730818007,detector_event_depth,281.0,112649830.0,365.0,79993.75000000757,trade_recovered_3s,0.5,1.5,0.5,
aggregated-tick-v1,AUTO_INFERRED_V1,validated,SN2607|10:03:21.500,20260520,10:03:21.500,,SN,SN2607,47001500,34481,34481,47001500,visible_execution_drop,405535.0,3.7065,5,"SN2606,SN2608,SN2609,SN2610,SN2611",20,190,290.0,405200.0,405330.6666666667,33.5,8.260692665244676,20.43333333333139,5.0386115460641845,,,31.151999999999997,29.9194,29.0,33.5,8.260692665244676,detector_event_depth,15.0,6079960.0,15.0,3064.999999999709,trade_recovered_3s,0.5,,0.5,
aggregated-tick-v1,AUTO_INFERRED_V1,validated,AG2606|22:11:04.000,20260521,22:11:04.000,,AG,AG2606,4264000,8528,8528,4264000,visible_execution_drop,18187.5,2.9652,5,"AG2608,AG2610,AG2612,AG2607,AG2609",20,475,290.0,18164.0,18178.617021276597,23.5,12.920962199312717,8.88297872340263,4.884112012867425,,,20.0,20.0,23.5,23.5,12.920962199312717,detector_event_depth,94.0,25631850.0,94.0,12524.999999997708,trade_recovered_3s,0.5,,0.5,
aggregated-tick-v1,AUTO_INFERRED_V1,validated,AG2606|22:20:01.000,20260521,22:20:01.000,22:20:02.000,AG,AG2606,4801000,9602,9602,4801000,"visible_execution_drop,interval_execution_drop",18461.0,2.9652,5,"AG2608,AG2610,AG2612,AG2607,AG2609",20,576,290.0,18432.0,18426.404494382023,29.0,15.70879150641894,34.595505617977324,18.73977878661899,18431.753333333338,29.246666666665988,20.7564,20.0,33.19550561797769,29.246666666665988,15.842406514634089,detector_event_depth,178.0,49198500.0,178.0,92369.99999999945,trade_recovered_3s,0.5,1.5,0.5,
aggregated-tick-v1,AUTO_INFERRED_V1,validated,AG2606|23:16:02.500,20260521,23:16:02.500,,AG,AG2606,8162500,16325,16325,8162500,visible_execution_drop,18644.0,5.1891,5,"AG2608,AG2610,AG2612,AG2607,AG2609",20,513,290.0,18624.0,18634.59523809524,20.0,10.72731173567904,9.404761904759653,5.0443906376097685,,,20.0,20.0,17.045742753622108,20.0,10.72731173567904,detector_event_depth,42.0,11739795.0,42.0,5924.999999998581,trade_recovered_3s,0.5,,0.5,
aggregated-tick-v1,AUTO_INFERRED_V1,validated,AG2606|10:40:36.000,20260521,10:40:36.000,,AG,AG2606,49236000,48235,48235,49236000,visible_execution_drop,18514.0,1.4826,5,"AG2608,AG2610,AG2612,AG2607,AG2609",20,447,290.0,18490.0,18501.18867924528,24.0,12.963163011774872,12.8113207547176,6.9198016391474555,,,20.0,20.0,24.0,24.0,12.963163011774872,detector_event_depth,106.0,29416890.0,106.0,20370.000000000982,trade_recovered_3s,0.5,,0.5,
aggregated-tick-v1,AUTO_INFERRED_V1,validated,AG2608|21:02:11.500,20260521,21:02:11.500,,AG,AG2608,131500,263,263,131500,visible_execution_drop,18424.0,2.2239,5,"AG2606,AG2610,AG2612,AG2607,AG2609",20,102,121.0,18400.0,18417.425742574254,24.0,13.026487190620928,6.574257425741962,3.568311672678008,,,20.0,20.0,24.0,24.0,13.026487190620928,detector_event_depth,303.0,83707200.0,303.0,29879.999999997217,trade_recovered_3s,0.5,,0.5,
aggregated-tick-v1,AUTO_INFERRED_V1,validated,AG2609|23:02:04.500,20260521,23:02:04.500,,AG,AG2609,7324500,14044,14044,7324500,visible_execution_drop,18688.5,2.2239,5,"AG2608,AG2606,AG2610,AG2612,AG2607",20,134,290.0,18665.0,18667.8,23.5,12.574577949006072,20.700000000000728,11.076330363592971,,,22.738999999999997,20.0,20.0,23.5,12.574577949006072,detector_event_depth,10.0,2800170.0,10.0,3105.000000000109,trade_recovered_3s,1.5,,0.5,
aggregated-tick-v1,AUTO_INFERRED_V1,validated,AG2609|23:06:33.500,20260521,23:06:33.500,,AG,AG2609,7593500,14539,14539,7593500,visible_execution_drop,18599.0,2.2239,5,"AG2608,AG2606,AG2610,AG2612,AG2607",20,145,290.0,18572.0,18583.5,27.0,14.516909511264046,15.5,8.333781386096026,,,20.0,20.0,25.5,27.0,14.516909511264046,detector_event_depth,10.0,2787525.0,10.0,2325.0,trade_recovered_3s,0.5,,0.5,
aggregated-tick-v1,AUTO_INFERRED_V1,validated,AG2612|23:57:28.500,20260521,23:57:28.500,,AG,AG2612,10648500,20502,20502,10648500,visible_execution_drop,18582.0,1.4826,5,"AG2608,AG2606,AG2610,AG2607,AG2609",20,125,290.0,18555.0,18566.451612903224,27.0,14.5301905069422,15.548387096776423,8.367445429327534,,,20.2564,23.2216,25.125,27.0,14.5301905069422,detector_event_depth,31.0,8633400.0,31.0,7230.000000001037,trade_recovered_3s,0.5,,0.5,
aggregated-tick-v1,AUTO_INFERRED_V1,validated,IF2606|14:34:31.900,20260521,14:34:31.900,14:34:32.900,IF,IF2606,63271900,24547,24547,63272400,interval_execution_drop,4765.1,0.7413000000026967,3,"IF2609,IF2612,IF2607",20,535,290.0,4764.6,4760.75,2.5,1.0492959224360454,21.75000000000182,9.12887452519436,4759.535849056604,27.820754716981355,21.72159999998479,20.0,21.249999999997726,27.820754716981355,11.676881793448764,detector_event_depth,40.0,57129000.0,86.0,52200.000000004366,trade_recovered_3s,,2.0,0.5,
aggregated-tick-v1,AUTO_INFERRED_V1,validated,IF2609|11:02:41.900,20260521,11:02:41.900,,IF,IF2609,50561900,9833,9833,50561900,visible_execution_drop,4778.4,6.742084224242717e-12,3,"IF2606,IF2612,IF2607",20,220,290.0,4774.2,4774.471052631579,20.99999999999909,8.789552988447635,19.644736842101334,8.22230740084603,,,20.75639999996764,20.0,15.499999999997272,20.99999999999909,8.789552988447635,detector_event_depth,76.0,108857940.0,76.0,89579.9999999821,trade_recovered_3s,0.5,,0.5,
aggregated-tick-v1,AUTO_INFERRED_V1,validated,LU2607|22:17:13.000,20260521,22:17:13.000,22:17:14.000,LU,LU2607,4631500,7745,7745,4633500,"visible_execution_drop,interval_execution_drop",5051.0,3.7065,3,"LU2608,LU2610,LU2701",20,310,290.0,4996.0,4996.328125,55.0,108.88932884577312,54.671875,108.23970500890913,4996.728070175439,54.27192982456109,26.2477,27.05925686274194,22.584183673469397,55.0,108.88932884577312,detector_event_depth,64.0,3197650.0,130.0,34990.0,persistent_10s,,,,
aggregated-tick-v1,AUTO_INFERRED_V1,validated,LU2607|22:17:19.000,20260521,22:17:19.000,22:17:20.000,LU,LU2607,4639000,7757,7757,4639000,"visible_execution_drop,interval_execution_drop",5046.0,7.412999999999999,3,"LU2608,LU2610,LU2701",20,313,290.0,5005.0,5004.727272727273,41.0,81.25247720967103,41.272727272727025,81.7929593197127,5007.31746031746,38.682539682539755,28.4716,28.202036363639305,22.66558441558436,41.0,81.25247720967103,detector_event_depth,11.0,550520.0,11.0,4539.999999999973,persistent_10s,,,,
aggregated-tick-v1,AUTO_INFERRED_V1,validated,LU2609|22:17:12.000,20260521,22:17:12.000,22:17:13.000,LU,LU2609,4632000,6730,6730,4632000,"visible_execution_drop,interval_execution_drop",4698.0,5.9304,3,"LU2607,LU2610,LU2701",20,138,290.0,4663.0,4663.0,35.0,74.4997871434653,35.0,74.4997871434653,4663.0,35.0,20.0,20.0,25.375,35.0,74.4997871434653,detector_event_depth,3.0,139890.0,3.0,1050.0,persistent_10s,,,,
aggregated-tick-v1,AUTO_INFERRED_V1,validated,PS2606|13:40:20.503,20260521,13:40:20.503,,PS,PS2606,60020503,10408,10408,60020503,visible_execution_drop,36490.0,6.6716999999999995,5,"PS2609,PS2607,PS2608,PS2612,PS2611",20,152,288.62,36335.0,36466.95081967213,31.0,42.47739106604549,4.6098360655742,6.3165744937985755,,,20.0,20.0,29.816801619432955,31.0,42.47739106604549,detector_event_depth,305.0,33367260.0,305.0,21090.000000001965,trade_recovered_3s,0.546,,0.546,
aggregated-tick-v1,AUTO_INFERRED_V1,validated,SN2606|22:24:36.000,20260521,22:24:36.000,,SN,SN2606,5076000,10148,10148,5076000,visible_execution_drop,419470.0,6.6716999999999995,5,"SN2607,SN2608,SN2609,SN2610,SN2701",20,543,290.0,419140.0,419243.1428571429,33.0,7.8670703506806205,22.68571428571595,5.408185158823264,,,30.151999999999997,24.2216,29.523148148148906,33.0,7.8670703506806205,detector_event_depth,35.0,14673510.0,35.0,7940.000000000582,trade_recovered_3s,0.5,,0.5,
aggregated-tick-v1,AUTO_INFERRED_V1,validated,SN2606|23:54:53.500,20260521,23:54:53.500,23:54:54.500,SN,SN2606,10493500,20918,20918,10493500,interval_execution_drop,421945.0,4.447799999999999,5,"SN2607,SN2608,SN2609,SN2610,SN2701",20,462,290.0,421750.0,421681.4285714286,19.5,4.621455402955362,26.357142857142023,6.246582577620785,421722.42424242425,22.25757575757452,24.2216,21.2564,23.107142857142023,22.25757575757452,5.2749945508477465,detector_event_depth,14.0,5903540.0,14.0,3689.999999999883,trade_recovered_3s,,1.5,0.5,
aggregated-tick-v1,AUTO_INFERRED_V1,validated,SN2607|22:00:28.500,20260521,22:00:28.500,,SN,SN2607,3628500,7246,7246,3628500,visible_execution_drop,419415.0,5.9304,4,"SN2606,SN2609,SN2610,SN2701",20,258,290.0,419140.0,419417.02702702704,27.5,6.5567516660109915,-0.2027027027041185,-0.0483298648603694,,,26.4993,26.6868,27.5,27.5,6.5567516660109915,detector_event_depth,37.0,15518430.0,37.0,0.0,trade_recovered_3s,0.5,,0.5,
aggregated-tick-v1,AUTO_INFERRED_V1,validated,SN2607|22:11:02.500,20260521,22:11:02.500,,SN,SN2607,4262500,8508,8508,4262500,visible_execution_drop,418911.25,2.7798749999999997,4,"SN2608,SN2609,SN2610,SN2701",20,278,290.0,418600.0,418795.0,31.125,7.4299747261502285,11.625,2.775050801333218,,,24.2216,24.2216,30.625,31.125,7.4299747261502285,detector_event_depth,30.0,12563850.0,30.0,3487.5,trade_recovered_3s,0.5,,0.5,
aggregated-tick-v1,AUTO_INFERRED_V1,validated,SN2607|00:21:38.500,20260521,00:21:38.500,,SN,SN2607,12098500,23742,23742,12099000,"visible_execution_drop,interval_execution_drop",422320.0,3.7065,4,"SN2606,SN2608,SN2609,SN2610",20,145,289.0,422010.0,422176.6666666667,31.0,7.340405379806782,14.333333333331392,3.393950874533859,,,27.4368,27.4368,30.0,31.0,7.340405379806782,detector_event_depth,9.0,3799590.0,40.0,1289.9999999998254,trade_recovered_3s,1.0,2.0,0.5,
aggregated-tick-v1,AUTO_INFERRED_V1,validated,SN2607|09:13:34.000,20260521,09:13:34.000,,SN,SN2607,44014000,29511,29511,44014000,visible_execution_drop,424935.0,6.6716999999999995,4,"SN2606,SN2608,SN2609,SN2701",20,445,290.0,424490.0,424693.71428571426,44.5,10.472189864332192,24.128571428573924,5.678179351800611,,,39.0128,34.340844444430395,43.5,44.5,10.472189864332192,detector_event_depth,35.0,14864280.0,35.0,8445.000000000873,trade_recovered_3s,0.5,,0.5,
aggregated-tick-v1,AUTO_INFERRED_V1,validated,SN2607|09:34:26.500,20260521,09:34:26.500,,SN,SN2607,45266500,32009,32009,45266500,visible_execution_drop,422662.5,3.33585,5,"SN2606,SN2608,SN2609,SN2610,SN2701",20,344,290.0,422300.0,422364.7169811321,36.25,8.576582971046639,29.778301886795088,7.045409017075111,,,33.1172,32.3313333333458,34.375,36.25,8.576582971046639,detector_event_depth,53.0,22385330.0,53.0,15782.500000001395,trade_recovered_3s,0.5,,0.5,
aggregated-tick-v1,AUTO_INFERRED_V1,validated,SN2607|10:42:17.000,20260521,10:42:17.000,,SN,SN2607,49337000,38332,38332,49337000,visible_execution_drop,419535.0,2.2238999999999995,3,"SN2606,SN2608,SN2609",20,253,290.0,419160.0,419364.0,37.5,8.938467589116522,17.1,4.075941220637134,,,29.151999999999997,26.1868,34.35227272727352,37.5,8.938467589116522,detector_event_depth,30.0,12580920.0,30.0,5130.0,trade_recovered_3s,0.5,,0.5,
aggregated-tick-v1,AUTO_INFERRED_V1,validated,SN2607|14:27:22.500,20260521,14:27:22.500,14:27:23.500,SN,SN2607,62842500,50824,50824,62842500,"visible_execution_drop,interval_execution_drop",417997.5,1.85325,4,"SN2608,SN2609,SN2610,SN2701",20,213,290.0,417330.0,417572.3157894737,66.75,15.96899502987458,42.51842105262913,10.171931902135569,417635.26666666666,36.22333333333372,34.5824,31.367199999999997,65.25,66.75,15.96899502987458,detector_event_depth,95.0,39669370.0,95.0,40392.49999999767,trade_recovered_3s,0.5,1.5,0.5,
aggregated-tick-v1,AUTO_INFERRED_V1,validated,SN2607|14:42:07.500,20260521,14:42:07.500,14:42:08.500,SN,SN2607,63727500,52593,52593,63727500,visible_execution_drop,413525.0,9.26625,4,"SN2608,SN2609,SN2610,SN2701",20,386,290.0,412770.0,413159.5454545454,75.5,18.257662777341153,36.545454545452955,8.837544173980522,413253.71428571426,27.128571428573924,35.0824,35.0824,72.27083333333431,75.5,18.257662777341153,detector_event_depth,22.0,9089510.0,22.0,8039.999999999651,trade_recovered_3s,0.5,,0.5,
aggregated-tick-v1,AUTO_INFERRED_V1,validated,AG2606|21:30:01.000,20260522,21:30:01.000,,AG,AG2606,1801000,3602,3602,1801000,visible_execution_drop,18283.5,1.4826,5,"AG2608,AG2610,AG2612,AG2607,AG2609",20,359,290.0,18263.0,18274.521739130436,20.5,11.212295238876584,8.97826086956411,4.910581053717346,,,20.0,20.0,20.5,20.5,11.212295238876584,detector_event_depth,23.0,6304710.0,23.0,3097.499999999618,trade_recovered_3s,0.5,,0.5,
aggregated-tick-v1,AUTO_INFERRED_V1,validated,AG2606|13:48:30.000,20260522,13:48:30.000,,AG,AG2606,60510000,57648,57648,60510000,visible_execution_drop,18760.0,0.7413,5,"AG2608,AG2610,AG2612,AG2607,AG2609",20,402,290.0,18736.0,18752.222222222223,24.0,12.79317697228145,7.777777777777374,4.145936981757662,,,20.0,20.0,24.0,24.0,12.79317697228145,detector_event_depth,45.0,12657750.0,45.0,5249.999999999727,trade_recovered_3s,0.5,,0.5,
aggregated-tick-v1,AUTO_INFERRED_V1,validated,AG2608|21:18:38.000,20260522,21:18:38.000,,AG,AG2608,1118000,2236,2236,1118000,visible_execution_drop,18371.25,1.11195,4,"AG2606,AG2612,AG2607,AG2609",20,581,290.0,18350.0,18357.883597883596,21.25,11.566986459821733,13.36640211640406,7.275717284563686,,,20.0,20.0,21.0,21.25,11.566986459821733,detector_event_depth,189.0,52044600.0,189.0,37893.750000005515,trade_recovered_3s,0.5,,0.5,
aggregated-tick-v1,AUTO_INFERRED_V1,validated,AG2608|13:57:50.000,20260522,13:57:50.000,,AG,AG2608,61070000,59144,59144,61070000,visible_execution_drop,18639.0,2.2239,5,"AG2606,AG2610,AG2612,AG2607,AG2609",20,573,290.0,18619.0,18628.47967479675,20.0,10.730189387842696,10.52032520325156,5.644254092629197,,,20.0,20.0,17.23734177215192,20.0,10.730189387842696,detector_event_depth,123.0,34369545.0,123.0,19409.999999999127,trade_recovered_3s,0.5,,0.5,
aggregated-tick-v1,AUTO_INFERRED_V1,validated,AG2610|01:13:17.500,20260522,01:13:17.500,,AG,AG2610,15197500,30380,30380,15197500,visible_execution_drop,18702.0,5.1891,5,"AG2608,AG2606,AG2612,AG2607,AG2609",20,261,290.0,18682.0,18695.102564102563,20.0,10.694043417816276,6.89743589743739,3.688073947940001,,,20.0,20.0,20.0,20.0,10.694043417816276,detector_event_depth,39.0,10936635.0,39.0,4035.000000000873,trade_recovered_3s,0.5,,0.5,
aggregated-tick-v1,AUTO_INFERRED_V1,validated,AG2610|01:23:05.000,20260522,01:23:05.000,,AG,AG2610,15785000,31555,31555,15785000,visible_execution_drop,18813.0,2.2239,5,"AG2608,AG2606,AG2612,AG2607,AG2609",20,312,290.0,18793.0,18800.111111111113,20.0,10.630946685802371,12.888888888886868,6.851054530849343,,,20.0,20.0,11.5,20.0,10.630946685802371,detector_event_depth,9.0,2538015.0,9.0,1739.9999999997272,trade_recovered_3s,0.5,,0.5,
aggregated-tick-v1,AUTO_INFERRED_V1,validated,IM2606|10:56:07.500,20260522,10:56:07.500,,IM,IM2606,50167500,10292,10292,50167500,visible_execution_drop,8522.55,1.85325,2,"IM2609,IM2612",20,489,290.0,8517.2,8518.657142857142,26.749999999992724,6.277463904580841,19.464285714284415,4.56771405607111,,,25.221599999974785,24.316533333231607,19.749999999994543,26.749999999992724,6.277463904580841,detector_event_depth,7.0,11926120.0,7.0,5449.999999999636,trade_recovered_3s,0.5,,0.5,
aggregated-tick-v1,AUTO_INFERRED_V1,validated,NI2606|13:55:33.000,20260522,13:55:33.000,,NI,NI2606,60933000,48070,48070,60933500,visible_execution_drop,144127.5,3.7065,4,"NI2609,NI2608,NI2610,NI2612",20,401,290.0,143860.0,143955.58208955225,26.75,18.55995559487259,17.191791044775165,11.928182369620762,,,20.0,20.0,26.75,26.75,18.55995559487259,detector_event_depth,335.0,48225120.0,661.0,57592.4999999968,trade_recovered_3s,1.0,,1.0,
aggregated-tick-v1,AUTO_INFERRED_V1,validated,SN2606|21:48:39.000,20260522,21:48:39.000,,SN,SN2606,2919000,5830,5830,2919000,visible_execution_drop,413725.0,2.9652,5,"SN2607,SN2608,SN2609,SN2610,SN2612",20,489,290.0,413500.0,413611.05263157893,22.5,5.43839506918847,11.394736842106797,2.754181362525058,,,21.7564,20.68625,21.125,22.5,5.43839506918847,detector_event_depth,19.0,7858610.0,19.0,2165.000000000291,trade_recovered_3s,0.5,,0.5,
aggregated-tick-v1,AUTO_INFERRED_V1,validated,SN2606|23:45:52.000,20260522,23:45:52.000,,SN,SN2606,9952000,19695,19695,9952000,visible_execution_drop,415165.0,5.9304,4,"SN2607,SN2608,SN2610,SN2612",20,359,290.0,414930.0,415055.0,23.5,5.66040008189515,11.0,2.6495489745041128,,,20.75825,20.75825,17.625,23.5,5.66040008189515,detector_event_depth,4.0,1660220.0,4.0,440.0,trade_recovered_3s,0.5,,0.5,
aggregated-tick-v1,AUTO_INFERRED_V1,validated,SN2606|10:48:55.000,20260522,10:48:55.000,10:48:56.000,SN,SN2606,49735000,38881,38881,49735000,"visible_execution_drop,interval_execution_drop",421005.0,0.0,5,"SN2607,SN2608,SN2609,SN2610,SN2612",20,393,290.0,420500.0,420741.3636363637,50.5,11.99510694647332,26.363636363635305,6.262072033262148,420723.9583333333,28.104166666668608,28.651999999999997,22.7216,50.4,50.5,11.99510694647332,detector_event_depth,44.0,18512620.0,44.0,11599.999999999534,trade_recovered_3s,0.5,1.5,0.5,
aggregated-tick-v1,AUTO_INFERRED_V1,validated,SN2607|21:08:41.500,20260522,21:08:41.500,,SN,SN2607,521500,1043,1043,521500,visible_execution_drop,413410.0,6.6716999999999995,5,"SN2606,SN2608,SN2609,SN2610,SN2612",20,430,290.0,412800.0,413130.75,61.0,14.755327640840813,27.925,6.7547954814832725,,,48.4432,40.03599999997699,55.2333333333343,61.0,14.755327640840813,detector_event_depth,40.0,16525230.0,40.0,11170.0,trade_recovered_3s,0.5,,0.5,
aggregated-tick-v1,AUTO_INFERRED_V1,validated,SN2607|11:01:14.500,20260522,11:01:14.500,,SN,SN2607,50474500,40039,40039,50474500,visible_execution_drop,422205.0,7.78365,4,"SN2606,SN2608,SN2610,SN2612",20,284,290.0,421770.0,421980.9523809524,43.5,10.30305183500906,22.40476190476329,5.3066074311681035,,,36.0824,36.0824,40.375,43.5,10.30305183500906,detector_event_depth,21.0,8861600.0,21.0,4705.000000000291,trade_recovered_3s,0.5,,0.5,
aggregated-tick-v1,AUTO_INFERRED_V1,validated,AG2606|00:19:43.000,20260525,00:19:43.000,,AG,AG2606,11983000,23960,23960,11983000,visible_execution_drop,18552.5,1.4826,4,"AG2610,AG2612,AG2607,AG2609",20,262,290.0,18528.0,18538.642857142855,24.5,13.20576741679019,13.857142857144936,7.469151250313939,,,20.0,20.0,22.5,24.5,13.20576741679019,detector_event_depth,42.0,11679345.0,42.0,8730.00000000131,trade_recovered_3s,0.5,,0.5,
aggregated-tick-v1,AUTO_INFERRED_V1,validated,AG2606|10:14:59.500,20260525,10:14:59.500,,AG,AG2606,47697500,47174,47174,47699500,visible_execution_drop,18984.0,3.33585,3,"AG2608,AG2610,AG2612",20,258,290.0,18920.0,18957.55172413793,64.0,33.712600084281505,26.44827586206884,13.93187729776066,,,20.0,20.0,43.75,64.0,33.712600084281505,detector_event_depth,29.0,8246535.0,119.0,11504.999999999944,truncated,,,,
aggregated-tick-v1,AUTO_INFERRED_V1,validated,AG2609|22:13:15.000,20260525,22:13:15.000,,AG,AG2609,4395000,8325,8325,4395000,visible_execution_drop,18537.0,1.4826,2,"AG2606,AG2607",20,101,290.0,18516.0,18537.055555555555,21.0,11.328693963424502,-0.0555555555547471,-0.0299700898498932,,,20.0,20.0,21.0,21.0,11.328693963424502,detector_event_depth,18.0,5005005.0,18.0,0.0,trade_recovered_3s,0.5,,0.5,
aggregated-tick-v1,AUTO_INFERRED_V1,validated,AG2609|11:07:48.500,20260525,11:07:48.500,,AG,AG2609,50868500,46635,46635,50868500,visible_execution_drop,18941.0,0.7413,5,"AG2608,AG2606,AG2610,AG2612,AG2607",20,115,289.5,18920.0,18933.125,21.0,11.087059817327493,7.875,4.157647431497809,,,20.0,20.0,21.0,21.0,11.087059817327493,detector_event_depth,8.0,2271975.0,8.0,945.0,trade_recovered_3s,2.0,,0.5,
aggregated-tick-v1,AUTO_INFERRED_V1,validated,IC2609|09:38:58.600,20260525,09:38:58.600,,IC,IC2609,45538600,1074,1074,45538600,visible_execution_drop,8380.149999999998,1.853250000006742,2,"IC2612,IC2607",20,397,290.0,8370.0,8373.114285714286,50.749999999989086,12.111955036601756,35.178571428559735,8.3956901555604,,,50.373600000093575,44.943200000055626,50.749999999989086,50.749999999989086,12.111955036601756,detector_event_depth,42.0,70334160.0,42.0,59099.999999980355,trade_recovered_3s,0.5,,0.5,
aggregated-tick-v1,AUTO_INFERRED_V1,validated,LU2607|21:09:46.500,20260525,21:09:46.500,,LU,LU2607,586500,1127,1127,586500,visible_execution_drop,4947.0,3.7065,3,"LU2609,LU2606,LU2610",20,334,290.0,4924.0,4927.407407407407,23.0,46.49282393369719,19.592592592593064,39.604998165743005,,,21.2216,21.2216,15.607142857142662,23.0,46.49282393369719,detector_event_depth,27.0,1330400.0,27.0,5290.000000000127,trade_recovered_3s,0.5,,0.5,
aggregated-tick-v1,AUTO_INFERRED_V1,validated,NI2609|21:02:41.000,20260525,21:02:41.000,,NI,NI2609,161000,322,322,161000,visible_execution_drop,145210.0,0.7413,5,"NI2606,NI2607,NI2608,NI2610,NI2612",20,120,150.5,144990.0,145066.61290322582,22.0,15.150471730597063,14.338709677418228,9.87446434640743,,,20.0,20.0,21.25,22.0,15.150471730597063,detector_event_depth,62.0,8994130.0,62.0,8889.999999999302,trade_recovered_3s,0.5,,0.5,
aggregated-tick-v1,AUTO_INFERRED_V1,validated,SN2606|21:22:54.000,20260525,21:22:54.000,,SN,SN2606,1374000,2747,2747,1374000,visible_execution_drop,422210.0,1.4826,5,"SN2607,SN2608,SN2609,SN2610,SN2612",20,513,290.0,421860.0,422069.3846153846,35.0,8.289713649605646,14.061538461537566,3.3304607805446502,,,29.151999999999997,27.965919999999997,34.25,35.0,8.289713649605646,detector_event_depth,65.0,27434510.0,65.0,9139.999999999418,trade_recovered_3s,0.5,,0.5,
aggregated-tick-v1,AUTO_INFERRED_V1,validated,SN2606|21:48:46.500,20260525,21:48:46.500,21:48:47.500,SN,SN2606,2926500,5846,5846,2926500,"visible_execution_drop,interval_execution_drop",420375.0,2.2238999999999995,3,"SN2608,SN2609,SN2610",20,451,290.0,420020.0,420151.25,35.5,8.444840915848944,22.375,5.322628605411835,420122.8048780488,25.21951219512266,28.651999999999997,22.2216,27.3125,35.5,8.444840915848944,detector_event_depth,16.0,6722420.0,16.0,3580.0,trade_recovered_3s,0.5,1.5,0.5,
aggregated-tick-v1,AUTO_INFERRED_V1,validated,SN2606|22:14:55.500,20260525,22:14:55.500,,SN,SN2606,4495500,8975,8975,4495500,visible_execution_drop,419540.0,0.37065,4,"SN2608,SN2609,SN2610,SN2612",20,482,290.0,419280.0,419421.7391304347,26.0,6.197263669733518,11.826086956524524,2.818822271183802,,,21.2564,20.977,22.31730769230635,26.0,6.197263669733518,detector_event_depth,23.0,9646700.0,23.0,2720.0000000006403,trade_recovered_3s,0.5,,0.5,
aggregated-tick-v1,AUTO_INFERRED_V1,validated,SN2606|22:20:29.500,20260525,22:20:29.500,,SN,SN2606,4829500,9643,9643,4829500,visible_execution_drop,419695.0,2.2238999999999995,5,"SN2607,SN2608,SN2609,SN2610,SN2612",20,479,290.0,419410.0,419538.0,28.5,6.790645587867379,15.7,3.740811779983083,,,22.7216,20.98475,25.0,28.5,6.790645587867379,detector_event_depth,25.0,10488450.0,25.0,3925.0,trade_recovered_3s,0.5,,0.5,
aggregated-tick-v1,AUTO_INFERRED_V1,validated,SN2606|22:23:41.500,20260525,22:23:41.500,,SN,SN2606,5021500,10026,10026,5021500,visible_execution_drop,418852.5,2.2238999999999995,4,"SN2607,SN2609,SN2610,SN2612",20,474,290.0,418430.0,418655.7894736842,42.25,10.087083161733544,19.67105263157864,4.69641523724429,,,24.2216,21.2564,34.5,42.25,10.087083161733544,detector_event_depth,76.0,31817840.0,76.0,14949.999999999767,trade_recovered_3s,0.5,,1.5,
aggregated-tick-v1,AUTO_INFERRED_V1,validated,SN2606|22:23:46.000,20260525,22:23:46.000,22:23:47.000,SN,SN2606,5026000,10035,10035,5026000,interval_execution_drop,418087.5,5.559749999999999,3,"SN2607,SN2609,SN2610",20,476,290.0,417940.0,417771.1494252874,14.75,3.52796962358358,31.635057471261824,7.566611647385254,417750.9638554217,33.65361445783056,24.2216,20.904375,23.08614442778344,33.65361445783056,8.049418951255552,detector_event_depth,87.0,36346090.0,87.0,27522.499999997788,trade_recovered_3s,,1.5,0.5,
aggregated-tick-v1,AUTO_INFERRED_V1,validated,SN2606|22:23:59.000,20260525,22:23:59.000,,SN,SN2606,5039000,10061,10061,5039000,visible_execution_drop,418030.0,1.85325,4,"SN2607,SN2609,SN2610,SN2612",20,475,290.0,417760.0,417898.3333333333,27.0,6.458866588522355,13.166666666668608,3.1496942005761803,,,24.7216,21.5064,21.0,27.0,6.458866588522355,detector_event_depth,24.0,10029560.0,24.0,3160.0000000004657,trade_recovered_3s,0.5,,0.5,
aggregated-tick-v1,AUTO_INFERRED_V1,validated,SN2606|00:49:35.000,20260525,00:49:35.000,,SN,SN2606,13775000,27063,27063,13775000,visible_execution_drop,422065.0,2.9652,5,"SN2607,SN2608,SN2609,SN2610,SN2612",20,362,290.0,421840.0,421955.6818181818,22.5,5.330932439316219,10.931818181817652,2.5900792962737147,,,21.10325,21.10325,19.5,22.5,5.330932439316219,detector_event_depth,44.0,18566050.0,44.0,4809.999999999767,trade_recovered_3s,0.5,,0.5,
aggregated-tick-v1,AUTO_INFERRED_V1,validated,SN2606|00:49:42.500,20260525,00:49:42.500,,SN,SN2606,13782500,27078,27078,13782500,visible_execution_drop,421815.0,2.9652,5,"SN2607,SN2608,SN2609,SN2610,SN2612",20,366,290.0,421600.0,421695.6666666667,21.5,5.097021205978924,11.933333333331394,2.8290443282793154,,,21.09075,21.09075,16.416666666665698,21.5,5.097021205978924,detector_event_depth,30.0,12650870.0,30.0,3579.999999999418,trade_recovered_3s,0.5,,0.5,
aggregated-tick-v1,AUTO_INFERRED_V1,validated,SN2606|00:50:34.500,20260525,00:50:34.500,,SN,SN2606,13834500,27178,27178,13834500,visible_execution_drop,421730.0,1.4826,5,"SN2607,SN2608,SN2609,SN2610,SN2612",20,387,290.0,421490.0,421566.3636363637,24.0,5.690844853342186,16.363636363635305,3.8801214909148753,,,23.9716,21.0865,22.5,24.0,5.690844853342186,detector_event_depth,33.0,13911690.0,33.0,5399.999999999651,trade_recovered_3s,0.5,,0.5,
aggregated-tick-v1,AUTO_INFERRED_V1,validated,SN2607|21:22:34.500,20260525,21:22:34.500,,SN,SN2607,1354500,2708,2708,1354500,visible_execution_drop,423325.0,3.7065,5,"SN2606,SN2608,SN2609,SN2610,SN2612",20,393,290.0,423010.0,423158.75,31.5,7.441091360066143,16.625,3.927242662257131,,,30.151999999999997,24.2216,30.333333333334306,31.5,7.441091360066143,detector_event_depth,16.0,6770540.0,16.0,2660.0,trade_recovered_3s,0.5,,0.5,
aggregated-tick-v1,AUTO_INFERRED_V1,validated,SN2607|11:02:49.500,20260525,11:02:49.500,11:02:50.500,SN,SN2607,50569500,40524,40524,50569500,"visible_execution_drop,interval_execution_drop",425255.0,5.9304,3,"SN2608,SN2610,SN2612",20,308,290.0,424880.0,424994.0,37.5,8.818238468683495,26.1,6.1374939742037125,424924.0983606557,33.09016393442871,26.1868,23.2216,27.0,37.5,8.818238468683495,detector_event_depth,40.0,16999760.0,40.0,10440.0,trade_recovered_3s,0.5,1.5,0.5,
aggregated-tick-v1,AUTO_INFERRED_V1,validated,SN2607|11:26:13.000,20260525,11:26:13.000,,SN,SN2607,51973000,43263,43263,51973000,visible_execution_drop,423725.0,4.447799999999999,5,"SN2606,SN2608,SN2609,SN2610,SN2612",20,359,290.0,423270.0,423438.0,45.5,10.738096642869785,28.7,6.773260959348634,,,32.1172,32.3672,45.5,45.5,10.738096642869785,detector_event_depth,50.0,21171900.0,50.0,14350.0,trade_recovered_3s,0.5,,0.5,
aggregated-tick-v1,AUTO_INFERRED_V1,validated,SN2607|13:41:26.500,20260525,13:41:26.500,,SN,SN2607,60086500,45072,45072,60086500,visible_execution_drop,422835.0,8.1543,3,"SN2608,SN2609,SN2612",20,287,290.0,422600.0,422736.1538461539,23.5,5.55772346187047,9.884615384612696,2.337700375941608,,,22.7216,22.2216,23.5,23.5,5.55772346187047,detector_event_depth,13.0,5495570.0,13.0,1284.9999999996508,trade_recovered_3s,0.5,,0.5,
aggregated-tick-v1,AUTO_INFERRED_V1,validated,AG2606|02:29:50.500,20260526,02:29:50.500,,AG,AG2606,19790500,34371,34371,19790500,visible_execution_drop,19030.0,2.9652,5,"AG2608,AG2610,AG2612,AG2607,AG2609",20,128,290.0,19001.0,19012.92307692307,29.0,15.239096163951656,17.076923076925596,8.973685274264632,,,20.0,20.0,26.5,29.0,15.239096163951656,detector_event_depth,13.0,3707520.0,13.0,3330.000000000491,trade_recovered_3s,0.5,,0.5,
aggregated-tick-v1,AUTO_INFERRED_V1,validated,AG2606|02:29:58.000,20260526,02:29:58.000,02:29:59.000,AG,AG2606,19798000,34386,34386,19798000,visible_execution_drop,19029.0,0.7413,3,"AG2612,AG2607,AG2609",20,134,287.5,19009.0,19009.0,20.0,10.510273792632296,20.0,10.510273792632296,19012.73913043478,16.260869565219764,20.0,20.0,12.75,20.0,10.510273792632296,detector_event_depth,1.0,285135.0,1.0,300.0,trade_recovered_3s,0.5,,0.5,
aggregated-tick-v1,AUTO_INFERRED_V1,validated,AG2606|11:27:32.000,20260526,11:27:32.000,,AG,AG2606,52052000,49700,49700,52052000,visible_execution_drop,18723.5,1.4826,5,"AG2608,AG2610,AG2612,AG2607,AG2609",20,223,290.0,18698.0,18706.583333333332,25.5,13.619248537933611,16.91666666666788,9.03499167712654,,,20.0,20.0,25.5,25.5,13.619248537933611,detector_event_depth,24.0,6734370.0,24.0,6090.000000000437,trade_recovered_3s,0.5,,0.5,
aggregated-tick-v1,AUTO_INFERRED_V1,validated,AG2608|09:41:25.000,20260526,09:41:25.000,,AG,AG2608,45685000,44438,44438,45685000,visible_execution_drop,18555.5,3.33585,5,"AG2606,AG2610,AG2612,AG2607,AG2609",20,581,290.0,18530.0,18542.539285714283,25.5,13.742556115437472,12.960714285716676,6.984836994808372,,,20.0,20.0,24.75,25.5,13.742556115437472,detector_event_depth,280.0,77878665.0,280.0,54435.00000001004,trade_recovered_3s,0.5,,0.5,
aggregated-tick-v1,AUTO_INFERRED_V1,validated,NI2606|09:20:02.500,20260526,09:20:02.500,09:20:03.500,NI,NI2606,44402500,31207,31207,44402500,interval_execution_drop,142711.25,1.297275,4,"NI2607,NI2609,NI2608,NI2610",20,482,290.0,142570.0,142477.40213523133,14.125,9.897607932100655,23.384786476867156,16.386084822932432,142493.30188679244,21.79481132075598,20.0,20.0,22.134786476867156,21.79481132075598,15.271964418191263,detector_event_depth,281.0,40036150.0,281.0,65711.24999999671,trade_recovered_3s,,1.5,0.5,
aggregated-tick-v1,AUTO_INFERRED_V1,validated,NI2609|00:36:58.500,20260526,00:36:58.500,,NI,NI2609,13018500,19226,19226,13018500,visible_execution_drop,146200.0,0.0,5,"NI2606,NI2607,NI2608,NI2610,NI2612",20,419,290.0,145880.0,146031.25,32.0,21.88782489740082,16.875,11.542407660738714,,,25.7216,25.7216,28.5,32.0,21.88782489740082,detector_event_depth,8.0,1168250.0,8.0,1350.0,trade_recovered_3s,1.5,,0.5,
aggregated-tick-v1,AUTO_INFERRED_V1,validated,SN2606|23:28:17.000,20260526,23:28:17.000,,SN,SN2606,8897000,17397,17397,8897000,visible_execution_drop,421640.0,1.4826,5,"SN2607,SN2608,SN2609,SN2610,SN2611",20,286,290.0,421410.0,421467.1428571429,23.0,5.454890427853145,17.285714285715947,4.099638147641578,,,21.738999999999997,21.082,19.22826086956484,23.0,5.454890427853145,detector_event_depth,21.0,8850810.0,21.0,3630.000000000349,trade_recovered_3s,0.5,,0.5,
aggregated-tick-v1,AUTO_INFERRED_V1,validated,SN2606|09:16:25.500,20260526,09:16:25.500,,SN,SN2606,44185500,29540,29540,44185500,visible_execution_drop,422295.0,1.4826,5,"SN2607,SN2608,SN2609,SN2610,SN2611",20,450,290.0,422020.0,422170.5555555555,27.5,6.512035425472715,12.444444444443798,2.9468604753652774,,,22.2216,21.267693333345807,25.125,27.5,6.512035425472715,detector_event_depth,18.0,7599070.0,18.0,2239.9999999998836,trade_recovered_3s,0.5,,0.5,
aggregated-tick-v1,AUTO_INFERRED_V1,validated,SN2606|09:53:28.000,20260526,09:53:28.000,09:53:29.000,SN,SN2606,46408000,33985,33985,46408000,interval_execution_drop,421020.0,8.1543,5,"SN2607,SN2608,SN2609,SN2610,SN2611",20,405,290.0,420860.0,420775.29411764705,16.0,3.800294522825519,24.470588235295143,5.81221515255692,420788.7804878049,23.121951219509356,28.651999999999997,22.7216,21.470588235295143,23.121951219509356,5.491889036033764,detector_event_depth,34.0,14306360.0,34.0,8320.00000000035,trade_recovered_3s,,1.5,0.5,
aggregated-tick-v1,AUTO_INFERRED_V1,validated,SN2606|13:39:27.500,20260526,13:39:27.500,,SN,SN2606,59967500,44906,44906,59967500,visible_execution_drop,427655.0,0.7413,5,"SN2607,SN2608,SN2609,SN2610,SN2611",20,423,290.0,427310.0,427540.28571428574,34.5,8.067250470589611,11.471428571426078,2.682402537425279,,,30.151999999999997,24.2216,34.25,34.5,8.067250470589611,detector_event_depth,35.0,14963910.0,35.0,4014.999999999127,trade_recovered_3s,0.5,,0.5,
aggregated-tick-v1,AUTO_INFERRED_V1,validated,SN2607|21:10:07.000,20260526,21:10:07.000,,SN,SN2607,607000,1214,1214,607000,visible_execution_drop,422485.0,8.1543,5,"SN2606,SN2608,SN2609,SN2610,SN2611",20,497,290.0,422100.0,422287.5,38.5,9.112749565073315,19.75,4.674722179485662,,,34.3672,31.651999999999997,35.25,38.5,9.112749565073315,detector_event_depth,56.0,23648100.0,56.0,11060.0,trade_recovered_3s,0.5,,0.5,
aggregated-tick-v1,AUTO_INFERRED_V1,validated,SN2607|14:12:09.500,20260526,14:12:09.500,,SN,SN2607,61929500,50063,50063,61929500,visible_execution_drop,425410.0,5.9304,5,"SN2606,SN2608,SN2609,SN2610,SN2611",20,477,290.0,425080.0,425259.8,33.0,7.757222444230273,15.020000000001165,3.5307115488590215,,,23.7216,21.2705,33.0,33.0,7.757222444230273,detector_event_depth,50.0,21262990.0,50.0,7510.000000000582,trade_recovered_3s,0.5,,0.5,
aggregated-tick-v1,AUTO_INFERRED_V1,validated,AG2606|22:13:36.000,20260527,22:13:36.000,,AG,AG2606,4416000,8720,8720,4416000,visible_execution_drop,18511.0,0.7413,5,"AG2608,AG2610,AG2612,AG2607,AG2609",20,350,290.0,18490.0,18497.4,21.0,11.34460590999946,13.599999999998545,7.346982875046483,,,20.0,20.0,20.0,21.0,11.34460590999946,detector_event_depth,50.0,13873050.0,50.0,10199.999999998909,trade_recovered_3s,0.5,,0.5,
aggregated-tick-v1,AUTO_INFERRED_V1,validated,IC2606|10:35:24.900,20260527,10:35:24.900,,IC,IC2606,48924900,7750,7750,48924900,visible_execution_drop,8606.3,5.189100000018878,3,"IC2609,IC2612,IC2607",20,393,290.0,8597.6,8603.48,43.49999999999454,10.108873732032242,14.099999999998545,3.2766694165898342,,,30.15200000010969,30.151999999893945,42.12500000000091,43.49999999999454,10.108873732032242,detector_event_depth,20.0,34413920.0,20.0,11279.999999998836,trade_recovered_3s,0.5,,0.5,
aggregated-tick-v1,AUTO_INFERRED_V1,validated,IM2609|14:53:17.400,20260527,14:53:17.400,,IM,IM2609,64397400,26746,26746,64397400,visible_execution_drop,8201.400000000001,4.447800000016181,3,"IM2606,IM2612,IM2607",20,362,290.0,8192.6,8197.48,44.00000000000546,10.729875387130356,19.60000000000946,4.779671763359781,,,36.94000000005121,35.58239999995854,39.50000000000728,44.00000000000546,10.729875387130356,detector_event_depth,20.0,32789920.0,20.0,15680.000000007569,trade_recovered_3s,1.0,,0.5,
aggregated-tick-v1,AUTO_INFERRED_V1,validated,PP2606|21:26:15.260,20260527,21:26:15.260,,PP,PP2606,1575260,468,468,1575260,visible_execution_drop,9445.75,1.11195,5,"PP2609,PP2701,PP2607,PP2608,PP2610",20,103,281.5,9416.0,9419.777777777776,29.75,31.49564619008549,25.972222222222623,27.496199054836968,,,28.151999999999997,28.151999999999997,29.75,29.75,31.49564619008549,detector_event_depth,9.0,423890.0,9.0,1168.7500000000182,persistent_10s,,,,
aggregated-tick-v1,AUTO_INFERRED_V1,validated,SN2606|22:42:13.500,20260527,22:42:13.500,,SN,SN2606,6133500,12065,12065,6133500,visible_execution_drop,423815.0,1.4826,2,"SN2609,SN2611",20,315,290.0,423500.0,423610.0,31.5,7.432488231893633,20.5,4.837016150914904,,,23.7216,21.19075,22.25,31.5,7.432488231893633,detector_event_depth,11.0,4659710.0,11.0,2255.0,trade_recovered_3s,0.5,,0.5,
aggregated-tick-v1,AUTO_INFERRED_V1,validated,SN2606|23:01:57.000,20260527,23:01:57.000,,SN,SN2606,7317000,14366,14366,7317000,visible_execution_drop,422990.0,1.4826,5,"SN2607,SN2608,SN2609,SN2610,SN2611",20,366,290.0,422710.0,422887.8048780488,28.0,6.619541833140263,10.21951219512266,2.416017446067912,,,21.1495,21.1495,28.0,28.0,6.619541833140263,detector_event_depth,41.0,17338400.0,41.0,4190.000000000291,trade_recovered_3s,0.5,,0.5,
aggregated-tick-v1,AUTO_INFERRED_V1,validated,SN2606|23:55:51.500,20260527,23:55:51.500,23:55:52.500,SN,SN2606,10551500,20428,20428,10551500,"visible_execution_drop,interval_execution_drop",422470.0,0.7413,5,"SN2607,SN2608,SN2609,SN2610,SN2611",20,323,289.5,421790.0,422145.0,68.0,16.095817454493808,32.5,7.6928539304566,422227.3015873016,24.269841269840253,22.0064,21.1235,65.5,68.0,16.095817454493808,detector_event_depth,32.0,13508640.0,32.0,10400.0,trade_recovered_3s,0.5,1.5,0.5,
aggregated-tick-v1,AUTO_INFERRED_V1,validated,SN2606|10:59:23.000,20260527,10:59:23.000,,SN,SN2606,50363000,39931,39931,50363000,visible_execution_drop,426995.0,1.4826,3,"SN2608,SN2610,SN2611",20,268,290.0,426630.0,426775.3846153846,36.5,8.548109462640078,21.961538461537565,5.143277664032967,,,29.651999999999997,26.623809523835288,36.5,36.5,8.548109462640078,detector_event_depth,13.0,5548080.0,13.0,2854.9999999998836,trade_recovered_3s,0.5,,0.5,
aggregated-tick-v1,AUTO_INFERRED_V1,validated,SN2607|22:57:09.000,20260527,22:57:09.000,,SN,SN2607,7029000,14058,14058,7029000,visible_execution_drop,424015.0,0.7413,3,"SN2606,SN2609,SN2611",20,466,290.0,423800.0,423862.75,21.5,5.070575333419808,15.225,3.5906748582007713,,,21.20075,21.20075,20.5,21.5,5.070575333419808,detector_event_depth,40.0,16954510.0,40.0,6090.0,trade_recovered_3s,0.5,,0.5,
aggregated-tick-v1,AUTO_INFERRED_V1,validated,SN2607|23:51:05.000,20260527,23:51:05.000,,SN,SN2607,10265000,20530,20530,10265000,visible_execution_drop,423770.0,8.52495,4,"SN2608,SN2609,SN2610,SN2611",20,189,290.0,423500.0,423604.8275862069,27.0,6.371380701795785,16.517241379310143,3.897690110038498,,,24.7216,24.7216,17.962962962963502,27.0,6.371380701795785,detector_event_depth,29.0,12284540.0,29.0,4789.999999999942,trade_recovered_3s,0.5,,0.5,
aggregated-tick-v1,AUTO_INFERRED_V1,validated,SN2607|00:07:06.000,20260527,00:07:06.000,,SN,SN2607,11226000,22452,22452,11226000,visible_execution_drop,423355.0,2.9652,5,"SN2606,SN2608,SN2609,SN2610,SN2611",20,289,290.0,423050.0,423148.1355932203,30.5,7.204355682583175,20.68644067796413,4.886310703301987,,,21.16775,21.16775,28.0,30.5,7.204355682583175,detector_event_depth,59.0,24965740.0,59.0,12204.999999998836,trade_recovered_3s,0.5,,0.5,
aggregated-tick-v1,AUTO_INFERRED_V1,validated,SN2607|09:41:31.000,20260527,09:41:31.000,,SN,SN2607,45691000,33783,33783,45691000,visible_execution_drop,428100.0,5.1891,5,"SN2606,SN2608,SN2609,SN2610,SN2611",20,526,290.0,427840.0,427968.1034482759,26.0,6.073347348750292,13.189655172411586,3.0809752797037104,,,23.7216,21.405,20.75,26.0,6.073347348750292,detector_event_depth,58.0,24822150.0,58.0,7649.999999998719,trade_recovered_3s,0.5,,1.0,
aggregated-tick-v1,AUTO_INFERRED_V1,validated,SN2607|09:44:42.000,20260527,09:44:42.000,,SN,SN2607,45882000,34165,34165,45882000,visible_execution_drop,427800.0,5.1891,5,"SN2606,SN2608,SN2609,SN2610,SN2611",20,480,290.0,427500.0,427629.5652173913,30.0,7.012622720897616,17.043478260870323,3.983982763176794,,,25.7216,23.744799999976987,27.625,30.0,7.012622720897616,detector_event_depth,46.0,19670960.0,46.0,7840.000000000349,trade_recovered_3s,0.5,,0.5,
aggregated-tick-v1,AUTO_INFERRED_V1,validated,SN2607|13:40:11.000,20260527,13:40:11.000,13:40:12.000,SN,SN2607,60011000,46225,46225,60011000,interval_execution_drop,426080.0,2.9652,5,"SN2606,SN2608,SN2609,SN2610,SN2611",20,475,290.0,426020.0,425802.31707317074,6.0,1.4081862561021403,27.768292682926404,6.517154685253099,425837.66990291263,24.23300970873679,21.5064,21.304,17.018292682926404,24.23300970873679,5.68743186930548,detector_event_depth,82.0,34915790.0,82.0,22769.99999999965,trade_recovered_3s,,1.5,0.5,
aggregated-tick-v1,AUTO_INFERRED_V1,validated,SN2607|13:43:03.500,20260527,13:43:03.500,,SN,SN2607,60183500,46570,46570,60183500,visible_execution_drop,421075.0,2.9652,2,"SN2608,SN2609",20,504,290.0,420660.0,420849.42307692306,41.5,9.855726414534228,22.55769230769365,5.3571673235631785,,,33.0096,27.97748571426433,29.15289256198448,41.5,9.855726414534228,detector_event_depth,104.0,43768340.0,104.0,23460.000000001397,trade_recovered_3s,0.5,,0.5,
aggregated-tick-v1,AUTO_INFERRED_V1,validated,SN2608|13:43:05.500,20260527,13:43:05.500,13:43:06.500,SN,SN2608,60185500,46566,46566,60186000,"visible_execution_drop,interval_execution_drop",421132.5,7.042349999999999,4,"SN2607,SN2606,SN2609,SN2610",20,251,290.0,420350.0,420506.6666666667,78.25,18.580850444931222,62.58333333333139,14.860722773315144,420646.7123287671,48.578767123288706,34.5824,26.92519999997699,78.25,78.25,18.580850444931222,detector_event_depth,48.0,20184320.0,62.0,30039.99999999907,trade_recovered_3s,1.0,1.5,1.0,
aggregated-tick-v1,AUTO_INFERRED_V1,validated,AG2606|11:16:10.000,20260528,11:16:10.000,,AG,AG2606,51370000,49095,49095,51370000,visible_execution_drop,17621.5,1.4826,5,"AG2608,AG2610,AG2612,AG2607,AG2609",20,267,290.0,17600.0,17604.193548387095,21.5,12.201004454785346,17.30645161290522,9.82121363839924,,,20.0064,20.0,19.08333333333394,21.5,12.201004454785346,detector_event_depth,31.0,8185950.0,31.0,8047.500000000928,trade_recovered_3s,0.5,,0.5,
aggregated-tick-v1,AUTO_INFERRED_V1,validated,AG2606|14:10:01.000,20260528,14:10:01.000,,AG,AG2606,61801000,55364,55364,61801000,visible_execution_drop,17678.0,1.4826,5,"AG2608,AG2610,AG2612,AG2607,AG2609",20,226,290.0,17648.0,17658.545454545456,30.0,16.970245502884943,19.45454545454413,11.004947083688274,,,20.0,20.0,29.0,30.0,16.970245502884943,detector_event_depth,11.0,2913660.0,11.0,3209.9999999997817,trade_recovered_3s,0.5,,0.5,
aggregated-tick-v1,AUTO_INFERRED_V1,validated,AG2607|21:31:10.500,20260528,21:31:10.500,21:31:11.500,AG,AG2607,1870500,3678,3678,1870500,visible_execution_drop,18062.5,0.0,5,"AG2608,AG2610,AG2606,AG2612,AG2609",20,237,290.0,18042.0,18042.0,20.5,11.349480968858131,20.5,11.349480968858131,18054.08695652174,8.413043478260079,20.0,20.0,19.0,20.5,11.349480968858131,detector_event_depth,10.0,2706300.0,10.0,3075.0,trade_recovered_3s,0.5,,0.5,
aggregated-tick-v1,AUTO_INFERRED_V1,validated,AG2607|21:35:53.000,20260528,21:35:53.000,,AG,AG2607,2153000,4237,4237,2153000,visible_execution_drop,18113.0,0.7413,5,"AG2608,AG2610,AG2606,AG2612,AG2609",20,251,290.0,18093.0,18100.8,20.0,11.041793187213605,12.200000000000728,6.7354938442006995,,,20.0,20.0,18.0,20.0,11.041793187213605,detector_event_depth,10.0,2715120.0,10.0,1830.0000000001091,trade_recovered_3s,1.0,,0.5,
aggregated-tick-v1,AUTO_INFERRED_V1,validated,AG2607|21:50:28.000,20260528,21:50:28.000,21:50:29.000,AG,AG2607,3026000,5946,5946,3028000,visible_execution_drop,18088.5,1.4826,5,"AG2608,AG2610,AG2606,AG2612,AG2609",20,143,290.0,18056.0,18063.454545454544,32.5,17.967216739917628,25.04545454545587,13.846064928244946,18073.098039215685,15.401960784314724,20.0,20.84274285712028,27.5,32.5,17.967216739917628,detector_event_depth,22.0,5960940.0,56.0,8265.000000000437,trade_recovered_3s,0.5,,0.5,
aggregated-tick-v1,AUTO_INFERRED_V1,validated,AG2607|10:05:02.500,20260528,10:05:02.500,,AG,AG2607,47102500,41723,41723,47102500,visible_execution_drop,17680.5,1.4826,5,"AG2608,AG2610,AG2606,AG2612,AG2609",20,174,290.0,17659.0,17668.0,21.5,12.160289584570572,12.5,7.06993580498289,,,20.7564,23.7216,20.125,21.5,12.160289584570572,detector_event_depth,4.0,1060080.0,4.0,750.0,trade_recovered_3s,0.5,,0.5,
aggregated-tick-v1,AUTO_INFERRED_V1,validated,AG2608|09:51:12.000,20260528,09:51:12.000,,AG,AG2608,46272000,45544,45544,46272000,visible_execution_drop,17810.0,2.9652,5,"AG2610,AG2606,AG2612,AG2607,AG2609",20,574,290.0,17790.0,17798.824561403508,20.0,11.229646266142618,11.175438596492311,6.2748111153803,,,20.0,20.0,18.875,20.0,11.229646266142618,detector_event_depth,171.0,45653985.0,171.0,28665.000000002783,trade_recovered_3s,0.5,,0.5,
aggregated-tick-v1,AUTO_INFERRED_V1,validated,IC2612|10:42:49.900,20260528,10:42:49.900,,IC,IC2612,49369900,7892,7892,49369900,visible_execution_drop,8038.25,2.5945500000026964,2,"IC2606,IC2609",20,111,290.0,8020.0,8026.5,91.25,22.70394675457967,58.75,14.617609554318417,,,43.51279999999194,43.512799999884066,91.25,91.25,22.70394675457967,detector_event_depth,4.0,6421200.0,4.0,9400.0,trade_recovered_3s,1.0,,0.5,
aggregated-tick-v1,AUTO_INFERRED_V1,validated,IF2609|13:39:49.900,20260528,13:39:49.900,,IF,IF2609,59989900,17261,17261,59989900,visible_execution_drop,4765.15,5.55975000000337,2,"IF2606,IF2612",20,297,289.5,4760.0,4762.4,25.74999999999818,10.807634597021366,13.75,5.771067017827351,,,20.0,20.0,25.0,25.74999999999818,10.807634597021366,detector_event_depth,20.0,28574400.0,20.0,16500.0,trade_recovered_3s,0.5,,0.5,
aggregated-tick-v1,AUTO_INFERRED_V1,validated,IF2609|13:42:15.900,20260528,13:42:15.900,,IF,IF2609,60135900,17537,17537,60135900,visible_execution_drop,4763.2,0.7413000000026967,3,"IF2606,IF2612,IF2607",20,306,289.5,4756.4,4759.005714285714,34.00000000000091,14.276116896204616,20.971428571428987,8.805604875474046,,,24.72160000000221,24.72159999991903,27.75000000000091,34.00000000000091,14.276116896204616,detector_event_depth,35.0,49969560.0,35.0,44040.00000000087,trade_recovered_3s,0.5,,0.5,
aggregated-tick-v1,AUTO_INFERRED_V1,validated,IM2612|14:47:33.400,20260528,14:47:33.400,,IM,IM2612,64053400,24115,24115,64053900,visible_execution_drop,8092.5,7.412999999993257,2,"IM2606,IM2607",20,177,290.0,8081.4,8086.914285714285,55.50000000000182,13.716404077850312,27.928571428574287,6.9023346131786925,,,47.943200000008055,47.94319999990018,50.74999999999591,55.50000000000182,13.716404077850312,detector_event_depth,21.0,33965040.0,24.0,23460.0000000024,trade_recovered_3s,1.5,,0.5,
aggregated-tick-v1,AUTO_INFERRED_V1,validated,L2607|11:29:50.665,20260528,11:29:50.665,,L,L2607,52190665,20339,20339,52190665,visible_execution_drop,7934.5,1.4826,2,"L2609,L2701",20,129,289.505,7912.0,7915.8,22.5,28.357174365114375,18.699999999999815,23.567962694561498,,,20.0,20.0,11.5,22.5,28.357174365114375,detector_event_depth,5.0,197895.0,5.0,467.49999999999545,quote_only_recovered_3s,,,0.5,
aggregated-tick-v1,AUTO_INFERRED_V1,validated,SN2606|21:04:15.000,20260528,21:04:15.000,,SN,SN2606,255000,510,510,255000,visible_execution_drop,421402.5,4.07715,4,"SN2608,SN2609,SN2610,SN2611",20,292,244.5,421030.0,421277.9166666667,37.25,8.839529903121125,12.458333333331392,2.95639758504788,,,37.0824,37.0824,31.357142857142023,37.25,8.839529903121125,detector_event_depth,24.0,10110670.0,24.0,2989.9999999995343,trade_recovered_3s,0.5,,0.5,
aggregated-tick-v1,AUTO_INFERRED_V1,validated,SN2606|22:57:56.000,20260528,22:57:56.000,,SN,SN2606,7076000,13854,13854,7076000,visible_execution_drop,419675.0,3.33585,4,"SN2607,SN2608,SN2610,SN2611",20,212,290.0,419430.0,419500.0,24.5,5.837850717817359,17.5,4.169893369869541,,,22.7216,20.98375,19.25,24.5,5.837850717817359,detector_event_depth,4.0,1678000.0,4.0,700.0,trade_recovered_3s,0.5,,0.5,
aggregated-tick-v1,AUTO_INFERRED_V1,validated,SN2606|23:00:14.500,20260528,23:00:14.500,,SN,SN2606,7214500,14116,14116,7214500,visible_execution_drop,419340.0,4.447799999999999,3,"SN2607,SN2608,SN2609",20,246,290.0,419000.0,419126.1538461539,34.0,8.107979205418037,21.384615384612697,5.099588731008895,,,30.651999999999997,27.4368,32.625,34.0,8.107979205418037,detector_event_depth,13.0,5448640.0,13.0,2779.9999999996508,trade_recovered_3s,0.5,,0.5,
aggregated-tick-v1,AUTO_INFERRED_V1,validated,SN2606|10:05:53.500,20260528,10:05:53.500,,SN,SN2606,47152000,35691,35691,47153500,visible_execution_drop,417105.0,3.7065,5,"SN2607,SN2608,SN2609,SN2610,SN2611",20,279,290.0,416590.0,416807.6470588235,51.5,12.3470109444864,29.735294117644663,7.128970910836519,,,41.5128,38.5476,47.25,51.5,12.3470109444864,detector_event_depth,17.0,7085730.0,27.0,5054.999999999593,trade_recovered_3s,0.5,,0.5,
aggregated-tick-v1,AUTO_INFERRED_V1,validated,SN2606|10:06:01.000,20260528,10:06:01.000,,SN,SN2606,47161000,35706,35706,47161000,visible_execution_drop,417075.0,3.7065,5,"SN2607,SN2608,SN2609,SN2610,SN2611",20,283,290.0,416550.0,416815.4545454546,52.5,12.587664089192591,25.95454545454704,6.222992376562259,,,41.5128,38.5476,45.0,52.5,12.587664089192591,detector_event_depth,22.0,9169940.0,22.0,5710.000000000349,trade_recovered_3s,0.5,,0.5,
aggregated-tick-v1,AUTO_INFERRED_V1,validated,SN2606|14:11:39.000,20260528,14:11:39.000,,SN,SN2606,61899000,48817,48817,61899000,visible_execution_drop,418985.0,2.2238999999999995,5,"SN2607,SN2608,SN2609,SN2610,SN2611",20,171,290.0,418620.0,418952.60869565216,36.5,8.71152905235271,3.239130434783874,0.7730898325199886,,,34.5824,28.651999999999997,36.5,36.5,8.71152905235271,detector_event_depth,23.0,9635910.0,23.0,745.000000000291,trade_recovered_3s,0.5,,0.5,
aggregated-tick-v1,AUTO_INFERRED_V1,validated,SN2607|21:14:27.000,20260528,21:14:27.000,,SN,SN2607,867000,1734,1734,867000,visible_execution_drop,420770.0,1.4826,5,"SN2606,SN2608,SN2609,SN2610,SN2611",20,561,290.0,420500.0,420580.23255813954,27.0,6.416807281887968,18.976744186045835,4.510004084427558,,,24.7216,21.0385,24.75,27.0,6.416807281887968,detector_event_depth,43.0,18084950.0,43.0,8159.999999999709,trade_recovered_3s,0.5,,0.5,
aggregated-tick-v1,AUTO_INFERRED_V1,validated,SN2607|09:08:36.000,20260528,09:08:36.000,,SN,SN2607,43716000,29834,29834,43716000,visible_execution_drop,421257.5,5.559749999999999,5,"SN2606,SN2608,SN2609,SN2610,SN2611",20,526,290.0,421000.0,421084.0,25.75,6.112650813338635,17.35,4.118621033453411,,,24.7216,21.062875,15.846153846153175,25.75,6.112650813338635,detector_event_depth,20.0,8421680.0,20.0,3470.0,trade_recovered_3s,0.5,,0.5,
aggregated-tick-v1,AUTO_INFERRED_V1,validated,SN2607|13:40:23.500,20260528,13:40:23.500,,SN,SN2607,60023500,46251,46251,60023500,visible_execution_drop,423585.0,2.2238999999999995,3,"SN2606,SN2609,SN2610",20,517,290.0,423280.0,423516.4864864865,30.5,7.200443830636118,6.851351351349149,1.6174678875194233,,,23.7216,21.279670588251538,30.5,30.5,7.200443830636118,detector_event_depth,74.0,31340220.0,74.0,5069.99999999837,trade_recovered_3s,0.5,,0.5,
aggregated-tick-v1,AUTO_INFERRED_V1,validated,AG2606|23:29:09.000,20260529,23:29:09.000,23:29:10.000,AG,AG2606,8949000,17147,17147,8949000,interval_execution_drop,18066.0,3.7065,5,"AG2608,AG2610,AG2612,AG2607,AG2609",20,105,290.0,18047.0,18039.375,19.0,10.516993246983285,26.625,14.737628694785784,18044.375,21.625,20.0,20.0,26.625,21.625,11.96999889294808,detector_event_depth,48.0,12988350.0,48.0,19170.0,quote_only_recovered_3s,,4.0,1.0,
aggregated-tick-v1,AUTO_INFERRED_V1,validated,AG2607|09:30:08.000,20260529,09:30:08.000,,AG,AG2607,45008000,38516,38516,45008000,visible_execution_drop,18453.0,2.2239,5,"AG2608,AG2610,AG2606,AG2612,AG2609",20,126,290.0,18427.0,18437.761904761905,26.0,14.089849888906953,15.238095238095411,8.25778748067816,,,23.7216,25.0792,26.0,26.0,14.089849888906953,detector_event_depth,21.0,5807895.0,21.0,4800.000000000055,trade_recovered_3s,0.5,,0.5,
aggregated-tick-v1,AUTO_INFERRED_V1,validated,AG2610|01:55:46.500,20260529,01:55:46.500,,AG,AG2610,17746500,35336,35336,17746500,visible_execution_drop,18478.0,1.11195,5,"AG2608,AG2606,AG2612,AG2607,AG2609",20,126,290.0,18457.0,18474.090909090908,21.0,11.364866327524624,3.9090909090919017,2.1155378878081508,,,20.0,20.0,18.43055555555657,21.0,11.364866327524624,detector_event_depth,22.0,6096450.0,22.0,1290.0000000003274,trade_recovered_3s,0.5,,0.5,
aggregated-tick-v1,AUTO_INFERRED_V1,validated,IH2609|14:59:08.500,20260529,14:59:08.500,,IH,IH2609,64748500,21518,21518,64749000,visible_execution_drop,2856.45,2.59454999999764,2,"IH2606,IH2607",20,157,288.5,2852.0,2854.266666666667,22.24999999999909,15.57877785362887,10.916666666664696,7.643520220318715,,,20.0,20.0,22.24999999999909,22.24999999999909,15.57877785362887,detector_event_depth,6.0,5137680.0,8.0,3929.9999999992906,trade_recovered_3s,1.0,,0.5,
aggregated-tick-v1,AUTO_INFERRED_V1,validated,JD2606|09:10:26.046,20260529,09:10:26.046,09:10:27.046,JD,JD2606,43826046,992,992,43826046,"visible_execution_drop,interval_execution_drop",4030.5,3.7065,5,"JD2607,JD2608,JD2609,JD2610,JD2611",20,331,289.005,3950.0,3959.7375,80.5,199.7270810073192,70.76249999999982,175.56754745068807,3964.860557768925,65.63944223107546,44.0824,44.917846153848814,41.0,80.5,199.7270810073192,detector_event_depth,80.0,3167790.0,80.0,56609.999999999854,trade_recovered_10s,4.5,7.0,6.5,
aggregated-tick-v1,AUTO_INFERRED_V1,validated,NI2606|14:59:59.500,20260529,14:59:59.500,,NI,NI2606,64799500,41136,41136,64799500,visible_execution_drop,143162.5,1.1119499999999998,4,"NI2607,NI2609,NI2608,NI2610",20,126,290.0,142160.0,142160.0,100.25,70.02532087662621,100.25,70.02532087662621,,,30.5824,30.5824,100.25,100.25,70.02532087662621,detector_event_depth,1.0,142160.0,1.0,1002.5,truncated,,,,
aggregated-tick-v1,AUTO_INFERRED_V1,validated,SN2607|22:14:07.000,20260529,22:14:07.000,22:14:08.000,SN,SN2607,4447000,8894,8894,4447000,interval_execution_drop,425225.0,6.301049999999999,4,"SN2608,SN2606,SN2609,SN2611",20,512,290.0,425020.0,424983.3333333333,20.5,4.820977129754835,24.166666666668608,5.683265722069165,424984.3181818182,24.068181818182342,22.238999999999997,21.26125,23.864035087722005,24.068181818182342,5.660105078060403,detector_event_depth,66.0,28048900.0,66.0,15950.00000000128,trade_recovered_3s,,1.5,0.5,
aggregated-tick-v1,AUTO_INFERRED_V1,validated,SN2607|09:34:40.500,20260529,09:34:40.500,,SN,SN2607,45280500,32961,32961,45280500,visible_execution_drop,429265.0,5.1891,5,"SN2608,SN2606,SN2609,SN2610,SN2611",20,541,290.0,428900.0,429012.8846153846,36.5,8.502906130245885,25.211538461537565,5.873187532535279,,,31.651999999999997,25.2216,35.25,36.5,8.502906130245885,detector_event_depth,104.0,44617340.0,104.0,26219.99999999907,trade_recovered_3s,0.5,,0.5,
aggregated-tick-v1,AUTO_INFERRED_V1,validated,SN2609|21:23:57.000,20260529,21:23:57.000,,SN,SN2609,1437000,2831,2831,1437000,visible_execution_drop,426025.0,2.2238999999999995,4,"SN2607,SN2606,SN2610,SN2611",20,226,290.0,425390.0,425735.8333333333,63.5,14.905228566398684,28.916666666668608,6.787551591260749,,,50.4432,50.4432,63.5,63.5,14.905228566398684,detector_event_depth,12.0,5108830.0,12.0,3470.000000000233,trade_recovered_3s,0.5,,0.5,
