trade_date,market_time_key,display_time,order_id,parent_order_id,contract,role,side,price,lots,version,event,detail,state
20260303,43261000,09:01:01.000,20260303-AP605-00001,,AP605,target_buy,buy,9628.0,1,1,submit,initial_quote,FLAT_QUOTING
20260303,43261000,09:01:01.000,20260303-AP605-00002,,AP605,target_sell,sell,10112.0,1,1,submit,initial_quote,FLAT_QUOTING
20260303,43262000,09:01:02.000,20260303-AP605-00001,,AP605,target_buy,buy,9628.0,1,1,ack,,FLAT_QUOTING
20260303,43262000,09:01:02.000,20260303-AP605-00002,,AP605,target_sell,sell,10112.0,1,1,ack,,FLAT_QUOTING
20260303,43367000,09:02:47.000,20260303-AP605-00002,,AP605,target_sell,sell,10112.0,1,1,fill,interval_vwap,FLAT_QUOTING
20260303,43367000,09:02:47.000,20260303-AP605-00001,,AP605,target_buy,buy,9628.0,1,1,cancel_requested,opposite_target_fill,FLAT_QUOTING
20260303,43368000,09:02:48.000,20260303-AP605-00001,,AP605,target_buy,buy,9628.0,1,1,cancel_ack,opposite_target_fill,SHORT_PENDING_HEDGE
20260303,43368000,09:02:48.000,20260303-AP605-00003,20260303-AP605-0001,AP604,hedge_entry,buy,,1,1,submit,,SHORT_PENDING_HEDGE
20260303,43368000,09:02:48.000,20260303-AP605-00003,20260303-AP605-0001,AP604,hedge_entry,buy,9623.0,1,1,fill,quote_key=43368000,SHORT_PENDING_HEDGE
20260303,43370000,09:02:50.000,20260303-AP605-00004,20260303-AP605-0001,AP605,target_exit,buy,,1,1,submit,,FLATTENING
20260303,43370000,09:02:50.000,20260303-AP605-00004,20260303-AP605-0001,AP605,target_exit,buy,9884.0,1,1,fill,,FLATTENING
20260303,43370000,09:02:50.000,20260303-AP605-00005,20260303-AP605-0001,AP604,hedge_exit,sell,,1,1,submit,,FLATTENING
20260303,43370000,09:02:50.000,20260303-AP605-00005,20260303-AP605-0001,AP604,hedge_exit,sell,9606.0,1,1,fill,quote_key=43370000,FLATTENING
20260303,43372000,09:02:52.000,20260303-AP605-00006,,AP605,target_buy,buy,9636.0,1,2,submit,initial_quote,FLAT_QUOTING
20260303,43372000,09:02:52.000,20260303-AP605-00007,,AP605,target_sell,sell,10120.0,1,2,submit,initial_quote,FLAT_QUOTING
20260303,43373000,09:02:53.000,20260303-AP605-00006,,AP605,target_buy,buy,9636.0,1,2,ack,,FLAT_QUOTING
20260303,43373000,09:02:53.000,20260303-AP605-00007,,AP605,target_sell,sell,10120.0,1,2,ack,,FLAT_QUOTING
20260303,43594000,09:06:34.000,20260303-AP605-00007,,AP605,target_sell,sell,10120.0,1,2,fill,interval_vwap,FLAT_QUOTING
20260303,43594000,09:06:34.000,20260303-AP605-00006,,AP605,target_buy,buy,9636.0,1,2,cancel_requested,opposite_target_fill,FLAT_QUOTING
20260303,43595000,09:06:35.000,20260303-AP605-00006,,AP605,target_buy,buy,9636.0,1,2,cancel_ack,opposite_target_fill,SHORT_PENDING_HEDGE
20260303,43595000,09:06:35.000,20260303-AP605-00008,20260303-AP605-0002,AP604,hedge_entry,buy,,1,2,submit,,SHORT_PENDING_HEDGE
20260303,43595000,09:06:35.000,20260303-AP605-00008,20260303-AP605-0002,AP604,hedge_entry,buy,9628.0,1,2,fill,quote_key=43595000,SHORT_PENDING_HEDGE
20260303,43597000,09:06:37.000,20260303-AP605-00009,20260303-AP605-0002,AP605,target_exit,buy,,1,2,submit,,FLATTENING
20260303,43597000,09:06:37.000,20260303-AP605-00009,20260303-AP605-0002,AP605,target_exit,buy,9894.0,1,2,fill,,FLATTENING
20260303,43597000,09:06:37.000,20260303-AP605-00010,20260303-AP605-0002,AP604,hedge_exit,sell,,1,2,submit,,FLATTENING
20260303,43597000,09:06:37.000,20260303-AP605-00010,20260303-AP605-0002,AP604,hedge_exit,sell,9607.0,1,2,fill,quote_key=43597000,FLATTENING
20260303,43599000,09:06:39.000,20260303-AP605-00011,,AP605,target_buy,buy,9647.0,1,3,submit,initial_quote,FLAT_QUOTING
20260303,43599000,09:06:39.000,20260303-AP605-00012,,AP605,target_sell,sell,10131.0,1,3,submit,initial_quote,FLAT_QUOTING
20260303,43600000,09:06:40.000,20260303-AP605-00011,,AP605,target_buy,buy,9647.0,1,3,ack,,FLAT_QUOTING
20260303,43600000,09:06:40.000,20260303-AP605-00012,,AP605,target_sell,sell,10131.0,1,3,ack,,FLAT_QUOTING
20260303,43731000,09:08:51.000,20260303-AP605-00011,,AP605,target_buy,buy,9647.0,1,3,cancel_requested,data_gap,PAUSED
20260303,43731000,09:08:51.000,20260303-AP605-00012,,AP605,target_sell,sell,10131.0,1,3,cancel_requested,data_gap,PAUSED
20260303,43732000,09:08:52.000,20260303-AP605-00011,,AP605,target_buy,buy,9647.0,1,3,cancel_ack,data_gap,PAUSED
20260303,43732000,09:08:52.000,20260303-AP605-00012,,AP605,target_sell,sell,10131.0,1,3,cancel_ack,data_gap,PAUSED
20260303,43733000,09:08:53.000,20260303-AP605-00013,,AP605,target_buy,buy,9645.0,1,4,submit,initial_quote,FLAT_QUOTING
20260303,43733000,09:08:53.000,20260303-AP605-00014,,AP605,target_sell,sell,10129.0,1,4,submit,initial_quote,FLAT_QUOTING
20260303,43734000,09:08:54.000,20260303-AP605-00013,,AP605,target_buy,buy,9645.0,1,4,ack,,FLAT_QUOTING
20260303,43734000,09:08:54.000,20260303-AP605-00014,,AP605,target_sell,sell,10129.0,1,4,ack,,FLAT_QUOTING
20260303,43771000,09:09:31.000,20260303-AP605-00014,,AP605,target_sell,sell,10129.0,1,4,fill,interval_vwap,FLAT_QUOTING
20260303,43771000,09:09:31.000,20260303-AP605-00013,,AP605,target_buy,buy,9645.0,1,4,cancel_requested,opposite_target_fill,FLAT_QUOTING
20260303,43772000,09:09:32.000,20260303-AP605-00013,,AP605,target_buy,buy,9645.0,1,4,cancel_ack,opposite_target_fill,SHORT_PENDING_HEDGE
20260303,43772000,09:09:32.000,20260303-AP605-00015,20260303-AP605-0003,AP604,hedge_entry,buy,,1,4,submit,,SHORT_PENDING_HEDGE
20260303,43772000,09:09:32.000,20260303-AP605-00015,20260303-AP605-0003,AP604,hedge_entry,buy,9627.0,1,4,fill,quote_key=43771000,SHORT_PENDING_HEDGE
20260303,43774000,09:09:34.000,20260303-AP605-00016,20260303-AP605-0003,AP605,target_exit,buy,,1,4,submit,,FLATTENING
20260303,43774000,09:09:34.000,20260303-AP605-00016,20260303-AP605-0003,AP605,target_exit,buy,9893.0,1,4,fill,,FLATTENING
20260303,43774000,09:09:34.000,20260303-AP605-00017,20260303-AP605-0003,AP604,hedge_exit,sell,,1,4,submit,,FLATTENING
20260303,43774000,09:09:34.000,20260303-AP605-00017,20260303-AP605-0003,AP604,hedge_exit,sell,9608.0,1,4,fill,quote_key=43771000,FLATTENING
20260303,43776000,09:09:36.000,20260303-AP605-00018,,AP605,target_buy,buy,9650.0,1,5,submit,initial_quote,FLAT_QUOTING
20260303,43776000,09:09:36.000,20260303-AP605-00019,,AP605,target_sell,sell,10134.0,1,5,submit,initial_quote,FLAT_QUOTING
20260303,43777000,09:09:37.000,20260303-AP605-00018,,AP605,target_buy,buy,9650.0,1,5,ack,,FLAT_QUOTING
20260303,43777000,09:09:37.000,20260303-AP605-00019,,AP605,target_sell,sell,10134.0,1,5,ack,,FLAT_QUOTING
20260303,43947000,09:12:27.000,20260303-AP605-00019,,AP605,target_sell,sell,10134.0,1,5,fill,interval_vwap,FLAT_QUOTING
20260303,43947000,09:12:27.000,20260303-AP605-00018,,AP605,target_buy,buy,9650.0,1,5,cancel_requested,opposite_target_fill,FLAT_QUOTING
20260303,43948000,09:12:28.000,20260303-AP605-00018,,AP605,target_buy,buy,9650.0,1,5,cancel_ack,opposite_target_fill,SHORT_PENDING_HEDGE
20260303,43948000,09:12:28.000,20260303-AP605-00020,20260303-AP605-0004,AP604,hedge_entry,buy,,1,5,submit,,SHORT_PENDING_HEDGE
20260303,43948000,09:12:28.000,20260303-AP605-00020,20260303-AP605-0004,AP604,hedge_entry,buy,9640.0,1,5,fill,quote_key=43947000,SHORT_PENDING_HEDGE
20260303,43950000,09:12:30.000,20260303-AP605-00021,20260303-AP605-0004,AP605,target_exit,buy,,1,5,submit,,FLATTENING
20260303,43950000,09:12:30.000,20260303-AP605-00021,20260303-AP605-0004,AP605,target_exit,buy,9913.0,1,5,fill,,FLATTENING
20260303,43950000,09:12:30.000,20260303-AP605-00022,20260303-AP605-0004,AP604,hedge_exit,sell,,1,5,submit,,FLATTENING
20260303,43950000,09:12:30.000,20260303-AP605-00022,20260303-AP605-0004,AP604,hedge_exit,sell,9615.0,1,5,fill,quote_key=43950000,FLATTENING
20260303,43952000,09:12:32.000,20260303-AP605-00023,,AP605,target_buy,buy,9660.0,1,6,submit,initial_quote,FLAT_QUOTING
20260303,43952000,09:12:32.000,20260303-AP605-00024,,AP605,target_sell,sell,10144.0,1,6,submit,initial_quote,FLAT_QUOTING
20260303,43953000,09:12:33.000,20260303-AP605-00023,,AP605,target_buy,buy,9660.0,1,6,ack,,FLAT_QUOTING
20260303,43953000,09:12:33.000,20260303-AP605-00024,,AP605,target_sell,sell,10144.0,1,6,ack,,FLAT_QUOTING
20260303,43983000,09:13:03.000,20260303-AP605-00024,,AP605,target_sell,sell,10144.0,1,6,fill,interval_vwap,FLAT_QUOTING
20260303,43983000,09:13:03.000,20260303-AP605-00023,,AP605,target_buy,buy,9660.0,1,6,cancel_requested,opposite_target_fill,FLAT_QUOTING
20260303,43984000,09:13:04.000,20260303-AP605-00023,,AP605,target_buy,buy,9660.0,1,6,cancel_ack,opposite_target_fill,SHORT_PENDING_HEDGE
20260303,43984000,09:13:04.000,20260303-AP605-00025,20260303-AP605-0005,AP604,hedge_entry,buy,,1,6,submit,,SHORT_PENDING_HEDGE
20260303,43984000,09:13:04.000,20260303-AP605-00025,20260303-AP605-0005,AP604,hedge_entry,buy,9640.0,1,6,fill,quote_key=43983000,SHORT_PENDING_HEDGE
20260303,43986000,09:13:06.000,20260303-AP605-00026,20260303-AP605-0005,AP605,target_exit,buy,,1,6,submit,,FLATTENING
20260303,43986000,09:13:06.000,20260303-AP605-00026,20260303-AP605-0005,AP605,target_exit,buy,9918.0,1,6,fill,,FLATTENING
20260303,43986000,09:13:06.000,20260303-AP605-00027,20260303-AP605-0005,AP604,hedge_exit,sell,,1,6,submit,,FLATTENING
20260303,43986000,09:13:06.000,20260303-AP605-00027,20260303-AP605-0005,AP604,hedge_exit,sell,9620.0,1,6,fill,quote_key=43985000,FLATTENING
20260303,43988000,09:13:08.000,20260303-AP605-00028,,AP605,target_buy,buy,9662.0,1,7,submit,initial_quote,FLAT_QUOTING
20260303,43988000,09:13:08.000,20260303-AP605-00029,,AP605,target_sell,sell,10146.0,1,7,submit,initial_quote,FLAT_QUOTING
20260303,43989000,09:13:09.000,20260303-AP605-00028,,AP605,target_buy,buy,9662.0,1,7,ack,,FLAT_QUOTING
20260303,43989000,09:13:09.000,20260303-AP605-00029,,AP605,target_sell,sell,10146.0,1,7,ack,,FLAT_QUOTING
20260303,43997000,09:13:17.000,20260303-AP605-00029,,AP605,target_sell,sell,10146.0,1,7,fill,interval_vwap,FLAT_QUOTING
20260303,43997000,09:13:17.000,20260303-AP605-00028,,AP605,target_buy,buy,9662.0,1,7,cancel_requested,opposite_target_fill,FLAT_QUOTING
20260303,43998000,09:13:18.000,20260303-AP605-00028,,AP605,target_buy,buy,9662.0,1,7,cancel_ack,opposite_target_fill,SHORT_PENDING_HEDGE
20260303,43998000,09:13:18.000,20260303-AP605-00030,20260303-AP605-0006,AP604,hedge_entry,buy,,1,7,submit,,SHORT_PENDING_HEDGE
20260303,43998000,09:13:18.000,20260303-AP605-00030,20260303-AP605-0006,AP604,hedge_entry,buy,9640.0,1,7,fill,quote_key=43998000,SHORT_PENDING_HEDGE
20260303,44000000,09:13:20.000,20260303-AP605-00031,20260303-AP605-0006,AP605,target_exit,buy,,1,7,submit,,FLATTENING
20260303,44000000,09:13:20.000,20260303-AP605-00031,20260303-AP605-0006,AP605,target_exit,buy,9917.0,1,7,fill,,FLATTENING
20260303,44000000,09:13:20.000,20260303-AP605-00032,20260303-AP605-0006,AP604,hedge_exit,sell,,1,7,submit,,FLATTENING
20260303,44000000,09:13:20.000,20260303-AP605-00032,20260303-AP605-0006,AP604,hedge_exit,sell,9619.0,1,7,fill,quote_key=43998000,FLATTENING
20260303,44002000,09:13:22.000,20260303-AP605-00033,,AP605,target_buy,buy,9662.0,1,8,submit,initial_quote,FLAT_QUOTING
20260303,44002000,09:13:22.000,20260303-AP605-00034,,AP605,target_sell,sell,10146.0,1,8,submit,initial_quote,FLAT_QUOTING
20260303,44003000,09:13:23.000,20260303-AP605-00033,,AP605,target_buy,buy,9662.0,1,8,ack,,FLAT_QUOTING
20260303,44003000,09:13:23.000,20260303-AP605-00034,,AP605,target_sell,sell,10146.0,1,8,ack,,FLAT_QUOTING
20260303,44525000,09:22:05.000,20260303-AP605-00033,,AP605,target_buy,buy,9662.0,1,8,cancel_requested,data_gap,PAUSED
20260303,44525000,09:22:05.000,20260303-AP605-00034,,AP605,target_sell,sell,10146.0,1,8,cancel_requested,data_gap,PAUSED
20260303,44528000,09:22:08.000,20260303-AP605-00033,,AP605,target_buy,buy,9662.0,1,8,cancel_ack,data_gap,PAUSED
20260303,44528000,09:22:08.000,20260303-AP605-00034,,AP605,target_sell,sell,10146.0,1,8,cancel_ack,data_gap,PAUSED
20260303,44537000,09:22:17.000,20260303-AP605-00035,,AP605,target_buy,buy,9664.0,1,9,submit,initial_quote,FLAT_QUOTING
20260303,44537000,09:22:17.000,20260303-AP605-00036,,AP605,target_sell,sell,10148.0,1,9,submit,initial_quote,FLAT_QUOTING
20260303,44538000,09:22:18.000,20260303-AP605-00035,,AP605,target_buy,buy,9664.0,1,9,ack,,FLAT_QUOTING
20260303,44538000,09:22:18.000,20260303-AP605-00036,,AP605,target_sell,sell,10148.0,1,9,ack,,FLAT_QUOTING
20260303,44813000,09:26:53.000,20260303-AP605-00035,,AP605,target_buy,buy,9664.0,1,9,cancel_requested,data_gap,PAUSED
20260303,44813000,09:26:53.000,20260303-AP605-00036,,AP605,target_sell,sell,10148.0,1,9,cancel_requested,data_gap,PAUSED
20260303,44814000,09:26:54.000,20260303-AP605-00035,,AP605,target_buy,buy,9664.0,1,9,cancel_ack,data_gap,PAUSED
20260303,44814000,09:26:54.000,20260303-AP605-00036,,AP605,target_sell,sell,10148.0,1,9,cancel_ack,data_gap,PAUSED
20260303,44815000,09:26:55.000,20260303-AP605-00037,,AP605,target_buy,buy,9674.0,1,10,submit,initial_quote,FLAT_QUOTING
20260303,44815000,09:26:55.000,20260303-AP605-00038,,AP605,target_sell,sell,10158.0,1,10,submit,initial_quote,FLAT_QUOTING
20260303,44816000,09:26:56.000,20260303-AP605-00037,,AP605,target_buy,buy,9674.0,1,10,ack,,FLAT_QUOTING
20260303,44816000,09:26:56.000,20260303-AP605-00038,,AP605,target_sell,sell,10158.0,1,10,ack,,FLAT_QUOTING
20260303,45016000,09:30:16.000,20260303-AP605-00037,,AP605,target_buy,buy,9674.0,1,10,cancel_requested,data_gap,PAUSED
20260303,45016000,09:30:16.000,20260303-AP605-00038,,AP605,target_sell,sell,10158.0,1,10,cancel_requested,data_gap,PAUSED
20260303,45018000,09:30:18.000,20260303-AP605-00037,,AP605,target_buy,buy,9674.0,1,10,cancel_ack,data_gap,PAUSED
20260303,45018000,09:30:18.000,20260303-AP605-00038,,AP605,target_sell,sell,10158.0,1,10,cancel_ack,data_gap,PAUSED
20260303,45019000,09:30:19.000,20260303-AP605-00039,,AP605,target_buy,buy,9663.0,1,11,submit,initial_quote,FLAT_QUOTING
20260303,45019000,09:30:19.000,20260303-AP605-00040,,AP605,target_sell,sell,10147.0,1,11,submit,initial_quote,FLAT_QUOTING
20260303,45020000,09:30:20.000,20260303-AP605-00039,,AP605,target_buy,buy,9663.0,1,11,ack,,FLAT_QUOTING
20260303,45020000,09:30:20.000,20260303-AP605-00040,,AP605,target_sell,sell,10147.0,1,11,ack,,FLAT_QUOTING
20260303,45139000,09:32:19.000,20260303-AP605-00039,,AP605,target_buy,buy,9663.0,1,11,cancel_requested,data_gap,PAUSED
20260303,45139000,09:32:19.000,20260303-AP605-00040,,AP605,target_sell,sell,10147.0,1,11,cancel_requested,data_gap,PAUSED
20260303,45140000,09:32:20.000,20260303-AP605-00039,,AP605,target_buy,buy,9663.0,1,11,cancel_ack,data_gap,PAUSED
20260303,45140000,09:32:20.000,20260303-AP605-00040,,AP605,target_sell,sell,10147.0,1,11,cancel_ack,data_gap,PAUSED
20260303,45141000,09:32:21.000,20260303-AP605-00041,,AP605,target_buy,buy,9666.0,1,12,submit,initial_quote,FLAT_QUOTING
20260303,45141000,09:32:21.000,20260303-AP605-00042,,AP605,target_sell,sell,10150.0,1,12,submit,initial_quote,FLAT_QUOTING
20260303,45142000,09:32:22.000,20260303-AP605-00041,,AP605,target_buy,buy,9666.0,1,12,ack,,FLAT_QUOTING
20260303,45142000,09:32:22.000,20260303-AP605-00042,,AP605,target_sell,sell,10150.0,1,12,ack,,FLAT_QUOTING
20260303,45420000,09:37:00.000,20260303-AP605-00042,,AP605,target_sell,sell,10150.0,1,12,fill,interval_vwap,FLAT_QUOTING
20260303,45420000,09:37:00.000,20260303-AP605-00041,,AP605,target_buy,buy,9666.0,1,12,cancel_requested,opposite_target_fill,FLAT_QUOTING
20260303,45421000,09:37:01.000,20260303-AP605-00041,,AP605,target_buy,buy,9666.0,1,12,cancel_ack,opposite_target_fill,SHORT_PENDING_HEDGE
20260303,45421000,09:37:01.000,20260303-AP605-00043,20260303-AP605-0007,AP604,hedge_entry,buy,,1,12,submit,,SHORT_PENDING_HEDGE
20260303,45421000,09:37:01.000,20260303-AP605-00043,20260303-AP605-0007,AP604,hedge_entry,buy,9700.0,1,12,fill,quote_key=45420000,SHORT_PENDING_HEDGE
20260303,45423000,09:37:03.000,20260303-AP605-00044,20260303-AP605-0007,AP605,target_exit,buy,,1,12,submit,,FLATTENING
20260303,45423000,09:37:03.000,20260303-AP605-00044,20260303-AP605-0007,AP605,target_exit,buy,9934.0,1,12,fill,,FLATTENING
20260303,45423000,09:37:03.000,20260303-AP605-00045,20260303-AP605-0007,AP604,hedge_exit,sell,,1,12,submit,,FLATTENING
20260303,45423000,09:37:03.000,20260303-AP605-00045,20260303-AP605-0007,AP604,hedge_exit,sell,9678.0,1,12,fill,quote_key=45423000,FLATTENING
20260303,45425000,09:37:05.000,20260303-AP605-00046,,AP605,target_buy,buy,9687.0,1,13,submit,initial_quote,FLAT_QUOTING
20260303,45425000,09:37:05.000,20260303-AP605-00047,,AP605,target_sell,sell,10171.0,1,13,submit,initial_quote,FLAT_QUOTING
20260303,45426000,09:37:06.000,20260303-AP605-00046,,AP605,target_buy,buy,9687.0,1,13,ack,,FLAT_QUOTING
20260303,45426000,09:37:06.000,20260303-AP605-00047,,AP605,target_sell,sell,10171.0,1,13,ack,,FLAT_QUOTING
20260303,45815000,09:43:35.000,20260303-AP605-00047,,AP605,target_sell,sell,10171.0,1,13,fill,interval_vwap,FLAT_QUOTING
20260303,45815000,09:43:35.000,20260303-AP605-00046,,AP605,target_buy,buy,9687.0,1,13,cancel_requested,opposite_target_fill,FLAT_QUOTING
20260303,45816000,09:43:36.000,20260303-AP605-00046,,AP605,target_buy,buy,9687.0,1,13,cancel_ack,opposite_target_fill,SHORT_PENDING_HEDGE
20260303,45816000,09:43:36.000,20260303-AP605-00048,20260303-AP605-0008,AP604,hedge_entry,buy,,1,13,submit,,SHORT_PENDING_HEDGE
20260303,45816000,09:43:36.000,20260303-AP605-00048,20260303-AP605-0008,AP604,hedge_entry,buy,9703.0,1,13,fill,quote_key=45816000,SHORT_PENDING_HEDGE
20260303,45818000,09:43:38.000,20260303-AP605-00049,20260303-AP605-0008,AP605,target_exit,buy,,1,13,submit,,FLATTENING
20260303,45818000,09:43:38.000,20260303-AP605-00049,20260303-AP605-0008,AP605,target_exit,buy,9943.0,1,13,fill,,FLATTENING
20260303,45818000,09:43:38.000,20260303-AP605-00050,20260303-AP605-0008,AP604,hedge_exit,sell,,1,13,submit,,FLATTENING
20260303,45818000,09:43:38.000,20260303-AP605-00050,20260303-AP605-0008,AP604,hedge_exit,sell,9672.0,1,13,fill,quote_key=45818000,FLATTENING
20260303,45820000,09:43:40.000,20260303-AP605-00051,,AP605,target_buy,buy,9701.0,1,14,submit,initial_quote,FLAT_QUOTING
20260303,45820000,09:43:40.000,20260303-AP605-00052,,AP605,target_sell,sell,10185.0,1,14,submit,initial_quote,FLAT_QUOTING
20260303,45821000,09:43:41.000,20260303-AP605-00051,,AP605,target_buy,buy,9701.0,1,14,ack,,FLAT_QUOTING
20260303,45821000,09:43:41.000,20260303-AP605-00052,,AP605,target_sell,sell,10185.0,1,14,ack,,FLAT_QUOTING
20260303,46082000,09:48:02.000,20260303-AP605-00052,,AP605,target_sell,sell,10185.0,1,14,fill,interval_vwap,FLAT_QUOTING
20260303,46082000,09:48:02.000,20260303-AP605-00051,,AP605,target_buy,buy,9701.0,1,14,cancel_requested,opposite_target_fill,FLAT_QUOTING
20260303,46083000,09:48:03.000,20260303-AP605-00051,,AP605,target_buy,buy,9701.0,1,14,cancel_ack,opposite_target_fill,SHORT_PENDING_HEDGE
20260303,46083000,09:48:03.000,20260303-AP605-00053,20260303-AP605-0009,AP604,hedge_entry,buy,,1,14,submit,,SHORT_PENDING_HEDGE
20260303,46083000,09:48:03.000,20260303-AP605-00053,20260303-AP605-0009,AP604,hedge_entry,buy,9698.0,1,14,fill,quote_key=46083000,SHORT_PENDING_HEDGE
20260303,46085000,09:48:05.000,20260303-AP605-00054,20260303-AP605-0009,AP605,target_exit,buy,,1,14,submit,,FLATTENING
20260303,46085000,09:48:05.000,20260303-AP605-00054,20260303-AP605-0009,AP605,target_exit,buy,9946.0,1,14,fill,,FLATTENING
20260303,46085000,09:48:05.000,20260303-AP605-00055,20260303-AP605-0009,AP604,hedge_exit,sell,,1,14,submit,,FLATTENING
20260303,46085000,09:48:05.000,20260303-AP605-00055,20260303-AP605-0009,AP604,hedge_exit,sell,9674.0,1,14,fill,quote_key=46084000,FLATTENING
20260303,46087000,09:48:07.000,20260303-AP605-00056,,AP605,target_buy,buy,9700.0,1,15,submit,initial_quote,FLAT_QUOTING
20260303,46087000,09:48:07.000,20260303-AP605-00057,,AP605,target_sell,sell,10184.0,1,15,submit,initial_quote,FLAT_QUOTING
20260303,46088000,09:48:08.000,20260303-AP605-00056,,AP605,target_buy,buy,9700.0,1,15,ack,,FLAT_QUOTING
20260303,46088000,09:48:08.000,20260303-AP605-00057,,AP605,target_sell,sell,10184.0,1,15,ack,,FLAT_QUOTING
20260303,47404000,10:10:04.000,20260303-AP605-00057,,AP605,target_sell,sell,10184.0,1,15,fill,interval_vwap,FLAT_QUOTING
20260303,47404000,10:10:04.000,20260303-AP605-00056,,AP605,target_buy,buy,9700.0,1,15,cancel_requested,opposite_target_fill,FLAT_QUOTING
20260303,47405000,10:10:05.000,20260303-AP605-00056,,AP605,target_buy,buy,9700.0,1,15,cancel_ack,opposite_target_fill,SHORT_PENDING_HEDGE
20260303,47405000,10:10:05.000,20260303-AP605-00058,20260303-AP605-0010,AP604,hedge_entry,buy,,1,15,submit,,SHORT_PENDING_HEDGE
20260303,47405000,10:10:05.000,20260303-AP605-00058,20260303-AP605-0010,AP604,hedge_entry,buy,9689.0,1,15,fill,quote_key=47405000,SHORT_PENDING_HEDGE
20260303,47407000,10:10:07.000,20260303-AP605-00059,20260303-AP605-0010,AP605,target_exit,buy,,1,15,submit,,FLATTENING
20260303,47407000,10:10:07.000,20260303-AP605-00059,20260303-AP605-0010,AP605,target_exit,buy,9940.0,1,15,fill,,FLATTENING
20260303,47407000,10:10:07.000,20260303-AP605-00060,20260303-AP605-0010,AP604,hedge_exit,sell,,1,15,submit,,FLATTENING
20260303,47407000,10:10:07.000,20260303-AP605-00060,20260303-AP605-0010,AP604,hedge_exit,sell,9670.0,1,15,fill,quote_key=47406000,FLATTENING
20260303,47409000,10:10:09.000,20260303-AP605-00061,,AP605,target_buy,buy,9698.0,1,16,submit,initial_quote,FLAT_QUOTING
20260303,47409000,10:10:09.000,20260303-AP605-00062,,AP605,target_sell,sell,10182.0,1,16,submit,initial_quote,FLAT_QUOTING
20260303,47410000,10:10:10.000,20260303-AP605-00061,,AP605,target_buy,buy,9698.0,1,16,ack,,FLAT_QUOTING
20260303,47410000,10:10:10.000,20260303-AP605-00062,,AP605,target_sell,sell,10182.0,1,16,ack,,FLAT_QUOTING
20260303,47700000,10:15:00.000,20260303-AP605-00061,,AP605,target_buy,buy,9698.0,1,16,cancel_requested,fair_invalid_or_session_guard,PAUSED
20260303,47700000,10:15:00.000,20260303-AP605-00062,,AP605,target_sell,sell,10182.0,1,16,cancel_requested,fair_invalid_or_session_guard,PAUSED
20260303,48600000,10:30:00.000,20260303-AP605-00061,,AP605,target_buy,buy,9698.0,1,16,cancel_ack,fair_invalid_or_session_guard,PAUSED
20260303,48600000,10:30:00.000,20260303-AP605-00062,,AP605,target_sell,sell,10182.0,1,16,cancel_ack,fair_invalid_or_session_guard,PAUSED
20260303,48661000,10:31:01.000,20260303-AP605-00063,,AP605,target_buy,buy,9720.0,1,17,submit,initial_quote,FLAT_QUOTING
20260303,48661000,10:31:01.000,20260303-AP605-00064,,AP605,target_sell,sell,10204.0,1,17,submit,initial_quote,FLAT_QUOTING
20260303,48662000,10:31:02.000,20260303-AP605-00063,,AP605,target_buy,buy,9720.0,1,17,ack,,FLAT_QUOTING
20260303,48662000,10:31:02.000,20260303-AP605-00064,,AP605,target_sell,sell,10204.0,1,17,ack,,FLAT_QUOTING
20260303,49099000,10:38:19.000,20260303-AP605-00064,,AP605,target_sell,sell,10204.0,1,17,fill,interval_vwap,FLAT_QUOTING
20260303,49099000,10:38:19.000,20260303-AP605-00063,,AP605,target_buy,buy,9720.0,1,17,cancel_requested,opposite_target_fill,FLAT_QUOTING
20260303,49100000,10:38:20.000,20260303-AP605-00063,,AP605,target_buy,buy,9720.0,1,17,cancel_ack,opposite_target_fill,SHORT_PENDING_HEDGE
20260303,49100000,10:38:20.000,20260303-AP605-00065,20260303-AP605-0011,AP604,hedge_entry,buy,,1,17,submit,,SHORT_PENDING_HEDGE
20260303,49100000,10:38:20.000,20260303-AP605-00065,20260303-AP605-0011,AP604,hedge_entry,buy,9719.0,1,17,fill,quote_key=49100000,SHORT_PENDING_HEDGE
20260303,49102000,10:38:22.000,20260303-AP605-00066,20260303-AP605-0011,AP605,target_exit,buy,,1,17,submit,,FLATTENING
20260303,49102000,10:38:22.000,20260303-AP605-00066,20260303-AP605-0011,AP605,target_exit,buy,9984.0,1,17,fill,,FLATTENING
20260303,49102000,10:38:22.000,20260303-AP605-00067,20260303-AP605-0011,AP604,hedge_exit,sell,,1,17,submit,,FLATTENING
20260303,49102000,10:38:22.000,20260303-AP605-00067,20260303-AP605-0011,AP604,hedge_exit,sell,9694.0,1,17,fill,quote_key=49102000,FLATTENING
20260303,49104000,10:38:24.000,20260303-AP605-00068,,AP605,target_buy,buy,9744.0,1,18,submit,initial_quote,FLAT_QUOTING
20260303,49104000,10:38:24.000,20260303-AP605-00069,,AP605,target_sell,sell,10228.0,1,18,submit,initial_quote,FLAT_QUOTING
20260303,49105000,10:38:25.000,20260303-AP605-00068,,AP605,target_buy,buy,9744.0,1,18,ack,,FLAT_QUOTING
20260303,49105000,10:38:25.000,20260303-AP605-00069,,AP605,target_sell,sell,10228.0,1,18,ack,,FLAT_QUOTING
20260303,49136000,10:38:56.000,20260303-AP605-00069,,AP605,target_sell,sell,10228.0,1,18,fill,interval_vwap,FLAT_QUOTING
20260303,49136000,10:38:56.000,20260303-AP605-00068,,AP605,target_buy,buy,9744.0,1,18,cancel_requested,opposite_target_fill,FLAT_QUOTING
20260303,49137000,10:38:57.000,20260303-AP605-00068,,AP605,target_buy,buy,9744.0,1,18,cancel_ack,opposite_target_fill,SHORT_PENDING_HEDGE
20260303,49137000,10:38:57.000,20260303-AP605-00070,20260303-AP605-0012,AP604,hedge_entry,buy,,1,18,submit,,SHORT_PENDING_HEDGE
20260303,49137000,10:38:57.000,20260303-AP605-00070,20260303-AP605-0012,AP604,hedge_entry,buy,9731.0,1,18,fill,quote_key=49137000,SHORT_PENDING_HEDGE
20260303,49139000,10:38:59.000,20260303-AP605-00071,20260303-AP605-0012,AP605,target_exit,buy,,1,18,submit,,FLATTENING
20260303,49139000,10:38:59.000,20260303-AP605-00071,20260303-AP605-0012,AP605,target_exit,buy,9991.0,1,18,fill,,FLATTENING
20260303,49139000,10:38:59.000,20260303-AP605-00072,20260303-AP605-0012,AP604,hedge_exit,sell,,1,18,submit,,FLATTENING
20260303,49139000,10:38:59.000,20260303-AP605-00072,20260303-AP605-0012,AP604,hedge_exit,sell,9701.0,1,18,fill,quote_key=49139000,FLATTENING
20260303,49141000,10:39:01.000,20260303-AP605-00073,,AP605,target_buy,buy,9749.0,1,19,submit,initial_quote,FLAT_QUOTING
20260303,49141000,10:39:01.000,20260303-AP605-00074,,AP605,target_sell,sell,10233.0,1,19,submit,initial_quote,FLAT_QUOTING
20260303,49142000,10:39:02.000,20260303-AP605-00073,,AP605,target_buy,buy,9749.0,1,19,ack,,FLAT_QUOTING
20260303,49142000,10:39:02.000,20260303-AP605-00074,,AP605,target_sell,sell,10233.0,1,19,ack,,FLAT_QUOTING
20260303,49210000,10:40:10.000,20260303-AP605-00074,,AP605,target_sell,sell,10233.0,1,19,fill,interval_vwap,FLAT_QUOTING
20260303,49210000,10:40:10.000,20260303-AP605-00073,,AP605,target_buy,buy,9749.0,1,19,cancel_requested,opposite_target_fill,FLAT_QUOTING
20260303,49211000,10:40:11.000,20260303-AP605-00073,,AP605,target_buy,buy,9749.0,1,19,cancel_ack,opposite_target_fill,SHORT_PENDING_HEDGE
20260303,49211000,10:40:11.000,20260303-AP605-00075,20260303-AP605-0013,AP604,hedge_entry,buy,,1,19,submit,,SHORT_PENDING_HEDGE
20260303,49211000,10:40:11.000,20260303-AP605-00075,20260303-AP605-0013,AP604,hedge_entry,buy,9738.0,1,19,fill,quote_key=49210000,SHORT_PENDING_HEDGE
20260303,49213000,10:40:13.000,20260303-AP605-00076,20260303-AP605-0013,AP605,target_exit,buy,,1,19,submit,,FLATTENING
20260303,49213000,10:40:13.000,20260303-AP605-00076,20260303-AP605-0013,AP605,target_exit,buy,9996.0,1,19,fill,,FLATTENING
20260303,49213000,10:40:13.000,20260303-AP605-00077,20260303-AP605-0013,AP604,hedge_exit,sell,,1,19,submit,,FLATTENING
20260303,49213000,10:40:13.000,20260303-AP605-00077,20260303-AP605-0013,AP604,hedge_exit,sell,9706.0,1,19,fill,quote_key=49213000,FLATTENING
20260303,49215000,10:40:15.000,20260303-AP605-00078,,AP605,target_buy,buy,9750.0,1,20,submit,initial_quote,FLAT_QUOTING
20260303,49215000,10:40:15.000,20260303-AP605-00079,,AP605,target_sell,sell,10234.0,1,20,submit,initial_quote,FLAT_QUOTING
20260303,49216000,10:40:16.000,20260303-AP605-00078,,AP605,target_buy,buy,9750.0,1,20,ack,,FLAT_QUOTING
20260303,49216000,10:40:16.000,20260303-AP605-00079,,AP605,target_sell,sell,10234.0,1,20,ack,,FLAT_QUOTING
20260303,49811000,10:50:11.000,20260303-AP605-00079,,AP605,target_sell,sell,10234.0,1,20,fill,interval_vwap,FLAT_QUOTING
20260303,49811000,10:50:11.000,20260303-AP605-00078,,AP605,target_buy,buy,9750.0,1,20,cancel_requested,opposite_target_fill,FLAT_QUOTING
20260303,49812000,10:50:12.000,20260303-AP605-00078,,AP605,target_buy,buy,9750.0,1,20,cancel_ack,opposite_target_fill,SHORT_PENDING_HEDGE
20260303,49812000,10:50:12.000,20260303-AP605-00080,20260303-AP605-0014,AP604,hedge_entry,buy,,1,20,submit,,SHORT_PENDING_HEDGE
20260303,49812000,10:50:12.000,20260303-AP605-00080,20260303-AP605-0014,AP604,hedge_entry,buy,9720.0,1,20,fill,quote_key=49812000,SHORT_PENDING_HEDGE
20260303,49814000,10:50:14.000,20260303-AP605-00081,20260303-AP605-0014,AP605,target_exit,buy,,1,20,submit,,FLATTENING
20260303,49814000,10:50:14.000,20260303-AP605-00081,20260303-AP605-0014,AP605,target_exit,buy,10002.0,1,20,fill,,FLATTENING
20260303,49814000,10:50:14.000,20260303-AP605-00082,20260303-AP605-0014,AP604,hedge_exit,sell,,1,20,submit,,FLATTENING
20260303,49814000,10:50:14.000,20260303-AP605-00082,20260303-AP605-0014,AP604,hedge_exit,sell,9713.0,1,20,fill,quote_key=49812000,FLATTENING
20260303,49816000,10:50:16.000,20260303-AP605-00083,,AP605,target_buy,buy,9756.0,1,21,submit,initial_quote,FLAT_QUOTING
20260303,49816000,10:50:16.000,20260303-AP605-00084,,AP605,target_sell,sell,10240.0,1,21,submit,initial_quote,FLAT_QUOTING
20260303,49817000,10:50:17.000,20260303-AP605-00083,,AP605,target_buy,buy,9756.0,1,21,ack,,FLAT_QUOTING
20260303,49817000,10:50:17.000,20260303-AP605-00084,,AP605,target_sell,sell,10240.0,1,21,ack,,FLAT_QUOTING
20260303,50015000,10:53:35.000,20260303-AP605-00084,,AP605,target_sell,sell,10240.0,1,21,fill,interval_vwap,FLAT_QUOTING
20260303,50015000,10:53:35.000,20260303-AP605-00083,,AP605,target_buy,buy,9756.0,1,21,cancel_requested,opposite_target_fill,FLAT_QUOTING
20260303,50016000,10:53:36.000,20260303-AP605-00083,,AP605,target_buy,buy,9756.0,1,21,cancel_ack,opposite_target_fill,SHORT_PENDING_HEDGE
20260303,50016000,10:53:36.000,20260303-AP605-00085,20260303-AP605-0015,AP604,hedge_entry,buy,,1,21,submit,,SHORT_PENDING_HEDGE
20260303,50016000,10:53:36.000,20260303-AP605-00085,20260303-AP605-0015,AP604,hedge_entry,buy,9775.0,1,21,fill,quote_key=50015000,SHORT_PENDING_HEDGE
20260303,50018000,10:53:38.000,20260303-AP605-00086,20260303-AP605-0015,AP605,target_exit,buy,,1,21,submit,,FLATTENING
20260303,50018000,10:53:38.000,20260303-AP605-00086,20260303-AP605-0015,AP605,target_exit,buy,10046.0,1,21,fill,,FLATTENING
20260303,50018000,10:53:38.000,20260303-AP605-00087,20260303-AP605-0015,AP604,hedge_exit,sell,,1,21,submit,,FLATTENING
20260303,50018000,10:53:38.000,20260303-AP605-00087,20260303-AP605-0015,AP604,hedge_exit,sell,9751.0,1,21,fill,quote_key=50018000,FLATTENING
20260303,50020000,10:53:40.000,20260303-AP605-00088,,AP605,target_buy,buy,9803.0,1,22,submit,initial_quote,FLAT_QUOTING
20260303,50020000,10:53:40.000,20260303-AP605-00089,,AP605,target_sell,sell,10287.0,1,22,submit,initial_quote,FLAT_QUOTING
20260303,50021000,10:53:41.000,20260303-AP605-00088,,AP605,target_buy,buy,9803.0,1,22,ack,,FLAT_QUOTING
20260303,50021000,10:53:41.000,20260303-AP605-00089,,AP605,target_sell,sell,10287.0,1,22,ack,,FLAT_QUOTING
20260303,50289000,10:58:09.000,20260303-AP605-00089,,AP605,target_sell,sell,10287.0,1,22,fill,interval_vwap,FLAT_QUOTING
20260303,50289000,10:58:09.000,20260303-AP605-00088,,AP605,target_buy,buy,9803.0,1,22,cancel_requested,opposite_target_fill,FLAT_QUOTING
20260303,50290000,10:58:10.000,20260303-AP605-00088,,AP605,target_buy,buy,9803.0,1,22,cancel_ack,opposite_target_fill,SHORT_PENDING_HEDGE
20260303,50290000,10:58:10.000,20260303-AP605-00090,20260303-AP605-0016,AP604,hedge_entry,buy,,1,22,submit,,SHORT_PENDING_HEDGE
20260303,50290000,10:58:10.000,20260303-AP605-00090,20260303-AP605-0016,AP604,hedge_entry,buy,9837.0,1,22,fill,quote_key=50290000,SHORT_PENDING_HEDGE
20260303,50292000,10:58:12.000,20260303-AP605-00091,20260303-AP605-0016,AP605,target_exit,buy,,1,22,submit,,FLATTENING
20260303,50292000,10:58:12.000,20260303-AP605-00091,20260303-AP605-0016,AP605,target_exit,buy,10097.0,1,22,fill,,FLATTENING
20260303,50292000,10:58:12.000,20260303-AP605-00092,20260303-AP605-0016,AP604,hedge_exit,sell,,1,22,submit,,FLATTENING
20260303,50292000,10:58:12.000,20260303-AP605-00092,20260303-AP605-0016,AP604,hedge_exit,sell,9801.0,1,22,fill,quote_key=50292000,FLATTENING
20260303,50294000,10:58:14.000,20260303-AP605-00093,,AP605,target_buy,buy,9856.0,1,23,submit,initial_quote,FLAT_QUOTING
20260303,50294000,10:58:14.000,20260303-AP605-00094,,AP605,target_sell,sell,10340.0,1,23,submit,initial_quote,FLAT_QUOTING
20260303,50295000,10:58:15.000,20260303-AP605-00093,,AP605,target_buy,buy,9856.0,1,23,ack,,FLAT_QUOTING
20260303,50295000,10:58:15.000,20260303-AP605-00094,,AP605,target_sell,sell,10340.0,1,23,ack,,FLAT_QUOTING
20260303,50310000,10:58:30.000,20260303-AP605-00094,,AP605,target_sell,sell,10340.0,1,23,fill,interval_vwap,FLAT_QUOTING
20260303,50310000,10:58:30.000,20260303-AP605-00093,,AP605,target_buy,buy,9856.0,1,23,cancel_requested,opposite_target_fill,FLAT_QUOTING
20260303,50311000,10:58:31.000,20260303-AP605-00093,,AP605,target_buy,buy,9856.0,1,23,cancel_ack,opposite_target_fill,SHORT_PENDING_HEDGE
20260303,50311000,10:58:31.000,20260303-AP605-00095,20260303-AP605-0017,AP604,hedge_entry,buy,,1,23,submit,,SHORT_PENDING_HEDGE
20260303,50311000,10:58:31.000,20260303-AP605-00095,20260303-AP605-0017,AP604,hedge_entry,buy,9850.0,1,23,fill,quote_key=50311000,SHORT_PENDING_HEDGE
20260303,50313000,10:58:33.000,20260303-AP605-00096,20260303-AP605-0017,AP605,target_exit,buy,,1,23,submit,,FLATTENING
20260303,50313000,10:58:33.000,20260303-AP605-00096,20260303-AP605-0017,AP605,target_exit,buy,10111.0,1,23,fill,,FLATTENING
20260303,50313000,10:58:33.000,20260303-AP605-00097,20260303-AP605-0017,AP604,hedge_exit,sell,,1,23,submit,,FLATTENING
20260303,50313000,10:58:33.000,20260303-AP605-00097,20260303-AP605-0017,AP604,hedge_exit,sell,9818.0,1,23,fill,quote_key=50313000,FLATTENING
20260303,50315000,10:58:35.000,20260303-AP605-00098,,AP605,target_buy,buy,9864.0,1,24,submit,initial_quote,FLAT_QUOTING
20260303,50315000,10:58:35.000,20260303-AP605-00099,,AP605,target_sell,sell,10348.0,1,24,submit,initial_quote,FLAT_QUOTING
20260303,50316000,10:58:36.000,20260303-AP605-00098,,AP605,target_buy,buy,9864.0,1,24,ack,,FLAT_QUOTING
20260303,50316000,10:58:36.000,20260303-AP605-00099,,AP605,target_sell,sell,10348.0,1,24,ack,,FLAT_QUOTING
20260303,50448000,11:00:48.000,20260303-AP605-00099,,AP605,target_sell,sell,10348.0,1,24,fill,interval_vwap,FLAT_QUOTING
20260303,50448000,11:00:48.000,20260303-AP605-00098,,AP605,target_buy,buy,9864.0,1,24,cancel_requested,opposite_target_fill,FLAT_QUOTING
20260303,50449000,11:00:49.000,20260303-AP605-00098,,AP605,target_buy,buy,9864.0,1,24,cancel_ack,opposite_target_fill,SHORT_PENDING_HEDGE
20260303,50449000,11:00:49.000,20260303-AP605-00100,20260303-AP605-0018,AP604,hedge_entry,buy,,1,24,submit,,SHORT_PENDING_HEDGE
20260303,50449000,11:00:49.000,20260303-AP605-00100,20260303-AP605-0018,AP604,hedge_entry,buy,9903.0,1,24,fill,quote_key=50448000,SHORT_PENDING_HEDGE
20260303,50451000,11:00:51.000,20260303-AP605-00101,20260303-AP605-0018,AP605,target_exit,buy,,1,24,submit,,FLATTENING
20260303,50451000,11:00:51.000,20260303-AP605-00101,20260303-AP605-0018,AP605,target_exit,buy,10128.0,1,24,fill,,FLATTENING
20260303,50451000,11:00:51.000,20260303-AP605-00102,20260303-AP605-0018,AP604,hedge_exit,sell,,1,24,submit,,FLATTENING
20260303,50451000,11:00:51.000,20260303-AP605-00102,20260303-AP605-0018,AP604,hedge_exit,sell,9894.0,1,24,fill,quote_key=50451000,FLATTENING
20260303,50453000,11:00:53.000,20260303-AP605-00103,,AP605,target_buy,buy,9884.0,1,25,submit,initial_quote,FLAT_QUOTING
20260303,50453000,11:00:53.000,20260303-AP605-00104,,AP605,target_sell,sell,10368.0,1,25,submit,initial_quote,FLAT_QUOTING
20260303,50454000,11:00:54.000,20260303-AP605-00103,,AP605,target_buy,buy,9884.0,1,25,ack,,FLAT_QUOTING
20260303,50454000,11:00:54.000,20260303-AP605-00104,,AP605,target_sell,sell,10368.0,1,25,ack,,FLAT_QUOTING
20260303,50500000,11:01:40.000,20260303-AP605-00104,,AP605,target_sell,sell,10368.0,1,25,fill,interval_vwap,FLAT_QUOTING
20260303,50500000,11:01:40.000,20260303-AP605-00103,,AP605,target_buy,buy,9884.0,1,25,cancel_requested,opposite_target_fill,FLAT_QUOTING
20260303,50501000,11:01:41.000,20260303-AP605-00103,,AP605,target_buy,buy,9884.0,1,25,cancel_ack,opposite_target_fill,SHORT_PENDING_HEDGE
20260303,50501000,11:01:41.000,20260303-AP605-00105,20260303-AP605-0019,AP604,hedge_entry,buy,,1,25,submit,,SHORT_PENDING_HEDGE
20260303,50501000,11:01:41.000,20260303-AP605-00105,20260303-AP605-0019,AP604,hedge_entry,buy,9950.0,1,25,fill,quote_key=50501000,SHORT_PENDING_HEDGE
20260303,50503000,11:01:43.000,20260303-AP605-00106,20260303-AP605-0019,AP605,target_exit,buy,,1,25,submit,,FLATTENING
20260303,50503000,11:01:43.000,20260303-AP605-00106,20260303-AP605-0019,AP605,target_exit,buy,10177.0,1,25,fill,,FLATTENING
20260303,50503000,11:01:43.000,20260303-AP605-00107,20260303-AP605-0019,AP604,hedge_exit,sell,,1,25,submit,,FLATTENING
20260303,50503000,11:01:43.000,20260303-AP605-00107,20260303-AP605-0019,AP604,hedge_exit,sell,9950.0,1,25,fill,quote_key=50503000,FLATTENING
20260303,50505000,11:01:45.000,20260303-AP605-00108,,AP605,target_buy,buy,9935.0,1,26,submit,initial_quote,FLAT_QUOTING
20260303,50505000,11:01:45.000,20260303-AP605-00109,,AP605,target_sell,sell,10419.0,1,26,submit,initial_quote,FLAT_QUOTING
20260303,50506000,11:01:46.000,20260303-AP605-00108,,AP605,target_buy,buy,9935.0,1,26,ack,,FLAT_QUOTING
20260303,50506000,11:01:46.000,20260303-AP605-00109,,AP605,target_sell,sell,10419.0,1,26,ack,,FLAT_QUOTING
20260303,50953000,11:09:13.000,20260303-AP605-00108,,AP605,target_buy,buy,9935.0,1,26,cancel_requested,reanchor,REPLACE_PENDING
20260303,50953000,11:09:13.000,20260303-AP605-00109,,AP605,target_sell,sell,10419.0,1,26,cancel_requested,reanchor,REPLACE_PENDING
20260303,50954000,11:09:14.000,20260303-AP605-00108,,AP605,target_buy,buy,9935.0,1,26,cancel_ack,reanchor,REPLACE_PENDING
20260303,50954000,11:09:14.000,20260303-AP605-00109,,AP605,target_sell,sell,10419.0,1,26,cancel_ack,reanchor,REPLACE_PENDING
20260303,50954000,11:09:14.000,20260303-AP605-00110,,AP605,target_buy,buy,9984.0,1,27,submit,reanchor_replace,REPLACE_PENDING
20260303,50954000,11:09:14.000,20260303-AP605-00111,,AP605,target_sell,sell,10468.0,1,27,submit,reanchor_replace,REPLACE_PENDING
20260303,50955000,11:09:15.000,20260303-AP605-00110,,AP605,target_buy,buy,9984.0,1,27,ack,,REPLACE_PENDING
20260303,50955000,11:09:15.000,20260303-AP605-00111,,AP605,target_sell,sell,10468.0,1,27,ack,,REPLACE_PENDING
20260303,52200000,11:30:00.000,20260303-AP605-00110,,AP605,target_buy,buy,9984.0,1,27,cancel_requested,fair_invalid_or_session_guard,PAUSED
20260303,52200000,11:30:00.000,20260303-AP605-00111,,AP605,target_sell,sell,10468.0,1,27,cancel_requested,fair_invalid_or_session_guard,PAUSED
20260303,59400000,13:30:00.000,20260303-AP605-00110,,AP605,target_buy,buy,9984.0,1,27,cancel_ack,fair_invalid_or_session_guard,PAUSED
20260303,59400000,13:30:00.000,20260303-AP605-00111,,AP605,target_sell,sell,10468.0,1,27,cancel_ack,fair_invalid_or_session_guard,PAUSED
20260303,59461000,13:31:01.000,20260303-AP605-00112,,AP605,target_buy,buy,10127.0,1,28,submit,initial_quote,FLAT_QUOTING
20260303,59461000,13:31:01.000,20260303-AP605-00113,,AP605,target_sell,sell,10611.0,1,28,submit,initial_quote,FLAT_QUOTING
20260303,59462000,13:31:02.000,20260303-AP605-00112,,AP605,target_buy,buy,10127.0,1,28,ack,,FLAT_QUOTING
20260303,59462000,13:31:02.000,20260303-AP605-00113,,AP605,target_sell,sell,10611.0,1,28,ack,,FLAT_QUOTING
20260303,59462000,13:31:02.000,20260303-AP605-00112,,AP605,target_buy,buy,10127.0,1,28,fill,interval_vwap,FLAT_QUOTING
20260303,59462000,13:31:02.000,20260303-AP605-00113,,AP605,target_sell,sell,10611.0,1,28,cancel_requested,opposite_target_fill,FLAT_QUOTING
20260303,59463000,13:31:03.000,20260303-AP605-00113,,AP605,target_sell,sell,10611.0,1,28,cancel_ack,opposite_target_fill,LONG_PENDING_HEDGE
20260303,59463000,13:31:03.000,20260303-AP605-00114,20260303-AP605-0020,AP604,hedge_entry,sell,,1,28,submit,,LONG_PENDING_HEDGE
20260303,59463000,13:31:03.000,20260303-AP605-00114,20260303-AP605-0020,AP604,hedge_entry,sell,10075.0,1,28,fill,quote_key=59463000,LONG_PENDING_HEDGE
20260303,59465000,13:31:05.000,20260303-AP605-00115,20260303-AP605-0020,AP605,target_exit,sell,,1,28,submit,,FLATTENING
20260303,59465000,13:31:05.000,20260303-AP605-00115,20260303-AP605-0020,AP605,target_exit,sell,10370.0,1,28,fill,,FLATTENING
20260303,59465000,13:31:05.000,20260303-AP605-00116,20260303-AP605-0020,AP604,hedge_exit,buy,,1,28,submit,,FLATTENING
20260303,59465000,13:31:05.000,20260303-AP605-00116,20260303-AP605-0020,AP604,hedge_exit,buy,10116.0,1,28,fill,quote_key=59465000,FLATTENING
20260303,59467000,13:31:07.000,20260303-AP605-00117,,AP605,target_buy,buy,10130.0,1,29,submit,initial_quote,FLAT_QUOTING
20260303,59467000,13:31:07.000,20260303-AP605-00118,,AP605,target_sell,sell,10614.0,1,29,submit,initial_quote,FLAT_QUOTING
20260303,59468000,13:31:08.000,20260303-AP605-00117,,AP605,target_buy,buy,10130.0,1,29,ack,,FLAT_QUOTING
20260303,59468000,13:31:08.000,20260303-AP605-00118,,AP605,target_sell,sell,10614.0,1,29,ack,,FLAT_QUOTING
20260303,59468000,13:31:08.000,20260303-AP605-00117,,AP605,target_buy,buy,10130.0,1,29,fill,interval_vwap,FLAT_QUOTING
20260303,59468000,13:31:08.000,20260303-AP605-00118,,AP605,target_sell,sell,10614.0,1,29,cancel_requested,opposite_target_fill,FLAT_QUOTING
20260303,59469000,13:31:09.000,20260303-AP605-00118,,AP605,target_sell,sell,10614.0,1,29,cancel_ack,opposite_target_fill,LONG_PENDING_HEDGE
20260303,59469000,13:31:09.000,20260303-AP605-00119,20260303-AP605-0021,AP604,hedge_entry,sell,,1,29,submit,,LONG_PENDING_HEDGE
20260303,59469000,13:31:09.000,20260303-AP605-00119,20260303-AP605-0021,AP604,hedge_entry,sell,10080.0,1,29,fill,quote_key=59469000,LONG_PENDING_HEDGE
20260303,59471000,13:31:11.000,20260303-AP605-00120,20260303-AP605-0021,AP605,target_exit,sell,,1,29,submit,,FLATTENING
20260303,59471000,13:31:11.000,20260303-AP605-00120,20260303-AP605-0021,AP605,target_exit,sell,10372.0,1,29,fill,,FLATTENING
20260303,59471000,13:31:11.000,20260303-AP605-00121,20260303-AP605-0021,AP604,hedge_exit,buy,,1,29,submit,,FLATTENING
20260303,59471000,13:31:11.000,20260303-AP605-00121,20260303-AP605-0021,AP604,hedge_exit,buy,10121.0,1,29,fill,quote_key=59471000,FLATTENING
20260303,59473000,13:31:13.000,20260303-AP605-00122,,AP605,target_buy,buy,10132.0,1,30,submit,initial_quote,FLAT_QUOTING
20260303,59473000,13:31:13.000,20260303-AP605-00123,,AP605,target_sell,sell,10616.0,1,30,submit,initial_quote,FLAT_QUOTING
20260303,59474000,13:31:14.000,20260303-AP605-00122,,AP605,target_buy,buy,10132.0,1,30,ack,,FLAT_QUOTING
20260303,59474000,13:31:14.000,20260303-AP605-00123,,AP605,target_sell,sell,10616.0,1,30,ack,,FLAT_QUOTING
20260303,59474000,13:31:14.000,20260303-AP605-00122,,AP605,target_buy,buy,10132.0,1,30,fill,interval_vwap,FLAT_QUOTING
20260303,59474000,13:31:14.000,20260303-AP605-00123,,AP605,target_sell,sell,10616.0,1,30,cancel_requested,opposite_target_fill,FLAT_QUOTING
20260303,59475000,13:31:15.000,20260303-AP605-00123,,AP605,target_sell,sell,10616.0,1,30,cancel_ack,opposite_target_fill,LONG_PENDING_HEDGE
20260303,59475000,13:31:15.000,20260303-AP605-00124,20260303-AP605-0022,AP604,hedge_entry,sell,,1,30,submit,,LONG_PENDING_HEDGE
20260303,59475000,13:31:15.000,20260303-AP605-00124,20260303-AP605-0022,AP604,hedge_entry,sell,10075.0,1,30,fill,quote_key=59475000,LONG_PENDING_HEDGE
20260303,59477000,13:31:17.000,20260303-AP605-00125,20260303-AP605-0022,AP605,target_exit,sell,,1,30,submit,,FLATTENING
20260303,59477000,13:31:17.000,20260303-AP605-00125,20260303-AP605-0022,AP605,target_exit,sell,10372.0,1,30,fill,,FLATTENING
20260303,59477000,13:31:17.000,20260303-AP605-00126,20260303-AP605-0022,AP604,hedge_exit,buy,,1,30,submit,,FLATTENING
20260303,59477000,13:31:17.000,20260303-AP605-00126,20260303-AP605-0022,AP604,hedge_exit,buy,10121.0,1,30,fill,quote_key=59477000,FLATTENING
20260303,59479000,13:31:19.000,20260303-AP605-00127,,AP605,target_buy,buy,10134.0,1,31,submit,initial_quote,FLAT_QUOTING
20260303,59479000,13:31:19.000,20260303-AP605-00128,,AP605,target_sell,sell,10618.0,1,31,submit,initial_quote,FLAT_QUOTING
20260303,59480000,13:31:20.000,20260303-AP605-00127,,AP605,target_buy,buy,10134.0,1,31,ack,,FLAT_QUOTING
20260303,59480000,13:31:20.000,20260303-AP605-00128,,AP605,target_sell,sell,10618.0,1,31,ack,,FLAT_QUOTING
20260303,59480000,13:31:20.000,20260303-AP605-00127,,AP605,target_buy,buy,10134.0,1,31,fill,interval_vwap,FLAT_QUOTING
20260303,59480000,13:31:20.000,20260303-AP605-00128,,AP605,target_sell,sell,10618.0,1,31,cancel_requested,opposite_target_fill,FLAT_QUOTING
20260303,59481000,13:31:21.000,20260303-AP605-00128,,AP605,target_sell,sell,10618.0,1,31,cancel_ack,opposite_target_fill,LONG_PENDING_HEDGE
20260303,59481000,13:31:21.000,20260303-AP605-00129,20260303-AP605-0023,AP604,hedge_entry,sell,,1,31,submit,,LONG_PENDING_HEDGE
20260303,59481000,13:31:21.000,20260303-AP605-00129,20260303-AP605-0023,AP604,hedge_entry,sell,10066.0,1,31,fill,quote_key=59481000,LONG_PENDING_HEDGE
20260303,59483000,13:31:23.000,20260303-AP605-00130,20260303-AP605-0023,AP605,target_exit,sell,,1,31,submit,,FLATTENING
20260303,59483000,13:31:23.000,20260303-AP605-00130,20260303-AP605-0023,AP605,target_exit,sell,10351.0,1,31,fill,,FLATTENING
20260303,59483000,13:31:23.000,20260303-AP605-00131,20260303-AP605-0023,AP604,hedge_exit,buy,,1,31,submit,,FLATTENING
20260303,59483000,13:31:23.000,20260303-AP605-00131,20260303-AP605-0023,AP604,hedge_exit,buy,10080.0,1,31,fill,quote_key=59483000,FLATTENING
20260303,59485000,13:31:25.000,20260303-AP605-00132,,AP605,target_buy,buy,10101.0,1,32,submit,initial_quote,FLAT_QUOTING
20260303,59485000,13:31:25.000,20260303-AP605-00133,,AP605,target_sell,sell,10585.0,1,32,submit,initial_quote,FLAT_QUOTING
20260303,59486000,13:31:26.000,20260303-AP605-00132,,AP605,target_buy,buy,10101.0,1,32,ack,,FLAT_QUOTING
20260303,59486000,13:31:26.000,20260303-AP605-00133,,AP605,target_sell,sell,10585.0,1,32,ack,,FLAT_QUOTING
20260303,61231000,14:00:31.000,20260303-AP605-00132,,AP605,target_buy,buy,10101.0,1,32,cancel_requested,reanchor,REPLACE_PENDING
20260303,61231000,14:00:31.000,20260303-AP605-00133,,AP605,target_sell,sell,10585.0,1,32,cancel_requested,reanchor,REPLACE_PENDING
20260303,61232000,14:00:32.000,20260303-AP605-00132,,AP605,target_buy,buy,10101.0,1,32,cancel_ack,reanchor,REPLACE_PENDING
20260303,61232000,14:00:32.000,20260303-AP605-00133,,AP605,target_sell,sell,10585.0,1,32,cancel_ack,reanchor,REPLACE_PENDING
20260303,61232000,14:00:32.000,20260303-AP605-00134,,AP605,target_buy,buy,10150.0,1,33,submit,reanchor_replace,REPLACE_PENDING
20260303,61232000,14:00:32.000,20260303-AP605-00135,,AP605,target_sell,sell,10634.0,1,33,submit,reanchor_replace,REPLACE_PENDING
20260303,61232000,14:00:32.000,20260303-AP605-00134,,AP605,target_buy,buy,10150.0,1,33,fill,interval_vwap,REPLACE_PENDING
20260303,61232000,14:00:32.000,20260303-AP605-00135,,AP605,target_sell,sell,10634.0,1,33,cancel_requested,opposite_target_fill,REPLACE_PENDING
20260303,61233000,14:00:33.000,20260303-AP605-00135,,AP605,target_sell,sell,10634.0,1,33,cancel_ack,opposite_target_fill,LONG_PENDING_HEDGE
20260303,61233000,14:00:33.000,20260303-AP605-00136,20260303-AP605-0024,AP604,hedge_entry,sell,,1,33,submit,,LONG_PENDING_HEDGE
20260303,61233000,14:00:33.000,20260303-AP605-00136,20260303-AP605-0024,AP604,hedge_entry,sell,10136.0,1,33,fill,quote_key=61233000,LONG_PENDING_HEDGE
20260303,61235000,14:00:35.000,20260303-AP605-00137,20260303-AP605-0024,AP605,target_exit,sell,,1,33,submit,,FLATTENING
20260303,61235000,14:00:35.000,20260303-AP605-00137,20260303-AP605-0024,AP605,target_exit,sell,10437.0,1,33,fill,,FLATTENING
20260303,61235000,14:00:35.000,20260303-AP605-00138,20260303-AP605-0024,AP604,hedge_exit,buy,,1,33,submit,,FLATTENING
20260303,61235000,14:00:35.000,20260303-AP605-00138,20260303-AP605-0024,AP604,hedge_exit,buy,10160.0,1,33,fill,quote_key=61235000,FLATTENING
20260303,61237000,14:00:37.000,20260303-AP605-00139,,AP605,target_buy,buy,10203.0,1,34,submit,initial_quote,FLAT_QUOTING
20260303,61237000,14:00:37.000,20260303-AP605-00140,,AP605,target_sell,sell,10687.0,1,34,submit,initial_quote,FLAT_QUOTING
20260303,61238000,14:00:38.000,20260303-AP605-00139,,AP605,target_buy,buy,10203.0,1,34,ack,,FLAT_QUOTING
20260303,61238000,14:00:38.000,20260303-AP605-00140,,AP605,target_sell,sell,10687.0,1,34,ack,,FLAT_QUOTING
20260303,61238000,14:00:38.000,20260303-AP605-00139,,AP605,target_buy,buy,10203.0,1,34,fill,interval_vwap,FLAT_QUOTING
20260303,61238000,14:00:38.000,20260303-AP605-00140,,AP605,target_sell,sell,10687.0,1,34,cancel_requested,opposite_target_fill,FLAT_QUOTING
20260303,61239000,14:00:39.000,20260303-AP605-00140,,AP605,target_sell,sell,10687.0,1,34,cancel_ack,opposite_target_fill,LONG_PENDING_HEDGE
20260303,61239000,14:00:39.000,20260303-AP605-00141,20260303-AP605-0025,AP604,hedge_entry,sell,,1,34,submit,,LONG_PENDING_HEDGE
20260303,61239000,14:00:39.000,20260303-AP605-00141,20260303-AP605-0025,AP604,hedge_entry,sell,10140.0,1,34,fill,quote_key=61239000,LONG_PENDING_HEDGE
20260303,61241000,14:00:41.000,20260303-AP605-00142,20260303-AP605-0025,AP605,target_exit,sell,,1,34,submit,,FLATTENING
20260303,61241000,14:00:41.000,20260303-AP605-00142,20260303-AP605-0025,AP605,target_exit,sell,10445.0,1,34,fill,,FLATTENING
20260303,61241000,14:00:41.000,20260303-AP605-00143,20260303-AP605-0025,AP604,hedge_exit,buy,,1,34,submit,,FLATTENING
20260303,61241000,14:00:41.000,20260303-AP605-00143,20260303-AP605-0025,AP604,hedge_exit,buy,10169.0,1,34,fill,quote_key=61241000,FLATTENING
20260303,61243000,14:00:43.000,20260303-AP605-00144,,AP605,target_buy,buy,10219.0,1,35,submit,initial_quote,FLAT_QUOTING
20260303,61243000,14:00:43.000,20260303-AP605-00145,,AP605,target_sell,sell,10703.0,1,35,submit,initial_quote,FLAT_QUOTING
20260303,61244000,14:00:44.000,20260303-AP605-00144,,AP605,target_buy,buy,10219.0,1,35,ack,,FLAT_QUOTING
20260303,61244000,14:00:44.000,20260303-AP605-00145,,AP605,target_sell,sell,10703.0,1,35,ack,,FLAT_QUOTING
20260303,61244000,14:00:44.000,20260303-AP605-00144,,AP605,target_buy,buy,10219.0,1,35,fill,interval_vwap,FLAT_QUOTING
20260303,61244000,14:00:44.000,20260303-AP605-00145,,AP605,target_sell,sell,10703.0,1,35,cancel_requested,opposite_target_fill,FLAT_QUOTING
20260303,61245000,14:00:45.000,20260303-AP605-00145,,AP605,target_sell,sell,10703.0,1,35,cancel_ack,opposite_target_fill,LONG_PENDING_HEDGE
20260303,61245000,14:00:45.000,20260303-AP605-00146,20260303-AP605-0026,AP604,hedge_entry,sell,,1,35,submit,,LONG_PENDING_HEDGE
20260303,61245000,14:00:45.000,20260303-AP605-00146,20260303-AP605-0026,AP604,hedge_entry,sell,10154.0,1,35,fill,quote_key=61245000,LONG_PENDING_HEDGE
20260303,61247000,14:00:47.000,20260303-AP605-00147,20260303-AP605-0026,AP605,target_exit,sell,,1,35,submit,,FLATTENING
20260303,61247000,14:00:47.000,20260303-AP605-00147,20260303-AP605-0026,AP605,target_exit,sell,10453.0,1,35,fill,,FLATTENING
20260303,61247000,14:00:47.000,20260303-AP605-00148,20260303-AP605-0026,AP604,hedge_exit,buy,,1,35,submit,,FLATTENING
20260303,61247000,14:00:47.000,20260303-AP605-00148,20260303-AP605-0026,AP604,hedge_exit,buy,10174.0,1,35,fill,quote_key=61247000,FLATTENING
20260303,61249000,14:00:49.000,20260303-AP605-00149,,AP605,target_buy,buy,10216.0,1,36,submit,initial_quote,FLAT_QUOTING
20260303,61249000,14:00:49.000,20260303-AP605-00150,,AP605,target_sell,sell,10700.0,1,36,submit,initial_quote,FLAT_QUOTING
20260303,61250000,14:00:50.000,20260303-AP605-00149,,AP605,target_buy,buy,10216.0,1,36,ack,,FLAT_QUOTING
20260303,61250000,14:00:50.000,20260303-AP605-00150,,AP605,target_sell,sell,10700.0,1,36,ack,,FLAT_QUOTING
20260303,61250000,14:00:50.000,20260303-AP605-00149,,AP605,target_buy,buy,10216.0,1,36,fill,interval_vwap,FLAT_QUOTING
20260303,61250000,14:00:50.000,20260303-AP605-00150,,AP605,target_sell,sell,10700.0,1,36,cancel_requested,opposite_target_fill,FLAT_QUOTING
20260303,61251000,14:00:51.000,20260303-AP605-00150,,AP605,target_sell,sell,10700.0,1,36,cancel_ack,opposite_target_fill,LONG_PENDING_HEDGE
20260303,61251000,14:00:51.000,20260303-AP605-00151,20260303-AP605-0027,AP604,hedge_entry,sell,,1,36,submit,,LONG_PENDING_HEDGE
20260303,61251000,14:00:51.000,20260303-AP605-00151,20260303-AP605-0027,AP604,hedge_entry,sell,10147.0,1,36,fill,quote_key=61251000,LONG_PENDING_HEDGE
20260303,61253000,14:00:53.000,20260303-AP605-00152,20260303-AP605-0027,AP605,target_exit,sell,,1,36,submit,,FLATTENING
20260303,61253000,14:00:53.000,20260303-AP605-00152,20260303-AP605-0027,AP605,target_exit,sell,10458.0,1,36,fill,,FLATTENING
20260303,61253000,14:00:53.000,20260303-AP605-00153,20260303-AP605-0027,AP604,hedge_exit,buy,,1,36,submit,,FLATTENING
20260303,61253000,14:00:53.000,20260303-AP605-00153,20260303-AP605-0027,AP604,hedge_exit,buy,10180.0,1,36,fill,quote_key=61253000,FLATTENING
20260303,61255000,14:00:55.000,20260303-AP605-00154,,AP605,target_buy,buy,10219.0,1,37,submit,initial_quote,FLAT_QUOTING
20260303,61255000,14:00:55.000,20260303-AP605-00155,,AP605,target_sell,sell,10703.0,1,37,submit,initial_quote,FLAT_QUOTING
20260303,61256000,14:00:56.000,20260303-AP605-00154,,AP605,target_buy,buy,10219.0,1,37,ack,,FLAT_QUOTING
20260303,61256000,14:00:56.000,20260303-AP605-00155,,AP605,target_sell,sell,10703.0,1,37,ack,,FLAT_QUOTING
20260303,61256000,14:00:56.000,20260303-AP605-00154,,AP605,target_buy,buy,10219.0,1,37,fill,interval_vwap,FLAT_QUOTING
20260303,61256000,14:00:56.000,20260303-AP605-00155,,AP605,target_sell,sell,10703.0,1,37,cancel_requested,opposite_target_fill,FLAT_QUOTING
20260303,61257000,14:00:57.000,20260303-AP605-00155,,AP605,target_sell,sell,10703.0,1,37,cancel_ack,opposite_target_fill,LONG_PENDING_HEDGE
20260303,61257000,14:00:57.000,20260303-AP605-00156,20260303-AP605-0028,AP604,hedge_entry,sell,,1,37,submit,,LONG_PENDING_HEDGE
20260303,61257000,14:00:57.000,20260303-AP605-00156,20260303-AP605-0028,AP604,hedge_entry,sell,10156.0,1,37,fill,quote_key=61257000,LONG_PENDING_HEDGE
20260303,61259000,14:00:59.000,20260303-AP605-00157,20260303-AP605-0028,AP605,target_exit,sell,,1,37,submit,,FLATTENING
20260303,61259000,14:00:59.000,20260303-AP605-00157,20260303-AP605-0028,AP605,target_exit,sell,10460.0,1,37,fill,,FLATTENING
20260303,61259000,14:00:59.000,20260303-AP605-00158,20260303-AP605-0028,AP604,hedge_exit,buy,,1,37,submit,,FLATTENING
20260303,61259000,14:00:59.000,20260303-AP605-00158,20260303-AP605-0028,AP604,hedge_exit,buy,10182.0,1,37,fill,quote_key=61259000,FLATTENING
20260303,61261000,14:01:01.000,20260303-AP605-00159,,AP605,target_buy,buy,10214.0,1,38,submit,initial_quote,FLAT_QUOTING
20260303,61261000,14:01:01.000,20260303-AP605-00160,,AP605,target_sell,sell,10698.0,1,38,submit,initial_quote,FLAT_QUOTING
20260303,61262000,14:01:02.000,20260303-AP605-00159,,AP605,target_buy,buy,10214.0,1,38,ack,,FLAT_QUOTING
20260303,61262000,14:01:02.000,20260303-AP605-00160,,AP605,target_sell,sell,10698.0,1,38,ack,,FLAT_QUOTING
20260303,61262000,14:01:02.000,20260303-AP605-00159,,AP605,target_buy,buy,10214.0,1,38,fill,interval_vwap,FLAT_QUOTING
20260303,61262000,14:01:02.000,20260303-AP605-00160,,AP605,target_sell,sell,10698.0,1,38,cancel_requested,opposite_target_fill,FLAT_QUOTING
20260303,61263000,14:01:03.000,20260303-AP605-00160,,AP605,target_sell,sell,10698.0,1,38,cancel_ack,opposite_target_fill,LONG_PENDING_HEDGE
20260303,61263000,14:01:03.000,20260303-AP605-00161,20260303-AP605-0029,AP604,hedge_entry,sell,,1,38,submit,,LONG_PENDING_HEDGE
20260303,61263000,14:01:03.000,20260303-AP605-00161,20260303-AP605-0029,AP604,hedge_entry,sell,10152.0,1,38,fill,quote_key=61262000,LONG_PENDING_HEDGE
20260303,61265000,14:01:05.000,20260303-AP605-00162,20260303-AP605-0029,AP605,target_exit,sell,,1,38,submit,,FLATTENING
20260303,61265000,14:01:05.000,20260303-AP605-00162,20260303-AP605-0029,AP605,target_exit,sell,10461.0,1,38,fill,,FLATTENING
20260303,61265000,14:01:05.000,20260303-AP605-00163,20260303-AP605-0029,AP604,hedge_exit,buy,,1,38,submit,,FLATTENING
20260303,61265000,14:01:05.000,20260303-AP605-00163,20260303-AP605-0029,AP604,hedge_exit,buy,10182.0,1,38,fill,quote_key=61265000,FLATTENING
20260303,61267000,14:01:07.000,20260303-AP605-00164,,AP605,target_buy,buy,10219.0,1,39,submit,initial_quote,FLAT_QUOTING
20260303,61267000,14:01:07.000,20260303-AP605-00165,,AP605,target_sell,sell,10703.0,1,39,submit,initial_quote,FLAT_QUOTING
20260303,61268000,14:01:08.000,20260303-AP605-00164,,AP605,target_buy,buy,10219.0,1,39,ack,,FLAT_QUOTING
20260303,61268000,14:01:08.000,20260303-AP605-00165,,AP605,target_sell,sell,10703.0,1,39,ack,,FLAT_QUOTING
20260303,61268000,14:01:08.000,20260303-AP605-00164,,AP605,target_buy,buy,10219.0,1,39,fill,interval_vwap,FLAT_QUOTING
20260303,61268000,14:01:08.000,20260303-AP605-00165,,AP605,target_sell,sell,10703.0,1,39,cancel_requested,opposite_target_fill,FLAT_QUOTING
20260303,61269000,14:01:09.000,20260303-AP605-00165,,AP605,target_sell,sell,10703.0,1,39,cancel_ack,opposite_target_fill,LONG_PENDING_HEDGE
20260303,61269000,14:01:09.000,20260303-AP605-00166,20260303-AP605-0030,AP604,hedge_entry,sell,,1,39,submit,,LONG_PENDING_HEDGE
20260303,61269000,14:01:09.000,20260303-AP605-00166,20260303-AP605-0030,AP604,hedge_entry,sell,10156.0,1,39,fill,quote_key=61269000,LONG_PENDING_HEDGE
20260303,61271000,14:01:11.000,20260303-AP605-00167,20260303-AP605-0030,AP605,target_exit,sell,,1,39,submit,,FLATTENING
20260303,61271000,14:01:11.000,20260303-AP605-00167,20260303-AP605-0030,AP605,target_exit,sell,10454.0,1,39,fill,,FLATTENING
20260303,61271000,14:01:11.000,20260303-AP605-00168,20260303-AP605-0030,AP604,hedge_exit,buy,,1,39,submit,,FLATTENING
20260303,61271000,14:01:11.000,20260303-AP605-00168,20260303-AP605-0030,AP604,hedge_exit,buy,10176.0,1,39,fill,quote_key=61271000,FLATTENING
20260303,61273000,14:01:13.000,20260303-AP605-00169,,AP605,target_buy,buy,10210.0,1,40,submit,initial_quote,FLAT_QUOTING
20260303,61273000,14:01:13.000,20260303-AP605-00170,,AP605,target_sell,sell,10694.0,1,40,submit,initial_quote,FLAT_QUOTING
20260303,61274000,14:01:14.000,20260303-AP605-00169,,AP605,target_buy,buy,10210.0,1,40,ack,,FLAT_QUOTING
20260303,61274000,14:01:14.000,20260303-AP605-00170,,AP605,target_sell,sell,10694.0,1,40,ack,,FLAT_QUOTING
20260303,61274000,14:01:14.000,20260303-AP605-00169,,AP605,target_buy,buy,10210.0,1,40,fill,interval_vwap,FLAT_QUOTING
20260303,61274000,14:01:14.000,20260303-AP605-00170,,AP605,target_sell,sell,10694.0,1,40,cancel_requested,opposite_target_fill,FLAT_QUOTING
20260303,61275000,14:01:15.000,20260303-AP605-00170,,AP605,target_sell,sell,10694.0,1,40,cancel_ack,opposite_target_fill,LONG_PENDING_HEDGE
20260303,61275000,14:01:15.000,20260303-AP605-00171,20260303-AP605-0031,AP604,hedge_entry,sell,,1,40,submit,,LONG_PENDING_HEDGE
20260303,61275000,14:01:15.000,20260303-AP605-00171,20260303-AP605-0031,AP604,hedge_entry,sell,10156.0,1,40,fill,quote_key=61275000,LONG_PENDING_HEDGE
20260303,61277000,14:01:17.000,20260303-AP605-00172,20260303-AP605-0031,AP605,target_exit,sell,,1,40,submit,,FLATTENING
20260303,61277000,14:01:17.000,20260303-AP605-00172,20260303-AP605-0031,AP605,target_exit,sell,10457.0,1,40,fill,,FLATTENING
20260303,61277000,14:01:17.000,20260303-AP605-00173,20260303-AP605-0031,AP604,hedge_exit,buy,,1,40,submit,,FLATTENING
20260303,61277000,14:01:17.000,20260303-AP605-00173,20260303-AP605-0031,AP604,hedge_exit,buy,10180.0,1,40,fill,quote_key=61277000,FLATTENING
20260303,61279000,14:01:19.000,20260303-AP605-00174,,AP605,target_buy,buy,10216.0,1,41,submit,initial_quote,FLAT_QUOTING
20260303,61279000,14:01:19.000,20260303-AP605-00175,,AP605,target_sell,sell,10700.0,1,41,submit,initial_quote,FLAT_QUOTING
20260303,61280000,14:01:20.000,20260303-AP605-00174,,AP605,target_buy,buy,10216.0,1,41,ack,,FLAT_QUOTING
20260303,61280000,14:01:20.000,20260303-AP605-00175,,AP605,target_sell,sell,10700.0,1,41,ack,,FLAT_QUOTING
20260303,61281000,14:01:21.000,20260303-AP605-00174,,AP605,target_buy,buy,10216.0,1,41,fill,interval_vwap,FLAT_QUOTING
20260303,61281000,14:01:21.000,20260303-AP605-00175,,AP605,target_sell,sell,10700.0,1,41,cancel_requested,opposite_target_fill,FLAT_QUOTING
20260303,61282000,14:01:22.000,20260303-AP605-00175,,AP605,target_sell,sell,10700.0,1,41,cancel_ack,opposite_target_fill,LONG_PENDING_HEDGE
20260303,61282000,14:01:22.000,20260303-AP605-00176,20260303-AP605-0032,AP604,hedge_entry,sell,,1,41,submit,,LONG_PENDING_HEDGE
20260303,61282000,14:01:22.000,20260303-AP605-00176,20260303-AP605-0032,AP604,hedge_entry,sell,10156.0,1,41,fill,quote_key=61282000,LONG_PENDING_HEDGE
20260303,61284000,14:01:24.000,20260303-AP605-00177,20260303-AP605-0032,AP605,target_exit,sell,,1,41,submit,,FLATTENING
20260303,61284000,14:01:24.000,20260303-AP605-00177,20260303-AP605-0032,AP605,target_exit,sell,10452.0,1,41,fill,,FLATTENING
20260303,61284000,14:01:24.000,20260303-AP605-00178,20260303-AP605-0032,AP604,hedge_exit,buy,,1,41,submit,,FLATTENING
20260303,61284000,14:01:24.000,20260303-AP605-00178,20260303-AP605-0032,AP604,hedge_exit,buy,10177.0,1,41,fill,quote_key=61284000,FLATTENING
20260303,61286000,14:01:26.000,20260303-AP605-00179,,AP605,target_buy,buy,10210.0,1,42,submit,initial_quote,FLAT_QUOTING
20260303,61286000,14:01:26.000,20260303-AP605-00180,,AP605,target_sell,sell,10694.0,1,42,submit,initial_quote,FLAT_QUOTING
20260303,61287000,14:01:27.000,20260303-AP605-00179,,AP605,target_buy,buy,10210.0,1,42,ack,,FLAT_QUOTING
20260303,61287000,14:01:27.000,20260303-AP605-00180,,AP605,target_sell,sell,10694.0,1,42,ack,,FLAT_QUOTING
20260303,61287000,14:01:27.000,20260303-AP605-00179,,AP605,target_buy,buy,10210.0,1,42,fill,interval_vwap,FLAT_QUOTING
20260303,61287000,14:01:27.000,20260303-AP605-00180,,AP605,target_sell,sell,10694.0,1,42,cancel_requested,opposite_target_fill,FLAT_QUOTING
20260303,61288000,14:01:28.000,20260303-AP605-00180,,AP605,target_sell,sell,10694.0,1,42,cancel_ack,opposite_target_fill,LONG_PENDING_HEDGE
20260303,61288000,14:01:28.000,20260303-AP605-00181,20260303-AP605-0033,AP604,hedge_entry,sell,,1,42,submit,,LONG_PENDING_HEDGE
20260303,61288000,14:01:28.000,20260303-AP605-00181,20260303-AP605-0033,AP604,hedge_entry,sell,10156.0,1,42,fill,quote_key=61288000,LONG_PENDING_HEDGE
20260303,61290000,14:01:30.000,20260303-AP605-00182,20260303-AP605-0033,AP605,target_exit,sell,,1,42,submit,,FLATTENING
20260303,61290000,14:01:30.000,20260303-AP605-00182,20260303-AP605-0033,AP605,target_exit,sell,10456.0,1,42,fill,,FLATTENING
20260303,61290000,14:01:30.000,20260303-AP605-00183,20260303-AP605-0033,AP604,hedge_exit,buy,,1,42,submit,,FLATTENING
20260303,61290000,14:01:30.000,20260303-AP605-00183,20260303-AP605-0033,AP604,hedge_exit,buy,10177.0,1,42,fill,quote_key=61290000,FLATTENING
20260303,61292000,14:01:32.000,20260303-AP605-00184,,AP605,target_buy,buy,10213.0,1,43,submit,initial_quote,FLAT_QUOTING
20260303,61292000,14:01:32.000,20260303-AP605-00185,,AP605,target_sell,sell,10697.0,1,43,submit,initial_quote,FLAT_QUOTING
20260303,61293000,14:01:33.000,20260303-AP605-00184,,AP605,target_buy,buy,10213.0,1,43,ack,,FLAT_QUOTING
20260303,61293000,14:01:33.000,20260303-AP605-00185,,AP605,target_sell,sell,10697.0,1,43,ack,,FLAT_QUOTING
20260303,61293000,14:01:33.000,20260303-AP605-00184,,AP605,target_buy,buy,10213.0,1,43,fill,interval_vwap,FLAT_QUOTING
20260303,61293000,14:01:33.000,20260303-AP605-00185,,AP605,target_sell,sell,10697.0,1,43,cancel_requested,opposite_target_fill,FLAT_QUOTING
20260303,61294000,14:01:34.000,20260303-AP605-00185,,AP605,target_sell,sell,10697.0,1,43,cancel_ack,opposite_target_fill,LONG_PENDING_HEDGE
20260303,61294000,14:01:34.000,20260303-AP605-00186,20260303-AP605-0034,AP604,hedge_entry,sell,,1,43,submit,,LONG_PENDING_HEDGE
20260303,61294000,14:01:34.000,20260303-AP605-00186,20260303-AP605-0034,AP604,hedge_entry,sell,10156.0,1,43,fill,quote_key=61294000,LONG_PENDING_HEDGE
20260303,61296000,14:01:36.000,20260303-AP605-00187,20260303-AP605-0034,AP605,target_exit,sell,,1,43,submit,,FLATTENING
20260303,61296000,14:01:36.000,20260303-AP605-00187,20260303-AP605-0034,AP605,target_exit,sell,10453.0,1,43,fill,,FLATTENING
20260303,61296000,14:01:36.000,20260303-AP605-00188,20260303-AP605-0034,AP604,hedge_exit,buy,,1,43,submit,,FLATTENING
20260303,61296000,14:01:36.000,20260303-AP605-00188,20260303-AP605-0034,AP604,hedge_exit,buy,10175.0,1,43,fill,quote_key=61296000,FLATTENING
20260303,61298000,14:01:38.000,20260303-AP605-00189,,AP605,target_buy,buy,10213.0,1,44,submit,initial_quote,FLAT_QUOTING
20260303,61298000,14:01:38.000,20260303-AP605-00190,,AP605,target_sell,sell,10697.0,1,44,submit,initial_quote,FLAT_QUOTING
20260303,61299000,14:01:39.000,20260303-AP605-00189,,AP605,target_buy,buy,10213.0,1,44,ack,,FLAT_QUOTING
20260303,61299000,14:01:39.000,20260303-AP605-00190,,AP605,target_sell,sell,10697.0,1,44,ack,,FLAT_QUOTING
20260303,61299000,14:01:39.000,20260303-AP605-00189,,AP605,target_buy,buy,10213.0,1,44,fill,interval_vwap,FLAT_QUOTING
20260303,61299000,14:01:39.000,20260303-AP605-00190,,AP605,target_sell,sell,10697.0,1,44,cancel_requested,opposite_target_fill,FLAT_QUOTING
20260303,61300000,14:01:40.000,20260303-AP605-00190,,AP605,target_sell,sell,10697.0,1,44,cancel_ack,opposite_target_fill,LONG_PENDING_HEDGE
20260303,61300000,14:01:40.000,20260303-AP605-00191,20260303-AP605-0035,AP604,hedge_entry,sell,,1,44,submit,,LONG_PENDING_HEDGE
20260303,61300000,14:01:40.000,20260303-AP605-00191,20260303-AP605-0035,AP604,hedge_entry,sell,10149.0,1,44,fill,quote_key=61300000,LONG_PENDING_HEDGE
20260303,61302000,14:01:42.000,20260303-AP605-00192,20260303-AP605-0035,AP605,target_exit,sell,,1,44,submit,,FLATTENING
20260303,61302000,14:01:42.000,20260303-AP605-00192,20260303-AP605-0035,AP605,target_exit,sell,10456.0,1,44,fill,,FLATTENING
20260303,61302000,14:01:42.000,20260303-AP605-00193,20260303-AP605-0035,AP604,hedge_exit,buy,,1,44,submit,,FLATTENING
20260303,61302000,14:01:42.000,20260303-AP605-00193,20260303-AP605-0035,AP604,hedge_exit,buy,10156.0,1,44,fill,quote_key=61302000,FLATTENING
20260303,61304000,14:01:44.000,20260303-AP605-00194,,AP605,target_buy,buy,10217.0,1,45,submit,initial_quote,FLAT_QUOTING
20260303,61304000,14:01:44.000,20260303-AP605-00195,,AP605,target_sell,sell,10701.0,1,45,submit,initial_quote,FLAT_QUOTING
20260303,61305000,14:01:45.000,20260303-AP605-00194,,AP605,target_buy,buy,10217.0,1,45,ack,,FLAT_QUOTING
20260303,61305000,14:01:45.000,20260303-AP605-00195,,AP605,target_sell,sell,10701.0,1,45,ack,,FLAT_QUOTING
20260303,61305000,14:01:45.000,20260303-AP605-00194,,AP605,target_buy,buy,10217.0,1,45,fill,interval_vwap,FLAT_QUOTING
20260303,61305000,14:01:45.000,20260303-AP605-00195,,AP605,target_sell,sell,10701.0,1,45,cancel_requested,opposite_target_fill,FLAT_QUOTING
20260303,61306000,14:01:46.000,20260303-AP605-00195,,AP605,target_sell,sell,10701.0,1,45,cancel_ack,opposite_target_fill,LONG_PENDING_HEDGE
20260303,61306000,14:01:46.000,20260303-AP605-00196,20260303-AP605-0036,AP604,hedge_entry,sell,,1,45,submit,,LONG_PENDING_HEDGE
20260303,61306000,14:01:46.000,20260303-AP605-00196,20260303-AP605-0036,AP604,hedge_entry,sell,10153.0,1,45,fill,quote_key=61305000,LONG_PENDING_HEDGE
20260303,61308000,14:01:48.000,20260303-AP605-00197,20260303-AP605-0036,AP605,target_exit,sell,,1,45,submit,,FLATTENING
20260303,61308000,14:01:48.000,20260303-AP605-00197,20260303-AP605-0036,AP605,target_exit,sell,10457.0,1,45,fill,,FLATTENING
20260303,61308000,14:01:48.000,20260303-AP605-00198,20260303-AP605-0036,AP604,hedge_exit,buy,,1,45,submit,,FLATTENING
20260303,61308000,14:01:48.000,20260303-AP605-00198,20260303-AP605-0036,AP604,hedge_exit,buy,10178.0,1,45,fill,quote_key=61308000,FLATTENING
20260303,61310000,14:01:50.000,20260303-AP605-00199,,AP605,target_buy,buy,10214.0,1,46,submit,initial_quote,FLAT_QUOTING
20260303,61310000,14:01:50.000,20260303-AP605-00200,,AP605,target_sell,sell,10698.0,1,46,submit,initial_quote,FLAT_QUOTING
20260303,61311000,14:01:51.000,20260303-AP605-00199,,AP605,target_buy,buy,10214.0,1,46,ack,,FLAT_QUOTING
20260303,61311000,14:01:51.000,20260303-AP605-00200,,AP605,target_sell,sell,10698.0,1,46,ack,,FLAT_QUOTING
20260303,61311000,14:01:51.000,20260303-AP605-00199,,AP605,target_buy,buy,10214.0,1,46,fill,interval_vwap,FLAT_QUOTING
20260303,61311000,14:01:51.000,20260303-AP605-00200,,AP605,target_sell,sell,10698.0,1,46,cancel_requested,opposite_target_fill,FLAT_QUOTING
20260303,61312000,14:01:52.000,20260303-AP605-00200,,AP605,target_sell,sell,10698.0,1,46,cancel_ack,opposite_target_fill,LONG_PENDING_HEDGE
20260303,61312000,14:01:52.000,20260303-AP605-00201,20260303-AP605-0037,AP604,hedge_entry,sell,,1,46,submit,,LONG_PENDING_HEDGE
20260303,61312000,14:01:52.000,20260303-AP605-00201,20260303-AP605-0037,AP604,hedge_entry,sell,10146.0,1,46,fill,quote_key=61312000,LONG_PENDING_HEDGE
20260303,61314000,14:01:54.000,20260303-AP605-00202,20260303-AP605-0037,AP605,target_exit,sell,,1,46,submit,,FLATTENING
20260303,61314000,14:01:54.000,20260303-AP605-00202,20260303-AP605-0037,AP605,target_exit,sell,10454.0,1,46,fill,,FLATTENING
20260303,61314000,14:01:54.000,20260303-AP605-00203,20260303-AP605-0037,AP604,hedge_exit,buy,,1,46,submit,,FLATTENING
20260303,61314000,14:01:54.000,20260303-AP605-00203,20260303-AP605-0037,AP604,hedge_exit,buy,10176.0,1,46,fill,quote_key=61314000,FLATTENING
20260303,61316000,14:01:56.000,20260303-AP605-00204,,AP605,target_buy,buy,10214.0,1,47,submit,initial_quote,FLAT_QUOTING
20260303,61316000,14:01:56.000,20260303-AP605-00205,,AP605,target_sell,sell,10698.0,1,47,submit,initial_quote,FLAT_QUOTING
20260303,61317000,14:01:57.000,20260303-AP605-00204,,AP605,target_buy,buy,10214.0,1,47,ack,,FLAT_QUOTING
20260303,61317000,14:01:57.000,20260303-AP605-00205,,AP605,target_sell,sell,10698.0,1,47,ack,,FLAT_QUOTING
20260303,61317000,14:01:57.000,20260303-AP605-00204,,AP605,target_buy,buy,10214.0,1,47,fill,interval_vwap,FLAT_QUOTING
20260303,61317000,14:01:57.000,20260303-AP605-00205,,AP605,target_sell,sell,10698.0,1,47,cancel_requested,opposite_target_fill,FLAT_QUOTING
20260303,61318000,14:01:58.000,20260303-AP605-00205,,AP605,target_sell,sell,10698.0,1,47,cancel_ack,opposite_target_fill,LONG_PENDING_HEDGE
20260303,61318000,14:01:58.000,20260303-AP605-00206,20260303-AP605-0038,AP604,hedge_entry,sell,,1,47,submit,,LONG_PENDING_HEDGE
20260303,61318000,14:01:58.000,20260303-AP605-00206,20260303-AP605-0038,AP604,hedge_entry,sell,10145.0,1,47,fill,quote_key=61317000,LONG_PENDING_HEDGE
20260303,61320000,14:02:00.000,20260303-AP605-00207,20260303-AP605-0038,AP605,target_exit,sell,,1,47,submit,,FLATTENING
20260303,61320000,14:02:00.000,20260303-AP605-00207,20260303-AP605-0038,AP605,target_exit,sell,10450.0,1,47,fill,,FLATTENING
20260303,61320000,14:02:00.000,20260303-AP605-00208,20260303-AP605-0038,AP604,hedge_exit,buy,,1,47,submit,,FLATTENING
20260303,61320000,14:02:00.000,20260303-AP605-00208,20260303-AP605-0038,AP604,hedge_exit,buy,10174.0,1,47,fill,quote_key=61320000,FLATTENING
20260303,61322000,14:02:02.000,20260303-AP605-00209,,AP605,target_buy,buy,10205.0,1,48,submit,initial_quote,FLAT_QUOTING
20260303,61322000,14:02:02.000,20260303-AP605-00210,,AP605,target_sell,sell,10689.0,1,48,submit,initial_quote,FLAT_QUOTING
20260303,61323000,14:02:03.000,20260303-AP605-00209,,AP605,target_buy,buy,10205.0,1,48,ack,,FLAT_QUOTING
20260303,61323000,14:02:03.000,20260303-AP605-00210,,AP605,target_sell,sell,10689.0,1,48,ack,,FLAT_QUOTING
20260303,61323000,14:02:03.000,20260303-AP605-00209,,AP605,target_buy,buy,10205.0,1,48,fill,interval_vwap,FLAT_QUOTING
20260303,61323000,14:02:03.000,20260303-AP605-00210,,AP605,target_sell,sell,10689.0,1,48,cancel_requested,opposite_target_fill,FLAT_QUOTING
20260303,61324000,14:02:04.000,20260303-AP605-00210,,AP605,target_sell,sell,10689.0,1,48,cancel_ack,opposite_target_fill,LONG_PENDING_HEDGE
20260303,61324000,14:02:04.000,20260303-AP605-00211,20260303-AP605-0039,AP604,hedge_entry,sell,,1,48,submit,,LONG_PENDING_HEDGE
20260303,61324000,14:02:04.000,20260303-AP605-00211,20260303-AP605-0039,AP604,hedge_entry,sell,10138.0,1,48,fill,quote_key=61324000,LONG_PENDING_HEDGE
20260303,61326000,14:02:06.000,20260303-AP605-00212,20260303-AP605-0039,AP605,target_exit,sell,,1,48,submit,,FLATTENING
20260303,61326000,14:02:06.000,20260303-AP605-00212,20260303-AP605-0039,AP605,target_exit,sell,10442.0,1,48,fill,,FLATTENING
20260303,61326000,14:02:06.000,20260303-AP605-00213,20260303-AP605-0039,AP604,hedge_exit,buy,,1,48,submit,,FLATTENING
20260303,61326000,14:02:06.000,20260303-AP605-00213,20260303-AP605-0039,AP604,hedge_exit,buy,10165.0,1,48,fill,quote_key=61326000,FLATTENING
20260303,61328000,14:02:08.000,20260303-AP605-00214,,AP605,target_buy,buy,10205.0,1,49,submit,initial_quote,FLAT_QUOTING
20260303,61328000,14:02:08.000,20260303-AP605-00215,,AP605,target_sell,sell,10689.0,1,49,submit,initial_quote,FLAT_QUOTING
20260303,61329000,14:02:09.000,20260303-AP605-00214,,AP605,target_buy,buy,10205.0,1,49,ack,,FLAT_QUOTING
20260303,61329000,14:02:09.000,20260303-AP605-00215,,AP605,target_sell,sell,10689.0,1,49,ack,,FLAT_QUOTING
20260303,61329000,14:02:09.000,20260303-AP605-00214,,AP605,target_buy,buy,10205.0,1,49,fill,interval_vwap,FLAT_QUOTING
20260303,61329000,14:02:09.000,20260303-AP605-00215,,AP605,target_sell,sell,10689.0,1,49,cancel_requested,opposite_target_fill,FLAT_QUOTING
20260303,61330000,14:02:10.000,20260303-AP605-00215,,AP605,target_sell,sell,10689.0,1,49,cancel_ack,opposite_target_fill,LONG_PENDING_HEDGE
20260303,61330000,14:02:10.000,20260303-AP605-00216,20260303-AP605-0040,AP604,hedge_entry,sell,,1,49,submit,,LONG_PENDING_HEDGE
20260303,61330000,14:02:10.000,20260303-AP605-00216,20260303-AP605-0040,AP604,hedge_entry,sell,10148.0,1,49,fill,quote_key=61330000,LONG_PENDING_HEDGE
20260303,61332000,14:02:12.000,20260303-AP605-00217,20260303-AP605-0040,AP605,target_exit,sell,,1,49,submit,,FLATTENING
20260303,61332000,14:02:12.000,20260303-AP605-00217,20260303-AP605-0040,AP605,target_exit,sell,10448.0,1,49,fill,,FLATTENING
20260303,61332000,14:02:12.000,20260303-AP605-00218,20260303-AP605-0040,AP604,hedge_exit,buy,,1,49,submit,,FLATTENING
20260303,61332000,14:02:12.000,20260303-AP605-00218,20260303-AP605-0040,AP604,hedge_exit,buy,10177.0,1,49,fill,quote_key=61332000,FLATTENING
20260303,61334000,14:02:14.000,20260303-AP605-00219,,AP605,target_buy,buy,10210.0,1,50,submit,initial_quote,FLAT_QUOTING
20260303,61334000,14:02:14.000,20260303-AP605-00220,,AP605,target_sell,sell,10694.0,1,50,submit,initial_quote,FLAT_QUOTING
20260303,61335000,14:02:15.000,20260303-AP605-00219,,AP605,target_buy,buy,10210.0,1,50,ack,,FLAT_QUOTING
20260303,61335000,14:02:15.000,20260303-AP605-00220,,AP605,target_sell,sell,10694.0,1,50,ack,,FLAT_QUOTING
20260303,61335000,14:02:15.000,20260303-AP605-00219,,AP605,target_buy,buy,10210.0,1,50,fill,interval_vwap,FLAT_QUOTING
20260303,61335000,14:02:15.000,20260303-AP605-00220,,AP605,target_sell,sell,10694.0,1,50,cancel_requested,opposite_target_fill,FLAT_QUOTING
20260303,61336000,14:02:16.000,20260303-AP605-00220,,AP605,target_sell,sell,10694.0,1,50,cancel_ack,opposite_target_fill,LONG_PENDING_HEDGE
20260303,61336000,14:02:16.000,20260303-AP605-00221,20260303-AP605-0041,AP604,hedge_entry,sell,,1,50,submit,,LONG_PENDING_HEDGE
20260303,61336000,14:02:16.000,20260303-AP605-00221,20260303-AP605-0041,AP604,hedge_entry,sell,10152.0,1,50,fill,quote_key=61336000,LONG_PENDING_HEDGE
20260303,61338000,14:02:18.000,20260303-AP605-00222,20260303-AP605-0041,AP605,target_exit,sell,,1,50,submit,,FLATTENING
20260303,61338000,14:02:18.000,20260303-AP605-00222,20260303-AP605-0041,AP605,target_exit,sell,10453.0,1,50,fill,,FLATTENING
20260303,61338000,14:02:18.000,20260303-AP605-00223,20260303-AP605-0041,AP604,hedge_exit,buy,,1,50,submit,,FLATTENING
20260303,61338000,14:02:18.000,20260303-AP605-00223,20260303-AP605-0041,AP604,hedge_exit,buy,10177.0,1,50,fill,quote_key=61338000,FLATTENING
20260303,61340000,14:02:20.000,20260303-AP605-00224,,AP605,target_buy,buy,10210.0,1,51,submit,initial_quote,FLAT_QUOTING
20260303,61340000,14:02:20.000,20260303-AP605-00225,,AP605,target_sell,sell,10694.0,1,51,submit,initial_quote,FLAT_QUOTING
20260303,61341000,14:02:21.000,20260303-AP605-00224,,AP605,target_buy,buy,10210.0,1,51,ack,,FLAT_QUOTING
20260303,61341000,14:02:21.000,20260303-AP605-00225,,AP605,target_sell,sell,10694.0,1,51,ack,,FLAT_QUOTING
20260303,61341000,14:02:21.000,20260303-AP605-00224,,AP605,target_buy,buy,10210.0,1,51,fill,interval_vwap,FLAT_QUOTING
20260303,61341000,14:02:21.000,20260303-AP605-00225,,AP605,target_sell,sell,10694.0,1,51,cancel_requested,opposite_target_fill,FLAT_QUOTING
20260303,61342000,14:02:22.000,20260303-AP605-00225,,AP605,target_sell,sell,10694.0,1,51,cancel_ack,opposite_target_fill,LONG_PENDING_HEDGE
20260303,61342000,14:02:22.000,20260303-AP605-00226,20260303-AP605-0042,AP604,hedge_entry,sell,,1,51,submit,,LONG_PENDING_HEDGE
20260303,61342000,14:02:22.000,20260303-AP605-00226,20260303-AP605-0042,AP604,hedge_entry,sell,10151.0,1,51,fill,quote_key=61341000,LONG_PENDING_HEDGE
20260303,61344000,14:02:24.000,20260303-AP605-00227,20260303-AP605-0042,AP605,target_exit,sell,,1,51,submit,,FLATTENING
20260303,61344000,14:02:24.000,20260303-AP605-00227,20260303-AP605-0042,AP605,target_exit,sell,10451.0,1,51,fill,,FLATTENING
20260303,61344000,14:02:24.000,20260303-AP605-00228,20260303-AP605-0042,AP604,hedge_exit,buy,,1,51,submit,,FLATTENING
20260303,61344000,14:02:24.000,20260303-AP605-00228,20260303-AP605-0042,AP604,hedge_exit,buy,10174.0,1,51,fill,quote_key=61344000,FLATTENING
20260303,61346000,14:02:26.000,20260303-AP605-00229,,AP605,target_buy,buy,10207.0,1,52,submit,initial_quote,FLAT_QUOTING
20260303,61346000,14:02:26.000,20260303-AP605-00230,,AP605,target_sell,sell,10691.0,1,52,submit,initial_quote,FLAT_QUOTING
20260303,61347000,14:02:27.000,20260303-AP605-00229,,AP605,target_buy,buy,10207.0,1,52,ack,,FLAT_QUOTING
20260303,61347000,14:02:27.000,20260303-AP605-00230,,AP605,target_sell,sell,10691.0,1,52,ack,,FLAT_QUOTING
20260303,61347000,14:02:27.000,20260303-AP605-00229,,AP605,target_buy,buy,10207.0,1,52,fill,interval_vwap,FLAT_QUOTING
20260303,61347000,14:02:27.000,20260303-AP605-00230,,AP605,target_sell,sell,10691.0,1,52,cancel_requested,opposite_target_fill,FLAT_QUOTING
20260303,61348000,14:02:28.000,20260303-AP605-00230,,AP605,target_sell,sell,10691.0,1,52,cancel_ack,opposite_target_fill,LONG_PENDING_HEDGE
20260303,61348000,14:02:28.000,20260303-AP605-00231,20260303-AP605-0043,AP604,hedge_entry,sell,,1,52,submit,,LONG_PENDING_HEDGE
20260303,61348000,14:02:28.000,20260303-AP605-00231,20260303-AP605-0043,AP604,hedge_entry,sell,10149.0,1,52,fill,quote_key=61348000,LONG_PENDING_HEDGE
20260303,61350000,14:02:30.000,20260303-AP605-00232,20260303-AP605-0043,AP605,target_exit,sell,,1,52,submit,,FLATTENING
20260303,61350000,14:02:30.000,20260303-AP605-00232,20260303-AP605-0043,AP605,target_exit,sell,10453.0,1,52,fill,,FLATTENING
20260303,61350000,14:02:30.000,20260303-AP605-00233,20260303-AP605-0043,AP604,hedge_exit,buy,,1,52,submit,,FLATTENING
20260303,61350000,14:02:30.000,20260303-AP605-00233,20260303-AP605-0043,AP604,hedge_exit,buy,10177.0,1,52,fill,quote_key=61350000,FLATTENING
20260303,61352000,14:02:32.000,20260303-AP605-00234,,AP605,target_buy,buy,10215.0,1,53,submit,initial_quote,FLAT_QUOTING
20260303,61352000,14:02:32.000,20260303-AP605-00235,,AP605,target_sell,sell,10699.0,1,53,submit,initial_quote,FLAT_QUOTING
20260303,61353000,14:02:33.000,20260303-AP605-00234,,AP605,target_buy,buy,10215.0,1,53,ack,,FLAT_QUOTING
20260303,61353000,14:02:33.000,20260303-AP605-00235,,AP605,target_sell,sell,10699.0,1,53,ack,,FLAT_QUOTING
20260303,61353000,14:02:33.000,20260303-AP605-00234,,AP605,target_buy,buy,10215.0,1,53,fill,interval_vwap,FLAT_QUOTING
20260303,61353000,14:02:33.000,20260303-AP605-00235,,AP605,target_sell,sell,10699.0,1,53,cancel_requested,opposite_target_fill,FLAT_QUOTING
20260303,61354000,14:02:34.000,20260303-AP605-00235,,AP605,target_sell,sell,10699.0,1,53,cancel_ack,opposite_target_fill,LONG_PENDING_HEDGE
20260303,61354000,14:02:34.000,20260303-AP605-00236,20260303-AP605-0044,AP604,hedge_entry,sell,,1,53,submit,,LONG_PENDING_HEDGE
20260303,61354000,14:02:34.000,20260303-AP605-00236,20260303-AP605-0044,AP604,hedge_entry,sell,10156.0,1,53,fill,quote_key=61354000,LONG_PENDING_HEDGE
20260303,61356000,14:02:36.000,20260303-AP605-00237,20260303-AP605-0044,AP605,target_exit,sell,,1,53,submit,,FLATTENING
20260303,61356000,14:02:36.000,20260303-AP605-00237,20260303-AP605-0044,AP605,target_exit,sell,10458.0,1,53,fill,,FLATTENING
20260303,61356000,14:02:36.000,20260303-AP605-00238,20260303-AP605-0044,AP604,hedge_exit,buy,,1,53,submit,,FLATTENING
20260303,61356000,14:02:36.000,20260303-AP605-00238,20260303-AP605-0044,AP604,hedge_exit,buy,10181.0,1,53,fill,quote_key=61356000,FLATTENING
20260303,61358000,14:02:38.000,20260303-AP605-00239,,AP605,target_buy,buy,10218.0,1,54,submit,initial_quote,FLAT_QUOTING
20260303,61358000,14:02:38.000,20260303-AP605-00240,,AP605,target_sell,sell,10702.0,1,54,submit,initial_quote,FLAT_QUOTING
20260303,61359000,14:02:39.000,20260303-AP605-00239,,AP605,target_buy,buy,10218.0,1,54,ack,,FLAT_QUOTING
20260303,61359000,14:02:39.000,20260303-AP605-00240,,AP605,target_sell,sell,10702.0,1,54,ack,,FLAT_QUOTING
20260303,61359000,14:02:39.000,20260303-AP605-00239,,AP605,target_buy,buy,10218.0,1,54,fill,interval_vwap,FLAT_QUOTING
20260303,61359000,14:02:39.000,20260303-AP605-00240,,AP605,target_sell,sell,10702.0,1,54,cancel_requested,opposite_target_fill,FLAT_QUOTING
20260303,61360000,14:02:40.000,20260303-AP605-00240,,AP605,target_sell,sell,10702.0,1,54,cancel_ack,opposite_target_fill,LONG_PENDING_HEDGE
20260303,61360000,14:02:40.000,20260303-AP605-00241,20260303-AP605-0045,AP604,hedge_entry,sell,,1,54,submit,,LONG_PENDING_HEDGE
20260303,61360000,14:02:40.000,20260303-AP605-00241,20260303-AP605-0045,AP604,hedge_entry,sell,10158.0,1,54,fill,quote_key=61360000,LONG_PENDING_HEDGE
20260303,61362000,14:02:42.000,20260303-AP605-00242,20260303-AP605-0045,AP605,target_exit,sell,,1,54,submit,,FLATTENING
20260303,61362000,14:02:42.000,20260303-AP605-00242,20260303-AP605-0045,AP605,target_exit,sell,10458.0,1,54,fill,,FLATTENING
20260303,61362000,14:02:42.000,20260303-AP605-00243,20260303-AP605-0045,AP604,hedge_exit,buy,,1,54,submit,,FLATTENING
20260303,61362000,14:02:42.000,20260303-AP605-00243,20260303-AP605-0045,AP604,hedge_exit,buy,10182.0,1,54,fill,quote_key=61362000,FLATTENING
20260303,61364000,14:02:44.000,20260303-AP605-00244,,AP605,target_buy,buy,10213.0,1,55,submit,initial_quote,FLAT_QUOTING
20260303,61364000,14:02:44.000,20260303-AP605-00245,,AP605,target_sell,sell,10697.0,1,55,submit,initial_quote,FLAT_QUOTING
20260303,61365000,14:02:45.000,20260303-AP605-00244,,AP605,target_buy,buy,10213.0,1,55,ack,,FLAT_QUOTING
20260303,61365000,14:02:45.000,20260303-AP605-00245,,AP605,target_sell,sell,10697.0,1,55,ack,,FLAT_QUOTING
20260303,61365000,14:02:45.000,20260303-AP605-00244,,AP605,target_buy,buy,10213.0,1,55,fill,interval_vwap,FLAT_QUOTING
20260303,61365000,14:02:45.000,20260303-AP605-00245,,AP605,target_sell,sell,10697.0,1,55,cancel_requested,opposite_target_fill,FLAT_QUOTING
20260303,61366000,14:02:46.000,20260303-AP605-00245,,AP605,target_sell,sell,10697.0,1,55,cancel_ack,opposite_target_fill,LONG_PENDING_HEDGE
20260303,61366000,14:02:46.000,20260303-AP605-00246,20260303-AP605-0046,AP604,hedge_entry,sell,,1,55,submit,,LONG_PENDING_HEDGE
20260303,61366000,14:02:46.000,20260303-AP605-00246,20260303-AP605-0046,AP604,hedge_entry,sell,10159.0,1,55,fill,quote_key=61366000,LONG_PENDING_HEDGE
20260303,61368000,14:02:48.000,20260303-AP605-00247,20260303-AP605-0046,AP605,target_exit,sell,,1,55,submit,,FLATTENING
20260303,61368000,14:02:48.000,20260303-AP605-00247,20260303-AP605-0046,AP605,target_exit,sell,10461.0,1,55,fill,,FLATTENING
20260303,61368000,14:02:48.000,20260303-AP605-00248,20260303-AP605-0046,AP604,hedge_exit,buy,,1,55,submit,,FLATTENING
20260303,61368000,14:02:48.000,20260303-AP605-00248,20260303-AP605-0046,AP604,hedge_exit,buy,10187.0,1,55,fill,quote_key=61368000,FLATTENING
20260303,61370000,14:02:50.000,20260303-AP605-00249,,AP605,target_buy,buy,10223.0,1,56,submit,initial_quote,FLAT_QUOTING
20260303,61370000,14:02:50.000,20260303-AP605-00250,,AP605,target_sell,sell,10707.0,1,56,submit,initial_quote,FLAT_QUOTING
20260303,61371000,14:02:51.000,20260303-AP605-00249,,AP605,target_buy,buy,10223.0,1,56,ack,,FLAT_QUOTING
20260303,61371000,14:02:51.000,20260303-AP605-00250,,AP605,target_sell,sell,10707.0,1,56,ack,,FLAT_QUOTING
20260303,61371000,14:02:51.000,20260303-AP605-00249,,AP605,target_buy,buy,10223.0,1,56,fill,interval_vwap,FLAT_QUOTING
20260303,61371000,14:02:51.000,20260303-AP605-00250,,AP605,target_sell,sell,10707.0,1,56,cancel_requested,opposite_target_fill,FLAT_QUOTING
20260303,61372000,14:02:52.000,20260303-AP605-00250,,AP605,target_sell,sell,10707.0,1,56,cancel_ack,opposite_target_fill,LONG_PENDING_HEDGE
20260303,61372000,14:02:52.000,20260303-AP605-00251,20260303-AP605-0047,AP604,hedge_entry,sell,,1,56,submit,,LONG_PENDING_HEDGE
20260303,61372000,14:02:52.000,20260303-AP605-00251,20260303-AP605-0047,AP604,hedge_entry,sell,10160.0,1,56,fill,quote_key=61372000,LONG_PENDING_HEDGE
20260303,61374000,14:02:54.000,20260303-AP605-00252,20260303-AP605-0047,AP605,target_exit,sell,,1,56,submit,,FLATTENING
20260303,61374000,14:02:54.000,20260303-AP605-00252,20260303-AP605-0047,AP605,target_exit,sell,10458.0,1,56,fill,,FLATTENING
20260303,61374000,14:02:54.000,20260303-AP605-00253,20260303-AP605-0047,AP604,hedge_exit,buy,,1,56,submit,,FLATTENING
20260303,61374000,14:02:54.000,20260303-AP605-00253,20260303-AP605-0047,AP604,hedge_exit,buy,10182.0,1,56,fill,quote_key=61374000,FLATTENING
20260303,61376000,14:02:56.000,20260303-AP605-00254,,AP605,target_buy,buy,10217.0,1,57,submit,initial_quote,FLAT_QUOTING
20260303,61376000,14:02:56.000,20260303-AP605-00255,,AP605,target_sell,sell,10701.0,1,57,submit,initial_quote,FLAT_QUOTING
20260303,61377000,14:02:57.000,20260303-AP605-00254,,AP605,target_buy,buy,10217.0,1,57,ack,,FLAT_QUOTING
20260303,61377000,14:02:57.000,20260303-AP605-00255,,AP605,target_sell,sell,10701.0,1,57,ack,,FLAT_QUOTING
20260303,61377000,14:02:57.000,20260303-AP605-00254,,AP605,target_buy,buy,10217.0,1,57,fill,interval_vwap,FLAT_QUOTING
20260303,61377000,14:02:57.000,20260303-AP605-00255,,AP605,target_sell,sell,10701.0,1,57,cancel_requested,opposite_target_fill,FLAT_QUOTING
20260303,61378000,14:02:58.000,20260303-AP605-00255,,AP605,target_sell,sell,10701.0,1,57,cancel_ack,opposite_target_fill,LONG_PENDING_HEDGE
20260303,61378000,14:02:58.000,20260303-AP605-00256,20260303-AP605-0048,AP604,hedge_entry,sell,,1,57,submit,,LONG_PENDING_HEDGE
20260303,61378000,14:02:58.000,20260303-AP605-00256,20260303-AP605-0048,AP604,hedge_entry,sell,10157.0,1,57,fill,quote_key=61378000,LONG_PENDING_HEDGE
20260303,61380000,14:03:00.000,20260303-AP605-00257,20260303-AP605-0048,AP605,target_exit,sell,,1,57,submit,,FLATTENING
20260303,61380000,14:03:00.000,20260303-AP605-00257,20260303-AP605-0048,AP605,target_exit,sell,10462.0,1,57,fill,,FLATTENING
20260303,61380000,14:03:00.000,20260303-AP605-00258,20260303-AP605-0048,AP604,hedge_exit,buy,,1,57,submit,,FLATTENING
20260303,61380000,14:03:00.000,20260303-AP605-00258,20260303-AP605-0048,AP604,hedge_exit,buy,10186.0,1,57,fill,quote_key=61380000,FLATTENING
20260303,61382000,14:03:02.000,20260303-AP605-00259,,AP605,target_buy,buy,10216.0,1,58,submit,initial_quote,FLAT_QUOTING
20260303,61382000,14:03:02.000,20260303-AP605-00260,,AP605,target_sell,sell,10700.0,1,58,submit,initial_quote,FLAT_QUOTING
20260303,61383000,14:03:03.000,20260303-AP605-00259,,AP605,target_buy,buy,10216.0,1,58,ack,,FLAT_QUOTING
20260303,61383000,14:03:03.000,20260303-AP605-00260,,AP605,target_sell,sell,10700.0,1,58,ack,,FLAT_QUOTING
20260303,61383000,14:03:03.000,20260303-AP605-00259,,AP605,target_buy,buy,10216.0,1,58,fill,interval_vwap,FLAT_QUOTING
20260303,61383000,14:03:03.000,20260303-AP605-00260,,AP605,target_sell,sell,10700.0,1,58,cancel_requested,opposite_target_fill,FLAT_QUOTING
20260303,61384000,14:03:04.000,20260303-AP605-00260,,AP605,target_sell,sell,10700.0,1,58,cancel_ack,opposite_target_fill,LONG_PENDING_HEDGE
20260303,61384000,14:03:04.000,20260303-AP605-00261,20260303-AP605-0049,AP604,hedge_entry,sell,,1,58,submit,,LONG_PENDING_HEDGE
20260303,61384000,14:03:04.000,20260303-AP605-00261,20260303-AP605-0049,AP604,hedge_entry,sell,10160.0,1,58,fill,quote_key=61384000,LONG_PENDING_HEDGE
20260303,61386000,14:03:06.000,20260303-AP605-00262,20260303-AP605-0049,AP605,target_exit,sell,,1,58,submit,,FLATTENING
20260303,61386000,14:03:06.000,20260303-AP605-00262,20260303-AP605-0049,AP605,target_exit,sell,10463.0,1,58,fill,,FLATTENING
20260303,61386000,14:03:06.000,20260303-AP605-00263,20260303-AP605-0049,AP604,hedge_exit,buy,,1,58,submit,,FLATTENING
20260303,61386000,14:03:06.000,20260303-AP605-00263,20260303-AP605-0049,AP604,hedge_exit,buy,10189.0,1,58,fill,quote_key=61386000,FLATTENING
20260303,61388000,14:03:08.000,20260303-AP605-00264,,AP605,target_buy,buy,10224.0,1,59,submit,initial_quote,FLAT_QUOTING
20260303,61388000,14:03:08.000,20260303-AP605-00265,,AP605,target_sell,sell,10708.0,1,59,submit,initial_quote,FLAT_QUOTING
20260303,61389000,14:03:09.000,20260303-AP605-00264,,AP605,target_buy,buy,10224.0,1,59,ack,,FLAT_QUOTING
20260303,61389000,14:03:09.000,20260303-AP605-00265,,AP605,target_sell,sell,10708.0,1,59,ack,,FLAT_QUOTING
20260303,61389000,14:03:09.000,20260303-AP605-00264,,AP605,target_buy,buy,10224.0,1,59,fill,interval_vwap,FLAT_QUOTING
20260303,61389000,14:03:09.000,20260303-AP605-00265,,AP605,target_sell,sell,10708.0,1,59,cancel_requested,opposite_target_fill,FLAT_QUOTING
20260303,61390000,14:03:10.000,20260303-AP605-00265,,AP605,target_sell,sell,10708.0,1,59,cancel_ack,opposite_target_fill,LONG_PENDING_HEDGE
20260303,61390000,14:03:10.000,20260303-AP605-00266,20260303-AP605-0050,AP604,hedge_entry,sell,,1,59,submit,,LONG_PENDING_HEDGE
20260303,61390000,14:03:10.000,20260303-AP605-00266,20260303-AP605-0050,AP604,hedge_entry,sell,10153.0,1,59,fill,quote_key=61390000,LONG_PENDING_HEDGE
20260303,61392000,14:03:12.000,20260303-AP605-00267,20260303-AP605-0050,AP605,target_exit,sell,,1,59,submit,,FLATTENING
20260303,61392000,14:03:12.000,20260303-AP605-00267,20260303-AP605-0050,AP605,target_exit,sell,10443.0,1,59,fill,,FLATTENING
20260303,61392000,14:03:12.000,20260303-AP605-00268,20260303-AP605-0050,AP604,hedge_exit,buy,,1,59,submit,,FLATTENING
20260303,61392000,14:03:12.000,20260303-AP605-00268,20260303-AP605-0050,AP604,hedge_exit,buy,10174.0,1,59,fill,quote_key=61392000,FLATTENING
20260303,61394000,14:03:14.000,20260303-AP605-00269,,AP605,target_buy,buy,10201.0,1,60,submit,initial_quote,FLAT_QUOTING
20260303,61394000,14:03:14.000,20260303-AP605-00270,,AP605,target_sell,sell,10685.0,1,60,submit,initial_quote,FLAT_QUOTING
20260303,61395000,14:03:15.000,20260303-AP605-00269,,AP605,target_buy,buy,10201.0,1,60,ack,,FLAT_QUOTING
20260303,61395000,14:03:15.000,20260303-AP605-00270,,AP605,target_sell,sell,10685.0,1,60,ack,,FLAT_QUOTING
20260303,61395000,14:03:15.000,20260303-AP605-00269,,AP605,target_buy,buy,10201.0,1,60,fill,interval_vwap,FLAT_QUOTING
20260303,61395000,14:03:15.000,20260303-AP605-00270,,AP605,target_sell,sell,10685.0,1,60,cancel_requested,opposite_target_fill,FLAT_QUOTING
20260303,61396000,14:03:16.000,20260303-AP605-00270,,AP605,target_sell,sell,10685.0,1,60,cancel_ack,opposite_target_fill,LONG_PENDING_HEDGE
20260303,61396000,14:03:16.000,20260303-AP605-00271,20260303-AP605-0051,AP604,hedge_entry,sell,,1,60,submit,,LONG_PENDING_HEDGE
20260303,61396000,14:03:16.000,20260303-AP605-00271,20260303-AP605-0051,AP604,hedge_entry,sell,10144.0,1,60,fill,quote_key=61396000,LONG_PENDING_HEDGE
20260303,61398000,14:03:18.000,20260303-AP605-00272,20260303-AP605-0051,AP605,target_exit,sell,,1,60,submit,,FLATTENING
20260303,61398000,14:03:18.000,20260303-AP605-00272,20260303-AP605-0051,AP605,target_exit,sell,10444.0,1,60,fill,,FLATTENING
20260303,61398000,14:03:18.000,20260303-AP605-00273,20260303-AP605-0051,AP604,hedge_exit,buy,,1,60,submit,,FLATTENING
20260303,61398000,14:03:18.000,20260303-AP605-00273,20260303-AP605-0051,AP604,hedge_exit,buy,10173.0,1,60,fill,quote_key=61398000,FLATTENING
20260303,61400000,14:03:20.000,20260303-AP605-00274,,AP605,target_buy,buy,10209.0,1,61,submit,initial_quote,FLAT_QUOTING
20260303,61400000,14:03:20.000,20260303-AP605-00275,,AP605,target_sell,sell,10693.0,1,61,submit,initial_quote,FLAT_QUOTING
20260303,61401000,14:03:21.000,20260303-AP605-00274,,AP605,target_buy,buy,10209.0,1,61,ack,,FLAT_QUOTING
20260303,61401000,14:03:21.000,20260303-AP605-00275,,AP605,target_sell,sell,10693.0,1,61,ack,,FLAT_QUOTING
20260303,61401000,14:03:21.000,20260303-AP605-00274,,AP605,target_buy,buy,10209.0,1,61,fill,interval_vwap,FLAT_QUOTING
20260303,61401000,14:03:21.000,20260303-AP605-00275,,AP605,target_sell,sell,10693.0,1,61,cancel_requested,opposite_target_fill,FLAT_QUOTING
20260303,61402000,14:03:22.000,20260303-AP605-00275,,AP605,target_sell,sell,10693.0,1,61,cancel_ack,opposite_target_fill,LONG_PENDING_HEDGE
20260303,61402000,14:03:22.000,20260303-AP605-00276,20260303-AP605-0052,AP604,hedge_entry,sell,,1,61,submit,,LONG_PENDING_HEDGE
20260303,61402000,14:03:22.000,20260303-AP605-00276,20260303-AP605-0052,AP604,hedge_entry,sell,10147.0,1,61,fill,quote_key=61402000,LONG_PENDING_HEDGE
20260303,61404000,14:03:24.000,20260303-AP605-00277,20260303-AP605-0052,AP605,target_exit,sell,,1,61,submit,,FLATTENING
20260303,61404000,14:03:24.000,20260303-AP605-00277,20260303-AP605-0052,AP605,target_exit,sell,10446.0,1,61,fill,,FLATTENING
20260303,61404000,14:03:24.000,20260303-AP605-00278,20260303-AP605-0052,AP604,hedge_exit,buy,,1,61,submit,,FLATTENING
20260303,61404000,14:03:24.000,20260303-AP605-00278,20260303-AP605-0052,AP604,hedge_exit,buy,10169.0,1,61,fill,quote_key=61404000,FLATTENING
20260303,61406000,14:03:26.000,20260303-AP605-00279,,AP605,target_buy,buy,10206.0,1,62,submit,initial_quote,FLAT_QUOTING
20260303,61406000,14:03:26.000,20260303-AP605-00280,,AP605,target_sell,sell,10690.0,1,62,submit,initial_quote,FLAT_QUOTING
20260303,61407000,14:03:27.000,20260303-AP605-00279,,AP605,target_buy,buy,10206.0,1,62,ack,,FLAT_QUOTING
20260303,61407000,14:03:27.000,20260303-AP605-00280,,AP605,target_sell,sell,10690.0,1,62,ack,,FLAT_QUOTING
20260303,61407000,14:03:27.000,20260303-AP605-00279,,AP605,target_buy,buy,10206.0,1,62,fill,interval_vwap,FLAT_QUOTING
20260303,61407000,14:03:27.000,20260303-AP605-00280,,AP605,target_sell,sell,10690.0,1,62,cancel_requested,opposite_target_fill,FLAT_QUOTING
20260303,61408000,14:03:28.000,20260303-AP605-00280,,AP605,target_sell,sell,10690.0,1,62,cancel_ack,opposite_target_fill,LONG_PENDING_HEDGE
20260303,61408000,14:03:28.000,20260303-AP605-00281,20260303-AP605-0053,AP604,hedge_entry,sell,,1,62,submit,,LONG_PENDING_HEDGE
20260303,61408000,14:03:28.000,20260303-AP605-00281,20260303-AP605-0053,AP604,hedge_entry,sell,10142.0,1,62,fill,quote_key=61408000,LONG_PENDING_HEDGE
20260303,61410000,14:03:30.000,20260303-AP605-00282,20260303-AP605-0053,AP605,target_exit,sell,,1,62,submit,,FLATTENING
20260303,61410000,14:03:30.000,20260303-AP605-00282,20260303-AP605-0053,AP605,target_exit,sell,10448.0,1,62,fill,,FLATTENING
20260303,61410000,14:03:30.000,20260303-AP605-00283,20260303-AP605-0053,AP604,hedge_exit,buy,,1,62,submit,,FLATTENING
20260303,61410000,14:03:30.000,20260303-AP605-00283,20260303-AP605-0053,AP604,hedge_exit,buy,10172.0,1,62,fill,quote_key=61410000,FLATTENING
20260303,61412000,14:03:32.000,20260303-AP605-00284,,AP605,target_buy,buy,10206.0,1,63,submit,initial_quote,FLAT_QUOTING
20260303,61412000,14:03:32.000,20260303-AP605-00285,,AP605,target_sell,sell,10690.0,1,63,submit,initial_quote,FLAT_QUOTING
20260303,61413000,14:03:33.000,20260303-AP605-00284,,AP605,target_buy,buy,10206.0,1,63,ack,,FLAT_QUOTING
20260303,61413000,14:03:33.000,20260303-AP605-00285,,AP605,target_sell,sell,10690.0,1,63,ack,,FLAT_QUOTING
20260303,61413000,14:03:33.000,20260303-AP605-00284,,AP605,target_buy,buy,10206.0,1,63,fill,interval_vwap,FLAT_QUOTING
20260303,61413000,14:03:33.000,20260303-AP605-00285,,AP605,target_sell,sell,10690.0,1,63,cancel_requested,opposite_target_fill,FLAT_QUOTING
20260303,61414000,14:03:34.000,20260303-AP605-00285,,AP605,target_sell,sell,10690.0,1,63,cancel_ack,opposite_target_fill,LONG_PENDING_HEDGE
20260303,61414000,14:03:34.000,20260303-AP605-00286,20260303-AP605-0054,AP604,hedge_entry,sell,,1,63,submit,,LONG_PENDING_HEDGE
20260303,61414000,14:03:34.000,20260303-AP605-00286,20260303-AP605-0054,AP604,hedge_entry,sell,10145.0,1,63,fill,quote_key=61414000,LONG_PENDING_HEDGE
20260303,61416000,14:03:36.000,20260303-AP605-00287,20260303-AP605-0054,AP605,target_exit,sell,,1,63,submit,,FLATTENING
20260303,61416000,14:03:36.000,20260303-AP605-00287,20260303-AP605-0054,AP605,target_exit,sell,10443.0,1,63,fill,,FLATTENING
20260303,61416000,14:03:36.000,20260303-AP605-00288,20260303-AP605-0054,AP604,hedge_exit,buy,,1,63,submit,,FLATTENING
20260303,61416000,14:03:36.000,20260303-AP605-00288,20260303-AP605-0054,AP604,hedge_exit,buy,10166.0,1,63,fill,quote_key=61416000,FLATTENING
20260303,61418000,14:03:38.000,20260303-AP605-00289,,AP605,target_buy,buy,10202.0,1,64,submit,initial_quote,FLAT_QUOTING
20260303,61418000,14:03:38.000,20260303-AP605-00290,,AP605,target_sell,sell,10686.0,1,64,submit,initial_quote,FLAT_QUOTING
20260303,61419000,14:03:39.000,20260303-AP605-00289,,AP605,target_buy,buy,10202.0,1,64,ack,,FLAT_QUOTING
20260303,61419000,14:03:39.000,20260303-AP605-00290,,AP605,target_sell,sell,10686.0,1,64,ack,,FLAT_QUOTING
20260303,61419000,14:03:39.000,20260303-AP605-00289,,AP605,target_buy,buy,10202.0,1,64,fill,interval_vwap,FLAT_QUOTING
20260303,61419000,14:03:39.000,20260303-AP605-00290,,AP605,target_sell,sell,10686.0,1,64,cancel_requested,opposite_target_fill,FLAT_QUOTING
20260303,61420000,14:03:40.000,20260303-AP605-00290,,AP605,target_sell,sell,10686.0,1,64,cancel_ack,opposite_target_fill,LONG_PENDING_HEDGE
20260303,61420000,14:03:40.000,20260303-AP605-00291,20260303-AP605-0055,AP604,hedge_entry,sell,,1,64,submit,,LONG_PENDING_HEDGE
20260303,61420000,14:03:40.000,20260303-AP605-00291,20260303-AP605-0055,AP604,hedge_entry,sell,10140.0,1,64,fill,quote_key=61420000,LONG_PENDING_HEDGE
20260303,61422000,14:03:42.000,20260303-AP605-00292,20260303-AP605-0055,AP605,target_exit,sell,,1,64,submit,,FLATTENING
20260303,61422000,14:03:42.000,20260303-AP605-00292,20260303-AP605-0055,AP605,target_exit,sell,10441.0,1,64,fill,,FLATTENING
20260303,61422000,14:03:42.000,20260303-AP605-00293,20260303-AP605-0055,AP604,hedge_exit,buy,,1,64,submit,,FLATTENING
20260303,61422000,14:03:42.000,20260303-AP605-00293,20260303-AP605-0055,AP604,hedge_exit,buy,10164.0,1,64,fill,quote_key=61422000,FLATTENING
20260303,61424000,14:03:44.000,20260303-AP605-00294,,AP605,target_buy,buy,10199.0,1,65,submit,initial_quote,FLAT_QUOTING
20260303,61424000,14:03:44.000,20260303-AP605-00295,,AP605,target_sell,sell,10683.0,1,65,submit,initial_quote,FLAT_QUOTING
20260303,61425000,14:03:45.000,20260303-AP605-00294,,AP605,target_buy,buy,10199.0,1,65,ack,,FLAT_QUOTING
20260303,61425000,14:03:45.000,20260303-AP605-00295,,AP605,target_sell,sell,10683.0,1,65,ack,,FLAT_QUOTING
20260303,61425000,14:03:45.000,20260303-AP605-00294,,AP605,target_buy,buy,10199.0,1,65,fill,interval_vwap,FLAT_QUOTING
20260303,61425000,14:03:45.000,20260303-AP605-00295,,AP605,target_sell,sell,10683.0,1,65,cancel_requested,opposite_target_fill,FLAT_QUOTING
20260303,61426000,14:03:46.000,20260303-AP605-00295,,AP605,target_sell,sell,10683.0,1,65,cancel_ack,opposite_target_fill,LONG_PENDING_HEDGE
20260303,61426000,14:03:46.000,20260303-AP605-00296,20260303-AP605-0056,AP604,hedge_entry,sell,,1,65,submit,,LONG_PENDING_HEDGE
20260303,61426000,14:03:46.000,20260303-AP605-00296,20260303-AP605-0056,AP604,hedge_entry,sell,10139.0,1,65,fill,quote_key=61426000,LONG_PENDING_HEDGE
20260303,61428000,14:03:48.000,20260303-AP605-00297,20260303-AP605-0056,AP605,target_exit,sell,,1,65,submit,,FLATTENING
20260303,61428000,14:03:48.000,20260303-AP605-00297,20260303-AP605-0056,AP605,target_exit,sell,10437.0,1,65,fill,,FLATTENING
20260303,61428000,14:03:48.000,20260303-AP605-00298,20260303-AP605-0056,AP604,hedge_exit,buy,,1,65,submit,,FLATTENING
20260303,61428000,14:03:48.000,20260303-AP605-00298,20260303-AP605-0056,AP604,hedge_exit,buy,10162.0,1,65,fill,quote_key=61427000,FLATTENING
20260303,61430000,14:03:50.000,20260303-AP605-00299,,AP605,target_buy,buy,10195.0,1,66,submit,initial_quote,FLAT_QUOTING
20260303,61430000,14:03:50.000,20260303-AP605-00300,,AP605,target_sell,sell,10679.0,1,66,submit,initial_quote,FLAT_QUOTING
20260303,61431000,14:03:51.000,20260303-AP605-00299,,AP605,target_buy,buy,10195.0,1,66,ack,,FLAT_QUOTING
20260303,61431000,14:03:51.000,20260303-AP605-00300,,AP605,target_sell,sell,10679.0,1,66,ack,,FLAT_QUOTING
20260303,61432000,14:03:52.000,20260303-AP605-00299,,AP605,target_buy,buy,10195.0,1,66,fill,interval_vwap,FLAT_QUOTING
20260303,61432000,14:03:52.000,20260303-AP605-00300,,AP605,target_sell,sell,10679.0,1,66,cancel_requested,opposite_target_fill,FLAT_QUOTING
20260303,61433000,14:03:53.000,20260303-AP605-00300,,AP605,target_sell,sell,10679.0,1,66,cancel_ack,opposite_target_fill,LONG_PENDING_HEDGE
20260303,61433000,14:03:53.000,20260303-AP605-00301,20260303-AP605-0057,AP604,hedge_entry,sell,,1,66,submit,,LONG_PENDING_HEDGE
20260303,61433000,14:03:53.000,20260303-AP605-00301,20260303-AP605-0057,AP604,hedge_entry,sell,10138.0,1,66,fill,quote_key=61433000,LONG_PENDING_HEDGE
20260303,61435000,14:03:55.000,20260303-AP605-00302,20260303-AP605-0057,AP605,target_exit,sell,,1,66,submit,,FLATTENING
20260303,61435000,14:03:55.000,20260303-AP605-00302,20260303-AP605-0057,AP605,target_exit,sell,10441.0,1,66,fill,,FLATTENING
20260303,61435000,14:03:55.000,20260303-AP605-00303,20260303-AP605-0057,AP604,hedge_exit,buy,,1,66,submit,,FLATTENING
20260303,61435000,14:03:55.000,20260303-AP605-00303,20260303-AP605-0057,AP604,hedge_exit,buy,10165.0,1,66,fill,quote_key=61435000,FLATTENING
20260303,61437000,14:03:57.000,20260303-AP605-00304,,AP605,target_buy,buy,10196.0,1,67,submit,initial_quote,FLAT_QUOTING
20260303,61437000,14:03:57.000,20260303-AP605-00305,,AP605,target_sell,sell,10680.0,1,67,submit,initial_quote,FLAT_QUOTING
20260303,61438000,14:03:58.000,20260303-AP605-00304,,AP605,target_buy,buy,10196.0,1,67,ack,,FLAT_QUOTING
20260303,61438000,14:03:58.000,20260303-AP605-00305,,AP605,target_sell,sell,10680.0,1,67,ack,,FLAT_QUOTING
20260303,61438000,14:03:58.000,20260303-AP605-00304,,AP605,target_buy,buy,10196.0,1,67,fill,interval_vwap,FLAT_QUOTING
20260303,61438000,14:03:58.000,20260303-AP605-00305,,AP605,target_sell,sell,10680.0,1,67,cancel_requested,opposite_target_fill,FLAT_QUOTING
20260303,61439000,14:03:59.000,20260303-AP605-00305,,AP605,target_sell,sell,10680.0,1,67,cancel_ack,opposite_target_fill,LONG_PENDING_HEDGE
20260303,61439000,14:03:59.000,20260303-AP605-00306,20260303-AP605-0058,AP604,hedge_entry,sell,,1,67,submit,,LONG_PENDING_HEDGE
20260303,61439000,14:03:59.000,20260303-AP605-00306,20260303-AP605-0058,AP604,hedge_entry,sell,10139.0,1,67,fill,quote_key=61439000,LONG_PENDING_HEDGE
20260303,61441000,14:04:01.000,20260303-AP605-00307,20260303-AP605-0058,AP605,target_exit,sell,,1,67,submit,,FLATTENING
20260303,61441000,14:04:01.000,20260303-AP605-00307,20260303-AP605-0058,AP605,target_exit,sell,10448.0,1,67,fill,,FLATTENING
20260303,61441000,14:04:01.000,20260303-AP605-00308,20260303-AP605-0058,AP604,hedge_exit,buy,,1,67,submit,,FLATTENING
20260303,61441000,14:04:01.000,20260303-AP605-00308,20260303-AP605-0058,AP604,hedge_exit,buy,10171.0,1,67,fill,quote_key=61441000,FLATTENING
20260303,61443000,14:04:03.000,20260303-AP605-00309,,AP605,target_buy,buy,10201.0,1,68,submit,initial_quote,FLAT_QUOTING
20260303,61443000,14:04:03.000,20260303-AP605-00310,,AP605,target_sell,sell,10685.0,1,68,submit,initial_quote,FLAT_QUOTING
20260303,61444000,14:04:04.000,20260303-AP605-00309,,AP605,target_buy,buy,10201.0,1,68,ack,,FLAT_QUOTING
20260303,61444000,14:04:04.000,20260303-AP605-00310,,AP605,target_sell,sell,10685.0,1,68,ack,,FLAT_QUOTING
20260303,61444000,14:04:04.000,20260303-AP605-00309,,AP605,target_buy,buy,10201.0,1,68,fill,interval_vwap,FLAT_QUOTING
20260303,61444000,14:04:04.000,20260303-AP605-00310,,AP605,target_sell,sell,10685.0,1,68,cancel_requested,opposite_target_fill,FLAT_QUOTING
20260303,61445000,14:04:05.000,20260303-AP605-00310,,AP605,target_sell,sell,10685.0,1,68,cancel_ack,opposite_target_fill,LONG_PENDING_HEDGE
20260303,61445000,14:04:05.000,20260303-AP605-00311,20260303-AP605-0059,AP604,hedge_entry,sell,,1,68,submit,,LONG_PENDING_HEDGE
20260303,61445000,14:04:05.000,20260303-AP605-00311,20260303-AP605-0059,AP604,hedge_entry,sell,10140.0,1,68,fill,quote_key=61445000,LONG_PENDING_HEDGE
20260303,61447000,14:04:07.000,20260303-AP605-00312,20260303-AP605-0059,AP605,target_exit,sell,,1,68,submit,,FLATTENING
20260303,61447000,14:04:07.000,20260303-AP605-00312,20260303-AP605-0059,AP605,target_exit,sell,10439.0,1,68,fill,,FLATTENING
20260303,61447000,14:04:07.000,20260303-AP605-00313,20260303-AP605-0059,AP604,hedge_exit,buy,,1,68,submit,,FLATTENING
20260303,61447000,14:04:07.000,20260303-AP605-00313,20260303-AP605-0059,AP604,hedge_exit,buy,10162.0,1,68,fill,quote_key=61447000,FLATTENING
20260303,61449000,14:04:09.000,20260303-AP605-00314,,AP605,target_buy,buy,10199.0,1,69,submit,initial_quote,FLAT_QUOTING
20260303,61449000,14:04:09.000,20260303-AP605-00315,,AP605,target_sell,sell,10683.0,1,69,submit,initial_quote,FLAT_QUOTING
20260303,61450000,14:04:10.000,20260303-AP605-00314,,AP605,target_buy,buy,10199.0,1,69,ack,,FLAT_QUOTING
20260303,61450000,14:04:10.000,20260303-AP605-00315,,AP605,target_sell,sell,10683.0,1,69,ack,,FLAT_QUOTING
20260303,61450000,14:04:10.000,20260303-AP605-00314,,AP605,target_buy,buy,10199.0,1,69,fill,interval_vwap,FLAT_QUOTING
20260303,61450000,14:04:10.000,20260303-AP605-00315,,AP605,target_sell,sell,10683.0,1,69,cancel_requested,opposite_target_fill,FLAT_QUOTING
20260303,61451000,14:04:11.000,20260303-AP605-00315,,AP605,target_sell,sell,10683.0,1,69,cancel_ack,opposite_target_fill,LONG_PENDING_HEDGE
20260303,61451000,14:04:11.000,20260303-AP605-00316,20260303-AP605-0060,AP604,hedge_entry,sell,,1,69,submit,,LONG_PENDING_HEDGE
20260303,61451000,14:04:11.000,20260303-AP605-00316,20260303-AP605-0060,AP604,hedge_entry,sell,10133.0,1,69,fill,quote_key=61451000,LONG_PENDING_HEDGE
20260303,61453000,14:04:13.000,20260303-AP605-00317,20260303-AP605-0060,AP605,target_exit,sell,,1,69,submit,,FLATTENING
20260303,61453000,14:04:13.000,20260303-AP605-00317,20260303-AP605-0060,AP605,target_exit,sell,10427.0,1,69,fill,,FLATTENING
20260303,61453000,14:04:13.000,20260303-AP605-00318,20260303-AP605-0060,AP604,hedge_exit,buy,,1,69,submit,,FLATTENING
20260303,61453000,14:04:13.000,20260303-AP605-00318,20260303-AP605-0060,AP604,hedge_exit,buy,10151.0,1,69,fill,quote_key=61453000,FLATTENING
20260303,61455000,14:04:15.000,20260303-AP605-00319,,AP605,target_buy,buy,10180.0,1,70,submit,initial_quote,FLAT_QUOTING
20260303,61455000,14:04:15.000,20260303-AP605-00320,,AP605,target_sell,sell,10664.0,1,70,submit,initial_quote,FLAT_QUOTING
20260303,61456000,14:04:16.000,20260303-AP605-00319,,AP605,target_buy,buy,10180.0,1,70,ack,,FLAT_QUOTING
20260303,61456000,14:04:16.000,20260303-AP605-00320,,AP605,target_sell,sell,10664.0,1,70,ack,,FLAT_QUOTING
20260303,61456000,14:04:16.000,20260303-AP605-00319,,AP605,target_buy,buy,10180.0,1,70,fill,interval_vwap,FLAT_QUOTING
20260303,61456000,14:04:16.000,20260303-AP605-00320,,AP605,target_sell,sell,10664.0,1,70,cancel_requested,opposite_target_fill,FLAT_QUOTING
20260303,61457000,14:04:17.000,20260303-AP605-00320,,AP605,target_sell,sell,10664.0,1,70,cancel_ack,opposite_target_fill,LONG_PENDING_HEDGE
20260303,61457000,14:04:17.000,20260303-AP605-00321,20260303-AP605-0061,AP604,hedge_entry,sell,,1,70,submit,,LONG_PENDING_HEDGE
20260303,61457000,14:04:17.000,20260303-AP605-00321,20260303-AP605-0061,AP604,hedge_entry,sell,10116.0,1,70,fill,quote_key=61457000,LONG_PENDING_HEDGE
20260303,61459000,14:04:19.000,20260303-AP605-00322,20260303-AP605-0061,AP605,target_exit,sell,,1,70,submit,,FLATTENING
20260303,61459000,14:04:19.000,20260303-AP605-00322,20260303-AP605-0061,AP605,target_exit,sell,10403.0,1,70,fill,,FLATTENING
20260303,61459000,14:04:19.000,20260303-AP605-00323,20260303-AP605-0061,AP604,hedge_exit,buy,,1,70,submit,,FLATTENING
20260303,61459000,14:04:19.000,20260303-AP605-00323,20260303-AP605-0061,AP604,hedge_exit,buy,10129.0,1,70,fill,quote_key=61459000,FLATTENING
20260303,61461000,14:04:21.000,20260303-AP605-00324,,AP605,target_buy,buy,10158.0,1,71,submit,initial_quote,FLAT_QUOTING
20260303,61461000,14:04:21.000,20260303-AP605-00325,,AP605,target_sell,sell,10642.0,1,71,submit,initial_quote,FLAT_QUOTING
20260303,61462000,14:04:22.000,20260303-AP605-00324,,AP605,target_buy,buy,10158.0,1,71,ack,,FLAT_QUOTING
20260303,61462000,14:04:22.000,20260303-AP605-00325,,AP605,target_sell,sell,10642.0,1,71,ack,,FLAT_QUOTING
20260303,61730000,14:08:50.000,20260303-AP605-00324,,AP605,target_buy,buy,10158.0,1,71,cancel_requested,reanchor,REPLACE_PENDING
20260303,61730000,14:08:50.000,20260303-AP605-00325,,AP605,target_sell,sell,10642.0,1,71,cancel_requested,reanchor,REPLACE_PENDING
20260303,61731000,14:08:51.000,20260303-AP605-00324,,AP605,target_buy,buy,10158.0,1,71,cancel_ack,reanchor,REPLACE_PENDING
20260303,61731000,14:08:51.000,20260303-AP605-00325,,AP605,target_sell,sell,10642.0,1,71,cancel_ack,reanchor,REPLACE_PENDING
20260303,61731000,14:08:51.000,20260303-AP605-00326,,AP605,target_buy,buy,10109.0,1,72,submit,reanchor_replace,REPLACE_PENDING
20260303,61731000,14:08:51.000,20260303-AP605-00327,,AP605,target_sell,sell,10593.0,1,72,submit,reanchor_replace,REPLACE_PENDING
20260303,61732000,14:08:52.000,20260303-AP605-00326,,AP605,target_buy,buy,10109.0,1,72,ack,,REPLACE_PENDING
20260303,61732000,14:08:52.000,20260303-AP605-00327,,AP605,target_sell,sell,10593.0,1,72,ack,,REPLACE_PENDING
20260303,61988000,14:13:08.000,20260303-AP605-00326,,AP605,target_buy,buy,10109.0,1,72,cancel_requested,reanchor,REPLACE_PENDING
20260303,61988000,14:13:08.000,20260303-AP605-00327,,AP605,target_sell,sell,10593.0,1,72,cancel_requested,reanchor,REPLACE_PENDING
20260303,61989000,14:13:09.000,20260303-AP605-00326,,AP605,target_buy,buy,10109.0,1,72,cancel_ack,reanchor,REPLACE_PENDING
20260303,61989000,14:13:09.000,20260303-AP605-00327,,AP605,target_sell,sell,10593.0,1,72,cancel_ack,reanchor,REPLACE_PENDING
20260303,61989000,14:13:09.000,20260303-AP605-00328,,AP605,target_buy,buy,10060.0,1,73,submit,reanchor_replace,REPLACE_PENDING
20260303,61989000,14:13:09.000,20260303-AP605-00329,,AP605,target_sell,sell,10544.0,1,73,submit,reanchor_replace,REPLACE_PENDING
20260303,61990000,14:13:10.000,20260303-AP605-00328,,AP605,target_buy,buy,10060.0,1,73,ack,,REPLACE_PENDING
20260303,61990000,14:13:10.000,20260303-AP605-00329,,AP605,target_sell,sell,10544.0,1,73,ack,,REPLACE_PENDING
20260303,62568000,14:22:48.000,20260303-AP605-00328,,AP605,target_buy,buy,10060.0,1,73,cancel_requested,reanchor,REPLACE_PENDING
20260303,62568000,14:22:48.000,20260303-AP605-00329,,AP605,target_sell,sell,10544.0,1,73,cancel_requested,reanchor,REPLACE_PENDING
20260303,62569000,14:22:49.000,20260303-AP605-00328,,AP605,target_buy,buy,10060.0,1,73,cancel_ack,reanchor,REPLACE_PENDING
20260303,62569000,14:22:49.000,20260303-AP605-00329,,AP605,target_sell,sell,10544.0,1,73,cancel_ack,reanchor,REPLACE_PENDING
20260303,62569000,14:22:49.000,20260303-AP605-00330,,AP605,target_buy,buy,10011.0,1,74,submit,reanchor_replace,REPLACE_PENDING
20260303,62569000,14:22:49.000,20260303-AP605-00331,,AP605,target_sell,sell,10495.0,1,74,submit,reanchor_replace,REPLACE_PENDING
20260303,62570000,14:22:50.000,20260303-AP605-00330,,AP605,target_buy,buy,10011.0,1,74,ack,,REPLACE_PENDING
20260303,62570000,14:22:50.000,20260303-AP605-00331,,AP605,target_sell,sell,10495.0,1,74,ack,,REPLACE_PENDING
20260303,62669000,14:24:29.000,20260303-AP605-00330,,AP605,target_buy,buy,10011.0,1,74,cancel_requested,reanchor,REPLACE_PENDING
20260303,62669000,14:24:29.000,20260303-AP605-00331,,AP605,target_sell,sell,10495.0,1,74,cancel_requested,reanchor,REPLACE_PENDING
20260303,62670000,14:24:30.000,20260303-AP605-00330,,AP605,target_buy,buy,10011.0,1,74,cancel_ack,reanchor,REPLACE_PENDING
20260303,62670000,14:24:30.000,20260303-AP605-00331,,AP605,target_sell,sell,10495.0,1,74,cancel_ack,reanchor,REPLACE_PENDING
20260303,62670000,14:24:30.000,20260303-AP605-00332,,AP605,target_buy,buy,9962.0,1,75,submit,reanchor_replace,REPLACE_PENDING
20260303,62670000,14:24:30.000,20260303-AP605-00333,,AP605,target_sell,sell,10446.0,1,75,submit,reanchor_replace,REPLACE_PENDING
20260303,62671000,14:24:31.000,20260303-AP605-00332,,AP605,target_buy,buy,9962.0,1,75,ack,,REPLACE_PENDING
20260303,62671000,14:24:31.000,20260303-AP605-00333,,AP605,target_sell,sell,10446.0,1,75,ack,,REPLACE_PENDING
20260303,63956000,14:45:56.000,20260303-AP605-00332,,AP605,target_buy,buy,9962.0,1,75,cancel_requested,data_gap,PAUSED
20260303,63956000,14:45:56.000,20260303-AP605-00333,,AP605,target_sell,sell,10446.0,1,75,cancel_requested,data_gap,PAUSED
20260303,63957000,14:45:57.000,20260303-AP605-00332,,AP605,target_buy,buy,9962.0,1,75,cancel_ack,data_gap,PAUSED
20260303,63957000,14:45:57.000,20260303-AP605-00333,,AP605,target_sell,sell,10446.0,1,75,cancel_ack,data_gap,PAUSED
20260303,63958000,14:45:58.000,20260303-AP605-00334,,AP605,target_buy,buy,9990.0,1,76,submit,initial_quote,FLAT_QUOTING
20260303,63958000,14:45:58.000,20260303-AP605-00335,,AP605,target_sell,sell,10474.0,1,76,submit,initial_quote,FLAT_QUOTING
20260303,63959000,14:45:59.000,20260303-AP605-00334,,AP605,target_buy,buy,9990.0,1,76,ack,,FLAT_QUOTING
20260303,63959000,14:45:59.000,20260303-AP605-00335,,AP605,target_sell,sell,10474.0,1,76,ack,,FLAT_QUOTING
20260303,64800000,15:00:00.000,20260303-AP605-00334,,AP605,target_buy,buy,9990.0,1,76,cancel_requested,fair_invalid_or_session_guard,PAUSED
20260303,64800000,15:00:00.000,20260303-AP605-00335,,AP605,target_sell,sell,10474.0,1,76,cancel_requested,fair_invalid_or_session_guard,PAUSED
20260303,64800000,15:00:00.000,20260303-AP605-00334,,AP605,target_buy,buy,9990.0,1,76,expired,end_of_day,PAUSED
20260303,64800000,15:00:00.000,20260303-AP605-00335,,AP605,target_sell,sell,10474.0,1,76,expired,end_of_day,PAUSED
