trade_date,market_time_key,display_time,from_state,to_state,reason,grid_anchor,buy_limit,sell_limit,fair_price,order_actions_last_minute
20260302,43140000,08:59:00.000,PAUSED,PAUSED,start,,,,,0
20260302,43277000,09:01:17.000,PAUSED,FLAT_QUOTING,fair_recovered,9769.0,9684.0,9854.0,9769.125,0
20260302,43293000,09:01:33.000,FLAT_QUOTING,PAUSED,fair_invalid_or_session_guard,9769.0,9684.0,9854.0,9765.875,2
20260302,43300000,09:01:40.000,PAUSED,FLAT_QUOTING,fair_recovered,9764.0,9679.0,9849.0,9764.5,4
20260302,43370000,09:02:50.000,FLAT_QUOTING,PAUSED,fair_invalid_or_session_guard,9764.0,9679.0,9849.0,9754.5,0
20260302,43441000,09:04:01.000,PAUSED,FLAT_QUOTING,fair_recovered,9778.0,9693.0,9863.0,9777.5,0
20260302,43447000,09:04:07.000,FLAT_QUOTING,PAUSED,fair_invalid_or_session_guard,9778.0,9693.0,9863.0,,2
20260302,43452000,09:04:12.000,PAUSED,FLAT_QUOTING,fair_recovered,9782.0,9697.0,9867.0,9781.5,4
20260302,43456000,09:04:16.000,FLAT_QUOTING,PAUSED,fair_invalid_or_session_guard,9782.0,9697.0,9867.0,,6
20260302,43489000,09:04:49.000,PAUSED,FLAT_QUOTING,fair_recovered,9778.0,9693.0,9863.0,9777.75,8
20260302,43494000,09:04:54.000,FLAT_QUOTING,PAUSED,fair_invalid_or_session_guard,9778.0,9693.0,9863.0,,10
20260302,43558000,09:05:58.000,PAUSED,FLAT_QUOTING,fair_recovered,9776.0,9691.0,9861.0,9776.5,0
20260302,43560000,09:06:00.000,FLAT_QUOTING,SHORT_PENDING_HEDGE,target_fill,9776.0,9691.0,9861.0,9776.75,3
20260302,43561000,09:06:01.000,SHORT_PENDING_HEDGE,EMERGENCY_FLATTEN,hedge_quote_timeout,9776.0,9691.0,9861.0,,4
20260302,43561000,09:06:01.000,EMERGENCY_FLATTEN,COOLDOWN,hedge_failure_exit,9776.0,9691.0,9861.0,,5
20260302,43562000,09:06:02.000,COOLDOWN,PAUSED,fair_invalid_or_session_guard,9776.0,9691.0,9861.0,,5
20260302,43578000,09:06:18.000,PAUSED,FLAT_QUOTING,fair_recovered,9771.0,9686.0,9856.0,9771.0,5
20260302,43582000,09:06:22.000,FLAT_QUOTING,PAUSED,fair_invalid_or_session_guard,9771.0,9686.0,9856.0,9771.75,7
20260302,43604000,09:06:44.000,PAUSED,FLAT_QUOTING,fair_recovered,9777.0,9692.0,9862.0,9777.0,9
20260302,43610000,09:06:50.000,FLAT_QUOTING,PAUSED,fair_invalid_or_session_guard,9777.0,9692.0,9862.0,,11
20260302,43627000,09:07:07.000,PAUSED,FLAT_QUOTING,fair_recovered,9778.0,9693.0,9863.0,9778.0,8
20260302,43634000,09:07:14.000,FLAT_QUOTING,PAUSED,fair_invalid_or_session_guard,9778.0,9693.0,9863.0,,10
20260302,43640000,09:07:20.000,PAUSED,FLAT_QUOTING,fair_recovered,9777.0,9692.0,9862.0,9776.75,10
20260302,43646000,09:07:26.000,FLAT_QUOTING,PAUSED,fair_invalid_or_session_guard,9777.0,9692.0,9862.0,,10
20260302,43669000,09:07:49.000,PAUSED,FLAT_QUOTING,fair_recovered,9778.0,9693.0,9863.0,9778.25,10
20260302,43674000,09:07:54.000,FLAT_QUOTING,PAUSED,fair_invalid_or_session_guard,9778.0,9693.0,9863.0,,10
20260302,43680000,09:08:00.000,PAUSED,FLAT_QUOTING,fair_recovered,9780.0,9695.0,9865.0,9779.75,12
20260302,43708000,09:08:28.000,FLAT_QUOTING,PAUSED,fair_invalid_or_session_guard,9780.0,9695.0,9865.0,,6
20260302,43715000,09:08:35.000,PAUSED,FLAT_QUOTING,fair_recovered,9778.0,9693.0,9863.0,9778.5,8
20260302,43726000,09:08:46.000,FLAT_QUOTING,PAUSED,fair_invalid_or_session_guard,9778.0,9693.0,9863.0,,10
20260302,43800000,09:10:00.000,PAUSED,FLAT_QUOTING,fair_recovered,9774.0,9689.0,9859.0,9774.5,0
20260302,43804000,09:10:04.000,FLAT_QUOTING,PAUSED,fair_invalid_or_session_guard,9774.0,9689.0,9859.0,9773.0,2
20260302,43826000,09:10:26.000,PAUSED,FLAT_QUOTING,fair_recovered,9776.0,9691.0,9861.0,9775.75,4
20260302,43841000,09:10:41.000,FLAT_QUOTING,PAUSED,fair_invalid_or_session_guard,9776.0,9691.0,9861.0,,6
20260302,43863000,09:11:03.000,PAUSED,FLAT_QUOTING,fair_recovered,9774.0,9689.0,9859.0,9774.0,6
20260302,43870000,09:11:10.000,FLAT_QUOTING,PAUSED,fair_invalid_or_session_guard,9774.0,9689.0,9859.0,,6
20260302,43873000,09:11:13.000,PAUSED,FLAT_QUOTING,fair_recovered,9772.0,9687.0,9857.0,9771.75,8
20260302,43927000,09:12:07.000,FLAT_QUOTING,PAUSED,fair_invalid_or_session_guard,9772.0,9687.0,9857.0,,4
20260302,43939000,09:12:19.000,PAUSED,FLAT_QUOTING,fair_recovered,9776.0,9691.0,9861.0,9776.25,2
20260302,43970000,09:12:50.000,FLAT_QUOTING,PAUSED,fair_invalid_or_session_guard,9776.0,9691.0,9861.0,,4
20260302,43972000,09:12:52.000,PAUSED,FLAT_QUOTING,fair_recovered,9778.0,9693.0,9863.0,9777.75,6
20260302,43977000,09:12:57.000,FLAT_QUOTING,PAUSED,fair_invalid_or_session_guard,9778.0,9693.0,9863.0,,8
20260302,43979000,09:12:59.000,PAUSED,FLAT_QUOTING,fair_recovered,9778.0,9693.0,9863.0,9777.5,10
20260302,43995000,09:13:15.000,FLAT_QUOTING,PAUSED,fair_invalid_or_session_guard,9778.0,9693.0,9863.0,,10
20260302,43999000,09:13:19.000,PAUSED,FLAT_QUOTING,fair_recovered,9775.0,9690.0,9860.0,9774.75,10
20260302,44014000,09:13:34.000,FLAT_QUOTING,PAUSED,fair_invalid_or_session_guard,9775.0,9690.0,9860.0,,12
20260302,44018000,09:13:38.000,PAUSED,FLAT_QUOTING,fair_recovered,9773.0,9688.0,9858.0,9773.25,14
20260302,44021000,09:13:41.000,FLAT_QUOTING,PAUSED,fair_invalid_or_session_guard,9773.0,9688.0,9858.0,,16
20260302,44024000,09:13:44.000,PAUSED,FLAT_QUOTING,fair_recovered,9772.0,9687.0,9857.0,9772.5,18
20260302,44038000,09:13:58.000,FLAT_QUOTING,PAUSED,fair_invalid_or_session_guard,9772.0,9687.0,9857.0,,14
20260302,44040000,09:14:00.000,PAUSED,FLAT_QUOTING,fair_recovered,9768.0,9683.0,9853.0,9768.0,14
20260302,44057000,09:14:17.000,FLAT_QUOTING,PAUSED,fair_invalid_or_session_guard,9768.0,9683.0,9853.0,,14
20260302,44063000,09:14:23.000,PAUSED,FLAT_QUOTING,fair_recovered,9770.0,9685.0,9855.0,9769.5,14
20260302,44069000,09:14:29.000,FLAT_QUOTING,PAUSED,fair_invalid_or_session_guard,9770.0,9685.0,9855.0,,16
20260302,44073000,09:14:33.000,PAUSED,FLAT_QUOTING,fair_recovered,9768.0,9683.0,9853.0,9768.0,18
20260302,44094000,09:14:54.000,FLAT_QUOTING,PAUSED,fair_invalid_or_session_guard,9768.0,9683.0,9853.0,,12
20260302,44096000,09:14:56.000,PAUSED,FLAT_QUOTING,fair_recovered,9768.0,9683.0,9853.0,9767.5,14
20260302,44118000,09:15:18.000,FLAT_QUOTING,PAUSED,fair_invalid_or_session_guard,9768.0,9683.0,9853.0,,10
20260302,44121000,09:15:21.000,PAUSED,FLAT_QUOTING,fair_recovered,9765.0,9680.0,9850.0,9765.0,12
20260302,44133000,09:15:33.000,FLAT_QUOTING,PAUSED,fair_invalid_or_session_guard,9765.0,9680.0,9850.0,,8
20260302,44136000,09:15:36.000,PAUSED,FLAT_QUOTING,fair_recovered,9762.0,9677.0,9847.0,9762.5,10
20260302,44144000,09:15:44.000,FLAT_QUOTING,PAUSED,fair_invalid_or_session_guard,9762.0,9677.0,9847.0,,12
20260302,44148000,09:15:48.000,PAUSED,FLAT_QUOTING,fair_recovered,9761.0,9676.0,9846.0,9761.0,14
20260302,44156000,09:15:56.000,FLAT_QUOTING,PAUSED,fair_invalid_or_session_guard,9761.0,9676.0,9846.0,,12
20260302,44227000,09:17:07.000,PAUSED,FLAT_QUOTING,fair_recovered,9762.0,9677.0,9847.0,9762.0,0
20260302,44237000,09:17:17.000,FLAT_QUOTING,PAUSED,fair_invalid_or_session_guard,9762.0,9677.0,9847.0,,2
20260302,44240000,09:17:20.000,PAUSED,FLAT_QUOTING,fair_recovered,9764.0,9679.0,9849.0,9763.75,4
20260302,44269000,09:17:49.000,FLAT_QUOTING,PAUSED,fair_invalid_or_session_guard,9764.0,9679.0,9849.0,,6
20260302,44274000,09:17:54.000,PAUSED,FLAT_QUOTING,fair_recovered,9765.0,9680.0,9850.0,9765.25,8
20260302,44280000,09:18:00.000,FLAT_QUOTING,PAUSED,fair_invalid_or_session_guard,9765.0,9680.0,9850.0,,10
20260302,44284000,09:18:04.000,PAUSED,FLAT_QUOTING,fair_recovered,9765.0,9680.0,9850.0,9765.0,12
20260302,44288000,09:18:08.000,FLAT_QUOTING,PAUSED,fair_invalid_or_session_guard,9765.0,9680.0,9850.0,,12
20260302,44290000,09:18:10.000,PAUSED,FLAT_QUOTING,fair_recovered,9764.0,9679.0,9849.0,9764.5,14
20260302,44294000,09:18:14.000,FLAT_QUOTING,PAUSED,fair_invalid_or_session_guard,9764.0,9679.0,9849.0,,16
20260302,44297000,09:18:17.000,PAUSED,FLAT_QUOTING,fair_recovered,9765.0,9680.0,9850.0,9765.25,16
20260302,44310000,09:18:30.000,FLAT_QUOTING,PAUSED,fair_invalid_or_session_guard,9765.0,9680.0,9850.0,,16
20260302,44314000,09:18:34.000,PAUSED,FLAT_QUOTING,fair_recovered,9768.0,9683.0,9853.0,9768.25,18
20260302,44318000,09:18:38.000,FLAT_QUOTING,PAUSED,fair_invalid_or_session_guard,9768.0,9683.0,9853.0,,20
20260302,44320000,09:18:40.000,PAUSED,PAUSED,order_action_limit,9768.0,9683.0,9853.0,9766.25,22
20260302,44322000,09:18:42.000,PAUSED,PAUSED,order_action_limit,9768.0,9683.0,9853.0,9766.0,22
20260302,44323000,09:18:43.000,PAUSED,PAUSED,order_action_limit,9768.0,9683.0,9853.0,9765.75,22
20260302,44326000,09:18:46.000,PAUSED,PAUSED,order_action_limit,9768.0,9683.0,9853.0,9764.25,22
20260302,44327000,09:18:47.000,PAUSED,PAUSED,order_action_limit,9768.0,9683.0,9853.0,9764.25,22
20260302,44328000,09:18:48.000,PAUSED,PAUSED,order_action_limit,9768.0,9683.0,9853.0,9764.25,22
20260302,44329000,09:18:49.000,PAUSED,PAUSED,order_action_limit,9768.0,9683.0,9853.0,9766.25,20
20260302,44330000,09:18:50.000,PAUSED,PAUSED,order_action_limit,9768.0,9683.0,9853.0,9766.75,20
20260302,44332000,09:18:52.000,PAUSED,PAUSED,order_action_limit,9768.0,9683.0,9853.0,9766.5,20
20260302,44333000,09:18:53.000,PAUSED,PAUSED,order_action_limit,9768.0,9683.0,9853.0,9766.5,20
20260302,44334000,09:18:54.000,PAUSED,FLAT_QUOTING,fair_recovered,9766.0,9681.0,9851.0,9765.75,18
20260302,44350000,09:19:10.000,FLAT_QUOTING,PAUSED,fair_invalid_or_session_guard,9766.0,9681.0,9851.0,,12
20260302,44359000,09:19:19.000,PAUSED,FLAT_QUOTING,fair_recovered,9768.0,9683.0,9853.0,9767.5,10
20260302,44363000,09:19:23.000,FLAT_QUOTING,PAUSED,fair_invalid_or_session_guard,9768.0,9683.0,9853.0,,12
20260302,44372000,09:19:32.000,PAUSED,FLAT_QUOTING,fair_recovered,9767.0,9682.0,9852.0,9767.25,12
20260302,44390000,09:19:50.000,FLAT_QUOTING,PAUSED,fair_invalid_or_session_guard,9767.0,9682.0,9852.0,,10
20260302,44392000,09:19:52.000,PAUSED,FLAT_QUOTING,fair_recovered,9766.0,9681.0,9851.0,9766.0,12
20260302,44402000,09:20:02.000,FLAT_QUOTING,PAUSED,fair_invalid_or_session_guard,9766.0,9681.0,9851.0,,12
20260302,44419000,09:20:19.000,PAUSED,FLAT_QUOTING,fair_recovered,9770.0,9685.0,9855.0,9769.75,10
20260302,44432000,09:20:32.000,FLAT_QUOTING,PAUSED,fair_invalid_or_session_guard,9770.0,9685.0,9855.0,,8
20260302,44434000,09:20:34.000,PAUSED,FLAT_QUOTING,fair_recovered,9770.0,9685.0,9855.0,9769.75,10
20260302,44450000,09:20:50.000,FLAT_QUOTING,PAUSED,fair_invalid_or_session_guard,9770.0,9685.0,9855.0,,10
20260302,44457000,09:20:57.000,PAUSED,FLAT_QUOTING,fair_recovered,9772.0,9687.0,9857.0,9772.5,10
20260302,44477000,09:21:17.000,FLAT_QUOTING,PAUSED,fair_invalid_or_session_guard,9772.0,9687.0,9857.0,,10
20260302,44481000,09:21:21.000,PAUSED,FLAT_QUOTING,fair_recovered,9777.0,9692.0,9862.0,9777.0,10
20260302,44498000,09:21:38.000,FLAT_QUOTING,PAUSED,fair_invalid_or_session_guard,9777.0,9692.0,9862.0,,8
20260302,44500000,09:21:40.000,PAUSED,FLAT_QUOTING,fair_recovered,9776.0,9691.0,9861.0,9776.5,10
20260302,44533000,09:22:13.000,FLAT_QUOTING,PAUSED,fair_invalid_or_session_guard,9776.0,9691.0,9861.0,,8
20260302,44538000,09:22:18.000,PAUSED,FLAT_QUOTING,fair_recovered,9777.0,9692.0,9862.0,9777.25,8
20260302,44561000,09:22:41.000,FLAT_QUOTING,PAUSED,fair_invalid_or_session_guard,9777.0,9692.0,9862.0,,4
20260302,44565000,09:22:45.000,PAUSED,FLAT_QUOTING,fair_recovered,9778.0,9693.0,9863.0,9778.0,6
20260302,44659000,09:24:19.000,FLAT_QUOTING,PAUSED,fair_invalid_or_session_guard,9778.0,9693.0,9863.0,,0
20260302,44669000,09:24:29.000,PAUSED,FLAT_QUOTING,fair_recovered,9781.0,9696.0,9866.0,9781.125,2
20260302,44676000,09:24:36.000,FLAT_QUOTING,PAUSED,fair_invalid_or_session_guard,9781.0,9696.0,9866.0,,4
20260302,44681000,09:24:41.000,PAUSED,FLAT_QUOTING,fair_recovered,9782.0,9697.0,9867.0,9781.5,6
20260302,44697000,09:24:57.000,FLAT_QUOTING,PAUSED,fair_invalid_or_session_guard,9782.0,9697.0,9867.0,,8
20260302,44706000,09:25:06.000,PAUSED,FLAT_QUOTING,fair_recovered,9783.0,9698.0,9868.0,9783.25,10
20260302,44783000,09:26:23.000,FLAT_QUOTING,PAUSED,fair_invalid_or_session_guard,9783.0,9698.0,9868.0,,0
20260302,44790000,09:26:30.000,PAUSED,FLAT_QUOTING,fair_recovered,9791.0,9706.0,9876.0,9791.0,2
20260302,44795000,09:26:35.000,FLAT_QUOTING,PAUSED,fair_invalid_or_session_guard,9791.0,9706.0,9876.0,,4
20260302,44800000,09:26:40.000,PAUSED,FLAT_QUOTING,fair_recovered,9790.0,9705.0,9875.0,9790.25,6
20260302,44828000,09:27:08.000,FLAT_QUOTING,PAUSED,fair_invalid_or_session_guard,9790.0,9705.0,9875.0,,8
20260302,44837000,09:27:17.000,PAUSED,FLAT_QUOTING,fair_recovered,9795.0,9710.0,9880.0,9795.25,10
20260302,44873000,09:27:53.000,FLAT_QUOTING,PAUSED,fair_invalid_or_session_guard,9795.0,9710.0,9880.0,,4
20260302,44875000,09:27:55.000,PAUSED,FLAT_QUOTING,fair_recovered,9803.0,9718.0,9888.0,9803.25,6
20260302,44879000,09:27:59.000,FLAT_QUOTING,PAUSED,fair_invalid_or_session_guard,9803.0,9718.0,9888.0,,8
20260302,44881000,09:28:01.000,PAUSED,FLAT_QUOTING,fair_recovered,9805.0,9720.0,9890.0,9805.375,10
20260302,44884000,09:28:04.000,FLAT_QUOTING,PAUSED,fair_invalid_or_session_guard,9805.0,9720.0,9890.0,,12
20260302,44889000,09:28:09.000,PAUSED,FLAT_QUOTING,fair_recovered,9808.0,9723.0,9893.0,9808.5,12
20260302,44903000,09:28:23.000,FLAT_QUOTING,PAUSED,fair_invalid_or_session_guard,9808.0,9723.0,9893.0,,12
20260302,44915000,09:28:35.000,PAUSED,FLAT_QUOTING,fair_recovered,9807.0,9722.0,9892.0,9807.0,14
20260302,44928000,09:28:48.000,FLAT_QUOTING,PAUSED,fair_invalid_or_session_guard,9807.0,9722.0,9892.0,,16
20260302,44938000,09:28:58.000,PAUSED,FLAT_QUOTING,fair_recovered,9805.0,9720.0,9890.0,9805.0,14
20260302,44964000,09:29:24.000,FLAT_QUOTING,PAUSED,fair_invalid_or_session_guard,9805.0,9720.0,9890.0,,6
20260302,44987000,09:29:47.000,PAUSED,FLAT_QUOTING,fair_recovered,9812.0,9727.0,9897.0,9811.5,6
20260302,44992000,09:29:52.000,FLAT_QUOTING,PAUSED,fair_invalid_or_session_guard,9812.0,9727.0,9897.0,,6
20260302,45019000,09:30:19.000,PAUSED,FLAT_QUOTING,fair_recovered,9806.0,9721.0,9891.0,9806.125,6
20260302,45023000,09:30:23.000,FLAT_QUOTING,PAUSED,fair_invalid_or_session_guard,9806.0,9721.0,9891.0,9804.0,8
20260302,45046000,09:30:46.000,PAUSED,FLAT_QUOTING,fair_recovered,9802.0,9717.0,9887.0,9802.0,8
20260302,45077000,09:31:17.000,FLAT_QUOTING,PAUSED,fair_invalid_or_session_guard,9802.0,9717.0,9887.0,,6
20260302,45079000,09:31:19.000,PAUSED,FLAT_QUOTING,fair_recovered,9796.0,9711.0,9881.0,9795.5,6
20260302,45099000,09:31:39.000,FLAT_QUOTING,PAUSED,fair_invalid_or_session_guard,9796.0,9711.0,9881.0,,6
20260302,45103000,09:31:43.000,PAUSED,FLAT_QUOTING,fair_recovered,9793.0,9708.0,9878.0,9793.25,8
20260302,45107000,09:31:47.000,FLAT_QUOTING,PAUSED,fair_invalid_or_session_guard,9793.0,9708.0,9878.0,,8
20260302,45112000,09:31:52.000,PAUSED,FLAT_QUOTING,fair_recovered,9795.0,9710.0,9880.0,9795.0,10
20260302,45119000,09:31:59.000,FLAT_QUOTING,PAUSED,fair_invalid_or_session_guard,9795.0,9710.0,9880.0,,12
20260302,45121000,09:32:01.000,PAUSED,FLAT_QUOTING,fair_recovered,9795.0,9710.0,9880.0,9794.625,14
20260302,45123000,09:32:03.000,FLAT_QUOTING,PAUSED,fair_invalid_or_session_guard,9795.0,9710.0,9880.0,,16
20260302,45128000,09:32:08.000,PAUSED,FLAT_QUOTING,fair_recovered,9793.0,9708.0,9878.0,9793.25,18
20260302,45135000,09:32:15.000,FLAT_QUOTING,PAUSED,fair_invalid_or_session_guard,9793.0,9708.0,9878.0,,20
20260302,45143000,09:32:23.000,PAUSED,FLAT_QUOTING,fair_recovered,9787.0,9702.0,9872.0,9786.75,18
20260302,45145000,09:32:25.000,FLAT_QUOTING,PAUSED,fair_invalid_or_session_guard,9787.0,9702.0,9872.0,,20
20260302,45150000,09:32:30.000,PAUSED,PAUSED,order_action_limit,9787.0,9702.0,9872.0,9786.5,22
20260302,45151000,09:32:31.000,PAUSED,PAUSED,order_action_limit,9787.0,9702.0,9872.0,9786.75,22
20260302,45152000,09:32:32.000,PAUSED,PAUSED,order_action_limit,9787.0,9702.0,9872.0,9786.75,22
20260302,45153000,09:32:33.000,PAUSED,PAUSED,order_action_limit,9787.0,9702.0,9872.0,9786.625,22
20260302,45154000,09:32:34.000,PAUSED,PAUSED,order_action_limit,9787.0,9702.0,9872.0,9786.375,22
20260302,45155000,09:32:35.000,PAUSED,PAUSED,order_action_limit,9787.0,9702.0,9872.0,9786.25,22
20260302,45171000,09:32:51.000,PAUSED,FLAT_QUOTING,fair_recovered,9786.0,9701.0,9871.0,9785.75,16
20260302,45198000,09:33:18.000,FLAT_QUOTING,PAUSED,data_gap,9786.0,9701.0,9871.0,9786.0,6
20260302,45201000,09:33:21.000,PAUSED,FLAT_QUOTING,fair_recovered,9786.0,9701.0,9871.0,9785.5,8
20260302,45203000,09:33:23.000,FLAT_QUOTING,PAUSED,fair_invalid_or_session_guard,9786.0,9701.0,9871.0,,8
20260302,45206000,09:33:26.000,PAUSED,FLAT_QUOTING,fair_recovered,9785.0,9700.0,9870.0,9784.75,8
20260302,45209000,09:33:29.000,FLAT_QUOTING,PAUSED,fair_invalid_or_session_guard,9785.0,9700.0,9870.0,,10
20260302,45216000,09:33:36.000,PAUSED,FLAT_QUOTING,fair_recovered,9785.0,9700.0,9870.0,9784.75,12
20260302,45224000,09:33:44.000,FLAT_QUOTING,PAUSED,fair_invalid_or_session_guard,9785.0,9700.0,9870.0,,14
20260302,45232000,09:33:52.000,PAUSED,FLAT_QUOTING,fair_recovered,9785.0,9700.0,9870.0,9785.25,14
20260302,45234000,09:33:54.000,FLAT_QUOTING,PAUSED,fair_invalid_or_session_guard,9785.0,9700.0,9870.0,,16
20260302,45278000,09:34:38.000,PAUSED,FLAT_QUOTING,fair_recovered,9783.0,9698.0,9868.0,9783.25,6
20260302,45288000,09:34:48.000,FLAT_QUOTING,PAUSED,fair_invalid_or_session_guard,9783.0,9698.0,9868.0,,6
20260302,45297000,09:34:57.000,PAUSED,FLAT_QUOTING,fair_recovered,9783.0,9698.0,9868.0,9783.25,4
20260302,45300000,09:35:00.000,FLAT_QUOTING,PAUSED,fair_invalid_or_session_guard,9783.0,9698.0,9868.0,,6
20260302,45323000,09:35:23.000,PAUSED,FLAT_QUOTING,fair_recovered,9785.0,9700.0,9870.0,9784.75,8
20260302,45332000,09:35:32.000,FLAT_QUOTING,PAUSED,fair_invalid_or_session_guard,9785.0,9700.0,9870.0,,10
20260302,45337000,09:35:37.000,PAUSED,FLAT_QUOTING,fair_recovered,9788.0,9703.0,9873.0,9788.5,12
20260302,45343000,09:35:43.000,FLAT_QUOTING,PAUSED,fair_invalid_or_session_guard,9788.0,9703.0,9873.0,,12
20260302,45349000,09:35:49.000,PAUSED,FLAT_QUOTING,fair_recovered,9788.0,9703.0,9873.0,9788.25,12
20260302,45353000,09:35:53.000,FLAT_QUOTING,PAUSED,fair_invalid_or_session_guard,9788.0,9703.0,9873.0,,14
20260302,45359000,09:35:59.000,PAUSED,FLAT_QUOTING,fair_recovered,9790.0,9705.0,9875.0,9790.0,14
20260302,45370000,09:36:10.000,FLAT_QUOTING,PAUSED,fair_invalid_or_session_guard,9790.0,9705.0,9875.0,,14
20260302,45378000,09:36:18.000,PAUSED,FLAT_QUOTING,fair_recovered,9790.0,9705.0,9875.0,9790.0,16
20260302,45382000,09:36:22.000,FLAT_QUOTING,PAUSED,fair_invalid_or_session_guard,9790.0,9705.0,9875.0,,18
20260302,45384000,09:36:24.000,PAUSED,FLAT_QUOTING,fair_recovered,9790.0,9705.0,9875.0,9789.75,18
20260302,45391000,09:36:31.000,FLAT_QUOTING,PAUSED,fair_invalid_or_session_guard,9790.0,9705.0,9875.0,,20
20260302,45411000,09:36:51.000,PAUSED,FLAT_QUOTING,fair_recovered,9790.0,9705.0,9875.0,9789.5,14
20260302,45428000,09:37:08.000,FLAT_QUOTING,PAUSED,fair_invalid_or_session_guard,9790.0,9705.0,9875.0,,12
20260302,45432000,09:37:12.000,PAUSED,FLAT_QUOTING,fair_recovered,9793.0,9708.0,9878.0,9793.25,12
20260302,45448000,09:37:28.000,FLAT_QUOTING,PAUSED,fair_invalid_or_session_guard,9793.0,9708.0,9878.0,,8
20260302,45483000,09:38:03.000,PAUSED,FLAT_QUOTING,fair_recovered,9804.0,9719.0,9889.0,9804.5,6
20260302,45489000,09:38:09.000,FLAT_QUOTING,PAUSED,fair_invalid_or_session_guard,9804.0,9719.0,9889.0,,6
20260302,45494000,09:38:14.000,PAUSED,FLAT_QUOTING,fair_recovered,9805.0,9720.0,9890.0,9805.0,6
20260302,45500000,09:38:20.000,FLAT_QUOTING,PAUSED,fair_invalid_or_session_guard,9805.0,9720.0,9890.0,,8
20260302,45503000,09:38:23.000,PAUSED,FLAT_QUOTING,fair_recovered,9806.0,9721.0,9891.0,9805.5,10
20260302,45511000,09:38:31.000,FLAT_QUOTING,PAUSED,fair_invalid_or_session_guard,9806.0,9721.0,9891.0,,10
20260302,45514000,09:38:34.000,PAUSED,FLAT_QUOTING,fair_recovered,9805.0,9720.0,9890.0,9805.0,12
20260302,45531000,09:38:51.000,FLAT_QUOTING,PAUSED,fair_invalid_or_session_guard,9805.0,9720.0,9890.0,,14
20260302,45542000,09:39:02.000,PAUSED,FLAT_QUOTING,fair_recovered,9808.0,9723.0,9893.0,9808.0,16
20260302,45585000,09:39:45.000,FLAT_QUOTING,PAUSED,fair_invalid_or_session_guard,9808.0,9723.0,9893.0,,4
20260302,45615000,09:40:15.000,PAUSED,FLAT_QUOTING,fair_recovered,9814.0,9729.0,9899.0,9814.5,2
20260302,45631000,09:40:31.000,FLAT_QUOTING,PAUSED,fair_invalid_or_session_guard,9814.0,9729.0,9899.0,9826.125,4
20260302,45639000,09:40:39.000,PAUSED,FLAT_QUOTING,fair_recovered,9824.0,9739.0,9909.0,9824.5,6
20260302,45641000,09:40:41.000,FLAT_QUOTING,PAUSED,fair_invalid_or_session_guard,9824.0,9739.0,9909.0,9824.25,8
20260302,45648000,09:40:48.000,PAUSED,FLAT_QUOTING,fair_recovered,9824.0,9739.0,9909.0,9824.0,8
20260302,45655000,09:40:55.000,FLAT_QUOTING,PAUSED,fair_invalid_or_session_guard,9824.0,9739.0,9909.0,,10
20260302,45658000,09:40:58.000,PAUSED,FLAT_QUOTING,fair_recovered,9823.0,9738.0,9908.0,9823.25,12
20260302,45665000,09:41:05.000,FLAT_QUOTING,PAUSED,fair_invalid_or_session_guard,9823.0,9738.0,9908.0,,14
20260302,45668000,09:41:08.000,PAUSED,FLAT_QUOTING,fair_recovered,9820.0,9735.0,9905.0,9820.25,16
20260302,45679000,09:41:19.000,FLAT_QUOTING,PAUSED,fair_invalid_or_session_guard,9820.0,9735.0,9905.0,,16
20260302,45681000,09:41:21.000,PAUSED,FLAT_QUOTING,fair_recovered,9823.0,9738.0,9908.0,9823.25,18
20260302,45751000,09:42:31.000,FLAT_QUOTING,PAUSED,fair_invalid_or_session_guard,9823.0,9738.0,9908.0,9829.0,0
20260302,45756000,09:42:36.000,PAUSED,FLAT_QUOTING,fair_recovered,9830.0,9745.0,9915.0,9829.75,2
20260302,45758000,09:42:38.000,FLAT_QUOTING,PAUSED,fair_invalid_or_session_guard,9830.0,9745.0,9915.0,9830.75,4
20260302,45760000,09:42:40.000,PAUSED,FLAT_QUOTING,fair_recovered,9829.0,9744.0,9914.0,9829.0,6
20260302,45810000,09:43:30.000,FLAT_QUOTING,PAUSED,fair_invalid_or_session_guard,9829.0,9744.0,9914.0,,8
20260302,45814000,09:43:34.000,PAUSED,FLAT_QUOTING,fair_recovered,9827.0,9742.0,9912.0,9827.25,8
20260302,45820000,09:43:40.000,FLAT_QUOTING,PAUSED,fair_invalid_or_session_guard,9827.0,9742.0,9912.0,,4
20260302,45825000,09:43:45.000,PAUSED,FLAT_QUOTING,fair_recovered,9828.0,9743.0,9913.0,9827.5,6
20260302,45837000,09:43:57.000,FLAT_QUOTING,PAUSED,fair_invalid_or_session_guard,9828.0,9743.0,9913.0,,8
20260302,45840000,09:44:00.000,PAUSED,FLAT_QUOTING,fair_recovered,9825.0,9740.0,9910.0,9825.25,10
20260302,45843000,09:44:03.000,FLAT_QUOTING,PAUSED,fair_invalid_or_session_guard,9825.0,9740.0,9910.0,,12
20260302,45845000,09:44:05.000,PAUSED,FLAT_QUOTING,fair_recovered,9825.0,9740.0,9910.0,9824.75,14
20260302,45873000,09:44:33.000,FLAT_QUOTING,PAUSED,fair_invalid_or_session_guard,9825.0,9740.0,9910.0,,14
20260302,45875000,09:44:35.000,PAUSED,FLAT_QUOTING,fair_recovered,9826.0,9741.0,9911.0,9825.75,14
20260302,45883000,09:44:43.000,FLAT_QUOTING,PAUSED,fair_invalid_or_session_guard,9826.0,9741.0,9911.0,,14
20260302,45892000,09:44:52.000,PAUSED,FLAT_QUOTING,fair_recovered,9826.0,9741.0,9911.0,9826.375,14
20260302,45923000,09:45:23.000,FLAT_QUOTING,PAUSED,fair_invalid_or_session_guard,9826.0,9741.0,9911.0,,8
20260302,45929000,09:45:29.000,PAUSED,FLAT_QUOTING,fair_recovered,9830.0,9745.0,9915.0,9830.0,10
20260302,45950000,09:45:50.000,FLAT_QUOTING,PAUSED,fair_invalid_or_session_guard,9830.0,9745.0,9915.0,,6
20260302,45959000,09:45:59.000,PAUSED,FLAT_QUOTING,fair_recovered,9833.0,9748.0,9918.0,9832.75,6
20260302,46006000,09:46:46.000,FLAT_QUOTING,PAUSED,fair_invalid_or_session_guard,9833.0,9748.0,9918.0,,4
20260302,46010000,09:46:50.000,PAUSED,FLAT_QUOTING,fair_recovered,9828.0,9743.0,9913.0,9828.25,4
20260302,46018000,09:46:58.000,FLAT_QUOTING,PAUSED,fair_invalid_or_session_guard,9828.0,9743.0,9913.0,,6
20260302,46021000,09:47:01.000,PAUSED,FLAT_QUOTING,fair_recovered,9829.0,9744.0,9914.0,9829.25,6
20260302,46023000,09:47:03.000,FLAT_QUOTING,PAUSED,fair_invalid_or_session_guard,9829.0,9744.0,9914.0,,8
20260302,46054000,09:47:34.000,PAUSED,FLAT_QUOTING,fair_recovered,9828.0,9743.0,9913.0,9828.25,10
20260302,46062000,09:47:42.000,FLAT_QUOTING,PAUSED,fair_invalid_or_session_guard,9828.0,9743.0,9913.0,9828.25,12
20260302,46076000,09:47:56.000,PAUSED,FLAT_QUOTING,fair_recovered,9827.0,9742.0,9912.0,9827.0,10
20260302,46082000,09:48:02.000,FLAT_QUOTING,PAUSED,fair_invalid_or_session_guard,9827.0,9742.0,9912.0,,8
20260302,46085000,09:48:05.000,PAUSED,FLAT_QUOTING,fair_recovered,9829.0,9744.0,9914.0,9829.0,8
20260302,46112000,09:48:32.000,FLAT_QUOTING,PAUSED,fair_invalid_or_session_guard,9829.0,9744.0,9914.0,,10
20260302,46114000,09:48:34.000,PAUSED,FLAT_QUOTING,fair_recovered,9830.0,9745.0,9915.0,9830.5,10
20260302,46131000,09:48:51.000,FLAT_QUOTING,PAUSED,fair_invalid_or_session_guard,9830.0,9745.0,9915.0,,10
20260302,46136000,09:48:56.000,PAUSED,FLAT_QUOTING,fair_recovered,9832.0,9747.0,9917.0,9831.625,10
20260302,46142000,09:49:02.000,FLAT_QUOTING,PAUSED,fair_invalid_or_session_guard,9832.0,9747.0,9917.0,,10
20260302,46148000,09:49:08.000,PAUSED,FLAT_QUOTING,fair_recovered,9833.0,9748.0,9918.0,9833.0,10
20260302,46194000,09:49:54.000,FLAT_QUOTING,PAUSED,fair_invalid_or_session_guard,9833.0,9748.0,9918.0,,6
20260302,46206000,09:50:06.000,PAUSED,FLAT_QUOTING,fair_recovered,9851.0,9766.0,9936.0,9851.0,4
20260302,46222000,09:50:22.000,FLAT_QUOTING,PAUSED,fair_invalid_or_session_guard,9851.0,9766.0,9936.0,,4
20260302,46244000,09:50:44.000,PAUSED,FLAT_QUOTING,fair_recovered,9850.0,9765.0,9935.0,9849.75,6
20260302,46249000,09:50:49.000,FLAT_QUOTING,PAUSED,fair_invalid_or_session_guard,9850.0,9765.0,9935.0,,8
20260302,46257000,09:50:57.000,PAUSED,FLAT_QUOTING,fair_recovered,9850.0,9765.0,9935.0,9849.5,8
20260302,46288000,09:51:28.000,FLAT_QUOTING,PAUSED,fair_invalid_or_session_guard,9850.0,9765.0,9935.0,,6
20260302,46292000,09:51:32.000,PAUSED,FLAT_QUOTING,fair_recovered,9848.0,9763.0,9933.0,9848.0,8
20260302,46323000,09:52:03.000,FLAT_QUOTING,PAUSED,fair_invalid_or_session_guard,9848.0,9763.0,9933.0,,4
20260302,46325000,09:52:05.000,PAUSED,FLAT_QUOTING,fair_recovered,9851.0,9766.0,9936.0,9850.625,6
20260302,46343000,09:52:23.000,FLAT_QUOTING,PAUSED,fair_invalid_or_session_guard,9851.0,9766.0,9936.0,,8
20260302,46346000,09:52:26.000,PAUSED,FLAT_QUOTING,fair_recovered,9850.0,9765.0,9935.0,9850.5,10
20260302,46360000,09:52:40.000,FLAT_QUOTING,PAUSED,fair_invalid_or_session_guard,9850.0,9765.0,9935.0,,8
20260302,46514000,09:55:14.000,PAUSED,FLAT_QUOTING,fair_recovered,9861.0,9776.0,9946.0,9861.25,0
20260302,46546000,09:55:46.000,FLAT_QUOTING,PAUSED,fair_invalid_or_session_guard,9861.0,9776.0,9946.0,,2
20260302,46548000,09:55:48.000,PAUSED,FLAT_QUOTING,fair_recovered,9856.0,9771.0,9941.0,9856.5,4
20260302,46593000,09:56:33.000,FLAT_QUOTING,PAUSED,fair_invalid_or_session_guard,9856.0,9771.0,9941.0,,4
20260302,46596000,09:56:36.000,PAUSED,FLAT_QUOTING,fair_recovered,9846.0,9761.0,9931.0,9846.0,6
20260302,46604000,09:56:44.000,FLAT_QUOTING,PAUSED,fair_invalid_or_session_guard,9846.0,9761.0,9931.0,,8
20260302,46606000,09:56:46.000,PAUSED,FLAT_QUOTING,fair_recovered,9844.0,9759.0,9929.0,9844.5,8
20260302,46616000,09:56:56.000,FLAT_QUOTING,PAUSED,fair_invalid_or_session_guard,9844.0,9759.0,9929.0,,8
20260302,46621000,09:57:01.000,PAUSED,FLAT_QUOTING,fair_recovered,9848.0,9763.0,9933.0,9848.0,10
20260302,46623000,09:57:03.000,FLAT_QUOTING,PAUSED,fair_invalid_or_session_guard,9848.0,9763.0,9933.0,,12
20260302,46629000,09:57:09.000,PAUSED,FLAT_QUOTING,fair_recovered,9846.0,9761.0,9931.0,9845.5,14
20260302,46655000,09:57:35.000,FLAT_QUOTING,PAUSED,fair_invalid_or_session_guard,9846.0,9761.0,9931.0,,14
20260302,46657000,09:57:37.000,PAUSED,FLAT_QUOTING,fair_recovered,9860.0,9775.0,9945.0,9860.0,14
20260302,46734000,09:58:54.000,FLAT_QUOTING,PAUSED,fair_invalid_or_session_guard,9860.0,9775.0,9945.0,,0
20260302,46744000,09:59:04.000,PAUSED,FLAT_QUOTING,fair_recovered,9864.0,9779.0,9949.0,9863.5,2
20260302,46750000,09:59:10.000,FLAT_QUOTING,PAUSED,fair_invalid_or_session_guard,9864.0,9779.0,9949.0,,4
20260302,46752000,09:59:12.000,PAUSED,FLAT_QUOTING,fair_recovered,9864.0,9779.0,9949.0,9864.5,6
20260302,46766000,09:59:26.000,FLAT_QUOTING,PAUSED,fair_invalid_or_session_guard,9864.0,9779.0,9949.0,,8
20260302,46769000,09:59:29.000,PAUSED,FLAT_QUOTING,fair_recovered,9866.0,9781.0,9951.0,9866.0,10
20260302,46815000,10:00:15.000,FLAT_QUOTING,PAUSED,fair_invalid_or_session_guard,9866.0,9781.0,9951.0,,4
20260302,46825000,10:00:25.000,PAUSED,FLAT_QUOTING,fair_recovered,9866.0,9781.0,9951.0,9866.25,6
20260302,46837000,10:00:37.000,FLAT_QUOTING,PAUSED,fair_invalid_or_session_guard,9866.0,9781.0,9951.0,,4
20260302,46839000,10:00:39.000,PAUSED,FLAT_QUOTING,fair_recovered,9863.0,9778.0,9948.0,9862.75,6
20260302,46868000,10:01:08.000,FLAT_QUOTING,PAUSED,fair_invalid_or_session_guard,9863.0,9778.0,9948.0,,8
20260302,46885000,10:01:25.000,PAUSED,FLAT_QUOTING,fair_recovered,9862.0,9777.0,9947.0,9862.5,6
20260302,46896000,10:01:36.000,FLAT_QUOTING,PAUSED,fair_invalid_or_session_guard,9862.0,9777.0,9947.0,,8
20260302,46915000,10:01:55.000,PAUSED,FLAT_QUOTING,fair_recovered,9861.0,9776.0,9946.0,9861.375,6
20260302,46927000,10:02:07.000,FLAT_QUOTING,PAUSED,fair_invalid_or_session_guard,9861.0,9776.0,9946.0,,8
20260302,46930000,10:02:10.000,PAUSED,FLAT_QUOTING,fair_recovered,9866.0,9781.0,9951.0,9865.5,8
20260302,46959000,10:02:39.000,FLAT_QUOTING,PAUSED,fair_invalid_or_session_guard,9866.0,9781.0,9951.0,,6
20260302,46962000,10:02:42.000,PAUSED,FLAT_QUOTING,fair_recovered,9868.0,9783.0,9953.0,9868.5,8
20260302,46968000,10:02:48.000,FLAT_QUOTING,PAUSED,fair_invalid_or_session_guard,9868.0,9783.0,9953.0,,10
20260302,46972000,10:02:52.000,PAUSED,FLAT_QUOTING,fair_recovered,9870.0,9785.0,9955.0,9869.75,12
20260302,46996000,10:03:16.000,FLAT_QUOTING,PAUSED,fair_invalid_or_session_guard,9870.0,9785.0,9955.0,,8
20260302,46998000,10:03:18.000,PAUSED,FLAT_QUOTING,fair_recovered,9869.0,9784.0,9954.0,9869.25,10
20260302,47009000,10:03:29.000,FLAT_QUOTING,PAUSED,fair_invalid_or_session_guard,9869.0,9784.0,9954.0,,12
20260302,47015000,10:03:35.000,PAUSED,FLAT_QUOTING,fair_recovered,9867.0,9782.0,9952.0,9867.0,14
20260302,47021000,10:03:41.000,FLAT_QUOTING,PAUSED,fair_invalid_or_session_guard,9867.0,9782.0,9952.0,,14
20260302,47024000,10:03:44.000,PAUSED,FLAT_QUOTING,fair_recovered,9866.0,9781.0,9951.0,9866.5,14
20260302,47028000,10:03:48.000,FLAT_QUOTING,PAUSED,fair_invalid_or_session_guard,9866.0,9781.0,9951.0,,14
20260302,47034000,10:03:54.000,PAUSED,FLAT_QUOTING,fair_recovered,9864.0,9779.0,9949.0,9863.75,14
20260302,47063000,10:04:23.000,FLAT_QUOTING,PAUSED,fair_invalid_or_session_guard,9864.0,9779.0,9949.0,,12
20260302,47068000,10:04:28.000,PAUSED,FLAT_QUOTING,fair_recovered,9862.0,9777.0,9947.0,9862.5,14
20260302,47078000,10:04:38.000,FLAT_QUOTING,PAUSED,fair_invalid_or_session_guard,9862.0,9777.0,9947.0,,12
20260302,47096000,10:04:56.000,PAUSED,FLAT_QUOTING,fair_recovered,9864.0,9779.0,9949.0,9863.5,6
20260302,47108000,10:05:08.000,FLAT_QUOTING,PAUSED,fair_invalid_or_session_guard,9864.0,9779.0,9949.0,,8
20260302,47111000,10:05:11.000,PAUSED,FLAT_QUOTING,fair_recovered,9864.0,9779.0,9949.0,9863.5,10
20260302,47117000,10:05:17.000,FLAT_QUOTING,PAUSED,fair_invalid_or_session_guard,9864.0,9779.0,9949.0,,12
20260302,47120000,10:05:20.000,PAUSED,FLAT_QUOTING,fair_recovered,9862.0,9777.0,9947.0,9862.25,14
20260302,47141000,10:05:41.000,FLAT_QUOTING,PAUSED,fair_invalid_or_session_guard,9862.0,9777.0,9947.0,9857.5,10
20260302,47164000,10:06:04.000,PAUSED,FLAT_QUOTING,fair_recovered,9856.0,9771.0,9941.0,9855.5,10
20260302,47169000,10:06:09.000,FLAT_QUOTING,PAUSED,fair_invalid_or_session_guard,9856.0,9771.0,9941.0,9854.5,10
20260302,47183000,10:06:23.000,PAUSED,FLAT_QUOTING,fair_recovered,9856.0,9771.0,9941.0,9855.5,6
20260302,47191000,10:06:31.000,FLAT_QUOTING,PAUSED,fair_invalid_or_session_guard,9856.0,9771.0,9941.0,,8
20260302,47195000,10:06:35.000,PAUSED,FLAT_QUOTING,fair_recovered,9856.0,9771.0,9941.0,9855.5,10
20260302,47199000,10:06:39.000,FLAT_QUOTING,PAUSED,fair_invalid_or_session_guard,9856.0,9771.0,9941.0,,12
20260302,47204000,10:06:44.000,PAUSED,FLAT_QUOTING,fair_recovered,9856.0,9771.0,9941.0,9856.0,12
20260302,47212000,10:06:52.000,FLAT_QUOTING,PAUSED,fair_invalid_or_session_guard,9856.0,9771.0,9941.0,,14
20260302,47214000,10:06:54.000,PAUSED,FLAT_QUOTING,fair_recovered,9856.0,9771.0,9941.0,9855.75,16
20260302,47229000,10:07:09.000,FLAT_QUOTING,PAUSED,fair_invalid_or_session_guard,9856.0,9771.0,9941.0,,14
20260302,47234000,10:07:14.000,PAUSED,FLAT_QUOTING,fair_recovered,9852.0,9767.0,9937.0,9851.5,16
20260302,47252000,10:07:32.000,FLAT_QUOTING,PAUSED,fair_invalid_or_session_guard,9852.0,9767.0,9937.0,,14
20260302,47266000,10:07:46.000,PAUSED,FLAT_QUOTING,fair_recovered,9851.0,9766.0,9936.0,9850.875,10
20260302,47277000,10:07:57.000,FLAT_QUOTING,PAUSED,fair_invalid_or_session_guard,9851.0,9766.0,9936.0,,8
20260302,47280000,10:08:00.000,PAUSED,FLAT_QUOTING,fair_recovered,9850.0,9765.0,9935.0,9850.25,10
20260302,47308000,10:08:28.000,FLAT_QUOTING,PAUSED,fair_invalid_or_session_guard,9850.0,9765.0,9935.0,,8
20260302,47310000,10:08:30.000,PAUSED,FLAT_QUOTING,fair_recovered,9847.0,9762.0,9932.0,9847.25,10
20260302,47339000,10:08:59.000,FLAT_QUOTING,PAUSED,fair_invalid_or_session_guard,9847.0,9762.0,9932.0,,6
20260302,47352000,10:09:12.000,PAUSED,FLAT_QUOTING,fair_recovered,9848.0,9763.0,9933.0,9847.5,6
20260302,47356000,10:09:16.000,FLAT_QUOTING,PAUSED,fair_invalid_or_session_guard,9848.0,9763.0,9933.0,,8
20260302,47366000,10:09:26.000,PAUSED,FLAT_QUOTING,fair_recovered,9848.0,9763.0,9933.0,9847.75,10
20260302,47371000,10:09:31.000,FLAT_QUOTING,PAUSED,fair_invalid_or_session_guard,9848.0,9763.0,9933.0,,8
20260302,47381000,10:09:41.000,PAUSED,FLAT_QUOTING,fair_recovered,9848.0,9763.0,9933.0,9848.0,10
20260302,47385000,10:09:45.000,FLAT_QUOTING,PAUSED,fair_invalid_or_session_guard,9848.0,9763.0,9933.0,,12
20260302,47393000,10:09:53.000,PAUSED,FLAT_QUOTING,fair_recovered,9848.0,9763.0,9933.0,9848.5,14
20260302,47398000,10:09:58.000,FLAT_QUOTING,PAUSED,fair_invalid_or_session_guard,9848.0,9763.0,9933.0,,16
20260302,47401000,10:10:01.000,PAUSED,FLAT_QUOTING,fair_recovered,9849.0,9764.0,9934.0,9849.0,16
20260302,47407000,10:10:07.000,FLAT_QUOTING,PAUSED,fair_invalid_or_session_guard,9849.0,9764.0,9934.0,,18
20260302,47418000,10:10:18.000,PAUSED,FLAT_QUOTING,fair_recovered,9848.0,9763.0,9933.0,9847.75,16
20260302,47422000,10:10:22.000,FLAT_QUOTING,PAUSED,fair_invalid_or_session_guard,9848.0,9763.0,9933.0,,18
20260302,47426000,10:10:26.000,PAUSED,FLAT_QUOTING,fair_recovered,9847.0,9762.0,9932.0,9847.25,18
20260302,47437000,10:10:37.000,FLAT_QUOTING,PAUSED,fair_invalid_or_session_guard,9847.0,9762.0,9932.0,,18
20260302,47442000,10:10:42.000,PAUSED,FLAT_QUOTING,fair_recovered,9846.0,9761.0,9931.0,9846.0,18
20260302,47453000,10:10:53.000,FLAT_QUOTING,PAUSED,fair_invalid_or_session_guard,9846.0,9761.0,9931.0,,16
20260302,47458000,10:10:58.000,PAUSED,FLAT_QUOTING,fair_recovered,9846.0,9761.0,9931.0,9846.0,16
20260302,47467000,10:11:07.000,FLAT_QUOTING,PAUSED,fair_invalid_or_session_guard,9846.0,9761.0,9931.0,,14
20260302,47477000,10:11:17.000,PAUSED,FLAT_QUOTING,fair_recovered,9846.0,9761.0,9931.0,9846.0,16
20260302,47484000,10:11:24.000,FLAT_QUOTING,PAUSED,fair_invalid_or_session_guard,9846.0,9761.0,9931.0,,14
20260302,47498000,10:11:38.000,PAUSED,FLAT_QUOTING,fair_recovered,9846.0,9761.0,9931.0,9846.375,12
20260302,47500000,10:11:40.000,FLAT_QUOTING,PAUSED,fair_invalid_or_session_guard,9846.0,9761.0,9931.0,,14
20260302,47518000,10:11:58.000,PAUSED,FLAT_QUOTING,fair_recovered,9846.0,9761.0,9931.0,9846.5,10
20260302,47521000,10:12:01.000,FLAT_QUOTING,PAUSED,fair_invalid_or_session_guard,9846.0,9761.0,9931.0,,12
20260302,47539000,10:12:19.000,PAUSED,FLAT_QUOTING,fair_recovered,9845.0,9760.0,9930.0,9845.25,10
20260302,47542000,10:12:22.000,FLAT_QUOTING,PAUSED,fair_invalid_or_session_guard,9845.0,9760.0,9930.0,,12
20260302,47557000,10:12:37.000,PAUSED,FLAT_QUOTING,fair_recovered,9846.0,9761.0,9931.0,9845.75,12
20260302,47562000,10:12:42.000,FLAT_QUOTING,PAUSED,fair_invalid_or_session_guard,9846.0,9761.0,9931.0,,10
20260302,47569000,10:12:49.000,PAUSED,FLAT_QUOTING,fair_recovered,9845.0,9760.0,9930.0,9845.0,12
20260302,47574000,10:12:54.000,FLAT_QUOTING,PAUSED,fair_invalid_or_session_guard,9845.0,9760.0,9930.0,,14
20260302,47576000,10:12:56.000,PAUSED,FLAT_QUOTING,fair_recovered,9845.0,9760.0,9930.0,9844.875,16
20260302,47580000,10:13:00.000,FLAT_QUOTING,PAUSED,fair_invalid_or_session_guard,9845.0,9760.0,9930.0,,16
20260302,47582000,10:13:02.000,PAUSED,FLAT_QUOTING,fair_recovered,9846.0,9761.0,9931.0,9846.0,16
20260302,47612000,10:13:32.000,FLAT_QUOTING,PAUSED,fair_invalid_or_session_guard,9846.0,9761.0,9931.0,,14
20260302,47615000,10:13:35.000,PAUSED,FLAT_QUOTING,fair_recovered,9853.0,9768.0,9938.0,9853.0,16
20260302,47652000,10:14:12.000,FLAT_QUOTING,PAUSED,fair_invalid_or_session_guard,9853.0,9768.0,9938.0,,4
20260302,47656000,10:14:16.000,PAUSED,FLAT_QUOTING,fair_recovered,9849.0,9764.0,9934.0,9848.875,6
20260302,47683000,10:14:43.000,FLAT_QUOTING,PAUSED,fair_invalid_or_session_guard,9849.0,9764.0,9934.0,,4
20260302,47694000,10:14:54.000,PAUSED,FLAT_QUOTING,fair_recovered,9848.0,9763.0,9933.0,9848.375,6
20260302,48600000,10:30:00.000,FLAT_QUOTING,PAUSED,data_gap,9848.0,9763.0,9933.0,,0
20260302,48671000,10:31:11.000,PAUSED,FLAT_QUOTING,fair_recovered,9842.0,9757.0,9927.0,9841.5,0
20260302,48679000,10:31:19.000,FLAT_QUOTING,PAUSED,fair_invalid_or_session_guard,9842.0,9757.0,9927.0,,2
20260302,48681000,10:31:21.000,PAUSED,FLAT_QUOTING,fair_recovered,9841.0,9756.0,9926.0,9841.0,4
20260302,48686000,10:31:26.000,FLAT_QUOTING,PAUSED,fair_invalid_or_session_guard,9841.0,9756.0,9926.0,,6
20260302,48688000,10:31:28.000,PAUSED,FLAT_QUOTING,fair_recovered,9842.0,9757.0,9927.0,9842.5,8
20260302,48697000,10:31:37.000,FLAT_QUOTING,PAUSED,fair_invalid_or_session_guard,9842.0,9757.0,9927.0,,10
20260302,48702000,10:31:42.000,PAUSED,FLAT_QUOTING,fair_recovered,9842.0,9757.0,9927.0,9842.5,12
20260302,48732000,10:32:12.000,FLAT_QUOTING,PAUSED,fair_invalid_or_session_guard,9842.0,9757.0,9927.0,,12
20260302,48736000,10:32:16.000,PAUSED,FLAT_QUOTING,fair_recovered,9844.0,9759.0,9929.0,9844.25,14
20260302,48746000,10:32:26.000,FLAT_QUOTING,PAUSED,fair_invalid_or_session_guard,9844.0,9759.0,9929.0,,10
20260302,48764000,10:32:44.000,PAUSED,FLAT_QUOTING,fair_recovered,9844.0,9759.0,9929.0,9844.25,6
20260302,48766000,10:32:46.000,FLAT_QUOTING,PAUSED,fair_invalid_or_session_guard,9844.0,9759.0,9929.0,,8
20260302,48772000,10:32:52.000,PAUSED,FLAT_QUOTING,fair_recovered,9843.0,9758.0,9928.0,9843.25,10
20260302,48780000,10:33:00.000,FLAT_QUOTING,PAUSED,fair_invalid_or_session_guard,9843.0,9758.0,9928.0,,12
20260302,48783000,10:33:03.000,PAUSED,FLAT_QUOTING,fair_recovered,9844.0,9759.0,9929.0,9844.0,14
20260302,48802000,10:33:22.000,FLAT_QUOTING,PAUSED,fair_invalid_or_session_guard,9844.0,9759.0,9929.0,,12
20260302,48809000,10:33:29.000,PAUSED,FLAT_QUOTING,fair_recovered,9844.0,9759.0,9929.0,9844.0,12
20260302,48814000,10:33:34.000,FLAT_QUOTING,PAUSED,fair_invalid_or_session_guard,9844.0,9759.0,9929.0,,14
20260302,48829000,10:33:49.000,PAUSED,FLAT_QUOTING,fair_recovered,9844.0,9759.0,9929.0,9843.5,12
20260302,48833000,10:33:53.000,FLAT_QUOTING,PAUSED,fair_invalid_or_session_guard,9844.0,9759.0,9929.0,,12
20260302,48835000,10:33:55.000,PAUSED,FLAT_QUOTING,fair_recovered,9844.0,9759.0,9929.0,9844.0,14
20260302,48850000,10:34:10.000,FLAT_QUOTING,PAUSED,fair_invalid_or_session_guard,9844.0,9759.0,9929.0,,12
20260302,48858000,10:34:18.000,PAUSED,FLAT_QUOTING,fair_recovered,9842.0,9757.0,9927.0,9841.5,14
20260302,48878000,10:34:38.000,FLAT_QUOTING,PAUSED,fair_invalid_or_session_guard,9842.0,9757.0,9927.0,,10
20260302,48881000,10:34:41.000,PAUSED,FLAT_QUOTING,fair_recovered,9841.0,9756.0,9926.0,9840.625,12
20260302,48896000,10:34:56.000,FLAT_QUOTING,PAUSED,fair_invalid_or_session_guard,9841.0,9756.0,9926.0,,8
20260302,48900000,10:35:00.000,PAUSED,FLAT_QUOTING,fair_recovered,9838.0,9753.0,9923.0,9838.5,10
20260302,48933000,10:35:33.000,FLAT_QUOTING,PAUSED,fair_invalid_or_session_guard,9838.0,9753.0,9923.0,,8
20260302,48935000,10:35:35.000,PAUSED,FLAT_QUOTING,fair_recovered,9840.0,9755.0,9925.0,9839.5,10
20260302,48941000,10:35:41.000,FLAT_QUOTING,PAUSED,fair_invalid_or_session_guard,9840.0,9755.0,9925.0,,8
20260302,48943000,10:35:43.000,PAUSED,FLAT_QUOTING,fair_recovered,9841.0,9756.0,9926.0,9841.0,10
20260302,48949000,10:35:49.000,FLAT_QUOTING,PAUSED,fair_invalid_or_session_guard,9841.0,9756.0,9926.0,,12
20260302,48954000,10:35:54.000,PAUSED,FLAT_QUOTING,fair_recovered,9840.0,9755.0,9925.0,9840.5,14
20260302,48957000,10:35:57.000,FLAT_QUOTING,PAUSED,fair_invalid_or_session_guard,9840.0,9755.0,9925.0,,14
20260302,48977000,10:36:17.000,PAUSED,FLAT_QUOTING,fair_recovered,9840.0,9755.0,9925.0,9839.5,14
20260302,48987000,10:36:27.000,FLAT_QUOTING,PAUSED,fair_invalid_or_session_guard,9840.0,9755.0,9925.0,,16
20260302,49053000,10:37:33.000,PAUSED,FLAT_QUOTING,fair_recovered,9838.0,9753.0,9923.0,9838.0,0
20260302,49063000,10:37:43.000,FLAT_QUOTING,PAUSED,fair_invalid_or_session_guard,9838.0,9753.0,9923.0,,2
20260302,49067000,10:37:47.000,PAUSED,FLAT_QUOTING,fair_recovered,9839.0,9754.0,9924.0,9838.75,4
20260302,49075000,10:37:55.000,FLAT_QUOTING,PAUSED,fair_invalid_or_session_guard,9839.0,9754.0,9924.0,,6
20260302,49093000,10:38:13.000,PAUSED,FLAT_QUOTING,fair_recovered,9840.0,9755.0,9925.0,9839.5,8
20260302,49103000,10:38:23.000,FLAT_QUOTING,PAUSED,fair_invalid_or_session_guard,9840.0,9755.0,9925.0,,10
20260302,49107000,10:38:27.000,PAUSED,FLAT_QUOTING,fair_recovered,9838.0,9753.0,9923.0,9838.25,12
20260302,49115000,10:38:35.000,FLAT_QUOTING,PAUSED,fair_invalid_or_session_guard,9838.0,9753.0,9923.0,,12
20260302,49250000,10:40:50.000,PAUSED,FLAT_QUOTING,fair_recovered,9846.0,9761.0,9931.0,9846.25,0
20260302,49257000,10:40:57.000,FLAT_QUOTING,PAUSED,fair_invalid_or_session_guard,9846.0,9761.0,9931.0,,2
20260302,49261000,10:41:01.000,PAUSED,FLAT_QUOTING,fair_recovered,9845.0,9760.0,9930.0,9845.0,4
20260302,49278000,10:41:18.000,FLAT_QUOTING,PAUSED,fair_invalid_or_session_guard,9845.0,9760.0,9930.0,,6
20260302,49337000,10:42:17.000,PAUSED,FLAT_QUOTING,fair_recovered,9853.0,9768.0,9938.0,9853.25,2
20260302,49341000,10:42:21.000,FLAT_QUOTING,PAUSED,fair_invalid_or_session_guard,9853.0,9768.0,9938.0,,2
20260302,49393000,10:43:13.000,PAUSED,FLAT_QUOTING,fair_recovered,9853.0,9768.0,9938.0,9853.0,4
20260302,49401000,10:43:21.000,FLAT_QUOTING,PAUSED,fair_invalid_or_session_guard,9853.0,9768.0,9938.0,,2
20260302,49409000,10:43:29.000,PAUSED,FLAT_QUOTING,fair_recovered,9854.0,9769.0,9939.0,9854.0,4
20260302,49414000,10:43:34.000,FLAT_QUOTING,PAUSED,fair_invalid_or_session_guard,9854.0,9769.0,9939.0,,6
20260302,49416000,10:43:36.000,PAUSED,FLAT_QUOTING,fair_recovered,9855.0,9770.0,9940.0,9854.75,8
20260302,49418000,10:43:38.000,FLAT_QUOTING,PAUSED,fair_invalid_or_session_guard,9855.0,9770.0,9940.0,,10
20260302,49421000,10:43:41.000,PAUSED,FLAT_QUOTING,fair_recovered,9856.0,9771.0,9941.0,9856.0,12
20260302,49432000,10:43:52.000,FLAT_QUOTING,PAUSED,fair_invalid_or_session_guard,9856.0,9771.0,9941.0,,14
20260302,49434000,10:43:54.000,PAUSED,FLAT_QUOTING,fair_recovered,9856.0,9771.0,9941.0,9855.5,16
20260302,49443000,10:44:03.000,FLAT_QUOTING,PAUSED,fair_invalid_or_session_guard,9856.0,9771.0,9941.0,,18
20260302,49480000,10:44:40.000,PAUSED,FLAT_QUOTING,fair_recovered,9853.0,9768.0,9938.0,9852.75,8
20260302,49484000,10:44:44.000,FLAT_QUOTING,PAUSED,fair_invalid_or_session_guard,9853.0,9768.0,9938.0,,8
20260302,49492000,10:44:52.000,PAUSED,FLAT_QUOTING,fair_recovered,9852.0,9767.0,9937.0,9852.5,8
20260302,49498000,10:44:58.000,FLAT_QUOTING,PAUSED,fair_invalid_or_session_guard,9852.0,9767.0,9937.0,,8
20260302,49500000,10:45:00.000,PAUSED,FLAT_QUOTING,fair_recovered,9852.0,9767.0,9937.0,9852.5,10
20260302,49507000,10:45:07.000,FLAT_QUOTING,PAUSED,fair_invalid_or_session_guard,9852.0,9767.0,9937.0,,10
20260302,49518000,10:45:18.000,PAUSED,FLAT_QUOTING,fair_recovered,9852.0,9767.0,9937.0,9851.75,12
20260302,49522000,10:45:22.000,FLAT_QUOTING,PAUSED,data_gap,9852.0,9767.0,9937.0,,14
20260302,49530000,10:45:30.000,PAUSED,FLAT_QUOTING,fair_recovered,9852.0,9767.0,9937.0,9851.5,16
20260302,49555000,10:45:55.000,FLAT_QUOTING,PAUSED,fair_invalid_or_session_guard,9852.0,9767.0,9937.0,,12
20260302,49558000,10:45:58.000,PAUSED,FLAT_QUOTING,fair_recovered,9850.0,9765.0,9935.0,9850.25,12
20260302,49563000,10:46:03.000,FLAT_QUOTING,PAUSED,fair_invalid_or_session_guard,9850.0,9765.0,9935.0,,12
20260302,49573000,10:46:13.000,PAUSED,FLAT_QUOTING,fair_recovered,9850.0,9765.0,9935.0,9849.625,12
20260302,49578000,10:46:18.000,FLAT_QUOTING,PAUSED,data_gap,9850.0,9765.0,9935.0,,12
20260302,49589000,10:46:29.000,PAUSED,FLAT_QUOTING,fair_recovered,9848.0,9763.0,9933.0,9848.25,12
20260302,49592000,10:46:32.000,FLAT_QUOTING,PAUSED,fair_invalid_or_session_guard,9848.0,9763.0,9933.0,,12
20260302,49609000,10:46:49.000,PAUSED,FLAT_QUOTING,fair_recovered,9847.0,9762.0,9932.0,9847.25,14
20260302,49613000,10:46:53.000,FLAT_QUOTING,PAUSED,fair_invalid_or_session_guard,9847.0,9762.0,9932.0,,16
20260302,49616000,10:46:56.000,PAUSED,FLAT_QUOTING,fair_recovered,9848.0,9763.0,9933.0,9847.5,16
20260302,49620000,10:47:00.000,FLAT_QUOTING,PAUSED,fair_invalid_or_session_guard,9848.0,9763.0,9933.0,,16
20260302,49631000,10:47:11.000,PAUSED,FLAT_QUOTING,fair_recovered,9844.0,9759.0,9929.0,9843.75,16
20260302,49637000,10:47:17.000,FLAT_QUOTING,PAUSED,fair_invalid_or_session_guard,9844.0,9759.0,9929.0,,16
20260302,49642000,10:47:22.000,PAUSED,FLAT_QUOTING,fair_recovered,9844.0,9759.0,9929.0,9844.0,16
20260302,49647000,10:47:27.000,FLAT_QUOTING,PAUSED,fair_invalid_or_session_guard,9844.0,9759.0,9929.0,,18
20260302,49654000,10:47:34.000,PAUSED,FLAT_QUOTING,fair_recovered,9844.0,9759.0,9929.0,9844.0,16
20260302,49661000,10:47:41.000,FLAT_QUOTING,PAUSED,fair_invalid_or_session_guard,9844.0,9759.0,9929.0,,18
20260302,49664000,10:47:44.000,PAUSED,PAUSED,order_action_limit,9844.0,9759.0,9929.0,9844.5,20
20260302,49665000,10:47:45.000,PAUSED,PAUSED,order_action_limit,9844.0,9759.0,9929.0,9844.25,20
20260302,49666000,10:47:46.000,PAUSED,PAUSED,order_action_limit,9844.0,9759.0,9929.0,9844.5,20
20260302,49681000,10:48:01.000,PAUSED,FLAT_QUOTING,fair_recovered,9844.0,9759.0,9929.0,9844.125,12
20260302,49686000,10:48:06.000,FLAT_QUOTING,PAUSED,fair_invalid_or_session_guard,9844.0,9759.0,9929.0,,14
20260302,49698000,10:48:18.000,PAUSED,FLAT_QUOTING,fair_recovered,9848.0,9763.0,9933.0,9847.5,12
20260302,49707000,10:48:27.000,FLAT_QUOTING,PAUSED,fair_invalid_or_session_guard,9848.0,9763.0,9933.0,,10
20260302,49716000,10:48:36.000,PAUSED,FLAT_QUOTING,fair_recovered,9852.0,9767.0,9937.0,9852.25,10
20260302,49722000,10:48:42.000,FLAT_QUOTING,PAUSED,fair_invalid_or_session_guard,9852.0,9767.0,9937.0,,10
20260302,49727000,10:48:47.000,PAUSED,FLAT_QUOTING,fair_recovered,9852.0,9767.0,9937.0,9852.0,12
20260302,49748000,10:49:08.000,FLAT_QUOTING,PAUSED,fair_invalid_or_session_guard,9852.0,9767.0,9937.0,,10
20260302,49754000,10:49:14.000,PAUSED,FLAT_QUOTING,fair_recovered,9853.0,9768.0,9938.0,9852.75,12
20260302,49761000,10:49:21.000,FLAT_QUOTING,PAUSED,fair_invalid_or_session_guard,9853.0,9768.0,9938.0,,12
20260302,49781000,10:49:41.000,PAUSED,FLAT_QUOTING,fair_recovered,9852.0,9767.0,9937.0,9852.0,10
20260302,49789000,10:49:49.000,FLAT_QUOTING,PAUSED,data_gap,9852.0,9767.0,9937.0,9853.75,8
20260302,49791000,10:49:51.000,PAUSED,FLAT_QUOTING,fair_recovered,9854.0,9769.0,9939.0,9853.75,10
20260302,49799000,10:49:59.000,FLAT_QUOTING,PAUSED,fair_invalid_or_session_guard,9854.0,9769.0,9939.0,,12
20260302,49804000,10:50:04.000,PAUSED,FLAT_QUOTING,fair_recovered,9853.0,9768.0,9938.0,9853.0,14
20260302,49810000,10:50:10.000,FLAT_QUOTING,PAUSED,fair_invalid_or_session_guard,9853.0,9768.0,9938.0,,14
20260302,49861000,10:51:01.000,PAUSED,FLAT_QUOTING,fair_recovered,9854.0,9769.0,9939.0,9854.0,4
20260302,49873000,10:51:13.000,FLAT_QUOTING,PAUSED,fair_invalid_or_session_guard,9854.0,9769.0,9939.0,,2
20260302,49876000,10:51:16.000,PAUSED,FLAT_QUOTING,fair_recovered,9854.0,9769.0,9939.0,9853.625,4
20260302,49881000,10:51:21.000,FLAT_QUOTING,PAUSED,data_gap,9854.0,9769.0,9939.0,,6
20260302,49890000,10:51:30.000,PAUSED,FLAT_QUOTING,fair_recovered,9854.0,9769.0,9939.0,9854.25,8
20260302,49892000,10:51:32.000,FLAT_QUOTING,PAUSED,fair_invalid_or_session_guard,9854.0,9769.0,9939.0,,10
20260302,49902000,10:51:42.000,PAUSED,FLAT_QUOTING,fair_recovered,9855.0,9770.0,9940.0,9855.0,12
20260302,49916000,10:51:56.000,FLAT_QUOTING,PAUSED,fair_invalid_or_session_guard,9855.0,9770.0,9940.0,,14
20260302,49919000,10:51:59.000,PAUSED,FLAT_QUOTING,fair_recovered,9853.0,9768.0,9938.0,9853.0,16
20260302,49938000,10:52:18.000,FLAT_QUOTING,PAUSED,fair_invalid_or_session_guard,9853.0,9768.0,9938.0,,12
20260302,49952000,10:52:32.000,PAUSED,FLAT_QUOTING,fair_recovered,9854.0,9769.0,9939.0,9854.5,8
20260302,49956000,10:52:36.000,FLAT_QUOTING,PAUSED,fair_invalid_or_session_guard,9854.0,9769.0,9939.0,,10
20260302,49965000,10:52:45.000,PAUSED,FLAT_QUOTING,fair_recovered,9856.0,9771.0,9941.0,9855.5,10
20260302,49982000,10:53:02.000,FLAT_QUOTING,PAUSED,fair_invalid_or_session_guard,9856.0,9771.0,9941.0,,8
20260302,49988000,10:53:08.000,PAUSED,FLAT_QUOTING,fair_recovered,9856.0,9771.0,9941.0,9856.5,10
20260302,49996000,10:53:16.000,FLAT_QUOTING,PAUSED,fair_invalid_or_session_guard,9856.0,9771.0,9941.0,,12
20260302,50002000,10:53:22.000,PAUSED,FLAT_QUOTING,fair_recovered,9855.0,9770.0,9940.0,9855.0,12
20260302,50007000,10:53:27.000,FLAT_QUOTING,PAUSED,fair_invalid_or_session_guard,9855.0,9770.0,9940.0,,14
20260302,50072000,10:54:32.000,PAUSED,FLAT_QUOTING,fair_recovered,9854.0,9769.0,9939.0,9854.0,0
20260302,50080000,10:54:40.000,FLAT_QUOTING,PAUSED,data_gap,9854.0,9769.0,9939.0,,2
20260302,50087000,10:54:47.000,PAUSED,FLAT_QUOTING,fair_recovered,9852.0,9767.0,9937.0,9852.0,4
20260302,50120000,10:55:20.000,FLAT_QUOTING,PAUSED,fair_invalid_or_session_guard,9852.0,9767.0,9937.0,,6
20260302,50122000,10:55:22.000,PAUSED,FLAT_QUOTING,fair_recovered,9855.0,9770.0,9940.0,9855.0,8
20260302,50124000,10:55:24.000,FLAT_QUOTING,PAUSED,fair_invalid_or_session_guard,9855.0,9770.0,9940.0,,10
20260302,50126000,10:55:26.000,PAUSED,FLAT_QUOTING,fair_recovered,9856.0,9771.0,9941.0,9856.0,12
20260302,50129000,10:55:29.000,FLAT_QUOTING,PAUSED,fair_invalid_or_session_guard,9856.0,9771.0,9941.0,,14
20260302,50137000,10:55:37.000,PAUSED,FLAT_QUOTING,fair_recovered,9856.0,9771.0,9941.0,9856.0,14
20260302,50153000,10:55:53.000,FLAT_QUOTING,PAUSED,fair_invalid_or_session_guard,9856.0,9771.0,9941.0,,12
20260302,50169000,10:56:09.000,PAUSED,FLAT_QUOTING,fair_recovered,9856.0,9771.0,9941.0,9855.75,14
20260302,50175000,10:56:15.000,FLAT_QUOTING,PAUSED,fair_invalid_or_session_guard,9856.0,9771.0,9941.0,,16
20260302,50192000,10:56:32.000,PAUSED,FLAT_QUOTING,fair_recovered,9856.0,9771.0,9941.0,9856.0,8
20260302,50196000,10:56:36.000,FLAT_QUOTING,PAUSED,fair_invalid_or_session_guard,9856.0,9771.0,9941.0,,10
20260302,50238000,10:57:18.000,PAUSED,FLAT_QUOTING,fair_recovered,9856.0,9771.0,9941.0,9856.0,4
20260302,50244000,10:57:24.000,FLAT_QUOTING,PAUSED,fair_invalid_or_session_guard,9856.0,9771.0,9941.0,,6
20260302,50267000,10:57:47.000,PAUSED,FLAT_QUOTING,fair_recovered,9855.0,9770.0,9940.0,9854.75,4
20260302,50272000,10:57:52.000,FLAT_QUOTING,PAUSED,fair_invalid_or_session_guard,9855.0,9770.0,9940.0,,6
20260302,50279000,10:57:59.000,PAUSED,FLAT_QUOTING,fair_recovered,9853.0,9768.0,9938.0,9853.25,8
20260302,50283000,10:58:03.000,FLAT_QUOTING,PAUSED,fair_invalid_or_session_guard,9853.0,9768.0,9938.0,,10
20260302,50286000,10:58:06.000,PAUSED,FLAT_QUOTING,fair_recovered,9852.0,9767.0,9937.0,9852.125,12
20260302,50289000,10:58:09.000,FLAT_QUOTING,PAUSED,fair_invalid_or_session_guard,9852.0,9767.0,9937.0,,14
20260302,50305000,10:58:25.000,PAUSED,FLAT_QUOTING,fair_recovered,9849.0,9764.0,9934.0,9849.25,12
20260302,50313000,10:58:33.000,FLAT_QUOTING,PAUSED,fair_invalid_or_session_guard,9849.0,9764.0,9934.0,,14
20260302,50496000,11:01:36.000,PAUSED,FLAT_QUOTING,fair_recovered,9868.0,9783.0,9953.0,9868.5,0
20260302,50548000,11:02:28.000,FLAT_QUOTING,PAUSED,fair_invalid_or_session_guard,9868.0,9783.0,9953.0,,2
20260302,50550000,11:02:30.000,PAUSED,FLAT_QUOTING,fair_recovered,9871.0,9786.0,9956.0,9870.875,4
20260302,50569000,11:02:49.000,FLAT_QUOTING,PAUSED,fair_invalid_or_session_guard,9871.0,9786.0,9956.0,,4
20260302,50571000,11:02:51.000,PAUSED,FLAT_QUOTING,fair_recovered,9869.0,9784.0,9954.0,9869.0,6
20260302,50579000,11:02:59.000,FLAT_QUOTING,PAUSED,fair_invalid_or_session_guard,9869.0,9784.0,9954.0,,8
20260302,50585000,11:03:05.000,PAUSED,FLAT_QUOTING,fair_recovered,9870.0,9785.0,9955.0,9870.0,10
20260302,50594000,11:03:14.000,FLAT_QUOTING,PAUSED,fair_invalid_or_session_guard,9870.0,9785.0,9955.0,,12
20260302,50894000,11:08:14.000,PAUSED,FLAT_QUOTING,fair_recovered,9880.0,9795.0,9965.0,9880.0,0
20260302,50897000,11:08:17.000,FLAT_QUOTING,PAUSED,fair_invalid_or_session_guard,9880.0,9795.0,9965.0,,2
20260302,50912000,11:08:32.000,PAUSED,FLAT_QUOTING,fair_recovered,9880.0,9795.0,9965.0,9879.5,4
20260302,50914000,11:08:34.000,FLAT_QUOTING,PAUSED,fair_invalid_or_session_guard,9880.0,9795.0,9965.0,,6
20260302,50920000,11:08:40.000,PAUSED,FLAT_QUOTING,fair_recovered,9879.0,9794.0,9964.0,9879.25,8
20260302,50938000,11:08:58.000,FLAT_QUOTING,PAUSED,fair_invalid_or_session_guard,9879.0,9794.0,9964.0,,10
20260302,50943000,11:09:03.000,PAUSED,FLAT_QUOTING,fair_recovered,9883.0,9798.0,9968.0,9883.0,12
20260302,50951000,11:09:11.000,FLAT_QUOTING,PAUSED,fair_invalid_or_session_guard,9883.0,9798.0,9968.0,,14
20260302,50957000,11:09:17.000,PAUSED,FLAT_QUOTING,fair_recovered,9884.0,9799.0,9969.0,9884.25,12
20260302,50966000,11:09:26.000,FLAT_QUOTING,PAUSED,fair_invalid_or_session_guard,9884.0,9799.0,9969.0,,14
20260302,50969000,11:09:29.000,PAUSED,FLAT_QUOTING,fair_recovered,9884.0,9799.0,9969.0,9884.5,16
20260302,51029000,11:10:29.000,FLAT_QUOTING,PAUSED,fair_invalid_or_session_guard,9884.0,9799.0,9969.0,9901.5,0
20260302,51060000,11:11:00.000,PAUSED,FLAT_QUOTING,fair_recovered,9891.0,9806.0,9976.0,9890.75,2
20260302,51062000,11:11:02.000,FLAT_QUOTING,PAUSED,fair_invalid_or_session_guard,9891.0,9806.0,9976.0,,4
20260302,51065000,11:11:05.000,PAUSED,FLAT_QUOTING,fair_recovered,9890.0,9805.0,9975.0,9889.5,6
20260302,51069000,11:11:09.000,FLAT_QUOTING,PAUSED,fair_invalid_or_session_guard,9890.0,9805.0,9975.0,,8
20260302,51072000,11:11:12.000,PAUSED,FLAT_QUOTING,fair_recovered,9889.0,9804.0,9974.0,9889.25,10
20260302,51074000,11:11:14.000,FLAT_QUOTING,PAUSED,fair_invalid_or_session_guard,9889.0,9804.0,9974.0,,12
20260302,51076000,11:11:16.000,PAUSED,FLAT_QUOTING,fair_recovered,9894.0,9809.0,9979.0,9894.0,14
20260302,51111000,11:11:51.000,FLAT_QUOTING,PAUSED,fair_invalid_or_session_guard,9894.0,9809.0,9979.0,,14
20260302,51146000,11:12:26.000,PAUSED,FLAT_QUOTING,fair_recovered,9888.0,9803.0,9973.0,9887.75,2
20260302,51148000,11:12:28.000,FLAT_QUOTING,PAUSED,fair_invalid_or_session_guard,9888.0,9803.0,9973.0,,4
20260302,51151000,11:12:31.000,PAUSED,FLAT_QUOTING,fair_recovered,9889.0,9804.0,9974.0,9889.125,6
20260302,51173000,11:12:53.000,FLAT_QUOTING,PAUSED,fair_invalid_or_session_guard,9889.0,9804.0,9974.0,,6
20260302,51177000,11:12:57.000,PAUSED,FLAT_QUOTING,fair_recovered,9888.0,9803.0,9973.0,9888.25,8
20260302,51188000,11:13:08.000,FLAT_QUOTING,PAUSED,fair_invalid_or_session_guard,9888.0,9803.0,9973.0,,10
20260302,51190000,11:13:10.000,PAUSED,FLAT_QUOTING,fair_recovered,9891.0,9806.0,9976.0,9891.0,12
20260302,51200000,11:13:20.000,FLAT_QUOTING,PAUSED,fair_invalid_or_session_guard,9891.0,9806.0,9976.0,,14
20260302,51210000,11:13:30.000,PAUSED,FLAT_QUOTING,fair_recovered,9891.0,9806.0,9976.0,9891.0,12
20260302,51216000,11:13:36.000,FLAT_QUOTING,PAUSED,fair_invalid_or_session_guard,9891.0,9806.0,9976.0,,12
20260302,51225000,11:13:45.000,PAUSED,FLAT_QUOTING,fair_recovered,9898.0,9813.0,9983.0,9898.5,14
20260302,51253000,11:14:13.000,FLAT_QUOTING,PAUSED,fair_invalid_or_session_guard,9898.0,9813.0,9983.0,9899.75,8
20260302,51289000,11:14:49.000,PAUSED,FLAT_QUOTING,fair_recovered,9892.0,9807.0,9977.0,9892.0,2
20260302,51297000,11:14:57.000,FLAT_QUOTING,PAUSED,fair_invalid_or_session_guard,9892.0,9807.0,9977.0,,4
20260302,51301000,11:15:01.000,PAUSED,FLAT_QUOTING,fair_recovered,9891.0,9806.0,9976.0,9891.25,6
20260302,51313000,11:15:13.000,FLAT_QUOTING,PAUSED,fair_invalid_or_session_guard,9891.0,9806.0,9976.0,,6
20260302,51321000,11:15:21.000,PAUSED,FLAT_QUOTING,fair_recovered,9892.0,9807.0,9977.0,9892.0,8
20260302,51330000,11:15:30.000,FLAT_QUOTING,PAUSED,fair_invalid_or_session_guard,9892.0,9807.0,9977.0,,10
20260302,51334000,11:15:34.000,PAUSED,FLAT_QUOTING,fair_recovered,9892.0,9807.0,9977.0,9892.25,12
20260302,51360000,11:16:00.000,FLAT_QUOTING,PAUSED,fair_invalid_or_session_guard,9892.0,9807.0,9977.0,,10
20260302,51362000,11:16:02.000,PAUSED,FLAT_QUOTING,fair_recovered,9896.0,9811.0,9981.0,9896.0,10
20260302,51368000,11:16:08.000,FLAT_QUOTING,PAUSED,fair_invalid_or_session_guard,9896.0,9811.0,9981.0,,12
20260302,51375000,11:16:15.000,PAUSED,FLAT_QUOTING,fair_recovered,9899.0,9814.0,9984.0,9898.875,12
20260302,51389000,11:16:29.000,FLAT_QUOTING,PAUSED,fair_invalid_or_session_guard,9899.0,9814.0,9984.0,,12
20260302,51391000,11:16:31.000,PAUSED,FLAT_QUOTING,fair_recovered,9899.0,9814.0,9984.0,9899.25,12
20260302,51426000,11:17:06.000,FLAT_QUOTING,PAUSED,fair_invalid_or_session_guard,9899.0,9814.0,9984.0,,8
20260302,51430000,11:17:10.000,PAUSED,FLAT_QUOTING,fair_recovered,9899.0,9814.0,9984.0,9898.75,8
20260302,51435000,11:17:15.000,FLAT_QUOTING,PAUSED,fair_invalid_or_session_guard,9899.0,9814.0,9984.0,,8
20260302,51437000,11:17:17.000,PAUSED,FLAT_QUOTING,fair_recovered,9900.0,9815.0,9985.0,9899.5,10
20260302,51446000,11:17:26.000,FLAT_QUOTING,PAUSED,fair_invalid_or_session_guard,9900.0,9815.0,9985.0,,12
20260302,51451000,11:17:31.000,PAUSED,FLAT_QUOTING,fair_recovered,9900.0,9815.0,9985.0,9900.25,10
20260302,51475000,11:17:55.000,FLAT_QUOTING,PAUSED,fair_invalid_or_session_guard,9900.0,9815.0,9985.0,,12
20260302,51478000,11:17:58.000,PAUSED,FLAT_QUOTING,fair_recovered,9899.0,9814.0,9984.0,9899.0,14
20260302,51501000,11:18:21.000,FLAT_QUOTING,PAUSED,fair_invalid_or_session_guard,9899.0,9814.0,9984.0,,8
20260302,51503000,11:18:23.000,PAUSED,FLAT_QUOTING,fair_recovered,9901.0,9816.0,9986.0,9900.625,10
20260302,51507000,11:18:27.000,FLAT_QUOTING,PAUSED,fair_invalid_or_session_guard,9901.0,9816.0,9986.0,,10
20260302,51517000,11:18:37.000,PAUSED,FLAT_QUOTING,fair_recovered,9902.0,9817.0,9987.0,9901.5,10
20260302,51522000,11:18:42.000,FLAT_QUOTING,PAUSED,fair_invalid_or_session_guard,9902.0,9817.0,9987.0,,12
20260302,51524000,11:18:44.000,PAUSED,FLAT_QUOTING,fair_recovered,9902.0,9817.0,9987.0,9902.125,14
20260302,51563000,11:19:23.000,FLAT_QUOTING,PAUSED,fair_invalid_or_session_guard,9902.0,9817.0,9987.0,,8
20260302,51567000,11:19:27.000,PAUSED,FLAT_QUOTING,fair_recovered,9905.0,9820.0,9990.0,9904.75,8
20260302,51591000,11:19:51.000,FLAT_QUOTING,PAUSED,fair_invalid_or_session_guard,9905.0,9820.0,9990.0,,4
20260302,51595000,11:19:55.000,PAUSED,FLAT_QUOTING,fair_recovered,9906.0,9821.0,9991.0,9906.25,6
20260302,51610000,11:20:10.000,FLAT_QUOTING,PAUSED,fair_invalid_or_session_guard,9906.0,9821.0,9991.0,,8
20260302,51617000,11:20:17.000,PAUSED,FLAT_QUOTING,fair_recovered,9910.0,9825.0,9995.0,9910.25,10
20260302,51629000,11:20:29.000,FLAT_QUOTING,PAUSED,fair_invalid_or_session_guard,9910.0,9825.0,9995.0,,8
20260302,51635000,11:20:35.000,PAUSED,FLAT_QUOTING,fair_recovered,9909.0,9824.0,9994.0,9909.0,10
20260302,51639000,11:20:39.000,FLAT_QUOTING,PAUSED,fair_invalid_or_session_guard,9909.0,9824.0,9994.0,,12
20260302,51654000,11:20:54.000,PAUSED,FLAT_QUOTING,fair_recovered,9910.0,9825.0,9995.0,9909.5,12
20260302,51659000,11:20:59.000,FLAT_QUOTING,PAUSED,fair_invalid_or_session_guard,9910.0,9825.0,9995.0,,12
20260302,51662000,11:21:02.000,PAUSED,FLAT_QUOTING,fair_recovered,9909.0,9824.0,9994.0,9909.0,14
20260302,51665000,11:21:05.000,FLAT_QUOTING,PAUSED,fair_invalid_or_session_guard,9909.0,9824.0,9994.0,,16
20260302,51672000,11:21:12.000,PAUSED,FLAT_QUOTING,fair_recovered,9910.0,9825.0,9995.0,9909.75,16
20260302,51684000,11:21:24.000,FLAT_QUOTING,PAUSED,fair_invalid_or_session_guard,9910.0,9825.0,9995.0,,16
20260302,51687000,11:21:27.000,PAUSED,FLAT_QUOTING,fair_recovered,9910.0,9825.0,9995.0,9909.625,18
20260302,51703000,11:21:43.000,FLAT_QUOTING,PAUSED,fair_invalid_or_session_guard,9910.0,9825.0,9995.0,,14
20260302,51705000,11:21:45.000,PAUSED,FLAT_QUOTING,fair_recovered,9908.0,9823.0,9993.0,9907.5,16
20260302,51737000,11:22:17.000,FLAT_QUOTING,PAUSED,fair_invalid_or_session_guard,9908.0,9823.0,9993.0,,8
20260302,51741000,11:22:21.000,PAUSED,FLAT_QUOTING,fair_recovered,9910.0,9825.0,9995.0,9909.5,10
20260302,51745000,11:22:25.000,FLAT_QUOTING,PAUSED,fair_invalid_or_session_guard,9910.0,9825.0,9995.0,,10
20260302,51749000,11:22:29.000,PAUSED,FLAT_QUOTING,fair_recovered,9909.0,9824.0,9994.0,9909.25,10
20260302,51765000,11:22:45.000,FLAT_QUOTING,PAUSED,fair_invalid_or_session_guard,9909.0,9824.0,9994.0,,8
20260302,51770000,11:22:50.000,PAUSED,FLAT_QUOTING,fair_recovered,9906.0,9821.0,9991.0,9906.5,10
20260302,51805000,11:23:25.000,FLAT_QUOTING,PAUSED,fair_invalid_or_session_guard,9906.0,9821.0,9991.0,,6
20260302,51831000,11:23:51.000,PAUSED,FLAT_QUOTING,fair_recovered,9901.0,9816.0,9986.0,9901.25,2
20260302,51837000,11:23:57.000,FLAT_QUOTING,PAUSED,fair_invalid_or_session_guard,9901.0,9816.0,9986.0,,4
20260302,51841000,11:24:01.000,PAUSED,FLAT_QUOTING,fair_recovered,9900.0,9815.0,9985.0,9900.25,6
20260302,51892000,11:24:52.000,FLAT_QUOTING,PAUSED,fair_invalid_or_session_guard,9900.0,9815.0,9985.0,,4
20260302,51896000,11:24:56.000,PAUSED,FLAT_QUOTING,fair_recovered,9891.0,9806.0,9976.0,9890.625,6
20260302,51920000,11:25:20.000,FLAT_QUOTING,PAUSED,fair_invalid_or_session_guard,9891.0,9806.0,9976.0,,4
20260302,51929000,11:25:29.000,PAUSED,FLAT_QUOTING,fair_recovered,9889.0,9804.0,9974.0,9888.75,6
20260302,51943000,11:25:43.000,FLAT_QUOTING,PAUSED,fair_invalid_or_session_guard,9889.0,9804.0,9974.0,,8
20260302,51951000,11:25:51.000,PAUSED,FLAT_QUOTING,fair_recovered,9888.0,9803.0,9973.0,9887.5,10
20260302,51959000,11:25:59.000,FLAT_QUOTING,PAUSED,fair_invalid_or_session_guard,9888.0,9803.0,9973.0,,8
20260302,51962000,11:26:02.000,PAUSED,FLAT_QUOTING,fair_recovered,9888.0,9803.0,9973.0,9888.5,10
20260302,51968000,11:26:08.000,FLAT_QUOTING,PAUSED,fair_invalid_or_session_guard,9888.0,9803.0,9973.0,,12
20260302,51970000,11:26:10.000,PAUSED,FLAT_QUOTING,fair_recovered,9887.0,9802.0,9972.0,9887.25,14
20260302,51976000,11:26:16.000,FLAT_QUOTING,PAUSED,fair_invalid_or_session_guard,9887.0,9802.0,9972.0,,16
20260302,51980000,11:26:20.000,PAUSED,FLAT_QUOTING,fair_recovered,9889.0,9804.0,9974.0,9889.0,16
20260302,51987000,11:26:27.000,FLAT_QUOTING,PAUSED,fair_invalid_or_session_guard,9889.0,9804.0,9974.0,,18
20260302,51995000,11:26:35.000,PAUSED,FLAT_QUOTING,fair_recovered,9887.0,9802.0,9972.0,9887.25,18
20260302,52004000,11:26:44.000,FLAT_QUOTING,PAUSED,fair_invalid_or_session_guard,9887.0,9802.0,9972.0,,18
20260302,52006000,11:26:46.000,PAUSED,PAUSED,order_action_limit,9887.0,9802.0,9972.0,9887.25,20
20260302,52007000,11:26:47.000,PAUSED,PAUSED,order_action_limit,9887.0,9802.0,9972.0,9887.25,20
20260302,52008000,11:26:48.000,PAUSED,PAUSED,order_action_limit,9887.0,9802.0,9972.0,9887.25,20
20260302,52009000,11:26:49.000,PAUSED,PAUSED,order_action_limit,9887.0,9802.0,9972.0,9887.375,20
20260302,52010000,11:26:50.000,PAUSED,PAUSED,order_action_limit,9887.0,9802.0,9972.0,9887.25,20
20260302,52011000,11:26:51.000,PAUSED,FLAT_QUOTING,fair_recovered,9887.0,9802.0,9972.0,9886.75,18
20260302,52021000,11:27:01.000,FLAT_QUOTING,PAUSED,fair_invalid_or_session_guard,9887.0,9802.0,9972.0,,18
20260302,52030000,11:27:10.000,PAUSED,FLAT_QUOTING,fair_recovered,9886.0,9801.0,9971.0,9886.25,14
20260302,52032000,11:27:12.000,FLAT_QUOTING,PAUSED,fair_invalid_or_session_guard,9886.0,9801.0,9971.0,,16
20260302,52036000,11:27:16.000,PAUSED,FLAT_QUOTING,fair_recovered,9886.0,9801.0,9971.0,9886.0,16
20260302,52046000,11:27:26.000,FLAT_QUOTING,PAUSED,fair_invalid_or_session_guard,9886.0,9801.0,9971.0,,16
20260302,52049000,11:27:29.000,PAUSED,FLAT_QUOTING,fair_recovered,9886.0,9801.0,9971.0,9885.5,16
20260302,52060000,11:27:40.000,FLAT_QUOTING,PAUSED,fair_invalid_or_session_guard,9886.0,9801.0,9971.0,,16
20260302,52070000,11:27:50.000,PAUSED,FLAT_QUOTING,fair_recovered,9884.0,9799.0,9969.0,9883.625,16
20260302,52077000,11:27:57.000,FLAT_QUOTING,PAUSED,fair_invalid_or_session_guard,9884.0,9799.0,9969.0,,16
20260302,52081000,11:28:01.000,PAUSED,FLAT_QUOTING,fair_recovered,9882.0,9797.0,9967.0,9882.25,16
20260302,52088000,11:28:08.000,FLAT_QUOTING,PAUSED,fair_invalid_or_session_guard,9882.0,9797.0,9967.0,,18
20260302,52090000,11:28:10.000,PAUSED,FLAT_QUOTING,fair_recovered,9883.0,9798.0,9968.0,9883.0,18
20260302,52099000,11:28:19.000,FLAT_QUOTING,PAUSED,fair_invalid_or_session_guard,9883.0,9798.0,9968.0,,16
20260302,52104000,11:28:24.000,PAUSED,FLAT_QUOTING,fair_recovered,9884.0,9799.0,9969.0,9884.5,18
20260302,52109000,11:28:29.000,FLAT_QUOTING,PAUSED,fair_invalid_or_session_guard,9884.0,9799.0,9969.0,,16
20260302,52114000,11:28:34.000,PAUSED,FLAT_QUOTING,fair_recovered,9885.0,9800.0,9970.0,9885.25,18
20260302,52122000,11:28:42.000,FLAT_QUOTING,PAUSED,fair_invalid_or_session_guard,9885.0,9800.0,9970.0,,18
20260302,52128000,11:28:48.000,PAUSED,PAUSED,order_action_limit,9885.0,9800.0,9970.0,9885.25,20
20260302,52129000,11:28:49.000,PAUSED,PAUSED,order_action_limit,9885.0,9800.0,9970.0,9885.25,20
20260302,52131000,11:28:51.000,PAUSED,FLAT_QUOTING,fair_recovered,9886.0,9801.0,9971.0,9885.5,18
20260302,52137000,11:28:57.000,FLAT_QUOTING,PAUSED,fair_invalid_or_session_guard,9886.0,9801.0,9971.0,,18
20260302,52157000,11:29:17.000,PAUSED,FLAT_QUOTING,fair_recovered,9886.0,9801.0,9971.0,9885.75,14
20260302,52162000,11:29:22.000,FLAT_QUOTING,PAUSED,fair_invalid_or_session_guard,9886.0,9801.0,9971.0,,14
20260302,52166000,11:29:26.000,PAUSED,FLAT_QUOTING,fair_recovered,9887.0,9802.0,9972.0,9886.75,14
20260302,52170000,11:29:30.000,FLAT_QUOTING,PAUSED,fair_invalid_or_session_guard,9887.0,9802.0,9972.0,,14
20260302,52172000,11:29:32.000,PAUSED,FLAT_QUOTING,fair_recovered,9886.0,9801.0,9971.0,9886.25,16
20260302,52175000,11:29:35.000,FLAT_QUOTING,PAUSED,fair_invalid_or_session_guard,9886.0,9801.0,9971.0,,16
20260302,52190000,11:29:50.000,PAUSED,FLAT_QUOTING,fair_recovered,9888.0,9803.0,9973.0,9888.25,16
20260302,59400000,13:30:00.000,FLAT_QUOTING,PAUSED,data_gap,9888.0,9803.0,9973.0,,0
20260302,59473000,13:31:13.000,PAUSED,FLAT_QUOTING,fair_recovered,9891.0,9806.0,9976.0,9891.25,0
20260302,59483000,13:31:23.000,FLAT_QUOTING,PAUSED,fair_invalid_or_session_guard,9891.0,9806.0,9976.0,,2
20260302,59493000,13:31:33.000,PAUSED,FLAT_QUOTING,fair_recovered,9890.0,9805.0,9975.0,9889.625,4
20260302,59527000,13:32:07.000,FLAT_QUOTING,PAUSED,fair_invalid_or_session_guard,9890.0,9805.0,9975.0,,6
20260302,59537000,13:32:17.000,PAUSED,FLAT_QUOTING,fair_recovered,9891.0,9806.0,9976.0,9890.75,6
20260302,59559000,13:32:39.000,FLAT_QUOTING,PAUSED,fair_invalid_or_session_guard,9891.0,9806.0,9976.0,,4
20260302,59561000,13:32:41.000,PAUSED,FLAT_QUOTING,fair_recovered,9888.0,9803.0,9973.0,9888.25,6
20260302,59565000,13:32:45.000,FLAT_QUOTING,PAUSED,fair_invalid_or_session_guard,9888.0,9803.0,9973.0,,8
20260302,59569000,13:32:49.000,PAUSED,FLAT_QUOTING,fair_recovered,9888.0,9803.0,9973.0,9888.5,10
20260302,59576000,13:32:56.000,FLAT_QUOTING,PAUSED,fair_invalid_or_session_guard,9888.0,9803.0,9973.0,,12
20260302,59580000,13:33:00.000,PAUSED,FLAT_QUOTING,fair_recovered,9890.0,9805.0,9975.0,9889.75,14
20260302,59597000,13:33:17.000,FLAT_QUOTING,PAUSED,fair_invalid_or_session_guard,9890.0,9805.0,9975.0,,12
20260302,59607000,13:33:27.000,PAUSED,FLAT_QUOTING,fair_recovered,9893.0,9808.0,9978.0,9892.75,14
20260302,59628000,13:33:48.000,FLAT_QUOTING,PAUSED,fair_invalid_or_session_guard,9893.0,9808.0,9978.0,,10
20260302,59640000,13:34:00.000,PAUSED,FLAT_QUOTING,fair_recovered,9892.0,9807.0,9977.0,9891.75,6
20260302,59644000,13:34:04.000,FLAT_QUOTING,PAUSED,fair_invalid_or_session_guard,9892.0,9807.0,9977.0,,8
20260302,59646000,13:34:06.000,PAUSED,FLAT_QUOTING,fair_recovered,9892.0,9807.0,9977.0,9892.0,10
20260302,59657000,13:34:17.000,FLAT_QUOTING,PAUSED,fair_invalid_or_session_guard,9892.0,9807.0,9977.0,,10
20260302,59664000,13:34:24.000,PAUSED,FLAT_QUOTING,fair_recovered,9893.0,9808.0,9978.0,9893.25,12
20260302,59670000,13:34:30.000,FLAT_QUOTING,PAUSED,fair_invalid_or_session_guard,9893.0,9808.0,9978.0,,12
20260302,59675000,13:34:35.000,PAUSED,FLAT_QUOTING,fair_recovered,9894.0,9809.0,9979.0,9894.0,14
20260302,59682000,13:34:42.000,FLAT_QUOTING,PAUSED,fair_invalid_or_session_guard,9894.0,9809.0,9979.0,,16
20260302,59685000,13:34:45.000,PAUSED,FLAT_QUOTING,fair_recovered,9896.0,9811.0,9981.0,9896.0,18
20260302,59689000,13:34:49.000,FLAT_QUOTING,PAUSED,fair_invalid_or_session_guard,9896.0,9811.0,9981.0,,18
20260302,59710000,13:35:10.000,PAUSED,FLAT_QUOTING,fair_recovered,9893.0,9808.0,9978.0,9893.25,14
20260302,59714000,13:35:14.000,FLAT_QUOTING,PAUSED,fair_invalid_or_session_guard,9893.0,9808.0,9978.0,,16
20260302,59717000,13:35:17.000,PAUSED,FLAT_QUOTING,fair_recovered,9894.0,9809.0,9979.0,9894.0,16
20260302,59721000,13:35:21.000,FLAT_QUOTING,PAUSED,fair_invalid_or_session_guard,9894.0,9809.0,9979.0,,18
20260302,59733000,13:35:33.000,PAUSED,FLAT_QUOTING,fair_recovered,9892.0,9807.0,9977.0,9892.5,16
20260302,59738000,13:35:38.000,FLAT_QUOTING,PAUSED,fair_invalid_or_session_guard,9892.0,9807.0,9977.0,,16
20260302,59748000,13:35:48.000,PAUSED,FLAT_QUOTING,fair_recovered,9892.0,9807.0,9977.0,9892.0,14
20260302,59753000,13:35:53.000,FLAT_QUOTING,PAUSED,fair_invalid_or_session_guard,9892.0,9807.0,9977.0,,14
20260302,59763000,13:36:03.000,PAUSED,FLAT_QUOTING,fair_recovered,9892.0,9807.0,9977.0,9891.75,16
20260302,59767000,13:36:07.000,FLAT_QUOTING,PAUSED,fair_invalid_or_session_guard,9892.0,9807.0,9977.0,,18
20260302,59771000,13:36:11.000,PAUSED,FLAT_QUOTING,fair_recovered,9894.0,9809.0,9979.0,9894.0,18
20260302,59775000,13:36:15.000,FLAT_QUOTING,PAUSED,fair_invalid_or_session_guard,9894.0,9809.0,9979.0,,18
20260302,59814000,13:36:54.000,PAUSED,FLAT_QUOTING,fair_recovered,9895.0,9810.0,9980.0,9895.0,8
20260302,59818000,13:36:58.000,FLAT_QUOTING,PAUSED,fair_invalid_or_session_guard,9895.0,9810.0,9980.0,,10
20260302,59827000,13:37:07.000,PAUSED,FLAT_QUOTING,fair_recovered,9896.0,9811.0,9981.0,9895.75,8
20260302,59830000,13:37:10.000,FLAT_QUOTING,PAUSED,fair_invalid_or_session_guard,9896.0,9811.0,9981.0,,10
20260302,59840000,13:37:20.000,PAUSED,FLAT_QUOTING,fair_recovered,9898.0,9813.0,9983.0,9898.0,8
20260302,59846000,13:37:26.000,FLAT_QUOTING,PAUSED,fair_invalid_or_session_guard,9898.0,9813.0,9983.0,,10
20260302,59852000,13:37:32.000,PAUSED,FLAT_QUOTING,fair_recovered,9898.0,9813.0,9983.0,9897.5,12
20260302,59862000,13:37:42.000,FLAT_QUOTING,PAUSED,fair_invalid_or_session_guard,9898.0,9813.0,9983.0,,14
20260302,59876000,13:37:56.000,PAUSED,FLAT_QUOTING,fair_recovered,9894.0,9809.0,9979.0,9893.5,14
20260302,59880000,13:38:00.000,FLAT_QUOTING,PAUSED,fair_invalid_or_session_guard,9894.0,9809.0,9979.0,,14
20260302,59882000,13:38:02.000,PAUSED,FLAT_QUOTING,fair_recovered,9893.0,9808.0,9978.0,9893.0,16
20260302,59887000,13:38:07.000,FLAT_QUOTING,PAUSED,fair_invalid_or_session_guard,9893.0,9808.0,9978.0,,16
20260302,59897000,13:38:17.000,PAUSED,FLAT_QUOTING,fair_recovered,9891.0,9806.0,9976.0,9890.75,16
20260302,59903000,13:38:23.000,FLAT_QUOTING,PAUSED,fair_invalid_or_session_guard,9891.0,9806.0,9976.0,,16
20260302,59909000,13:38:29.000,PAUSED,FLAT_QUOTING,fair_recovered,9890.0,9805.0,9975.0,9890.5,16
20260302,59921000,13:38:41.000,FLAT_QUOTING,PAUSED,fair_invalid_or_session_guard,9890.0,9805.0,9975.0,,16
20260302,59925000,13:38:45.000,PAUSED,FLAT_QUOTING,fair_recovered,9890.0,9805.0,9975.0,9889.75,16
20260302,59956000,13:39:16.000,FLAT_QUOTING,PAUSED,fair_invalid_or_session_guard,9890.0,9805.0,9975.0,,10
20260302,59959000,13:39:19.000,PAUSED,FLAT_QUOTING,fair_recovered,9886.0,9801.0,9971.0,9886.5,10
20260302,59969000,13:39:29.000,FLAT_QUOTING,PAUSED,fair_invalid_or_session_guard,9886.0,9801.0,9971.0,,8
20260302,59971000,13:39:31.000,PAUSED,FLAT_QUOTING,fair_recovered,9886.0,9801.0,9971.0,9886.5,10
20260302,59979000,13:39:39.000,FLAT_QUOTING,PAUSED,fair_invalid_or_session_guard,9886.0,9801.0,9971.0,,12
20260302,59983000,13:39:43.000,PAUSED,FLAT_QUOTING,fair_recovered,9886.0,9801.0,9971.0,9886.5,12
20260302,59994000,13:39:54.000,FLAT_QUOTING,PAUSED,fair_invalid_or_session_guard,9886.0,9801.0,9971.0,,12
20260302,60000000,13:40:00.000,PAUSED,FLAT_QUOTING,fair_recovered,9885.0,9800.0,9970.0,9885.25,14
20260302,60004000,13:40:04.000,FLAT_QUOTING,PAUSED,fair_invalid_or_session_guard,9885.0,9800.0,9970.0,,16
20260302,60010000,13:40:10.000,PAUSED,FLAT_QUOTING,fair_recovered,9886.0,9801.0,9971.0,9886.25,18
20260302,60016000,13:40:16.000,FLAT_QUOTING,PAUSED,fair_invalid_or_session_guard,9886.0,9801.0,9971.0,,18
20260302,60019000,13:40:19.000,PAUSED,FLAT_QUOTING,fair_recovered,9886.0,9801.0,9971.0,9886.0,18
20260302,60025000,13:40:25.000,FLAT_QUOTING,PAUSED,fair_invalid_or_session_guard,9886.0,9801.0,9971.0,,20
20260302,60031000,13:40:31.000,PAUSED,FLAT_QUOTING,fair_recovered,9886.0,9801.0,9971.0,9886.25,18
20260302,60035000,13:40:35.000,FLAT_QUOTING,PAUSED,fair_invalid_or_session_guard,9886.0,9801.0,9971.0,,20
20260302,60043000,13:40:43.000,PAUSED,FLAT_QUOTING,fair_recovered,9885.0,9800.0,9970.0,9884.625,18
20260302,60046000,13:40:46.000,FLAT_QUOTING,PAUSED,fair_invalid_or_session_guard,9885.0,9800.0,9970.0,,20
20260302,60053000,13:40:53.000,PAUSED,PAUSED,order_action_limit,9885.0,9800.0,9970.0,9883.5,22
20260302,60055000,13:40:55.000,PAUSED,PAUSED,order_action_limit,9885.0,9800.0,9970.0,9883.5,20
20260302,60056000,13:40:56.000,PAUSED,PAUSED,order_action_limit,9885.0,9800.0,9970.0,9883.25,20
20260302,60058000,13:40:58.000,PAUSED,PAUSED,order_action_limit,9885.0,9800.0,9970.0,9882.75,20
20260302,60059000,13:40:59.000,PAUSED,PAUSED,order_action_limit,9885.0,9800.0,9970.0,9883.0,20
20260302,60064000,13:41:04.000,PAUSED,FLAT_QUOTING,fair_recovered,9882.0,9797.0,9967.0,9882.25,16
20260302,60069000,13:41:09.000,FLAT_QUOTING,PAUSED,fair_invalid_or_session_guard,9882.0,9797.0,9967.0,,18
20260302,60075000,13:41:15.000,PAUSED,FLAT_QUOTING,fair_recovered,9883.0,9798.0,9968.0,9882.75,18
20260302,60080000,13:41:20.000,FLAT_QUOTING,PAUSED,fair_invalid_or_session_guard,9883.0,9798.0,9968.0,,16
20260302,60092000,13:41:32.000,PAUSED,FLAT_QUOTING,fair_recovered,9886.0,9801.0,9971.0,9885.75,14
20260302,60099000,13:41:39.000,FLAT_QUOTING,PAUSED,fair_invalid_or_session_guard,9886.0,9801.0,9971.0,,14
20260302,60109000,13:41:49.000,PAUSED,FLAT_QUOTING,fair_recovered,9887.0,9802.0,9972.0,9886.75,12
20260302,60113000,13:41:53.000,FLAT_QUOTING,PAUSED,fair_invalid_or_session_guard,9887.0,9802.0,9972.0,,14
20260302,60132000,13:42:12.000,PAUSED,FLAT_QUOTING,fair_recovered,9887.0,9802.0,9972.0,9886.75,12
20260302,60136000,13:42:16.000,FLAT_QUOTING,PAUSED,fair_invalid_or_session_guard,9887.0,9802.0,9972.0,,12
20260302,60156000,13:42:36.000,PAUSED,FLAT_QUOTING,fair_recovered,9888.0,9803.0,9973.0,9888.0,10
20260302,60162000,13:42:42.000,FLAT_QUOTING,PAUSED,fair_invalid_or_session_guard,9888.0,9803.0,9973.0,,10
20260302,60168000,13:42:48.000,PAUSED,FLAT_QUOTING,fair_recovered,9886.0,9801.0,9971.0,9886.5,12
20260302,60174000,13:42:54.000,FLAT_QUOTING,PAUSED,fair_invalid_or_session_guard,9886.0,9801.0,9971.0,,10
20260302,60180000,13:43:00.000,PAUSED,FLAT_QUOTING,fair_recovered,9888.0,9803.0,9973.0,9887.5,12
20260302,60188000,13:43:08.000,FLAT_QUOTING,PAUSED,fair_invalid_or_session_guard,9888.0,9803.0,9973.0,,14
20260302,60190000,13:43:10.000,PAUSED,FLAT_QUOTING,fair_recovered,9890.0,9805.0,9975.0,9889.5,16
20260302,60207000,13:43:27.000,FLAT_QUOTING,PAUSED,fair_invalid_or_session_guard,9890.0,9805.0,9975.0,,14
20260302,60213000,13:43:33.000,PAUSED,FLAT_QUOTING,fair_recovered,9889.0,9804.0,9974.0,9889.25,16
20260302,60224000,13:43:44.000,FLAT_QUOTING,PAUSED,data_gap,9889.0,9804.0,9974.0,9888.75,14
20260302,60226000,13:43:46.000,PAUSED,FLAT_QUOTING,fair_recovered,9889.0,9804.0,9974.0,9888.75,16
20260302,60233000,13:43:53.000,FLAT_QUOTING,PAUSED,fair_invalid_or_session_guard,9889.0,9804.0,9974.0,,16
20260302,60236000,13:43:56.000,PAUSED,FLAT_QUOTING,fair_recovered,9891.0,9806.0,9976.0,9891.375,16
20260302,60238000,13:43:58.000,FLAT_QUOTING,PAUSED,fair_invalid_or_session_guard,9891.0,9806.0,9976.0,,18
20260302,60244000,13:44:04.000,PAUSED,FLAT_QUOTING,fair_recovered,9896.0,9811.0,9981.0,9896.5,18
20260302,60248000,13:44:08.000,FLAT_QUOTING,PAUSED,data_gap,9896.0,9811.0,9981.0,9901.0,18
20260302,60304000,13:45:04.000,PAUSED,FLAT_QUOTING,fair_recovered,9904.0,9819.0,9989.0,9904.0,2
20260302,60308000,13:45:08.000,FLAT_QUOTING,PAUSED,fair_invalid_or_session_guard,9904.0,9819.0,9989.0,,2
20260302,60327000,13:45:27.000,PAUSED,FLAT_QUOTING,fair_recovered,9902.0,9817.0,9987.0,9902.25,4
20260302,60336000,13:45:36.000,FLAT_QUOTING,PAUSED,fair_invalid_or_session_guard,9902.0,9817.0,9987.0,,6
20260302,60353000,13:45:53.000,PAUSED,FLAT_QUOTING,fair_recovered,9902.0,9817.0,9987.0,9902.5,8
20260302,60357000,13:45:57.000,FLAT_QUOTING,PAUSED,fair_invalid_or_session_guard,9902.0,9817.0,9987.0,,10
20260302,60370000,13:46:10.000,PAUSED,FLAT_QUOTING,fair_recovered,9901.0,9816.0,9986.0,9901.25,8
20260302,60374000,13:46:14.000,FLAT_QUOTING,PAUSED,fair_invalid_or_session_guard,9901.0,9816.0,9986.0,,10
20260302,60377000,13:46:17.000,PAUSED,FLAT_QUOTING,fair_recovered,9901.0,9816.0,9986.0,9901.0,12
20260302,60380000,13:46:20.000,FLAT_QUOTING,PAUSED,fair_invalid_or_session_guard,9901.0,9816.0,9986.0,,14
20260302,60395000,13:46:35.000,PAUSED,FLAT_QUOTING,fair_recovered,9896.0,9811.0,9981.0,9895.5,14
20260302,60400000,13:46:40.000,FLAT_QUOTING,PAUSED,fair_invalid_or_session_guard,9896.0,9811.0,9981.0,,14
20260302,60403000,13:46:43.000,PAUSED,FLAT_QUOTING,fair_recovered,9895.0,9810.0,9980.0,9895.25,16
20260302,60410000,13:46:50.000,FLAT_QUOTING,PAUSED,fair_invalid_or_session_guard,9895.0,9810.0,9980.0,,18
20260302,60416000,13:46:56.000,PAUSED,FLAT_QUOTING,fair_recovered,9890.0,9805.0,9975.0,9890.5,18
20260302,60420000,13:47:00.000,FLAT_QUOTING,PAUSED,fair_invalid_or_session_guard,9890.0,9805.0,9975.0,,18
20260302,60422000,13:47:02.000,PAUSED,PAUSED,order_action_limit,9890.0,9805.0,9975.0,9890.5,20
20260302,60423000,13:47:03.000,PAUSED,PAUSED,order_action_limit,9890.0,9805.0,9975.0,9890.5,20
20260302,60424000,13:47:04.000,PAUSED,PAUSED,order_action_limit,9890.0,9805.0,9975.0,9890.625,20
20260302,60425000,13:47:05.000,PAUSED,PAUSED,order_action_limit,9890.0,9805.0,9975.0,9891.25,20
20260302,60426000,13:47:06.000,PAUSED,PAUSED,order_action_limit,9890.0,9805.0,9975.0,9891.25,20
20260302,60428000,13:47:08.000,PAUSED,PAUSED,order_action_limit,9890.0,9805.0,9975.0,9891.0,20
20260302,60456000,13:47:36.000,PAUSED,FLAT_QUOTING,fair_recovered,9887.0,9802.0,9972.0,9887.375,10
20260302,60459000,13:47:39.000,FLAT_QUOTING,PAUSED,fair_invalid_or_session_guard,9887.0,9802.0,9972.0,,12
20260302,60482000,13:48:02.000,PAUSED,FLAT_QUOTING,fair_recovered,9886.0,9801.0,9971.0,9886.25,4
20260302,60491000,13:48:11.000,FLAT_QUOTING,PAUSED,fair_invalid_or_session_guard,9886.0,9801.0,9971.0,,6
20260302,60499000,13:48:19.000,PAUSED,FLAT_QUOTING,fair_recovered,9885.0,9800.0,9970.0,9885.0,8
20260302,60503000,13:48:23.000,FLAT_QUOTING,PAUSED,fair_invalid_or_session_guard,9885.0,9800.0,9970.0,,10
20260302,60505000,13:48:25.000,PAUSED,FLAT_QUOTING,fair_recovered,9885.0,9800.0,9970.0,9884.75,12
20260302,60509000,13:48:29.000,FLAT_QUOTING,PAUSED,fair_invalid_or_session_guard,9885.0,9800.0,9970.0,,14
20260302,60513000,13:48:33.000,PAUSED,FLAT_QUOTING,fair_recovered,9884.0,9799.0,9969.0,9883.75,16
20260302,60517000,13:48:37.000,FLAT_QUOTING,PAUSED,fair_invalid_or_session_guard,9884.0,9799.0,9969.0,,16
20260302,60519000,13:48:39.000,PAUSED,FLAT_QUOTING,fair_recovered,9883.0,9798.0,9968.0,9883.25,16
20260302,60547000,13:49:07.000,FLAT_QUOTING,PAUSED,fair_invalid_or_session_guard,9883.0,9798.0,9968.0,,16
20260302,60550000,13:49:10.000,PAUSED,FLAT_QUOTING,fair_recovered,9882.0,9797.0,9967.0,9881.75,18
20260302,60569000,13:49:29.000,FLAT_QUOTING,PAUSED,fair_invalid_or_session_guard,9882.0,9797.0,9967.0,,10
20260302,60571000,13:49:31.000,PAUSED,FLAT_QUOTING,fair_recovered,9883.0,9798.0,9968.0,9883.0,12
20260302,60597000,13:49:57.000,FLAT_QUOTING,PAUSED,fair_invalid_or_session_guard,9883.0,9798.0,9968.0,,8
20260302,60608000,13:50:08.000,PAUSED,FLAT_QUOTING,fair_recovered,9884.0,9799.0,9969.0,9884.25,8
20260302,60616000,13:50:16.000,FLAT_QUOTING,PAUSED,fair_invalid_or_session_guard,9884.0,9799.0,9969.0,,8
20260302,60625000,13:50:25.000,PAUSED,FLAT_QUOTING,fair_recovered,9884.0,9799.0,9969.0,9884.25,10
20260302,60636000,13:50:36.000,FLAT_QUOTING,PAUSED,fair_invalid_or_session_guard,9884.0,9799.0,9969.0,,8
20260302,60648000,13:50:48.000,PAUSED,FLAT_QUOTING,fair_recovered,9886.0,9801.0,9971.0,9886.0,10
20260302,60665000,13:51:05.000,FLAT_QUOTING,PAUSED,fair_invalid_or_session_guard,9886.0,9801.0,9971.0,,10
20260302,60669000,13:51:09.000,PAUSED,FLAT_QUOTING,fair_recovered,9885.0,9800.0,9970.0,9884.625,10
20260302,60679000,13:51:19.000,FLAT_QUOTING,PAUSED,fair_invalid_or_session_guard,9885.0,9800.0,9970.0,,10
20260302,60696000,13:51:36.000,PAUSED,FLAT_QUOTING,fair_recovered,9884.0,9799.0,9969.0,9884.5,8
20260302,60702000,13:51:42.000,FLAT_QUOTING,PAUSED,fair_invalid_or_session_guard,9884.0,9799.0,9969.0,,10
20260302,60704000,13:51:44.000,PAUSED,FLAT_QUOTING,fair_recovered,9886.0,9801.0,9971.0,9885.5,12
20260302,60715000,13:51:55.000,FLAT_QUOTING,PAUSED,fair_invalid_or_session_guard,9886.0,9801.0,9971.0,,12
20260302,60720000,13:52:00.000,PAUSED,FLAT_QUOTING,fair_recovered,9884.0,9799.0,9969.0,9884.0,14
20260302,60728000,13:52:08.000,FLAT_QUOTING,PAUSED,data_gap,9884.0,9799.0,9969.0,9884.0,14
20260302,60730000,13:52:10.000,PAUSED,FLAT_QUOTING,fair_recovered,9884.0,9799.0,9969.0,9884.5,14
20260302,60742000,13:52:22.000,FLAT_QUOTING,PAUSED,fair_invalid_or_session_guard,9884.0,9799.0,9969.0,,14
20260302,60747000,13:52:27.000,PAUSED,FLAT_QUOTING,fair_recovered,9884.0,9799.0,9969.0,9884.125,16
20260302,60752000,13:52:32.000,FLAT_QUOTING,PAUSED,fair_invalid_or_session_guard,9884.0,9799.0,9969.0,,18
20260302,60789000,13:53:09.000,PAUSED,FLAT_QUOTING,fair_recovered,9884.0,9799.0,9969.0,9884.0,8
20260302,60793000,13:53:13.000,FLAT_QUOTING,PAUSED,fair_invalid_or_session_guard,9884.0,9799.0,9969.0,,8
20260302,60799000,13:53:19.000,PAUSED,FLAT_QUOTING,fair_recovered,9884.0,9799.0,9969.0,9883.75,10
20260302,60801000,13:53:21.000,FLAT_QUOTING,PAUSED,fair_invalid_or_session_guard,9884.0,9799.0,9969.0,,12
20260302,60809000,13:53:29.000,PAUSED,FLAT_QUOTING,fair_recovered,9884.0,9799.0,9969.0,9883.625,10
20260302,60813000,13:53:33.000,FLAT_QUOTING,PAUSED,fair_invalid_or_session_guard,9884.0,9799.0,9969.0,,10
20260302,60819000,13:53:39.000,PAUSED,FLAT_QUOTING,fair_recovered,9883.0,9798.0,9968.0,9883.25,12
20260302,60827000,13:53:47.000,FLAT_QUOTING,PAUSED,fair_invalid_or_session_guard,9883.0,9798.0,9968.0,,14
20260302,60829000,13:53:49.000,PAUSED,FLAT_QUOTING,fair_recovered,9882.0,9797.0,9967.0,9882.5,16
20260302,60833000,13:53:53.000,FLAT_QUOTING,PAUSED,fair_invalid_or_session_guard,9882.0,9797.0,9967.0,,18
20260302,60844000,13:54:04.000,PAUSED,PAUSED,order_action_limit,9882.0,9797.0,9967.0,9883.375,20
20260302,60845000,13:54:05.000,PAUSED,PAUSED,order_action_limit,9882.0,9797.0,9967.0,9883.125,20
20260302,60846000,13:54:06.000,PAUSED,PAUSED,order_action_limit,9882.0,9797.0,9967.0,9883.25,20
20260302,60847000,13:54:07.000,PAUSED,PAUSED,order_action_limit,9882.0,9797.0,9967.0,9883.25,20
20260302,60855000,13:54:15.000,PAUSED,FLAT_QUOTING,fair_recovered,9884.0,9799.0,9969.0,9883.5,16
20260302,60857000,13:54:17.000,FLAT_QUOTING,PAUSED,fair_invalid_or_session_guard,9884.0,9799.0,9969.0,,18
20260302,60860000,13:54:20.000,PAUSED,FLAT_QUOTING,fair_recovered,9885.0,9800.0,9970.0,9885.0,18
20260302,60876000,13:54:36.000,FLAT_QUOTING,PAUSED,fair_invalid_or_session_guard,9885.0,9800.0,9970.0,,14
20260302,60882000,13:54:42.000,PAUSED,FLAT_QUOTING,fair_recovered,9878.0,9793.0,9963.0,9877.75,14
20260302,60906000,13:55:06.000,FLAT_QUOTING,PAUSED,fair_invalid_or_session_guard,9878.0,9793.0,9963.0,,10
20260302,60909000,13:55:09.000,PAUSED,FLAT_QUOTING,fair_recovered,9874.0,9789.0,9959.0,9873.75,12
20260302,60924000,13:55:24.000,FLAT_QUOTING,PAUSED,fair_invalid_or_session_guard,9874.0,9789.0,9959.0,,8
20260302,60931000,13:55:31.000,PAUSED,FLAT_QUOTING,fair_recovered,9877.0,9792.0,9962.0,9876.75,10
20260302,60935000,13:55:35.000,FLAT_QUOTING,PAUSED,fair_invalid_or_session_guard,9877.0,9792.0,9962.0,,12
20260302,60942000,13:55:42.000,PAUSED,FLAT_QUOTING,fair_recovered,9876.0,9791.0,9961.0,9876.5,10
20260302,60946000,13:55:46.000,FLAT_QUOTING,PAUSED,fair_invalid_or_session_guard,9876.0,9791.0,9961.0,,12
20260302,60953000,13:55:53.000,PAUSED,FLAT_QUOTING,fair_recovered,9877.0,9792.0,9962.0,9877.0,14
20260302,60960000,13:56:00.000,FLAT_QUOTING,PAUSED,fair_invalid_or_session_guard,9877.0,9792.0,9962.0,,16
20260302,60962000,13:56:02.000,PAUSED,FLAT_QUOTING,fair_recovered,9876.0,9791.0,9961.0,9876.5,18
20260302,60980000,13:56:20.000,FLAT_QUOTING,PAUSED,fair_invalid_or_session_guard,9876.0,9791.0,9961.0,9876.25,16
20260302,60982000,13:56:22.000,PAUSED,FLAT_QUOTING,fair_recovered,9876.0,9791.0,9961.0,9875.5,18
20260302,60984000,13:56:24.000,FLAT_QUOTING,PAUSED,fair_invalid_or_session_guard,9876.0,9791.0,9961.0,9874.75,18
20260302,61109000,13:58:29.000,PAUSED,FLAT_QUOTING,fair_recovered,9880.0,9795.0,9965.0,9879.5,0
20260302,61115000,13:58:35.000,FLAT_QUOTING,PAUSED,fair_invalid_or_session_guard,9880.0,9795.0,9965.0,,2
20260302,61122000,13:58:42.000,PAUSED,FLAT_QUOTING,fair_recovered,9879.0,9794.0,9964.0,9879.25,4
20260302,61136000,13:58:56.000,FLAT_QUOTING,PAUSED,fair_invalid_or_session_guard,9879.0,9794.0,9964.0,,6
20260302,61140000,13:59:00.000,PAUSED,FLAT_QUOTING,fair_recovered,9880.0,9795.0,9965.0,9880.25,8
20260302,61157000,13:59:17.000,FLAT_QUOTING,PAUSED,data_gap,9880.0,9795.0,9965.0,9880.75,10
20260302,61165000,13:59:25.000,PAUSED,FLAT_QUOTING,fair_recovered,9880.0,9795.0,9965.0,9880.0,12
20260302,61175000,13:59:35.000,FLAT_QUOTING,PAUSED,fair_invalid_or_session_guard,9880.0,9795.0,9965.0,,10
20260302,61179000,13:59:39.000,PAUSED,FLAT_QUOTING,fair_recovered,9876.0,9791.0,9961.0,9876.25,12
20260302,61182000,13:59:42.000,FLAT_QUOTING,PAUSED,fair_invalid_or_session_guard,9876.0,9791.0,9961.0,,12
20260302,61191000,13:59:51.000,PAUSED,FLAT_QUOTING,fair_recovered,9876.0,9791.0,9961.0,9876.0,14
20260302,61202000,14:00:02.000,FLAT_QUOTING,PAUSED,fair_invalid_or_session_guard,9876.0,9791.0,9961.0,,12
20260302,61207000,14:00:07.000,PAUSED,FLAT_QUOTING,fair_recovered,9875.0,9790.0,9960.0,9874.75,14
20260302,61225000,14:00:25.000,FLAT_QUOTING,PAUSED,fair_invalid_or_session_guard,9875.0,9790.0,9960.0,,12
20260302,61231000,14:00:31.000,PAUSED,FLAT_QUOTING,fair_recovered,9878.0,9793.0,9963.0,9878.5,14
20260302,61238000,14:00:38.000,FLAT_QUOTING,PAUSED,fair_invalid_or_session_guard,9878.0,9793.0,9963.0,,14
20260302,61244000,14:00:44.000,PAUSED,FLAT_QUOTING,fair_recovered,9878.0,9793.0,9963.0,9877.5,12
20260302,61247000,14:00:47.000,FLAT_QUOTING,PAUSED,fair_invalid_or_session_guard,9878.0,9793.0,9963.0,,14
20260302,61251000,14:00:51.000,PAUSED,FLAT_QUOTING,fair_recovered,9878.0,9793.0,9963.0,9877.75,14
20260302,61269000,14:01:09.000,FLAT_QUOTING,PAUSED,fair_invalid_or_session_guard,9878.0,9793.0,9963.0,,12
20260302,61277000,14:01:17.000,PAUSED,FLAT_QUOTING,fair_recovered,9876.0,9791.0,9961.0,9876.25,14
20260302,61293000,14:01:33.000,FLAT_QUOTING,PAUSED,fair_invalid_or_session_guard,9876.0,9791.0,9961.0,,12
20260302,61309000,14:01:49.000,PAUSED,FLAT_QUOTING,fair_recovered,9878.0,9793.0,9963.0,9878.25,8
20260302,61316000,14:01:56.000,FLAT_QUOTING,PAUSED,fair_invalid_or_session_guard,9878.0,9793.0,9963.0,,8
20260302,61321000,14:02:01.000,PAUSED,FLAT_QUOTING,fair_recovered,9878.0,9793.0,9963.0,9877.75,10
20260302,61325000,14:02:05.000,FLAT_QUOTING,PAUSED,fair_invalid_or_session_guard,9878.0,9793.0,9963.0,,12
20260302,61328000,14:02:08.000,PAUSED,FLAT_QUOTING,fair_recovered,9877.0,9792.0,9962.0,9876.75,14
20260302,61334000,14:02:14.000,FLAT_QUOTING,PAUSED,fair_invalid_or_session_guard,9877.0,9792.0,9962.0,,14
20260302,61343000,14:02:23.000,PAUSED,FLAT_QUOTING,fair_recovered,9876.0,9791.0,9961.0,9876.25,14
20260302,61347000,14:02:27.000,FLAT_QUOTING,PAUSED,fair_invalid_or_session_guard,9876.0,9791.0,9961.0,,16
20260302,61392000,14:03:12.000,PAUSED,FLAT_QUOTING,fair_recovered,9876.0,9791.0,9961.0,9876.0,6
20260302,61395000,14:03:15.000,FLAT_QUOTING,PAUSED,fair_invalid_or_session_guard,9876.0,9791.0,9961.0,,6
20260302,61433000,14:03:53.000,PAUSED,FLAT_QUOTING,fair_recovered,9877.0,9792.0,9962.0,9877.25,4
20260302,61440000,14:04:00.000,FLAT_QUOTING,PAUSED,data_gap,9877.0,9792.0,9962.0,9878.25,6
20260302,61442000,14:04:02.000,PAUSED,FLAT_QUOTING,fair_recovered,9878.0,9793.0,9963.0,9877.625,8
20260302,61446000,14:04:06.000,FLAT_QUOTING,PAUSED,fair_invalid_or_session_guard,9878.0,9793.0,9963.0,,10
20260302,61448000,14:04:08.000,PAUSED,FLAT_QUOTING,fair_recovered,9877.0,9792.0,9962.0,9876.75,12
20260302,61451000,14:04:11.000,FLAT_QUOTING,PAUSED,fair_invalid_or_session_guard,9877.0,9792.0,9962.0,,14
20260302,61474000,14:04:34.000,PAUSED,FLAT_QUOTING,fair_recovered,9877.0,9792.0,9962.0,9877.25,12
20260302,61480000,14:04:40.000,FLAT_QUOTING,PAUSED,fair_invalid_or_session_guard,9877.0,9792.0,9962.0,,14
20260302,61502000,14:05:02.000,PAUSED,FLAT_QUOTING,fair_recovered,9880.0,9795.0,9965.0,9879.5,10
20260302,61516000,14:05:16.000,FLAT_QUOTING,PAUSED,fair_invalid_or_session_guard,9880.0,9795.0,9965.0,,6
20260302,61527000,14:05:27.000,PAUSED,FLAT_QUOTING,fair_recovered,9879.0,9794.0,9964.0,9879.25,8
20260302,61530000,14:05:30.000,FLAT_QUOTING,PAUSED,fair_invalid_or_session_guard,9879.0,9794.0,9964.0,,10
20260302,61536000,14:05:36.000,PAUSED,FLAT_QUOTING,fair_recovered,9880.0,9795.0,9965.0,9880.0,10
20260302,61540000,14:05:40.000,FLAT_QUOTING,PAUSED,fair_invalid_or_session_guard,9880.0,9795.0,9965.0,,10
20260302,61588000,14:06:28.000,PAUSED,FLAT_QUOTING,fair_recovered,9882.0,9797.0,9967.0,9881.75,6
20260302,61590000,14:06:30.000,FLAT_QUOTING,PAUSED,fair_invalid_or_session_guard,9882.0,9797.0,9967.0,,6
20260302,61612000,14:06:52.000,PAUSED,FLAT_QUOTING,fair_recovered,9881.0,9796.0,9966.0,9881.25,4
20260302,61614000,14:06:54.000,FLAT_QUOTING,PAUSED,fair_invalid_or_session_guard,9881.0,9796.0,9966.0,,6
20260302,61621000,14:07:01.000,PAUSED,FLAT_QUOTING,fair_recovered,9881.0,9796.0,9966.0,9880.75,8
20260302,61640000,14:07:20.000,FLAT_QUOTING,PAUSED,fair_invalid_or_session_guard,9881.0,9796.0,9966.0,,10
20260302,61643000,14:07:23.000,PAUSED,FLAT_QUOTING,fair_recovered,9878.0,9793.0,9963.0,9877.5,12
20260302,61651000,14:07:31.000,FLAT_QUOTING,PAUSED,fair_invalid_or_session_guard,9878.0,9793.0,9963.0,,10
20260302,61653000,14:07:33.000,PAUSED,FLAT_QUOTING,fair_recovered,9876.0,9791.0,9961.0,9876.25,12
20260302,61689000,14:08:09.000,FLAT_QUOTING,PAUSED,fair_invalid_or_session_guard,9876.0,9791.0,9961.0,,8
20260302,61693000,14:08:13.000,PAUSED,FLAT_QUOTING,fair_recovered,9875.0,9790.0,9960.0,9875.25,10
20260302,61697000,14:08:17.000,FLAT_QUOTING,PAUSED,fair_invalid_or_session_guard,9875.0,9790.0,9960.0,,12
20260302,61703000,14:08:23.000,PAUSED,FLAT_QUOTING,fair_recovered,9876.0,9791.0,9961.0,9875.5,10
20260302,61713000,14:08:33.000,FLAT_QUOTING,PAUSED,fair_invalid_or_session_guard,9876.0,9791.0,9961.0,,8
20260302,61720000,14:08:40.000,PAUSED,FLAT_QUOTING,fair_recovered,9876.0,9791.0,9961.0,9876.0,10
20260302,61725000,14:08:45.000,FLAT_QUOTING,PAUSED,fair_invalid_or_session_guard,9876.0,9791.0,9961.0,,12
20260302,61730000,14:08:50.000,PAUSED,FLAT_QUOTING,fair_recovered,9876.0,9791.0,9961.0,9876.5,14
20260302,61736000,14:08:56.000,FLAT_QUOTING,PAUSED,fair_invalid_or_session_guard,9876.0,9791.0,9961.0,,16
20260302,61754000,14:09:14.000,PAUSED,FLAT_QUOTING,fair_recovered,9877.0,9792.0,9962.0,9876.75,14
20260302,61758000,14:09:18.000,FLAT_QUOTING,PAUSED,fair_invalid_or_session_guard,9877.0,9792.0,9962.0,,14
20260302,61782000,14:09:42.000,PAUSED,FLAT_QUOTING,fair_recovered,9876.0,9791.0,9961.0,9875.75,10
20260302,61790000,14:09:50.000,FLAT_QUOTING,PAUSED,fair_invalid_or_session_guard,9876.0,9791.0,9961.0,,8
20260302,61800000,14:10:00.000,PAUSED,FLAT_QUOTING,fair_recovered,9876.0,9791.0,9961.0,9875.875,8
20260302,61812000,14:10:12.000,FLAT_QUOTING,PAUSED,fair_invalid_or_session_guard,9876.0,9791.0,9961.0,,10
20260302,61814000,14:10:14.000,PAUSED,FLAT_QUOTING,fair_recovered,9874.0,9789.0,9959.0,9873.75,10
20260302,61820000,14:10:20.000,FLAT_QUOTING,PAUSED,fair_invalid_or_session_guard,9874.0,9789.0,9959.0,,10
20260302,61830000,14:10:30.000,PAUSED,FLAT_QUOTING,fair_recovered,9874.0,9789.0,9959.0,9874.375,12
20260302,61839000,14:10:39.000,FLAT_QUOTING,PAUSED,fair_invalid_or_session_guard,9874.0,9789.0,9959.0,,14
20260302,61842000,14:10:42.000,PAUSED,FLAT_QUOTING,fair_recovered,9875.0,9790.0,9960.0,9875.0,14
20260302,61853000,14:10:53.000,FLAT_QUOTING,PAUSED,fair_invalid_or_session_guard,9875.0,9790.0,9960.0,,14
20260302,61869000,14:11:09.000,PAUSED,FLAT_QUOTING,fair_recovered,9876.0,9791.0,9961.0,9875.75,14
20260302,61881000,14:11:21.000,FLAT_QUOTING,PAUSED,fair_invalid_or_session_guard,9876.0,9791.0,9961.0,,10
20260302,61888000,14:11:28.000,PAUSED,FLAT_QUOTING,fair_recovered,9878.0,9793.0,9963.0,9878.5,12
20260302,61893000,14:11:33.000,FLAT_QUOTING,PAUSED,fair_invalid_or_session_guard,9878.0,9793.0,9963.0,,12
20260302,61898000,14:11:38.000,PAUSED,FLAT_QUOTING,fair_recovered,9879.0,9794.0,9964.0,9879.0,14
20260302,61907000,14:11:47.000,FLAT_QUOTING,PAUSED,data_gap,9879.0,9794.0,9964.0,,12
20260302,61912000,14:11:52.000,PAUSED,FLAT_QUOTING,fair_recovered,9878.0,9793.0,9963.0,9878.5,14
20260302,61918000,14:11:58.000,FLAT_QUOTING,PAUSED,data_gap,9878.0,9793.0,9963.0,,14
20260302,61932000,14:12:12.000,PAUSED,FLAT_QUOTING,fair_recovered,9878.0,9793.0,9963.0,9878.375,14
20260302,61937000,14:12:17.000,FLAT_QUOTING,PAUSED,fair_invalid_or_session_guard,9878.0,9793.0,9963.0,,16
20260302,61940000,14:12:20.000,PAUSED,FLAT_QUOTING,fair_recovered,9879.0,9794.0,9964.0,9878.625,18
20260302,61944000,14:12:24.000,FLAT_QUOTING,PAUSED,fair_invalid_or_session_guard,9879.0,9794.0,9964.0,,18
20260302,61970000,14:12:50.000,PAUSED,FLAT_QUOTING,fair_recovered,9879.0,9794.0,9964.0,9879.0,12
20260302,61975000,14:12:55.000,FLAT_QUOTING,PAUSED,fair_invalid_or_session_guard,9879.0,9794.0,9964.0,,12
20260302,61983000,14:13:03.000,PAUSED,FLAT_QUOTING,fair_recovered,9883.0,9798.0,9968.0,9883.0,12
20260302,62013000,14:13:33.000,FLAT_QUOTING,PAUSED,fair_invalid_or_session_guard,9883.0,9798.0,9968.0,,6
20260302,62065000,14:14:25.000,PAUSED,FLAT_QUOTING,fair_recovered,9890.0,9805.0,9975.0,9890.0,2
20260302,62068000,14:14:28.000,FLAT_QUOTING,PAUSED,fair_invalid_or_session_guard,9890.0,9805.0,9975.0,,4
20260302,62074000,14:14:34.000,PAUSED,FLAT_QUOTING,fair_recovered,9890.0,9805.0,9975.0,9890.25,4
20260302,62080000,14:14:40.000,FLAT_QUOTING,PAUSED,fair_invalid_or_session_guard,9890.0,9805.0,9975.0,,6
20260302,62228000,14:17:08.000,PAUSED,FLAT_QUOTING,fair_recovered,9890.0,9805.0,9975.0,9890.25,0
20260302,62247000,14:17:27.000,FLAT_QUOTING,PAUSED,fair_invalid_or_session_guard,9890.0,9805.0,9975.0,,2
20260302,62250000,14:17:30.000,PAUSED,FLAT_QUOTING,fair_recovered,9886.0,9801.0,9971.0,9886.25,4
20260302,62255000,14:17:35.000,FLAT_QUOTING,PAUSED,fair_invalid_or_session_guard,9886.0,9801.0,9971.0,,6
20260302,62262000,14:17:42.000,PAUSED,FLAT_QUOTING,fair_recovered,9886.0,9801.0,9971.0,9885.5,8
20260302,62279000,14:17:59.000,FLAT_QUOTING,PAUSED,fair_invalid_or_session_guard,9886.0,9801.0,9971.0,,10
20260302,62282000,14:18:02.000,PAUSED,FLAT_QUOTING,fair_recovered,9886.0,9801.0,9971.0,9885.5,12
20260302,62286000,14:18:06.000,FLAT_QUOTING,PAUSED,fair_invalid_or_session_guard,9886.0,9801.0,9971.0,,14
20260302,62324000,14:18:44.000,PAUSED,FLAT_QUOTING,fair_recovered,9875.0,9790.0,9960.0,9875.25,6
20260302,62328000,14:18:48.000,FLAT_QUOTING,PAUSED,fair_invalid_or_session_guard,9875.0,9790.0,9960.0,,8
20260302,62332000,14:18:52.000,PAUSED,FLAT_QUOTING,fair_recovered,9875.0,9790.0,9960.0,9875.0,10
20260302,62336000,14:18:56.000,FLAT_QUOTING,PAUSED,fair_invalid_or_session_guard,9875.0,9790.0,9960.0,,12
20260302,62370000,14:19:30.000,PAUSED,FLAT_QUOTING,fair_recovered,9876.0,9791.0,9961.0,9876.5,8
20260302,62375000,14:19:35.000,FLAT_QUOTING,PAUSED,fair_invalid_or_session_guard,9876.0,9791.0,9961.0,,10
20260302,62378000,14:19:38.000,PAUSED,FLAT_QUOTING,fair_recovered,9874.0,9789.0,9959.0,9874.5,12
20260302,62392000,14:19:52.000,FLAT_QUOTING,PAUSED,fair_invalid_or_session_guard,9874.0,9789.0,9959.0,,8
20260302,62404000,14:20:04.000,PAUSED,FLAT_QUOTING,fair_recovered,9877.0,9792.0,9962.0,9876.75,8
20260302,62409000,14:20:09.000,FLAT_QUOTING,PAUSED,fair_invalid_or_session_guard,9877.0,9792.0,9962.0,,10
20260302,62422000,14:20:22.000,PAUSED,FLAT_QUOTING,fair_recovered,9877.0,9792.0,9962.0,9876.625,12
20260302,62427000,14:20:27.000,FLAT_QUOTING,PAUSED,data_gap,9877.0,9792.0,9962.0,,14
20260302,62447000,14:20:47.000,PAUSED,FLAT_QUOTING,fair_recovered,9875.0,9790.0,9960.0,9875.125,10
20260302,62458000,14:20:58.000,FLAT_QUOTING,PAUSED,fair_invalid_or_session_guard,9875.0,9790.0,9960.0,,10
20260302,62465000,14:21:05.000,PAUSED,FLAT_QUOTING,fair_recovered,9874.0,9789.0,9959.0,9873.5,10
20260302,62469000,14:21:09.000,FLAT_QUOTING,PAUSED,fair_invalid_or_session_guard,9874.0,9789.0,9959.0,,10
20260302,62493000,14:21:33.000,PAUSED,FLAT_QUOTING,fair_recovered,9874.0,9789.0,9959.0,9874.0,8
20260302,62508000,14:21:48.000,FLAT_QUOTING,PAUSED,fair_invalid_or_session_guard,9874.0,9789.0,9959.0,,8
20260302,62535000,14:22:15.000,PAUSED,FLAT_QUOTING,fair_recovered,9877.0,9792.0,9962.0,9876.75,4
20260302,62539000,14:22:19.000,FLAT_QUOTING,PAUSED,fair_invalid_or_session_guard,9877.0,9792.0,9962.0,,6
20260302,62547000,14:22:27.000,PAUSED,FLAT_QUOTING,fair_recovered,9880.0,9795.0,9965.0,9880.25,8
20260302,62554000,14:22:34.000,FLAT_QUOTING,PAUSED,fair_invalid_or_session_guard,9880.0,9795.0,9965.0,,8
20260302,62574000,14:22:54.000,PAUSED,FLAT_QUOTING,fair_recovered,9884.0,9799.0,9969.0,9884.25,8
20260302,62576000,14:22:56.000,FLAT_QUOTING,PAUSED,fair_invalid_or_session_guard,9884.0,9799.0,9969.0,,10
20260302,62601000,14:23:21.000,PAUSED,FLAT_QUOTING,fair_recovered,9884.0,9799.0,9969.0,9884.5,8
20260302,62607000,14:23:27.000,FLAT_QUOTING,PAUSED,fair_invalid_or_session_guard,9884.0,9799.0,9969.0,,8
20260302,62687000,14:24:47.000,PAUSED,FLAT_QUOTING,fair_recovered,9883.0,9798.0,9968.0,9883.25,0
20260302,62691000,14:24:51.000,FLAT_QUOTING,PAUSED,fair_invalid_or_session_guard,9883.0,9798.0,9968.0,,2
20260302,62694000,14:24:54.000,PAUSED,FLAT_QUOTING,fair_recovered,9884.0,9799.0,9969.0,9884.5,4
20260302,62698000,14:24:58.000,FLAT_QUOTING,PAUSED,fair_invalid_or_session_guard,9884.0,9799.0,9969.0,,6
20260302,62762000,14:26:02.000,PAUSED,FLAT_QUOTING,fair_recovered,9886.0,9801.0,9971.0,9885.5,0
20260302,62764000,14:26:04.000,FLAT_QUOTING,PAUSED,fair_invalid_or_session_guard,9886.0,9801.0,9971.0,,2
20260302,62772000,14:26:12.000,PAUSED,FLAT_QUOTING,fair_recovered,9888.0,9803.0,9973.0,9888.25,4
20260302,62783000,14:26:23.000,FLAT_QUOTING,PAUSED,fair_invalid_or_session_guard,9888.0,9803.0,9973.0,,6
20260302,62787000,14:26:27.000,PAUSED,FLAT_QUOTING,fair_recovered,9887.0,9802.0,9972.0,9887.0,8
20260302,62789000,14:26:29.000,FLAT_QUOTING,PAUSED,fair_invalid_or_session_guard,9887.0,9802.0,9972.0,,10
20260302,62870000,14:27:50.000,PAUSED,FLAT_QUOTING,fair_recovered,9883.0,9798.0,9968.0,9882.75,0
20260302,62872000,14:27:52.000,FLAT_QUOTING,PAUSED,fair_invalid_or_session_guard,9883.0,9798.0,9968.0,,2
20260302,62877000,14:27:57.000,PAUSED,FLAT_QUOTING,fair_recovered,9886.0,9801.0,9971.0,9885.5,4
20260302,62880000,14:28:00.000,FLAT_QUOTING,PAUSED,fair_invalid_or_session_guard,9886.0,9801.0,9971.0,,6
20260302,62884000,14:28:04.000,PAUSED,FLAT_QUOTING,fair_recovered,9886.0,9801.0,9971.0,9885.5,8
20260302,62887000,14:28:07.000,FLAT_QUOTING,PAUSED,fair_invalid_or_session_guard,9886.0,9801.0,9971.0,,10
20260302,62898000,14:28:18.000,PAUSED,FLAT_QUOTING,fair_recovered,9887.0,9802.0,9972.0,9887.0,12
20260302,62905000,14:28:25.000,FLAT_QUOTING,PAUSED,fair_invalid_or_session_guard,9887.0,9802.0,9972.0,,14
20260302,62911000,14:28:31.000,PAUSED,FLAT_QUOTING,fair_recovered,9889.0,9804.0,9974.0,9888.75,16
20260302,62920000,14:28:40.000,FLAT_QUOTING,PAUSED,fair_invalid_or_session_guard,9889.0,9804.0,9974.0,,18
20260302,62940000,14:29:00.000,PAUSED,FLAT_QUOTING,fair_recovered,9888.0,9803.0,9973.0,9887.5,12
20260302,62945000,14:29:05.000,FLAT_QUOTING,PAUSED,fair_invalid_or_session_guard,9888.0,9803.0,9973.0,,12
20260302,62969000,14:29:29.000,PAUSED,FLAT_QUOTING,fair_recovered,9887.0,9802.0,9972.0,9887.25,8
20260302,62975000,14:29:35.000,FLAT_QUOTING,PAUSED,fair_invalid_or_session_guard,9887.0,9802.0,9972.0,,8
20260302,63022000,14:30:22.000,PAUSED,FLAT_QUOTING,fair_recovered,9887.0,9802.0,9972.0,9887.25,4
20260302,63026000,14:30:26.000,FLAT_QUOTING,PAUSED,fair_invalid_or_session_guard,9887.0,9802.0,9972.0,,6
20260302,63034000,14:30:34.000,PAUSED,FLAT_QUOTING,fair_recovered,9887.0,9802.0,9972.0,9887.25,6
20260302,63039000,14:30:39.000,FLAT_QUOTING,PAUSED,fair_invalid_or_session_guard,9887.0,9802.0,9972.0,,6
20260302,63076000,14:31:16.000,PAUSED,FLAT_QUOTING,fair_recovered,9888.0,9803.0,9973.0,9888.25,8
20260302,63081000,14:31:21.000,FLAT_QUOTING,PAUSED,fair_invalid_or_session_guard,9888.0,9803.0,9973.0,,10
20260302,63084000,14:31:24.000,PAUSED,FLAT_QUOTING,fair_recovered,9889.0,9804.0,9974.0,9888.75,10
20260302,63089000,14:31:29.000,FLAT_QUOTING,PAUSED,fair_invalid_or_session_guard,9889.0,9804.0,9974.0,,10
20260302,63093000,14:31:33.000,PAUSED,FLAT_QUOTING,fair_recovered,9887.0,9802.0,9972.0,9887.0,12
20260302,63097000,14:31:37.000,FLAT_QUOTING,PAUSED,fair_invalid_or_session_guard,9887.0,9802.0,9972.0,,12
20260302,63115000,14:31:55.000,PAUSED,FLAT_QUOTING,fair_recovered,9887.0,9802.0,9972.0,9887.25,12
20260302,63119000,14:31:59.000,FLAT_QUOTING,PAUSED,fair_invalid_or_session_guard,9887.0,9802.0,9972.0,,14
20260302,63130000,14:32:10.000,PAUSED,FLAT_QUOTING,fair_recovered,9887.0,9802.0,9972.0,9887.0,16
20260302,63135000,14:32:15.000,FLAT_QUOTING,PAUSED,fair_invalid_or_session_guard,9887.0,9802.0,9972.0,,18
20260302,63182000,14:33:02.000,PAUSED,FLAT_QUOTING,fair_recovered,9889.0,9804.0,9974.0,9888.75,4
20260302,63188000,14:33:08.000,FLAT_QUOTING,PAUSED,fair_invalid_or_session_guard,9889.0,9804.0,9974.0,,6
20260302,63209000,14:33:29.000,PAUSED,FLAT_QUOTING,fair_recovered,9888.0,9803.0,9973.0,9887.75,4
20260302,63221000,14:33:41.000,FLAT_QUOTING,PAUSED,fair_invalid_or_session_guard,9888.0,9803.0,9973.0,,6
20260302,63227000,14:33:47.000,PAUSED,FLAT_QUOTING,fair_recovered,9887.0,9802.0,9972.0,9887.25,8
20260302,63248000,14:34:08.000,FLAT_QUOTING,PAUSED,fair_invalid_or_session_guard,9887.0,9802.0,9972.0,,6
20260302,63256000,14:34:16.000,PAUSED,FLAT_QUOTING,fair_recovered,9886.0,9801.0,9971.0,9885.75,8
20260302,63312000,14:35:12.000,FLAT_QUOTING,PAUSED,fair_invalid_or_session_guard,9886.0,9801.0,9971.0,,2
20260302,63315000,14:35:15.000,PAUSED,FLAT_QUOTING,fair_recovered,9881.0,9796.0,9966.0,9881.25,4
20260302,63321000,14:35:21.000,FLAT_QUOTING,PAUSED,fair_invalid_or_session_guard,9881.0,9796.0,9966.0,,4
20260302,63328000,14:35:28.000,PAUSED,FLAT_QUOTING,fair_recovered,9880.0,9795.0,9965.0,9880.0,6
20260302,63332000,14:35:32.000,FLAT_QUOTING,PAUSED,fair_invalid_or_session_guard,9880.0,9795.0,9965.0,,8
20260302,63352000,14:35:52.000,PAUSED,FLAT_QUOTING,fair_recovered,9878.0,9793.0,9963.0,9878.25,10
20260302,63396000,14:36:36.000,FLAT_QUOTING,PAUSED,fair_invalid_or_session_guard,9878.0,9793.0,9963.0,,2
20260302,63421000,14:37:01.000,PAUSED,FLAT_QUOTING,fair_recovered,9876.0,9791.0,9961.0,9875.875,2
20260302,63429000,14:37:09.000,FLAT_QUOTING,PAUSED,fair_invalid_or_session_guard,9876.0,9791.0,9961.0,,4
20260302,63431000,14:37:11.000,PAUSED,FLAT_QUOTING,fair_recovered,9876.0,9791.0,9961.0,9876.5,6
20260302,63434000,14:37:14.000,FLAT_QUOTING,PAUSED,fair_invalid_or_session_guard,9876.0,9791.0,9961.0,,8
20260302,63442000,14:37:22.000,PAUSED,FLAT_QUOTING,fair_recovered,9876.0,9791.0,9961.0,9876.0,10
20260302,63447000,14:37:27.000,FLAT_QUOTING,PAUSED,fair_invalid_or_session_guard,9876.0,9791.0,9961.0,,12
20260302,63461000,14:37:41.000,PAUSED,FLAT_QUOTING,fair_recovered,9875.0,9790.0,9960.0,9875.0,12
20260302,63464000,14:37:44.000,FLAT_QUOTING,PAUSED,fair_invalid_or_session_guard,9875.0,9790.0,9960.0,,14
20260302,63474000,14:37:54.000,PAUSED,FLAT_QUOTING,fair_recovered,9876.0,9791.0,9961.0,9876.25,16
20260302,63479000,14:37:59.000,FLAT_QUOTING,PAUSED,fair_invalid_or_session_guard,9876.0,9791.0,9961.0,,18
20260302,63494000,14:38:14.000,PAUSED,FLAT_QUOTING,fair_recovered,9876.0,9791.0,9961.0,9876.0,12
20260302,63502000,14:38:22.000,FLAT_QUOTING,PAUSED,fair_invalid_or_session_guard,9876.0,9791.0,9961.0,,12
20260302,63602000,14:40:02.000,PAUSED,FLAT_QUOTING,fair_recovered,9876.0,9791.0,9961.0,9875.5,0
20260302,63614000,14:40:14.000,FLAT_QUOTING,PAUSED,fair_invalid_or_session_guard,9876.0,9791.0,9961.0,,2
20260302,63632000,14:40:32.000,PAUSED,FLAT_QUOTING,fair_recovered,9877.0,9792.0,9962.0,9876.75,4
20260302,63636000,14:40:36.000,FLAT_QUOTING,PAUSED,data_gap,9877.0,9792.0,9962.0,,6
20260302,63638000,14:40:38.000,PAUSED,FLAT_QUOTING,fair_recovered,9877.0,9792.0,9962.0,9876.75,8
20260302,63644000,14:40:44.000,FLAT_QUOTING,PAUSED,fair_invalid_or_session_guard,9877.0,9792.0,9962.0,,10
20260302,63647000,14:40:47.000,PAUSED,FLAT_QUOTING,fair_recovered,9878.0,9793.0,9963.0,9877.5,12
20260302,63652000,14:40:52.000,FLAT_QUOTING,PAUSED,fair_invalid_or_session_guard,9878.0,9793.0,9963.0,,14
20260302,63668000,14:41:08.000,PAUSED,FLAT_QUOTING,fair_recovered,9879.0,9794.0,9964.0,9879.25,14
20260302,63672000,14:41:12.000,FLAT_QUOTING,PAUSED,fair_invalid_or_session_guard,9879.0,9794.0,9964.0,,16
20260302,63784000,14:43:04.000,PAUSED,FLAT_QUOTING,fair_recovered,9884.0,9799.0,9969.0,9884.0,0
20260302,63789000,14:43:09.000,FLAT_QUOTING,PAUSED,fair_invalid_or_session_guard,9884.0,9799.0,9969.0,,2
20260302,63801000,14:43:21.000,PAUSED,FLAT_QUOTING,fair_recovered,9884.0,9799.0,9969.0,9883.75,4
20260302,63804000,14:43:24.000,FLAT_QUOTING,PAUSED,fair_invalid_or_session_guard,9884.0,9799.0,9969.0,,6
20260302,63806000,14:43:26.000,PAUSED,FLAT_QUOTING,fair_recovered,9885.0,9800.0,9970.0,9885.25,8
20260302,63813000,14:43:33.000,FLAT_QUOTING,PAUSED,fair_invalid_or_session_guard,9885.0,9800.0,9970.0,,10
20260302,63834000,14:43:54.000,PAUSED,FLAT_QUOTING,fair_recovered,9887.0,9802.0,9972.0,9886.75,12
20260302,63840000,14:44:00.000,FLAT_QUOTING,PAUSED,fair_invalid_or_session_guard,9887.0,9802.0,9972.0,,14
20260302,63843000,14:44:03.000,PAUSED,FLAT_QUOTING,fair_recovered,9886.0,9801.0,9971.0,9886.25,16
20260302,63847000,14:44:07.000,FLAT_QUOTING,PAUSED,fair_invalid_or_session_guard,9886.0,9801.0,9971.0,,16
20260302,63861000,14:44:21.000,PAUSED,FLAT_QUOTING,fair_recovered,9886.0,9801.0,9971.0,9886.5,14
20260302,63867000,14:44:27.000,FLAT_QUOTING,PAUSED,fair_invalid_or_session_guard,9886.0,9801.0,9971.0,,12
20260302,63879000,14:44:39.000,PAUSED,FLAT_QUOTING,fair_recovered,9886.0,9801.0,9971.0,9886.125,12
20260302,63886000,14:44:46.000,FLAT_QUOTING,PAUSED,fair_invalid_or_session_guard,9886.0,9801.0,9971.0,,14
20260302,63889000,14:44:49.000,PAUSED,FLAT_QUOTING,fair_recovered,9886.0,9801.0,9971.0,9885.75,16
20260302,63893000,14:44:53.000,FLAT_QUOTING,PAUSED,fair_invalid_or_session_guard,9886.0,9801.0,9971.0,,18
20260302,63915000,14:45:15.000,PAUSED,FLAT_QUOTING,fair_recovered,9886.0,9801.0,9971.0,9886.25,12
20260302,63923000,14:45:23.000,FLAT_QUOTING,PAUSED,fair_invalid_or_session_guard,9886.0,9801.0,9971.0,,12
20260302,64010000,14:46:50.000,PAUSED,FLAT_QUOTING,fair_recovered,9884.0,9799.0,9969.0,9884.25,0
20260302,64016000,14:46:56.000,FLAT_QUOTING,PAUSED,fair_invalid_or_session_guard,9884.0,9799.0,9969.0,,2
20260302,64018000,14:46:58.000,PAUSED,FLAT_QUOTING,fair_recovered,9884.0,9799.0,9969.0,9884.25,4
20260302,64030000,14:47:10.000,FLAT_QUOTING,PAUSED,fair_invalid_or_session_guard,9884.0,9799.0,9969.0,,6
20260302,64136000,14:48:56.000,PAUSED,FLAT_QUOTING,fair_recovered,9887.0,9802.0,9972.0,9886.75,0
20260302,64145000,14:49:05.000,FLAT_QUOTING,PAUSED,fair_invalid_or_session_guard,9887.0,9802.0,9972.0,,2
20260302,64274000,14:51:14.000,PAUSED,FLAT_QUOTING,fair_recovered,9887.0,9802.0,9972.0,9887.0,0
20260302,64277000,14:51:17.000,FLAT_QUOTING,PAUSED,fair_invalid_or_session_guard,9887.0,9802.0,9972.0,,2
20260302,64283000,14:51:23.000,PAUSED,FLAT_QUOTING,fair_recovered,9887.0,9802.0,9972.0,9887.25,4
20260302,64292000,14:51:32.000,FLAT_QUOTING,PAUSED,fair_invalid_or_session_guard,9887.0,9802.0,9972.0,,6
20260302,64296000,14:51:36.000,PAUSED,FLAT_QUOTING,fair_recovered,9886.0,9801.0,9971.0,9886.5,8
20260302,64307000,14:51:47.000,FLAT_QUOTING,PAUSED,fair_invalid_or_session_guard,9886.0,9801.0,9971.0,,10
20260302,64309000,14:51:49.000,PAUSED,FLAT_QUOTING,fair_recovered,9886.0,9801.0,9971.0,9886.0,12
20260302,64313000,14:51:53.000,FLAT_QUOTING,PAUSED,fair_invalid_or_session_guard,9886.0,9801.0,9971.0,,14
20260302,64325000,14:52:05.000,PAUSED,FLAT_QUOTING,fair_recovered,9885.0,9800.0,9970.0,9885.0,16
20260302,64340000,14:52:20.000,FLAT_QUOTING,PAUSED,fair_invalid_or_session_guard,9885.0,9800.0,9970.0,,14
20260302,64343000,14:52:23.000,PAUSED,FLAT_QUOTING,fair_recovered,9884.0,9799.0,9969.0,9884.5,14
20260302,64347000,14:52:27.000,FLAT_QUOTING,PAUSED,fair_invalid_or_session_guard,9884.0,9799.0,9969.0,,16
20260302,64374000,14:52:54.000,PAUSED,FLAT_QUOTING,fair_recovered,9885.0,9800.0,9970.0,9885.25,8
20260302,64380000,14:53:00.000,FLAT_QUOTING,PAUSED,fair_invalid_or_session_guard,9885.0,9800.0,9970.0,,10
20260302,64396000,14:53:16.000,PAUSED,FLAT_QUOTING,fair_recovered,9885.0,9800.0,9970.0,9885.25,10
20260302,64399000,14:53:19.000,FLAT_QUOTING,PAUSED,fair_invalid_or_session_guard,9885.0,9800.0,9970.0,,12
20260302,64505000,14:55:05.000,PAUSED,FLAT_QUOTING,fair_recovered,9887.0,9802.0,9972.0,9887.0,0
20260302,64510000,14:55:10.000,FLAT_QUOTING,PAUSED,fair_invalid_or_session_guard,9887.0,9802.0,9972.0,,2
20260302,64514000,14:55:14.000,PAUSED,FLAT_QUOTING,fair_recovered,9887.0,9802.0,9972.0,9887.25,4
20260302,64521000,14:55:21.000,FLAT_QUOTING,PAUSED,fair_invalid_or_session_guard,9887.0,9802.0,9972.0,,6
20260302,64536000,14:55:36.000,PAUSED,FLAT_QUOTING,fair_recovered,9888.0,9803.0,9973.0,9888.5,8
20260302,64546000,14:55:46.000,FLAT_QUOTING,PAUSED,fair_invalid_or_session_guard,9888.0,9803.0,9973.0,,10
20260302,64560000,14:56:00.000,PAUSED,FLAT_QUOTING,fair_recovered,9890.0,9805.0,9975.0,9889.5,12
20260302,64577000,14:56:17.000,FLAT_QUOTING,PAUSED,fair_invalid_or_session_guard,9890.0,9805.0,9975.0,,8
20260302,64579000,14:56:19.000,PAUSED,FLAT_QUOTING,fair_recovered,9889.0,9804.0,9974.0,9889.0,10
20260302,64593000,14:56:33.000,FLAT_QUOTING,PAUSED,fair_invalid_or_session_guard,9889.0,9804.0,9974.0,,10
20260302,64596000,14:56:36.000,PAUSED,FLAT_QUOTING,fair_recovered,9888.0,9803.0,9973.0,9888.5,10
20260302,64601000,14:56:41.000,FLAT_QUOTING,PAUSED,fair_invalid_or_session_guard,9888.0,9803.0,9973.0,,12
20260302,64623000,14:57:03.000,PAUSED,FLAT_QUOTING,fair_recovered,9893.0,9808.0,9978.0,9892.625,10
20260302,64630000,14:57:10.000,FLAT_QUOTING,PAUSED,fair_invalid_or_session_guard,9893.0,9808.0,9978.0,,12
20260302,64633000,14:57:13.000,PAUSED,FLAT_QUOTING,fair_recovered,9892.0,9807.0,9977.0,9892.5,14
20260302,64637000,14:57:17.000,FLAT_QUOTING,PAUSED,fair_invalid_or_session_guard,9892.0,9807.0,9977.0,,14
20260302,64655000,14:57:35.000,PAUSED,FLAT_QUOTING,fair_recovered,9894.0,9809.0,9979.0,9894.25,12
20260302,64666000,14:57:46.000,FLAT_QUOTING,PAUSED,fair_invalid_or_session_guard,9894.0,9809.0,9979.0,,10
20260302,64669000,14:57:49.000,PAUSED,FLAT_QUOTING,fair_recovered,9892.0,9807.0,9977.0,9892.5,12
20260302,64675000,14:57:55.000,FLAT_QUOTING,PAUSED,fair_invalid_or_session_guard,9892.0,9807.0,9977.0,,14
20260302,64677000,14:57:57.000,PAUSED,FLAT_QUOTING,fair_recovered,9893.0,9808.0,9978.0,9892.75,16
20260302,64681000,14:58:01.000,FLAT_QUOTING,PAUSED,fair_invalid_or_session_guard,9893.0,9808.0,9978.0,,18
20260302,64688000,14:58:08.000,PAUSED,FLAT_QUOTING,fair_recovered,9893.0,9808.0,9978.0,9893.0,18
20260302,64693000,14:58:13.000,FLAT_QUOTING,PAUSED,fair_invalid_or_session_guard,9893.0,9808.0,9978.0,,16
20260302,64700000,14:58:20.000,PAUSED,FLAT_QUOTING,fair_recovered,9894.0,9809.0,9979.0,9894.0,16
20260302,64727000,14:58:47.000,FLAT_QUOTING,PAUSED,fair_invalid_or_session_guard,9894.0,9809.0,9979.0,,14
20260302,64730000,14:58:50.000,PAUSED,FLAT_QUOTING,fair_recovered,9895.0,9810.0,9980.0,9894.625,14
20260302,64733000,14:58:53.000,FLAT_QUOTING,PAUSED,fair_invalid_or_session_guard,9895.0,9810.0,9980.0,,16
20260302,64741000,14:59:01.000,PAUSED,FLAT_QUOTING,fair_recovered,9893.0,9808.0,9978.0,9893.25,12
20260302,64749000,14:59:09.000,FLAT_QUOTING,PAUSED,fair_invalid_or_session_guard,9893.0,9808.0,9978.0,,12
20260302,64752000,14:59:12.000,PAUSED,FLAT_QUOTING,fair_recovered,9894.0,9809.0,9979.0,9893.75,14
20260302,64758000,14:59:18.000,FLAT_QUOTING,PAUSED,fair_invalid_or_session_guard,9894.0,9809.0,9979.0,,14
20260302,64760000,14:59:20.000,PAUSED,FLAT_QUOTING,fair_recovered,9894.0,9809.0,9979.0,9893.5,14
20260302,64771000,14:59:31.000,FLAT_QUOTING,PAUSED,fair_invalid_or_session_guard,9894.0,9809.0,9979.0,,16
